20.0000	63.0000	7.9373
20.0143	76.0000	8.7178
20.0285	72.0000	8.4853
20.0428	73.0000	8.5440
20.0570	50.0000	7.0711
20.0713	80.0000	8.9443
20.0856	54.0000	7.3485
20.0998	71.0000	8.4261
20.1141	53.0000	7.2801
20.1283	61.0000	7.8102
20.1426	55.0000	7.4162
20.1569	73.0000	8.5440
20.1711	61.0000	7.8102
20.1854	63.0000	7.9373
20.1996	64.0000	8.0000
20.2139	42.0000	6.4807
20.2282	60.0000	7.7460
20.2424	69.0000	8.3066
20.2567	58.0000	7.6158
20.2709	57.0000	7.5498
20.2852	74.0000	8.6023
20.2994	75.0000	8.6603
20.3137	60.0000	7.7460
20.3280	48.0000	6.9282
20.3422	69.0000	8.3066
20.3565	51.0000	7.1414
20.3707	55.0000	7.4162
20.3850	59.0000	7.6811
20.3993	67.0000	8.1854
20.4135	43.0000	6.5574
20.4278	63.0000	7.9373
20.4420	67.0000	8.1854
20.4563	62.0000	7.8740
20.4706	81.0000	9.0000
20.4848	66.0000	8.1240
20.4991	71.0000	8.4261
20.5133	64.0000	8.0000
20.5276	79.0000	8.8882
20.5419	63.0000	7.9373
20.5561	79.0000	8.8882
20.5704	66.0000	8.1240
20.5846	78.0000	8.8318
20.5989	66.0000	8.1240
20.6132	71.0000	8.4261
20.6274	59.0000	7.6811
20.6417	60.0000	7.7460
20.6559	48.0000	6.9282
20.6702	66.0000	8.1240
20.6845	59.0000	7.6811
20.6987	54.0000	7.3485
20.7130	72.0000	8.4853
20.7272	67.0000	8.1854
20.7415	80.0000	8.9443
20.7558	65.0000	8.0623
20.7700	62.0000	7.8740
20.7843	52.0000	7.2111
20.7985	56.0000	7.4833
20.8128	54.0000	7.3485
20.8271	79.0000	8.8882
20.8413	62.0000	7.8740
20.8556	53.0000	7.2801
20.8698	51.0000	7.1414
20.8841	54.0000	7.3485
20.8983	57.0000	7.5498
20.9126	65.0000	8.0623
20.9269	64.0000	8.0000
20.9411	52.0000	7.2111
20.9554	46.0000	6.7823
20.9696	56.0000	7.4833
20.9839	60.0000	7.7460
20.9982	60.0000	7.7460
21.0124	74.0000	8.6023
21.0267	48.0000	6.9282
21.0409	63.0000	7.9373
21.0552	50.0000	7.0711
21.0695	57.0000	7.5498
21.0837	56.0000	7.4833
21.0980	59.0000	7.6811
21.1122	57.0000	7.5498
21.1265	60.0000	7.7460
21.1408	60.0000	7.7460
21.1550	61.0000	7.8102
21.1693	64.0000	8.0000
21.1835	47.0000	6.8557
21.1978	62.0000	7.8740
21.2121	59.0000	7.6811
21.2263	65.0000	8.0623
21.2406	49.0000	7.0000
21.2548	54.0000	7.3485
21.2691	54.0000	7.3485
21.2834	70.0000	8.3666
21.2976	45.0000	6.7082
21.3119	62.0000	7.8740
21.3261	59.0000	7.6811
21.3404	65.0000	8.0623
21.3547	74.0000	8.6023
21.3689	56.0000	7.4833
21.3832	75.0000	8.6603
21.3974	65.0000	8.0623
21.4117	57.0000	7.5498
21.4260	57.0000	7.5498
21.4402	55.0000	7.4162
21.4545	58.0000	7.6158
21.4687	53.0000	7.2801
21.4830	67.0000	8.1854
21.4972	69.0000	8.3066
21.5115	79.0000	8.8882
21.5258	66.0000	8.1240
21.5400	72.0000	8.4853
21.5543	61.0000	7.8102
21.5685	59.0000	7.6811
21.5828	50.0000	7.0711
21.5971	61.0000	7.8102
21.6113	59.0000	7.6811
21.6256	53.0000	7.2801
21.6398	54.0000	7.3485
21.6541	60.0000	7.7460
21.6684	68.0000	8.2462
21.6826	59.0000	7.6811
21.6969	57.0000	7.5498
21.7111	59.0000	7.6811
21.7254	69.0000	8.3066
21.7397	63.0000	7.9373
21.7539	76.0000	8.7178
21.7682	66.0000	8.1240
21.7824	56.0000	7.4833
21.7967	63.0000	7.9373
21.8110	64.0000	8.0000
21.8252	60.0000	7.7460
21.8395	63.0000	7.9373
21.8537	66.0000	8.1240
21.8680	62.0000	7.8740
21.8823	80.0000	8.9443
21.8965	53.0000	7.2801
21.9108	69.0000	8.3066
21.9250	65.0000	8.0623
21.9393	77.0000	8.7750
21.9536	64.0000	8.0000
21.9678	59.0000	7.6811
21.9821	59.0000	7.6811
21.9963	57.0000	7.5498
22.0106	60.0000	7.7460
22.0248	56.0000	7.4833
22.0391	71.0000	8.4261
22.0534	58.0000	7.6158
22.0676	69.0000	8.3066
22.0819	56.0000	7.4833
22.0961	52.0000	7.2111
22.1104	59.0000	7.6811
22.1247	64.0000	8.0000
22.1389	59.0000	7.6811
22.1532	65.0000	8.0623
22.1674	67.0000	8.1854
22.1817	53.0000	7.2801
22.1960	56.0000	7.4833
22.2102	39.0000	6.2450
22.2245	63.0000	7.9373
22.2387	55.0000	7.4162
22.2530	78.0000	8.8318
22.2673	69.0000	8.3066
22.2815	61.0000	7.8102
22.2958	52.0000	7.2111
22.3100	69.0000	8.3066
22.3243	60.0000	7.7460
22.3386	61.0000	7.8102
22.3528	58.0000	7.6158
22.3671	60.0000	7.7460
22.3813	54.0000	7.3485
22.3956	60.0000	7.7460
22.4099	56.0000	7.4833
22.4241	57.0000	7.5498
22.4384	69.0000	8.3066
22.4526	70.0000	8.3666
22.4669	73.0000	8.5440
22.4812	55.0000	7.4162
22.4954	63.0000	7.9373
22.5097	64.0000	8.0000
22.5239	59.0000	7.6811
22.5382	61.0000	7.8102
22.5525	60.0000	7.7460
22.5667	54.0000	7.3485
22.5810	53.0000	7.2801
22.5952	49.0000	7.0000
22.6095	73.0000	8.5440
22.6237	70.0000	8.3666
22.6380	60.0000	7.7460
22.6523	52.0000	7.2111
22.6665	54.0000	7.3485
22.6808	65.0000	8.0623
22.6950	52.0000	7.2111
22.7093	47.0000	6.8557
22.7236	56.0000	7.4833
22.7378	53.0000	7.2801
22.7521	59.0000	7.6811
22.7663	51.0000	7.1414
22.7806	54.0000	7.3485
22.7949	50.0000	7.0711
22.8091	60.0000	7.7460
22.8234	56.0000	7.4833
22.8376	50.0000	7.0711
22.8519	44.0000	6.6332
22.8662	62.0000	7.8740
22.8804	74.0000	8.6023
22.8947	80.0000	8.9443
22.9089	54.0000	7.3485
22.9232	54.0000	7.3485
22.9375	68.0000	8.2462
22.9517	55.0000	7.4162
22.9660	64.0000	8.0000
22.9802	49.0000	7.0000
22.9945	57.0000	7.5498
23.0088	60.0000	7.7460
23.0230	45.0000	6.7082
23.0373	59.0000	7.6811
23.0515	45.0000	6.7082
23.0658	51.0000	7.1414
23.0801	50.0000	7.0711
23.0943	67.0000	8.1854
23.1086	63.0000	7.9373
23.1228	58.0000	7.6158
23.1371	50.0000	7.0711
23.1513	63.0000	7.9373
23.1656	52.0000	7.2111
23.1799	66.0000	8.1240
23.1941	42.0000	6.4807
23.2084	60.0000	7.7460
23.2226	59.0000	7.6811
23.2369	53.0000	7.2801
23.2512	56.0000	7.4833
23.2654	59.0000	7.6811
23.2797	67.0000	8.1854
23.2939	65.0000	8.0623
23.3082	59.0000	7.6811
23.3225	66.0000	8.1240
23.3367	59.0000	7.6811
23.3510	56.0000	7.4833
23.3652	54.0000	7.3485
23.3795	41.0000	6.4031
23.3938	51.0000	7.1414
23.4080	62.0000	7.8740
23.4223	38.0000	6.1644
23.4365	63.0000	7.9373
23.4508	69.0000	8.3066
23.4651	63.0000	7.9373
23.4793	51.0000	7.1414
23.4936	57.0000	7.5498
23.5078	54.0000	7.3485
23.5221	58.0000	7.6158
23.5364	64.0000	8.0000
23.5506	56.0000	7.4833
23.5649	66.0000	8.1240
23.5791	57.0000	7.5498
23.5934	50.0000	7.0711
23.6077	34.0000	5.8310
23.6219	56.0000	7.4833
23.6362	52.0000	7.2111
23.6504	49.0000	7.0000
23.6647	60.0000	7.7460
23.6790	66.0000	8.1240
23.6932	58.0000	7.6158
23.7075	60.0000	7.7460
23.7217	61.0000	7.8102
23.7360	50.0000	7.0711
23.7502	55.0000	7.4162
23.7645	60.0000	7.7460
23.7788	56.0000	7.4833
23.7930	46.0000	6.7823
23.8073	48.0000	6.9282
23.8215	56.0000	7.4833
23.8358	59.0000	7.6811
23.8501	67.0000	8.1854
23.8643	61.0000	7.8102
23.8786	58.0000	7.6158
23.8928	46.0000	6.7823
23.9071	64.0000	8.0000
23.9214	55.0000	7.4162
23.9356	60.0000	7.7460
23.9499	53.0000	7.2801
23.9641	55.0000	7.4162
23.9784	55.0000	7.4162
23.9927	60.0000	7.7460
24.0069	64.0000	8.0000
24.0212	45.0000	6.7082
24.0354	76.0000	8.7178
24.0497	58.0000	7.6158
24.0640	69.0000	8.3066
24.0782	70.0000	8.3666
24.0925	68.0000	8.2462
24.1067	54.0000	7.3485
24.1210	58.0000	7.6158
24.1353	55.0000	7.4162
24.1495	49.0000	7.0000
24.1638	46.0000	6.7823
24.1780	62.0000	7.8740
24.1923	55.0000	7.4162
24.2066	42.0000	6.4807
24.2208	49.0000	7.0000
24.2351	59.0000	7.6811
24.2493	40.0000	6.3246
24.2636	66.0000	8.1240
24.2779	56.0000	7.4833
24.2921	42.0000	6.4807
24.3064	65.0000	8.0623
24.3206	65.0000	8.0623
24.3349	51.0000	7.1414
24.3491	41.0000	6.4031
24.3634	55.0000	7.4162
24.3777	57.0000	7.5498
24.3919	51.0000	7.1414
24.4062	53.0000	7.2801
24.4204	56.0000	7.4833
24.4347	63.0000	7.9373
24.4490	61.0000	7.8102
24.4632	49.0000	7.0000
24.4775	57.0000	7.5498
24.4917	56.0000	7.4833
24.5060	60.0000	7.7460
24.5203	53.0000	7.2801
24.5345	65.0000	8.0623
24.5488	53.0000	7.2801
24.5630	63.0000	7.9373
24.5773	48.0000	6.9282
24.5916	51.0000	7.1414
24.6058	53.0000	7.2801
24.6201	61.0000	7.8102
24.6343	57.0000	7.5498
24.6486	53.0000	7.2801
24.6629	67.0000	8.1854
24.6771	54.0000	7.3485
24.6914	62.0000	7.8740
24.7056	59.0000	7.6811
24.7199	55.0000	7.4162
24.7342	47.0000	6.8557
24.7484	76.0000	8.7178
24.7627	66.0000	8.1240
24.7769	41.0000	6.4031
24.7912	49.0000	7.0000
24.8055	52.0000	7.2111
24.8197	58.0000	7.6158
24.8340	67.0000	8.1854
24.8482	54.0000	7.3485
24.8625	61.0000	7.8102
24.8767	71.0000	8.4261
24.8910	59.0000	7.6811
24.9053	62.0000	7.8740
24.9195	54.0000	7.3485
24.9338	58.0000	7.6158
24.9480	64.0000	8.0000
24.9623	58.0000	7.6158
24.9766	73.0000	8.5440
24.9908	52.0000	7.2111
25.0051	68.0000	8.2462
25.0193	55.0000	7.4162
25.0336	57.0000	7.5498
25.0479	57.0000	7.5498
25.0621	55.0000	7.4162
25.0764	72.0000	8.4853
25.0906	66.0000	8.1240
25.1049	55.0000	7.4162
25.1192	71.0000	8.4261
25.1334	77.0000	8.7750
25.1477	70.0000	8.3666
25.1619	83.0000	9.1104
25.1762	79.0000	8.8882
25.1905	54.0000	7.3485
25.2047	75.0000	8.6603
25.2190	65.0000	8.0623
25.2332	85.0000	9.2195
25.2475	91.0000	9.5394
25.2618	87.0000	9.3274
25.2760	75.0000	8.6603
25.2903	80.0000	8.9443
25.3045	81.0000	9.0000
25.3188	55.0000	7.4162
25.3331	86.0000	9.2736
25.3473	74.0000	8.6023
25.3616	67.0000	8.1854
25.3758	52.0000	7.2111
25.3901	69.0000	8.3066
25.4044	65.0000	8.0623
25.4186	67.0000	8.1854
25.4329	62.0000	7.8740
25.4471	73.0000	8.5440
25.4614	65.0000	8.0623
25.4756	45.0000	6.7082
25.4899	62.0000	7.8740
25.5042	48.0000	6.9282
25.5184	47.0000	6.8557
25.5327	39.0000	6.2450
25.5469	49.0000	7.0000
25.5612	59.0000	7.6811
25.5755	58.0000	7.6158
25.5897	63.0000	7.9373
25.6040	65.0000	8.0623
25.6182	50.0000	7.0711
25.6325	59.0000	7.6811
25.6468	69.0000	8.3066
25.6610	47.0000	6.8557
25.6753	48.0000	6.9282
25.6895	48.0000	6.9282
25.7038	53.0000	7.2801
25.7181	60.0000	7.7460
25.7323	52.0000	7.2111
25.7466	62.0000	7.8740
25.7608	57.0000	7.5498
25.7751	42.0000	6.4807
25.7894	49.0000	7.0000
25.8036	48.0000	6.9282
25.8179	50.0000	7.0711
25.8321	55.0000	7.4162
25.8464	49.0000	7.0000
25.8607	65.0000	8.0623
25.8749	53.0000	7.2801
25.8892	46.0000	6.7823
25.9034	44.0000	6.6332
25.9177	51.0000	7.1414
25.9320	58.0000	7.6158
25.9462	43.0000	6.5574
25.9605	45.0000	6.7082
25.9747	41.0000	6.4031
25.9890	58.0000	7.6158
26.0032	47.0000	6.8557
26.0175	52.0000	7.2111
26.0318	36.0000	6.0000
26.0460	54.0000	7.3485
26.0603	61.0000	7.8102
26.0745	59.0000	7.6811
26.0888	54.0000	7.3485
26.1031	50.0000	7.0711
26.1173	54.0000	7.3485
26.1316	49.0000	7.0000
26.1458	55.0000	7.4162
26.1601	56.0000	7.4833
26.1744	51.0000	7.1414
26.1886	47.0000	6.8557
26.2029	54.0000	7.3485
26.2171	58.0000	7.6158
26.2314	46.0000	6.7823
26.2457	79.0000	8.8882
26.2599	61.0000	7.8102
26.2742	79.0000	8.8882
26.2884	64.0000	8.0000
26.3027	48.0000	6.9282
26.3170	70.0000	8.3666
26.3312	64.0000	8.0000
26.3455	64.0000	8.0000
26.3597	55.0000	7.4162
26.3740	75.0000	8.6603
26.3883	63.0000	7.9373
26.4025	56.0000	7.4833
26.4168	76.0000	8.7178
26.4310	53.0000	7.2801
26.4453	53.0000	7.2801
26.4596	48.0000	6.9282
26.4738	80.0000	8.9443
26.4881	61.0000	7.8102
26.5023	78.0000	8.8318
26.5166	62.0000	7.8740
26.5309	66.0000	8.1240
26.5451	62.0000	7.8740
26.5594	52.0000	7.2111
26.5736	74.0000	8.6023
26.5879	64.0000	8.0000
26.6021	67.0000	8.1854
26.6164	68.0000	8.2462
26.6307	75.0000	8.6603
26.6449	45.0000	6.7082
26.6592	68.0000	8.2462
26.6734	58.0000	7.6158
26.6877	73.0000	8.5440
26.7020	70.0000	8.3666
26.7162	56.0000	7.4833
26.7305	63.0000	7.9373
26.7447	77.0000	8.7750
26.7590	62.0000	7.8740
26.7733	63.0000	7.9373
26.7875	59.0000	7.6811
26.8018	81.0000	9.0000
26.8160	64.0000	8.0000
26.8303	54.0000	7.3485
26.8446	82.0000	9.0554
26.8588	67.0000	8.1854
26.8731	60.0000	7.7460
26.8873	79.0000	8.8882
26.9016	69.0000	8.3066
26.9159	72.0000	8.4853
26.9301	55.0000	7.4162
26.9444	74.0000	8.6023
26.9586	83.0000	9.1104
26.9729	77.0000	8.7750
26.9872	90.0000	9.4868
27.0014	93.0000	9.6437
27.0157	94.0000	9.6954
27.0299	89.0000	9.4340
27.0442	93.0000	9.6437
27.0585	129.0000	11.3578
27.0727	114.0000	10.6771
27.0870	127.0000	11.2694
27.1012	101.0000	10.0499
27.1155	146.0000	12.0830
27.1298	157.0000	12.5300
27.1440	194.0000	13.9284
27.1583	190.0000	13.7840
27.1725	215.0000	14.6629
27.1868	268.0000	16.3707
27.2010	353.0000	18.7883
27.2153	447.0000	21.1424
27.2296	515.0000	22.6936
27.2438	632.0000	25.1396
27.2581	777.0000	27.8747
27.2723	890.0000	29.8329
27.2866	1033.0000	32.1403
27.3009	1075.0000	32.7872
27.3151	1130.0000	33.6155
27.3294	1055.0000	32.4808
27.3436	974.0000	31.2090
27.3579	949.0000	30.8058
27.3722	872.0000	29.5296
27.3864	737.0000	27.1477
27.4007	639.0000	25.2784
27.4149	496.0000	22.2711
27.4292	448.0000	21.1660
27.4435	368.0000	19.1833
27.4577	295.0000	17.1756
27.4720	260.0000	16.1245
27.4862	226.0000	15.0333
27.5005	185.0000	13.6015
27.5148	171.0000	13.0767
27.5290	153.0000	12.3693
27.5433	160.0000	12.6491
27.5575	126.0000	11.2250
27.5718	122.0000	11.0454
27.5861	106.0000	10.2956
27.6003	106.0000	10.2956
27.6146	99.0000	9.9499
27.6288	96.0000	9.7980
27.6431	78.0000	8.8318
27.6574	81.0000	9.0000
27.6716	93.0000	9.6437
27.6859	79.0000	8.8882
27.7001	67.0000	8.1854
27.7144	79.0000	8.8882
27.7286	73.0000	8.5440
27.7429	83.0000	9.1104
27.7572	65.0000	8.0623
27.7714	65.0000	8.0623
27.7857	86.0000	9.2736
27.7999	67.0000	8.1854
27.8142	62.0000	7.8740
27.8285	73.0000	8.5440
27.8427	57.0000	7.5498
27.8570	52.0000	7.2111
27.8712	61.0000	7.8102
27.8855	52.0000	7.2111
27.8998	65.0000	8.0623
27.9140	53.0000	7.2801
27.9283	69.0000	8.3066
27.9425	80.0000	8.9443
27.9568	49.0000	7.0000
27.9711	58.0000	7.6158
27.9853	58.0000	7.6158
27.9996	72.0000	8.4853
28.0138	68.0000	8.2462
28.0281	69.0000	8.3066
28.0424	68.0000	8.2462
28.0566	56.0000	7.4833
28.0709	62.0000	7.8740
28.0851	70.0000	8.3666
28.0994	62.0000	7.8740
28.1137	58.0000	7.6158
28.1279	49.0000	7.0000
28.1422	58.0000	7.6158
28.1564	52.0000	7.2111
28.1707	59.0000	7.6811
28.1850	49.0000	7.0000
28.1992	54.0000	7.3485
28.2135	58.0000	7.6158
28.2277	39.0000	6.2450
28.2420	54.0000	7.3485
28.2563	49.0000	7.0000
28.2705	76.0000	8.7178
28.2848	45.0000	6.7082
28.2990	55.0000	7.4162
28.3133	56.0000	7.4833
28.3275	57.0000	7.5498
28.3418	67.0000	8.1854
28.3561	57.0000	7.5498
28.3703	58.0000	7.6158
28.3846	64.0000	8.0000
28.3988	82.0000	9.0554
28.4131	69.0000	8.3066
28.4274	41.0000	6.4031
28.4416	53.0000	7.2801
28.4559	51.0000	7.1414
28.4701	43.0000	6.5574
28.4844	52.0000	7.2111
28.4987	51.0000	7.1414
28.5129	59.0000	7.6811
28.5272	56.0000	7.4833
28.5414	52.0000	7.2111
28.5557	56.0000	7.4833
28.5700	59.0000	7.6811
28.5842	48.0000	6.9282
28.5985	55.0000	7.4162
28.6127	69.0000	8.3066
28.6270	62.0000	7.8740
28.6413	41.0000	6.4031
28.6555	51.0000	7.1414
28.6698	51.0000	7.1414
28.6840	48.0000	6.9282
28.6983	50.0000	7.0711
28.7126	52.0000	7.2111
28.7268	52.0000	7.2111
28.7411	48.0000	6.9282
28.7553	41.0000	6.4031
28.7696	53.0000	7.2801
28.7839	56.0000	7.4833
28.7981	41.0000	6.4031
28.8124	59.0000	7.6811
28.8266	48.0000	6.9282
28.8409	50.0000	7.0711
28.8551	51.0000	7.1414
28.8694	45.0000	6.7082
28.8837	47.0000	6.8557
28.8979	45.0000	6.7082
28.9122	58.0000	7.6158
28.9264	43.0000	6.5574
28.9407	54.0000	7.3485
28.9550	48.0000	6.9282
28.9692	58.0000	7.6158
28.9835	40.0000	6.3246
28.9977	44.0000	6.6332
29.0120	47.0000	6.8557
29.0263	48.0000	6.9282
29.0405	50.0000	7.0711
29.0548	44.0000	6.6332
29.0690	47.0000	6.8557
29.0833	55.0000	7.4162
29.0976	51.0000	7.1414
29.1118	43.0000	6.5574
29.1261	56.0000	7.4833
29.1403	54.0000	7.3485
29.1546	67.0000	8.1854
29.1689	55.0000	7.4162
29.1831	42.0000	6.4807
29.1974	47.0000	6.8557
29.2116	35.0000	5.9161
29.2259	40.0000	6.3246
29.2402	54.0000	7.3485
29.2544	54.0000	7.3485
29.2687	53.0000	7.2801
29.2829	41.0000	6.4031
29.2972	54.0000	7.3485
29.3115	34.0000	5.8310
29.3257	48.0000	6.9282
29.3400	55.0000	7.4162
29.3542	45.0000	6.7082
29.3685	50.0000	7.0711
29.3828	50.0000	7.0711
29.3970	49.0000	7.0000
29.4113	51.0000	7.1414
29.4255	45.0000	6.7082
29.4398	43.0000	6.5574
29.4540	69.0000	8.3066
29.4683	58.0000	7.6158
29.4826	57.0000	7.5498
29.4968	39.0000	6.2450
29.5111	40.0000	6.3246
29.5253	46.0000	6.7823
29.5396	59.0000	7.6811
29.5539	50.0000	7.0711
29.5681	54.0000	7.3485
29.5824	42.0000	6.4807
29.5966	51.0000	7.1414
29.6109	46.0000	6.7823
29.6252	52.0000	7.2111
29.6394	52.0000	7.2111
29.6537	34.0000	5.8310
29.6679	46.0000	6.7823
29.6822	45.0000	6.7082
29.6965	34.0000	5.8310
29.7107	52.0000	7.2111
29.7250	53.0000	7.2801
29.7392	47.0000	6.8557
29.7535	48.0000	6.9282
29.7678	60.0000	7.7460
29.7820	44.0000	6.6332
29.7963	50.0000	7.0711
29.8105	48.0000	6.9282
29.8248	47.0000	6.8557
29.8391	44.0000	6.6332
29.8533	46.0000	6.7823
29.8676	47.0000	6.8557
29.8818	46.0000	6.7823
29.8961	53.0000	7.2801
29.9104	40.0000	6.3246
29.9246	53.0000	7.2801
29.9389	38.0000	6.1644
29.9531	46.0000	6.7823
29.9674	44.0000	6.6332
29.9817	45.0000	6.7082
29.9959	48.0000	6.9282
30.0102	41.0000	6.4031
30.0244	49.0000	7.0000
30.0387	45.0000	6.7082
30.0529	62.0000	7.8740
30.0672	46.0000	6.7823
30.0815	44.0000	6.6332
30.0957	42.0000	6.4807
30.1100	46.0000	6.7823
30.1242	47.0000	6.8557
30.1385	45.0000	6.7082
30.1528	46.0000	6.7823
30.1670	51.0000	7.1414
30.1813	35.0000	5.9161
30.1955	47.0000	6.8557
30.2098	56.0000	7.4833
30.2241	39.0000	6.2450
30.2383	39.0000	6.2450
30.2526	42.0000	6.4807
30.2668	59.0000	7.6811
30.2811	47.0000	6.8557
30.2954	44.0000	6.6332
30.3096	46.0000	6.7823
30.3239	44.0000	6.6332
30.3381	51.0000	7.1414
30.3524	39.0000	6.2450
30.3667	44.0000	6.6332
30.3809	31.0000	5.5678
30.3952	56.0000	7.4833
30.4094	49.0000	7.0000
30.4237	43.0000	6.5574
30.4380	55.0000	7.4162
30.4522	48.0000	6.9282
30.4665	49.0000	7.0000
30.4807	40.0000	6.3246
30.4950	48.0000	6.9282
30.5093	34.0000	5.8310
30.5235	51.0000	7.1414
30.5378	42.0000	6.4807
30.5520	43.0000	6.5574
30.5663	54.0000	7.3485
30.5805	48.0000	6.9282
30.5948	42.0000	6.4807
30.6091	36.0000	6.0000
30.6233	58.0000	7.6158
30.6376	50.0000	7.0711
30.6518	40.0000	6.3246
30.6661	38.0000	6.1644
30.6804	41.0000	6.4031
30.6946	61.0000	7.8102
30.7089	36.0000	6.0000
30.7231	39.0000	6.2450
30.7374	61.0000	7.8102
30.7517	33.0000	5.7446
30.7659	51.0000	7.1414
30.7802	48.0000	6.9282
30.7944	52.0000	7.2111
30.8087	40.0000	6.3246
30.8230	45.0000	6.7082
30.8372	45.0000	6.7082
30.8515	41.0000	6.4031
30.8657	46.0000	6.7823
30.8800	42.0000	6.4807
30.8943	49.0000	7.0000
30.9085	36.0000	6.0000
30.9228	55.0000	7.4162
30.9370	40.0000	6.3246
30.9513	51.0000	7.1414
30.9656	48.0000	6.9282
30.9798	50.0000	7.0711
30.9941	46.0000	6.7823
31.0083	36.0000	6.0000
31.0226	31.0000	5.5678
31.0369	43.0000	6.5574
31.0511	36.0000	6.0000
31.0654	55.0000	7.4162
31.0796	39.0000	6.2450
31.0939	43.0000	6.5574
31.1082	31.0000	5.5678
31.1224	42.0000	6.4807
31.1367	43.0000	6.5574
31.1509	38.0000	6.1644
31.1652	42.0000	6.4807
31.1794	38.0000	6.1644
31.1937	44.0000	6.6332
31.2080	54.0000	7.3485
31.2222	49.0000	7.0000
31.2365	41.0000	6.4031
31.2507	42.0000	6.4807
31.2650	56.0000	7.4833
31.2793	35.0000	5.9161
31.2935	40.0000	6.3246
31.3078	42.0000	6.4807
31.3220	33.0000	5.7446
31.3363	41.0000	6.4031
31.3506	44.0000	6.6332
31.3648	43.0000	6.5574
31.3791	45.0000	6.7082
31.3933	45.0000	6.7082
31.4076	37.0000	6.0828
31.4219	38.0000	6.1644
31.4361	41.0000	6.4031
31.4504	32.0000	5.6569
31.4646	57.0000	7.5498
31.4789	54.0000	7.3485
31.4932	40.0000	6.3246
31.5074	36.0000	6.0000
31.5217	33.0000	5.7446
31.5359	44.0000	6.6332
31.5502	39.0000	6.2450
31.5645	36.0000	6.0000
31.5787	43.0000	6.5574
31.5930	34.0000	5.8310
31.6072	47.0000	6.8557
31.6215	33.0000	5.7446
31.6358	48.0000	6.9282
31.6500	40.0000	6.3246
31.6643	36.0000	6.0000
31.6785	39.0000	6.2450
31.6928	42.0000	6.4807
31.7070	40.0000	6.3246
31.7213	44.0000	6.6332
31.7356	38.0000	6.1644
31.7498	47.0000	6.8557
31.7641	41.0000	6.4031
31.7783	52.0000	7.2111
31.7926	38.0000	6.1644
31.8069	42.0000	6.4807
31.8211	46.0000	6.7823
31.8354	49.0000	7.0000
31.8496	35.0000	5.9161
31.8639	47.0000	6.8557
31.8782	41.0000	6.4031
31.8924	45.0000	6.7082
31.9067	42.0000	6.4807
31.9209	44.0000	6.6332
31.9352	47.0000	6.8557
31.9495	40.0000	6.3246
31.9637	41.0000	6.4031
31.9780	43.0000	6.5574
31.9922	36.0000	6.0000
32.0065	37.0000	6.0828
32.0208	38.0000	6.1644
32.0350	50.0000	7.0711
32.0493	46.0000	6.7823
32.0635	35.0000	5.9161
32.0778	48.0000	6.9282
32.0921	41.0000	6.4031
32.1063	50.0000	7.0711
32.1206	27.0000	5.1962
32.1348	41.0000	6.4031
32.1491	47.0000	6.8557
32.1634	41.0000	6.4031
32.1776	47.0000	6.8557
32.1919	38.0000	6.1644
32.2061	38.0000	6.1644
32.2204	40.0000	6.3246
32.2347	50.0000	7.0711
32.2489	35.0000	5.9161
32.2632	45.0000	6.7082
32.2774	35.0000	5.9161
32.2917	50.0000	7.0711
32.3059	48.0000	6.9282
32.3202	40.0000	6.3246
32.3345	51.0000	7.1414
32.3487	38.0000	6.1644
32.3630	47.0000	6.8557
32.3772	47.0000	6.8557
32.3915	47.0000	6.8557
32.4058	44.0000	6.6332
32.4200	47.0000	6.8557
32.4343	52.0000	7.2111
32.4485	57.0000	7.5498
32.4628	31.0000	5.5678
32.4771	36.0000	6.0000
32.4913	43.0000	6.5574
32.5056	33.0000	5.7446
32.5198	43.0000	6.5574
32.5341	45.0000	6.7082
32.5484	44.0000	6.6332
32.5626	42.0000	6.4807
32.5769	42.0000	6.4807
32.5911	28.0000	5.2915
32.6054	33.0000	5.7446
32.6197	41.0000	6.4031
32.6339	40.0000	6.3246
32.6482	42.0000	6.4807
32.6624	43.0000	6.5574
32.6767	42.0000	6.4807
32.6910	39.0000	6.2450
32.7052	42.0000	6.4807
32.7195	43.0000	6.5574
32.7337	40.0000	6.3246
32.7480	45.0000	6.7082
32.7623	24.0000	4.8990
32.7765	39.0000	6.2450
32.7908	37.0000	6.0828
32.8050	39.0000	6.2450
32.8193	51.0000	7.1414
32.8336	46.0000	6.7823
32.8478	38.0000	6.1644
32.8621	35.0000	5.9161
32.8763	43.0000	6.5574
32.8906	46.0000	6.7823
32.9048	45.0000	6.7082
32.9191	50.0000	7.0711
32.9334	36.0000	6.0000
32.9476	40.0000	6.3246
32.9619	43.0000	6.5574
32.9761	46.0000	6.7823
32.9904	45.0000	6.7082
33.0047	35.0000	5.9161
33.0189	44.0000	6.6332
33.0332	46.0000	6.7823
33.0474	35.0000	5.9161
33.0617	41.0000	6.4031
33.0760	50.0000	7.0711
33.0902	32.0000	5.6569
33.1045	29.0000	5.3852
33.1187	51.0000	7.1414
33.1330	32.0000	5.6569
33.1473	39.0000	6.2450
33.1615	40.0000	6.3246
33.1758	40.0000	6.3246
33.1900	43.0000	6.5574
33.2043	33.0000	5.7446
33.2186	34.0000	5.8310
33.2328	42.0000	6.4807
33.2471	38.0000	6.1644
33.2613	41.0000	6.4031
33.2756	37.0000	6.0828
33.2899	49.0000	7.0000
33.3041	46.0000	6.7823
33.3184	36.0000	6.0000
33.3326	35.0000	5.9161
33.3469	36.0000	6.0000
33.3612	43.0000	6.5574
33.3754	41.0000	6.4031
33.3897	51.0000	7.1414
33.4039	31.0000	5.5678
33.4182	44.0000	6.6332
33.4324	42.0000	6.4807
33.4467	38.0000	6.1644
33.4610	47.0000	6.8557
33.4752	38.0000	6.1644
33.4895	42.0000	6.4807
33.5037	35.0000	5.9161
33.5180	40.0000	6.3246
33.5323	47.0000	6.8557
33.5465	45.0000	6.7082
33.5608	46.0000	6.7823
33.5750	39.0000	6.2450
33.5893	33.0000	5.7446
33.6036	44.0000	6.6332
33.6178	38.0000	6.1644
33.6321	45.0000	6.7082
33.6463	27.0000	5.1962
33.6606	57.0000	7.5498
33.6749	33.0000	5.7446
33.6891	34.0000	5.8310
33.7034	45.0000	6.7082
33.7176	45.0000	6.7082
33.7319	26.0000	5.0990
33.7462	40.0000	6.3246
33.7604	30.0000	5.4772
33.7747	37.0000	6.0828
33.7889	37.0000	6.0828
33.8032	33.0000	5.7446
33.8175	38.0000	6.1644
33.8317	45.0000	6.7082
33.8460	32.0000	5.6569
33.8602	53.0000	7.2801
33.8745	44.0000	6.6332
33.8888	44.0000	6.6332
33.9030	47.0000	6.8557
33.9173	44.0000	6.6332
33.9315	45.0000	6.7082
33.9458	54.0000	7.3485
33.9601	48.0000	6.9282
33.9743	38.0000	6.1644
33.9886	54.0000	7.3485
34.0028	48.0000	6.9282
34.0171	50.0000	7.0711
34.0313	56.0000	7.4833
34.0456	28.0000	5.2915
34.0599	44.0000	6.6332
34.0741	43.0000	6.5574
34.0884	42.0000	6.4807
34.1026	40.0000	6.3246
34.1169	36.0000	6.0000
34.1312	36.0000	6.0000
34.1454	33.0000	5.7446
34.1597	35.0000	5.9161
34.1739	36.0000	6.0000
34.1882	29.0000	5.3852
34.2025	28.0000	5.2915
34.2167	23.0000	4.7958
34.2310	42.0000	6.4807
34.2452	32.0000	5.6569
34.2595	36.0000	6.0000
34.2738	35.0000	5.9161
34.2880	37.0000	6.0828
34.3023	33.0000	5.7446
34.3165	43.0000	6.5574
34.3308	42.0000	6.4807
34.3451	34.0000	5.8310
34.3593	42.0000	6.4807
34.3736	41.0000	6.4031
34.3878	32.0000	5.6569
34.4021	43.0000	6.5574
34.4164	39.0000	6.2450
34.4306	33.0000	5.7446
34.4449	35.0000	5.9161
34.4591	39.0000	6.2450
34.4734	30.0000	5.4772
34.4877	41.0000	6.4031
34.5019	47.0000	6.8557
34.5162	37.0000	6.0828
34.5304	34.0000	5.8310
34.5447	36.0000	6.0000
34.5589	34.0000	5.8310
34.5732	41.0000	6.4031
34.5875	47.0000	6.8557
34.6017	32.0000	5.6569
34.6160	36.0000	6.0000
34.6302	28.0000	5.2915
34.6445	47.0000	6.8557
34.6588	42.0000	6.4807
34.6730	52.0000	7.2111
34.6873	40.0000	6.3246
34.7015	41.0000	6.4031
34.7158	40.0000	6.3246
34.7301	33.0000	5.7446
34.7443	40.0000	6.3246
34.7586	46.0000	6.7823
34.7728	45.0000	6.7082
34.7871	37.0000	6.0828
34.8014	32.0000	5.6569
34.8156	28.0000	5.2915
34.8299	35.0000	5.9161
34.8441	46.0000	6.7823
34.8584	47.0000	6.8557
34.8727	42.0000	6.4807
34.8869	31.0000	5.5678
34.9012	36.0000	6.0000
34.9154	52.0000	7.2111
34.9297	34.0000	5.8310
34.9440	38.0000	6.1644
34.9582	31.0000	5.5678
34.9725	37.0000	6.0828
34.9867	47.0000	6.8557
35.0010	37.0000	6.0828
35.0153	43.0000	6.5574
35.0295	46.0000	6.7823
35.0438	47.0000	6.8557
35.0580	34.0000	5.8310
35.0723	44.0000	6.6332
35.0866	38.0000	6.1644
35.1008	53.0000	7.2801
35.1151	47.0000	6.8557
35.1293	35.0000	5.9161
35.1436	40.0000	6.3246
35.1578	43.0000	6.5574
35.1721	43.0000	6.5574
35.1864	39.0000	6.2450
35.2006	27.0000	5.1962
35.2149	40.0000	6.3246
35.2291	42.0000	6.4807
35.2434	36.0000	6.0000
35.2577	46.0000	6.7823
35.2719	49.0000	7.0000
35.2862	49.0000	7.0000
35.3004	42.0000	6.4807
35.3147	47.0000	6.8557
35.3290	44.0000	6.6332
35.3432	41.0000	6.4031
35.3575	34.0000	5.8310
35.3717	42.0000	6.4807
35.3860	41.0000	6.4031
35.4003	50.0000	7.0711
35.4145	42.0000	6.4807
35.4288	39.0000	6.2450
35.4430	47.0000	6.8557
35.4573	58.0000	7.6158
35.4716	50.0000	7.0711
35.4858	45.0000	6.7082
35.5001	59.0000	7.6811
35.5143	56.0000	7.4833
35.5286	59.0000	7.6811
35.5429	66.0000	8.1240
35.5571	56.0000	7.4833
35.5714	67.0000	8.1854
35.5856	65.0000	8.0623
35.5999	73.0000	8.5440
35.6142	70.0000	8.3666
35.6284	84.0000	9.1652
35.6427	92.0000	9.5917
35.6569	85.0000	9.2195
35.6712	109.0000	10.4403
35.6855	115.0000	10.7238
35.6997	129.0000	11.3578
35.7140	149.0000	12.2066
35.7282	159.0000	12.6095
35.7425	192.0000	13.8564
35.7567	203.0000	14.2478
35.7710	288.0000	16.9706
35.7853	331.0000	18.1934
35.7995	400.0000	20.0000
35.8138	426.0000	20.6398
35.8280	463.0000	21.5174
35.8423	432.0000	20.7846
35.8566	429.0000	20.7123
35.8708	366.0000	19.1311
35.8851	363.0000	19.0526
35.8993	366.0000	19.1311
35.9136	341.0000	18.4662
35.9279	308.0000	17.5499
35.9421	241.0000	15.5242
35.9564	239.0000	15.4596
35.9706	191.0000	13.8203
35.9849	165.0000	12.8452
35.9992	143.0000	11.9583
36.0134	118.0000	10.8628
36.0277	108.0000	10.3923
36.0419	107.0000	10.3441
36.0562	91.0000	9.5394
36.0705	90.0000	9.4868
36.0847	89.0000	9.4340
36.0990	71.0000	8.4261
36.1132	63.0000	7.9373
36.1275	65.0000	8.0623
36.1418	69.0000	8.3066
36.1560	60.0000	7.7460
36.1703	61.0000	7.8102
36.1845	58.0000	7.6158
36.1988	60.0000	7.7460
36.2131	51.0000	7.1414
36.2273	56.0000	7.4833
36.2416	49.0000	7.0000
36.2558	36.0000	6.0000
36.2701	52.0000	7.2111
36.2843	46.0000	6.7823
36.2986	46.0000	6.7823
36.3129	41.0000	6.4031
36.3271	51.0000	7.1414
36.3414	50.0000	7.0711
36.3556	39.0000	6.2450
36.3699	50.0000	7.0711
36.3842	52.0000	7.2111
36.3984	48.0000	6.9282
36.4127	38.0000	6.1644
36.4269	40.0000	6.3246
36.4412	40.0000	6.3246
36.4555	41.0000	6.4031
36.4697	47.0000	6.8557
36.4840	58.0000	7.6158
36.4982	31.0000	5.5678
36.5125	41.0000	6.4031
36.5268	45.0000	6.7082
36.5410	36.0000	6.0000
36.5553	42.0000	6.4807
36.5695	56.0000	7.4833
36.5838	49.0000	7.0000
36.5981	38.0000	6.1644
36.6123	49.0000	7.0000
36.6266	52.0000	7.2111
36.6408	55.0000	7.4162
36.6551	60.0000	7.7460
36.6694	44.0000	6.6332
36.6836	40.0000	6.3246
36.6979	48.0000	6.9282
36.7121	48.0000	6.9282
36.7264	37.0000	6.0828
36.7407	47.0000	6.8557
36.7549	50.0000	7.0711
36.7692	42.0000	6.4807
36.7834	43.0000	6.5574
36.7977	43.0000	6.5574
36.8120	41.0000	6.4031
36.8262	35.0000	5.9161
36.8405	45.0000	6.7082
36.8547	33.0000	5.7446
36.8690	36.0000	6.0000
36.8832	37.0000	6.0828
36.8975	43.0000	6.5574
36.9118	35.0000	5.9161
36.9260	49.0000	7.0000
36.9403	39.0000	6.2450
36.9545	33.0000	5.7446
36.9688	32.0000	5.6569
36.9831	42.0000	6.4807
36.9973	46.0000	6.7823
37.0116	43.0000	6.5574
37.0258	39.0000	6.2450
37.0401	35.0000	5.9161
37.0544	28.0000	5.2915
37.0686	42.0000	6.4807
37.0829	46.0000	6.7823
37.0971	38.0000	6.1644
37.1114	31.0000	5.5678
37.1257	27.0000	5.1962
37.1399	26.0000	5.0990
37.1542	26.0000	5.0990
37.1684	33.0000	5.7446
37.1827	30.0000	5.4772
37.1970	30.0000	5.4772
37.2112	31.0000	5.5678
37.2255	41.0000	6.4031
37.2397	40.0000	6.3246
37.2540	27.0000	5.1962
37.2683	41.0000	6.4031
37.2825	28.0000	5.2915
37.2968	25.0000	5.0000
37.3110	34.0000	5.8310
37.3253	33.0000	5.7446
37.3396	36.0000	6.0000
37.3538	33.0000	5.7446
37.3681	40.0000	6.3246
37.3823	29.0000	5.3852
37.3966	46.0000	6.7823
37.4108	26.0000	5.0990
37.4251	29.0000	5.3852
37.4394	40.0000	6.3246
37.4536	40.0000	6.3246
37.4679	40.0000	6.3246
37.4821	40.0000	6.3246
37.4964	36.0000	6.0000
37.5107	36.0000	6.0000
37.5249	37.0000	6.0828
37.5392	36.0000	6.0000
37.5534	43.0000	6.5574
37.5677	27.0000	5.1962
37.5820	40.0000	6.3246
37.5962	39.0000	6.2450
37.6105	48.0000	6.9282
37.6247	37.0000	6.0828
37.6390	29.0000	5.3852
37.6533	30.0000	5.4772
37.6675	38.0000	6.1644
37.6818	32.0000	5.6569
37.6960	36.0000	6.0000
37.7103	36.0000	6.0000
37.7246	32.0000	5.6569
37.7388	40.0000	6.3246
37.7531	38.0000	6.1644
37.7673	39.0000	6.2450
37.7816	36.0000	6.0000
37.7959	34.0000	5.8310
37.8101	29.0000	5.3852
37.8244	31.0000	5.5678
37.8386	26.0000	5.0990
37.8529	34.0000	5.8310
37.8672	25.0000	5.0000
37.8814	30.0000	5.4772
37.8957	34.0000	5.8310
37.9099	35.0000	5.9161
37.9242	37.0000	6.0828
37.9385	47.0000	6.8557
37.9527	39.0000	6.2450
37.9670	39.0000	6.2450
37.9812	32.0000	5.6569
37.9955	40.0000	6.3246
38.0097	33.0000	5.7446
38.0240	42.0000	6.4807
38.0383	48.0000	6.9282
38.0525	36.0000	6.0000
38.0668	33.0000	5.7446
38.0810	27.0000	5.1962
38.0953	34.0000	5.8310
38.1096	40.0000	6.3246
38.1238	33.0000	5.7446
38.1381	35.0000	5.9161
38.1523	31.0000	5.5678
38.1666	26.0000	5.0990
38.1809	39.0000	6.2450
38.1951	28.0000	5.2915
38.2094	48.0000	6.9282
38.2236	36.0000	6.0000
38.2379	34.0000	5.8310
38.2522	27.0000	5.1962
38.2664	34.0000	5.8310
38.2807	35.0000	5.9161
38.2949	32.0000	5.6569
38.3092	30.0000	5.4772
38.3235	30.0000	5.4772
38.3377	35.0000	5.9161
38.3520	37.0000	6.0828
38.3662	36.0000	6.0000
38.3805	27.0000	5.1962
38.3948	36.0000	6.0000
38.4090	27.0000	5.1962
38.4233	35.0000	5.9161
38.4375	39.0000	6.2450
38.4518	44.0000	6.6332
38.4661	36.0000	6.0000
38.4803	28.0000	5.2915
38.4946	35.0000	5.9161
38.5088	42.0000	6.4807
38.5231	35.0000	5.9161
38.5374	31.0000	5.5678
38.5516	37.0000	6.0828
38.5659	37.0000	6.0828
38.5801	40.0000	6.3246
38.5944	39.0000	6.2450
38.6086	37.0000	6.0828
38.6229	32.0000	5.6569
38.6372	40.0000	6.3246
38.6514	27.0000	5.1962
38.6657	34.0000	5.8310
38.6799	35.0000	5.9161
38.6942	37.0000	6.0828
38.7085	32.0000	5.6569
38.7227	36.0000	6.0000
38.7370	40.0000	6.3246
38.7512	39.0000	6.2450
38.7655	36.0000	6.0000
38.7798	39.0000	6.2450
38.7940	47.0000	6.8557
38.8083	47.0000	6.8557
38.8225	35.0000	5.9161
38.8368	41.0000	6.4031
38.8511	48.0000	6.9282
38.8653	39.0000	6.2450
38.8796	54.0000	7.3485
38.8938	56.0000	7.4833
38.9081	66.0000	8.1240
38.9224	70.0000	8.3666
38.9366	78.0000	8.8318
38.9509	84.0000	9.1652
38.9651	70.0000	8.3666
38.9794	86.0000	9.2736
38.9937	82.0000	9.0554
39.0079	77.0000	8.7750
39.0222	70.0000	8.3666
39.0364	72.0000	8.4853
39.0507	84.0000	9.1652
39.0650	76.0000	8.7178
39.0792	58.0000	7.6158
39.0935	52.0000	7.2111
39.1077	58.0000	7.6158
39.1220	48.0000	6.9282
39.1362	65.0000	8.0623
39.1505	49.0000	7.0000
39.1648	35.0000	5.9161
39.1790	37.0000	6.0828
39.1933	34.0000	5.8310
39.2075	41.0000	6.4031
39.2218	39.0000	6.2450
39.2361	44.0000	6.6332
39.2503	37.0000	6.0828
39.2646	31.0000	5.5678
39.2788	46.0000	6.7823
39.2931	32.0000	5.6569
39.3074	37.0000	6.0828
39.3216	32.0000	5.6569
39.3359	35.0000	5.9161
39.3501	40.0000	6.3246
39.3644	28.0000	5.2915
39.3787	36.0000	6.0000
39.3929	30.0000	5.4772
39.4072	40.0000	6.3246
39.4214	24.0000	4.8990
39.4357	44.0000	6.6332
39.4500	33.0000	5.7446
39.4642	26.0000	5.0990
39.4785	26.0000	5.0990
39.4927	33.0000	5.7446
39.5070	39.0000	6.2450
39.5213	26.0000	5.0990
39.5355	33.0000	5.7446
39.5498	32.0000	5.6569
39.5640	38.0000	6.1644
39.5783	26.0000	5.0990
39.5926	21.0000	4.5826
39.6068	23.0000	4.7958
39.6211	32.0000	5.6569
39.6353	30.0000	5.4772
39.6496	31.0000	5.5678
39.6639	28.0000	5.2915
39.6781	40.0000	6.3246
39.6924	35.0000	5.9161
39.7066	30.0000	5.4772
39.7209	32.0000	5.6569
39.7351	32.0000	5.6569
39.7494	36.0000	6.0000
39.7637	28.0000	5.2915
39.7779	44.0000	6.6332
39.7922	30.0000	5.4772
39.8064	32.0000	5.6569
39.8207	33.0000	5.7446
39.8350	39.0000	6.2450
39.8492	34.0000	5.8310
39.8635	28.0000	5.2915
39.8777	27.0000	5.1962
39.8920	31.0000	5.5678
39.9063	32.0000	5.6569
39.9205	47.0000	6.8557
39.9348	31.0000	5.5678
39.9490	33.0000	5.7446
39.9633	34.0000	5.8310
39.9776	27.0000	5.1962
39.9918	31.0000	5.5678
40.0061	27.0000	5.1962
40.0203	28.0000	5.2915
40.0346	30.0000	5.4772
40.0489	30.0000	5.4772
40.0631	40.0000	6.3246
40.0774	27.0000	5.1962
40.0916	31.0000	5.5678
40.1059	28.0000	5.2915
40.1202	21.0000	4.5826
40.1344	41.0000	6.4031
40.1487	34.0000	5.8310
40.1629	33.0000	5.7446
40.1772	29.0000	5.3852
40.1915	32.0000	5.6569
40.2057	29.0000	5.3852
40.2200	35.0000	5.9161
40.2342	35.0000	5.9161
40.2485	24.0000	4.8990
40.2627	29.0000	5.3852
40.2770	39.0000	6.2450
40.2913	34.0000	5.8310
40.3055	37.0000	6.0828
40.3198	37.0000	6.0828
40.3340	34.0000	5.8310
40.3483	25.0000	5.0000
40.3626	28.0000	5.2915
40.3768	25.0000	5.0000
40.3911	41.0000	6.4031
40.4053	33.0000	5.7446
40.4196	32.0000	5.6569
40.4339	26.0000	5.0990
40.4481	33.0000	5.7446
40.4624	25.0000	5.0000
40.4766	32.0000	5.6569
40.4909	27.0000	5.1962
40.5052	28.0000	5.2915
40.5194	38.0000	6.1644
40.5337	37.0000	6.0828
40.5479	41.0000	6.4031
40.5622	47.0000	6.8557
40.5765	32.0000	5.6569
40.5907	27.0000	5.1962
40.6050	44.0000	6.6332
40.6192	43.0000	6.5574
40.6335	31.0000	5.5678
40.6478	40.0000	6.3246
40.6620	39.0000	6.2450
40.6763	41.0000	6.4031
40.6905	47.0000	6.8557
40.7048	42.0000	6.4807
40.7191	48.0000	6.9282
40.7333	58.0000	7.6158
40.7476	53.0000	7.2801
40.7618	44.0000	6.6332
40.7761	40.0000	6.3246
40.7904	50.0000	7.0711
40.8046	71.0000	8.4261
40.8189	64.0000	8.0000
40.8331	64.0000	8.0000
40.8474	83.0000	9.1104
40.8616	99.0000	9.9499
40.8759	122.0000	11.0454
40.8902	133.0000	11.5326
40.9044	158.0000	12.5698
40.9187	186.0000	13.6382
40.9329	201.0000	14.1774
40.9472	236.0000	15.3623
40.9615	204.0000	14.2829
40.9757	246.0000	15.6844
40.9900	214.0000	14.6287
41.0042	177.0000	13.3041
41.0185	189.0000	13.7477
41.0328	188.0000	13.7113
41.0470	148.0000	12.1655
41.0613	137.0000	11.7047
41.0755	129.0000	11.3578
41.0898	115.0000	10.7238
41.1041	120.0000	10.9545
41.1183	101.0000	10.0499
41.1326	87.0000	9.3274
41.1468	84.0000	9.1652
41.1611	59.0000	7.6811
41.1754	55.0000	7.4162
41.1896	56.0000	7.4833
41.2039	52.0000	7.2111
41.2181	51.0000	7.1414
41.2324	42.0000	6.4807
41.2467	42.0000	6.4807
41.2609	49.0000	7.0000
41.2752	40.0000	6.3246
41.2894	44.0000	6.6332
41.3037	39.0000	6.2450
41.3180	40.0000	6.3246
41.3322	29.0000	5.3852
41.3465	47.0000	6.8557
41.3607	40.0000	6.3246
41.3750	40.0000	6.3246
41.3893	32.0000	5.6569
41.4035	43.0000	6.5574
41.4178	28.0000	5.2915
41.4320	32.0000	5.6569
41.4463	30.0000	5.4772
41.4605	25.0000	5.0000
41.4748	31.0000	5.5678
41.4891	36.0000	6.0000
41.5033	29.0000	5.3852
41.5176	30.0000	5.4772
41.5318	36.0000	6.0000
41.5461	30.0000	5.4772
41.5604	35.0000	5.9161
41.5746	25.0000	5.0000
41.5889	39.0000	6.2450
41.6031	31.0000	5.5678
41.6174	40.0000	6.3246
41.6317	32.0000	5.6569
41.6459	26.0000	5.0990
41.6602	45.0000	6.7082
41.6744	23.0000	4.7958
41.6887	39.0000	6.2450
41.7030	32.0000	5.6569
41.7172	35.0000	5.9161
41.7315	30.0000	5.4772
41.7457	24.0000	4.8990
41.7600	29.0000	5.3852
41.7743	33.0000	5.7446
41.7885	37.0000	6.0828
41.8028	35.0000	5.9161
41.8170	27.0000	5.1962
41.8313	29.0000	5.3852
41.8456	27.0000	5.1962
41.8598	30.0000	5.4772
41.8741	25.0000	5.0000
41.8883	33.0000	5.7446
41.9026	21.0000	4.5826
41.9169	24.0000	4.8990
41.9311	30.0000	5.4772
41.9454	27.0000	5.1962
41.9596	27.0000	5.1962
41.9739	18.0000	4.2426
41.9881	37.0000	6.0828
42.0024	33.0000	5.7446
42.0167	32.0000	5.6569
42.0309	33.0000	5.7446
42.0452	30.0000	5.4772
42.0594	21.0000	4.5826
42.0737	20.0000	4.4721
42.0880	36.0000	6.0000
42.1022	35.0000	5.9161
42.1165	19.0000	4.3589
42.1307	25.0000	5.0000
42.1450	25.0000	5.0000
42.1593	22.0000	4.6904
42.1735	35.0000	5.9161
42.1878	26.0000	5.0990
42.2020	29.0000	5.3852
42.2163	15.0000	3.8730
42.2306	35.0000	5.9161
42.2448	46.0000	6.7823
42.2591	17.0000	4.1231
42.2733	31.0000	5.5678
42.2876	26.0000	5.0990
42.3019	28.0000	5.2915
42.3161	35.0000	5.9161
42.3304	29.0000	5.3852
42.3446	39.0000	6.2450
42.3589	38.0000	6.1644
42.3732	28.0000	5.2915
42.3874	32.0000	5.6569
42.4017	32.0000	5.6569
42.4159	35.0000	5.9161
42.4302	17.0000	4.1231
42.4445	33.0000	5.7446
42.4587	23.0000	4.7958
42.4730	32.0000	5.6569
42.4872	26.0000	5.0990
42.5015	24.0000	4.8990
42.5158	28.0000	5.2915
42.5300	28.0000	5.2915
42.5443	29.0000	5.3852
42.5585	28.0000	5.2915
42.5728	33.0000	5.7446
42.5870	28.0000	5.2915
42.6013	25.0000	5.0000
42.6156	25.0000	5.0000
42.6298	23.0000	4.7958
42.6441	31.0000	5.5678
42.6583	33.0000	5.7446
42.6726	38.0000	6.1644
42.6869	34.0000	5.8310
42.7011	25.0000	5.0000
42.7154	23.0000	4.7958
42.7296	36.0000	6.0000
42.7439	27.0000	5.1962
42.7582	22.0000	4.6904
42.7724	24.0000	4.8990
42.7867	32.0000	5.6569
42.8009	39.0000	6.2450
42.8152	23.0000	4.7958
42.8295	32.0000	5.6569
42.8437	25.0000	5.0000
42.8580	17.0000	4.1231
42.8722	20.0000	4.4721
42.8865	31.0000	5.5678
42.9008	23.0000	4.7958
42.9150	31.0000	5.5678
42.9293	28.0000	5.2915
42.9435	19.0000	4.3589
42.9578	29.0000	5.3852
42.9721	35.0000	5.9161
42.9863	24.0000	4.8990
43.0006	26.0000	5.0990
43.0148	33.0000	5.7446
43.0291	30.0000	5.4772
43.0434	25.0000	5.0000
43.0576	26.0000	5.0990
43.0719	29.0000	5.3852
43.0861	25.0000	5.0000
43.1004	16.0000	4.0000
43.1146	37.0000	6.0828
43.1289	33.0000	5.7446
43.1432	34.0000	5.8310
43.1574	22.0000	4.6904
43.1717	18.0000	4.2426
43.1859	34.0000	5.8310
43.2002	28.0000	5.2915
43.2145	23.0000	4.7958
43.2287	32.0000	5.6569
43.2430	26.0000	5.0990
43.2572	30.0000	5.4772
43.2715	31.0000	5.5678
43.2858	22.0000	4.6904
43.3000	30.0000	5.4772
43.3143	19.0000	4.3589
43.3285	27.0000	5.1962
43.3428	32.0000	5.6569
43.3571	32.0000	5.6569
43.3713	34.0000	5.8310
43.3856	31.0000	5.5678
43.3998	39.0000	6.2450
43.4141	26.0000	5.0990
43.4284	36.0000	6.0000
43.4426	27.0000	5.1962
43.4569	28.0000	5.2915
43.4711	28.0000	5.2915
43.4854	36.0000	6.0000
43.4997	27.0000	5.1962
43.5139	32.0000	5.6569
43.5282	34.0000	5.8310
43.5424	31.0000	5.5678
43.5567	25.0000	5.0000
43.5710	29.0000	5.3852
43.5852	41.0000	6.4031
43.5995	33.0000	5.7446
43.6137	34.0000	5.8310
43.6280	36.0000	6.0000
43.6423	42.0000	6.4807
43.6565	35.0000	5.9161
43.6708	43.0000	6.5574
43.6850	44.0000	6.6332
43.6993	53.0000	7.2801
43.7135	63.0000	7.9373
43.7278	76.0000	8.7178
43.7421	86.0000	9.2736
43.7563	77.0000	8.7750
43.7706	96.0000	9.7980
43.7848	91.0000	9.5394
43.7991	84.0000	9.1652
43.8134	76.0000	8.7178
43.8276	80.0000	8.9443
43.8419	79.0000	8.8882
43.8561	80.0000	8.9443
43.8704	87.0000	9.3274
43.8847	68.0000	8.2462
43.8989	51.0000	7.1414
43.9132	58.0000	7.6158
43.9274	49.0000	7.0000
43.9417	49.0000	7.0000
43.9560	38.0000	6.1644
43.9702	47.0000	6.8557
43.9845	35.0000	5.9161
43.9987	54.0000	7.3485
44.0130	27.0000	5.1962
44.0273	34.0000	5.8310
44.0415	30.0000	5.4772
44.0558	31.0000	5.5678
44.0700	31.0000	5.5678
44.0843	25.0000	5.0000
44.0986	25.0000	5.0000
44.1128	34.0000	5.8310
44.1271	32.0000	5.6569
44.1413	28.0000	5.2915
44.1556	35.0000	5.9161
44.1699	19.0000	4.3589
44.1841	31.0000	5.5678
44.1984	20.0000	4.4721
44.2126	26.0000	5.0990
44.2269	28.0000	5.2915
44.2412	31.0000	5.5678
44.2554	26.0000	5.0990
44.2697	23.0000	4.7958
44.2839	26.0000	5.0990
44.2982	26.0000	5.0990
44.3124	26.0000	5.0990
44.3267	29.0000	5.3852
44.3410	36.0000	6.0000
44.3552	33.0000	5.7446
44.3695	29.0000	5.3852
44.3837	31.0000	5.5678
44.3980	42.0000	6.4807
44.4123	37.0000	6.0828
44.4265	31.0000	5.5678
44.4408	30.0000	5.4772
44.4550	28.0000	5.2915
44.4693	26.0000	5.0990
44.4836	27.0000	5.1962
44.4978	27.0000	5.1962
44.5121	24.0000	4.8990
44.5263	29.0000	5.3852
44.5406	28.0000	5.2915
44.5549	29.0000	5.3852
44.5691	20.0000	4.4721
44.5834	31.0000	5.5678
44.5976	22.0000	4.6904
44.6119	26.0000	5.0990
44.6262	18.0000	4.2426
44.6404	23.0000	4.7958
44.6547	34.0000	5.8310
44.6689	33.0000	5.7446
44.6832	28.0000	5.2915
44.6975	23.0000	4.7958
44.7117	30.0000	5.4772
44.7260	34.0000	5.8310
44.7402	18.0000	4.2426
44.7545	23.0000	4.7958
44.7688	23.0000	4.7958
44.7830	23.0000	4.7958
44.7973	15.0000	3.8730
44.8115	31.0000	5.5678
44.8258	31.0000	5.5678
44.8400	30.0000	5.4772
44.8543	27.0000	5.1962
44.8686	25.0000	5.0000
44.8828	35.0000	5.9161
44.8971	24.0000	4.8990
44.9113	30.0000	5.4772
44.9256	22.0000	4.6904
44.9399	22.0000	4.6904
44.9541	23.0000	4.7958
44.9684	30.0000	5.4772
44.9826	34.0000	5.8310
44.9969	38.0000	6.1644
45.0112	28.0000	5.2915
45.0254	23.0000	4.7958
45.0397	28.0000	5.2915
45.0539	42.0000	6.4807
45.0682	22.0000	4.6904
45.0825	26.0000	5.0990
45.0967	22.0000	4.6904
45.1110	16.0000	4.0000
45.1252	28.0000	5.2915
45.1395	35.0000	5.9161
45.1538	29.0000	5.3852
45.1680	24.0000	4.8990
45.1823	23.0000	4.7958
45.1965	20.0000	4.4721
45.2108	25.0000	5.0000
45.2251	30.0000	5.4772
45.2393	32.0000	5.6569
45.2536	35.0000	5.9161
45.2678	29.0000	5.3852
45.2821	29.0000	5.3852
45.2964	25.0000	5.0000
45.3106	21.0000	4.5826
45.3249	31.0000	5.5678
45.3391	29.0000	5.3852
45.3534	19.0000	4.3589
45.3677	29.0000	5.3852
45.3819	32.0000	5.6569
45.3962	24.0000	4.8990
45.4104	31.0000	5.5678
45.4247	19.0000	4.3589
45.4389	23.0000	4.7958
45.4532	30.0000	5.4772
45.4675	29.0000	5.3852
45.4817	23.0000	4.7958
45.4960	24.0000	4.8990
45.5102	22.0000	4.6904
45.5245	29.0000	5.3852
45.5388	30.0000	5.4772
45.5530	22.0000	4.6904
45.5673	26.0000	5.0990
45.5815	27.0000	5.1962
45.5958	23.0000	4.7958
45.6101	26.0000	5.0990
45.6243	20.0000	4.4721
45.6386	39.0000	6.2450
45.6528	29.0000	5.3852
45.6671	25.0000	5.0000
45.6814	31.0000	5.5678
45.6956	31.0000	5.5678
45.7099	26.0000	5.0990
45.7241	22.0000	4.6904
45.7384	33.0000	5.7446
45.7527	24.0000	4.8990
45.7669	27.0000	5.1962
45.7812	23.0000	4.7958
45.7954	16.0000	4.0000
45.8097	28.0000	5.2915
45.8240	25.0000	5.0000
45.8382	30.0000	5.4772
45.8525	22.0000	4.6904
45.8667	28.0000	5.2915
45.8810	29.0000	5.3852
45.8953	26.0000	5.0990
45.9095	29.0000	5.3852
45.9238	28.0000	5.2915
45.9380	18.0000	4.2426
45.9523	37.0000	6.0828
45.9665	23.0000	4.7958
45.9808	22.0000	4.6904
45.9951	26.0000	5.0990
46.0093	34.0000	5.8310
46.0236	27.0000	5.1962
46.0378	29.0000	5.3852
46.0521	17.0000	4.1231
46.0664	26.0000	5.0990
46.0806	15.0000	3.8730
46.0949	25.0000	5.0000
46.1091	18.0000	4.2426
46.1234	24.0000	4.8990
46.1377	29.0000	5.3852
46.1519	27.0000	5.1962
46.1662	27.0000	5.1962
46.1804	24.0000	4.8990
46.1947	27.0000	5.1962
46.2090	28.0000	5.2915
46.2232	24.0000	4.8990
46.2375	24.0000	4.8990
46.2517	24.0000	4.8990
46.2660	18.0000	4.2426
46.2803	29.0000	5.3852
46.2945	28.0000	5.2915
46.3088	25.0000	5.0000
46.3230	29.0000	5.3852
46.3373	25.0000	5.0000
46.3516	19.0000	4.3589
46.3658	26.0000	5.0990
46.3801	19.0000	4.3589
46.3943	35.0000	5.9161
46.4086	22.0000	4.6904
46.4229	30.0000	5.4772
46.4371	28.0000	5.2915
46.4514	18.0000	4.2426
46.4656	25.0000	5.0000
46.4799	19.0000	4.3589
46.4942	17.0000	4.1231
46.5084	23.0000	4.7958
46.5227	22.0000	4.6904
46.5369	24.0000	4.8990
46.5512	20.0000	4.4721
46.5654	23.0000	4.7958
46.5797	16.0000	4.0000
46.5940	23.0000	4.7958
46.6082	15.0000	3.8730
46.6225	17.0000	4.1231
46.6367	28.0000	5.2915
46.6510	19.0000	4.3589
46.6653	33.0000	5.7446
46.6795	23.0000	4.7958
46.6938	31.0000	5.5678
46.7080	23.0000	4.7958
46.7223	17.0000	4.1231
46.7366	18.0000	4.2426
46.7508	17.0000	4.1231
46.7651	18.0000	4.2426
46.7793	19.0000	4.3589
46.7936	24.0000	4.8990
46.8079	20.0000	4.4721
46.8221	16.0000	4.0000
46.8364	20.0000	4.4721
46.8506	24.0000	4.8990
46.8649	28.0000	5.2915
46.8792	28.0000	5.2915
46.8934	30.0000	5.4772
46.9077	25.0000	5.0000
46.9219	25.0000	5.0000
46.9362	25.0000	5.0000
46.9505	22.0000	4.6904
46.9647	31.0000	5.5678
46.9790	21.0000	4.5826
46.9932	19.0000	4.3589
47.0075	32.0000	5.6569
47.0218	18.0000	4.2426
47.0360	17.0000	4.1231
47.0503	19.0000	4.3589
47.0645	28.0000	5.2915
47.0788	23.0000	4.7958
47.0931	21.0000	4.5826
47.1073	19.0000	4.3589
47.1216	34.0000	5.8310
47.1358	22.0000	4.6904
47.1501	25.0000	5.0000
47.1643	24.0000	4.8990
47.1786	17.0000	4.1231
47.1929	25.0000	5.0000
47.2071	16.0000	4.0000
47.2214	22.0000	4.6904
47.2356	36.0000	6.0000
47.2499	27.0000	5.1962
47.2642	25.0000	5.0000
47.2784	35.0000	5.9161
47.2927	20.0000	4.4721
47.3069	27.0000	5.1962
47.3212	18.0000	4.2426
47.3355	20.0000	4.4721
47.3497	28.0000	5.2915
47.3640	28.0000	5.2915
47.3782	26.0000	5.0990
47.3925	22.0000	4.6904
47.4068	23.0000	4.7958
47.4210	25.0000	5.0000
47.4353	25.0000	5.0000
47.4495	32.0000	5.6569
47.4638	20.0000	4.4721
47.4781	22.0000	4.6904
47.4923	22.0000	4.6904
47.5066	24.0000	4.8990
47.5208	20.0000	4.4721
47.5351	24.0000	4.8990
47.5494	18.0000	4.2426
47.5636	19.0000	4.3589
47.5779	27.0000	5.1962
47.5921	32.0000	5.6569
47.6064	27.0000	5.1962
47.6207	30.0000	5.4772
47.6349	23.0000	4.7958
47.6492	21.0000	4.5826
47.6634	23.0000	4.7958
47.6777	13.0000	3.6056
47.6919	30.0000	5.4772
47.7062	32.0000	5.6569
47.7205	23.0000	4.7958
47.7347	21.0000	4.5826
47.7490	25.0000	5.0000
47.7632	27.0000	5.1962
47.7775	20.0000	4.4721
47.7918	29.0000	5.3852
47.8060	29.0000	5.3852
47.8203	26.0000	5.0990
47.8345	26.0000	5.0990
47.8488	31.0000	5.5678
47.8631	30.0000	5.4772
47.8773	27.0000	5.1962
47.8916	30.0000	5.4772
47.9058	26.0000	5.0990
47.9201	32.0000	5.6569
47.9344	20.0000	4.4721
47.9486	20.0000	4.4721
47.9629	34.0000	5.8310
47.9771	23.0000	4.7958
47.9914	35.0000	5.9161
48.0057	33.0000	5.7446
48.0199	31.0000	5.5678
48.0342	23.0000	4.7958
48.0484	25.0000	5.0000
48.0627	27.0000	5.1962
48.0770	18.0000	4.2426
48.0912	24.0000	4.8990
48.1055	26.0000	5.0990
48.1197	32.0000	5.6569
48.1340	36.0000	6.0000
48.1483	25.0000	5.0000
48.1625	16.0000	4.0000
48.1768	36.0000	6.0000
48.1910	20.0000	4.4721
48.2053	16.0000	4.0000
48.2196	21.0000	4.5826
48.2338	25.0000	5.0000
48.2481	25.0000	5.0000
48.2623	23.0000	4.7958
48.2766	21.0000	4.5826
48.2908	20.0000	4.4721
48.3051	21.0000	4.5826
48.3194	25.0000	5.0000
48.3336	24.0000	4.8990
48.3479	24.0000	4.8990
48.3621	22.0000	4.6904
48.3764	30.0000	5.4772
48.3907	24.0000	4.8990
48.4049	29.0000	5.3852
48.4192	16.0000	4.0000
48.4334	26.0000	5.0990
48.4477	22.0000	4.6904
48.4620	31.0000	5.5678
48.4762	30.0000	5.4772
48.4905	23.0000	4.7958
48.5047	23.0000	4.7958
48.5190	33.0000	5.7446
48.5333	26.0000	5.0990
48.5475	22.0000	4.6904
48.5618	25.0000	5.0000
48.5760	22.0000	4.6904
48.5903	15.0000	3.8730
48.6046	23.0000	4.7958
48.6188	32.0000	5.6569
48.6331	25.0000	5.0000
48.6473	23.0000	4.7958
48.6616	24.0000	4.8990
48.6759	21.0000	4.5826
48.6901	21.0000	4.5826
48.7044	19.0000	4.3589
48.7186	34.0000	5.8310
48.7329	24.0000	4.8990
48.7472	21.0000	4.5826
48.7614	18.0000	4.2426
48.7757	27.0000	5.1962
48.7899	27.0000	5.1962
48.8042	33.0000	5.7446
48.8184	18.0000	4.2426
48.8327	23.0000	4.7958
48.8470	25.0000	5.0000
48.8612	25.0000	5.0000
48.8755	20.0000	4.4721
48.8897	22.0000	4.6904
48.9040	30.0000	5.4772
48.9183	34.0000	5.8310
48.9325	27.0000	5.1962
48.9468	21.0000	4.5826
48.9610	23.0000	4.7958
48.9753	19.0000	4.3589
48.9896	36.0000	6.0000
49.0038	18.0000	4.2426
49.0181	29.0000	5.3852
49.0323	27.0000	5.1962
49.0466	16.0000	4.0000
49.0609	15.0000	3.8730
49.0751	34.0000	5.8310
49.0894	25.0000	5.0000
49.1036	14.0000	3.7417
49.1179	21.0000	4.5826
49.1322	20.0000	4.4721
49.1464	31.0000	5.5678
49.1607	12.0000	3.4641
49.1749	21.0000	4.5826
49.1892	31.0000	5.5678
49.2035	24.0000	4.8990
49.2177	25.0000	5.0000
49.2320	26.0000	5.0990
49.2462	29.0000	5.3852
49.2605	17.0000	4.1231
49.2748	28.0000	5.2915
49.2890	21.0000	4.5826
49.3033	23.0000	4.7958
49.3175	29.0000	5.3852
49.3318	20.0000	4.4721
49.3461	28.0000	5.2915
49.3603	21.0000	4.5826
49.3746	27.0000	5.1962
49.3888	16.0000	4.0000
49.4031	27.0000	5.1962
49.4173	22.0000	4.6904
49.4316	15.0000	3.8730
49.4459	19.0000	4.3589
49.4601	21.0000	4.5826
49.4744	13.0000	3.6056
49.4886	24.0000	4.8990
49.5029	21.0000	4.5826
49.5172	29.0000	5.3852
49.5314	20.0000	4.4721
49.5457	23.0000	4.7958
49.5599	19.0000	4.3589
49.5742	16.0000	4.0000
49.5885	28.0000	5.2915
49.6027	29.0000	5.3852
49.6170	23.0000	4.7958
49.6312	26.0000	5.0990
49.6455	30.0000	5.4772
49.6598	22.0000	4.6904
49.6740	19.0000	4.3589
49.6883	20.0000	4.4721
49.7025	23.0000	4.7958
49.7168	25.0000	5.0000
49.7311	24.0000	4.8990
49.7453	18.0000	4.2426
49.7596	22.0000	4.6904
49.7738	32.0000	5.6569
49.7881	22.0000	4.6904
49.8024	34.0000	5.8310
49.8166	19.0000	4.3589
49.8309	28.0000	5.2915
49.8451	26.0000	5.0990
49.8594	20.0000	4.4721
49.8737	27.0000	5.1962
49.8879	21.0000	4.5826
49.9022	26.0000	5.0990
49.9164	24.0000	4.8990
49.9307	19.0000	4.3589
49.9450	9.0000	3.0000
49.9592	22.0000	4.6904
49.9735	18.0000	4.2426
49.9877	33.0000	5.7446
50.0020	30.0000	5.4772
50.0162	25.0000	5.0000
50.0305	26.0000	5.0990
50.0448	26.0000	5.0990
50.0590	21.0000	4.5826
50.0733	26.0000	5.0990
50.0875	30.0000	5.4772
50.1018	27.0000	5.1962
50.1161	18.0000	4.2426
50.1303	19.0000	4.3589
50.1446	20.0000	4.4721
50.1588	24.0000	4.8990
50.1731	28.0000	5.2915
50.1874	38.0000	6.1644
50.2016	21.0000	4.5826
50.2159	20.0000	4.4721
50.2301	25.0000	5.0000
50.2444	22.0000	4.6904
50.2587	27.0000	5.1962
50.2729	18.0000	4.2426
50.2872	26.0000	5.0990
50.3014	28.0000	5.2915
50.3157	23.0000	4.7958
50.3300	23.0000	4.7958
50.3442	20.0000	4.4721
50.3585	24.0000	4.8990
50.3727	24.0000	4.8990
50.3870	30.0000	5.4772
50.4013	27.0000	5.1962
50.4155	20.0000	4.4721
50.4298	20.0000	4.4721
50.4440	26.0000	5.0990
50.4583	28.0000	5.2915
50.4726	17.0000	4.1231
50.4868	26.0000	5.0990
50.5011	29.0000	5.3852
50.5153	21.0000	4.5826
50.5296	15.0000	3.8730
50.5438	33.0000	5.7446
50.5581	19.0000	4.3589
50.5724	19.0000	4.3589
50.5866	22.0000	4.6904
50.6009	20.0000	4.4721
50.6151	19.0000	4.3589
50.6294	16.0000	4.0000
50.6437	13.0000	3.6056
50.6579	24.0000	4.8990
50.6722	17.0000	4.1231
50.6864	23.0000	4.7958
50.7007	19.0000	4.3589
50.7150	23.0000	4.7958
50.7292	27.0000	5.1962
50.7435	19.0000	4.3589
50.7577	23.0000	4.7958
50.7720	14.0000	3.7417
50.7863	24.0000	4.8990
50.8005	28.0000	5.2915
50.8148	19.0000	4.3589
50.8290	21.0000	4.5826
50.8433	22.0000	4.6904
50.8576	23.0000	4.7958
50.8718	19.0000	4.3589
50.8861	19.0000	4.3589
50.9003	33.0000	5.7446
50.9146	24.0000	4.8990
50.9289	8.0000	2.8284
50.9431	28.0000	5.2915
50.9574	14.0000	3.7417
50.9716	20.0000	4.4721
50.9859	16.0000	4.0000
51.0002	20.0000	4.4721
51.0144	26.0000	5.0990
51.0287	30.0000	5.4772
51.0429	17.0000	4.1231
51.0572	21.0000	4.5826
51.0715	25.0000	5.0000
51.0857	27.0000	5.1962
51.1000	28.0000	5.2915
51.1142	14.0000	3.7417
51.1285	17.0000	4.1231
51.1427	21.0000	4.5826
51.1570	21.0000	4.5826
51.1713	20.0000	4.4721
51.1855	19.0000	4.3589
51.1998	15.0000	3.8730
51.2140	24.0000	4.8990
51.2283	14.0000	3.7417
51.2426	16.0000	4.0000
51.2568	32.0000	5.6569
51.2711	21.0000	4.5826
51.2853	16.0000	4.0000
51.2996	23.0000	4.7958
51.3139	26.0000	5.0990
51.3281	17.0000	4.1231
51.3424	21.0000	4.5826
51.3566	32.0000	5.6569
51.3709	18.0000	4.2426
51.3852	22.0000	4.6904
51.3994	16.0000	4.0000
51.4137	24.0000	4.8990
51.4279	12.0000	3.4641
51.4422	18.0000	4.2426
51.4565	22.0000	4.6904
51.4707	26.0000	5.0990
51.4850	20.0000	4.4721
51.4992	18.0000	4.2426
51.5135	22.0000	4.6904
51.5278	16.0000	4.0000
51.5420	23.0000	4.7958
51.5563	20.0000	4.4721
51.5705	24.0000	4.8990
51.5848	19.0000	4.3589
51.5991	23.0000	4.7958
51.6133	24.0000	4.8990
51.6276	23.0000	4.7958
51.6418	19.0000	4.3589
51.6561	20.0000	4.4721
51.6703	25.0000	5.0000
51.6846	26.0000	5.0990
51.6989	27.0000	5.1962
51.7131	24.0000	4.8990
51.7274	24.0000	4.8990
51.7416	22.0000	4.6904
51.7559	20.0000	4.4721
51.7702	19.0000	4.3589
51.7844	26.0000	5.0990
51.7987	22.0000	4.6904
51.8129	25.0000	5.0000
51.8272	28.0000	5.2915
51.8415	20.0000	4.4721
51.8557	19.0000	4.3589
51.8700	16.0000	4.0000
51.8842	32.0000	5.6569
51.8985	19.0000	4.3589
51.9128	22.0000	4.6904
51.9270	29.0000	5.3852
51.9413	32.0000	5.6569
51.9555	30.0000	5.4772
51.9698	24.0000	4.8990
51.9841	30.0000	5.4772
51.9983	15.0000	3.8730
52.0126	22.0000	4.6904
52.0268	28.0000	5.2915
52.0411	28.0000	5.2915
52.0554	29.0000	5.3852
52.0696	22.0000	4.6904
52.0839	28.0000	5.2915
52.0981	37.0000	6.0828
52.1124	19.0000	4.3589
52.1267	24.0000	4.8990
52.1409	17.0000	4.1231
52.1552	19.0000	4.3589
52.1694	20.0000	4.4721
52.1837	24.0000	4.8990
52.1980	20.0000	4.4721
52.2122	19.0000	4.3589
52.2265	30.0000	5.4772
52.2407	30.0000	5.4772
52.2550	22.0000	4.6904
52.2692	26.0000	5.0990
52.2835	20.0000	4.4721
52.2978	21.0000	4.5826
52.3120	28.0000	5.2915
52.3263	21.0000	4.5826
52.3405	33.0000	5.7446
52.3548	18.0000	4.2426
52.3691	36.0000	6.0000
52.3833	23.0000	4.7958
52.3976	23.0000	4.7958
52.4118	24.0000	4.8990
52.4261	29.0000	5.3852
52.4404	18.0000	4.2426
52.4546	22.0000	4.6904
52.4689	26.0000	5.0990
52.4831	13.0000	3.6056
52.4974	23.0000	4.7958
52.5117	36.0000	6.0000
52.5259	27.0000	5.1962
52.5402	25.0000	5.0000
52.5544	23.0000	4.7958
52.5687	19.0000	4.3589
52.5830	28.0000	5.2915
52.5972	16.0000	4.0000
52.6115	31.0000	5.5678
52.6257	36.0000	6.0000
52.6400	27.0000	5.1962
52.6543	18.0000	4.2426
52.6685	21.0000	4.5826
52.6828	29.0000	5.3852
52.6970	27.0000	5.1962
52.7113	29.0000	5.3852
52.7256	29.0000	5.3852
52.7398	29.0000	5.3852
52.7541	27.0000	5.1962
52.7683	25.0000	5.0000
52.7826	24.0000	4.8990
52.7969	29.0000	5.3852
52.8111	31.0000	5.5678
52.8254	38.0000	6.1644
52.8396	27.0000	5.1962
52.8539	28.0000	5.2915
52.8681	34.0000	5.8310
52.8824	31.0000	5.5678
52.8967	26.0000	5.0990
52.9109	32.0000	5.6569
52.9252	26.0000	5.0990
52.9394	18.0000	4.2426
52.9537	23.0000	4.7958
52.9680	30.0000	5.4772
52.9822	27.0000	5.1962
52.9965	30.0000	5.4772
53.0107	24.0000	4.8990
53.0250	33.0000	5.7446
53.0393	23.0000	4.7958
53.0535	20.0000	4.4721
53.0678	25.0000	5.0000
53.0820	25.0000	5.0000
53.0963	35.0000	5.9161
53.1106	26.0000	5.0990
53.1248	24.0000	4.8990
53.1391	30.0000	5.4772
53.1533	27.0000	5.1962
53.1676	29.0000	5.3852
53.1819	24.0000	4.8990
53.1961	38.0000	6.1644
53.2104	27.0000	5.1962
53.2246	23.0000	4.7958
53.2389	28.0000	5.2915
53.2532	34.0000	5.8310
53.2674	32.0000	5.6569
53.2817	35.0000	5.9161
53.2959	35.0000	5.9161
53.3102	21.0000	4.5826
53.3245	27.0000	5.1962
53.3387	35.0000	5.9161
53.3530	28.0000	5.2915
53.3672	34.0000	5.8310
53.3815	28.0000	5.2915
53.3957	34.0000	5.8310
53.4100	41.0000	6.4031
53.4243	39.0000	6.2450
53.4385	32.0000	5.6569
53.4528	32.0000	5.6569
53.4670	31.0000	5.5678
53.4813	47.0000	6.8557
53.4956	36.0000	6.0000
53.5098	32.0000	5.6569
53.5241	38.0000	6.1644
53.5383	42.0000	6.4807
53.5526	40.0000	6.3246
53.5669	44.0000	6.6332
53.5811	44.0000	6.6332
53.5954	45.0000	6.7082
53.6096	34.0000	5.8310
53.6239	42.0000	6.4807
53.6382	52.0000	7.2111
53.6524	45.0000	6.7082
53.6667	65.0000	8.0623
53.6809	59.0000	7.6811
53.6952	49.0000	7.0000
53.7095	85.0000	9.2195
53.7237	72.0000	8.4853
53.7380	84.0000	9.1652
53.7522	85.0000	9.2195
53.7665	110.0000	10.4881
53.7808	93.0000	9.6437
53.7950	130.0000	11.4018
53.8093	159.0000	12.6095
53.8235	187.0000	13.6748
53.8378	177.0000	13.3041
53.8521	241.0000	15.5242
53.8663	276.0000	16.6132
53.8806	355.0000	18.8414
53.8948	386.0000	19.6469
53.9091	429.0000	20.7123
53.9234	440.0000	20.9762
53.9376	439.0000	20.9523
53.9519	485.0000	22.0227
53.9661	448.0000	21.1660
53.9804	389.0000	19.7231
53.9946	355.0000	18.8414
54.0089	313.0000	17.6918
54.0232	347.0000	18.6279
54.0374	289.0000	17.0000
54.0517	330.0000	18.1659
54.0659	277.0000	16.6433
54.0802	288.0000	16.9706
54.0945	240.0000	15.4919
54.1087	234.0000	15.2971
54.1230	194.0000	13.9284
54.1372	168.0000	12.9615
54.1515	122.0000	11.0454
54.1658	109.0000	10.4403
54.1800	112.0000	10.5830
54.1943	100.0000	10.0000
54.2085	83.0000	9.1104
54.2228	86.0000	9.2736
54.2371	80.0000	8.9443
54.2513	60.0000	7.7460
54.2656	71.0000	8.4261
54.2798	60.0000	7.7460
54.2941	55.0000	7.4162
54.3084	54.0000	7.3485
54.3226	46.0000	6.7823
54.3369	49.0000	7.0000
54.3511	54.0000	7.3485
54.3654	47.0000	6.8557
54.3797	42.0000	6.4807
54.3939	36.0000	6.0000
54.4082	37.0000	6.0828
54.4224	47.0000	6.8557
54.4367	38.0000	6.1644
54.4510	31.0000	5.5678
54.4652	36.0000	6.0000
54.4795	39.0000	6.2450
54.4937	32.0000	5.6569
54.5080	30.0000	5.4772
54.5222	28.0000	5.2915
54.5365	36.0000	6.0000
54.5508	27.0000	5.1962
54.5650	38.0000	6.1644
54.5793	34.0000	5.8310
54.5935	33.0000	5.7446
54.6078	39.0000	6.2450
54.6221	42.0000	6.4807
54.6363	36.0000	6.0000
54.6506	45.0000	6.7082
54.6648	32.0000	5.6569
54.6791	23.0000	4.7958
54.6934	37.0000	6.0828
54.7076	29.0000	5.3852
54.7219	19.0000	4.3589
54.7361	33.0000	5.7446
54.7504	25.0000	5.0000
54.7647	19.0000	4.3589
54.7789	23.0000	4.7958
54.7932	29.0000	5.3852
54.8074	25.0000	5.0000
54.8217	28.0000	5.2915
54.8360	26.0000	5.0990
54.8502	23.0000	4.7958
54.8645	29.0000	5.3852
54.8787	26.0000	5.0990
54.8930	17.0000	4.1231
54.9073	22.0000	4.6904
54.9215	31.0000	5.5678
54.9358	25.0000	5.0000
54.9500	31.0000	5.5678
54.9643	26.0000	5.0990
54.9786	27.0000	5.1962
54.9928	30.0000	5.4772
55.0071	29.0000	5.3852
55.0213	31.0000	5.5678
55.0356	20.0000	4.4721
55.0499	34.0000	5.8310
55.0641	25.0000	5.0000
55.0784	34.0000	5.8310
55.0926	31.0000	5.5678
55.1069	30.0000	5.4772
55.1211	32.0000	5.6569
55.1354	22.0000	4.6904
55.1497	22.0000	4.6904
55.1639	27.0000	5.1962
55.1782	26.0000	5.0990
55.1924	24.0000	4.8990
55.2067	17.0000	4.1231
55.2210	22.0000	4.6904
55.2352	25.0000	5.0000
55.2495	29.0000	5.3852
55.2637	20.0000	4.4721
55.2780	27.0000	5.1962
55.2923	18.0000	4.2426
55.3065	31.0000	5.5678
55.3208	29.0000	5.3852
55.3350	25.0000	5.0000
55.3493	26.0000	5.0990
55.3636	20.0000	4.4721
55.3778	22.0000	4.6904
55.3921	24.0000	4.8990
55.4063	25.0000	5.0000
55.4206	20.0000	4.4721
55.4349	26.0000	5.0990
55.4491	27.0000	5.1962
55.4634	18.0000	4.2426
55.4776	33.0000	5.7446
55.4919	28.0000	5.2915
55.5062	21.0000	4.5826
55.5204	24.0000	4.8990
55.5347	22.0000	4.6904
55.5489	28.0000	5.2915
55.5632	28.0000	5.2915
55.5775	20.0000	4.4721
55.5917	13.0000	3.6056
55.6060	23.0000	4.7958
55.6202	39.0000	6.2450
55.6345	19.0000	4.3589
55.6488	29.0000	5.3852
55.6630	27.0000	5.1962
55.6773	21.0000	4.5826
55.6915	20.0000	4.4721
55.7058	24.0000	4.8990
55.7200	22.0000	4.6904
55.7343	23.0000	4.7958
55.7486	29.0000	5.3852
55.7628	24.0000	4.8990
55.7771	19.0000	4.3589
55.7913	31.0000	5.5678
55.8056	38.0000	6.1644
55.8199	21.0000	4.5826
55.8341	30.0000	5.4772
55.8484	21.0000	4.5826
55.8626	36.0000	6.0000
55.8769	38.0000	6.1644
55.8912	37.0000	6.0828
55.9054	35.0000	5.9161
55.9197	27.0000	5.1962
55.9339	21.0000	4.5826
55.9482	27.0000	5.1962
55.9625	34.0000	5.8310
55.9767	38.0000	6.1644
55.9910	37.0000	6.0828
56.0052	35.0000	5.9161
56.0195	21.0000	4.5826
56.0338	36.0000	6.0000
56.0480	52.0000	7.2111
56.0623	40.0000	6.3246
56.0765	44.0000	6.6332
56.0908	41.0000	6.4031
56.1051	50.0000	7.0711
56.1193	56.0000	7.4833
56.1336	52.0000	7.2111
56.1478	55.0000	7.4162
56.1621	79.0000	8.8882
56.1764	93.0000	9.6437
56.1906	89.0000	9.4340
56.2049	119.0000	10.9087
56.2191	123.0000	11.0905
56.2334	119.0000	10.9087
56.2476	147.0000	12.1244
56.2619	138.0000	11.7473
56.2762	132.0000	11.4891
56.2904	117.0000	10.8167
56.3047	123.0000	11.0905
56.3189	105.0000	10.2470
56.3332	118.0000	10.8628
56.3475	93.0000	9.6437
56.3617	102.0000	10.0995
56.3760	99.0000	9.9499
56.3902	97.0000	9.8489
56.4045	102.0000	10.0995
56.4188	77.0000	8.7750
56.4330	87.0000	9.3274
56.4473	74.0000	8.6023
56.4615	64.0000	8.0000
56.4758	58.0000	7.6158
56.4901	55.0000	7.4162
56.5043	48.0000	6.9282
56.5186	36.0000	6.0000
56.5328	46.0000	6.7823
56.5471	34.0000	5.8310
56.5614	42.0000	6.4807
56.5756	38.0000	6.1644
56.5899	31.0000	5.5678
56.6041	30.0000	5.4772
56.6184	27.0000	5.1962
56.6327	26.0000	5.0990
56.6469	31.0000	5.5678
56.6612	30.0000	5.4772
56.6754	33.0000	5.7446
56.6897	25.0000	5.0000
56.7040	25.0000	5.0000
56.7182	35.0000	5.9161
56.7325	27.0000	5.1962
56.7467	25.0000	5.0000
56.7610	20.0000	4.4721
56.7753	25.0000	5.0000
56.7895	24.0000	4.8990
56.8038	18.0000	4.2426
56.8180	18.0000	4.2426
56.8323	33.0000	5.7446
56.8465	21.0000	4.5826
56.8608	21.0000	4.5826
56.8751	15.0000	3.8730
56.8893	20.0000	4.4721
56.9036	17.0000	4.1231
56.9178	27.0000	5.1962
56.9321	27.0000	5.1962
56.9464	28.0000	5.2915
56.9606	17.0000	4.1231
56.9749	22.0000	4.6904
56.9891	20.0000	4.4721
57.0034	21.0000	4.5826
57.0177	18.0000	4.2426
57.0319	25.0000	5.0000
57.0462	17.0000	4.1231
57.0604	17.0000	4.1231
57.0747	21.0000	4.5826
57.0890	25.0000	5.0000
57.1032	29.0000	5.3852
57.1175	21.0000	4.5826
57.1317	17.0000	4.1231
57.1460	22.0000	4.6904
57.1603	20.0000	4.4721
57.1745	17.0000	4.1231
57.1888	19.0000	4.3589
57.2030	29.0000	5.3852
57.2173	26.0000	5.0990
57.2316	25.0000	5.0000
57.2458	19.0000	4.3589
57.2601	20.0000	4.4721
57.2743	29.0000	5.3852
57.2886	32.0000	5.6569
57.3029	16.0000	4.0000
57.3171	25.0000	5.0000
57.3314	29.0000	5.3852
57.3456	20.0000	4.4721
57.3599	30.0000	5.4772
57.3741	24.0000	4.8990
57.3884	22.0000	4.6904
57.4027	19.0000	4.3589
57.4169	24.0000	4.8990
57.4312	25.0000	5.0000
57.4454	14.0000	3.7417
57.4597	26.0000	5.0990
57.4740	16.0000	4.0000
57.4882	22.0000	4.6904
57.5025	25.0000	5.0000
57.5167	18.0000	4.2426
57.5310	29.0000	5.3852
57.5453	21.0000	4.5826
57.5595	29.0000	5.3852
57.5738	30.0000	5.4772
57.5880	19.0000	4.3589
57.6023	14.0000	3.7417
57.6166	25.0000	5.0000
57.6308	21.0000	4.5826
57.6451	14.0000	3.7417
57.6593	16.0000	4.0000
57.6736	20.0000	4.4721
57.6879	23.0000	4.7958
57.7021	25.0000	5.0000
57.7164	23.0000	4.7958
57.7306	23.0000	4.7958
57.7449	21.0000	4.5826
57.7592	15.0000	3.8730
57.7734	25.0000	5.0000
57.7877	18.0000	4.2426
57.8019	24.0000	4.8990
57.8162	18.0000	4.2426
57.8305	25.0000	5.0000
57.8447	20.0000	4.4721
57.8590	24.0000	4.8990
57.8732	16.0000	4.0000
57.8875	23.0000	4.7958
57.9018	31.0000	5.5678
57.9160	15.0000	3.8730
57.9303	23.0000	4.7958
57.9445	31.0000	5.5678
57.9588	12.0000	3.4641
57.9730	19.0000	4.3589
57.9873	27.0000	5.1962
58.0016	20.0000	4.4721
58.0158	28.0000	5.2915
58.0301	18.0000	4.2426
58.0443	20.0000	4.4721
58.0586	21.0000	4.5826
58.0729	15.0000	3.8730
58.0871	23.0000	4.7958
58.1014	20.0000	4.4721
58.1156	20.0000	4.4721
58.1299	25.0000	5.0000
58.1442	19.0000	4.3589
58.1584	22.0000	4.6904
58.1727	19.0000	4.3589
58.1869	16.0000	4.0000
58.2012	18.0000	4.2426
58.2155	22.0000	4.6904
58.2297	27.0000	5.1962
58.2440	13.0000	3.6056
58.2582	16.0000	4.0000
58.2725	23.0000	4.7958
58.2868	29.0000	5.3852
58.3010	18.0000	4.2426
58.3153	18.0000	4.2426
58.3295	20.0000	4.4721
58.3438	20.0000	4.4721
58.3581	24.0000	4.8990
58.3723	25.0000	5.0000
58.3866	18.0000	4.2426
58.4008	22.0000	4.6904
58.4151	26.0000	5.0990
58.4294	26.0000	5.0990
58.4436	14.0000	3.7417
58.4579	11.0000	3.3166
58.4721	14.0000	3.7417
58.4864	17.0000	4.1231
58.5007	16.0000	4.0000
58.5149	34.0000	5.8310
58.5292	28.0000	5.2915
58.5434	25.0000	5.0000
58.5577	20.0000	4.4721
58.5719	24.0000	4.8990
58.5862	26.0000	5.0990
58.6005	21.0000	4.5826
58.6147	17.0000	4.1231
58.6290	20.0000	4.4721
58.6432	24.0000	4.8990
58.6575	26.0000	5.0990
58.6718	23.0000	4.7958
58.6860	14.0000	3.7417
58.7003	15.0000	3.8730
58.7145	17.0000	4.1231
58.7288	19.0000	4.3589
58.7431	14.0000	3.7417
58.7573	17.0000	4.1231
58.7716	16.0000	4.0000
58.7858	23.0000	4.7958
58.8001	23.0000	4.7958
58.8144	13.0000	3.6056
58.8286	25.0000	5.0000
58.8429	27.0000	5.1962
58.8571	22.0000	4.6904
58.8714	30.0000	5.4772
58.8857	25.0000	5.0000
58.8999	14.0000	3.7417
58.9142	24.0000	4.8990
58.9284	27.0000	5.1962
58.9427	22.0000	4.6904
58.9570	24.0000	4.8990
58.9712	19.0000	4.3589
58.9855	15.0000	3.8730
58.9997	18.0000	4.2426
59.0140	16.0000	4.0000
59.0283	20.0000	4.4721
59.0425	27.0000	5.1962
59.0568	19.0000	4.3589
59.0710	16.0000	4.0000
59.0853	20.0000	4.4721
59.0995	27.0000	5.1962
59.1138	25.0000	5.0000
59.1281	20.0000	4.4721
59.1423	36.0000	6.0000
59.1566	22.0000	4.6904
59.1708	14.0000	3.7417
59.1851	23.0000	4.7958
59.1994	19.0000	4.3589
59.2136	20.0000	4.4721
59.2279	23.0000	4.7958
59.2421	24.0000	4.8990
59.2564	27.0000	5.1962
59.2707	21.0000	4.5826
59.2849	14.0000	3.7417
59.2992	20.0000	4.4721
59.3134	23.0000	4.7958
59.3277	23.0000	4.7958
59.3420	26.0000	5.0990
59.3562	16.0000	4.0000
59.3705	22.0000	4.6904
59.3847	31.0000	5.5678
59.3990	27.0000	5.1962
59.4133	24.0000	4.8990
59.4275	13.0000	3.6056
59.4418	22.0000	4.6904
59.4560	23.0000	4.7958
59.4703	24.0000	4.8990
59.4846	25.0000	5.0000
59.4988	28.0000	5.2915
59.5131	27.0000	5.1962
59.5273	27.0000	5.1962
59.5416	24.0000	4.8990
59.5559	31.0000	5.5678
59.5701	21.0000	4.5826
59.5844	28.0000	5.2915
59.5986	28.0000	5.2915
59.6129	29.0000	5.3852
59.6272	27.0000	5.1962
59.6414	24.0000	4.8990
59.6557	21.0000	4.5826
59.6699	22.0000	4.6904
59.6842	28.0000	5.2915
59.6984	22.0000	4.6904
59.7127	26.0000	5.0990
59.7270	24.0000	4.8990
59.7412	15.0000	3.8730
59.7555	27.0000	5.1962
59.7697	28.0000	5.2915
59.7840	30.0000	5.4772
59.7983	27.0000	5.1962
59.8125	25.0000	5.0000
59.8268	36.0000	6.0000
59.8410	36.0000	6.0000
59.8553	44.0000	6.6332
59.8696	31.0000	5.5678
59.8838	23.0000	4.7958
59.8981	31.0000	5.5678
59.9123	29.0000	5.3852
59.9266	31.0000	5.5678
59.9409	26.0000	5.0990
59.9551	31.0000	5.5678
59.9694	22.0000	4.6904
59.9836	28.0000	5.2915
59.9979	30.0000	5.4772
60.0122	22.0000	4.6904
60.0264	37.0000	6.0828
60.0407	39.0000	6.2450
60.0549	23.0000	4.7958
60.0692	31.0000	5.5678
60.0835	30.0000	5.4772
60.0977	21.0000	4.5826
60.1120	31.0000	5.5678
60.1262	29.0000	5.3852
60.1405	23.0000	4.7958
60.1548	19.0000	4.3589
60.1690	28.0000	5.2915
60.1833	31.0000	5.5678
60.1975	28.0000	5.2915
60.2118	17.0000	4.1231
60.2260	21.0000	4.5826
60.2403	28.0000	5.2915
60.2546	23.0000	4.7958
60.2688	19.0000	4.3589
60.2831	28.0000	5.2915
60.2973	22.0000	4.6904
60.3116	26.0000	5.0990
60.3259	22.0000	4.6904
60.3401	22.0000	4.6904
60.3544	29.0000	5.3852
60.3686	24.0000	4.8990
60.3829	28.0000	5.2915
60.3972	22.0000	4.6904
60.4114	19.0000	4.3589
60.4257	23.0000	4.7958
60.4399	22.0000	4.6904
60.4542	20.0000	4.4721
60.4685	22.0000	4.6904
60.4827	34.0000	5.8310
60.4970	23.0000	4.7958
60.5112	24.0000	4.8990
60.5255	24.0000	4.8990
60.5398	21.0000	4.5826
60.5540	23.0000	4.7958
60.5683	42.0000	6.4807
60.5825	23.0000	4.7958
60.5968	34.0000	5.8310
60.6111	25.0000	5.0000
60.6253	26.0000	5.0990
60.6396	27.0000	5.1962
60.6538	31.0000	5.5678
60.6681	20.0000	4.4721
60.6824	30.0000	5.4772
60.6966	41.0000	6.4031
60.7109	29.0000	5.3852
60.7251	25.0000	5.0000
60.7394	32.0000	5.6569
60.7537	22.0000	4.6904
60.7679	22.0000	4.6904
60.7822	19.0000	4.3589
60.7964	18.0000	4.2426
60.8107	27.0000	5.1962
60.8249	26.0000	5.0990
60.8392	29.0000	5.3852
60.8535	26.0000	5.0990
60.8677	27.0000	5.1962
60.8820	19.0000	4.3589
60.8962	23.0000	4.7958
60.9105	29.0000	5.3852
60.9248	28.0000	5.2915
60.9390	28.0000	5.2915
60.9533	25.0000	5.0000
60.9675	33.0000	5.7446
60.9818	25.0000	5.0000
60.9961	28.0000	5.2915
61.0103	22.0000	4.6904
61.0246	30.0000	5.4772
61.0388	29.0000	5.3852
61.0531	32.0000	5.6569
61.0674	31.0000	5.5678
61.0816	30.0000	5.4772
61.0959	28.0000	5.2915
61.1101	23.0000	4.7958
61.1244	27.0000	5.1962
61.1387	32.0000	5.6569
61.1529	25.0000	5.0000
61.1672	35.0000	5.9161
61.1814	32.0000	5.6569
61.1957	16.0000	4.0000
61.2100	22.0000	4.6904
61.2242	28.0000	5.2915
61.2385	24.0000	4.8990
61.2527	23.0000	4.7958
61.2670	31.0000	5.5678
61.2813	34.0000	5.8310
61.2955	24.0000	4.8990
61.3098	16.0000	4.0000
61.3240	35.0000	5.9161
61.3383	42.0000	6.4807
61.3526	28.0000	5.2915
61.3668	23.0000	4.7958
61.3811	22.0000	4.6904
61.3953	24.0000	4.8990
61.4096	33.0000	5.7446
61.4238	31.0000	5.5678
61.4381	30.0000	5.4772
61.4524	28.0000	5.2915
61.4666	27.0000	5.1962
61.4809	29.0000	5.3852
61.4951	24.0000	4.8990
61.5094	26.0000	5.0990
61.5237	23.0000	4.7958
61.5379	28.0000	5.2915
61.5522	29.0000	5.3852
61.5664	25.0000	5.0000
61.5807	21.0000	4.5826
61.5950	19.0000	4.3589
61.6092	22.0000	4.6904
61.6235	29.0000	5.3852
61.6377	24.0000	4.8990
61.6520	34.0000	5.8310
61.6663	24.0000	4.8990
61.6805	27.0000	5.1962
61.6948	31.0000	5.5678
61.7090	29.0000	5.3852
61.7233	25.0000	5.0000
61.7376	20.0000	4.4721
61.7518	24.0000	4.8990
61.7661	27.0000	5.1962
61.7803	29.0000	5.3852
61.7946	28.0000	5.2915
61.8089	27.0000	5.1962
61.8231	26.0000	5.0990
61.8374	40.0000	6.3246
61.8516	24.0000	4.8990
61.8659	35.0000	5.9161
61.8802	26.0000	5.0990
61.8944	25.0000	5.0000
61.9087	27.0000	5.1962
61.9229	40.0000	6.3246
61.9372	22.0000	4.6904
61.9514	43.0000	6.5574
61.9657	34.0000	5.8310
61.9800	34.0000	5.8310
61.9942	27.0000	5.1962
62.0085	34.0000	5.8310
62.0227	35.0000	5.9161
62.0370	25.0000	5.0000
62.0513	46.0000	6.7823
62.0655	46.0000	6.7823
62.0798	46.0000	6.7823
62.0940	47.0000	6.8557
62.1083	48.0000	6.9282
62.1226	55.0000	7.4162
62.1368	73.0000	8.5440
62.1511	64.0000	8.0000
62.1653	89.0000	9.4340
62.1796	71.0000	8.4261
62.1939	91.0000	9.5394
62.2081	82.0000	9.0554
62.2224	78.0000	8.8318
62.2366	80.0000	8.9443
62.2509	51.0000	7.1414
62.2652	85.0000	9.2195
62.2794	62.0000	7.8740
62.2937	54.0000	7.3485
62.3079	70.0000	8.3666
62.3222	60.0000	7.7460
62.3365	62.0000	7.8740
62.3507	67.0000	8.1854
62.3650	59.0000	7.6811
62.3792	73.0000	8.5440
62.3935	43.0000	6.5574
62.4078	50.0000	7.0711
62.4220	55.0000	7.4162
62.4363	46.0000	6.7823
62.4505	35.0000	5.9161
62.4648	38.0000	6.1644
62.4791	42.0000	6.4807
62.4933	45.0000	6.7082
62.5076	37.0000	6.0828
62.5218	38.0000	6.1644
62.5361	33.0000	5.7446
62.5503	30.0000	5.4772
62.5646	29.0000	5.3852
62.5789	32.0000	5.6569
62.5931	33.0000	5.7446
62.6074	30.0000	5.4772
62.6216	31.0000	5.5678
62.6359	24.0000	4.8990
62.6502	30.0000	5.4772
62.6644	28.0000	5.2915
62.6787	34.0000	5.8310
62.6929	31.0000	5.5678
62.7072	35.0000	5.9161
62.7215	41.0000	6.4031
62.7357	24.0000	4.8990
62.7500	29.0000	5.3852
62.7642	30.0000	5.4772
62.7785	29.0000	5.3852
62.7928	19.0000	4.3589
62.8070	28.0000	5.2915
62.8213	31.0000	5.5678
62.8355	25.0000	5.0000
62.8498	40.0000	6.3246
62.8641	32.0000	5.6569
62.8783	28.0000	5.2915
62.8926	28.0000	5.2915
62.9068	35.0000	5.9161
62.9211	34.0000	5.8310
62.9354	27.0000	5.1962
62.9496	28.0000	5.2915
62.9639	29.0000	5.3852
62.9781	34.0000	5.8310
62.9924	33.0000	5.7446
63.0067	22.0000	4.6904
63.0209	21.0000	4.5826
63.0352	31.0000	5.5678
63.0494	34.0000	5.8310
63.0637	24.0000	4.8990
63.0779	27.0000	5.1962
63.0922	33.0000	5.7446
63.1065	25.0000	5.0000
63.1207	25.0000	5.0000
63.1350	31.0000	5.5678
63.1492	27.0000	5.1962
63.1635	27.0000	5.1962
63.1778	41.0000	6.4031
63.1920	31.0000	5.5678
63.2063	28.0000	5.2915
63.2205	27.0000	5.1962
63.2348	23.0000	4.7958
63.2491	23.0000	4.7958
63.2633	24.0000	4.8990
63.2776	30.0000	5.4772
63.2918	29.0000	5.3852
63.3061	34.0000	5.8310
63.3204	30.0000	5.4772
63.3346	30.0000	5.4772
63.3489	30.0000	5.4772
63.3631	37.0000	6.0828
63.3774	39.0000	6.2450
63.3917	27.0000	5.1962
63.4059	38.0000	6.1644
63.4202	37.0000	6.0828
63.4344	33.0000	5.7446
63.4487	48.0000	6.9282
63.4630	38.0000	6.1644
63.4772	32.0000	5.6569
63.4915	41.0000	6.4031
63.5057	42.0000	6.4807
63.5200	52.0000	7.2111
63.5343	35.0000	5.9161
63.5485	61.0000	7.8102
63.5628	56.0000	7.4833
63.5770	62.0000	7.8740
63.5913	78.0000	8.8318
63.6056	77.0000	8.7750
63.6198	81.0000	9.0000
63.6341	80.0000	8.9443
63.6483	71.0000	8.4261
63.6626	62.0000	7.8740
63.6768	62.0000	7.8740
63.6911	58.0000	7.6158
63.7054	69.0000	8.3066
63.7196	47.0000	6.8557
63.7339	51.0000	7.1414
63.7481	50.0000	7.0711
63.7624	50.0000	7.0711
63.7767	49.0000	7.0000
63.7909	64.0000	8.0000
63.8052	70.0000	8.3666
63.8194	52.0000	7.2111
63.8337	62.0000	7.8740
63.8480	59.0000	7.6811
63.8622	48.0000	6.9282
63.8765	36.0000	6.0000
63.8907	37.0000	6.0828
63.9050	35.0000	5.9161
63.9193	32.0000	5.6569
63.9335	28.0000	5.2915
63.9478	30.0000	5.4772
63.9620	29.0000	5.3852
63.9763	27.0000	5.1962
63.9906	29.0000	5.3852
64.0048	30.0000	5.4772
64.0191	36.0000	6.0000
64.0333	37.0000	6.0828
64.0476	18.0000	4.2426
64.0619	32.0000	5.6569
64.0761	32.0000	5.6569
64.0904	39.0000	6.2450
64.1046	27.0000	5.1962
64.1189	23.0000	4.7958
64.1332	33.0000	5.7446
64.1474	28.0000	5.2915
64.1617	33.0000	5.7446
64.1759	42.0000	6.4807
64.1902	25.0000	5.0000
64.2045	26.0000	5.0990
64.2187	23.0000	4.7958
64.2330	28.0000	5.2915
64.2472	27.0000	5.1962
64.2615	25.0000	5.0000
64.2757	30.0000	5.4772
64.2900	23.0000	4.7958
64.3043	24.0000	4.8990
64.3185	20.0000	4.4721
64.3328	26.0000	5.0990
64.3470	28.0000	5.2915
64.3613	33.0000	5.7446
64.3756	27.0000	5.1962
64.3898	20.0000	4.4721
64.4041	28.0000	5.2915
64.4183	39.0000	6.2450
64.4326	22.0000	4.6904
64.4469	24.0000	4.8990
64.4611	24.0000	4.8990
64.4754	28.0000	5.2915
64.4896	31.0000	5.5678
64.5039	27.0000	5.1962
64.5182	28.0000	5.2915
64.5324	34.0000	5.8310
64.5467	25.0000	5.0000
64.5609	24.0000	4.8990
64.5752	22.0000	4.6904
64.5895	19.0000	4.3589
64.6037	29.0000	5.3852
64.6180	40.0000	6.3246
64.6322	26.0000	5.0990
64.6465	24.0000	4.8990
64.6608	35.0000	5.9161
64.6750	29.0000	5.3852
64.6893	29.0000	5.3852
64.7035	22.0000	4.6904
64.7178	25.0000	5.0000
64.7321	24.0000	4.8990
64.7463	27.0000	5.1962
64.7606	15.0000	3.8730
64.7748	24.0000	4.8990
64.7891	14.0000	3.7417
64.8033	25.0000	5.0000
64.8176	24.0000	4.8990
64.8319	26.0000	5.0990
64.8461	34.0000	5.8310
64.8604	23.0000	4.7958
64.8746	31.0000	5.5678
64.8889	33.0000	5.7446
64.9032	23.0000	4.7958
64.9174	28.0000	5.2915
64.9317	27.0000	5.1962
64.9459	20.0000	4.4721
64.9602	24.0000	4.8990
64.9745	30.0000	5.4772
64.9887	30.0000	5.4772
65.0030	28.0000	5.2915
65.0172	35.0000	5.9161
65.0315	27.0000	5.1962
65.0458	20.0000	4.4721
65.0600	28.0000	5.2915
65.0743	25.0000	5.0000
65.0885	29.0000	5.3852
65.1028	21.0000	4.5826
65.1171	34.0000	5.8310
65.1313	33.0000	5.7446
65.1456	27.0000	5.1962
65.1598	23.0000	4.7958
65.1741	21.0000	4.5826
65.1884	24.0000	4.8990
65.2026	34.0000	5.8310
65.2169	24.0000	4.8990
65.2311	32.0000	5.6569
65.2454	28.0000	5.2915
65.2597	36.0000	6.0000
65.2739	20.0000	4.4721
65.2882	27.0000	5.1962
65.3024	23.0000	4.7958
65.3167	34.0000	5.8310
65.3310	23.0000	4.7958
65.3452	23.0000	4.7958
65.3595	23.0000	4.7958
65.3737	24.0000	4.8990
65.3880	27.0000	5.1962
65.4022	24.0000	4.8990
65.4165	17.0000	4.1231
65.4308	19.0000	4.3589
65.4450	16.0000	4.0000
65.4593	21.0000	4.5826
65.4735	27.0000	5.1962
65.4878	26.0000	5.0990
65.5021	23.0000	4.7958
65.5163	24.0000	4.8990
65.5306	24.0000	4.8990
65.5448	17.0000	4.1231
65.5591	33.0000	5.7446
65.5734	30.0000	5.4772
65.5876	30.0000	5.4772
65.6019	24.0000	4.8990
65.6161	25.0000	5.0000
65.6304	28.0000	5.2915
65.6447	28.0000	5.2915
65.6589	25.0000	5.0000
65.6732	37.0000	6.0828
65.6874	28.0000	5.2915
65.7017	28.0000	5.2915
65.7160	23.0000	4.7958
65.7302	17.0000	4.1231
65.7445	25.0000	5.0000
65.7587	23.0000	4.7958
65.7730	19.0000	4.3589
65.7873	24.0000	4.8990
65.8015	26.0000	5.0990
65.8158	22.0000	4.6904
65.8300	20.0000	4.4721
65.8443	31.0000	5.5678
65.8586	26.0000	5.0990
65.8728	28.0000	5.2915
65.8871	32.0000	5.6569
65.9013	27.0000	5.1962
65.9156	27.0000	5.1962
65.9298	28.0000	5.2915
65.9441	26.0000	5.0990
65.9584	19.0000	4.3589
65.9726	33.0000	5.7446
65.9869	24.0000	4.8990
66.0011	22.0000	4.6904
66.0154	35.0000	5.9161
66.0297	24.0000	4.8990
66.0439	27.0000	5.1962
66.0582	22.0000	4.6904
66.0724	20.0000	4.4721
66.0867	23.0000	4.7958
66.1010	31.0000	5.5678
66.1152	28.0000	5.2915
66.1295	27.0000	5.1962
66.1437	24.0000	4.8990
66.1580	20.0000	4.4721
66.1723	27.0000	5.1962
66.1865	32.0000	5.6569
66.2008	32.0000	5.6569
66.2150	21.0000	4.5826
66.2293	21.0000	4.5826
66.2436	21.0000	4.5826
66.2578	22.0000	4.6904
66.2721	30.0000	5.4772
66.2863	15.0000	3.8730
66.3006	18.0000	4.2426
66.3149	36.0000	6.0000
66.3291	30.0000	5.4772
66.3434	27.0000	5.1962
66.3576	17.0000	4.1231
66.3719	30.0000	5.4772
66.3862	12.0000	3.4641
66.4004	25.0000	5.0000
66.4147	30.0000	5.4772
66.4289	21.0000	4.5826
66.4432	27.0000	5.1962
66.4575	26.0000	5.0990
66.4717	22.0000	4.6904
66.4860	29.0000	5.3852
66.5002	27.0000	5.1962
66.5145	34.0000	5.8310
66.5287	23.0000	4.7958
66.5430	20.0000	4.4721
66.5573	26.0000	5.0990
66.5715	31.0000	5.5678
66.5858	20.0000	4.4721
66.6000	21.0000	4.5826
66.6143	18.0000	4.2426
66.6286	30.0000	5.4772
66.6428	22.0000	4.6904
66.6571	35.0000	5.9161
66.6713	21.0000	4.5826
66.6856	32.0000	5.6569
66.6999	26.0000	5.0990
66.7141	26.0000	5.0990
66.7284	18.0000	4.2426
66.7426	20.0000	4.4721
66.7569	31.0000	5.5678
66.7712	26.0000	5.0990
66.7854	32.0000	5.6569
66.7997	29.0000	5.3852
66.8139	14.0000	3.7417
66.8282	24.0000	4.8990
66.8425	28.0000	5.2915
66.8567	18.0000	4.2426
66.8710	26.0000	5.0990
66.8852	32.0000	5.6569
66.8995	22.0000	4.6904
66.9138	19.0000	4.3589
66.9280	32.0000	5.6569
66.9423	20.0000	4.4721
66.9565	34.0000	5.8310
66.9708	25.0000	5.0000
66.9851	17.0000	4.1231
66.9993	40.0000	6.3246
67.0136	19.0000	4.3589
67.0278	19.0000	4.3589
67.0421	27.0000	5.1962
67.0564	24.0000	4.8990
67.0706	25.0000	5.0000
67.0849	27.0000	5.1962
67.0991	29.0000	5.3852
67.1134	29.0000	5.3852
67.1276	17.0000	4.1231
67.1419	20.0000	4.4721
67.1562	22.0000	4.6904
67.1704	23.0000	4.7958
67.1847	23.0000	4.7958
67.1989	25.0000	5.0000
67.2132	31.0000	5.5678
67.2275	17.0000	4.1231
67.2417	30.0000	5.4772
67.2560	23.0000	4.7958
67.2702	21.0000	4.5826
67.2845	22.0000	4.6904
67.2988	27.0000	5.1962
67.3130	21.0000	4.5826
67.3273	25.0000	5.0000
67.3415	22.0000	4.6904
67.3558	34.0000	5.8310
67.3701	32.0000	5.6569
67.3843	21.0000	4.5826
67.3986	33.0000	5.7446
67.4128	27.0000	5.1962
67.4271	31.0000	5.5678
67.4414	21.0000	4.5826
67.4556	20.0000	4.4721
67.4699	25.0000	5.0000
67.4841	17.0000	4.1231
67.4984	18.0000	4.2426
67.5127	26.0000	5.0990
67.5269	21.0000	4.5826
67.5412	15.0000	3.8730
67.5554	29.0000	5.3852
67.5697	27.0000	5.1962
67.5840	24.0000	4.8990
67.5982	30.0000	5.4772
67.6125	38.0000	6.1644
67.6267	16.0000	4.0000
67.6410	22.0000	4.6904
67.6552	21.0000	4.5826
67.6695	24.0000	4.8990
67.6838	26.0000	5.0990
67.6980	20.0000	4.4721
67.7123	23.0000	4.7958
67.7265	22.0000	4.6904
67.7408	22.0000	4.6904
67.7551	26.0000	5.0990
67.7693	27.0000	5.1962
67.7836	34.0000	5.8310
67.7978	18.0000	4.2426
67.8121	24.0000	4.8990
67.8264	25.0000	5.0000
67.8406	27.0000	5.1962
67.8549	30.0000	5.4772
67.8691	29.0000	5.3852
67.8834	23.0000	4.7958
67.8977	22.0000	4.6904
67.9119	23.0000	4.7958
67.9262	16.0000	4.0000
67.9404	27.0000	5.1962
67.9547	22.0000	4.6904
67.9690	32.0000	5.6569
67.9832	22.0000	4.6904
67.9975	30.0000	5.4772
68.0117	21.0000	4.5826
68.0260	40.0000	6.3246
68.0403	40.0000	6.3246
68.0545	25.0000	5.0000
68.0688	27.0000	5.1962
68.0830	25.0000	5.0000
68.0973	26.0000	5.0990
68.1116	37.0000	6.0828
68.1258	33.0000	5.7446
68.1401	38.0000	6.1644
68.1543	37.0000	6.0828
68.1686	39.0000	6.2450
68.1829	35.0000	5.9161
68.1971	44.0000	6.6332
68.2114	36.0000	6.0000
68.2256	47.0000	6.8557
68.2399	49.0000	7.0000
68.2541	32.0000	5.6569
68.2684	57.0000	7.5498
68.2827	52.0000	7.2111
68.2969	46.0000	6.7823
68.3112	50.0000	7.0711
68.3254	45.0000	6.7082
68.3397	48.0000	6.9282
68.3540	67.0000	8.1854
68.3682	68.0000	8.2462
68.3825	78.0000	8.8318
68.3967	104.0000	10.1980
68.4110	99.0000	9.9499
68.4253	114.0000	10.6771
68.4395	140.0000	11.8322
68.4538	163.0000	12.7671
68.4680	140.0000	11.8322
68.4823	147.0000	12.1244
68.4966	160.0000	12.6491
68.5108	118.0000	10.8628
68.5251	139.0000	11.7898
68.5393	119.0000	10.9087
68.5536	101.0000	10.0499
68.5679	103.0000	10.1489
68.5821	82.0000	9.0554
68.5964	84.0000	9.1652
68.6106	98.0000	9.8995
68.6249	97.0000	9.8489
68.6392	92.0000	9.5917
68.6534	96.0000	9.7980
68.6677	98.0000	9.8995
68.6819	76.0000	8.7178
68.6962	80.0000	8.9443
68.7105	74.0000	8.6023
68.7247	77.0000	8.7750
68.7390	49.0000	7.0000
68.7532	61.0000	7.8102
68.7675	43.0000	6.5574
68.7817	48.0000	6.9282
68.7960	46.0000	6.7823
68.8103	44.0000	6.6332
68.8245	40.0000	6.3246
68.8388	39.0000	6.2450
68.8530	37.0000	6.0828
68.8673	31.0000	5.5678
68.8816	35.0000	5.9161
68.8958	33.0000	5.7446
68.9101	35.0000	5.9161
68.9243	42.0000	6.4807
68.9386	42.0000	6.4807
68.9529	36.0000	6.0000
68.9671	34.0000	5.8310
68.9814	30.0000	5.4772
68.9956	47.0000	6.8557
69.0099	37.0000	6.0828
69.0242	45.0000	6.7082
69.0384	49.0000	7.0000
69.0527	56.0000	7.4833
69.0669	57.0000	7.5498
69.0812	66.0000	8.1240
69.0955	69.0000	8.3066
69.1097	68.0000	8.2462
69.1240	78.0000	8.8318
69.1382	90.0000	9.4868
69.1525	75.0000	8.6603
69.1668	82.0000	9.0554
69.1810	77.0000	8.7750
69.1953	73.0000	8.5440
69.2095	74.0000	8.6023
69.2238	87.0000	9.3274
69.2381	73.0000	8.5440
69.2523	77.0000	8.7750
69.2666	54.0000	7.3485
69.2808	48.0000	6.9282
69.2951	54.0000	7.3485
69.3094	61.0000	7.8102
69.3236	50.0000	7.0711
69.3379	83.0000	9.1104
69.3521	53.0000	7.2801
69.3664	57.0000	7.5498
69.3806	59.0000	7.6811
69.3949	50.0000	7.0711
69.4092	58.0000	7.6158
69.4234	57.0000	7.5498
69.4377	47.0000	6.8557
69.4519	46.0000	6.7823
69.4662	37.0000	6.0828
69.4805	42.0000	6.4807
69.4947	34.0000	5.8310
69.5090	32.0000	5.6569
69.5232	35.0000	5.9161
69.5375	31.0000	5.5678
69.5518	31.0000	5.5678
69.5660	34.0000	5.8310
69.5803	18.0000	4.2426
69.5945	29.0000	5.3852
69.6088	23.0000	4.7958
69.6231	20.0000	4.4721
69.6373	31.0000	5.5678
69.6516	14.0000	3.7417
69.6658	21.0000	4.5826
69.6801	19.0000	4.3589
69.6944	21.0000	4.5826
69.7086	21.0000	4.5826
69.7229	22.0000	4.6904
69.7371	24.0000	4.8990
69.7514	18.0000	4.2426
69.7657	22.0000	4.6904
69.7799	25.0000	5.0000
69.7942	18.0000	4.2426
69.8084	17.0000	4.1231
69.8227	20.0000	4.4721
69.8370	15.0000	3.8730
69.8512	22.0000	4.6904
69.8655	27.0000	5.1962
69.8797	22.0000	4.6904
69.8940	23.0000	4.7958
69.9083	29.0000	5.3852
69.9225	33.0000	5.7446
69.9368	20.0000	4.4721
69.9510	22.0000	4.6904
69.9653	28.0000	5.2915
69.9795	15.0000	3.8730
69.9938	26.0000	5.0990
70.0081	23.0000	4.7958
70.0223	26.0000	5.0990
70.0366	22.0000	4.6904
70.0508	13.0000	3.6056
70.0651	23.0000	4.7958
70.0794	26.0000	5.0990
70.0936	19.0000	4.3589
70.1079	22.0000	4.6904
70.1221	20.0000	4.4721
70.1364	29.0000	5.3852
70.1507	26.0000	5.0990
70.1649	22.0000	4.6904
70.1792	22.0000	4.6904
70.1934	29.0000	5.3852
70.2077	24.0000	4.8990
70.2220	25.0000	5.0000
70.2362	30.0000	5.4772
70.2505	23.0000	4.7958
70.2647	32.0000	5.6569
70.2790	19.0000	4.3589
70.2933	26.0000	5.0990
70.3075	14.0000	3.7417
70.3218	21.0000	4.5826
70.3360	20.0000	4.4721
70.3503	20.0000	4.4721
70.3646	16.0000	4.0000
70.3788	18.0000	4.2426
70.3931	21.0000	4.5826
70.4073	20.0000	4.4721
70.4216	25.0000	5.0000
70.4359	17.0000	4.1231
70.4501	28.0000	5.2915
70.4644	29.0000	5.3852
70.4786	17.0000	4.1231
70.4929	28.0000	5.2915
70.5071	21.0000	4.5826
70.5214	23.0000	4.7958
70.5357	22.0000	4.6904
70.5499	28.0000	5.2915
70.5642	28.0000	5.2915
70.5784	31.0000	5.5678
70.5927	15.0000	3.8730
70.6070	23.0000	4.7958
70.6212	18.0000	4.2426
70.6355	30.0000	5.4772
70.6497	18.0000	4.2426
70.6640	27.0000	5.1962
70.6783	19.0000	4.3589
70.6925	22.0000	4.6904
70.7068	22.0000	4.6904
70.7210	34.0000	5.8310
70.7353	21.0000	4.5826
70.7496	20.0000	4.4721
70.7638	29.0000	5.3852
70.7781	29.0000	5.3852
70.7923	16.0000	4.0000
70.8066	29.0000	5.3852
70.8209	21.0000	4.5826
70.8351	16.0000	4.0000
70.8494	16.0000	4.0000
70.8636	24.0000	4.8990
70.8779	27.0000	5.1962
70.8922	25.0000	5.0000
70.9064	18.0000	4.2426
70.9207	18.0000	4.2426
70.9349	19.0000	4.3589
70.9492	18.0000	4.2426
70.9635	16.0000	4.0000
70.9777	20.0000	4.4721
70.9920	27.0000	5.1962
71.0062	20.0000	4.4721
71.0205	23.0000	4.7958
71.0348	17.0000	4.1231
71.0490	17.0000	4.1231
71.0633	14.0000	3.7417
71.0775	27.0000	5.1962
71.0918	23.0000	4.7958
71.1060	18.0000	4.2426
71.1203	23.0000	4.7958
71.1346	22.0000	4.6904
71.1488	9.0000	3.0000
71.1631	28.0000	5.2915
71.1773	24.0000	4.8990
71.1916	18.0000	4.2426
71.2059	15.0000	3.8730
71.2201	23.0000	4.7958
71.2344	17.0000	4.1231
71.2486	12.0000	3.4641
71.2629	19.0000	4.3589
71.2772	19.0000	4.3589
71.2914	21.0000	4.5826
71.3057	27.0000	5.1962
71.3199	26.0000	5.0990
71.3342	20.0000	4.4721
71.3485	24.0000	4.8990
71.3627	20.0000	4.4721
71.3770	28.0000	5.2915
71.3912	20.0000	4.4721
71.4055	21.0000	4.5826
71.4198	26.0000	5.0990
71.4340	21.0000	4.5826
71.4483	19.0000	4.3589
71.4625	22.0000	4.6904
71.4768	17.0000	4.1231
71.4911	24.0000	4.8990
71.5053	16.0000	4.0000
71.5196	20.0000	4.4721
71.5338	20.0000	4.4721
71.5481	27.0000	5.1962
71.5624	21.0000	4.5826
71.5766	21.0000	4.5826
71.5909	21.0000	4.5826
71.6051	19.0000	4.3589
71.6194	22.0000	4.6904
71.6336	14.0000	3.7417
71.6479	17.0000	4.1231
71.6622	21.0000	4.5826
71.6764	15.0000	3.8730
71.6907	15.0000	3.8730
71.7049	24.0000	4.8990
71.7192	20.0000	4.4721
71.7335	23.0000	4.7958
71.7477	24.0000	4.8990
71.7620	18.0000	4.2426
71.7762	18.0000	4.2426
71.7905	23.0000	4.7958
71.8048	20.0000	4.4721
71.8190	19.0000	4.3589
71.8333	21.0000	4.5826
71.8475	22.0000	4.6904
71.8618	24.0000	4.8990
71.8761	24.0000	4.8990
71.8903	24.0000	4.8990
71.9046	28.0000	5.2915
71.9188	26.0000	5.0990
71.9331	19.0000	4.3589
71.9474	24.0000	4.8990
71.9616	19.0000	4.3589
71.9759	31.0000	5.5678
71.9901	28.0000	5.2915
72.0044	20.0000	4.4721
72.0187	19.0000	4.3589
72.0329	25.0000	5.0000
72.0472	27.0000	5.1962
72.0614	27.0000	5.1962
72.0757	27.0000	5.1962
72.0900	22.0000	4.6904
72.1042	17.0000	4.1231
72.1185	15.0000	3.8730
72.1327	23.0000	4.7958
72.1470	22.0000	4.6904
72.1613	17.0000	4.1231
72.1755	15.0000	3.8730
72.1898	20.0000	4.4721
72.2040	14.0000	3.7417
72.2183	18.0000	4.2426
72.2325	26.0000	5.0990
72.2468	16.0000	4.0000
72.2611	22.0000	4.6904
72.2753	19.0000	4.3589
72.2896	31.0000	5.5678
72.3038	22.0000	4.6904
72.3181	23.0000	4.7958
72.3324	19.0000	4.3589
72.3466	17.0000	4.1231
72.3609	15.0000	3.8730
72.3751	17.0000	4.1231
72.3894	15.0000	3.8730
72.4037	20.0000	4.4721
72.4179	9.0000	3.0000
72.4322	19.0000	4.3589
72.4464	22.0000	4.6904
72.4607	15.0000	3.8730
72.4750	22.0000	4.6904
72.4892	22.0000	4.6904
72.5035	15.0000	3.8730
72.5177	15.0000	3.8730
72.5320	14.0000	3.7417
72.5463	12.0000	3.4641
72.5605	9.0000	3.0000
72.5748	16.0000	4.0000
72.5890	16.0000	4.0000
72.6033	18.0000	4.2426
72.6176	21.0000	4.5826
72.6318	16.0000	4.0000
72.6461	17.0000	4.1231
72.6603	13.0000	3.6056
72.6746	17.0000	4.1231
72.6889	21.0000	4.5826
72.7031	17.0000	4.1231
72.7174	20.0000	4.4721
72.7316	20.0000	4.4721
72.7459	19.0000	4.3589
72.7602	13.0000	3.6056
72.7744	15.0000	3.8730
72.7887	21.0000	4.5826
72.8029	15.0000	3.8730
72.8172	17.0000	4.1231
72.8314	18.0000	4.2426
72.8457	18.0000	4.2426
72.8600	17.0000	4.1231
72.8742	16.0000	4.0000
72.8885	14.0000	3.7417
72.9027	19.0000	4.3589
72.9170	26.0000	5.0990
72.9313	15.0000	3.8730
72.9455	13.0000	3.6056
72.9598	13.0000	3.6056
72.9740	24.0000	4.8990
72.9883	23.0000	4.7958
73.0026	17.0000	4.1231
73.0168	15.0000	3.8730
73.0311	17.0000	4.1231
73.0453	16.0000	4.0000
73.0596	17.0000	4.1231
73.0739	26.0000	5.0990
73.0881	21.0000	4.5826
73.1024	12.0000	3.4641
73.1166	18.0000	4.2426
73.1309	24.0000	4.8990
73.1452	15.0000	3.8730
73.1594	18.0000	4.2426
73.1737	15.0000	3.8730
73.1879	15.0000	3.8730
73.2022	11.0000	3.3166
73.2165	17.0000	4.1231
73.2307	23.0000	4.7958
73.2450	18.0000	4.2426
73.2592	20.0000	4.4721
73.2735	11.0000	3.3166
73.2878	19.0000	4.3589
73.3020	24.0000	4.8990
73.3163	21.0000	4.5826
73.3305	18.0000	4.2426
73.3448	23.0000	4.7958
73.3590	22.0000	4.6904
73.3733	22.0000	4.6904
73.3876	13.0000	3.6056
73.4018	14.0000	3.7417
73.4161	15.0000	3.8730
73.4303	22.0000	4.6904
73.4446	36.0000	6.0000
73.4589	19.0000	4.3589
73.4731	21.0000	4.5826
73.4874	21.0000	4.5826
73.5016	16.0000	4.0000
73.5159	22.0000	4.6904
73.5302	12.0000	3.4641
73.5444	15.0000	3.8730
73.5587	15.0000	3.8730
73.5729	18.0000	4.2426
73.5872	20.0000	4.4721
73.6015	17.0000	4.1231
73.6157	11.0000	3.3166
73.6300	16.0000	4.0000
73.6442	17.0000	4.1231
73.6585	12.0000	3.4641
73.6728	12.0000	3.4641
73.6870	21.0000	4.5826
73.7013	18.0000	4.2426
73.7155	14.0000	3.7417
73.7298	19.0000	4.3589
73.7441	9.0000	3.0000
73.7583	15.0000	3.8730
73.7726	12.0000	3.4641
73.7868	13.0000	3.6056
73.8011	15.0000	3.8730
73.8154	20.0000	4.4721
73.8296	20.0000	4.4721
73.8439	13.0000	3.6056
73.8581	16.0000	4.0000
73.8724	17.0000	4.1231
73.8867	10.0000	3.1623
73.9009	18.0000	4.2426
73.9152	13.0000	3.6056
73.9294	11.0000	3.3166
73.9437	20.0000	4.4721
73.9579	14.0000	3.7417
73.9722	26.0000	5.0990
73.9865	10.0000	3.1623
74.0007	12.0000	3.4641
74.0150	15.0000	3.8730
74.0292	19.0000	4.3589
74.0435	16.0000	4.0000
74.0578	15.0000	3.8730
74.0720	19.0000	4.3589
74.0863	13.0000	3.6056
74.1005	16.0000	4.0000
74.1148	21.0000	4.5826
74.1291	19.0000	4.3589
74.1433	25.0000	5.0000
74.1576	24.0000	4.8990
74.1718	13.0000	3.6056
74.1861	15.0000	3.8730
74.2004	20.0000	4.4721
74.2146	26.0000	5.0990
74.2289	18.0000	4.2426
74.2431	16.0000	4.0000
74.2574	16.0000	4.0000
74.2717	16.0000	4.0000
74.2859	21.0000	4.5826
74.3002	17.0000	4.1231
74.3144	18.0000	4.2426
74.3287	22.0000	4.6904
74.3430	20.0000	4.4721
74.3572	13.0000	3.6056
74.3715	20.0000	4.4721
74.3857	20.0000	4.4721
74.4000	17.0000	4.1231
74.4143	17.0000	4.1231
74.4285	22.0000	4.6904
74.4428	17.0000	4.1231
74.4570	20.0000	4.4721
74.4713	19.0000	4.3589
74.4855	15.0000	3.8730
74.4998	11.0000	3.3166
74.5141	17.0000	4.1231
74.5283	12.0000	3.4641
74.5426	15.0000	3.8730
74.5568	19.0000	4.3589
74.5711	16.0000	4.0000
74.5854	21.0000	4.5826
74.5996	21.0000	4.5826
74.6139	10.0000	3.1623
74.6281	16.0000	4.0000
74.6424	20.0000	4.4721
74.6567	20.0000	4.4721
74.6709	24.0000	4.8990
74.6852	19.0000	4.3589
74.6994	16.0000	4.0000
74.7137	22.0000	4.6904
74.7280	11.0000	3.3166
74.7422	21.0000	4.5826
74.7565	11.0000	3.3166
74.7707	14.0000	3.7417
74.7850	18.0000	4.2426
74.7993	18.0000	4.2426
74.8135	22.0000	4.6904
74.8278	16.0000	4.0000
74.8420	14.0000	3.7417
74.8563	18.0000	4.2426
74.8706	16.0000	4.0000
74.8848	12.0000	3.4641
74.8991	16.0000	4.0000
74.9133	23.0000	4.7958
74.9276	15.0000	3.8730
74.9419	15.0000	3.8730
74.9561	15.0000	3.8730
74.9704	16.0000	4.0000
74.9846	16.0000	4.0000
74.9989	15.0000	3.8730
75.0132	23.0000	4.7958
75.0274	13.0000	3.6056
75.0417	20.0000	4.4721
75.0559	14.0000	3.7417
75.0702	8.0000	2.8284
75.0844	14.0000	3.7417
75.0987	12.0000	3.4641
75.1130	25.0000	5.0000
75.1272	22.0000	4.6904
75.1415	18.0000	4.2426
75.1557	19.0000	4.3589
75.1700	14.0000	3.7417
75.1843	21.0000	4.5826
75.1985	17.0000	4.1231
75.2128	24.0000	4.8990
75.2270	11.0000	3.3166
75.2413	14.0000	3.7417
75.2556	21.0000	4.5826
75.2698	16.0000	4.0000
75.2841	17.0000	4.1231
75.2983	22.0000	4.6904
75.3126	17.0000	4.1231
75.3269	21.0000	4.5826
75.3411	13.0000	3.6056
75.3554	17.0000	4.1231
75.3696	14.0000	3.7417
75.3839	12.0000	3.4641
75.3982	17.0000	4.1231
75.4124	23.0000	4.7958
75.4267	20.0000	4.4721
75.4409	16.0000	4.0000
75.4552	12.0000	3.4641
75.4695	16.0000	4.0000
75.4837	19.0000	4.3589
75.4980	21.0000	4.5826
75.5122	15.0000	3.8730
75.5265	15.0000	3.8730
75.5408	19.0000	4.3589
75.5550	23.0000	4.7958
75.5693	23.0000	4.7958
75.5835	18.0000	4.2426
75.5978	21.0000	4.5826
75.6121	27.0000	5.1962
75.6263	17.0000	4.1231
75.6406	11.0000	3.3166
75.6548	13.0000	3.6056
75.6691	15.0000	3.8730
75.6833	15.0000	3.8730
75.6976	24.0000	4.8990
75.7119	19.0000	4.3589
75.7261	21.0000	4.5826
75.7404	18.0000	4.2426
75.7546	18.0000	4.2426
75.7689	20.0000	4.4721
75.7832	29.0000	5.3852
75.7974	27.0000	5.1962
75.8117	22.0000	4.6904
75.8259	28.0000	5.2915
75.8402	26.0000	5.0990
75.8545	31.0000	5.5678
75.8687	26.0000	5.0990
75.8830	23.0000	4.7958
75.8972	18.0000	4.2426
75.9115	27.0000	5.1962
75.9258	30.0000	5.4772
75.9400	17.0000	4.1231
75.9543	27.0000	5.1962
75.9685	23.0000	4.7958
75.9828	27.0000	5.1962
75.9971	29.0000	5.3852
76.0113	27.0000	5.1962
76.0256	18.0000	4.2426
76.0398	25.0000	5.0000
76.0541	16.0000	4.0000
76.0684	23.0000	4.7958
76.0826	26.0000	5.0990
76.0969	19.0000	4.3589
76.1111	26.0000	5.0990
76.1254	16.0000	4.0000
76.1397	14.0000	3.7417
76.1539	22.0000	4.6904
76.1682	17.0000	4.1231
76.1824	23.0000	4.7958
76.1967	16.0000	4.0000
76.2109	15.0000	3.8730
76.2252	11.0000	3.3166
76.2395	18.0000	4.2426
76.2537	15.0000	3.8730
76.2680	13.0000	3.6056
76.2822	16.0000	4.0000
76.2965	23.0000	4.7958
76.3108	13.0000	3.6056
76.3250	6.0000	2.4495
76.3393	15.0000	3.8730
76.3535	17.0000	4.1231
76.3678	14.0000	3.7417
76.3821	14.0000	3.7417
76.3963	8.0000	2.8284
76.4106	16.0000	4.0000
76.4248	21.0000	4.5826
76.4391	19.0000	4.3589
76.4534	19.0000	4.3589
76.4676	15.0000	3.8730
76.4819	15.0000	3.8730
76.4961	21.0000	4.5826
76.5104	15.0000	3.8730
76.5247	18.0000	4.2426
76.5389	13.0000	3.6056
76.5532	12.0000	3.4641
76.5674	13.0000	3.6056
76.5817	23.0000	4.7958
76.5960	14.0000	3.7417
76.6102	18.0000	4.2426
76.6245	18.0000	4.2426
76.6387	12.0000	3.4641
76.6530	16.0000	4.0000
76.6673	20.0000	4.4721
76.6815	12.0000	3.4641
76.6958	11.0000	3.3166
76.7100	17.0000	4.1231
76.7243	15.0000	3.8730
76.7386	16.0000	4.0000
76.7528	10.0000	3.1623
76.7671	16.0000	4.0000
76.7813	19.0000	4.3589
76.7956	15.0000	3.8730
76.8098	11.0000	3.3166
76.8241	13.0000	3.6056
76.8384	21.0000	4.5826
76.8526	19.0000	4.3589
76.8669	19.0000	4.3589
76.8811	12.0000	3.4641
76.8954	17.0000	4.1231
76.9097	18.0000	4.2426
76.9239	16.0000	4.0000
76.9382	13.0000	3.6056
76.9524	14.0000	3.7417
76.9667	11.0000	3.3166
76.9810	15.0000	3.8730
76.9952	15.0000	3.8730
77.0095	13.0000	3.6056
77.0237	11.0000	3.3166
77.0380	8.0000	2.8284
77.0523	13.0000	3.6056
77.0665	16.0000	4.0000
77.0808	10.0000	3.1623
77.0950	19.0000	4.3589
77.1093	18.0000	4.2426
77.1236	9.0000	3.0000
77.1378	15.0000	3.8730
77.1521	22.0000	4.6904
77.1663	13.0000	3.6056
77.1806	12.0000	3.4641
77.1949	14.0000	3.7417
77.2091	16.0000	4.0000
77.2234	11.0000	3.3166
77.2376	17.0000	4.1231
77.2519	19.0000	4.3589
77.2662	9.0000	3.0000
77.2804	17.0000	4.1231
77.2947	21.0000	4.5826
77.3089	9.0000	3.0000
77.3232	15.0000	3.8730
77.3374	16.0000	4.0000
77.3517	14.0000	3.7417
77.3660	14.0000	3.7417
77.3802	11.0000	3.3166
77.3945	14.0000	3.7417
77.4087	20.0000	4.4721
77.4230	18.0000	4.2426
77.4373	18.0000	4.2426
77.4515	12.0000	3.4641
77.4658	18.0000	4.2426
77.4800	13.0000	3.6056
77.4943	13.0000	3.6056
77.5086	25.0000	5.0000
77.5228	21.0000	4.5826
77.5371	12.0000	3.4641
77.5513	23.0000	4.7958
77.5656	11.0000	3.3166
77.5799	15.0000	3.8730
77.5941	15.0000	3.8730
77.6084	19.0000	4.3589
77.6226	18.0000	4.2426
77.6369	17.0000	4.1231
77.6512	17.0000	4.1231
77.6654	12.0000	3.4641
77.6797	16.0000	4.0000
77.6939	15.0000	3.8730
77.7082	14.0000	3.7417
77.7225	14.0000	3.7417
77.7367	16.0000	4.0000
77.7510	17.0000	4.1231
77.7652	17.0000	4.1231
77.7795	13.0000	3.6056
77.7938	16.0000	4.0000
77.8080	16.0000	4.0000
77.8223	20.0000	4.4721
77.8365	17.0000	4.1231
77.8508	13.0000	3.6056
77.8651	15.0000	3.8730
77.8793	12.0000	3.4641
77.8936	13.0000	3.6056
77.9078	16.0000	4.0000
77.9221	13.0000	3.6056
77.9363	14.0000	3.7417
77.9506	15.0000	3.8730
77.9649	12.0000	3.4641
77.9791	15.0000	3.8730
77.9934	16.0000	4.0000
78.0076	22.0000	4.6904
78.0219	14.0000	3.7417
78.0362	16.0000	4.0000
78.0504	13.0000	3.6056
78.0647	12.0000	3.4641
78.0789	20.0000	4.4721
78.0932	19.0000	4.3589
78.1075	9.0000	3.0000
78.1217	20.0000	4.4721
78.1360	17.0000	4.1231
78.1502	15.0000	3.8730
78.1645	14.0000	3.7417
78.1788	17.0000	4.1231
78.1930	8.0000	2.8284
78.2073	12.0000	3.4641
78.2215	14.0000	3.7417
78.2358	15.0000	3.8730
78.2501	13.0000	3.6056
78.2643	19.0000	4.3589
78.2786	12.0000	3.4641
78.2928	17.0000	4.1231
78.3071	12.0000	3.4641
78.3214	10.0000	3.1623
78.3356	10.0000	3.1623
78.3499	13.0000	3.6056
78.3641	13.0000	3.6056
78.3784	15.0000	3.8730
78.3927	17.0000	4.1231
78.4069	15.0000	3.8730
78.4212	18.0000	4.2426
78.4354	13.0000	3.6056
78.4497	17.0000	4.1231
78.4640	15.0000	3.8730
78.4782	14.0000	3.7417
78.4925	16.0000	4.0000
78.5067	13.0000	3.6056
78.5210	15.0000	3.8730
78.5352	16.0000	4.0000
78.5495	14.0000	3.7417
78.5638	16.0000	4.0000
78.5780	15.0000	3.8730
78.5923	26.0000	5.0990
78.6065	16.0000	4.0000
78.6208	15.0000	3.8730
78.6351	17.0000	4.1231
78.6493	19.0000	4.3589
78.6636	21.0000	4.5826
78.6778	10.0000	3.1623
78.6921	16.0000	4.0000
78.7064	16.0000	4.0000
78.7206	14.0000	3.7417
78.7349	10.0000	3.1623
78.7491	11.0000	3.3166
78.7634	13.0000	3.6056
78.7777	11.0000	3.3166
78.7919	14.0000	3.7417
78.8062	21.0000	4.5826
78.8204	14.0000	3.7417
78.8347	17.0000	4.1231
78.8490	14.0000	3.7417
78.8632	18.0000	4.2426
78.8775	18.0000	4.2426
78.8917	10.0000	3.1623
78.9060	15.0000	3.8730
78.9203	11.0000	3.3166
78.9345	16.0000	4.0000
78.9488	21.0000	4.5826
78.9630	15.0000	3.8730
78.9773	23.0000	4.7958
78.9916	12.0000	3.4641
79.0058	14.0000	3.7417
79.0201	12.0000	3.4641
79.0343	17.0000	4.1231
79.0486	22.0000	4.6904
79.0628	16.0000	4.0000
79.0771	25.0000	5.0000
79.0914	20.0000	4.4721
79.1056	16.0000	4.0000
79.1199	21.0000	4.5826
79.1341	18.0000	4.2426
79.1484	22.0000	4.6904
79.1627	21.0000	4.5826
79.1769	12.0000	3.4641
79.1912	17.0000	4.1231
79.2054	24.0000	4.8990
79.2197	13.0000	3.6056
79.2340	20.0000	4.4721
79.2482	17.0000	4.1231
79.2625	18.0000	4.2426
79.2767	18.0000	4.2426
79.2910	19.0000	4.3589
79.3053	22.0000	4.6904
79.3195	17.0000	4.1231
79.3338	16.0000	4.0000
79.3480	19.0000	4.3589
79.3623	18.0000	4.2426
79.3766	20.0000	4.4721
79.3908	18.0000	4.2426
79.4051	17.0000	4.1231
79.4193	17.0000	4.1231
79.4336	15.0000	3.8730
79.4479	13.0000	3.6056
79.4621	11.0000	3.3166
79.4764	14.0000	3.7417
79.4906	11.0000	3.3166
79.5049	12.0000	3.4641
79.5192	20.0000	4.4721
79.5334	17.0000	4.1231
79.5477	14.0000	3.7417
79.5619	14.0000	3.7417
79.5762	15.0000	3.8730
79.5905	19.0000	4.3589
79.6047	10.0000	3.1623
79.6190	12.0000	3.4641
79.6332	13.0000	3.6056
79.6475	19.0000	4.3589
79.6617	11.0000	3.3166
79.6760	12.0000	3.4641
79.6903	10.0000	3.1623
79.7045	15.0000	3.8730
79.7188	19.0000	4.3589
79.7330	19.0000	4.3589
79.7473	17.0000	4.1231
79.7616	15.0000	3.8730
79.7758	14.0000	3.7417
79.7901	15.0000	3.8730
79.8043	15.0000	3.8730
79.8186	6.0000	2.4495
79.8329	18.0000	4.2426
79.8471	15.0000	3.8730
79.8614	16.0000	4.0000
79.8756	21.0000	4.5826
79.8899	13.0000	3.6056
79.9042	19.0000	4.3589
79.9184	15.0000	3.8730
79.9327	12.0000	3.4641
79.9469	12.0000	3.4641
79.9612	13.0000	3.6056
79.9755	16.0000	4.0000
79.9897	21.0000	4.5826
80.0040	14.0000	3.7417
80.0182	17.0000	4.1231
80.0325	12.0000	3.4641
80.0468	13.0000	3.6056
80.0610	18.0000	4.2426
80.0753	13.0000	3.6056
80.0895	14.0000	3.7417
80.1038	7.0000	2.6458
80.1181	20.0000	4.4721
80.1323	12.0000	3.4641
80.1466	18.0000	4.2426
80.1608	16.0000	4.0000
80.1751	14.0000	3.7417
80.1893	10.0000	3.1623
80.2036	12.0000	3.4641
80.2179	14.0000	3.7417
80.2321	15.0000	3.8730
80.2464	6.0000	2.4495
80.2606	25.0000	5.0000
80.2749	13.0000	3.6056
80.2892	7.0000	2.6458
80.3034	11.0000	3.3166
80.3177	13.0000	3.6056
80.3319	10.0000	3.1623
80.3462	15.0000	3.8730
80.3605	11.0000	3.3166
80.3747	6.0000	2.4495
80.3890	15.0000	3.8730
80.4032	17.0000	4.1231
80.4175	9.0000	3.0000
80.4318	15.0000	3.8730
80.4460	12.0000	3.4641
80.4603	10.0000	3.1623
80.4745	20.0000	4.4721
80.4888	22.0000	4.6904
80.5031	14.0000	3.7417
80.5173	13.0000	3.6056
80.5316	14.0000	3.7417
80.5458	19.0000	4.3589
80.5601	15.0000	3.8730
80.5744	7.0000	2.6458
80.5886	16.0000	4.0000
80.6029	26.0000	5.0990
80.6171	16.0000	4.0000
80.6314	13.0000	3.6056
80.6457	12.0000	3.4641
80.6599	11.0000	3.3166
80.6742	12.0000	3.4641
80.6884	7.0000	2.6458
80.7027	14.0000	3.7417
80.7170	18.0000	4.2426
80.7312	13.0000	3.6056
80.7455	8.0000	2.8284
80.7597	19.0000	4.3589
80.7740	14.0000	3.7417
80.7882	19.0000	4.3589
80.8025	13.0000	3.6056
80.8168	16.0000	4.0000
80.8310	9.0000	3.0000
80.8453	14.0000	3.7417
80.8595	10.0000	3.1623
80.8738	14.0000	3.7417
80.8881	8.0000	2.8284
80.9023	14.0000	3.7417
80.9166	28.0000	5.2915
80.9308	16.0000	4.0000
80.9451	13.0000	3.6056
80.9594	11.0000	3.3166
80.9736	17.0000	4.1231
80.9879	16.0000	4.0000
81.0021	14.0000	3.7417
81.0164	13.0000	3.6056
81.0307	10.0000	3.1623
81.0449	14.0000	3.7417
81.0592	19.0000	4.3589
81.0734	16.0000	4.0000
81.0877	14.0000	3.7417
81.1020	20.0000	4.4721
81.1162	17.0000	4.1231
81.1305	8.0000	2.8284
81.1447	18.0000	4.2426
81.1590	14.0000	3.7417
81.1733	12.0000	3.4641
81.1875	17.0000	4.1231
81.2018	12.0000	3.4641
81.2160	12.0000	3.4641
81.2303	19.0000	4.3589
81.2446	15.0000	3.8730
81.2588	11.0000	3.3166
81.2731	11.0000	3.3166
81.2873	15.0000	3.8730
81.3016	10.0000	3.1623
81.3159	14.0000	3.7417
81.3301	17.0000	4.1231
81.3444	13.0000	3.6056
81.3586	10.0000	3.1623
81.3729	22.0000	4.6904
81.3871	17.0000	4.1231
81.4014	20.0000	4.4721
81.4157	13.0000	3.6056
81.4299	24.0000	4.8990
81.4442	21.0000	4.5826
81.4584	22.0000	4.6904
81.4727	18.0000	4.2426
81.4870	14.0000	3.7417
81.5012	21.0000	4.5826
81.5155	21.0000	4.5826
81.5297	11.0000	3.3166
81.5440	24.0000	4.8990
81.5583	16.0000	4.0000
81.5725	19.0000	4.3589
81.5868	25.0000	5.0000
81.6010	20.0000	4.4721
81.6153	36.0000	6.0000
81.6296	30.0000	5.4772
81.6438	27.0000	5.1962
81.6581	33.0000	5.7446
81.6723	29.0000	5.3852
81.6866	24.0000	4.8990
81.7009	41.0000	6.4031
81.7151	32.0000	5.6569
81.7294	22.0000	4.6904
81.7436	24.0000	4.8990
81.7579	21.0000	4.5826
81.7722	24.0000	4.8990
81.7864	22.0000	4.6904
81.8007	17.0000	4.1231
81.8149	24.0000	4.8990
81.8292	30.0000	5.4772
81.8435	23.0000	4.7958
81.8577	26.0000	5.0990
81.8720	22.0000	4.6904
81.8862	13.0000	3.6056
81.9005	24.0000	4.8990
81.9147	18.0000	4.2426
81.9290	30.0000	5.4772
81.9433	20.0000	4.4721
81.9575	22.0000	4.6904
81.9718	25.0000	5.0000
81.9860	16.0000	4.0000
82.0003	24.0000	4.8990
82.0146	18.0000	4.2426
82.0288	20.0000	4.4721
82.0431	20.0000	4.4721
82.0573	20.0000	4.4721
82.0716	21.0000	4.5826
82.0859	15.0000	3.8730
82.1001	15.0000	3.8730
82.1144	13.0000	3.6056
82.1286	20.0000	4.4721
82.1429	15.0000	3.8730
82.1572	13.0000	3.6056
82.1714	17.0000	4.1231
82.1857	20.0000	4.4721
82.1999	14.0000	3.7417
82.2142	10.0000	3.1623
82.2285	19.0000	4.3589
82.2427	18.0000	4.2426
82.2570	9.0000	3.0000
82.2712	19.0000	4.3589
82.2855	14.0000	3.7417
82.2998	14.0000	3.7417
82.3140	13.0000	3.6056
82.3283	13.0000	3.6056
82.3425	19.0000	4.3589
82.3568	13.0000	3.6056
82.3711	13.0000	3.6056
82.3853	15.0000	3.8730
82.3996	8.0000	2.8284
82.4138	12.0000	3.4641
82.4281	17.0000	4.1231
82.4424	14.0000	3.7417
82.4566	12.0000	3.4641
82.4709	14.0000	3.7417
82.4851	20.0000	4.4721
82.4994	15.0000	3.8730
82.5136	11.0000	3.3166
82.5279	16.0000	4.0000
82.5422	10.0000	3.1623
82.5564	15.0000	3.8730
82.5707	16.0000	4.0000
82.5849	9.0000	3.0000
82.5992	17.0000	4.1231
82.6135	11.0000	3.3166
82.6277	16.0000	4.0000
82.6420	10.0000	3.1623
82.6562	7.0000	2.6458
82.6705	13.0000	3.6056
82.6848	22.0000	4.6904
82.6990	19.0000	4.3589
82.7133	17.0000	4.1231
82.7275	10.0000	3.1623
82.7418	15.0000	3.8730
82.7561	17.0000	4.1231
82.7703	11.0000	3.3166
82.7846	6.0000	2.4495
82.7988	16.0000	4.0000
82.8131	12.0000	3.4641
82.8274	10.0000	3.1623
82.8416	9.0000	3.0000
82.8559	14.0000	3.7417
82.8701	15.0000	3.8730
82.8844	14.0000	3.7417
82.8987	6.0000	2.4495
82.9129	15.0000	3.8730
82.9272	17.0000	4.1231
82.9414	18.0000	4.2426
82.9557	18.0000	4.2426
82.9700	16.0000	4.0000
82.9842	11.0000	3.3166
82.9985	20.0000	4.4721
83.0127	19.0000	4.3589
83.0270	20.0000	4.4721
83.0412	13.0000	3.6056
83.0555	16.0000	4.0000
83.0698	13.0000	3.6056
83.0840	11.0000	3.3166
83.0983	15.0000	3.8730
83.1125	10.0000	3.1623
83.1268	12.0000	3.4641
83.1411	15.0000	3.8730
83.1553	14.0000	3.7417
83.1696	21.0000	4.5826
83.1838	18.0000	4.2426
83.1981	18.0000	4.2426
83.2124	13.0000	3.6056
83.2266	8.0000	2.8284
83.2409	12.0000	3.4641
83.2551	19.0000	4.3589
83.2694	12.0000	3.4641
83.2837	14.0000	3.7417
83.2979	13.0000	3.6056
83.3122	16.0000	4.0000
83.3264	15.0000	3.8730
83.3407	17.0000	4.1231
83.3550	25.0000	5.0000
83.3692	14.0000	3.7417
83.3835	16.0000	4.0000
83.3977	18.0000	4.2426
83.4120	18.0000	4.2426
83.4263	10.0000	3.1623
83.4405	28.0000	5.2915
83.4548	18.0000	4.2426
83.4690	18.0000	4.2426
83.4833	18.0000	4.2426
83.4976	23.0000	4.7958
83.5118	16.0000	4.0000
83.5261	19.0000	4.3589
83.5403	24.0000	4.8990
83.5546	23.0000	4.7958
83.5689	26.0000	5.0990
83.5831	23.0000	4.7958
83.5974	32.0000	5.6569
83.6116	21.0000	4.5826
83.6259	26.0000	5.0990
83.6401	32.0000	5.6569
83.6544	25.0000	5.0000
83.6687	25.0000	5.0000
83.6829	21.0000	4.5826
83.6972	23.0000	4.7958
83.7114	13.0000	3.6056
83.7257	15.0000	3.8730
83.7400	27.0000	5.1962
83.7542	23.0000	4.7958
83.7685	23.0000	4.7958
83.7827	22.0000	4.6904
83.7970	32.0000	5.6569
83.8113	19.0000	4.3589
83.8255	17.0000	4.1231
83.8398	19.0000	4.3589
83.8540	23.0000	4.7958
83.8683	13.0000	3.6056
83.8826	21.0000	4.5826
83.8968	17.0000	4.1231
83.9111	13.0000	3.6056
83.9253	13.0000	3.6056
83.9396	17.0000	4.1231
83.9539	14.0000	3.7417
83.9681	15.0000	3.8730
83.9824	18.0000	4.2426
83.9966	21.0000	4.5826
84.0109	10.0000	3.1623
84.0252	6.0000	2.4495
84.0394	17.0000	4.1231
84.0537	11.0000	3.3166
84.0679	17.0000	4.1231
84.0822	11.0000	3.3166
84.0965	12.0000	3.4641
84.1107	16.0000	4.0000
84.1250	16.0000	4.0000
84.1392	19.0000	4.3589
84.1535	14.0000	3.7417
84.1678	15.0000	3.8730
84.1820	15.0000	3.8730
84.1963	12.0000	3.4641
84.2105	12.0000	3.4641
84.2248	14.0000	3.7417
84.2390	13.0000	3.6056
84.2533	17.0000	4.1231
84.2676	16.0000	4.0000
84.2818	15.0000	3.8730
84.2961	11.0000	3.3166
84.3103	13.0000	3.6056
84.3246	18.0000	4.2426
84.3389	15.0000	3.8730
84.3531	17.0000	4.1231
84.3674	17.0000	4.1231
84.3816	7.0000	2.6458
84.3959	13.0000	3.6056
84.4102	20.0000	4.4721
84.4244	12.0000	3.4641
84.4387	12.0000	3.4641
84.4529	11.0000	3.3166
84.4672	13.0000	3.6056
84.4815	18.0000	4.2426
84.4957	14.0000	3.7417
84.5100	15.0000	3.8730
84.5242	13.0000	3.6056
84.5385	12.0000	3.4641
84.5528	14.0000	3.7417
84.5670	19.0000	4.3589
84.5813	11.0000	3.3166
84.5955	15.0000	3.8730
84.6098	14.0000	3.7417
84.6241	14.0000	3.7417
84.6383	9.0000	3.0000
84.6526	8.0000	2.8284
84.6668	15.0000	3.8730
84.6811	9.0000	3.0000
84.6954	12.0000	3.4641
84.7096	9.0000	3.0000
84.7239	15.0000	3.8730
84.7381	13.0000	3.6056
84.7524	17.0000	4.1231
84.7666	10.0000	3.1623
84.7809	23.0000	4.7958
84.7952	12.0000	3.4641
84.8094	18.0000	4.2426
84.8237	14.0000	3.7417
84.8379	13.0000	3.6056
84.8522	19.0000	4.3589
84.8665	13.0000	3.6056
84.8807	20.0000	4.4721
84.8950	13.0000	3.6056
84.9092	18.0000	4.2426
84.9235	14.0000	3.7417
84.9378	13.0000	3.6056
84.9520	8.0000	2.8284
84.9663	15.0000	3.8730
84.9805	19.0000	4.3589
84.9948	8.0000	2.8284
85.0091	14.0000	3.7417
85.0233	11.0000	3.3166
85.0376	13.0000	3.6056
85.0518	15.0000	3.8730
85.0661	20.0000	4.4721
85.0804	19.0000	4.3589
85.0946	13.0000	3.6056
85.1089	24.0000	4.8990
85.1231	17.0000	4.1231
85.1374	16.0000	4.0000
85.1517	18.0000	4.2426
85.1659	14.0000	3.7417
85.1802	12.0000	3.4641
85.1944	20.0000	4.4721
85.2087	20.0000	4.4721
85.2230	17.0000	4.1231
85.2372	8.0000	2.8284
85.2515	15.0000	3.8730
85.2657	13.0000	3.6056
85.2800	13.0000	3.6056
85.2943	11.0000	3.3166
85.3085	19.0000	4.3589
85.3228	17.0000	4.1231
85.3370	14.0000	3.7417
85.3513	12.0000	3.4641
85.3655	13.0000	3.6056
85.3798	13.0000	3.6056
85.3941	16.0000	4.0000
85.4083	15.0000	3.8730
85.4226	17.0000	4.1231
85.4368	9.0000	3.0000
85.4511	18.0000	4.2426
85.4654	13.0000	3.6056
85.4796	22.0000	4.6904
85.4939	14.0000	3.7417
85.5081	16.0000	4.0000
85.5224	15.0000	3.8730
85.5367	20.0000	4.4721
85.5509	15.0000	3.8730
85.5652	11.0000	3.3166
85.5794	13.0000	3.6056
85.5937	11.0000	3.3166
85.6080	13.0000	3.6056
85.6222	6.0000	2.4495
85.6365	12.0000	3.4641
85.6507	21.0000	4.5826
85.6650	9.0000	3.0000
85.6793	18.0000	4.2426
85.6935	12.0000	3.4641
85.7078	16.0000	4.0000
85.7220	18.0000	4.2426
85.7363	13.0000	3.6056
85.7506	16.0000	4.0000
85.7648	14.0000	3.7417
85.7791	14.0000	3.7417
85.7933	12.0000	3.4641
85.8076	10.0000	3.1623
85.8219	18.0000	4.2426
85.8361	13.0000	3.6056
85.8504	8.0000	2.8284
85.8646	14.0000	3.7417
85.8789	10.0000	3.1623
85.8931	15.0000	3.8730
85.9074	7.0000	2.6458
85.9217	14.0000	3.7417
85.9359	19.0000	4.3589
85.9502	13.0000	3.6056
85.9644	15.0000	3.8730
85.9787	23.0000	4.7958
85.9930	12.0000	3.4641
86.0072	8.0000	2.8284
86.0215	16.0000	4.0000
86.0357	15.0000	3.8730
86.0500	12.0000	3.4641
86.0643	15.0000	3.8730
86.0785	15.0000	3.8730
86.0928	11.0000	3.3166
86.1070	21.0000	4.5826
86.1213	11.0000	3.3166
86.1356	21.0000	4.5826
86.1498	19.0000	4.3589
86.1641	11.0000	3.3166
86.1783	9.0000	3.0000
86.1926	17.0000	4.1231
86.2069	17.0000	4.1231
86.2211	23.0000	4.7958
86.2354	15.0000	3.8730
86.2496	13.0000	3.6056
86.2639	11.0000	3.3166
86.2782	15.0000	3.8730
86.2924	16.0000	4.0000
86.3067	14.0000	3.7417
86.3209	10.0000	3.1623
86.3352	11.0000	3.3166
86.3495	14.0000	3.7417
86.3637	14.0000	3.7417
86.3780	16.0000	4.0000
86.3922	19.0000	4.3589
86.4065	13.0000	3.6056
86.4208	11.0000	3.3166
86.4350	5.0000	2.2361
86.4493	17.0000	4.1231
86.4635	9.0000	3.0000
86.4778	11.0000	3.3166
86.4920	21.0000	4.5826
86.5063	18.0000	4.2426
86.5206	19.0000	4.3589
86.5348	14.0000	3.7417
86.5491	11.0000	3.3166
86.5633	16.0000	4.0000
86.5776	19.0000	4.3589
86.5919	11.0000	3.3166
86.6061	11.0000	3.3166
86.6204	12.0000	3.4641
86.6346	8.0000	2.8284
86.6489	18.0000	4.2426
86.6632	18.0000	4.2426
86.6774	15.0000	3.8730
86.6917	25.0000	5.0000
86.7059	12.0000	3.4641
86.7202	16.0000	4.0000
86.7345	13.0000	3.6056
86.7487	16.0000	4.0000
86.7630	20.0000	4.4721
86.7772	18.0000	4.2426
86.7915	18.0000	4.2426
86.8058	18.0000	4.2426
86.8200	21.0000	4.5826
86.8343	16.0000	4.0000
86.8485	12.0000	3.4641
86.8628	22.0000	4.6904
86.8771	10.0000	3.1623
86.8913	15.0000	3.8730
86.9056	17.0000	4.1231
86.9198	13.0000	3.6056
86.9341	18.0000	4.2426
86.9484	10.0000	3.1623
86.9626	14.0000	3.7417
86.9769	14.0000	3.7417
86.9911	17.0000	4.1231
87.0054	13.0000	3.6056
87.0197	15.0000	3.8730
87.0339	14.0000	3.7417
87.0482	18.0000	4.2426
87.0624	8.0000	2.8284
87.0767	11.0000	3.3166
87.0909	14.0000	3.7417
87.1052	18.0000	4.2426
87.1195	11.0000	3.3166
87.1337	11.0000	3.3166
87.1480	9.0000	3.0000
87.1622	11.0000	3.3166
87.1765	21.0000	4.5826
87.1908	16.0000	4.0000
87.2050	13.0000	3.6056
87.2193	18.0000	4.2426
87.2335	17.0000	4.1231
87.2478	10.0000	3.1623
87.2621	14.0000	3.7417
87.2763	15.0000	3.8730
87.2906	16.0000	4.0000
87.3048	16.0000	4.0000
87.3191	14.0000	3.7417
87.3334	17.0000	4.1231
87.3476	15.0000	3.8730
87.3619	11.0000	3.3166
87.3761	7.0000	2.6458
87.3904	11.0000	3.3166
87.4047	14.0000	3.7417
87.4189	14.0000	3.7417
87.4332	18.0000	4.2426
87.4474	8.0000	2.8284
87.4617	16.0000	4.0000
87.4760	8.0000	2.8284
87.4902	17.0000	4.1231
87.5045	16.0000	4.0000
87.5187	13.0000	3.6056
87.5330	16.0000	4.0000
87.5473	22.0000	4.6904
87.5615	10.0000	3.1623
87.5758	21.0000	4.5826
87.5900	15.0000	3.8730
87.6043	6.0000	2.4495
87.6185	14.0000	3.7417
87.6328	16.0000	4.0000
87.6471	17.0000	4.1231
87.6613	10.0000	3.1623
87.6756	16.0000	4.0000
87.6898	7.0000	2.6458
87.7041	10.0000	3.1623
87.7184	16.0000	4.0000
87.7326	14.0000	3.7417
87.7469	20.0000	4.4721
87.7611	11.0000	3.3166
87.7754	16.0000	4.0000
87.7897	19.0000	4.3589
87.8039	10.0000	3.1623
87.8182	13.0000	3.6056
87.8324	15.0000	3.8730
87.8467	14.0000	3.7417
87.8610	14.0000	3.7417
87.8752	18.0000	4.2426
87.8895	15.0000	3.8730
87.9037	10.0000	3.1623
87.9180	14.0000	3.7417
87.9323	16.0000	4.0000
87.9465	16.0000	4.0000
87.9608	15.0000	3.8730
87.9750	14.0000	3.7417
87.9893	13.0000	3.6056
88.0036	9.0000	3.0000
88.0178	14.0000	3.7417
88.0321	14.0000	3.7417
88.0463	19.0000	4.3589
88.0606	18.0000	4.2426
88.0749	17.0000	4.1231
88.0891	13.0000	3.6056
88.1034	11.0000	3.3166
88.1176	18.0000	4.2426
88.1319	13.0000	3.6056
88.1462	11.0000	3.3166
88.1604	16.0000	4.0000
88.1747	12.0000	3.4641
88.1889	13.0000	3.6056
88.2032	12.0000	3.4641
88.2174	12.0000	3.4641
88.2317	20.0000	4.4721
88.2460	13.0000	3.6056
88.2602	17.0000	4.1231
88.2745	15.0000	3.8730
88.2887	8.0000	2.8284
88.3030	22.0000	4.6904
88.3173	12.0000	3.4641
88.3315	22.0000	4.6904
88.3458	12.0000	3.4641
88.3600	17.0000	4.1231
88.3743	19.0000	4.3589
88.3886	28.0000	5.2915
88.4028	14.0000	3.7417
88.4171	17.0000	4.1231
88.4313	22.0000	4.6904
88.4456	17.0000	4.1231
88.4599	17.0000	4.1231
88.4741	17.0000	4.1231
88.4884	19.0000	4.3589
88.5026	21.0000	4.5826
88.5169	21.0000	4.5826
88.5312	15.0000	3.8730
88.5454	20.0000	4.4721
88.5597	22.0000	4.6904
88.5739	22.0000	4.6904
88.5882	21.0000	4.5826
88.6025	34.0000	5.8310
88.6167	29.0000	5.3852
88.6310	41.0000	6.4031
88.6452	41.0000	6.4031
88.6595	34.0000	5.8310
88.6738	54.0000	7.3485
88.6880	54.0000	7.3485
88.7023	51.0000	7.1414
88.7165	46.0000	6.7823
88.7308	47.0000	6.8557
88.7450	42.0000	6.4807
88.7593	33.0000	5.7446
88.7736	24.0000	4.8990
88.7878	32.0000	5.6569
88.8021	34.0000	5.8310
88.8163	24.0000	4.8990
88.8306	20.0000	4.4721
88.8449	23.0000	4.7958
88.8591	19.0000	4.3589
88.8734	25.0000	5.0000
88.8876	25.0000	5.0000
88.9019	15.0000	3.8730
88.9162	28.0000	5.2915
88.9304	30.0000	5.4772
88.9447	33.0000	5.7446
88.9589	23.0000	4.7958
88.9732	34.0000	5.8310
88.9875	31.0000	5.5678
89.0017	21.0000	4.5826
89.0160	28.0000	5.2915
89.0302	29.0000	5.3852
89.0445	24.0000	4.8990
89.0588	29.0000	5.3852
89.0730	26.0000	5.0990
89.0873	19.0000	4.3589
89.1015	19.0000	4.3589
89.1158	21.0000	4.5826
89.1301	17.0000	4.1231
89.1443	17.0000	4.1231
89.1586	13.0000	3.6056
89.1728	19.0000	4.3589
89.1871	18.0000	4.2426
89.2014	16.0000	4.0000
89.2156	14.0000	3.7417
89.2299	16.0000	4.0000
89.2441	15.0000	3.8730
89.2584	19.0000	4.3589
89.2727	14.0000	3.7417
89.2869	19.0000	4.3589
89.3012	15.0000	3.8730
89.3154	19.0000	4.3589
89.3297	18.0000	4.2426
89.3439	16.0000	4.0000
89.3582	16.0000	4.0000
89.3725	12.0000	3.4641
89.3867	16.0000	4.0000
89.4010	14.0000	3.7417
89.4152	17.0000	4.1231
89.4295	16.0000	4.0000
89.4438	20.0000	4.4721
89.4580	17.0000	4.1231
89.4723	11.0000	3.3166
89.4865	19.0000	4.3589
89.5008	25.0000	5.0000
89.5151	27.0000	5.1962
89.5293	12.0000	3.4641
89.5436	16.0000	4.0000
89.5578	12.0000	3.4641
89.5721	10.0000	3.1623
89.5864	14.0000	3.7417
89.6006	12.0000	3.4641
89.6149	9.0000	3.0000
89.6291	15.0000	3.8730
89.6434	24.0000	4.8990
89.6577	18.0000	4.2426
89.6719	12.0000	3.4641
89.6862	12.0000	3.4641
89.7004	15.0000	3.8730
89.7147	12.0000	3.4641
89.7290	14.0000	3.7417
89.7432	11.0000	3.3166
89.7575	18.0000	4.2426
89.7717	14.0000	3.7417
89.7860	11.0000	3.3166
89.8003	21.0000	4.5826
89.8145	13.0000	3.6056
89.8288	12.0000	3.4641
89.8430	18.0000	4.2426
89.8573	25.0000	5.0000
89.8716	18.0000	4.2426
89.8858	29.0000	5.3852
89.9001	28.0000	5.2915
89.9143	30.0000	5.4772
89.9286	30.0000	5.4772
89.9428	27.0000	5.1962
89.9571	28.0000	5.2915
89.9714	33.0000	5.7446
89.9856	38.0000	6.1644
89.9999	31.0000	5.5678
90.0141	27.0000	5.1962
90.0284	22.0000	4.6904
90.0427	15.0000	3.8730
90.0569	17.0000	4.1231
90.0712	24.0000	4.8990
90.0854	16.0000	4.0000
90.0997	17.0000	4.1231
90.1140	20.0000	4.4721
90.1282	9.0000	3.0000
90.1425	22.0000	4.6904
90.1567	16.0000	4.0000
90.1710	20.0000	4.4721
90.1853	23.0000	4.7958
90.1995	28.0000	5.2915
90.2138	13.0000	3.6056
90.2280	22.0000	4.6904
90.2423	16.0000	4.0000
90.2566	31.0000	5.5678
90.2708	27.0000	5.1962
90.2851	24.0000	4.8990
90.2993	15.0000	3.8730
90.3136	22.0000	4.6904
90.3279	19.0000	4.3589
90.3421	12.0000	3.4641
90.3564	18.0000	4.2426
90.3706	15.0000	3.8730
90.3849	15.0000	3.8730
90.3992	12.0000	3.4641
90.4134	17.0000	4.1231
90.4277	12.0000	3.4641
90.4419	20.0000	4.4721
90.4562	9.0000	3.0000
90.4704	11.0000	3.3166
90.4847	18.0000	4.2426
90.4990	25.0000	5.0000
90.5132	13.0000	3.6056
90.5275	12.0000	3.4641
90.5417	30.0000	5.4772
90.5560	16.0000	4.0000
90.5703	7.0000	2.6458
90.5845	17.0000	4.1231
90.5988	16.0000	4.0000
90.6130	13.0000	3.6056
90.6273	23.0000	4.7958
90.6416	17.0000	4.1231
90.6558	10.0000	3.1623
90.6701	10.0000	3.1623
90.6843	8.0000	2.8284
90.6986	17.0000	4.1231
90.7129	10.0000	3.1623
90.7271	13.0000	3.6056
90.7414	20.0000	4.4721
90.7556	11.0000	3.3166
90.7699	16.0000	4.0000
90.7842	13.0000	3.6056
90.7984	13.0000	3.6056
90.8127	16.0000	4.0000
90.8269	15.0000	3.8730
90.8412	19.0000	4.3589
90.8555	15.0000	3.8730
90.8697	11.0000	3.3166
90.8840	14.0000	3.7417
90.8982	13.0000	3.6056
90.9125	11.0000	3.3166
90.9268	10.0000	3.1623
90.9410	12.0000	3.4641
90.9553	11.0000	3.3166
90.9695	20.0000	4.4721
90.9838	13.0000	3.6056
90.9981	11.0000	3.3166
91.0123	8.0000	2.8284
91.0266	13.0000	3.6056
91.0408	13.0000	3.6056
91.0551	14.0000	3.7417
91.0693	6.0000	2.4495
91.0836	16.0000	4.0000
91.0979	17.0000	4.1231
91.1121	14.0000	3.7417
91.1264	15.0000	3.8730
91.1406	15.0000	3.8730
91.1549	13.0000	3.6056
91.1692	16.0000	4.0000
91.1834	6.0000	2.4495
91.1977	15.0000	3.8730
91.2119	13.0000	3.6056
91.2262	21.0000	4.5826
91.2405	17.0000	4.1231
91.2547	13.0000	3.6056
91.2690	21.0000	4.5826
91.2832	14.0000	3.7417
91.2975	17.0000	4.1231
91.3118	9.0000	3.0000
91.3260	13.0000	3.6056
91.3403	9.0000	3.0000
91.3545	14.0000	3.7417
91.3688	10.0000	3.1623
91.3831	9.0000	3.0000
91.3973	17.0000	4.1231
91.4116	17.0000	4.1231
91.4258	6.0000	2.4495
91.4401	19.0000	4.3589
91.4544	15.0000	3.8730
91.4686	24.0000	4.8990
91.4829	10.0000	3.1623
91.4971	13.0000	3.6056
91.5114	15.0000	3.8730
91.5257	12.0000	3.4641
91.5399	14.0000	3.7417
91.5542	11.0000	3.3166
91.5684	16.0000	4.0000
91.5827	17.0000	4.1231
91.5969	11.0000	3.3166
91.6112	12.0000	3.4641
91.6255	13.0000	3.6056
91.6397	20.0000	4.4721
91.6540	13.0000	3.6056
91.6682	11.0000	3.3166
91.6825	11.0000	3.3166
91.6968	24.0000	4.8990
91.7110	8.0000	2.8284
91.7253	15.0000	3.8730
91.7395	11.0000	3.3166
91.7538	10.0000	3.1623
91.7681	17.0000	4.1231
91.7823	18.0000	4.2426
91.7966	14.0000	3.7417
91.8108	8.0000	2.8284
91.8251	14.0000	3.7417
91.8394	12.0000	3.4641
91.8536	17.0000	4.1231
91.8679	13.0000	3.6056
91.8821	16.0000	4.0000
91.8964	10.0000	3.1623
91.9107	16.0000	4.0000
91.9249	15.0000	3.8730
91.9392	13.0000	3.6056
91.9534	18.0000	4.2426
91.9677	11.0000	3.3166
91.9820	12.0000	3.4641
91.9962	15.0000	3.8730
92.0105	18.0000	4.2426
92.0247	14.0000	3.7417
92.0390	16.0000	4.0000
92.0533	8.0000	2.8284
92.0675	17.0000	4.1231
92.0818	9.0000	3.0000
92.0960	16.0000	4.0000
92.1103	16.0000	4.0000
92.1246	13.0000	3.6056
92.1388	12.0000	3.4641
92.1531	7.0000	2.6458
92.1673	15.0000	3.8730
92.1816	12.0000	3.4641
92.1958	21.0000	4.5826
92.2101	15.0000	3.8730
92.2244	9.0000	3.0000
92.2386	19.0000	4.3589
92.2529	17.0000	4.1231
92.2671	11.0000	3.3166
92.2814	8.0000	2.8284
92.2957	11.0000	3.3166
92.3099	9.0000	3.0000
92.3242	18.0000	4.2426
92.3384	13.0000	3.6056
92.3527	16.0000	4.0000
92.3670	13.0000	3.6056
92.3812	19.0000	4.3589
92.3955	15.0000	3.8730
92.4097	10.0000	3.1623
92.4240	16.0000	4.0000
92.4383	13.0000	3.6056
92.4525	6.0000	2.4495
92.4668	16.0000	4.0000
92.4810	12.0000	3.4641
92.4953	14.0000	3.7417
92.5096	16.0000	4.0000
92.5238	13.0000	3.6056
92.5381	20.0000	4.4721
92.5523	14.0000	3.7417
92.5666	12.0000	3.4641
92.5809	15.0000	3.8730
92.5951	14.0000	3.7417
92.6094	17.0000	4.1231
92.6236	17.0000	4.1231
92.6379	10.0000	3.1623
92.6522	17.0000	4.1231
92.6664	12.0000	3.4641
92.6807	14.0000	3.7417
92.6949	13.0000	3.6056
92.7092	13.0000	3.6056
92.7235	6.0000	2.4495
92.7377	12.0000	3.4641
92.7520	11.0000	3.3166
92.7662	8.0000	2.8284
92.7805	19.0000	4.3589
92.7947	13.0000	3.6056
92.8090	17.0000	4.1231
92.8233	16.0000	4.0000
92.8375	14.0000	3.7417
92.8518	10.0000	3.1623
92.8660	15.0000	3.8730
92.8803	10.0000	3.1623
92.8946	13.0000	3.6056
92.9088	17.0000	4.1231
92.9231	8.0000	2.8284
92.9373	6.0000	2.4495
92.9516	16.0000	4.0000
92.9659	8.0000	2.8284
92.9801	15.0000	3.8730
92.9944	13.0000	3.6056
93.0086	14.0000	3.7417
93.0229	19.0000	4.3589
93.0372	11.0000	3.3166
93.0514	21.0000	4.5826
93.0657	9.0000	3.0000
93.0799	17.0000	4.1231
93.0942	10.0000	3.1623
93.1085	10.0000	3.1623
93.1227	14.0000	3.7417
93.1370	13.0000	3.6056
93.1512	10.0000	3.1623
93.1655	17.0000	4.1231
93.1798	14.0000	3.7417
93.1940	10.0000	3.1623
93.2083	11.0000	3.3166
93.2225	9.0000	3.0000
93.2368	10.0000	3.1623
93.2511	14.0000	3.7417
93.2653	12.0000	3.4641
93.2796	9.0000	3.0000
93.2938	10.0000	3.1623
93.3081	12.0000	3.4641
93.3223	16.0000	4.0000
93.3366	16.0000	4.0000
93.3509	13.0000	3.6056
93.3651	11.0000	3.3166
93.3794	12.0000	3.4641
93.3936	8.0000	2.8284
93.4079	16.0000	4.0000
93.4222	16.0000	4.0000
93.4364	12.0000	3.4641
93.4507	13.0000	3.6056
93.4649	19.0000	4.3589
93.4792	16.0000	4.0000
93.4935	22.0000	4.6904
93.5077	12.0000	3.4641
93.5220	8.0000	2.8284
93.5362	7.0000	2.6458
93.5505	21.0000	4.5826
93.5648	11.0000	3.3166
93.5790	15.0000	3.8730
93.5933	17.0000	4.1231
93.6075	10.0000	3.1623
93.6218	16.0000	4.0000
93.6361	8.0000	2.8284
93.6503	14.0000	3.7417
93.6646	19.0000	4.3589
93.6788	18.0000	4.2426
93.6931	9.0000	3.0000
93.7074	17.0000	4.1231
93.7216	15.0000	3.8730
93.7359	11.0000	3.3166
93.7501	11.0000	3.3166
93.7644	11.0000	3.3166
93.7787	18.0000	4.2426
93.7929	15.0000	3.8730
93.8072	13.0000	3.6056
93.8214	12.0000	3.4641
93.8357	13.0000	3.6056
93.8500	14.0000	3.7417
93.8642	10.0000	3.1623
93.8785	18.0000	4.2426
93.8927	16.0000	4.0000
93.9070	21.0000	4.5826
93.9212	12.0000	3.4641
93.9355	20.0000	4.4721
93.9498	13.0000	3.6056
93.9640	17.0000	4.1231
93.9783	14.0000	3.7417
93.9925	9.0000	3.0000
94.0068	17.0000	4.1231
94.0211	11.0000	3.3166
94.0353	10.0000	3.1623
94.0496	14.0000	3.7417
94.0638	18.0000	4.2426
94.0781	17.0000	4.1231
94.0924	8.0000	2.8284
94.1066	11.0000	3.3166
94.1209	16.0000	4.0000
94.1351	18.0000	4.2426
94.1494	12.0000	3.4641
94.1637	19.0000	4.3589
94.1779	15.0000	3.8730
94.1922	15.0000	3.8730
94.2064	20.0000	4.4721
94.2207	20.0000	4.4721
94.2350	21.0000	4.5826
94.2492	19.0000	4.3589
94.2635	18.0000	4.2426
94.2777	22.0000	4.6904
94.2920	32.0000	5.6569
94.3063	21.0000	4.5826
94.3205	27.0000	5.1962
94.3348	31.0000	5.5678
94.3490	27.0000	5.1962
94.3633	40.0000	6.3246
94.3776	39.0000	6.2450
94.3918	35.0000	5.9161
94.4061	35.0000	5.9161
94.4203	35.0000	5.9161
94.4346	27.0000	5.1962
94.4488	29.0000	5.3852
94.4631	39.0000	6.2450
94.4774	31.0000	5.5678
94.4916	25.0000	5.0000
94.5059	15.0000	3.8730
94.5201	32.0000	5.6569
94.5344	21.0000	4.5826
94.5487	27.0000	5.1962
94.5629	19.0000	4.3589
94.5772	24.0000	4.8990
94.5914	17.0000	4.1231
94.6057	19.0000	4.3589
94.6200	29.0000	5.3852
94.6342	24.0000	4.8990
94.6485	16.0000	4.0000
94.6627	21.0000	4.5826
94.6770	30.0000	5.4772
94.6913	30.0000	5.4772
94.7055	29.0000	5.3852
94.7198	27.0000	5.1962
94.7340	22.0000	4.6904
94.7483	36.0000	6.0000
94.7626	22.0000	4.6904
94.7768	33.0000	5.7446
94.7911	24.0000	4.8990
94.8053	14.0000	3.7417
94.8196	24.0000	4.8990
94.8339	26.0000	5.0990
94.8481	12.0000	3.4641
94.8624	21.0000	4.5826
94.8766	17.0000	4.1231
94.8909	28.0000	5.2915
94.9052	24.0000	4.8990
94.9194	25.0000	5.0000
94.9337	28.0000	5.2915
94.9479	22.0000	4.6904
94.9622	24.0000	4.8990
94.9765	21.0000	4.5826
94.9907	22.0000	4.6904
95.0050	36.0000	6.0000
95.0192	42.0000	6.4807
95.0335	44.0000	6.6332
95.0477	41.0000	6.4031
95.0620	32.0000	5.6569
95.0763	31.0000	5.5678
95.0905	35.0000	5.9161
95.1048	29.0000	5.3852
95.1190	32.0000	5.6569
95.1333	26.0000	5.0990
95.1476	22.0000	4.6904
95.1618	33.0000	5.7446
95.1761	24.0000	4.8990
95.1903	18.0000	4.2426
95.2046	21.0000	4.5826
95.2189	32.0000	5.6569
95.2331	18.0000	4.2426
95.2474	19.0000	4.3589
95.2616	29.0000	5.3852
95.2759	21.0000	4.5826
95.2902	25.0000	5.0000
95.3044	30.0000	5.4772
95.3187	26.0000	5.0990
95.3329	26.0000	5.0990
95.3472	31.0000	5.5678
95.3615	14.0000	3.7417
95.3757	32.0000	5.6569
95.3900	10.0000	3.1623
95.4042	13.0000	3.6056
95.4185	19.0000	4.3589
95.4328	30.0000	5.4772
95.4470	21.0000	4.5826
95.4613	19.0000	4.3589
95.4755	17.0000	4.1231
95.4898	12.0000	3.4641
95.5041	24.0000	4.8990
95.5183	9.0000	3.0000
95.5326	22.0000	4.6904
95.5468	19.0000	4.3589
95.5611	19.0000	4.3589
95.5754	16.0000	4.0000
95.5896	19.0000	4.3589
95.6039	14.0000	3.7417
95.6181	10.0000	3.1623
95.6324	16.0000	4.0000
95.6466	19.0000	4.3589
95.6609	5.0000	2.2361
95.6752	15.0000	3.8730
95.6894	8.0000	2.8284
95.7037	17.0000	4.1231
95.7179	16.0000	4.0000
95.7322	14.0000	3.7417
95.7465	14.0000	3.7417
95.7607	11.0000	3.3166
95.7750	17.0000	4.1231
95.7892	20.0000	4.4721
95.8035	17.0000	4.1231
95.8178	12.0000	3.4641
95.8320	13.0000	3.6056
95.8463	13.0000	3.6056
95.8605	13.0000	3.6056
95.8748	15.0000	3.8730
95.8891	19.0000	4.3589
95.9033	19.0000	4.3589
95.9176	15.0000	3.8730
95.9318	18.0000	4.2426
95.9461	12.0000	3.4641
95.9604	13.0000	3.6056
95.9746	18.0000	4.2426
95.9889	23.0000	4.7958
96.0031	17.0000	4.1231
96.0174	16.0000	4.0000
96.0317	15.0000	3.8730
96.0459	21.0000	4.5826
96.0602	15.0000	3.8730
96.0744	23.0000	4.7958
96.0887	16.0000	4.0000
96.1030	17.0000	4.1231
96.1172	22.0000	4.6904
96.1315	11.0000	3.3166
96.1457	18.0000	4.2426
96.1600	13.0000	3.6056
96.1742	14.0000	3.7417
96.1885	15.0000	3.8730
96.2028	15.0000	3.8730
96.2170	15.0000	3.8730
96.2313	19.0000	4.3589
96.2455	28.0000	5.2915
96.2598	23.0000	4.7958
96.2741	23.0000	4.7958
96.2883	27.0000	5.1962
96.3026	29.0000	5.3852
96.3168	22.0000	4.6904
96.3311	25.0000	5.0000
96.3454	24.0000	4.8990
96.3596	27.0000	5.1962
96.3739	26.0000	5.0990
96.3881	18.0000	4.2426
96.4024	21.0000	4.5826
96.4167	20.0000	4.4721
96.4309	19.0000	4.3589
96.4452	21.0000	4.5826
96.4594	24.0000	4.8990
96.4737	17.0000	4.1231
96.4880	17.0000	4.1231
96.5022	20.0000	4.4721
96.5165	18.0000	4.2426
96.5307	17.0000	4.1231
96.5450	19.0000	4.3589
96.5593	14.0000	3.7417
96.5735	16.0000	4.0000
96.5878	28.0000	5.2915
96.6020	16.0000	4.0000
96.6163	15.0000	3.8730
96.6306	24.0000	4.8990
96.6448	25.0000	5.0000
96.6591	27.0000	5.1962
96.6733	18.0000	4.2426
96.6876	12.0000	3.4641
96.7019	17.0000	4.1231
96.7161	11.0000	3.3166
96.7304	20.0000	4.4721
96.7446	17.0000	4.1231
96.7589	17.0000	4.1231
96.7731	16.0000	4.0000
96.7874	15.0000	3.8730
96.8017	22.0000	4.6904
96.8159	9.0000	3.0000
96.8302	18.0000	4.2426
96.8444	14.0000	3.7417
96.8587	15.0000	3.8730
96.8730	14.0000	3.7417
96.8872	13.0000	3.6056
96.9015	16.0000	4.0000
96.9157	12.0000	3.4641
96.9300	10.0000	3.1623
96.9443	17.0000	4.1231
96.9585	11.0000	3.3166
96.9728	15.0000	3.8730
96.9870	14.0000	3.7417
97.0013	17.0000	4.1231
97.0156	9.0000	3.0000
97.0298	14.0000	3.7417
97.0441	5.0000	2.2361
97.0583	12.0000	3.4641
97.0726	19.0000	4.3589
97.0869	11.0000	3.3166
97.1011	11.0000	3.3166
97.1154	12.0000	3.4641
97.1296	13.0000	3.6056
97.1439	10.0000	3.1623
97.1582	10.0000	3.1623
97.1724	16.0000	4.0000
97.1867	11.0000	3.3166
97.2009	15.0000	3.8730
97.2152	17.0000	4.1231
97.2295	13.0000	3.6056
97.2437	14.0000	3.7417
97.2580	13.0000	3.6056
97.2722	12.0000	3.4641
97.2865	6.0000	2.4495
97.3007	8.0000	2.8284
97.3150	16.0000	4.0000
97.3293	13.0000	3.6056
97.3435	15.0000	3.8730
97.3578	12.0000	3.4641
97.3720	12.0000	3.4641
97.3863	13.0000	3.6056
97.4006	10.0000	3.1623
97.4148	13.0000	3.6056
97.4291	10.0000	3.1623
97.4433	15.0000	3.8730
97.4576	17.0000	4.1231
97.4719	16.0000	4.0000
97.4861	13.0000	3.6056
97.5004	15.0000	3.8730
97.5146	15.0000	3.8730
97.5289	11.0000	3.3166
97.5432	19.0000	4.3589
97.5574	10.0000	3.1623
97.5717	25.0000	5.0000
97.5859	14.0000	3.7417
97.6002	12.0000	3.4641
97.6145	13.0000	3.6056
97.6287	13.0000	3.6056
97.6430	12.0000	3.4641
97.6572	10.0000	3.1623
97.6715	16.0000	4.0000
97.6858	13.0000	3.6056
97.7000	10.0000	3.1623
97.7143	12.0000	3.4641
97.7285	6.0000	2.4495
97.7428	15.0000	3.8730
97.7571	11.0000	3.3166
97.7713	18.0000	4.2426
97.7856	9.0000	3.0000
97.7998	16.0000	4.0000
97.8141	14.0000	3.7417
97.8284	12.0000	3.4641
97.8426	10.0000	3.1623
97.8569	15.0000	3.8730
97.8711	13.0000	3.6056
97.8854	15.0000	3.8730
97.8996	12.0000	3.4641
97.9139	10.0000	3.1623
97.9282	13.0000	3.6056
97.9424	23.0000	4.7958
97.9567	17.0000	4.1231
97.9709	9.0000	3.0000
97.9852	13.0000	3.6056
97.9995	9.0000	3.0000
98.0137	14.0000	3.7417
98.0280	18.0000	4.2426
98.0422	13.0000	3.6056
98.0565	3.0000	1.7321
98.0708	11.0000	3.3166
98.0850	11.0000	3.3166
98.0993	24.0000	4.8990
98.1135	9.0000	3.0000
98.1278	18.0000	4.2426
98.1421	7.0000	2.6458
98.1563	11.0000	3.3166
98.1706	14.0000	3.7417
98.1848	14.0000	3.7417
98.1991	12.0000	3.4641
98.2134	15.0000	3.8730
98.2276	14.0000	3.7417
98.2419	10.0000	3.1623
98.2561	12.0000	3.4641
98.2704	16.0000	4.0000
98.2847	13.0000	3.6056
98.2989	11.0000	3.3166
98.3132	12.0000	3.4641
98.3274	8.0000	2.8284
98.3417	16.0000	4.0000
98.3560	11.0000	3.3166
98.3702	19.0000	4.3589
98.3845	14.0000	3.7417
98.3987	6.0000	2.4495
98.4130	14.0000	3.7417
98.4273	13.0000	3.6056
98.4415	8.0000	2.8284
98.4558	16.0000	4.0000
98.4700	14.0000	3.7417
98.4843	14.0000	3.7417
98.4985	13.0000	3.6056
98.5128	6.0000	2.4495
98.5271	20.0000	4.4721
98.5413	11.0000	3.3166
98.5556	12.0000	3.4641
98.5698	7.0000	2.6458
98.5841	17.0000	4.1231
98.5984	15.0000	3.8730
98.6126	10.0000	3.1623
98.6269	12.0000	3.4641
98.6411	12.0000	3.4641
98.6554	14.0000	3.7417
98.6697	9.0000	3.0000
98.6839	19.0000	4.3589
98.6982	9.0000	3.0000
98.7124	12.0000	3.4641
98.7267	9.0000	3.0000
98.7410	8.0000	2.8284
98.7552	14.0000	3.7417
98.7695	9.0000	3.0000
98.7837	12.0000	3.4641
98.7980	7.0000	2.6458
98.8123	13.0000	3.6056
98.8265	10.0000	3.1623
98.8408	23.0000	4.7958
98.8550	12.0000	3.4641
98.8693	17.0000	4.1231
98.8836	22.0000	4.6904
98.8978	19.0000	4.3589
98.9121	8.0000	2.8284
98.9263	25.0000	5.0000
98.9406	19.0000	4.3589
98.9549	18.0000	4.2426
98.9691	14.0000	3.7417
98.9834	19.0000	4.3589
98.9976	8.0000	2.8284
99.0119	18.0000	4.2426
99.0261	12.0000	3.4641
99.0404	15.0000	3.8730
99.0547	13.0000	3.6056
99.0689	6.0000	2.4495
99.0832	9.0000	3.0000
99.0974	7.0000	2.6458
99.1117	5.0000	2.2361
99.1260	11.0000	3.3166
99.1402	14.0000	3.7417
99.1545	12.0000	3.4641
99.1687	18.0000	4.2426
99.1830	19.0000	4.3589
99.1973	11.0000	3.3166
99.2115	11.0000	3.3166
99.2258	11.0000	3.3166
99.2400	16.0000	4.0000
99.2543	6.0000	2.4495
99.2686	11.0000	3.3166
99.2828	14.0000	3.7417
99.2971	9.0000	3.0000
99.3113	22.0000	4.6904
99.3256	10.0000	3.1623
99.3399	16.0000	4.0000
99.3541	17.0000	4.1231
99.3684	19.0000	4.3589
99.3826	19.0000	4.3589
99.3969	13.0000	3.6056
99.4112	5.0000	2.2361
99.4254	18.0000	4.2426
99.4397	8.0000	2.8284
99.4539	12.0000	3.4641
99.4682	17.0000	4.1231
99.4825	12.0000	3.4641
99.4967	9.0000	3.0000
99.5110	10.0000	3.1623
99.5252	12.0000	3.4641
99.5395	11.0000	3.3166
99.5538	12.0000	3.4641
99.5680	16.0000	4.0000
99.5823	9.0000	3.0000
99.5965	14.0000	3.7417
99.6108	11.0000	3.3166
99.6250	15.0000	3.8730
99.6393	18.0000	4.2426
99.6536	26.0000	5.0990
99.6678	10.0000	3.1623
99.6821	19.0000	4.3589
99.6963	13.0000	3.6056
99.7106	15.0000	3.8730
99.7249	13.0000	3.6056
99.7391	10.0000	3.1623
99.7534	17.0000	4.1231
99.7676	14.0000	3.7417
99.7819	12.0000	3.4641
99.7962	12.0000	3.4641
99.8104	17.0000	4.1231
99.8247	8.0000	2.8284
99.8389	6.0000	2.4495
99.8532	13.0000	3.6056
99.8675	11.0000	3.3166
99.8817	13.0000	3.6056
99.8960	18.0000	4.2426
99.9102	8.0000	2.8284
99.9245	14.0000	3.7417
99.9388	14.0000	3.7417
99.9530	16.0000	4.0000
99.9673	11.0000	3.3166
99.9815	13.0000	3.6056
99.9958	13.0000	3.6056
100.0101	13.0000	3.6056
100.0243	5.0000	2.2361
100.0386	9.0000	3.0000
100.0528	17.0000	4.1231
100.0671	12.0000	3.4641
100.0814	10.0000	3.1623
100.0956	13.0000	3.6056
100.1099	13.0000	3.6056
100.1241	10.0000	3.1623
100.1384	10.0000	3.1623
100.1526	13.0000	3.6056
100.1669	13.0000	3.6056
100.1812	13.0000	3.6056
100.1954	20.0000	4.4721
100.2097	14.0000	3.7417
100.2239	18.0000	4.2426
100.2382	14.0000	3.7417
100.2525	19.0000	4.3589
100.2667	13.0000	3.6056
100.2810	15.0000	3.8730
100.2952	20.0000	4.4721
100.3095	17.0000	4.1231
100.3238	10.0000	3.1623
100.3380	9.0000	3.0000
100.3523	16.0000	4.0000
100.3665	11.0000	3.3166
100.3808	17.0000	4.1231
100.3951	20.0000	4.4721
100.4093	12.0000	3.4641
100.4236	10.0000	3.1623
100.4378	15.0000	3.8730
100.4521	9.0000	3.0000
100.4664	18.0000	4.2426
100.4806	15.0000	3.8730
100.4949	14.0000	3.7417
100.5091	13.0000	3.6056
100.5234	8.0000	2.8284
100.5377	13.0000	3.6056
100.5519	14.0000	3.7417
100.5662	16.0000	4.0000
100.5804	16.0000	4.0000
100.5947	11.0000	3.3166
100.6090	8.0000	2.8284
100.6232	16.0000	4.0000
100.6375	6.0000	2.4495
100.6517	13.0000	3.6056
100.6660	10.0000	3.1623
100.6803	12.0000	3.4641
100.6945	10.0000	3.1623
100.7088	8.0000	2.8284
100.7230	9.0000	3.0000
100.7373	13.0000	3.6056
100.7515	14.0000	3.7417
100.7658	19.0000	4.3589
100.7801	14.0000	3.7417
100.7943	11.0000	3.3166
100.8086	10.0000	3.1623
100.8228	14.0000	3.7417
100.8371	11.0000	3.3166
100.8514	20.0000	4.4721
100.8656	14.0000	3.7417
100.8799	19.0000	4.3589
100.8941	12.0000	3.4641
100.9084	12.0000	3.4641
100.9227	12.0000	3.4641
100.9369	10.0000	3.1623
100.9512	11.0000	3.3166
100.9654	14.0000	3.7417
100.9797	8.0000	2.8284
100.9940	16.0000	4.0000
101.0082	14.0000	3.7417
101.0225	11.0000	3.3166
101.0367	18.0000	4.2426
101.0510	22.0000	4.6904
101.0653	12.0000	3.4641
101.0795	17.0000	4.1231
101.0938	11.0000	3.3166
101.1080	13.0000	3.6056
101.1223	12.0000	3.4641
101.1366	15.0000	3.8730
101.1508	12.0000	3.4641
101.1651	11.0000	3.3166
101.1793	13.0000	3.6056
101.1936	12.0000	3.4641
101.2079	15.0000	3.8730
101.2221	14.0000	3.7417
101.2364	12.0000	3.4641
101.2506	17.0000	4.1231
101.2649	8.0000	2.8284
101.2792	19.0000	4.3589
101.2934	10.0000	3.1623
101.3077	11.0000	3.3166
101.3219	21.0000	4.5826
101.3362	4.0000	2.0000
101.3504	9.0000	3.0000
101.3647	11.0000	3.3166
101.3790	19.0000	4.3589
101.3932	8.0000	2.8284
101.4075	10.0000	3.1623
101.4217	18.0000	4.2426
101.4360	15.0000	3.8730
101.4503	12.0000	3.4641
101.4645	5.0000	2.2361
101.4788	11.0000	3.3166
101.4930	16.0000	4.0000
101.5073	12.0000	3.4641
101.5216	14.0000	3.7417
101.5358	7.0000	2.6458
101.5501	13.0000	3.6056
101.5643	11.0000	3.3166
101.5786	15.0000	3.8730
101.5929	14.0000	3.7417
101.6071	15.0000	3.8730
101.6214	15.0000	3.8730
101.6356	16.0000	4.0000
101.6499	16.0000	4.0000
101.6642	15.0000	3.8730
101.6784	13.0000	3.6056
101.6927	14.0000	3.7417
101.7069	13.0000	3.6056
101.7212	10.0000	3.1623
101.7355	12.0000	3.4641
101.7497	22.0000	4.6904
101.7640	12.0000	3.4641
101.7782	20.0000	4.4721
101.7925	12.0000	3.4641
101.8068	10.0000	3.1623
101.8210	14.0000	3.7417
101.8353	17.0000	4.1231
101.8495	14.0000	3.7417
101.8638	13.0000	3.6056
101.8780	15.0000	3.8730
101.8923	11.0000	3.3166
101.9066	14.0000	3.7417
101.9208	13.0000	3.6056
101.9351	9.0000	3.0000
101.9493	15.0000	3.8730
101.9636	10.0000	3.1623
101.9779	12.0000	3.4641
101.9921	12.0000	3.4641
102.0064	12.0000	3.4641
102.0206	16.0000	4.0000
102.0349	14.0000	3.7417
102.0492	12.0000	3.4641
102.0634	12.0000	3.4641
102.0777	9.0000	3.0000
102.0919	16.0000	4.0000
102.1062	17.0000	4.1231
102.1205	16.0000	4.0000
102.1347	12.0000	3.4641
102.1490	10.0000	3.1623
102.1632	15.0000	3.8730
102.1775	13.0000	3.6056
102.1918	9.0000	3.0000
102.2060	11.0000	3.3166
102.2203	11.0000	3.3166
102.2345	12.0000	3.4641
102.2488	10.0000	3.1623
102.2631	13.0000	3.6056
102.2773	19.0000	4.3589
102.2916	13.0000	3.6056
102.3058	11.0000	3.3166
102.3201	13.0000	3.6056
102.3344	10.0000	3.1623
102.3486	11.0000	3.3166
102.3629	18.0000	4.2426
102.3771	13.0000	3.6056
102.3914	13.0000	3.6056
102.4057	10.0000	3.1623
102.4199	17.0000	4.1231
102.4342	18.0000	4.2426
102.4484	17.0000	4.1231
102.4627	10.0000	3.1623
102.4769	11.0000	3.3166
102.4912	9.0000	3.0000
102.5055	15.0000	3.8730
102.5197	10.0000	3.1623
102.5340	10.0000	3.1623
102.5482	11.0000	3.3166
102.5625	14.0000	3.7417
102.5768	15.0000	3.8730
102.5910	10.0000	3.1623
102.6053	11.0000	3.3166
102.6195	4.0000	2.0000
102.6338	10.0000	3.1623
102.6481	16.0000	4.0000
102.6623	12.0000	3.4641
102.6766	17.0000	4.1231
102.6908	13.0000	3.6056
102.7051	4.0000	2.0000
102.7194	14.0000	3.7417
102.7336	22.0000	4.6904
102.7479	14.0000	3.7417
102.7621	11.0000	3.3166
102.7764	9.0000	3.0000
102.7907	17.0000	4.1231
102.8049	12.0000	3.4641
102.8192	10.0000	3.1623
102.8334	11.0000	3.3166
102.8477	15.0000	3.8730
102.8620	15.0000	3.8730
102.8762	7.0000	2.6458
102.8905	9.0000	3.0000
102.9047	15.0000	3.8730
102.9190	12.0000	3.4641
102.9333	16.0000	4.0000
102.9475	11.0000	3.3166
102.9618	13.0000	3.6056
102.9760	15.0000	3.8730
102.9903	9.0000	3.0000
103.0045	18.0000	4.2426
103.0188	9.0000	3.0000
103.0331	17.0000	4.1231
103.0473	17.0000	4.1231
103.0616	12.0000	3.4641
103.0758	11.0000	3.3166
103.0901	16.0000	4.0000
103.1044	6.0000	2.4495
103.1186	13.0000	3.6056
103.1329	9.0000	3.0000
103.1471	20.0000	4.4721
103.1614	16.0000	4.0000
103.1757	13.0000	3.6056
103.1899	13.0000	3.6056
103.2042	8.0000	2.8284
103.2184	11.0000	3.3166
103.2327	16.0000	4.0000
103.2470	17.0000	4.1231
103.2612	9.0000	3.0000
103.2755	11.0000	3.3166
103.2897	13.0000	3.6056
103.3040	10.0000	3.1623
103.3183	16.0000	4.0000
103.3325	14.0000	3.7417
103.3468	15.0000	3.8730
103.3610	14.0000	3.7417
103.3753	13.0000	3.6056
103.3896	15.0000	3.8730
103.4038	14.0000	3.7417
103.4181	16.0000	4.0000
103.4323	9.0000	3.0000
103.4466	8.0000	2.8284
103.4609	13.0000	3.6056
103.4751	19.0000	4.3589
103.4894	11.0000	3.3166
103.5036	16.0000	4.0000
103.5179	13.0000	3.6056
103.5322	18.0000	4.2426
103.5464	15.0000	3.8730
103.5607	9.0000	3.0000
103.5749	15.0000	3.8730
103.5892	16.0000	4.0000
103.6034	11.0000	3.3166
103.6177	15.0000	3.8730
103.6320	19.0000	4.3589
103.6462	14.0000	3.7417
103.6605	11.0000	3.3166
103.6747	14.0000	3.7417
103.6890	17.0000	4.1231
103.7033	13.0000	3.6056
103.7175	19.0000	4.3589
103.7318	12.0000	3.4641
103.7460	12.0000	3.4641
103.7603	12.0000	3.4641
103.7746	16.0000	4.0000
103.7888	10.0000	3.1623
103.8031	10.0000	3.1623
103.8173	17.0000	4.1231
103.8316	17.0000	4.1231
103.8459	11.0000	3.3166
103.8601	15.0000	3.8730
103.8744	13.0000	3.6056
103.8886	12.0000	3.4641
103.9029	10.0000	3.1623
103.9172	11.0000	3.3166
103.9314	13.0000	3.6056
103.9457	11.0000	3.3166
103.9599	18.0000	4.2426
103.9742	18.0000	4.2426
103.9885	11.0000	3.3166
104.0027	7.0000	2.6458
104.0170	15.0000	3.8730
104.0312	17.0000	4.1231
104.0455	15.0000	3.8730
104.0598	12.0000	3.4641
104.0740	17.0000	4.1231
104.0883	20.0000	4.4721
104.1025	13.0000	3.6056
104.1168	13.0000	3.6056
104.1311	9.0000	3.0000
104.1453	14.0000	3.7417
104.1596	12.0000	3.4641
104.1738	10.0000	3.1623
104.1881	12.0000	3.4641
104.2023	12.0000	3.4641
104.2166	14.0000	3.7417
104.2309	14.0000	3.7417
104.2451	24.0000	4.8990
104.2594	9.0000	3.0000
104.2736	12.0000	3.4641
104.2879	13.0000	3.6056
104.3022	15.0000	3.8730
104.3164	20.0000	4.4721
104.3307	20.0000	4.4721
104.3449	16.0000	4.0000
104.3592	9.0000	3.0000
104.3735	12.0000	3.4641
104.3877	12.0000	3.4641
104.4020	12.0000	3.4641
104.4162	10.0000	3.1623
104.4305	13.0000	3.6056
104.4448	18.0000	4.2426
104.4590	14.0000	3.7417
104.4733	14.0000	3.7417
104.4875	16.0000	4.0000
104.5018	13.0000	3.6056
104.5161	15.0000	3.8730
104.5303	14.0000	3.7417
104.5446	15.0000	3.8730
104.5588	16.0000	4.0000
104.5731	15.0000	3.8730
104.5874	15.0000	3.8730
104.6016	20.0000	4.4721
104.6159	18.0000	4.2426
104.6301	22.0000	4.6904
104.6444	17.0000	4.1231
104.6587	17.0000	4.1231
104.6729	24.0000	4.8990
104.6872	21.0000	4.5826
104.7014	25.0000	5.0000
104.7157	18.0000	4.2426
104.7299	21.0000	4.5826
104.7442	22.0000	4.6904
104.7585	16.0000	4.0000
104.7727	18.0000	4.2426
104.7870	26.0000	5.0990
104.8012	19.0000	4.3589
104.8155	22.0000	4.6904
104.8298	18.0000	4.2426
104.8440	25.0000	5.0000
104.8583	23.0000	4.7958
104.8725	15.0000	3.8730
104.8868	15.0000	3.8730
104.9011	20.0000	4.4721
104.9153	14.0000	3.7417
104.9296	25.0000	5.0000
104.9438	11.0000	3.3166
104.9581	13.0000	3.6056
104.9724	10.0000	3.1623
104.9866	18.0000	4.2426
105.0009	10.0000	3.1623
105.0151	18.0000	4.2426
105.0294	9.0000	3.0000
105.0437	17.0000	4.1231
105.0579	16.0000	4.0000
105.0722	14.0000	3.7417
105.0864	10.0000	3.1623
105.1007	20.0000	4.4721
105.1150	21.0000	4.5826
105.1292	32.0000	5.6569
105.1435	20.0000	4.4721
105.1577	15.0000	3.8730
105.1720	20.0000	4.4721
105.1863	18.0000	4.2426
105.2005	18.0000	4.2426
105.2148	13.0000	3.6056
105.2290	18.0000	4.2426
105.2433	10.0000	3.1623
105.2576	13.0000	3.6056
105.2718	15.0000	3.8730
105.2861	11.0000	3.3166
105.3003	18.0000	4.2426
105.3146	13.0000	3.6056
105.3288	9.0000	3.0000
105.3431	9.0000	3.0000
105.3574	11.0000	3.3166
105.3716	25.0000	5.0000
105.3859	12.0000	3.4641
105.4001	16.0000	4.0000
105.4144	17.0000	4.1231
105.4287	11.0000	3.3166
105.4429	16.0000	4.0000
105.4572	15.0000	3.8730
105.4714	8.0000	2.8284
105.4857	18.0000	4.2426
105.5000	9.0000	3.0000
105.5142	12.0000	3.4641
105.5285	13.0000	3.6056
105.5427	10.0000	3.1623
105.5570	19.0000	4.3589
105.5713	12.0000	3.4641
105.5855	19.0000	4.3589
105.5998	7.0000	2.6458
105.6140	15.0000	3.8730
105.6283	7.0000	2.6458
105.6426	14.0000	3.7417
105.6568	9.0000	3.0000
105.6711	14.0000	3.7417
105.6853	15.0000	3.8730
105.6996	9.0000	3.0000
105.7139	19.0000	4.3589
105.7281	12.0000	3.4641
105.7424	19.0000	4.3589
105.7566	14.0000	3.7417
105.7709	16.0000	4.0000
105.7852	13.0000	3.6056
105.7994	13.0000	3.6056
105.8137	13.0000	3.6056
105.8279	11.0000	3.3166
105.8422	13.0000	3.6056
105.8564	12.0000	3.4641
105.8707	6.0000	2.4495
105.8850	8.0000	2.8284
105.8992	10.0000	3.1623
105.9135	10.0000	3.1623
105.9277	11.0000	3.3166
105.9420	13.0000	3.6056
105.9563	15.0000	3.8730
105.9705	17.0000	4.1231
105.9848	17.0000	4.1231
105.9990	13.0000	3.6056
106.0133	15.0000	3.8730
106.0276	2.0000	1.4142
106.0418	9.0000	3.0000
106.0561	16.0000	4.0000
106.0703	13.0000	3.6056
106.0846	10.0000	3.1623
106.0989	10.0000	3.1623
106.1131	17.0000	4.1231
106.1274	16.0000	4.0000
106.1416	6.0000	2.4495
106.1559	17.0000	4.1231
106.1702	13.0000	3.6056
106.1844	15.0000	3.8730
106.1987	14.0000	3.7417
106.2129	15.0000	3.8730
106.2272	14.0000	3.7417
106.2415	3.0000	1.7321
106.2557	9.0000	3.0000
106.2700	15.0000	3.8730
106.2842	9.0000	3.0000
106.2985	13.0000	3.6056
106.3128	9.0000	3.0000
106.3270	10.0000	3.1623
106.3413	10.0000	3.1623
106.3555	11.0000	3.3166
106.3698	17.0000	4.1231
106.3841	9.0000	3.0000
106.3983	14.0000	3.7417
106.4126	15.0000	3.8730
106.4268	12.0000	3.4641
106.4411	14.0000	3.7417
106.4553	13.0000	3.6056
106.4696	13.0000	3.6056
106.4839	11.0000	3.3166
106.4981	15.0000	3.8730
106.5124	5.0000	2.2361
106.5266	18.0000	4.2426
106.5409	14.0000	3.7417
106.5552	17.0000	4.1231
106.5694	6.0000	2.4495
106.5837	14.0000	3.7417
106.5979	8.0000	2.8284
106.6122	10.0000	3.1623
106.6265	17.0000	4.1231
106.6407	13.0000	3.6056
106.6550	11.0000	3.3166
106.6692	17.0000	4.1231
106.6835	13.0000	3.6056
106.6978	13.0000	3.6056
106.7120	21.0000	4.5826
106.7263	7.0000	2.6458
106.7405	10.0000	3.1623
106.7548	21.0000	4.5826
106.7691	14.0000	3.7417
106.7833	15.0000	3.8730
106.7976	9.0000	3.0000
106.8118	20.0000	4.4721
106.8261	13.0000	3.6056
106.8404	14.0000	3.7417
106.8546	17.0000	4.1231
106.8689	12.0000	3.4641
106.8831	13.0000	3.6056
106.8974	12.0000	3.4641
106.9117	13.0000	3.6056
106.9259	17.0000	4.1231
106.9402	9.0000	3.0000
106.9544	15.0000	3.8730
106.9687	13.0000	3.6056
106.9830	13.0000	3.6056
106.9972	14.0000	3.7417
107.0115	12.0000	3.4641
107.0257	11.0000	3.3166
107.0400	12.0000	3.4641
107.0542	11.0000	3.3166
107.0685	11.0000	3.3166
107.0828	15.0000	3.8730
107.0970	22.0000	4.6904
107.1113	14.0000	3.7417
107.1255	13.0000	3.6056
107.1398	9.0000	3.0000
107.1541	15.0000	3.8730
107.1683	10.0000	3.1623
107.1826	11.0000	3.3166
107.1968	16.0000	4.0000
107.2111	9.0000	3.0000
107.2254	20.0000	4.4721
107.2396	14.0000	3.7417
107.2539	20.0000	4.4721
107.2681	10.0000	3.1623
107.2824	16.0000	4.0000
107.2967	20.0000	4.4721
107.3109	13.0000	3.6056
107.3252	11.0000	3.3166
107.3394	11.0000	3.3166
107.3537	15.0000	3.8730
107.3680	7.0000	2.6458
107.3822	13.0000	3.6056
107.3965	13.0000	3.6056
107.4107	5.0000	2.2361
107.4250	9.0000	3.0000
107.4393	7.0000	2.6458
107.4535	7.0000	2.6458
107.4678	21.0000	4.5826
107.4820	12.0000	3.4641
107.4963	13.0000	3.6056
107.5106	15.0000	3.8730
107.5248	10.0000	3.1623
107.5391	10.0000	3.1623
107.5533	14.0000	3.7417
107.5676	15.0000	3.8730
107.5818	11.0000	3.3166
107.5961	20.0000	4.4721
107.6104	17.0000	4.1231
107.6246	13.0000	3.6056
107.6389	14.0000	3.7417
107.6531	16.0000	4.0000
107.6674	15.0000	3.8730
107.6817	9.0000	3.0000
107.6959	18.0000	4.2426
107.7102	14.0000	3.7417
107.7244	12.0000	3.4641
107.7387	15.0000	3.8730
107.7530	16.0000	4.0000
107.7672	11.0000	3.3166
107.7815	17.0000	4.1231
107.7957	17.0000	4.1231
107.8100	11.0000	3.3166
107.8243	10.0000	3.1623
107.8385	15.0000	3.8730
107.8528	10.0000	3.1623
107.8670	18.0000	4.2426
107.8813	11.0000	3.3166
107.8956	11.0000	3.3166
107.9098	18.0000	4.2426
107.9241	18.0000	4.2426
107.9383	14.0000	3.7417
107.9526	19.0000	4.3589
107.9669	14.0000	3.7417
107.9811	8.0000	2.8284
107.9954	16.0000	4.0000
108.0096	12.0000	3.4641
108.0239	8.0000	2.8284
108.0382	20.0000	4.4721
108.0524	21.0000	4.5826
108.0667	8.0000	2.8284
108.0809	12.0000	3.4641
108.0952	10.0000	3.1623
108.1095	14.0000	3.7417
108.1237	16.0000	4.0000
108.1380	15.0000	3.8730
108.1522	17.0000	4.1231
108.1665	15.0000	3.8730
108.1807	18.0000	4.2426
108.1950	18.0000	4.2426
108.2093	11.0000	3.3166
108.2235	22.0000	4.6904
108.2378	14.0000	3.7417
108.2520	11.0000	3.3166
108.2663	12.0000	3.4641
108.2806	20.0000	4.4721
108.2948	15.0000	3.8730
108.3091	14.0000	3.7417
108.3233	9.0000	3.0000
108.3376	14.0000	3.7417
108.3519	12.0000	3.4641
108.3661	10.0000	3.1623
108.3804	12.0000	3.4641
108.3946	11.0000	3.3166
108.4089	15.0000	3.8730
108.4232	24.0000	4.8990
108.4374	16.0000	4.0000
108.4517	23.0000	4.7958
108.4659	14.0000	3.7417
108.4802	9.0000	3.0000
108.4945	19.0000	4.3589
108.5087	14.0000	3.7417
108.5230	9.0000	3.0000
108.5372	7.0000	2.6458
108.5515	15.0000	3.8730
108.5658	12.0000	3.4641
108.5800	12.0000	3.4641
108.5943	14.0000	3.7417
108.6085	15.0000	3.8730
108.6228	12.0000	3.4641
108.6371	13.0000	3.6056
108.6513	21.0000	4.5826
108.6656	4.0000	2.0000
108.6798	11.0000	3.3166
108.6941	8.0000	2.8284
108.7083	10.0000	3.1623
108.7226	16.0000	4.0000
108.7369	11.0000	3.3166
108.7511	11.0000	3.3166
108.7654	11.0000	3.3166
108.7796	10.0000	3.1623
108.7939	7.0000	2.6458
108.8082	16.0000	4.0000
108.8224	12.0000	3.4641
108.8367	15.0000	3.8730
108.8509	17.0000	4.1231
108.8652	8.0000	2.8284
108.8795	9.0000	3.0000
108.8937	18.0000	4.2426
108.9080	11.0000	3.3166
108.9222	10.0000	3.1623
108.9365	12.0000	3.4641
108.9508	18.0000	4.2426
108.9650	19.0000	4.3589
108.9793	15.0000	3.8730
108.9935	11.0000	3.3166
109.0078	10.0000	3.1623
109.0221	5.0000	2.2361
109.0363	11.0000	3.3166
109.0506	13.0000	3.6056
109.0648	15.0000	3.8730
109.0791	11.0000	3.3166
109.0934	15.0000	3.8730
109.1076	11.0000	3.3166
109.1219	17.0000	4.1231
109.1361	15.0000	3.8730
109.1504	14.0000	3.7417
109.1647	13.0000	3.6056
109.1789	10.0000	3.1623
109.1932	19.0000	4.3589
109.2074	12.0000	3.4641
109.2217	17.0000	4.1231
109.2360	17.0000	4.1231
109.2502	6.0000	2.4495
109.2645	12.0000	3.4641
109.2787	14.0000	3.7417
109.2930	15.0000	3.8730
109.3072	15.0000	3.8730
109.3215	11.0000	3.3166
109.3358	15.0000	3.8730
109.3500	18.0000	4.2426
109.3643	13.0000	3.6056
109.3785	12.0000	3.4641
109.3928	14.0000	3.7417
109.4071	11.0000	3.3166
109.4213	14.0000	3.7417
109.4356	14.0000	3.7417
109.4498	9.0000	3.0000
109.4641	23.0000	4.7958
109.4784	9.0000	3.0000
109.4926	13.0000	3.6056
109.5069	19.0000	4.3589
109.5211	15.0000	3.8730
109.5354	10.0000	3.1623
109.5497	20.0000	4.4721
109.5639	13.0000	3.6056
109.5782	14.0000	3.7417
109.5924	14.0000	3.7417
109.6067	17.0000	4.1231
109.6210	8.0000	2.8284
109.6352	10.0000	3.1623
109.6495	14.0000	3.7417
109.6637	14.0000	3.7417
109.6780	17.0000	4.1231
109.6923	11.0000	3.3166
109.7065	15.0000	3.8730
109.7208	19.0000	4.3589
109.7350	19.0000	4.3589
109.7493	6.0000	2.4495
109.7636	15.0000	3.8730
109.7778	16.0000	4.0000
109.7921	17.0000	4.1231
109.8063	9.0000	3.0000
109.8206	13.0000	3.6056
109.8349	13.0000	3.6056
109.8491	21.0000	4.5826
109.8634	10.0000	3.1623
109.8776	10.0000	3.1623
109.8919	17.0000	4.1231
109.9061	10.0000	3.1623
109.9204	19.0000	4.3589
109.9347	10.0000	3.1623
109.9489	10.0000	3.1623
109.9632	19.0000	4.3589
109.9774	4.0000	2.0000
109.9917	13.0000	3.6056
110.0060	11.0000	3.3166
