2.000000	416.7
2.003750	398.5
2.007500	432.6
2.011250	439.5
2.015000	420.3
2.018750	421.7
2.022500	419.0
2.026250	423.2
2.030000	418.6
2.033750	400.0
2.037500	414.4
2.041250	419.9
2.045000	435.0
2.048750	456.6
2.052500	432.4
2.056250	466.2
2.060000	500.3
2.063750	447.0
2.067500	443.9
2.071250	473.2
2.075000	456.1
2.078750	454.4
2.082500	441.3
2.086250	453.6
2.090000	457.5
2.093750	489.4
2.097500	447.8
2.101250	452.4
2.105000	480.0
2.108750	469.6
2.112500	418.1
2.116250	441.9
2.120000	455.6
2.123750	465.3
2.127500	500.0
2.131250	409.2
2.135000	473.5
2.138750	499.2
2.142500	499.9
2.146250	499.5
2.150000	470.3
2.153750	475.7
2.157500	468.7
2.161250	454.3
2.165000	475.8
2.168750	497.7
2.172500	458.5
2.176250	464.8
2.180000	514.8
2.183750	493.2
2.187500	491.1
2.191250	495.7
2.195000	510.8
2.198750	488.9
2.202500	469.1
2.206250	523.8
2.210000	521.4
2.213750	505.8
2.217500	497.9
2.221250	515.9
2.225000	503.2
2.228750	505.1
2.232500	499.2
2.236250	502.0
2.240000	534.7
2.243750	524.6
2.247500	511.2
2.251250	523.1
2.255000	529.8
2.258750	517.5
2.262500	523.4
2.266250	547.1
2.270000	568.0
2.273750	541.7
2.277500	514.7
2.281250	560.7
2.285000	624.4
2.288750	554.1
2.292500	598.5
2.296250	619.9
2.300000	604.3
2.303750	604.9
2.307500	631.4
2.311250	675.9
2.315000	658.8
2.318750	671.8
2.322500	719.8
2.326250	735.5
2.330000	678.0
2.333750	754.1
2.337500	720.8
2.341250	793.1
2.345000	781.6
2.348750	741.8
2.352500	816.4
2.356250	874.9
2.360000	879.7
2.363750	839.2
2.367500	865.8
2.371250	905.0
2.375000	916.0
2.378750	948.7
2.382500	964.3
2.386250	940.1
2.390000	1017.0
2.393750	1046.8
2.397500	1060.3
2.401250	1038.9
2.405000	1066.9
2.408750	1128.9
2.412500	1117.2
2.416250	1164.7
2.420000	1163.0
2.423750	1145.9
2.427500	1150.7
2.431250	1212.9
2.435000	1242.6
2.438750	1298.6
2.442500	1313.9
2.446250	1297.5
2.450000	1381.2
2.453750	1371.3
2.457500	1391.2
2.461250	1465.0
2.465000	1527.4
2.468750	1501.2
2.472500	1598.4
2.476250	1621.5
2.480000	1612.1
2.483750	1719.4
2.487500	1710.3
2.491250	1776.3
2.495000	1809.1
2.498750	1860.5
2.502500	1884.7
2.506250	1930.8
2.510000	2072.2
2.513750	2048.9
2.517500	2165.1
2.521250	2194.5
2.525000	2206.2
2.528750	2229.9
2.532500	2258.8
2.536250	2234.2
2.540000	2409.3
2.543750	2437.9
2.547500	2427.9
2.551250	2457.5
2.555000	2476.1
2.558750	2461.9
2.562500	2549.6
2.566250	2525.4
2.570000	2520.2
2.573750	2561.3
2.577500	2559.2
2.581250	2582.5
2.585000	2649.0
2.588750	2591.2
2.592500	2502.3
2.596250	2655.9
2.600000	2653.7
2.603750	2528.1
2.607500	2633.9
2.611250	2569.6
2.615000	2520.4
2.618750	2565.4
2.622500	2505.3
2.626250	2602.2
2.630000	2504.9
2.633750	2605.8
2.637500	2540.7
2.641250	2573.2
2.645000	2625.8
2.648750	2503.9
2.652500	2568.2
2.656250	2540.4
2.660000	2495.0
2.663750	2517.0
2.667500	2585.7
2.671250	2520.7
2.675000	2523.2
2.678750	2435.4
2.682500	2495.2
2.686250	2564.2
2.690000	2565.1
2.693750	2532.2
2.697500	2459.2
2.701250	2465.4
2.705000	2545.5
2.708750	2540.1
2.712500	2477.0
2.716250	2514.6
2.720000	2530.6
2.723750	2520.1
2.727500	2541.7
2.731250	2554.6
2.735000	2424.5
2.738750	2505.9
2.742500	2442.0
2.746250	2523.8
2.750000	2534.5
2.753750	2509.8
2.757500	2459.5
2.761250	2443.1
2.765000	2456.2
2.768750	2469.4
2.772500	2458.5
2.776250	2493.2
2.780000	2436.1
2.783750	2452.5
2.787500	2502.2
2.791250	2534.8
2.795000	2433.6
2.798750	2395.4
2.802500	2422.3
2.806250	2504.3
2.810000	2414.6
2.813750	2462.4
2.817500	2424.4
2.821250	2454.8
2.825000	2412.9
2.828750	2363.7
2.832500	2423.8
2.836250	2380.4
2.840000	2486.7
2.843750	2426.9
2.847500	2412.1
2.851250	2412.4
2.855000	2431.8
2.858750	2378.6
2.862500	2318.5
2.866250	2425.0
2.870000	2367.5
2.873750	2409.1
2.877500	2402.1
2.881250	2395.1
2.885000	2461.9
2.888750	2407.0
2.892500	2338.2
2.896250	2404.5
2.900000	2367.8
2.903750	2442.9
2.907500	2366.2
2.911250	2319.2
2.915000	2344.0
2.918750	2423.5
2.922500	2443.7
2.926250	2358.3
2.930000	2310.8
2.933750	2321.4
2.937500	2400.2
2.941250	2334.7
2.945000	2428.4
2.948750	2353.5
2.952500	2389.4
2.956250	2430.7
2.960000	2480.6
2.963750	2371.8
2.967500	2301.2
2.971250	2285.3
2.975000	2358.9
2.978750	2319.6
2.982500	2297.0
2.986250	2335.5
2.990000	2442.8
2.993750	2301.5
2.997500	2251.9
3.001250	2364.8
3.005000	2347.5
3.008750	2335.8
3.012500	2290.7
3.016250	2249.7
3.020000	2328.2
3.023750	2270.6
3.027500	2301.4
3.031250	2360.8
3.035000	2244.4
3.038750	2368.0
3.042500	2341.8
3.046250	2308.5
3.050000	2295.7
3.053750	2203.6
3.057500	2223.3
3.061250	2243.0
3.065000	2193.0
3.068750	2227.5
3.072500	2247.8
3.076250	2209.2
3.080000	2154.3
3.083750	2302.5
3.087500	2273.7
3.091250	2271.2
3.095000	2356.5
3.098750	2238.9
3.102500	2267.4
3.106250	2259.5
3.110000	2291.6
3.113750	2249.3
3.117500	2195.2
3.121250	2160.7
3.125000	2279.9
3.128750	2249.9
3.132500	2177.9
3.136250	2160.3
3.140000	2175.7
3.143750	2211.7
3.147500	2228.0
3.151250	2201.7
3.155000	2158.8
3.158750	2207.6
3.162500	2178.4
3.166250	2274.5
3.170000	2254.0
3.173750	2237.7
3.177500	2249.7
3.181250	2225.9
3.185000	2225.2
3.188750	2149.4
3.192500	2260.7
3.196250	2223.3
3.200000	2211.4
3.203750	2216.3
3.207500	2161.6
3.211250	2167.7
3.215000	2238.2
3.218750	2161.2
3.222500	2179.8
3.226250	2232.9
3.230000	2263.3
3.233750	2190.2
3.237500	2091.2
3.241250	2192.4
3.245000	2257.7
3.248750	2205.7
3.252500	2148.3
3.256250	2195.9
3.260000	2125.3
3.263750	2185.3
3.267500	2173.2
3.271250	2151.5
3.275000	2099.5
3.278750	2182.4
3.282500	2133.2
3.286250	2155.0
3.290000	2227.5
3.293750	2242.7
3.297500	2205.1
3.301250	2140.3
3.305000	2217.4
3.308750	2164.9
3.312500	2160.4
3.316250	2180.0
3.320000	2095.4
3.323750	2052.3
3.327500	2095.6
3.331250	2182.9
3.335000	2135.2
3.338750	2217.3
3.342500	2131.5
3.346250	2150.5
3.350000	2113.7
3.353750	2070.0
3.357500	2137.5
3.361250	2102.4
3.365000	2125.2
3.368750	2124.1
3.372500	2086.1
3.376250	2163.3
3.380000	2106.7
3.383750	2145.0
3.387500	2079.9
3.391250	2085.5
3.395000	2078.9
3.398750	2028.2
3.402500	2051.0
3.406250	2076.3
3.410000	2108.5
3.413750	2071.1
3.417500	2078.1
3.421250	2061.7
3.425000	2099.4
3.428750	2092.3
3.432500	2103.4
3.436250	2096.9
3.440000	2119.0
3.443750	2122.5
3.447500	2069.9
3.451250	2075.5
3.455000	2059.1
3.458750	2077.8
3.462500	2109.2
3.466250	2016.6
3.470000	2037.0
3.473750	1999.6
3.477500	1961.0
3.481250	2056.2
3.485000	2016.2
3.488750	2062.4
3.492500	2079.5
3.496250	2014.2
3.500000	2104.5
3.503750	2086.9
3.507500	2018.1
3.511250	2050.1
3.515000	2068.5
3.518750	2078.5
3.522500	2030.4
3.526250	2032.8
3.530000	2045.0
3.533750	2042.8
3.537500	2004.7
3.541250	1996.7
3.545000	2019.1
3.548750	1974.6
3.552500	1975.6
3.556250	2086.4
3.560000	1992.0
3.563750	1952.5
3.567500	2039.1
3.571250	2057.8
3.575000	2005.7
3.578750	2092.5
3.582500	1977.8
3.586250	1969.8
3.590000	2023.8
3.593750	2075.2
3.597500	2016.4
3.601250	2012.5
3.605000	2007.4
3.608750	2008.5
3.612500	2049.5
3.616250	1946.3
3.620000	1952.8
3.623750	1990.5
3.627500	1951.5
3.631250	1989.5
3.635000	1986.4
3.638750	1955.7
3.642500	2042.1
3.646250	2087.3
3.650000	1970.7
3.653750	1944.5
3.657500	2011.0
3.661250	1996.2
3.665000	1957.1
3.668750	1954.4
3.672500	1974.4
3.676250	1993.7
3.680000	1976.1
3.683750	2029.3
3.687500	1939.4
3.691250	1894.6
3.695000	1990.1
3.698750	1952.9
3.702500	1955.1
3.706250	1957.4
3.710000	1948.0
3.713750	1951.0
3.717500	1991.3
3.721250	1900.9
3.725000	1950.4
3.728750	2007.4
3.732500	1904.5
3.736250	1931.2
3.740000	1909.3
3.743750	1975.7
3.747500	1913.7
3.751250	1925.2
3.755000	1985.0
3.758750	1924.8
3.762500	1916.6
3.766250	1943.7
3.770000	1983.1
3.773750	1941.3
3.777500	1895.8
3.781250	1908.8
3.785000	1909.7
3.788750	1913.1
3.792500	1861.8
3.796250	1877.5
3.800000	1877.2
3.803750	1920.6
3.807500	1892.3
3.811250	1855.8
3.815000	1882.6
3.818750	1951.5
3.822500	1859.2
3.826250	1849.0
3.830000	1803.2
3.833750	1859.3
3.837500	1900.2
3.841250	1867.7
3.845000	1931.4
3.848750	1865.8
3.852500	1906.7
3.856250	1903.9
3.860000	1942.4
3.863750	1875.8
3.867500	1922.6
3.871250	1939.1
3.875000	1882.1
3.878750	1803.1
3.882500	1908.2
3.886250	1789.2
3.890000	1905.4
3.893750	1869.3
3.897500	1837.9
3.901250	1913.2
3.905000	1788.1
3.908750	1881.3
3.912500	1872.4
3.916250	1818.1
3.920000	1887.9
3.923750	1854.8
3.927500	1872.4
3.931250	1786.7
3.935000	1881.5
3.938750	1909.4
3.942500	1908.6
3.946250	1826.8
3.950000	1812.2
3.953750	1883.3
3.957500	1825.3
3.961250	1821.9
3.965000	1803.7
3.968750	1841.6
3.972500	1878.5
3.976250	1869.5
3.980000	1888.9
3.983750	1804.9
3.987500	1796.4
3.991250	1848.6
3.995000	1900.8
3.998750	1750.6
4.002500	1779.8
4.006250	1858.0
4.010000	1865.3
4.013750	1838.4
4.017500	1840.1
4.021250	1812.0
4.025000	1782.4
4.028750	1730.5
4.032500	1864.5
4.036250	1802.6
4.040000	1806.9
4.043750	1734.1
4.047500	1783.1
4.051250	1847.4
4.055000	1812.9
4.058750	1756.7
4.062500	1751.1
4.066250	1815.8
4.070000	1809.0
4.073750	1741.5
4.077500	1853.2
4.081250	1757.1
4.085000	1779.1
4.088750	1772.1
4.092500	1821.7
4.096250	1820.6
4.100000	1757.1
4.103750	1867.6
4.107500	1870.5
4.111250	1843.7
4.115000	1777.2
4.118750	1806.8
4.122500	1819.6
4.126250	1766.8
4.130000	1734.1
4.133750	1735.6
4.137500	1844.7
4.141250	1776.2
4.145000	1731.6
4.148750	1755.4
4.152500	1825.8
4.156250	1758.6
4.160000	1784.4
4.163750	1805.5
4.167500	1770.3
4.171250	1692.5
4.175000	1731.2
4.178750	1787.2
4.182500	1779.9
4.186250	1722.0
4.190000	1836.0
4.193750	1775.2
4.197500	1812.4
4.201250	1782.1
4.205000	1784.9
4.208750	1701.8
4.212500	1708.3
4.216250	1779.8
4.220000	1747.2
4.223750	1741.2
4.227500	1787.3
4.231250	1776.2
4.235000	1784.5
4.238750	1757.6
4.242500	1739.0
4.246250	1721.7
4.250000	1709.9
4.253750	1750.6
4.257500	1717.7
4.261250	1723.2
4.265000	1766.3
4.268750	1695.1
4.272500	1703.2
4.276250	1693.1
4.280000	1736.9
4.283750	1761.4
4.287500	1759.4
4.291250	1737.3
4.295000	1760.6
4.298750	1717.6
4.302500	1755.2
4.306250	1702.5
4.310000	1672.2
4.313750	1711.8
4.317500	1766.8
4.321250	1723.0
4.325000	1695.3
4.328750	1694.5
4.332500	1779.4
4.336250	1694.4
4.340000	1659.9
4.343750	1729.0
4.347500	1724.1
4.351250	1688.5
4.355000	1733.9
4.358750	1660.0
4.362500	1673.3
4.366250	1686.1
4.370000	1698.4
4.373750	1661.2
4.377500	1669.4
4.381250	1713.6
4.385000	1680.8
4.388750	1716.5
4.392500	1655.6
4.396250	1681.1
4.400000	1673.8
4.403750	1629.5
4.407500	1680.7
4.411250	1740.9
4.415000	1690.2
4.418750	1555.6
4.422500	1674.7
4.426250	1718.7
4.430000	1759.6
4.433750	1609.8
4.437500	1586.1
4.441250	1695.7
4.445000	1713.6
4.448750	1744.3
4.452500	1655.7
4.456250	1631.4
4.460000	1663.4
4.463750	1673.2
4.467500	1711.8
4.471250	1666.6
4.475000	1643.2
4.478750	1662.5
4.482500	1678.3
4.486250	1652.7
4.490000	1640.1
4.493750	1682.0
4.497500	1683.3
4.501250	1651.9
4.505000	1662.3
4.508750	1632.2
4.512500	1623.8
4.516250	1613.9
4.520000	1637.6
4.523750	1695.2
4.527500	1665.2
4.531250	1618.5
4.535000	1657.7
4.538750	1634.9
4.542500	1637.6
4.546250	1707.4
4.550000	1704.2
4.553750	1636.0
4.557500	1650.2
4.561250	1667.5
4.565000	1647.6
4.568750	1609.7
4.572500	1701.0
4.576250	1657.4
4.580000	1577.2
4.583750	1600.0
4.587500	1556.5
4.591250	1647.6
4.595000	1660.0
4.598750	1597.3
4.602500	1626.1
4.606250	1623.5
4.610000	1700.2
4.613750	1636.5
4.617500	1563.9
4.621250	1655.0
4.625000	1752.3
4.628750	1683.2
4.632500	1584.6
4.636250	1573.6
4.640000	1566.3
4.643750	1585.8
4.647500	1637.1
4.651250	1617.0
4.655000	1619.6
4.658750	1563.0
4.662500	1565.1
4.666250	1576.5
4.670000	1570.8
4.673750	1565.9
4.677500	1595.7
4.681250	1592.1
4.685000	1581.6
4.688750	1583.1
4.692500	1593.7
4.696250	1570.4
4.700000	1545.2
4.703750	1577.2
4.707500	1542.9
4.711250	1615.5
4.715000	1694.6
4.718750	1632.5
4.722500	1617.2
4.726250	1558.0
4.730000	1537.4
4.733750	1595.1
4.737500	1594.9
4.741250	1556.0
4.745000	1607.6
4.748750	1553.3
4.752500	1568.8
4.756250	1590.7
4.760000	1588.6
4.763750	1615.8
4.767500	1569.0
4.771250	1544.1
4.775000	1550.3
4.778750	1665.3
4.782500	1678.9
4.786250	1552.2
4.790000	1577.3
4.793750	1606.8
4.797500	1582.6
4.801250	1594.8
4.805000	1605.0
4.808750	1586.7
4.812500	1595.0
4.816250	1558.3
4.820000	1590.2
4.823750	1624.8
4.827500	1528.6
4.831250	1483.6
4.835000	1600.9
4.838750	1605.0
4.842500	1586.2
4.846250	1596.8
4.850000	1490.0
4.853750	1498.8
4.857500	1540.6
4.861250	1502.6
4.865000	1524.1
4.868750	1545.4
4.872500	1459.0
4.876250	1584.9
4.880000	1514.5
4.883750	1535.3
4.887500	1544.4
4.891250	1510.0
4.895000	1567.6
4.898750	1543.7
4.902500	1610.4
4.906250	1523.4
4.910000	1597.9
4.913750	1591.8
4.917500	1578.7
4.921250	1573.3
4.925000	1516.4
4.928750	1583.2
4.932500	1497.0
4.936250	1514.4
4.940000	1535.6
4.943750	1458.4
4.947500	1517.3
4.951250	1533.9
4.955000	1573.4
4.958750	1554.6
4.962500	1556.1
4.966250	1508.3
4.970000	1606.2
4.973750	1576.4
4.977500	1526.6
4.981250	1553.0
4.985000	1531.3
4.988750	1503.6
4.992500	1554.6
4.996250	1561.0
5.000000	1501.0
5.003750	1528.2
5.007500	1468.6
5.011250	1476.0
5.015000	1447.0
5.018750	1579.2
5.022500	1466.4
5.026250	1557.6
5.030000	1515.6
5.033750	1524.1
5.037500	1500.9
5.041250	1518.9
5.045000	1537.7
5.048750	1505.3
5.052500	1518.0
5.056250	1535.4
5.060000	1480.9
5.063750	1507.3
5.067500	1485.1
5.071250	1502.9
5.075000	1525.2
5.078750	1464.4
5.082500	1500.4
5.086250	1496.1
5.090000	1456.5
5.093750	1547.3
5.097500	1495.6
5.101250	1421.5
5.105000	1519.0
5.108750	1500.8
5.112500	1448.6
5.116250	1480.6
5.120000	1503.2
5.123750	1485.9
5.127500	1425.7
5.131250	1479.9
5.135000	1558.1
5.138750	1526.7
5.142500	1459.9
5.146250	1483.7
5.150000	1501.5
5.153750	1493.1
5.157500	1470.3
5.161250	1516.0
5.165000	1499.3
5.168750	1520.8
5.172500	1480.4
5.176250	1442.6
5.180000	1443.1
5.183750	1467.6
5.187500	1545.7
5.191250	1512.2
5.195000	1519.9
5.198750	1467.6
5.202500	1487.7
5.206250	1519.3
5.210000	1439.8
5.213750	1547.6
5.217500	1490.5
5.221250	1450.3
5.225000	1458.2
5.228750	1526.4
5.232500	1476.1
5.236250	1431.8
5.240000	1425.2
5.243750	1516.6
5.247500	1472.8
5.251250	1572.2
5.255000	1500.3
5.258750	1452.9
5.262500	1495.1
5.266250	1561.6
5.270000	1466.3
5.273750	1441.2
5.277500	1433.1
5.281250	1503.0
5.285000	1393.2
5.288750	1510.6
5.292500	1421.9
5.296250	1445.1
5.300000	1501.0
5.303750	1484.8
5.307500	1429.1
5.311250	1446.2
5.315000	1496.6
5.318750	1404.6
5.322500	1466.8
5.326250	1408.8
5.330000	1477.9
5.333750	1380.8
5.337500	1362.0
5.341250	1432.2
5.345000	1430.7
5.348750	1457.8
5.352500	1408.5
5.356250	1438.9
5.360000	1515.9
5.363750	1450.8
5.367500	1428.7
5.371250	1430.4
5.375000	1455.9
5.378750	1438.7
5.382500	1464.4
5.386250	1497.1
5.390000	1428.4
5.393750	1524.0
5.397500	1511.3
5.401250	1423.0
5.405000	1481.3
5.408750	1458.6
5.412500	1382.1
5.416250	1415.4
5.420000	1469.5
5.423750	1372.8
5.427500	1460.9
5.431250	1467.5
5.435000	1391.2
5.438750	1444.7
5.442500	1456.3
5.446250	1463.8
5.450000	1435.6
5.453750	1440.5
5.457500	1401.5
5.461250	1425.7
5.465000	1468.1
5.468750	1443.0
5.472500	1438.1
5.476250	1422.6
5.480000	1405.0
5.483750	1468.8
5.487500	1410.2
5.491250	1386.3
5.495000	1366.6
5.498750	1426.8
5.502500	1344.0
5.506250	1413.6
5.510000	1493.9
5.513750	1411.9
5.517500	1457.3
5.521250	1486.8
5.525000	1462.3
5.528750	1360.2
5.532500	1444.6
5.536250	1429.5
5.540000	1299.7
5.543750	1386.5
5.547500	1417.9
5.551250	1371.1
5.555000	1447.4
5.558750	1452.0
5.562500	1453.7
5.566250	1466.9
5.570000	1392.3
5.573750	1418.0
5.577500	1416.6
5.581250	1437.8
5.585000	1295.9
5.588750	1386.9
5.592500	1405.1
5.596250	1410.9
5.600000	1373.1
5.603750	1395.9
5.607500	1347.7
5.611250	1382.9
5.615000	1415.9
5.618750	1351.3
5.622500	1325.6
5.626250	1424.6
5.630000	1387.2
5.633750	1462.0
5.637500	1374.6
5.641250	1348.4
5.645000	1378.1
5.648750	1447.9
5.652500	1441.2
5.656250	1453.6
5.660000	1416.6
5.663750	1380.4
5.667500	1324.5
5.671250	1428.7
5.675000	1413.5
5.678750	1428.9
5.682500	1520.3
5.686250	1438.3
5.690000	1480.0
5.693750	1420.3
5.697500	1470.0
5.701250	1455.0
5.705000	1479.8
5.708750	1521.0
5.712500	1500.2
5.716250	1412.0
5.720000	1436.6
5.723750	1410.3
5.727500	1389.9
5.731250	1415.6
5.735000	1474.6
5.738750	1442.1
5.742500	1423.6
5.746250	1438.4
5.750000	1436.5
5.753750	1437.6
5.757500	1371.7
5.761250	1348.5
5.765000	1335.0
5.768750	1406.0
5.772500	1403.3
5.776250	1413.3
5.780000	1348.9
5.783750	1365.4
5.787500	1380.7
5.791250	1353.6
5.795000	1401.7
5.798750	1389.3
5.802500	1309.9
5.806250	1296.3
5.810000	1368.5
5.813750	1337.3
5.817500	1332.7
5.821250	1366.5
5.825000	1360.8
5.828750	1397.4
5.832500	1414.4
5.836250	1391.2
5.840000	1369.0
5.843750	1369.1
5.847500	1344.2
5.851250	1310.6
5.855000	1344.0
5.858750	1373.2
5.862500	1317.2
5.866250	1401.4
5.870000	1349.1
5.873750	1341.0
5.877500	1327.4
5.881250	1350.7
5.885000	1346.9
5.888750	1394.2
5.892500	1321.0
5.896250	1401.4
5.900000	1378.2
5.903750	1352.5
5.907500	1327.1
5.911250	1364.5
5.915000	1342.1
5.918750	1379.2
5.922500	1354.0
5.926250	1329.8
5.930000	1289.3
5.933750	1386.1
5.937500	1376.8
5.941250	1369.0
5.945000	1363.3
5.948750	1305.4
5.952500	1305.9
5.956250	1325.5
5.960000	1398.5
5.963750	1354.4
5.967500	1272.7
5.971250	1367.5
5.975000	1264.9
5.978750	1296.0
5.982500	1366.6
5.986250	1341.5
5.990000	1411.2
5.993750	1338.9
5.997500	1303.4
6.001250	1330.5
6.005000	1362.7
6.008750	1363.7
6.012500	1386.8
6.016250	1393.8
6.020000	1321.7
6.023750	1304.5
6.027500	1323.6
6.031250	1345.7
6.035000	1293.5
6.038750	1315.9
6.042500	1306.4
6.046250	1373.5
6.050000	1381.9
6.053750	1273.9
6.057500	1355.6
6.061250	1395.9
6.065000	1363.0
6.068750	1431.6
6.072500	1350.4
6.076250	1413.9
6.080000	1330.7
6.083750	1317.8
6.087500	1248.8
6.091250	1281.0
6.095000	1455.5
6.098750	1335.3
6.102500	1282.0
6.106250	1225.9
6.110000	1288.4
6.113750	1372.9
6.117500	1377.5
6.121250	1279.4
6.125000	1318.3
6.128750	1283.9
6.132500	1339.2
6.136250	1351.9
6.140000	1312.7
6.143750	1342.3
6.147500	1470.2
6.151250	1403.7
6.155000	1234.6
6.158750	1336.9
6.162500	1323.5
6.166250	1277.2
6.170000	1326.4
6.173750	1362.9
6.177500	1386.9
6.181250	1319.8
6.185000	1322.0
6.188750	1294.2
6.192500	1298.2
6.196250	1323.6
6.200000	1359.4
6.203750	1272.7
6.207500	1335.0
6.211250	1327.9
6.215000	1362.9
6.218750	1306.8
6.222500	1336.0
6.226250	1283.5
6.230000	1312.3
6.233750	1343.6
6.237500	1256.8
6.241250	1328.8
6.245000	1334.6
6.248750	1281.9
6.252500	1360.2
6.256250	1353.1
6.260000	1373.6
6.263750	1323.3
6.267500	1331.1
6.271250	1293.3
6.275000	1335.2
6.278750	1354.2
6.282500	1224.5
6.286250	1290.0
6.290000	1324.1
6.293750	1291.6
6.297500	1299.8
6.301250	1308.9
6.305000	1289.6
6.308750	1289.6
6.312500	1316.5
6.316250	1336.2
6.320000	1335.5
6.323750	1298.7
6.327500	1318.9
6.331250	1314.9
6.335000	1286.6
6.338750	1212.1
6.342500	1273.9
6.346250	1300.7
6.350000	1300.2
6.353750	1319.6
6.357500	1337.4
6.361250	1306.4
6.365000	1293.5
6.368750	1295.1
6.372500	1323.2
6.376250	1277.1
6.380000	1268.7
6.383750	1242.9
6.387500	1331.9
6.391250	1294.8
6.395000	1270.6
6.398750	1323.2
6.402500	1332.0
6.406250	1310.7
6.410000	1322.5
6.413750	1313.5
6.417500	1278.8
6.421250	1285.7
6.425000	1351.1
6.428750	1330.7
6.432500	1322.6
6.436250	1247.4
6.440000	1301.3
6.443750	1306.8
6.447500	1287.7
6.451250	1331.8
6.455000	1323.9
6.458750	1263.8
6.462500	1272.9
6.466250	1288.6
6.470000	1287.2
6.473750	1306.2
6.477500	1300.3
6.481250	1298.9
6.485000	1355.1
6.488750	1286.3
6.492500	1328.7
6.496250	1265.8
6.500000	1308.7
6.503750	1242.8
6.507500	1316.2
6.511250	1292.8
6.515000	1256.7
6.518750	1280.6
6.522500	1350.9
6.526250	1362.0
6.530000	1286.8
6.533750	1288.7
6.537500	1263.8
6.541250	1251.3
6.545000	1304.5
6.548750	1294.5
6.552500	1260.9
6.556250	1252.4
6.560000	1280.5
6.563750	1258.1
6.567500	1221.4
6.571250	1261.3
6.575000	1244.7
6.578750	1275.2
6.582500	1288.8
6.586250	1289.4
6.590000	1295.3
6.593750	1300.9
6.597500	1262.5
6.601250	1323.4
6.605000	1234.0
6.608750	1238.4
6.612500	1305.5
6.616250	1279.5
6.620000	1263.7
6.623750	1223.1
6.627500	1331.8
6.631250	1234.3
6.635000	1320.6
6.638750	1317.5
6.642500	1365.0
6.646250	1293.1
6.650000	1264.5
6.653750	1264.2
6.657500	1332.8
6.661250	1262.9
6.665000	1302.8
6.668750	1265.1
6.672500	1327.3
6.676250	1318.5
6.680000	1340.3
6.683750	1280.7
6.687500	1357.1
6.691250	1289.5
6.695000	1292.7
6.698750	1324.9
6.702500	1306.4
6.706250	1305.2
6.710000	1293.1
6.713750	1291.9
6.717500	1325.5
6.721250	1314.9
6.725000	1262.6
6.728750	1202.9
6.732500	1298.7
6.736250	1341.1
6.740000	1268.2
6.743750	1253.3
6.747500	1286.8
6.751250	1318.4
6.755000	1234.2
6.758750	1261.3
6.762500	1244.8
6.766250	1283.3
6.770000	1266.1
6.773750	1294.5
6.777500	1348.1
6.781250	1249.8
6.785000	1241.2
6.788750	1284.0
6.792500	1225.5
6.796250	1269.8
6.800000	1334.5
6.803750	1236.3
6.807500	1269.9
6.811250	1218.9
6.815000	1223.0
6.818750	1236.8
6.822500	1278.8
6.826250	1294.0
6.830000	1294.9
6.833750	1266.7
6.837500	1256.2
6.841250	1298.9
6.845000	1288.8
6.848750	1301.6
6.852500	1270.1
6.856250	1251.7
6.860000	1276.1
6.863750	1298.4
6.867500	1266.4
6.871250	1223.9
6.875000	1356.0
6.878750	1297.4
6.882500	1228.1
6.886250	1278.3
6.890000	1326.4
6.893750	1262.0
6.897500	1251.3
6.901250	1243.7
6.905000	1343.6
6.908750	1259.1
6.912500	1268.8
6.916250	1312.5
6.920000	1273.4
6.923750	1209.6
6.927500	1248.8
6.931250	1288.1
6.935000	1300.4
6.938750	1299.6
6.942500	1336.3
6.946250	1259.3
6.950000	1256.3
6.953750	1259.2
6.957500	1326.9
6.961250	1324.8
6.965000	1307.8
6.968750	1227.8
6.972500	1264.8
6.976250	1259.5
6.980000	1287.0
6.983750	1275.5
6.987500	1271.7
6.991250	1199.0
6.995000	1277.2
6.998750	1280.4
7.002500	1301.1
7.006250	1278.3
7.010000	1249.8
7.013750	1289.3
7.017500	1190.8
7.021250	1228.1
7.025000	1234.6
7.028750	1226.4
7.032500	1190.0
7.036250	1271.9
7.040000	1294.0
7.043750	1264.0
7.047500	1206.8
7.051250	1245.4
7.055000	1271.8
7.058750	1219.2
7.062500	1277.9
7.066250	1205.2
7.070000	1202.1
7.073750	1242.6
7.077500	1178.8
7.081250	1251.2
7.085000	1274.0
7.088750	1292.7
7.092500	1263.4
7.096250	1273.9
7.100000	1225.5
7.103750	1255.4
7.107500	1307.9
7.111250	1214.3
7.115000	1241.9
7.118750	1220.8
7.122500	1288.0
7.126250	1252.2
7.130000	1297.8
7.133750	1225.8
7.137500	1250.9
7.141250	1260.5
7.145000	1307.6
7.148750	1272.5
7.152500	1259.4
7.156250	1250.0
7.160000	1283.8
7.163750	1250.5
7.167500	1238.5
7.171250	1251.4
7.175000	1238.5
7.178750	1284.0
7.182500	1194.5
7.186250	1212.2
7.190000	1302.9
7.193750	1270.8
7.197500	1252.5
7.201250	1246.0
7.205000	1257.9
7.208750	1242.5
7.212500	1179.9
7.216250	1268.4
7.220000	1285.8
7.223750	1230.6
7.227500	1268.6
7.231250	1277.6
7.235000	1313.0
7.238750	1263.5
7.242500	1190.7
7.246250	1246.2
7.250000	1284.5
7.253750	1229.5
7.257500	1271.7
7.261250	1255.8
7.265000	1221.9
7.268750	1244.3
7.272500	1228.8
7.276250	1239.9
7.280000	1240.1
7.283750	1258.3
7.287500	1252.2
7.291250	1239.6
7.295000	1246.6
7.298750	1257.7
7.302500	1245.6
7.306250	1267.9
7.310000	1295.8
7.313750	1264.2
7.317500	1257.7
7.321250	1249.3
7.325000	1290.5
7.328750	1268.9
7.332500	1286.8
7.336250	1271.9
7.340000	1243.2
7.343750	1201.8
7.347500	1212.9
7.351250	1247.8
7.355000	1294.4
7.358750	1289.4
7.362500	1236.1
7.366250	1170.9
7.370000	1195.4
7.373750	1244.5
7.377500	1267.4
7.381250	1236.2
7.385000	1270.3
7.388750	1238.4
7.392500	1199.0
7.396250	1219.6
7.400000	1155.4
7.403750	1188.0
7.407500	1280.8
7.411250	1210.4
7.415000	1242.9
7.418750	1315.4
7.422500	1298.8
7.426250	1220.0
7.430000	1224.0
7.433750	1261.7
7.437500	1195.8
7.441250	1239.3
7.445000	1241.5
7.448750	1282.2
7.452500	1266.0
7.456250	1241.3
7.460000	1212.9
7.463750	1275.3
7.467500	1234.3
7.471250	1136.8
7.475000	1211.1
7.478750	1223.8
7.482500	1198.8
7.486250	1244.8
7.490000	1264.1
7.493750	1217.5
7.497500	1241.2
7.501250	1192.1
7.505000	1159.1
7.508750	1183.0
7.512500	1257.8
7.516250	1202.1
7.520000	1215.2
7.523750	1217.0
7.527500	1238.9
7.531250	1219.0
7.535000	1194.6
7.538750	1234.0
7.542500	1244.0
7.546250	1228.1
7.550000	1236.1
7.553750	1210.9
7.557500	1187.9
7.561250	1249.2
7.565000	1232.4
7.568750	1277.5
7.572500	1258.6
7.576250	1261.3
7.580000	1283.3
7.583750	1205.6
7.587500	1265.2
7.591250	1220.3
7.595000	1237.8
7.598750	1215.9
7.602500	1212.8
7.606250	1224.9
7.610000	1141.7
7.613750	1157.1
7.617500	1242.5
7.621250	1238.1
7.625000	1224.8
7.628750	1234.9
7.632500	1215.4
7.636250	1214.2
7.640000	1154.6
7.643750	1213.2
7.647500	1235.0
7.651250	1179.2
7.655000	1221.2
7.658750	1142.3
7.662500	1185.1
7.666250	1230.2
7.670000	1205.8
7.673750	1196.0
7.677500	1274.8
7.681250	1204.2
7.685000	1205.5
7.688750	1223.9
7.692500	1256.6
7.696250	1196.4
7.700000	1203.7
7.703750	1216.2
7.707500	1239.1
7.711250	1224.1
7.715000	1210.9
7.718750	1246.5
7.722500	1225.9
7.726250	1274.7
7.730000	1218.1
7.733750	1159.5
7.737500	1244.3
7.741250	1278.4
7.745000	1237.6
7.748750	1237.1
7.752500	1199.6
7.756250	1242.6
7.760000	1225.7
7.763750	1145.0
7.767500	1153.3
7.771250	1280.8
7.775000	1260.6
7.778750	1252.9
7.782500	1214.2
7.786250	1260.2
7.790000	1234.6
7.793750	1244.6
7.797500	1231.7
7.801250	1106.7
7.805000	1235.5
7.808750	1236.1
7.812500	1196.5
7.816250	1239.2
7.820000	1216.8
7.823750	1229.0
7.827500	1234.5
7.831250	1260.7
7.835000	1212.4
7.838750	1178.2
7.842500	1214.3
7.846250	1233.9
7.850000	1233.8
7.853750	1228.5
7.857500	1201.4
7.861250	1261.6
7.865000	1230.3
7.868750	1194.0
7.872500	1160.1
7.876250	1119.6
7.880000	1164.0
7.883750	1186.8
7.887500	1206.2
7.891250	1224.0
7.895000	1200.9
7.898750	1223.2
7.902500	1275.1
7.906250	1203.9
7.910000	1156.9
7.913750	1240.1
7.917500	1225.4
7.921250	1235.8
7.925000	1243.1
7.928750	1206.1
7.932500	1264.2
7.936250	1223.4
7.940000	1256.8
7.943750	1189.4
7.947500	1270.4
7.951250	1258.2
7.955000	1260.1
7.958750	1280.1
7.962500	1250.8
7.966250	1242.2
7.970000	1233.3
7.973750	1247.2
7.977500	1256.4
7.981250	1180.4
7.985000	1251.6
7.988750	1300.3
7.992500	1198.2
7.996250	1233.8
8.000000	1270.3
8.003750	1309.9
8.007500	1263.0
8.011250	1284.3
8.015000	1284.9
8.018750	1257.1
8.022500	1220.7
8.026250	1242.0
8.030000	1223.1
8.033750	1261.7
8.037500	1273.4
8.041250	1252.4
8.045000	1249.5
8.048750	1229.4
8.052500	1222.7
8.056250	1214.7
8.060000	1192.1
8.063750	1213.8
8.067500	1276.7
8.071250	1233.5
8.075000	1185.7
8.078750	1298.8
8.082500	1206.2
8.086250	1278.2
8.090000	1203.1
8.093750	1206.6
8.097500	1271.4
8.101250	1267.0
8.105000	1253.7
8.108750	1235.6
8.112500	1151.3
8.116250	1208.7
8.120000	1276.3
8.123750	1219.6
8.127500	1220.0
8.131250	1330.7
8.135000	1247.4
8.138750	1213.7
8.142500	1238.8
8.146250	1247.3
8.150000	1307.6
8.153750	1260.7
8.157500	1236.7
8.161250	1252.9
8.165000	1257.8
8.168750	1202.8
8.172500	1170.5
8.176250	1187.5
8.180000	1248.2
8.183750	1277.6
8.187500	1196.0
8.191250	1253.3
8.195000	1215.8
8.198750	1173.8
8.202500	1223.8
8.206250	1240.0
8.210000	1196.5
8.213750	1230.2
8.217500	1223.4
8.221250	1214.3
8.225000	1218.0
8.228750	1294.4
8.232500	1210.2
8.236250	1293.5
8.240000	1259.4
8.243750	1256.0
8.247500	1217.4
8.251250	1268.2
8.255000	1211.0
8.258750	1243.0
8.262500	1216.8
8.266250	1233.5
8.270000	1222.8
8.273750	1250.5
8.277500	1218.7
8.281250	1244.0
8.285000	1173.7
8.288750	1271.5
8.292500	1167.3
8.296250	1191.0
8.300000	1274.6
8.303750	1282.9
8.307500	1145.3
8.311250	1245.9
8.315000	1219.3
8.318750	1196.2
8.322500	1197.6
8.326250	1277.4
8.330000	1164.3
8.333750	1258.2
8.337500	1217.9
8.341250	1237.0
8.345000	1347.5
8.348750	1234.5
8.352500	1245.7
8.356250	1242.8
8.360000	1177.5
8.363750	1198.7
8.367500	1158.1
8.371250	1238.4
8.375000	1216.0
8.378750	1144.7
8.382500	1252.2
8.386250	1241.0
8.390000	1192.9
8.393750	1211.3
8.397500	1200.3
8.401250	1211.4
8.405000	1273.0
8.408750	1224.9
8.412500	1216.7
8.416250	1203.0
8.420000	1247.3
8.423750	1284.5
8.427500	1200.6
8.431250	1240.4
8.435000	1203.2
8.438750	1229.9
8.442500	1228.2
8.446250	1221.7
8.450000	1280.3
8.453750	1205.2
8.457500	1295.4
8.461250	1261.9
8.465000	1245.8
8.468750	1221.4
8.472500	1232.9
8.476250	1261.9
8.480000	1284.9
8.483750	1268.5
8.487500	1161.3
8.491250	1227.4
8.495000	1252.8
8.498750	1256.4
8.502500	1251.6
8.506250	1220.3
8.510000	1257.2
8.513750	1238.1
8.517500	1246.2
8.521250	1286.3
8.525000	1221.7
8.528750	1225.9
8.532500	1228.0
8.536250	1250.7
8.540000	1230.0
8.543750	1254.8
8.547500	1253.8
8.551250	1201.9
8.555000	1248.8
8.558750	1257.0
8.562500	1216.5
8.566250	1210.8
8.570000	1202.5
8.573750	1229.9
8.577500	1253.1
8.581250	1231.4
8.585000	1244.7
8.588750	1232.3
8.592500	1187.5
8.596250	1311.5
8.600000	1291.1
8.603750	1234.9
8.607500	1264.1
8.611250	1307.7
8.615000	1202.5
8.618750	1252.3
8.622500	1281.6
8.626250	1254.4
8.630000	1230.2
8.633750	1336.9
8.637500	1261.9
8.641250	1252.0
8.645000	1212.3
8.648750	1255.9
8.652500	1282.9
8.656250	1230.8
8.660000	1289.8
8.663750	1315.5
8.667500	1260.6
8.671250	1288.6
8.675000	1278.3
8.678750	1290.6
8.682500	1290.2
8.686250	1304.5
8.690000	1281.1
8.693750	1275.6
8.697500	1278.2
8.701250	1299.7
8.705000	1287.2
8.708750	1246.5
8.712500	1303.2
8.716250	1320.1
8.720000	1283.9
8.723750	1269.0
8.727500	1268.9
8.731250	1297.4
8.735000	1312.8
8.738750	1271.2
8.742500	1349.4
8.746250	1328.1
8.750000	1313.1
8.753750	1327.1
8.757500	1293.0
8.761250	1337.6
8.765000	1270.9
8.768750	1286.5
8.772500	1372.1
8.776250	1284.1
8.780000	1311.2
8.783750	1355.4
8.787500	1340.3
8.791250	1379.1
8.795000	1371.5
8.798750	1405.4
8.802500	1319.9
8.806250	1367.0
8.810000	1373.9
8.813750	1340.4
8.817500	1468.0
8.821250	1400.5
8.825000	1329.5
8.828750	1318.2
8.832500	1368.4
8.836250	1424.8
8.840000	1444.9
8.843750	1442.2
8.847500	1434.6
8.851250	1451.3
8.855000	1471.9
8.858750	1456.0
8.862500	1456.0
8.866250	1449.0
8.870000	1433.4
8.873750	1477.4
8.877500	1495.9
8.881250	1558.9
8.885000	1543.5
8.888750	1562.0
8.892500	1547.5
8.896250	1551.0
8.900000	1607.7
8.903750	1645.3
8.907500	1614.1
8.911250	1645.8
8.915000	1656.6
8.918750	1661.1
8.922500	1678.8
8.926250	1739.5
8.930000	1781.6
8.933750	1792.6
8.937500	1837.1
8.941250	1888.9
8.945000	1989.4
8.948750	2053.3
8.952500	2109.1
8.956250	2164.7
8.960000	2274.5
8.963750	2295.6
8.967500	2453.5
8.971250	2581.0
8.975000	2672.2
8.978750	2832.7
8.982500	3021.5
8.986250	3121.5
8.990000	3251.9
8.993750	3539.7
8.997500	3829.5
9.001250	3985.0
9.005000	4138.3
9.008750	4313.8
9.012500	4479.5
9.016250	4784.7
9.020000	4945.8
9.023750	5012.8
9.027500	5210.7
9.031250	5291.1
9.035000	5512.0
9.038750	5511.4
9.042500	5653.8
9.046250	5619.8
9.050000	5593.2
9.053750	5617.6
9.057500	5590.5
9.061250	5520.1
9.065000	5550.9
9.068750	5501.5
9.072500	5518.9
9.076250	5434.4
9.080000	5261.9
9.083750	5290.9
9.087500	5218.9
9.091250	5058.8
9.095000	5066.5
9.098750	4959.3
9.102500	4781.1
9.106250	4834.5
9.110000	4675.2
9.113750	4484.9
9.117500	4326.8
9.121250	4279.9
9.125000	4229.1
9.128750	3984.4
9.132500	3891.2
9.136250	3714.4
9.140000	3591.6
9.143750	3509.5
9.147500	3344.8
9.151250	3231.2
9.155000	3066.2
9.158750	2975.5
9.162500	2935.6
9.166250	2773.1
9.170000	2723.5
9.173750	2579.4
9.177500	2512.6
9.181250	2481.2
9.185000	2385.8
9.188750	2336.7
9.192500	2217.8
9.196250	2131.6
9.200000	2147.2
9.203750	2142.5
9.207500	2065.3
9.211250	1957.3
9.215000	2042.3
9.218750	1905.5
9.222500	1857.1
9.226250	1853.6
9.230000	1817.3
9.233750	1738.3
9.237500	1712.7
9.241250	1712.3
9.245000	1702.6
9.248750	1697.3
9.252500	1674.9
9.256250	1564.4
9.260000	1609.4
9.263750	1526.5
9.267500	1530.7
9.271250	1586.7
9.275000	1613.1
9.278750	1536.6
9.282500	1557.8
9.286250	1490.7
9.290000	1483.5
9.293750	1554.3
9.297500	1527.5
9.301250	1486.0
9.305000	1519.7
9.308750	1520.1
9.312500	1465.1
9.316250	1409.0
9.320000	1431.2
9.323750	1462.1
9.327500	1473.2
9.331250	1460.9
9.335000	1425.9
9.338750	1371.9
9.342500	1426.3
9.346250	1426.6
9.350000	1403.1
9.353750	1374.7
9.357500	1369.3
9.361250	1456.8
9.365000	1430.4
9.368750	1401.8
9.372500	1331.0
9.376250	1292.0
9.380000	1416.5
9.383750	1383.6
9.387500	1374.0
9.391250	1351.1
9.395000	1337.3
9.398750	1247.8
9.402500	1337.3
9.406250	1300.2
9.410000	1288.6
9.413750	1322.8
9.417500	1332.6
9.421250	1330.1
9.425000	1286.6
9.428750	1376.8
9.432500	1304.7
9.436250	1299.3
9.440000	1367.5
9.443750	1330.9
9.447500	1302.2
9.451250	1331.2
9.455000	1267.8
9.458750	1281.4
9.462500	1294.5
9.466250	1265.0
9.470000	1348.7
9.473750	1294.6
9.477500	1254.2
9.481250	1257.4
9.485000	1274.9
9.488750	1261.3
9.492500	1259.9
9.496250	1275.4
9.500000	1295.3
9.503750	1255.0
9.507500	1254.5
9.511250	1284.9
9.515000	1238.0
9.518750	1290.7
9.522500	1281.4
9.526250	1254.5
9.530000	1336.8
9.533750	1317.7
9.537500	1276.3
9.541250	1241.0
9.545000	1291.0
9.548750	1231.1
9.552500	1223.6
9.556250	1235.9
9.560000	1279.5
9.563750	1327.7
9.567500	1280.4
9.571250	1255.2
9.575000	1299.7
9.578750	1287.4
9.582500	1252.5
9.586250	1260.1
9.590000	1244.5
9.593750	1249.7
9.597500	1270.9
9.601250	1282.3
9.605000	1279.3
9.608750	1292.2
9.612500	1267.5
9.616250	1295.4
9.620000	1223.6
9.623750	1244.7
9.627500	1271.9
9.631250	1243.1
9.635000	1288.6
9.638750	1279.3
9.642500	1242.7
9.646250	1240.1
9.650000	1239.2
9.653750	1284.6
9.657500	1288.6
9.661250	1233.4
9.665000	1310.9
9.668750	1232.7
9.672500	1251.4
9.676250	1260.4
9.680000	1248.9
9.683750	1302.4
9.687500	1285.3
9.691250	1260.2
9.695000	1267.8
9.698750	1262.6
9.702500	1280.3
9.706250	1249.7
9.710000	1241.7
9.713750	1226.0
9.717500	1266.8
9.721250	1251.1
9.725000	1303.9
9.728750	1239.4
9.732500	1287.6
9.736250	1253.1
9.740000	1293.0
9.743750	1251.5
9.747500	1229.9
9.751250	1247.1
9.755000	1234.1
9.758750	1211.6
9.762500	1201.6
9.766250	1355.7
9.770000	1326.8
9.773750	1261.8
9.777500	1257.4
9.781250	1280.2
9.785000	1236.2
9.788750	1266.3
9.792500	1272.5
9.796250	1290.1
9.800000	1197.2
9.803750	1263.1
9.807500	1371.1
9.811250	1211.4
9.815000	1230.5
9.818750	1246.9
9.822500	1294.8
9.826250	1298.0
9.830000	1277.5
9.833750	1241.6
9.837500	1253.2
9.841250	1248.8
9.845000	1220.0
9.848750	1275.0
9.852500	1221.5
9.856250	1243.5
9.860000	1195.7
9.863750	1266.2
9.867500	1322.5
9.871250	1289.0
9.875000	1198.5
9.878750	1250.8
9.882500	1249.8
9.886250	1203.6
9.890000	1274.3
9.893750	1223.0
9.897500	1240.7
9.901250	1288.3
9.905000	1171.4
9.908750	1208.7
9.912500	1259.0
9.916250	1227.3
9.920000	1213.5
9.923750	1238.4
9.927500	1239.7
9.931250	1242.8
9.935000	1197.2
9.938750	1253.9
9.942500	1254.9
9.946250	1257.5
9.950000	1328.5
9.953750	1197.5
9.957500	1215.0
9.961250	1261.6
9.965000	1214.1
9.968750	1276.2
9.972500	1209.8
9.976250	1246.5
9.980000	1212.6
9.983750	1241.9
9.987500	1215.7
9.991250	1271.9
9.995000	1275.9
9.998750	1207.1
10.002500	1269.2
10.006250	1272.5
10.010000	1271.9
10.013750	1233.3
10.017500	1239.4
10.021250	1258.8
10.025000	1270.5
10.028750	1258.2
10.032500	1283.6
10.036250	1244.4
10.040000	1278.7
10.043750	1295.0
10.047500	1255.4
10.051250	1207.0
10.055000	1279.0
10.058750	1233.4
10.062500	1242.2
10.066250	1307.7
10.070000	1265.6
10.073750	1283.1
10.077500	1302.5
10.081250	1342.6
10.085000	1336.5
10.088750	1395.9
10.092500	1350.7
10.096250	1321.4
10.100000	1401.7
10.103750	1336.4
10.107500	1341.6
10.111250	1290.0
10.115000	1288.4
10.118750	1293.7
10.122500	1258.6
10.126250	1294.9
10.130000	1299.7
10.133750	1301.5
10.137500	1263.0
10.141250	1328.5
10.145000	1300.7
10.148750	1293.4
10.152500	1260.8
10.156250	1287.5
10.160000	1301.3
10.163750	1301.3
10.167500	1281.8
10.171250	1256.6
10.175000	1255.4
10.178750	1291.8
10.182500	1300.8
10.186250	1320.2
10.190000	1366.1
10.193750	1255.3
10.197500	1326.3
10.201250	1330.9
10.205000	1421.4
10.208750	1404.6
10.212500	1406.2
10.216250	1367.0
10.220000	1412.8
10.223750	1521.2
10.227500	1617.8
10.231250	1692.0
10.235000	1964.5
10.238750	2241.9
10.242500	2666.5
10.246250	3256.1
10.250000	3846.9
10.253750	4390.8
10.257500	4973.9
10.261250	5284.9
10.265000	5364.2
10.268750	4950.5
10.272500	4356.5
10.276250	3649.4
10.280000	3000.5
10.283750	2325.5
10.287500	1984.9
10.291250	1764.5
10.295000	1541.1
10.298750	1418.6
10.302500	1397.3
10.306250	1393.5
10.310000	1305.1
10.313750	1325.6
10.317500	1381.2
10.321250	1321.1
10.325000	1319.2
10.328750	1363.7
10.332500	1390.0
10.336250	1290.2
10.340000	1311.8
10.343750	1329.3
10.347500	1282.4
10.351250	1327.0
10.355000	1278.0
10.358750	1275.4
10.362500	1202.6
10.366250	1266.8
10.370000	1318.3
10.373750	1310.7
10.377500	1259.3
10.381250	1237.1
10.385000	1267.0
10.388750	1268.8
10.392500	1268.1
10.396250	1298.4
10.400000	1326.0
10.403750	1352.1
10.407500	1268.2
10.411250	1255.1
10.415000	1267.0
10.418750	1299.1
10.422500	1312.0
10.426250	1262.2
10.430000	1353.9
10.433750	1298.6
10.437500	1352.6
10.441250	1363.6
10.445000	1309.1
10.448750	1291.4
10.452500	1265.8
10.456250	1267.1
10.460000	1288.9
10.463750	1321.2
10.467500	1317.7
10.471250	1304.4
10.475000	1276.6
10.478750	1220.7
10.482500	1211.0
10.486250	1282.7
10.490000	1333.3
10.493750	1274.6
10.497500	1303.5
10.501250	1275.8
10.505000	1263.6
10.508750	1227.5
10.512500	1286.7
10.516250	1240.7
10.520000	1358.6
10.523750	1338.8
10.527500	1306.5
10.531250	1233.4
10.535000	1271.4
10.538750	1279.3
10.542500	1275.1
10.546250	1279.2
10.550000	1366.4
10.553750	1286.5
10.557500	1286.4
10.561250	1325.4
10.565000	1336.7
10.568750	1349.0
10.572500	1327.7
10.576250	1311.4
10.580000	1255.8
10.583750	1249.9
10.587500	1343.3
10.591250	1253.6
10.595000	1316.5
10.598750	1265.3
10.602500	1297.0
10.606250	1277.9
10.610000	1331.0
10.613750	1363.2
10.617500	1276.1
10.621250	1190.3
10.625000	1257.8
10.628750	1284.5
10.632500	1314.3
10.636250	1337.6
10.640000	1250.9
10.643750	1340.8
10.647500	1292.1
10.651250	1255.2
10.655000	1263.2
10.658750	1250.4
10.662500	1246.6
10.666250	1300.4
10.670000	1333.3
10.673750	1306.1
10.677500	1301.8
10.681250	1344.3
10.685000	1417.9
10.688750	1291.5
10.692500	1337.7
10.696250	1319.2
10.700000	1310.9
10.703750	1260.9
10.707500	1277.5
10.711250	1283.6
10.715000	1315.7
10.718750	1290.1
10.722500	1274.4
10.726250	1313.3
10.730000	1288.3
10.733750	1293.8
10.737500	1264.4
10.741250	1239.5
10.745000	1293.2
10.748750	1312.9
10.752500	1269.4
10.756250	1284.9
10.760000	1276.0
10.763750	1262.4
10.767500	1242.6
10.771250	1255.1
10.775000	1242.0
10.778750	1254.8
10.782500	1293.4
10.786250	1281.6
10.790000	1282.7
10.793750	1286.4
10.797500	1261.2
10.801250	1315.9
10.805000	1291.9
10.808750	1271.5
10.812500	1283.5
10.816250	1299.9
10.820000	1362.3
10.823750	1295.6
10.827500	1281.2
10.831250	1282.5
10.835000	1313.4
10.838750	1342.0
10.842500	1240.5
10.846250	1281.3
10.850000	1310.9
10.853750	1340.1
10.857500	1269.3
10.861250	1268.3
10.865000	1323.2
10.868750	1313.5
10.872500	1331.4
10.876250	1318.8
10.880000	1303.3
10.883750	1324.8
10.887500	1329.2
10.891250	1360.8
10.895000	1279.2
10.898750	1318.5
10.902500	1270.1
10.906250	1253.4
10.910000	1341.2
10.913750	1353.2
10.917500	1277.3
10.921250	1320.3
10.925000	1282.3
10.928750	1234.3
10.932500	1326.6
10.936250	1268.5
10.940000	1279.9
10.943750	1298.8
10.947500	1290.4
10.951250	1334.7
10.955000	1314.8
10.958750	1338.5
10.962500	1347.2
10.966250	1313.5
10.970000	1357.6
10.973750	1250.7
10.977500	1280.3
10.981250	1317.1
10.985000	1238.3
10.988750	1309.8
10.992500	1326.3
10.996250	1311.3
11.000000	1217.4
11.003750	1361.9
11.007500	1263.6
11.011250	1195.3
11.015000	1330.6
11.018750	1256.1
11.022500	1405.0
11.026250	1366.1
11.030000	1281.8
11.033750	1377.6
11.037500	1351.1
11.041250	1334.7
11.045000	1384.1
11.048750	1352.3
11.052500	1353.3
11.056250	1363.4
11.060000	1298.6
11.063750	1239.0
11.067500	1362.6
11.071250	1261.0
11.075000	1328.3
11.078750	1292.9
11.082500	1328.3
11.086250	1306.1
11.090000	1233.5
11.093750	1354.6
11.097500	1295.1
11.101250	1356.4
11.105000	1299.4
11.108750	1321.6
11.112500	1332.0
11.116250	1303.0
11.120000	1369.1
11.123750	1378.7
11.127500	1313.7
11.131250	1270.1
11.135000	1317.6
11.138750	1370.5
11.142500	1288.4
11.146250	1318.0
11.150000	1403.0
11.153750	1301.8
11.157500	1287.4
11.161250	1312.3
11.165000	1352.2
11.168750	1346.2
11.172500	1300.9
11.176250	1333.6
11.180000	1340.6
11.183750	1336.7
11.187500	1344.2
11.191250	1390.1
11.195000	1286.5
11.198750	1328.4
11.202500	1306.8
11.206250	1257.0
11.210000	1302.7
11.213750	1328.8
11.217500	1384.5
11.221250	1309.1
11.225000	1349.4
11.228750	1386.7
11.232500	1282.1
11.236250	1321.3
11.240000	1325.8
11.243750	1383.0
11.247500	1345.9
11.251250	1331.0
11.255000	1290.4
11.258750	1255.6
11.262500	1324.9
11.266250	1326.8
11.270000	1362.0
11.273750	1318.4
11.277500	1407.1
11.281250	1311.7
11.285000	1299.4
11.288750	1366.9
11.292500	1301.2
11.296250	1292.7
11.300000	1309.5
11.303750	1302.7
11.307500	1347.4
11.311250	1435.4
11.315000	1314.9
11.318750	1377.6
11.322500	1279.6
11.326250	1306.6
11.330000	1368.7
11.333750	1322.1
11.337500	1328.1
11.341250	1409.8
11.345000	1364.7
11.348750	1335.8
11.352500	1348.4
11.356250	1347.4
11.360000	1353.9
11.363750	1320.0
11.367500	1289.3
11.371250	1334.5
11.375000	1371.2
11.378750	1374.6
11.382500	1326.2
11.386250	1296.9
11.390000	1326.9
11.393750	1349.3
11.397500	1379.8
11.401250	1347.6
11.405000	1290.9
11.408750	1364.0
11.412500	1438.0
11.416250	1387.3
11.420000	1350.8
11.423750	1337.5
11.427500	1338.8
11.431250	1363.8
11.435000	1360.1
11.438750	1382.8
11.442500	1334.2
11.446250	1317.1
11.450000	1310.1
11.453750	1341.1
11.457500	1405.1
11.461250	1302.0
11.465000	1394.8
11.468750	1388.1
11.472500	1306.6
11.476250	1388.9
11.480000	1356.5
11.483750	1412.2
11.487500	1327.8
11.491250	1323.0
11.495000	1307.8
11.498750	1349.8
11.502500	1320.0
11.506250	1327.6
11.510000	1340.0
11.513750	1412.4
11.517500	1402.3
11.521250	1387.0
11.525000	1397.6
11.528750	1323.1
11.532500	1282.6
11.536250	1375.7
11.540000	1449.0
11.543750	1372.4
11.547500	1406.2
11.551250	1406.4
11.555000	1326.5
11.558750	1407.9
11.562500	1373.4
11.566250	1403.5
11.570000	1341.1
11.573750	1325.9
11.577500	1323.9
11.581250	1320.2
11.585000	1395.0
11.588750	1371.6
11.592500	1321.1
11.596250	1355.2
11.600000	1360.6
11.603750	1374.0
11.607500	1377.0
11.611250	1361.0
11.615000	1354.8
11.618750	1345.1
11.622500	1392.4
11.626250	1369.5
11.630000	1390.2
11.633750	1399.8
11.637500	1331.9
11.641250	1360.8
11.645000	1390.4
11.648750	1431.5
11.652500	1391.7
11.656250	1385.1
11.660000	1352.7
11.663750	1361.1
11.667500	1365.6
11.671250	1334.2
11.675000	1413.9
11.678750	1407.2
11.682500	1388.9
11.686250	1391.1
11.690000	1310.5
11.693750	1346.9
11.697500	1356.9
11.701250	1404.0
11.705000	1407.7
11.708750	1350.4
11.712500	1422.7
11.716250	1417.3
11.720000	1436.1
11.723750	1430.7
11.727500	1412.3
11.731250	1442.6
11.735000	1371.6
11.738750	1399.4
11.742500	1295.3
11.746250	1406.7
11.750000	1390.6
11.753750	1400.8
11.757500	1351.7
11.761250	1428.1
11.765000	1365.3
11.768750	1388.6
11.772500	1383.1
11.776250	1323.8
11.780000	1417.8
11.783750	1387.4
11.787500	1431.3
11.791250	1444.1
11.795000	1447.8
11.798750	1379.0
11.802500	1356.2
11.806250	1430.2
11.810000	1441.1
11.813750	1442.1
11.817500	1426.4
11.821250	1441.4
11.825000	1486.0
11.828750	1538.9
11.832500	1649.2
11.836250	1678.2
11.840000	1811.2
11.843750	1820.2
11.847500	1878.4
11.851250	2102.1
11.855000	2097.7
11.858750	1989.4
11.862500	1973.1
11.866250	1867.7
11.870000	1790.5
11.873750	1646.4
11.877500	1564.0
11.881250	1558.9
11.885000	1494.7
11.888750	1413.6
11.892500	1514.0
11.896250	1447.8
11.900000	1400.0
11.903750	1485.8
11.907500	1444.2
11.911250	1436.3
11.915000	1427.7
11.918750	1390.2
11.922500	1372.5
11.926250	1360.9
11.930000	1395.4
11.933750	1427.6
11.937500	1429.9
11.941250	1404.7
11.945000	1432.0
11.948750	1397.4
11.952500	1422.0
11.956250	1408.1
11.960000	1410.1
11.963750	1454.6
11.967500	1406.0
11.971250	1499.6
11.975000	1413.2
11.978750	1385.6
11.982500	1407.5
11.986250	1482.3
11.990000	1433.4
11.993750	1339.0
11.997500	1440.8
12.001250	1421.3
12.005000	1395.5
12.008750	1517.6
12.012500	1435.6
12.016250	1381.7
12.020000	1324.6
12.023750	1448.8
12.027500	1413.1
12.031250	1399.4
12.035000	1424.7
12.038750	1447.7
12.042500	1477.3
12.046250	1439.6
12.050000	1404.1
12.053750	1431.6
12.057500	1425.7
12.061250	1451.6
12.065000	1402.2
12.068750	1386.7
12.072500	1445.6
12.076250	1420.3
12.080000	1445.5
12.083750	1501.7
12.087500	1473.5
12.091250	1444.3
12.095000	1444.0
12.098750	1425.9
12.102500	1419.6
12.106250	1419.3
12.110000	1454.2
12.113750	1418.1
12.117500	1465.5
12.121250	1452.4
12.125000	1496.5
12.128750	1409.5
12.132500	1441.6
12.136250	1432.3
12.140000	1456.0
12.143750	1403.6
12.147500	1430.5
12.151250	1457.6
12.155000	1448.2
12.158750	1439.6
12.162500	1526.2
12.166250	1523.6
12.170000	1423.5
12.173750	1441.0
12.177500	1460.6
12.181250	1441.5
12.185000	1404.7
12.188750	1493.9
12.192500	1386.7
12.196250	1421.5
12.200000	1369.8
12.203750	1438.9
12.207500	1393.3
12.211250	1397.1
12.215000	1447.1
12.218750	1409.6
12.222500	1450.7
12.226250	1410.5
12.230000	1464.4
12.233750	1454.3
12.237500	1477.2
12.241250	1405.7
12.245000	1440.2
12.248750	1413.2
12.252500	1464.9
12.256250	1426.7
12.260000	1377.7
12.263750	1464.2
12.267500	1411.0
12.271250	1518.7
12.275000	1386.1
12.278750	1427.9
12.282500	1442.4
12.286250	1389.5
12.290000	1466.8
12.293750	1483.0
12.297500	1441.9
12.301250	1394.4
12.305000	1425.6
12.308750	1370.5
12.312500	1450.9
12.316250	1502.3
12.320000	1412.7
12.323750	1462.2
12.327500	1462.6
12.331250	1412.4
12.335000	1387.0
12.338750	1426.0
12.342500	1487.5
12.346250	1425.1
12.350000	1425.3
12.353750	1479.8
12.357500	1532.1
12.361250	1460.5
12.365000	1411.6
12.368750	1457.2
12.372500	1427.7
12.376250	1424.0
12.380000	1399.8
12.383750	1446.2
12.387500	1431.5
12.391250	1497.9
12.395000	1522.1
12.398750	1514.7
12.402500	1446.0
12.406250	1476.1
12.410000	1475.1
12.413750	1498.4
12.417500	1451.7
12.421250	1361.1
12.425000	1401.3
12.428750	1500.3
12.432500	1472.2
12.436250	1494.1
12.440000	1527.6
12.443750	1493.1
12.447500	1515.6
12.451250	1507.0
12.455000	1418.8
12.458750	1527.3
12.462500	1463.6
12.466250	1408.3
12.470000	1528.6
12.473750	1392.7
12.477500	1456.8
12.481250	1517.2
12.485000	1511.4
12.488750	1557.5
12.492500	1427.4
12.496250	1447.9
12.500000	1512.9
12.503750	1536.3
12.507500	1438.2
12.511250	1505.5
12.515000	1469.9
12.518750	1453.4
12.522500	1493.2
12.526250	1516.3
12.530000	1532.5
12.533750	1508.0
12.537500	1480.0
12.541250	1489.1
12.545000	1483.5
12.548750	1529.6
12.552500	1443.4
12.556250	1523.2
12.560000	1490.7
12.563750	1489.3
12.567500	1502.5
12.571250	1487.0
12.575000	1496.9
12.578750	1524.0
12.582500	1530.9
12.586250	1475.2
12.590000	1554.0
12.593750	1559.2
12.597500	1502.9
12.601250	1494.6
12.605000	1487.9
12.608750	1544.0
12.612500	1465.1
12.616250	1489.5
12.620000	1443.1
12.623750	1460.6
12.627500	1503.1
12.631250	1507.7
12.635000	1465.5
12.638750	1552.7
12.642500	1557.8
12.646250	1513.2
12.650000	1454.0
12.653750	1480.4
12.657500	1505.9
12.661250	1560.8
12.665000	1518.8
12.668750	1479.5
12.672500	1454.1
12.676250	1454.7
12.680000	1529.8
12.683750	1546.6
12.687500	1567.9
12.691250	1510.7
12.695000	1542.7
12.698750	1601.1
12.702500	1544.2
12.706250	1537.1
12.710000	1582.7
12.713750	1492.4
12.717500	1537.2
12.721250	1695.6
12.725000	1620.8
12.728750	1536.3
12.732500	1537.9
12.736250	1595.4
12.740000	1642.7
12.743750	1597.9
12.747500	1606.7
12.751250	1609.7
12.755000	1617.4
12.758750	1645.8
12.762500	1676.8
12.766250	1672.2
12.770000	1651.8
12.773750	1665.0
12.777500	1705.4
12.781250	1719.6
12.785000	1788.4
12.788750	1738.1
12.792500	1759.5
12.796250	1753.3
12.800000	1744.7
12.803750	1839.6
12.807500	1794.7
12.811250	1789.5
12.815000	1889.6
12.818750	1845.1
12.822500	1876.4
12.826250	1874.7
12.830000	1954.9
12.833750	1971.2
12.837500	1946.6
12.841250	1982.1
12.845000	1941.2
12.848750	1918.3
12.852500	1970.3
12.856250	1983.9
12.860000	2071.4
12.863750	2073.3
12.867500	1921.1
12.871250	2005.2
12.875000	2070.5
12.878750	2022.9
12.882500	2057.5
12.886250	2060.8
12.890000	2011.1
12.893750	1975.2
12.897500	2018.1
12.901250	1952.8
12.905000	1992.8
12.908750	1971.1
12.912500	1922.6
12.916250	1956.4
12.920000	1861.9
12.923750	1848.8
12.927500	1866.9
12.931250	1798.1
12.935000	1779.3
12.938750	1806.5
12.942500	1775.0
12.946250	1839.4
12.950000	1844.5
12.953750	1732.0
12.957500	1801.8
12.961250	1775.4
12.965000	1670.7
12.968750	1743.9
12.972500	1704.6
12.976250	1676.3
12.980000	1742.3
12.983750	1633.3
12.987500	1652.2
12.991250	1669.6
12.995000	1658.9
12.998750	1655.2
13.002500	1635.7
13.006250	1601.0
13.010000	1651.9
13.013750	1566.5
13.017500	1609.7
13.021250	1573.8
13.025000	1558.6
13.028750	1578.5
13.032500	1584.4
13.036250	1506.0
13.040000	1550.2
13.043750	1605.2
13.047500	1617.8
13.051250	1585.4
13.055000	1597.0
13.058750	1594.5
13.062500	1647.6
13.066250	1604.1
13.070000	1606.7
13.073750	1546.8
13.077500	1576.7
13.081250	1546.3
13.085000	1571.1
13.088750	1630.0
13.092500	1561.4
13.096250	1569.6
13.100000	1524.0
13.103750	1549.8
13.107500	1547.6
13.111250	1525.9
13.115000	1577.3
13.118750	1519.4
13.122500	1552.5
13.126250	1583.8
13.130000	1619.1
13.133750	1594.7
13.137500	1563.1
13.141250	1569.5
13.145000	1591.1
13.148750	1662.2
13.152500	1568.6
13.156250	1473.3
13.160000	1630.7
13.163750	1612.3
13.167500	1557.5
13.171250	1598.9
13.175000	1571.7
13.178750	1477.8
13.182500	1633.1
13.186250	1535.7
13.190000	1565.0
13.193750	1548.5
13.197500	1571.1
13.201250	1546.4
13.205000	1538.7
13.208750	1484.7
13.212500	1575.7
13.216250	1613.1
13.220000	1580.9
13.223750	1583.1
13.227500	1615.1
13.231250	1549.8
13.235000	1582.0
13.238750	1607.0
13.242500	1534.4
13.246250	1507.5
13.250000	1535.0
13.253750	1529.5
13.257500	1615.0
13.261250	1613.7
13.265000	1583.6
13.268750	1565.9
13.272500	1488.6
13.276250	1600.6
13.280000	1569.1
13.283750	1572.2
13.287500	1498.8
13.291250	1545.7
13.295000	1594.8
13.298750	1561.9
13.302500	1493.2
13.306250	1561.8
13.310000	1543.3
13.313750	1563.9
13.317500	1520.9
13.321250	1643.6
13.325000	1523.3
13.328750	1569.1
13.332500	1590.9
13.336250	1523.8
13.340000	1517.0
13.343750	1579.0
13.347500	1555.5
13.351250	1528.4
13.355000	1525.8
13.358750	1525.2
13.362500	1544.8
13.366250	1460.6
13.370000	1497.0
13.373750	1614.3
13.377500	1569.6
13.381250	1516.5
13.385000	1539.6
13.388750	1546.1
13.392500	1599.3
13.396250	1543.9
13.400000	1471.2
13.403750	1468.1
13.407500	1504.8
13.411250	1507.5
13.415000	1581.7
13.418750	1548.9
13.422500	1567.4
13.426250	1523.1
13.430000	1612.9
13.433750	1599.7
13.437500	1544.9
13.441250	1616.8
13.445000	1551.3
13.448750	1584.6
13.452500	1660.2
13.456250	1619.9
13.460000	1759.6
13.463750	2059.0
13.467500	2335.5
13.471250	2517.0
13.475000	2611.2
13.478750	2583.0
13.482500	2534.4
13.486250	2298.4
13.490000	2024.4
13.493750	1871.7
13.497500	1719.2
13.501250	1689.0
13.505000	1642.2
13.508750	1605.5
13.512500	1494.3
13.516250	1566.3
13.520000	1606.6
13.523750	1577.4
13.527500	1599.3
13.531250	1581.0
13.535000	1592.5
13.538750	1514.9
13.542500	1543.4
13.546250	1536.4
13.550000	1559.1
13.553750	1582.5
13.557500	1602.0
13.561250	1546.1
13.565000	1536.6
13.568750	1552.5
13.572500	1561.9
13.576250	1609.8
13.580000	1582.6
13.583750	1560.9
13.587500	1567.0
13.591250	1589.8
13.595000	1544.9
13.598750	1559.0
13.602500	1574.7
13.606250	1622.6
13.610000	1588.1
13.613750	1567.8
13.617500	1614.0
13.621250	1612.6
13.625000	1542.1
13.628750	1526.9
13.632500	1562.6
13.636250	1533.5
13.640000	1595.2
13.643750	1612.7
13.647500	1576.5
13.651250	1587.4
13.655000	1597.9
13.658750	1530.4
13.662500	1573.2
13.666250	1614.3
13.670000	1547.5
13.673750	1654.2
13.677500	1635.1
13.681250	1661.7
13.685000	1590.6
13.688750	1540.1
13.692500	1649.6
13.696250	1560.8
13.700000	1595.3
13.703750	1630.5
13.707500	1651.3
13.711250	1679.0
13.715000	1632.7
13.718750	1568.3
13.722500	1652.7
13.726250	1584.4
13.730000	1560.7
13.733750	1649.8
13.737500	1638.1
13.741250	1706.4
13.745000	1592.6
13.748750	1659.0
13.752500	1764.4
13.756250	1606.7
13.760000	1617.3
13.763750	1621.8
13.767500	1643.3
13.771250	1672.6
13.775000	1681.6
13.778750	1669.5
13.782500	1619.9
13.786250	1695.1
13.790000	1668.7
13.793750	1705.1
13.797500	1642.9
13.801250	1699.2
13.805000	1703.4
13.808750	1693.4
13.812500	1721.0
13.816250	1721.3
13.820000	1732.2
13.823750	1645.5
13.827500	1661.7
13.831250	1656.0
13.835000	1677.8
13.838750	1592.0
13.842500	1679.6
13.846250	1688.6
13.850000	1722.0
13.853750	1692.0
13.857500	1737.6
13.861250	1587.4
13.865000	1732.8
13.868750	1719.1
13.872500	1647.9
13.876250	1639.6
13.880000	1776.4
13.883750	1644.4
13.887500	1708.8
13.891250	1678.6
13.895000	1564.4
13.898750	1620.0
13.902500	1673.4
13.906250	1652.7
13.910000	1615.9
13.913750	1588.8
13.917500	1632.6
13.921250	1690.4
13.925000	1712.3
13.928750	1720.1
13.932500	1664.1
13.936250	1618.4
13.940000	1632.4
13.943750	1640.8
13.947500	1678.3
13.951250	1583.1
13.955000	1618.5
13.958750	1638.7
13.962500	1660.3
13.966250	1651.2
13.970000	1648.9
13.973750	1640.9
13.977500	1655.6
13.981250	1620.4
13.985000	1687.0
13.988750	1634.1
13.992500	1646.2
13.996250	1708.6
14.000000	1684.8
14.003750	1669.2
14.007500	1583.7
14.011250	1645.4
14.015000	1677.5
14.018750	1596.0
14.022500	1752.7
14.026250	1652.6
14.030000	1617.7
14.033750	1665.8
14.037500	1595.1
14.041250	1675.8
14.045000	1735.5
14.048750	1717.8
14.052500	1688.1
14.056250	1660.9
14.060000	1648.8
14.063750	1709.9
14.067500	1652.4
14.071250	1662.8
14.075000	1652.1
14.078750	1663.9
14.082500	1649.2
14.086250	1655.6
14.090000	1643.2
14.093750	1641.3
14.097500	1655.0
14.101250	1656.2
14.105000	1666.6
14.108750	1667.2
14.112500	1631.3
14.116250	1676.1
14.120000	1593.2
14.123750	1604.3
14.127500	1675.3
14.131250	1652.8
14.135000	1648.0
14.138750	1663.3
14.142500	1668.1
14.146250	1631.8
14.150000	1635.4
14.153750	1654.7
14.157500	1658.1
14.161250	1686.1
14.165000	1685.9
14.168750	1620.0
14.172500	1694.5
14.176250	1624.4
14.180000	1614.9
14.183750	1737.2
14.187500	1736.2
14.191250	1666.4
14.195000	1715.6
14.198750	1662.5
14.202500	1629.2
14.206250	1690.4
14.210000	1742.4
14.213750	1688.9
14.217500	1659.9
14.221250	1697.0
14.225000	1699.0
14.228750	1693.4
14.232500	1697.8
14.236250	1695.7
14.240000	1676.5
14.243750	1695.8
14.247500	1744.8
14.251250	1746.5
14.255000	1707.6
14.258750	1717.2
14.262500	1734.7
14.266250	1726.1
14.270000	1749.7
14.273750	1706.3
14.277500	1705.0
14.281250	1689.7
14.285000	1699.0
14.288750	1721.1
14.292500	1749.5
14.296250	1806.6
14.300000	1776.8
14.303750	1755.1
14.307500	1768.9
14.311250	1777.6
14.315000	1777.5
14.318750	1779.0
14.322500	1769.5
14.326250	1819.4
14.330000	1704.7
14.333750	1710.7
14.337500	1728.6
14.341250	1682.9
14.345000	1837.6
14.348750	1781.0
14.352500	1765.7
14.356250	1720.7
14.360000	1711.4
14.363750	1711.5
14.367500	1787.0
14.371250	1740.5
14.375000	1765.8
14.378750	1761.1
14.382500	1763.5
14.386250	1748.1
14.390000	1706.3
14.393750	1678.5
14.397500	1670.7
14.401250	1764.8
14.405000	1707.0
14.408750	1753.6
14.412500	1784.6
14.416250	1760.7
14.420000	1773.4
14.423750	1816.4
14.427500	1783.6
14.431250	1742.9
14.435000	1729.1
14.438750	1763.0
14.442500	1698.8
14.446250	1721.6
14.450000	1721.3
14.453750	1648.0
14.457500	1719.7
14.461250	1688.4
14.465000	1707.7
14.468750	1680.0
14.472500	1717.0
14.476250	1665.1
14.480000	1730.6
14.483750	1736.2
14.487500	1698.7
14.491250	1689.3
14.495000	1704.1
14.498750	1722.1
14.502500	1718.8
14.506250	1673.8
14.510000	1658.2
14.513750	1768.9
14.517500	1744.6
14.521250	1667.9
14.525000	1734.4
14.528750	1698.6
14.532500	1709.4
14.536250	1610.3
14.540000	1712.4
14.543750	1670.2
14.547500	1668.8
14.551250	1717.6
14.555000	1734.4
14.558750	1651.4
14.562500	1697.5
14.566250	1643.9
14.570000	1675.3
14.573750	1719.8
14.577500	1698.2
14.581250	1614.4
14.585000	1682.8
14.588750	1698.3
14.592500	1770.6
14.596250	1723.0
14.600000	1732.8
14.603750	1675.2
14.607500	1619.5
14.611250	1688.7
14.615000	1732.9
14.618750	1701.1
14.622500	1709.2
14.626250	1677.7
14.630000	1696.8
14.633750	1727.4
14.637500	1727.7
14.641250	1735.2
14.645000	1728.1
14.648750	1726.3
14.652500	1693.5
14.656250	1658.2
14.660000	1735.3
14.663750	1776.7
14.667500	1793.9
14.671250	1747.7
14.675000	1746.2
14.678750	1768.2
14.682500	1671.1
14.686250	1672.3
14.690000	1699.9
14.693750	1686.4
14.697500	1776.4
14.701250	1717.1
14.705000	1733.6
14.708750	1682.7
14.712500	1756.9
14.716250	1781.0
14.720000	1720.9
14.723750	1676.3
14.727500	1750.2
14.731250	1691.2
14.735000	1716.3
14.738750	1748.8
14.742500	1687.1
14.746250	1743.3
14.750000	1685.2
14.753750	1732.6
14.757500	1721.5
14.761250	1718.1
14.765000	1688.8
14.768750	1756.2
14.772500	1794.3
14.776250	1761.1
14.780000	1736.6
14.783750	1714.4
14.787500	1703.6
14.791250	1712.0
14.795000	1690.8
14.798750	1775.6
14.802500	1754.7
14.806250	1706.8
14.810000	1688.6
14.813750	1728.1
14.817500	1749.7
14.821250	1739.7
14.825000	1759.8
14.828750	1745.6
14.832500	1759.4
14.836250	1779.0
14.840000	1747.0
14.843750	1673.2
14.847500	1730.7
14.851250	1724.1
14.855000	1743.3
14.858750	1749.9
14.862500	1770.1
14.866250	1808.8
14.870000	1748.3
14.873750	1721.5
14.877500	1753.6
14.881250	1757.4
14.885000	1739.9
14.888750	1772.5
14.892500	1748.7
14.896250	1773.4
14.900000	1735.2
14.903750	1720.3
14.907500	1703.3
14.911250	1736.0
14.915000	1759.0
14.918750	1706.3
14.922500	1768.2
14.926250	1764.2
14.930000	1734.8
14.933750	1694.6
14.937500	1816.2
14.941250	1824.5
14.945000	1747.0
14.948750	1672.9
14.952500	1782.1
14.956250	1797.0
14.960000	1789.0
14.963750	1821.1
14.967500	1758.4
14.971250	1721.3
14.975000	1780.0
14.978750	1769.6
14.982500	1828.4
14.986250	1742.1
14.990000	1783.1
14.993750	1758.9
14.997500	1741.2
15.001250	1781.7
15.005000	1864.2
15.008750	1735.2
15.012500	1764.9
15.016250	1845.1
15.020000	1798.0
15.023750	1803.2
15.027500	1789.3
15.031250	1788.3
15.035000	1734.6
15.038750	1854.8
15.042500	1754.9
15.046250	1795.2
15.050000	1785.7
15.053750	1849.5
15.057500	1769.0
15.061250	1771.7
15.065000	1782.3
15.068750	1818.9
15.072500	1765.0
15.076250	1705.3
15.080000	1696.1
15.083750	1769.3
15.087500	1769.7
15.091250	1809.4
15.095000	1841.8
15.098750	1777.8
15.102500	1768.9
15.106250	1820.1
15.110000	1799.7
15.113750	1686.6
15.117500	1753.2
15.121250	1848.0
15.125000	1829.8
15.128750	1842.9
15.132500	1786.3
15.136250	1834.3
15.140000	1839.9
15.143750	1887.3
15.147500	1867.8
15.151250	1736.5
15.155000	1863.2
15.158750	1794.5
15.162500	1841.7
15.166250	1907.1
15.170000	1857.1
15.173750	1842.4
15.177500	1819.7
15.181250	1858.7
15.185000	1830.9
15.188750	1846.5
15.192500	1855.2
15.196250	1763.5
15.200000	1781.1
15.203750	1814.3
15.207500	1810.0
15.211250	1869.8
15.215000	1749.1
15.218750	1866.6
15.222500	1832.3
15.226250	1788.4
15.230000	1753.1
15.233750	1811.0
15.237500	1796.4
15.241250	1837.0
15.245000	1881.1
15.248750	1828.1
15.252500	1892.9
15.256250	1885.4
15.260000	1874.7
15.263750	1895.1
15.267500	1836.1
15.271250	1877.6
15.275000	1882.5
15.278750	1771.8
15.282500	1852.6
15.286250	1878.3
15.290000	1779.3
15.293750	1919.4
15.297500	1811.4
15.301250	1853.0
15.305000	1850.9
15.308750	1907.6
15.312500	1887.4
15.316250	1831.5
15.320000	1788.5
15.323750	1900.2
15.327500	1912.9
15.331250	1853.4
15.335000	1831.3
15.338750	1856.0
15.342500	1859.9
15.346250	1912.9
15.350000	1905.9
15.353750	1935.4
15.357500	1894.2
15.361250	1921.6
15.365000	1825.2
15.368750	1927.9
15.372500	1960.5
15.376250	1891.4
15.380000	1974.0
15.383750	1909.3
15.387500	1985.3
15.391250	1898.4
15.395000	1943.0
15.398750	1935.2
15.402500	1981.9
15.406250	2024.2
15.410000	1970.1
15.413750	1925.7
15.417500	1931.2
15.421250	2020.1
15.425000	1924.5
15.428750	1967.3
15.432500	1922.3
15.436250	1954.9
15.440000	2013.5
15.443750	2068.2
15.447500	2075.7
15.451250	2013.8
15.455000	2051.4
15.458750	2060.4
15.462500	1987.3
15.466250	2000.1
15.470000	2051.6
15.473750	2008.0
15.477500	2059.7
15.481250	2060.3
15.485000	2098.3
15.488750	2103.8
15.492500	2119.3
15.496250	2087.5
15.500000	2054.2
15.503750	2141.2
15.507500	2206.3
15.511250	2138.3
15.515000	2197.2
15.518750	2145.6
15.522500	2200.2
15.526250	2271.9
15.530000	2209.0
15.533750	2362.8
15.537500	2325.8
15.541250	2302.3
15.545000	2488.5
15.548750	2451.9
15.552500	2515.1
15.556250	2590.9
15.560000	2409.1
15.563750	2400.9
15.567500	2608.7
15.571250	2546.2
15.575000	2558.5
15.578750	2696.1
15.582500	2744.2
15.586250	2820.9
15.590000	2902.0
15.593750	2913.4
15.597500	3005.2
15.601250	3083.5
15.605000	3200.2
15.608750	3384.0
15.612500	3458.5
15.616250	3453.8
15.620000	3603.2
15.623750	3562.8
15.627500	3738.5
15.631250	3949.1
15.635000	3864.4
15.638750	4145.6
15.642500	4260.4
15.646250	4282.1
15.650000	4474.0
15.653750	4658.6
15.657500	4723.1
15.661250	4822.6
15.665000	4907.1
15.668750	4801.4
15.672500	5022.9
15.676250	5080.8
15.680000	5117.1
15.683750	5233.7
15.687500	4910.8
15.691250	5272.5
15.695000	5278.1
15.698750	5319.6
15.702500	5342.7
15.706250	5524.4
15.710000	5438.8
15.713750	5480.7
15.717500	5504.0
15.721250	5579.1
15.725000	5603.0
15.728750	5585.6
15.732500	5728.9
15.736250	5969.4
15.740000	5973.9
15.743750	6019.8
15.747500	5940.8
15.751250	6042.1
15.755000	6100.0
15.758750	6110.3
15.762500	6342.4
15.766250	6338.7
15.770000	6374.7
15.773750	6435.9
15.777500	6256.1
15.781250	6342.1
15.785000	6362.1
15.788750	6316.9
15.792500	6253.4
15.796250	6299.3
15.800000	5977.1
15.803750	6047.0
15.807500	5884.4
15.811250	5933.2
15.815000	5763.2
15.818750	5571.5
15.822500	5532.0
15.826250	5426.6
15.830000	5153.6
15.833750	4949.6
15.837500	5009.4
15.841250	4925.4
15.845000	4817.3
15.848750	4619.6
15.852500	4580.9
15.856250	4464.5
15.860000	4293.3
15.863750	4114.8
15.867500	4013.7
15.871250	3928.7
15.875000	3766.1
15.878750	3849.9
15.882500	3611.9
15.886250	3591.1
15.890000	3521.8
15.893750	3443.7
15.897500	3403.1
15.901250	3229.7
15.905000	3120.6
15.908750	3169.5
15.912500	3065.3
15.916250	2975.6
15.920000	2977.2
15.923750	2888.6
15.927500	2851.0
15.931250	2793.6
15.935000	2730.7
15.938750	2715.2
15.942500	2704.5
15.946250	2681.4
15.950000	2602.2
15.953750	2622.4
15.957500	2641.2
15.961250	2567.8
15.965000	2546.3
15.968750	2531.2
15.972500	2388.6
15.976250	2449.1
15.980000	2503.4
15.983750	2404.9
15.987500	2282.0
15.991250	2403.6
15.995000	2407.9
15.998750	2391.7
16.002500	2446.6
16.006250	2315.7
16.010000	2231.4
16.013750	2253.5
16.017500	2227.2
16.021250	2303.8
16.025000	2286.3
16.028750	2184.8
16.032500	2258.1
16.036250	2395.3
16.040000	2214.2
16.043750	2256.4
16.047500	2241.1
16.051250	2164.4
16.055000	2106.0
16.058750	2282.8
16.062500	2054.8
16.066250	2110.1
16.070000	2150.9
16.073750	2074.1
16.077500	2147.6
16.081250	2167.0
16.085000	2139.4
16.088750	2156.8
16.092500	2033.7
16.096250	2139.5
16.100000	2030.8
16.103750	2147.9
16.107500	2160.9
16.111250	2123.7
16.115000	2076.0
16.118750	2134.0
16.122500	2144.3
16.126250	2112.6
16.130000	2079.0
16.133750	2039.6
16.137500	2069.9
16.141250	2095.6
16.145000	2012.5
16.148750	1986.6
16.152500	2083.2
16.156250	2165.0
16.160000	2044.9
16.163750	2111.6
16.167500	2133.4
16.171250	2074.2
16.175000	2067.4
16.178750	2036.5
16.182500	2102.1
16.186250	2124.7
16.190000	2005.4
16.193750	2045.2
16.197500	2039.8
16.201250	2028.7
16.205000	2027.5
16.208750	2048.0
16.212500	2088.0
16.216250	1990.4
16.220000	2059.2
16.223750	2081.1
16.227500	2110.5
16.231250	2072.0
16.235000	2141.4
16.238750	2193.1
16.242500	2078.8
16.246250	2048.2
16.250000	2060.3
16.253750	2103.2
16.257500	2135.4
16.261250	2139.8
16.265000	2176.8
16.268750	2124.3
16.272500	2161.6
16.276250	2187.7
16.280000	2196.9
16.283750	2186.8
16.287500	2274.3
16.291250	2294.5
16.295000	2274.6
16.298750	2232.4
16.302500	2176.9
16.306250	2265.8
16.310000	2273.7
16.313750	2215.4
16.317500	2199.1
16.321250	2215.8
16.325000	2198.4
16.328750	2217.3
16.332500	2186.7
16.336250	2234.9
16.340000	2154.1
16.343750	2137.8
16.347500	2115.4
16.351250	2092.8
16.355000	2059.9
16.358750	2114.8
16.362500	2069.0
16.366250	2045.3
16.370000	2106.2
16.373750	2030.6
16.377500	2038.2
16.381250	2081.9
16.385000	2065.0
16.388750	1994.4
16.392500	2083.0
16.396250	2069.8
16.400000	2022.9
16.403750	1954.7
16.407500	2045.5
16.411250	1992.1
16.415000	2034.4
16.418750	2064.6
16.422500	1967.7
16.426250	2051.8
16.430000	2027.6
16.433750	2063.8
16.437500	2028.4
16.441250	1933.3
16.445000	2109.0
16.448750	2034.0
16.452500	2012.4
16.456250	1962.2
16.460000	2024.3
16.463750	1970.6
16.467500	1953.8
16.471250	1929.0
16.475000	1996.3
16.478750	1985.9
16.482500	1995.4
16.486250	1974.2
16.490000	1961.6
16.493750	1947.5
16.497500	1931.3
16.501250	2051.7
16.505000	2071.8
16.508750	1943.4
16.512500	2001.2
16.516250	1964.8
16.520000	2060.3
16.523750	2033.6
16.527500	2013.1
16.531250	1983.2
16.535000	2022.7
16.538750	2008.0
16.542500	1962.7
16.546250	2002.6
16.550000	1964.8
16.553750	1968.5
16.557500	1955.1
16.561250	1991.3
16.565000	2061.4
16.568750	2080.7
16.572500	2014.5
16.576250	1999.7
16.580000	2058.4
16.583750	2106.9
16.587500	1995.8
16.591250	1917.3
16.595000	2023.0
16.598750	2017.0
16.602500	1979.6
16.606250	2023.0
16.610000	1974.4
16.613750	2011.3
16.617500	2058.8
16.621250	1996.6
16.625000	2045.8
16.628750	2029.3
16.632500	2059.6
16.636250	2046.5
16.640000	2056.3
16.643750	2031.8
16.647500	2057.7
16.651250	2027.2
16.655000	2014.8
16.658750	2010.2
16.662500	2067.9
16.666250	2046.4
16.670000	2089.5
16.673750	2013.2
16.677500	2070.8
16.681250	2067.0
16.685000	1983.5
16.688750	2082.0
16.692500	2101.8
16.696250	2092.2
16.700000	2070.0
16.703750	2039.0
16.707500	2045.1
16.711250	2056.5
16.715000	2116.8
16.718750	2002.0
16.722500	2062.1
16.726250	2066.9
16.730000	2195.5
16.733750	2118.0
16.737500	2168.8
16.741250	2202.7
16.745000	2350.7
16.748750	2286.8
16.752500	2509.1
16.756250	2600.7
16.760000	2908.2
16.763750	3135.8
16.767500	3525.5
16.771250	3843.4
16.775000	4260.8
16.778750	4652.9
16.782500	5346.0
16.786250	5860.1
16.790000	6331.1
16.793750	6572.7
16.797500	6689.7
16.801250	6500.1
16.805000	6365.0
16.808750	5847.7
16.812500	4958.2
16.816250	4422.9
16.820000	3800.8
16.823750	3192.7
16.827500	2958.4
16.831250	2550.4
16.835000	2334.4
16.838750	2338.5
16.842500	2163.1
16.846250	2109.0
16.850000	2096.7
16.853750	2148.0
16.857500	2171.4
16.861250	1963.6
16.865000	2119.6
16.868750	2091.3
16.872500	2101.2
16.876250	2083.4
16.880000	2071.1
16.883750	2056.9
16.887500	2093.9
16.891250	2013.2
16.895000	2011.6
16.898750	2121.5
16.902500	2004.4
16.906250	1938.2
16.910000	2111.9
16.913750	2143.4
16.917500	2027.0
16.921250	2029.6
16.925000	2033.5
16.928750	1977.5
16.932500	2030.0
16.936250	2070.1
16.940000	2024.1
16.943750	2028.3
16.947500	2040.1
16.951250	2027.6
16.955000	2120.7
16.958750	2024.8
16.962500	2104.1
16.966250	2062.7
16.970000	2102.1
16.973750	2053.3
16.977500	2059.4
16.981250	2102.6
16.985000	2087.8
16.988750	2153.9
16.992500	2034.2
16.996250	1941.8
17.000000	2034.6
17.003750	2130.7
17.007500	2081.7
17.011250	2058.3
17.015000	2104.0
17.018750	2082.7
17.022500	2077.2
17.026250	2090.3
17.030000	2104.0
17.033750	2058.0
17.037500	2093.9
17.041250	2012.8
17.045000	2069.8
17.048750	2103.5
17.052500	2105.5
17.056250	1971.2
17.060000	2052.7
17.063750	2091.0
17.067500	2148.9
17.071250	1976.8
17.075000	2098.9
17.078750	2112.4
17.082500	2088.3
17.086250	2127.4
17.090000	2101.7
17.093750	2151.9
17.097500	2148.8
17.101250	2197.4
17.105000	2231.8
17.108750	2074.2
17.112500	2140.6
17.116250	2040.8
17.120000	2191.7
17.123750	2142.2
17.127500	2184.0
17.131250	2193.9
17.135000	2237.8
17.138750	2219.9
17.142500	2280.7
17.146250	2279.2
17.150000	2432.1
17.153750	2490.2
17.157500	2781.4
17.161250	3311.4
17.165000	3932.4
17.168750	5022.8
17.172500	6233.8
17.176250	7198.0
17.180000	7941.9
17.183750	7692.8
17.187500	7018.7
17.191250	5850.1
17.195000	4743.2
17.198750	3763.3
17.202500	2998.1
17.206250	2523.9
17.210000	2427.6
17.213750	2340.3
17.217500	2209.6
17.221250	2173.8
17.225000	2190.3
17.228750	2094.7
17.232500	2111.5
17.236250	2143.7
17.240000	2215.5
17.243750	2111.0
17.247500	2059.1
17.251250	2052.4
17.255000	2195.3
17.258750	2139.8
17.262500	2113.7
17.266250	2117.2
17.270000	2084.0
17.273750	2103.0
17.277500	2161.2
17.281250	2190.7
17.285000	2141.7
17.288750	2153.9
17.292500	2088.0
17.296250	2110.6
17.300000	2188.0
17.303750	2076.4
17.307500	2150.9
17.311250	2061.7
17.315000	2130.8
17.318750	2193.5
17.322500	2155.8
17.326250	2210.1
17.330000	2166.6
17.333750	2108.0
17.337500	2118.5
17.341250	2104.9
17.345000	2134.3
17.348750	2129.9
17.352500	2134.2
17.356250	2077.1
17.360000	2120.2
17.363750	2060.7
17.367500	2176.4
17.371250	2132.0
17.375000	2113.2
17.378750	2192.4
17.382500	2125.6
17.386250	2176.4
17.390000	2145.3
17.393750	2068.2
17.397500	2121.1
17.401250	2153.3
17.405000	2142.8
17.408750	2090.6
17.412500	2144.5
17.416250	2167.4
17.420000	2187.3
17.423750	2125.6
17.427500	2219.7
17.431250	2152.6
17.435000	2152.9
17.438750	2144.7
17.442500	2148.8
17.446250	2148.1
17.450000	2106.4
17.453750	2096.3
17.457500	2033.8
17.461250	2019.5
17.465000	2038.1
17.468750	2064.7
17.472500	2122.1
17.476250	2056.4
17.480000	2180.1
17.483750	2193.9
17.487500	2137.1
17.491250	2101.2
17.495000	2123.9
17.498750	2134.4
17.502500	2173.9
17.506250	2062.1
17.510000	2044.1
17.513750	2084.4
17.517500	2146.4
17.521250	2140.2
17.525000	2161.0
17.528750	2055.9
17.532500	2111.7
17.536250	2099.4
17.540000	2085.1
17.543750	2157.8
17.547500	2143.6
17.551250	2207.4
17.555000	2160.5
17.558750	2108.6
17.562500	2214.9
17.566250	2202.4
17.570000	2208.5
17.573750	2134.2
17.577500	2102.0
17.581250	2155.2
17.585000	2170.8
17.588750	2182.8
17.592500	2173.0
17.596250	2120.3
17.600000	2161.5
17.603750	2138.0
17.607500	2196.5
17.611250	2181.3
17.615000	2194.4
17.618750	2225.8
17.622500	2188.1
17.626250	2136.6
17.630000	2207.6
17.633750	2164.4
17.637500	2236.5
17.641250	2254.9
17.645000	2168.4
17.648750	2197.9
17.652500	2122.4
17.656250	2122.4
17.660000	2165.8
17.663750	2187.1
17.667500	2098.8
17.671250	2106.5
17.675000	2144.0
17.678750	2174.3
17.682500	2183.6
17.686250	2211.1
17.690000	2219.1
17.693750	2237.2
17.697500	2250.6
17.701250	2206.5
17.705000	2229.0
17.708750	2221.2
17.712500	2205.6
17.716250	2185.7
17.720000	2145.1
17.723750	2142.5
17.727500	2143.9
17.731250	2145.8
17.735000	2188.2
17.738750	2188.6
17.742500	2181.4
17.746250	2230.7
17.750000	2206.2
17.753750	2156.8
17.757500	2164.4
17.761250	2204.6
17.765000	2096.9
17.768750	2087.7
17.772500	2166.2
17.776250	2241.6
17.780000	2110.5
17.783750	2127.5
17.787500	2182.3
17.791250	2191.2
17.795000	2160.3
17.798750	2145.3
17.802500	2174.3
17.806250	2163.2
17.810000	2191.7
17.813750	2177.3
17.817500	2154.8
17.821250	2186.6
17.825000	2132.4
17.828750	2131.7
17.832500	2146.0
17.836250	2260.2
17.840000	2209.4
17.843750	2198.6
17.847500	2217.4
17.851250	2223.3
17.855000	2162.9
17.858750	2141.5
17.862500	2161.6
17.866250	2287.9
17.870000	2216.0
17.873750	2235.5
17.877500	2222.1
17.881250	2120.3
17.885000	2124.2
17.888750	2078.3
17.892500	2215.0
17.896250	2206.3
17.900000	2153.2
17.903750	2176.8
17.907500	2170.1
17.911250	2188.5
17.915000	2219.1
17.918750	2116.2
17.922500	2189.9
17.926250	2245.4
17.930000	2181.9
17.933750	2285.3
17.937500	2180.9
17.941250	2212.4
17.945000	2191.0
17.948750	2145.8
17.952500	2238.6
17.956250	2182.2
17.960000	2230.3
17.963750	2231.3
17.967500	2148.2
17.971250	2220.3
17.975000	2242.7
17.978750	2207.1
17.982500	2206.3
17.986250	2198.0
17.990000	2175.9
17.993750	2208.9
17.997500	2181.2
18.001250	2242.9
18.005000	2298.4
18.008750	2226.1
18.012500	2134.3
18.016250	2202.4
18.020000	2260.6
18.023750	2228.0
18.027500	2196.5
18.031250	2308.1
18.035000	2258.8
18.038750	2351.4
18.042500	2322.0
18.046250	2314.4
18.050000	2239.5
18.053750	2192.6
18.057500	2220.0
18.061250	2309.8
18.065000	2265.5
18.068750	2370.1
18.072500	2300.3
18.076250	2372.1
18.080000	2403.8
18.083750	2317.2
18.087500	2389.6
18.091250	2425.7
18.095000	2282.3
18.098750	2361.9
18.102500	2329.5
18.106250	2425.4
18.110000	2398.1
18.113750	2379.7
18.117500	2393.0
18.121250	2381.6
18.125000	2406.8
18.128750	2412.7
18.132500	2382.2
18.136250	2476.7
18.140000	2404.1
18.143750	2514.6
18.147500	2362.6
18.151250	2514.7
18.155000	2427.7
18.158750	2488.9
18.162500	2529.5
18.166250	2528.5
18.170000	2462.4
18.173750	2585.9
18.177500	2610.6
18.181250	2599.3
18.185000	2546.6
18.188750	2605.9
18.192500	2556.8
18.196250	2591.1
18.200000	2550.9
18.203750	2628.7
18.207500	2618.7
18.211250	2684.0
18.215000	2649.2
18.218750	2700.0
18.222500	2607.0
18.226250	2703.3
18.230000	2685.2
18.233750	2848.8
18.237500	2644.8
18.241250	2715.5
18.245000	2654.0
18.248750	2693.8
18.252500	2635.9
18.256250	2691.8
18.260000	2645.7
18.263750	2704.8
18.267500	2654.1
18.271250	2649.5
18.275000	2649.9
18.278750	2780.4
18.282500	2630.6
18.286250	2562.6
18.290000	2491.5
18.293750	2529.2
18.297500	2611.8
18.301250	2561.2
18.305000	2529.9
18.308750	2528.8
18.312500	2523.2
18.316250	2533.8
18.320000	2515.5
18.323750	2636.8
18.327500	2549.5
18.331250	2517.0
18.335000	2443.0
18.338750	2385.2
18.342500	2471.8
18.346250	2537.9
18.350000	2399.7
18.353750	2413.4
18.357500	2360.7
18.361250	2455.8
18.365000	2364.5
18.368750	2344.0
18.372500	2400.2
18.376250	2408.6
18.380000	2359.6
18.383750	2400.5
18.387500	2375.3
18.391250	2324.0
18.395000	2323.2
18.398750	2356.4
18.402500	2313.6
18.406250	2241.6
18.410000	2366.6
18.413750	2242.6
18.417500	2247.9
18.421250	2330.4
18.425000	2279.2
18.428750	2396.6
18.432500	2346.4
18.436250	2270.6
18.440000	2267.1
18.443750	2312.5
18.447500	2293.4
18.451250	2281.5
18.455000	2347.4
18.458750	2322.9
18.462500	2275.9
18.466250	2345.0
18.470000	2286.2
18.473750	2235.4
18.477500	2281.8
18.481250	2341.0
18.485000	2226.2
18.488750	2282.3
18.492500	2274.5
18.496250	2325.9
18.500000	2148.5
18.503750	2267.9
18.507500	2267.8
18.511250	2285.6
18.515000	2246.8
18.518750	2269.1
18.522500	2227.3
18.526250	2259.2
18.530000	2165.0
18.533750	2257.5
18.537500	2270.9
18.541250	2244.9
18.545000	2163.6
18.548750	2220.7
18.552500	2176.8
18.556250	2250.5
18.560000	2234.4
18.563750	2283.9
18.567500	2218.8
18.571250	2197.0
18.575000	2215.4
18.578750	2234.5
18.582500	2275.6
18.586250	2264.0
18.590000	2191.1
18.593750	2247.0
18.597500	2279.5
18.601250	2196.0
18.605000	2111.9
18.608750	2231.7
18.612500	2242.3
18.616250	2238.9
18.620000	2230.9
18.623750	2221.3
18.627500	2257.0
18.631250	2264.1
18.635000	2245.1
18.638750	2237.5
18.642500	2289.6
18.646250	2209.5
18.650000	2218.9
18.653750	2312.5
18.657500	2204.0
18.661250	2172.0
18.665000	2188.0
18.668750	2283.2
18.672500	2245.7
18.676250	2267.9
18.680000	2318.4
18.683750	2271.0
18.687500	2169.1
18.691250	2252.4
18.695000	2313.0
18.698750	2265.0
18.702500	2237.4
18.706250	2225.1
18.710000	2302.4
18.713750	2178.9
18.717500	2233.6
18.721250	2192.8
18.725000	2203.4
18.728750	2225.3
18.732500	2282.4
18.736250	2320.0
18.740000	2227.5
18.743750	2241.7
18.747500	2307.0
18.751250	2217.6
18.755000	2264.5
18.758750	2210.0
18.762500	2215.7
18.766250	2177.3
18.770000	2229.1
18.773750	2281.2
18.777500	2275.4
18.781250	2258.5
18.785000	2202.0
18.788750	2242.0
18.792500	2300.5
18.796250	2262.6
18.800000	2248.6
18.803750	2260.0
18.807500	2280.0
18.811250	2149.9
18.815000	2272.1
18.818750	2280.0
18.822500	2178.2
18.826250	2180.4
18.830000	2248.6
18.833750	2271.0
18.837500	2219.4
18.841250	2245.7
18.845000	2201.4
18.848750	2310.3
18.852500	2262.3
18.856250	2244.1
18.860000	2262.2
18.863750	2169.1
18.867500	2164.5
18.871250	2162.3
18.875000	2153.6
18.878750	2184.6
18.882500	2174.8
18.886250	2277.4
18.890000	2280.3
18.893750	2219.5
18.897500	2192.3
18.901250	2274.8
18.905000	2228.8
18.908750	2157.7
18.912500	2208.2
18.916250	2246.3
18.920000	2314.3
18.923750	2265.6
18.927500	2193.0
18.931250	2217.0
18.935000	2219.2
18.938750	2248.3
18.942500	2271.4
18.946250	2204.0
18.950000	2225.7
18.953750	2231.5
18.957500	2206.8
18.961250	2219.1
18.965000	2269.5
18.968750	2209.0
18.972500	2128.3
18.976250	2185.0
18.980000	2217.9
18.983750	2244.4
18.987500	2185.2
18.991250	2191.5
18.995000	2208.8
18.998750	2199.1
19.002500	2227.4
19.006250	2269.1
19.010000	2244.3
19.013750	2209.0
19.017500	2230.6
19.021250	2174.8
19.025000	2153.6
19.028750	2275.7
19.032500	2154.8
19.036250	2224.4
19.040000	2145.3
19.043750	2231.7
19.047500	2162.7
19.051250	2222.4
19.055000	2217.2
19.058750	2189.8
19.062500	2268.5
19.066250	2285.0
19.070000	2257.7
19.073750	2245.1
19.077500	2264.2
19.081250	2213.2
19.085000	2258.1
19.088750	2251.7
19.092500	2259.0
19.096250	2206.7
19.100000	2197.8
19.103750	2230.3
19.107500	2266.7
19.111250	2199.3
19.115000	2225.5
19.118750	2202.0
19.122500	2183.5
19.126250	2260.9
19.130000	2282.3
19.133750	2333.4
19.137500	2313.4
19.141250	2277.9
19.145000	2253.1
19.148750	2241.8
19.152500	2195.6
19.156250	2277.2
19.160000	2292.5
19.163750	2253.3
19.167500	2293.3
19.171250	2250.6
19.175000	2258.8
19.178750	2189.6
19.182500	2238.1
19.186250	2227.3
19.190000	2250.0
19.193750	2209.5
19.197500	2212.2
19.201250	2200.3
19.205000	2229.8
19.208750	2207.8
19.212500	2227.2
19.216250	2301.1
19.220000	2264.5
19.223750	2162.0
19.227500	2220.7
19.231250	2180.8
19.235000	2252.5
19.238750	2212.8
19.242500	2249.9
19.246250	2214.0
19.250000	2275.7
19.253750	2330.4
19.257500	2247.6
19.261250	2261.0
19.265000	2321.9
19.268750	2201.2
19.272500	2184.0
19.276250	2264.8
19.280000	2218.8
19.283750	2277.5
19.287500	2299.4
19.291250	2286.7
19.295000	2207.4
19.298750	2130.7
19.302500	2163.8
19.306250	2178.9
19.310000	2187.6
19.313750	2233.3
19.317500	2198.5
19.321250	2304.2
19.325000	2240.7
19.328750	2181.5
19.332500	2226.5
19.336250	2176.4
19.340000	2217.6
19.343750	2291.6
19.347500	2340.5
19.351250	2275.7
19.355000	2191.8
19.358750	2195.4
19.362500	2191.4
19.366250	2280.7
19.370000	2236.2
19.373750	2092.5
19.377500	2327.3
19.381250	2235.2
19.385000	2238.5
19.388750	2245.8
19.392500	2189.7
19.396250	2153.6
19.400000	2218.6
19.403750	2166.4
19.407500	2257.7
19.411250	2253.6
19.415000	2291.2
19.418750	2166.8
19.422500	2292.6
19.426250	2252.2
19.430000	2182.4
19.433750	2198.1
19.437500	2155.3
19.441250	2159.5
19.445000	2297.2
19.448750	2203.7
19.452500	2184.0
19.456250	2278.2
19.460000	2277.7
19.463750	2230.8
19.467500	2227.2
19.471250	2206.9
19.475000	2189.6
19.478750	2188.6
19.482500	2158.3
19.486250	2277.1
19.490000	2154.8
19.493750	2211.4
19.497500	2185.1
19.501250	2284.4
19.505000	2260.3
19.508750	2190.8
19.512500	2346.7
19.516250	2233.3
19.520000	2211.0
19.523750	2247.9
19.527500	2234.2
19.531250	2234.9
19.535000	2301.7
19.538750	2276.4
19.542500	2277.9
19.546250	2276.5
19.550000	2271.6
19.553750	2379.3
19.557500	2240.6
19.561250	2327.3
19.565000	2277.0
19.568750	2358.2
19.572500	2392.4
19.576250	2330.4
19.580000	2428.7
19.583750	2293.7
19.587500	2273.7
19.591250	2250.5
19.595000	2281.9
19.598750	2380.5
19.602500	2305.3
19.606250	2263.3
19.610000	2292.1
19.613750	2217.3
19.617500	2258.6
19.621250	2298.4
19.625000	2333.3
19.628750	2275.7
19.632500	2321.1
19.636250	2258.9
19.640000	2331.4
19.643750	2220.0
19.647500	2251.1
19.651250	2372.2
19.655000	2427.7
19.658750	2315.0
19.662500	2362.3
19.666250	2448.7
19.670000	2489.6
19.673750	2522.2
19.677500	2546.4
19.681250	2775.4
19.685000	2734.0
19.688750	2907.3
19.692500	3054.9
19.696250	3251.1
19.700000	3384.0
19.703750	3461.8
19.707500	3692.2
19.711250	3973.0
19.715000	4159.0
19.718750	4286.4
19.722500	4247.7
19.726250	4236.5
19.730000	4245.6
19.733750	4033.0
19.737500	3859.3
19.741250	3498.9
19.745000	3327.9
19.748750	3049.5
19.752500	2719.8
19.756250	2613.8
19.760000	2541.4
19.763750	2423.1
19.767500	2426.2
19.771250	2321.7
19.775000	2289.2
19.778750	2271.2
19.782500	2343.7
19.786250	2356.3
19.790000	2236.4
19.793750	2225.0
19.797500	2288.7
19.801250	2242.4
19.805000	2240.3
19.808750	2161.3
19.812500	2208.7
19.816250	2270.1
19.820000	2213.4
19.823750	2257.1
19.827500	2289.1
19.831250	2249.8
19.835000	2209.7
19.838750	2289.8
19.842500	2270.7
19.846250	2250.5
19.850000	2225.4
19.853750	2198.3
19.857500	2354.1
19.861250	2242.5
19.865000	2222.8
19.868750	2160.9
19.872500	2203.5
19.876250	2271.9
19.880000	2184.9
19.883750	2262.9
19.887500	2322.4
19.891250	2311.7
19.895000	2259.9
19.898750	2222.5
19.902500	2112.5
19.906250	2200.8
19.910000	2147.5
19.913750	2262.3
19.917500	2184.8
19.921250	2265.7
19.925000	2268.5
19.928750	2260.6
19.932500	2299.2
19.936250	2286.0
19.940000	2304.9
19.943750	2279.5
19.947500	2255.5
19.951250	2212.2
19.955000	2271.0
19.958750	2164.8
19.962500	2191.5
19.966250	2298.5
19.970000	2281.7
19.973750	2290.8
19.977500	2311.8
19.981250	2271.8
19.985000	2237.6
19.988750	2339.3
19.992500	2241.1
19.996250	2262.8
20.000000	2279.4
20.003750	2212.5
20.007500	2286.0
20.011250	2274.5
20.015000	2257.0
20.018750	2276.4
20.022500	2281.8
20.026250	2298.5
20.030000	2244.1
20.033750	2374.5
20.037500	2323.1
20.041250	2370.7
20.045000	2343.5
20.048750	2334.4
20.052500	2347.2
20.056250	2384.6
20.060000	2373.1
20.063750	2273.9
20.067500	2247.8
20.071250	2379.0
20.075000	2315.1
20.078750	2268.4
20.082500	2384.3
20.086250	2306.3
20.090000	2337.9
20.093750	2330.0
20.097500	2371.3
20.101250	2342.0
20.105000	2359.1
20.108750	2303.6
20.112500	2321.8
20.116250	2320.2
20.120000	2334.9
20.123750	2404.4
20.127500	2411.8
20.131250	2349.1
20.135000	2410.3
20.138750	2382.1
20.142500	2440.0
20.146250	2411.4
20.150000	2475.6
20.153750	2406.4
20.157500	2479.7
20.161250	2490.6
20.165000	2403.9
20.168750	2451.6
20.172500	2439.6
20.176250	2513.2
20.180000	2412.6
20.183750	2447.4
20.187500	2416.3
20.191250	2447.4
20.195000	2508.4
20.198750	2581.7
20.202500	2580.3
20.206250	2557.2
20.210000	2592.0
20.213750	2507.7
20.217500	2499.5
20.221250	2662.7
20.225000	2680.8
20.228750	2670.0
20.232500	2614.7
20.236250	2686.6
20.240000	2804.8
20.243750	2684.9
20.247500	2680.1
20.251250	2825.0
20.255000	2833.3
20.258750	2889.7
20.262500	2849.1
20.266250	2745.0
20.270000	2946.8
20.273750	2810.7
20.277500	2891.6
20.281250	3006.5
20.285000	2976.0
20.288750	2974.5
20.292500	3114.3
20.296250	3181.1
20.300000	3278.0
20.303750	3176.7
20.307500	3267.5
20.311250	3278.1
20.315000	3378.4
20.318750	3405.3
20.322500	3296.4
20.326250	3565.8
20.330000	3641.2
20.333750	3692.3
20.337500	3720.5
20.341250	3753.7
20.345000	3900.9
20.348750	3867.8
20.352500	3799.4
20.356250	4045.5
20.360000	4035.6
20.363750	4141.5
20.367500	4126.8
20.371250	4239.8
20.375000	4258.2
20.378750	4414.9
20.382500	4402.1
20.386250	4397.2
20.390000	4456.0
20.393750	4507.7
20.397500	4554.6
20.401250	4499.1
20.405000	4527.5
20.408750	4590.7
20.412500	4573.8
20.416250	4659.2
20.420000	4650.2
20.423750	4456.0
20.427500	4517.1
20.431250	4559.1
20.435000	4485.5
20.438750	4487.6
20.442500	4463.5
20.446250	4354.0
20.450000	4270.8
20.453750	4318.6
20.457500	4336.5
20.461250	4248.2
20.465000	4130.7
20.468750	4114.6
20.472500	4079.0
20.476250	4089.9
20.480000	3916.6
20.483750	3887.0
20.487500	3771.5
20.491250	3823.2
20.495000	3689.8
20.498750	3555.9
20.502500	3638.3
20.506250	3515.4
20.510000	3569.5
20.513750	3547.7
20.517500	3412.9
20.521250	3488.5
20.525000	3382.4
20.528750	3259.3
20.532500	3163.7
20.536250	3115.0
20.540000	3180.6
20.543750	3170.3
20.547500	3019.9
20.551250	2988.6
20.555000	2974.8
20.558750	2898.3
20.562500	2967.4
20.566250	3017.7
20.570000	2874.1
20.573750	2825.9
20.577500	2879.4
20.581250	2910.1
20.585000	2928.9
20.588750	2856.9
20.592500	2856.9
20.596250	2962.7
20.600000	2771.2
20.603750	2802.4
20.607500	2855.7
20.611250	2712.2
20.615000	2816.3
20.618750	2758.6
20.622500	2657.1
20.626250	2686.0
20.630000	2607.9
20.633750	2589.5
20.637500	2550.5
20.641250	2545.0
20.645000	2462.9
20.648750	2626.6
20.652500	2538.8
20.656250	2446.0
20.660000	2481.9
20.663750	2319.9
20.667500	2318.6
20.671250	2364.5
20.675000	2334.5
20.678750	2403.9
20.682500	2476.8
20.686250	2345.7
20.690000	2336.3
20.693750	2454.1
20.697500	2368.8
20.701250	2416.8
20.705000	2315.5
20.708750	2333.1
20.712500	2374.3
20.716250	2335.5
20.720000	2262.7
20.723750	2385.6
20.727500	2319.2
20.731250	2235.6
20.735000	2385.6
20.738750	2343.5
20.742500	2337.9
20.746250	2282.0
20.750000	2251.9
20.753750	2281.2
20.757500	2250.9
20.761250	2321.5
20.765000	2345.3
20.768750	2265.3
20.772500	2323.4
20.776250	2277.2
20.780000	2321.7
20.783750	2266.6
20.787500	2283.9
20.791250	2400.8
20.795000	2339.1
20.798750	2297.4
20.802500	2286.2
20.806250	2320.6
20.810000	2397.6
20.813750	2327.2
20.817500	2317.0
20.821250	2309.2
20.825000	2329.9
20.828750	2309.2
20.832500	2253.8
20.836250	2390.7
20.840000	2346.8
20.843750	2212.8
20.847500	2327.0
20.851250	2310.6
20.855000	2410.1
20.858750	2302.8
20.862500	2266.4
20.866250	2295.0
20.870000	2394.9
20.873750	2271.6
20.877500	2364.9
20.881250	2352.7
20.885000	2340.5
20.888750	2394.3
20.892500	2426.4
20.896250	2319.4
20.900000	2382.1
20.903750	2352.8
20.907500	2445.1
20.911250	2518.3
20.915000	2335.6
20.918750	2420.5
20.922500	2385.6
20.926250	2476.1
20.930000	2427.2
20.933750	2423.5
20.937500	2468.0
20.941250	2417.7
20.945000	2527.0
20.948750	2469.1
20.952500	2384.7
20.956250	2407.5
20.960000	2409.9
20.963750	2439.3
20.967500	2439.1
20.971250	2381.8
20.975000	2357.4
20.978750	2360.1
20.982500	2444.8
20.986250	2407.2
20.990000	2411.9
20.993750	2324.4
20.997500	2250.4
21.001250	2403.4
21.005000	2306.8
21.008750	2363.3
21.012500	2346.7
21.016250	2329.1
21.020000	2306.2
21.023750	2299.5
21.027500	2318.2
21.031250	2391.7
21.035000	2403.8
21.038750	2331.6
21.042500	2223.6
21.046250	2418.6
21.050000	2147.2
21.053750	2154.9
21.057500	2399.3
21.061250	2359.7
21.065000	2246.3
21.068750	2394.6
21.072500	2327.6
21.076250	2229.4
21.080000	2258.5
21.083750	2220.7
21.087500	2200.1
21.091250	2222.4
21.095000	2326.9
21.098750	2122.1
21.102500	2196.6
21.106250	2163.0
21.110000	2330.7
21.113750	2369.8
21.117500	2162.6
21.121250	2246.8
21.125000	2177.4
21.128750	2257.1
21.132500	2276.9
21.136250	2241.1
21.140000	2324.9
21.143750	2130.4
21.147500	2294.5
21.151250	2182.5
21.155000	2239.6
21.158750	2176.2
21.162500	2223.9
21.166250	2211.3
21.170000	2164.8
21.173750	2212.9
21.177500	2171.2
21.181250	2227.9
21.185000	2229.6
21.188750	2209.0
21.192500	2281.4
21.196250	2221.7
21.200000	2173.2
21.203750	2167.6
21.207500	2135.2
21.211250	2218.2
21.215000	2188.1
21.218750	2105.6
21.222500	2169.6
21.226250	2153.7
21.230000	2166.0
21.233750	2166.6
21.237500	2181.7
21.241250	2179.1
21.245000	2171.5
21.248750	2223.7
21.252500	2213.5
21.256250	2125.2
21.260000	2184.4
21.263750	2158.8
21.267500	2215.6
21.271250	2193.2
21.275000	2129.2
21.278750	2237.6
21.282500	2147.2
21.286250	2140.8
21.290000	2194.9
21.293750	2136.8
21.297500	2162.4
21.301250	2193.3
21.305000	2197.6
21.308750	2172.7
21.312500	2139.8
21.316250	2109.2
21.320000	2165.1
21.323750	2109.5
21.327500	2049.3
21.331250	2154.2
21.335000	2120.0
21.338750	2060.8
21.342500	2133.0
21.346250	2149.4
21.350000	2195.7
21.353750	2234.6
21.357500	2113.0
21.361250	2142.7
21.365000	2135.0
21.368750	2114.7
21.372500	2121.8
21.376250	2069.1
21.380000	2124.3
21.383750	2138.8
21.387500	2122.5
21.391250	2140.0
21.395000	2199.4
21.398750	2134.1
21.402500	2133.5
21.406250	2207.9
21.410000	2273.6
21.413750	2242.5
21.417500	2292.7
21.421250	2345.5
21.425000	2251.3
21.428750	2293.2
21.432500	2380.9
21.436250	2357.6
21.440000	2442.3
21.443750	2517.8
21.447500	2612.4
21.451250	2641.9
21.455000	2695.7
21.458750	2642.1
21.462500	2701.7
21.466250	2635.6
21.470000	2616.3
21.473750	2499.1
21.477500	2548.2
21.481250	2428.5
21.485000	2334.7
21.488750	2259.6
21.492500	2257.6
21.496250	2212.7
21.500000	2194.8
21.503750	2135.5
21.507500	2175.0
21.511250	2117.4
21.515000	2152.3
21.518750	2205.6
21.522500	2021.0
21.526250	2152.5
21.530000	2149.7
21.533750	2161.6
21.537500	2097.3
21.541250	2087.0
21.545000	2196.0
21.548750	2056.1
21.552500	2076.1
21.556250	2135.0
21.560000	2105.7
21.563750	2224.4
21.567500	2076.0
21.571250	2077.6
21.575000	2162.2
21.578750	2165.2
21.582500	2108.7
21.586250	2141.5
21.590000	2093.5
21.593750	2130.8
21.597500	2144.1
21.601250	2085.6
21.605000	2082.0
21.608750	2138.9
21.612500	2111.9
21.616250	2117.2
21.620000	2071.1
21.623750	2091.1
21.627500	2060.4
21.631250	2106.0
21.635000	2025.1
21.638750	2067.7
21.642500	2087.4
21.646250	2126.3
21.650000	2141.5
21.653750	2136.8
21.657500	2112.6
21.661250	2132.0
21.665000	2176.4
21.668750	2174.9
21.672500	2144.1
21.676250	2133.0
21.680000	2126.7
21.683750	2089.6
21.687500	2136.0
21.691250	2112.9
21.695000	2103.6
21.698750	2101.1
21.702500	2141.0
21.706250	2103.8
21.710000	2057.4
21.713750	2163.5
21.717500	2172.8
21.721250	2172.1
21.725000	2114.0
21.728750	2154.8
21.732500	2161.1
21.736250	2093.1
21.740000	2183.8
21.743750	2144.5
21.747500	2171.0
21.751250	2021.6
21.755000	2058.6
21.758750	2122.2
21.762500	2226.7
21.766250	2131.4
21.770000	2096.2
21.773750	2095.1
21.777500	2097.9
21.781250	2129.0
21.785000	2161.7
21.788750	2157.6
21.792500	2130.8
21.796250	2092.1
21.800000	2122.4
21.803750	2022.3
21.807500	2138.0
21.811250	2189.5
21.815000	2182.4
21.818750	2163.4
21.822500	2136.9
21.826250	2163.6
21.830000	2203.9
21.833750	2184.8
21.837500	2265.2
21.841250	2147.6
21.845000	2171.1
21.848750	2185.1
21.852500	2154.0
21.856250	2063.8
21.860000	2090.8
21.863750	2183.6
21.867500	2146.3
21.871250	2112.4
21.875000	2182.3
21.878750	2185.4
21.882500	2212.9
21.886250	2210.9
21.890000	2191.3
21.893750	2226.4
21.897500	2291.5
21.901250	2264.9
21.905000	2191.0
21.908750	2273.1
21.912500	2231.7
21.916250	2265.3
21.920000	2224.5
21.923750	2213.9
21.927500	2264.0
21.931250	2311.8
21.935000	2271.9
21.938750	2255.8
21.942500	2223.4
21.946250	2244.6
21.950000	2216.8
21.953750	2351.5
21.957500	2325.7
21.961250	2226.9
21.965000	2266.8
21.968750	2162.0
21.972500	2256.5
21.976250	2302.5
21.980000	2224.6
21.983750	2249.2
21.987500	2417.0
21.991250	2252.2
21.995000	2313.1
21.998750	2239.4
22.002500	2312.8
22.006250	2275.2
22.010000	2361.1
22.013750	2327.9
22.017500	2262.1
22.021250	2319.1
22.025000	2263.2
22.028750	2317.6
22.032500	2411.3
22.036250	2246.7
22.040000	2355.2
22.043750	2415.7
22.047500	2391.6
22.051250	2445.5
22.055000	2429.7
22.058750	2366.8
22.062500	2410.6
22.066250	2403.6
22.070000	2430.4
22.073750	2345.4
22.077500	2368.0
22.081250	2416.4
22.085000	2504.6
22.088750	2481.2
22.092500	2380.9
22.096250	2469.8
22.100000	2408.2
22.103750	2412.2
22.107500	2565.6
22.111250	2412.5
22.115000	2404.3
22.118750	2330.0
22.122500	2419.8
22.126250	2383.0
22.130000	2452.4
22.133750	2489.6
22.137500	2424.1
22.141250	2376.9
22.145000	2401.8
22.148750	2451.4
22.152500	2410.0
22.156250	2487.2
22.160000	2554.8
22.163750	2468.9
22.167500	2455.9
22.171250	2551.2
22.175000	2541.6
22.178750	2474.1
22.182500	2539.7
22.186250	2547.4
22.190000	2595.2
22.193750	2574.3
22.197500	2497.0
22.201250	2657.2
22.205000	2640.1
22.208750	2700.1
22.212500	2597.8
22.216250	2670.0
22.220000	2687.0
22.223750	2756.0
22.227500	2774.5
22.231250	2719.2
22.235000	2811.5
22.238750	2824.4
22.242500	2816.8
22.246250	2942.2
22.250000	3008.9
22.253750	2984.0
22.257500	2966.3
22.261250	3077.6
22.265000	3007.7
22.268750	3145.6
22.272500	3141.7
22.276250	3229.6
22.280000	3403.6
22.283750	3408.8
22.287500	3405.2
22.291250	3351.4
22.295000	3450.5
22.298750	3666.4
22.302500	3697.3
22.306250	3699.5
22.310000	3692.3
22.313750	3765.3
22.317500	3911.2
22.321250	3972.0
22.325000	4045.9
22.328750	4057.6
22.332500	4179.5
22.336250	4223.3
22.340000	4181.7
22.343750	4273.6
22.347500	4326.7
22.351250	4312.9
22.355000	4375.1
22.358750	4351.8
22.362500	4361.9
22.366250	4514.8
22.370000	4369.5
22.373750	4363.0
22.377500	4359.8
22.381250	4257.9
22.385000	4338.4
22.388750	4286.5
22.392500	4309.4
22.396250	4384.1
22.400000	4181.8
22.403750	4104.6
22.407500	4098.5
22.411250	4111.4
22.415000	4035.9
22.418750	4018.5
22.422500	3912.0
22.426250	3902.8
22.430000	3785.9
22.433750	3910.3
22.437500	3737.8
22.441250	3671.5
22.445000	3547.9
22.448750	3495.0
22.452500	3537.6
22.456250	3505.4
22.460000	3391.7
22.463750	3383.8
22.467500	3444.7
22.471250	3276.0
22.475000	3266.1
22.478750	3277.6
22.482500	3201.4
22.486250	3097.8
22.490000	3150.8
22.493750	3045.1
22.497500	3045.6
22.501250	3055.0
22.505000	2887.9
22.508750	2900.1
22.512500	2920.8
22.516250	2891.3
22.520000	2833.5
22.523750	2729.5
22.527500	2734.4
22.531250	2579.5
22.535000	2814.1
22.538750	2648.0
22.542500	2644.5
22.546250	2623.3
22.550000	2631.4
22.553750	2628.1
22.557500	2549.2
22.561250	2480.4
22.565000	2453.1
22.568750	2586.5
22.572500	2462.9
22.576250	2474.7
22.580000	2361.1
22.583750	2389.7
22.587500	2348.3
22.591250	2368.6
22.595000	2345.9
22.598750	2313.6
22.602500	2245.7
22.606250	2208.2
22.610000	2163.6
22.613750	2270.1
22.617500	2294.4
22.621250	2352.4
22.625000	2209.8
22.628750	2200.3
22.632500	2301.7
22.636250	2188.1
22.640000	2241.0
22.643750	2123.4
22.647500	2083.2
22.651250	2144.3
22.655000	2132.7
22.658750	2187.7
22.662500	2152.5
22.666250	2114.8
22.670000	2116.1
22.673750	2192.1
22.677500	2109.7
22.681250	2045.8
22.685000	2038.0
22.688750	2075.6
22.692500	2164.5
22.696250	2124.3
22.700000	2129.5
22.703750	2129.6
22.707500	2074.3
22.711250	2084.1
22.715000	2034.5
22.718750	2102.5
22.722500	2027.0
22.726250	2010.8
22.730000	2015.4
22.733750	2089.0
22.737500	2065.7
22.741250	2058.5
22.745000	2113.5
22.748750	1997.7
22.752500	1999.6
22.756250	2073.1
22.760000	2057.5
22.763750	2029.0
22.767500	2036.5
22.771250	2062.9
22.775000	2020.2
22.778750	2015.0
22.782500	1973.3
22.786250	1912.9
22.790000	1978.4
22.793750	1984.6
22.797500	1927.7
22.801250	2042.6
22.805000	1944.1
22.808750	1970.3
22.812500	2037.6
22.816250	1966.2
22.820000	1915.3
22.823750	1948.6
22.827500	1992.0
22.831250	2011.2
22.835000	1953.8
22.838750	1931.4
22.842500	1885.3
22.846250	1953.5
22.850000	1967.0
22.853750	1921.0
22.857500	1915.5
22.861250	1958.1
22.865000	1913.1
22.868750	1975.1
22.872500	1927.5
22.876250	1837.9
22.880000	1808.3
22.883750	1917.5
22.887500	1946.4
22.891250	1910.7
22.895000	1904.7
22.898750	1885.8
22.902500	1869.0
22.906250	1946.4
22.910000	1930.0
22.913750	1901.5
22.917500	1869.0
22.921250	1971.1
22.925000	1924.9
22.928750	1907.8
22.932500	1894.5
22.936250	1900.0
22.940000	1891.5
22.943750	1887.8
22.947500	1970.0
22.951250	1957.8
22.955000	1907.1
22.958750	1821.7
22.962500	1850.9
22.966250	1945.4
22.970000	1913.9
22.973750	1934.1
22.977500	1929.0
22.981250	1896.4
22.985000	1911.0
22.988750	1921.6
22.992500	1947.2
22.996250	1895.1
23.000000	1892.7
23.003750	1929.9
23.007500	1919.4
23.011250	1898.7
23.015000	1951.8
23.018750	1960.8
23.022500	1913.0
23.026250	1920.8
23.030000	2021.2
23.033750	2089.4
23.037500	2021.3
23.041250	2076.0
23.045000	2098.3
23.048750	2125.7
23.052500	2277.3
23.056250	2230.8
23.060000	2255.0
23.063750	2291.7
23.067500	2409.7
23.071250	2431.6
23.075000	2392.9
23.078750	2314.2
23.082500	2334.5
23.086250	2262.9
23.090000	2157.8
23.093750	2121.2
23.097500	2029.1
23.101250	2057.1
23.105000	2017.8
23.108750	1972.1
23.112500	1971.5
23.116250	1885.6
23.120000	1905.3
23.123750	1902.6
23.127500	1872.4
23.131250	1869.5
23.135000	1924.7
23.138750	1833.6
23.142500	1843.5
23.146250	1840.2
23.150000	1826.1
23.153750	1838.7
23.157500	1810.4
23.161250	1818.5
23.165000	1888.9
23.168750	1862.2
23.172500	1859.7
23.176250	1855.2
23.180000	1817.3
23.183750	1857.8
23.187500	1783.2
23.191250	1795.4
23.195000	1828.1
23.198750	1788.8
23.202500	1809.2
23.206250	1800.3
23.210000	1799.4
23.213750	1895.3
23.217500	1852.5
23.221250	1809.1
23.225000	1806.4
23.228750	1845.0
23.232500	1825.7
23.236250	1828.2
23.240000	1749.4
23.243750	1861.7
23.247500	1834.5
23.251250	1747.8
23.255000	1883.3
23.258750	1898.9
23.262500	1828.4
23.266250	1803.2
23.270000	1802.4
23.273750	1853.1
23.277500	1823.1
23.281250	1878.6
23.285000	1758.7
23.288750	1862.9
23.292500	1777.5
23.296250	1789.5
23.300000	1832.5
23.303750	1738.8
23.307500	1834.8
23.311250	1761.8
23.315000	1738.8
23.318750	1792.5
23.322500	1867.9
23.326250	1815.7
23.330000	1854.3
23.333750	1807.7
23.337500	1866.0
23.341250	1863.2
23.345000	1790.3
23.348750	1898.5
23.352500	1842.8
23.356250	1796.0
23.360000	1780.5
23.363750	1784.9
23.367500	1833.6
23.371250	1832.5
23.375000	1806.6
23.378750	1803.0
23.382500	1877.0
23.386250	1798.0
23.390000	1807.4
23.393750	1769.7
23.397500	1754.7
23.401250	1779.4
23.405000	1757.4
23.408750	1792.9
23.412500	1831.5
23.416250	1820.6
23.420000	1792.4
23.423750	1920.1
23.427500	1946.5
23.431250	1991.8
23.435000	2034.1
23.438750	2079.8
23.442500	2162.9
23.446250	2168.0
23.450000	2235.7
23.453750	2278.4
23.457500	2211.8
23.461250	2097.7
23.465000	2025.7
23.468750	1944.1
23.472500	1865.6
23.476250	1780.5
23.480000	1806.0
23.483750	1809.6
23.487500	1713.9
23.491250	1769.7
23.495000	1749.9
23.498750	1788.5
23.502500	1810.8
23.506250	1861.1
23.510000	1788.1
23.513750	1766.5
23.517500	1767.6
23.521250	1805.2
23.525000	1751.9
23.528750	1782.2
23.532500	1754.3
23.536250	1811.4
23.540000	1813.7
23.543750	1727.8
23.547500	1812.1
23.551250	1856.7
23.555000	1831.6
23.558750	1822.7
23.562500	1789.3
23.566250	1851.2
23.570000	1820.2
23.573750	1840.8
23.577500	1760.7
23.581250	1784.8
23.585000	1796.8
23.588750	1719.3
23.592500	1790.9
23.596250	1796.3
23.600000	1793.7
23.603750	1808.1
23.607500	1786.2
23.611250	1808.9
23.615000	1843.6
23.618750	1871.6
23.622500	1821.2
23.626250	1828.1
23.630000	1773.1
23.633750	1722.9
23.637500	1775.9
23.641250	1830.5
23.645000	1890.2
23.648750	1855.4
23.652500	1747.5
23.656250	1823.6
23.660000	1811.6
23.663750	1715.6
23.667500	1821.1
23.671250	1797.0
23.675000	1717.1
23.678750	1825.4
23.682500	1743.0
23.686250	1732.6
23.690000	1854.1
23.693750	1705.9
23.697500	1745.0
23.701250	1745.4
23.705000	1772.4
23.708750	1760.3
23.712500	1812.9
23.716250	1776.8
23.720000	1765.0
23.723750	1800.4
23.727500	1771.1
23.731250	1742.1
23.735000	1790.3
23.738750	1756.6
23.742500	1703.6
23.746250	1803.4
23.750000	1737.4
23.753750	1732.3
23.757500	1706.0
23.761250	1805.1
23.765000	1861.4
23.768750	1754.2
23.772500	1785.3
23.776250	1832.0
23.780000	1776.9
23.783750	1770.0
23.787500	1842.5
23.791250	1775.6
23.795000	1791.5
23.798750	1825.7
23.802500	1743.1
23.806250	1801.3
23.810000	1804.0
23.813750	1973.9
23.817500	1890.0
23.821250	1864.0
23.825000	1886.0
23.828750	1960.7
23.832500	1982.1
23.836250	2021.8
23.840000	2057.8
23.843750	2028.1
23.847500	1984.9
23.851250	2045.3
23.855000	1957.1
23.858750	1935.5
23.862500	1863.9
23.866250	1807.8
23.870000	1909.6
23.873750	1823.9
23.877500	1795.3
23.881250	1809.6
23.885000	1791.0
23.888750	1811.3
23.892500	1743.7
23.896250	1710.5
23.900000	1728.3
23.903750	1745.9
23.907500	1746.9
23.911250	1755.3
23.915000	1701.6
23.918750	1784.6
23.922500	1746.6
23.926250	1810.9
23.930000	1744.3
23.933750	1692.1
23.937500	1707.1
23.941250	1796.0
23.945000	1760.5
23.948750	1726.1
23.952500	1774.4
23.956250	1834.7
23.960000	1784.5
23.963750	1756.3
23.967500	1790.2
23.971250	1811.4
23.975000	1728.9
23.978750	1788.2
23.982500	1747.6
23.986250	1832.6
23.990000	1778.4
23.993750	1702.8
23.997500	1755.3
24.001250	1793.2
24.005000	1788.1
24.008750	1787.3
24.012500	1829.6
24.016250	1719.9
24.020000	1800.1
24.023750	1737.6
24.027500	1874.8
24.031250	1828.6
24.035000	1802.2
24.038750	1854.2
24.042500	1771.7
24.046250	1809.5
24.050000	1765.9
24.053750	1824.9
24.057500	1797.8
24.061250	1782.0
24.065000	1837.5
24.068750	1873.6
24.072500	1754.6
24.076250	1829.5
24.080000	1890.1
24.083750	1818.1
24.087500	1850.0
24.091250	1873.0
24.095000	1953.7
24.098750	1867.6
24.102500	1880.8
24.106250	1896.4
24.110000	1919.7
24.113750	1854.1
24.117500	1937.2
24.121250	1999.5
24.125000	1946.6
24.128750	1958.5
24.132500	1896.5
24.136250	1936.5
24.140000	1963.4
24.143750	1918.3
24.147500	1888.0
24.151250	1934.8
24.155000	1933.5
24.158750	1930.2
24.162500	1991.7
24.166250	1948.1
24.170000	1994.4
24.173750	2057.5
24.177500	2079.3
24.181250	2016.6
24.185000	1957.0
24.188750	1944.4
24.192500	2015.0
24.196250	1979.8
24.200000	1926.4
24.203750	2091.5
24.207500	2110.0
24.211250	2058.6
24.215000	2009.5
24.218750	1922.6
24.222500	1962.7
24.226250	2055.5
24.230000	1965.4
24.233750	2022.8
24.237500	2014.2
24.241250	1981.8
24.245000	1973.2
24.248750	1861.5
24.252500	1861.0
24.256250	1906.5
24.260000	1966.3
24.263750	1942.5
24.267500	1912.2
24.271250	1888.7
24.275000	1892.1
24.278750	1883.5
24.282500	1863.5
24.286250	1839.6
24.290000	1773.1
24.293750	1895.1
24.297500	1845.6
24.301250	1886.0
24.305000	1830.9
24.308750	1827.1
24.312500	1845.9
24.316250	1792.3
24.320000	1788.5
24.323750	1778.0
24.327500	1841.8
24.331250	1752.5
24.335000	1770.6
24.338750	1795.9
24.342500	1767.3
24.346250	1741.8
24.350000	1776.9
24.353750	1766.5
24.357500	1736.7
24.361250	1748.2
24.365000	1781.6
24.368750	1728.4
24.372500	1747.8
24.376250	1724.7
24.380000	1700.2
24.383750	1757.2
24.387500	1734.0
24.391250	1666.2
24.395000	1602.2
24.398750	1682.8
24.402500	1757.7
24.406250	1699.6
24.410000	1692.3
24.413750	1651.8
24.417500	1746.1
24.421250	1752.9
24.425000	1698.1
24.428750	1679.6
24.432500	1668.5
24.436250	1627.0
24.440000	1745.6
24.443750	1719.4
24.447500	1662.8
24.451250	1613.0
24.455000	1637.4
24.458750	1682.5
24.462500	1687.5
24.466250	1602.6
24.470000	1628.2
24.473750	1655.9
24.477500	1655.7
24.481250	1629.9
24.485000	1674.0
24.488750	1735.3
24.492500	1660.3
24.496250	1604.3
24.500000	1592.9
24.503750	1588.6
24.507500	1611.6
24.511250	1637.0
24.515000	1649.5
24.518750	1633.3
24.522500	1666.5
24.526250	1646.5
24.530000	1662.1
24.533750	1636.6
24.537500	1664.9
24.541250	1673.9
24.545000	1725.2
24.548750	1579.3
24.552500	1680.3
24.556250	1661.3
24.560000	1609.0
24.563750	1651.8
24.567500	1627.3
24.571250	1658.9
24.575000	1647.1
24.578750	1616.1
24.582500	1574.4
24.586250	1660.0
24.590000	1631.4
24.593750	1605.7
24.597500	1629.0
24.601250	1648.2
24.605000	1599.5
24.608750	1699.1
24.612500	1621.8
24.616250	1615.7
24.620000	1652.8
24.623750	1688.8
24.627500	1709.5
24.631250	1587.5
24.635000	1585.2
24.638750	1638.7
24.642500	1636.0
24.646250	1581.5
24.650000	1623.3
24.653750	1600.7
24.657500	1581.6
24.661250	1662.2
24.665000	1673.0
24.668750	1617.6
24.672500	1643.2
24.676250	1658.1
24.680000	1560.2
24.683750	1630.0
24.687500	1580.7
24.691250	1621.2
24.695000	1596.6
24.698750	1665.5
24.702500	1621.9
24.706250	1631.7
24.710000	1606.0
24.713750	1672.3
24.717500	1636.7
24.721250	1629.5
24.725000	1662.7
24.728750	1606.7
24.732500	1653.5
24.736250	1729.9
24.740000	1655.1
24.743750	1604.5
24.747500	1655.7
24.751250	1579.8
24.755000	1609.0
24.758750	1623.8
24.762500	1652.3
24.766250	1627.7
24.770000	1667.9
24.773750	1613.5
24.777500	1591.5
24.781250	1609.4
24.785000	1557.2
24.788750	1633.6
24.792500	1608.1
24.796250	1582.9
24.800000	1644.2
24.803750	1622.3
24.807500	1543.3
24.811250	1557.4
24.815000	1634.0
24.818750	1671.8
24.822500	1551.0
24.826250	1550.8
24.830000	1552.9
24.833750	1631.8
24.837500	1620.7
24.841250	1557.6
24.845000	1602.0
24.848750	1561.0
24.852500	1545.3
24.856250	1577.4
24.860000	1536.3
24.863750	1515.1
24.867500	1563.2
24.871250	1603.5
24.875000	1551.8
24.878750	1535.9
24.882500	1506.2
24.886250	1467.7
24.890000	1605.2
24.893750	1613.0
24.897500	1488.5
24.901250	1562.7
24.905000	1662.8
24.908750	1537.1
24.912500	1584.2
24.916250	1509.3
24.920000	1461.2
24.923750	1461.2
24.927500	1574.8
24.931250	1556.9
24.935000	1489.2
24.938750	1539.2
24.942500	1553.7
24.946250	1517.1
24.950000	1536.4
24.953750	1563.5
24.957500	1618.8
24.961250	1568.6
24.965000	1441.0
24.968750	1509.9
24.972500	1660.5
24.976250	1629.2
24.980000	1530.7
24.983750	1545.5
24.987500	1591.0
24.991250	1566.9
24.995000	1588.1
24.998750	1526.5
25.002500	1482.4
25.006250	1549.1
25.010000	1559.4
25.013750	1549.7
25.017500	1569.0
25.021250	1478.5
25.025000	1541.3
25.028750	1517.1
25.032500	1553.5
25.036250	1498.2
25.040000	1536.7
25.043750	1512.7
25.047500	1508.4
25.051250	1603.6
25.055000	1613.3
25.058750	1605.4
25.062500	1559.0
25.066250	1551.6
25.070000	1572.2
25.073750	1582.4
25.077500	1565.8
25.081250	1490.8
25.085000	1571.9
25.088750	1532.8
25.092500	1512.4
25.096250	1560.7
25.100000	1499.7
25.103750	1554.5
25.107500	1551.9
25.111250	1508.6
25.115000	1476.4
25.118750	1551.5
25.122500	1533.2
25.126250	1554.6
25.130000	1572.3
25.133750	1585.2
25.137500	1592.9
25.141250	1564.3
25.145000	1519.2
25.148750	1567.8
25.152500	1556.7
25.156250	1529.9
25.160000	1559.9
25.163750	1495.7
25.167500	1528.0
25.171250	1597.4
25.175000	1597.2
25.178750	1564.4
25.182500	1535.3
25.186250	1548.7
25.190000	1524.9
25.193750	1539.9
25.197500	1554.9
25.201250	1606.2
25.205000	1573.8
25.208750	1634.0
25.212500	1564.0
25.216250	1542.2
25.220000	1544.4
25.223750	1553.4
25.227500	1515.8
25.231250	1505.4
25.235000	1496.6
25.238750	1542.8
25.242500	1608.9
25.246250	1538.8
25.250000	1557.2
25.253750	1499.1
25.257500	1576.1
25.261250	1619.2
25.265000	1521.3
25.268750	1556.7
25.272500	1601.8
25.276250	1623.3
25.280000	1738.2
25.283750	1765.2
25.287500	1763.3
25.291250	1845.7
25.295000	1806.1
25.298750	1874.3
25.302500	1847.7
25.306250	1766.7
25.310000	1774.4
25.313750	1679.3
25.317500	1582.2
25.321250	1554.1
25.325000	1532.4
25.328750	1600.5
25.332500	1520.1
25.336250	1498.1
25.340000	1547.1
25.343750	1536.3
25.347500	1505.2
25.351250	1553.1
25.355000	1546.5
25.358750	1570.5
25.362500	1536.4
25.366250	1518.7
25.370000	1524.0
25.373750	1550.1
25.377500	1565.2
25.381250	1557.0
25.385000	1508.0
25.388750	1517.6
25.392500	1530.6
25.396250	1496.0
25.400000	1477.4
25.403750	1546.3
25.407500	1525.0
25.411250	1428.3
25.415000	1515.7
25.418750	1500.3
25.422500	1513.8
25.426250	1499.3
25.430000	1533.7
25.433750	1445.0
25.437500	1527.0
25.441250	1556.3
25.445000	1565.5
25.448750	1569.8
25.452500	1494.0
25.456250	1543.7
25.460000	1547.0
25.463750	1502.5
25.467500	1495.9
25.471250	1550.6
25.475000	1638.8
25.478750	1495.5
25.482500	1527.0
25.486250	1530.7
25.490000	1496.0
25.493750	1522.2
25.497500	1570.4
25.501250	1475.4
25.505000	1449.7
25.508750	1572.6
25.512500	1454.4
25.516250	1603.6
25.520000	1648.4
25.523750	1581.6
25.527500	1574.3
25.531250	1545.5
25.535000	1487.7
25.538750	1483.0
25.542500	1554.1
25.546250	1590.9
25.550000	1561.7
25.553750	1544.0
25.557500	1501.0
25.561250	1475.1
25.565000	1569.1
25.568750	1494.4
25.572500	1464.8
25.576250	1451.1
25.580000	1456.9
25.583750	1455.7
25.587500	1475.7
25.591250	1522.3
25.595000	1559.6
25.598750	1566.9
25.602500	1530.6
25.606250	1602.6
25.610000	1555.9
25.613750	1580.5
25.617500	1660.4
25.621250	1535.1
25.625000	1483.9
25.628750	1531.0
25.632500	1585.5
25.636250	1472.6
25.640000	1442.5
25.643750	1533.4
25.647500	1469.2
25.651250	1500.8
25.655000	1465.8
25.658750	1445.7
25.662500	1551.4
25.666250	1592.4
25.670000	1551.9
25.673750	1553.9
25.677500	1528.9
25.681250	1422.6
25.685000	1497.2
25.688750	1603.2
25.692500	1548.7
25.696250	1494.3
25.700000	1531.9
25.703750	1568.6
25.707500	1556.6
25.711250	1491.7
25.715000	1497.3
25.718750	1466.1
25.722500	1532.2
25.726250	1587.7
25.730000	1557.6
25.733750	1538.4
25.737500	1550.8
25.741250	1512.1
25.745000	1490.3
25.748750	1567.1
25.752500	1584.8
25.756250	1533.7
25.760000	1515.9
25.763750	1518.8
25.767500	1488.5
25.771250	1487.9
25.775000	1544.1
25.778750	1533.0
25.782500	1571.5
25.786250	1651.1
25.790000	1642.3
25.793750	1666.3
25.797500	1625.1
25.801250	1663.2
25.805000	1653.7
25.808750	1617.2
25.812500	1604.5
25.816250	1564.1
25.820000	1509.3
25.823750	1513.5
25.827500	1511.5
25.831250	1478.0
25.835000	1481.6
25.838750	1520.7
25.842500	1516.2
25.846250	1521.4
25.850000	1469.9
25.853750	1454.1
25.857500	1497.8
25.861250	1550.0
25.865000	1497.6
25.868750	1426.2
25.872500	1511.4
25.876250	1489.6
25.880000	1470.5
25.883750	1553.3
25.887500	1486.7
25.891250	1480.2
25.895000	1469.6
25.898750	1474.4
25.902500	1482.6
25.906250	1479.6
25.910000	1512.7
25.913750	1502.8
25.917500	1476.0
25.921250	1511.1
25.925000	1451.9
25.928750	1475.2
25.932500	1470.0
25.936250	1451.6
25.940000	1501.1
25.943750	1482.7
25.947500	1496.7
25.951250	1510.3
25.955000	1498.7
25.958750	1542.6
25.962500	1541.9
25.966250	1506.4
25.970000	1531.8
25.973750	1597.0
25.977500	1638.7
25.981250	1604.8
25.985000	1624.4
25.988750	1604.4
25.992500	1671.8
25.996250	1695.3
26.000000	1658.7
26.003750	1819.3
26.007500	1778.5
26.011250	1691.9
26.015000	1800.3
26.018750	1791.3
26.022500	1653.9
26.026250	1680.8
26.030000	1697.3
26.033750	1617.3
26.037500	1623.9
26.041250	1625.6
26.045000	1562.1
26.048750	1490.7
26.052500	1608.3
26.056250	1531.6
26.060000	1489.5
26.063750	1547.3
26.067500	1474.8
26.071250	1490.9
26.075000	1443.9
26.078750	1417.1
26.082500	1524.0
26.086250	1621.5
26.090000	1511.0
26.093750	1463.2
26.097500	1474.4
26.101250	1449.3
26.105000	1455.3
26.108750	1454.3
26.112500	1482.4
26.116250	1478.0
26.120000	1497.6
26.123750	1459.6
26.127500	1389.3
26.131250	1491.5
26.135000	1485.3
26.138750	1412.8
26.142500	1411.3
26.146250	1485.1
26.150000	1469.2
26.153750	1504.1
26.157500	1467.5
26.161250	1480.0
26.165000	1447.6
26.168750	1441.4
26.172500	1505.6
26.176250	1466.5
26.180000	1477.6
26.183750	1471.9
26.187500	1419.9
26.191250	1570.9
26.195000	1453.9
26.198750	1486.4
26.202500	1483.6
26.206250	1495.8
26.210000	1510.3
26.213750	1470.2
26.217500	1464.7
26.221250	1480.4
26.225000	1452.9
26.228750	1518.0
26.232500	1463.8
26.236250	1505.3
26.240000	1444.0
26.243750	1484.1
26.247500	1475.1
26.251250	1443.6
26.255000	1368.4
26.258750	1445.5
26.262500	1444.4
26.266250	1483.1
26.270000	1432.2
26.273750	1429.4
26.277500	1420.8
26.281250	1471.7
26.285000	1477.4
26.288750	1443.7
26.292500	1437.0
26.296250	1450.6
26.300000	1436.6
26.303750	1406.0
26.307500	1462.1
26.311250	1436.2
26.315000	1414.0
26.318750	1466.3
26.322500	1426.4
26.326250	1460.4
26.330000	1461.8
26.333750	1526.4
26.337500	1434.4
26.341250	1402.0
26.345000	1457.4
26.348750	1443.1
26.352500	1400.1
26.356250	1421.3
26.360000	1451.0
26.363750	1426.1
26.367500	1495.2
26.371250	1503.3
26.375000	1513.8
26.378750	1449.2
26.382500	1488.4
26.386250	1466.6
26.390000	1382.6
26.393750	1444.2
26.397500	1444.6
26.401250	1457.4
26.405000	1401.0
26.408750	1442.6
26.412500	1474.5
26.416250	1436.6
26.420000	1474.5
26.423750	1487.0
26.427500	1383.7
26.431250	1397.4
26.435000	1397.8
26.438750	1439.9
26.442500	1469.9
26.446250	1448.2
26.450000	1340.5
26.453750	1413.7
26.457500	1433.0
26.461250	1479.3
26.465000	1393.3
26.468750	1501.0
26.472500	1397.9
26.476250	1410.6
26.480000	1393.7
26.483750	1398.5
26.487500	1460.9
26.491250	1421.9
26.495000	1457.0
26.498750	1464.4
26.502500	1403.6
26.506250	1408.5
26.510000	1460.5
26.513750	1421.2
26.517500	1420.6
26.521250	1467.1
26.525000	1447.1
26.528750	1457.9
26.532500	1450.2
26.536250	1507.8
26.540000	1441.9
26.543750	1419.1
26.547500	1388.4
26.551250	1436.3
26.555000	1437.1
26.558750	1414.9
26.562500	1466.8
26.566250	1481.8
26.570000	1418.6
26.573750	1467.8
26.577500	1353.4
26.581250	1401.4
26.585000	1433.1
26.588750	1426.0
26.592500	1470.6
26.596250	1456.4
26.600000	1450.7
26.603750	1360.1
26.607500	1393.3
26.611250	1414.3
26.615000	1418.1
26.618750	1401.4
26.622500	1435.5
26.626250	1408.8
26.630000	1401.9
26.633750	1418.8
26.637500	1465.4
26.641250	1438.7
26.645000	1496.7
26.648750	1438.5
26.652500	1390.6
26.656250	1447.0
26.660000	1444.1
26.663750	1444.0
26.667500	1484.7
26.671250	1481.2
26.675000	1454.4
26.678750	1513.6
26.682500	1505.3
26.686250	1449.4
26.690000	1458.1
26.693750	1432.3
26.697500	1488.4
26.701250	1462.8
26.705000	1448.6
26.708750	1468.1
26.712500	1477.5
26.716250	1476.4
26.720000	1395.5
26.723750	1399.9
26.727500	1555.7
26.731250	1488.1
26.735000	1455.3
26.738750	1422.5
26.742500	1433.3
26.746250	1390.7
26.750000	1423.2
26.753750	1389.5
26.757500	1412.3
26.761250	1427.5
26.765000	1432.9
26.768750	1407.0
26.772500	1434.0
26.776250	1464.0
26.780000	1409.0
26.783750	1369.2
26.787500	1422.7
26.791250	1470.9
26.795000	1438.8
26.798750	1438.8
26.802500	1438.4
26.806250	1440.2
26.810000	1465.1
26.813750	1418.2
26.817500	1430.0
26.821250	1447.6
26.825000	1450.2
26.828750	1457.1
26.832500	1445.8
26.836250	1423.5
26.840000	1447.5
26.843750	1420.7
26.847500	1413.1
26.851250	1427.9
26.855000	1451.2
26.858750	1413.6
26.862500	1426.5
26.866250	1435.4
26.870000	1419.7
26.873750	1403.6
26.877500	1412.3
26.881250	1480.8
26.885000	1425.3
26.888750	1413.7
26.892500	1431.3
26.896250	1457.2
26.900000	1446.8
26.903750	1419.5
26.907500	1391.2
26.911250	1430.4
26.915000	1484.2
26.918750	1498.4
26.922500	1411.7
26.926250	1442.6
26.930000	1476.1
26.933750	1472.5
26.937500	1434.1
26.941250	1457.4
26.945000	1514.3
26.948750	1453.1
26.952500	1475.3
26.956250	1429.6
26.960000	1449.4
26.963750	1490.0
26.967500	1467.1
26.971250	1486.6
26.975000	1487.1
26.978750	1474.4
26.982500	1398.5
26.986250	1427.7
26.990000	1487.0
26.993750	1449.9
26.997500	1454.3
27.001250	1488.6
27.005000	1449.2
27.008750	1462.6
27.012500	1440.0
27.016250	1493.6
27.020000	1484.7
27.023750	1465.0
27.027500	1488.6
27.031250	1539.5
27.035000	1504.4
27.038750	1436.9
27.042500	1412.4
27.046250	1500.8
27.050000	1490.1
27.053750	1516.6
27.057500	1531.9
27.061250	1486.5
27.065000	1452.6
27.068750	1477.9
27.072500	1476.8
27.076250	1533.7
27.080000	1541.4
27.083750	1548.2
27.087500	1526.4
27.091250	1499.3
27.095000	1487.0
27.098750	1557.5
27.102500	1541.0
27.106250	1548.7
27.110000	1510.0
27.113750	1551.9
27.117500	1565.3
27.121250	1689.8
27.125000	1708.8
27.128750	1687.1
27.132500	1696.5
27.136250	1755.6
27.140000	1842.6
27.143750	1928.9
27.147500	1868.6
27.151250	1805.4
27.155000	1792.0
27.158750	1771.0
27.162500	1701.2
27.166250	1696.9
27.170000	1767.9
27.173750	1692.8
27.177500	1665.6
27.181250	1679.9
27.185000	1678.7
27.188750	1692.3
27.192500	1758.8
27.196250	1749.6
27.200000	1737.1
27.203750	1800.4
27.207500	1798.4
27.211250	1867.6
27.215000	1832.5
27.218750	1842.9
27.222500	1832.5
27.226250	1802.1
27.230000	1840.7
27.233750	1839.0
27.237500	1913.7
27.241250	1943.6
27.245000	1888.5
27.248750	1977.0
27.252500	1923.3
27.256250	1981.6
27.260000	2004.1
27.263750	2020.7
27.267500	2013.9
27.271250	2074.9
27.275000	2068.7
27.278750	2035.6
27.282500	2005.5
27.286250	1995.4
27.290000	2076.6
27.293750	2085.8
27.297500	2096.5
27.301250	2085.9
27.305000	2099.5
27.308750	2077.7
27.312500	2062.7
27.316250	2098.3
27.320000	2091.5
27.323750	2168.9
27.327500	2120.4
27.331250	2081.0
27.335000	2082.5
27.338750	2165.3
27.342500	2109.0
27.346250	2130.8
27.350000	2183.0
27.353750	2165.7
27.357500	2095.1
27.361250	2103.2
27.365000	2181.9
27.368750	2170.1
27.372500	2127.3
27.376250	2202.2
27.380000	2248.5
27.383750	2257.6
27.387500	2249.1
27.391250	2192.2
27.395000	2188.6
27.398750	2244.4
27.402500	2192.3
27.406250	2230.6
27.410000	2257.2
27.413750	2286.0
27.417500	2274.7
27.421250	2321.0
27.425000	2266.2
27.428750	2394.5
27.432500	2401.4
27.436250	2284.1
27.440000	2397.0
27.443750	2414.8
27.447500	2441.0
27.451250	2363.3
27.455000	2440.6
27.458750	2561.3
27.462500	2537.6
27.466250	2612.6
27.470000	2491.4
27.473750	2506.1
27.477500	2499.4
27.481250	2525.0
27.485000	2614.2
27.488750	2449.8
27.492500	2483.5
27.496250	2608.7
27.500000	2565.4
27.503750	2511.9
27.507500	2615.4
27.511250	2438.1
27.515000	2567.2
27.518750	2623.2
27.522500	2469.4
27.526250	2532.4
27.530000	2520.7
27.533750	2555.9
27.537500	2552.1
27.541250	2477.4
27.545000	2418.8
27.548750	2419.8
27.552500	2385.9
27.556250	2327.1
27.560000	2402.3
27.563750	2289.2
27.567500	2309.6
27.571250	2419.5
27.575000	2272.9
27.578750	2272.7
27.582500	2298.9
27.586250	2201.5
27.590000	2227.3
27.593750	2065.9
27.597500	2125.9
27.601250	2112.8
27.605000	2106.6
27.608750	2061.6
27.612500	2028.8
27.616250	1980.4
27.620000	1930.1
27.623750	2002.6
27.627500	1917.2
27.631250	1961.1
27.635000	1877.7
27.638750	1879.2
27.642500	1928.9
27.646250	1838.7
27.650000	1857.0
27.653750	1764.9
27.657500	1806.1
27.661250	1780.9
27.665000	1725.6
27.668750	1761.2
27.672500	1722.0
27.676250	1738.5
27.680000	1648.5
27.683750	1668.8
27.687500	1668.8
27.691250	1631.6
27.695000	1656.7
27.698750	1626.3
27.702500	1588.3
27.706250	1601.8
27.710000	1600.7
27.713750	1545.9
27.717500	1562.7
27.721250	1567.2
27.725000	1591.0
27.728750	1562.6
27.732500	1540.1
27.736250	1497.4
27.740000	1520.0
27.743750	1568.8
27.747500	1523.3
27.751250	1455.8
27.755000	1583.4
27.758750	1526.6
27.762500	1497.8
27.766250	1492.6
27.770000	1522.2
27.773750	1460.0
27.777500	1464.1
27.781250	1393.6
27.785000	1468.8
27.788750	1522.8
27.792500	1473.5
27.796250	1509.8
27.800000	1463.2
27.803750	1469.6
27.807500	1478.9
27.811250	1421.4
27.815000	1406.1
27.818750	1435.9
27.822500	1420.4
27.826250	1419.9
27.830000	1455.3
27.833750	1442.3
27.837500	1469.3
27.841250	1477.2
27.845000	1387.4
27.848750	1354.7
27.852500	1366.5
27.856250	1414.9
27.860000	1427.6
27.863750	1340.5
27.867500	1291.4
27.871250	1355.7
27.875000	1421.8
27.878750	1278.6
27.882500	1369.8
27.886250	1350.2
27.890000	1422.8
27.893750	1389.6
27.897500	1459.4
27.901250	1383.7
27.905000	1353.2
27.908750	1322.1
27.912500	1436.8
27.916250	1404.1
27.920000	1480.0
27.923750	1434.3
27.927500	1454.6
27.931250	1404.9
27.935000	1406.6
27.938750	1351.2
27.942500	1453.1
27.946250	1449.3
27.950000	1374.9
27.953750	1386.0
27.957500	1443.8
27.961250	1411.3
27.965000	1425.2
27.968750	1419.3
27.972500	1418.2
27.976250	1420.5
27.980000	1465.8
27.983750	1479.8
27.987500	1553.9
27.991250	1477.0
27.995000	1504.3
27.998750	1472.6
28.002500	1489.6
28.006250	1521.3
28.010000	1538.4
28.013750	1555.7
28.017500	1612.0
28.021250	1605.2
28.025000	1668.4
28.028750	1574.9
28.032500	1637.8
28.036250	1772.6
28.040000	1783.7
28.043750	1753.9
28.047500	1881.9
28.051250	1962.1
28.055000	2028.7
28.058750	2089.7
28.062500	2298.2
28.066250	2484.2
28.070000	2697.5
28.073750	2874.2
28.077500	3325.4
28.081250	3739.1
28.085000	4609.2
28.088750	4921.2
28.092500	5767.4
28.096250	6327.5
28.100000	6638.4
28.103750	7030.4
28.107500	7171.6
28.111250	6857.9
28.115000	6730.5
28.118750	6278.0
28.122500	5315.2
28.126250	4439.5
28.130000	3936.8
28.133750	3257.1
28.137500	2893.2
28.141250	2539.2
28.145000	2316.7
28.148750	2202.1
28.152500	2047.3
28.156250	1905.4
28.160000	1831.2
28.163750	1816.9
28.167500	1767.8
28.171250	1695.5
28.175000	1660.2
28.178750	1608.3
28.182500	1574.6
28.186250	1523.1
28.190000	1544.4
28.193750	1475.7
28.197500	1473.1
28.201250	1491.3
28.205000	1503.8
28.208750	1464.2
28.212500	1445.6
28.216250	1409.8
28.220000	1425.7
28.223750	1373.1
28.227500	1412.6
28.231250	1425.4
28.235000	1392.5
28.238750	1382.9
28.242500	1368.7
28.246250	1367.2
28.250000	1345.6
28.253750	1297.4
28.257500	1394.1
28.261250	1334.6
28.265000	1359.1
28.268750	1381.2
28.272500	1364.7
28.276250	1327.8
28.280000	1337.4
28.283750	1359.4
28.287500	1307.0
28.291250	1249.9
28.295000	1337.0
28.298750	1303.4
28.302500	1285.5
28.306250	1323.3
28.310000	1290.5
28.313750	1304.5
28.317500	1357.5
28.321250	1276.8
28.325000	1267.0
28.328750	1259.6
28.332500	1291.5
28.336250	1267.4
28.340000	1306.1
28.343750	1350.0
28.347500	1318.2
28.351250	1252.8
28.355000	1277.8
28.358750	1256.4
28.362500	1245.3
28.366250	1291.9
28.370000	1301.5
28.373750	1262.7
28.377500	1258.6
28.381250	1246.0
28.385000	1218.1
28.388750	1303.5
28.392500	1289.3
28.396250	1259.6
28.400000	1310.2
28.403750	1240.7
28.407500	1236.6
28.411250	1252.8
28.415000	1229.7
28.418750	1280.6
28.422500	1285.4
28.426250	1292.3
28.430000	1285.6
28.433750	1277.2
28.437500	1247.5
28.441250	1212.5
28.445000	1246.2
28.448750	1240.1
28.452500	1250.7
28.456250	1271.3
28.460000	1241.4
28.463750	1222.9
28.467500	1250.0
28.471250	1248.8
28.475000	1217.8
28.478750	1299.3
28.482500	1302.7
28.486250	1258.6
28.490000	1238.8
28.493750	1254.3
28.497500	1176.1
28.501250	1191.6
28.505000	1307.7
28.508750	1267.1
28.512500	1309.2
28.516250	1288.2
28.520000	1276.5
28.523750	1173.5
28.527500	1277.8
28.531250	1308.5
28.535000	1205.7
28.538750	1219.8
28.542500	1249.8
28.546250	1257.8
28.550000	1224.1
28.553750	1261.1
28.557500	1318.7
28.561250	1273.8
28.565000	1219.0
28.568750	1245.5
28.572500	1218.8
28.576250	1231.3
28.580000	1258.5
28.583750	1213.6
28.587500	1252.1
28.591250	1248.3
28.595000	1235.5
28.598750	1249.4
28.602500	1265.2
28.606250	1277.7
28.610000	1257.6
28.613750	1190.3
28.617500	1261.6
28.621250	1280.7
28.625000	1238.6
28.628750	1258.0
28.632500	1253.2
28.636250	1205.5
28.640000	1209.5
28.643750	1222.2
28.647500	1225.7
28.651250	1286.1
28.655000	1234.3
28.658750	1246.7
28.662500	1331.9
28.666250	1317.8
28.670000	1300.4
28.673750	1315.9
28.677500	1240.5
28.681250	1259.7
28.685000	1312.2
28.688750	1269.8
28.692500	1262.2
28.696250	1241.8
28.700000	1304.9
28.703750	1226.2
28.707500	1200.1
28.711250	1214.6
28.715000	1250.8
28.718750	1248.9
28.722500	1206.4
28.726250	1212.4
28.730000	1204.4
28.733750	1227.7
28.737500	1253.2
28.741250	1251.5
28.745000	1166.5
28.748750	1190.8
28.752500	1179.7
28.756250	1229.1
28.760000	1274.7
28.763750	1202.9
28.767500	1208.9
28.771250	1314.1
28.775000	1248.1
28.778750	1211.0
28.782500	1197.2
28.786250	1235.9
28.790000	1228.0
28.793750	1233.5
28.797500	1173.5
28.801250	1237.7
28.805000	1261.0
28.808750	1196.2
28.812500	1252.0
28.816250	1213.7
28.820000	1199.6
28.823750	1191.4
28.827500	1212.1
28.831250	1120.1
28.835000	1124.4
28.838750	1203.3
28.842500	1218.7
28.846250	1191.0
28.850000	1147.3
28.853750	1226.4
28.857500	1267.4
28.861250	1214.3
28.865000	1232.2
28.868750	1235.6
28.872500	1255.2
28.876250	1268.9
28.880000	1258.7
28.883750	1268.5
28.887500	1256.9
28.891250	1218.1
28.895000	1193.9
28.898750	1266.9
28.902500	1244.7
28.906250	1255.7
28.910000	1200.5
28.913750	1235.3
28.917500	1271.7
28.921250	1224.0
28.925000	1255.4
28.928750	1184.9
28.932500	1186.0
28.936250	1262.0
28.940000	1198.3
28.943750	1213.7
28.947500	1265.4
28.951250	1269.7
28.955000	1234.0
28.958750	1216.7
28.962500	1287.3
28.966250	1294.6
28.970000	1206.4
28.973750	1241.1
28.977500	1240.8
28.981250	1305.1
28.985000	1227.2
28.988750	1237.5
28.992500	1244.9
28.996250	1296.8
29.000000	1216.9
29.003750	1197.6
29.007500	1266.5
29.011250	1236.3
29.015000	1198.1
29.018750	1283.5
29.022500	1214.8
29.026250	1251.1
29.030000	1278.9
29.033750	1206.3
29.037500	1270.7
29.041250	1270.8
29.045000	1221.9
29.048750	1311.2
29.052500	1247.2
29.056250	1198.7
29.060000	1274.2
29.063750	1253.6
29.067500	1246.5
29.071250	1282.2
29.075000	1234.3
29.078750	1296.9
29.082500	1235.3
29.086250	1192.4
29.090000	1252.9
29.093750	1212.1
29.097500	1241.2
29.101250	1241.2
29.105000	1195.2
29.108750	1227.3
29.112500	1237.0
29.116250	1244.1
29.120000	1151.8
29.123750	1215.2
29.127500	1267.1
29.131250	1215.2
29.135000	1202.2
29.138750	1261.0
29.142500	1226.9
29.146250	1201.2
29.150000	1228.9
29.153750	1209.9
29.157500	1254.2
29.161250	1249.5
29.165000	1195.6
29.168750	1243.4
29.172500	1283.1
29.176250	1269.0
29.180000	1234.3
29.183750	1235.5
29.187500	1174.9
29.191250	1233.0
29.195000	1251.1
29.198750	1262.2
29.202500	1243.9
29.206250	1324.8
29.210000	1350.6
29.213750	1332.4
29.217500	1297.4
29.221250	1302.1
29.225000	1324.3
29.228750	1305.7
29.232500	1255.3
29.236250	1239.3
29.240000	1220.0
29.243750	1147.7
29.247500	1187.9
29.251250	1197.5
29.255000	1173.0
29.258750	1174.6
29.262500	1202.1
29.266250	1144.8
29.270000	1203.8
29.273750	1232.4
29.277500	1192.4
29.281250	1201.8
29.285000	1172.5
29.288750	1106.5
29.292500	1216.4
29.296250	1198.2
29.300000	1216.4
29.303750	1175.7
29.307500	1180.5
29.311250	1210.5
29.315000	1131.6
29.318750	1111.1
29.322500	1162.9
29.326250	1179.3
29.330000	1154.2
29.333750	1164.8
29.337500	1144.1
29.341250	1252.9
29.345000	1127.3
29.348750	1186.8
29.352500	1160.3
29.356250	1123.2
29.360000	1199.5
29.363750	1172.9
29.367500	1150.7
29.371250	1149.3
29.375000	1072.1
29.378750	1117.3
29.382500	1158.1
29.386250	1159.6
29.390000	1162.5
29.393750	1206.5
29.397500	1096.2
29.401250	1156.1
29.405000	1192.6
29.408750	1135.4
29.412500	1148.8
29.416250	1101.2
29.420000	1146.1
29.423750	1165.9
29.427500	1165.9
29.431250	1162.2
29.435000	1151.1
29.438750	1186.3
29.442500	1159.4
29.446250	1188.9
29.450000	1133.4
29.453750	1165.1
29.457500	1137.6
29.461250	1166.3
29.465000	1189.0
29.468750	1142.0
29.472500	1146.3
29.476250	1155.2
29.480000	1118.3
29.483750	1164.9
29.487500	1131.8
29.491250	1153.9
29.495000	1186.6
29.498750	1205.1
29.502500	1188.0
29.506250	1114.1
29.510000	1113.2
29.513750	1157.6
29.517500	1145.1
29.521250	1105.9
29.525000	1163.0
29.528750	1202.4
29.532500	1115.8
29.536250	1135.5
29.540000	1137.7
29.543750	1166.7
29.547500	1129.0
29.551250	1134.9
29.555000	1146.2
29.558750	1077.0
29.562500	1116.8
29.566250	1189.8
29.570000	1187.2
29.573750	1132.1
29.577500	1126.5
29.581250	1157.3
29.585000	1089.7
29.588750	1143.6
29.592500	1200.4
29.596250	1129.1
29.600000	1139.3
29.603750	1208.2
29.607500	1231.1
29.611250	1167.0
29.615000	1083.1
29.618750	1137.1
29.622500	1147.1
29.626250	1138.9
29.630000	1110.8
29.633750	1127.9
29.637500	1177.1
29.641250	1140.5
29.645000	1127.4
29.648750	1184.9
29.652500	1179.7
29.656250	1140.9
29.660000	1173.1
29.663750	1111.9
29.667500	1123.6
29.671250	1127.7
29.675000	1169.6
29.678750	1047.1
29.682500	1158.8
29.686250	1201.6
29.690000	1117.8
29.693750	1138.0
29.697500	1165.4
29.701250	1150.0
29.705000	1096.5
29.708750	1131.3
29.712500	1148.0
29.716250	1173.1
29.720000	1166.5
29.723750	1104.1
29.727500	1126.0
29.731250	1159.7
29.735000	1146.6
29.738750	1162.5
29.742500	1155.2
29.746250	1128.2
29.750000	1101.4
29.753750	1150.9
29.757500	1176.0
29.761250	1091.5
29.765000	1130.4
29.768750	1152.5
29.772500	1125.0
29.776250	1165.5
29.780000	1181.3
29.783750	1140.0
29.787500	1121.6
29.791250	1113.1
29.795000	1101.4
29.798750	1185.0
29.802500	1091.2
29.806250	1105.3
29.810000	1110.3
29.813750	1103.3
29.817500	1087.0
29.821250	1185.6
29.825000	1105.9
29.828750	1137.4
29.832500	1156.0
29.836250	1150.8
29.840000	1077.9
29.843750	1106.3
29.847500	1117.0
29.851250	1098.8
29.855000	1072.9
29.858750	1078.9
29.862500	1139.9
29.866250	1095.0
29.870000	1117.9
29.873750	1114.6
29.877500	1131.4
29.881250	1118.0
29.885000	1157.8
29.888750	1180.3
29.892500	1119.4
29.896250	1144.5
29.900000	1157.7
29.903750	1166.9
29.907500	1175.3
29.911250	1148.2
29.915000	1110.6
29.918750	1102.5
29.922500	1157.9
29.926250	1176.0
29.930000	1148.6
29.933750	1184.2
29.937500	1137.1
29.941250	1153.1
29.945000	1162.6
29.948750	1167.1
29.952500	1087.7
29.956250	1115.3
29.960000	1157.3
29.963750	1119.2
29.967500	1113.8
29.971250	1172.9
29.975000	1141.0
29.978750	1130.2
29.982500	1159.7
29.986250	1138.7
29.990000	1107.9
29.993750	1144.3
29.997500	1070.3
30.001250	1119.6
30.005000	1152.5
30.008750	1105.3
30.012500	1106.7
30.016250	1137.2
30.020000	1102.9
30.023750	1077.7
30.027500	1100.4
30.031250	1159.0
30.035000	1183.1
30.038750	1147.5
30.042500	1157.4
30.046250	1132.6
30.050000	1112.7
30.053750	1153.5
30.057500	1068.2
30.061250	1048.5
30.065000	1099.1
30.068750	1118.0
30.072500	1159.2
30.076250	1132.4
30.080000	1099.3
30.083750	1097.3
30.087500	1120.5
30.091250	1112.1
30.095000	1145.7
30.098750	1074.3
30.102500	1101.2
30.106250	1075.1
30.110000	1057.4
30.113750	1091.1
30.117500	1141.2
30.121250	1069.1
30.125000	1080.8
30.128750	1093.1
30.132500	1129.2
30.136250	1121.9
30.140000	1078.9
30.143750	1060.4
30.147500	1146.3
30.151250	1122.4
30.155000	1081.8
30.158750	1069.7
30.162500	1074.2
30.166250	1105.7
30.170000	1145.2
30.173750	1142.0
30.177500	1100.3
30.181250	1198.8
30.185000	1193.5
30.188750	1159.8
30.192500	1057.9
30.196250	1063.1
30.200000	1150.4
30.203750	1030.6
30.207500	1135.4
30.211250	1101.2
30.215000	1155.5
30.218750	1104.2
30.222500	1125.0
30.226250	1150.9
30.230000	1127.0
30.233750	1185.7
30.237500	1178.2
30.241250	1145.6
30.245000	1141.1
30.248750	1186.5
30.252500	1125.6
30.256250	1145.0
30.260000	1094.6
30.263750	1115.0
30.267500	1212.5
30.271250	1194.8
30.275000	1114.2
30.278750	1121.3
30.282500	1188.7
30.286250	1156.7
30.290000	1163.6
30.293750	1106.9
30.297500	1162.6
30.301250	1128.7
30.305000	1178.6
30.308750	1193.9
30.312500	1136.0
30.316250	1120.9
30.320000	1140.5
30.323750	1095.4
30.327500	1131.4
30.331250	1136.6
30.335000	1140.1
30.338750	1198.9
30.342500	1194.0
30.346250	1167.1
30.350000	1193.0
30.353750	1185.7
30.357500	1149.0
30.361250	1188.5
30.365000	1126.2
30.368750	1111.0
30.372500	1205.5
30.376250	1210.6
30.380000	1170.8
30.383750	1190.3
30.387500	1228.6
30.391250	1210.0
30.395000	1214.1
30.398750	1200.0
30.402500	1181.7
30.406250	1221.2
30.410000	1224.1
30.413750	1235.1
30.417500	1169.8
30.421250	1192.9
30.425000	1226.1
30.428750	1177.7
30.432500	1248.6
30.436250	1184.6
30.440000	1183.4
30.443750	1244.8
30.447500	1248.6
30.451250	1311.1
30.455000	1290.0
30.458750	1327.1
30.462500	1327.2
30.466250	1314.7
30.470000	1342.2
30.473750	1277.2
30.477500	1377.7
30.481250	1399.0
30.485000	1415.8
30.488750	1442.3
30.492500	1435.0
30.496250	1496.8
30.500000	1461.5
30.503750	1515.4
30.507500	1473.9
30.511250	1605.8
30.515000	1650.8
30.518750	1606.7
30.522500	1662.7
30.526250	1602.5
30.530000	1679.2
30.533750	1643.8
30.537500	1688.6
30.541250	1564.2
30.545000	1546.4
30.548750	1524.1
30.552500	1641.2
30.556250	1581.7
30.560000	1574.9
30.563750	1504.3
30.567500	1525.3
30.571250	1345.9
30.575000	1374.6
30.578750	1336.9
30.582500	1352.2
30.586250	1334.6
30.590000	1262.9
30.593750	1285.9
30.597500	1228.8
30.601250	1148.2
30.605000	1198.0
30.608750	1209.1
30.612500	1282.2
30.616250	1183.3
30.620000	1203.2
30.623750	1231.9
30.627500	1258.9
30.631250	1127.1
30.635000	1206.4
30.638750	1250.5
30.642500	1242.1
30.646250	1094.5
30.650000	1165.2
30.653750	1143.1
30.657500	1189.4
30.661250	1151.7
30.665000	1163.5
30.668750	1166.4
30.672500	1142.4
30.676250	1064.2
30.680000	1247.0
30.683750	1174.6
30.687500	1125.7
30.691250	1273.5
30.695000	1165.8
30.698750	1133.9
30.702500	1127.7
30.706250	1162.5
30.710000	1117.4
30.713750	1130.5
30.717500	1146.5
30.721250	1155.2
30.725000	1121.7
30.728750	1062.3
30.732500	1129.4
30.736250	1147.2
30.740000	1121.1
30.743750	1130.5
30.747500	1159.6
30.751250	1131.3
30.755000	1141.8
30.758750	1136.4
30.762500	1078.3
30.766250	1065.0
30.770000	1082.7
30.773750	1129.2
30.777500	1074.6
30.781250	1103.5
30.785000	1125.6
30.788750	1080.3
30.792500	1113.1
30.796250	1090.1
30.800000	1073.5
30.803750	1082.0
30.807500	1070.8
30.811250	1094.7
30.815000	1064.5
30.818750	1132.8
30.822500	1112.9
30.826250	1080.9
30.830000	1047.2
30.833750	1065.8
30.837500	1061.9
30.841250	1087.0
30.845000	1067.6
30.848750	1123.2
30.852500	1026.1
30.856250	1088.7
30.860000	1089.3
30.863750	1031.2
30.867500	1119.8
30.871250	1094.1
30.875000	1062.2
30.878750	1073.1
30.882500	1101.9
30.886250	1085.1
30.890000	1044.1
30.893750	1055.0
30.897500	1105.3
30.901250	983.7
30.905000	1056.3
30.908750	1122.6
30.912500	1092.4
30.916250	1026.0
30.920000	1028.0
30.923750	997.9
30.927500	1030.4
30.931250	1079.5
30.935000	1060.1
30.938750	1073.8
30.942500	1116.6
30.946250	1098.1
30.950000	1102.3
30.953750	1103.3
30.957500	1123.1
30.961250	1026.9
30.965000	1054.8
30.968750	1096.8
30.972500	1098.0
30.976250	1064.3
30.980000	1054.9
30.983750	1117.1
30.987500	1059.6
30.991250	1101.1
30.995000	1087.7
30.998750	1106.0
31.002500	1086.1
31.006250	1083.2
31.010000	1056.5
31.013750	1013.1
31.017500	1058.4
31.021250	1105.0
31.025000	1060.2
31.028750	1030.3
31.032500	1108.0
31.036250	1109.1
31.040000	1060.3
31.043750	1123.6
31.047500	1069.4
31.051250	1066.5
31.055000	1069.7
31.058750	1087.3
31.062500	1178.7
31.066250	1050.8
31.070000	1106.2
31.073750	1186.6
31.077500	1169.5
31.081250	1179.8
31.085000	1185.9
31.088750	1080.4
31.092500	1201.8
31.096250	1232.7
31.100000	1282.4
31.103750	1273.3
31.107500	1168.6
31.111250	1236.0
31.115000	1232.2
31.118750	1277.9
31.122500	1233.6
31.126250	1277.9
31.130000	1284.4
31.133750	1240.0
31.137500	1315.9
31.141250	1201.1
31.145000	1285.2
31.148750	1190.5
31.152500	1201.1
31.156250	1202.2
31.160000	1246.3
31.163750	1170.6
31.167500	1154.3
31.171250	1021.9
31.175000	1093.8
31.178750	1017.4
31.182500	1027.5
31.186250	1070.9
31.190000	1016.4
31.193750	1079.9
31.197500	1083.7
31.201250	1092.6
31.205000	1030.3
31.208750	1075.0
31.212500	1091.5
31.216250	1055.1
31.220000	1087.8
31.223750	1050.2
31.227500	1040.4
31.231250	1102.2
31.235000	1083.8
31.238750	1045.6
31.242500	1051.7
31.246250	1016.5
31.250000	1089.9
31.253750	1091.3
31.257500	1016.1
31.261250	1135.5
31.265000	1130.8
31.268750	1054.0
31.272500	1026.3
31.276250	1050.4
31.280000	1099.2
31.283750	1071.1
31.287500	1053.4
31.291250	1042.3
31.295000	1025.9
31.298750	1089.0
31.302500	1073.5
31.306250	1041.2
31.310000	1039.3
31.313750	1094.4
31.317500	995.2
31.321250	1079.3
31.325000	1068.0
31.328750	1046.5
31.332500	1120.5
31.336250	1066.2
31.340000	1020.1
31.343750	1014.7
31.347500	1056.1
31.351250	1043.0
31.355000	1000.7
31.358750	1056.2
31.362500	1089.9
31.366250	1106.1
31.370000	1016.1
31.373750	1098.6
31.377500	1111.1
31.381250	1075.1
31.385000	1067.1
31.388750	998.1
31.392500	1083.0
31.396250	1116.6
31.400000	997.4
31.403750	1031.2
31.407500	1010.3
31.411250	1029.7
31.415000	1054.0
31.418750	1085.8
31.422500	1064.7
31.426250	1049.1
31.430000	1072.7
31.433750	1065.5
31.437500	1047.1
31.441250	1042.4
31.445000	1043.7
31.448750	1084.8
31.452500	994.1
31.456250	1029.1
31.460000	1055.2
31.463750	1038.0
31.467500	1059.6
31.471250	1114.9
31.475000	1038.1
31.478750	1008.0
31.482500	1060.0
31.486250	1037.8
31.490000	999.3
31.493750	1042.6
31.497500	1067.6
31.501250	1061.5
31.505000	1029.3
31.508750	1042.1
31.512500	991.0
31.516250	999.0
31.520000	1025.3
31.523750	1082.6
31.527500	1019.5
31.531250	1015.2
31.535000	1040.6
31.538750	1078.9
31.542500	1052.8
31.546250	1046.5
31.550000	1035.3
31.553750	1068.9
31.557500	1053.8
31.561250	1072.2
31.565000	1115.8
31.568750	1037.1
31.572500	1068.7
31.576250	1098.0
31.580000	1049.8
31.583750	1060.4
31.587500	1060.7
31.591250	1063.8
31.595000	1017.1
31.598750	1083.9
31.602500	1080.4
31.606250	1044.3
31.610000	1052.8
31.613750	1112.4
31.617500	1020.5
31.621250	1088.7
31.625000	1138.4
31.628750	1073.4
31.632500	1067.9
31.636250	1100.3
31.640000	1077.9
31.643750	1102.3
31.647500	1132.7
31.651250	1116.3
31.655000	1104.2
31.658750	1131.0
31.662500	1109.2
31.666250	1133.4
31.670000	1090.3
31.673750	1130.2
31.677500	1031.0
31.681250	1153.9
31.685000	1131.5
31.688750	1130.9
31.692500	1181.4
31.696250	1192.4
31.700000	1155.0
31.703750	1197.9
31.707500	1159.7
31.711250	1116.9
31.715000	1167.9
31.718750	1246.2
31.722500	1177.7
31.726250	1129.8
31.730000	1161.2
31.733750	1194.9
31.737500	1180.9
31.741250	1133.2
31.745000	1141.0
31.748750	1215.7
31.752500	1122.0
31.756250	1171.6
31.760000	1135.6
31.763750	1195.4
31.767500	1175.6
31.771250	1193.3
31.775000	1172.5
31.778750	1184.6
31.782500	1170.4
31.786250	1149.2
31.790000	1190.6
31.793750	1182.8
31.797500	1252.1
31.801250	1257.1
31.805000	1226.3
31.808750	1280.0
31.812500	1229.4
31.816250	1167.8
31.820000	1201.9
31.823750	1225.9
31.827500	1229.6
31.831250	1179.8
31.835000	1214.0
31.838750	1262.4
31.842500	1334.7
31.846250	1286.4
31.850000	1303.4
31.853750	1307.3
31.857500	1374.5
31.861250	1319.2
31.865000	1449.1
31.868750	1572.7
31.872500	1567.7
31.876250	1680.0
31.880000	1782.5
31.883750	1800.5
31.887500	1820.6
31.891250	1835.7
31.895000	1862.0
31.898750	1783.5
31.902500	1709.6
31.906250	1613.2
31.910000	1570.5
31.913750	1406.9
31.917500	1310.5
31.921250	1275.8
31.925000	1255.3
31.928750	1264.6
31.932500	1189.7
31.936250	1203.1
31.940000	1178.3
31.943750	1195.3
31.947500	1191.1
31.951250	1209.4
31.955000	1203.9
31.958750	1238.1
31.962500	1142.6
31.966250	1181.5
31.970000	1161.9
31.973750	1156.1
31.977500	1171.4
31.981250	1199.2
31.985000	1189.0
31.988750	1163.3
31.992500	1142.5
31.996250	1168.5
32.000000	1126.6
32.003750	1114.3
32.007500	1134.3
32.011250	1101.1
32.015000	1155.5
32.018750	1148.4
32.022500	1141.9
32.026250	1149.4
32.030000	1092.5
32.033750	1130.8
32.037500	1094.7
32.041250	1152.6
32.045000	1165.0
32.048750	1097.7
32.052500	1140.2
32.056250	1118.6
32.060000	1107.5
32.063750	1175.8
32.067500	1122.2
32.071250	1089.5
32.075000	1112.8
32.078750	1108.0
32.082500	1118.5
32.086250	1138.6
32.090000	1116.3
32.093750	1116.4
32.097500	1055.2
32.101250	1109.9
32.105000	1142.3
32.108750	1101.0
32.112500	1055.9
32.116250	1107.6
32.120000	1121.7
32.123750	1078.5
32.127500	1054.7
32.131250	1070.8
32.135000	1129.1
32.138750	1070.3
32.142500	1107.6
32.146250	1030.6
32.150000	1144.7
32.153750	1102.5
32.157500	1015.6
32.161250	1012.1
32.165000	1043.4
32.168750	1002.6
32.172500	1014.7
32.176250	1096.7
32.180000	1113.6
32.183750	1020.2
32.187500	1086.4
32.191250	1127.0
32.195000	1047.9
32.198750	1016.1
32.202500	1101.3
32.206250	1012.9
32.210000	1025.6
32.213750	1074.5
32.217500	1020.5
32.221250	1051.8
32.225000	1046.2
32.228750	981.4
32.232500	1054.7
32.236250	978.6
32.240000	952.9
32.243750	1049.5
32.247500	1020.0
32.251250	1061.5
32.255000	1056.0
32.258750	1084.1
32.262500	1043.1
32.266250	1063.8
32.270000	1091.2
32.273750	990.4
32.277500	989.8
32.281250	1062.5
32.285000	997.7
32.288750	995.7
32.292500	981.6
32.296250	994.4
32.300000	1085.0
32.303750	1022.0
32.307500	1014.9
32.311250	1039.1
32.315000	1011.1
32.318750	1011.3
32.322500	983.5
32.326250	994.0
32.330000	1013.9
32.333750	1049.8
32.337500	990.8
32.341250	1033.5
32.345000	1042.9
32.348750	1037.7
32.352500	997.9
32.356250	1031.6
32.360000	1024.5
32.363750	1016.7
32.367500	989.6
32.371250	955.7
32.375000	1022.4
32.378750	1052.7
32.382500	989.1
32.386250	975.8
32.390000	994.2
32.393750	1033.7
32.397500	1038.5
32.401250	1018.9
32.405000	1037.3
32.408750	1030.9
32.412500	971.4
32.416250	1013.3
32.420000	995.2
32.423750	992.5
32.427500	1019.0
32.431250	981.7
32.435000	984.3
32.438750	1069.2
32.442500	1066.6
32.446250	986.6
32.450000	969.8
32.453750	1038.1
32.457500	1023.9
32.461250	1037.4
32.465000	1004.5
32.468750	1009.1
32.472500	1003.8
32.476250	1016.6
32.480000	982.5
32.483750	1016.3
32.487500	1018.3
32.491250	987.3
32.495000	995.6
32.498750	988.6
32.502500	982.9
32.506250	954.2
32.510000	995.6
32.513750	987.0
32.517500	1001.3
32.521250	1022.5
32.525000	1024.0
32.528750	999.0
32.532500	996.3
32.536250	1007.7
32.540000	1050.5
32.543750	987.9
32.547500	1000.5
32.551250	1001.4
32.555000	1023.5
32.558750	1016.7
32.562500	996.3
32.566250	1062.7
32.570000	998.4
32.573750	998.7
32.577500	1037.0
32.581250	1055.2
32.585000	1044.7
32.588750	1043.1
32.592500	1048.8
32.596250	1041.3
32.600000	1050.5
32.603750	1012.6
32.607500	1083.9
32.611250	1036.0
32.615000	1045.5
32.618750	1033.5
32.622500	1107.0
32.626250	1117.1
32.630000	1084.6
32.633750	1021.4
32.637500	1026.8
32.641250	1068.7
32.645000	1070.7
32.648750	1020.3
32.652500	1057.8
32.656250	1053.6
32.660000	1061.3
32.663750	1063.4
32.667500	1083.3
32.671250	1039.7
32.675000	1076.5
32.678750	1097.2
32.682500	1078.8
32.686250	1051.9
32.690000	1070.7
32.693750	1070.5
32.697500	1037.9
32.701250	1055.4
32.705000	1063.3
32.708750	1069.9
32.712500	1027.3
32.716250	1089.7
32.720000	1075.8
32.723750	1101.9
32.727500	1138.7
32.731250	1086.3
32.735000	1088.6
32.738750	1081.1
32.742500	1120.4
32.746250	1059.7
32.750000	1066.8
32.753750	1086.1
32.757500	1078.0
32.761250	1067.8
32.765000	1103.1
32.768750	1070.4
32.772500	1103.8
32.776250	1116.8
32.780000	1125.0
32.783750	1092.0
32.787500	1160.8
32.791250	1160.8
32.795000	1187.4
32.798750	1171.6
32.802500	1202.5
32.806250	1185.3
32.810000	1139.3
32.813750	1214.7
32.817500	1179.2
32.821250	1167.2
32.825000	1125.8
32.828750	1176.3
32.832500	1189.8
32.836250	1221.7
32.840000	1149.6
32.843750	1168.0
32.847500	1192.9
32.851250	1211.9
32.855000	1196.3
32.858750	1229.5
32.862500	1233.2
32.866250	1253.1
32.870000	1210.2
32.873750	1237.9
32.877500	1249.7
32.881250	1209.0
32.885000	1193.1
32.888750	1233.0
32.892500	1234.9
32.896250	1221.9
32.900000	1239.8
32.903750	1264.8
32.907500	1279.6
32.911250	1312.4
32.915000	1273.7
32.918750	1266.4
32.922500	1239.8
32.926250	1293.2
32.930000	1341.7
32.933750	1371.4
32.937500	1332.6
32.941250	1313.2
32.945000	1302.1
32.948750	1355.2
32.952500	1287.6
32.956250	1296.6
32.960000	1324.6
32.963750	1280.5
32.967500	1278.1
32.971250	1310.3
32.975000	1235.1
32.978750	1288.2
32.982500	1262.2
32.986250	1313.2
32.990000	1239.8
32.993750	1277.0
32.997500	1276.4
33.001250	1254.8
33.005000	1267.3
33.008750	1291.0
33.012500	1299.8
33.016250	1236.5
33.020000	1271.2
33.023750	1255.4
33.027500	1312.3
33.031250	1303.0
33.035000	1314.0
33.038750	1301.9
33.042500	1321.4
33.046250	1366.5
33.050000	1322.0
33.053750	1330.2
33.057500	1290.5
33.061250	1368.5
33.065000	1305.9
33.068750	1383.8
33.072500	1407.4
33.076250	1334.1
33.080000	1337.1
33.083750	1347.0
33.087500	1363.6
33.091250	1393.8
33.095000	1360.4
33.098750	1423.2
33.102500	1382.5
33.106250	1418.4
33.110000	1364.6
33.113750	1383.0
33.117500	1390.2
33.121250	1389.9
33.125000	1352.1
33.128750	1402.4
33.132500	1450.5
33.136250	1359.3
33.140000	1372.9
33.143750	1443.4
33.147500	1490.5
33.151250	1418.4
33.155000	1475.5
33.158750	1472.7
33.162500	1521.1
33.166250	1476.6
33.170000	1484.7
33.173750	1479.6
33.177500	1484.8
33.181250	1459.0
33.185000	1496.1
33.188750	1486.5
33.192500	1478.0
33.196250	1492.2
33.200000	1476.2
33.203750	1487.5
33.207500	1517.9
33.211250	1438.8
33.215000	1425.8
33.218750	1458.2
33.222500	1465.9
33.226250	1471.5
33.230000	1487.6
33.233750	1435.4
33.237500	1456.4
33.241250	1466.4
33.245000	1459.2
33.248750	1424.1
33.252500	1444.8
33.256250	1418.5
33.260000	1349.7
33.263750	1462.0
33.267500	1442.2
33.271250	1445.4
33.275000	1363.6
33.278750	1341.8
33.282500	1343.3
33.286250	1358.6
33.290000	1328.6
33.293750	1343.2
33.297500	1364.7
33.301250	1368.2
33.305000	1347.4
33.308750	1376.1
33.312500	1371.4
33.316250	1285.2
33.320000	1333.0
33.323750	1325.1
33.327500	1356.0
33.331250	1272.6
33.335000	1265.5
33.338750	1373.2
33.342500	1270.6
33.346250	1364.0
33.350000	1348.6
33.353750	1339.7
33.357500	1359.9
33.361250	1377.2
33.365000	1481.9
33.368750	1387.4
33.372500	1387.8
33.376250	1436.8
33.380000	1455.3
33.383750	1483.6
33.387500	1556.0
33.391250	1585.7
33.395000	1606.4
33.398750	1619.4
33.402500	1641.7
33.406250	1694.0
33.410000	1636.1
33.413750	1657.0
33.417500	1677.2
33.421250	1658.7
33.425000	1659.9
33.428750	1624.3
33.432500	1584.2
33.436250	1529.4
33.440000	1566.9
33.443750	1462.0
33.447500	1415.4
33.451250	1434.4
33.455000	1340.3
33.458750	1271.3
33.462500	1272.8
33.466250	1158.1
33.470000	1136.7
33.473750	1155.9
33.477500	1164.2
33.481250	1126.5
33.485000	1076.5
33.488750	1086.7
33.492500	1026.5
33.496250	1099.6
33.500000	1064.4
33.503750	1021.6
33.507500	1023.4
33.511250	1081.8
33.515000	1095.7
33.518750	1007.6
33.522500	982.5
33.526250	1051.9
33.530000	1031.8
33.533750	1044.8
33.537500	984.2
33.541250	1036.1
33.545000	1039.7
33.548750	1065.5
33.552500	1026.1
33.556250	1059.3
33.560000	1022.9
33.563750	988.6
33.567500	1023.0
33.571250	989.2
33.575000	1074.4
33.578750	1073.9
33.582500	1073.5
33.586250	1076.7
33.590000	984.2
33.593750	981.4
33.597500	1017.7
33.601250	992.1
33.605000	985.5
33.608750	1006.9
33.612500	1027.0
33.616250	976.6
33.620000	1027.6
33.623750	1030.5
33.627500	959.2
33.631250	1028.6
33.635000	991.0
33.638750	990.3
33.642500	982.6
33.646250	987.7
33.650000	1001.2
33.653750	985.0
33.657500	1016.1
33.661250	991.8
33.665000	988.7
33.668750	1023.6
33.672500	1023.8
33.676250	941.0
33.680000	1005.4
33.683750	1014.3
33.687500	946.1
33.691250	1036.6
33.695000	996.9
33.698750	993.2
33.702500	980.2
33.706250	965.6
33.710000	997.8
33.713750	1013.6
33.717500	988.2
33.721250	989.6
33.725000	1035.6
33.728750	974.2
33.732500	993.1
33.736250	957.7
33.740000	1001.5
33.743750	993.0
33.747500	1000.6
33.751250	993.3
33.755000	1001.3
33.758750	1000.4
33.762500	925.6
33.766250	985.8
33.770000	988.0
33.773750	977.6
33.777500	953.9
33.781250	935.8
33.785000	949.9
33.788750	1017.6
33.792500	906.4
33.796250	940.7
33.800000	923.1
33.803750	932.9
33.807500	1033.3
33.811250	955.9
33.815000	937.5
33.818750	948.2
33.822500	954.2
33.826250	996.2
33.830000	1025.8
33.833750	978.5
33.837500	982.9
33.841250	943.0
33.845000	961.6
33.848750	990.0
33.852500	961.0
33.856250	955.8
33.860000	965.3
33.863750	937.6
33.867500	1044.0
33.871250	1003.1
33.875000	993.3
33.878750	948.7
33.882500	962.0
33.886250	1024.8
33.890000	992.2
33.893750	978.9
33.897500	1005.5
33.901250	972.6
33.905000	996.2
33.908750	997.4
33.912500	1027.4
33.916250	1060.1
33.920000	1022.0
33.923750	1020.3
33.927500	1107.8
33.931250	1057.2
33.935000	1075.7
33.938750	1115.1
33.942500	1139.4
33.946250	1131.5
33.950000	1143.0
33.953750	1147.0
33.957500	1116.2
33.961250	1136.5
33.965000	1130.1
33.968750	1113.1
33.972500	1123.3
33.976250	1096.5
33.980000	1055.8
33.983750	1173.8
33.987500	1095.9
33.991250	1093.4
33.995000	1097.8
33.998750	1086.3
34.002500	1013.5
34.006250	1003.8
34.010000	1024.2
34.013750	1076.9
34.017500	998.8
34.021250	990.1
34.025000	991.7
34.028750	973.0
34.032500	964.2
34.036250	1007.5
34.040000	962.2
34.043750	986.0
34.047500	1017.2
34.051250	986.8
34.055000	1040.3
34.058750	1060.2
34.062500	991.3
34.066250	1017.5
34.070000	1044.0
34.073750	1003.2
34.077500	984.8
34.081250	969.6
34.085000	985.2
34.088750	1015.4
34.092500	955.6
34.096250	962.5
34.100000	1006.2
34.103750	960.8
34.107500	1000.0
34.111250	1048.3
34.115000	1010.1
34.118750	953.9
34.122500	956.3
34.126250	1004.4
34.130000	964.5
34.133750	1020.5
34.137500	953.7
34.141250	922.8
34.145000	972.8
34.148750	958.1
34.152500	958.8
34.156250	980.1
34.160000	998.5
34.163750	1021.7
34.167500	1025.0
34.171250	970.8
34.175000	971.9
34.178750	986.2
34.182500	960.9
34.186250	1026.7
34.190000	983.3
34.193750	950.5
34.197500	940.8
34.201250	984.8
34.205000	980.0
34.208750	955.2
34.212500	992.6
34.216250	980.5
34.220000	1001.0
34.223750	1022.1
34.227500	947.0
34.231250	926.1
34.235000	1006.9
34.238750	973.1
34.242500	949.4
34.246250	951.6
34.250000	995.1
34.253750	967.5
34.257500	953.5
34.261250	963.8
34.265000	975.1
34.268750	954.5
34.272500	982.2
34.276250	976.2
34.280000	1017.1
34.283750	942.1
34.287500	944.6
34.291250	993.8
34.295000	993.7
34.298750	959.8
34.302500	987.6
34.306250	988.6
34.310000	973.4
34.313750	1000.1
34.317500	957.9
34.321250	982.0
34.325000	969.7
34.328750	927.6
34.332500	954.4
34.336250	932.7
34.340000	952.6
34.343750	953.8
34.347500	967.5
34.351250	941.8
34.355000	990.5
34.358750	992.3
34.362500	983.2
34.366250	922.9
34.370000	948.7
34.373750	948.5
34.377500	971.7
34.381250	944.9
34.385000	934.5
34.388750	934.7
34.392500	1002.1
34.396250	1006.3
34.400000	999.9
34.403750	938.5
34.407500	948.9
34.411250	972.0
34.415000	959.3
34.418750	984.9
34.422500	1000.8
34.426250	993.8
34.430000	982.1
34.433750	952.0
34.437500	1025.0
34.441250	1016.6
34.445000	1043.1
34.448750	1074.3
34.452500	1010.6
34.456250	1008.8
34.460000	1015.1
34.463750	1041.3
34.467500	1027.3
34.471250	1032.8
34.475000	1048.1
34.478750	1094.9
34.482500	1065.1
34.486250	1117.9
34.490000	1133.4
34.493750	1152.9
34.497500	1149.0
34.501250	1178.3
34.505000	1149.7
34.508750	1101.1
34.512500	1146.2
34.516250	1158.1
34.520000	1170.4
34.523750	1112.7
34.527500	1144.3
34.531250	1186.3
34.535000	1116.3
34.538750	1110.6
34.542500	992.3
34.546250	1036.0
34.550000	1063.6
34.553750	1039.8
34.557500	1043.3
34.561250	1027.3
34.565000	919.7
34.568750	990.0
34.572500	996.4
34.576250	949.8
34.580000	961.7
34.583750	946.3
34.587500	971.5
34.591250	899.5
34.595000	947.6
34.598750	973.2
34.602500	980.5
34.606250	1019.1
34.610000	990.3
34.613750	950.5
34.617500	904.0
34.621250	1023.0
34.625000	929.3
34.628750	918.7
34.632500	879.7
34.636250	961.5
34.640000	1005.7
34.643750	960.2
34.647500	954.7
34.651250	936.6
34.655000	956.2
34.658750	954.9
34.662500	967.1
34.666250	977.7
34.670000	972.2
34.673750	957.8
34.677500	971.3
34.681250	983.4
34.685000	947.4
34.688750	988.0
34.692500	955.2
34.696250	943.2
34.700000	968.9
34.703750	945.8
34.707500	972.4
34.711250	936.5
34.715000	958.7
34.718750	970.9
34.722500	1014.6
34.726250	985.7
34.730000	966.3
34.733750	978.9
34.737500	1028.7
34.741250	1076.9
34.745000	1125.5
34.748750	1112.5
34.752500	1156.2
34.756250	1151.7
34.760000	1118.7
34.763750	1207.9
34.767500	1215.8
34.771250	1048.0
34.775000	1100.6
34.778750	1091.6
34.782500	1093.0
34.786250	1008.8
34.790000	1036.2
34.793750	998.1
34.797500	1037.8
34.801250	1024.1
34.805000	973.5
34.808750	991.3
34.812500	1023.4
34.816250	1029.4
34.820000	977.6
34.823750	999.0
34.827500	1010.5
34.831250	948.7
34.835000	934.7
34.838750	975.1
34.842500	991.4
34.846250	972.5
34.850000	919.5
34.853750	909.1
34.857500	977.9
34.861250	963.1
34.865000	954.5
34.868750	960.8
34.872500	1005.8
34.876250	970.6
34.880000	939.4
34.883750	981.4
34.887500	1021.2
34.891250	975.1
34.895000	918.2
34.898750	947.4
34.902500	1014.6
34.906250	979.4
34.910000	945.3
34.913750	977.4
34.917500	941.3
34.921250	961.4
34.925000	965.4
34.928750	961.3
34.932500	906.0
34.936250	939.0
34.940000	958.0
34.943750	929.1
34.947500	976.0
34.951250	947.8
34.955000	930.5
34.958750	965.5
34.962500	986.3
34.966250	962.4
34.970000	986.3
34.973750	1025.2
34.977500	1012.9
34.981250	922.4
34.985000	960.9
34.988750	963.2
34.992500	997.0
34.996250	1036.1
35.000000	974.9
35.003750	1038.2
35.007500	1046.1
35.011250	1019.1
35.015000	973.7
35.018750	968.8
35.022500	994.3
35.026250	1004.5
35.030000	1073.3
35.033750	1160.4
35.037500	1126.9
35.041250	1054.0
35.045000	1114.2
35.048750	1106.0
35.052500	1100.7
35.056250	1091.1
35.060000	1041.4
35.063750	1012.4
35.067500	1046.9
35.071250	1029.3
35.075000	1037.9
35.078750	1046.9
35.082500	1000.9
35.086250	990.3
35.090000	1024.1
35.093750	960.2
35.097500	932.6
35.101250	988.7
35.105000	961.3
35.108750	966.4
35.112500	1003.4
35.116250	1028.1
35.120000	985.7
35.123750	943.5
35.127500	974.3
35.131250	1012.1
35.135000	985.9
35.138750	954.9
35.142500	986.5
35.146250	980.9
35.150000	989.2
35.153750	957.5
35.157500	949.3
35.161250	987.9
35.165000	962.6
35.168750	959.0
35.172500	941.7
35.176250	930.9
35.180000	917.9
35.183750	983.3
35.187500	953.2
35.191250	977.0
35.195000	958.1
35.198750	956.6
35.202500	996.2
35.206250	912.8
35.210000	934.8
35.213750	908.6
35.217500	973.4
35.221250	980.9
35.225000	967.7
35.228750	936.3
35.232500	928.7
35.236250	993.8
35.240000	988.1
35.243750	913.2
35.247500	929.1
35.251250	957.9
35.255000	947.9
35.258750	961.8
35.262500	943.4
35.266250	957.7
35.270000	985.7
35.273750	899.5
35.277500	969.6
35.281250	994.1
35.285000	931.4
35.288750	970.1
35.292500	998.4
35.296250	970.3
35.300000	953.7
35.303750	1000.1
35.307500	994.4
35.311250	912.4
35.315000	1013.2
35.318750	954.5
35.322500	972.5
35.326250	969.8
35.330000	985.1
35.333750	938.9
35.337500	988.2
35.341250	1014.6
35.345000	1004.8
35.348750	988.5
35.352500	1012.1
35.356250	970.0
35.360000	968.3
35.363750	965.6
35.367500	972.4
35.371250	943.1
35.375000	933.4
35.378750	953.9
35.382500	1007.5
35.386250	963.1
35.390000	1041.7
35.393750	1037.7
35.397500	1022.1
35.401250	954.0
35.405000	943.9
35.408750	960.7
35.412500	976.4
35.416250	969.5
35.420000	1021.1
35.423750	928.1
35.427500	971.7
35.431250	967.9
35.435000	986.8
35.438750	1003.9
35.442500	989.9
35.446250	1024.4
35.450000	1017.7
35.453750	1002.5
35.457500	1003.5
35.461250	1022.6
35.465000	1000.8
35.468750	947.2
35.472500	1004.3
35.476250	999.9
35.480000	998.8
35.483750	955.7
35.487500	995.1
35.491250	974.3
35.495000	979.3
35.498750	963.6
35.502500	987.1
35.506250	999.0
35.510000	943.2
35.513750	1070.0
35.517500	1012.4
35.521250	981.9
35.525000	1044.8
35.528750	1005.7
35.532500	1010.8
35.536250	969.5
35.540000	978.9
35.543750	989.4
35.547500	960.5
35.551250	996.5
35.555000	997.6
35.558750	1038.5
35.562500	979.8
35.566250	1001.9
35.570000	905.0
35.573750	993.5
35.577500	1015.9
35.581250	1011.8
35.585000	1026.3
35.588750	1040.9
35.592500	1024.8
35.596250	1073.8
35.600000	1019.3
35.603750	1010.5
35.607500	1027.4
35.611250	1011.7
35.615000	1017.0
35.618750	1004.2
35.622500	1022.1
35.626250	1047.8
35.630000	1071.6
35.633750	1034.1
35.637500	1089.8
35.641250	1024.4
35.645000	1055.7
35.648750	1004.7
35.652500	1020.4
35.656250	1074.8
35.660000	1014.5
35.663750	1086.0
35.667500	1028.8
35.671250	923.6
35.675000	1092.1
35.678750	1035.0
35.682500	1023.5
35.686250	1041.4
35.690000	1019.3
35.693750	973.4
35.697500	1048.8
35.701250	1039.3
35.705000	1031.2
35.708750	1042.0
35.712500	964.1
35.716250	1058.0
35.720000	1075.6
35.723750	1033.2
35.727500	997.9
35.731250	1028.9
35.735000	1084.8
35.738750	1090.5
35.742500	1046.1
35.746250	1061.8
35.750000	1074.8
35.753750	1027.1
35.757500	1065.6
35.761250	1108.2
35.765000	1070.4
35.768750	1063.6
35.772500	1034.7
35.776250	1051.5
35.780000	1006.8
35.783750	986.3
35.787500	1013.1
35.791250	958.8
35.795000	1052.2
35.798750	1018.0
35.802500	1030.4
35.806250	1007.8
35.810000	996.8
35.813750	1007.8
35.817500	1009.1
35.821250	1065.0
35.825000	1038.2
35.828750	1025.6
35.832500	996.6
35.836250	1001.3
35.840000	1042.6
35.843750	1028.5
35.847500	1000.1
35.851250	984.5
35.855000	975.3
35.858750	970.5
35.862500	1027.2
35.866250	1041.1
35.870000	967.0
35.873750	1033.1
35.877500	1045.0
35.881250	1004.1
35.885000	957.0
35.888750	969.6
35.892500	971.4
35.896250	994.4
35.900000	1026.3
35.903750	980.8
35.907500	987.9
35.911250	937.5
35.915000	934.4
35.918750	988.1
35.922500	970.2
35.926250	1007.4
35.930000	937.8
35.933750	969.3
35.937500	1026.4
35.941250	957.0
35.945000	992.1
35.948750	952.1
35.952500	968.3
35.956250	989.6
35.960000	1058.6
35.963750	952.6
35.967500	942.7
35.971250	975.6
35.975000	931.4
35.978750	952.0
35.982500	953.4
35.986250	917.9
35.990000	914.3
35.993750	919.4
35.997500	907.1
36.001250	969.7
36.005000	1041.8
36.008750	1031.9
36.012500	994.9
36.016250	964.8
36.020000	1003.0
36.023750	928.4
36.027500	965.7
36.031250	1040.4
36.035000	1003.6
36.038750	968.9
36.042500	942.2
36.046250	925.8
36.050000	966.6
36.053750	955.4
36.057500	980.7
36.061250	979.5
36.065000	929.3
36.068750	930.0
36.072500	951.9
36.076250	1045.6
36.080000	1022.0
36.083750	975.9
36.087500	1068.8
36.091250	1016.2
36.095000	1017.1
36.098750	997.0
36.102500	1050.6
36.106250	1033.1
36.110000	983.5
36.113750	1073.4
36.117500	1024.4
36.121250	1004.1
36.125000	1006.8
36.128750	1011.6
36.132500	1011.7
36.136250	975.6
36.140000	953.0
36.143750	951.2
36.147500	937.0
36.151250	991.5
36.155000	954.0
36.158750	928.7
36.162500	872.1
36.166250	864.8
36.170000	920.3
36.173750	973.2
36.177500	979.3
36.181250	952.1
36.185000	935.1
36.188750	946.2
36.192500	975.4
36.196250	986.0
36.200000	905.6
36.203750	935.4
36.207500	958.1
36.211250	948.6
36.215000	932.9
36.218750	932.3
36.222500	941.9
36.226250	937.5
36.230000	930.7
36.233750	982.7
36.237500	907.2
36.241250	964.0
36.245000	960.1
36.248750	953.7
36.252500	932.3
36.256250	887.0
36.260000	910.0
36.263750	977.5
36.267500	920.2
36.271250	917.3
36.275000	927.0
36.278750	967.8
36.282500	969.1
36.286250	939.6
36.290000	959.1
36.293750	950.1
36.297500	952.8
36.301250	901.4
36.305000	917.1
36.308750	963.6
36.312500	870.6
36.316250	883.3
36.320000	953.7
36.323750	966.6
36.327500	934.0
36.331250	933.7
36.335000	948.0
36.338750	885.0
36.342500	942.8
36.346250	912.0
36.350000	933.4
36.353750	955.6
36.357500	957.3
36.361250	908.4
36.365000	967.0
36.368750	960.0
36.372500	925.8
36.376250	982.0
36.380000	939.6
36.383750	942.0
36.387500	960.2
36.391250	956.3
36.395000	958.8
36.398750	956.2
36.402500	949.7
36.406250	984.7
36.410000	978.2
36.413750	953.2
36.417500	975.2
36.421250	966.1
36.425000	954.4
36.428750	966.2
36.432500	941.1
36.436250	963.2
36.440000	985.1
36.443750	985.6
36.447500	937.3
36.451250	949.9
36.455000	1048.0
36.458750	1001.5
36.462500	929.6
36.466250	941.3
36.470000	955.4
36.473750	994.5
36.477500	988.7
36.481250	1026.3
36.485000	1060.7
36.488750	997.3
36.492500	946.5
36.496250	1045.0
36.500000	1001.3
36.503750	998.0
36.507500	1054.6
36.511250	1040.5
36.515000	1063.3
36.518750	1039.9
36.522500	1058.5
36.526250	1068.4
36.530000	1125.1
36.533750	1091.9
36.537500	1125.2
36.541250	1105.8
36.545000	1133.9
36.548750	1107.6
36.552500	1107.5
36.556250	1127.0
36.560000	1140.0
36.563750	1166.6
36.567500	1223.1
36.571250	1199.5
36.575000	1244.3
36.578750	1241.6
36.582500	1233.3
36.586250	1287.4
36.590000	1297.5
36.593750	1271.0
36.597500	1325.5
36.601250	1258.9
36.605000	1316.8
36.608750	1331.1
36.612500	1313.6
36.616250	1340.1
36.620000	1315.5
36.623750	1320.7
36.627500	1315.7
36.631250	1337.5
36.635000	1307.8
36.638750	1314.4
36.642500	1346.7
36.646250	1327.0
36.650000	1362.6
36.653750	1264.7
36.657500	1267.1
36.661250	1298.8
36.665000	1325.6
36.668750	1370.2
36.672500	1325.6
36.676250	1263.8
36.680000	1289.1
36.683750	1211.5
36.687500	1214.9
36.691250	1278.8
36.695000	1261.6
36.698750	1219.0
36.702500	1259.9
36.706250	1258.2
36.710000	1283.2
36.713750	1261.9
36.717500	1237.7
36.721250	1294.2
36.725000	1248.3
36.728750	1196.3
36.732500	1294.0
36.736250	1268.2
36.740000	1215.7
36.743750	1262.6
36.747500	1290.6
36.751250	1299.9
36.755000	1322.5
36.758750	1317.4
36.762500	1340.2
36.766250	1308.3
36.770000	1267.8
36.773750	1331.8
36.777500	1329.0
36.781250	1310.8
36.785000	1309.7
36.788750	1278.3
36.792500	1320.2
36.796250	1263.6
36.800000	1293.4
36.803750	1306.6
36.807500	1347.0
36.811250	1392.3
36.815000	1346.8
36.818750	1302.3
36.822500	1373.5
36.826250	1397.0
36.830000	1325.9
36.833750	1340.5
36.837500	1325.0
36.841250	1359.4
36.845000	1365.4
36.848750	1326.0
36.852500	1375.2
36.856250	1407.6
36.860000	1371.3
36.863750	1346.3
36.867500	1316.2
36.871250	1355.2
36.875000	1368.3
36.878750	1378.9
36.882500	1440.2
36.886250	1464.2
36.890000	1416.0
36.893750	1441.3
36.897500	1443.5
36.901250	1420.8
36.905000	1431.8
36.908750	1467.1
36.912500	1480.5
36.916250	1482.2
36.920000	1502.5
36.923750	1450.4
36.927500	1403.7
36.931250	1430.6
36.935000	1466.0
36.938750	1519.1
36.942500	1593.6
36.946250	1542.4
36.950000	1544.2
36.953750	1560.9
36.957500	1583.3
36.961250	1448.5
36.965000	1542.4
36.968750	1532.2
36.972500	1561.9
36.976250	1579.7
36.980000	1514.7
36.983750	1554.8
36.987500	1558.0
36.991250	1521.4
36.995000	1583.7
36.998750	1637.4
37.002500	1493.4
37.006250	1510.1
37.010000	1530.4
37.013750	1452.1
37.017500	1551.6
37.021250	1505.8
37.025000	1506.9
37.028750	1439.7
37.032500	1460.0
37.036250	1422.3
37.040000	1460.0
37.043750	1408.6
37.047500	1438.9
37.051250	1420.6
37.055000	1451.9
37.058750	1363.0
37.062500	1378.3
37.066250	1432.3
37.070000	1423.3
37.073750	1403.4
37.077500	1386.0
37.081250	1359.9
37.085000	1351.8
37.088750	1300.9
37.092500	1332.0
37.096250	1321.2
37.100000	1356.3
37.103750	1303.8
37.107500	1377.6
37.111250	1288.9
37.115000	1301.4
37.118750	1336.2
37.122500	1340.1
37.126250	1266.6
37.130000	1279.0
37.133750	1254.2
37.137500	1286.6
37.141250	1235.2
37.145000	1168.2
37.148750	1209.9
37.152500	1195.4
37.156250	1184.6
37.160000	1232.8
37.163750	1205.1
37.167500	1182.6
37.171250	1190.7
37.175000	1153.9
37.178750	1140.1
37.182500	1131.8
37.186250	1132.6
37.190000	1109.5
37.193750	1131.2
37.197500	1165.0
37.201250	1125.2
37.205000	1164.2
37.208750	1114.4
37.212500	1090.7
37.216250	1112.4
37.220000	1100.8
37.223750	1114.0
37.227500	1099.1
37.231250	1133.1
37.235000	1122.0
37.238750	1109.0
37.242500	1096.2
37.246250	1048.7
37.250000	1037.7
37.253750	1047.8
37.257500	1049.6
37.261250	1068.2
37.265000	1048.3
37.268750	1031.2
37.272500	1087.1
37.276250	1082.9
37.280000	1067.8
37.283750	1097.5
37.287500	1002.0
37.291250	974.4
37.295000	1066.1
37.298750	1042.5
37.302500	1012.1
37.306250	1053.6
37.310000	983.7
37.313750	987.6
37.317500	1011.4
37.321250	963.9
37.325000	1040.9
37.328750	1021.4
37.332500	991.3
37.336250	967.5
37.340000	978.1
37.343750	996.3
37.347500	971.6
37.351250	985.9
37.355000	968.4
37.358750	915.0
37.362500	943.3
37.366250	999.3
37.370000	992.4
37.373750	966.3
37.377500	973.2
37.381250	939.8
37.385000	959.1
37.388750	954.7
37.392500	975.3
37.396250	970.9
37.400000	992.4
37.403750	998.6
37.407500	951.6
37.411250	974.2
37.415000	948.9
37.418750	977.2
37.422500	966.9
37.426250	977.7
37.430000	953.8
37.433750	955.5
37.437500	967.8
37.441250	951.2
37.445000	962.8
37.448750	968.0
37.452500	948.3
37.456250	957.2
37.460000	908.2
37.463750	902.5
37.467500	933.5
37.471250	938.1
37.475000	930.9
37.478750	958.9
37.482500	895.4
37.486250	919.6
37.490000	992.3
37.493750	969.3
37.497500	895.4
37.501250	936.3
37.505000	966.9
37.508750	992.0
37.512500	937.1
37.516250	932.3
37.520000	955.2
37.523750	942.6
37.527500	918.0
37.531250	915.1
37.535000	947.2
37.538750	943.5
37.542500	924.3
37.546250	878.3
37.550000	891.7
37.553750	1005.7
37.557500	950.6
37.561250	899.9
37.565000	920.9
37.568750	912.4
37.572500	936.8
37.576250	945.0
37.580000	952.8
37.583750	905.1
37.587500	931.2
37.591250	938.0
37.595000	968.2
37.598750	916.8
37.602500	930.6
37.606250	967.1
37.610000	939.4
37.613750	979.8
37.617500	970.8
37.621250	981.3
37.625000	972.2
37.628750	920.2
37.632500	922.8
37.636250	961.1
37.640000	908.5
37.643750	918.2
37.647500	896.2
37.651250	938.8
37.655000	933.3
37.658750	948.2
37.662500	951.6
37.666250	951.2
37.670000	969.5
37.673750	958.7
37.677500	921.4
37.681250	921.3
37.685000	955.8
37.688750	948.4
37.692500	928.6
37.696250	932.9
37.700000	1024.4
37.703750	951.4
37.707500	874.0
37.711250	931.4
37.715000	965.3
37.718750	989.9
37.722500	1020.2
37.726250	959.6
37.730000	955.4
37.733750	965.0
37.737500	972.1
37.741250	989.6
37.745000	967.5
37.748750	1015.3
37.752500	948.5
37.756250	1025.1
37.760000	1110.9
37.763750	1108.6
37.767500	1142.1
37.771250	1168.6
37.775000	1242.3
37.778750	1343.3
37.782500	1428.9
37.786250	1405.4
37.790000	1412.1
37.793750	1395.5
37.797500	1380.6
37.801250	1395.6
37.805000	1437.4
37.808750	1404.6
37.812500	1296.0
37.816250	1124.0
37.820000	1127.4
37.823750	1108.7
37.827500	1022.7
37.831250	954.3
37.835000	1015.2
37.838750	1044.9
37.842500	1038.6
37.846250	993.8
37.850000	984.5
37.853750	1027.8
37.857500	1001.7
37.861250	980.5
37.865000	1013.4
37.868750	985.6
37.872500	980.2
37.876250	999.0
37.880000	1039.0
37.883750	1061.1
37.887500	1028.6
37.891250	1041.9
37.895000	1041.5
37.898750	1033.5
37.902500	1057.0
37.906250	1031.5
37.910000	1046.1
37.913750	1046.0
37.917500	999.3
37.921250	1063.1
37.925000	1076.2
37.928750	1088.6
37.932500	1104.1
37.936250	1097.7
37.940000	1067.7
37.943750	1073.5
37.947500	1046.6
37.951250	1074.8
37.955000	1136.2
37.958750	1154.4
37.962500	1154.5
37.966250	1146.8
37.970000	1164.4
37.973750	1138.6
37.977500	1173.7
37.981250	1147.2
37.985000	1133.4
37.988750	1086.8
37.992500	1201.6
37.996250	1165.2
38.000000	1157.8
38.003750	1177.7
38.007500	1169.9
38.011250	1181.3
38.015000	1245.0
38.018750	1286.6
38.022500	1254.3
38.026250	1243.5
38.030000	1284.0
38.033750	1264.3
38.037500	1268.9
38.041250	1261.7
38.045000	1200.1
38.048750	1243.3
38.052500	1250.1
38.056250	1293.2
38.060000	1317.7
38.063750	1271.6
38.067500	1239.6
38.071250	1243.7
38.075000	1333.3
38.078750	1256.2
38.082500	1311.5
38.086250	1312.9
38.090000	1309.4
38.093750	1288.8
38.097500	1337.9
38.101250	1332.1
38.105000	1342.9
38.108750	1329.1
38.112500	1328.8
38.116250	1344.0
38.120000	1358.3
38.123750	1297.4
38.127500	1264.1
38.131250	1338.1
38.135000	1341.5
38.138750	1338.7
38.142500	1397.1
38.146250	1378.7
38.150000	1333.0
38.153750	1367.2
38.157500	1365.1
38.161250	1407.9
38.165000	1336.5
38.168750	1290.3
38.172500	1278.7
38.176250	1309.7
38.180000	1348.5
38.183750	1356.2
38.187500	1276.8
38.191250	1345.3
38.195000	1285.4
38.198750	1307.1
38.202500	1330.6
38.206250	1232.1
38.210000	1298.0
38.213750	1273.5
38.217500	1294.8
38.221250	1337.2
38.225000	1246.6
38.228750	1252.2
38.232500	1216.2
38.236250	1240.7
38.240000	1178.0
38.243750	1211.4
38.247500	1227.0
38.251250	1282.9
38.255000	1200.6
38.258750	1189.6
38.262500	1210.7
38.266250	1250.5
38.270000	1215.0
38.273750	1171.6
38.277500	1200.3
38.281250	1143.4
38.285000	1192.8
38.288750	1182.3
38.292500	1217.7
38.296250	1128.0
38.300000	1142.2
38.303750	1111.4
38.307500	1142.1
38.311250	1176.7
38.315000	1166.4
38.318750	1188.8
38.322500	1211.0
38.326250	1121.9
38.330000	1063.6
38.333750	1121.5
38.337500	1124.1
38.341250	1078.8
38.345000	1098.3
38.348750	1099.0
38.352500	1098.8
38.356250	1152.0
38.360000	1054.7
38.363750	1060.4
38.367500	1128.6
38.371250	1114.7
38.375000	1126.2
38.378750	1027.0
38.382500	1076.1
38.386250	1022.5
38.390000	1014.4
38.393750	1068.2
38.397500	1027.5
38.401250	1065.5
38.405000	1019.7
38.408750	1049.5
38.412500	1083.3
38.416250	983.0
38.420000	1029.1
38.423750	1005.6
38.427500	995.3
38.431250	1031.8
38.435000	1077.4
38.438750	1000.9
38.442500	1000.0
38.446250	988.8
38.450000	1033.3
38.453750	1036.8
38.457500	1063.2
38.461250	1014.9
38.465000	1035.7
38.468750	1041.5
38.472500	968.4
38.476250	1020.9
38.480000	1022.0
38.483750	1023.4
38.487500	992.0
38.491250	991.0
38.495000	1040.7
38.498750	968.3
38.502500	955.8
38.506250	987.6
38.510000	1017.9
38.513750	1000.4
38.517500	974.1
38.521250	975.5
38.525000	969.1
38.528750	992.2
38.532500	934.7
38.536250	966.0
38.540000	972.4
38.543750	992.8
38.547500	1007.6
38.551250	996.9
38.555000	986.1
38.558750	956.6
38.562500	1053.0
38.566250	963.3
38.570000	945.2
38.573750	965.6
38.577500	937.5
38.581250	942.8
38.585000	969.6
38.588750	940.4
38.592500	961.4
38.596250	983.5
38.600000	976.7
38.603750	991.5
38.607500	998.8
38.611250	975.9
38.615000	970.5
38.618750	970.9
38.622500	983.9
38.626250	985.1
38.630000	990.1
38.633750	970.3
38.637500	918.4
38.641250	949.8
38.645000	951.6
38.648750	972.1
38.652500	948.1
38.656250	950.6
38.660000	972.5
38.663750	986.0
38.667500	977.8
38.671250	961.5
38.675000	982.0
38.678750	981.2
38.682500	949.9
38.686250	956.5
38.690000	997.4
38.693750	957.1
38.697500	978.1
38.701250	1038.8
38.705000	960.2
38.708750	968.8
38.712500	1004.2
38.716250	971.5
38.720000	952.4
38.723750	982.5
38.727500	958.6
38.731250	937.6
38.735000	892.1
38.738750	936.4
38.742500	972.0
38.746250	999.2
38.750000	944.6
38.753750	965.1
38.757500	966.3
38.761250	1049.2
38.765000	1023.9
38.768750	1032.6
38.772500	984.6
38.776250	980.5
38.780000	1054.2
38.783750	1020.7
38.787500	988.9
38.791250	1068.9
38.795000	1060.2
38.798750	1033.1
38.802500	1006.3
38.806250	1039.8
38.810000	1042.0
38.813750	1030.4
38.817500	992.7
38.821250	1028.3
38.825000	1060.0
38.828750	1060.2
38.832500	1069.1
38.836250	988.7
38.840000	1007.9
38.843750	1050.0
38.847500	1056.5
38.851250	1063.0
38.855000	1032.9
38.858750	1025.7
38.862500	1083.4
38.866250	1055.3
38.870000	1038.0
38.873750	1084.8
38.877500	1067.0
38.881250	1087.6
38.885000	1085.6
38.888750	1093.9
38.892500	1069.4
38.896250	1084.8
38.900000	1045.3
38.903750	1065.8
38.907500	1072.7
38.911250	1066.2
38.915000	1063.6
38.918750	1071.8
38.922500	1054.6
38.926250	1059.8
38.930000	1123.2
38.933750	1075.3
38.937500	1087.3
38.941250	1092.5
38.945000	972.3
38.948750	1051.0
38.952500	1130.6
38.956250	1087.3
38.960000	1068.4
38.963750	1004.8
38.967500	1029.0
38.971250	1104.1
38.975000	1107.3
38.978750	1091.8
38.982500	1082.8
38.986250	1084.1
38.990000	1051.7
38.993750	1085.3
38.997500	1109.7
39.001250	1131.0
39.005000	1119.2
39.008750	1098.0
39.012500	1108.2
39.016250	1123.6
39.020000	1097.8
39.023750	1155.0
39.027500	1106.1
39.031250	1093.2
39.035000	1134.1
39.038750	1129.1
39.042500	1101.5
39.046250	1092.0
39.050000	1141.7
39.053750	1143.2
39.057500	1100.6
39.061250	1136.0
39.065000	1144.4
39.068750	1166.7
39.072500	1172.4
39.076250	1118.8
39.080000	1185.8
39.083750	1202.8
39.087500	1211.5
39.091250	1216.2
39.095000	1197.4
39.098750	1180.9
39.102500	1196.5
39.106250	1226.1
39.110000	1167.3
39.113750	1121.5
39.117500	1183.3
39.121250	1117.7
39.125000	1119.5
39.128750	1169.9
39.132500	1196.6
39.136250	1197.2
39.140000	1192.6
39.143750	1203.9
39.147500	1139.3
39.151250	1159.6
39.155000	1140.7
39.158750	1184.4
39.162500	1106.8
39.166250	1153.2
39.170000	1190.8
39.173750	1170.2
39.177500	1171.8
39.181250	1174.3
39.185000	1150.5
39.188750	1128.7
39.192500	1163.8
39.196250	1172.2
39.200000	1171.8
39.203750	1201.2
39.207500	1212.9
39.211250	1183.5
39.215000	1254.9
39.218750	1239.4
39.222500	1208.6
39.226250	1163.1
39.230000	1151.3
39.233750	1214.2
39.237500	1221.6
39.241250	1164.5
39.245000	1184.5
39.248750	1229.6
39.252500	1156.1
39.256250	1206.7
39.260000	1241.4
39.263750	1232.7
39.267500	1200.0
39.271250	1193.5
39.275000	1234.8
39.278750	1186.5
39.282500	1159.5
39.286250	1247.6
39.290000	1213.2
39.293750	1215.8
39.297500	1233.3
39.301250	1224.6
39.305000	1254.4
39.308750	1198.3
39.312500	1169.0
39.316250	1164.9
39.320000	1146.6
39.323750	1262.0
39.327500	1237.5
39.331250	1246.7
39.335000	1170.7
39.338750	1180.9
39.342500	1206.2
39.346250	1185.9
39.350000	1159.6
39.353750	1163.2
39.357500	1167.7
39.361250	1152.8
39.365000	1175.7
39.368750	1133.3
39.372500	1109.6
39.376250	1195.0
39.380000	1110.8
39.383750	1115.9
39.387500	1111.1
39.391250	1140.2
39.395000	1093.2
39.398750	1107.8
39.402500	1157.5
39.406250	1090.8
39.410000	1111.0
39.413750	1064.5
39.417500	1109.8
39.421250	1108.8
39.425000	1071.2
39.428750	1089.7
39.432500	1103.7
39.436250	1076.4
39.440000	1054.6
39.443750	986.8
39.447500	1089.4
39.451250	1037.2
39.455000	1078.1
39.458750	1038.5
39.462500	1053.4
39.466250	1053.9
39.470000	1112.2
39.473750	1040.1
39.477500	1011.1
39.481250	1019.3
39.485000	978.0
39.488750	1095.2
39.492500	1055.1
39.496250	1033.2
39.500000	1036.7
39.503750	1025.1
39.507500	1040.9
39.511250	1081.6
39.515000	1020.5
39.518750	1004.6
39.522500	1036.6
39.526250	1069.3
39.530000	1035.4
39.533750	1052.5
39.537500	1027.2
39.541250	1026.7
39.545000	1051.5
39.548750	1050.7
39.552500	1047.1
39.556250	1157.3
39.560000	1083.1
39.563750	1064.7
39.567500	1094.7
39.571250	1088.6
39.575000	1064.3
39.578750	1092.4
39.582500	1100.5
39.586250	1083.8
39.590000	1084.6
39.593750	1079.6
39.597500	1088.1
39.601250	1104.3
39.605000	1028.6
39.608750	1109.6
39.612500	1035.5
39.616250	995.0
39.620000	1043.0
39.623750	1047.3
39.627500	1039.8
39.631250	984.6
39.635000	1008.0
39.638750	983.5
39.642500	919.8
39.646250	921.0
39.650000	1033.9
39.653750	970.8
39.657500	978.0
39.661250	901.4
39.665000	906.7
39.668750	941.4
39.672500	927.9
39.676250	920.1
39.680000	975.9
39.683750	934.2
39.687500	925.6
39.691250	929.7
39.695000	892.2
39.698750	931.2
39.702500	928.2
39.706250	907.6
39.710000	910.1
39.713750	926.7
39.717500	942.0
39.721250	988.9
39.725000	954.3
39.728750	929.2
39.732500	971.2
39.736250	998.3
39.740000	925.4
39.743750	1020.5
39.747500	937.7
39.751250	904.2
39.755000	939.0
39.758750	951.1
39.762500	983.3
39.766250	918.7
39.770000	943.5
39.773750	901.1
39.777500	900.0
39.781250	939.6
39.785000	932.2
39.788750	975.0
39.792500	915.4
39.796250	944.5
39.800000	938.0
39.803750	986.6
39.807500	945.0
39.811250	909.9
39.815000	942.1
39.818750	903.4
39.822500	916.0
39.826250	953.1
39.830000	955.0
39.833750	900.3
39.837500	933.2
39.841250	951.3
39.845000	929.7
39.848750	938.1
39.852500	948.5
39.856250	950.6
39.860000	913.3
39.863750	907.0
39.867500	922.0
39.871250	995.6
39.875000	1001.3
39.878750	975.8
39.882500	967.9
39.886250	997.6
39.890000	972.4
39.893750	973.2
39.897500	994.3
39.901250	940.9
39.905000	966.9
39.908750	972.8
39.912500	976.1
39.916250	938.6
39.920000	920.1
39.923750	936.4
39.927500	908.3
39.931250	944.3
39.935000	958.6
39.938750	957.9
39.942500	996.8
39.946250	1012.2
39.950000	905.4
39.953750	1009.1
39.957500	1011.7
39.961250	949.9
39.965000	1037.9
39.968750	1017.4
39.972500	1035.8
39.976250	1025.9
39.980000	1036.0
39.983750	1012.4
39.987500	1010.4
39.991250	1016.6
39.995000	1027.8
39.998750	995.5
40.002500	984.8
40.006250	1025.1
40.010000	1003.4
40.013750	1009.6
40.017500	1020.1
40.021250	1018.3
40.025000	1015.0
40.028750	1023.5
40.032500	1000.8
40.036250	1072.2
40.040000	1095.7
40.043750	1071.0
40.047500	1061.4
40.051250	1032.9
40.055000	1053.0
40.058750	1090.9
40.062500	1082.2
40.066250	1104.7
40.070000	1082.5
40.073750	1090.0
40.077500	1073.1
40.081250	1044.4
40.085000	1057.3
40.088750	1105.1
40.092500	1051.2
40.096250	1046.1
40.100000	1138.4
40.103750	1079.3
40.107500	1016.0
40.111250	1009.0
40.115000	973.4
40.118750	1056.5
40.122500	1031.3
40.126250	975.2
40.130000	997.8
40.133750	1016.5
40.137500	982.8
40.141250	1029.6
40.145000	1056.7
40.148750	1045.0
40.152500	1055.5
40.156250	1065.4
40.160000	1008.1
40.163750	1018.2
40.167500	1053.1
40.171250	1071.9
40.175000	1044.8
40.178750	1038.2
40.182500	1049.1
40.186250	1087.7
40.190000	1072.9
40.193750	1095.9
40.197500	1059.6
40.201250	1082.7
40.205000	1181.0
40.208750	1098.5
40.212500	1152.6
40.216250	1114.7
40.220000	1074.9
40.223750	1060.3
40.227500	1098.3
40.231250	1063.3
40.235000	1072.8
40.238750	1074.7
40.242500	1055.4
40.246250	1051.8
40.250000	1089.8
40.253750	1078.9
40.257500	1016.2
40.261250	1030.2
40.265000	1060.4
40.268750	1124.3
40.272500	1032.6
40.276250	1051.2
40.280000	1046.5
40.283750	1013.5
40.287500	1030.3
40.291250	1069.7
40.295000	1074.9
40.298750	1015.7
40.302500	1004.3
40.306250	1061.3
40.310000	1119.3
40.313750	1091.7
40.317500	1056.1
40.321250	1064.0
40.325000	1138.4
40.328750	1082.4
40.332500	1066.7
40.336250	1047.1
40.340000	1139.1
40.343750	1088.0
40.347500	1110.0
40.351250	1101.5
40.355000	1106.9
40.358750	1095.8
40.362500	1050.2
40.366250	1047.0
40.370000	1074.6
40.373750	1077.1
40.377500	1185.5
40.381250	1029.4
40.385000	1071.4
40.388750	1140.7
40.392500	1065.0
40.396250	1173.5
40.400000	1122.1
40.403750	1078.3
40.407500	1106.4
40.411250	1106.1
40.415000	1188.1
40.418750	1112.0
40.422500	1091.1
40.426250	1079.1
40.430000	1147.8
40.433750	1098.8
40.437500	1145.7
40.441250	1081.3
40.445000	1105.1
40.448750	1110.6
40.452500	1060.7
40.456250	1038.0
40.460000	1097.7
40.463750	1139.2
40.467500	1128.0
40.471250	1096.2
40.475000	1076.6
40.478750	1093.8
40.482500	1055.5
40.486250	1077.9
40.490000	1129.6
40.493750	1094.3
40.497500	1078.6
40.501250	1074.3
40.505000	1120.9
40.508750	1125.6
40.512500	1107.8
40.516250	1086.1
40.520000	1027.2
40.523750	1065.0
40.527500	1094.2
40.531250	1085.8
40.535000	1056.4
40.538750	1089.2
40.542500	1082.0
40.546250	1106.2
40.550000	1038.6
40.553750	994.5
40.557500	1054.9
40.561250	999.8
40.565000	1000.5
40.568750	1057.1
40.572500	1025.5
40.576250	1022.2
40.580000	983.0
40.583750	957.6
40.587500	993.1
40.591250	999.3
40.595000	988.3
40.598750	923.7
40.602500	984.8
40.606250	1061.2
40.610000	1019.8
40.613750	929.7
40.617500	988.7
40.621250	949.1
40.625000	948.2
40.628750	983.1
40.632500	991.7
40.636250	981.1
40.640000	970.5
40.643750	928.5
40.647500	990.1
40.651250	934.4
40.655000	981.4
40.658750	919.6
40.662500	935.3
40.666250	930.7
40.670000	971.4
40.673750	957.8
40.677500	918.3
40.681250	1004.0
40.685000	930.3
40.688750	930.5
40.692500	979.0
40.696250	953.8
40.700000	923.5
40.703750	886.2
40.707500	896.7
40.711250	940.1
40.715000	952.8
40.718750	928.8
40.722500	943.8
40.726250	891.6
40.730000	820.2
40.733750	911.3
40.737500	864.7
40.741250	887.9
40.745000	894.3
40.748750	890.0
40.752500	894.4
40.756250	864.8
40.760000	902.9
40.763750	896.4
40.767500	888.6
40.771250	940.1
40.775000	906.8
40.778750	833.5
40.782500	866.3
40.786250	865.4
40.790000	881.7
40.793750	904.9
40.797500	894.3
40.801250	879.5
40.805000	872.7
40.808750	868.8
40.812500	923.0
40.816250	898.0
40.820000	879.0
40.823750	878.1
40.827500	846.1
40.831250	870.1
40.835000	910.2
40.838750	866.1
40.842500	881.4
40.846250	915.3
40.850000	878.3
40.853750	869.5
40.857500	859.1
40.861250	840.1
40.865000	846.4
40.868750	836.2
40.872500	891.7
40.876250	887.3
40.880000	815.4
40.883750	813.6
40.887500	929.0
40.891250	871.0
40.895000	857.2
40.898750	852.0
40.902500	872.5
40.906250	864.2
40.910000	895.6
40.913750	885.9
40.917500	833.7
40.921250	857.3
40.925000	859.7
40.928750	843.4
40.932500	919.2
40.936250	925.1
40.940000	868.8
40.943750	888.7
40.947500	881.0
40.951250	887.7
40.955000	852.0
40.958750	819.4
40.962500	845.3
40.966250	844.3
40.970000	862.4
40.973750	858.2
40.977500	866.9
40.981250	902.9
40.985000	837.7
40.988750	858.8
40.992500	867.5
40.996250	902.7
41.000000	927.1
41.003750	833.4
41.007500	868.9
41.011250	842.2
41.015000	785.2
41.018750	834.2
41.022500	844.4
41.026250	806.0
41.030000	827.4
41.033750	873.3
41.037500	891.5
41.041250	906.4
41.045000	857.6
41.048750	877.8
41.052500	873.8
41.056250	876.5
41.060000	854.4
41.063750	788.6
41.067500	857.4
41.071250	924.6
41.075000	852.5
41.078750	816.5
41.082500	860.0
41.086250	808.7
41.090000	816.9
41.093750	824.8
41.097500	809.2
41.101250	831.0
41.105000	804.9
41.108750	863.1
41.112500	871.0
41.116250	836.5
41.120000	861.3
41.123750	838.2
41.127500	833.7
41.131250	849.5
41.135000	848.6
41.138750	856.3
41.142500	845.0
41.146250	822.9
41.150000	851.9
41.153750	916.3
41.157500	904.0
41.161250	857.5
41.165000	870.4
41.168750	840.4
41.172500	750.7
41.176250	888.4
41.180000	854.2
41.183750	867.6
41.187500	893.2
41.191250	916.9
41.195000	851.9
41.198750	851.8
41.202500	924.3
41.206250	912.6
41.210000	876.9
41.213750	879.0
41.217500	852.9
41.221250	895.7
41.225000	904.6
41.228750	900.9
41.232500	904.8
41.236250	910.6
41.240000	863.6
41.243750	871.7
41.247500	809.2
41.251250	856.6
41.255000	865.0
41.258750	857.7
41.262500	867.7
41.266250	828.8
41.270000	836.8
41.273750	906.7
41.277500	809.8
41.281250	840.6
41.285000	914.5
41.288750	901.5
41.292500	908.9
41.296250	935.3
41.300000	873.3
41.303750	855.5
41.307500	877.8
41.311250	869.3
41.315000	886.3
41.318750	884.7
41.322500	885.8
41.326250	901.7
41.330000	917.8
41.333750	887.5
41.337500	876.0
41.341250	805.6
41.345000	899.7
41.348750	922.8
41.352500	911.2
41.356250	916.5
41.360000	917.8
41.363750	913.6
41.367500	921.4
41.371250	908.3
41.375000	893.0
41.378750	913.2
41.382500	907.7
41.386250	916.4
41.390000	879.9
41.393750	947.1
41.397500	943.5
41.401250	965.4
41.405000	899.0
41.408750	892.6
41.412500	987.7
41.416250	995.8
41.420000	967.2
41.423750	1007.0
41.427500	1035.2
41.431250	1020.0
41.435000	1094.6
41.438750	1050.1
41.442500	1073.2
41.446250	1075.1
41.450000	1009.3
41.453750	1073.9
41.457500	1062.7
41.461250	1077.8
41.465000	1059.3
41.468750	1051.7
41.472500	1016.7
41.476250	1073.8
41.480000	1041.0
41.483750	1114.4
41.487500	1032.5
41.491250	1051.3
41.495000	1011.2
41.498750	1006.8
41.502500	1050.5
41.506250	1016.6
41.510000	936.9
41.513750	925.8
41.517500	970.4
41.521250	946.2
41.525000	880.8
41.528750	902.5
41.532500	887.3
41.536250	861.2
41.540000	864.0
41.543750	915.4
41.547500	881.1
41.551250	894.6
41.555000	892.6
41.558750	930.3
41.562500	860.3
41.566250	920.1
41.570000	915.8
41.573750	894.3
41.577500	907.2
41.581250	922.3
41.585000	896.4
41.588750	899.0
41.592500	856.6
41.596250	865.4
41.600000	879.2
41.603750	887.8
41.607500	829.0
41.611250	889.9
41.615000	897.8
41.618750	902.4
41.622500	875.5
41.626250	948.2
41.630000	891.0
41.633750	910.2
41.637500	866.5
41.641250	840.2
41.645000	889.6
41.648750	895.3
41.652500	869.9
41.656250	886.4
41.660000	875.4
41.663750	906.8
41.667500	871.9
41.671250	885.6
41.675000	862.3
41.678750	879.4
41.682500	855.9
41.686250	884.1
41.690000	897.3
41.693750	888.0
41.697500	868.2
41.701250	901.8
41.705000	870.0
41.708750	893.0
41.712500	853.7
41.716250	887.3
41.720000	860.1
41.723750	889.8
41.727500	915.6
41.731250	908.6
41.735000	881.5
41.738750	910.5
41.742500	897.6
41.746250	895.7
41.750000	895.5
41.753750	835.9
41.757500	869.9
41.761250	955.1
41.765000	884.9
41.768750	856.9
41.772500	874.2
41.776250	874.0
41.780000	915.9
41.783750	931.8
41.787500	890.8
41.791250	843.7
41.795000	882.5
41.798750	924.3
41.802500	846.7
41.806250	819.0
41.810000	846.1
41.813750	868.2
41.817500	881.3
41.821250	877.2
41.825000	876.0
41.828750	878.5
41.832500	888.1
41.836250	877.9
41.840000	858.4
41.843750	865.2
41.847500	923.8
41.851250	879.0
41.855000	887.3
41.858750	819.7
41.862500	833.8
41.866250	879.7
41.870000	870.0
41.873750	878.4
41.877500	839.8
41.881250	815.5
41.885000	930.9
41.888750	912.8
41.892500	879.2
41.896250	875.8
41.900000	859.3
41.903750	829.8
41.907500	879.7
41.911250	893.4
41.915000	848.4
41.918750	828.7
41.922500	874.9
41.926250	918.3
41.930000	862.8
41.933750	876.8
41.937500	867.3
41.941250	851.4
41.945000	853.8
41.948750	891.7
41.952500	833.2
41.956250	884.8
41.960000	848.4
41.963750	853.5
41.967500	868.8
41.971250	853.9
41.975000	837.2
41.978750	827.2
41.982500	812.3
41.986250	846.1
41.990000	882.2
41.993750	862.6
41.997500	805.4
42.001250	867.1
42.005000	899.2
42.008750	915.2
42.012500	871.3
42.016250	864.4
42.020000	886.3
42.023750	869.4
42.027500	828.8
42.031250	829.7
42.035000	917.6
42.038750	895.5
42.042500	854.2
42.046250	833.8
42.050000	892.8
42.053750	899.4
42.057500	847.7
42.061250	820.1
42.065000	912.8
42.068750	885.9
42.072500	878.1
42.076250	896.2
42.080000	868.1
42.083750	847.9
42.087500	889.9
42.091250	885.0
42.095000	871.4
42.098750	873.6
42.102500	884.0
42.106250	849.1
42.110000	846.5
42.113750	865.1
42.117500	788.5
42.121250	830.3
42.125000	879.7
42.128750	871.8
42.132500	890.3
42.136250	939.6
42.140000	879.4
42.143750	885.8
42.147500	881.2
42.151250	891.4
42.155000	932.9
42.158750	889.6
42.162500	863.4
42.166250	884.9
42.170000	861.0
42.173750	842.9
42.177500	914.3
42.181250	893.3
42.185000	899.6
42.188750	896.8
42.192500	922.8
42.196250	883.7
42.200000	872.8
42.203750	897.7
42.207500	937.8
42.211250	883.6
42.215000	872.8
42.218750	911.5
42.222500	892.2
42.226250	822.5
42.230000	841.7
42.233750	914.3
42.237500	862.4
42.241250	904.6
42.245000	910.8
42.248750	897.4
42.252500	908.3
42.256250	918.9
42.260000	884.4
42.263750	913.0
42.267500	946.9
42.271250	924.7
42.275000	929.3
42.278750	914.9
42.282500	900.9
42.286250	949.7
42.290000	917.5
42.293750	916.6
42.297500	929.1
42.301250	940.4
42.305000	1006.2
42.308750	991.2
42.312500	991.5
42.316250	984.4
42.320000	1017.6
42.323750	1056.3
42.327500	1063.4
42.331250	1056.5
42.335000	1054.4
42.338750	1064.2
42.342500	1099.3
42.346250	1174.0
42.350000	1148.9
42.353750	1162.3
42.357500	1159.5
42.361250	1197.0
42.365000	1210.6
42.368750	1124.8
42.372500	1207.9
42.376250	1171.0
42.380000	1137.8
42.383750	1144.1
42.387500	1057.8
42.391250	978.2
42.395000	1002.7
42.398750	1003.0
42.402500	962.0
42.406250	1005.2
42.410000	992.9
42.413750	985.3
42.417500	966.7
42.421250	1050.6
42.425000	1026.5
42.428750	1033.8
42.432500	1027.9
42.436250	949.5
42.440000	1020.6
42.443750	1015.6
42.447500	1009.1
42.451250	970.3
42.455000	965.3
42.458750	965.2
42.462500	993.0
42.466250	1003.0
42.470000	1053.2
42.473750	1015.8
42.477500	999.0
42.481250	994.8
42.485000	973.8
42.488750	1011.1
42.492500	985.6
42.496250	993.6
42.500000	984.2
42.503750	1006.2
42.507500	1015.8
42.511250	1029.1
42.515000	1031.3
42.518750	1041.5
42.522500	1043.8
42.526250	1076.0
42.530000	1063.6
42.533750	940.3
42.537500	991.5
42.541250	992.3
42.545000	1001.2
42.548750	1045.0
42.552500	1068.7
42.556250	1055.8
42.560000	1077.7
42.563750	1101.9
42.567500	1108.2
42.571250	1102.3
42.575000	1160.0
42.578750	1185.3
42.582500	1307.6
42.586250	1323.1
42.590000	1304.9
42.593750	1332.0
42.597500	1337.1
42.601250	1275.7
42.605000	1390.5
42.608750	1350.5
42.612500	1301.4
42.616250	1262.3
42.620000	1261.8
42.623750	1184.5
42.627500	1144.4
42.631250	1179.9
42.635000	1114.5
42.638750	1157.5
42.642500	1061.0
42.646250	1066.0
42.650000	1065.2
42.653750	1142.7
42.657500	1230.7
42.661250	1191.7
42.665000	1200.1
42.668750	1176.0
42.672500	1190.4
42.676250	1191.7
42.680000	1174.5
42.683750	1211.8
42.687500	1157.9
42.691250	1175.9
42.695000	1097.4
42.698750	1104.8
42.702500	1086.3
42.706250	1079.2
42.710000	1050.7
42.713750	1036.5
42.717500	1029.7
42.721250	1038.1
42.725000	1054.8
42.728750	1022.9
42.732500	1023.6
42.736250	1002.7
42.740000	1026.3
42.743750	1092.8
42.747500	1045.9
42.751250	1002.7
42.755000	999.3
42.758750	1017.5
42.762500	1028.8
42.766250	990.3
42.770000	998.7
42.773750	1055.3
42.777500	1051.8
42.781250	1041.7
42.785000	1023.9
42.788750	1043.5
42.792500	1005.3
42.796250	984.5
42.800000	1001.3
42.803750	1039.2
42.807500	1030.3
42.811250	1020.9
42.815000	994.3
42.818750	995.8
42.822500	1048.3
42.826250	999.2
42.830000	972.6
42.833750	1032.4
42.837500	1053.0
42.841250	1011.4
42.845000	1036.5
42.848750	1028.2
42.852500	1030.6
42.856250	939.4
42.860000	1000.0
42.863750	1021.5
42.867500	1030.9
42.871250	1007.8
42.875000	984.0
42.878750	1037.3
42.882500	968.8
42.886250	964.0
42.890000	990.4
42.893750	964.2
42.897500	953.2
42.901250	939.3
42.905000	931.7
42.908750	960.4
42.912500	993.2
42.916250	939.7
42.920000	894.9
42.923750	916.6
42.927500	968.4
42.931250	913.3
42.935000	962.8
42.938750	915.0
42.942500	950.2
42.946250	956.4
42.950000	953.0
42.953750	942.4
42.957500	946.5
42.961250	955.5
42.965000	892.6
42.968750	953.7
42.972500	937.6
42.976250	1020.4
42.980000	985.4
42.983750	948.0
42.987500	961.0
42.991250	910.3
42.995000	964.5
42.998750	938.4
43.002500	919.2
43.006250	932.3
43.010000	965.5
43.013750	996.0
43.017500	962.0
43.021250	946.8
43.025000	1050.4
43.028750	975.4
43.032500	941.3
43.036250	920.8
43.040000	997.4
43.043750	946.2
43.047500	1031.8
43.051250	984.6
43.055000	998.9
43.058750	971.7
43.062500	1044.9
43.066250	1000.1
43.070000	962.7
43.073750	1073.9
43.077500	1006.2
43.081250	996.9
43.085000	994.2
43.088750	1021.2
43.092500	989.6
43.096250	989.3
43.100000	1117.7
43.103750	1048.2
43.107500	1059.3
43.111250	1030.8
43.115000	1010.2
43.118750	1072.1
43.122500	1072.2
43.126250	1098.1
43.130000	1028.4
43.133750	1062.3
43.137500	1081.1
43.141250	1029.6
43.145000	1096.3
43.148750	1053.1
43.152500	1061.9
43.156250	1073.9
43.160000	1046.9
43.163750	1081.7
43.167500	1074.5
43.171250	1101.3
43.175000	1125.6
43.178750	1085.2
43.182500	1102.6
43.186250	1147.4
43.190000	1173.4
43.193750	1148.3
43.197500	1184.6
43.201250	1181.8
43.205000	1132.4
43.208750	1139.8
43.212500	1175.3
43.216250	1111.2
43.220000	1220.6
43.223750	1198.8
43.227500	1160.0
43.231250	1256.5
43.235000	1250.4
43.238750	1244.0
43.242500	1262.8
43.246250	1193.4
43.250000	1252.9
43.253750	1260.3
43.257500	1242.2
43.261250	1328.9
43.265000	1281.1
43.268750	1319.1
43.272500	1302.7
43.276250	1323.3
43.280000	1295.2
43.283750	1271.5
43.287500	1264.6
43.291250	1308.4
43.295000	1313.8
43.298750	1189.0
43.302500	1254.9
43.306250	1186.5
43.310000	1213.1
43.313750	1255.9
43.317500	1167.3
43.321250	1177.8
43.325000	1135.2
43.328750	1133.4
43.332500	1108.0
43.336250	1061.5
43.340000	1131.0
43.343750	1067.1
43.347500	1052.6
43.351250	1095.9
43.355000	1089.2
43.358750	1034.7
43.362500	1075.9
43.366250	1108.5
43.370000	1031.0
43.373750	1096.5
43.377500	1079.8
43.381250	1072.6
43.385000	1103.4
43.388750	1064.6
43.392500	1002.2
43.396250	1010.6
43.400000	1118.5
43.403750	1137.8
43.407500	1088.9
43.411250	1124.8
43.415000	1108.7
43.418750	1144.4
43.422500	1034.1
43.426250	1120.3
43.430000	1160.4
43.433750	1060.7
43.437500	1059.7
43.441250	1055.4
43.445000	1103.5
43.448750	1117.7
43.452500	1110.7
43.456250	1064.8
43.460000	1092.7
43.463750	1072.2
43.467500	1115.0
43.471250	1100.3
43.475000	1130.7
43.478750	1120.3
43.482500	1118.6
43.486250	1089.5
43.490000	1124.4
43.493750	1159.6
43.497500	1157.3
43.501250	1098.2
43.505000	1171.1
43.508750	1169.5
43.512500	1120.1
43.516250	1105.7
43.520000	1163.0
43.523750	1124.9
43.527500	1141.8
43.531250	1167.5
43.535000	1222.3
43.538750	1184.5
43.542500	1166.7
43.546250	1185.4
43.550000	1152.7
43.553750	1160.9
43.557500	1161.9
43.561250	1114.0
43.565000	1219.3
43.568750	1187.8
43.572500	1181.9
43.576250	1234.6
43.580000	1198.1
43.583750	1237.5
43.587500	1246.9
43.591250	1169.8
43.595000	1191.7
43.598750	1244.8
43.602500	1185.3
43.606250	1230.7
43.610000	1260.1
43.613750	1257.1
43.617500	1247.9
43.621250	1286.0
43.625000	1264.0
43.628750	1269.2
43.632500	1269.8
43.636250	1260.8
43.640000	1240.7
43.643750	1220.7
43.647500	1270.0
43.651250	1281.6
43.655000	1229.5
43.658750	1221.4
43.662500	1234.6
43.666250	1219.7
43.670000	1215.5
43.673750	1263.5
43.677500	1236.9
43.681250	1191.1
43.685000	1245.8
43.688750	1221.1
43.692500	1242.2
43.696250	1283.5
43.700000	1311.7
43.703750	1244.6
43.707500	1204.4
43.711250	1191.7
43.715000	1193.0
43.718750	1186.1
43.722500	1237.5
43.726250	1247.6
43.730000	1252.5
43.733750	1183.9
43.737500	1171.2
43.741250	1211.7
43.745000	1196.7
43.748750	1173.7
43.752500	1192.8
43.756250	1212.5
43.760000	1200.4
43.763750	1138.4
43.767500	1171.5
43.771250	1144.0
43.775000	1201.4
43.778750	921.8
43.782500	726.0
43.786250	1179.6
43.790000	1147.7
43.793750	1152.8
43.797500	1127.6
43.801250	1108.3
43.805000	1124.1
43.808750	1140.9
43.812500	1059.1
43.816250	1092.5
43.820000	1131.1
43.823750	1053.1
43.827500	1060.7
43.831250	1106.9
43.835000	1087.7
43.838750	1026.3
43.842500	1060.8
43.846250	1084.0
43.850000	1062.5
43.853750	1034.0
43.857500	1060.0
43.861250	1115.9
43.865000	1055.7
43.868750	1038.2
43.872500	1071.4
43.876250	1029.9
43.880000	1032.8
43.883750	1047.7
43.887500	1031.8
43.891250	1028.6
43.895000	1002.0
43.898750	1004.7
43.902500	1034.4
43.906250	1064.0
43.910000	1040.1
43.913750	956.9
43.917500	1003.2
43.921250	993.5
43.925000	993.2
43.928750	945.8
43.932500	933.8
43.936250	941.8
43.940000	968.2
43.943750	986.6
43.947500	951.6
43.951250	961.8
43.955000	978.4
43.958750	977.3
43.962500	993.7
43.966250	979.5
43.970000	974.9
43.973750	1015.4
43.977500	965.5
43.981250	940.5
43.985000	975.6
43.988750	1011.4
43.992500	941.6
43.996250	961.7
44.000000	991.2
44.003750	1000.8
44.007500	929.1
44.011250	933.3
44.015000	1002.2
44.018750	944.5
44.022500	943.7
44.026250	967.3
44.030000	911.4
44.033750	955.6
44.037500	919.7
44.041250	950.8
44.045000	961.4
44.048750	926.8
44.052500	912.1
44.056250	943.6
44.060000	957.0
44.063750	871.1
44.067500	935.0
44.071250	916.4
44.075000	937.4
44.078750	948.8
44.082500	951.1
44.086250	926.1
44.090000	920.0
44.093750	958.3
44.097500	942.9
44.101250	984.0
44.105000	935.5
44.108750	895.5
44.112500	948.1
44.116250	906.2
44.120000	951.3
44.123750	971.7
44.127500	923.7
44.131250	905.4
44.135000	899.9
44.138750	943.1
44.142500	937.5
44.146250	912.2
44.150000	932.2
44.153750	893.6
44.157500	909.8
44.161250	900.6
44.165000	854.1
44.168750	957.1
44.172500	980.7
44.176250	905.8
44.180000	890.9
44.183750	899.8
44.187500	888.5
44.191250	960.1
44.195000	910.3
44.198750	930.9
44.202500	929.3
44.206250	924.3
44.210000	960.5
44.213750	892.1
44.217500	865.5
44.221250	905.1
44.225000	896.5
44.228750	923.9
44.232500	904.3
44.236250	918.7
44.240000	894.3
44.243750	893.9
44.247500	890.1
44.251250	856.9
44.255000	950.1
44.258750	904.8
44.262500	874.8
44.266250	906.5
44.270000	927.9
44.273750	934.6
44.277500	879.8
44.281250	879.3
44.285000	856.4
44.288750	856.7
44.292500	883.5
44.296250	896.0
44.300000	833.4
44.303750	952.9
44.307500	903.5
44.311250	905.5
44.315000	893.7
44.318750	933.9
44.322500	971.2
44.326250	918.4
44.330000	910.0
44.333750	914.7
44.337500	935.3
44.341250	926.2
44.345000	891.5
44.348750	915.4
44.352500	890.4
44.356250	916.3
44.360000	882.9
44.363750	910.5
44.367500	920.0
44.371250	938.7
44.375000	915.2
44.378750	907.7
44.382500	882.7
44.386250	892.6
44.390000	939.1
44.393750	936.8
44.397500	919.3
44.401250	881.5
44.405000	892.2
44.408750	904.7
44.412500	894.5
44.416250	940.1
44.420000	925.5
44.423750	890.8
44.427500	917.4
44.431250	910.2
44.435000	896.0
44.438750	911.0
44.442500	975.0
44.446250	941.0
44.450000	934.2
44.453750	920.3
44.457500	929.7
44.461250	959.4
44.465000	943.9
44.468750	970.0
44.472500	1006.5
44.476250	919.6
44.480000	1025.6
44.483750	957.5
44.487500	946.1
44.491250	949.7
44.495000	864.4
44.498750	916.3
44.502500	972.3
44.506250	959.0
44.510000	959.5
44.513750	927.4
44.517500	943.1
44.521250	964.2
44.525000	939.7
44.528750	971.9
44.532500	928.7
44.536250	952.1
44.540000	959.0
44.543750	963.8
44.547500	936.2
44.551250	957.4
44.555000	964.8
44.558750	973.7
44.562500	937.7
44.566250	991.8
44.570000	1005.6
44.573750	979.2
44.577500	957.5
44.581250	1048.1
44.585000	963.6
44.588750	969.9
44.592500	962.0
44.596250	997.6
44.600000	1026.6
44.603750	968.2
44.607500	937.0
44.611250	968.7
44.615000	993.1
44.618750	986.5
44.622500	980.1
44.626250	1019.7
44.630000	1027.4
44.633750	966.2
44.637500	974.2
44.641250	1001.9
44.645000	949.0
44.648750	989.2
44.652500	1011.3
44.656250	971.3
44.660000	999.4
44.663750	976.0
44.667500	986.6
44.671250	971.5
44.675000	940.8
44.678750	956.3
44.682500	954.3
44.686250	1020.1
44.690000	1027.1
44.693750	987.4
44.697500	965.9
44.701250	981.5
44.705000	971.1
44.708750	1011.0
44.712500	970.4
44.716250	1021.0
44.720000	963.6
44.723750	963.6
44.727500	1002.6
44.731250	1017.0
44.735000	975.4
44.738750	993.8
44.742500	1002.7
44.746250	974.0
44.750000	950.9
44.753750	971.9
44.757500	983.8
44.761250	949.8
44.765000	1034.2
44.768750	929.7
44.772500	908.9
44.776250	972.4
44.780000	926.7
44.783750	1019.2
44.787500	931.6
44.791250	991.5
44.795000	955.7
44.798750	963.1
44.802500	916.4
44.806250	911.0
44.810000	976.8
44.813750	914.5
44.817500	918.2
44.821250	981.3
44.825000	970.0
44.828750	986.6
44.832500	989.8
44.836250	944.1
44.840000	950.8
44.843750	1005.4
44.847500	960.9
44.851250	949.5
44.855000	880.9
44.858750	961.9
44.862500	962.8
44.866250	867.9
44.870000	950.4
44.873750	908.5
44.877500	884.6
44.881250	886.2
44.885000	915.1
44.888750	933.9
44.892500	868.8
44.896250	988.5
44.900000	967.8
44.903750	965.9
44.907500	915.2
44.911250	959.5
44.915000	867.8
44.918750	911.6
44.922500	923.9
44.926250	960.7
44.930000	944.3
44.933750	895.2
44.937500	916.4
44.941250	934.6
44.945000	964.6
44.948750	909.0
44.952500	945.3
44.956250	930.5
44.960000	951.1
44.963750	877.5
44.967500	918.8
44.971250	933.8
44.975000	957.7
44.978750	946.8
44.982500	907.0
44.986250	982.5
44.990000	936.0
44.993750	934.8
44.997500	981.3
45.001250	924.3
45.005000	891.4
45.008750	972.3
45.012500	1016.2
45.016250	966.2
45.020000	938.8
45.023750	1003.2
45.027500	1018.6
45.031250	956.1
45.035000	949.0
45.038750	970.2
45.042500	988.2
45.046250	988.8
45.050000	940.0
45.053750	937.1
45.057500	939.9
45.061250	960.3
45.065000	962.6
45.068750	984.9
45.072500	975.2
45.076250	926.7
45.080000	919.6
45.083750	906.4
45.087500	908.3
45.091250	868.8
45.095000	889.6
45.098750	900.5
45.102500	876.4
45.106250	853.4
45.110000	886.3
45.113750	886.3
45.117500	893.3
45.121250	883.9
45.125000	908.8
45.128750	939.9
45.132500	848.5
45.136250	834.2
45.140000	858.7
45.143750	942.9
45.147500	896.1
45.151250	903.0
45.155000	894.9
45.158750	872.3
45.162500	876.6
45.166250	863.5
45.170000	842.5
45.173750	908.0
45.177500	902.7
45.181250	870.5
45.185000	835.6
45.188750	885.3
45.192500	895.9
45.196250	893.0
45.200000	887.9
45.203750	903.3
45.207500	877.9
45.211250	857.5
45.215000	908.0
45.218750	847.6
45.222500	851.1
45.226250	850.5
45.230000	812.6
45.233750	852.1
45.237500	910.1
45.241250	912.5
45.245000	880.2
45.248750	877.7
45.252500	914.5
45.256250	875.8
45.260000	837.3
45.263750	897.2
45.267500	888.1
45.271250	864.2
45.275000	925.9
45.278750	918.9
45.282500	872.7
45.286250	897.9
45.290000	881.6
45.293750	906.1
45.297500	827.8
45.301250	836.7
45.305000	843.1
45.308750	883.9
45.312500	943.3
45.316250	882.7
45.320000	886.8
45.323750	898.2
45.327500	915.5
45.331250	873.0
45.335000	832.1
45.338750	868.3
45.342500	831.7
45.346250	915.4
45.350000	873.5
45.353750	863.1
45.357500	895.0
45.361250	864.5
45.365000	917.1
45.368750	906.8
45.372500	866.1
45.376250	891.6
45.380000	877.4
45.383750	874.9
45.387500	847.8
45.391250	856.2
45.395000	867.7
45.398750	872.8
45.402500	856.9
45.406250	902.2
45.410000	906.8
45.413750	873.8
45.417500	874.7
45.421250	926.6
45.425000	870.6
45.428750	895.7
45.432500	858.9
45.436250	853.6
45.440000	864.4
45.443750	888.1
45.447500	969.0
45.451250	922.7
45.455000	888.2
45.458750	909.9
45.462500	922.7
45.466250	909.8
45.470000	878.2
45.473750	913.5
45.477500	905.1
45.481250	886.8
45.485000	883.3
45.488750	918.1
45.492500	925.5
45.496250	872.1
45.500000	864.2
45.503750	915.2
45.507500	904.2
45.511250	962.9
45.515000	984.1
45.518750	932.5
45.522500	929.6
45.526250	912.9
45.530000	921.9
45.533750	949.6
45.537500	864.2
45.541250	881.7
45.545000	924.5
45.548750	845.3
45.552500	884.7
45.556250	944.8
45.560000	877.9
45.563750	889.4
45.567500	920.6
45.571250	933.8
45.575000	896.7
45.578750	924.5
45.582500	935.5
45.586250	935.6
45.590000	893.8
45.593750	965.5
45.597500	973.8
45.601250	952.6
45.605000	870.8
45.608750	989.0
45.612500	997.2
45.616250	937.8
45.620000	990.5
45.623750	1001.7
45.627500	972.3
45.631250	934.4
45.635000	957.1
45.638750	1006.5
45.642500	1032.4
45.646250	1002.9
45.650000	1053.1
45.653750	1133.6
45.657500	1094.8
45.661250	965.7
45.665000	950.7
45.668750	1021.4
45.672500	966.1
45.676250	960.3
45.680000	964.0
45.683750	941.2
45.687500	928.2
45.691250	965.2
45.695000	973.7
45.698750	950.2
45.702500	962.8
45.706250	950.5
45.710000	910.0
45.713750	931.5
45.717500	931.6
45.721250	927.8
45.725000	941.2
45.728750	938.4
45.732500	934.6
45.736250	965.1
45.740000	922.9
45.743750	907.2
45.747500	921.7
45.751250	929.1
45.755000	969.3
45.758750	902.3
45.762500	915.6
45.766250	939.6
45.770000	921.2
45.773750	910.2
45.777500	897.5
45.781250	878.2
45.785000	908.0
45.788750	924.4
45.792500	880.7
45.796250	949.0
45.800000	951.6
45.803750	908.4
45.807500	949.2
45.811250	915.0
45.815000	952.2
45.818750	941.5
45.822500	930.9
45.826250	965.3
45.830000	1011.4
45.833750	941.3
45.837500	926.0
45.841250	1016.4
45.845000	995.8
45.848750	941.7
45.852500	1024.6
45.856250	1001.3
45.860000	937.3
45.863750	979.6
45.867500	1040.9
45.871250	988.1
45.875000	988.0
45.878750	986.2
45.882500	1001.2
45.886250	975.2
45.890000	988.6
45.893750	995.9
45.897500	1014.8
45.901250	1046.8
45.905000	966.1
45.908750	948.3
45.912500	956.6
45.916250	965.3
45.920000	984.0
45.923750	976.4
45.927500	978.1
45.931250	933.1
45.935000	897.8
45.938750	924.4
45.942500	917.5
45.946250	871.0
45.950000	945.7
45.953750	897.7
45.957500	858.0
45.961250	897.0
45.965000	894.5
45.968750	852.3
45.972500	873.6
45.976250	869.3
45.980000	882.7
45.983750	846.2
45.987500	800.4
45.991250	821.3
45.995000	903.5
45.998750	800.4
46.002500	849.7
46.006250	819.5
46.010000	850.0
46.013750	828.2
46.017500	901.1
46.021250	891.5
46.025000	865.4
46.028750	909.0
46.032500	914.9
46.036250	862.7
46.040000	865.2
46.043750	894.7
46.047500	860.7
46.051250	836.8
46.055000	865.6
46.058750	877.1
46.062500	899.5
46.066250	887.8
46.070000	811.4
46.073750	846.0
46.077500	964.2
46.081250	889.9
46.085000	872.4
46.088750	824.3
46.092500	889.7
46.096250	894.8
46.100000	933.0
46.103750	886.2
46.107500	865.5
46.111250	871.9
46.115000	969.9
46.118750	886.8
46.122500	915.6
46.126250	891.1
46.130000	961.1
46.133750	842.4
46.137500	922.4
46.141250	864.6
46.145000	947.8
46.148750	835.9
46.152500	961.3
46.156250	897.9
46.160000	893.7
46.163750	915.3
46.167500	878.8
46.171250	869.3
46.175000	887.8
46.178750	876.0
46.182500	878.9
46.186250	849.7
46.190000	884.8
46.193750	838.8
46.197500	869.2
46.201250	901.6
46.205000	954.1
46.208750	861.8
46.212500	875.3
46.216250	853.2
46.220000	849.3
46.223750	887.3
46.227500	907.6
46.231250	887.2
46.235000	870.3
46.238750	819.8
46.242500	939.4
46.246250	868.4
46.250000	888.4
46.253750	875.7
46.257500	872.8
46.261250	879.6
46.265000	916.9
46.268750	873.4
46.272500	928.4
46.276250	942.5
46.280000	926.5
46.283750	872.2
46.287500	841.7
46.291250	913.8
46.295000	917.4
46.298750	872.9
46.302500	893.4
46.306250	885.2
46.310000	844.9
46.313750	874.5
46.317500	900.0
46.321250	913.7
46.325000	858.3
46.328750	908.1
46.332500	915.0
46.336250	864.1
46.340000	893.3
46.343750	888.8
46.347500	869.6
46.351250	893.4
46.355000	867.8
46.358750	875.4
46.362500	923.1
46.366250	885.7
46.370000	897.5
46.373750	855.7
46.377500	932.4
46.381250	892.3
46.385000	870.7
46.388750	918.4
46.392500	926.6
46.396250	884.6
46.400000	877.0
46.403750	878.5
46.407500	961.0
46.411250	951.2
46.415000	869.8
46.418750	919.2
46.422500	915.9
46.426250	890.5
46.430000	922.2
46.433750	887.2
46.437500	888.1
46.441250	959.8
46.445000	892.7
46.448750	918.9
46.452500	948.1
46.456250	930.6
46.460000	916.7
46.463750	888.0
46.467500	938.1
46.471250	931.1
46.475000	903.4
46.478750	936.5
46.482500	915.0
46.486250	888.4
46.490000	929.5
46.493750	963.4
46.497500	977.5
46.501250	923.1
46.505000	952.7
46.508750	950.5
46.512500	955.6
46.516250	933.7
46.520000	977.8
46.523750	973.9
46.527500	899.4
46.531250	869.3
46.535000	955.6
46.538750	966.9
46.542500	976.9
46.546250	954.7
46.550000	911.0
46.553750	857.3
46.557500	1001.9
46.561250	941.6
46.565000	944.9
46.568750	958.7
46.572500	974.9
46.576250	961.7
46.580000	905.6
46.583750	930.5
46.587500	879.9
46.591250	977.9
46.595000	986.6
46.598750	983.7
46.602500	976.0
46.606250	1031.0
46.610000	1026.2
46.613750	985.5
46.617500	1070.8
46.621250	1044.7
46.625000	1050.7
46.628750	1039.7
46.632500	1050.6
46.636250	1055.5
46.640000	1133.8
46.643750	1090.8
46.647500	1085.2
46.651250	1169.0
46.655000	1242.9
46.658750	1170.9
46.662500	1251.6
46.666250	1279.1
46.670000	1352.3
46.673750	1398.5
46.677500	1456.0
46.681250	1552.1
46.685000	1676.8
46.688750	1900.9
46.692500	2016.6
46.696250	2182.0
46.700000	2366.7
46.703750	2334.9
46.707500	2464.6
46.711250	2629.4
46.715000	2638.0
46.718750	2621.2
46.722500	2687.6
46.726250	2626.8
46.730000	2618.9
46.733750	2465.3
46.737500	2346.2
46.741250	2188.5
46.745000	2000.2
46.748750	1763.3
46.752500	1603.5
46.756250	1478.6
46.760000	1381.6
46.763750	1322.9
46.767500	1229.7
46.771250	1262.7
46.775000	1172.2
46.778750	1158.4
46.782500	1078.4
46.786250	1124.1
46.790000	1098.7
46.793750	1072.2
46.797500	1066.9
46.801250	1043.6
46.805000	966.2
46.808750	1020.0
46.812500	1053.0
46.816250	993.9
46.820000	998.6
46.823750	1024.6
46.827500	1039.7
46.831250	1034.5
46.835000	1049.6
46.838750	1028.0
46.842500	1006.3
46.846250	1033.2
46.850000	1028.3
46.853750	1009.2
46.857500	1007.1
46.861250	1000.9
46.865000	1031.7
46.868750	999.3
46.872500	1038.7
46.876250	995.4
46.880000	922.4
46.883750	903.8
46.887500	860.5
46.891250	918.0
46.895000	906.4
46.898750	878.3
46.902500	941.3
46.906250	887.9
46.910000	859.8
46.913750	830.4
46.917500	868.4
46.921250	887.9
46.925000	870.1
46.928750	893.6
46.932500	878.8
46.936250	901.5
46.940000	848.4
46.943750	877.4
46.947500	875.5
46.951250	815.1
46.955000	920.2
46.958750	902.1
46.962500	819.2
46.966250	830.2
46.970000	843.8
46.973750	857.5
46.977500	872.5
46.981250	852.3
46.985000	868.6
46.988750	853.8
46.992500	839.6
46.996250	845.5
47.000000	863.6
47.003750	830.8
47.007500	842.6
47.011250	885.4
47.015000	837.7
47.018750	815.2
47.022500	838.4
47.026250	845.3
47.030000	864.3
47.033750	860.4
47.037500	892.6
47.041250	822.5
47.045000	807.5
47.048750	836.0
47.052500	863.0
47.056250	837.3
47.060000	858.4
47.063750	831.2
47.067500	795.6
47.071250	857.2
47.075000	882.7
47.078750	868.2
47.082500	862.7
47.086250	838.6
47.090000	874.1
47.093750	825.2
47.097500	790.8
47.101250	857.9
47.105000	859.8
47.108750	817.7
47.112500	831.7
47.116250	779.3
47.120000	817.8
47.123750	843.0
47.127500	821.5
47.131250	836.8
47.135000	837.0
47.138750	835.6
47.142500	815.1
47.146250	867.5
47.150000	819.2
47.153750	815.8
47.157500	848.1
47.161250	814.0
47.165000	834.9
47.168750	850.0
47.172500	808.8
47.176250	822.2
47.180000	872.5
47.183750	886.8
47.187500	831.7
47.191250	830.4
47.195000	829.3
47.198750	841.0
47.202500	823.9
47.206250	831.1
47.210000	880.8
47.213750	825.5
47.217500	851.5
47.221250	872.6
47.225000	844.6
47.228750	788.7
47.232500	789.7
47.236250	814.7
47.240000	811.0
47.243750	779.3
47.247500	745.4
47.251250	858.3
47.255000	805.6
47.258750	800.4
47.262500	858.6
47.266250	779.2
47.270000	801.8
47.273750	827.7
47.277500	757.2
47.281250	816.1
47.285000	824.8
47.288750	823.5
47.292500	831.1
47.296250	826.7
47.300000	815.1
47.303750	803.9
47.307500	796.4
47.311250	777.7
47.315000	792.2
47.318750	802.8
47.322500	824.5
47.326250	809.4
47.330000	825.6
47.333750	802.2
47.337500	837.6
47.341250	801.9
47.345000	813.4
47.348750	852.1
47.352500	831.1
47.356250	820.0
47.360000	803.2
47.363750	828.6
47.367500	800.4
47.371250	795.6
47.375000	784.3
47.378750	771.0
47.382500	835.0
47.386250	820.6
47.390000	808.7
47.393750	792.9
47.397500	813.1
47.401250	852.2
47.405000	814.6
47.408750	774.6
47.412500	791.4
47.416250	830.0
47.420000	837.5
47.423750	810.8
47.427500	775.0
47.431250	794.6
47.435000	834.8
47.438750	823.0
47.442500	879.7
47.446250	833.1
47.450000	772.3
47.453750	816.2
47.457500	789.8
47.461250	815.4
47.465000	806.0
47.468750	832.3
47.472500	845.2
47.476250	786.1
47.480000	816.7
47.483750	804.7
47.487500	796.2
47.491250	809.0
47.495000	838.3
47.498750	832.5
47.502500	833.2
47.506250	838.2
47.510000	792.2
47.513750	792.0
47.517500	811.5
47.521250	858.9
47.525000	809.4
47.528750	855.8
47.532500	818.9
47.536250	838.2
47.540000	824.3
47.543750	844.0
47.547500	850.0
47.551250	855.6
47.555000	825.7
47.558750	807.7
47.562500	794.9
47.566250	821.3
47.570000	842.7
47.573750	859.9
47.577500	859.4
47.581250	820.5
47.585000	844.0
47.588750	842.8
47.592500	866.9
47.596250	839.2
47.600000	813.8
47.603750	829.4
47.607500	803.5
47.611250	816.2
47.615000	837.4
47.618750	803.5
47.622500	798.2
47.626250	865.0
47.630000	800.7
47.633750	761.6
47.637500	798.1
47.641250	781.8
47.645000	806.4
47.648750	831.7
47.652500	794.8
47.656250	769.3
47.660000	836.4
47.663750	806.2
47.667500	797.2
47.671250	812.0
47.675000	851.9
47.678750	819.0
47.682500	789.6
47.686250	793.1
47.690000	823.3
47.693750	829.8
47.697500	826.8
47.701250	845.6
47.705000	832.8
47.708750	829.5
47.712500	838.8
47.716250	823.7
47.720000	794.4
47.723750	815.0
47.727500	819.4
47.731250	804.0
47.735000	771.9
47.738750	835.3
47.742500	853.9
47.746250	845.2
47.750000	814.1
47.753750	819.2
47.757500	807.9
47.761250	828.5
47.765000	866.1
47.768750	827.9
47.772500	837.9
47.776250	835.1
47.780000	841.9
47.783750	840.0
47.787500	872.1
47.791250	817.3
47.795000	799.4
47.798750	835.7
47.802500	820.0
47.806250	819.6
47.810000	849.4
47.813750	823.5
47.817500	843.7
47.821250	834.1
47.825000	785.5
47.828750	845.8
47.832500	842.2
47.836250	828.3
47.840000	872.4
47.843750	816.3
47.847500	886.1
47.851250	866.3
47.855000	797.6
47.858750	887.4
47.862500	826.5
47.866250	826.8
47.870000	823.9
47.873750	846.6
47.877500	837.0
47.881250	832.2
47.885000	835.3
47.888750	868.2
47.892500	836.3
47.896250	860.6
47.900000	816.5
47.903750	841.6
47.907500	860.5
47.911250	853.4
47.915000	855.5
47.918750	897.6
47.922500	828.1
47.926250	857.2
47.930000	884.2
47.933750	916.5
47.937500	934.3
47.941250	1001.8
47.945000	928.2
47.948750	950.7
47.952500	932.1
47.956250	894.1
47.960000	873.9
47.963750	879.1
47.967500	936.9
47.971250	925.5
47.975000	910.6
47.978750	910.8
47.982500	877.0
47.986250	868.9
47.990000	895.4
47.993750	867.9
47.997500	907.7
48.001250	855.5
48.005000	895.1
48.008750	896.9
48.012500	851.9
48.016250	866.8
48.020000	864.0
48.023750	876.4
48.027500	900.1
48.031250	853.0
48.035000	899.4
48.038750	852.7
48.042500	857.3
48.046250	855.8
48.050000	877.6
48.053750	899.1
48.057500	887.0
48.061250	867.4
48.065000	890.2
48.068750	954.3
48.072500	871.2
48.076250	872.7
48.080000	856.7
48.083750	888.6
48.087500	903.0
48.091250	895.2
48.095000	913.9
48.098750	908.4
48.102500	860.8
48.106250	943.2
48.110000	950.1
48.113750	898.5
48.117500	874.3
48.121250	893.0
48.125000	866.3
48.128750	926.1
48.132500	936.8
48.136250	907.7
48.140000	892.2
48.143750	929.6
48.147500	899.5
48.151250	921.5
48.155000	922.9
48.158750	927.2
48.162500	903.5
48.166250	931.4
48.170000	923.2
48.173750	902.9
48.177500	908.7
48.181250	914.0
48.185000	932.5
48.188750	922.4
48.192500	913.7
48.196250	879.0
48.200000	915.9
48.203750	910.2
48.207500	917.8
48.211250	911.3
48.215000	936.9
48.218750	971.7
48.222500	913.8
48.226250	978.7
48.230000	911.3
48.233750	953.6
48.237500	952.1
48.241250	889.7
48.245000	910.0
48.248750	945.8
48.252500	889.2
48.256250	935.0
48.260000	971.9
48.263750	967.4
48.267500	962.3
48.271250	987.6
48.275000	950.6
48.278750	903.1
48.282500	905.0
48.286250	935.2
48.290000	929.6
48.293750	956.7
48.297500	935.8
48.301250	920.6
48.305000	991.9
48.308750	985.2
48.312500	973.7
48.316250	989.6
48.320000	995.3
48.323750	994.8
48.327500	1008.2
48.331250	995.6
48.335000	998.2
48.338750	1007.3
48.342500	1000.9
48.346250	1057.5
48.350000	1086.1
48.353750	1014.9
48.357500	1080.3
48.361250	1127.2
48.365000	1049.5
48.368750	1134.5
48.372500	1154.6
48.376250	1087.6
48.380000	1088.3
48.383750	1122.2
48.387500	1143.6
48.391250	1074.2
48.395000	1131.7
48.398750	1151.6
48.402500	1138.6
48.406250	1109.6
48.410000	1096.2
48.413750	1096.1
48.417500	1076.9
48.421250	1097.7
48.425000	1112.6
48.428750	1092.5
48.432500	1071.3
48.436250	1039.3
48.440000	1064.2
48.443750	1019.7
48.447500	1002.5
48.451250	1065.6
48.455000	1022.6
48.458750	982.0
48.462500	1004.4
48.466250	1020.2
48.470000	993.9
48.473750	1047.6
48.477500	1054.3
48.481250	939.5
48.485000	989.3
48.488750	1077.2
48.492500	975.2
48.496250	994.5
48.500000	998.9
48.503750	977.3
48.507500	979.4
48.511250	1008.8
48.515000	1001.8
48.518750	986.6
48.522500	964.2
48.526250	922.4
48.530000	979.5
48.533750	1015.7
48.537500	988.4
48.541250	1022.9
48.545000	1004.5
48.548750	972.7
48.552500	984.4
48.556250	1035.1
48.560000	979.9
48.563750	1026.0
48.567500	1037.5
48.571250	1023.5
48.575000	1022.4
48.578750	1017.5
48.582500	1018.3
48.586250	1058.6
48.590000	1039.3
48.593750	1072.1
48.597500	1052.5
48.601250	983.2
48.605000	973.6
48.608750	1039.3
48.612500	1033.8
48.616250	1006.0
48.620000	1059.1
48.623750	1099.1
48.627500	1063.9
48.631250	1018.2
48.635000	1036.6
48.638750	1039.3
48.642500	1001.5
48.646250	1037.3
48.650000	1043.3
48.653750	1007.9
48.657500	1028.4
48.661250	1043.2
48.665000	1026.8
48.668750	1035.1
48.672500	1063.6
48.676250	1065.6
48.680000	983.2
48.683750	1012.9
48.687500	1005.7
48.691250	975.8
48.695000	1040.5
48.698750	1081.7
48.702500	1035.2
48.706250	1017.2
48.710000	983.2
48.713750	987.7
48.717500	1031.0
48.721250	1025.6
48.725000	991.4
48.728750	1012.5
48.732500	997.6
48.736250	991.7
48.740000	996.0
48.743750	976.2
48.747500	969.3
48.751250	994.0
48.755000	913.6
48.758750	927.4
48.762500	984.5
48.766250	985.7
48.770000	1018.8
48.773750	965.0
48.777500	949.4
48.781250	908.8
48.785000	970.0
48.788750	910.1
48.792500	948.2
48.796250	917.9
48.800000	969.4
48.803750	977.5
48.807500	960.1
48.811250	906.7
48.815000	934.4
48.818750	943.6
48.822500	921.1
48.826250	866.9
48.830000	913.0
48.833750	906.2
48.837500	917.2
48.841250	890.6
48.845000	904.3
48.848750	942.6
48.852500	933.9
48.856250	895.8
48.860000	869.8
48.863750	877.6
48.867500	925.4
48.871250	916.3
48.875000	881.3
48.878750	851.1
48.882500	890.4
48.886250	935.5
48.890000	900.9
48.893750	873.8
48.897500	865.0
48.901250	905.0
48.905000	873.9
48.908750	868.6
48.912500	844.0
48.916250	862.5
48.920000	914.4
48.923750	889.6
48.927500	856.3
48.931250	842.2
48.935000	872.4
48.938750	800.6
48.942500	870.6
48.946250	856.1
48.950000	868.7
48.953750	836.6
48.957500	884.7
48.961250	861.0
48.965000	807.9
48.968750	815.3
48.972500	801.8
48.976250	840.4
48.980000	842.0
48.983750	867.5
48.987500	880.0
48.991250	850.9
48.995000	831.0
48.998750	823.1
49.002500	841.2
49.006250	862.4
49.010000	868.8
49.013750	817.4
49.017500	820.3
49.021250	792.0
49.025000	903.4
49.028750	834.7
49.032500	808.5
49.036250	832.4
49.040000	866.5
49.043750	858.9
49.047500	809.5
49.051250	868.6
49.055000	819.2
49.058750	791.1
49.062500	789.0
49.066250	785.8
49.070000	841.6
49.073750	830.4
49.077500	809.1
49.081250	785.1
49.085000	816.8
49.088750	810.2
49.092500	831.0
49.096250	839.5
49.100000	776.9
49.103750	866.4
49.107500	775.0
49.111250	828.4
49.115000	826.1
49.118750	835.1
49.122500	812.7
49.126250	823.6
49.130000	789.7
49.133750	789.9
49.137500	871.3
49.141250	819.7
49.145000	776.4
49.148750	873.9
49.152500	844.5
49.156250	808.4
49.160000	832.9
49.163750	857.9
49.167500	907.8
49.171250	923.4
49.175000	907.7
49.178750	868.8
49.182500	900.5
49.186250	905.7
49.190000	945.7
49.193750	879.6
49.197500	879.2
49.201250	960.8
49.205000	925.0
49.208750	936.7
49.212500	932.1
49.216250	910.8
49.220000	814.4
49.223750	819.1
49.227500	834.8
49.231250	815.4
49.235000	851.7
49.238750	821.9
49.242500	843.5
49.246250	860.7
49.250000	838.3
49.253750	832.1
49.257500	855.3
49.261250	872.0
49.265000	828.7
49.268750	832.6
49.272500	902.3
49.276250	811.5
49.280000	868.1
49.283750	863.8
49.287500	837.9
49.291250	819.0
49.295000	828.5
49.298750	821.1
49.302500	796.8
49.306250	777.9
49.310000	798.3
49.313750	810.9
49.317500	808.8
49.321250	796.9
49.325000	760.8
49.328750	791.8
49.332500	850.5
49.336250	808.9
49.340000	801.5
49.343750	786.8
49.347500	803.4
49.351250	810.6
49.355000	768.0
49.358750	779.9
49.362500	803.4
49.366250	785.5
49.370000	865.3
49.373750	845.8
49.377500	805.2
49.381250	839.4
49.385000	811.6
49.388750	794.1
49.392500	777.3
49.396250	790.7
49.400000	846.7
49.403750	819.3
49.407500	762.3
49.411250	827.1
49.415000	838.8
49.418750	785.9
49.422500	791.8
49.426250	825.1
49.430000	768.7
49.433750	805.5
49.437500	814.6
49.441250	802.3
49.445000	887.2
49.448750	850.7
49.452500	822.3
49.456250	832.5
49.460000	825.3
49.463750	840.5
49.467500	830.7
49.471250	803.3
49.475000	870.6
49.478750	827.9
49.482500	857.7
49.486250	879.5
49.490000	781.7
49.493750	842.2
49.497500	849.8
49.501250	800.0
49.505000	826.1
49.508750	885.9
49.512500	826.0
49.516250	839.7
49.520000	832.8
49.523750	827.7
49.527500	871.5
49.531250	772.7
49.535000	856.4
49.538750	823.9
49.542500	794.9
49.546250	815.2
49.550000	841.6
49.553750	779.0
49.557500	783.2
49.561250	867.8
49.565000	853.2
49.568750	837.6
49.572500	831.9
49.576250	842.7
49.580000	845.7
49.583750	852.5
49.587500	858.6
49.591250	828.2
49.595000	802.2
49.598750	818.2
49.602500	838.2
49.606250	851.4
49.610000	852.0
49.613750	842.6
49.617500	854.9
49.621250	839.8
49.625000	831.1
49.628750	831.2
49.632500	857.2
49.636250	834.9
49.640000	866.1
49.643750	818.9
49.647500	835.6
49.651250	862.5
49.655000	828.3
49.658750	808.1
49.662500	902.4
49.666250	809.2
49.670000	768.0
49.673750	835.2
49.677500	904.3
49.681250	846.0
49.685000	768.4
49.688750	790.8
49.692500	854.2
49.696250	803.7
49.700000	763.0
49.703750	808.7
49.707500	811.1
49.711250	817.1
49.715000	789.0
49.718750	781.2
49.722500	787.0
49.726250	789.8
49.730000	799.8
49.733750	776.8
49.737500	817.0
49.741250	839.3
49.745000	816.6
49.748750	760.9
49.752500	774.6
49.756250	790.2
49.760000	812.7
49.763750	801.8
49.767500	824.8
49.771250	800.8
49.775000	770.3
49.778750	784.0
49.782500	798.0
49.786250	815.5
49.790000	788.0
49.793750	813.2
49.797500	815.1
49.801250	822.7
49.805000	781.7
49.808750	790.4
49.812500	817.6
49.816250	788.0
49.820000	788.4
49.823750	781.4
49.827500	814.4
49.831250	815.1
49.835000	800.1
49.838750	829.8
49.842500	818.7
49.846250	773.2
49.850000	744.3
49.853750	761.7
49.857500	764.4
49.861250	799.2
49.865000	772.3
49.868750	734.5
49.872500	803.2
49.876250	777.1
49.880000	822.0
49.883750	848.9
49.887500	824.1
49.891250	833.4
49.895000	879.6
49.898750	899.5
49.902500	837.0
49.906250	874.3
49.910000	906.6
49.913750	907.4
49.917500	869.9
49.921250	842.5
49.925000	866.1
49.928750	833.9
49.932500	804.5
49.936250	825.6
49.940000	809.4
49.943750	791.3
49.947500	869.4
49.951250	844.7
49.955000	831.6
49.958750	809.8
49.962500	809.1
49.966250	813.8
49.970000	817.1
49.973750	840.6
49.977500	769.8
49.981250	813.1
49.985000	914.7
49.988750	863.1
49.992500	850.0
49.996250	877.1
50.000000	848.5
50.003750	867.6
50.007500	855.2
50.011250	848.1
50.015000	881.8
50.018750	853.9
50.022500	896.1
50.026250	904.8
50.030000	840.5
50.033750	890.4
50.037500	908.5
50.041250	902.8
50.045000	923.1
50.048750	884.7
50.052500	888.2
50.056250	880.6
50.060000	887.8
50.063750	845.7
50.067500	847.1
50.071250	835.6
50.075000	837.6
50.078750	825.7
50.082500	787.9
50.086250	828.3
50.090000	776.2
50.093750	770.6
50.097500	838.6
50.101250	765.4
50.105000	777.0
50.108750	762.4
50.112500	792.5
50.116250	768.6
50.120000	802.3
50.123750	801.3
50.127500	754.2
50.131250	769.2
50.135000	777.8
50.138750	727.4
50.142500	732.7
50.146250	742.1
50.150000	746.6
50.153750	769.4
50.157500	755.9
50.161250	750.1
50.165000	725.3
50.168750	787.4
50.172500	821.5
50.176250	805.7
50.180000	761.9
50.183750	758.6
50.187500	770.3
50.191250	778.6
50.195000	759.1
50.198750	784.6
50.202500	755.4
50.206250	748.0
50.210000	734.7
50.213750	782.8
50.217500	820.8
50.221250	818.6
50.225000	748.1
50.228750	731.4
50.232500	754.1
50.236250	767.9
50.240000	793.1
50.243750	850.6
50.247500	850.6
50.251250	781.1
50.255000	764.5
50.258750	783.2
50.262500	816.6
50.266250	775.1
50.270000	831.3
50.273750	772.9
50.277500	712.0
50.281250	773.7
50.285000	812.2
50.288750	833.9
50.292500	793.9
50.296250	837.9
50.300000	832.4
50.303750	803.0
50.307500	782.6
50.311250	844.1
50.315000	876.7
50.318750	828.8
50.322500	816.4
50.326250	811.9
50.330000	821.2
50.333750	864.3
50.337500	873.2
50.341250	849.0
50.345000	820.4
50.348750	852.5
50.352500	801.8
50.356250	839.1
50.360000	836.2
50.363750	850.1
50.367500	824.2
50.371250	852.0
50.375000	867.6
50.378750	830.9
50.382500	831.6
50.386250	890.2
50.390000	873.9
50.393750	872.6
50.397500	840.3
50.401250	914.8
50.405000	880.4
50.408750	831.4
50.412500	836.2
50.416250	816.5
50.420000	865.4
50.423750	890.4
50.427500	909.6
50.431250	893.9
50.435000	842.5
50.438750	900.2
50.442500	845.1
50.446250	863.8
50.450000	895.4
50.453750	907.9
50.457500	880.7
50.461250	901.8
50.465000	903.1
50.468750	866.5
50.472500	862.8
50.476250	846.3
50.480000	912.2
50.483750	852.0
50.487500	849.0
50.491250	853.2
50.495000	875.6
50.498750	877.9
50.502500	826.0
50.506250	824.9
50.510000	828.1
50.513750	844.1
50.517500	838.2
50.521250	849.6
50.525000	833.1
50.528750	928.2
50.532500	867.8
50.536250	926.6
50.540000	919.5
50.543750	883.9
50.547500	898.1
50.551250	893.8
50.555000	845.9
50.558750	890.3
50.562500	995.9
50.566250	792.1
50.570000	883.8
50.573750	870.1
50.577500	880.0
50.581250	852.0
50.585000	897.5
50.588750	906.7
50.592500	839.5
50.596250	947.6
50.600000	863.1
50.603750	873.6
50.607500	869.9
50.611250	865.4
50.615000	777.9
50.618750	866.6
50.622500	842.9
50.626250	845.4
50.630000	876.3
50.633750	948.5
50.637500	931.4
50.641250	814.9
50.645000	870.8
50.648750	833.5
50.652500	835.3
50.656250	843.9
50.660000	851.4
50.663750	851.9
50.667500	806.6
50.671250	903.2
50.675000	871.7
50.678750	813.0
50.682500	826.3
50.686250	841.5
50.690000	780.9
50.693750	771.7
50.697500	826.6
50.701250	822.3
50.705000	852.8
50.708750	841.1
50.712500	844.6
50.716250	839.6
50.720000	843.6
50.723750	874.9
50.727500	839.7
50.731250	853.1
50.735000	826.5
50.738750	842.0
50.742500	834.5
50.746250	815.3
50.750000	790.5
50.753750	824.8
50.757500	864.5
50.761250	876.1
50.765000	839.1
50.768750	838.2
50.772500	812.5
50.776250	856.3
50.780000	842.7
50.783750	832.3
50.787500	825.1
50.791250	839.2
50.795000	839.1
50.798750	858.8
50.802500	826.9
50.806250	868.0
50.810000	810.1
50.813750	864.6
50.817500	829.1
50.821250	810.1
50.825000	822.0
50.828750	810.8
50.832500	777.9
50.836250	782.9
50.840000	781.4
50.843750	825.9
50.847500	809.0
50.851250	793.3
50.855000	770.5
50.858750	832.6
50.862500	818.8
50.866250	747.1
50.870000	738.3
50.873750	791.0
50.877500	720.3
50.881250	717.6
50.885000	763.2
50.888750	767.4
50.892500	770.6
50.896250	779.8
50.900000	750.0
50.903750	715.1
50.907500	727.2
50.911250	756.5
50.915000	765.2
50.918750	724.4
50.922500	749.3
50.926250	748.3
50.930000	734.7
50.933750	691.0
50.937500	710.8
50.941250	795.0
50.945000	752.0
50.948750	706.1
50.952500	741.7
50.956250	769.8
50.960000	769.6
50.963750	755.3
50.967500	723.0
50.971250	743.5
50.975000	700.2
50.978750	703.6
50.982500	751.6
50.986250	728.8
50.990000	763.2
50.993750	744.6
50.997500	765.2
51.001250	665.1
51.005000	701.4
51.008750	739.1
51.012500	760.8
51.016250	731.0
51.020000	726.1
51.023750	721.5
51.027500	665.8
51.031250	698.7
51.035000	686.6
51.038750	669.4
51.042500	668.6
51.046250	699.1
51.050000	712.9
51.053750	690.2
51.057500	728.8
51.061250	741.5
51.065000	759.0
51.068750	719.4
51.072500	715.1
51.076250	714.0
51.080000	722.7
51.083750	731.2
51.087500	709.6
51.091250	676.3
51.095000	672.1
51.098750	637.9
51.102500	759.2
51.106250	735.1
51.110000	712.5
51.113750	751.3
51.117500	719.9
51.121250	687.6
51.125000	786.4
51.128750	702.2
51.132500	745.4
51.136250	709.3
51.140000	601.0
51.143750	662.2
51.147500	706.7
51.151250	648.7
51.155000	709.3
51.158750	663.6
51.162500	701.7
51.166250	737.1
51.170000	722.6
51.173750	700.9
51.177500	681.5
51.181250	722.3
51.185000	705.5
51.188750	708.8
51.192500	704.6
51.196250	721.9
51.200000	715.8
51.203750	700.2
51.207500	721.0
51.211250	723.2
51.215000	717.2
51.218750	686.7
51.222500	696.2
51.226250	715.2
51.230000	691.9
51.233750	698.9
51.237500	718.9
51.241250	721.1
51.245000	717.7
51.248750	750.4
51.252500	714.4
51.256250	694.7
51.260000	675.0
51.263750	716.2
51.267500	701.4
51.271250	695.6
51.275000	751.8
51.278750	734.2
51.282500	735.7
51.286250	708.3
51.290000	724.0
51.293750	758.8
51.297500	786.0
51.301250	753.4
51.305000	754.0
51.308750	782.6
51.312500	753.4
51.316250	751.1
51.320000	803.4
51.323750	786.3
51.327500	731.1
51.331250	755.9
51.335000	761.3
51.338750	672.3
51.342500	685.4
51.346250	739.4
51.350000	737.6
51.353750	731.6
51.357500	671.1
51.361250	677.8
51.365000	685.1
51.368750	674.8
51.372500	727.8
51.376250	668.9
51.380000	714.6
51.383750	667.0
51.387500	669.1
51.391250	730.4
51.395000	743.0
51.398750	683.3
51.402500	704.9
51.406250	699.3
51.410000	722.2
51.413750	664.0
51.417500	700.7
51.421250	674.7
51.425000	665.0
51.428750	686.5
51.432500	699.7
51.436250	687.2
51.440000	687.6
51.443750	679.3
51.447500	678.9
51.451250	678.3
51.455000	714.0
51.458750	689.2
51.462500	693.0
51.466250	681.3
51.470000	710.6
51.473750	707.5
51.477500	695.5
51.481250	725.4
51.485000	684.9
51.488750	692.0
51.492500	691.4
51.496250	712.7
51.500000	702.3
51.503750	738.9
51.507500	729.0
51.511250	710.3
51.515000	703.4
51.518750	708.2
51.522500	717.7
51.526250	662.1
51.530000	630.7
51.533750	717.5
51.537500	729.9
51.541250	729.7
51.545000	665.4
51.548750	711.5
51.552500	670.4
51.556250	683.3
51.560000	726.0
51.563750	692.9
51.567500	721.0
51.571250	735.3
51.575000	693.8
51.578750	671.5
51.582500	659.8
51.586250	680.3
51.590000	677.8
51.593750	671.6
51.597500	705.5
51.601250	709.0
51.605000	697.8
51.608750	650.8
51.612500	678.4
51.616250	701.0
51.620000	712.4
51.623750	699.1
51.627500	662.3
51.631250	643.5
51.635000	702.4
51.638750	684.6
51.642500	699.7
51.646250	710.7
51.650000	672.4
51.653750	697.9
51.657500	641.9
51.661250	651.7
51.665000	743.7
51.668750	696.9
51.672500	668.4
51.676250	687.3
51.680000	685.3
51.683750	693.3
51.687500	708.9
51.691250	684.3
51.695000	665.9
51.698750	697.0
51.702500	682.1
51.706250	695.9
51.710000	731.0
51.713750	702.5
51.717500	696.8
51.721250	694.3
51.725000	741.8
51.728750	671.2
51.732500	660.9
51.736250	669.9
51.740000	698.6
51.743750	720.0
51.747500	712.3
51.751250	718.1
51.755000	727.9
51.758750	700.4
51.762500	707.2
51.766250	698.5
51.770000	698.7
51.773750	719.5
51.777500	700.3
51.781250	754.5
51.785000	690.9
51.788750	650.0
51.792500	678.4
51.796250	707.5
51.800000	725.0
51.803750	707.0
51.807500	715.0
51.811250	706.1
51.815000	690.4
51.818750	684.4
51.822500	703.9
51.826250	730.9
51.830000	674.1
51.833750	693.9
51.837500	694.3
51.841250	694.2
51.845000	700.4
51.848750	698.5
51.852500	647.3
51.856250	701.3
51.860000	684.3
51.863750	693.8
51.867500	728.7
51.871250	705.1
51.875000	704.8
51.878750	702.7
51.882500	695.5
51.886250	699.5
51.890000	706.2
51.893750	672.6
51.897500	669.9
51.901250	675.1
51.905000	695.8
51.908750	694.2
51.912500	671.6
51.916250	782.0
51.920000	710.1
51.923750	753.4
51.927500	774.9
51.931250	725.8
51.935000	771.5
51.938750	724.0
51.942500	737.0
51.946250	764.5
51.950000	704.0
51.953750	698.7
51.957500	703.1
51.961250	683.0
51.965000	710.8
51.968750	768.2
51.972500	674.3
51.976250	725.9
51.980000	724.1
51.983750	744.2
51.987500	748.1
51.991250	716.2
51.995000	674.3
51.998750	747.3
52.002500	671.4
52.006250	766.0
52.010000	709.0
52.013750	700.4
52.017500	710.8
52.021250	760.1
52.025000	691.4
52.028750	728.1
52.032500	667.8
52.036250	720.1
52.040000	709.7
52.043750	691.9
52.047500	691.8
52.051250	718.8
52.055000	674.8
52.058750	733.5
52.062500	701.6
52.066250	712.7
52.070000	732.4
52.073750	784.9
52.077500	746.0
52.081250	695.7
52.085000	705.8
52.088750	714.4
52.092500	726.5
52.096250	746.4
52.100000	737.3
52.103750	714.0
52.107500	740.8
52.111250	764.1
52.115000	655.6
52.118750	735.7
52.122500	743.0
52.126250	697.5
52.130000	717.3
52.133750	704.7
52.137500	708.6
52.141250	732.8
52.145000	701.8
52.148750	752.8
52.152500	722.1
52.156250	714.9
52.160000	686.8
52.163750	758.7
52.167500	728.4
52.171250	707.9
52.175000	722.2
52.178750	724.5
52.182500	716.0
52.186250	727.2
52.190000	714.0
52.193750	733.7
52.197500	707.3
52.201250	749.3
52.205000	762.8
52.208750	706.9
52.212500	722.0
52.216250	720.7
52.220000	722.4
52.223750	750.1
52.227500	723.6
52.231250	708.5
52.235000	731.5
52.238750	776.3
52.242500	775.5
52.246250	760.0
52.250000	712.1
52.253750	753.1
52.257500	712.3
52.261250	730.5
52.265000	783.8
52.268750	751.5
52.272500	752.4
52.276250	757.8
52.280000	680.5
52.283750	765.3
52.287500	797.8
52.291250	776.3
52.295000	748.2
52.298750	742.7
52.302500	796.0
52.306250	761.1
52.310000	784.6
52.313750	745.1
52.317500	765.1
52.321250	712.1
52.325000	713.9
52.328750	744.6
52.332500	750.7
52.336250	780.3
52.340000	783.1
52.343750	780.5
52.347500	768.4
52.351250	757.1
52.355000	749.5
52.358750	772.7
52.362500	739.9
52.366250	750.3
52.370000	767.3
52.373750	784.6
52.377500	755.5
52.381250	755.9
52.385000	799.8
52.388750	777.9
52.392500	734.7
52.396250	778.8
52.400000	743.5
52.403750	748.7
52.407500	763.2
52.411250	774.0
52.415000	773.7
52.418750	786.1
52.422500	775.0
52.426250	734.9
52.430000	754.4
52.433750	755.2
52.437500	710.2
52.441250	794.5
52.445000	713.0
52.448750	771.3
52.452500	749.9
52.456250	743.4
52.460000	723.1
52.463750	742.9
52.467500	751.1
52.471250	729.4
52.475000	720.9
52.478750	749.5
52.482500	724.1
52.486250	748.4
52.490000	697.3
52.493750	736.9
52.497500	736.6
52.501250	673.0
52.505000	694.7
52.508750	739.7
52.512500	718.5
52.516250	736.4
52.520000	723.1
52.523750	702.8
52.527500	733.3
52.531250	713.5
52.535000	715.3
52.538750	705.7
52.542500	702.3
52.546250	728.0
52.550000	706.1
52.553750	727.6
52.557500	748.0
52.561250	663.8
52.565000	698.2
52.568750	712.3
52.572500	730.8
52.576250	736.7
52.580000	678.2
52.583750	678.8
52.587500	716.0
52.591250	740.8
52.595000	687.6
52.598750	657.5
52.602500	695.7
52.606250	669.0
52.610000	712.6
52.613750	734.2
52.617500	713.6
52.621250	665.0
52.625000	689.6
52.628750	686.5
52.632500	760.6
52.636250	753.2
52.640000	694.7
52.643750	760.8
52.647500	738.3
52.651250	698.2
52.655000	697.8
52.658750	713.6
52.662500	708.7
52.666250	747.8
52.670000	752.3
52.673750	728.9
52.677500	673.0
52.681250	696.9
52.685000	650.3
52.688750	675.4
52.692500	697.3
52.696250	651.9
52.700000	700.2
52.703750	713.0
52.707500	742.1
52.711250	719.9
52.715000	695.7
52.718750	672.0
52.722500	664.3
52.726250	678.4
52.730000	716.8
52.733750	718.1
52.737500	689.0
52.741250	693.0
52.745000	673.7
52.748750	678.6
52.752500	666.5
52.756250	692.0
52.760000	731.7
52.763750	667.3
52.767500	692.1
52.771250	695.9
52.775000	679.0
52.778750	698.8
52.782500	707.2
52.786250	684.5
52.790000	688.0
52.793750	696.0
52.797500	703.0
52.801250	712.7
52.805000	654.2
52.808750	686.1
52.812500	699.5
52.816250	681.5
52.820000	666.6
52.823750	682.8
52.827500	674.8
52.831250	660.1
52.835000	684.1
52.838750	681.8
52.842500	679.7
52.846250	649.4
52.850000	676.7
52.853750	716.8
52.857500	694.9
52.861250	678.7
52.865000	668.0
52.868750	670.2
52.872500	704.2
52.876250	678.5
52.880000	642.6
52.883750	701.6
52.887500	698.9
52.891250	682.0
52.895000	648.8
52.898750	657.7
52.902500	662.4
52.906250	679.2
52.910000	649.2
52.913750	666.9
52.917500	696.9
52.921250	662.9
52.925000	684.8
52.928750	694.6
52.932500	644.4
52.936250	666.7
52.940000	690.5
52.943750	653.1
52.947500	665.6
52.951250	681.9
52.955000	666.8
52.958750	706.5
52.962500	695.8
52.966250	674.3
52.970000	655.8
52.973750	662.3
52.977500	703.0
52.981250	695.8
52.985000	708.8
52.988750	679.9
52.992500	634.7
52.996250	677.1
53.000000	658.3
53.003750	644.2
53.007500	651.1
53.011250	707.8
53.015000	732.0
53.018750	634.4
53.022500	671.8
53.026250	680.4
53.030000	686.6
53.033750	686.9
53.037500	690.2
53.041250	716.2
53.045000	716.0
53.048750	693.4
53.052500	650.7
53.056250	670.3
53.060000	723.0
53.063750	659.2
53.067500	715.9
53.071250	752.7
53.075000	701.0
53.078750	717.7
53.082500	672.2
53.086250	660.7
53.090000	706.5
53.093750	724.5
53.097500	686.4
53.101250	726.2
53.105000	729.1
53.108750	711.1
53.112500	705.5
53.116250	689.9
53.120000	754.5
53.123750	798.1
53.127500	749.7
53.131250	750.2
53.135000	730.8
53.138750	694.6
53.142500	680.9
53.146250	746.6
53.150000	701.7
53.153750	739.0
53.157500	731.2
53.161250	699.0
53.165000	705.6
53.168750	732.7
53.172500	677.0
53.176250	696.3
53.180000	709.3
53.183750	702.3
53.187500	710.6
53.191250	656.3
53.195000	670.9
53.198750	684.9
53.202500	677.3
53.206250	707.9
53.210000	725.8
53.213750	699.6
53.217500	718.8
53.221250	735.2
53.225000	705.8
53.228750	692.3
53.232500	667.4
53.236250	710.1
53.240000	739.2
53.243750	669.0
53.247500	683.1
53.251250	700.0
53.255000	699.2
53.258750	729.1
53.262500	719.8
53.266250	686.9
53.270000	682.2
53.273750	667.8
53.277500	689.1
53.281250	668.7
53.285000	705.7
53.288750	663.8
53.292500	717.4
53.296250	700.5
53.300000	644.2
53.303750	645.2
53.307500	686.8
53.311250	689.4
53.315000	697.1
53.318750	678.8
53.322500	680.5
53.326250	632.6
53.330000	665.4
53.333750	672.4
53.337500	711.8
53.341250	701.9
53.345000	648.1
53.348750	644.5
53.352500	714.9
53.356250	633.7
53.360000	678.3
53.363750	708.8
53.367500	715.8
53.371250	705.0
53.375000	682.1
53.378750	663.8
53.382500	689.2
53.386250	685.8
53.390000	673.9
53.393750	672.8
53.397500	690.9
53.401250	662.4
53.405000	667.2
53.408750	673.3
53.412500	670.7
53.416250	667.8
53.420000	627.4
53.423750	706.9
53.427500	720.0
53.431250	689.7
53.435000	707.5
53.438750	669.5
53.442500	652.4
53.446250	637.5
53.450000	655.6
53.453750	692.8
53.457500	669.4
53.461250	684.6
53.465000	716.6
53.468750	688.2
53.472500	659.1
53.476250	640.5
53.480000	645.9
53.483750	695.3
53.487500	689.3
53.491250	660.8
53.495000	660.8
53.498750	654.7
53.502500	737.5
53.506250	655.2
53.510000	635.6
53.513750	661.3
53.517500	648.4
53.521250	688.8
53.525000	709.0
53.528750	641.9
53.532500	676.0
53.536250	701.4
53.540000	655.3
53.543750	687.6
53.547500	703.6
53.551250	696.1
53.555000	668.4
53.558750	693.8
53.562500	674.7
53.566250	668.3
53.570000	685.1
53.573750	624.4
53.577500	672.9
53.581250	643.8
53.585000	672.7
53.588750	714.6
53.592500	658.0
53.596250	684.8
53.600000	691.2
53.603750	673.2
53.607500	657.0
53.611250	675.0
53.615000	670.5
53.618750	676.4
53.622500	684.1
53.626250	674.2
53.630000	654.9
53.633750	654.7
53.637500	669.9
53.641250	673.6
53.645000	684.2
53.648750	693.4
53.652500	651.6
53.656250	691.7
53.660000	641.5
53.663750	686.4
53.667500	690.5
53.671250	664.9
53.675000	684.4
53.678750	651.4
53.682500	653.7
53.686250	712.5
53.690000	708.2
53.693750	666.7
53.697500	670.9
53.701250	661.1
53.705000	664.0
53.708750	657.7
53.712500	686.3
53.716250	606.7
53.720000	652.8
53.723750	666.6
53.727500	694.4
53.731250	639.4
53.735000	654.4
53.738750	698.9
53.742500	679.5
53.746250	682.8
53.750000	679.0
53.753750	632.9
53.757500	660.6
53.761250	647.1
53.765000	689.8
53.768750	703.9
53.772500	661.0
53.776250	648.9
53.780000	674.9
53.783750	669.5
53.787500	702.2
53.791250	633.1
53.795000	684.8
53.798750	645.4
53.802500	661.6
53.806250	696.2
53.810000	677.7
53.813750	717.5
53.817500	714.2
53.821250	682.9
53.825000	686.3
53.828750	678.4
53.832500	646.7
53.836250	720.1
53.840000	699.7
53.843750	696.0
53.847500	638.1
53.851250	693.1
53.855000	696.8
53.858750	720.3
53.862500	715.7
53.866250	729.0
53.870000	762.2
53.873750	732.3
53.877500	715.6
53.881250	675.4
53.885000	685.4
53.888750	706.1
53.892500	720.9
53.896250	714.5
53.900000	741.0
53.903750	681.6
53.907500	666.0
53.911250	692.7
53.915000	684.4
53.918750	727.2
53.922500	668.1
53.926250	648.7
53.930000	719.8
53.933750	639.7
53.937500	703.3
53.941250	722.2
53.945000	727.6
53.948750	690.3
53.952500	735.0
53.956250	715.4
53.960000	673.7
53.963750	665.3
53.967500	673.7
53.971250	702.1
53.975000	720.6
53.978750	737.4
53.982500	681.1
53.986250	687.0
53.990000	722.6
53.993750	719.1
53.997500	721.3
54.001250	737.1
54.005000	732.8
54.008750	749.3
54.012500	722.9
54.016250	693.9
54.020000	717.4
54.023750	717.3
54.027500	661.4
54.031250	708.9
54.035000	719.2
54.038750	714.5
54.042500	722.1
54.046250	753.4
54.050000	779.1
54.053750	706.3
54.057500	698.5
54.061250	720.6
54.065000	695.4
54.068750	726.9
54.072500	729.6
54.076250	693.6
54.080000	775.3
54.083750	754.8
54.087500	701.5
54.091250	690.4
54.095000	725.5
54.098750	722.2
54.102500	748.2
54.106250	710.8
54.110000	704.3
54.113750	723.6
54.117500	713.3
54.121250	716.7
54.125000	755.6
54.128750	747.8
54.132500	741.0
54.136250	745.1
54.140000	712.8
54.143750	739.4
54.147500	813.7
54.151250	758.9
54.155000	695.1
54.158750	716.1
54.162500	773.0
54.166250	760.7
54.170000	759.5
54.173750	728.0
54.177500	704.8
54.181250	680.3
54.185000	702.1
54.188750	747.2
54.192500	755.6
54.196250	765.5
54.200000	732.7
54.203750	717.8
54.207500	704.8
54.211250	724.8
54.215000	720.3
54.218750	741.5
54.222500	752.3
54.226250	751.9
54.230000	716.4
54.233750	696.7
54.237500	715.0
54.241250	698.8
54.245000	681.4
54.248750	719.8
54.252500	717.8
54.256250	769.6
54.260000	723.9
54.263750	701.9
54.267500	734.3
54.271250	740.1
54.275000	705.7
54.278750	706.5
54.282500	706.5
54.286250	669.2
54.290000	716.4
54.293750	728.4
54.297500	675.4
54.301250	729.7
54.305000	705.2
54.308750	701.0
54.312500	727.4
54.316250	742.2
54.320000	682.4
54.323750	699.3
54.327500	717.1
54.331250	708.9
54.335000	673.7
54.338750	703.2
54.342500	678.8
54.346250	709.8
54.350000	700.5
54.353750	697.9
54.357500	707.7
54.361250	714.8
54.365000	691.8
54.368750	683.5
54.372500	659.1
54.376250	707.4
54.380000	700.5
54.383750	710.2
54.387500	709.8
54.391250	718.2
54.395000	699.3
54.398750	668.6
54.402500	693.9
54.406250	697.9
54.410000	668.3
54.413750	699.4
54.417500	732.1
54.421250	690.7
54.425000	667.0
54.428750	697.9
54.432500	704.2
54.436250	673.2
54.440000	662.6
54.443750	650.8
54.447500	690.4
54.451250	661.4
54.455000	671.2
54.458750	667.3
54.462500	695.2
54.466250	654.3
54.470000	680.6
54.473750	717.8
54.477500	690.0
54.481250	690.3
54.485000	664.8
54.488750	656.1
54.492500	698.5
54.496250	680.5
54.500000	685.2
54.503750	725.4
54.507500	676.9
54.511250	688.9
54.515000	609.4
54.518750	669.9
54.522500	664.6
54.526250	684.0
54.530000	685.6
54.533750	647.9
54.537500	644.6
54.541250	689.2
54.545000	648.8
54.548750	695.0
54.552500	684.3
54.556250	655.7
54.560000	679.3
54.563750	655.3
54.567500	663.8
54.571250	684.1
54.575000	701.9
54.578750	672.9
54.582500	653.3
54.586250	658.8
54.590000	676.7
54.593750	683.0
54.597500	655.5
54.601250	670.1
54.605000	647.4
54.608750	683.3
54.612500	709.7
54.616250	673.2
54.620000	645.9
54.623750	652.6
54.627500	654.3
54.631250	653.3
54.635000	706.0
54.638750	674.3
54.642500	661.1
54.646250	684.1
54.650000	629.6
54.653750	694.6
54.657500	676.1
54.661250	691.3
54.665000	707.7
54.668750	642.1
54.672500	654.4
54.676250	675.6
54.680000	668.8
54.683750	651.0
54.687500	668.3
54.691250	720.8
54.695000	622.8
54.698750	679.1
54.702500	627.7
54.706250	690.8
54.710000	684.7
54.713750	658.4
54.717500	609.8
54.721250	677.4
54.725000	653.6
54.728750	679.3
54.732500	669.1
54.736250	698.5
54.740000	695.3
54.743750	640.5
54.747500	669.9
54.751250	642.3
54.755000	694.5
54.758750	663.3
54.762500	638.8
54.766250	686.0
54.770000	650.1
54.773750	652.5
54.777500	684.4
54.781250	672.0
54.785000	665.3
54.788750	631.8
54.792500	671.1
54.796250	686.0
54.800000	669.0
54.803750	674.3
54.807500	655.6
54.811250	690.5
54.815000	700.9
54.818750	643.8
54.822500	690.7
54.826250	648.1
54.830000	704.3
54.833750	673.6
54.837500	636.1
54.841250	672.7
54.845000	664.0
54.848750	648.5
54.852500	677.1
54.856250	677.1
54.860000	652.8
54.863750	641.5
54.867500	614.5
54.871250	660.9
54.875000	672.3
54.878750	668.7
54.882500	622.5
54.886250	644.7
54.890000	683.3
54.893750	663.0
54.897500	671.3
54.901250	702.9
54.905000	686.7
54.908750	662.8
54.912500	647.7
54.916250	674.5
54.920000	688.5
54.923750	702.4
54.927500	695.6
54.931250	703.3
54.935000	696.6
54.938750	644.3
54.942500	660.8
54.946250	750.3
54.950000	757.4
54.953750	681.2
54.957500	755.0
54.961250	770.8
54.965000	716.7
54.968750	745.8
54.972500	726.3
54.976250	775.0
54.980000	769.7
54.983750	761.9
54.987500	750.6
54.991250	809.2
54.995000	742.4
54.998750	734.9
55.002500	685.2
55.006250	708.1
55.010000	706.3
55.013750	710.9
55.017500	695.7
55.021250	705.7
55.025000	683.3
55.028750	681.3
55.032500	719.4
55.036250	767.7
55.040000	697.4
55.043750	698.5
55.047500	710.0
55.051250	718.0
55.055000	651.2
55.058750	650.3
55.062500	693.4
55.066250	686.8
55.070000	719.1
55.073750	701.1
55.077500	654.0
55.081250	679.8
55.085000	680.2
55.088750	663.7
55.092500	661.1
55.096250	655.4
55.100000	648.2
55.103750	715.1
55.107500	642.6
55.111250	660.1
55.115000	685.1
55.118750	680.0
55.122500	689.4
55.126250	723.8
55.130000	673.9
55.133750	651.6
55.137500	728.6
55.141250	686.1
55.145000	694.1
55.148750	661.9
55.152500	699.5
55.156250	652.4
55.160000	666.4
55.163750	699.4
55.167500	661.9
55.171250	674.0
55.175000	614.5
55.178750	675.0
55.182500	679.9
55.186250	687.9
55.190000	686.6
55.193750	668.1
55.197500	673.4
55.201250	659.1
55.205000	631.4
55.208750	657.4
55.212500	669.2
55.216250	676.6
55.220000	691.9
55.223750	653.5
55.227500	654.7
55.231250	598.2
55.235000	653.6
55.238750	653.5
55.242500	635.9
55.246250	667.6
55.250000	685.4
55.253750	673.9
55.257500	670.5
55.261250	679.8
55.265000	685.4
55.268750	700.8
55.272500	701.8
55.276250	706.2
55.280000	698.0
55.283750	678.2
55.287500	673.2
55.291250	709.0
55.295000	687.0
55.298750	688.0
55.302500	686.9
55.306250	673.5
55.310000	697.3
55.313750	670.4
55.317500	725.6
55.321250	704.8
55.325000	742.7
55.328750	734.6
55.332500	718.3
55.336250	746.0
55.340000	794.9
55.343750	789.6
55.347500	761.2
55.351250	799.2
55.355000	846.0
55.358750	832.2
55.362500	909.3
55.366250	935.7
55.370000	959.9
55.373750	1021.9
55.377500	1054.5
55.381250	1102.7
55.385000	1232.2
55.388750	1247.7
55.392500	1224.7
55.396250	1365.2
55.400000	1396.9
55.403750	1418.6
55.407500	1426.0
55.411250	1472.9
55.415000	1412.7
55.418750	1449.2
55.422500	1424.1
55.426250	1315.4
55.430000	1283.4
55.433750	1252.4
55.437500	1160.7
55.441250	1097.8
55.445000	1005.2
55.448750	941.9
55.452500	879.3
55.456250	883.9
55.460000	807.7
55.463750	795.0
55.467500	765.0
55.471250	784.3
55.475000	772.8
55.478750	730.1
55.482500	754.6
55.486250	754.6
55.490000	740.2
55.493750	694.1
55.497500	705.2
55.501250	683.8
55.505000	680.4
55.508750	681.1
55.512500	675.4
55.516250	630.9
55.520000	698.7
55.523750	674.8
55.527500	624.7
55.531250	667.0
55.535000	621.4
55.538750	638.6
55.542500	632.6
55.546250	606.8
55.550000	617.7
55.553750	619.9
55.557500	663.3
55.561250	657.5
55.565000	701.7
55.568750	695.9
55.572500	650.5
55.576250	669.3
55.580000	620.0
55.583750	637.0
55.587500	671.4
55.591250	657.2
55.595000	718.2
55.598750	675.0
55.602500	614.2
55.606250	656.9
55.610000	642.9
55.613750	607.0
55.617500	642.2
55.621250	656.6
55.625000	665.4
55.628750	652.3
55.632500	632.6
55.636250	652.2
55.640000	626.4
55.643750	636.1
55.647500	706.0
55.651250	695.7
55.655000	626.7
55.658750	616.4
55.662500	632.3
55.666250	661.7
55.670000	657.5
55.673750	641.8
55.677500	662.4
55.681250	689.4
55.685000	646.2
55.688750	641.1
55.692500	654.9
55.696250	714.8
55.700000	683.1
55.703750	670.8
55.707500	688.5
55.711250	648.4
55.715000	612.0
55.718750	633.9
55.722500	640.0
55.726250	656.3
55.730000	645.2
55.733750	650.9
55.737500	710.2
55.741250	702.6
55.745000	657.6
55.748750	652.0
55.752500	651.0
55.756250	636.4
55.760000	677.1
55.763750	621.5
55.767500	640.5
55.771250	643.7
55.775000	621.7
55.778750	660.7
55.782500	658.8
55.786250	621.3
55.790000	652.5
55.793750	638.9
55.797500	621.2
55.801250	663.0
55.805000	674.9
55.808750	613.4
55.812500	645.1
55.816250	659.2
55.820000	667.6
55.823750	664.4
55.827500	625.7
55.831250	653.1
55.835000	662.4
55.838750	647.9
55.842500	660.0
55.846250	608.3
55.850000	639.7
55.853750	648.1
55.857500	625.3
55.861250	645.0
55.865000	616.2
55.868750	610.5
55.872500	629.5
55.876250	618.5
55.880000	640.5
55.883750	661.9
55.887500	643.5
55.891250	633.9
55.895000	645.0
55.898750	618.5
55.902500	611.5
55.906250	620.4
55.910000	653.1
55.913750	633.8
55.917500	618.8
55.921250	635.3
55.925000	668.9
55.928750	665.1
55.932500	637.2
55.936250	619.8
55.940000	685.9
55.943750	646.0
55.947500	640.5
55.951250	685.5
55.955000	629.4
55.958750	617.1
55.962500	645.5
55.966250	631.0
55.970000	662.1
55.973750	682.0
55.977500	655.9
55.981250	631.2
55.985000	653.2
55.988750	644.1
55.992500	664.2
55.996250	721.1
56.000000	639.7
56.003750	599.9
56.007500	602.3
56.011250	621.2
56.015000	665.0
56.018750	595.7
56.022500	649.1
56.026250	667.7
56.030000	643.0
56.033750	651.5
56.037500	681.0
56.041250	602.1
56.045000	621.6
56.048750	664.4
56.052500	649.0
56.056250	607.5
56.060000	651.1
56.063750	611.6
56.067500	645.0
56.071250	692.1
56.075000	651.5
56.078750	679.5
56.082500	656.1
56.086250	644.3
56.090000	676.0
56.093750	673.3
56.097500	667.5
56.101250	603.7
56.105000	640.9
56.108750	663.1
56.112500	656.4
56.116250	721.3
56.120000	654.1
56.123750	600.6
56.127500	612.8
56.131250	634.2
56.135000	660.8
56.138750	653.2
56.142500	675.3
56.146250	637.9
56.150000	610.3
56.153750	661.7
56.157500	648.0
56.161250	678.8
56.165000	626.6
56.168750	649.8
56.172500	620.3
56.176250	649.9
56.180000	660.6
56.183750	626.3
56.187500	653.0
56.191250	638.6
56.195000	621.3
56.198750	613.5
56.202500	654.1
56.206250	637.0
56.210000	621.9
56.213750	654.6
56.217500	664.1
56.221250	608.7
56.225000	601.5
56.228750	629.5
56.232500	654.0
56.236250	638.0
56.240000	646.8
56.243750	643.6
56.247500	622.5
56.251250	642.0
56.255000	635.7
56.258750	605.1
56.262500	630.6
56.266250	622.1
56.270000	618.5
56.273750	621.3
56.277500	634.2
56.281250	638.6
56.285000	619.2
56.288750	613.6
56.292500	607.0
56.296250	605.4
56.300000	647.8
56.303750	616.4
56.307500	603.9
56.311250	647.4
56.315000	619.9
56.318750	611.1
56.322500	642.4
56.326250	639.2
56.330000	626.4
56.333750	599.7
56.337500	609.2
56.341250	615.9
56.345000	597.9
56.348750	616.5
56.352500	643.5
56.356250	643.0
56.360000	620.4
56.363750	624.2
56.367500	643.7
56.371250	665.8
56.375000	634.7
56.378750	605.7
56.382500	648.1
56.386250	637.4
56.390000	604.7
56.393750	637.9
56.397500	630.7
56.401250	607.9
56.405000	670.0
56.408750	664.1
56.412500	637.3
56.416250	630.8
56.420000	636.4
56.423750	606.0
56.427500	597.8
56.431250	638.1
56.435000	650.1
56.438750	645.8
56.442500	632.1
56.446250	617.3
56.450000	626.2
56.453750	647.5
56.457500	640.7
56.461250	601.0
56.465000	607.8
56.468750	625.2
56.472500	621.5
56.476250	630.0
56.480000	620.5
56.483750	634.8
56.487500	630.7
56.491250	647.4
56.495000	679.1
56.498750	637.3
56.502500	645.3
56.506250	599.2
56.510000	640.3
56.513750	640.9
56.517500	650.2
56.521250	650.3
56.525000	575.1
56.528750	612.9
56.532500	664.7
56.536250	607.8
56.540000	625.7
56.543750	648.2
56.547500	620.1
56.551250	662.3
56.555000	689.1
56.558750	669.3
56.562500	634.1
56.566250	611.6
56.570000	583.3
56.573750	579.1
56.577500	601.0
56.581250	607.6
56.585000	645.4
56.588750	663.4
56.592500	631.0
56.596250	597.2
56.600000	656.5
56.603750	637.3
56.607500	632.7
56.611250	653.1
56.615000	633.6
56.618750	612.5
56.622500	618.0
56.626250	629.9
56.630000	673.0
56.633750	631.8
56.637500	636.4
56.641250	664.9
56.645000	643.9
56.648750	639.7
56.652500	633.1
56.656250	684.6
56.660000	653.9
56.663750	638.8
56.667500	634.9
56.671250	647.1
56.675000	642.1
56.678750	626.1
56.682500	653.2
56.686250	579.2
56.690000	639.2
56.693750	639.7
56.697500	714.5
56.701250	645.8
56.705000	658.1
56.708750	635.4
56.712500	703.5
56.716250	632.4
56.720000	641.0
56.723750	637.5
56.727500	665.1
56.731250	638.8
56.735000	618.6
56.738750	670.5
56.742500	631.6
56.746250	628.0
56.750000	652.9
56.753750	647.2
56.757500	659.2
56.761250	639.7
56.765000	655.5
56.768750	634.7
56.772500	605.1
56.776250	646.5
56.780000	673.2
56.783750	637.3
56.787500	606.1
56.791250	632.0
56.795000	661.1
56.798750	617.9
56.802500	619.9
56.806250	610.6
56.810000	679.1
56.813750	628.1
56.817500	656.1
56.821250	608.2
56.825000	598.9
56.828750	640.6
56.832500	641.8
56.836250	605.3
56.840000	666.7
56.843750	628.9
56.847500	652.2
56.851250	660.1
56.855000	646.7
56.858750	642.3
56.862500	635.2
56.866250	661.2
56.870000	638.0
56.873750	623.2
56.877500	632.7
56.881250	630.8
56.885000	663.2
56.888750	611.9
56.892500	607.7
56.896250	659.9
56.900000	647.0
56.903750	652.0
56.907500	650.9
56.911250	665.4
56.915000	670.6
56.918750	682.5
56.922500	704.0
56.926250	673.3
56.930000	708.4
56.933750	685.9
56.937500	648.6
56.941250	707.0
56.945000	669.8
56.948750	698.8
56.952500	678.9
56.956250	676.0
56.960000	692.6
56.963750	703.8
56.967500	738.5
56.971250	667.7
56.975000	692.5
56.978750	684.6
56.982500	650.6
56.986250	639.6
56.990000	650.9
56.993750	639.5
56.997500	644.7
57.001250	655.5
57.005000	635.2
57.008750	625.8
57.012500	615.2
57.016250	596.6
57.020000	626.0
57.023750	630.9
57.027500	644.8
57.031250	645.6
57.035000	641.9
57.038750	591.5
57.042500	623.6
57.046250	629.0
57.050000	594.1
57.053750	618.2
57.057500	658.3
57.061250	647.2
57.065000	622.6
57.068750	627.6
57.072500	665.6
57.076250	613.6
57.080000	632.2
57.083750	642.4
57.087500	603.0
57.091250	643.7
57.095000	644.9
57.098750	634.3
57.102500	629.4
57.106250	658.5
57.110000	671.7
57.113750	644.3
57.117500	608.0
57.121250	606.5
57.125000	667.9
57.128750	673.0
57.132500	691.3
57.136250	636.4
57.140000	631.3
57.143750	608.3
57.147500	639.0
57.151250	677.1
57.155000	653.7
57.158750	637.5
57.162500	635.0
57.166250	634.1
57.170000	682.0
57.173750	635.8
57.177500	642.2
57.181250	633.6
57.185000	648.2
57.188750	654.5
57.192500	640.5
57.196250	616.5
57.200000	630.0
57.203750	659.3
57.207500	645.3
57.211250	600.5
57.215000	594.1
57.218750	645.6
57.222500	642.6
57.226250	623.4
57.230000	600.4
57.233750	634.3
57.237500	677.2
57.241250	630.8
57.245000	649.9
57.248750	633.5
57.252500	609.3
57.256250	611.7
57.260000	616.1
57.263750	643.0
57.267500	632.1
57.271250	621.1
57.275000	610.5
57.278750	602.8
57.282500	623.4
57.286250	602.8
57.290000	614.0
57.293750	628.7
57.297500	624.5
57.301250	630.3
57.305000	603.6
57.308750	608.1
57.312500	606.0
57.316250	595.9
57.320000	649.0
57.323750	650.0
57.327500	634.9
57.331250	651.3
57.335000	638.9
57.338750	626.6
57.342500	594.3
57.346250	658.2
57.350000	632.5
57.353750	631.5
57.357500	607.4
57.361250	579.6
57.365000	591.9
57.368750	644.3
57.372500	612.7
57.376250	609.7
57.380000	643.1
57.383750	672.3
57.387500	641.0
57.391250	631.9
57.395000	629.4
57.398750	625.2
57.402500	598.9
57.406250	598.8
57.410000	597.1
57.413750	611.0
57.417500	645.0
57.421250	601.9
57.425000	641.9
57.428750	646.6
57.432500	584.8
57.436250	641.0
57.440000	634.1
57.443750	618.2
57.447500	638.1
57.451250	635.0
57.455000	634.2
57.458750	618.6
57.462500	629.4
57.466250	657.3
57.470000	646.6
57.473750	657.7
57.477500	637.8
57.481250	679.4
57.485000	662.4
57.488750	696.1
57.492500	621.3
57.496250	611.6
57.500000	605.5
57.503750	639.6
57.507500	643.4
57.511250	602.4
57.515000	631.1
57.518750	635.5
57.522500	623.5
57.526250	605.5
57.530000	579.3
57.533750	597.6
57.537500	614.3
57.541250	640.8
57.545000	640.8
57.548750	649.1
57.552500	621.7
57.556250	595.8
57.560000	600.2
57.563750	642.4
57.567500	649.8
57.571250	640.4
57.575000	650.4
57.578750	663.2
57.582500	694.6
57.586250	670.7
57.590000	644.8
57.593750	628.4
57.597500	637.3
57.601250	671.2
57.605000	665.2
57.608750	651.9
57.612500	676.4
57.616250	658.7
57.620000	645.3
57.623750	628.9
57.627500	635.6
57.631250	664.9
57.635000	631.2
57.638750	603.2
57.642500	649.5
57.646250	641.3
57.650000	621.5
57.653750	648.5
57.657500	635.6
57.661250	610.6
57.665000	636.7
57.668750	630.9
57.672500	595.9
57.676250	598.2
57.680000	638.8
57.683750	618.7
57.687500	624.0
57.691250	676.8
57.695000	701.0
57.698750	672.4
57.702500	666.7
57.706250	665.5
57.710000	648.0
57.713750	644.6
57.717500	665.9
57.721250	689.5
57.725000	688.7
57.728750	701.3
57.732500	682.3
57.736250	738.8
57.740000	673.6
57.743750	671.5
57.747500	691.4
57.751250	699.0
57.755000	670.2
57.758750	638.5
57.762500	649.5
57.766250	654.7
57.770000	644.3
57.773750	591.0
57.777500	622.1
57.781250	686.0
57.785000	657.9
57.788750	653.2
57.792500	648.3
57.796250	654.1
57.800000	635.4
57.803750	616.2
57.807500	621.9
57.811250	615.6
57.815000	690.9
57.818750	622.0
57.822500	643.7
57.826250	653.5
57.830000	656.1
57.833750	626.2
57.837500	624.6
57.841250	638.6
57.845000	621.8
57.848750	604.4
57.852500	619.6
57.856250	604.7
57.860000	621.9
57.863750	603.2
57.867500	661.1
57.871250	629.4
57.875000	632.9
57.878750	634.8
57.882500	600.8
57.886250	665.1
57.890000	674.8
57.893750	639.2
57.897500	613.1
57.901250	622.5
57.905000	649.6
57.908750	625.7
57.912500	603.7
57.916250	613.0
57.920000	603.3
57.923750	651.5
57.927500	645.0
57.931250	678.1
57.935000	651.5
57.938750	670.1
57.942500	622.5
57.946250	607.9
57.950000	621.3
57.953750	645.5
57.957500	654.2
57.961250	660.6
57.965000	598.3
57.968750	648.1
57.972500	673.6
57.976250	645.1
57.980000	659.0
57.983750	636.6
57.987500	623.0
57.991250	602.2
57.995000	573.4
57.998750	620.9
58.002500	625.3
58.006250	678.1
58.010000	662.3
58.013750	619.7
58.017500	602.9
58.021250	627.1
58.025000	580.5
58.028750	628.8
58.032500	658.9
58.036250	624.0
58.040000	657.2
58.043750	642.1
58.047500	602.5
58.051250	643.4
58.055000	676.2
58.058750	685.6
58.062500	627.2
58.066250	623.2
58.070000	641.9
58.073750	658.7
58.077500	599.9
58.081250	652.9
58.085000	620.1
58.088750	661.4
58.092500	602.1
58.096250	640.4
58.100000	622.2
58.103750	628.3
58.107500	688.0
58.111250	655.4
58.115000	656.9
58.118750	653.7
58.122500	628.8
58.126250	600.1
58.130000	683.5
58.133750	676.6
58.137500	660.3
58.141250	659.5
58.145000	654.4
58.148750	682.0
58.152500	572.9
58.156250	644.1
58.160000	661.7
58.163750	663.9
58.167500	677.8
58.171250	653.3
58.175000	650.4
58.178750	675.9
58.182500	631.4
58.186250	672.8
58.190000	728.6
58.193750	700.8
58.197500	666.8
58.201250	698.2
58.205000	679.4
58.208750	721.5
58.212500	637.3
58.216250	616.5
58.220000	652.0
58.223750	677.9
58.227500	720.6
58.231250	666.3
58.235000	681.2
58.238750	649.0
58.242500	713.0
58.246250	705.3
58.250000	656.0
58.253750	667.8
58.257500	662.1
58.261250	643.3
58.265000	654.0
58.268750	636.9
58.272500	675.4
58.276250	691.1
58.280000	696.2
58.283750	711.8
58.287500	692.2
58.291250	672.5
58.295000	660.7
58.298750	686.1
58.302500	660.6
58.306250	688.5
58.310000	702.9
58.313750	693.7
58.317500	686.6
58.321250	719.3
58.325000	682.6
58.328750	686.2
58.332500	709.8
58.336250	693.0
58.340000	676.3
58.343750	693.8
58.347500	706.6
58.351250	657.3
58.355000	667.7
58.358750	704.4
58.362500	725.3
58.366250	695.5
58.370000	702.5
58.373750	715.5
58.377500	705.1
58.381250	706.9
58.385000	668.8
58.388750	658.3
58.392500	707.9
58.396250	689.8
58.400000	674.5
58.403750	702.5
58.407500	692.2
58.411250	682.6
58.415000	708.8
58.418750	666.8
58.422500	674.4
58.426250	721.5
58.430000	705.6
58.433750	675.4
58.437500	714.8
58.441250	690.5
58.445000	684.4
58.448750	741.2
58.452500	682.3
58.456250	683.5
58.460000	729.9
58.463750	690.5
58.467500	682.4
58.471250	651.9
58.475000	667.5
58.478750	687.3
58.482500	665.6
58.486250	690.8
58.490000	696.5
58.493750	675.0
58.497500	694.8
58.501250	724.0
58.505000	721.8
58.508750	655.1
58.512500	696.4
58.516250	705.7
58.520000	674.5
58.523750	703.0
58.527500	704.9
58.531250	740.7
58.535000	688.0
58.538750	710.4
58.542500	731.2
58.546250	719.8
58.550000	684.8
58.553750	696.8
58.557500	710.7
58.561250	707.9
58.565000	718.6
58.568750	740.7
58.572500	709.6
58.576250	716.0
58.580000	705.5
58.583750	711.5
58.587500	744.4
58.591250	679.8
58.595000	740.1
58.598750	726.9
58.602500	671.9
58.606250	708.4
58.610000	703.7
58.613750	715.2
58.617500	722.1
58.621250	702.3
58.625000	750.5
58.628750	691.4
58.632500	683.5
58.636250	722.1
58.640000	682.7
58.643750	717.8
58.647500	734.0
58.651250	693.7
58.655000	676.7
58.658750	713.6
58.662500	730.1
58.666250	740.8
58.670000	735.8
58.673750	704.3
58.677500	725.7
58.681250	727.7
58.685000	706.8
58.688750	699.8
58.692500	674.8
58.696250	684.7
58.700000	694.2
58.703750	726.7
58.707500	698.7
58.711250	719.0
58.715000	693.1
58.718750	679.2
58.722500	688.0
58.726250	722.1
58.730000	659.6
58.733750	689.8
58.737500	664.9
58.741250	644.8
58.745000	626.6
58.748750	663.4
58.752500	653.1
58.756250	689.9
58.760000	662.6
58.763750	638.0
58.767500	658.3
58.771250	665.9
58.775000	617.1
58.778750	643.6
58.782500	632.9
58.786250	657.6
58.790000	673.0
58.793750	641.6
58.797500	678.2
58.801250	645.2
58.805000	632.9
58.808750	650.9
58.812500	654.9
58.816250	690.2
58.820000	687.3
58.823750	652.2
58.827500	643.3
58.831250	664.1
58.835000	602.7
58.838750	625.6
58.842500	620.6
58.846250	657.9
58.850000	655.5
58.853750	632.9
58.857500	662.2
58.861250	613.0
58.865000	632.2
58.868750	623.2
58.872500	606.2
58.876250	641.5
58.880000	623.8
58.883750	623.9
58.887500	695.5
58.891250	654.0
58.895000	639.7
58.898750	600.3
58.902500	665.4
58.906250	637.8
58.910000	662.7
58.913750	642.3
58.917500	667.3
58.921250	654.4
58.925000	686.2
58.928750	697.4
58.932500	662.4
58.936250	665.2
58.940000	695.2
58.943750	681.6
58.947500	697.5
58.951250	672.1
58.955000	637.1
58.958750	671.6
58.962500	666.9
58.966250	663.8
58.970000	632.8
58.973750	629.9
58.977500	649.7
58.981250	672.6
58.985000	664.5
58.988750	626.3
58.992500	622.3
58.996250	674.1
59.000000	656.6
59.003750	651.1
59.007500	641.0
59.011250	628.4
59.015000	641.8
59.018750	625.3
59.022500	672.0
59.026250	579.4
59.030000	606.5
59.033750	628.6
59.037500	624.5
59.041250	634.3
59.045000	663.9
59.048750	665.9
59.052500	670.2
59.056250	667.0
59.060000	642.3
59.063750	620.6
59.067500	644.2
59.071250	589.6
59.075000	602.7
59.078750	657.1
59.082500	647.9
59.086250	641.6
59.090000	623.6
59.093750	645.9
59.097500	682.6
59.101250	627.5
59.105000	624.0
59.108750	614.7
59.112500	630.1
59.116250	657.8
59.120000	607.5
59.123750	646.8
59.127500	590.1
59.131250	629.1
59.135000	631.8
59.138750	647.9
59.142500	650.3
59.146250	634.2
59.150000	615.0
59.153750	618.0
59.157500	659.0
59.161250	642.8
59.165000	635.3
59.168750	655.5
59.172500	625.8
59.176250	607.6
59.180000	598.3
59.183750	621.5
59.187500	615.1
59.191250	654.7
59.195000	610.8
59.198750	642.0
59.202500	633.4
59.206250	641.9
59.210000	599.8
59.213750	571.5
59.217500	632.3
59.221250	633.2
59.225000	589.9
59.228750	592.3
59.232500	585.3
59.236250	624.9
59.240000	669.4
59.243750	652.2
59.247500	619.4
59.251250	633.2
59.255000	629.2
59.258750	659.5
59.262500	681.0
59.266250	620.7
59.270000	642.6
59.273750	608.6
59.277500	607.6
59.281250	573.3
59.285000	662.0
59.288750	669.0
59.292500	654.6
59.296250	654.4
59.300000	627.5
59.303750	599.9
59.307500	643.0
59.311250	642.4
59.315000	623.1
59.318750	640.3
59.322500	612.8
59.326250	622.8
59.330000	653.1
59.333750	657.7
59.337500	657.5
59.341250	617.2
59.345000	620.1
59.348750	578.2
59.352500	647.3
59.356250	598.4
59.360000	630.9
59.363750	600.2
59.367500	685.0
59.371250	645.8
59.375000	602.2
59.378750	569.2
59.382500	615.9
59.386250	618.8
59.390000	624.0
59.393750	651.1
59.397500	630.7
59.401250	706.2
59.405000	657.9
59.408750	618.3
59.412500	604.5
59.416250	634.6
59.420000	631.8
59.423750	587.2
59.427500	649.7
59.431250	639.4
59.435000	615.5
59.438750	613.3
59.442500	648.9
59.446250	635.3
59.450000	654.1
59.453750	647.8
59.457500	629.1
59.461250	653.6
59.465000	669.3
59.468750	655.9
59.472500	650.1
59.476250	636.7
59.480000	588.8
59.483750	644.5
59.487500	606.9
59.491250	619.3
59.495000	597.3
59.498750	611.1
59.502500	599.5
59.506250	651.3
59.510000	633.0
59.513750	639.0
59.517500	620.0
59.521250	582.6
59.525000	637.9
59.528750	643.1
59.532500	603.7
59.536250	595.5
59.540000	609.2
59.543750	651.9
59.547500	642.0
59.551250	629.3
59.555000	651.4
59.558750	632.8
59.562500	630.3
59.566250	647.0
59.570000	618.1
59.573750	629.0
59.577500	576.7
59.581250	618.1
59.585000	617.1
59.588750	616.7
59.592500	605.8
59.596250	626.3
59.600000	674.4
59.603750	626.9
59.607500	649.3
59.611250	639.3
59.615000	653.0
59.618750	610.2
59.622500	571.7
59.626250	638.8
59.630000	697.7
59.633750	589.7
59.637500	691.2
59.641250	649.8
59.645000	619.1
59.648750	670.4
59.652500	643.1
59.656250	647.6
59.660000	683.9
59.663750	663.6
59.667500	686.3
59.671250	635.1
59.675000	650.9
59.678750	683.0
59.682500	648.9
59.686250	656.6
59.690000	630.6
59.693750	659.8
59.697500	634.7
59.701250	637.8
59.705000	647.0
59.708750	687.4
59.712500	682.8
59.716250	669.5
59.720000	666.0
59.723750	681.8
59.727500	640.8
59.731250	685.4
59.735000	683.8
59.738750	690.4
59.742500	675.2
59.746250	637.4
59.750000	649.7
59.753750	685.3
59.757500	657.3
59.761250	653.1
59.765000	642.8
59.768750	683.8
59.772500	644.4
59.776250	659.2
59.780000	622.9
59.783750	662.2
59.787500	643.7
59.791250	658.8
59.795000	700.4
59.798750	650.5
59.802500	661.8
59.806250	624.2
59.810000	634.3
59.813750	625.5
59.817500	624.4
59.821250	643.3
59.825000	635.7
59.828750	632.1
59.832500	614.0
59.836250	663.0
59.840000	659.8
59.843750	636.8
59.847500	652.0
59.851250	635.1
59.855000	646.2
59.858750	626.1
59.862500	624.1
59.866250	611.2
59.870000	693.3
59.873750	631.5
59.877500	633.5
59.881250	641.6
59.885000	648.9
59.888750	628.5
59.892500	648.3
59.896250	665.3
59.900000	622.0
59.903750	666.5
59.907500	641.9
59.911250	641.3
59.915000	663.9
59.918750	625.2
59.922500	648.9
59.926250	675.1
59.930000	615.2
59.933750	630.2
59.937500	668.2
59.941250	652.8
59.945000	669.1
59.948750	649.8
59.952500	633.2
59.956250	649.2
59.960000	617.7
59.963750	645.0
59.967500	631.4
59.971250	641.8
59.975000	637.5
59.978750	633.4
59.982500	668.0
59.986250	668.3
59.990000	684.3
59.993750	667.2
59.997500	599.0
60.001250	631.0
60.005000	634.1
60.008750	601.6
60.012500	653.8
60.016250	663.1
60.020000	646.5
60.023750	667.0
60.027500	675.2
60.031250	697.0
60.035000	662.5
60.038750	645.3
60.042500	642.2
60.046250	659.0
60.050000	684.5
60.053750	661.6
60.057500	662.9
60.061250	681.0
60.065000	666.9
60.068750	636.5
60.072500	694.7
60.076250	673.7
60.080000	692.1
60.083750	618.3
60.087500	654.5
60.091250	667.6
60.095000	650.3
60.098750	652.2
60.102500	662.8
60.106250	669.2
60.110000	697.1
60.113750	611.6
60.117500	687.3
60.121250	652.2
60.125000	664.2
60.128750	672.4
60.132500	670.5
60.136250	665.6
60.140000	687.9
60.143750	640.9
60.147500	680.3
60.151250	680.9
60.155000	718.9
60.158750	707.3
60.162500	691.3
60.166250	664.6
60.170000	700.3
60.173750	687.3
60.177500	656.5
60.181250	676.2
60.185000	612.6
60.188750	618.7
60.192500	712.8
60.196250	680.6
60.200000	607.9
60.203750	685.5
60.207500	668.1
60.211250	636.8
60.215000	618.5
60.218750	618.5
60.222500	675.8
60.226250	619.8
60.230000	633.6
60.233750	660.0
60.237500	692.3
60.241250	680.7
60.245000	674.5
60.248750	611.6
60.252500	650.1
60.256250	660.9
60.260000	663.7
60.263750	659.9
60.267500	620.9
60.271250	628.4
60.275000	660.9
60.278750	642.6
60.282500	631.0
60.286250	638.1
60.290000	610.3
60.293750	644.2
60.297500	615.7
60.301250	678.4
60.305000	653.9
60.308750	644.0
60.312500	676.3
60.316250	662.9
60.320000	642.9
60.323750	669.1
60.327500	645.5
60.331250	616.8
60.335000	677.3
60.338750	675.4
60.342500	638.9
60.346250	632.6
60.350000	638.9
60.353750	683.2
60.357500	632.9
60.361250	636.4
60.365000	613.2
60.368750	624.0
60.372500	685.2
60.376250	594.8
60.380000	596.0
60.383750	639.9
60.387500	599.6
60.391250	630.6
60.395000	642.1
60.398750	666.5
60.402500	664.8
60.406250	622.0
60.410000	624.9
60.413750	618.2
60.417500	620.7
60.421250	618.3
60.425000	639.2
60.428750	653.5
60.432500	595.6
60.436250	580.9
60.440000	614.4
60.443750	618.3
60.447500	606.7
60.451250	638.3
60.455000	632.0
60.458750	594.9
60.462500	605.3
60.466250	631.1
60.470000	609.9
60.473750	598.3
60.477500	576.8
60.481250	595.6
60.485000	579.7
60.488750	600.7
60.492500	637.8
60.496250	633.6
60.500000	615.5
60.503750	572.4
60.507500	599.1
60.511250	641.2
60.515000	634.6
60.518750	678.8
60.522500	588.4
60.526250	558.4
60.530000	603.5
60.533750	627.2
60.537500	623.0
60.541250	681.4
60.545000	617.1
60.548750	635.2
60.552500	639.4
60.556250	618.3
60.560000	623.0
60.563750	568.7
60.567500	551.0
60.571250	584.3
60.575000	589.9
60.578750	570.7
60.582500	577.9
60.586250	560.9
60.590000	547.9
60.593750	642.0
60.597500	635.3
60.601250	576.5
60.605000	655.5
60.608750	632.7
60.612500	660.5
60.616250	610.1
60.620000	636.5
60.623750	665.1
60.627500	568.9
60.631250	595.6
60.635000	638.4
60.638750	673.4
60.642500	583.1
60.646250	630.9
60.650000	643.0
60.653750	596.4
60.657500	632.7
60.661250	641.4
60.665000	631.0
60.668750	597.5
60.672500	521.9
60.676250	620.1
60.680000	605.2
60.683750	589.9
60.687500	617.7
60.691250	632.2
60.695000	566.1
60.698750	617.2
60.702500	610.7
60.706250	608.1
60.710000	604.6
60.713750	580.7
60.717500	624.2
60.721250	623.7
60.725000	601.3
60.728750	631.9
60.732500	601.3
60.736250	643.1
60.740000	664.0
60.743750	645.6
60.747500	566.3
60.751250	633.2
60.755000	577.8
60.758750	594.9
60.762500	626.0
60.766250	578.6
60.770000	619.2
60.773750	592.8
60.777500	614.6
60.781250	591.8
60.785000	600.5
60.788750	633.8
60.792500	613.3
60.796250	632.3
60.800000	588.2
60.803750	636.9
60.807500	586.5
60.811250	591.1
60.815000	595.7
60.818750	597.7
60.822500	617.4
60.826250	627.3
60.830000	586.8
60.833750	570.0
60.837500	594.8
60.841250	601.9
60.845000	574.1
60.848750	582.7
60.852500	596.4
60.856250	615.6
60.860000	619.0
60.863750	569.8
60.867500	592.2
60.871250	614.5
60.875000	644.6
60.878750	599.9
60.882500	583.6
60.886250	593.5
60.890000	614.2
60.893750	593.3
60.897500	540.7
60.901250	567.4
60.905000	580.0
60.908750	604.3
60.912500	568.7
60.916250	580.3
60.920000	627.0
60.923750	610.8
60.927500	545.5
60.931250	600.4
60.935000	635.9
60.938750	591.6
60.942500	606.8
60.946250	575.5
60.950000	562.1
60.953750	580.8
60.957500	597.8
60.961250	643.2
60.965000	587.0
60.968750	607.9
60.972500	599.1
60.976250	630.8
60.980000	631.9
60.983750	527.5
60.987500	580.0
60.991250	555.4
60.995000	606.1
60.998750	523.7
61.002500	598.7
61.006250	556.1
61.010000	622.9
61.013750	596.2
61.017500	587.1
61.021250	540.1
61.025000	570.1
61.028750	562.2
61.032500	616.7
61.036250	590.8
61.040000	638.2
61.043750	647.7
61.047500	622.0
61.051250	555.9
61.055000	545.2
61.058750	546.8
61.062500	591.1
61.066250	608.1
61.070000	612.4
61.073750	560.3
61.077500	582.1
61.081250	590.8
61.085000	600.1
61.088750	593.6
61.092500	581.4
61.096250	554.2
61.100000	579.2
61.103750	568.3
61.107500	563.7
61.111250	607.7
61.115000	649.1
61.118750	651.5
61.122500	586.3
61.126250	646.7
61.130000	634.8
61.133750	634.2
61.137500	619.3
61.141250	586.5
61.145000	611.4
61.148750	570.5
61.152500	595.5
61.156250	628.6
61.160000	612.2
61.163750	700.3
61.167500	575.9
61.171250	595.3
61.175000	598.2
61.178750	612.2
61.182500	611.6
61.186250	542.8
61.190000	609.3
61.193750	587.7
61.197500	577.0
61.201250	597.7
61.205000	589.4
61.208750	555.1
61.212500	552.8
61.216250	584.8
61.220000	568.4
61.223750	573.6
61.227500	549.2
61.231250	598.5
61.235000	583.7
61.238750	582.9
61.242500	561.2
61.246250	565.6
61.250000	594.0
61.253750	614.8
61.257500	604.3
61.261250	577.2
61.265000	595.0
61.268750	601.7
61.272500	597.7
61.276250	599.6
61.280000	594.2
61.283750	551.2
61.287500	642.0
61.291250	610.1
61.295000	573.9
61.298750	561.8
61.302500	580.7
61.306250	609.0
61.310000	611.4
61.313750	591.9
61.317500	566.0
61.321250	537.8
61.325000	571.0
61.328750	595.7
61.332500	544.8
61.336250	602.3
61.340000	573.9
61.343750	579.3
61.347500	566.2
61.351250	580.2
61.355000	596.0
61.358750	531.4
61.362500	582.9
61.366250	555.6
61.370000	593.4
61.373750	609.9
61.377500	587.5
61.381250	569.8
61.385000	556.5
61.388750	601.5
61.392500	596.6
61.396250	592.7
61.400000	582.1
61.403750	572.4
61.407500	565.7
61.411250	586.0
61.415000	589.5
61.418750	601.5
61.422500	593.4
61.426250	626.0
61.430000	599.5
61.433750	571.6
61.437500	553.5
61.441250	574.8
61.445000	572.4
61.448750	582.1
61.452500	596.2
61.456250	593.3
61.460000	601.9
61.463750	576.5
61.467500	594.4
61.471250	637.0
61.475000	628.7
61.478750	596.3
61.482500	565.2
61.486250	594.8
61.490000	598.3
61.493750	632.4
61.497500	607.6
61.501250	583.5
61.505000	607.1
61.508750	622.7
61.512500	639.0
61.516250	621.2
61.520000	613.3
61.523750	611.6
61.527500	592.2
61.531250	541.7
61.535000	558.0
61.538750	598.1
61.542500	590.4
61.546250	608.0
61.550000	570.4
61.553750	583.7
61.557500	595.8
61.561250	562.3
61.565000	588.9
61.568750	586.3
61.572500	610.8
61.576250	568.1
61.580000	581.3
61.583750	568.7
61.587500	595.4
61.591250	587.7
61.595000	581.1
61.598750	551.0
61.602500	554.1
61.606250	574.6
61.610000	587.7
61.613750	559.6
61.617500	560.5
61.621250	561.1
61.625000	546.8
61.628750	563.3
61.632500	588.5
61.636250	594.7
61.640000	581.6
61.643750	563.0
61.647500	577.4
61.651250	596.7
61.655000	593.7
61.658750	590.3
61.662500	563.9
61.666250	564.0
61.670000	555.2
61.673750	596.9
61.677500	536.8
61.681250	560.8
61.685000	599.5
61.688750	579.2
61.692500	579.6
61.696250	565.0
61.700000	590.2
61.703750	547.6
61.707500	575.7
61.711250	602.4
61.715000	569.2
61.718750	566.4
61.722500	571.7
61.726250	587.8
61.730000	599.8
61.733750	588.2
61.737500	603.0
61.741250	588.6
61.745000	596.2
61.748750	567.6
61.752500	574.4
61.756250	607.7
61.760000	596.7
61.763750	576.6
61.767500	591.0
61.771250	580.8
61.775000	584.7
61.778750	596.3
61.782500	576.8
61.786250	587.2
61.790000	588.7
61.793750	632.7
61.797500	585.9
61.801250	601.9
61.805000	637.0
61.808750	652.7
61.812500	590.1
61.816250	606.4
61.820000	583.4
61.823750	544.0
61.827500	572.7
61.831250	578.0
61.835000	567.1
61.838750	556.5
61.842500	596.4
61.846250	585.0
61.850000	570.5
61.853750	570.0
61.857500	570.8
61.861250	588.0
61.865000	588.9
61.868750	599.0
61.872500	601.3
61.876250	605.6
61.880000	618.2
61.883750	573.5
61.887500	565.5
61.891250	571.1
61.895000	587.7
61.898750	592.7
61.902500	604.3
61.906250	590.9
61.910000	608.0
61.913750	554.0
61.917500	555.6
61.921250	610.7
61.925000	571.8
61.928750	597.8
61.932500	635.5
61.936250	576.2
61.940000	602.6
61.943750	573.1
61.947500	564.0
61.951250	570.3
61.955000	559.4
61.958750	557.5
61.962500	570.8
61.966250	559.9
61.970000	571.6
61.973750	550.5
61.977500	574.8
61.981250	584.5
61.985000	590.5
61.988750	600.0
61.992500	532.4
61.996250	550.3
62.000000	596.2
62.003750	595.4
62.007500	561.2
62.011250	568.7
62.015000	561.1
62.018750	593.1
62.022500	553.9
62.026250	563.9
62.030000	569.7
62.033750	582.5
62.037500	561.8
62.041250	605.4
62.045000	568.2
62.048750	593.3
62.052500	572.5
62.056250	549.2
62.060000	586.9
62.063750	574.4
62.067500	528.6
62.071250	594.0
62.075000	589.3
62.078750	560.0
62.082500	583.5
62.086250	578.0
62.090000	545.4
62.093750	571.7
62.097500	549.9
62.101250	556.6
62.105000	567.9
62.108750	596.2
62.112500	564.1
62.116250	558.9
62.120000	581.6
62.123750	587.5
62.127500	619.7
62.131250	599.4
62.135000	588.5
62.138750	602.8
62.142500	524.6
62.146250	538.6
62.150000	600.2
62.153750	585.4
62.157500	566.6
62.161250	560.4
62.165000	583.3
62.168750	617.7
62.172500	573.8
62.176250	600.7
62.180000	600.1
62.183750	575.6
62.187500	594.2
62.191250	583.7
62.195000	550.6
62.198750	528.8
62.202500	575.0
62.206250	610.5
62.210000	616.5
62.213750	574.6
62.217500	575.0
62.221250	601.4
62.225000	579.0
62.228750	592.0
62.232500	565.8
62.236250	532.1
62.240000	611.0
62.243750	568.2
62.247500	553.4
62.251250	593.1
62.255000	617.9
62.258750	620.8
62.262500	582.8
62.266250	563.3
62.270000	568.1
62.273750	592.9
62.277500	560.6
62.281250	594.7
62.285000	578.0
62.288750	573.9
62.292500	545.3
62.296250	592.4
62.300000	635.1
62.303750	567.2
62.307500	581.9
62.311250	570.3
62.315000	529.6
62.318750	600.5
62.322500	598.9
62.326250	570.7
62.330000	624.8
62.333750	573.7
62.337500	594.5
62.341250	605.9
62.345000	561.6
62.348750	531.4
62.352500	557.4
62.356250	556.3
62.360000	568.1
62.363750	574.8
62.367500	560.9
62.371250	603.9
62.375000	590.4
62.378750	582.1
62.382500	593.2
62.386250	560.5
62.390000	592.2
62.393750	577.2
62.397500	603.6
62.401250	574.0
62.405000	590.6
62.408750	596.1
62.412500	590.2
62.416250	591.0
62.420000	598.7
62.423750	603.5
62.427500	568.4
62.431250	604.4
62.435000	597.6
62.438750	567.0
62.442500	595.3
62.446250	600.0
62.450000	566.6
62.453750	586.5
62.457500	634.4
62.461250	579.2
62.465000	591.1
62.468750	576.0
62.472500	573.8
62.476250	621.0
62.480000	588.6
62.483750	586.0
62.487500	632.6
62.491250	560.8
62.495000	587.2
62.498750	580.2
62.502500	548.0
62.506250	574.7
62.510000	572.2
62.513750	523.8
62.517500	582.1
62.521250	587.4
62.525000	588.1
62.528750	552.8
62.532500	591.9
62.536250	584.6
62.540000	564.5
62.543750	558.7
62.547500	613.1
62.551250	606.8
62.555000	549.5
62.558750	603.4
62.562500	619.9
62.566250	534.7
62.570000	595.1
62.573750	594.6
62.577500	625.8
62.581250	589.8
62.585000	615.1
62.588750	628.4
62.592500	599.3
62.596250	643.4
62.600000	621.0
62.603750	653.6
62.607500	641.4
62.611250	651.2
62.615000	610.9
62.618750	639.1
62.622500	633.7
62.626250	675.7
62.630000	637.2
62.633750	612.3
62.637500	643.5
62.641250	627.7
62.645000	633.6
62.648750	626.2
62.652500	580.5
62.656250	641.7
62.660000	613.8
62.663750	596.1
62.667500	583.6
62.671250	595.7
62.675000	593.5
62.678750	589.2
62.682500	606.9
62.686250	586.7
62.690000	561.1
62.693750	574.2
62.697500	605.4
62.701250	609.2
62.705000	599.7
62.708750	617.2
62.712500	595.9
62.716250	616.3
62.720000	591.0
62.723750	559.4
62.727500	583.0
62.731250	629.5
62.735000	527.9
62.738750	597.6
62.742500	573.7
62.746250	571.4
62.750000	605.5
62.753750	581.3
62.757500	588.5
62.761250	596.0
62.765000	594.8
62.768750	623.4
62.772500	629.8
62.776250	567.0
62.780000	569.7
62.783750	588.5
62.787500	572.9
62.791250	560.4
62.795000	569.3
62.798750	594.9
62.802500	570.1
62.806250	554.9
62.810000	579.1
62.813750	590.2
62.817500	557.1
62.821250	579.3
62.825000	553.9
62.828750	589.6
62.832500	595.1
62.836250	589.0
62.840000	587.2
62.843750	568.2
62.847500	583.3
62.851250	581.8
62.855000	574.6
62.858750	565.3
62.862500	598.5
62.866250	541.3
62.870000	604.8
62.873750	580.7
62.877500	579.2
62.881250	587.7
62.885000	589.2
62.888750	540.1
62.892500	554.0
62.896250	566.5
62.900000	624.2
62.903750	560.4
62.907500	544.0
62.911250	574.1
62.915000	606.4
62.918750	536.7
62.922500	620.1
62.926250	570.5
62.930000	535.7
62.933750	577.7
62.937500	580.5
62.941250	573.5
62.945000	592.1
62.948750	603.6
62.952500	556.6
62.956250	579.5
62.960000	534.3
62.963750	565.2
62.967500	561.1
62.971250	585.4
62.975000	549.4
62.978750	578.0
62.982500	601.0
62.986250	598.5
62.990000	550.1
62.993750	575.0
62.997500	556.2
63.001250	595.1
63.005000	606.7
63.008750	588.8
63.012500	580.1
63.016250	582.1
63.020000	562.3
63.023750	557.8
63.027500	533.3
63.031250	594.0
63.035000	539.6
63.038750	568.9
63.042500	568.5
63.046250	617.0
63.050000	582.8
63.053750	594.1
63.057500	544.9
63.061250	581.1
63.065000	537.8
63.068750	591.8
63.072500	550.0
63.076250	569.5
63.080000	569.5
63.083750	594.8
63.087500	595.4
63.091250	578.1
63.095000	606.2
63.098750	612.0
63.102500	534.5
63.106250	558.8
63.110000	561.7
63.113750	552.4
63.117500	588.2
63.121250	546.2
63.125000	587.5
63.128750	574.0
63.132500	574.0
63.136250	558.6
63.140000	504.2
63.143750	538.3
63.147500	602.7
63.151250	611.0
63.155000	570.8
63.158750	604.4
63.162500	621.3
63.166250	584.6
63.170000	521.3
63.173750	588.6
63.177500	566.0
63.181250	531.0
63.185000	586.3
63.188750	631.4
63.192500	579.1
63.196250	578.7
63.200000	614.4
63.203750	581.3
63.207500	643.2
63.211250	617.2
63.215000	551.0
63.218750	604.4
63.222500	551.7
63.226250	603.8
63.230000	581.0
63.233750	580.4
63.237500	633.7
63.241250	608.5
63.245000	650.2
63.248750	610.9
63.252500	606.8
63.256250	563.7
63.260000	552.8
63.263750	574.4
63.267500	566.0
63.271250	581.2
63.275000	591.4
63.278750	567.1
63.282500	589.1
63.286250	518.2
63.290000	575.0
63.293750	592.2
63.297500	559.3
63.301250	543.6
63.305000	585.8
63.308750	580.2
63.312500	597.8
63.316250	536.7
63.320000	588.4
63.323750	564.5
63.327500	563.9
63.331250	594.7
63.335000	573.7
63.338750	544.0
63.342500	556.9
63.346250	574.5
63.350000	553.6
63.353750	586.2
63.357500	580.6
63.361250	556.9
63.365000	596.2
63.368750	547.4
63.372500	556.7
63.376250	580.7
63.380000	533.3
63.383750	550.5
63.387500	573.7
63.391250	564.1
63.395000	573.5
63.398750	544.6
63.402500	565.7
63.406250	625.4
63.410000	590.4
63.413750	600.1
63.417500	567.7
63.421250	571.8
63.425000	567.9
63.428750	523.3
63.432500	540.0
63.436250	504.2
63.440000	553.7
63.443750	584.3
63.447500	606.1
63.451250	562.9
63.455000	554.9
63.458750	559.9
63.462500	565.0
63.466250	571.9
63.470000	522.8
63.473750	560.2
63.477500	532.7
63.481250	586.4
63.485000	579.3
63.488750	548.2
63.492500	566.3
63.496250	575.7
63.500000	560.4
63.503750	591.3
63.507500	557.4
63.511250	527.6
63.515000	562.2
63.518750	585.7
63.522500	549.2
63.526250	575.1
63.530000	603.9
63.533750	597.6
63.537500	552.0
63.541250	575.4
63.545000	589.0
63.548750	597.1
63.552500	587.8
63.556250	526.3
63.560000	582.3
63.563750	601.3
63.567500	579.2
63.571250	585.4
63.575000	531.5
63.578750	549.2
63.582500	588.7
63.586250	593.2
63.590000	566.3
63.593750	578.9
63.597500	557.3
63.601250	578.8
63.605000	550.2
63.608750	537.8
63.612500	542.4
63.616250	596.7
63.620000	563.9
63.623750	539.2
63.627500	578.1
63.631250	601.1
63.635000	563.0
63.638750	566.4
63.642500	558.3
63.646250	623.0
63.650000	564.4
63.653750	556.5
63.657500	560.3
63.661250	571.7
63.665000	532.1
63.668750	568.0
63.672500	550.4
63.676250	601.8
63.680000	641.5
63.683750	609.3
63.687500	574.7
63.691250	582.2
63.695000	604.4
63.698750	569.9
63.702500	583.2
63.706250	545.1
63.710000	545.4
63.713750	579.7
63.717500	545.9
63.721250	575.8
63.725000	555.8
63.728750	606.0
63.732500	574.8
63.736250	581.0
63.740000	584.9
63.743750	561.8
63.747500	538.9
63.751250	559.4
63.755000	566.6
63.758750	564.2
63.762500	543.7
63.766250	566.1
63.770000	554.9
63.773750	577.7
63.777500	582.2
63.781250	590.0
63.785000	551.9
63.788750	577.0
63.792500	590.3
63.796250	578.7
63.800000	538.2
63.803750	559.0
63.807500	548.6
63.811250	597.4
63.815000	567.9
63.818750	527.4
63.822500	604.7
63.826250	618.5
63.830000	585.6
63.833750	582.6
63.837500	537.0
63.841250	601.3
63.845000	550.4
63.848750	603.3
63.852500	600.0
63.856250	582.3
63.860000	567.2
63.863750	565.6
63.867500	589.7
63.871250	615.1
63.875000	578.1
63.878750	562.8
63.882500	572.1
63.886250	572.8
63.890000	546.4
63.893750	610.1
63.897500	584.1
63.901250	566.3
63.905000	571.4
63.908750	583.9
63.912500	604.9
63.916250	601.6
63.920000	591.2
63.923750	597.3
63.927500	583.8
63.931250	586.8
63.935000	602.2
63.938750	625.7
63.942500	577.0
63.946250	572.8
63.950000	582.7
63.953750	554.7
63.957500	577.4
63.961250	585.8
63.965000	543.6
63.968750	593.3
63.972500	573.6
63.976250	581.8
63.980000	565.3
63.983750	578.0
63.987500	554.2
63.991250	585.5
63.995000	615.9
63.998750	562.4
64.002500	539.2
64.006250	569.2
64.010000	530.7
64.013750	569.0
64.017500	601.7
64.021250	577.8
64.025000	561.1
64.028750	605.0
64.032500	541.8
64.036250	558.3
64.040000	540.1
64.043750	574.1
64.047500	564.1
64.051250	593.0
64.055000	563.5
64.058750	562.7
64.062500	565.8
64.066250	580.0
64.070000	572.8
64.073750	571.8
64.077500	599.5
64.081250	553.4
64.085000	582.1
64.088750	581.4
64.092500	577.0
64.096250	606.8
64.100000	608.4
64.103750	564.7
64.107500	575.4
64.111250	545.3
64.115000	538.9
64.118750	581.4
64.122500	597.6
64.126250	567.0
64.130000	560.6
64.133750	562.0
64.137500	595.1
64.141250	572.0
64.145000	612.5
64.148750	531.0
64.152500	580.1
64.156250	596.1
64.160000	569.3
64.163750	545.0
64.167500	574.8
64.171250	573.3
64.175000	583.2
64.178750	570.6
64.182500	576.4
64.186250	556.3
64.190000	539.3
64.193750	594.1
64.197500	579.4
64.201250	581.9
64.205000	566.8
64.208750	570.0
64.212500	560.6
64.216250	579.0
64.220000	616.2
64.223750	560.9
64.227500	589.8
64.231250	543.5
64.235000	559.8
64.238750	550.7
64.242500	535.6
64.246250	582.6
64.250000	581.7
64.253750	592.8
64.257500	560.7
64.261250	532.2
64.265000	580.3
64.268750	601.4
64.272500	589.2
64.276250	574.8
64.280000	544.7
64.283750	575.6
64.287500	552.5
64.291250	606.5
64.295000	528.8
64.298750	549.4
64.302500	572.8
64.306250	560.9
64.310000	555.9
64.313750	583.6
64.317500	563.0
64.321250	533.3
64.325000	542.6
64.328750	529.8
64.332500	586.1
64.336250	553.4
64.340000	574.2
64.343750	602.7
64.347500	539.5
64.351250	550.9
64.355000	576.5
64.358750	589.9
64.362500	576.4
64.366250	584.1
64.370000	559.3
64.373750	551.8
64.377500	545.0
64.381250	610.5
64.385000	567.9
64.388750	543.1
64.392500	546.5
64.396250	563.1
64.400000	570.0
64.403750	529.4
64.407500	560.8
64.411250	572.2
64.415000	556.9
64.418750	580.0
64.422500	581.1
64.426250	551.0
64.430000	565.2
64.433750	605.4
64.437500	532.4
64.441250	520.4
64.445000	531.6
64.448750	587.3
64.452500	581.3
64.456250	560.5
64.460000	575.1
64.463750	557.5
64.467500	546.3
64.471250	586.3
64.475000	569.3
64.478750	564.3
64.482500	537.8
64.486250	552.3
64.490000	556.3
64.493750	548.6
64.497500	520.6
64.501250	520.3
64.505000	535.0
64.508750	580.3
64.512500	602.3
64.516250	581.8
64.520000	560.0
64.523750	575.6
64.527500	591.3
64.531250	627.1
64.535000	562.3
64.538750	549.5
64.542500	569.6
64.546250	593.5
64.550000	581.9
64.553750	550.2
64.557500	572.0
64.561250	540.5
64.565000	591.9
64.568750	576.7
64.572500	576.1
64.576250	568.3
64.580000	541.7
64.583750	564.2
64.587500	568.9
64.591250	518.2
64.595000	566.7
64.598750	552.9
64.602500	559.9
64.606250	569.4
64.610000	556.2
64.613750	517.6
64.617500	548.5
64.621250	587.6
64.625000	529.2
64.628750	565.4
64.632500	562.0
64.636250	547.4
64.640000	583.6
64.643750	587.7
64.647500	555.4
64.651250	562.9
64.655000	559.7
64.658750	512.4
64.662500	513.2
64.666250	574.5
64.670000	586.8
64.673750	569.8
64.677500	539.9
64.681250	507.8
64.685000	563.8
64.688750	559.6
64.692500	546.1
64.696250	554.6
64.700000	510.6
64.703750	544.6
64.707500	526.1
64.711250	551.2
64.715000	564.1
64.718750	533.4
64.722500	545.5
64.726250	542.2
64.730000	536.2
64.733750	563.1
64.737500	570.1
64.741250	562.6
64.745000	556.5
64.748750	560.8
64.752500	554.0
64.756250	568.7
64.760000	538.0
64.763750	530.3
64.767500	543.3
64.771250	525.1
64.775000	458.0
64.778750	531.8
64.782500	552.2
64.786250	536.5
64.790000	531.4
64.793750	537.7
64.797500	544.1
64.801250	536.5
64.805000	536.6
64.808750	556.5
64.812500	546.4
64.816250	545.4
64.820000	558.8
64.823750	569.4
64.827500	565.6
64.831250	544.3
64.835000	572.9
64.838750	570.4
64.842500	539.0
64.846250	556.8
64.850000	587.7
64.853750	604.6
64.857500	515.2
64.861250	529.0
64.865000	517.6
64.868750	516.9
64.872500	578.7
64.876250	556.3
64.880000	550.2
64.883750	552.6
64.887500	554.3
64.891250	565.3
64.895000	544.4
64.898750	537.7
64.902500	554.9
64.906250	549.1
64.910000	528.7
64.913750	527.4
64.917500	516.2
64.921250	557.2
64.925000	538.2
64.928750	549.4
64.932500	522.4
64.936250	555.6
64.940000	542.3
64.943750	527.0
64.947500	517.1
64.951250	544.1
64.955000	544.8
64.958750	526.6
64.962500	492.7
64.966250	516.8
64.970000	550.2
64.973750	536.6
64.977500	546.2
64.981250	532.9
64.985000	517.7
64.988750	558.4
64.992500	549.6
64.996250	515.5
65.000000	531.4
65.003750	591.3
65.007500	552.1
65.011250	527.8
65.015000	547.8
65.018750	524.6
65.022500	556.8
65.026250	540.1
65.030000	524.6
65.033750	574.9
65.037500	547.8
65.041250	548.8
65.045000	560.2
65.048750	553.7
65.052500	572.8
65.056250	551.7
65.060000	547.7
65.063750	563.9
65.067500	584.3
65.071250	556.8
65.075000	529.3
65.078750	522.9
65.082500	549.7
65.086250	524.1
65.090000	561.3
65.093750	573.1
65.097500	526.2
65.101250	521.5
65.105000	526.8
65.108750	551.8
65.112500	502.2
65.116250	523.1
65.120000	566.7
65.123750	577.5
65.127500	563.8
65.131250	504.1
65.135000	537.0
65.138750	552.1
65.142500	516.3
65.146250	575.1
65.150000	537.5
65.153750	519.6
65.157500	556.5
65.161250	551.4
65.165000	537.2
65.168750	553.8
65.172500	590.0
65.176250	543.0
65.180000	539.0
65.183750	534.3
65.187500	548.5
65.191250	593.5
65.195000	568.1
65.198750	564.6
65.202500	508.8
65.206250	573.0
65.210000	566.5
65.213750	543.3
65.217500	538.7
65.221250	538.5
65.225000	589.3
65.228750	536.0
65.232500	511.8
65.236250	551.0
65.240000	546.7
65.243750	516.2
65.247500	531.1
65.251250	523.7
65.255000	518.4
65.258750	559.3
65.262500	555.2
65.266250	546.9
65.270000	567.2
65.273750	567.2
65.277500	541.8
65.281250	584.8
65.285000	579.7
65.288750	545.8
65.292500	556.1
65.296250	525.7
65.300000	549.7
65.303750	523.7
65.307500	532.7
65.311250	581.9
65.315000	533.4
65.318750	516.4
65.322500	544.0
65.326250	565.5
65.330000	555.8
65.333750	534.2
65.337500	573.8
65.341250	537.9
65.345000	528.8
65.348750	532.2
65.352500	504.1
65.356250	538.0
65.360000	561.2
65.363750	574.8
65.367500	551.1
65.371250	531.1
65.375000	529.4
65.378750	528.0
65.382500	537.9
65.386250	574.9
65.390000	551.1
65.393750	521.5
65.397500	529.5
65.401250	537.0
65.405000	533.4
65.408750	554.6
65.412500	545.3
65.416250	503.4
65.420000	563.1
65.423750	551.9
65.427500	550.2
65.431250	548.6
65.435000	560.3
65.438750	567.8
65.442500	551.3
65.446250	555.1
65.450000	563.2
65.453750	538.8
65.457500	547.5
65.461250	521.2
65.465000	556.5
65.468750	579.0
65.472500	542.9
65.476250	551.3
65.480000	554.8
65.483750	543.0
65.487500	550.2
65.491250	533.9
65.495000	488.1
65.498750	513.5
65.502500	541.8
65.506250	526.1
65.510000	512.4
65.513750	586.2
65.517500	543.7
65.521250	544.2
65.525000	569.9
65.528750	523.9
65.532500	530.0
65.536250	572.0
65.540000	544.0
65.543750	583.9
65.547500	564.1
65.551250	572.0
65.555000	550.0
65.558750	583.4
65.562500	616.3
65.566250	570.2
65.570000	586.3
65.573750	530.2
65.577500	582.8
65.581250	597.1
65.585000	529.8
65.588750	614.5
65.592500	607.4
65.596250	550.9
65.600000	547.3
65.603750	568.3
65.607500	532.5
65.611250	556.5
65.615000	579.3
65.618750	519.9
65.622500	591.9
65.626250	585.9
65.630000	540.5
65.633750	550.2
65.637500	538.5
65.641250	596.5
65.645000	510.9
65.648750	534.0
65.652500	606.1
65.656250	551.2
65.660000	580.9
65.663750	565.0
65.667500	564.0
65.671250	552.6
65.675000	541.2
65.678750	521.3
65.682500	557.1
65.686250	544.2
65.690000	566.9
65.693750	572.8
65.697500	585.6
65.701250	535.0
65.705000	586.0
65.708750	564.1
65.712500	553.4
65.716250	549.0
65.720000	521.9
65.723750	554.3
65.727500	541.5
65.731250	556.9
65.735000	528.5
65.738750	571.5
65.742500	531.1
65.746250	525.0
65.750000	547.0
65.753750	531.5
65.757500	555.4
65.761250	565.3
65.765000	540.7
65.768750	574.9
65.772500	547.2
65.776250	570.1
65.780000	587.1
65.783750	532.3
65.787500	558.0
65.791250	568.4
65.795000	563.1
65.798750	544.9
65.802500	583.0
65.806250	608.5
65.810000	551.1
65.813750	631.5
65.817500	559.1
65.821250	552.3
65.825000	576.2
65.828750	568.6
65.832500	596.6
65.836250	564.9
65.840000	555.9
65.843750	593.2
65.847500	599.4
65.851250	560.7
65.855000	558.5
65.858750	558.7
65.862500	565.9
65.866250	551.5
65.870000	563.3
65.873750	593.8
65.877500	578.7
65.881250	588.5
65.885000	593.2
65.888750	587.1
65.892500	569.0
65.896250	575.4
65.900000	592.5
65.903750	560.2
65.907500	589.1
65.911250	562.7
65.915000	586.7
65.918750	546.1
65.922500	540.8
65.926250	534.0
65.930000	546.3
65.933750	517.1
65.937500	593.0
65.941250	556.8
65.945000	553.7
65.948750	532.7
65.952500	588.2
65.956250	576.2
65.960000	558.6
65.963750	557.0
65.967500	541.7
65.971250	561.6
65.975000	569.1
65.978750	543.5
65.982500	563.2
65.986250	570.9
65.990000	522.5
65.993750	563.7
65.997500	556.3
66.001250	532.3
66.005000	570.4
66.008750	534.3
66.012500	593.7
66.016250	535.5
66.020000	542.1
66.023750	556.9
66.027500	556.7
66.031250	600.3
66.035000	600.6
66.038750	593.7
66.042500	610.2
66.046250	609.3
66.050000	624.1
66.053750	603.4
66.057500	593.0
66.061250	585.8
66.065000	593.5
66.068750	581.7
66.072500	532.6
66.076250	520.2
66.080000	646.7
66.083750	643.0
66.087500	595.4
66.091250	574.5
66.095000	605.5
66.098750	633.3
66.102500	560.0
66.106250	591.4
66.110000	639.3
66.113750	566.1
66.117500	569.8
66.121250	541.7
66.125000	626.6
66.128750	625.0
66.132500	609.7
66.136250	590.4
66.140000	618.5
66.143750	595.1
66.147500	541.6
66.151250	564.5
66.155000	565.8
66.158750	564.7
66.162500	594.9
66.166250	585.8
66.170000	540.3
66.173750	546.5
66.177500	557.5
66.181250	560.2
66.185000	585.6
66.188750	578.4
66.192500	591.0
66.196250	562.2
66.200000	551.1
66.203750	548.7
66.207500	575.6
66.211250	576.5
66.215000	578.3
66.218750	569.7
66.222500	577.4
66.226250	534.0
66.230000	557.2
66.233750	548.6
66.237500	580.2
66.241250	573.9
66.245000	555.3
66.248750	551.1
66.252500	565.2
66.256250	569.9
66.260000	532.8
66.263750	558.7
66.267500	536.9
66.271250	534.9
66.275000	561.4
66.278750	600.9
66.282500	541.5
66.286250	525.7
66.290000	552.5
66.293750	532.1
66.297500	552.3
66.301250	556.4
66.305000	563.2
66.308750	552.7
66.312500	537.4
66.316250	567.9
66.320000	539.2
66.323750	544.9
66.327500	546.6
66.331250	596.8
66.335000	615.4
66.338750	582.4
66.342500	552.4
66.346250	598.5
66.350000	566.4
66.353750	610.9
66.357500	548.7
66.361250	565.4
66.365000	585.7
66.368750	536.9
66.372500	532.7
66.376250	531.6
66.380000	506.8
66.383750	509.7
66.387500	518.7
66.391250	540.0
66.395000	543.4
66.398750	567.4
66.402500	604.3
66.406250	580.6
66.410000	545.9
66.413750	523.1
66.417500	546.2
66.421250	556.3
66.425000	593.9
66.428750	539.2
66.432500	565.0
66.436250	556.7
66.440000	507.9
66.443750	560.7
66.447500	560.6
66.451250	554.1
66.455000	582.5
66.458750	572.5
66.462500	522.8
66.466250	541.1
66.470000	573.0
66.473750	579.8
66.477500	556.0
66.481250	575.8
66.485000	616.7
66.488750	599.1
66.492500	586.5
66.496250	543.2
66.500000	551.3
66.503750	575.6
66.507500	547.3
66.511250	555.2
66.515000	571.8
66.518750	528.6
66.522500	560.8
66.526250	584.7
66.530000	581.1
66.533750	545.3
66.537500	530.8
66.541250	590.1
66.545000	620.1
66.548750	566.6
66.552500	548.6
66.556250	588.6
66.560000	547.0
66.563750	565.4
66.567500	585.8
66.571250	579.7
66.575000	575.5
66.578750	573.8
66.582500	563.5
66.586250	573.7
66.590000	585.7
66.593750	585.1
66.597500	574.8
66.601250	580.0
66.605000	580.2
66.608750	555.1
66.612500	562.4
66.616250	609.2
66.620000	587.1
66.623750	585.5
66.627500	582.7
66.631250	579.4
66.635000	573.7
66.638750	571.0
66.642500	549.2
66.646250	632.2
66.650000	602.6
66.653750	572.5
66.657500	582.8
66.661250	581.1
66.665000	582.7
66.668750	568.3
66.672500	544.3
66.676250	581.3
66.680000	584.3
66.683750	563.9
66.687500	578.2
66.691250	565.0
66.695000	569.6
66.698750	572.4
66.702500	547.8
66.706250	540.8
66.710000	558.9
66.713750	559.5
66.717500	556.4
66.721250	522.0
66.725000	555.7
66.728750	556.9
66.732500	535.6
66.736250	532.6
66.740000	597.1
66.743750	592.2
66.747500	569.8
66.751250	551.3
66.755000	553.5
66.758750	537.0
66.762500	605.1
66.766250	600.7
66.770000	593.4
66.773750	636.6
66.777500	558.9
66.781250	560.4
66.785000	542.3
66.788750	576.4
66.792500	553.3
66.796250	598.8
66.800000	579.0
66.803750	558.0
66.807500	586.9
66.811250	541.3
66.815000	576.5
66.818750	578.8
66.822500	594.1
66.826250	590.4
66.830000	599.0
66.833750	544.6
66.837500	568.6
66.841250	529.0
66.845000	547.9
66.848750	570.8
66.852500	543.8
66.856250	560.7
66.860000	569.8
66.863750	554.5
66.867500	552.8
66.871250	524.2
66.875000	568.1
66.878750	600.5
66.882500	550.6
66.886250	539.3
66.890000	553.5
66.893750	526.9
66.897500	529.8
66.901250	598.3
66.905000	531.9
66.908750	557.2
66.912500	559.9
66.916250	547.2
66.920000	518.9
66.923750	529.9
66.927500	539.3
66.931250	551.1
66.935000	561.4
66.938750	557.3
66.942500	562.9
66.946250	557.6
66.950000	572.3
66.953750	512.3
66.957500	540.1
66.961250	606.5
66.965000	570.4
66.968750	553.0
66.972500	611.7
66.976250	578.5
66.980000	540.1
66.983750	555.5
66.987500	562.6
66.991250	543.8
66.995000	559.4
66.998750	530.8
67.002500	498.0
67.006250	560.4
67.010000	580.3
67.013750	564.4
67.017500	554.4
67.021250	572.0
67.025000	564.7
67.028750	531.6
67.032500	537.9
67.036250	537.0
67.040000	543.0
67.043750	547.8
67.047500	548.4
67.051250	549.8
67.055000	516.9
67.058750	572.3
67.062500	588.2
67.066250	545.7
67.070000	535.0
67.073750	538.4
67.077500	539.4
67.081250	532.5
67.085000	513.5
67.088750	562.3
67.092500	533.4
67.096250	594.5
67.100000	572.9
67.103750	594.0
67.107500	572.1
67.111250	588.1
67.115000	546.1
67.118750	561.5
67.122500	562.0
67.126250	563.9
67.130000	498.7
67.133750	556.2
67.137500	531.8
67.141250	550.7
67.145000	560.6
67.148750	546.6
67.152500	570.9
67.156250	579.0
67.160000	577.3
67.163750	540.1
67.167500	541.2
67.171250	591.3
67.175000	541.9
67.178750	556.9
67.182500	530.1
67.186250	528.2
67.190000	554.3
67.193750	574.6
67.197500	577.1
67.201250	549.2
67.205000	578.9
67.208750	569.6
67.212500	567.4
67.216250	566.7
67.220000	577.9
67.223750	580.8
67.227500	583.9
67.231250	558.8
67.235000	579.0
67.238750	577.4
67.242500	553.2
67.246250	549.6
67.250000	565.0
67.253750	558.4
67.257500	602.7
67.261250	562.5
67.265000	570.5
67.268750	571.1
67.272500	567.1
67.276250	585.8
67.280000	584.7
67.283750	559.8
67.287500	538.3
67.291250	557.7
67.295000	550.0
67.298750	551.6
67.302500	565.8
67.306250	561.9
67.310000	575.1
67.313750	556.2
67.317500	539.1
67.321250	538.4
67.325000	563.0
67.328750	582.1
67.332500	574.2
67.336250	580.7
67.340000	554.2
67.343750	557.2
67.347500	571.3
67.351250	558.6
67.355000	515.1
67.358750	597.9
67.362500	592.5
67.366250	571.0
67.370000	576.3
67.373750	604.0
67.377500	589.6
67.381250	553.0
67.385000	582.2
67.388750	563.3
67.392500	542.3
67.396250	566.5
67.400000	546.2
67.403750	554.9
67.407500	550.8
67.411250	531.7
67.415000	552.3
67.418750	565.0
67.422500	557.2
67.426250	581.8
67.430000	593.8
67.433750	562.4
67.437500	583.6
67.441250	543.7
67.445000	509.8
67.448750	545.8
67.452500	475.0
67.456250	572.8
67.460000	551.2
67.463750	578.1
67.467500	584.0
67.471250	579.4
67.475000	523.1
67.478750	559.3
67.482500	540.3
67.486250	561.2
67.490000	542.4
67.493750	538.8
67.497500	577.5
67.501250	535.8
67.505000	560.0
67.508750	567.8
67.512500	538.3
67.516250	541.8
67.520000	561.1
67.523750	556.8
67.527500	565.8
67.531250	548.3
67.535000	521.0
67.538750	510.1
67.542500	549.8
67.546250	573.7
67.550000	552.6
67.553750	518.6
67.557500	560.4
67.561250	564.8
67.565000	556.2
67.568750	534.5
67.572500	549.2
67.576250	576.1
67.580000	561.8
67.583750	553.4
67.587500	544.1
67.591250	539.0
67.595000	562.6
67.598750	588.7
67.602500	585.4
67.606250	523.4
67.610000	563.5
67.613750	605.0
67.617500	591.5
67.621250	614.4
67.625000	579.0
67.628750	573.3
67.632500	566.6
67.636250	538.6
67.640000	560.3
67.643750	588.5
67.647500	557.7
67.651250	589.0
67.655000	567.2
67.658750	558.5
67.662500	575.6
67.666250	587.3
67.670000	575.9
67.673750	548.2
67.677500	557.8
67.681250	529.9
67.685000	549.3
67.688750	569.4
67.692500	546.3
67.696250	588.7
67.700000	527.0
67.703750	515.1
67.707500	545.6
67.711250	547.4
67.715000	549.2
67.718750	526.4
67.722500	561.3
67.726250	578.3
67.730000	548.9
67.733750	548.7
67.737500	540.6
67.741250	562.3
67.745000	566.5
67.748750	537.0
67.752500	518.4
67.756250	560.2
67.760000	562.7
67.763750	547.7
67.767500	560.7
67.771250	553.8
67.775000	557.6
67.778750	562.8
67.782500	575.4
67.786250	525.1
67.790000	539.2
67.793750	522.6
67.797500	522.7
67.801250	545.8
67.805000	544.3
67.808750	532.3
67.812500	570.2
67.816250	524.2
67.820000	520.7
67.823750	570.1
67.827500	571.7
67.831250	551.3
67.835000	552.2
67.838750	540.3
67.842500	512.6
67.846250	537.0
67.850000	592.0
67.853750	527.9
67.857500	574.8
67.861250	593.7
67.865000	538.9
67.868750	502.8
67.872500	491.6
67.876250	517.7
67.880000	534.2
67.883750	530.8
67.887500	537.8
67.891250	508.4
67.895000	543.1
67.898750	520.9
67.902500	547.1
67.906250	579.8
67.910000	588.1
67.913750	547.7
67.917500	554.3
67.921250	572.4
67.925000	505.3
67.928750	513.6
67.932500	531.5
67.936250	578.3
67.940000	554.8
67.943750	539.6
67.947500	536.0
67.951250	497.1
67.955000	536.2
67.958750	540.6
67.962500	566.1
67.966250	534.6
67.970000	549.7
67.973750	557.3
67.977500	544.2
67.981250	529.6
67.985000	539.8
67.988750	522.6
67.992500	521.6
67.996250	510.4
68.000000	526.5
68.003750	547.3
68.007500	539.9
68.011250	541.3
68.015000	536.9
68.018750	540.4
68.022500	571.0
68.026250	555.9
68.030000	591.5
68.033750	570.8
68.037500	568.7
68.041250	543.9
68.045000	545.7
68.048750	560.8
68.052500	538.7
68.056250	543.5
68.060000	581.8
68.063750	535.0
68.067500	525.3
68.071250	560.2
68.075000	532.1
68.078750	519.1
68.082500	510.7
68.086250	524.9
68.090000	540.4
68.093750	560.8
68.097500	582.1
68.101250	573.0
68.105000	558.5
68.108750	568.5
68.112500	510.3
68.116250	574.4
68.120000	613.2
68.123750	583.2
68.127500	536.4
68.131250	560.5
68.135000	543.5
68.138750	594.5
68.142500	557.4
68.146250	568.3
68.150000	599.0
68.153750	579.6
68.157500	605.1
68.161250	601.9
68.165000	592.9
68.168750	640.9
68.172500	659.0
68.176250	674.6
68.180000	667.9
68.183750	736.8
68.187500	698.8
68.191250	654.8
68.195000	692.5
68.198750	692.2
68.202500	724.9
68.206250	746.8
68.210000	692.1
68.213750	735.7
68.217500	735.8
68.221250	702.6
68.225000	736.8
68.228750	675.1
68.232500	645.6
68.236250	677.1
68.240000	655.4
68.243750	654.9
68.247500	615.3
68.251250	607.3
68.255000	589.7
68.258750	592.0
68.262500	615.2
68.266250	607.9
68.270000	543.6
68.273750	557.7
68.277500	564.7
68.281250	582.8
68.285000	558.8
68.288750	566.6
68.292500	552.6
68.296250	560.3
68.300000	542.8
68.303750	525.0
68.307500	562.6
68.311250	533.0
68.315000	548.9
68.318750	531.9
68.322500	561.1
68.326250	515.5
68.330000	540.9
68.333750	529.4
68.337500	559.8
68.341250	571.7
68.345000	546.7
68.348750	556.7
68.352500	534.4
68.356250	534.8
68.360000	541.4
68.363750	523.6
68.367500	572.8
68.371250	521.7
68.375000	532.5
68.378750	529.5
68.382500	541.6
68.386250	525.5
68.390000	507.7
68.393750	540.9
68.397500	573.4
68.401250	485.9
68.405000	546.9
68.408750	512.4
68.412500	567.0
68.416250	560.5
68.420000	478.1
68.423750	545.2
68.427500	532.7
68.431250	526.9
68.435000	512.1
68.438750	501.9
68.442500	513.2
68.446250	530.4
68.450000	512.7
68.453750	530.2
68.457500	531.0
68.461250	487.1
68.465000	538.0
68.468750	503.4
68.472500	522.3
68.476250	537.7
68.480000	536.5
68.483750	538.5
68.487500	456.5
68.491250	548.7
68.495000	527.1
68.498750	517.0
68.502500	554.8
68.506250	524.3
68.510000	558.5
68.513750	554.5
68.517500	524.1
68.521250	519.4
68.525000	536.4
68.528750	520.0
68.532500	510.9
68.536250	524.9
68.540000	506.4
68.543750	548.6
68.547500	508.1
68.551250	495.7
68.555000	537.4
68.558750	561.6
68.562500	535.9
68.566250	490.0
68.570000	544.0
68.573750	512.9
68.577500	523.4
68.581250	519.4
68.585000	527.9
68.588750	505.1
68.592500	545.6
68.596250	540.5
68.600000	536.2
68.603750	583.7
68.607500	476.4
68.611250	551.4
68.615000	528.1
68.618750	555.3
68.622500	559.5
68.626250	551.1
68.630000	507.7
68.633750	521.5
68.637500	549.7
68.641250	519.8
68.645000	505.2
68.648750	516.8
68.652500	529.5
68.656250	524.7
68.660000	534.0
68.663750	511.9
68.667500	532.0
68.671250	531.0
68.675000	513.0
68.678750	557.8
68.682500	514.1
68.686250	534.0
68.690000	575.0
68.693750	537.2
68.697500	578.2
68.701250	523.9
68.705000	551.1
68.708750	580.3
68.712500	492.7
68.716250	519.6
68.720000	527.7
68.723750	524.2
68.727500	557.7
68.731250	563.4
68.735000	540.9
68.738750	559.3
68.742500	535.0
68.746250	534.6
68.750000	533.3
68.753750	559.5
68.757500	547.9
68.761250	525.2
68.765000	544.9
68.768750	560.9
68.772500	557.2
68.776250	558.0
68.780000	541.2
68.783750	495.8
68.787500	509.3
68.791250	530.4
68.795000	529.4
68.798750	524.9
68.802500	527.5
68.806250	554.3
68.810000	524.3
68.813750	542.4
68.817500	525.4
68.821250	535.4
68.825000	542.2
68.828750	548.1
68.832500	540.8
68.836250	529.1
68.840000	554.6
68.843750	534.9
68.847500	554.6
68.851250	556.9
68.855000	514.3
68.858750	523.3
68.862500	541.7
68.866250	554.1
68.870000	501.7
68.873750	519.3
68.877500	549.6
68.881250	514.9
68.885000	496.4
68.888750	553.3
68.892500	534.5
68.896250	514.7
68.900000	549.8
68.903750	504.1
68.907500	533.1
68.911250	552.0
68.915000	549.7
68.918750	522.9
68.922500	559.5
68.926250	535.2
68.930000	522.9
68.933750	520.9
68.937500	504.4
68.941250	522.7
68.945000	509.3
68.948750	527.2
68.952500	556.5
68.956250	563.3
68.960000	536.6
68.963750	538.0
68.967500	508.4
68.971250	513.7
68.975000	547.6
68.978750	544.6
68.982500	574.7
68.986250	512.8
68.990000	541.9
68.993750	543.5
68.997500	558.8
69.001250	552.1
69.005000	568.2
69.008750	555.2
69.012500	515.1
69.016250	546.1
69.020000	545.3
69.023750	520.0
69.027500	530.7
69.031250	524.6
69.035000	541.1
69.038750	550.0
69.042500	499.0
69.046250	521.2
69.050000	531.8
69.053750	535.0
69.057500	539.2
69.061250	534.0
69.065000	568.3
69.068750	518.4
69.072500	506.0
69.076250	539.7
69.080000	597.1
69.083750	566.4
69.087500	546.3
69.091250	564.8
69.095000	553.5
69.098750	528.9
69.102500	540.6
69.106250	537.3
69.110000	553.4
69.113750	589.6
69.117500	532.5
69.121250	582.3
69.125000	538.2
69.128750	546.1
69.132500	520.8
69.136250	517.4
69.140000	562.6
69.143750	542.9
69.147500	566.5
69.151250	536.7
69.155000	528.2
69.158750	541.6
69.162500	520.9
69.166250	528.5
69.170000	513.4
69.173750	536.9
69.177500	549.6
69.181250	519.4
69.185000	557.4
69.188750	555.7
69.192500	555.8
69.196250	559.8
69.200000	560.6
69.203750	552.6
69.207500	521.7
69.211250	514.8
69.215000	548.2
69.218750	557.6
69.222500	545.3
69.226250	523.3
69.230000	509.1
69.233750	548.4
69.237500	543.7
69.241250	523.3
69.245000	525.3
69.248750	534.0
69.252500	549.6
69.256250	574.2
69.260000	522.6
69.263750	551.8
69.267500	548.1
69.271250	543.7
69.275000	555.7
69.278750	569.1
69.282500	545.7
69.286250	561.1
69.290000	541.6
69.293750	540.5
69.297500	563.7
69.301250	531.4
69.305000	532.3
69.308750	505.4
69.312500	539.6
69.316250	530.9
69.320000	567.8
69.323750	575.2
69.327500	558.0
69.331250	534.5
69.335000	545.2
69.338750	529.8
69.342500	544.0
69.346250	552.3
69.350000	531.9
69.353750	516.5
69.357500	536.5
69.361250	533.6
69.365000	508.4
69.368750	532.2
69.372500	512.1
69.376250	536.4
69.380000	539.2
69.383750	496.2
69.387500	546.4
69.391250	521.8
69.395000	568.1
69.398750	541.9
69.402500	522.3
69.406250	526.9
69.410000	519.6
69.413750	527.7
69.417500	516.7
69.421250	502.8
69.425000	524.4
69.428750	540.7
69.432500	528.1
69.436250	559.9
69.440000	523.9
69.443750	515.0
69.447500	539.2
69.451250	514.2
69.455000	539.2
69.458750	508.8
69.462500	550.9
69.466250	542.6
69.470000	504.6
69.473750	512.8
69.477500	511.6
69.481250	517.8
69.485000	537.4
69.488750	562.4
69.492500	551.0
69.496250	547.0
69.500000	521.7
69.503750	540.2
69.507500	513.4
69.511250	483.0
69.515000	556.1
69.518750	551.6
69.522500	483.1
69.526250	531.4
69.530000	504.4
69.533750	499.3
69.537500	538.7
69.541250	555.1
69.545000	499.5
69.548750	563.4
69.552500	538.5
69.556250	510.8
69.560000	489.4
69.563750	539.6
69.567500	559.4
69.571250	509.0
69.575000	533.1
69.578750	563.5
69.582500	556.9
69.586250	525.0
69.590000	540.4
69.593750	512.9
69.597500	545.1
69.601250	536.5
69.605000	533.2
69.608750	491.0
69.612500	516.2
69.616250	552.3
69.620000	505.0
69.623750	564.4
69.627500	555.0
69.631250	508.1
69.635000	499.2
69.638750	537.8
69.642500	545.5
69.646250	558.9
69.650000	539.1
69.653750	541.6
69.657500	539.2
69.661250	535.2
69.665000	520.6
69.668750	554.5
69.672500	536.8
69.676250	538.2
69.680000	569.0
69.683750	532.7
69.687500	511.7
69.691250	559.9
69.695000	487.1
69.698750	533.9
69.702500	528.8
69.706250	518.8
69.710000	576.2
69.713750	532.3
69.717500	503.4
69.721250	535.8
69.725000	532.8
69.728750	528.4
69.732500	504.2
69.736250	568.2
69.740000	554.8
69.743750	497.0
69.747500	519.7
69.751250	555.5
69.755000	526.4
69.758750	504.7
69.762500	575.9
69.766250	531.0
69.770000	534.5
69.773750	556.5
69.777500	528.4
69.781250	557.1
69.785000	533.4
69.788750	561.1
69.792500	508.6
69.796250	547.1
69.800000	533.9
69.803750	512.7
69.807500	529.3
69.811250	541.2
69.815000	513.7
69.818750	524.4
69.822500	530.3
69.826250	539.8
69.830000	517.6
69.833750	556.0
69.837500	536.4
69.841250	494.8
69.845000	508.9
69.848750	535.8
69.852500	507.2
69.856250	552.0
69.860000	518.1
69.863750	483.6
69.867500	539.3
69.871250	533.9
69.875000	518.6
69.878750	550.5
69.882500	511.6
69.886250	476.4
69.890000	545.8
69.893750	549.8
69.897500	549.9
69.901250	496.0
69.905000	568.2
69.908750	546.6
69.912500	550.5
69.916250	515.5
69.920000	551.2
69.923750	544.8
69.927500	533.6
69.931250	578.3
69.935000	505.6
69.938750	537.8
69.942500	553.7
69.946250	562.8
69.950000	524.9
69.953750	532.7
69.957500	511.8
69.961250	515.2
69.965000	517.1
69.968750	482.6
69.972500	533.2
69.976250	532.4
69.980000	513.8
69.983750	541.0
69.987500	521.0
69.991250	471.4
69.995000	539.6
69.998750	510.0
70.002500	506.4
70.006250	525.9
70.010000	532.6
70.013750	532.9
70.017500	558.0
70.021250	542.5
70.025000	539.9
70.028750	500.5
70.032500	518.6
70.036250	531.4
70.040000	519.9
70.043750	512.2
70.047500	541.1
70.051250	529.6
70.055000	557.6
70.058750	513.8
70.062500	511.6
70.066250	556.2
70.070000	587.4
70.073750	529.9
70.077500	517.1
70.081250	512.1
70.085000	546.0
70.088750	540.5
70.092500	536.3
70.096250	557.3
70.100000	530.8
70.103750	570.3
70.107500	548.4
70.111250	520.2
70.115000	545.9
70.118750	559.3
70.122500	531.2
70.126250	535.9
70.130000	541.0
70.133750	548.5
70.137500	515.5
70.141250	506.2
70.145000	561.3
70.148750	581.8
70.152500	521.2
70.156250	526.6
70.160000	538.6
70.163750	539.9
70.167500	542.9
70.171250	508.9
70.175000	504.6
70.178750	557.3
70.182500	494.6
70.186250	536.0
70.190000	553.4
70.193750	546.2
70.197500	526.7
70.201250	535.8
70.205000	548.8
70.208750	539.6
70.212500	562.9
70.216250	530.8
70.220000	555.5
70.223750	594.4
70.227500	551.1
70.231250	552.5
70.235000	561.5
70.238750	511.1
70.242500	556.3
70.246250	536.4
70.250000	537.0
70.253750	548.1
70.257500	511.7
70.261250	553.5
70.265000	529.8
70.268750	517.2
70.272500	498.7
70.276250	543.2
70.280000	545.8
70.283750	517.6
70.287500	511.2
70.291250	561.0
70.295000	550.6
70.298750	536.6
70.302500	547.6
70.306250	519.8
70.310000	562.1
70.313750	527.4
70.317500	565.2
70.321250	542.4
70.325000	525.9
70.328750	500.4
70.332500	504.9
70.336250	540.7
70.340000	520.3
70.343750	542.1
70.347500	535.9
70.351250	541.1
70.355000	531.9
70.358750	574.7
70.362500	525.0
70.366250	560.0
70.370000	555.5
70.373750	519.5
70.377500	541.7
70.381250	565.5
70.385000	583.5
70.388750	550.8
70.392500	509.8
70.396250	523.9
70.400000	518.9
70.403750	565.0
70.407500	571.5
70.411250	525.9
70.415000	538.7
70.418750	547.7
70.422500	530.8
70.426250	570.5
70.430000	498.3
70.433750	553.7
70.437500	564.2
70.441250	546.2
70.445000	522.6
70.448750	542.4
70.452500	511.8
70.456250	537.2
70.460000	545.6
70.463750	546.5
70.467500	569.9
70.471250	558.0
70.475000	542.9
70.478750	556.8
70.482500	553.5
70.486250	552.0
70.490000	517.6
70.493750	547.8
70.497500	560.1
70.501250	527.8
70.505000	525.1
70.508750	547.8
70.512500	571.0
70.516250	575.8
70.520000	586.2
70.523750	554.6
70.527500	578.8
70.531250	533.6
70.535000	470.4
70.538750	475.7
70.542500	498.9
70.546250	549.4
70.550000	531.0
70.553750	492.4
70.557500	515.4
70.561250	537.1
70.565000	568.1
70.568750	572.0
70.572500	528.8
70.576250	515.0
70.580000	534.9
70.583750	535.8
70.587500	520.8
70.591250	517.0
70.595000	485.1
70.598750	472.3
70.602500	568.5
70.606250	581.6
70.610000	563.9
70.613750	588.5
70.617500	544.8
70.621250	529.2
70.625000	524.0
70.628750	584.6
70.632500	541.8
70.636250	502.1
70.640000	564.2
70.643750	559.7
70.647500	540.5
70.651250	550.0
70.655000	530.4
70.658750	525.2
70.662500	547.7
70.666250	587.3
70.670000	566.4
70.673750	518.2
70.677500	564.9
70.681250	572.6
70.685000	560.5
70.688750	569.4
70.692500	552.3
70.696250	560.6
70.700000	541.8
70.703750	476.4
70.707500	571.0
70.711250	547.6
70.715000	514.7
70.718750	563.0
70.722500	543.0
70.726250	567.9
70.730000	555.1
70.733750	596.8
70.737500	558.7
70.741250	512.0
70.745000	569.2
70.748750	540.5
70.752500	551.3
70.756250	514.7
70.760000	578.3
70.763750	532.8
70.767500	513.9
70.771250	562.7
70.775000	537.4
70.778750	541.6
70.782500	540.7
70.786250	546.7
70.790000	566.3
70.793750	554.1
70.797500	534.5
70.801250	539.7
70.805000	563.0
70.808750	551.6
70.812500	545.2
70.816250	542.4
70.820000	571.0
70.823750	541.9
70.827500	544.6
70.831250	597.2
70.835000	556.5
70.838750	524.6
70.842500	545.9
70.846250	504.2
70.850000	555.3
70.853750	563.3
70.857500	579.3
70.861250	573.2
70.865000	564.6
70.868750	555.7
70.872500	525.9
70.876250	527.6
70.880000	519.2
70.883750	534.9
70.887500	537.6
70.891250	536.9
70.895000	532.9
70.898750	533.6
70.902500	520.9
70.906250	555.6
70.910000	551.2
70.913750	549.1
70.917500	571.4
70.921250	523.2
70.925000	526.9
70.928750	554.1
70.932500	539.5
70.936250	523.2
70.940000	527.3
70.943750	531.6
70.947500	562.2
70.951250	546.9
70.955000	529.4
70.958750	532.3
70.962500	548.0
70.966250	571.5
70.970000	560.8
70.973750	547.7
70.977500	572.1
70.981250	510.3
70.985000	585.9
70.988750	586.2
70.992500	562.2
70.996250	599.1
71.000000	568.8
71.003750	594.3
71.007500	609.6
71.011250	586.7
71.015000	553.5
71.018750	548.6
71.022500	560.8
71.026250	528.7
71.030000	558.4
71.033750	523.9
71.037500	563.8
71.041250	603.1
71.045000	567.1
71.048750	545.8
71.052500	546.5
71.056250	556.2
71.060000	525.1
71.063750	534.4
71.067500	574.6
71.071250	513.8
71.075000	531.7
71.078750	593.6
71.082500	549.1
71.086250	569.4
71.090000	613.5
71.093750	594.0
71.097500	593.1
71.101250	562.5
71.105000	559.3
71.108750	568.2
71.112500	567.0
71.116250	573.8
71.120000	536.3
71.123750	545.7
71.127500	552.3
71.131250	576.1
71.135000	556.8
71.138750	565.2
71.142500	570.7
71.146250	499.5
71.150000	547.7
71.153750	583.8
71.157500	547.2
71.161250	557.0
71.165000	630.7
71.168750	629.0
71.172500	597.7
71.176250	586.9
71.180000	566.1
71.183750	580.7
71.187500	586.9
71.191250	557.6
71.195000	556.1
71.198750	589.7
71.202500	561.1
71.206250	543.6
71.210000	555.4
71.213750	573.7
71.217500	618.9
71.221250	582.5
71.225000	519.4
71.228750	552.7
71.232500	623.7
71.236250	593.2
71.240000	572.0
71.243750	549.3
71.247500	557.5
71.251250	555.2
71.255000	572.8
71.258750	576.5
71.262500	554.2
71.266250	588.8
71.270000	593.2
71.273750	554.5
71.277500	556.1
71.281250	544.1
71.285000	579.4
71.288750	582.8
71.292500	549.4
71.296250	576.1
71.300000	560.9
71.303750	589.1
71.307500	576.6
71.311250	549.2
71.315000	508.5
71.318750	547.9
71.322500	551.0
71.326250	530.2
71.330000	585.0
71.333750	547.4
71.337500	548.6
71.341250	580.6
71.345000	564.3
71.348750	535.0
71.352500	575.6
71.356250	576.0
71.360000	552.0
71.363750	577.2
71.367500	585.8
71.371250	555.4
71.375000	598.4
71.378750	578.2
71.382500	543.8
71.386250	550.0
71.390000	558.9
71.393750	528.5
71.397500	581.7
71.401250	562.5
71.405000	554.9
71.408750	571.2
71.412500	567.7
71.416250	537.7
71.420000	583.8
71.423750	571.4
71.427500	591.1
71.431250	522.6
71.435000	527.7
71.438750	515.6
71.442500	566.3
71.446250	530.9
71.450000	524.4
71.453750	550.6
71.457500	524.9
71.461250	570.2
71.465000	532.7
71.468750	552.6
71.472500	557.9
71.476250	538.5
71.480000	532.9
71.483750	556.0
71.487500	584.6
71.491250	541.1
71.495000	544.2
71.498750	512.9
71.502500	539.4
71.506250	583.8
71.510000	534.9
71.513750	504.2
71.517500	550.6
71.521250	613.2
71.525000	541.2
71.528750	551.1
71.532500	576.2
71.536250	593.3
71.540000	545.7
71.543750	557.7
71.547500	532.8
71.551250	569.5
71.555000	547.6
71.558750	566.7
71.562500	546.6
71.566250	511.5
71.570000	555.7
71.573750	539.0
71.577500	529.6
71.581250	533.7
71.585000	553.4
71.588750	556.7
71.592500	589.9
71.596250	572.9
71.600000	595.5
71.603750	551.3
71.607500	544.0
71.611250	549.3
71.615000	567.0
71.618750	550.7
71.622500	579.2
71.626250	564.6
71.630000	515.6
71.633750	571.2
71.637500	531.3
71.641250	522.8
71.645000	515.4
71.648750	551.8
71.652500	522.8
71.656250	566.5
71.660000	550.6
71.663750	542.9
71.667500	522.3
71.671250	563.6
71.675000	532.7
71.678750	526.0
71.682500	543.6
71.686250	533.9
71.690000	592.8
71.693750	583.1
71.697500	537.8
71.701250	515.5
71.705000	548.8
71.708750	562.7
71.712500	545.8
71.716250	520.9
71.720000	568.4
71.723750	587.8
71.727500	515.8
71.731250	555.8
71.735000	565.1
71.738750	562.7
71.742500	552.3
71.746250	558.6
71.750000	550.3
71.753750	546.4
71.757500	549.0
71.761250	618.2
71.765000	517.5
71.768750	516.7
71.772500	548.1
71.776250	534.9
71.780000	559.5
71.783750	572.7
71.787500	557.6
71.791250	558.4
71.795000	534.1
71.798750	541.3
71.802500	583.0
71.806250	548.6
71.810000	483.6
71.813750	591.7
71.817500	543.7
71.821250	545.9
71.825000	559.6
71.828750	540.4
71.832500	554.3
71.836250	602.2
71.840000	543.7
71.843750	572.2
71.847500	544.7
71.851250	509.5
71.855000	557.3
71.858750	631.4
71.862500	561.2
71.866250	577.2
71.870000	580.2
71.873750	547.9
71.877500	525.4
71.881250	581.2
71.885000	519.6
71.888750	524.6
71.892500	537.1
71.896250	547.4
71.900000	537.2
71.903750	544.7
71.907500	541.9
71.911250	556.3
71.915000	581.1
71.918750	524.8
71.922500	527.1
71.926250	528.6
71.930000	530.7
71.933750	519.4
71.937500	565.8
71.941250	556.4
71.945000	543.6
71.948750	566.1
71.952500	586.6
71.956250	586.1
71.960000	567.2
71.963750	526.9
71.967500	514.0
71.971250	556.3
71.975000	550.4
71.978750	537.0
71.982500	558.8
71.986250	533.7
71.990000	532.1
71.993750	510.5
71.997500	541.6
72.001250	556.8
72.005000	587.2
72.008750	511.8
72.012500	536.1
72.016250	557.8
72.020000	536.9
72.023750	537.4
72.027500	564.0
72.031250	518.7
72.035000	545.0
72.038750	574.9
72.042500	572.0
72.046250	584.6
72.050000	551.7
72.053750	530.3
72.057500	542.4
72.061250	536.4
72.065000	551.1
72.068750	544.7
72.072500	550.7
72.076250	573.0
72.080000	531.1
72.083750	531.5
72.087500	570.0
72.091250	551.5
72.095000	572.0
72.098750	583.4
72.102500	575.3
72.106250	538.3
72.110000	553.6
72.113750	552.0
72.117500	558.8
72.121250	600.2
72.125000	553.7
72.128750	591.1
72.132500	529.9
72.136250	541.8
72.140000	583.3
72.143750	562.1
72.147500	537.8
72.151250	542.9
72.155000	572.8
72.158750	574.2
72.162500	577.6
72.166250	579.0
72.170000	550.1
72.173750	551.1
72.177500	554.5
72.181250	554.2
72.185000	555.8
72.188750	503.2
72.192500	500.4
72.196250	528.0
72.200000	598.4
72.203750	549.9
72.207500	569.5
72.211250	538.7
72.215000	512.3
72.218750	560.7
72.222500	502.4
72.226250	561.1
72.230000	575.8
72.233750	562.0
72.237500	547.1
72.241250	585.1
72.245000	531.1
72.248750	541.8
72.252500	587.1
72.256250	545.9
72.260000	534.1
72.263750	559.4
72.267500	525.6
72.271250	537.6
72.275000	561.3
72.278750	551.4
72.282500	566.2
72.286250	531.4
72.290000	549.4
72.293750	544.4
72.297500	538.3
72.301250	568.0
72.305000	522.8
72.308750	528.6
72.312500	542.2
72.316250	588.4
72.320000	530.2
72.323750	510.9
72.327500	569.1
72.331250	567.3
72.335000	529.5
72.338750	501.4
72.342500	565.8
72.346250	525.9
72.350000	521.0
72.353750	540.3
72.357500	537.5
72.361250	550.8
72.365000	562.6
72.368750	545.8
72.372500	527.5
72.376250	553.3
72.380000	562.1
72.383750	548.7
72.387500	561.7
72.391250	559.4
72.395000	559.0
72.398750	518.7
72.402500	517.5
72.406250	551.6
72.410000	529.5
72.413750	549.3
72.417500	558.8
72.421250	542.7
72.425000	492.0
72.428750	542.0
72.432500	544.3
72.436250	512.7
72.440000	531.5
72.443750	528.4
72.447500	554.7
72.451250	516.7
72.455000	542.6
72.458750	508.5
72.462500	552.0
72.466250	551.5
72.470000	526.4
72.473750	525.6
72.477500	536.0
72.481250	550.1
72.485000	537.1
72.488750	497.9
72.492500	544.6
72.496250	543.4
72.500000	513.9
72.503750	552.3
72.507500	582.6
72.511250	537.5
72.515000	560.1
72.518750	565.0
72.522500	513.4
72.526250	555.0
72.530000	543.2
72.533750	510.6
72.537500	507.2
72.541250	537.9
72.545000	537.4
72.548750	547.8
72.552500	545.1
72.556250	513.9
72.560000	544.6
72.563750	542.4
72.567500	535.0
72.571250	549.0
72.575000	529.7
72.578750	530.0
72.582500	541.6
72.586250	514.8
72.590000	529.0
72.593750	523.5
72.597500	521.8
72.601250	516.6
72.605000	481.1
72.608750	495.3
72.612500	510.3
72.616250	498.6
72.620000	518.6
72.623750	536.6
72.627500	564.4
72.631250	528.2
72.635000	506.5
72.638750	547.7
72.642500	541.3
72.646250	547.5
72.650000	521.8
72.653750	523.3
72.657500	512.9
72.661250	487.2
72.665000	456.5
72.668750	526.9
72.672500	531.8
72.676250	534.8
72.680000	516.4
72.683750	495.0
72.687500	561.6
72.691250	555.1
72.695000	526.1
72.698750	558.7
72.702500	574.2
72.706250	535.1
72.710000	512.2
72.713750	517.0
72.717500	507.9
72.721250	519.0
72.725000	493.5
72.728750	533.4
72.732500	536.3
72.736250	556.0
72.740000	531.6
72.743750	530.9
72.747500	553.6
72.751250	561.7
72.755000	562.8
72.758750	551.5
72.762500	551.5
72.766250	511.4
72.770000	517.4
72.773750	529.7
72.777500	523.3
72.781250	574.5
72.785000	532.5
72.788750	496.5
72.792500	520.3
72.796250	539.4
72.800000	527.6
72.803750	526.6
72.807500	569.6
72.811250	526.5
72.815000	540.1
72.818750	546.2
72.822500	541.1
72.826250	598.7
72.830000	570.2
72.833750	572.5
72.837500	535.0
72.841250	539.4
72.845000	550.8
72.848750	527.2
72.852500	550.2
72.856250	550.1
72.860000	543.0
72.863750	528.3
72.867500	530.1
72.871250	554.1
72.875000	535.6
72.878750	520.4
72.882500	522.0
72.886250	537.6
72.890000	522.3
72.893750	536.7
72.897500	523.6
72.901250	550.1
72.905000	530.6
72.908750	538.1
72.912500	518.3
72.916250	562.1
72.920000	545.9
72.923750	534.9
72.927500	540.7
72.931250	536.8
72.935000	542.2
72.938750	493.3
72.942500	524.8
72.946250	529.3
72.950000	541.9
72.953750	541.8
72.957500	518.0
72.961250	540.2
72.965000	485.3
72.968750	492.9
72.972500	556.1
72.976250	502.7
72.980000	549.6
72.983750	608.6
72.987500	565.7
72.991250	496.6
72.995000	519.7
72.998750	510.1
73.002500	565.8
73.006250	548.7
73.010000	531.7
73.013750	550.7
73.017500	556.5
73.021250	542.2
73.025000	555.7
73.028750	538.9
73.032500	493.9
73.036250	531.9
73.040000	547.1
73.043750	537.0
73.047500	525.9
73.051250	572.6
73.055000	516.2
73.058750	527.5
73.062500	563.5
73.066250	533.7
73.070000	547.2
73.073750	529.4
73.077500	549.1
73.081250	538.3
73.085000	538.1
73.088750	555.0
73.092500	541.9
73.096250	558.5
73.100000	546.9
73.103750	550.4
73.107500	516.7
73.111250	547.4
73.115000	556.1
73.118750	545.4
73.122500	541.6
73.126250	524.2
73.130000	561.6
73.133750	560.9
73.137500	570.2
73.141250	571.3
73.145000	565.2
73.148750	570.9
73.152500	522.0
73.156250	587.3
73.160000	595.9
73.163750	538.1
73.167500	581.2
73.171250	576.8
73.175000	565.7
73.178750	564.6
73.182500	556.4
73.186250	552.2
73.190000	498.1
73.193750	567.3
73.197500	585.5
73.201250	551.8
73.205000	514.6
73.208750	564.0
73.212500	530.4
73.216250	515.4
73.220000	525.1
73.223750	540.6
73.227500	560.2
73.231250	562.7
73.235000	542.1
73.238750	554.8
73.242500	529.2
73.246250	550.1
73.250000	518.0
73.253750	522.5
73.257500	564.3
73.261250	534.5
73.265000	533.2
73.268750	559.5
73.272500	528.9
73.276250	526.0
73.280000	558.1
73.283750	535.6
73.287500	594.0
73.291250	534.9
73.295000	552.5
73.298750	577.8
73.302500	592.8
73.306250	536.8
73.310000	542.6
73.313750	581.7
73.317500	533.9
73.321250	566.7
73.325000	532.0
73.328750	574.8
73.332500	528.4
73.336250	517.7
73.340000	568.7
73.343750	548.7
73.347500	560.5
73.351250	553.0
73.355000	537.5
73.358750	556.4
73.362500	602.9
73.366250	535.1
73.370000	499.9
73.373750	577.9
73.377500	550.6
73.381250	549.6
73.385000	543.9
73.388750	547.4
73.392500	588.3
73.396250	558.0
73.400000	541.2
73.403750	570.1
73.407500	544.1
73.411250	515.9
73.415000	489.3
73.418750	519.0
73.422500	542.6
73.426250	560.8
73.430000	590.2
73.433750	573.3
73.437500	564.2
73.441250	529.2
73.445000	527.3
73.448750	520.3
73.452500	536.5
73.456250	549.2
73.460000	576.2
73.463750	589.3
73.467500	564.2
73.471250	532.2
73.475000	546.8
73.478750	579.0
73.482500	581.7
73.486250	540.1
73.490000	494.7
73.493750	549.6
73.497500	592.0
73.501250	557.1
73.505000	562.8
73.508750	566.8
73.512500	540.4
73.516250	591.3
73.520000	535.6
73.523750	547.8
73.527500	560.0
73.531250	549.1
73.535000	572.1
73.538750	558.5
73.542500	548.3
73.546250	543.7
73.550000	582.0
73.553750	575.1
73.557500	550.8
73.561250	537.8
73.565000	556.7
73.568750	543.2
73.572500	575.5
73.576250	546.6
73.580000	558.9
73.583750	541.8
73.587500	537.0
73.591250	566.5
73.595000	567.7
73.598750	588.4
73.602500	566.9
73.606250	568.8
73.610000	569.2
73.613750	567.5
73.617500	567.8
73.621250	549.2
73.625000	558.9
73.628750	552.4
73.632500	575.8
73.636250	546.4
73.640000	591.7
73.643750	592.4
73.647500	551.0
73.651250	557.4
73.655000	594.2
73.658750	597.6
73.662500	563.0
73.666250	593.2
73.670000	555.7
73.673750	534.2
73.677500	552.3
73.681250	567.5
73.685000	595.5
73.688750	567.5
73.692500	523.1
73.696250	545.3
73.700000	555.7
73.703750	533.8
73.707500	603.5
73.711250	576.4
73.715000	565.8
73.718750	567.1
73.722500	559.5
73.726250	586.7
73.730000	561.7
73.733750	582.0
73.737500	574.5
73.741250	558.5
73.745000	522.5
73.748750	546.1
73.752500	523.5
73.756250	541.8
73.760000	536.5
73.763750	524.1
73.767500	539.8
73.771250	541.5
73.775000	550.6
73.778750	563.6
73.782500	547.5
73.786250	563.5
73.790000	561.7
73.793750	557.2
73.797500	560.7
73.801250	513.3
73.805000	538.2
73.808750	555.0
73.812500	524.9
73.816250	520.6
73.820000	556.3
73.823750	519.4
73.827500	536.7
73.831250	539.8
73.835000	550.5
73.838750	540.2
73.842500	554.3
73.846250	599.1
73.850000	587.9
73.853750	556.1
73.857500	545.0
73.861250	559.4
73.865000	597.3
73.868750	576.6
73.872500	554.0
73.876250	537.1
73.880000	539.0
73.883750	547.9
73.887500	561.3
73.891250	564.6
73.895000	525.5
73.898750	510.6
73.902500	540.5
73.906250	558.2
73.910000	532.0
73.913750	540.6
73.917500	526.5
73.921250	540.2
73.925000	587.2
73.928750	544.2
73.932500	535.9
73.936250	530.5
73.940000	523.0
73.943750	533.3
73.947500	508.0
73.951250	526.9
73.955000	524.0
73.958750	514.8
73.962500	544.0
73.966250	545.9
73.970000	559.4
73.973750	566.5
73.977500	568.9
73.981250	572.9
73.985000	563.6
73.988750	546.2
73.992500	542.3
73.996250	567.7
74.000000	533.3
74.003750	549.6
74.007500	552.6
74.011250	563.4
74.015000	567.8
74.018750	612.7
74.022500	576.0
74.026250	542.8
74.030000	576.2
74.033750	561.0
74.037500	561.2
74.041250	573.7
74.045000	533.7
74.048750	569.7
74.052500	563.1
74.056250	570.0
74.060000	542.1
74.063750	596.3
74.067500	585.6
74.071250	578.8
74.075000	568.9
74.078750	532.1
74.082500	557.9
74.086250	564.2
74.090000	543.4
74.093750	542.2
74.097500	575.5
74.101250	540.3
74.105000	544.2
74.108750	579.1
74.112500	537.4
74.116250	508.1
74.120000	529.0
74.123750	553.1
74.127500	564.4
74.131250	528.4
74.135000	578.5
74.138750	564.9
74.142500	541.6
74.146250	558.8
74.150000	583.8
74.153750	548.5
74.157500	563.6
74.161250	529.7
74.165000	512.6
74.168750	549.6
74.172500	539.0
74.176250	523.2
74.180000	520.4
74.183750	518.3
74.187500	537.6
74.191250	563.5
74.195000	562.0
74.198750	604.0
74.202500	595.6
74.206250	564.4
74.210000	556.0
74.213750	566.7
74.217500	561.7
74.221250	547.5
74.225000	558.9
74.228750	585.2
74.232500	551.4
74.236250	534.7
74.240000	544.7
74.243750	592.1
74.247500	511.6
74.251250	542.3
74.255000	574.0
74.258750	494.9
74.262500	571.8
74.266250	529.4
74.270000	541.0
74.273750	552.8
74.277500	504.9
74.281250	558.8
74.285000	554.4
74.288750	544.6
74.292500	548.7
74.296250	534.1
74.300000	579.3
74.303750	535.6
74.307500	550.3
74.311250	547.6
74.315000	548.7
74.318750	515.7
74.322500	568.8
74.326250	544.2
74.330000	519.4
74.333750	513.8
74.337500	568.7
74.341250	568.5
74.345000	532.9
74.348750	573.8
74.352500	533.5
74.356250	552.1
74.360000	574.7
74.363750	505.5
74.367500	550.4
74.371250	564.4
74.375000	572.4
74.378750	581.7
74.382500	549.5
74.386250	559.3
74.390000	512.6
74.393750	566.9
74.397500	531.1
74.401250	566.1
74.405000	522.5
74.408750	535.4
74.412500	566.6
74.416250	575.3
74.420000	549.8
74.423750	561.0
74.427500	526.0
74.431250	541.0
74.435000	574.6
74.438750	575.8
74.442500	560.9
74.446250	562.4
74.450000	525.6
74.453750	537.0
74.457500	560.8
74.461250	562.6
74.465000	532.8
74.468750	524.4
74.472500	552.1
74.476250	561.5
74.480000	580.1
74.483750	567.2
74.487500	545.5
74.491250	564.2
74.495000	536.8
74.498750	526.7
74.502500	543.5
74.506250	568.8
74.510000	585.1
74.513750	524.9
74.517500	543.4
74.521250	528.3
74.525000	514.1
74.528750	581.5
74.532500	561.3
74.536250	520.7
74.540000	524.4
74.543750	528.5
74.547500	510.6
74.551250	558.6
74.555000	539.7
74.558750	531.1
74.562500	553.4
74.566250	566.8
74.570000	523.7
74.573750	532.7
74.577500	527.0
74.581250	542.7
74.585000	525.6
74.588750	548.4
74.592500	566.4
74.596250	562.7
74.600000	553.9
74.603750	551.3
74.607500	532.6
74.611250	538.9
74.615000	519.8
74.618750	520.6
74.622500	537.5
74.626250	552.1
74.630000	548.8
74.633750	529.6
74.637500	520.6
74.641250	538.5
74.645000	546.8
74.648750	563.9
74.652500	555.0
74.656250	535.8
74.660000	555.8
74.663750	555.7
74.667500	523.4
74.671250	555.3
74.675000	512.1
74.678750	552.5
74.682500	519.0
74.686250	537.6
74.690000	537.3
74.693750	515.8
74.697500	524.8
74.701250	550.2
74.705000	523.7
74.708750	527.9
74.712500	523.1
74.716250	564.1
74.720000	612.2
74.723750	560.1
74.727500	567.8
74.731250	516.8
74.735000	531.9
74.738750	512.3
74.742500	517.6
74.746250	554.0
74.750000	500.5
74.753750	550.2
74.757500	534.4
74.761250	512.4
74.765000	523.3
74.768750	515.6
74.772500	522.2
74.776250	556.3
74.780000	510.9
74.783750	506.0
74.787500	533.5
74.791250	528.5
74.795000	534.5
74.798750	499.0
74.802500	576.0
74.806250	542.4
74.810000	495.7
74.813750	509.4
74.817500	503.6
74.821250	479.3
74.825000	570.3
74.828750	577.5
74.832500	544.7
74.836250	532.1
74.840000	560.8
74.843750	554.6
74.847500	543.8
74.851250	495.3
74.855000	559.7
74.858750	514.5
74.862500	511.0
74.866250	485.1
74.870000	510.0
74.873750	509.5
74.877500	517.8
74.881250	512.3
74.885000	536.9
74.888750	520.2
74.892500	528.4
74.896250	551.3
74.900000	508.1
74.903750	492.4
74.907500	571.3
74.911250	546.5
74.915000	533.4
74.918750	525.1
74.922500	561.9
74.926250	553.1
74.930000	524.2
74.933750	546.8
74.937500	534.6
74.941250	535.6
74.945000	531.8
74.948750	523.5
74.952500	542.0
74.956250	546.9
74.960000	482.2
74.963750	498.8
74.967500	528.6
74.971250	537.9
74.975000	531.4
74.978750	547.1
74.982500	509.8
74.986250	565.7
74.990000	574.9
74.993750	489.1
74.997500	497.2
75.001250	546.0
75.005000	503.2
75.008750	539.4
75.012500	527.6
75.016250	527.2
75.020000	540.8
75.023750	570.5
75.027500	561.5
75.031250	492.8
75.035000	508.7
75.038750	524.9
75.042500	561.4
75.046250	537.3
75.050000	519.4
75.053750	539.7
75.057500	537.0
75.061250	495.1
75.065000	505.4
75.068750	527.3
75.072500	563.4
75.076250	556.6
75.080000	536.2
75.083750	548.0
75.087500	523.6
75.091250	552.5
75.095000	556.0
75.098750	560.7
75.102500	530.3
75.106250	534.1
75.110000	590.0
75.113750	549.0
75.117500	525.4
75.121250	543.3
75.125000	551.2
75.128750	526.1
75.132500	547.4
75.136250	557.3
75.140000	541.3
75.143750	509.1
75.147500	570.6
75.151250	562.2
75.155000	527.0
75.158750	550.9
75.162500	571.1
75.166250	578.3
75.170000	614.0
75.173750	553.7
75.177500	514.6
75.181250	558.2
75.185000	541.7
75.188750	548.1
75.192500	539.9
75.196250	556.3
75.200000	528.7
75.203750	554.0
75.207500	516.5
75.211250	528.4
75.215000	555.2
75.218750	549.4
75.222500	544.8
75.226250	580.5
75.230000	584.6
75.233750	564.0
75.237500	584.4
75.241250	603.3
75.245000	589.9
75.248750	606.6
75.252500	596.0
75.256250	620.0
75.260000	573.7
75.263750	642.1
75.267500	641.8
75.271250	654.3
75.275000	626.7
75.278750	643.9
75.282500	693.2
75.286250	693.9
75.290000	706.2
75.293750	778.4
75.297500	794.8
75.301250	826.0
75.305000	793.3
75.308750	770.7
75.312500	816.2
75.316250	924.9
75.320000	830.3
75.323750	835.8
75.327500	885.6
75.331250	824.2
75.335000	858.3
75.338750	827.8
75.342500	846.5
75.346250	856.4
75.350000	775.6
75.353750	792.5
75.357500	744.2
75.361250	691.2
75.365000	719.3
75.368750	666.6
75.372500	621.6
75.376250	619.0
75.380000	610.4
75.383750	594.0
75.387500	643.3
75.391250	597.0
75.395000	576.7
75.398750	584.8
75.402500	592.8
75.406250	593.0
75.410000	569.3
75.413750	535.2
75.417500	606.6
75.421250	546.3
75.425000	567.6
75.428750	568.6
75.432500	553.5
75.436250	571.1
75.440000	515.7
75.443750	525.8
75.447500	484.4
75.451250	511.1
75.455000	574.9
75.458750	551.6
75.462500	521.4
75.466250	547.7
75.470000	575.4
75.473750	501.9
75.477500	487.4
75.481250	542.1
75.485000	572.1
75.488750	526.0
75.492500	530.7
75.496250	540.0
75.500000	552.0
75.503750	518.9
75.507500	569.9
75.511250	539.7
75.515000	512.6
75.518750	536.8
75.522500	531.7
75.526250	476.8
75.530000	474.2
75.533750	550.7
75.537500	587.5
75.541250	561.5
75.545000	541.2
75.548750	541.4
75.552500	526.9
75.556250	548.6
75.560000	545.6
75.563750	469.6
75.567500	488.2
75.571250	526.4
75.575000	484.4
75.578750	490.6
75.582500	489.3
75.586250	517.3
75.590000	511.7
75.593750	505.3
75.597500	482.0
75.601250	528.9
75.605000	530.7
75.608750	545.6
75.612500	523.4
75.616250	570.9
75.620000	497.5
75.623750	557.8
75.627500	541.2
75.631250	511.5
75.635000	508.4
75.638750	526.8
75.642500	536.1
75.646250	551.2
75.650000	542.8
75.653750	496.0
75.657500	493.8
75.661250	519.5
75.665000	562.4
75.668750	569.4
75.672500	543.9
75.676250	536.4
75.680000	513.1
75.683750	493.6
75.687500	559.9
75.691250	473.0
75.695000	495.6
75.698750	504.2
75.702500	474.8
75.706250	523.3
75.710000	496.1
75.713750	547.6
75.717500	536.4
75.721250	562.7
75.725000	508.4
75.728750	539.3
75.732500	550.3
75.736250	502.3
75.740000	504.6
75.743750	499.5
75.747500	536.5
75.751250	570.7
75.755000	514.7
75.758750	502.5
75.762500	530.5
75.766250	562.8
75.770000	526.2
75.773750	490.2
75.777500	490.6
75.781250	565.3
75.785000	519.2
75.788750	490.2
75.792500	508.5
75.796250	514.1
75.800000	541.8
75.803750	549.2
75.807500	519.2
75.811250	484.8
75.815000	509.7
75.818750	564.0
75.822500	524.1
75.826250	534.0
75.830000	488.9
75.833750	525.9
75.837500	476.1
75.841250	562.9
75.845000	573.4
75.848750	540.3
75.852500	506.5
75.856250	482.9
75.860000	516.5
75.863750	556.8
75.867500	531.0
75.871250	549.3
75.875000	565.0
75.878750	555.9
75.882500	500.5
75.886250	537.0
75.890000	586.5
75.893750	582.9
75.897500	534.5
75.901250	495.7
75.905000	507.3
75.908750	558.2
75.912500	525.7
75.916250	560.0
75.920000	536.4
75.923750	604.4
75.927500	582.1
75.931250	577.5
75.935000	552.5
75.938750	512.3
75.942500	554.9
75.946250	524.7
75.950000	536.3
75.953750	487.7
75.957500	543.1
75.961250	537.7
75.965000	517.4
75.968750	509.7
75.972500	519.1
75.976250	553.2
75.980000	546.0
75.983750	534.3
75.987500	576.7
75.991250	494.5
75.995000	501.5
75.998750	595.9
76.002500	555.8
76.006250	553.6
76.010000	474.7
76.013750	526.0
76.017500	548.1
76.021250	581.8
76.025000	529.5
76.028750	518.2
76.032500	547.9
76.036250	571.9
76.040000	532.3
76.043750	497.5
76.047500	493.5
76.051250	559.6
76.055000	527.1
76.058750	474.9
76.062500	469.1
76.066250	525.6
76.070000	556.8
76.073750	513.4
76.077500	426.5
76.081250	522.4
76.085000	550.0
76.088750	517.6
76.092500	554.0
76.096250	538.4
76.100000	472.7
76.103750	482.2
76.107500	504.4
76.111250	530.4
76.115000	566.2
76.118750	505.5
76.122500	508.6
76.126250	500.0
76.130000	508.4
76.133750	519.2
76.137500	515.4
76.141250	542.3
76.145000	568.5
76.148750	509.5
76.152500	521.8
76.156250	510.0
76.160000	525.6
76.163750	515.5
76.167500	543.5
76.171250	559.0
76.175000	546.6
76.178750	531.2
76.182500	522.0
76.186250	512.1
76.190000	506.8
76.193750	553.3
76.197500	529.1
76.201250	512.1
76.205000	524.8
76.208750	508.3
76.212500	522.8
76.216250	524.7
76.220000	517.8
76.223750	532.3
76.227500	541.9
76.231250	510.2
76.235000	529.5
76.238750	542.3
76.242500	546.7
76.246250	521.1
76.250000	541.0
76.253750	559.1
76.257500	539.6
76.261250	533.6
76.265000	521.1
76.268750	544.7
76.272500	522.0
76.276250	516.3
76.280000	492.5
76.283750	560.2
76.287500	547.5
76.291250	524.9
76.295000	504.3
76.298750	498.6
76.302500	563.7
76.306250	544.7
76.310000	531.0
76.313750	537.7
76.317500	534.3
76.321250	512.6
76.325000	526.0
76.328750	523.5
76.332500	579.4
76.336250	512.6
76.340000	533.7
76.343750	530.5
76.347500	519.8
76.351250	572.2
76.355000	516.9
76.358750	490.8
76.362500	556.6
76.366250	485.9
76.370000	513.2
76.373750	516.1
76.377500	509.5
76.381250	525.9
76.385000	514.7
76.388750	503.5
76.392500	522.7
76.396250	534.3
76.400000	512.2
76.403750	534.1
76.407500	525.7
76.411250	516.3
76.415000	497.1
76.418750	482.6
76.422500	515.2
76.426250	505.9
76.430000	523.2
76.433750	496.1
76.437500	508.4
76.441250	531.2
76.445000	536.9
76.448750	548.9
76.452500	523.3
76.456250	537.0
76.460000	549.2
76.463750	531.2
76.467500	529.2
76.471250	514.4
76.475000	531.6
76.478750	525.7
76.482500	495.4
76.486250	509.7
76.490000	497.8
76.493750	518.6
76.497500	518.0
76.501250	498.5
76.505000	499.8
76.508750	527.6
76.512500	530.8
76.516250	547.5
76.520000	534.2
76.523750	492.5
76.527500	526.1
76.531250	543.7
76.535000	511.5
76.538750	490.0
76.542500	499.3
76.546250	503.5
76.550000	493.0
76.553750	532.3
76.557500	552.5
76.561250	529.2
76.565000	531.8
76.568750	536.9
76.572500	540.8
76.576250	509.0
76.580000	497.7
76.583750	540.4
76.587500	519.5
76.591250	518.3
76.595000	554.3
76.598750	544.3
76.602500	520.2
76.606250	508.6
76.610000	519.7
76.613750	518.2
76.617500	522.5
76.621250	522.9
76.625000	513.7
76.628750	496.5
76.632500	510.2
76.636250	511.9
76.640000	524.0
76.643750	512.2
76.647500	522.1
76.651250	501.4
76.655000	502.5
76.658750	501.2
76.662500	507.7
76.666250	528.5
76.670000	538.2
76.673750	572.6
76.677500	515.7
76.681250	514.6
76.685000	483.8
76.688750	562.6
76.692500	537.4
76.696250	504.2
76.700000	527.0
76.703750	523.0
76.707500	528.8
76.711250	549.8
76.715000	537.8
76.718750	538.2
76.722500	545.0
76.726250	568.3
76.730000	551.7
76.733750	513.1
76.737500	562.2
76.741250	583.9
76.745000	563.1
76.748750	534.7
76.752500	552.5
76.756250	518.5
76.760000	567.8
76.763750	519.0
76.767500	533.3
76.771250	499.6
76.775000	497.6
76.778750	555.6
76.782500	539.4
76.786250	567.7
76.790000	555.8
76.793750	548.5
76.797500	551.4
76.801250	536.7
76.805000	557.6
76.808750	546.9
76.812500	549.8
76.816250	539.9
76.820000	539.7
76.823750	546.3
76.827500	497.2
76.831250	503.9
76.835000	532.2
76.838750	537.3
76.842500	536.1
76.846250	513.9
76.850000	536.3
76.853750	486.4
76.857500	474.4
76.861250	532.2
76.865000	543.8
76.868750	577.7
76.872500	573.4
76.876250	538.1
76.880000	564.0
76.883750	502.6
76.887500	506.5
76.891250	535.9
76.895000	538.2
76.898750	535.3
76.902500	524.3
76.906250	485.8
76.910000	490.1
76.913750	514.3
76.917500	541.1
76.921250	520.4
76.925000	487.4
76.928750	545.4
76.932500	516.5
76.936250	522.6
76.940000	527.0
76.943750	536.8
76.947500	538.9
76.951250	536.3
76.955000	536.6
76.958750	515.2
76.962500	548.4
76.966250	539.3
76.970000	532.4
76.973750	515.3
76.977500	517.5
76.981250	526.0
76.985000	504.5
76.988750	521.2
76.992500	531.0
76.996250	494.6
77.000000	539.4
77.003750	489.0
77.007500	547.0
77.011250	512.0
77.015000	508.4
77.018750	519.5
77.022500	531.5
77.026250	533.6
77.030000	507.5
77.033750	505.5
77.037500	524.6
77.041250	555.0
77.045000	567.6
77.048750	544.0
77.052500	523.2
77.056250	533.9
77.060000	548.2
77.063750	509.6
77.067500	468.3
77.071250	512.6
77.075000	502.6
77.078750	516.8
77.082500	504.4
77.086250	548.6
77.090000	546.0
77.093750	531.9
77.097500	531.6
77.101250	561.1
77.105000	558.5
77.108750	535.6
77.112500	518.7
77.116250	504.9
77.120000	493.4
77.123750	568.5
77.127500	536.7
77.131250	479.6
77.135000	517.6
77.138750	505.5
77.142500	472.3
77.146250	511.7
77.150000	589.7
77.153750	567.8
77.157500	487.4
77.161250	522.5
77.165000	546.6
77.168750	510.2
77.172500	546.5
77.176250	496.8
77.180000	513.6
77.183750	505.4
77.187500	524.0
77.191250	572.1
77.195000	522.7
77.198750	510.9
77.202500	549.8
77.206250	542.2
77.210000	514.3
77.213750	519.0
77.217500	527.6
77.221250	549.7
77.225000	538.4
77.228750	527.2
77.232500	533.4
77.236250	527.9
77.240000	484.4
77.243750	504.2
77.247500	537.1
77.251250	550.5
77.255000	522.6
77.258750	531.5
77.262500	562.6
77.266250	544.1
77.270000	540.0
77.273750	501.3
77.277500	525.9
77.281250	475.4
77.285000	508.1
77.288750	514.3
77.292500	498.6
77.296250	501.5
77.300000	526.4
77.303750	521.9
77.307500	471.3
77.311250	472.2
77.315000	524.3
77.318750	539.5
77.322500	506.6
77.326250	466.6
77.330000	502.4
77.333750	525.1
77.337500	546.2
77.341250	475.4
77.345000	572.2
77.348750	557.0
77.352500	529.4
77.356250	529.4
77.360000	564.9
77.363750	502.4
77.367500	547.4
77.371250	538.5
77.375000	535.0
77.378750	536.9
77.382500	519.3
77.386250	552.0
77.390000	492.8
77.393750	528.6
77.397500	506.5
77.401250	521.7
77.405000	556.0
77.408750	527.2
77.412500	540.0
77.416250	528.8
77.420000	539.3
77.423750	536.5
77.427500	501.5
77.431250	503.8
77.435000	507.8
77.438750	531.3
77.442500	524.3
77.446250	508.4
77.450000	503.9
77.453750	499.2
77.457500	501.3
77.461250	486.5
77.465000	549.8
77.468750	536.3
77.472500	536.6
77.476250	540.8
77.480000	533.0
77.483750	519.2
77.487500	541.4
77.491250	543.9
77.495000	551.3
77.498750	530.0
77.502500	492.5
77.506250	498.6
77.510000	532.1
77.513750	528.3
77.517500	524.4
77.521250	517.7
77.525000	516.5
77.528750	563.7
77.532500	581.3
77.536250	544.0
77.540000	585.1
77.543750	507.5
77.547500	487.6
77.551250	514.8
77.555000	536.7
77.558750	515.1
77.562500	550.7
77.566250	541.7
77.570000	537.1
77.573750	551.4
77.577500	540.5
77.581250	524.1
77.585000	535.8
77.588750	556.9
77.592500	554.3
77.596250	565.5
77.600000	566.9
77.603750	495.3
77.607500	553.8
77.611250	529.8
77.615000	547.3
77.618750	524.9
77.622500	503.8
77.626250	511.0
77.630000	538.6
77.633750	518.9
77.637500	483.4
77.641250	531.6
77.645000	546.6
77.648750	559.2
77.652500	529.9
77.656250	511.4
77.660000	508.3
77.663750	554.7
77.667500	533.9
77.671250	509.8
77.675000	519.0
77.678750	498.2
77.682500	523.9
77.686250	517.0
77.690000	514.4
77.693750	544.0
77.697500	524.7
77.701250	505.3
77.705000	532.8
77.708750	498.0
77.712500	511.6
77.716250	534.7
77.720000	503.0
77.723750	510.0
77.727500	532.7
77.731250	498.9
77.735000	504.7
77.738750	571.5
77.742500	542.2
77.746250	514.8
77.750000	550.7
77.753750	539.8
77.757500	526.6
77.761250	502.6
77.765000	512.5
77.768750	532.1
77.772500	527.6
77.776250	547.5
77.780000	535.0
77.783750	507.3
77.787500	503.2
77.791250	517.7
77.795000	553.1
77.798750	511.5
77.802500	501.3
77.806250	505.1
77.810000	489.9
77.813750	521.5
77.817500	507.5
77.821250	555.8
77.825000	536.9
77.828750	502.5
77.832500	533.6
77.836250	526.0
77.840000	495.6
77.843750	528.2
77.847500	501.8
77.851250	485.1
77.855000	537.5
77.858750	521.3
77.862500	540.1
77.866250	505.1
77.870000	523.4
77.873750	521.9
77.877500	498.5
77.881250	513.4
77.885000	525.1
77.888750	519.8
77.892500	523.1
77.896250	549.6
77.900000	505.6
77.903750	547.6
77.907500	536.3
77.911250	485.8
77.915000	505.4
77.918750	525.3
77.922500	549.9
77.926250	542.2
77.930000	494.9
77.933750	521.0
77.937500	527.9
77.941250	532.3
77.945000	553.6
77.948750	528.8
77.952500	550.8
77.956250	552.9
77.960000	533.7
77.963750	497.0
77.967500	525.8
77.971250	533.4
77.975000	534.8
77.978750	525.7
77.982500	506.6
77.986250	510.4
77.990000	501.1
77.993750	528.2
77.997500	530.7
78.001250	531.1
78.005000	486.6
78.008750	497.8
78.012500	538.6
78.016250	537.7
78.020000	507.1
78.023750	526.8
78.027500	535.1
78.031250	517.7
78.035000	517.6
78.038750	539.1
78.042500	544.2
78.046250	524.4
78.050000	530.6
78.053750	544.9
78.057500	534.4
78.061250	568.1
78.065000	522.8
78.068750	533.2
78.072500	511.2
78.076250	526.9
78.080000	546.2
78.083750	514.6
78.087500	526.1
78.091250	545.7
78.095000	548.9
78.098750	551.1
78.102500	519.1
78.106250	499.5
78.110000	509.9
78.113750	508.7
78.117500	533.8
78.121250	515.4
78.125000	525.5
78.128750	516.4
78.132500	470.2
78.136250	545.3
78.140000	538.5
78.143750	544.2
78.147500	529.5
78.151250	540.7
78.155000	557.5
78.158750	500.8
78.162500	494.2
78.166250	521.2
78.170000	522.6
78.173750	509.8
78.177500	531.8
78.181250	500.4
78.185000	564.9
78.188750	538.3
78.192500	532.7
78.196250	526.9
78.200000	526.0
78.203750	543.3
78.207500	555.0
78.211250	569.3
78.215000	591.5
78.218750	525.4
78.222500	541.9
78.226250	527.7
78.230000	525.6
78.233750	522.3
78.237500	515.5
78.241250	546.6
78.245000	522.5
78.248750	557.3
78.252500	618.1
78.256250	538.6
78.260000	568.1
78.263750	585.7
78.267500	576.3
78.271250	549.6
78.275000	573.4
78.278750	557.9
78.282500	517.6
78.286250	512.7
78.290000	545.3
78.293750	557.5
78.297500	503.3
78.301250	507.1
78.305000	540.4
78.308750	517.4
78.312500	528.4
78.316250	529.5
78.320000	497.3
78.323750	517.8
78.327500	520.5
78.331250	531.6
78.335000	506.5
78.338750	517.4
78.342500	479.0
78.346250	507.0
78.350000	515.2
78.353750	489.5
78.357500	504.6
78.361250	513.5
78.365000	536.3
78.368750	578.7
78.372500	508.2
78.376250	505.5
78.380000	538.1
78.383750	500.1
78.387500	514.1
78.391250	518.2
78.395000	532.7
78.398750	521.4
78.402500	505.0
78.406250	491.4
78.410000	494.5
78.413750	529.2
78.417500	547.7
78.421250	509.9
78.425000	517.6
78.428750	511.2
78.432500	495.4
78.436250	546.2
78.440000	526.6
78.443750	517.2
78.447500	535.3
78.451250	561.5
78.455000	537.6
78.458750	509.7
78.462500	506.1
78.466250	546.7
78.470000	530.3
78.473750	523.6
78.477500	517.9
78.481250	478.3
78.485000	515.8
78.488750	518.5
78.492500	530.1
78.496250	506.6
78.500000	525.2
78.503750	537.9
78.507500	526.6
78.511250	501.8
78.515000	547.3
78.518750	505.8
78.522500	545.2
78.526250	493.6
78.530000	518.8
78.533750	555.9
78.537500	546.1
78.541250	503.2
78.545000	524.9
78.548750	524.5
78.552500	529.7
78.556250	497.1
78.560000	568.6
78.563750	528.6
78.567500	513.3
78.571250	493.2
78.575000	511.7
78.578750	518.1
78.582500	517.4
78.586250	546.5
78.590000	535.9
78.593750	525.4
78.597500	503.4
78.601250	498.0
78.605000	520.7
78.608750	545.3
78.612500	564.1
78.616250	497.2
78.620000	502.1
78.623750	547.5
78.627500	495.1
78.631250	539.1
78.635000	513.7
78.638750	479.2
78.642500	491.3
78.646250	548.4
78.650000	521.0
78.653750	495.7
78.657500	513.5
78.661250	503.3
78.665000	539.9
78.668750	527.7
78.672500	527.9
78.676250	517.4
78.680000	512.1
78.683750	508.7
78.687500	544.8
78.691250	534.2
78.695000	502.9
78.698750	554.8
78.702500	548.9
78.706250	515.9
78.710000	468.4
78.713750	494.4
78.717500	536.9
78.721250	551.0
78.725000	474.7
78.728750	495.9
78.732500	510.5
78.736250	501.7
78.740000	512.0
78.743750	551.0
78.747500	538.1
78.751250	480.9
78.755000	516.5
78.758750	536.4
78.762500	553.0
78.766250	528.0
78.770000	514.1
78.773750	562.5
78.777500	526.9
78.781250	543.9
78.785000	512.3
78.788750	533.8
78.792500	533.3
78.796250	495.0
78.800000	520.5
78.803750	534.0
78.807500	492.9
78.811250	541.8
78.815000	502.9
78.818750	517.1
78.822500	518.9
78.826250	537.5
78.830000	493.2
78.833750	465.2
78.837500	511.6
78.841250	499.9
78.845000	539.4
78.848750	509.5
78.852500	528.6
78.856250	567.7
78.860000	527.2
78.863750	486.4
78.867500	494.5
78.871250	526.1
78.875000	504.2
78.878750	519.5
78.882500	530.9
78.886250	486.7
78.890000	544.1
78.893750	547.5
78.897500	530.8
78.901250	508.9
78.905000	507.7
78.908750	520.5
78.912500	527.2
78.916250	531.0
78.920000	539.7
78.923750	550.4
78.927500	547.4
78.931250	520.2
78.935000	530.4
78.938750	496.9
78.942500	507.0
78.946250	528.5
78.950000	526.9
78.953750	484.8
78.957500	564.7
78.961250	531.3
78.965000	505.9
78.968750	527.2
78.972500	539.3
78.976250	530.0
78.980000	520.0
78.983750	493.0
78.987500	490.7
78.991250	508.3
78.995000	523.9
78.998750	502.5
79.002500	499.9
79.006250	566.7
79.010000	510.3
79.013750	508.3
79.017500	502.2
79.021250	501.6
79.025000	505.4
79.028750	527.5
79.032500	511.8
79.036250	480.7
79.040000	495.5
79.043750	525.6
79.047500	517.8
79.051250	516.7
79.055000	516.7
79.058750	522.1
79.062500	510.7
79.066250	494.9
79.070000	546.4
79.073750	545.9
79.077500	551.2
79.081250	549.7
79.085000	514.6
79.088750	520.6
79.092500	502.7
79.096250	524.8
79.100000	517.3
79.103750	462.7
79.107500	499.1
79.111250	502.2
79.115000	526.3
79.118750	541.4
79.122500	509.4
79.126250	538.3
79.130000	529.6
79.133750	495.6
79.137500	478.2
79.141250	496.9
79.145000	522.5
79.148750	527.1
79.152500	515.0
79.156250	465.9
79.160000	510.4
79.163750	502.7
79.167500	531.2
79.171250	524.7
79.175000	525.4
79.178750	562.3
79.182500	511.1
79.186250	530.0
79.190000	517.0
79.193750	496.9
79.197500	521.2
79.201250	531.0
79.205000	481.1
79.208750	503.0
79.212500	526.8
79.216250	512.0
79.220000	514.9
79.223750	538.5
79.227500	523.4
79.231250	529.1
79.235000	545.6
79.238750	501.5
79.242500	484.0
79.246250	517.9
79.250000	487.7
79.253750	538.3
79.257500	557.1
79.261250	534.2
79.265000	552.8
79.268750	492.9
79.272500	524.7
79.276250	527.5
79.280000	502.6
79.283750	492.2
79.287500	523.5
79.291250	544.0
79.295000	488.0
79.298750	502.7
79.302500	537.9
79.306250	511.5
79.310000	500.3
79.313750	527.2
79.317500	523.7
79.321250	512.0
79.325000	471.9
79.328750	515.0
79.332500	531.7
79.336250	544.0
79.340000	507.5
79.343750	525.7
79.347500	505.1
79.351250	488.8
79.355000	500.7
79.358750	515.4
79.362500	505.6
79.366250	490.2
79.370000	499.7
79.373750	513.2
79.377500	553.9
79.381250	570.9
79.385000	502.3
79.388750	552.5
79.392500	513.6
79.396250	506.2
79.400000	518.9
79.403750	488.7
79.407500	511.8
79.411250	522.7
79.415000	523.9
79.418750	570.9
79.422500	502.3
79.426250	514.9
79.430000	485.2
79.433750	488.8
79.437500	521.5
79.441250	534.0
79.445000	530.1
79.448750	509.0
79.452500	500.2
79.456250	508.6
79.460000	525.5
79.463750	514.7
79.467500	544.8
79.471250	517.6
79.475000	477.2
79.478750	493.7
79.482500	542.9
79.486250	551.0
79.490000	469.1
79.493750	485.9
79.497500	514.5
79.501250	482.2
79.505000	531.1
79.508750	545.6
79.512500	539.6
79.516250	536.7
79.520000	498.7
79.523750	488.5
79.527500	527.5
79.531250	518.0
79.535000	506.1
79.538750	511.3
79.542500	529.6
79.546250	527.4
79.550000	541.5
79.553750	514.2
79.557500	509.8
79.561250	512.4
79.565000	503.7
79.568750	517.8
79.572500	519.5
79.576250	521.9
79.580000	492.8
79.583750	498.7
79.587500	547.5
79.591250	561.7
79.595000	512.6
79.598750	518.0
79.602500	540.6
79.606250	517.8
79.610000	529.9
79.613750	523.9
79.617500	543.1
79.621250	541.8
79.625000	528.8
79.628750	543.5
79.632500	546.3
79.636250	508.5
79.640000	504.8
79.643750	487.5
79.647500	516.7
79.651250	491.7
79.655000	528.4
79.658750	538.2
79.662500	530.4
79.666250	524.7
79.670000	516.4
79.673750	497.6
79.677500	535.4
79.681250	558.0
79.685000	539.6
79.688750	548.9
79.692500	512.1
79.696250	504.0
79.700000	499.7
79.703750	539.1
79.707500	490.4
79.711250	506.5
79.715000	501.7
79.718750	518.1
79.722500	516.9
79.726250	492.9
79.730000	503.6
79.733750	496.8
79.737500	521.5
79.741250	535.2
79.745000	489.9
79.748750	510.2
79.752500	534.7
79.756250	527.3
79.760000	547.7
79.763750	510.1
79.767500	548.2
79.771250	536.3
79.775000	556.5
79.778750	560.5
79.782500	485.6
79.786250	531.5
79.790000	536.7
79.793750	484.5
79.797500	521.9
79.801250	504.6
79.805000	506.4
79.808750	572.1
79.812500	520.5
79.816250	519.6
79.820000	483.2
79.823750	508.3
79.827500	505.1
79.831250	505.6
79.835000	516.4
79.838750	555.3
79.842500	487.0
79.846250	517.3
79.850000	500.1
79.853750	508.1
79.857500	528.5
79.861250	515.1
79.865000	538.0
79.868750	520.1
79.872500	585.0
79.876250	508.3
79.880000	530.3
79.883750	487.9
79.887500	511.6
79.891250	553.0
79.895000	536.2
79.898750	477.2
79.902500	504.6
79.906250	517.5
79.910000	515.0
79.913750	539.5
79.917500	552.0
79.921250	535.2
79.925000	509.0
79.928750	510.0
79.932500	539.6
79.936250	507.6
79.940000	505.4
79.943750	511.8
79.947500	483.1
79.951250	499.3
79.955000	523.8
79.958750	499.7
79.962500	502.1
79.966250	495.6
79.970000	502.2
79.973750	534.2
79.977500	523.7
79.981250	526.6
79.985000	534.1
79.988750	524.5
79.992500	515.6
79.996250	519.8
80.000000	525.0
