2.000000	434.1
2.003750	437.8
2.007500	426.2
2.011250	448.8
2.015000	423.9
2.018750	444.5
2.022500	460.0
2.026250	429.4
2.030000	434.3
2.033750	446.1
2.037500	446.3
2.041250	432.8
2.045000	440.4
2.048750	452.2
2.052500	429.9
2.056250	459.9
2.060000	450.5
2.063750	442.2
2.067500	426.5
2.071250	450.8
2.075000	486.1
2.078750	431.7
2.082500	425.1
2.086250	433.5
2.090000	434.5
2.093750	460.4
2.097500	452.9
2.101250	481.8
2.105000	463.9
2.108750	445.9
2.112500	495.0
2.116250	464.6
2.120000	444.1
2.123750	460.7
2.127500	452.5
2.131250	497.9
2.135000	472.4
2.138750	489.5
2.142500	510.8
2.146250	464.6
2.150000	490.8
2.153750	499.8
2.157500	479.9
2.161250	530.2
2.165000	505.7
2.168750	497.1
2.172500	488.1
2.176250	483.4
2.180000	472.5
2.183750	504.6
2.187500	519.0
2.191250	490.3
2.195000	510.0
2.198750	513.4
2.202500	525.7
2.206250	550.1
2.210000	470.7
2.213750	492.5
2.217500	542.6
2.221250	495.4
2.225000	500.9
2.228750	489.7
2.232500	506.7
2.236250	522.5
2.240000	526.8
2.243750	525.8
2.247500	494.1
2.251250	495.9
2.255000	512.7
2.258750	512.3
2.262500	529.6
2.266250	540.4
2.270000	551.6
2.273750	542.2
2.277500	554.9
2.281250	554.8
2.285000	534.2
2.288750	577.9
2.292500	582.5
2.296250	610.0
2.300000	571.1
2.303750	572.9
2.307500	601.2
2.311250	606.0
2.315000	641.6
2.318750	629.1
2.322500	656.9
2.326250	719.5
2.330000	702.9
2.333750	664.4
2.337500	715.8
2.341250	743.1
2.345000	761.5
2.348750	741.7
2.352500	770.0
2.356250	782.1
2.360000	786.6
2.363750	784.6
2.367500	796.2
2.371250	864.8
2.375000	931.9
2.378750	902.4
2.382500	934.0
2.386250	976.6
2.390000	976.8
2.393750	982.4
2.397500	968.4
2.401250	1006.5
2.405000	1015.9
2.408750	1000.2
2.412500	1102.3
2.416250	1070.7
2.420000	993.9
2.423750	1107.8
2.427500	1090.5
2.431250	1086.1
2.435000	1130.9
2.438750	1224.6
2.442500	1231.6
2.446250	1223.6
2.450000	1321.0
2.453750	1339.4
2.457500	1407.6
2.461250	1351.9
2.465000	1365.1
2.468750	1520.1
2.472500	1473.4
2.476250	1477.1
2.480000	1557.9
2.483750	1584.2
2.487500	1658.2
2.491250	1717.2
2.495000	1705.4
2.498750	1638.3
2.502500	1809.3
2.506250	1753.3
2.510000	1905.4
2.513750	1967.6
2.517500	1937.3
2.521250	1917.0
2.525000	2047.8
2.528750	2051.0
2.532500	2050.5
2.536250	2085.0
2.540000	2043.8
2.543750	2165.0
2.547500	2197.4
2.551250	2256.1
2.555000	2305.6
2.558750	2230.8
2.562500	2220.7
2.566250	2244.7
2.570000	2186.9
2.573750	2225.0
2.577500	2197.3
2.581250	2323.4
2.585000	2390.6
2.588750	2358.4
2.592500	2177.2
2.596250	2321.7
2.600000	2374.8
2.603750	2260.9
2.607500	2284.2
2.611250	2280.6
2.615000	2374.6
2.618750	2285.1
2.622500	2287.5
2.626250	2387.1
2.630000	2338.1
2.633750	2232.7
2.637500	2287.4
2.641250	2318.0
2.645000	2353.9
2.648750	2282.7
2.652500	2274.9
2.656250	2340.4
2.660000	2258.6
2.663750	2258.2
2.667500	2263.3
2.671250	2297.2
2.675000	2242.0
2.678750	2287.6
2.682500	2246.2
2.686250	2202.6
2.690000	2288.0
2.693750	2341.3
2.697500	2233.7
2.701250	2293.6
2.705000	2241.2
2.708750	2181.9
2.712500	2201.4
2.716250	2267.9
2.720000	2193.4
2.723750	2255.3
2.727500	2186.2
2.731250	2245.5
2.735000	2262.9
2.738750	2215.1
2.742500	2222.1
2.746250	2259.3
2.750000	2263.2
2.753750	2165.1
2.757500	2120.9
2.761250	2267.1
2.765000	2159.3
2.768750	2219.4
2.772500	2231.0
2.776250	2162.3
2.780000	2221.8
2.783750	2218.3
2.787500	2176.4
2.791250	2175.7
2.795000	2216.5
2.798750	2265.9
2.802500	2151.1
2.806250	2202.2
2.810000	2171.8
2.813750	2202.0
2.817500	2181.1
2.821250	2222.1
2.825000	2122.5
2.828750	2190.2
2.832500	2190.2
2.836250	2246.0
2.840000	2352.5
2.843750	2110.5
2.847500	2112.2
2.851250	2174.6
2.855000	2106.7
2.858750	2268.5
2.862500	2066.4
2.866250	2086.2
2.870000	2221.1
2.873750	2105.6
2.877500	2280.5
2.881250	2207.5
2.885000	2134.1
2.888750	2209.7
2.892500	2156.1
2.896250	2251.7
2.900000	2156.1
2.903750	2125.7
2.907500	2145.0
2.911250	2136.1
2.915000	2128.8
2.918750	2149.8
2.922500	2195.4
2.926250	2106.0
2.930000	2125.2
2.933750	2097.3
2.937500	2059.7
2.941250	2177.2
2.945000	2121.0
2.948750	2070.3
2.952500	2138.7
2.956250	2008.1
2.960000	2042.9
2.963750	2098.9
2.967500	2135.6
2.971250	2064.4
2.975000	2133.3
2.978750	2107.9
2.982500	2179.1
2.986250	2136.4
2.990000	2083.0
2.993750	2044.9
2.997500	2074.6
3.001250	2145.2
3.005000	2037.5
3.008750	2065.4
3.012500	2144.7
3.016250	2092.3
3.020000	2056.6
3.023750	2126.0
3.027500	2116.3
3.031250	2101.7
3.035000	2014.5
3.038750	2138.4
3.042500	2129.7
3.046250	2095.9
3.050000	2015.8
3.053750	2082.2
3.057500	1999.6
3.061250	2058.6
3.065000	2062.2
3.068750	2035.2
3.072500	2062.5
3.076250	2080.3
3.080000	2076.7
3.083750	2112.2
3.087500	2005.2
3.091250	2082.9
3.095000	2124.8
3.098750	2091.2
3.102500	2073.6
3.106250	2042.6
3.110000	1968.4
3.113750	1985.0
3.117500	2098.9
3.121250	2113.9
3.125000	2103.6
3.128750	1978.5
3.132500	1951.2
3.136250	2055.9
3.140000	2025.1
3.143750	2036.5
3.147500	2010.5
3.151250	1983.9
3.155000	2047.1
3.158750	2069.5
3.162500	2002.4
3.166250	2077.4
3.170000	2087.3
3.173750	2009.5
3.177500	2160.9
3.181250	2047.8
3.185000	2020.5
3.188750	2062.7
3.192500	2065.6
3.196250	1986.1
3.200000	1917.8
3.203750	2066.7
3.207500	2067.5
3.211250	2007.7
3.215000	2056.9
3.218750	2019.7
3.222500	2027.8
3.226250	1997.9
3.230000	2008.4
3.233750	2051.2
3.237500	2072.3
3.241250	1977.6
3.245000	1933.8
3.248750	1964.2
3.252500	2008.9
3.256250	2024.1
3.260000	1948.7
3.263750	2078.5
3.267500	2066.0
3.271250	1983.5
3.275000	2016.7
3.278750	1992.4
3.282500	1988.4
3.286250	2038.6
3.290000	1967.6
3.293750	1951.7
3.297500	1975.0
3.301250	1941.8
3.305000	1955.9
3.308750	1919.1
3.312500	1951.6
3.316250	1928.6
3.320000	1973.8
3.323750	1923.6
3.327500	1950.4
3.331250	1978.1
3.335000	1929.6
3.338750	1949.8
3.342500	1950.0
3.346250	1962.3
3.350000	1952.8
3.353750	1917.1
3.357500	1932.2
3.361250	1925.6
3.365000	1929.8
3.368750	1976.0
3.372500	1947.4
3.376250	1868.3
3.380000	1897.1
3.383750	1941.3
3.387500	2016.2
3.391250	1976.2
3.395000	1884.7
3.398750	1929.2
3.402500	1936.7
3.406250	1924.0
3.410000	1883.3
3.413750	1912.5
3.417500	1884.0
3.421250	1902.6
3.425000	1962.1
3.428750	1896.9
3.432500	1901.1
3.436250	1920.9
3.440000	1800.3
3.443750	1858.8
3.447500	1904.8
3.451250	1906.2
3.455000	1839.1
3.458750	1896.1
3.462500	1948.8
3.466250	1988.9
3.470000	1917.0
3.473750	1883.9
3.477500	1908.1
3.481250	1899.2
3.485000	1881.6
3.488750	1906.1
3.492500	1880.8
3.496250	1852.2
3.500000	1885.5
3.503750	1843.5
3.507500	1869.7
3.511250	1936.0
3.515000	1944.8
3.518750	1902.7
3.522500	1866.6
3.526250	1928.5
3.530000	1918.4
3.533750	1819.6
3.537500	1886.0
3.541250	1907.2
3.545000	1828.8
3.548750	1845.0
3.552500	1801.1
3.556250	1824.1
3.560000	1876.2
3.563750	1870.6
3.567500	1897.6
3.571250	1895.2
3.575000	1866.6
3.578750	1868.7
3.582500	1838.5
3.586250	1863.5
3.590000	1845.6
3.593750	1848.8
3.597500	1806.5
3.601250	1834.9
3.605000	1817.4
3.608750	1869.4
3.612500	1802.3
3.616250	1842.1
3.620000	1806.4
3.623750	1830.6
3.627500	1825.7
3.631250	1827.3
3.635000	1874.6
3.638750	1910.2
3.642500	1800.6
3.646250	1825.7
3.650000	1855.3
3.653750	1865.6
3.657500	1786.6
3.661250	1803.9
3.665000	1808.9
3.668750	1753.6
3.672500	1842.5
3.676250	1877.1
3.680000	1838.0
3.683750	1765.7
3.687500	1761.9
3.691250	1859.5
3.695000	1827.8
3.698750	1838.1
3.702500	1781.0
3.706250	1726.9
3.710000	1786.0
3.713750	1827.3
3.717500	1786.8
3.721250	1809.4
3.725000	1777.5
3.728750	1826.3
3.732500	1740.1
3.736250	1776.8
3.740000	1757.1
3.743750	1778.3
3.747500	1800.0
3.751250	1789.4
3.755000	1774.0
3.758750	1718.2
3.762500	1818.2
3.766250	1790.0
3.770000	1825.2
3.773750	1823.1
3.777500	1823.0
3.781250	1767.2
3.785000	1766.7
3.788750	1801.5
3.792500	1801.0
3.796250	1769.6
3.800000	1780.4
3.803750	1745.1
3.807500	1752.2
3.811250	1816.2
3.815000	1769.8
3.818750	1743.0
3.822500	1828.3
3.826250	1811.3
3.830000	1759.6
3.833750	1682.0
3.837500	1717.9
3.841250	1681.4
3.845000	1719.9
3.848750	1748.1
3.852500	1831.8
3.856250	1769.2
3.860000	1749.3
3.863750	1734.4
3.867500	1676.7
3.871250	1850.4
3.875000	1710.5
3.878750	1763.6
3.882500	1699.8
3.886250	1708.8
3.890000	1672.4
3.893750	1712.3
3.897500	1713.8
3.901250	1719.9
3.905000	1706.6
3.908750	1731.7
3.912500	1774.2
3.916250	1710.0
3.920000	1749.7
3.923750	1740.4
3.927500	1775.1
3.931250	1685.8
3.935000	1678.0
3.938750	1678.3
3.942500	1716.2
3.946250	1787.2
3.950000	1690.3
3.953750	1751.4
3.957500	1706.0
3.961250	1702.2
3.965000	1713.2
3.968750	1713.1
3.972500	1724.9
3.976250	1694.2
3.980000	1687.3
3.983750	1675.6
3.987500	1751.5
3.991250	1737.1
3.995000	1704.9
3.998750	1783.5
4.002500	1723.9
4.006250	1669.3
4.010000	1711.8
4.013750	1678.9
4.017500	1666.3
4.021250	1681.9
4.025000	1746.5
4.028750	1774.3
4.032500	1758.0
4.036250	1716.6
4.040000	1724.2
4.043750	1686.0
4.047500	1671.1
4.051250	1810.5
4.055000	1691.5
4.058750	1638.4
4.062500	1685.7
4.066250	1711.2
4.070000	1697.2
4.073750	1674.4
4.077500	1749.2
4.081250	1707.9
4.085000	1679.9
4.088750	1699.5
4.092500	1727.1
4.096250	1704.7
4.100000	1690.7
4.103750	1667.0
4.107500	1715.2
4.111250	1647.3
4.115000	1654.7
4.118750	1737.0
4.122500	1700.7
4.126250	1684.9
4.130000	1674.3
4.133750	1658.1
4.137500	1640.3
4.141250	1670.5
4.145000	1654.3
4.148750	1760.9
4.152500	1667.5
4.156250	1611.8
4.160000	1688.1
4.163750	1645.2
4.167500	1704.2
4.171250	1653.7
4.175000	1652.1
4.178750	1706.6
4.182500	1568.3
4.186250	1608.9
4.190000	1689.1
4.193750	1657.6
4.197500	1703.1
4.201250	1641.7
4.205000	1701.6
4.208750	1643.4
4.212500	1666.3
4.216250	1635.4
4.220000	1671.1
4.223750	1613.9
4.227500	1583.9
4.231250	1633.4
4.235000	1652.8
4.238750	1731.2
4.242500	1684.9
4.246250	1711.7
4.250000	1640.1
4.253750	1659.8
4.257500	1609.7
4.261250	1579.8
4.265000	1630.5
4.268750	1603.6
4.272500	1638.0
4.276250	1661.4
4.280000	1622.6
4.283750	1583.6
4.287500	1648.2
4.291250	1630.6
4.295000	1678.6
4.298750	1685.0
4.302500	1683.7
4.306250	1593.0
4.310000	1637.7
4.313750	1635.4
4.317500	1691.1
4.321250	1641.4
4.325000	1684.9
4.328750	1662.4
4.332500	1571.6
4.336250	1583.9
4.340000	1619.3
4.343750	1561.7
4.347500	1602.0
4.351250	1605.7
4.355000	1593.9
4.358750	1608.3
4.362500	1615.5
4.366250	1615.5
4.370000	1615.7
4.373750	1641.2
4.377500	1642.3
4.381250	1535.3
4.385000	1633.4
4.388750	1547.6
4.392500	1593.6
4.396250	1604.5
4.400000	1642.5
4.403750	1616.4
4.407500	1573.2
4.411250	1592.0
4.415000	1640.0
4.418750	1639.4
4.422500	1534.6
4.426250	1574.2
4.430000	1551.5
4.433750	1550.7
4.437500	1618.3
4.441250	1512.2
4.445000	1568.5
4.448750	1578.5
4.452500	1540.7
4.456250	1568.1
4.460000	1553.2
4.463750	1534.0
4.467500	1620.2
4.471250	1634.6
4.475000	1562.1
4.478750	1598.0
4.482500	1646.5
4.486250	1545.9
4.490000	1584.2
4.493750	1582.5
4.497500	1603.0
4.501250	1570.1
4.505000	1562.8
4.508750	1560.3
4.512500	1562.0
4.516250	1522.7
4.520000	1580.0
4.523750	1587.1
4.527500	1565.4
4.531250	1569.4
4.535000	1606.5
4.538750	1594.7
4.542500	1570.1
4.546250	1580.4
4.550000	1562.4
4.553750	1544.3
4.557500	1554.6
4.561250	1523.2
4.565000	1540.8
4.568750	1524.2
4.572500	1510.5
4.576250	1572.2
4.580000	1614.5
4.583750	1505.0
4.587500	1535.4
4.591250	1579.1
4.595000	1541.0
4.598750	1492.7
4.602500	1492.7
4.606250	1647.6
4.610000	1556.8
4.613750	1513.9
4.617500	1514.4
4.621250	1617.1
4.625000	1623.3
4.628750	1604.0
4.632500	1538.3
4.636250	1586.5
4.640000	1564.1
4.643750	1552.4
4.647500	1553.9
4.651250	1611.7
4.655000	1533.6
4.658750	1475.6
4.662500	1538.7
4.666250	1561.1
4.670000	1553.2
4.673750	1496.6
4.677500	1543.2
4.681250	1552.3
4.685000	1596.0
4.688750	1571.4
4.692500	1451.9
4.696250	1507.6
4.700000	1591.4
4.703750	1622.2
4.707500	1491.2
4.711250	1558.2
4.715000	1519.5
4.718750	1571.8
4.722500	1496.2
4.726250	1522.1
4.730000	1545.3
4.733750	1508.9
4.737500	1493.3
4.741250	1521.0
4.745000	1582.0
4.748750	1516.4
4.752500	1514.0
4.756250	1495.6
4.760000	1541.5
4.763750	1490.0
4.767500	1538.0
4.771250	1513.5
4.775000	1513.5
4.778750	1539.1
4.782500	1533.0
4.786250	1502.9
4.790000	1537.1
4.793750	1547.6
4.797500	1445.5
4.801250	1507.3
4.805000	1553.8
4.808750	1551.4
4.812500	1524.6
4.816250	1525.6
4.820000	1533.5
4.823750	1539.0
4.827500	1474.1
4.831250	1462.6
4.835000	1475.3
4.838750	1539.4
4.842500	1506.4
4.846250	1422.0
4.850000	1518.2
4.853750	1511.5
4.857500	1470.8
4.861250	1437.9
4.865000	1490.7
4.868750	1520.5
4.872500	1449.3
4.876250	1451.6
4.880000	1466.3
4.883750	1485.4
4.887500	1457.7
4.891250	1524.6
4.895000	1514.9
4.898750	1434.4
4.902500	1455.3
4.906250	1492.3
4.910000	1456.5
4.913750	1532.2
4.917500	1449.8
4.921250	1445.1
4.925000	1421.8
4.928750	1414.5
4.932500	1511.0
4.936250	1479.7
4.940000	1454.0
4.943750	1457.4
4.947500	1439.6
4.951250	1491.2
4.955000	1516.0
4.958750	1468.9
4.962500	1524.9
4.966250	1438.4
4.970000	1385.3
4.973750	1435.2
4.977500	1509.1
4.981250	1503.9
4.985000	1472.3
4.988750	1401.3
4.992500	1440.0
4.996250	1392.1
5.000000	1475.7
5.003750	1528.4
5.007500	1448.4
5.011250	1459.9
5.015000	1447.3
5.018750	1412.2
5.022500	1441.8
5.026250	1432.5
5.030000	1429.7
5.033750	1418.3
5.037500	1542.0
5.041250	1489.9
5.045000	1410.6
5.048750	1440.0
5.052500	1442.0
5.056250	1526.3
5.060000	1410.3
5.063750	1436.5
5.067500	1470.2
5.071250	1502.9
5.075000	1429.1
5.078750	1392.2
5.082500	1433.0
5.086250	1389.0
5.090000	1435.8
5.093750	1513.4
5.097500	1487.0
5.101250	1477.8
5.105000	1427.8
5.108750	1461.0
5.112500	1472.2
5.116250	1487.9
5.120000	1443.5
5.123750	1451.4
5.127500	1412.6
5.131250	1472.1
5.135000	1474.3
5.138750	1460.1
5.142500	1459.1
5.146250	1449.4
5.150000	1373.4
5.153750	1447.3
5.157500	1508.3
5.161250	1458.2
5.165000	1495.2
5.168750	1452.6
5.172500	1430.9
5.176250	1442.9
5.180000	1459.3
5.183750	1478.5
5.187500	1503.4
5.191250	1425.2
5.195000	1446.6
5.198750	1426.9
5.202500	1426.7
5.206250	1420.3
5.210000	1485.5
5.213750	1435.0
5.217500	1377.3
5.221250	1463.0
5.225000	1541.2
5.228750	1423.8
5.232500	1479.6
5.236250	1467.5
5.240000	1455.3
5.243750	1477.6
5.247500	1407.9
5.251250	1473.0
5.255000	1445.7
5.258750	1425.2
5.262500	1521.1
5.266250	1509.2
5.270000	1416.5
5.273750	1419.4
5.277500	1396.6
5.281250	1376.2
5.285000	1476.4
5.288750	1377.0
5.292500	1399.4
5.296250	1439.9
5.300000	1449.5
5.303750	1475.6
5.307500	1400.9
5.311250	1390.9
5.315000	1447.8
5.318750	1426.4
5.322500	1466.9
5.326250	1469.4
5.330000	1421.1
5.333750	1370.4
5.337500	1394.6
5.341250	1387.9
5.345000	1402.2
5.348750	1411.3
5.352500	1383.6
5.356250	1405.8
5.360000	1444.3
5.363750	1450.1
5.367500	1446.6
5.371250	1431.5
5.375000	1407.3
5.378750	1390.7
5.382500	1426.4
5.386250	1461.1
5.390000	1439.0
5.393750	1413.0
5.397500	1389.1
5.401250	1410.5
5.405000	1418.7
5.408750	1373.2
5.412500	1309.6
5.416250	1364.4
5.420000	1344.1
5.423750	1363.3
5.427500	1369.8
5.431250	1355.2
5.435000	1394.6
5.438750	1323.8
5.442500	1342.7
5.446250	1397.7
5.450000	1417.5
5.453750	1364.8
5.457500	1358.1
5.461250	1426.2
5.465000	1427.9
5.468750	1411.0
5.472500	1447.8
5.476250	1406.8
5.480000	1325.0
5.483750	1348.2
5.487500	1379.9
5.491250	1385.1
5.495000	1344.5
5.498750	1440.7
5.502500	1365.5
5.506250	1398.1
5.510000	1406.9
5.513750	1385.9
5.517500	1330.5
5.521250	1343.2
5.525000	1401.4
5.528750	1473.4
5.532500	1351.3
5.536250	1369.4
5.540000	1382.6
5.543750	1400.1
5.547500	1308.3
5.551250	1452.4
5.555000	1365.9
5.558750	1408.8
5.562500	1397.3
5.566250	1405.6
5.570000	1366.6
5.573750	1345.4
5.577500	1375.4
5.581250	1398.3
5.585000	1346.6
5.588750	1393.0
5.592500	1523.0
5.596250	1348.2
5.600000	1407.4
5.603750	1362.8
5.607500	1373.7
5.611250	1320.5
5.615000	1223.2
5.618750	1436.5
5.622500	1448.5
5.626250	1323.3
5.630000	1424.7
5.633750	1406.9
5.637500	1361.1
5.641250	1292.6
5.645000	1429.4
5.648750	1497.3
5.652500	1433.6
5.656250	1436.7
5.660000	1303.4
5.663750	1373.8
5.667500	1389.1
5.671250	1429.6
5.675000	1540.8
5.678750	1364.8
5.682500	1328.9
5.686250	1428.1
5.690000	1369.9
5.693750	1417.1
5.697500	1425.7
5.701250	1485.2
5.705000	1430.8
5.708750	1411.7
5.712500	1461.6
5.716250	1398.3
5.720000	1402.7
5.723750	1372.6
5.727500	1414.8
5.731250	1435.9
5.735000	1372.1
5.738750	1423.3
5.742500	1338.8
5.746250	1349.5
5.750000	1367.8
5.753750	1326.9
5.757500	1353.8
5.761250	1356.9
5.765000	1331.4
5.768750	1318.3
5.772500	1304.0
5.776250	1316.4
5.780000	1372.3
5.783750	1375.6
5.787500	1379.7
5.791250	1379.5
5.795000	1407.3
5.798750	1308.4
5.802500	1355.6
5.806250	1379.3
5.810000	1345.2
5.813750	1322.6
5.817500	1362.5
5.821250	1325.2
5.825000	1326.2
5.828750	1290.2
5.832500	1405.9
5.836250	1332.2
5.840000	1321.4
5.843750	1429.9
5.847500	1358.9
5.851250	1333.8
5.855000	1344.5
5.858750	1364.9
5.862500	1311.5
5.866250	1354.6
5.870000	1346.1
5.873750	1374.7
5.877500	1330.6
5.881250	1317.2
5.885000	1302.4
5.888750	1399.4
5.892500	1354.8
5.896250	1366.5
5.900000	1319.1
5.903750	1371.4
5.907500	1400.1
5.911250	1299.2
5.915000	1310.8
5.918750	1368.0
5.922500	1326.5
5.926250	1340.6
5.930000	1395.2
5.933750	1384.3
5.937500	1295.1
5.941250	1386.7
5.945000	1295.4
5.948750	1342.0
5.952500	1384.7
5.956250	1326.0
5.960000	1243.5
5.963750	1320.2
5.967500	1327.9
5.971250	1353.5
5.975000	1301.9
5.978750	1307.8
5.982500	1332.6
5.986250	1262.7
5.990000	1260.6
5.993750	1293.2
5.997500	1303.9
6.001250	1374.3
6.005000	1338.9
6.008750	1432.7
6.012500	1387.9
6.016250	1290.7
6.020000	1393.2
6.023750	1346.5
6.027500	1375.6
6.031250	1382.6
6.035000	1300.4
6.038750	1359.6
6.042500	1380.8
6.046250	1360.9
6.050000	1320.3
6.053750	1317.3
6.057500	1254.1
6.061250	1310.2
6.065000	1384.1
6.068750	1302.1
6.072500	1294.8
6.076250	1316.0
6.080000	1360.2
6.083750	1292.4
6.087500	1253.2
6.091250	1334.9
6.095000	1353.5
6.098750	1317.7
6.102500	1330.0
6.106250	1378.8
6.110000	1395.0
6.113750	1311.5
6.117500	1289.5
6.121250	1319.0
6.125000	1303.1
6.128750	1337.6
6.132500	1385.5
6.136250	1388.1
6.140000	1318.7
6.143750	1294.0
6.147500	1318.6
6.151250	1306.7
6.155000	1296.7
6.158750	1284.1
6.162500	1276.5
6.166250	1251.5
6.170000	1342.3
6.173750	1348.4
6.177500	1355.4
6.181250	1319.2
6.185000	1300.3
6.188750	1341.8
6.192500	1245.9
6.196250	1280.2
6.200000	1295.5
6.203750	1339.3
6.207500	1354.7
6.211250	1365.1
6.215000	1316.8
6.218750	1260.4
6.222500	1311.0
6.226250	1303.8
6.230000	1309.0
6.233750	1297.8
6.237500	1251.8
6.241250	1332.6
6.245000	1314.2
6.248750	1336.1
6.252500	1335.7
6.256250	1335.4
6.260000	1336.8
6.263750	1233.7
6.267500	1243.1
6.271250	1307.7
6.275000	1340.4
6.278750	1315.7
6.282500	1320.9
6.286250	1309.9
6.290000	1258.9
6.293750	1321.2
6.297500	1261.9
6.301250	1313.7
6.305000	1264.1
6.308750	1297.4
6.312500	1334.6
6.316250	1323.1
6.320000	1249.0
6.323750	1328.9
6.327500	1308.9
6.331250	1309.6
6.335000	1269.2
6.338750	1316.8
6.342500	1322.5
6.346250	1319.6
6.350000	1243.1
6.353750	1308.1
6.357500	1316.2
6.361250	1291.4
6.365000	1359.9
6.368750	1285.2
6.372500	1263.8
6.376250	1276.1
6.380000	1310.5
6.383750	1286.7
6.387500	1258.1
6.391250	1191.8
6.395000	1218.3
6.398750	1257.7
6.402500	1261.9
6.406250	1280.9
6.410000	1300.2
6.413750	1305.6
6.417500	1266.1
6.421250	1217.1
6.425000	1264.8
6.428750	1254.4
6.432500	1266.6
6.436250	1275.9
6.440000	1312.2
6.443750	1222.3
6.447500	1336.9
6.451250	1263.2
6.455000	1227.6
6.458750	1268.8
6.462500	1257.7
6.466250	1313.2
6.470000	1338.3
6.473750	1331.8
6.477500	1311.0
6.481250	1273.0
6.485000	1315.3
6.488750	1250.0
6.492500	1225.8
6.496250	1239.4
6.500000	1286.9
6.503750	1272.9
6.507500	1243.4
6.511250	1271.1
6.515000	1358.8
6.518750	1268.4
6.522500	1247.8
6.526250	1216.7
6.530000	1233.7
6.533750	1258.3
6.537500	1278.5
6.541250	1222.5
6.545000	1271.1
6.548750	1294.3
6.552500	1328.4
6.556250	1295.1
6.560000	1234.2
6.563750	1240.5
6.567500	1280.9
6.571250	1272.0
6.575000	1293.2
6.578750	1307.7
6.582500	1250.2
6.586250	1208.8
6.590000	1274.0
6.593750	1309.9
6.597500	1291.6
6.601250	1280.9
6.605000	1335.4
6.608750	1225.5
6.612500	1288.3
6.616250	1258.3
6.620000	1277.7
6.623750	1234.2
6.627500	1237.6
6.631250	1240.0
6.635000	1305.3
6.638750	1284.9
6.642500	1342.9
6.646250	1316.4
6.650000	1301.8
6.653750	1246.9
6.657500	1342.4
6.661250	1322.2
6.665000	1327.3
6.668750	1244.2
6.672500	1315.7
6.676250	1294.0
6.680000	1267.6
6.683750	1312.2
6.687500	1250.2
6.691250	1296.5
6.695000	1246.8
6.698750	1332.8
6.702500	1257.2
6.706250	1275.8
6.710000	1317.7
6.713750	1312.2
6.717500	1337.6
6.721250	1298.8
6.725000	1276.0
6.728750	1241.8
6.732500	1303.8
6.736250	1279.1
6.740000	1252.9
6.743750	1214.3
6.747500	1250.0
6.751250	1280.2
6.755000	1319.9
6.758750	1303.6
6.762500	1278.4
6.766250	1287.2
6.770000	1332.5
6.773750	1248.7
6.777500	1336.9
6.781250	1313.6
6.785000	1306.6
6.788750	1232.7
6.792500	1259.2
6.796250	1267.0
6.800000	1268.5
6.803750	1289.5
6.807500	1276.7
6.811250	1291.5
6.815000	1295.7
6.818750	1222.1
6.822500	1254.8
6.826250	1240.7
6.830000	1320.5
6.833750	1339.4
6.837500	1282.2
6.841250	1232.0
6.845000	1295.0
6.848750	1261.4
6.852500	1269.5
6.856250	1237.5
6.860000	1287.1
6.863750	1260.9
6.867500	1258.8
6.871250	1255.0
6.875000	1235.0
6.878750	1219.9
6.882500	1261.8
6.886250	1311.9
6.890000	1234.4
6.893750	1244.9
6.897500	1254.8
6.901250	1281.0
6.905000	1266.5
6.908750	1268.1
6.912500	1297.3
6.916250	1225.9
6.920000	1250.9
6.923750	1229.1
6.927500	1311.7
6.931250	1265.6
6.935000	1122.0
6.938750	1265.7
6.942500	1261.3
6.946250	1260.7
6.950000	1315.1
6.953750	1249.4
6.957500	1253.5
6.961250	1252.9
6.965000	1218.7
6.968750	1250.6
6.972500	1230.7
6.976250	1261.9
6.980000	1214.4
6.983750	1213.8
6.987500	1256.4
6.991250	1208.1
6.995000	1248.0
6.998750	1287.6
7.002500	1223.4
7.006250	1264.9
7.010000	1206.9
7.013750	1249.5
7.017500	1255.5
7.021250	1205.3
7.025000	1302.8
7.028750	1229.9
7.032500	1251.1
7.036250	1272.7
7.040000	1250.4
7.043750	1218.6
7.047500	1277.5
7.051250	1261.3
7.055000	1246.5
7.058750	1243.8
7.062500	1366.9
7.066250	1218.7
7.070000	1243.4
7.073750	1237.8
7.077500	1215.5
7.081250	1255.2
7.085000	1253.3
7.088750	1256.3
7.092500	1256.3
7.096250	1276.0
7.100000	1235.6
7.103750	1252.4
7.107500	1249.4
7.111250	1230.3
7.115000	1289.5
7.118750	1208.9
7.122500	1303.0
7.126250	1274.4
7.130000	1309.9
7.133750	1256.3
7.137500	1275.7
7.141250	1240.3
7.145000	1260.9
7.148750	1258.1
7.152500	1206.7
7.156250	1249.0
7.160000	1289.3
7.163750	1274.1
7.167500	1257.1
7.171250	1268.5
7.175000	1296.4
7.178750	1257.8
7.182500	1238.3
7.186250	1278.9
7.190000	1208.8
7.193750	1268.2
7.197500	1246.6
7.201250	1232.8
7.205000	1237.5
7.208750	1259.2
7.212500	1242.5
7.216250	1299.3
7.220000	1311.9
7.223750	1218.0
7.227500	1258.9
7.231250	1267.0
7.235000	1284.1
7.238750	1260.2
7.242500	1237.1
7.246250	1269.4
7.250000	1305.1
7.253750	1248.4
7.257500	1264.2
7.261250	1264.3
7.265000	1269.9
7.268750	1280.9
7.272500	1275.8
7.276250	1302.1
7.280000	1258.5
7.283750	1236.3
7.287500	1240.4
7.291250	1244.7
7.295000	1277.2
7.298750	1300.0
7.302500	1271.3
7.306250	1226.3
7.310000	1212.1
7.313750	1215.4
7.317500	1209.4
7.321250	1258.7
7.325000	1231.0
7.328750	1191.2
7.332500	1228.7
7.336250	1201.4
7.340000	1268.8
7.343750	1267.9
7.347500	1236.3
7.351250	1228.5
7.355000	1243.7
7.358750	1185.4
7.362500	1229.9
7.366250	1245.2
7.370000	1215.7
7.373750	1236.1
7.377500	1160.2
7.381250	1218.1
7.385000	1308.9
7.388750	1239.2
7.392500	1254.0
7.396250	1207.4
7.400000	1246.1
7.403750	1278.8
7.407500	1248.0
7.411250	1262.6
7.415000	1258.9
7.418750	1255.8
7.422500	1212.7
7.426250	1220.6
7.430000	1262.0
7.433750	1279.3
7.437500	1276.5
7.441250	1214.5
7.445000	1182.4
7.448750	1258.7
7.452500	1227.5
7.456250	1240.3
7.460000	1218.0
7.463750	1248.5
7.467500	1266.2
7.471250	1251.3
7.475000	1287.4
7.478750	1246.0
7.482500	1225.7
7.486250	1244.0
7.490000	1226.6
7.493750	1194.8
7.497500	1187.8
7.501250	1256.5
7.505000	1263.4
7.508750	1288.4
7.512500	1274.2
7.516250	1266.9
7.520000	1204.7
7.523750	1268.3
7.527500	1206.3
7.531250	1182.4
7.535000	1234.0
7.538750	1233.9
7.542500	1241.2
7.546250	1187.1
7.550000	1142.8
7.553750	1260.7
7.557500	1289.1
7.561250	1289.3
7.565000	1215.6
7.568750	1234.9
7.572500	1204.3
7.576250	1245.3
7.580000	1283.7
7.583750	1248.0
7.587500	1213.2
7.591250	1154.9
7.595000	1202.5
7.598750	1230.1
7.602500	1231.7
7.606250	1243.2
7.610000	1164.3
7.613750	1230.0
7.617500	1232.6
7.621250	1221.2
7.625000	1261.6
7.628750	1275.7
7.632500	1250.0
7.636250	1231.1
7.640000	1264.6
7.643750	1228.3
7.647500	1207.1
7.651250	1247.0
7.655000	1250.3
7.658750	1245.7
7.662500	1260.7
7.666250	1252.0
7.670000	1243.5
7.673750	1229.6
7.677500	1262.2
7.681250	1282.9
7.685000	1216.5
7.688750	1257.5
7.692500	1329.0
7.696250	1180.5
7.700000	1210.3
7.703750	1186.1
7.707500	1192.6
7.711250	1192.3
7.715000	1210.3
7.718750	1266.1
7.722500	1254.7
7.726250	1232.9
7.730000	1238.0
7.733750	1254.3
7.737500	1194.1
7.741250	1241.2
7.745000	1250.5
7.748750	1232.1
7.752500	1244.7
7.756250	1263.4
7.760000	1254.4
7.763750	1217.8
7.767500	1237.9
7.771250	1244.3
7.775000	1265.3
7.778750	1182.8
7.782500	1178.8
7.786250	1232.7
7.790000	1229.4
7.793750	1257.9
7.797500	1207.2
7.801250	1255.3
7.805000	1278.8
7.808750	1214.5
7.812500	1194.8
7.816250	1281.9
7.820000	1253.1
7.823750	1226.2
7.827500	1212.9
7.831250	1164.3
7.835000	1154.1
7.838750	1242.2
7.842500	1211.5
7.846250	1274.7
7.850000	1261.0
7.853750	1232.9
7.857500	1185.7
7.861250	1228.7
7.865000	1185.3
7.868750	1216.1
7.872500	1265.6
7.876250	1250.8
7.880000	1260.6
7.883750	1247.6
7.887500	1201.1
7.891250	1298.6
7.895000	1235.5
7.898750	1224.7
7.902500	1221.7
7.906250	1226.2
7.910000	1242.0
7.913750	1267.5
7.917500	1240.7
7.921250	1215.6
7.925000	1264.5
7.928750	1291.8
7.932500	1186.3
7.936250	1220.9
7.940000	1209.8
7.943750	1211.7
7.947500	1221.7
7.951250	1264.9
7.955000	1190.6
7.958750	1286.8
7.962500	1306.9
7.966250	1255.5
7.970000	1247.3
7.973750	1264.8
7.977500	1287.1
7.981250	1306.2
7.985000	1313.3
7.988750	1248.3
7.992500	1187.5
7.996250	1214.5
8.000000	1302.5
8.003750	1320.2
8.007500	1289.6
8.011250	1307.0
8.015000	1311.2
8.018750	1307.7
8.022500	1269.1
8.026250	1267.0
8.030000	1196.6
8.033750	1291.8
8.037500	1221.9
8.041250	1246.1
8.045000	1196.4
8.048750	1229.5
8.052500	1180.5
8.056250	1223.0
8.060000	1206.0
8.063750	1236.5
8.067500	1205.3
8.071250	1265.5
8.075000	1263.4
8.078750	1239.2
8.082500	1280.3
8.086250	1271.4
8.090000	1259.2
8.093750	1190.2
8.097500	1265.3
8.101250	1161.8
8.105000	1255.0
8.108750	1217.4
8.112500	1218.1
8.116250	1219.6
8.120000	1241.9
8.123750	1260.8
8.127500	1177.9
8.131250	1191.7
8.135000	1239.9
8.138750	1201.9
8.142500	1244.0
8.146250	1269.7
8.150000	1267.6
8.153750	1254.8
8.157500	1233.4
8.161250	1226.8
8.165000	1221.1
8.168750	1206.8
8.172500	1199.4
8.176250	1239.2
8.180000	1222.6
8.183750	1232.2
8.187500	1212.9
8.191250	1190.9
8.195000	1135.8
8.198750	1313.4
8.202500	1335.3
8.206250	1263.6
8.210000	1200.3
8.213750	1283.4
8.217500	1212.8
8.221250	1240.6
8.225000	1237.0
8.228750	1258.2
8.232500	1246.2
8.236250	1219.8
8.240000	1202.8
8.243750	1166.4
8.247500	1189.2
8.251250	1255.9
8.255000	1253.1
8.258750	1255.7
8.262500	1202.1
8.266250	1234.6
8.270000	1208.9
8.273750	1301.4
8.277500	1231.9
8.281250	1257.6
8.285000	1258.9
8.288750	1275.8
8.292500	1256.4
8.296250	1233.5
8.300000	1260.8
8.303750	1222.4
8.307500	1253.9
8.311250	1235.2
8.315000	1255.5
8.318750	1228.8
8.322500	1312.8
8.326250	1258.8
8.330000	1203.6
8.333750	1307.3
8.337500	1242.4
8.341250	1280.1
8.345000	1217.5
8.348750	1195.8
8.352500	1224.0
8.356250	1337.7
8.360000	1263.7
8.363750	1269.7
8.367500	1249.3
8.371250	1242.2
8.375000	1257.3
8.378750	1197.9
8.382500	1179.8
8.386250	1258.6
8.390000	1271.6
8.393750	1172.5
8.397500	1204.0
8.401250	1258.5
8.405000	1231.5
8.408750	1213.8
8.412500	1223.0
8.416250	1267.8
8.420000	1219.3
8.423750	1276.2
8.427500	1230.8
8.431250	1300.9
8.435000	1229.6
8.438750	1288.3
8.442500	1242.6
8.446250	1285.3
8.450000	1194.2
8.453750	1252.8
8.457500	1208.4
8.461250	1211.9
8.465000	1305.2
8.468750	1240.0
8.472500	1276.1
8.476250	1230.7
8.480000	1210.9
8.483750	1230.5
8.487500	1255.3
8.491250	1297.9
8.495000	1281.1
8.498750	1264.0
8.502500	1246.3
8.506250	1209.5
8.510000	1242.0
8.513750	1221.8
8.517500	1271.6
8.521250	1273.6
8.525000	1267.1
8.528750	1221.7
8.532500	1307.5
8.536250	1275.8
8.540000	1233.8
8.543750	1291.1
8.547500	1290.0
8.551250	1283.1
8.555000	1291.3
8.558750	1270.3
8.562500	1250.4
8.566250	1276.8
8.570000	1298.8
8.573750	1253.0
8.577500	1302.1
8.581250	1267.9
8.585000	1380.2
8.588750	1324.9
8.592500	1208.9
8.596250	1292.3
8.600000	1344.5
8.603750	1261.7
8.607500	1205.1
8.611250	1323.6
8.615000	1258.2
8.618750	1298.8
8.622500	1278.6
8.626250	1276.5
8.630000	1312.1
8.633750	1298.7
8.637500	1299.2
8.641250	1241.0
8.645000	1290.6
8.648750	1297.1
8.652500	1250.1
8.656250	1272.7
8.660000	1271.4
8.663750	1292.1
8.667500	1338.7
8.671250	1189.1
8.675000	1247.4
8.678750	1329.2
8.682500	1329.5
8.686250	1305.3
8.690000	1314.5
8.693750	1306.2
8.697500	1305.4
8.701250	1325.2
8.705000	1332.7
8.708750	1350.9
8.712500	1309.2
8.716250	1345.0
8.720000	1372.6
8.723750	1346.5
8.727500	1267.1
8.731250	1279.8
8.735000	1365.6
8.738750	1342.0
8.742500	1319.7
8.746250	1351.6
8.750000	1400.4
8.753750	1378.7
8.757500	1336.4
8.761250	1352.9
8.765000	1359.7
8.768750	1350.6
8.772500	1400.9
8.776250	1361.3
8.780000	1390.0
8.783750	1401.0
8.787500	1412.9
8.791250	1343.5
8.795000	1413.2
8.798750	1357.8
8.802500	1340.8
8.806250	1398.4
8.810000	1391.0
8.813750	1369.3
8.817500	1413.1
8.821250	1386.8
8.825000	1406.8
8.828750	1444.2
8.832500	1413.0
8.836250	1436.6
8.840000	1442.3
8.843750	1438.5
8.847500	1586.3
8.851250	1433.2
8.855000	1491.8
8.858750	1531.6
8.862500	1565.4
8.866250	1514.5
8.870000	1511.1
8.873750	1561.0
8.877500	1567.7
8.881250	1638.1
8.885000	1560.3
8.888750	1593.6
8.892500	1606.0
8.896250	1726.7
8.900000	1739.7
8.903750	1736.9
8.907500	1678.5
8.911250	1693.7
8.915000	1798.4
8.918750	1792.3
8.922500	1849.1
8.926250	1975.5
8.930000	1970.5
8.933750	2001.8
8.937500	2016.9
8.941250	2044.7
8.945000	2193.8
8.948750	2087.0
8.952500	2127.1
8.956250	2405.6
8.960000	2389.8
8.963750	2505.0
8.967500	2622.4
8.971250	2676.3
8.975000	2938.5
8.978750	3082.8
8.982500	3199.5
8.986250	3345.4
8.990000	3697.6
8.993750	3926.8
8.997500	4108.4
9.001250	4186.6
9.005000	4501.2
9.008750	4796.2
9.012500	4900.2
9.016250	5045.2
9.020000	5396.6
9.023750	5649.9
9.027500	5790.6
9.031250	5838.8
9.035000	5962.3
9.038750	5968.1
9.042500	5855.1
9.046250	6171.5
9.050000	6117.4
9.053750	5917.6
9.057500	6022.8
9.061250	5870.0
9.065000	5909.7
9.068750	5797.0
9.072500	5693.4
9.076250	5647.4
9.080000	5705.8
9.083750	5548.8
9.087500	5427.0
9.091250	5353.1
9.095000	5222.5
9.098750	5144.5
9.102500	5059.6
9.106250	4707.5
9.110000	4627.3
9.113750	4455.9
9.117500	4399.5
9.121250	4315.3
9.125000	4123.8
9.128750	3852.3
9.132500	3828.6
9.136250	3672.7
9.140000	3494.5
9.143750	3408.6
9.147500	3362.2
9.151250	3145.2
9.155000	3068.3
9.158750	3032.0
9.162500	2889.5
9.166250	2701.2
9.170000	2562.7
9.173750	2548.4
9.177500	2443.6
9.181250	2351.8
9.185000	2383.0
9.188750	2228.1
9.192500	2233.6
9.196250	2091.3
9.200000	2103.3
9.203750	2033.1
9.207500	2032.9
9.211250	1892.2
9.215000	1912.5
9.218750	1835.2
9.222500	1807.8
9.226250	1891.7
9.230000	1786.1
9.233750	1807.2
9.237500	1780.2
9.241250	1709.2
9.245000	1673.2
9.248750	1686.1
9.252500	1702.9
9.256250	1645.5
9.260000	1532.7
9.263750	1585.3
9.267500	1642.2
9.271250	1571.4
9.275000	1620.2
9.278750	1576.2
9.282500	1565.4
9.286250	1528.7
9.290000	1535.2
9.293750	1474.6
9.297500	1457.7
9.301250	1504.4
9.305000	1511.4
9.308750	1452.6
9.312500	1496.8
9.316250	1496.0
9.320000	1469.5
9.323750	1467.3
9.327500	1529.6
9.331250	1401.7
9.335000	1391.6
9.338750	1460.7
9.342500	1448.1
9.346250	1398.5
9.350000	1470.9
9.353750	1386.6
9.357500	1335.5
9.361250	1432.1
9.365000	1392.5
9.368750	1354.4
9.372500	1357.5
9.376250	1318.0
9.380000	1409.4
9.383750	1402.6
9.387500	1326.5
9.391250	1354.7
9.395000	1351.7
9.398750	1379.7
9.402500	1434.0
9.406250	1295.0
9.410000	1306.8
9.413750	1353.5
9.417500	1387.7
9.421250	1375.2
9.425000	1359.0
9.428750	1323.5
9.432500	1300.4
9.436250	1370.2
9.440000	1304.6
9.443750	1353.3
9.447500	1377.5
9.451250	1323.9
9.455000	1314.0
9.458750	1327.1
9.462500	1344.8
9.466250	1335.5
9.470000	1308.7
9.473750	1238.5
9.477500	1333.5
9.481250	1249.1
9.485000	1296.9
9.488750	1310.7
9.492500	1355.9
9.496250	1371.8
9.500000	1311.4
9.503750	1243.0
9.507500	1335.0
9.511250	1355.8
9.515000	1212.3
9.518750	1256.2
9.522500	1288.4
9.526250	1249.5
9.530000	1317.2
9.533750	1248.7
9.537500	1308.0
9.541250	1298.7
9.545000	1301.2
9.548750	1282.0
9.552500	1309.8
9.556250	1319.9
9.560000	1295.6
9.563750	1242.6
9.567500	1288.9
9.571250	1285.1
9.575000	1293.9
9.578750	1299.2
9.582500	1289.8
9.586250	1314.3
9.590000	1275.3
9.593750	1323.9
9.597500	1275.7
9.601250	1292.8
9.605000	1337.6
9.608750	1353.7
9.612500	1265.6
9.616250	1254.4
9.620000	1313.3
9.623750	1258.4
9.627500	1312.3
9.631250	1311.7
9.635000	1331.1
9.638750	1311.9
9.642500	1231.3
9.646250	1263.2
9.650000	1264.5
9.653750	1316.3
9.657500	1272.8
9.661250	1304.4
9.665000	1252.9
9.668750	1257.8
9.672500	1229.1
9.676250	1275.9
9.680000	1249.2
9.683750	1269.8
9.687500	1309.4
9.691250	1291.3
9.695000	1309.0
9.698750	1248.1
9.702500	1245.7
9.706250	1312.5
9.710000	1304.1
9.713750	1327.9
9.717500	1322.0
9.721250	1269.8
9.725000	1273.2
9.728750	1290.2
9.732500	1266.5
9.736250	1214.0
9.740000	1265.9
9.743750	1286.4
9.747500	1337.9
9.751250	1307.5
9.755000	1288.8
9.758750	1205.8
9.762500	1218.5
9.766250	1241.7
9.770000	1231.0
9.773750	1222.4
9.777500	1298.4
9.781250	1244.5
9.785000	1335.5
9.788750	1297.0
9.792500	1372.1
9.796250	1283.6
9.800000	1267.0
9.803750	1273.7
9.807500	1301.4
9.811250	1275.7
9.815000	1269.1
9.818750	1309.5
9.822500	1298.4
9.826250	1228.7
9.830000	1261.9
9.833750	1331.6
9.837500	1317.9
9.841250	1230.0
9.845000	1342.6
9.848750	1246.3
9.852500	1268.5
9.856250	1236.5
9.860000	1337.3
9.863750	1321.2
9.867500	1233.6
9.871250	1328.0
9.875000	1271.3
9.878750	1245.0
9.882500	1308.3
9.886250	1205.0
9.890000	1207.1
9.893750	1223.0
9.897500	1328.5
9.901250	1249.4
9.905000	1313.1
9.908750	1244.0
9.912500	1197.0
9.916250	1259.9
9.920000	1247.6
9.923750	1244.0
9.927500	1347.5
9.931250	1291.2
9.935000	1278.5
9.938750	1247.2
9.942500	1287.7
9.946250	1268.7
9.950000	1252.3
9.953750	1332.9
9.957500	1264.3
9.961250	1249.8
9.965000	1288.2
9.968750	1194.7
9.972500	1261.3
9.976250	1285.8
9.980000	1229.8
9.983750	1264.3
9.987500	1288.4
9.991250	1300.3
9.995000	1261.5
9.998750	1252.1
10.002500	1309.7
10.006250	1317.6
10.010000	1347.5
10.013750	1318.5
10.017500	1278.3
10.021250	1276.2
10.025000	1313.9
10.028750	1252.2
10.032500	1312.6
10.036250	1300.1
10.040000	1279.3
10.043750	1298.5
10.047500	1306.9
10.051250	1315.4
10.055000	1308.9
10.058750	1307.0
10.062500	1332.7
10.066250	1311.6
10.070000	1280.0
10.073750	1304.4
10.077500	1294.5
10.081250	1294.0
10.085000	1355.7
10.088750	1360.4
10.092500	1394.3
10.096250	1338.3
10.100000	1341.8
10.103750	1375.0
10.107500	1429.1
10.111250	1399.2
10.115000	1307.1
10.118750	1252.0
10.122500	1334.7
10.126250	1261.7
10.130000	1350.8
10.133750	1327.3
10.137500	1253.7
10.141250	1323.7
10.145000	1325.4
10.148750	1349.4
10.152500	1285.2
10.156250	1321.4
10.160000	1300.7
10.163750	1303.5
10.167500	1214.5
10.171250	1301.3
10.175000	1322.5
10.178750	1232.8
10.182500	1271.0
10.186250	1281.7
10.190000	1336.6
10.193750	1333.1
10.197500	1324.3
10.201250	1329.9
10.205000	1297.9
10.208750	1358.9
10.212500	1379.5
10.216250	1312.3
10.220000	1388.9
10.223750	1402.6
10.227500	1480.6
10.231250	1557.4
10.235000	1721.7
10.238750	1961.9
10.242500	2259.7
10.246250	2538.8
10.250000	2741.1
10.253750	2987.9
10.257500	3025.8
10.261250	2791.1
10.265000	2519.7
10.268750	2142.0
10.272500	1904.5
10.276250	1658.1
10.280000	1555.3
10.283750	1417.4
10.287500	1452.6
10.291250	1351.2
10.295000	1371.7
10.298750	1360.8
10.302500	1308.8
10.306250	1371.1
10.310000	1318.1
10.313750	1333.6
10.317500	1347.9
10.321250	1294.7
10.325000	1331.7
10.328750	1320.1
10.332500	1265.4
10.336250	1327.0
10.340000	1226.5
10.343750	1320.9
10.347500	1366.0
10.351250	1340.9
10.355000	1266.9
10.358750	1293.4
10.362500	1321.8
10.366250	1298.3
10.370000	1317.1
10.373750	1266.2
10.377500	1326.1
10.381250	1272.4
10.385000	1339.8
10.388750	1327.6
10.392500	1321.8
10.396250	1224.0
10.400000	1309.1
10.403750	1288.4
10.407500	1321.8
10.411250	1328.1
10.415000	1310.1
10.418750	1322.6
10.422500	1348.1
10.426250	1297.7
10.430000	1301.4
10.433750	1314.0
10.437500	1273.0
10.441250	1285.5
10.445000	1356.0
10.448750	1309.8
10.452500	1319.6
10.456250	1297.0
10.460000	1343.9
10.463750	1310.1
10.467500	1374.3
10.471250	1318.6
10.475000	1315.1
10.478750	1321.3
10.482500	1323.9
10.486250	1370.9
10.490000	1325.0
10.493750	1288.6
10.497500	1349.2
10.501250	1231.5
10.505000	1208.6
10.508750	1244.3
10.512500	1214.0
10.516250	1317.1
10.520000	1252.7
10.523750	1274.6
10.527500	1310.5
10.531250	1360.4
10.535000	1303.7
10.538750	1290.4
10.542500	1362.8
10.546250	1258.6
10.550000	1255.3
10.553750	1369.7
10.557500	1342.9
10.561250	1238.7
10.565000	1333.6
10.568750	1395.3
10.572500	1276.8
10.576250	1234.7
10.580000	1331.3
10.583750	1392.4
10.587500	1317.9
10.591250	1306.5
10.595000	1352.6
10.598750	1256.5
10.602500	1230.1
10.606250	1340.8
10.610000	1305.4
10.613750	1288.3
10.617500	1210.0
10.621250	1322.2
10.625000	1260.7
10.628750	1324.1
10.632500	1368.6
10.636250	1304.6
10.640000	1333.4
10.643750	1378.7
10.647500	1303.1
10.651250	1355.3
10.655000	1338.6
10.658750	1340.2
10.662500	1334.7
10.666250	1283.6
10.670000	1316.1
10.673750	1375.4
10.677500	1307.4
10.681250	1325.6
10.685000	1345.9
10.688750	1296.1
10.692500	1393.9
10.696250	1326.8
10.700000	1314.6
10.703750	1310.4
10.707500	1358.5
10.711250	1362.8
10.715000	1261.0
10.718750	1358.8
10.722500	1354.9
10.726250	1325.2
10.730000	1374.7
10.733750	1303.6
10.737500	1372.6
10.741250	1312.3
10.745000	1300.7
10.748750	1340.2
10.752500	1305.7
10.756250	1315.9
10.760000	1342.6
10.763750	1349.3
10.767500	1312.5
10.771250	1328.1
10.775000	1303.2
10.778750	1416.5
10.782500	1279.5
10.786250	1349.6
10.790000	1355.1
10.793750	1325.3
10.797500	1322.7
10.801250	1397.9
10.805000	1321.8
10.808750	1280.2
10.812500	1294.0
10.816250	1371.8
10.820000	1359.7
10.823750	1409.2
10.827500	1334.3
10.831250	1318.9
10.835000	1330.8
10.838750	1359.1
10.842500	1387.3
10.846250	1372.8
10.850000	1314.9
10.853750	1283.6
10.857500	1343.6
10.861250	1320.6
10.865000	1274.1
10.868750	1269.8
10.872500	1359.6
10.876250	1326.8
10.880000	1347.1
10.883750	1355.1
10.887500	1283.5
10.891250	1326.6
10.895000	1312.7
10.898750	1352.5
10.902500	1331.0
10.906250	1277.3
10.910000	1300.3
10.913750	1279.5
10.917500	1314.3
10.921250	1331.3
10.925000	1343.6
10.928750	1306.4
10.932500	1354.5
10.936250	1347.5
10.940000	1277.7
10.943750	1330.0
10.947500	1343.5
10.951250	1330.1
10.955000	1357.3
10.958750	1415.0
10.962500	1352.6
10.966250	1333.8
10.970000	1317.3
10.973750	1298.1
10.977500	1304.9
10.981250	1378.2
10.985000	1313.7
10.988750	1400.7
10.992500	1351.1
10.996250	1322.7
11.000000	1361.3
11.003750	1326.6
11.007500	1418.9
11.011250	1436.4
11.015000	1408.6
11.018750	1341.2
11.022500	1317.6
11.026250	1344.5
11.030000	1408.7
11.033750	1354.3
11.037500	1347.7
11.041250	1373.0
11.045000	1309.6
11.048750	1377.2
11.052500	1356.5
11.056250	1305.7
11.060000	1342.0
11.063750	1314.2
11.067500	1388.9
11.071250	1377.5
11.075000	1270.3
11.078750	1242.5
11.082500	1286.8
11.086250	1277.6
11.090000	1374.3
11.093750	1354.7
11.097500	1409.5
11.101250	1297.9
11.105000	1291.3
11.108750	1393.1
11.112500	1413.7
11.116250	1430.7
11.120000	1325.1
11.123750	1362.5
11.127500	1501.1
11.131250	1481.1
11.135000	1441.2
11.138750	1354.6
11.142500	1346.8
11.146250	1292.2
11.150000	1369.7
11.153750	1384.5
11.157500	1401.2
11.161250	1331.5
11.165000	1325.1
11.168750	1349.3
11.172500	1412.2
11.176250	1298.2
11.180000	1383.3
11.183750	1391.8
11.187500	1315.1
11.191250	1347.5
11.195000	1386.1
11.198750	1324.4
11.202500	1339.3
11.206250	1355.8
11.210000	1338.0
11.213750	1365.3
11.217500	1398.4
11.221250	1394.2
11.225000	1376.5
11.228750	1387.2
11.232500	1378.4
11.236250	1333.9
11.240000	1425.9
11.243750	1352.3
11.247500	1386.7
11.251250	1394.3
11.255000	1379.1
11.258750	1358.1
11.262500	1342.8
11.266250	1355.0
11.270000	1359.1
11.273750	1372.5
11.277500	1390.6
11.281250	1419.7
11.285000	1329.6
11.288750	1311.6
11.292500	1376.0
11.296250	1404.8
11.300000	1320.0
11.303750	1330.4
11.307500	1339.7
11.311250	1396.6
11.315000	1404.9
11.318750	1367.5
11.322500	1397.3
11.326250	1412.6
11.330000	1384.2
11.333750	1354.7
11.337500	1360.1
11.341250	1336.9
11.345000	1372.4
11.348750	1349.4
11.352500	1417.9
11.356250	1399.3
11.360000	1409.4
11.363750	1456.8
11.367500	1405.9
11.371250	1303.3
11.375000	1353.5
11.378750	1380.9
11.382500	1362.3
11.386250	1323.9
11.390000	1427.8
11.393750	1428.0
11.397500	1376.2
11.401250	1356.1
11.405000	1380.9
11.408750	1389.8
11.412500	1408.0
11.416250	1382.1
11.420000	1414.6
11.423750	1401.9
11.427500	1363.9
11.431250	1376.7
11.435000	1369.6
11.438750	1343.0
11.442500	1384.4
11.446250	1420.3
11.450000	1380.8
11.453750	1391.2
11.457500	1383.5
11.461250	1357.4
11.465000	1436.2
11.468750	1428.6
11.472500	1427.0
11.476250	1447.6
11.480000	1389.5
11.483750	1333.9
11.487500	1442.3
11.491250	1372.3
11.495000	1375.2
11.498750	1475.8
11.502500	1454.3
11.506250	1397.3
11.510000	1447.4
11.513750	1498.1
11.517500	1353.8
11.521250	1406.0
11.525000	1396.1
11.528750	1333.7
11.532500	1361.8
11.536250	1429.1
11.540000	1368.2
11.543750	1390.8
11.547500	1415.1
11.551250	1437.9
11.555000	1436.6
11.558750	1456.8
11.562500	1372.2
11.566250	1360.6
11.570000	1407.5
11.573750	1384.7
11.577500	1390.0
11.581250	1404.3
11.585000	1403.8
11.588750	1392.6
11.592500	1369.8
11.596250	1392.3
11.600000	1432.9
11.603750	1474.0
11.607500	1403.2
11.611250	1379.7
11.615000	1455.4
11.618750	1457.0
11.622500	1459.4
11.626250	1398.1
11.630000	1424.0
11.633750	1381.8
11.637500	1414.9
11.641250	1398.1
11.645000	1361.3
11.648750	1446.2
11.652500	1487.0
11.656250	1441.4
11.660000	1350.4
11.663750	1467.4
11.667500	1432.7
11.671250	1462.4
11.675000	1414.5
11.678750	1357.9
11.682500	1436.8
11.686250	1390.1
11.690000	1471.1
11.693750	1457.9
11.697500	1421.5
11.701250	1445.8
11.705000	1490.1
11.708750	1422.6
11.712500	1529.2
11.716250	1528.2
11.720000	1390.4
11.723750	1492.3
11.727500	1458.2
11.731250	1400.7
11.735000	1449.0
11.738750	1424.1
11.742500	1422.2
11.746250	1402.5
11.750000	1443.0
11.753750	1437.0
11.757500	1386.2
11.761250	1514.7
11.765000	1478.6
11.768750	1443.9
11.772500	1437.8
11.776250	1395.5
11.780000	1458.5
11.783750	1362.0
11.787500	1395.6
11.791250	1439.4
11.795000	1465.7
11.798750	1467.4
11.802500	1486.6
11.806250	1449.9
11.810000	1427.4
11.813750	1439.8
11.817500	1442.3
11.821250	1477.9
11.825000	1582.5
11.828750	1632.4
11.832500	1679.6
11.836250	1651.6
11.840000	1689.2
11.843750	1747.9
11.847500	1719.8
11.851250	1680.3
11.855000	1639.8
11.858750	1619.6
11.862500	1622.4
11.866250	1505.5
11.870000	1399.8
11.873750	1399.6
11.877500	1500.2
11.881250	1479.9
11.885000	1459.7
11.888750	1491.2
11.892500	1454.3
11.896250	1445.8
11.900000	1494.7
11.903750	1463.2
11.907500	1460.1
11.911250	1473.5
11.915000	1464.3
11.918750	1470.5
11.922500	1455.6
11.926250	1427.5
11.930000	1487.4
11.933750	1449.1
11.937500	1416.9
11.941250	1444.8
11.945000	1486.8
11.948750	1407.9
11.952500	1391.7
11.956250	1465.9
11.960000	1499.7
11.963750	1465.9
11.967500	1423.5
11.971250	1522.8
11.975000	1519.1
11.978750	1457.5
11.982500	1410.6
11.986250	1464.0
11.990000	1479.9
11.993750	1453.1
11.997500	1474.6
12.001250	1468.7
12.005000	1501.9
12.008750	1487.7
12.012500	1499.4
12.016250	1490.0
12.020000	1489.4
12.023750	1477.1
12.027500	1402.4
12.031250	1455.0
12.035000	1503.1
12.038750	1494.1
12.042500	1493.0
12.046250	1534.6
12.050000	1521.4
12.053750	1546.5
12.057500	1438.5
12.061250	1460.3
12.065000	1432.3
12.068750	1447.7
12.072500	1477.7
12.076250	1499.7
12.080000	1429.7
12.083750	1504.4
12.087500	1453.9
12.091250	1524.2
12.095000	1543.0
12.098750	1503.4
12.102500	1491.1
12.106250	1545.8
12.110000	1512.7
12.113750	1489.5
12.117500	1472.1
12.121250	1503.0
12.125000	1556.5
12.128750	1460.9
12.132500	1505.7
12.136250	1415.0
12.140000	1549.1
12.143750	1478.7
12.147500	1460.5
12.151250	1535.7
12.155000	1549.3
12.158750	1503.2
12.162500	1501.2
12.166250	1477.6
12.170000	1504.7
12.173750	1534.0
12.177500	1498.2
12.181250	1568.5
12.185000	1504.3
12.188750	1527.6
12.192500	1555.8
12.196250	1478.4
12.200000	1489.6
12.203750	1574.4
12.207500	1561.9
12.211250	1481.6
12.215000	1524.0
12.218750	1515.8
12.222500	1504.4
12.226250	1431.2
12.230000	1428.6
12.233750	1548.5
12.237500	1507.0
12.241250	1431.6
12.245000	1517.1
12.248750	1505.7
12.252500	1443.7
12.256250	1467.2
12.260000	1570.2
12.263750	1485.8
12.267500	1469.5
12.271250	1479.5
12.275000	1490.3
12.278750	1544.6
12.282500	1530.2
12.286250	1544.6
12.290000	1533.1
12.293750	1482.3
12.297500	1457.3
12.301250	1469.7
12.305000	1517.0
12.308750	1494.4
12.312500	1588.4
12.316250	1514.2
12.320000	1511.9
12.323750	1541.0
12.327500	1508.5
12.331250	1541.5
12.335000	1485.2
12.338750	1566.8
12.342500	1558.5
12.346250	1553.0
12.350000	1544.7
12.353750	1545.4
12.357500	1511.9
12.361250	1625.5
12.365000	1536.0
12.368750	1551.0
12.372500	1502.3
12.376250	1498.8
12.380000	1459.8
12.383750	1474.4
12.387500	1508.8
12.391250	1496.6
12.395000	1562.4
12.398750	1492.1
12.402500	1457.3
12.406250	1589.4
12.410000	1561.8
12.413750	1518.1
12.417500	1481.1
12.421250	1525.3
12.425000	1533.1
12.428750	1545.8
12.432500	1536.4
12.436250	1557.7
12.440000	1494.6
12.443750	1491.7
12.447500	1525.8
12.451250	1471.7
12.455000	1596.8
12.458750	1566.2
12.462500	1519.8
12.466250	1536.7
12.470000	1528.3
12.473750	1544.2
12.477500	1485.7
12.481250	1527.4
12.485000	1563.5
12.488750	1493.9
12.492500	1510.0
12.496250	1554.4
12.500000	1546.7
12.503750	1559.0
12.507500	1553.8
12.511250	1564.5
12.515000	1533.6
12.518750	1540.1
12.522500	1441.0
12.526250	1454.9
12.530000	1563.4
12.533750	1538.1
12.537500	1484.5
12.541250	1534.0
12.545000	1500.2
12.548750	1564.2
12.552500	1538.8
12.556250	1549.2
12.560000	1506.0
12.563750	1564.6
12.567500	1589.0
12.571250	1572.4
12.575000	1513.7
12.578750	1580.0
12.582500	1536.3
12.586250	1555.6
12.590000	1570.1
12.593750	1520.5
12.597500	1606.2
12.601250	1624.3
12.605000	1452.9
12.608750	1515.4
12.612500	1574.3
12.616250	1529.3
12.620000	1543.5
12.623750	1602.6
12.627500	1575.5
12.631250	1591.7
12.635000	1607.7
12.638750	1596.7
12.642500	1555.2
12.646250	1579.9
12.650000	1546.3
12.653750	1504.7
12.657500	1557.4
12.661250	1561.2
12.665000	1589.0
12.668750	1661.7
12.672500	1564.0
12.676250	1605.8
12.680000	1572.3
12.683750	1568.6
12.687500	1619.4
12.691250	1549.8
12.695000	1608.0
12.698750	1586.4
12.702500	1653.7
12.706250	1624.7
12.710000	1598.6
12.713750	1649.4
12.717500	1627.9
12.721250	1602.8
12.725000	1690.2
12.728750	1626.0
12.732500	1617.2
12.736250	1608.3
12.740000	1631.7
12.743750	1636.2
12.747500	1663.8
12.751250	1651.9
12.755000	1743.3
12.758750	1832.1
12.762500	1735.4
12.766250	1698.8
12.770000	1729.7
12.773750	1756.4
12.777500	1786.4
12.781250	1766.9
12.785000	1794.8
12.788750	1834.5
12.792500	1848.4
12.796250	1860.7
12.800000	1852.1
12.803750	1880.7
12.807500	1871.5
12.811250	1839.4
12.815000	1906.3
12.818750	1932.2
12.822500	1888.9
12.826250	1964.5
12.830000	1946.1
12.833750	2011.9
12.837500	2005.0
12.841250	2021.4
12.845000	1993.7
12.848750	2034.0
12.852500	2047.1
12.856250	2049.7
12.860000	2062.7
12.863750	2076.7
12.867500	2095.9
12.871250	2012.6
12.875000	2009.3
12.878750	2031.0
12.882500	2063.4
12.886250	2017.4
12.890000	1971.3
12.893750	2004.1
12.897500	1968.7
12.901250	1988.1
12.905000	2035.3
12.908750	1967.4
12.912500	1976.3
12.916250	1944.7
12.920000	1972.6
12.923750	1943.5
12.927500	1932.7
12.931250	1884.3
12.935000	1774.9
12.938750	1874.7
12.942500	1859.0
12.946250	1826.7
12.950000	1737.1
12.953750	1770.0
12.957500	1770.8
12.961250	1776.1
12.965000	1758.3
12.968750	1744.6
12.972500	1775.3
12.976250	1691.2
12.980000	1646.6
12.983750	1730.4
12.987500	1652.9
12.991250	1639.8
12.995000	1684.7
12.998750	1631.5
13.002500	1742.9
13.006250	1649.8
13.010000	1597.2
13.013750	1670.5
13.017500	1631.0
13.021250	1602.6
13.025000	1620.5
13.028750	1644.1
13.032500	1686.2
13.036250	1740.0
13.040000	1679.5
13.043750	1575.9
13.047500	1626.0
13.051250	1603.5
13.055000	1668.4
13.058750	1696.4
13.062500	1669.1
13.066250	1667.9
13.070000	1671.9
13.073750	1621.8
13.077500	1561.3
13.081250	1672.6
13.085000	1621.8
13.088750	1636.7
13.092500	1633.2
13.096250	1571.7
13.100000	1592.3
13.103750	1583.8
13.107500	1579.9
13.111250	1682.5
13.115000	1657.6
13.118750	1649.7
13.122500	1655.8
13.126250	1616.5
13.130000	1628.7
13.133750	1579.2
13.137500	1609.2
13.141250	1582.8
13.145000	1611.5
13.148750	1625.4
13.152500	1644.0
13.156250	1696.3
13.160000	1586.0
13.163750	1625.6
13.167500	1637.1
13.171250	1705.4
13.175000	1676.0
13.178750	1719.5
13.182500	1698.9
13.186250	1600.3
13.190000	1614.0
13.193750	1649.2
13.197500	1615.8
13.201250	1617.7
13.205000	1580.4
13.208750	1596.6
13.212500	1510.1
13.216250	1607.9
13.220000	1588.8
13.223750	1657.6
13.227500	1618.3
13.231250	1643.1
13.235000	1606.3
13.238750	1607.1
13.242500	1651.6
13.246250	1644.4
13.250000	1596.9
13.253750	1606.4
13.257500	1665.6
13.261250	1586.7
13.265000	1633.4
13.268750	1651.8
13.272500	1596.0
13.276250	1712.3
13.280000	1593.6
13.283750	1632.4
13.287500	1636.6
13.291250	1554.2
13.295000	1564.5
13.298750	1575.3
13.302500	1616.3
13.306250	1597.3
13.310000	1683.0
13.313750	1593.8
13.317500	1630.8
13.321250	1610.4
13.325000	1584.8
13.328750	1665.6
13.332500	1596.6
13.336250	1635.8
13.340000	1608.2
13.343750	1540.7
13.347500	1598.7
13.351250	1597.3
13.355000	1633.0
13.358750	1580.6
13.362500	1613.3
13.366250	1586.2
13.370000	1611.8
13.373750	1638.5
13.377500	1643.3
13.381250	1612.2
13.385000	1672.8
13.388750	1643.0
13.392500	1569.8
13.396250	1621.9
13.400000	1574.9
13.403750	1604.8
13.407500	1597.2
13.411250	1613.5
13.415000	1585.7
13.418750	1549.5
13.422500	1647.2
13.426250	1678.1
13.430000	1565.1
13.433750	1578.2
13.437500	1658.0
13.441250	1663.4
13.445000	1578.1
13.448750	1621.2
13.452500	1692.0
13.456250	1833.9
13.460000	1981.4
13.463750	2103.9
13.467500	2403.0
13.471250	2736.8
13.475000	2766.6
13.478750	2820.9
13.482500	2593.3
13.486250	2373.0
13.490000	2135.9
13.493750	2026.5
13.497500	1724.1
13.501250	1766.6
13.505000	1722.6
13.508750	1616.8
13.512500	1616.8
13.516250	1572.6
13.520000	1580.3
13.523750	1615.3
13.527500	1696.3
13.531250	1644.7
13.535000	1570.7
13.538750	1679.7
13.542500	1642.3
13.546250	1643.8
13.550000	1615.6
13.553750	1605.6
13.557500	1552.2
13.561250	1629.8
13.565000	1574.0
13.568750	1608.2
13.572500	1594.6
13.576250	1624.9
13.580000	1675.0
13.583750	1644.2
13.587500	1544.0
13.591250	1672.0
13.595000	1690.6
13.598750	1665.7
13.602500	1576.2
13.606250	1624.1
13.610000	1659.4
13.613750	1598.1
13.617500	1552.8
13.621250	1671.2
13.625000	1639.0
13.628750	1603.8
13.632500	1593.3
13.636250	1623.2
13.640000	1657.5
13.643750	1595.5
13.647500	1667.0
13.651250	1630.5
13.655000	1620.3
13.658750	1688.3
13.662500	1640.7
13.666250	1711.3
13.670000	1701.5
13.673750	1657.8
13.677500	1677.4
13.681250	1608.4
13.685000	1659.9
13.688750	1647.5
13.692500	1626.3
13.696250	1636.2
13.700000	1666.0
13.703750	1747.2
13.707500	1660.7
13.711250	1692.2
13.715000	1687.3
13.718750	1696.1
13.722500	1636.6
13.726250	1672.5
13.730000	1760.7
13.733750	1693.0
13.737500	1733.3
13.741250	1739.9
13.745000	1748.1
13.748750	1807.2
13.752500	1733.4
13.756250	1769.2
13.760000	1753.3
13.763750	1742.0
13.767500	1793.1
13.771250	1706.0
13.775000	1727.4
13.778750	1775.1
13.782500	1754.0
13.786250	1827.2
13.790000	1787.7
13.793750	1829.4
13.797500	1745.6
13.801250	1735.2
13.805000	1751.3
13.808750	1825.7
13.812500	1795.3
13.816250	1823.6
13.820000	1754.1
13.823750	1769.5
13.827500	1809.5
13.831250	1716.1
13.835000	1700.2
13.838750	1717.9
13.842500	1738.6
13.846250	1807.2
13.850000	1810.7
13.853750	1779.2
13.857500	1769.0
13.861250	1715.4
13.865000	1706.0
13.868750	1774.6
13.872500	1735.8
13.876250	1756.6
13.880000	1721.9
13.883750	1734.5
13.887500	1773.5
13.891250	1728.7
13.895000	1637.8
13.898750	1705.8
13.902500	1792.5
13.906250	1784.6
13.910000	1763.0
13.913750	1677.3
13.917500	1734.8
13.921250	1723.3
13.925000	1753.1
13.928750	1743.6
13.932500	1738.2
13.936250	1737.0
13.940000	1698.8
13.943750	1725.6
13.947500	1733.4
13.951250	1744.2
13.955000	1692.6
13.958750	1749.8
13.962500	1719.1
13.966250	1796.9
13.970000	1781.4
13.973750	1703.3
13.977500	1764.6
13.981250	1685.3
13.985000	1764.7
13.988750	1615.5
13.992500	1696.9
13.996250	1750.5
14.000000	1700.2
14.003750	1738.6
14.007500	1735.9
14.011250	1785.6
14.015000	1768.4
14.018750	1734.2
14.022500	1800.2
14.026250	1731.8
14.030000	1686.5
14.033750	1741.2
14.037500	1804.3
14.041250	1816.8
14.045000	1669.1
14.048750	1754.3
14.052500	1758.5
14.056250	1794.2
14.060000	1756.6
14.063750	1687.0
14.067500	1715.2
14.071250	1748.7
14.075000	1766.9
14.078750	1736.7
14.082500	1728.9
14.086250	1752.9
14.090000	1750.0
14.093750	1752.4
14.097500	1699.6
14.101250	1700.3
14.105000	1715.8
14.108750	1698.8
14.112500	1728.3
14.116250	1738.5
14.120000	1734.7
14.123750	1676.9
14.127500	1641.1
14.131250	1725.1
14.135000	1687.7
14.138750	1685.0
14.142500	1795.7
14.146250	1697.8
14.150000	1767.4
14.153750	1751.9
14.157500	1724.6
14.161250	1772.5
14.165000	1747.6
14.168750	1753.3
14.172500	1745.2
14.176250	1780.8
14.180000	1775.4
14.183750	1758.4
14.187500	1736.7
14.191250	1724.3
14.195000	1786.6
14.198750	1733.1
14.202500	1745.9
14.206250	1751.6
14.210000	1714.9
14.213750	1705.9
14.217500	1783.0
14.221250	1772.1
14.225000	1741.4
14.228750	1788.2
14.232500	1776.9
14.236250	1713.1
14.240000	1771.5
14.243750	1748.4
14.247500	1803.6
14.251250	1810.4
14.255000	1816.3
14.258750	1707.7
14.262500	1764.8
14.266250	1816.1
14.270000	1833.9
14.273750	1784.1
14.277500	1748.5
14.281250	1836.5
14.285000	1866.6
14.288750	1804.2
14.292500	1789.3
14.296250	1721.7
14.300000	1797.0
14.303750	1809.5
14.307500	1805.2
14.311250	1860.1
14.315000	1810.9
14.318750	1770.9
14.322500	1815.9
14.326250	1864.6
14.330000	1837.0
14.333750	1779.2
14.337500	1836.0
14.341250	1811.4
14.345000	1836.2
14.348750	1891.1
14.352500	1817.6
14.356250	1799.3
14.360000	1870.7
14.363750	1933.1
14.367500	1805.8
14.371250	1777.5
14.375000	1775.6
14.378750	1781.8
14.382500	1770.7
14.386250	1809.9
14.390000	1794.4
14.393750	1753.3
14.397500	1799.3
14.401250	1795.7
14.405000	1739.5
14.408750	1830.1
14.412500	1809.7
14.416250	1815.2
14.420000	1838.9
14.423750	1823.5
14.427500	1769.5
14.431250	1797.9
14.435000	1751.2
14.438750	1827.8
14.442500	1827.8
14.446250	1777.7
14.450000	1822.1
14.453750	1800.3
14.457500	1739.6
14.461250	1770.4
14.465000	1764.0
14.468750	1791.1
14.472500	1778.9
14.476250	1738.4
14.480000	1747.9
14.483750	1742.6
14.487500	1753.0
14.491250	1765.4
14.495000	1703.6
14.498750	1767.8
14.502500	1809.1
14.506250	1762.5
14.510000	1720.2
14.513750	1769.3
14.517500	1745.3
14.521250	1752.1
14.525000	1767.1
14.528750	1749.1
14.532500	1730.8
14.536250	1739.4
14.540000	1765.1
14.543750	1790.6
14.547500	1818.7
14.551250	1822.3
14.555000	1741.6
14.558750	1753.0
14.562500	1759.8
14.566250	1724.5
14.570000	1796.4
14.573750	1727.1
14.577500	1786.5
14.581250	1798.7
14.585000	1863.0
14.588750	1821.1
14.592500	1773.4
14.596250	1742.5
14.600000	1763.3
14.603750	1808.2
14.607500	1778.8
14.611250	1738.7
14.615000	1694.9
14.618750	1780.5
14.622500	1767.3
14.626250	1769.0
14.630000	1716.5
14.633750	1654.7
14.637500	1726.0
14.641250	1729.1
14.645000	1749.1
14.648750	1773.8
14.652500	1834.2
14.656250	1822.4
14.660000	1779.3
14.663750	1783.4
14.667500	1827.4
14.671250	1821.5
14.675000	1791.1
14.678750	1840.5
14.682500	1771.7
14.686250	1771.1
14.690000	1779.1
14.693750	1773.1
14.697500	1759.4
14.701250	1796.6
14.705000	1791.2
14.708750	1780.0
14.712500	1758.3
14.716250	1799.8
14.720000	1781.2
14.723750	1831.7
14.727500	1848.4
14.731250	1771.5
14.735000	1752.9
14.738750	1821.3
14.742500	1764.5
14.746250	1734.6
14.750000	1757.8
14.753750	1791.2
14.757500	1780.3
14.761250	1817.4
14.765000	1789.9
14.768750	1789.5
14.772500	1810.1
14.776250	1803.4
14.780000	1722.3
14.783750	1737.7
14.787500	1771.7
14.791250	1804.5
14.795000	1723.5
14.798750	1755.2
14.802500	1816.1
14.806250	1823.6
14.810000	1779.8
14.813750	1748.5
14.817500	1783.3
14.821250	1817.8
14.825000	1751.5
14.828750	1772.3
14.832500	1758.4
14.836250	1791.2
14.840000	1753.3
14.843750	1772.6
14.847500	1793.8
14.851250	1801.1
14.855000	1826.5
14.858750	1832.2
14.862500	1819.4
14.866250	1823.0
14.870000	1829.2
14.873750	1815.4
14.877500	1788.8
14.881250	1809.7
14.885000	1858.2
14.888750	1843.0
14.892500	1834.0
14.896250	1822.6
14.900000	1805.2
14.903750	1805.1
14.907500	1711.0
14.911250	1837.0
14.915000	1771.1
14.918750	1838.7
14.922500	1910.4
14.926250	1796.5
14.930000	1868.5
14.933750	1873.6
14.937500	1771.0
14.941250	1858.7
14.945000	1851.2
14.948750	1789.9
14.952500	1849.1
14.956250	1799.7
14.960000	1893.0
14.963750	1809.7
14.967500	1772.9
14.971250	1865.0
14.975000	1837.6
14.978750	1745.5
14.982500	1797.3
14.986250	1790.2
14.990000	1863.3
14.993750	1857.3
14.997500	1822.1
15.001250	1793.0
15.005000	1777.1
15.008750	1838.4
15.012500	1794.2
15.016250	1887.9
15.020000	1802.8
15.023750	1875.8
15.027500	1876.7
15.031250	1912.5
15.035000	1844.6
15.038750	1848.4
15.042500	1878.3
15.046250	1879.6
15.050000	1770.5
15.053750	1832.5
15.057500	1918.4
15.061250	1771.7
15.065000	1795.3
15.068750	1830.0
15.072500	1841.3
15.076250	1848.5
15.080000	1874.2
15.083750	1861.9
15.087500	1856.6
15.091250	1854.2
15.095000	1874.1
15.098750	1843.3
15.102500	1845.4
15.106250	1867.4
15.110000	1823.7
15.113750	1918.7
15.117500	1772.3
15.121250	1859.9
15.125000	1875.4
15.128750	1869.8
15.132500	1844.3
15.136250	1905.4
15.140000	1911.1
15.143750	1885.1
15.147500	1778.3
15.151250	1950.8
15.155000	1890.2
15.158750	1881.5
15.162500	1882.7
15.166250	1894.0
15.170000	1949.0
15.173750	1818.5
15.177500	1923.6
15.181250	1906.9
15.185000	1804.7
15.188750	1941.6
15.192500	1920.3
15.196250	1929.4
15.200000	1911.9
15.203750	1883.1
15.207500	1881.8
15.211250	1899.5
15.215000	1957.4
15.218750	1978.9
15.222500	1921.1
15.226250	1820.0
15.230000	1874.7
15.233750	1878.5
15.237500	1901.5
15.241250	1884.6
15.245000	1955.8
15.248750	1993.1
15.252500	1933.2
15.256250	1882.0
15.260000	1979.8
15.263750	1956.6
15.267500	1847.1
15.271250	1869.3
15.275000	1836.4
15.278750	1893.1
15.282500	1906.5
15.286250	1988.8
15.290000	1897.4
15.293750	1869.0
15.297500	1912.2
15.301250	1924.7
15.305000	1971.6
15.308750	1931.7
15.312500	1965.6
15.316250	1962.6
15.320000	1924.2
15.323750	1928.4
15.327500	2033.7
15.331250	1949.8
15.335000	1930.4
15.338750	2020.6
15.342500	1959.4
15.346250	1978.5
15.350000	2017.2
15.353750	1993.2
15.357500	2008.8
15.361250	1983.9
15.365000	2031.3
15.368750	2035.6
15.372500	1980.3
15.376250	2025.4
15.380000	1967.9
15.383750	1985.7
15.387500	2032.7
15.391250	2009.9
15.395000	1965.2
15.398750	2022.5
15.402500	2039.8
15.406250	2047.5
15.410000	2025.2
15.413750	2036.6
15.417500	2016.0
15.421250	2099.8
15.425000	2046.2
15.428750	1988.7
15.432500	2006.2
15.436250	2158.6
15.440000	2039.4
15.443750	2058.2
15.447500	2077.7
15.451250	2091.7
15.455000	2203.5
15.458750	2189.8
15.462500	2103.5
15.466250	2129.9
15.470000	2105.3
15.473750	2025.0
15.477500	2168.2
15.481250	2145.2
15.485000	2151.6
15.488750	2171.4
15.492500	2219.4
15.496250	2268.7
15.500000	2156.9
15.503750	2187.5
15.507500	2288.9
15.511250	2339.7
15.515000	2314.9
15.518750	2388.2
15.522500	2372.4
15.526250	2383.2
15.530000	2411.8
15.533750	2473.2
15.537500	2506.6
15.541250	2522.9
15.545000	2569.8
15.548750	2491.4
15.552500	2560.6
15.556250	2638.6
15.560000	2742.9
15.563750	2773.7
15.567500	2751.0
15.571250	2735.2
15.575000	2738.8
15.578750	2988.3
15.582500	2963.8
15.586250	3029.9
15.590000	3105.1
15.593750	3106.1
15.597500	3300.6
15.601250	3222.9
15.605000	3394.3
15.608750	3600.3
15.612500	3487.7
15.616250	3743.6
15.620000	3929.0
15.623750	3933.7
15.627500	4114.8
15.631250	4178.9
15.635000	4340.7
15.638750	4545.2
15.642500	4509.2
15.646250	4731.3
15.650000	4819.9
15.653750	4881.6
15.657500	5044.4
15.661250	5290.7
15.665000	5245.8
15.668750	5342.8
15.672500	5628.4
15.676250	5468.6
15.680000	5458.1
15.683750	5742.9
15.687500	5664.5
15.691250	5577.6
15.695000	5893.8
15.698750	5940.2
15.702500	5826.8
15.706250	5954.4
15.710000	5870.0
15.713750	6055.5
15.717500	6025.0
15.721250	6102.4
15.725000	6117.3
15.728750	6255.3
15.732500	6385.9
15.736250	6488.1
15.740000	6370.1
15.743750	6519.9
15.747500	6663.6
15.751250	6906.4
15.755000	6751.8
15.758750	6883.4
15.762500	6732.5
15.766250	6731.4
15.770000	6693.2
15.773750	6778.0
15.777500	6778.9
15.781250	6699.5
15.785000	6720.2
15.788750	6594.1
15.792500	6408.3
15.796250	6396.3
15.800000	6140.9
15.803750	6082.5
15.807500	6008.8
15.811250	5926.1
15.815000	5698.5
15.818750	5495.4
15.822500	5381.1
15.826250	5276.3
15.830000	5193.2
15.833750	5191.4
15.837500	4897.3
15.841250	4799.7
15.845000	4526.9
15.848750	4409.9
15.852500	4326.4
15.856250	4213.4
15.860000	4026.7
15.863750	3998.6
15.867500	3975.2
15.871250	3865.1
15.875000	3646.4
15.878750	3460.8
15.882500	3553.7
15.886250	3452.5
15.890000	3299.0
15.893750	3257.3
15.897500	3191.5
15.901250	3172.3
15.905000	2958.1
15.908750	2970.1
15.912500	2909.3
15.916250	2953.6
15.920000	2928.6
15.923750	2757.2
15.927500	2742.8
15.931250	2790.9
15.935000	2688.5
15.938750	2655.0
15.942500	2649.8
15.946250	2615.5
15.950000	2557.8
15.953750	2552.3
15.957500	2553.2
15.961250	2539.2
15.965000	2519.5
15.968750	2571.5
15.972500	2616.1
15.976250	2448.2
15.980000	2382.0
15.983750	2434.2
15.987500	2434.8
15.991250	2350.0
15.995000	2386.8
15.998750	2359.3
16.002500	2329.7
16.006250	2374.0
16.010000	2349.6
16.013750	2418.4
16.017500	2271.1
16.021250	2189.9
16.025000	2244.8
16.028750	2334.2
16.032500	2379.8
16.036250	2422.4
16.040000	2273.1
16.043750	2241.9
16.047500	2314.2
16.051250	2198.2
16.055000	2238.2
16.058750	2231.2
16.062500	2095.9
16.066250	2159.8
16.070000	2190.4
16.073750	2233.7
16.077500	2204.4
16.081250	2141.6
16.085000	2116.5
16.088750	2109.7
16.092500	2119.6
16.096250	2191.1
16.100000	2167.9
16.103750	2203.1
16.107500	2225.7
16.111250	2119.2
16.115000	2142.9
16.118750	2126.9
16.122500	2201.8
16.126250	2133.4
16.130000	2157.4
16.133750	2188.0
16.137500	2069.2
16.141250	2195.7
16.145000	2186.9
16.148750	2072.7
16.152500	2052.5
16.156250	2018.2
16.160000	2027.4
16.163750	2160.0
16.167500	2122.9
16.171250	2114.6
16.175000	2109.6
16.178750	2135.7
16.182500	2053.6
16.186250	2104.8
16.190000	2148.8
16.193750	2089.5
16.197500	2089.3
16.201250	2101.8
16.205000	2104.2
16.208750	2103.1
16.212500	2151.3
16.216250	2083.0
16.220000	2062.4
16.223750	2095.0
16.227500	2052.4
16.231250	2189.3
16.235000	2107.9
16.238750	2191.2
16.242500	2184.3
16.246250	2124.5
16.250000	2170.9
16.253750	2192.7
16.257500	2269.9
16.261250	2267.6
16.265000	2247.5
16.268750	2248.7
16.272500	2161.5
16.276250	2257.7
16.280000	2293.0
16.283750	2227.3
16.287500	2215.1
16.291250	2211.3
16.295000	2328.3
16.298750	2288.6
16.302500	2287.9
16.306250	2261.8
16.310000	2352.3
16.313750	2314.5
16.317500	2305.5
16.321250	2270.4
16.325000	2228.7
16.328750	2276.8
16.332500	2336.0
16.336250	2288.8
16.340000	2223.7
16.343750	2163.7
16.347500	2199.3
16.351250	2109.1
16.355000	2103.3
16.358750	2157.8
16.362500	2110.9
16.366250	2098.7
16.370000	2125.4
16.373750	2101.9
16.377500	2129.6
16.381250	2168.0
16.385000	2079.7
16.388750	2060.8
16.392500	2082.3
16.396250	1998.8
16.400000	2110.2
16.403750	2070.0
16.407500	2081.1
16.411250	2113.0
16.415000	2113.0
16.418750	2087.6
16.422500	2064.0
16.426250	2092.7
16.430000	2127.2
16.433750	2062.7
16.437500	2117.6
16.441250	2111.0
16.445000	2041.5
16.448750	2034.5
16.452500	2057.8
16.456250	2103.7
16.460000	2001.9
16.463750	2097.3
16.467500	2072.6
16.471250	2097.0
16.475000	2053.9
16.478750	2027.2
16.482500	2011.8
16.486250	2022.1
16.490000	2107.7
16.493750	2041.7
16.497500	2072.7
16.501250	2051.0
16.505000	2130.7
16.508750	2091.5
16.512500	2035.6
16.516250	2051.9
16.520000	2159.9
16.523750	1998.3
16.527500	2031.0
16.531250	2090.6
16.535000	2051.9
16.538750	2060.0
16.542500	2005.2
16.546250	2058.0
16.550000	2054.8
16.553750	1992.0
16.557500	2000.1
16.561250	2051.8
16.565000	2019.1
16.568750	2036.3
16.572500	2041.3
16.576250	2059.6
16.580000	2014.2
16.583750	1987.7
16.587500	2093.3
16.591250	1995.4
16.595000	2001.8
16.598750	2075.4
16.602500	1989.8
16.606250	2033.8
16.610000	2054.2
16.613750	2032.9
16.617500	2025.6
16.621250	2128.7
16.625000	2036.5
16.628750	2044.0
16.632500	2111.6
16.636250	2052.7
16.640000	2117.3
16.643750	1943.5
16.647500	2137.9
16.651250	2012.1
16.655000	2014.9
16.658750	2108.8
16.662500	2063.9
16.666250	2066.1
16.670000	2089.9
16.673750	2067.5
16.677500	2140.7
16.681250	2092.7
16.685000	2146.3
16.688750	2075.6
16.692500	1954.6
16.696250	2072.1
16.700000	2082.7
16.703750	2062.0
16.707500	2063.1
16.711250	2059.4
16.715000	2114.4
16.718750	2071.3
16.722500	2129.7
16.726250	2012.3
16.730000	2102.5
16.733750	2077.3
16.737500	2179.6
16.741250	2168.8
16.745000	2317.3
16.748750	2336.8
16.752500	2537.3
16.756250	2574.6
16.760000	2641.3
16.763750	2989.9
16.767500	3116.9
16.771250	3336.6
16.775000	3633.1
16.778750	3763.1
16.782500	3937.1
16.786250	4063.3
16.790000	4070.8
16.793750	3799.3
16.797500	3577.2
16.801250	3265.8
16.805000	2954.9
16.808750	2617.9
16.812500	2502.1
16.816250	2354.1
16.820000	2335.6
16.823750	2214.8
16.827500	2183.9
16.831250	2020.7
16.835000	2103.1
16.838750	2176.8
16.842500	2137.6
16.846250	2115.9
16.850000	2067.9
16.853750	2074.2
16.857500	2119.0
16.861250	2088.0
16.865000	2081.1
16.868750	2135.5
16.872500	2060.5
16.876250	2070.7
16.880000	2098.3
16.883750	2119.9
16.887500	2115.8
16.891250	2065.2
16.895000	2061.8
16.898750	2080.1
16.902500	2107.9
16.906250	2069.9
16.910000	2085.7
16.913750	2015.4
16.917500	2106.1
16.921250	2128.8
16.925000	2114.8
16.928750	2087.3
16.932500	2139.6
16.936250	2122.1
16.940000	2044.8
16.943750	2062.8
16.947500	2086.8
16.951250	2090.5
16.955000	2108.5
16.958750	2040.1
16.962500	2138.6
16.966250	2144.3
16.970000	2000.2
16.973750	2034.4
16.977500	2007.8
16.981250	2078.4
16.985000	2165.5
16.988750	2049.7
16.992500	2043.7
16.996250	2088.9
17.000000	2140.3
17.003750	2056.9
17.007500	2110.9
17.011250	2101.0
17.015000	2068.1
17.018750	2165.4
17.022500	1996.0
17.026250	2154.5
17.030000	2088.8
17.033750	2083.7
17.037500	2184.8
17.041250	2106.9
17.045000	2091.1
17.048750	2160.7
17.052500	2172.8
17.056250	2219.1
17.060000	2145.7
17.063750	2113.1
17.067500	2064.9
17.071250	2182.9
17.075000	2100.7
17.078750	2172.9
17.082500	2133.6
17.086250	2133.1
17.090000	2090.1
17.093750	2193.3
17.097500	2196.5
17.101250	2121.7
17.105000	2130.9
17.108750	2119.1
17.112500	2270.7
17.116250	2192.0
17.120000	2218.4
17.123750	2195.3
17.127500	2261.9
17.131250	2203.9
17.135000	2297.7
17.138750	2288.4
17.142500	2349.7
17.146250	2330.9
17.150000	2490.9
17.153750	2590.6
17.157500	2829.4
17.161250	3254.5
17.165000	4042.8
17.168750	5132.8
17.172500	6513.7
17.176250	7500.8
17.180000	8234.4
17.183750	8148.9
17.187500	7517.3
17.191250	6193.8
17.195000	5201.7
17.198750	3992.0
17.202500	3106.4
17.206250	2716.6
17.210000	2575.3
17.213750	2470.1
17.217500	2370.5
17.221250	2252.6
17.225000	2283.1
17.228750	2206.6
17.232500	2230.5
17.236250	2204.8
17.240000	2226.7
17.243750	2158.3
17.247500	2191.8
17.251250	2103.0
17.255000	2206.2
17.258750	2269.7
17.262500	2148.7
17.266250	2127.1
17.270000	2258.4
17.273750	2172.4
17.277500	2068.2
17.281250	2132.4
17.285000	2220.2
17.288750	2136.5
17.292500	2148.3
17.296250	2142.8
17.300000	2200.1
17.303750	2123.2
17.307500	2174.4
17.311250	2204.1
17.315000	2124.4
17.318750	2216.5
17.322500	2150.2
17.326250	2221.5
17.330000	2207.6
17.333750	2147.8
17.337500	2227.8
17.341250	2203.4
17.345000	2185.7
17.348750	2141.3
17.352500	2154.4
17.356250	2101.3
17.360000	2224.1
17.363750	2103.0
17.367500	2184.8
17.371250	2232.4
17.375000	2135.4
17.378750	2124.8
17.382500	2169.8
17.386250	2186.2
17.390000	2149.9
17.393750	2238.1
17.397500	2206.5
17.401250	2194.9
17.405000	2217.9
17.408750	2166.6
17.412500	2113.5
17.416250	2170.6
17.420000	2127.7
17.423750	2199.1
17.427500	2167.6
17.431250	2153.3
17.435000	2118.8
17.438750	2155.1
17.442500	2137.6
17.446250	2071.5
17.450000	2138.1
17.453750	2239.8
17.457500	2176.6
17.461250	2198.0
17.465000	2180.7
17.468750	2158.5
17.472500	2176.8
17.476250	2239.4
17.480000	2198.3
17.483750	2106.2
17.487500	2253.0
17.491250	2235.3
17.495000	2170.9
17.498750	2175.5
17.502500	2254.3
17.506250	2163.2
17.510000	2157.3
17.513750	2235.4
17.517500	2188.0
17.521250	2180.0
17.525000	2127.5
17.528750	2189.0
17.532500	2168.7
17.536250	2106.3
17.540000	2143.2
17.543750	2254.8
17.547500	2219.8
17.551250	2220.6
17.555000	2247.1
17.558750	2174.5
17.562500	2229.5
17.566250	2329.4
17.570000	2301.5
17.573750	2190.5
17.577500	2215.0
17.581250	2159.0
17.585000	2227.6
17.588750	2202.2
17.592500	2197.7
17.596250	2327.3
17.600000	2298.8
17.603750	2159.3
17.607500	2265.9
17.611250	2249.8
17.615000	2202.2
17.618750	2242.0
17.622500	2233.2
17.626250	2226.5
17.630000	2240.8
17.633750	2195.9
17.637500	2243.0
17.641250	2214.5
17.645000	2233.3
17.648750	2275.1
17.652500	2163.2
17.656250	2188.0
17.660000	2233.1
17.663750	2211.0
17.667500	2162.2
17.671250	2203.5
17.675000	2167.8
17.678750	2208.3
17.682500	2247.1
17.686250	2240.7
17.690000	2330.5
17.693750	2207.4
17.697500	2212.2
17.701250	2300.2
17.705000	2316.6
17.708750	2228.2
17.712500	2264.2
17.716250	2298.1
17.720000	2236.3
17.723750	2218.5
17.727500	2197.6
17.731250	2235.0
17.735000	2222.8
17.738750	2169.8
17.742500	2183.3
17.746250	2240.0
17.750000	2224.0
17.753750	2204.7
17.757500	2207.5
17.761250	2278.6
17.765000	2200.7
17.768750	2183.7
17.772500	2224.5
17.776250	2253.4
17.780000	2260.9
17.783750	2195.4
17.787500	2230.8
17.791250	2247.3
17.795000	2215.5
17.798750	2128.2
17.802500	2251.5
17.806250	2243.5
17.810000	2231.2
17.813750	2280.7
17.817500	2187.2
17.821250	2161.0
17.825000	2200.3
17.828750	2257.3
17.832500	2225.9
17.836250	2277.8
17.840000	2224.7
17.843750	2208.0
17.847500	2205.2
17.851250	2194.1
17.855000	2192.8
17.858750	2236.3
17.862500	2305.0
17.866250	2236.1
17.870000	2247.5
17.873750	2240.6
17.877500	2184.0
17.881250	2279.2
17.885000	2237.4
17.888750	2183.1
17.892500	2190.1
17.896250	2301.1
17.900000	2211.0
17.903750	2193.3
17.907500	2241.9
17.911250	2200.4
17.915000	2237.2
17.918750	2294.7
17.922500	2214.9
17.926250	2184.4
17.930000	2293.1
17.933750	2223.3
17.937500	2290.4
17.941250	2253.0
17.945000	2196.2
17.948750	2269.7
17.952500	2202.2
17.956250	2222.7
17.960000	2184.8
17.963750	2375.9
17.967500	2351.5
17.971250	2273.7
17.975000	2317.2
17.978750	2222.3
17.982500	2274.3
17.986250	2278.1
17.990000	2237.7
17.993750	2291.8
17.997500	2299.2
18.001250	2290.3
18.005000	2287.6
18.008750	2261.9
18.012500	2235.6
18.016250	2351.0
18.020000	2288.7
18.023750	2282.4
18.027500	2337.6
18.031250	2384.7
18.035000	2346.9
18.038750	2347.1
18.042500	2332.9
18.046250	2298.7
18.050000	2333.7
18.053750	2389.6
18.057500	2418.5
18.061250	2409.1
18.065000	2303.3
18.068750	2304.4
18.072500	2320.4
18.076250	2327.8
18.080000	2418.2
18.083750	2472.6
18.087500	2469.7
18.091250	2478.3
18.095000	2494.5
18.098750	2407.3
18.102500	2383.5
18.106250	2512.3
18.110000	2393.3
18.113750	2404.4
18.117500	2461.2
18.121250	2508.6
18.125000	2566.5
18.128750	2589.0
18.132500	2563.0
18.136250	2512.7
18.140000	2504.7
18.143750	2497.5
18.147500	2500.9
18.151250	2658.3
18.155000	2610.4
18.158750	2595.2
18.162500	2576.9
18.166250	2564.2
18.170000	2694.9
18.173750	2603.7
18.177500	2598.2
18.181250	2665.5
18.185000	2674.5
18.188750	2652.7
18.192500	2694.5
18.196250	2724.4
18.200000	2618.6
18.203750	2672.9
18.207500	2642.8
18.211250	2675.2
18.215000	2685.8
18.218750	2662.4
18.222500	2623.0
18.226250	2750.3
18.230000	2622.4
18.233750	2675.6
18.237500	2734.2
18.241250	2728.1
18.245000	2665.3
18.248750	2729.9
18.252500	2727.6
18.256250	2705.5
18.260000	2735.3
18.263750	2749.5
18.267500	2513.8
18.271250	2664.8
18.275000	2667.9
18.278750	2640.6
18.282500	2663.5
18.286250	2595.8
18.290000	2572.0
18.293750	2642.9
18.297500	2485.5
18.301250	2458.8
18.305000	2448.0
18.308750	2644.4
18.312500	2553.4
18.316250	2611.2
18.320000	2579.5
18.323750	2524.2
18.327500	2554.9
18.331250	2431.6
18.335000	2463.7
18.338750	2537.3
18.342500	2507.8
18.346250	2384.8
18.350000	2382.4
18.353750	2471.2
18.357500	2380.8
18.361250	2388.2
18.365000	2461.7
18.368750	2415.4
18.372500	2494.2
18.376250	2468.1
18.380000	2341.5
18.383750	2318.1
18.387500	2283.8
18.391250	2233.4
18.395000	2289.9
18.398750	2290.7
18.402500	2395.2
18.406250	2284.6
18.410000	2302.6
18.413750	2244.7
18.417500	2235.6
18.421250	2349.7
18.425000	2333.8
18.428750	2285.5
18.432500	2209.0
18.436250	2303.8
18.440000	2299.3
18.443750	2380.7
18.447500	2218.3
18.451250	2339.5
18.455000	2327.5
18.458750	2390.6
18.462500	2305.9
18.466250	2287.4
18.470000	2353.3
18.473750	2260.0
18.477500	2319.5
18.481250	2360.3
18.485000	2327.2
18.488750	2318.4
18.492500	2312.1
18.496250	2275.3
18.500000	2312.0
18.503750	2331.2
18.507500	2214.9
18.511250	2307.7
18.515000	2298.0
18.518750	2317.9
18.522500	2335.4
18.526250	2273.5
18.530000	2283.8
18.533750	2240.9
18.537500	2256.2
18.541250	2301.9
18.545000	2334.8
18.548750	2230.7
18.552500	2325.0
18.556250	2259.1
18.560000	2266.8
18.563750	2372.8
18.567500	2232.7
18.571250	2210.2
18.575000	2182.2
18.578750	2294.7
18.582500	2233.7
18.586250	2366.9
18.590000	2294.5
18.593750	2283.4
18.597500	2280.0
18.601250	2278.5
18.605000	2326.6
18.608750	2275.0
18.612500	2172.9
18.616250	2222.8
18.620000	2230.5
18.623750	2260.2
18.627500	2305.2
18.631250	2294.1
18.635000	2317.6
18.638750	2261.2
18.642500	2332.7
18.646250	2219.2
18.650000	2276.7
18.653750	2336.8
18.657500	2222.8
18.661250	2264.8
18.665000	2363.7
18.668750	2296.9
18.672500	2192.1
18.676250	2388.3
18.680000	2366.2
18.683750	2268.6
18.687500	2247.9
18.691250	2236.8
18.695000	2364.6
18.698750	2326.0
18.702500	2232.7
18.706250	2325.0
18.710000	2279.3
18.713750	2319.9
18.717500	2308.4
18.721250	2315.7
18.725000	2289.0
18.728750	2271.5
18.732500	2329.1
18.736250	2237.8
18.740000	2289.5
18.743750	2315.2
18.747500	2232.8
18.751250	2309.1
18.755000	2211.4
18.758750	2271.9
18.762500	2265.6
18.766250	2222.0
18.770000	2306.8
18.773750	2343.5
18.777500	2258.2
18.781250	2277.8
18.785000	2263.4
18.788750	2332.8
18.792500	2279.0
18.796250	2276.8
18.800000	2335.1
18.803750	2324.8
18.807500	2294.8
18.811250	2287.4
18.815000	2295.8
18.818750	2300.4
18.822500	2324.4
18.826250	2327.6
18.830000	2306.1
18.833750	2225.6
18.837500	2338.3
18.841250	2284.4
18.845000	2272.1
18.848750	2281.8
18.852500	2199.1
18.856250	2242.1
18.860000	2306.5
18.863750	2326.8
18.867500	2265.2
18.871250	2290.2
18.875000	2310.3
18.878750	2338.4
18.882500	2243.4
18.886250	2239.7
18.890000	2253.7
18.893750	2321.8
18.897500	2304.7
18.901250	2274.2
18.905000	2298.9
18.908750	2287.6
18.912500	2267.4
18.916250	2290.8
18.920000	2201.6
18.923750	2214.3
18.927500	2249.9
18.931250	2247.9
18.935000	2256.6
18.938750	2248.6
18.942500	2254.3
18.946250	2215.3
18.950000	2289.9
18.953750	2228.6
18.957500	2158.0
18.961250	2276.9
18.965000	2249.1
18.968750	2304.4
18.972500	2217.4
18.976250	2265.8
18.980000	2286.3
18.983750	2260.3
18.987500	2260.9
18.991250	2188.1
18.995000	2251.9
18.998750	2241.7
19.002500	2187.1
19.006250	2336.6
19.010000	2243.9
19.013750	2238.3
19.017500	2308.7
19.021250	2256.4
19.025000	2307.0
19.028750	2257.9
19.032500	2233.1
19.036250	2255.1
19.040000	2295.5
19.043750	2254.8
19.047500	2242.3
19.051250	2223.4
19.055000	2287.8
19.058750	2338.7
19.062500	2315.8
19.066250	2210.8
19.070000	2211.8
19.073750	2266.2
19.077500	2222.9
19.081250	2221.4
19.085000	2227.6
19.088750	2219.9
19.092500	2249.3
19.096250	2322.8
19.100000	2354.5
19.103750	2257.6
19.107500	2278.8
19.111250	2276.9
19.115000	2272.9
19.118750	2272.3
19.122500	2286.4
19.126250	2280.4
19.130000	2301.6
19.133750	2304.0
19.137500	2265.0
19.141250	2269.2
19.145000	2264.8
19.148750	2263.7
19.152500	2294.3
19.156250	2221.8
19.160000	2316.0
19.163750	2307.6
19.167500	2325.8
19.171250	2240.5
19.175000	2240.8
19.178750	2238.5
19.182500	2211.9
19.186250	2274.9
19.190000	2179.7
19.193750	2231.1
19.197500	2288.0
19.201250	2295.0
19.205000	2298.4
19.208750	2263.0
19.212500	2296.0
19.216250	2190.8
19.220000	2315.5
19.223750	2299.0
19.227500	2296.1
19.231250	2281.8
19.235000	2214.7
19.238750	2310.8
19.242500	2276.0
19.246250	2301.4
19.250000	2268.1
19.253750	2216.8
19.257500	2300.8
19.261250	2263.5
19.265000	2295.5
19.268750	2263.5
19.272500	2315.1
19.276250	2359.5
19.280000	2303.9
19.283750	2222.2
19.287500	2260.8
19.291250	2346.1
19.295000	2270.1
19.298750	2201.6
19.302500	2337.6
19.306250	2298.3
19.310000	2263.3
19.313750	2287.6
19.317500	2330.8
19.321250	2392.2
19.325000	2237.5
19.328750	2257.7
19.332500	2306.1
19.336250	2335.4
19.340000	2347.3
19.343750	2285.9
19.347500	2250.1
19.351250	2159.9
19.355000	2257.9
19.358750	2275.0
19.362500	2284.1
19.366250	2257.5
19.370000	2337.1
19.373750	2237.0
19.377500	2235.3
19.381250	2343.0
19.385000	2185.7
19.388750	2195.0
19.392500	2219.2
19.396250	2224.2
19.400000	2254.4
19.403750	2161.1
19.407500	2242.1
19.411250	2314.3
19.415000	2237.7
19.418750	2264.7
19.422500	2303.0
19.426250	2194.0
19.430000	2223.3
19.433750	2263.6
19.437500	2214.4
19.441250	2266.7
19.445000	2281.0
19.448750	2285.7
19.452500	2304.6
19.456250	2281.2
19.460000	2292.8
19.463750	2313.8
19.467500	2250.4
19.471250	2173.6
19.475000	2206.8
19.478750	2215.5
19.482500	2207.4
19.486250	2244.2
19.490000	2291.6
19.493750	2269.4
19.497500	2224.5
19.501250	2213.6
19.505000	2238.4
19.508750	2318.3
19.512500	2339.3
19.516250	2239.4
19.520000	2360.1
19.523750	2336.0
19.527500	2309.4
19.531250	2352.0
19.535000	2331.2
19.538750	2224.5
19.542500	2351.0
19.546250	2327.6
19.550000	2355.8
19.553750	2374.5
19.557500	2379.0
19.561250	2308.3
19.565000	2248.0
19.568750	2347.3
19.572500	2443.7
19.576250	2355.9
19.580000	2369.6
19.583750	2295.0
19.587500	2312.5
19.591250	2307.7
19.595000	2408.6
19.598750	2347.4
19.602500	2324.1
19.606250	2296.7
19.610000	2243.4
19.613750	2378.0
19.617500	2351.5
19.621250	2347.5
19.625000	2345.8
19.628750	2286.8
19.632500	2264.8
19.636250	2261.3
19.640000	2285.6
19.643750	2352.7
19.647500	2409.4
19.651250	2327.4
19.655000	2259.6
19.658750	2365.0
19.662500	2392.0
19.666250	2465.8
19.670000	2511.6
19.673750	2533.2
19.677500	2544.7
19.681250	2562.1
19.685000	2776.9
19.688750	2863.7
19.692500	2863.4
19.696250	3034.7
19.700000	3092.6
19.703750	3098.3
19.707500	3224.4
19.711250	3232.5
19.715000	3099.7
19.718750	3124.2
19.722500	3031.6
19.726250	2871.8
19.730000	2631.3
19.733750	2646.4
19.737500	2479.4
19.741250	2444.1
19.745000	2331.2
19.748750	2382.9
19.752500	2384.9
19.756250	2314.6
19.760000	2366.8
19.763750	2372.1
19.767500	2265.8
19.771250	2294.2
19.775000	2261.1
19.778750	2347.4
19.782500	2270.8
19.786250	2269.5
19.790000	2345.0
19.793750	2342.5
19.797500	2317.9
19.801250	2293.1
19.805000	2214.6
19.808750	2277.9
19.812500	2286.9
19.816250	2344.9
19.820000	2305.1
19.823750	2304.1
19.827500	2360.5
19.831250	2228.8
19.835000	2273.6
19.838750	2324.0
19.842500	2230.7
19.846250	2314.8
19.850000	2304.5
19.853750	2274.4
19.857500	2349.1
19.861250	2344.5
19.865000	2350.3
19.868750	2362.3
19.872500	2307.5
19.876250	2345.0
19.880000	2296.3
19.883750	2258.8
19.887500	2402.4
19.891250	2339.5
19.895000	2335.9
19.898750	2276.6
19.902500	2263.7
19.906250	2415.6
19.910000	2361.8
19.913750	2318.1
19.917500	2257.5
19.921250	2306.3
19.925000	2319.2
19.928750	2287.4
19.932500	2371.9
19.936250	2326.0
19.940000	2334.1
19.943750	2319.0
19.947500	2341.9
19.951250	2417.1
19.955000	2289.6
19.958750	2373.5
19.962500	2266.4
19.966250	2361.4
19.970000	2366.0
19.973750	2352.9
19.977500	2403.6
19.981250	2408.2
19.985000	2239.3
19.988750	2336.7
19.992500	2433.0
19.996250	2360.6
20.000000	2362.1
20.003750	2270.1
20.007500	2370.0
20.011250	2330.4
20.015000	2419.9
20.018750	2435.6
20.022500	2398.2
20.026250	2340.4
20.030000	2394.1
20.033750	2432.0
20.037500	2315.3
20.041250	2358.9
20.045000	2392.4
20.048750	2245.7
20.052500	2345.5
20.056250	2398.4
20.060000	2420.8
20.063750	2395.9
20.067500	2375.6
20.071250	2335.6
20.075000	2417.3
20.078750	2403.8
20.082500	2340.7
20.086250	2416.7
20.090000	2385.8
20.093750	2388.8
20.097500	2500.2
20.101250	2486.1
20.105000	2407.4
20.108750	2444.9
20.112500	2451.3
20.116250	2453.9
20.120000	2433.7
20.123750	2454.1
20.127500	2461.8
20.131250	2509.8
20.135000	2468.4
20.138750	2460.7
20.142500	2508.8
20.146250	2528.2
20.150000	2452.1
20.153750	2498.3
20.157500	2438.5
20.161250	2502.4
20.165000	2495.8
20.168750	2504.5
20.172500	2557.3
20.176250	2583.5
20.180000	2567.1
20.183750	2653.8
20.187500	2539.5
20.191250	2470.2
20.195000	2534.9
20.198750	2659.0
20.202500	2698.0
20.206250	2603.4
20.210000	2700.9
20.213750	2734.3
20.217500	2629.1
20.221250	2706.3
20.225000	2745.7
20.228750	2763.9
20.232500	2796.4
20.236250	2778.0
20.240000	2840.0
20.243750	2886.1
20.247500	2892.6
20.251250	2933.3
20.255000	2928.7
20.258750	2923.4
20.262500	2908.7
20.266250	3107.3
20.270000	3068.0
20.273750	3042.4
20.277500	3024.8
20.281250	3134.9
20.285000	3194.3
20.288750	3259.8
20.292500	3350.5
20.296250	3329.5
20.300000	3407.4
20.303750	3435.7
20.307500	3482.6
20.311250	3533.2
20.315000	3574.6
20.318750	3507.0
20.322500	3635.3
20.326250	3801.8
20.330000	3759.7
20.333750	3929.9
20.337500	3900.2
20.341250	4021.1
20.345000	3962.0
20.348750	4094.4
20.352500	4176.3
20.356250	4110.6
20.360000	4219.6
20.363750	4374.5
20.367500	4445.4
20.371250	4454.7
20.375000	4537.8
20.378750	4626.2
20.382500	4569.3
20.386250	4688.3
20.390000	4641.1
20.393750	4610.1
20.397500	4608.4
20.401250	4590.8
20.405000	4678.5
20.408750	4630.1
20.412500	4560.5
20.416250	4744.6
20.420000	4703.1
20.423750	4567.4
20.427500	4602.1
20.431250	4477.9
20.435000	4387.9
20.438750	4300.6
20.442500	4312.6
20.446250	4262.9
20.450000	4179.9
20.453750	4060.9
20.457500	4187.1
20.461250	4064.8
20.465000	4010.7
20.468750	3834.5
20.472500	3825.2
20.476250	3880.2
20.480000	3714.1
20.483750	3638.5
20.487500	3552.2
20.491250	3522.0
20.495000	3483.9
20.498750	3420.5
20.502500	3319.3
20.506250	3285.7
20.510000	3320.9
20.513750	3322.7
20.517500	3132.1
20.521250	3003.9
20.525000	2977.8
20.528750	3037.7
20.532500	2992.9
20.536250	2855.2
20.540000	2982.4
20.543750	2921.8
20.547500	2838.4
20.551250	2863.2
20.555000	2892.7
20.558750	2903.7
20.562500	2918.4
20.566250	2861.0
20.570000	2892.6
20.573750	2648.1
20.577500	2745.3
20.581250	2782.7
20.585000	2701.3
20.588750	2722.3
20.592500	2687.1
20.596250	2705.1
20.600000	2623.7
20.603750	2557.0
20.607500	2592.4
20.611250	2604.0
20.615000	2660.5
20.618750	2598.5
20.622500	2544.8
20.626250	2544.6
20.630000	2511.1
20.633750	2645.7
20.637500	2533.9
20.641250	2495.9
20.645000	2547.1
20.648750	2553.4
20.652500	2493.8
20.656250	2483.1
20.660000	2427.7
20.663750	2395.7
20.667500	2401.6
20.671250	2357.5
20.675000	2417.4
20.678750	2370.5
20.682500	2340.8
20.686250	2415.3
20.690000	2352.9
20.693750	2340.3
20.697500	2395.2
20.701250	2422.1
20.705000	2478.9
20.708750	2339.3
20.712500	2303.2
20.716250	2307.7
20.720000	2265.0
20.723750	2441.1
20.727500	2396.2
20.731250	2392.8
20.735000	2342.1
20.738750	2315.8
20.742500	2391.9
20.746250	2317.4
20.750000	2311.1
20.753750	2343.6
20.757500	2260.4
20.761250	2272.3
20.765000	2366.8
20.768750	2323.5
20.772500	2364.0
20.776250	2337.0
20.780000	2314.7
20.783750	2391.4
20.787500	2360.0
20.791250	2297.6
20.795000	2348.1
20.798750	2440.3
20.802500	2386.3
20.806250	2340.7
20.810000	2309.6
20.813750	2416.6
20.817500	2367.0
20.821250	2281.3
20.825000	2367.5
20.828750	2341.3
20.832500	2390.7
20.836250	2305.7
20.840000	2300.5
20.843750	2356.3
20.847500	2272.4
20.851250	2400.3
20.855000	2310.0
20.858750	2365.7
20.862500	2395.6
20.866250	2432.3
20.870000	2439.2
20.873750	2418.2
20.877500	2371.1
20.881250	2418.2
20.885000	2421.6
20.888750	2522.3
20.892500	2565.9
20.896250	2376.5
20.900000	2428.3
20.903750	2433.8
20.907500	2441.2
20.911250	2476.6
20.915000	2504.1
20.918750	2489.8
20.922500	2475.4
20.926250	2496.1
20.930000	2505.1
20.933750	2564.4
20.937500	2518.7
20.941250	2415.4
20.945000	2519.7
20.948750	2501.4
20.952500	2515.4
20.956250	2529.2
20.960000	2576.8
20.963750	2494.9
20.967500	2531.0
20.971250	2453.2
20.975000	2464.9
20.978750	2365.2
20.982500	2504.8
20.986250	2421.2
20.990000	2371.8
20.993750	2467.5
20.997500	2430.8
21.001250	2471.6
21.005000	2458.5
21.008750	2473.5
21.012500	2347.5
21.016250	2381.3
21.020000	2363.9
21.023750	2370.2
21.027500	2475.8
21.031250	2391.7
21.035000	2255.3
21.038750	2323.3
21.042500	2360.1
21.046250	2387.4
21.050000	2355.1
21.053750	2211.9
21.057500	2354.5
21.061250	2327.0
21.065000	2327.6
21.068750	2328.9
21.072500	2337.4
21.076250	2203.1
21.080000	2248.6
21.083750	2268.4
21.087500	2356.8
21.091250	2125.8
21.095000	2255.8
21.098750	2350.4
21.102500	2444.0
21.106250	2432.6
21.110000	2214.2
21.113750	2238.0
21.117500	2301.0
21.121250	2272.7
21.125000	2257.6
21.128750	2215.1
21.132500	2358.6
21.136250	2065.7
21.140000	2208.1
21.143750	2302.2
21.147500	2214.3
21.151250	2248.9
21.155000	2197.7
21.158750	2209.4
21.162500	2329.6
21.166250	2306.0
21.170000	2229.2
21.173750	2212.7
21.177500	2301.0
21.181250	2279.2
21.185000	2291.2
21.188750	2309.5
21.192500	2268.6
21.196250	2235.4
21.200000	2207.3
21.203750	2220.2
21.207500	2258.5
21.211250	2213.0
21.215000	2235.9
21.218750	2298.0
21.222500	2325.2
21.226250	2236.0
21.230000	2262.8
21.233750	2158.5
21.237500	2209.2
21.241250	2249.1
21.245000	2301.2
21.248750	2268.9
21.252500	2324.1
21.256250	2244.6
21.260000	2200.7
21.263750	2198.5
21.267500	2201.9
21.271250	2210.9
21.275000	2170.2
21.278750	2287.2
21.282500	2205.1
21.286250	2216.1
21.290000	2154.3
21.293750	2159.4
21.297500	2146.1
21.301250	2220.1
21.305000	2164.9
21.308750	2148.9
21.312500	2211.2
21.316250	2140.0
21.320000	2226.8
21.323750	2215.2
21.327500	2221.2
21.331250	2335.6
21.335000	2211.3
21.338750	2229.4
21.342500	2243.2
21.346250	2231.1
21.350000	2167.8
21.353750	2259.5
21.357500	2225.2
21.361250	2187.3
21.365000	2164.5
21.368750	2176.0
21.372500	2217.7
21.376250	2212.8
21.380000	2288.2
21.383750	2201.0
21.387500	2248.9
21.391250	2195.0
21.395000	2111.3
21.398750	2239.5
21.402500	2256.6
21.406250	2286.6
21.410000	2289.1
21.413750	2227.3
21.417500	2199.7
21.421250	2278.1
21.425000	2375.3
21.428750	2341.6
21.432500	2298.2
21.436250	2420.0
21.440000	2419.9
21.443750	2410.2
21.447500	2405.6
21.451250	2464.4
21.455000	2389.7
21.458750	2440.4
21.462500	2324.9
21.466250	2263.7
21.470000	2277.7
21.473750	2237.5
21.477500	2247.3
21.481250	2191.0
21.485000	2159.3
21.488750	2166.5
21.492500	2172.8
21.496250	2168.9
21.500000	2100.1
21.503750	2164.4
21.507500	2225.7
21.511250	2154.1
21.515000	2175.9
21.518750	2190.6
21.522500	2148.4
21.526250	2160.2
21.530000	2193.7
21.533750	2217.8
21.537500	2154.9
21.541250	2104.9
21.545000	2195.1
21.548750	2199.0
21.552500	2124.7
21.556250	2163.8
21.560000	2168.7
21.563750	2160.2
21.567500	2206.1
21.571250	2138.4
21.575000	2196.8
21.578750	2174.7
21.582500	2208.3
21.586250	2163.6
21.590000	2116.7
21.593750	2168.7
21.597500	2194.0
21.601250	2109.4
21.605000	2194.5
21.608750	2159.6
21.612500	2075.3
21.616250	2119.2
21.620000	2182.4
21.623750	2206.2
21.627500	2154.1
21.631250	2147.5
21.635000	2198.4
21.638750	2128.9
21.642500	2194.8
21.646250	2140.4
21.650000	2235.9
21.653750	2207.0
21.657500	2172.7
21.661250	2213.5
21.665000	2101.9
21.668750	2185.0
21.672500	2204.3
21.676250	2219.7
21.680000	2229.9
21.683750	2203.2
21.687500	2249.8
21.691250	2178.6
21.695000	2179.7
21.698750	2255.5
21.702500	2073.5
21.706250	2219.4
21.710000	2185.8
21.713750	2167.1
21.717500	2145.8
21.721250	2125.6
21.725000	2168.3
21.728750	2228.0
21.732500	2227.9
21.736250	2202.5
21.740000	2224.8
21.743750	2223.8
21.747500	2208.7
21.751250	2134.3
21.755000	2142.6
21.758750	2188.8
21.762500	2272.9
21.766250	2265.9
21.770000	2237.5
21.773750	2162.5
21.777500	2163.1
21.781250	2251.5
21.785000	2210.9
21.788750	2187.4
21.792500	2171.4
21.796250	2175.1
21.800000	2209.5
21.803750	2233.9
21.807500	2239.3
21.811250	2151.1
21.815000	2169.0
21.818750	2226.7
21.822500	2249.8
21.826250	2207.6
21.830000	2213.7
21.833750	2235.7
21.837500	2287.0
21.841250	2304.9
21.845000	2212.8
21.848750	2215.9
21.852500	2213.8
21.856250	2223.5
21.860000	2301.1
21.863750	2320.3
21.867500	2338.1
21.871250	2297.0
21.875000	2306.4
21.878750	2209.9
21.882500	2269.5
21.886250	2308.6
21.890000	2331.3
21.893750	2245.6
21.897500	2280.0
21.901250	2315.1
21.905000	2237.9
21.908750	2254.7
21.912500	2300.8
21.916250	2311.8
21.920000	2284.7
21.923750	2310.5
21.927500	2250.9
21.931250	2300.3
21.935000	2377.7
21.938750	2348.5
21.942500	2313.4
21.946250	2404.4
21.950000	2388.8
21.953750	2310.7
21.957500	2345.5
21.961250	2347.1
21.965000	2381.2
21.968750	2326.8
21.972500	2468.7
21.976250	2389.8
21.980000	2392.6
21.983750	2428.6
21.987500	2387.5
21.991250	2384.4
21.995000	2372.5
21.998750	2414.9
22.002500	2393.5
22.006250	2414.3
22.010000	2306.8
22.013750	2390.3
22.017500	2404.2
22.021250	2422.9
22.025000	2395.3
22.028750	2463.0
22.032500	2415.6
22.036250	2369.6
22.040000	2382.0
22.043750	2457.8
22.047500	2498.9
22.051250	2429.9
22.055000	2517.9
22.058750	2512.8
22.062500	2562.2
22.066250	2398.2
22.070000	2539.3
22.073750	2514.5
22.077500	2437.5
22.081250	2504.3
22.085000	2539.0
22.088750	2437.2
22.092500	2506.3
22.096250	2492.0
22.100000	2483.0
22.103750	2476.8
22.107500	2588.9
22.111250	2547.6
22.115000	2551.8
22.118750	2492.0
22.122500	2569.1
22.126250	2561.3
22.130000	2427.0
22.133750	2532.2
22.137500	2486.2
22.141250	2633.1
22.145000	2574.9
22.148750	2650.3
22.152500	2667.6
22.156250	2571.2
22.160000	2695.8
22.163750	2668.6
22.167500	2557.8
22.171250	2625.4
22.175000	2611.7
22.178750	2689.7
22.182500	2714.2
22.186250	2694.3
22.190000	2753.5
22.193750	2607.2
22.197500	2683.7
22.201250	2683.1
22.205000	2848.0
22.208750	2729.4
22.212500	2800.6
22.216250	2771.5
22.220000	2861.9
22.223750	2915.8
22.227500	2902.4
22.231250	2996.2
22.235000	3055.2
22.238750	3032.3
22.242500	3075.1
22.246250	3131.3
22.250000	3158.7
22.253750	3210.5
22.257500	3185.9
22.261250	3338.7
22.265000	3279.3
22.268750	3454.2
22.272500	3422.9
22.276250	3511.4
22.280000	3617.6
22.283750	3602.4
22.287500	3737.6
22.291250	3636.4
22.295000	3799.1
22.298750	3985.0
22.302500	3947.5
22.306250	4055.1
22.310000	4059.5
22.313750	4149.4
22.317500	4252.2
22.321250	4298.2
22.325000	4454.4
22.328750	4382.7
22.332500	4421.0
22.336250	4397.1
22.340000	4624.4
22.343750	4642.0
22.347500	4721.2
22.351250	4603.5
22.355000	4654.5
22.358750	4692.8
22.362500	4657.4
22.366250	4523.8
22.370000	4703.1
22.373750	4632.9
22.377500	4645.6
22.381250	4627.3
22.385000	4401.2
22.388750	4379.0
22.392500	4427.4
22.396250	4317.7
22.400000	4213.1
22.403750	4134.0
22.407500	4136.5
22.411250	4018.5
22.415000	3912.7
22.418750	3865.9
22.422500	3849.8
22.426250	3828.7
22.430000	3724.3
22.433750	3709.7
22.437500	3630.4
22.441250	3601.1
22.445000	3458.8
22.448750	3576.4
22.452500	3394.6
22.456250	3281.6
22.460000	3366.2
22.463750	3413.8
22.467500	3375.4
22.471250	3306.0
22.475000	3179.5
22.478750	3095.1
22.482500	3019.3
22.486250	2972.1
22.490000	2945.0
22.493750	2892.3
22.497500	3000.3
22.501250	2875.2
22.505000	2873.1
22.508750	2836.5
22.512500	2819.7
22.516250	2745.9
22.520000	2746.7
22.523750	2719.7
22.527500	2601.6
22.531250	2566.1
22.535000	2592.9
22.538750	2632.2
22.542500	2534.6
22.546250	2511.4
22.550000	2480.5
22.553750	2463.6
22.557500	2502.2
22.561250	2467.2
22.565000	2432.2
22.568750	2312.7
22.572500	2357.0
22.576250	2393.9
22.580000	2319.4
22.583750	2389.1
22.587500	2384.4
22.591250	2340.8
22.595000	2331.0
22.598750	2332.0
22.602500	2367.2
22.606250	2240.7
22.610000	2308.1
22.613750	2308.0
22.617500	2293.9
22.621250	2287.7
22.625000	2232.2
22.628750	2161.3
22.632500	2237.5
22.636250	2270.9
22.640000	2220.3
22.643750	2216.1
22.647500	2288.1
22.651250	2251.7
22.655000	2129.3
22.658750	2200.8
22.662500	2180.7
22.666250	2098.9
22.670000	2125.5
22.673750	2161.6
22.677500	2167.3
22.681250	2083.9
22.685000	2136.5
22.688750	2133.9
22.692500	2102.1
22.696250	2047.0
22.700000	2085.2
22.703750	2120.5
22.707500	2096.7
22.711250	2100.7
22.715000	2071.4
22.718750	2090.5
22.722500	2109.9
22.726250	2118.7
22.730000	2038.8
22.733750	2080.0
22.737500	2106.4
22.741250	2047.0
22.745000	2030.2
22.748750	2097.9
22.752500	2024.2
22.756250	2006.1
22.760000	2063.1
22.763750	2044.4
22.767500	2057.9
22.771250	2009.7
22.775000	2051.6
22.778750	2075.1
22.782500	2141.9
22.786250	2127.0
22.790000	2050.9
22.793750	2088.3
22.797500	2062.5
22.801250	2061.2
22.805000	1995.4
22.808750	2039.4
22.812500	1981.6
22.816250	1988.7
22.820000	2054.9
22.823750	1986.0
22.827500	1934.1
22.831250	2013.7
22.835000	2015.0
22.838750	1977.7
22.842500	2059.7
22.846250	2013.5
22.850000	1962.7
22.853750	1940.7
22.857500	1976.8
22.861250	1948.3
22.865000	1908.6
22.868750	1926.9
22.872500	1995.1
22.876250	1981.2
22.880000	1982.6
22.883750	1946.0
22.887500	1934.1
22.891250	1910.1
22.895000	1995.3
22.898750	1997.8
22.902500	1963.9
22.906250	1923.7
22.910000	1952.5
22.913750	1981.8
22.917500	1985.1
22.921250	1924.4
22.925000	1937.2
22.928750	1992.8
22.932500	1948.0
22.936250	1976.3
22.940000	1988.3
22.943750	1931.6
22.947500	1940.0
22.951250	2001.4
22.955000	1920.7
22.958750	1905.1
22.962500	1833.0
22.966250	1927.1
22.970000	1963.4
22.973750	1927.1
22.977500	1978.9
22.981250	1956.3
22.985000	1923.1
22.988750	1947.3
22.992500	1981.4
22.996250	1992.5
23.000000	1974.6
23.003750	1952.7
23.007500	1973.0
23.011250	1932.2
23.015000	1993.3
23.018750	2021.7
23.022500	1980.2
23.026250	1964.4
23.030000	1955.0
23.033750	2036.4
23.037500	2012.9
23.041250	2070.5
23.045000	2138.8
23.048750	2094.9
23.052500	2109.4
23.056250	2106.9
23.060000	2049.9
23.063750	2136.4
23.067500	2063.6
23.071250	2063.7
23.075000	2005.0
23.078750	2050.8
23.082500	1999.6
23.086250	1971.5
23.090000	1959.7
23.093750	1944.1
23.097500	1951.3
23.101250	1930.3
23.105000	1984.0
23.108750	1993.9
23.112500	1959.8
23.116250	2000.2
23.120000	1966.5
23.123750	1960.1
23.127500	1935.5
23.131250	1857.2
23.135000	1916.5
23.138750	1927.7
23.142500	1839.9
23.146250	1945.3
23.150000	1898.0
23.153750	1966.3
23.157500	1946.7
23.161250	1894.6
23.165000	1945.8
23.168750	1899.0
23.172500	1993.8
23.176250	1914.9
23.180000	1912.9
23.183750	1916.9
23.187500	1909.7
23.191250	1857.6
23.195000	1871.8
23.198750	1964.1
23.202500	1884.7
23.206250	1826.2
23.210000	1852.9
23.213750	1932.3
23.217500	1879.8
23.221250	1861.9
23.225000	1868.4
23.228750	1837.3
23.232500	1867.6
23.236250	1917.9
23.240000	1881.4
23.243750	1919.6
23.247500	1861.4
23.251250	1864.7
23.255000	1891.0
23.258750	1867.8
23.262500	1826.4
23.266250	1891.4
23.270000	1897.7
23.273750	1862.2
23.277500	1883.5
23.281250	1910.5
23.285000	1891.6
23.288750	1825.2
23.292500	1870.2
23.296250	1902.4
23.300000	1852.9
23.303750	1926.0
23.307500	1881.0
23.311250	1876.8
23.315000	1847.7
23.318750	1843.9
23.322500	1876.8
23.326250	1905.5
23.330000	1909.5
23.333750	1816.9
23.337500	1925.1
23.341250	1884.7
23.345000	1851.4
23.348750	1826.7
23.352500	1857.0
23.356250	1779.7
23.360000	1886.9
23.363750	1879.7
23.367500	1830.4
23.371250	1888.1
23.375000	1883.2
23.378750	1874.7
23.382500	1892.3
23.386250	1797.0
23.390000	1922.7
23.393750	1854.4
23.397500	1864.7
23.401250	1842.1
23.405000	1847.4
23.408750	1821.0
23.412500	1880.7
23.416250	1869.1
23.420000	1792.4
23.423750	1870.0
23.427500	1958.8
23.431250	2027.8
23.435000	2088.5
23.438750	2203.8
23.442500	2272.4
23.446250	2303.3
23.450000	2238.6
23.453750	2263.7
23.457500	2350.2
23.461250	2200.2
23.465000	2070.0
23.468750	2076.5
23.472500	1886.0
23.476250	1955.3
23.480000	1892.6
23.483750	1908.5
23.487500	1921.2
23.491250	1861.0
23.495000	1823.4
23.498750	1819.4
23.502500	1766.3
23.506250	1817.8
23.510000	1867.0
23.513750	1858.0
23.517500	1858.2
23.521250	1826.3
23.525000	1783.9
23.528750	1855.1
23.532500	1853.8
23.536250	1835.7
23.540000	1835.7
23.543750	1849.8
23.547500	1867.3
23.551250	1812.1
23.555000	1848.3
23.558750	1876.5
23.562500	1882.4
23.566250	1867.9
23.570000	1810.7
23.573750	1785.1
23.577500	1850.0
23.581250	1873.7
23.585000	1842.7
23.588750	1963.0
23.592500	1910.4
23.596250	1868.1
23.600000	1860.2
23.603750	1818.1
23.607500	1907.9
23.611250	1889.2
23.615000	1831.5
23.618750	1837.2
23.622500	1886.8
23.626250	1836.2
23.630000	1824.2
23.633750	1875.8
23.637500	1839.2
23.641250	1912.5
23.645000	1864.1
23.648750	1839.9
23.652500	1886.3
23.656250	1791.2
23.660000	1806.3
23.663750	1779.3
23.667500	1839.7
23.671250	1814.5
23.675000	1852.0
23.678750	1818.3
23.682500	1863.8
23.686250	1856.4
23.690000	1897.4
23.693750	1799.8
23.697500	1818.3
23.701250	1770.3
23.705000	1820.2
23.708750	1838.2
23.712500	1800.5
23.716250	1868.2
23.720000	1748.4
23.723750	1810.3
23.727500	1807.0
23.731250	1827.2
23.735000	1836.6
23.738750	1739.6
23.742500	1805.7
23.746250	1802.0
23.750000	1751.7
23.753750	1892.8
23.757500	1820.8
23.761250	1740.4
23.765000	1753.8
23.768750	1832.2
23.772500	1836.8
23.776250	1870.1
23.780000	1814.1
23.783750	1825.7
23.787500	1909.8
23.791250	1853.0
23.795000	1807.0
23.798750	1887.6
23.802500	1839.9
23.806250	1844.1
23.810000	1890.3
23.813750	1803.1
23.817500	1860.8
23.821250	1926.1
23.825000	1915.0
23.828750	1925.2
23.832500	1976.1
23.836250	1782.0
23.840000	1873.4
23.843750	1821.1
23.847500	1858.3
23.851250	1873.8
23.855000	1881.5
23.858750	1853.2
23.862500	1831.6
23.866250	1826.3
23.870000	1788.4
23.873750	1856.0
23.877500	1800.1
23.881250	1762.4
23.885000	1797.6
23.888750	1809.6
23.892500	1747.6
23.896250	1785.7
23.900000	1784.1
23.903750	1855.0
23.907500	1873.4
23.911250	1711.0
23.915000	1757.8
23.918750	1868.6
23.922500	1815.5
23.926250	1831.3
23.930000	1805.0
23.933750	1810.8
23.937500	1841.5
23.941250	1815.5
23.945000	1881.8
23.948750	1832.1
23.952500	1849.2
23.956250	1849.1
23.960000	1785.6
23.963750	1786.1
23.967500	1842.6
23.971250	1805.5
23.975000	1787.7
23.978750	1863.6
23.982500	1819.0
23.986250	1823.9
23.990000	1853.3
23.993750	1865.1
23.997500	1898.3
24.001250	1912.5
24.005000	1829.9
24.008750	1786.5
24.012500	1844.2
24.016250	1876.4
24.020000	1828.6
24.023750	1921.1
24.027500	1910.6
24.031250	1876.7
24.035000	1860.5
24.038750	1835.6
24.042500	1927.2
24.046250	1889.4
24.050000	1887.8
24.053750	1890.3
24.057500	1927.9
24.061250	1881.3
24.065000	1934.3
24.068750	1932.5
24.072500	1968.2
24.076250	1959.8
24.080000	1907.2
24.083750	2010.8
24.087500	1918.7
24.091250	1925.0
24.095000	1952.8
24.098750	2005.0
24.102500	2032.1
24.106250	2013.1
24.110000	1995.1
24.113750	1961.1
24.117500	2017.1
24.121250	2053.4
24.125000	2063.4
24.128750	1968.0
24.132500	1975.5
24.136250	2103.5
24.140000	2069.4
24.143750	2046.1
24.147500	2098.1
24.151250	2069.4
24.155000	2083.7
24.158750	2093.8
24.162500	2061.8
24.166250	2097.6
24.170000	2049.9
24.173750	2082.0
24.177500	2076.4
24.181250	2081.8
24.185000	2075.0
24.188750	2093.7
24.192500	2117.0
24.196250	2132.9
24.200000	2094.8
24.203750	2114.7
24.207500	2069.4
24.211250	2000.1
24.215000	2093.2
24.218750	2049.0
24.222500	1991.3
24.226250	2062.1
24.230000	2004.2
24.233750	1984.1
24.237500	1985.4
24.241250	1998.4
24.245000	1997.5
24.248750	1964.4
24.252500	1958.2
24.256250	1990.6
24.260000	2018.5
24.263750	1948.1
24.267500	1912.6
24.271250	1876.9
24.275000	1975.6
24.278750	1900.5
24.282500	1932.1
24.286250	1958.3
24.290000	1883.5
24.293750	1887.1
24.297500	1871.8
24.301250	1837.7
24.305000	1965.2
24.308750	1887.4
24.312500	1815.4
24.316250	1787.9
24.320000	1801.3
24.323750	1874.0
24.327500	1831.7
24.331250	1864.0
24.335000	1869.8
24.338750	1778.6
24.342500	1743.0
24.346250	1734.2
24.350000	1811.1
24.353750	1817.0
24.357500	1759.3
24.361250	1824.4
24.365000	1814.2
24.368750	1749.4
24.372500	1772.8
24.376250	1799.3
24.380000	1733.0
24.383750	1774.9
24.387500	1824.3
24.391250	1754.4
24.395000	1765.6
24.398750	1756.6
24.402500	1725.2
24.406250	1723.6
24.410000	1771.2
24.413750	1693.1
24.417500	1734.0
24.421250	1731.7
24.425000	1776.9
24.428750	1751.2
24.432500	1740.0
24.436250	1730.0
24.440000	1686.8
24.443750	1696.0
24.447500	1727.5
24.451250	1714.2
24.455000	1688.2
24.458750	1720.8
24.462500	1739.7
24.466250	1793.4
24.470000	1725.2
24.473750	1708.8
24.477500	1679.2
24.481250	1729.7
24.485000	1685.6
24.488750	1668.7
24.492500	1703.1
24.496250	1723.6
24.500000	1710.2
24.503750	1720.4
24.507500	1705.4
24.511250	1700.5
24.515000	1646.1
24.518750	1662.9
24.522500	1745.9
24.526250	1684.2
24.530000	1655.2
24.533750	1652.8
24.537500	1652.5
24.541250	1709.8
24.545000	1711.8
24.548750	1693.9
24.552500	1669.2
24.556250	1698.9
24.560000	1714.0
24.563750	1670.7
24.567500	1653.9
24.571250	1697.2
24.575000	1701.8
24.578750	1672.0
24.582500	1655.6
24.586250	1676.1
24.590000	1673.9
24.593750	1630.5
24.597500	1618.5
24.601250	1661.1
24.605000	1669.4
24.608750	1698.7
24.612500	1686.7
24.616250	1647.3
24.620000	1665.7
24.623750	1654.8
24.627500	1665.1
24.631250	1662.1
24.635000	1658.5
24.638750	1697.7
24.642500	1631.0
24.646250	1609.7
24.650000	1665.8
24.653750	1714.2
24.657500	1681.1
24.661250	1590.9
24.665000	1577.6
24.668750	1659.3
24.672500	1651.9
24.676250	1708.0
24.680000	1719.8
24.683750	1714.6
24.687500	1710.9
24.691250	1680.0
24.695000	1633.9
24.698750	1687.7
24.702500	1727.0
24.706250	1646.9
24.710000	1628.2
24.713750	1645.2
24.717500	1647.4
24.721250	1719.9
24.725000	1730.7
24.728750	1617.7
24.732500	1672.9
24.736250	1722.5
24.740000	1636.3
24.743750	1637.5
24.747500	1647.0
24.751250	1621.7
24.755000	1715.3
24.758750	1613.3
24.762500	1638.8
24.766250	1645.2
24.770000	1625.1
24.773750	1593.7
24.777500	1618.4
24.781250	1674.0
24.785000	1574.0
24.788750	1640.1
24.792500	1689.6
24.796250	1647.2
24.800000	1613.2
24.803750	1626.8
24.807500	1640.1
24.811250	1729.6
24.815000	1616.5
24.818750	1648.3
24.822500	1615.3
24.826250	1571.4
24.830000	1627.0
24.833750	1588.8
24.837500	1640.7
24.841250	1672.1
24.845000	1611.7
24.848750	1595.5
24.852500	1598.3
24.856250	1693.5
24.860000	1563.9
24.863750	1675.5
24.867500	1612.6
24.871250	1638.7
24.875000	1647.0
24.878750	1671.5
24.882500	1590.9
24.886250	1660.3
24.890000	1576.0
24.893750	1698.1
24.897500	1636.2
24.901250	1581.2
24.905000	1601.6
24.908750	1638.1
24.912500	1555.0
24.916250	1655.4
24.920000	1594.5
24.923750	1518.4
24.927500	1560.1
24.931250	1609.1
24.935000	1574.9
24.938750	1616.7
24.942500	1617.2
24.946250	1594.6
24.950000	1629.8
24.953750	1627.6
24.957500	1622.8
24.961250	1605.3
24.965000	1573.0
24.968750	1593.7
24.972500	1650.0
24.976250	1560.5
24.980000	1559.8
24.983750	1632.5
24.987500	1584.6
24.991250	1602.7
24.995000	1621.4
24.998750	1619.2
25.002500	1599.3
25.006250	1568.9
25.010000	1597.6
25.013750	1562.6
25.017500	1567.7
25.021250	1601.7
25.025000	1634.5
25.028750	1564.3
25.032500	1578.6
25.036250	1641.5
25.040000	1589.7
25.043750	1600.4
25.047500	1568.9
25.051250	1622.4
25.055000	1588.5
25.058750	1669.3
25.062500	1561.5
25.066250	1566.6
25.070000	1669.5
25.073750	1542.8
25.077500	1545.4
25.081250	1629.0
25.085000	1583.2
25.088750	1577.8
25.092500	1627.6
25.096250	1616.1
25.100000	1546.3
25.103750	1694.0
25.107500	1638.0
25.111250	1599.0
25.115000	1582.6
25.118750	1578.4
25.122500	1594.9
25.126250	1642.2
25.130000	1606.4
25.133750	1588.0
25.137500	1581.9
25.141250	1641.9
25.145000	1667.9
25.148750	1589.0
25.152500	1538.4
25.156250	1631.8
25.160000	1624.4
25.163750	1572.5
25.167500	1628.1
25.171250	1601.1
25.175000	1604.7
25.178750	1648.7
25.182500	1612.5
25.186250	1593.2
25.190000	1618.4
25.193750	1611.2
25.197500	1622.8
25.201250	1590.3
25.205000	1668.4
25.208750	1550.4
25.212500	1567.8
25.216250	1544.1
25.220000	1553.7
25.223750	1636.9
25.227500	1624.8
25.231250	1532.9
25.235000	1583.7
25.238750	1552.0
25.242500	1554.2
25.246250	1582.2
25.250000	1569.0
25.253750	1608.1
25.257500	1574.1
25.261250	1573.9
25.265000	1579.7
25.268750	1612.2
25.272500	1640.0
25.276250	1683.9
25.280000	1698.3
25.283750	1759.2
25.287500	1861.3
25.291250	1851.9
25.295000	1819.6
25.298750	1947.4
25.302500	1936.8
25.306250	1847.5
25.310000	1856.8
25.313750	1774.5
25.317500	1674.7
25.321250	1657.4
25.325000	1657.5
25.328750	1630.8
25.332500	1592.7
25.336250	1577.9
25.340000	1611.1
25.343750	1495.1
25.347500	1525.2
25.351250	1538.3
25.355000	1522.9
25.358750	1595.2
25.362500	1587.2
25.366250	1558.9
25.370000	1628.0
25.373750	1540.4
25.377500	1539.6
25.381250	1606.1
25.385000	1562.8
25.388750	1542.9
25.392500	1515.8
25.396250	1534.9
25.400000	1647.5
25.403750	1543.5
25.407500	1509.4
25.411250	1595.6
25.415000	1602.9
25.418750	1606.6
25.422500	1486.0
25.426250	1535.9
25.430000	1591.5
25.433750	1534.6
25.437500	1512.9
25.441250	1511.4
25.445000	1526.1
25.448750	1513.8
25.452500	1577.6
25.456250	1553.5
25.460000	1580.3
25.463750	1629.9
25.467500	1475.3
25.471250	1534.6
25.475000	1589.1
25.478750	1546.7
25.482500	1519.9
25.486250	1517.7
25.490000	1586.2
25.493750	1536.9
25.497500	1481.3
25.501250	1460.5
25.505000	1540.3
25.508750	1592.6
25.512500	1505.3
25.516250	1509.9
25.520000	1656.0
25.523750	1602.1
25.527500	1554.6
25.531250	1577.5
25.535000	1545.1
25.538750	1512.6
25.542500	1519.3
25.546250	1542.7
25.550000	1606.1
25.553750	1658.1
25.557500	1660.9
25.561250	1557.3
25.565000	1562.2
25.568750	1597.6
25.572500	1534.4
25.576250	1593.5
25.580000	1548.0
25.583750	1480.4
25.587500	1555.2
25.591250	1515.7
25.595000	1586.5
25.598750	1582.8
25.602500	1592.7
25.606250	1555.6
25.610000	1442.9
25.613750	1523.7
25.617500	1605.6
25.621250	1567.9
25.625000	1475.6
25.628750	1455.9
25.632500	1569.9
25.636250	1560.3
25.640000	1592.1
25.643750	1553.1
25.647500	1575.8
25.651250	1539.3
25.655000	1529.3
25.658750	1508.1
25.662500	1525.9
25.666250	1630.1
25.670000	1643.3
25.673750	1574.9
25.677500	1497.3
25.681250	1609.7
25.685000	1540.7
25.688750	1500.6
25.692500	1614.4
25.696250	1565.3
25.700000	1577.6
25.703750	1542.6
25.707500	1549.4
25.711250	1509.7
25.715000	1487.7
25.718750	1557.9
25.722500	1526.8
25.726250	1546.0
25.730000	1525.4
25.733750	1540.5
25.737500	1503.8
25.741250	1490.7
25.745000	1538.8
25.748750	1590.4
25.752500	1571.5
25.756250	1566.2
25.760000	1533.0
25.763750	1517.7
25.767500	1587.8
25.771250	1561.5
25.775000	1544.0
25.778750	1615.9
25.782500	1609.8
25.786250	1673.1
25.790000	1697.0
25.793750	1705.0
25.797500	1682.9
25.801250	1697.6
25.805000	1699.3
25.808750	1650.8
25.812500	1636.0
25.816250	1603.2
25.820000	1576.2
25.823750	1581.0
25.827500	1541.7
25.831250	1564.0
25.835000	1519.3
25.838750	1531.6
25.842500	1521.4
25.846250	1509.5
25.850000	1511.2
25.853750	1532.6
25.857500	1515.0
25.861250	1471.0
25.865000	1561.2
25.868750	1572.9
25.872500	1523.8
25.876250	1474.9
25.880000	1461.1
25.883750	1505.2
25.887500	1541.2
25.891250	1478.2
25.895000	1496.3
25.898750	1516.2
25.902500	1570.8
25.906250	1560.1
25.910000	1507.4
25.913750	1518.1
25.917500	1531.2
25.921250	1498.4
25.925000	1492.2
25.928750	1504.1
25.932500	1517.6
25.936250	1509.7
25.940000	1511.5
25.943750	1499.4
25.947500	1554.4
25.951250	1536.7
25.955000	1548.4
25.958750	1585.7
25.962500	1551.8
25.966250	1608.6
25.970000	1571.3
25.973750	1579.2
25.977500	1598.2
25.981250	1647.1
25.985000	1604.9
25.988750	1593.6
25.992500	1710.9
25.996250	1624.6
26.000000	1670.3
26.003750	1666.9
26.007500	1589.3
26.011250	1634.0
26.015000	1631.1
26.018750	1602.3
26.022500	1401.1
26.026250	1423.3
26.030000	1546.0
26.033750	1436.5
26.037500	1530.3
26.041250	1493.5
26.045000	1505.2
26.048750	1526.9
26.052500	1605.9
26.056250	1514.1
26.060000	1484.5
26.063750	1509.4
26.067500	1518.3
26.071250	1470.6
26.075000	1524.2
26.078750	1495.6
26.082500	1529.0
26.086250	1524.8
26.090000	1476.1
26.093750	1532.5
26.097500	1415.4
26.101250	1394.0
26.105000	1518.1
26.108750	1634.9
26.112500	1504.2
26.116250	1544.9
26.120000	1501.2
26.123750	1520.8
26.127500	1566.7
26.131250	1534.7
26.135000	1468.9
26.138750	1476.2
26.142500	1521.3
26.146250	1539.6
26.150000	1540.5
26.153750	1550.5
26.157500	1527.6
26.161250	1466.8
26.165000	1410.3
26.168750	1496.7
26.172500	1510.8
26.176250	1548.9
26.180000	1596.9
26.183750	1499.2
26.187500	1531.3
26.191250	1489.1
26.195000	1537.2
26.198750	1536.9
26.202500	1513.6
26.206250	1533.2
26.210000	1510.3
26.213750	1554.6
26.217500	1505.2
26.221250	1489.5
26.225000	1524.6
26.228750	1491.6
26.232500	1505.7
26.236250	1515.5
26.240000	1494.2
26.243750	1510.5
26.247500	1553.6
26.251250	1534.8
26.255000	1537.2
26.258750	1513.0
26.262500	1494.7
26.266250	1532.9
26.270000	1434.5
26.273750	1479.0
26.277500	1495.2
26.281250	1506.6
26.285000	1486.2
26.288750	1436.9
26.292500	1442.0
26.296250	1502.4
26.300000	1480.0
26.303750	1462.3
26.307500	1473.3
26.311250	1571.5
26.315000	1550.8
26.318750	1513.6
26.322500	1507.7
26.326250	1434.9
26.330000	1448.4
26.333750	1490.1
26.337500	1494.2
26.341250	1510.0
26.345000	1497.7
26.348750	1531.6
26.352500	1514.5
26.356250	1498.0
26.360000	1443.3
26.363750	1537.6
26.367500	1555.0
26.371250	1506.1
26.375000	1504.0
26.378750	1479.4
26.382500	1510.2
26.386250	1465.8
26.390000	1535.7
26.393750	1443.4
26.397500	1489.4
26.401250	1452.1
26.405000	1411.3
26.408750	1445.5
26.412500	1448.4
26.416250	1487.0
26.420000	1464.5
26.423750	1493.2
26.427500	1510.2
26.431250	1484.8
26.435000	1467.8
26.438750	1512.8
26.442500	1526.6
26.446250	1496.3
26.450000	1483.4
26.453750	1482.0
26.457500	1489.5
26.461250	1459.7
26.465000	1520.3
26.468750	1448.5
26.472500	1390.9
26.476250	1478.0
26.480000	1511.3
26.483750	1460.7
26.487500	1482.9
26.491250	1569.8
26.495000	1484.2
26.498750	1425.7
26.502500	1427.5
26.506250	1524.8
26.510000	1515.2
26.513750	1492.6
26.517500	1520.8
26.521250	1435.8
26.525000	1523.6
26.528750	1523.0
26.532500	1468.1
26.536250	1436.5
26.540000	1446.1
26.543750	1401.4
26.547500	1485.5
26.551250	1428.2
26.555000	1480.8
26.558750	1557.7
26.562500	1495.5
26.566250	1518.8
26.570000	1530.1
26.573750	1496.4
26.577500	1437.7
26.581250	1531.0
26.585000	1474.4
26.588750	1472.5
26.592500	1472.2
26.596250	1468.2
26.600000	1499.1
26.603750	1454.6
26.607500	1441.8
26.611250	1463.2
26.615000	1479.0
26.618750	1475.1
26.622500	1517.4
26.626250	1546.9
26.630000	1438.9
26.633750	1453.5
26.637500	1471.5
26.641250	1456.4
26.645000	1406.7
26.648750	1506.4
26.652500	1425.5
26.656250	1490.3
26.660000	1476.2
26.663750	1492.9
26.667500	1426.0
26.671250	1430.4
26.675000	1507.6
26.678750	1484.1
26.682500	1513.3
26.686250	1499.2
26.690000	1519.1
26.693750	1502.0
26.697500	1440.5
26.701250	1460.4
26.705000	1547.3
26.708750	1491.5
26.712500	1459.4
26.716250	1505.0
26.720000	1466.9
26.723750	1416.4
26.727500	1501.9
26.731250	1503.6
26.735000	1466.1
26.738750	1407.5
26.742500	1464.3
26.746250	1460.3
26.750000	1452.0
26.753750	1464.6
26.757500	1427.9
26.761250	1435.7
26.765000	1455.5
26.768750	1459.6
26.772500	1447.3
26.776250	1551.6
26.780000	1449.9
26.783750	1446.4
26.787500	1422.5
26.791250	1435.4
26.795000	1445.2
26.798750	1437.5
26.802500	1399.5
26.806250	1484.7
26.810000	1479.1
26.813750	1449.5
26.817500	1418.7
26.821250	1544.1
26.825000	1479.8
26.828750	1490.7
26.832500	1494.3
26.836250	1448.3
26.840000	1399.6
26.843750	1394.2
26.847500	1456.8
26.851250	1462.9
26.855000	1431.0
26.858750	1464.4
26.862500	1496.3
26.866250	1439.8
26.870000	1467.3
26.873750	1435.9
26.877500	1488.6
26.881250	1463.1
26.885000	1428.3
26.888750	1478.0
26.892500	1468.9
26.896250	1480.9
26.900000	1445.0
26.903750	1462.4
26.907500	1483.0
26.911250	1474.3
26.915000	1438.1
26.918750	1429.6
26.922500	1528.5
26.926250	1482.7
26.930000	1477.4
26.933750	1512.6
26.937500	1488.4
26.941250	1459.4
26.945000	1418.6
26.948750	1466.7
26.952500	1482.8
26.956250	1424.7
26.960000	1460.0
26.963750	1497.8
26.967500	1491.3
26.971250	1482.0
26.975000	1500.6
26.978750	1583.2
26.982500	1500.6
26.986250	1499.1
26.990000	1495.8
26.993750	1545.8
26.997500	1580.6
27.001250	1490.4
27.005000	1541.6
27.008750	1524.7
27.012500	1483.3
27.016250	1444.5
27.020000	1568.4
27.023750	1536.0
27.027500	1550.4
27.031250	1540.9
27.035000	1487.7
27.038750	1556.8
27.042500	1487.2
27.046250	1480.9
27.050000	1557.7
27.053750	1553.3
27.057500	1533.1
27.061250	1602.3
27.065000	1536.2
27.068750	1549.4
27.072500	1583.2
27.076250	1521.7
27.080000	1565.0
27.083750	1610.6
27.087500	1504.8
27.091250	1621.1
27.095000	1581.9
27.098750	1562.2
27.102500	1629.5
27.106250	1684.5
27.110000	1680.5
27.113750	1686.0
27.117500	1731.9
27.121250	1716.5
27.125000	1774.4
27.128750	1834.3
27.132500	1921.9
27.136250	1887.3
27.140000	1893.6
27.143750	1898.8
27.147500	1917.7
27.151250	1911.2
27.155000	1897.0
27.158750	1872.9
27.162500	1745.1
27.166250	1777.7
27.170000	1816.8
27.173750	1717.8
27.177500	1675.6
27.181250	1790.6
27.185000	1793.4
27.188750	1864.6
27.192500	1844.8
27.196250	1803.8
27.200000	1858.1
27.203750	1809.0
27.207500	1898.5
27.211250	1904.1
27.215000	1963.1
27.218750	1944.8
27.222500	1872.3
27.226250	1925.9
27.230000	1896.8
27.233750	2011.2
27.237500	2003.7
27.241250	1964.5
27.245000	2118.0
27.248750	2098.2
27.252500	2081.4
27.256250	2038.3
27.260000	2106.1
27.263750	2150.3
27.267500	2193.9
27.271250	2126.6
27.275000	2090.0
27.278750	2194.3
27.282500	2212.3
27.286250	2214.4
27.290000	2166.8
27.293750	2184.2
27.297500	2202.0
27.301250	2245.4
27.305000	2194.3
27.308750	2140.8
27.312500	2250.9
27.316250	2292.2
27.320000	2348.7
27.323750	2219.4
27.327500	2266.6
27.331250	2336.9
27.335000	2333.5
27.338750	2320.8
27.342500	2318.9
27.346250	2291.8
27.350000	2349.3
27.353750	2355.5
27.357500	2274.0
27.361250	2337.6
27.365000	2470.6
27.368750	2366.7
27.372500	2345.7
27.376250	2417.6
27.380000	2436.1
27.383750	2437.2
27.387500	2401.9
27.391250	2408.8
27.395000	2425.2
27.398750	2454.5
27.402500	2479.7
27.406250	2456.7
27.410000	2454.0
27.413750	2508.9
27.417500	2548.6
27.421250	2562.5
27.425000	2484.7
27.428750	2609.1
27.432500	2732.8
27.436250	2632.9
27.440000	2579.7
27.443750	2613.3
27.447500	2684.7
27.451250	2718.9
27.455000	2775.9
27.458750	2733.7
27.462500	2646.6
27.466250	2725.3
27.470000	2732.1
27.473750	2661.0
27.477500	2817.6
27.481250	2700.5
27.485000	2814.4
27.488750	2779.7
27.492500	2779.4
27.496250	2682.0
27.500000	2755.9
27.503750	2735.6
27.507500	2864.8
27.511250	2678.3
27.515000	2644.3
27.518750	2673.6
27.522500	2631.6
27.526250	2573.9
27.530000	2711.2
27.533750	2627.0
27.537500	2585.6
27.541250	2610.7
27.545000	2597.6
27.548750	2485.3
27.552500	2420.4
27.556250	2388.7
27.560000	2404.5
27.563750	2242.9
27.567500	2353.3
27.571250	2301.5
27.575000	2236.6
27.578750	2234.5
27.582500	2183.2
27.586250	2133.2
27.590000	2100.0
27.593750	2096.0
27.597500	2096.4
27.601250	2087.0
27.605000	2075.9
27.608750	2037.3
27.612500	1922.3
27.616250	1952.0
27.620000	1904.0
27.623750	1872.2
27.627500	1936.5
27.631250	1881.6
27.635000	1836.0
27.638750	1907.0
27.642500	1848.3
27.646250	1806.1
27.650000	1750.5
27.653750	1746.7
27.657500	1703.2
27.661250	1706.6
27.665000	1724.9
27.668750	1697.0
27.672500	1722.6
27.676250	1634.3
27.680000	1654.0
27.683750	1661.3
27.687500	1687.6
27.691250	1653.3
27.695000	1623.4
27.698750	1655.4
27.702500	1632.0
27.706250	1614.6
27.710000	1554.0
27.713750	1568.3
27.717500	1526.3
27.721250	1507.1
27.725000	1471.4
27.728750	1540.6
27.732500	1581.7
27.736250	1504.7
27.740000	1605.5
27.743750	1572.5
27.747500	1518.2
27.751250	1489.8
27.755000	1538.1
27.758750	1492.8
27.762500	1497.1
27.766250	1412.8
27.770000	1496.7
27.773750	1466.3
27.777500	1481.3
27.781250	1444.0
27.785000	1489.9
27.788750	1482.1
27.792500	1519.2
27.796250	1509.3
27.800000	1484.0
27.803750	1442.0
27.807500	1404.9
27.811250	1462.4
27.815000	1483.3
27.818750	1430.8
27.822500	1441.8
27.826250	1441.4
27.830000	1407.9
27.833750	1509.8
27.837500	1460.4
27.841250	1392.9
27.845000	1499.6
27.848750	1442.8
27.852500	1438.8
27.856250	1409.8
27.860000	1416.8
27.863750	1409.4
27.867500	1483.2
27.871250	1397.8
27.875000	1466.9
27.878750	1432.1
27.882500	1445.8
27.886250	1481.5
27.890000	1428.4
27.893750	1427.3
27.897500	1469.0
27.901250	1470.7
27.905000	1482.7
27.908750	1381.1
27.912500	1410.3
27.916250	1432.7
27.920000	1473.4
27.923750	1456.4
27.927500	1430.1
27.931250	1448.7
27.935000	1443.4
27.938750	1372.4
27.942500	1496.3
27.946250	1373.5
27.950000	1417.6
27.953750	1467.2
27.957500	1487.0
27.961250	1399.9
27.965000	1436.6
27.968750	1457.8
27.972500	1503.3
27.976250	1431.0
27.980000	1510.8
27.983750	1556.6
27.987500	1520.8
27.991250	1475.2
27.995000	1504.4
27.998750	1544.7
28.002500	1581.2
28.006250	1575.5
28.010000	1563.6
28.013750	1535.2
28.017500	1621.0
28.021250	1655.5
28.025000	1662.5
28.028750	1664.5
28.032500	1738.6
28.036250	1781.2
28.040000	1806.8
28.043750	1840.7
28.047500	1805.3
28.051250	1959.4
28.055000	2100.2
28.058750	2177.1
28.062500	2306.7
28.066250	2456.2
28.070000	2703.3
28.073750	2955.8
28.077500	3389.4
28.081250	3800.0
28.085000	4445.3
28.088750	5155.0
28.092500	5962.3
28.096250	6303.9
28.100000	6996.1
28.103750	7157.0
28.107500	7292.6
28.111250	7120.8
28.115000	6808.2
28.118750	6241.3
28.122500	5367.7
28.126250	4557.7
28.130000	3866.5
28.133750	3259.9
28.137500	2882.5
28.141250	2601.6
28.145000	2357.5
28.148750	2201.7
28.152500	2081.8
28.156250	1930.2
28.160000	1914.6
28.163750	1850.9
28.167500	1824.1
28.171250	1662.7
28.175000	1664.8
28.178750	1675.7
28.182500	1646.9
28.186250	1582.8
28.190000	1524.3
28.193750	1600.3
28.197500	1517.0
28.201250	1498.4
28.205000	1459.1
28.208750	1561.3
28.212500	1452.0
28.216250	1502.6
28.220000	1450.5
28.223750	1431.1
28.227500	1417.9
28.231250	1418.0
28.235000	1434.4
28.238750	1443.5
28.242500	1421.5
28.246250	1444.3
28.250000	1394.2
28.253750	1385.3
28.257500	1401.4
28.261250	1380.0
28.265000	1398.6
28.268750	1361.7
28.272500	1357.3
28.276250	1343.1
28.280000	1334.1
28.283750	1338.9
28.287500	1380.2
28.291250	1286.4
28.295000	1395.5
28.298750	1345.3
28.302500	1370.4
28.306250	1290.2
28.310000	1317.8
28.313750	1321.6
28.317500	1358.1
28.321250	1299.5
28.325000	1331.8
28.328750	1330.2
28.332500	1385.0
28.336250	1356.1
28.340000	1365.9
28.343750	1406.7
28.347500	1339.3
28.351250	1283.9
28.355000	1329.8
28.358750	1294.8
28.362500	1283.7
28.366250	1317.7
28.370000	1259.5
28.373750	1351.9
28.377500	1300.6
28.381250	1299.9
28.385000	1324.8
28.388750	1276.3
28.392500	1305.7
28.396250	1239.3
28.400000	1341.7
28.403750	1356.7
28.407500	1312.1
28.411250	1321.4
28.415000	1369.9
28.418750	1296.9
28.422500	1301.0
28.426250	1245.0
28.430000	1221.9
28.433750	1291.9
28.437500	1314.4
28.441250	1294.8
28.445000	1295.4
28.448750	1363.0
28.452500	1362.0
28.456250	1231.4
28.460000	1306.9
28.463750	1321.8
28.467500	1304.9
28.471250	1284.3
28.475000	1310.8
28.478750	1301.9
28.482500	1283.3
28.486250	1206.7
28.490000	1255.0
28.493750	1300.7
28.497500	1293.0
28.501250	1238.6
28.505000	1263.0
28.508750	1256.7
28.512500	1277.5
28.516250	1246.7
28.520000	1296.1
28.523750	1316.5
28.527500	1226.6
28.531250	1229.4
28.535000	1256.8
28.538750	1286.3
28.542500	1242.2
28.546250	1210.6
28.550000	1210.6
28.553750	1290.9
28.557500	1343.1
28.561250	1290.4
28.565000	1270.8
28.568750	1295.2
28.572500	1356.0
28.576250	1282.6
28.580000	1234.8
28.583750	1254.9
28.587500	1306.6
28.591250	1252.5
28.595000	1233.6
28.598750	1222.0
28.602500	1264.8
28.606250	1320.2
28.610000	1295.1
28.613750	1282.8
28.617500	1342.2
28.621250	1281.9
28.625000	1217.7
28.628750	1303.7
28.632500	1276.6
28.636250	1232.2
28.640000	1292.3
28.643750	1256.4
28.647500	1321.0
28.651250	1278.5
28.655000	1254.1
28.658750	1264.8
28.662500	1292.6
28.666250	1257.5
28.670000	1269.4
28.673750	1302.9
28.677500	1244.0
28.681250	1249.1
28.685000	1283.6
28.688750	1222.6
28.692500	1244.1
28.696250	1269.8
28.700000	1291.9
28.703750	1262.4
28.707500	1252.0
28.711250	1271.0
28.715000	1244.6
28.718750	1306.3
28.722500	1261.9
28.726250	1203.5
28.730000	1277.1
28.733750	1249.3
28.737500	1213.6
28.741250	1253.8
28.745000	1233.4
28.748750	1212.0
28.752500	1248.4
28.756250	1246.6
28.760000	1236.3
28.763750	1221.6
28.767500	1213.3
28.771250	1241.1
28.775000	1200.0
28.778750	1219.6
28.782500	1269.6
28.786250	1244.4
28.790000	1203.1
28.793750	1298.2
28.797500	1170.2
28.801250	1227.7
28.805000	1229.9
28.808750	1252.1
28.812500	1269.0
28.816250	1257.0
28.820000	1215.0
28.823750	1251.6
28.827500	1265.2
28.831250	1231.4
28.835000	1297.4
28.838750	1322.7
28.842500	1268.6
28.846250	1254.3
28.850000	1246.2
28.853750	1219.7
28.857500	1214.9
28.861250	1287.1
28.865000	1254.2
28.868750	1287.9
28.872500	1234.6
28.876250	1318.8
28.880000	1254.0
28.883750	1224.7
28.887500	1323.8
28.891250	1241.0
28.895000	1277.1
28.898750	1318.9
28.902500	1271.9
28.906250	1242.8
28.910000	1233.6
28.913750	1242.1
28.917500	1240.0
28.921250	1311.7
28.925000	1267.4
28.928750	1298.2
28.932500	1293.5
28.936250	1278.9
28.940000	1254.5
28.943750	1238.1
28.947500	1209.3
28.951250	1191.4
28.955000	1238.8
28.958750	1286.8
28.962500	1275.3
28.966250	1257.1
28.970000	1302.1
28.973750	1272.6
28.977500	1294.0
28.981250	1279.0
28.985000	1260.8
28.988750	1271.8
28.992500	1306.4
28.996250	1288.5
29.000000	1280.5
29.003750	1320.2
29.007500	1307.0
29.011250	1255.6
29.015000	1285.2
29.018750	1265.8
29.022500	1258.2
29.026250	1255.1
29.030000	1312.5
29.033750	1256.1
29.037500	1200.1
29.041250	1280.8
29.045000	1260.6
29.048750	1229.8
29.052500	1297.9
29.056250	1287.5
29.060000	1223.1
29.063750	1293.2
29.067500	1316.6
29.071250	1283.8
29.075000	1240.9
29.078750	1190.0
29.082500	1272.2
29.086250	1230.8
29.090000	1221.5
29.093750	1250.6
29.097500	1230.8
29.101250	1291.6
29.105000	1236.4
29.108750	1209.9
29.112500	1314.2
29.116250	1263.2
29.120000	1224.2
29.123750	1233.8
29.127500	1230.8
29.131250	1258.1
29.135000	1321.9
29.138750	1221.8
29.142500	1197.0
29.146250	1288.5
29.150000	1210.1
29.153750	1295.3
29.157500	1218.4
29.161250	1269.1
29.165000	1230.5
29.168750	1261.5
29.172500	1218.7
29.176250	1238.6
29.180000	1220.4
29.183750	1271.0
29.187500	1244.3
29.191250	1229.8
29.195000	1264.7
29.198750	1296.3
29.202500	1343.1
29.206250	1322.8
29.210000	1357.8
29.213750	1381.8
29.217500	1373.0
29.221250	1393.6
29.225000	1412.9
29.228750	1332.3
29.232500	1319.2
29.236250	1240.4
29.240000	1249.1
29.243750	1137.3
29.247500	1217.5
29.251250	1274.8
29.255000	1221.8
29.258750	1194.7
29.262500	1193.7
29.266250	1182.1
29.270000	1233.9
29.273750	1184.1
29.277500	1164.2
29.281250	1222.9
29.285000	1255.0
29.288750	1194.3
29.292500	1259.3
29.296250	1194.6
29.300000	1229.5
29.303750	1196.3
29.307500	1208.6
29.311250	1189.3
29.315000	1182.0
29.318750	1204.6
29.322500	1216.2
29.326250	1218.3
29.330000	1147.6
29.333750	1201.4
29.337500	1205.5
29.341250	1245.1
29.345000	1176.0
29.348750	1174.8
29.352500	1212.0
29.356250	1252.9
29.360000	1183.8
29.363750	1218.3
29.367500	1225.9
29.371250	1251.0
29.375000	1192.3
29.378750	1180.4
29.382500	1138.9
29.386250	1151.5
29.390000	1193.9
29.393750	1181.3
29.397500	1161.7
29.401250	1151.6
29.405000	1213.9
29.408750	1140.7
29.412500	1207.2
29.416250	1244.0
29.420000	1169.2
29.423750	1161.6
29.427500	1139.4
29.431250	1103.0
29.435000	1164.5
29.438750	1190.5
29.442500	1171.6
29.446250	1154.8
29.450000	1188.7
29.453750	1164.7
29.457500	1139.4
29.461250	1175.9
29.465000	1193.6
29.468750	1154.2
29.472500	1194.5
29.476250	1205.4
29.480000	1131.6
29.483750	1191.3
29.487500	1121.4
29.491250	1191.7
29.495000	1167.8
29.498750	1142.2
29.502500	1173.7
29.506250	1148.1
29.510000	1176.6
29.513750	1164.0
29.517500	1148.6
29.521250	1198.3
29.525000	1191.8
29.528750	1140.5
29.532500	1096.6
29.536250	1176.8
29.540000	1189.6
29.543750	1206.4
29.547500	1162.3
29.551250	1207.9
29.555000	1182.2
29.558750	1153.5
29.562500	1164.5
29.566250	1149.0
29.570000	1147.2
29.573750	1147.6
29.577500	1154.1
29.581250	1180.6
29.585000	1191.0
29.588750	1196.0
29.592500	1145.7
29.596250	1194.6
29.600000	1221.0
29.603750	1179.1
29.607500	1176.3
29.611250	1169.4
29.615000	1146.2
29.618750	1141.8
29.622500	1121.1
29.626250	1200.3
29.630000	1187.1
29.633750	1146.6
29.637500	1139.4
29.641250	1203.1
29.645000	1170.3
29.648750	1106.9
29.652500	1179.4
29.656250	1157.3
29.660000	1170.1
29.663750	1132.6
29.667500	1150.0
29.671250	1223.6
29.675000	1171.6
29.678750	1150.2
29.682500	1137.5
29.686250	1143.3
29.690000	1209.7
29.693750	1152.7
29.697500	1097.6
29.701250	1171.9
29.705000	1189.8
29.708750	1175.3
29.712500	1193.6
29.716250	1184.2
29.720000	1168.4
29.723750	1189.4
29.727500	1173.8
29.731250	1116.8
29.735000	1130.0
29.738750	1165.6
29.742500	1140.5
29.746250	1155.9
29.750000	1101.6
29.753750	1118.8
29.757500	1148.6
29.761250	1146.8
29.765000	1152.6
29.768750	1171.8
29.772500	1159.4
29.776250	1180.7
29.780000	1115.7
29.783750	1167.6
29.787500	1156.0
29.791250	1143.3
29.795000	1106.6
29.798750	1145.5
29.802500	1162.9
29.806250	1145.9
29.810000	1148.9
29.813750	1111.6
29.817500	1105.2
29.821250	1218.9
29.825000	1131.2
29.828750	1134.5
29.832500	1126.8
29.836250	1075.8
29.840000	1119.3
29.843750	1144.4
29.847500	1157.1
29.851250	1211.1
29.855000	1126.5
29.858750	1118.8
29.862500	1157.9
29.866250	1093.0
29.870000	1133.5
29.873750	1152.9
29.877500	1099.4
29.881250	1168.6
29.885000	1106.5
29.888750	1087.5
29.892500	1156.9
29.896250	1204.0
29.900000	1198.7
29.903750	1166.8
29.907500	1150.1
29.911250	1164.1
29.915000	1144.2
29.918750	1169.7
29.922500	1170.2
29.926250	1127.1
29.930000	1106.8
29.933750	1138.6
29.937500	1115.7
29.941250	1112.5
29.945000	1067.9
29.948750	1164.1
29.952500	1171.3
29.956250	1127.8
29.960000	1115.2
29.963750	1096.3
29.967500	1138.2
29.971250	1108.8
29.975000	1124.3
29.978750	1067.9
29.982500	1151.8
29.986250	1189.7
29.990000	1156.0
29.993750	1126.4
29.997500	1134.6
30.001250	1141.1
30.005000	1158.8
30.008750	1160.1
30.012500	1144.7
30.016250	1102.5
30.020000	1168.7
30.023750	1127.3
30.027500	1094.2
30.031250	1174.7
30.035000	1117.2
30.038750	1180.3
30.042500	1156.5
30.046250	1151.5
30.050000	1114.6
30.053750	1146.1
30.057500	1125.7
30.061250	1136.3
30.065000	1110.7
30.068750	1079.1
30.072500	1098.6
30.076250	1132.6
30.080000	1193.1
30.083750	1212.1
30.087500	1092.9
30.091250	1149.6
30.095000	1184.0
30.098750	1150.7
30.102500	1144.3
30.106250	1156.1
30.110000	1140.0
30.113750	1124.2
30.117500	1092.2
30.121250	1129.1
30.125000	1119.2
30.128750	1136.4
30.132500	1181.1
30.136250	1146.1
30.140000	1077.3
30.143750	1141.6
30.147500	1113.6
30.151250	1157.6
30.155000	1134.6
30.158750	1096.9
30.162500	1171.2
30.166250	1151.0
30.170000	1125.9
30.173750	1152.6
30.177500	1161.0
30.181250	1129.4
30.185000	1118.0
30.188750	1168.1
30.192500	1184.9
30.196250	1135.3
30.200000	1161.1
30.203750	1099.2
30.207500	1142.7
30.211250	1141.8
30.215000	1136.5
30.218750	1167.5
30.222500	1193.2
30.226250	1153.0
30.230000	1139.8
30.233750	1154.6
30.237500	1164.0
30.241250	1172.9
30.245000	1143.9
30.248750	1101.5
30.252500	1162.0
30.256250	1181.9
30.260000	1216.9
30.263750	1150.6
30.267500	1179.7
30.271250	1152.4
30.275000	1158.5
30.278750	1142.6
30.282500	1146.8
30.286250	1170.3
30.290000	1146.6
30.293750	1189.4
30.297500	1190.7
30.301250	1236.3
30.305000	1193.2
30.308750	1226.6
30.312500	1204.5
30.316250	1159.0
30.320000	1229.9
30.323750	1170.7
30.327500	1181.7
30.331250	1245.2
30.335000	1222.2
30.338750	1251.1
30.342500	1256.0
30.346250	1174.9
30.350000	1194.1
30.353750	1193.0
30.357500	1286.7
30.361250	1268.8
30.365000	1154.3
30.368750	1195.4
30.372500	1166.5
30.376250	1238.6
30.380000	1248.9
30.383750	1229.6
30.387500	1209.4
30.391250	1246.0
30.395000	1233.4
30.398750	1197.2
30.402500	1279.7
30.406250	1296.8
30.410000	1287.3
30.413750	1305.4
30.417500	1319.5
30.421250	1216.2
30.425000	1256.3
30.428750	1273.4
30.432500	1248.8
30.436250	1261.5
30.440000	1262.2
30.443750	1296.4
30.447500	1305.2
30.451250	1308.4
30.455000	1251.3
30.458750	1360.2
30.462500	1371.3
30.466250	1260.1
30.470000	1355.1
30.473750	1324.8
30.477500	1292.9
30.481250	1373.8
30.485000	1391.8
30.488750	1378.9
30.492500	1357.6
30.496250	1366.7
30.500000	1445.2
30.503750	1450.6
30.507500	1489.7
30.511250	1431.6
30.515000	1379.3
30.518750	1384.3
30.522500	1353.3
30.526250	1424.4
30.530000	1455.0
30.533750	1300.0
30.537500	1402.6
30.541250	1413.4
30.545000	1410.7
30.548750	1322.8
30.552500	1261.6
30.556250	1244.9
30.560000	1231.4
30.563750	1321.2
30.567500	1297.1
30.571250	1285.8
30.575000	1302.0
30.578750	1237.8
30.582500	1296.5
30.586250	1303.8
30.590000	1219.7
30.593750	1292.8
30.597500	1312.5
30.601250	1302.0
30.605000	1248.7
30.608750	1227.9
30.612500	1181.2
30.616250	1183.9
30.620000	1287.2
30.623750	1158.8
30.627500	1230.7
30.631250	1119.2
30.635000	1227.3
30.638750	1210.4
30.642500	1272.2
30.646250	1266.8
30.650000	1172.3
30.653750	1135.8
30.657500	1113.2
30.661250	1113.4
30.665000	1111.7
30.668750	1160.1
30.672500	1142.3
30.676250	1124.9
30.680000	1174.6
30.683750	1112.9
30.687500	1134.2
30.691250	1152.7
30.695000	1165.2
30.698750	1177.3
30.702500	1170.4
30.706250	1113.6
30.710000	1184.4
30.713750	1165.3
30.717500	1094.3
30.721250	1157.9
30.725000	1199.2
30.728750	1144.9
30.732500	1209.7
30.736250	1146.2
30.740000	1127.9
30.743750	1107.1
30.747500	1176.6
30.751250	1199.1
30.755000	1112.5
30.758750	1115.6
30.762500	1122.7
30.766250	1111.0
30.770000	1152.3
30.773750	1172.8
30.777500	1119.5
30.781250	1092.2
30.785000	1102.5
30.788750	1067.1
30.792500	1139.1
30.796250	1122.2
30.800000	1099.0
30.803750	1090.9
30.807500	1123.5
30.811250	1103.3
30.815000	1102.4
30.818750	1089.8
30.822500	1148.6
30.826250	1125.8
30.830000	1100.8
30.833750	1086.0
30.837500	1102.8
30.841250	1118.8
30.845000	1147.6
30.848750	1115.0
30.852500	1130.4
30.856250	1090.7
30.860000	1125.0
30.863750	1082.3
30.867500	1087.0
30.871250	1119.5
30.875000	1066.7
30.878750	1121.5
30.882500	1063.0
30.886250	1027.9
30.890000	1131.3
30.893750	1092.6
30.897500	1029.7
30.901250	1112.0
30.905000	1080.5
30.908750	1091.6
30.912500	1102.6
30.916250	1087.9
30.920000	1142.9
30.923750	1065.1
30.927500	1056.9
30.931250	1072.1
30.935000	1131.8
30.938750	1053.2
30.942500	1135.2
30.946250	1128.6
30.950000	1073.3
30.953750	1093.9
30.957500	1123.8
30.961250	1067.6
30.965000	1087.2
30.968750	1120.4
30.972500	1057.0
30.976250	1114.0
30.980000	1097.2
30.983750	1025.8
30.987500	1132.3
30.991250	1138.5
30.995000	1108.9
30.998750	1056.4
31.002500	1069.6
31.006250	1176.4
31.010000	1167.4
31.013750	1163.1
31.017500	1110.6
31.021250	1111.0
31.025000	1105.2
31.028750	1037.1
31.032500	1119.6
31.036250	1045.9
31.040000	1052.1
31.043750	1181.9
31.047500	1081.1
31.051250	1080.4
31.055000	1033.9
31.058750	1120.6
31.062500	1171.6
31.066250	1185.7
31.070000	1154.0
31.073750	1098.5
31.077500	1087.6
31.081250	1193.5
31.085000	1211.7
31.088750	1135.9
31.092500	1115.3
31.096250	1149.3
31.100000	1103.2
31.103750	1163.0
31.107500	1234.8
31.111250	1172.9
31.115000	1226.7
31.118750	1182.6
31.122500	1138.1
31.126250	1255.1
31.130000	1225.8
31.133750	1072.6
31.137500	1044.2
31.141250	1139.4
31.145000	1158.8
31.148750	1047.7
31.152500	1157.9
31.156250	1069.8
31.160000	1091.2
31.163750	1079.6
31.167500	1008.6
31.171250	1070.5
31.175000	1127.4
31.178750	1049.6
31.182500	1095.3
31.186250	1081.7
31.190000	1101.0
31.193750	1112.6
31.197500	1041.4
31.201250	1060.9
31.205000	1083.3
31.208750	1162.2
31.212500	1052.0
31.216250	1067.2
31.220000	1119.1
31.223750	1117.5
31.227500	1096.4
31.231250	1099.4
31.235000	1070.2
31.238750	1069.5
31.242500	1067.1
31.246250	1040.3
31.250000	1023.7
31.253750	1090.2
31.257500	1110.4
31.261250	1074.1
31.265000	1046.7
31.268750	1088.0
31.272500	1079.4
31.276250	1095.2
31.280000	1062.1
31.283750	1059.6
31.287500	1022.7
31.291250	1063.7
31.295000	1106.7
31.298750	1071.3
31.302500	1094.8
31.306250	1124.8
31.310000	1069.6
31.313750	1059.0
31.317500	1068.0
31.321250	1030.6
31.325000	1057.6
31.328750	1082.5
31.332500	1097.2
31.336250	1094.8
31.340000	1059.8
31.343750	1027.5
31.347500	1096.1
31.351250	1039.2
31.355000	1068.8
31.358750	1090.7
31.362500	1138.4
31.366250	1092.3
31.370000	1099.1
31.373750	1067.6
31.377500	1067.7
31.381250	1102.7
31.385000	1076.7
31.388750	1083.3
31.392500	1159.1
31.396250	1084.1
31.400000	1073.6
31.403750	1073.5
31.407500	1013.1
31.411250	1062.6
31.415000	1078.8
31.418750	1053.0
31.422500	1082.7
31.426250	1051.9
31.430000	1019.6
31.433750	1112.4
31.437500	1057.6
31.441250	999.7
31.445000	1074.2
31.448750	1108.9
31.452500	1084.3
31.456250	1045.9
31.460000	1078.1
31.463750	1009.9
31.467500	1117.5
31.471250	1115.2
31.475000	1092.6
31.478750	1068.1
31.482500	1090.1
31.486250	1144.0
31.490000	1120.9
31.493750	987.7
31.497500	1049.6
31.501250	1110.6
31.505000	1053.1
31.508750	1099.1
31.512500	1132.9
31.516250	1111.6
31.520000	1086.1
31.523750	1080.7
31.527500	1075.8
31.531250	1041.0
31.535000	1069.7
31.538750	1073.6
31.542500	1078.2
31.546250	1152.3
31.550000	1058.6
31.553750	1068.5
31.557500	1098.4
31.561250	1113.8
31.565000	1083.2
31.568750	1070.6
31.572500	1078.8
31.576250	1067.3
31.580000	1091.6
31.583750	1086.1
31.587500	1116.3
31.591250	1105.3
31.595000	1092.2
31.598750	1120.9
31.602500	1201.5
31.606250	1077.5
31.610000	1196.9
31.613750	1137.3
31.617500	1125.3
31.621250	1099.9
31.625000	1071.9
31.628750	1091.5
31.632500	1148.2
31.636250	1139.9
31.640000	1167.2
31.643750	1143.7
31.647500	1110.1
31.651250	1147.4
31.655000	1150.7
31.658750	1111.9
31.662500	1097.1
31.666250	1193.2
31.670000	1204.5
31.673750	1219.3
31.677500	1167.4
31.681250	1147.7
31.685000	1168.6
31.688750	1176.2
31.692500	1166.5
31.696250	1109.2
31.700000	1167.8
31.703750	1168.6
31.707500	1184.0
31.711250	1177.4
31.715000	1178.8
31.718750	1208.9
31.722500	1183.4
31.726250	1234.6
31.730000	1253.9
31.733750	1230.1
31.737500	1221.3
31.741250	1262.8
31.745000	1287.8
31.748750	1211.3
31.752500	1200.2
31.756250	1244.4
31.760000	1282.1
31.763750	1245.8
31.767500	1251.9
31.771250	1264.9
31.775000	1289.9
31.778750	1254.8
31.782500	1200.8
31.786250	1286.1
31.790000	1309.7
31.793750	1285.4
31.797500	1250.5
31.801250	1314.9
31.805000	1234.9
31.808750	1236.2
31.812500	1290.3
31.816250	1318.7
31.820000	1233.5
31.823750	1289.1
31.827500	1326.6
31.831250	1238.8
31.835000	1303.6
31.838750	1322.7
31.842500	1283.4
31.846250	1414.5
31.850000	1385.5
31.853750	1342.6
31.857500	1432.8
31.861250	1447.5
31.865000	1385.1
31.868750	1567.3
31.872500	1675.2
31.876250	1710.7
31.880000	1838.2
31.883750	1846.1
31.887500	1822.0
31.891250	1878.0
31.895000	1939.7
31.898750	1807.9
31.902500	1775.9
31.906250	1711.3
31.910000	1561.3
31.913750	1442.8
31.917500	1418.8
31.921250	1360.5
31.925000	1318.0
31.928750	1302.9
31.932500	1227.2
31.936250	1254.0
31.940000	1307.4
31.943750	1234.7
31.947500	1286.4
31.951250	1234.0
31.955000	1168.2
31.958750	1199.0
31.962500	1183.8
31.966250	1167.4
31.970000	1204.4
31.973750	1163.3
31.977500	1185.1
31.981250	1148.3
31.985000	1141.5
31.988750	1182.6
31.992500	1205.2
31.996250	1143.6
32.000000	1180.0
32.003750	1156.4
32.007500	1141.0
32.011250	1150.2
32.015000	1130.8
32.018750	1113.2
32.022500	1126.0
32.026250	1153.6
32.030000	1141.4
32.033750	1133.9
32.037500	1146.8
32.041250	1045.7
32.045000	1120.7
32.048750	1181.9
32.052500	1086.5
32.056250	1127.3
32.060000	1175.5
32.063750	1073.8
32.067500	1107.3
32.071250	1131.7
32.075000	1137.5
32.078750	1093.9
32.082500	1134.1
32.086250	1124.0
32.090000	1086.9
32.093750	1056.0
32.097500	1112.8
32.101250	1050.3
32.105000	1077.8
32.108750	1150.1
32.112500	1146.3
32.116250	1072.5
32.120000	1066.7
32.123750	1107.9
32.127500	1025.1
32.131250	1063.0
32.135000	1099.4
32.138750	1042.8
32.142500	1085.5
32.146250	1109.9
32.150000	1074.4
32.153750	1036.4
32.157500	1097.5
32.161250	1052.1
32.165000	1060.1
32.168750	1138.3
32.172500	1103.0
32.176250	1111.5
32.180000	1140.5
32.183750	1090.9
32.187500	1108.0
32.191250	1103.3
32.195000	1088.5
32.198750	1114.6
32.202500	1104.5
32.206250	991.6
32.210000	1110.9
32.213750	1132.7
32.217500	1102.6
32.221250	1115.3
32.225000	1059.0
32.228750	1019.3
32.232500	1055.7
32.236250	1093.9
32.240000	1068.7
32.243750	1021.8
32.247500	1107.4
32.251250	1073.4
32.255000	1016.2
32.258750	1083.4
32.262500	1053.8
32.266250	1030.8
32.270000	1008.1
32.273750	1075.7
32.277500	974.1
32.281250	1010.9
32.285000	1077.7
32.288750	1100.3
32.292500	1089.8
32.296250	1059.2
32.300000	984.4
32.303750	1019.5
32.307500	1073.9
32.311250	985.2
32.315000	1025.2
32.318750	1039.4
32.322500	1021.1
32.326250	1048.8
32.330000	1065.6
32.333750	1032.9
32.337500	989.5
32.341250	1024.2
32.345000	1037.0
32.348750	1036.3
32.352500	1045.3
32.356250	1043.5
32.360000	1026.1
32.363750	995.0
32.367500	1046.5
32.371250	1031.1
32.375000	1023.1
32.378750	1059.6
32.382500	1058.8
32.386250	1045.8
32.390000	1031.7
32.393750	995.4
32.397500	1004.4
32.401250	1042.0
32.405000	1029.4
32.408750	1024.2
32.412500	1066.5
32.416250	1061.7
32.420000	1082.6
32.423750	1035.7
32.427500	1058.2
32.431250	1049.9
32.435000	1060.1
32.438750	986.8
32.442500	1053.1
32.446250	1063.3
32.450000	999.7
32.453750	1050.9
32.457500	1063.2
32.461250	1071.7
32.465000	1062.8
32.468750	1035.7
32.472500	1018.0
32.476250	1062.8
32.480000	1025.3
32.483750	984.8
32.487500	1064.5
32.491250	1022.1
32.495000	1047.4
32.498750	1083.4
32.502500	1034.3
32.506250	1057.7
32.510000	1042.2
32.513750	1099.2
32.517500	1067.1
32.521250	986.8
32.525000	1006.4
32.528750	1044.2
32.532500	1026.3
32.536250	1052.3
32.540000	1031.1
32.543750	1019.2
32.547500	1028.1
32.551250	1038.4
32.555000	1078.9
32.558750	1031.6
32.562500	1024.1
32.566250	1091.7
32.570000	1037.9
32.573750	1002.4
32.577500	1042.7
32.581250	1020.6
32.585000	1002.2
32.588750	1095.3
32.592500	1100.1
32.596250	1064.3
32.600000	1068.2
32.603750	1033.7
32.607500	1047.4
32.611250	1023.4
32.615000	1066.6
32.618750	1044.1
32.622500	992.9
32.626250	1077.6
32.630000	1062.8
32.633750	1071.6
32.637500	1048.5
32.641250	1087.8
32.645000	1077.8
32.648750	1097.4
32.652500	1115.4
32.656250	1025.2
32.660000	1094.4
32.663750	1116.1
32.667500	1068.0
32.671250	1075.3
32.675000	1018.6
32.678750	1072.2
32.682500	1082.2
32.686250	1135.7
32.690000	1113.3
32.693750	1114.6
32.697500	1122.0
32.701250	1083.2
32.705000	1128.6
32.708750	1109.3
32.712500	1093.6
32.716250	1099.7
32.720000	1095.3
32.723750	1104.9
32.727500	1059.6
32.731250	1147.3
32.735000	1145.7
32.738750	1126.8
32.742500	1159.5
32.746250	1116.7
32.750000	1126.9
32.753750	1135.5
32.757500	1095.6
32.761250	1105.4
32.765000	1128.5
32.768750	1216.2
32.772500	1188.7
32.776250	1168.6
32.780000	1141.4
32.783750	1154.3
32.787500	1170.7
32.791250	1158.7
32.795000	1182.0
32.798750	1135.0
32.802500	1210.2
32.806250	1249.8
32.810000	1201.1
32.813750	1222.6
32.817500	1211.2
32.821250	1187.6
32.825000	1211.8
32.828750	1229.0
32.832500	1167.2
32.836250	1142.8
32.840000	1310.8
32.843750	1278.9
32.847500	1280.4
32.851250	1225.4
32.855000	1250.4
32.858750	1287.6
32.862500	1285.5
32.866250	1270.4
32.870000	1221.6
32.873750	1306.6
32.877500	1298.6
32.881250	1318.1
32.885000	1252.9
32.888750	1282.4
32.892500	1283.1
32.896250	1292.4
32.900000	1316.6
32.903750	1333.2
32.907500	1338.9
32.911250	1323.0
32.915000	1348.9
32.918750	1303.3
32.922500	1344.6
32.926250	1250.4
32.930000	1357.7
32.933750	1285.6
32.937500	1347.1
32.941250	1288.4
32.945000	1303.0
32.948750	1324.5
32.952500	1321.5
32.956250	1406.8
32.960000	1348.8
32.963750	1342.6
32.967500	1383.9
32.971250	1332.8
32.975000	1328.4
32.978750	1431.0
32.982500	1302.9
32.986250	1387.5
32.990000	1333.6
32.993750	1335.5
32.997500	1345.7
33.001250	1376.7
33.005000	1382.7
33.008750	1382.4
33.012500	1421.0
33.016250	1367.2
33.020000	1333.5
33.023750	1409.7
33.027500	1348.3
33.031250	1387.6
33.035000	1420.4
33.038750	1397.3
33.042500	1383.3
33.046250	1371.1
33.050000	1376.4
33.053750	1315.2
33.057500	1406.9
33.061250	1424.6
33.065000	1401.6
33.068750	1410.2
33.072500	1460.6
33.076250	1420.5
33.080000	1422.7
33.083750	1481.2
33.087500	1515.0
33.091250	1504.0
33.095000	1475.7
33.098750	1470.3
33.102500	1498.5
33.106250	1446.0
33.110000	1474.0
33.113750	1546.0
33.117500	1494.5
33.121250	1536.5
33.125000	1557.9
33.128750	1430.0
33.132500	1503.8
33.136250	1515.8
33.140000	1505.3
33.143750	1472.8
33.147500	1502.7
33.151250	1536.0
33.155000	1601.0
33.158750	1558.6
33.162500	1579.4
33.166250	1571.5
33.170000	1572.8
33.173750	1533.7
33.177500	1603.0
33.181250	1564.4
33.185000	1561.6
33.188750	1509.7
33.192500	1561.6
33.196250	1549.5
33.200000	1485.5
33.203750	1571.0
33.207500	1557.1
33.211250	1537.7
33.215000	1526.1
33.218750	1547.4
33.222500	1461.7
33.226250	1529.2
33.230000	1584.5
33.233750	1521.4
33.237500	1566.4
33.241250	1548.7
33.245000	1466.6
33.248750	1474.5
33.252500	1407.9
33.256250	1437.9
33.260000	1418.5
33.263750	1440.4
33.267500	1399.8
33.271250	1409.7
33.275000	1419.3
33.278750	1348.6
33.282500	1310.6
33.286250	1326.4
33.290000	1287.6
33.293750	1284.6
33.297500	1284.9
33.301250	1334.2
33.305000	1309.2
33.308750	1317.8
33.312500	1300.5
33.316250	1334.1
33.320000	1337.0
33.323750	1254.6
33.327500	1263.4
33.331250	1274.6
33.335000	1274.1
33.338750	1309.9
33.342500	1241.4
33.346250	1249.1
33.350000	1319.0
33.353750	1347.6
33.357500	1319.8
33.361250	1289.6
33.365000	1290.5
33.368750	1355.4
33.372500	1378.0
33.376250	1321.5
33.380000	1331.6
33.383750	1392.2
33.387500	1320.6
33.391250	1353.3
33.395000	1381.4
33.398750	1373.6
33.402500	1285.4
33.406250	1303.0
33.410000	1229.9
33.413750	1272.4
33.417500	1243.6
33.421250	1220.4
33.425000	1184.5
33.428750	1171.1
33.432500	1197.5
33.436250	1167.4
33.440000	1071.6
33.443750	1067.8
33.447500	1166.5
33.451250	1112.4
33.455000	1071.6
33.458750	1120.1
33.462500	1035.2
33.466250	1037.1
33.470000	1074.2
33.473750	1080.1
33.477500	1029.9
33.481250	1096.9
33.485000	1040.0
33.488750	1064.0
33.492500	1082.0
33.496250	1059.5
33.500000	1056.7
33.503750	1019.9
33.507500	1072.5
33.511250	1052.0
33.515000	1039.7
33.518750	1045.1
33.522500	1093.1
33.526250	1050.5
33.530000	1039.6
33.533750	1027.9
33.537500	1066.1
33.541250	1069.6
33.545000	1058.1
33.548750	1044.6
33.552500	1089.5
33.556250	1052.6
33.560000	1005.5
33.563750	1064.0
33.567500	1060.7
33.571250	1035.9
33.575000	1094.0
33.578750	1020.1
33.582500	1019.6
33.586250	1097.1
33.590000	1050.4
33.593750	1010.1
33.597500	980.4
33.601250	957.6
33.605000	945.8
33.608750	1017.2
33.612500	1009.8
33.616250	987.0
33.620000	1023.4
33.623750	1047.2
33.627500	1007.6
33.631250	1006.9
33.635000	999.6
33.638750	972.0
33.642500	996.8
33.646250	975.4
33.650000	1010.3
33.653750	1000.2
33.657500	1025.8
33.661250	970.1
33.665000	993.4
33.668750	1047.7
33.672500	1017.7
33.676250	985.8
33.680000	1060.9
33.683750	1029.4
33.687500	1046.1
33.691250	987.3
33.695000	999.0
33.698750	1046.6
33.702500	1015.3
33.706250	966.2
33.710000	1002.4
33.713750	1028.5
33.717500	980.7
33.721250	956.7
33.725000	1061.9
33.728750	1019.0
33.732500	1005.5
33.736250	1000.6
33.740000	975.4
33.743750	997.5
33.747500	1005.9
33.751250	955.1
33.755000	994.1
33.758750	1028.1
33.762500	999.2
33.766250	1004.6
33.770000	1002.6
33.773750	989.0
33.777500	992.6
33.781250	1011.1
33.785000	992.8
33.788750	969.6
33.792500	985.5
33.796250	1012.6
33.800000	1023.8
33.803750	934.3
33.807500	971.5
33.811250	1063.1
33.815000	972.1
33.818750	973.6
33.822500	1057.2
33.826250	987.8
33.830000	991.2
33.833750	969.9
33.837500	1029.3
33.841250	1022.8
33.845000	986.0
33.848750	962.5
33.852500	977.0
33.856250	941.2
33.860000	994.0
33.863750	997.7
33.867500	999.0
33.871250	972.8
33.875000	984.0
33.878750	935.1
33.882500	991.2
33.886250	992.1
33.890000	1030.5
33.893750	1015.5
33.897500	1060.6
33.901250	977.1
33.905000	1038.0
33.908750	1043.4
33.912500	1044.7
33.916250	1070.4
33.920000	1092.3
33.923750	1024.4
33.927500	950.0
33.931250	1065.3
33.935000	1050.7
33.938750	1029.3
33.942500	1045.8
33.946250	1025.6
33.950000	1045.7
33.953750	1050.6
33.957500	1079.9
33.961250	1054.0
33.965000	1022.5
33.968750	1004.4
33.972500	1009.1
33.976250	989.1
33.980000	1049.9
33.983750	1080.1
33.987500	1052.1
33.991250	1030.2
33.995000	1064.2
33.998750	1061.8
34.002500	1043.4
34.006250	1017.4
34.010000	994.8
34.013750	987.0
34.017500	1006.5
34.021250	998.5
34.025000	1059.6
34.028750	1028.8
34.032500	1030.2
34.036250	953.4
34.040000	1035.6
34.043750	1011.6
34.047500	992.3
34.051250	958.9
34.055000	988.5
34.058750	946.3
34.062500	997.5
34.066250	1013.4
34.070000	1017.4
34.073750	1016.8
34.077500	981.3
34.081250	953.5
34.085000	1058.6
34.088750	1042.4
34.092500	976.0
34.096250	962.7
34.100000	1008.1
34.103750	1040.0
34.107500	1005.5
34.111250	996.2
34.115000	1037.9
34.118750	930.7
34.122500	1000.5
34.126250	945.6
34.130000	984.3
34.133750	969.4
34.137500	1017.2
34.141250	1023.4
34.145000	988.2
34.148750	1008.6
34.152500	993.1
34.156250	922.5
34.160000	971.8
34.163750	1022.6
34.167500	1030.2
34.171250	1031.0
34.175000	1049.6
34.178750	1024.8
34.182500	966.6
34.186250	971.2
34.190000	968.1
34.193750	962.2
34.197500	990.6
34.201250	980.6
34.205000	1013.8
34.208750	920.0
34.212500	1005.1
34.216250	961.6
34.220000	946.9
34.223750	1019.5
34.227500	994.1
34.231250	1007.9
34.235000	1010.0
34.238750	964.4
34.242500	1019.7
34.246250	987.0
34.250000	1036.4
34.253750	953.4
34.257500	954.0
34.261250	953.8
34.265000	930.8
34.268750	973.3
34.272500	966.3
34.276250	993.6
34.280000	996.7
34.283750	975.6
34.287500	969.4
34.291250	1003.9
34.295000	921.3
34.298750	917.2
34.302500	976.5
34.306250	920.6
34.310000	948.2
34.313750	965.3
34.317500	985.0
34.321250	948.8
34.325000	937.3
34.328750	998.8
34.332500	1015.2
34.336250	951.7
34.340000	954.6
34.343750	988.3
34.347500	976.3
34.351250	1014.4
34.355000	958.7
34.358750	956.4
34.362500	939.6
34.366250	1002.0
34.370000	952.8
34.373750	956.1
34.377500	982.2
34.381250	980.5
34.385000	937.9
34.388750	947.3
34.392500	1003.2
34.396250	974.2
34.400000	990.4
34.403750	1007.7
34.407500	1004.8
34.411250	967.7
34.415000	1046.4
34.418750	1013.8
34.422500	950.1
34.426250	974.2
34.430000	966.3
34.433750	979.6
34.437500	1068.7
34.441250	996.0
34.445000	1046.8
34.448750	1009.1
34.452500	1014.1
34.456250	1043.5
34.460000	996.8
34.463750	1069.1
34.467500	1020.7
34.471250	1039.6
34.475000	1072.0
34.478750	1019.5
34.482500	1027.0
34.486250	1116.5
34.490000	1042.0
34.493750	1035.1
34.497500	1030.1
34.501250	971.7
34.505000	1036.4
34.508750	1025.2
34.512500	1064.8
34.516250	1058.2
34.520000	1054.1
34.523750	1001.8
34.527500	957.2
34.531250	986.3
34.535000	1019.0
34.538750	1001.4
34.542500	995.8
34.546250	1015.3
34.550000	1022.3
34.553750	999.6
34.557500	981.6
34.561250	933.6
34.565000	982.2
34.568750	1015.0
34.572500	935.3
34.576250	937.3
34.580000	937.3
34.583750	966.5
34.587500	955.3
34.591250	998.8
34.595000	950.0
34.598750	990.5
34.602500	969.6
34.606250	964.8
34.610000	982.4
34.613750	987.3
34.617500	1027.3
34.621250	992.9
34.625000	998.8
34.628750	990.0
34.632500	966.1
34.636250	1001.0
34.640000	975.1
34.643750	1012.6
34.647500	985.4
34.651250	986.0
34.655000	991.8
34.658750	910.5
34.662500	935.9
34.666250	926.9
34.670000	987.9
34.673750	946.6
34.677500	987.3
34.681250	930.0
34.685000	966.0
34.688750	1002.4
34.692500	959.4
34.696250	973.1
34.700000	987.9
34.703750	1021.8
34.707500	983.5
34.711250	994.1
34.715000	1016.3
34.718750	970.1
34.722500	1055.1
34.726250	1083.0
34.730000	1052.8
34.733750	1060.4
34.737500	1069.9
34.741250	1118.1
34.745000	1087.5
34.748750	1145.1
34.752500	1225.2
34.756250	1219.9
34.760000	1164.3
34.763750	1165.9
34.767500	1185.9
34.771250	1116.0
34.775000	1098.0
34.778750	1126.5
34.782500	1067.7
34.786250	1026.5
34.790000	1053.7
34.793750	1010.9
34.797500	1003.5
34.801250	979.8
34.805000	1001.4
34.808750	1041.4
34.812500	1005.4
34.816250	975.0
34.820000	1029.1
34.823750	994.7
34.827500	1062.0
34.831250	996.0
34.835000	1007.8
34.838750	990.8
34.842500	976.7
34.846250	1073.0
34.850000	1027.1
34.853750	1024.3
34.857500	995.5
34.861250	1000.7
34.865000	972.7
34.868750	1022.0
34.872500	984.6
34.876250	994.3
34.880000	968.5
34.883750	984.4
34.887500	947.7
34.891250	1012.2
34.895000	1034.2
34.898750	1003.3
34.902500	927.9
34.906250	956.0
34.910000	1018.7
34.913750	960.6
34.917500	988.6
34.921250	976.0
34.925000	899.2
34.928750	972.1
34.932500	1000.7
34.936250	935.3
34.940000	966.7
34.943750	948.2
34.947500	999.2
34.951250	1034.2
34.955000	1032.0
34.958750	991.0
34.962500	955.5
34.966250	960.5
34.970000	1020.2
34.973750	968.3
34.977500	985.8
34.981250	1010.3
34.985000	954.2
34.988750	960.4
34.992500	1022.4
34.996250	992.4
35.000000	1046.7
35.003750	958.7
35.007500	970.2
35.011250	1003.7
35.015000	977.3
35.018750	1057.6
35.022500	1027.5
35.026250	1077.7
35.030000	1075.9
35.033750	1071.2
35.037500	1042.5
35.041250	1124.2
35.045000	1075.0
35.048750	1005.5
35.052500	1095.9
35.056250	1113.7
35.060000	1070.4
35.063750	1039.4
35.067500	1026.2
35.071250	1030.0
35.075000	1055.9
35.078750	1014.1
35.082500	975.6
35.086250	950.9
35.090000	983.7
35.093750	995.7
35.097500	1012.4
35.101250	1007.9
35.105000	933.4
35.108750	985.9
35.112500	1020.2
35.116250	995.3
35.120000	991.5
35.123750	974.0
35.127500	973.2
35.131250	980.9
35.135000	1009.3
35.138750	936.2
35.142500	986.7
35.146250	1035.1
35.150000	964.3
35.153750	977.5
35.157500	976.3
35.161250	967.0
35.165000	967.9
35.168750	975.8
35.172500	974.6
35.176250	957.2
35.180000	984.8
35.183750	1004.4
35.187500	973.7
35.191250	941.4
35.195000	1039.9
35.198750	931.8
35.202500	963.8
35.206250	932.4
35.210000	997.6
35.213750	986.8
35.217500	982.5
35.221250	999.4
35.225000	988.9
35.228750	1013.2
35.232500	983.8
35.236250	958.3
35.240000	965.7
35.243750	990.0
35.247500	966.3
35.251250	1036.6
35.255000	1000.8
35.258750	977.8
35.262500	974.8
35.266250	976.8
35.270000	995.2
35.273750	988.6
35.277500	939.6
35.281250	981.3
35.285000	988.8
35.288750	978.5
35.292500	1004.9
35.296250	971.4
35.300000	980.8
35.303750	983.0
35.307500	1011.1
35.311250	1041.4
35.315000	1018.3
35.318750	975.6
35.322500	1010.1
35.326250	1035.1
35.330000	986.9
35.333750	987.8
35.337500	1031.1
35.341250	1001.9
35.345000	983.0
35.348750	969.4
35.352500	981.3
35.356250	972.6
35.360000	995.1
35.363750	1003.4
35.367500	976.5
35.371250	978.1
35.375000	1014.8
35.378750	996.7
35.382500	984.1
35.386250	990.3
35.390000	1014.0
35.393750	997.1
35.397500	1011.9
35.401250	990.2
35.405000	1009.5
35.408750	1006.7
35.412500	988.9
35.416250	994.5
35.420000	1037.5
35.423750	1006.5
35.427500	1008.2
35.431250	983.3
35.435000	1008.5
35.438750	1024.6
35.442500	957.0
35.446250	1041.1
35.450000	1019.5
35.453750	975.2
35.457500	1058.0
35.461250	1024.9
35.465000	994.5
35.468750	998.2
35.472500	1041.1
35.476250	1025.5
35.480000	965.7
35.483750	1001.3
35.487500	1043.6
35.491250	1032.3
35.495000	1051.9
35.498750	1096.7
35.502500	989.0
35.506250	957.1
35.510000	1013.7
35.513750	1039.1
35.517500	1028.4
35.521250	1041.0
35.525000	1000.8
35.528750	1167.3
35.532500	1079.4
35.536250	1023.6
35.540000	978.4
35.543750	1078.4
35.547500	1028.8
35.551250	1057.0
35.555000	1016.6
35.558750	1025.9
35.562500	1042.5
35.566250	1056.6
35.570000	996.7
35.573750	972.6
35.577500	1029.8
35.581250	1047.0
35.585000	1017.0
35.588750	1076.5
35.592500	985.1
35.596250	1118.8
35.600000	1054.3
35.603750	1057.2
35.607500	996.1
35.611250	1045.8
35.615000	1021.5
35.618750	1160.6
35.622500	1101.2
35.626250	982.4
35.630000	1041.0
35.633750	1019.7
35.637500	1054.5
35.641250	1058.5
35.645000	1014.3
35.648750	997.8
35.652500	1020.7
35.656250	1085.1
35.660000	1002.2
35.663750	1112.9
35.667500	959.0
35.671250	988.7
35.675000	1085.6
35.678750	1125.9
35.682500	1019.1
35.686250	1098.9
35.690000	1058.2
35.693750	1013.4
35.697500	1053.7
35.701250	1082.5
35.705000	1029.5
35.708750	1027.5
35.712500	1118.5
35.716250	1102.4
35.720000	1104.8
35.723750	1042.7
35.727500	1064.1
35.731250	1039.2
35.735000	1048.7
35.738750	1024.5
35.742500	1025.3
35.746250	1068.3
35.750000	1029.3
35.753750	1039.3
35.757500	1060.9
35.761250	1043.8
35.765000	1028.4
35.768750	1061.5
35.772500	1070.9
35.776250	1058.7
35.780000	1036.4
35.783750	1016.8
35.787500	1047.6
35.791250	1022.8
35.795000	1081.0
35.798750	1055.9
35.802500	1023.9
35.806250	1027.8
35.810000	995.2
35.813750	1032.8
35.817500	1053.6
35.821250	1023.3
35.825000	1069.2
35.828750	1014.1
35.832500	988.4
35.836250	979.7
35.840000	984.8
35.843750	982.0
35.847500	1009.3
35.851250	1025.7
35.855000	1052.9
35.858750	1025.6
35.862500	971.6
35.866250	968.5
35.870000	959.1
35.873750	954.0
35.877500	1012.3
35.881250	1016.3
35.885000	999.9
35.888750	956.7
35.892500	1004.5
35.896250	994.6
35.900000	951.4
35.903750	995.2
35.907500	999.5
35.911250	968.5
35.915000	973.4
35.918750	975.8
35.922500	957.6
35.926250	988.9
35.930000	975.4
35.933750	969.2
35.937500	1004.9
35.941250	958.0
35.945000	942.2
35.948750	996.9
35.952500	953.2
35.956250	1006.8
35.960000	981.4
35.963750	1022.5
35.967500	970.8
35.971250	956.6
35.975000	972.9
35.978750	1015.2
35.982500	940.3
35.986250	921.1
35.990000	1028.8
35.993750	950.8
35.997500	969.5
36.001250	968.1
36.005000	994.4
36.008750	1022.7
36.012500	931.3
36.016250	970.6
36.020000	956.1
36.023750	1007.2
36.027500	1011.9
36.031250	916.1
36.035000	915.3
36.038750	930.5
36.042500	1028.4
36.046250	1073.3
36.050000	992.9
36.053750	952.8
36.057500	993.8
36.061250	984.8
36.065000	943.8
36.068750	976.8
36.072500	1023.7
36.076250	1017.4
36.080000	1011.0
36.083750	998.8
36.087500	1007.1
36.091250	981.2
36.095000	984.3
36.098750	927.6
36.102500	855.3
36.106250	951.2
36.110000	952.4
36.113750	983.9
36.117500	1040.5
36.121250	993.8
36.125000	967.6
36.128750	939.9
36.132500	931.8
36.136250	980.1
36.140000	980.8
36.143750	922.8
36.147500	953.8
36.151250	982.2
36.155000	987.1
36.158750	972.6
36.162500	954.9
36.166250	989.2
36.170000	986.3
36.173750	993.6
36.177500	980.4
36.181250	950.5
36.185000	977.4
36.188750	951.9
36.192500	935.1
36.196250	910.5
36.200000	945.7
36.203750	974.7
36.207500	919.5
36.211250	959.7
36.215000	984.8
36.218750	974.1
36.222500	970.0
36.226250	965.6
36.230000	999.9
36.233750	935.2
36.237500	961.2
36.241250	976.8
36.245000	938.4
36.248750	945.6
36.252500	951.5
36.256250	1011.8
36.260000	957.1
36.263750	1045.2
36.267500	968.5
36.271250	987.7
36.275000	953.8
36.278750	932.4
36.282500	1012.2
36.286250	961.3
36.290000	1003.2
36.293750	946.0
36.297500	995.4
36.301250	1003.5
36.305000	957.0
36.308750	973.4
36.312500	970.6
36.316250	952.2
36.320000	899.0
36.323750	988.9
36.327500	983.4
36.331250	977.8
36.335000	967.5
36.338750	981.0
36.342500	940.5
36.346250	917.2
36.350000	950.4
36.353750	959.4
36.357500	935.7
36.361250	971.8
36.365000	992.6
36.368750	955.5
36.372500	960.5
36.376250	940.4
36.380000	914.1
36.383750	925.9
36.387500	973.6
36.391250	1016.6
36.395000	932.3
36.398750	956.8
36.402500	959.7
36.406250	969.4
36.410000	951.5
36.413750	958.5
36.417500	988.5
36.421250	990.5
36.425000	1011.4
36.428750	1032.6
36.432500	1010.3
36.436250	966.8
36.440000	1035.4
36.443750	1027.8
36.447500	1028.4
36.451250	978.7
36.455000	967.4
36.458750	986.2
36.462500	995.0
36.466250	1007.2
36.470000	1042.5
36.473750	1039.4
36.477500	1019.1
36.481250	958.7
36.485000	1074.2
36.488750	1062.4
36.492500	1066.8
36.496250	1063.6
36.500000	1044.9
36.503750	1083.5
36.507500	1077.1
36.511250	1051.1
36.515000	1084.1
36.518750	1119.5
36.522500	1108.2
36.526250	1103.5
36.530000	1086.3
36.533750	1134.6
36.537500	1172.3
36.541250	1117.7
36.545000	1201.5
36.548750	1116.6
36.552500	1154.9
36.556250	1139.9
36.560000	1142.8
36.563750	1201.5
36.567500	1274.6
36.571250	1205.2
36.575000	1169.7
36.578750	1255.5
36.582500	1194.9
36.586250	1239.0
36.590000	1234.9
36.593750	1265.4
36.597500	1276.6
36.601250	1341.0
36.605000	1303.5
36.608750	1267.6
36.612500	1277.4
36.616250	1271.9
36.620000	1292.1
36.623750	1297.0
36.627500	1280.7
36.631250	1244.4
36.635000	1222.0
36.638750	1234.5
36.642500	1299.7
36.646250	1259.9
36.650000	1263.1
36.653750	1316.0
36.657500	1277.8
36.661250	1286.1
36.665000	1264.8
36.668750	1354.0
36.672500	1265.1
36.676250	1329.4
36.680000	1288.4
36.683750	1315.9
36.687500	1274.4
36.691250	1334.5
36.695000	1359.1
36.698750	1359.4
36.702500	1288.7
36.706250	1340.5
36.710000	1371.0
36.713750	1322.3
36.717500	1322.8
36.721250	1362.9
36.725000	1356.4
36.728750	1293.8
36.732500	1347.1
36.736250	1365.1
36.740000	1330.4
36.743750	1331.9
36.747500	1361.8
36.751250	1404.1
36.755000	1352.6
36.758750	1408.6
36.762500	1340.4
36.766250	1272.1
36.770000	1329.1
36.773750	1379.5
36.777500	1366.3
36.781250	1393.5
36.785000	1350.0
36.788750	1429.5
36.792500	1357.0
36.796250	1438.3
36.800000	1377.7
36.803750	1428.2
36.807500	1416.6
36.811250	1411.8
36.815000	1410.3
36.818750	1391.9
36.822500	1379.8
36.826250	1391.2
36.830000	1398.2
36.833750	1408.2
36.837500	1460.8
36.841250	1443.8
36.845000	1471.2
36.848750	1453.2
36.852500	1438.4
36.856250	1411.5
36.860000	1478.7
36.863750	1441.2
36.867500	1544.2
36.871250	1445.6
36.875000	1447.8
36.878750	1491.1
36.882500	1542.8
36.886250	1524.6
36.890000	1404.5
36.893750	1549.9
36.897500	1608.9
36.901250	1543.3
36.905000	1563.4
36.908750	1521.9
36.912500	1569.2
36.916250	1500.8
36.920000	1560.5
36.923750	1520.3
36.927500	1572.8
36.931250	1491.7
36.935000	1611.8
36.938750	1557.1
36.942500	1524.2
36.946250	1508.0
36.950000	1482.9
36.953750	1570.2
36.957500	1615.2
36.961250	1538.4
36.965000	1535.8
36.968750	1548.6
36.972500	1599.9
36.976250	1579.5
36.980000	1543.0
36.983750	1551.1
36.987500	1565.0
36.991250	1556.4
36.995000	1565.8
36.998750	1558.2
37.002500	1509.7
37.006250	1488.4
37.010000	1534.3
37.013750	1407.2
37.017500	1374.9
37.021250	1497.0
37.025000	1466.2
37.028750	1460.6
37.032500	1406.3
37.036250	1361.4
37.040000	1477.6
37.043750	1379.9
37.047500	1391.5
37.051250	1377.6
37.055000	1443.4
37.058750	1344.3
37.062500	1349.3
37.066250	1374.9
37.070000	1383.1
37.073750	1334.4
37.077500	1351.9
37.081250	1277.6
37.085000	1252.0
37.088750	1291.5
37.092500	1288.3
37.096250	1293.1
37.100000	1211.6
37.103750	1295.7
37.107500	1244.2
37.111250	1232.7
37.115000	1224.2
37.118750	1282.4
37.122500	1204.2
37.126250	1239.6
37.130000	1222.7
37.133750	1188.5
37.137500	1146.0
37.141250	1180.5
37.145000	1210.1
37.148750	1174.4
37.152500	1128.0
37.156250	1112.5
37.160000	1127.2
37.163750	1125.3
37.167500	1151.1
37.171250	1114.9
37.175000	1128.7
37.178750	1103.0
37.182500	1106.6
37.186250	1149.0
37.190000	1154.9
37.193750	1142.2
37.197500	1086.8
37.201250	1047.7
37.205000	1085.4
37.208750	1136.9
37.212500	1106.5
37.216250	1076.8
37.220000	1050.5
37.223750	1062.4
37.227500	1084.5
37.231250	1109.1
37.235000	1032.7
37.238750	1065.2
37.242500	1124.5
37.246250	1092.2
37.250000	1102.5
37.253750	1035.6
37.257500	1039.1
37.261250	1107.2
37.265000	1009.6
37.268750	1019.7
37.272500	1036.1
37.276250	1004.3
37.280000	1030.2
37.283750	1013.1
37.287500	996.8
37.291250	1035.6
37.295000	969.4
37.298750	1004.3
37.302500	1066.5
37.306250	1035.5
37.310000	1036.3
37.313750	970.8
37.317500	980.3
37.321250	1014.7
37.325000	1001.3
37.328750	1004.9
37.332500	988.9
37.336250	1025.6
37.340000	966.7
37.343750	953.4
37.347500	961.0
37.351250	994.5
37.355000	1000.1
37.358750	1000.8
37.362500	1032.6
37.366250	954.7
37.370000	988.8
37.373750	962.0
37.377500	991.6
37.381250	1005.7
37.385000	1004.7
37.388750	1006.7
37.392500	977.6
37.396250	933.8
37.400000	963.1
37.403750	968.8
37.407500	954.5
37.411250	913.6
37.415000	936.0
37.418750	1022.0
37.422500	999.2
37.426250	909.5
37.430000	923.5
37.433750	936.7
37.437500	990.8
37.441250	952.8
37.445000	953.6
37.448750	972.5
37.452500	940.0
37.456250	980.4
37.460000	988.2
37.463750	981.2
37.467500	973.2
37.471250	967.5
37.475000	942.1
37.478750	990.5
37.482500	991.8
37.486250	964.2
37.490000	1018.7
37.493750	956.4
37.497500	992.5
37.501250	961.7
37.505000	951.6
37.508750	951.1
37.512500	922.0
37.516250	949.9
37.520000	946.1
37.523750	965.8
37.527500	957.7
37.531250	949.7
37.535000	948.2
37.538750	931.9
37.542500	965.7
37.546250	980.0
37.550000	963.0
37.553750	973.0
37.557500	971.0
37.561250	999.8
37.565000	978.4
37.568750	986.1
37.572500	948.4
37.576250	984.9
37.580000	974.0
37.583750	940.6
37.587500	932.8
37.591250	941.7
37.595000	952.3
37.598750	976.5
37.602500	929.7
37.606250	945.4
37.610000	966.4
37.613750	967.3
37.617500	938.3
37.621250	974.2
37.625000	969.0
37.628750	975.4
37.632500	964.1
37.636250	1007.8
37.640000	1029.4
37.643750	991.2
37.647500	946.3
37.651250	949.4
37.655000	978.0
37.658750	964.7
37.662500	981.1
37.666250	984.3
37.670000	995.5
37.673750	975.7
37.677500	974.3
37.681250	966.0
37.685000	984.7
37.688750	955.6
37.692500	984.9
37.696250	1019.4
37.700000	985.6
37.703750	977.4
37.707500	948.3
37.711250	907.7
37.715000	967.4
37.718750	943.3
37.722500	961.7
37.726250	952.2
37.730000	983.0
37.733750	994.6
37.737500	1011.2
37.741250	1012.7
37.745000	985.5
37.748750	1040.8
37.752500	1077.7
37.756250	1043.7
37.760000	1116.8
37.763750	1142.6
37.767500	1232.0
37.771250	1261.7
37.775000	1314.5
37.778750	1340.4
37.782500	1388.0
37.786250	1430.4
37.790000	1489.1
37.793750	1435.5
37.797500	1404.7
37.801250	1452.7
37.805000	1435.1
37.808750	1386.6
37.812500	1333.0
37.816250	1231.1
37.820000	1177.0
37.823750	1154.5
37.827500	1070.3
37.831250	1050.1
37.835000	1084.6
37.838750	987.5
37.842500	1073.3
37.846250	1010.6
37.850000	1038.0
37.853750	1032.7
37.857500	991.3
37.861250	1045.0
37.865000	1044.5
37.868750	1064.4
37.872500	1110.6
37.876250	1069.7
37.880000	1049.5
37.883750	1142.6
37.887500	1102.6
37.891250	1099.7
37.895000	1083.0
37.898750	1023.6
37.902500	1089.3
37.906250	1037.3
37.910000	1104.7
37.913750	1118.5
37.917500	1102.2
37.921250	1076.2
37.925000	1086.4
37.928750	1112.7
37.932500	1175.9
37.936250	1137.9
37.940000	1150.4
37.943750	1124.0
37.947500	1046.6
37.951250	1175.6
37.955000	1210.4
37.958750	1212.9
37.962500	1141.4
37.966250	1213.4
37.970000	1191.1
37.973750	1222.8
37.977500	1195.8
37.981250	1240.9
37.985000	1194.5
37.988750	1199.1
37.992500	1303.7
37.996250	1202.0
38.000000	1202.5
38.003750	1211.6
38.007500	1167.8
38.011250	1268.0
38.015000	1257.1
38.018750	1262.0
38.022500	1298.8
38.026250	1268.7
38.030000	1266.5
38.033750	1292.4
38.037500	1390.0
38.041250	1336.0
38.045000	1337.5
38.048750	1337.7
38.052500	1323.4
38.056250	1339.9
38.060000	1321.0
38.063750	1388.1
38.067500	1359.4
38.071250	1467.5
38.075000	1351.3
38.078750	1289.2
38.082500	1444.0
38.086250	1388.3
38.090000	1417.1
38.093750	1418.8
38.097500	1456.1
38.101250	1426.8
38.105000	1381.2
38.108750	1392.5
38.112500	1362.7
38.116250	1346.0
38.120000	1419.7
38.123750	1374.4
38.127500	1343.6
38.131250	1401.7
38.135000	1354.0
38.138750	1373.5
38.142500	1409.5
38.146250	1410.4
38.150000	1414.2
38.153750	1374.1
38.157500	1387.1
38.161250	1338.0
38.165000	1365.6
38.168750	1408.6
38.172500	1398.4
38.176250	1406.6
38.180000	1371.4
38.183750	1351.2
38.187500	1318.2
38.191250	1293.3
38.195000	1231.5
38.198750	1329.0
38.202500	1337.9
38.206250	1348.6
38.210000	1242.3
38.213750	1219.2
38.217500	1245.0
38.221250	1245.6
38.225000	1248.6
38.228750	1234.1
38.232500	1271.1
38.236250	1195.2
38.240000	1233.7
38.243750	1257.0
38.247500	1251.2
38.251250	1208.1
38.255000	1200.1
38.258750	1237.0
38.262500	1251.1
38.266250	1115.9
38.270000	1150.3
38.273750	1182.5
38.277500	1140.4
38.281250	1126.9
38.285000	1179.9
38.288750	1095.5
38.292500	1191.1
38.296250	1165.6
38.300000	1169.8
38.303750	1191.5
38.307500	1189.2
38.311250	1142.7
38.315000	1158.7
38.318750	1107.5
38.322500	1062.6
38.326250	1078.4
38.330000	1154.3
38.333750	1079.8
38.337500	1105.7
38.341250	1115.1
38.345000	1088.9
38.348750	962.9
38.352500	1092.7
38.356250	1122.0
38.360000	1174.3
38.363750	1079.6
38.367500	1056.9
38.371250	1008.9
38.375000	1029.0
38.378750	1065.9
38.382500	1053.1
38.386250	1044.9
38.390000	1049.7
38.393750	1035.1
38.397500	1006.2
38.401250	971.0
38.405000	1065.6
38.408750	1036.1
38.412500	1082.4
38.416250	1019.7
38.420000	989.6
38.423750	1025.6
38.427500	1031.5
38.431250	1087.3
38.435000	1016.9
38.438750	976.9
38.442500	1037.8
38.446250	1035.8
38.450000	1047.6
38.453750	998.6
38.457500	1030.5
38.461250	989.8
38.465000	1017.9
38.468750	966.2
38.472500	983.8
38.476250	1043.1
38.480000	1076.1
38.483750	1016.2
38.487500	1000.6
38.491250	999.4
38.495000	1004.0
38.498750	980.9
38.502500	1033.0
38.506250	981.8
38.510000	989.4
38.513750	1007.1
38.517500	963.6
38.521250	1002.5
38.525000	976.5
38.528750	1053.6
38.532500	1068.5
38.536250	962.8
38.540000	943.0
38.543750	1020.7
38.547500	977.7
38.551250	984.2
38.555000	975.2
38.558750	1004.3
38.562500	1009.2
38.566250	967.6
38.570000	985.2
38.573750	977.1
38.577500	1014.1
38.581250	990.2
38.585000	978.7
38.588750	1033.7
38.592500	1026.8
38.596250	976.2
38.600000	985.0
38.603750	909.5
38.607500	994.9
38.611250	971.8
38.615000	1001.2
38.618750	951.3
38.622500	1030.0
38.626250	992.4
38.630000	1018.8
38.633750	992.5
38.637500	996.5
38.641250	983.3
38.645000	937.9
38.648750	949.8
38.652500	1067.9
38.656250	1001.2
38.660000	979.2
38.663750	979.9
38.667500	980.1
38.671250	1000.5
38.675000	957.9
38.678750	1018.3
38.682500	974.7
38.686250	956.0
38.690000	939.5
38.693750	1006.1
38.697500	1028.1
38.701250	1010.2
38.705000	1006.0
38.708750	942.3
38.712500	1012.6
38.716250	1004.9
38.720000	1022.7
38.723750	1029.6
38.727500	977.6
38.731250	1003.1
38.735000	1024.4
38.738750	1006.7
38.742500	983.6
38.746250	994.4
38.750000	1009.1
38.753750	1013.5
38.757500	1006.6
38.761250	999.6
38.765000	1070.1
38.768750	1029.2
38.772500	981.7
38.776250	1062.2
38.780000	1013.2
38.783750	997.9
38.787500	971.6
38.791250	1025.0
38.795000	1046.7
38.798750	1032.2
38.802500	1106.2
38.806250	1053.5
38.810000	1025.5
38.813750	1047.5
38.817500	1072.9
38.821250	1033.5
38.825000	1039.4
38.828750	1089.9
38.832500	1054.0
38.836250	1029.3
38.840000	1060.2
38.843750	1086.9
38.847500	1050.0
38.851250	1069.7
38.855000	1064.4
38.858750	1052.7
38.862500	1087.2
38.866250	1081.0
38.870000	1052.9
38.873750	1049.8
38.877500	1080.8
38.881250	1065.8
38.885000	1080.1
38.888750	1105.7
38.892500	1091.6
38.896250	1061.0
38.900000	1098.3
38.903750	1151.5
38.907500	1081.4
38.911250	1082.2
38.915000	1184.5
38.918750	1140.0
38.922500	1075.3
38.926250	1114.6
38.930000	1147.3
38.933750	1115.7
38.937500	1103.5
38.941250	1168.2
38.945000	1152.2
38.948750	1126.9
38.952500	1162.0
38.956250	1149.5
38.960000	1151.8
38.963750	1076.8
38.967500	1145.2
38.971250	1095.5
38.975000	1129.0
38.978750	1175.1
38.982500	1111.4
38.986250	1130.8
38.990000	1102.1
38.993750	1112.4
38.997500	1101.0
39.001250	1119.8
39.005000	1136.3
39.008750	1188.8
39.012500	1204.1
39.016250	1181.1
39.020000	1187.1
39.023750	1116.3
39.027500	1130.4
39.031250	1175.7
39.035000	1147.2
39.038750	1118.5
39.042500	1158.1
39.046250	1187.3
39.050000	1159.4
39.053750	1176.2
39.057500	1226.3
39.061250	1200.6
39.065000	1127.8
39.068750	1142.7
39.072500	1175.6
39.076250	1220.1
39.080000	1212.8
39.083750	1168.0
39.087500	1222.0
39.091250	1188.0
39.095000	1168.3
39.098750	1193.4
39.102500	1158.9
39.106250	1229.0
39.110000	1196.1
39.113750	1187.4
39.117500	1202.3
39.121250	1186.0
39.125000	1142.7
39.128750	1228.6
39.132500	1228.6
39.136250	1181.9
39.140000	1160.0
39.143750	1176.3
39.147500	1229.1
39.151250	1233.5
39.155000	1221.4
39.158750	1243.1
39.162500	1233.8
39.166250	1286.2
39.170000	1185.6
39.173750	1241.2
39.177500	1248.9
39.181250	1191.9
39.185000	1251.1
39.188750	1237.0
39.192500	1249.6
39.196250	1313.7
39.200000	1264.4
39.203750	1229.2
39.207500	1268.8
39.211250	1230.7
39.215000	1267.7
39.218750	1293.2
39.222500	1248.1
39.226250	1279.2
39.230000	1290.9
39.233750	1276.7
39.237500	1259.7
39.241250	1322.1
39.245000	1231.9
39.248750	1288.1
39.252500	1312.1
39.256250	1273.0
39.260000	1204.4
39.263750	1221.2
39.267500	1240.9
39.271250	1266.7
39.275000	1219.9
39.278750	1302.3
39.282500	1283.8
39.286250	1277.9
39.290000	1293.9
39.293750	1276.6
39.297500	1287.0
39.301250	1295.2
39.305000	1317.2
39.308750	1220.8
39.312500	1234.2
39.316250	1278.7
39.320000	1272.3
39.323750	1236.6
39.327500	1208.9
39.331250	1252.4
39.335000	1265.7
39.338750	1295.7
39.342500	1248.6
39.346250	1202.6
39.350000	1220.8
39.353750	1171.1
39.357500	1238.8
39.361250	1172.9
39.365000	1152.6
39.368750	1125.2
39.372500	1151.3
39.376250	1123.2
39.380000	1158.2
39.383750	1174.2
39.387500	1130.0
39.391250	1145.9
39.395000	1156.5
39.398750	1170.5
39.402500	1131.0
39.406250	1097.4
39.410000	1140.5
39.413750	1093.4
39.417500	1102.6
39.421250	1206.3
39.425000	1081.5
39.428750	1027.6
39.432500	1092.7
39.436250	991.5
39.440000	1130.4
39.443750	1106.4
39.447500	1090.6
39.451250	1066.8
39.455000	1011.4
39.458750	1074.6
39.462500	1066.2
39.466250	1044.3
39.470000	1033.5
39.473750	1051.2
39.477500	1001.8
39.481250	1086.7
39.485000	1078.0
39.488750	1076.8
39.492500	1011.1
39.496250	1011.2
39.500000	1053.3
39.503750	990.7
39.507500	1002.3
39.511250	1037.1
39.515000	1031.8
39.518750	1033.0
39.522500	1033.7
39.526250	1038.1
39.530000	1042.3
39.533750	1077.9
39.537500	932.9
39.541250	1058.9
39.545000	1058.2
39.548750	1036.0
39.552500	1017.1
39.556250	1069.6
39.560000	1018.3
39.563750	1022.6
39.567500	1057.1
39.571250	1041.8
39.575000	1022.6
39.578750	1014.8
39.582500	1047.7
39.586250	1036.4
39.590000	998.5
39.593750	972.1
39.597500	957.7
39.601250	1004.5
39.605000	986.2
39.608750	996.9
39.612500	983.1
39.616250	1009.0
39.620000	1008.1
39.623750	923.8
39.627500	1000.4
39.631250	1005.3
39.635000	946.5
39.638750	953.9
39.642500	957.0
39.646250	974.4
39.650000	971.6
39.653750	945.5
39.657500	966.1
39.661250	972.0
39.665000	972.1
39.668750	956.6
39.672500	926.0
39.676250	912.5
39.680000	947.5
39.683750	952.9
39.687500	951.3
39.691250	959.0
39.695000	933.9
39.698750	976.3
39.702500	966.4
39.706250	931.3
39.710000	999.4
39.713750	990.8
39.717500	940.6
39.721250	965.3
39.725000	954.8
39.728750	954.3
39.732500	949.0
39.736250	928.1
39.740000	980.9
39.743750	965.8
39.747500	980.7
39.751250	991.8
39.755000	955.1
39.758750	984.5
39.762500	984.9
39.766250	954.9
39.770000	978.6
39.773750	1006.7
39.777500	918.1
39.781250	938.9
39.785000	1016.0
39.788750	949.2
39.792500	943.0
39.796250	994.9
39.800000	966.4
39.803750	981.8
39.807500	975.0
39.811250	1013.6
39.815000	967.3
39.818750	963.3
39.822500	964.3
39.826250	995.3
39.830000	921.8
39.833750	944.7
39.837500	981.0
39.841250	985.9
39.845000	933.8
39.848750	991.8
39.852500	976.0
39.856250	972.5
39.860000	956.9
39.863750	1027.7
39.867500	953.6
39.871250	940.6
39.875000	923.4
39.878750	941.9
39.882500	1002.2
39.886250	978.4
39.890000	988.0
39.893750	954.5
39.897500	996.8
39.901250	1017.7
39.905000	984.2
39.908750	1028.3
39.912500	987.9
39.916250	996.6
39.920000	1010.7
39.923750	936.8
39.927500	1012.6
39.931250	989.3
39.935000	1003.0
39.938750	1013.0
39.942500	1000.1
39.946250	1013.7
39.950000	995.2
39.953750	973.1
39.957500	1052.2
39.961250	1018.1
39.965000	995.8
39.968750	1006.0
39.972500	982.4
39.976250	923.9
39.980000	998.2
39.983750	1110.2
39.987500	1077.6
39.991250	990.8
39.995000	1029.4
39.998750	1015.6
40.002500	1088.2
40.006250	1047.4
40.010000	1048.0
40.013750	1051.2
40.017500	1020.9
40.021250	1046.3
40.025000	1034.8
40.028750	1042.4
40.032500	1106.7
40.036250	1069.3
40.040000	1092.9
40.043750	1028.8
40.047500	1035.0
40.051250	1070.4
40.055000	1085.4
40.058750	1099.2
40.062500	1111.2
40.066250	1076.2
40.070000	1103.2
40.073750	1075.1
40.077500	1061.2
40.081250	1042.1
40.085000	1029.6
40.088750	1056.8
40.092500	1071.5
40.096250	1087.3
40.100000	1080.7
40.103750	1052.5
40.107500	1018.7
40.111250	1074.2
40.115000	1083.5
40.118750	1041.7
40.122500	1081.0
40.126250	1050.1
40.130000	1070.4
40.133750	1038.1
40.137500	1074.9
40.141250	1067.8
40.145000	1030.4
40.148750	1090.0
40.152500	1053.7
40.156250	1064.9
40.160000	1065.1
40.163750	1018.2
40.167500	1092.8
40.171250	1094.4
40.175000	1123.7
40.178750	1141.5
40.182500	1048.1
40.186250	1067.1
40.190000	1103.1
40.193750	1153.5
40.197500	1142.2
40.201250	1121.8
40.205000	1209.4
40.208750	1178.3
40.212500	1107.4
40.216250	1127.2
40.220000	1162.4
40.223750	1170.0
40.227500	1116.7
40.231250	1173.3
40.235000	1153.4
40.238750	1137.9
40.242500	1144.9
40.246250	1092.6
40.250000	1152.5
40.253750	1112.3
40.257500	1072.6
40.261250	1081.0
40.265000	1093.5
40.268750	1068.5
40.272500	1172.6
40.276250	1151.7
40.280000	1096.9
40.283750	1098.7
40.287500	1181.8
40.291250	1141.4
40.295000	1173.6
40.298750	1154.0
40.302500	1132.6
40.306250	1148.5
40.310000	1118.3
40.313750	1098.3
40.317500	1157.9
40.321250	1133.4
40.325000	1158.9
40.328750	1157.6
40.332500	1128.7
40.336250	1179.9
40.340000	1082.1
40.343750	1100.3
40.347500	1153.1
40.351250	1169.8
40.355000	1133.3
40.358750	1138.4
40.362500	1136.0
40.366250	1122.8
40.370000	1152.8
40.373750	1095.3
40.377500	1155.8
40.381250	1162.8
40.385000	1150.5
40.388750	1177.3
40.392500	1209.7
40.396250	1134.7
40.400000	1208.3
40.403750	1168.7
40.407500	1125.2
40.411250	1153.4
40.415000	1146.4
40.418750	1124.5
40.422500	1101.3
40.426250	1163.5
40.430000	1147.8
40.433750	1109.0
40.437500	1170.4
40.441250	1146.5
40.445000	1109.7
40.448750	1158.9
40.452500	1119.9
40.456250	1107.8
40.460000	1125.6
40.463750	1096.9
40.467500	1076.8
40.471250	1098.7
40.475000	1080.0
40.478750	1073.7
40.482500	1138.9
40.486250	1110.8
40.490000	1132.6
40.493750	1107.0
40.497500	1116.3
40.501250	1066.5
40.505000	1038.3
40.508750	1120.8
40.512500	1061.8
40.516250	1107.0
40.520000	1115.7
40.523750	1002.8
40.527500	1009.9
40.531250	978.4
40.535000	996.9
40.538750	1076.0
40.542500	1064.4
40.546250	1059.0
40.550000	1028.2
40.553750	970.6
40.557500	925.5
40.561250	998.2
40.565000	1028.2
40.568750	1072.5
40.572500	1010.9
40.576250	1013.2
40.580000	1029.2
40.583750	1032.1
40.587500	961.4
40.591250	999.1
40.595000	1006.8
40.598750	930.5
40.602500	895.0
40.606250	947.2
40.610000	916.6
40.613750	924.0
40.617500	959.4
40.621250	908.5
40.625000	884.4
40.628750	953.0
40.632500	974.5
40.636250	978.2
40.640000	940.4
40.643750	919.3
40.647500	994.1
40.651250	955.4
40.655000	969.3
40.658750	953.8
40.662500	936.2
40.666250	898.2
40.670000	992.6
40.673750	988.8
40.677500	953.7
40.681250	963.5
40.685000	929.1
40.688750	934.1
40.692500	894.6
40.696250	942.1
40.700000	950.3
40.703750	914.5
40.707500	949.6
40.711250	947.1
40.715000	893.2
40.718750	885.6
40.722500	922.9
40.726250	933.2
40.730000	950.8
40.733750	942.7
40.737500	906.8
40.741250	860.5
40.745000	939.5
40.748750	954.9
40.752500	860.1
40.756250	901.2
40.760000	906.9
40.763750	908.0
40.767500	943.6
40.771250	935.1
40.775000	966.2
40.778750	920.8
40.782500	896.0
40.786250	896.2
40.790000	923.4
40.793750	927.6
40.797500	874.2
40.801250	897.7
40.805000	908.2
40.808750	873.1
40.812500	921.8
40.816250	913.9
40.820000	903.2
40.823750	938.8
40.827500	875.4
40.831250	921.2
40.835000	914.5
40.838750	908.3
40.842500	902.0
40.846250	875.4
40.850000	923.2
40.853750	967.1
40.857500	916.6
40.861250	932.3
40.865000	895.1
40.868750	819.1
40.872500	902.8
40.876250	925.0
40.880000	898.4
40.883750	925.2
40.887500	895.4
40.891250	915.4
40.895000	829.3
40.898750	902.3
40.902500	897.0
40.906250	862.2
40.910000	878.1
40.913750	879.4
40.917500	911.8
40.921250	879.9
40.925000	879.3
40.928750	884.7
40.932500	887.5
40.936250	896.4
40.940000	895.9
40.943750	832.6
40.947500	856.0
40.951250	893.0
40.955000	903.3
40.958750	885.0
40.962500	888.7
40.966250	865.1
40.970000	833.2
40.973750	867.9
40.977500	888.7
40.981250	896.6
40.985000	853.5
40.988750	811.9
40.992500	867.0
40.996250	909.9
41.000000	927.3
41.003750	880.4
41.007500	903.7
41.011250	877.2
41.015000	864.4
41.018750	895.8
41.022500	893.6
41.026250	929.3
41.030000	884.9
41.033750	848.1
41.037500	932.5
41.041250	888.8
41.045000	891.7
41.048750	932.0
41.052500	941.1
41.056250	876.9
41.060000	889.0
41.063750	926.2
41.067500	852.6
41.071250	831.0
41.075000	885.2
41.078750	850.9
41.082500	868.9
41.086250	817.4
41.090000	885.0
41.093750	866.3
41.097500	814.1
41.101250	813.8
41.105000	887.7
41.108750	928.0
41.112500	918.9
41.116250	872.2
41.120000	890.1
41.123750	897.2
41.127500	877.9
41.131250	908.4
41.135000	892.3
41.138750	821.6
41.142500	877.4
41.146250	928.5
41.150000	831.1
41.153750	915.0
41.157500	966.6
41.161250	865.1
41.165000	855.8
41.168750	937.2
41.172500	884.2
41.176250	871.5
41.180000	871.5
41.183750	877.7
41.187500	860.7
41.191250	890.2
41.195000	944.2
41.198750	933.6
41.202500	930.8
41.206250	927.8
41.210000	922.0
41.213750	910.7
41.217500	889.3
41.221250	933.3
41.225000	893.1
41.228750	903.9
41.232500	852.9
41.236250	873.2
41.240000	948.7
41.243750	939.5
41.247500	870.6
41.251250	847.8
41.255000	890.4
41.258750	873.4
41.262500	881.9
41.266250	879.0
41.270000	822.3
41.273750	898.4
41.277500	868.3
41.281250	895.9
41.285000	907.5
41.288750	901.4
41.292500	873.4
41.296250	942.6
41.300000	923.3
41.303750	920.0
41.307500	898.0
41.311250	895.2
41.315000	852.8
41.318750	854.9
41.322500	880.5
41.326250	889.0
41.330000	865.9
41.333750	889.2
41.337500	912.7
41.341250	907.8
41.345000	922.3
41.348750	909.6
41.352500	882.3
41.356250	939.5
41.360000	909.7
41.363750	919.5
41.367500	899.1
41.371250	984.8
41.375000	969.6
41.378750	961.1
41.382500	986.8
41.386250	951.9
41.390000	898.9
41.393750	959.7
41.397500	936.5
41.401250	961.7
41.405000	949.0
41.408750	994.6
41.412500	1035.5
41.416250	1004.6
41.420000	1028.7
41.423750	1044.6
41.427500	1043.8
41.431250	1053.1
41.435000	1036.2
41.438750	1004.7
41.442500	956.6
41.446250	1002.4
41.450000	975.0
41.453750	969.3
41.457500	979.0
41.461250	983.8
41.465000	958.4
41.468750	998.9
41.472500	986.2
41.476250	899.2
41.480000	929.3
41.483750	954.4
41.487500	908.1
41.491250	934.6
41.495000	937.1
41.498750	955.9
41.502500	955.2
41.506250	909.6
41.510000	907.9
41.513750	924.7
41.517500	920.0
41.521250	912.9
41.525000	975.7
41.528750	966.0
41.532500	946.5
41.536250	945.9
41.540000	903.4
41.543750	923.2
41.547500	918.6
41.551250	912.9
41.555000	945.0
41.558750	901.9
41.562500	877.0
41.566250	892.8
41.570000	900.1
41.573750	892.4
41.577500	902.6
41.581250	943.1
41.585000	878.0
41.588750	885.9
41.592500	908.2
41.596250	910.4
41.600000	910.5
41.603750	884.1
41.607500	884.7
41.611250	925.4
41.615000	939.5
41.618750	904.6
41.622500	918.3
41.626250	908.0
41.630000	847.2
41.633750	905.8
41.637500	917.3
41.641250	872.6
41.645000	880.9
41.648750	949.5
41.652500	944.2
41.656250	913.3
41.660000	885.8
41.663750	908.2
41.667500	916.5
41.671250	910.4
41.675000	960.0
41.678750	912.8
41.682500	902.7
41.686250	877.3
41.690000	933.0
41.693750	910.4
41.697500	955.2
41.701250	880.8
41.705000	860.0
41.708750	865.9
41.712500	908.0
41.716250	913.7
41.720000	875.9
41.723750	855.4
41.727500	858.5
41.731250	950.5
41.735000	847.4
41.738750	868.9
41.742500	878.5
41.746250	858.6
41.750000	858.7
41.753750	876.5
41.757500	820.5
41.761250	918.7
41.765000	897.1
41.768750	894.8
41.772500	863.1
41.776250	880.6
41.780000	891.5
41.783750	838.0
41.787500	885.6
41.791250	909.3
41.795000	844.6
41.798750	838.7
41.802500	852.0
41.806250	893.9
41.810000	929.7
41.813750	879.1
41.817500	861.9
41.821250	874.6
41.825000	880.3
41.828750	895.6
41.832500	887.2
41.836250	908.5
41.840000	843.9
41.843750	885.5
41.847500	913.1
41.851250	901.6
41.855000	867.7
41.858750	913.5
41.862500	888.5
41.866250	882.6
41.870000	867.5
41.873750	864.4
41.877500	904.5
41.881250	860.1
41.885000	864.6
41.888750	897.4
41.892500	849.5
41.896250	971.1
41.900000	930.7
41.903750	913.7
41.907500	884.8
41.911250	898.9
41.915000	911.5
41.918750	911.2
41.922500	873.1
41.926250	876.8
41.930000	867.7
41.933750	878.1
41.937500	912.1
41.941250	935.1
41.945000	864.2
41.948750	894.2
41.952500	904.2
41.956250	893.8
41.960000	867.8
41.963750	914.9
41.967500	909.1
41.971250	899.8
41.975000	891.2
41.978750	847.2
41.982500	844.9
41.986250	939.6
41.990000	902.2
41.993750	870.2
41.997500	854.7
42.001250	911.6
42.005000	884.1
42.008750	888.5
42.012500	858.1
42.016250	865.1
42.020000	812.1
42.023750	865.2
42.027500	862.9
42.031250	898.6
42.035000	865.5
42.038750	886.9
42.042500	923.9
42.046250	925.9
42.050000	914.1
42.053750	926.6
42.057500	859.6
42.061250	853.5
42.065000	871.6
42.068750	916.2
42.072500	868.8
42.076250	870.6
42.080000	884.5
42.083750	886.3
42.087500	885.3
42.091250	910.0
42.095000	897.3
42.098750	906.9
42.102500	869.6
42.106250	892.3
42.110000	859.9
42.113750	913.8
42.117500	909.8
42.121250	888.4
42.125000	900.5
42.128750	922.5
42.132500	876.8
42.136250	861.2
42.140000	925.2
42.143750	908.0
42.147500	916.3
42.151250	894.7
42.155000	911.7
42.158750	932.2
42.162500	876.5
42.166250	910.9
42.170000	943.9
42.173750	893.8
42.177500	913.5
42.181250	881.9
42.185000	896.4
42.188750	862.4
42.192500	923.1
42.196250	917.2
42.200000	898.9
42.203750	941.4
42.207500	955.8
42.211250	954.7
42.215000	915.8
42.218750	876.8
42.222500	886.7
42.226250	928.8
42.230000	936.3
42.233750	939.9
42.237500	921.5
42.241250	940.8
42.245000	972.8
42.248750	899.9
42.252500	917.6
42.256250	970.3
42.260000	904.9
42.263750	950.3
42.267500	973.5
42.271250	935.2
42.275000	919.2
42.278750	959.5
42.282500	946.3
42.286250	961.3
42.290000	975.7
42.293750	982.0
42.297500	953.9
42.301250	948.6
42.305000	963.2
42.308750	1005.8
42.312500	956.7
42.316250	992.8
42.320000	991.9
42.323750	1028.0
42.327500	1134.4
42.331250	1120.6
42.335000	1107.1
42.338750	1170.3
42.342500	1143.6
42.346250	1244.5
42.350000	1178.8
42.353750	1154.5
42.357500	1202.3
42.361250	1256.0
42.365000	1214.3
42.368750	1250.8
42.372500	1260.9
42.376250	1173.4
42.380000	1148.4
42.383750	1144.5
42.387500	999.0
42.391250	1037.8
42.395000	980.5
42.398750	981.2
42.402500	1013.4
42.406250	1009.0
42.410000	1052.0
42.413750	1029.2
42.417500	1034.3
42.421250	1035.4
42.425000	1051.6
42.428750	1064.2
42.432500	1075.4
42.436250	1056.3
42.440000	999.0
42.443750	968.2
42.447500	1012.0
42.451250	1019.4
42.455000	999.3
42.458750	1013.4
42.462500	1071.8
42.466250	1078.4
42.470000	1038.0
42.473750	1000.6
42.477500	1037.1
42.481250	1035.9
42.485000	1029.8
42.488750	1013.6
42.492500	1064.4
42.496250	1032.1
42.500000	1094.4
42.503750	1075.7
42.507500	1031.3
42.511250	1038.8
42.515000	1032.9
42.518750	1042.7
42.522500	1087.7
42.526250	1081.2
42.530000	1062.9
42.533750	1096.4
42.537500	1081.4
42.541250	1081.3
42.545000	1076.8
42.548750	1090.8
42.552500	1090.6
42.556250	1096.2
42.560000	1186.1
42.563750	1151.4
42.567500	1111.6
42.571250	1252.5
42.575000	1279.5
42.578750	1304.3
42.582500	1320.3
42.586250	1368.2
42.590000	1364.7
42.593750	1374.4
42.597500	1363.4
42.601250	1382.2
42.605000	1401.0
42.608750	1386.4
42.612500	1358.0
42.616250	1361.4
42.620000	1278.5
42.623750	1238.9
42.627500	1146.1
42.631250	1123.3
42.635000	1145.4
42.638750	1117.3
42.642500	1087.4
42.646250	1082.9
42.650000	1165.9
42.653750	1200.9
42.657500	1164.7
42.661250	1173.7
42.665000	1177.4
42.668750	1160.7
42.672500	1172.0
42.676250	1264.5
42.680000	1164.5
42.683750	1127.9
42.687500	1117.5
42.691250	1135.1
42.695000	1108.5
42.698750	1125.6
42.702500	1089.4
42.706250	1084.7
42.710000	1020.9
42.713750	1048.5
42.717500	1022.5
42.721250	1033.5
42.725000	975.5
42.728750	982.9
42.732500	1026.6
42.736250	1000.2
42.740000	999.0
42.743750	1044.8
42.747500	954.6
42.751250	1006.5
42.755000	1004.8
42.758750	993.2
42.762500	992.2
42.766250	999.6
42.770000	996.2
42.773750	1008.3
42.777500	1005.0
42.781250	988.3
42.785000	1046.0
42.788750	1026.4
42.792500	956.3
42.796250	986.2
42.800000	1022.6
42.803750	994.1
42.807500	961.8
42.811250	1010.2
42.815000	975.7
42.818750	1044.4
42.822500	934.1
42.826250	1007.2
42.830000	1007.4
42.833750	1005.7
42.837500	961.0
42.841250	988.5
42.845000	954.8
42.848750	990.5
42.852500	966.3
42.856250	926.7
42.860000	949.8
42.863750	936.5
42.867500	981.2
42.871250	976.4
42.875000	960.8
42.878750	986.2
42.882500	987.9
42.886250	941.8
42.890000	949.7
42.893750	955.2
42.897500	1013.5
42.901250	956.1
42.905000	909.4
42.908750	977.3
42.912500	1011.2
42.916250	963.0
42.920000	943.8
42.923750	945.7
42.927500	955.1
42.931250	941.8
42.935000	936.1
42.938750	977.8
42.942500	940.6
42.946250	939.6
42.950000	999.0
42.953750	922.0
42.957500	947.4
42.961250	971.2
42.965000	977.1
42.968750	975.7
42.972500	983.2
42.976250	983.8
42.980000	970.2
42.983750	961.2
42.987500	972.2
42.991250	951.8
42.995000	969.7
42.998750	994.3
43.002500	1011.0
43.006250	927.1
43.010000	996.9
43.013750	972.8
43.017500	976.5
43.021250	951.5
43.025000	1047.0
43.028750	992.4
43.032500	969.7
43.036250	1035.3
43.040000	1043.0
43.043750	979.7
43.047500	1063.4
43.051250	1024.5
43.055000	1059.2
43.058750	985.4
43.062500	1016.8
43.066250	1075.6
43.070000	1003.3
43.073750	1079.1
43.077500	1034.4
43.081250	1025.1
43.085000	1038.9
43.088750	1095.8
43.092500	1112.4
43.096250	1051.6
43.100000	1011.0
43.103750	1033.7
43.107500	1046.6
43.111250	1026.3
43.115000	1065.7
43.118750	1109.3
43.122500	1044.9
43.126250	1056.0
43.130000	1114.4
43.133750	1089.2
43.137500	1098.2
43.141250	1018.5
43.145000	1106.6
43.148750	1055.7
43.152500	1073.3
43.156250	1032.1
43.160000	1140.3
43.163750	1074.0
43.167500	1141.2
43.171250	1121.1
43.175000	1174.1
43.178750	1138.4
43.182500	1163.2
43.186250	1114.7
43.190000	1128.5
43.193750	1181.0
43.197500	1133.7
43.201250	1128.0
43.205000	1106.2
43.208750	1210.0
43.212500	1180.5
43.216250	1229.8
43.220000	1191.3
43.223750	1243.0
43.227500	1218.0
43.231250	1147.6
43.235000	1203.0
43.238750	1248.8
43.242500	1169.3
43.246250	1173.6
43.250000	1163.7
43.253750	1151.5
43.257500	1277.0
43.261250	1227.6
43.265000	1236.2
43.268750	1209.3
43.272500	1174.9
43.276250	1162.7
43.280000	1138.0
43.283750	1143.4
43.287500	1162.5
43.291250	1112.0
43.295000	1154.4
43.298750	1149.0
43.302500	1071.7
43.306250	547.0
43.310000	1090.6
43.313750	1119.8
43.317500	1117.2
43.321250	1093.1
43.325000	1105.4
43.328750	1124.5
43.332500	1068.7
43.336250	1088.2
43.340000	1068.7
43.343750	1078.1
43.347500	1077.0
43.351250	1093.6
43.355000	1103.1
43.358750	1110.1
43.362500	1060.0
43.366250	1084.0
43.370000	1070.6
43.373750	1157.1
43.377500	1090.8
43.381250	1125.7
43.385000	1120.4
43.388750	1204.6
43.392500	1193.6
43.396250	1111.8
43.400000	1087.5
43.403750	1113.2
43.407500	1134.1
43.411250	1102.0
43.415000	1132.0
43.418750	1104.4
43.422500	1097.9
43.426250	1165.3
43.430000	1174.0
43.433750	1082.6
43.437500	1139.3
43.441250	1122.8
43.445000	1128.1
43.448750	1169.0
43.452500	1149.4
43.456250	1118.0
43.460000	1177.9
43.463750	1195.3
43.467500	1146.1
43.471250	1216.8
43.475000	1231.2
43.478750	1175.6
43.482500	1152.9
43.486250	1174.0
43.490000	1170.2
43.493750	1135.5
43.497500	1166.9
43.501250	1207.9
43.505000	1210.3
43.508750	1215.2
43.512500	1161.9
43.516250	1200.6
43.520000	1200.8
43.523750	1217.1
43.527500	1264.6
43.531250	1228.5
43.535000	1224.3
43.538750	1232.6
43.542500	1185.9
43.546250	1220.2
43.550000	1305.7
43.553750	1245.6
43.557500	1294.7
43.561250	1271.1
43.565000	1281.1
43.568750	1275.9
43.572500	1288.8
43.576250	1236.7
43.580000	1275.8
43.583750	1312.0
43.587500	1252.5
43.591250	1276.6
43.595000	1240.9
43.598750	1317.9
43.602500	1317.3
43.606250	1248.5
43.610000	1206.3
43.613750	1242.0
43.617500	1258.9
43.621250	1291.6
43.625000	1220.4
43.628750	1220.9
43.632500	1255.0
43.636250	1274.4
43.640000	1312.5
43.643750	1310.5
43.647500	1265.6
43.651250	1277.3
43.655000	1284.6
43.658750	1252.3
43.662500	1228.7
43.666250	1230.4
43.670000	1219.4
43.673750	1238.0
43.677500	1274.2
43.681250	1240.0
43.685000	1246.0
43.688750	1226.7
43.692500	1198.1
43.696250	1225.5
43.700000	1210.9
43.703750	1223.0
43.707500	1177.6
43.711250	1209.3
43.715000	1182.9
43.718750	1177.2
43.722500	1119.0
43.726250	1250.0
43.730000	1232.5
43.733750	1186.8
43.737500	1210.1
43.741250	1146.3
43.745000	1125.0
43.748750	1146.3
43.752500	1159.1
43.756250	1178.6
43.760000	1148.0
43.763750	1149.3
43.767500	1156.6
43.771250	1099.9
43.775000	1193.2
43.778750	896.1
43.782500	690.3
43.786250	1158.7
43.790000	1111.7
43.793750	1150.6
43.797500	1104.1
43.801250	1070.1
43.805000	1103.3
43.808750	1088.6
43.812500	1075.5
43.816250	1091.1
43.820000	1035.1
43.823750	994.5
43.827500	1026.8
43.831250	1036.6
43.835000	1056.9
43.838750	1061.1
43.842500	1045.7
43.846250	1031.2
43.850000	1026.0
43.853750	979.0
43.857500	1056.2
43.861250	1058.7
43.865000	1002.7
43.868750	988.6
43.872500	998.8
43.876250	1023.7
43.880000	972.2
43.883750	1027.7
43.887500	972.0
43.891250	988.0
43.895000	1059.0
43.898750	1050.8
43.902500	1035.3
43.906250	986.4
43.910000	1006.7
43.913750	972.7
43.917500	995.2
43.921250	987.1
43.925000	983.7
43.928750	991.3
43.932500	973.3
43.936250	987.8
43.940000	1011.8
43.943750	951.1
43.947500	975.6
43.951250	1039.6
43.955000	1000.4
43.958750	972.9
43.962500	943.1
43.966250	974.2
43.970000	984.7
43.973750	971.5
43.977500	916.0
43.981250	973.0
43.985000	972.8
43.988750	940.6
43.992500	924.1
43.996250	899.5
44.000000	998.9
44.003750	953.1
44.007500	912.9
44.011250	940.1
44.015000	935.2
44.018750	919.7
44.022500	928.6
44.026250	968.2
44.030000	955.7
44.033750	916.9
44.037500	935.3
44.041250	978.9
44.045000	999.3
44.048750	958.9
44.052500	944.7
44.056250	981.3
44.060000	981.9
44.063750	942.4
44.067500	921.4
44.071250	967.3
44.075000	936.9
44.078750	948.9
44.082500	966.2
44.086250	940.9
44.090000	980.8
44.093750	962.5
44.097500	915.2
44.101250	902.9
44.105000	962.9
44.108750	933.8
44.112500	906.4
44.116250	913.7
44.120000	917.9
44.123750	905.9
44.127500	934.6
44.131250	950.9
44.135000	955.1
44.138750	931.1
44.142500	920.7
44.146250	949.6
44.150000	939.5
44.153750	905.0
44.157500	970.3
44.161250	971.2
44.165000	949.0
44.168750	903.1
44.172500	939.0
44.176250	957.0
44.180000	941.1
44.183750	934.4
44.187500	964.3
44.191250	928.1
44.195000	961.0
44.198750	939.4
44.202500	910.3
44.206250	944.4
44.210000	1001.3
44.213750	938.6
44.217500	906.4
44.221250	987.4
44.225000	929.3
44.228750	921.6
44.232500	864.4
44.236250	933.0
44.240000	931.6
44.243750	917.2
44.247500	897.0
44.251250	902.9
44.255000	884.8
44.258750	920.7
44.262500	921.9
44.266250	893.8
44.270000	952.8
44.273750	866.6
44.277500	914.1
44.281250	984.3
44.285000	919.7
44.288750	886.4
44.292500	963.0
44.296250	903.7
44.300000	881.2
44.303750	916.3
44.307500	905.9
44.311250	882.5
44.315000	937.9
44.318750	980.3
44.322500	915.9
44.326250	921.9
44.330000	894.8
44.333750	892.4
44.337500	873.1
44.341250	905.8
44.345000	979.5
44.348750	957.0
44.352500	931.4
44.356250	929.3
44.360000	981.0
44.363750	956.0
44.367500	930.5
44.371250	912.9
44.375000	963.9
44.378750	955.2
44.382500	913.5
44.386250	928.8
44.390000	888.1
44.393750	949.2
44.397500	931.5
44.401250	912.8
44.405000	931.5
44.408750	942.0
44.412500	962.9
44.416250	970.5
44.420000	898.5
44.423750	939.9
44.427500	1028.0
44.431250	973.9
44.435000	979.5
44.438750	977.1
44.442500	969.6
44.446250	928.4
44.450000	918.6
44.453750	961.1
44.457500	965.3
44.461250	952.8
44.465000	956.0
44.468750	954.1
44.472500	1038.5
44.476250	1016.1
44.480000	970.0
44.483750	990.4
44.487500	974.2
44.491250	1004.5
44.495000	1030.7
44.498750	971.6
44.502500	1015.2
44.506250	1014.7
44.510000	979.7
44.513750	1016.2
44.517500	1009.2
44.521250	943.8
44.525000	957.8
44.528750	1007.4
44.532500	997.0
44.536250	992.5
44.540000	950.7
44.543750	1001.0
44.547500	960.7
44.551250	1004.5
44.555000	1072.5
44.558750	987.6
44.562500	1021.1
44.566250	1026.8
44.570000	977.6
44.573750	1043.4
44.577500	1020.4
44.581250	987.7
44.585000	1027.1
44.588750	1051.1
44.592500	1005.6
44.596250	978.5
44.600000	1005.7
44.603750	1019.6
44.607500	1035.5
44.611250	1010.7
44.615000	1056.0
44.618750	1045.4
44.622500	976.0
44.626250	1047.4
44.630000	981.0
44.633750	1008.9
44.637500	1009.0
44.641250	987.9
44.645000	1016.4
44.648750	973.9
44.652500	997.0
44.656250	1109.9
44.660000	1033.9
44.663750	1055.8
44.667500	1026.5
44.671250	1048.2
44.675000	1032.4
44.678750	1050.9
44.682500	996.5
44.686250	1045.1
44.690000	1014.6
44.693750	1045.1
44.697500	1049.1
44.701250	1000.3
44.705000	1033.5
44.708750	1016.2
44.712500	1085.7
44.716250	1006.5
44.720000	982.7
44.723750	1002.0
44.727500	960.4
44.731250	954.7
44.735000	1023.8
44.738750	1013.1
44.742500	966.4
44.746250	972.7
44.750000	967.6
44.753750	959.4
44.757500	991.8
44.761250	969.5
44.765000	1072.5
44.768750	976.1
44.772500	997.4
44.776250	962.1
44.780000	1002.6
44.783750	999.5
44.787500	970.5
44.791250	1006.1
44.795000	953.3
44.798750	977.4
44.802500	931.2
44.806250	1011.4
44.810000	960.0
44.813750	979.3
44.817500	973.5
44.821250	922.8
44.825000	932.7
44.828750	917.4
44.832500	989.3
44.836250	941.1
44.840000	959.0
44.843750	919.2
44.847500	904.9
44.851250	938.5
44.855000	959.7
44.858750	941.9
44.862500	918.1
44.866250	969.9
44.870000	966.8
44.873750	948.1
44.877500	939.7
44.881250	909.9
44.885000	944.5
44.888750	952.9
44.892500	955.8
44.896250	871.0
44.900000	956.7
44.903750	879.3
44.907500	936.8
44.911250	948.9
44.915000	923.0
44.918750	944.8
44.922500	954.1
44.926250	947.3
44.930000	899.3
44.933750	889.2
44.937500	863.8
44.941250	937.3
44.945000	927.7
44.948750	905.1
44.952500	968.0
44.956250	922.3
44.960000	921.5
44.963750	895.8
44.967500	905.0
44.971250	929.7
44.975000	952.9
44.978750	926.6
44.982500	936.3
44.986250	958.8
44.990000	982.4
44.993750	959.6
44.997500	905.7
45.001250	939.3
45.005000	943.1
45.008750	994.6
45.012500	989.5
45.016250	920.4
45.020000	937.3
45.023750	889.6
45.027500	890.1
45.031250	948.9
45.035000	934.1
45.038750	948.1
45.042500	884.8
45.046250	927.7
45.050000	940.7
45.053750	862.6
45.057500	905.0
45.061250	938.8
45.065000	888.6
45.068750	871.6
45.072500	957.5
45.076250	927.0
45.080000	946.8
45.083750	909.4
45.087500	896.1
45.091250	931.6
45.095000	878.7
45.098750	900.3
45.102500	944.6
45.106250	882.1
45.110000	918.1
45.113750	876.1
45.117500	875.4
45.121250	889.3
45.125000	905.8
45.128750	918.1
45.132500	884.0
45.136250	900.2
45.140000	905.5
45.143750	875.6
45.147500	840.7
45.151250	886.1
45.155000	875.9
45.158750	977.9
45.162500	850.0
45.166250	890.8
45.170000	908.0
45.173750	891.4
45.177500	885.3
45.181250	902.6
45.185000	923.0
45.188750	889.2
45.192500	904.9
45.196250	878.8
45.200000	904.5
45.203750	924.7
45.207500	951.2
45.211250	979.3
45.215000	907.0
45.218750	900.3
45.222500	854.3
45.226250	888.0
45.230000	899.7
45.233750	870.1
45.237500	869.9
45.241250	970.5
45.245000	879.1
45.248750	876.2
45.252500	885.6
45.256250	923.5
45.260000	918.4
45.263750	907.0
45.267500	865.9
45.271250	880.1
45.275000	887.8
45.278750	943.0
45.282500	954.4
45.286250	918.0
45.290000	890.2
45.293750	883.3
45.297500	910.3
45.301250	899.6
45.305000	868.2
45.308750	904.3
45.312500	863.3
45.316250	918.0
45.320000	880.4
45.323750	907.9
45.327500	879.5
45.331250	947.7
45.335000	949.7
45.338750	913.0
45.342500	906.4
45.346250	874.3
45.350000	849.1
45.353750	876.3
45.357500	893.7
45.361250	912.0
45.365000	865.6
45.368750	883.6
45.372500	932.1
45.376250	924.9
45.380000	894.6
45.383750	929.8
45.387500	948.7
45.391250	883.0
45.395000	910.5
45.398750	882.9
45.402500	907.8
45.406250	954.9
45.410000	955.8
45.413750	883.7
45.417500	874.3
45.421250	918.4
45.425000	983.8
45.428750	973.1
45.432500	965.6
45.436250	912.6
45.440000	969.7
45.443750	939.4
45.447500	900.3
45.451250	949.9
45.455000	938.4
45.458750	931.8
45.462500	913.1
45.466250	922.3
45.470000	1002.4
45.473750	891.4
45.477500	884.4
45.481250	928.8
45.485000	933.0
45.488750	1000.8
45.492500	1015.8
45.496250	901.5
45.500000	954.0
45.503750	969.4
45.507500	949.4
45.511250	920.0
45.515000	962.4
45.518750	955.5
45.522500	896.4
45.526250	918.0
45.530000	978.8
45.533750	912.4
45.537500	863.8
45.541250	970.4
45.545000	942.8
45.548750	979.9
45.552500	988.5
45.556250	896.5
45.560000	960.7
45.563750	944.0
45.567500	931.2
45.571250	985.7
45.575000	1023.6
45.578750	996.2
45.582500	946.6
45.586250	910.3
45.590000	923.8
45.593750	913.9
45.597500	1013.2
45.601250	955.2
45.605000	962.7
45.608750	977.6
45.612500	1025.8
45.616250	1000.2
45.620000	1091.4
45.623750	1010.9
45.627500	1066.4
45.631250	1039.8
45.635000	1085.4
45.638750	1048.8
45.642500	1090.2
45.646250	1070.4
45.650000	1054.3
45.653750	1167.6
45.657500	1091.8
45.661250	1021.5
45.665000	1119.4
45.668750	1072.7
45.672500	1052.7
45.676250	1017.4
45.680000	977.6
45.683750	1018.7
45.687500	943.1
45.691250	895.7
45.695000	923.7
45.698750	971.3
45.702500	992.6
45.706250	978.0
45.710000	985.5
45.713750	919.6
45.717500	970.1
45.721250	929.0
45.725000	957.1
45.728750	953.2
45.732500	947.9
45.736250	897.5
45.740000	906.7
45.743750	998.9
45.747500	930.7
45.751250	942.4
45.755000	989.5
45.758750	946.8
45.762500	962.5
45.766250	952.6
45.770000	888.3
45.773750	889.4
45.777500	906.0
45.781250	950.3
45.785000	961.3
45.788750	964.5
45.792500	983.1
45.796250	930.2
45.800000	978.5
45.803750	960.6
45.807500	948.9
45.811250	894.4
45.815000	985.5
45.818750	982.9
45.822500	955.1
45.826250	941.1
45.830000	963.1
45.833750	908.6
45.837500	987.5
45.841250	959.5
45.845000	933.2
45.848750	958.1
45.852500	939.1
45.856250	925.6
45.860000	943.6
45.863750	979.8
45.867500	948.3
45.871250	975.0
45.875000	953.2
45.878750	903.8
45.882500	933.1
45.886250	922.9
45.890000	948.6
45.893750	924.4
45.897500	938.8
45.901250	892.3
45.905000	885.4
45.908750	875.0
45.912500	882.9
45.916250	924.0
45.920000	948.3
45.923750	942.9
45.927500	906.1
45.931250	900.9
45.935000	905.8
45.938750	873.0
45.942500	908.7
45.946250	901.9
45.950000	873.5
45.953750	870.7
45.957500	880.0
45.961250	897.6
45.965000	863.7
45.968750	874.0
45.972500	939.6
45.976250	946.8
45.980000	934.1
45.983750	844.5
45.987500	891.8
45.991250	920.8
45.995000	867.3
45.998750	845.8
46.002500	854.9
46.006250	936.5
46.010000	918.8
46.013750	848.0
46.017500	896.2
46.021250	903.7
46.025000	844.5
46.028750	812.2
46.032500	922.5
46.036250	1031.5
46.040000	936.0
46.043750	909.7
46.047500	905.2
46.051250	852.8
46.055000	982.6
46.058750	931.0
46.062500	907.9
46.066250	936.8
46.070000	894.6
46.073750	839.8
46.077500	901.7
46.081250	899.5
46.085000	958.4
46.088750	902.5
46.092500	846.2
46.096250	927.9
46.100000	924.1
46.103750	943.0
46.107500	952.5
46.111250	902.0
46.115000	899.1
46.118750	902.4
46.122500	939.0
46.126250	944.7
46.130000	886.9
46.133750	986.3
46.137500	889.2
46.141250	864.8
46.145000	922.7
46.148750	945.5
46.152500	918.5
46.156250	874.3
46.160000	948.8
46.163750	981.6
46.167500	963.9
46.171250	906.1
46.175000	873.0
46.178750	888.1
46.182500	912.2
46.186250	864.9
46.190000	920.8
46.193750	926.4
46.197500	932.1
46.201250	903.3
46.205000	904.7
46.208750	903.4
46.212500	869.7
46.216250	909.1
46.220000	928.9
46.223750	922.4
46.227500	946.1
46.231250	909.4
46.235000	900.1
46.238750	899.9
46.242500	876.4
46.246250	914.3
46.250000	914.8
46.253750	893.5
46.257500	923.9
46.261250	913.1
46.265000	900.1
46.268750	908.5
46.272500	898.2
46.276250	924.0
46.280000	903.9
46.283750	898.7
46.287500	848.8
46.291250	877.1
46.295000	953.3
46.298750	985.6
46.302500	935.9
46.306250	912.3
46.310000	923.0
46.313750	883.0
46.317500	925.7
46.321250	945.5
46.325000	926.1
46.328750	858.5
46.332500	840.4
46.336250	864.8
46.340000	889.4
46.343750	950.1
46.347500	875.1
46.351250	873.2
46.355000	897.3
46.358750	876.5
46.362500	857.5
46.366250	898.2
46.370000	891.1
46.373750	922.6
46.377500	891.4
46.381250	897.2
46.385000	897.6
46.388750	869.0
46.392500	948.8
46.396250	944.5
46.400000	922.2
46.403750	904.6
46.407500	932.0
46.411250	870.5
46.415000	920.2
46.418750	946.9
46.422500	935.8
46.426250	896.5
46.430000	921.5
46.433750	899.2
46.437500	941.0
46.441250	924.3
46.445000	914.7
46.448750	918.3
46.452500	921.0
46.456250	953.2
46.460000	923.1
46.463750	901.4
46.467500	960.7
46.471250	953.7
46.475000	908.9
46.478750	979.2
46.482500	971.1
46.486250	902.5
46.490000	940.4
46.493750	975.6
46.497500	967.5
46.501250	945.8
46.505000	982.7
46.508750	938.0
46.512500	964.1
46.516250	915.4
46.520000	914.2
46.523750	981.1
46.527500	943.2
46.531250	991.3
46.535000	914.7
46.538750	935.4
46.542500	966.4
46.546250	979.0
46.550000	977.2
46.553750	975.5
46.557500	918.0
46.561250	944.0
46.565000	1049.1
46.568750	994.4
46.572500	981.9
46.576250	953.8
46.580000	951.0
46.583750	998.4
46.587500	1000.9
46.591250	976.0
46.595000	956.2
46.598750	996.3
46.602500	1022.6
46.606250	989.6
46.610000	987.2
46.613750	1022.2
46.617500	1060.6
46.621250	1019.5
46.625000	1021.7
46.628750	1066.3
46.632500	1083.6
46.636250	1097.7
46.640000	1081.7
46.643750	1089.4
46.647500	1115.3
46.651250	1150.5
46.655000	1231.9
46.658750	1267.8
46.662500	1273.8
46.666250	1301.9
46.670000	1365.7
46.673750	1420.2
46.677500	1555.6
46.681250	1572.8
46.685000	1743.3
46.688750	1959.7
46.692500	2103.0
46.696250	2250.9
46.700000	2300.5
46.703750	2502.9
46.707500	2523.7
46.711250	2550.5
46.715000	2757.0
46.718750	2753.6
46.722500	2654.0
46.726250	2669.3
46.730000	2630.5
46.733750	2496.5
46.737500	2372.5
46.741250	2109.7
46.745000	1945.5
46.748750	1712.4
46.752500	1570.9
46.756250	1439.5
46.760000	1417.1
46.763750	1325.8
46.767500	1180.2
46.771250	1199.3
46.775000	1108.0
46.778750	1055.9
46.782500	1108.3
46.786250	1137.8
46.790000	1049.9
46.793750	1042.5
46.797500	1056.3
46.801250	996.8
46.805000	996.2
46.808750	1030.8
46.812500	1030.5
46.816250	1014.9
46.820000	994.6
46.823750	991.3
46.827500	1076.0
46.831250	1053.8
46.835000	1030.0
46.838750	1019.6
46.842500	1043.2
46.846250	1111.0
46.850000	1098.5
46.853750	1061.5
46.857500	1038.8
46.861250	992.0
46.865000	1019.2
46.868750	1000.7
46.872500	1035.5
46.876250	945.9
46.880000	927.2
46.883750	933.9
46.887500	922.4
46.891250	926.9
46.895000	876.8
46.898750	851.2
46.902500	883.0
46.906250	888.1
46.910000	891.0
46.913750	917.4
46.917500	875.4
46.921250	884.5
46.925000	863.9
46.928750	848.7
46.932500	904.1
46.936250	877.3
46.940000	885.8
46.943750	900.8
46.947500	827.8
46.951250	846.0
46.955000	885.0
46.958750	883.7
46.962500	849.3
46.966250	879.9
46.970000	897.6
46.973750	868.1
46.977500	856.3
46.981250	878.2
46.985000	852.8
46.988750	910.4
46.992500	894.6
46.996250	877.9
47.000000	820.8
47.003750	849.0
47.007500	876.8
47.011250	846.0
47.015000	904.7
47.018750	876.6
47.022500	897.2
47.026250	878.4
47.030000	835.4
47.033750	837.7
47.037500	934.5
47.041250	833.9
47.045000	818.9
47.048750	870.3
47.052500	834.7
47.056250	831.2
47.060000	853.9
47.063750	856.1
47.067500	863.9
47.071250	853.5
47.075000	867.0
47.078750	887.2
47.082500	859.1
47.086250	831.5
47.090000	856.7
47.093750	847.6
47.097500	820.8
47.101250	862.3
47.105000	866.4
47.108750	827.9
47.112500	829.9
47.116250	859.5
47.120000	805.5
47.123750	823.3
47.127500	865.0
47.131250	859.5
47.135000	903.3
47.138750	868.7
47.142500	797.8
47.146250	815.8
47.150000	849.4
47.153750	849.3
47.157500	836.1
47.161250	834.4
47.165000	903.6
47.168750	852.5
47.172500	873.1
47.176250	827.2
47.180000	846.6
47.183750	811.2
47.187500	780.3
47.191250	817.1
47.195000	876.7
47.198750	853.2
47.202500	830.9
47.206250	835.0
47.210000	853.5
47.213750	851.4
47.217500	828.8
47.221250	842.8
47.225000	871.3
47.228750	852.2
47.232500	824.5
47.236250	832.6
47.240000	853.2
47.243750	851.1
47.247500	838.4
47.251250	804.2
47.255000	823.3
47.258750	843.2
47.262500	881.7
47.266250	842.4
47.270000	860.2
47.273750	834.4
47.277500	790.5
47.281250	803.5
47.285000	832.6
47.288750	824.7
47.292500	839.3
47.296250	827.3
47.300000	841.0
47.303750	857.5
47.307500	842.5
47.311250	831.4
47.315000	831.3
47.318750	827.6
47.322500	830.1
47.326250	822.7
47.330000	779.1
47.333750	810.8
47.337500	853.3
47.341250	883.0
47.345000	810.0
47.348750	837.5
47.352500	866.9
47.356250	828.9
47.360000	813.6
47.363750	801.4
47.367500	820.6
47.371250	840.9
47.375000	800.6
47.378750	862.1
47.382500	876.6
47.386250	842.7
47.390000	825.0
47.393750	853.9
47.397500	835.9
47.401250	856.9
47.405000	815.0
47.408750	818.9
47.412500	821.3
47.416250	812.4
47.420000	759.3
47.423750	826.4
47.427500	859.5
47.431250	780.0
47.435000	796.4
47.438750	782.1
47.442500	802.1
47.446250	870.5
47.450000	845.6
47.453750	830.6
47.457500	801.1
47.461250	827.7
47.465000	803.1
47.468750	768.6
47.472500	754.7
47.476250	796.0
47.480000	807.1
47.483750	780.4
47.487500	837.0
47.491250	848.5
47.495000	880.0
47.498750	860.0
47.502500	835.3
47.506250	805.1
47.510000	809.3
47.513750	846.5
47.517500	866.5
47.521250	835.1
47.525000	838.8
47.528750	830.0
47.532500	807.8
47.536250	844.5
47.540000	826.9
47.543750	831.6
47.547500	807.6
47.551250	864.5
47.555000	788.1
47.558750	816.0
47.562500	816.3
47.566250	835.9
47.570000	799.3
47.573750	817.0
47.577500	846.0
47.581250	841.4
47.585000	814.3
47.588750	883.1
47.592500	838.3
47.596250	809.3
47.600000	801.1
47.603750	845.1
47.607500	804.2
47.611250	801.2
47.615000	759.4
47.618750	828.3
47.622500	846.3
47.626250	876.6
47.630000	830.4
47.633750	880.1
47.637500	807.6
47.641250	769.7
47.645000	791.0
47.648750	806.2
47.652500	868.9
47.656250	864.8
47.660000	854.7
47.663750	848.1
47.667500	876.1
47.671250	894.9
47.675000	880.8
47.678750	888.1
47.682500	850.2
47.686250	791.7
47.690000	800.1
47.693750	837.1
47.697500	846.8
47.701250	815.9
47.705000	809.5
47.708750	793.7
47.712500	803.3
47.716250	762.7
47.720000	851.0
47.723750	845.6
47.727500	833.0
47.731250	833.3
47.735000	827.1
47.738750	858.9
47.742500	851.8
47.746250	847.8
47.750000	809.9
47.753750	843.8
47.757500	805.0
47.761250	871.7
47.765000	814.9
47.768750	827.1
47.772500	842.3
47.776250	857.8
47.780000	833.9
47.783750	904.1
47.787500	892.7
47.791250	805.9
47.795000	815.4
47.798750	863.3
47.802500	849.3
47.806250	836.3
47.810000	846.4
47.813750	859.9
47.817500	822.9
47.821250	819.0
47.825000	873.8
47.828750	811.1
47.832500	814.3
47.836250	853.8
47.840000	816.6
47.843750	857.4
47.847500	784.0
47.851250	883.7
47.855000	826.6
47.858750	823.2
47.862500	869.5
47.866250	856.1
47.870000	855.0
47.873750	818.0
47.877500	907.5
47.881250	829.6
47.885000	846.3
47.888750	860.1
47.892500	846.6
47.896250	832.2
47.900000	870.2
47.903750	868.8
47.907500	894.1
47.911250	860.5
47.915000	868.7
47.918750	904.9
47.922500	921.5
47.926250	902.3
47.930000	854.6
47.933750	895.0
47.937500	907.1
47.941250	880.3
47.945000	990.3
47.948750	948.9
47.952500	914.1
47.956250	941.5
47.960000	962.8
47.963750	992.6
47.967500	938.3
47.971250	946.0
47.975000	967.3
47.978750	962.5
47.982500	917.5
47.986250	950.3
47.990000	922.9
47.993750	921.8
47.997500	927.9
48.001250	918.4
48.005000	922.1
48.008750	899.6
48.012500	863.2
48.016250	866.8
48.020000	921.7
48.023750	942.1
48.027500	887.2
48.031250	906.7
48.035000	921.2
48.038750	927.7
48.042500	861.2
48.046250	864.6
48.050000	904.9
48.053750	967.2
48.057500	941.7
48.061250	875.9
48.065000	903.2
48.068750	937.1
48.072500	941.8
48.076250	973.9
48.080000	902.0
48.083750	924.2
48.087500	906.4
48.091250	950.1
48.095000	890.3
48.098750	924.1
48.102500	898.3
48.106250	953.4
48.110000	913.6
48.113750	921.0
48.117500	947.0
48.121250	948.0
48.125000	921.5
48.128750	921.9
48.132500	882.5
48.136250	935.0
48.140000	980.5
48.143750	985.5
48.147500	984.9
48.151250	1000.2
48.155000	927.7
48.158750	955.5
48.162500	968.2
48.166250	987.8
48.170000	952.1
48.173750	926.0
48.177500	931.4
48.181250	943.5
48.185000	952.9
48.188750	943.7
48.192500	977.1
48.196250	948.9
48.200000	924.1
48.203750	933.8
48.207500	893.1
48.211250	944.4
48.215000	965.1
48.218750	975.3
48.222500	1000.3
48.226250	945.7
48.230000	892.9
48.233750	971.4
48.237500	953.3
48.241250	927.2
48.245000	933.0
48.248750	951.6
48.252500	953.9
48.256250	991.7
48.260000	1005.9
48.263750	993.6
48.267500	918.5
48.271250	946.1
48.275000	969.9
48.278750	998.4
48.282500	956.1
48.286250	940.6
48.290000	980.3
48.293750	1050.9
48.297500	951.8
48.301250	969.8
48.305000	1018.1
48.308750	1070.0
48.312500	1055.0
48.316250	1040.8
48.320000	1034.5
48.323750	1004.7
48.327500	1018.5
48.331250	1007.3
48.335000	1043.8
48.338750	1070.7
48.342500	1034.9
48.346250	987.2
48.350000	1062.5
48.353750	1054.4
48.357500	1043.6
48.361250	1053.0
48.365000	1089.8
48.368750	1016.8
48.372500	998.7
48.376250	1076.4
48.380000	1073.1
48.383750	1048.4
48.387500	1082.2
48.391250	1015.7
48.395000	997.0
48.398750	1028.3
48.402500	1028.6
48.406250	1071.1
48.410000	1063.3
48.413750	1028.6
48.417500	991.1
48.421250	1018.0
48.425000	1041.8
48.428750	982.7
48.432500	988.4
48.436250	1009.7
48.440000	1053.3
48.443750	1027.4
48.447500	1018.4
48.451250	1044.1
48.455000	1033.8
48.458750	1050.2
48.462500	1067.8
48.466250	1026.1
48.470000	1028.7
48.473750	1008.2
48.477500	997.3
48.481250	1027.0
48.485000	1062.4
48.488750	1024.1
48.492500	1059.4
48.496250	1026.2
48.500000	1016.0
48.503750	1060.5
48.507500	1083.6
48.511250	1069.7
48.515000	1067.0
48.518750	1101.0
48.522500	1094.8
48.526250	1099.6
48.530000	1022.2
48.533750	1032.2
48.537500	1113.9
48.541250	1056.8
48.545000	1056.4
48.548750	1059.9
48.552500	1067.7
48.556250	1067.8
48.560000	1038.2
48.563750	1109.1
48.567500	1071.0
48.571250	1056.0
48.575000	1146.5
48.578750	1095.2
48.582500	1032.9
48.586250	1083.4
48.590000	1076.4
48.593750	1094.9
48.597500	1137.7
48.601250	1092.9
48.605000	1076.2
48.608750	1094.0
48.612500	1054.2
48.616250	1018.9
48.620000	1111.3
48.623750	1116.5
48.627500	1063.5
48.631250	1027.2
48.635000	1039.5
48.638750	1082.0
48.642500	1081.4
48.646250	1084.3
48.650000	1069.4
48.653750	1057.1
48.657500	998.1
48.661250	1043.0
48.665000	1073.9
48.668750	1027.3
48.672500	1072.1
48.676250	1003.2
48.680000	1059.5
48.683750	1061.7
48.687500	1012.2
48.691250	981.0
48.695000	954.2
48.698750	999.3
48.702500	996.2
48.706250	972.0
48.710000	990.8
48.713750	996.9
48.717500	969.0
48.721250	1030.8
48.725000	1051.4
48.728750	1033.3
48.732500	971.9
48.736250	985.6
48.740000	978.5
48.743750	967.5
48.747500	969.1
48.751250	947.9
48.755000	943.8
48.758750	973.7
48.762500	995.1
48.766250	970.2
48.770000	973.3
48.773750	966.1
48.777500	881.9
48.781250	932.6
48.785000	971.7
48.788750	944.0
48.792500	932.6
48.796250	943.2
48.800000	974.9
48.803750	904.4
48.807500	896.8
48.811250	970.5
48.815000	963.8
48.818750	858.7
48.822500	872.9
48.826250	913.1
48.830000	906.3
48.833750	903.3
48.837500	882.1
48.841250	869.0
48.845000	848.2
48.848750	832.7
48.852500	856.2
48.856250	893.4
48.860000	875.3
48.863750	866.2
48.867500	865.6
48.871250	891.7
48.875000	897.2
48.878750	903.7
48.882500	879.9
48.886250	882.8
48.890000	922.3
48.893750	905.2
48.897500	881.4
48.901250	832.3
48.905000	858.2
48.908750	880.3
48.912500	880.2
48.916250	841.1
48.920000	858.2
48.923750	896.3
48.927500	875.3
48.931250	857.2
48.935000	822.1
48.938750	876.5
48.942500	872.5
48.946250	863.8
48.950000	906.0
48.953750	858.4
48.957500	890.4
48.961250	887.4
48.965000	842.5
48.968750	852.8
48.972500	827.9
48.976250	836.9
48.980000	847.2
48.983750	840.5
48.987500	834.9
48.991250	831.7
48.995000	834.2
48.998750	809.1
49.002500	839.8
49.006250	847.1
49.010000	835.0
49.013750	881.0
49.017500	825.5
49.021250	806.8
49.025000	831.2
49.028750	851.1
49.032500	894.8
49.036250	813.8
49.040000	837.7
49.043750	821.5
49.047500	863.5
49.051250	884.3
49.055000	892.3
49.058750	833.9
49.062500	888.1
49.066250	815.2
49.070000	874.8
49.073750	865.6
49.077500	832.3
49.081250	822.8
49.085000	827.5
49.088750	834.1
49.092500	832.2
49.096250	865.8
49.100000	830.6
49.103750	811.5
49.107500	832.9
49.111250	830.0
49.115000	848.5
49.118750	873.9
49.122500	872.3
49.126250	829.3
49.130000	814.5
49.133750	849.3
49.137500	835.5
49.141250	858.5
49.145000	882.1
49.148750	843.4
49.152500	858.1
49.156250	838.9
49.160000	898.0
49.163750	876.6
49.167500	840.7
49.171250	952.1
49.175000	906.7
49.178750	918.5
49.182500	938.9
49.186250	949.8
49.190000	933.0
49.193750	986.2
49.197500	973.7
49.201250	935.5
49.205000	966.5
49.208750	920.6
49.212500	934.6
49.216250	886.4
49.220000	886.5
49.223750	885.2
49.227500	862.8
49.231250	830.9
49.235000	779.7
49.238750	847.2
49.242500	852.9
49.246250	905.5
49.250000	907.6
49.253750	863.8
49.257500	882.8
49.261250	842.7
49.265000	913.2
49.268750	821.7
49.272500	877.1
49.276250	855.3
49.280000	826.5
49.283750	850.3
49.287500	875.3
49.291250	811.8
49.295000	768.5
49.298750	804.0
49.302500	774.0
49.306250	856.7
49.310000	842.0
49.313750	818.7
49.317500	833.2
49.321250	836.0
49.325000	870.5
49.328750	814.1
49.332500	808.4
49.336250	796.2
49.340000	836.0
49.343750	897.7
49.347500	860.4
49.351250	847.3
49.355000	846.2
49.358750	827.4
49.362500	817.8
49.366250	815.7
49.370000	805.7
49.373750	866.0
49.377500	845.5
49.381250	857.4
49.385000	846.6
49.388750	844.9
49.392500	806.4
49.396250	862.8
49.400000	860.8
49.403750	792.6
49.407500	848.7
49.411250	852.6
49.415000	846.5
49.418750	803.3
49.422500	851.1
49.426250	865.4
49.430000	824.2
49.433750	862.4
49.437500	853.0
49.441250	858.6
49.445000	871.6
49.448750	827.8
49.452500	795.8
49.456250	887.9
49.460000	830.0
49.463750	816.5
49.467500	857.5
49.471250	813.4
49.475000	873.4
49.478750	870.6
49.482500	832.4
49.486250	843.6
49.490000	834.9
49.493750	838.6
49.497500	849.6
49.501250	845.5
49.505000	895.9
49.508750	868.9
49.512500	857.7
49.516250	857.5
49.520000	800.9
49.523750	851.5
49.527500	865.2
49.531250	860.2
49.535000	847.8
49.538750	881.0
49.542500	881.4
49.546250	805.2
49.550000	869.5
49.553750	856.9
49.557500	821.5
49.561250	855.2
49.565000	849.8
49.568750	857.3
49.572500	868.8
49.576250	856.2
49.580000	863.1
49.583750	827.8
49.587500	814.1
49.591250	872.8
49.595000	913.1
49.598750	915.0
49.602500	838.4
49.606250	794.1
49.610000	860.1
49.613750	858.1
49.617500	863.4
49.621250	883.0
49.625000	839.9
49.628750	819.9
49.632500	861.7
49.636250	836.2
49.640000	829.1
49.643750	813.0
49.647500	859.6
49.651250	798.7
49.655000	830.4
49.658750	840.7
49.662500	824.6
49.666250	828.3
49.670000	835.6
49.673750	810.6
49.677500	849.9
49.681250	813.8
49.685000	806.2
49.688750	844.9
49.692500	805.1
49.696250	828.5
49.700000	841.1
49.703750	797.9
49.707500	792.7
49.711250	841.1
49.715000	805.5
49.718750	815.5
49.722500	826.1
49.726250	852.6
49.730000	881.7
49.733750	869.0
49.737500	834.4
49.741250	774.0
49.745000	783.7
49.748750	796.8
49.752500	810.7
49.756250	810.2
49.760000	812.7
49.763750	794.8
49.767500	788.6
49.771250	798.2
49.775000	812.9
49.778750	775.6
49.782500	764.2
49.786250	791.1
49.790000	814.7
49.793750	852.9
49.797500	771.0
49.801250	797.8
49.805000	823.3
49.808750	852.7
49.812500	803.2
49.816250	757.6
49.820000	743.1
49.823750	825.2
49.827500	801.6
49.831250	774.1
49.835000	773.1
49.838750	765.8
49.842500	764.3
49.846250	805.6
49.850000	841.6
49.853750	793.6
49.857500	781.8
49.861250	784.9
49.865000	782.3
49.868750	819.2
49.872500	813.4
49.876250	806.6
49.880000	831.2
49.883750	810.4
49.887500	802.5
49.891250	830.2
49.895000	871.6
49.898750	920.5
49.902500	921.3
49.906250	921.1
49.910000	970.4
49.913750	856.3
49.917500	893.3
49.921250	938.0
49.925000	878.5
49.928750	933.9
49.932500	865.5
49.936250	846.5
49.940000	810.7
49.943750	784.6
49.947500	804.5
49.951250	783.8
49.955000	766.4
49.958750	829.2
49.962500	800.0
49.966250	815.9
49.970000	788.4
49.973750	792.9
49.977500	784.0
49.981250	793.4
49.985000	840.9
49.988750	787.2
49.992500	900.0
49.996250	798.2
50.000000	788.3
50.003750	791.8
50.007500	838.0
50.011250	797.1
50.015000	852.2
50.018750	811.7
50.022500	810.5
50.026250	861.2
50.030000	882.4
50.033750	866.9
50.037500	878.8
50.041250	859.3
50.045000	865.8
50.048750	851.8
50.052500	916.3
50.056250	881.0
50.060000	894.7
50.063750	893.0
50.067500	870.0
50.071250	879.3
50.075000	822.9
50.078750	861.0
50.082500	828.7
50.086250	748.0
50.090000	753.9
50.093750	809.9
50.097500	810.5
50.101250	824.0
50.105000	800.6
50.108750	795.6
50.112500	798.7
50.116250	769.9
50.120000	799.2
50.123750	834.7
50.127500	826.9
50.131250	764.5
50.135000	774.6
50.138750	762.5
50.142500	780.1
50.146250	792.8
50.150000	828.9
50.153750	816.9
50.157500	805.5
50.161250	787.3
50.165000	801.8
50.168750	780.1
50.172500	782.4
50.176250	791.2
50.180000	779.3
50.183750	804.0
50.187500	762.5
50.191250	756.5
50.195000	793.1
50.198750	810.7
50.202500	824.7
50.206250	820.8
50.210000	831.0
50.213750	826.8
50.217500	777.3
50.221250	769.9
50.225000	778.4
50.228750	802.2
50.232500	794.8
50.236250	827.4
50.240000	797.2
50.243750	825.5
50.247500	770.5
50.251250	816.8
50.255000	837.0
50.258750	809.1
50.262500	807.3
50.266250	853.4
50.270000	852.3
50.273750	828.1
50.277500	819.0
50.281250	818.8
50.285000	786.6
50.288750	822.6
50.292500	845.6
50.296250	796.4
50.300000	871.3
50.303750	797.5
50.307500	783.9
50.311250	833.6
50.315000	898.5
50.318750	829.1
50.322500	831.8
50.326250	899.5
50.330000	851.5
50.333750	896.2
50.337500	818.4
50.341250	829.6
50.345000	884.7
50.348750	837.6
50.352500	850.0
50.356250	836.5
50.360000	865.5
50.363750	894.7
50.367500	832.0
50.371250	915.8
50.375000	901.6
50.378750	857.7
50.382500	888.7
50.386250	869.8
50.390000	807.6
50.393750	885.8
50.397500	845.8
50.401250	837.8
50.405000	856.7
50.408750	863.3
50.412500	892.6
50.416250	886.6
50.420000	864.1
50.423750	853.4
50.427500	842.1
50.431250	918.6
50.435000	868.2
50.438750	869.9
50.442500	875.3
50.446250	868.6
50.450000	902.9
50.453750	856.7
50.457500	879.0
50.461250	894.9
50.465000	899.0
50.468750	877.9
50.472500	857.2
50.476250	905.4
50.480000	838.4
50.483750	847.2
50.487500	861.9
50.491250	875.6
50.495000	888.1
50.498750	856.3
50.502500	880.0
50.506250	898.1
50.510000	884.2
50.513750	899.1
50.517500	833.7
50.521250	887.2
50.525000	918.3
50.528750	913.3
50.532500	876.6
50.536250	927.1
50.540000	791.9
50.543750	906.6
50.547500	853.6
50.551250	860.2
50.555000	859.8
50.558750	840.1
50.562500	952.0
50.566250	896.0
50.570000	930.0
50.573750	880.1
50.577500	889.9
50.581250	872.4
50.585000	832.0
50.588750	861.8
50.592500	857.9
50.596250	879.9
50.600000	868.0
50.603750	885.8
50.607500	878.5
50.611250	850.4
50.615000	845.9
50.618750	866.8
50.622500	942.0
50.626250	975.5
50.630000	872.0
50.633750	856.6
50.637500	821.6
50.641250	879.0
50.645000	846.0
50.648750	808.5
50.652500	822.2
50.656250	869.8
50.660000	826.3
50.663750	803.0
50.667500	834.5
50.671250	790.5
50.675000	835.3
50.678750	845.0
50.682500	753.2
50.686250	777.3
50.690000	907.8
50.693750	810.1
50.697500	879.4
50.701250	804.3
50.705000	800.0
50.708750	823.4
50.712500	823.6
50.716250	856.2
50.720000	900.7
50.723750	807.7
50.727500	815.1
50.731250	790.8
50.735000	840.4
50.738750	811.8
50.742500	784.3
50.746250	773.2
50.750000	836.7
50.753750	831.7
50.757500	805.8
50.761250	772.5
50.765000	797.9
50.768750	806.0
50.772500	830.6
50.776250	770.2
50.780000	785.9
50.783750	769.8
50.787500	783.2
50.791250	813.8
50.795000	776.9
50.798750	764.7
50.802500	785.8
50.806250	805.5
50.810000	753.5
50.813750	722.6
50.817500	740.1
50.821250	790.2
50.825000	788.6
50.828750	769.8
50.832500	755.8
50.836250	769.0
50.840000	724.3
50.843750	807.4
50.847500	749.9
50.851250	753.3
50.855000	800.8
50.858750	736.6
50.862500	709.4
50.866250	770.2
50.870000	759.9
50.873750	756.0
50.877500	713.3
50.881250	696.5
50.885000	758.3
50.888750	780.5
50.892500	729.0
50.896250	759.5
50.900000	741.6
50.903750	761.6
50.907500	703.0
50.911250	734.9
50.915000	748.6
50.918750	708.9
50.922500	706.9
50.926250	731.0
50.930000	726.1
50.933750	736.6
50.937500	742.0
50.941250	728.3
50.945000	721.4
50.948750	742.0
50.952500	781.3
50.956250	712.1
50.960000	738.6
50.963750	727.3
50.967500	763.2
50.971250	764.9
50.975000	734.8
50.978750	733.7
50.982500	674.0
50.986250	738.1
50.990000	701.1
50.993750	734.1
50.997500	671.6
51.001250	708.4
51.005000	699.2
51.008750	721.7
51.012500	714.9
51.016250	744.7
51.020000	708.4
51.023750	697.0
51.027500	747.7
51.031250	784.9
51.035000	727.0
51.038750	675.7
51.042500	691.7
51.046250	675.6
51.050000	676.5
51.053750	752.9
51.057500	718.7
51.061250	792.5
51.065000	756.5
51.068750	761.4
51.072500	759.9
51.076250	777.3
51.080000	729.6
51.083750	671.7
51.087500	706.7
51.091250	764.6
51.095000	787.4
51.098750	691.3
51.102500	737.7
51.106250	664.4
51.110000	642.1
51.113750	712.3
51.117500	732.8
51.121250	678.4
51.125000	769.2
51.128750	743.3
51.132500	690.8
51.136250	658.2
51.140000	699.1
51.143750	759.8
51.147500	755.1
51.151250	690.5
51.155000	640.1
51.158750	684.7
51.162500	745.9
51.166250	774.2
51.170000	781.1
51.173750	724.0
51.177500	688.2
51.181250	704.0
51.185000	731.6
51.188750	745.7
51.192500	746.8
51.196250	734.0
51.200000	742.9
51.203750	724.2
51.207500	726.6
51.211250	747.4
51.215000	709.1
51.218750	771.0
51.222500	706.3
51.226250	745.9
51.230000	736.4
51.233750	758.3
51.237500	715.6
51.241250	679.9
51.245000	745.6
51.248750	745.8
51.252500	744.5
51.256250	763.4
51.260000	742.7
51.263750	724.4
51.267500	760.1
51.271250	774.9
51.275000	763.5
51.278750	752.8
51.282500	785.6
51.286250	778.0
51.290000	709.9
51.293750	788.1
51.297500	814.9
51.301250	739.1
51.305000	864.1
51.308750	800.2
51.312500	814.6
51.316250	788.3
51.320000	775.2
51.323750	784.5
51.327500	752.0
51.331250	782.3
51.335000	743.9
51.338750	756.2
51.342500	735.6
51.346250	721.3
51.350000	686.2
51.353750	726.0
51.357500	734.9
51.361250	683.8
51.365000	718.4
51.368750	726.7
51.372500	708.1
51.376250	723.0
51.380000	723.4
51.383750	662.0
51.387500	737.0
51.391250	708.9
51.395000	732.6
51.398750	738.9
51.402500	712.3
51.406250	693.1
51.410000	701.0
51.413750	687.1
51.417500	684.8
51.421250	716.1
51.425000	736.3
51.428750	726.7
51.432500	728.9
51.436250	680.8
51.440000	710.9
51.443750	695.9
51.447500	690.6
51.451250	706.3
51.455000	717.1
51.458750	679.0
51.462500	668.4
51.466250	711.3
51.470000	676.0
51.473750	713.9
51.477500	712.8
51.481250	699.2
51.485000	664.5
51.488750	698.2
51.492500	708.2
51.496250	687.1
51.500000	706.5
51.503750	709.6
51.507500	693.7
51.511250	695.6
51.515000	682.8
51.518750	665.3
51.522500	692.1
51.526250	705.5
51.530000	679.5
51.533750	696.9
51.537500	747.0
51.541250	698.2
51.545000	670.3
51.548750	678.4
51.552500	697.6
51.556250	732.3
51.560000	721.3
51.563750	756.4
51.567500	686.1
51.571250	707.4
51.575000	710.9
51.578750	691.1
51.582500	668.0
51.586250	734.3
51.590000	692.7
51.593750	712.0
51.597500	726.3
51.601250	750.9
51.605000	729.3
51.608750	676.6
51.612500	730.7
51.616250	745.5
51.620000	715.4
51.623750	714.4
51.627500	655.0
51.631250	711.1
51.635000	678.6
51.638750	696.6
51.642500	663.4
51.646250	694.0
51.650000	706.8
51.653750	704.7
51.657500	722.2
51.661250	723.5
51.665000	712.8
51.668750	720.9
51.672500	703.4
51.676250	684.4
51.680000	697.3
51.683750	731.3
51.687500	735.2
51.691250	723.4
51.695000	703.8
51.698750	694.2
51.702500	705.0
51.706250	734.9
51.710000	702.7
51.713750	731.8
51.717500	706.9
51.721250	703.1
51.725000	696.1
51.728750	691.3
51.732500	708.9
51.736250	690.8
51.740000	655.3
51.743750	694.6
51.747500	708.2
51.751250	715.6
51.755000	725.5
51.758750	687.5
51.762500	685.2
51.766250	688.3
51.770000	681.8
51.773750	724.2
51.777500	714.0
51.781250	751.5
51.785000	713.8
51.788750	726.0
51.792500	724.3
51.796250	719.7
51.800000	689.1
51.803750	759.7
51.807500	744.2
51.811250	648.1
51.815000	677.3
51.818750	722.2
51.822500	756.3
51.826250	765.8
51.830000	724.6
51.833750	690.7
51.837500	693.0
51.841250	711.4
51.845000	711.7
51.848750	725.6
51.852500	735.1
51.856250	724.0
51.860000	687.7
51.863750	719.2
51.867500	735.2
51.871250	740.1
51.875000	771.9
51.878750	714.1
51.882500	676.5
51.886250	713.1
51.890000	682.1
51.893750	706.8
51.897500	657.9
51.901250	685.3
51.905000	739.9
51.908750	696.2
51.912500	679.0
51.916250	725.1
51.920000	714.5
51.923750	766.8
51.927500	665.4
51.931250	760.2
51.935000	763.6
51.938750	794.7
51.942500	706.3
51.946250	694.1
51.950000	724.9
51.953750	768.6
51.957500	734.0
51.961250	761.0
51.965000	741.0
51.968750	707.0
51.972500	738.2
51.976250	741.7
51.980000	688.0
51.983750	696.1
51.987500	728.6
51.991250	746.7
51.995000	723.8
51.998750	691.5
52.002500	679.2
52.006250	752.5
52.010000	758.2
52.013750	764.8
52.017500	674.8
52.021250	726.3
52.025000	753.0
52.028750	743.0
52.032500	721.3
52.036250	735.1
52.040000	727.2
52.043750	762.4
52.047500	732.0
52.051250	762.6
52.055000	743.8
52.058750	721.1
52.062500	764.7
52.066250	735.4
52.070000	712.0
52.073750	752.2
52.077500	769.0
52.081250	716.8
52.085000	728.1
52.088750	755.0
52.092500	769.0
52.096250	736.3
52.100000	772.2
52.103750	763.9
52.107500	819.3
52.111250	784.1
52.115000	780.0
52.118750	760.5
52.122500	708.4
52.126250	758.2
52.130000	746.6
52.133750	700.9
52.137500	745.9
52.141250	778.7
52.145000	735.4
52.148750	732.5
52.152500	745.8
52.156250	761.6
52.160000	731.9
52.163750	706.4
52.167500	769.3
52.171250	730.6
52.175000	691.7
52.178750	750.6
52.182500	720.0
52.186250	764.0
52.190000	763.7
52.193750	766.1
52.197500	729.8
52.201250	728.6
52.205000	736.2
52.208750	803.8
52.212500	763.0
52.216250	734.3
52.220000	809.9
52.223750	779.7
52.227500	734.1
52.231250	757.9
52.235000	754.9
52.238750	786.2
52.242500	732.3
52.246250	801.3
52.250000	753.6
52.253750	722.7
52.257500	754.7
52.261250	773.6
52.265000	743.5
52.268750	813.7
52.272500	797.4
52.276250	742.5
52.280000	766.4
52.283750	801.4
52.287500	782.7
52.291250	732.3
52.295000	790.9
52.298750	745.7
52.302500	798.5
52.306250	776.2
52.310000	787.7
52.313750	825.4
52.317500	802.1
52.321250	749.6
52.325000	781.2
52.328750	731.3
52.332500	773.8
52.336250	780.4
52.340000	765.5
52.343750	807.2
52.347500	790.3
52.351250	762.7
52.355000	764.6
52.358750	800.2
52.362500	809.4
52.366250	822.8
52.370000	796.7
52.373750	790.1
52.377500	795.4
52.381250	743.4
52.385000	768.9
52.388750	768.0
52.392500	750.5
52.396250	767.0
52.400000	751.2
52.403750	754.1
52.407500	705.9
52.411250	729.7
52.415000	769.2
52.418750	786.6
52.422500	778.4
52.426250	752.6
52.430000	728.2
52.433750	711.7
52.437500	702.3
52.441250	749.9
52.445000	760.9
52.448750	744.2
52.452500	769.0
52.456250	763.4
52.460000	728.2
52.463750	692.1
52.467500	782.5
52.471250	749.8
52.475000	729.6
52.478750	773.4
52.482500	760.7
52.486250	687.8
52.490000	723.5
52.493750	744.3
52.497500	762.5
52.501250	727.2
52.505000	744.9
52.508750	713.1
52.512500	718.0
52.516250	721.8
52.520000	723.2
52.523750	739.1
52.527500	733.0
52.531250	738.8
52.535000	723.3
52.538750	739.5
52.542500	763.8
52.546250	706.0
52.550000	715.3
52.553750	702.4
52.557500	696.6
52.561250	713.7
52.565000	700.9
52.568750	685.7
52.572500	758.2
52.576250	760.1
52.580000	732.7
52.583750	734.5
52.587500	715.8
52.591250	724.2
52.595000	706.1
52.598750	711.3
52.602500	695.3
52.606250	677.5
52.610000	699.8
52.613750	706.8
52.617500	718.5
52.621250	715.2
52.625000	717.0
52.628750	685.8
52.632500	680.8
52.636250	711.3
52.640000	708.7
52.643750	678.5
52.647500	740.0
52.651250	711.5
52.655000	706.8
52.658750	701.3
52.662500	727.2
52.666250	712.1
52.670000	722.1
52.673750	740.1
52.677500	720.2
52.681250	715.8
52.685000	702.2
52.688750	711.1
52.692500	700.0
52.696250	704.0
52.700000	698.3
52.703750	724.8
52.707500	647.4
52.711250	664.7
52.715000	713.7
52.718750	687.7
52.722500	696.8
52.726250	769.4
52.730000	690.6
52.733750	675.6
52.737500	681.9
52.741250	689.7
52.745000	679.5
52.748750	720.6
52.752500	727.3
52.756250	690.3
52.760000	671.8
52.763750	696.1
52.767500	700.4
52.771250	685.2
52.775000	715.6
52.778750	703.1
52.782500	686.1
52.786250	647.1
52.790000	637.4
52.793750	683.5
52.797500	709.0
52.801250	680.7
52.805000	680.1
52.808750	683.9
52.812500	686.2
52.816250	636.1
52.820000	660.5
52.823750	705.5
52.827500	704.1
52.831250	738.1
52.835000	670.4
52.838750	658.0
52.842500	662.3
52.846250	705.9
52.850000	675.4
52.853750	641.5
52.857500	662.9
52.861250	675.2
52.865000	670.6
52.868750	678.9
52.872500	730.7
52.876250	687.0
52.880000	623.0
52.883750	678.8
52.887500	689.8
52.891250	668.1
52.895000	695.9
52.898750	688.4
52.902500	674.1
52.906250	672.6
52.910000	652.6
52.913750	691.2
52.917500	668.1
52.921250	670.8
52.925000	693.9
52.928750	662.1
52.932500	662.0
52.936250	681.6
52.940000	669.4
52.943750	675.8
52.947500	670.7
52.951250	640.5
52.955000	661.7
52.958750	703.3
52.962500	683.3
52.966250	643.3
52.970000	702.5
52.973750	667.9
52.977500	689.6
52.981250	685.0
52.985000	712.1
52.988750	699.0
52.992500	703.9
52.996250	695.7
53.000000	706.3
53.003750	755.9
53.007500	692.0
53.011250	686.2
53.015000	699.4
53.018750	668.7
53.022500	711.3
53.026250	693.8
53.030000	735.9
53.033750	712.1
53.037500	717.3
53.041250	736.9
53.045000	750.8
53.048750	714.4
53.052500	698.1
53.056250	688.4
53.060000	691.7
53.063750	671.4
53.067500	740.2
53.071250	721.1
53.075000	741.9
53.078750	734.1
53.082500	717.6
53.086250	730.4
53.090000	701.7
53.093750	659.7
53.097500	726.2
53.101250	674.0
53.105000	729.0
53.108750	753.6
53.112500	690.8
53.116250	729.4
53.120000	710.7
53.123750	719.4
53.127500	708.3
53.131250	664.0
53.135000	690.1
53.138750	664.5
53.142500	692.9
53.146250	674.5
53.150000	677.7
53.153750	672.1
53.157500	736.8
53.161250	662.5
53.165000	703.0
53.168750	697.5
53.172500	646.6
53.176250	694.5
53.180000	695.9
53.183750	666.9
53.187500	671.1
53.191250	725.0
53.195000	676.5
53.198750	677.1
53.202500	676.0
53.206250	643.7
53.210000	712.0
53.213750	719.1
53.217500	745.8
53.221250	692.7
53.225000	730.6
53.228750	669.6
53.232500	712.4
53.236250	734.6
53.240000	715.7
53.243750	723.1
53.247500	697.1
53.251250	715.0
53.255000	706.8
53.258750	676.5
53.262500	706.9
53.266250	725.7
53.270000	699.5
53.273750	666.4
53.277500	686.6
53.281250	688.4
53.285000	729.5
53.288750	710.2
53.292500	711.0
53.296250	706.6
53.300000	680.2
53.303750	668.0
53.307500	680.1
53.311250	680.9
53.315000	706.7
53.318750	720.3
53.322500	684.2
53.326250	700.6
53.330000	677.2
53.333750	674.0
53.337500	678.5
53.341250	720.9
53.345000	687.8
53.348750	675.6
53.352500	700.4
53.356250	714.4
53.360000	717.0
53.363750	672.6
53.367500	686.8
53.371250	704.2
53.375000	710.9
53.378750	694.3
53.382500	716.0
53.386250	725.7
53.390000	658.5
53.393750	676.1
53.397500	679.2
53.401250	712.0
53.405000	682.2
53.408750	682.5
53.412500	673.7
53.416250	702.5
53.420000	680.8
53.423750	682.3
53.427500	701.8
53.431250	635.2
53.435000	633.9
53.438750	660.2
53.442500	701.8
53.446250	683.4
53.450000	663.6
53.453750	693.0
53.457500	655.6
53.461250	667.3
53.465000	641.8
53.468750	690.6
53.472500	639.0
53.476250	669.5
53.480000	692.5
53.483750	643.5
53.487500	694.8
53.491250	695.6
53.495000	677.8
53.498750	683.4
53.502500	672.6
53.506250	696.3
53.510000	687.5
53.513750	698.7
53.517500	663.2
53.521250	651.8
53.525000	661.8
53.528750	654.7
53.532500	673.2
53.536250	667.3
53.540000	662.4
53.543750	662.1
53.547500	681.6
53.551250	678.3
53.555000	733.8
53.558750	701.5
53.562500	681.5
53.566250	653.0
53.570000	695.1
53.573750	670.8
53.577500	666.8
53.581250	686.3
53.585000	674.9
53.588750	638.5
53.592500	684.5
53.596250	670.7
53.600000	740.4
53.603750	667.8
53.607500	709.7
53.611250	700.5
53.615000	637.5
53.618750	702.9
53.622500	694.7
53.626250	692.7
53.630000	643.2
53.633750	687.8
53.637500	691.4
53.641250	615.4
53.645000	673.8
53.648750	669.2
53.652500	603.5
53.656250	662.3
53.660000	674.6
53.663750	690.2
53.667500	651.7
53.671250	667.7
53.675000	681.2
53.678750	698.2
53.682500	702.1
53.686250	709.3
53.690000	698.4
53.693750	697.1
53.697500	690.2
53.701250	652.7
53.705000	671.7
53.708750	633.4
53.712500	686.4
53.716250	687.6
53.720000	643.1
53.723750	697.5
53.727500	695.6
53.731250	688.4
53.735000	660.9
53.738750	674.7
53.742500	714.2
53.746250	672.3
53.750000	668.6
53.753750	679.9
53.757500	699.6
53.761250	717.9
53.765000	707.3
53.768750	633.6
53.772500	662.9
53.776250	666.4
53.780000	706.1
53.783750	711.3
53.787500	718.3
53.791250	673.3
53.795000	636.6
53.798750	736.5
53.802500	678.7
53.806250	651.4
53.810000	707.6
53.813750	731.9
53.817500	708.2
53.821250	686.5
53.825000	703.0
53.828750	702.0
53.832500	699.8
53.836250	682.9
53.840000	717.5
53.843750	699.6
53.847500	659.4
53.851250	684.0
53.855000	681.6
53.858750	672.5
53.862500	700.1
53.866250	732.6
53.870000	726.2
53.873750	725.4
53.877500	742.1
53.881250	665.2
53.885000	653.7
53.888750	744.1
53.892500	719.2
53.896250	711.8
53.900000	744.5
53.903750	684.5
53.907500	741.0
53.911250	695.9
53.915000	722.0
53.918750	707.7
53.922500	688.5
53.926250	685.3
53.930000	725.9
53.933750	707.8
53.937500	732.7
53.941250	708.8
53.945000	717.1
53.948750	750.0
53.952500	752.7
53.956250	708.6
53.960000	717.7
53.963750	686.7
53.967500	686.5
53.971250	693.8
53.975000	742.1
53.978750	726.2
53.982500	702.8
53.986250	760.4
53.990000	758.3
53.993750	794.9
53.997500	763.6
54.001250	739.8
54.005000	752.2
54.008750	730.9
54.012500	737.2
54.016250	745.5
54.020000	742.2
54.023750	773.8
54.027500	763.2
54.031250	748.9
54.035000	750.5
54.038750	735.6
54.042500	713.4
54.046250	717.7
54.050000	762.5
54.053750	730.8
54.057500	753.9
54.061250	753.5
54.065000	726.2
54.068750	714.3
54.072500	754.3
54.076250	737.1
54.080000	699.4
54.083750	735.4
54.087500	707.8
54.091250	726.3
54.095000	765.1
54.098750	716.3
54.102500	731.6
54.106250	755.3
54.110000	762.3
54.113750	735.5
54.117500	757.6
54.121250	747.8
54.125000	775.3
54.128750	755.2
54.132500	809.9
54.136250	753.4
54.140000	773.6
54.143750	815.2
54.147500	731.3
54.151250	767.6
54.155000	740.4
54.158750	735.8
54.162500	773.3
54.166250	728.9
54.170000	710.9
54.173750	743.0
54.177500	795.2
54.181250	827.7
54.185000	745.8
54.188750	704.3
54.192500	735.2
54.196250	768.7
54.200000	772.2
54.203750	765.7
54.207500	766.8
54.211250	752.4
54.215000	769.8
54.218750	743.2
54.222500	758.4
54.226250	712.1
54.230000	691.4
54.233750	721.8
54.237500	756.1
54.241250	772.3
54.245000	736.3
54.248750	702.7
54.252500	715.7
54.256250	727.1
54.260000	721.2
54.263750	747.7
54.267500	729.4
54.271250	717.6
54.275000	752.6
54.278750	755.7
54.282500	731.5
54.286250	730.6
54.290000	726.7
54.293750	707.9
54.297500	687.3
54.301250	718.5
54.305000	724.3
54.308750	711.8
54.312500	722.7
54.316250	719.5
54.320000	708.2
54.323750	719.5
54.327500	657.9
54.331250	682.1
54.335000	649.6
54.338750	692.9
54.342500	673.5
54.346250	737.5
54.350000	714.1
54.353750	700.7
54.357500	696.3
54.361250	651.0
54.365000	676.6
54.368750	730.7
54.372500	656.8
54.376250	689.6
54.380000	713.8
54.383750	677.0
54.387500	688.0
54.391250	694.5
54.395000	689.0
54.398750	684.1
54.402500	692.6
54.406250	695.9
54.410000	663.3
54.413750	737.5
54.417500	676.1
54.421250	676.1
54.425000	692.9
54.428750	695.5
54.432500	674.1
54.436250	704.2
54.440000	645.4
54.443750	665.9
54.447500	611.2
54.451250	644.1
54.455000	689.2
54.458750	696.1
54.462500	732.4
54.466250	689.1
54.470000	664.2
54.473750	685.7
54.477500	626.3
54.481250	676.2
54.485000	724.4
54.488750	666.4
54.492500	655.6
54.496250	715.5
54.500000	711.4
54.503750	695.1
54.507500	680.3
54.511250	707.6
54.515000	674.7
54.518750	704.7
54.522500	715.9
54.526250	681.6
54.530000	695.9
54.533750	664.0
54.537500	691.3
54.541250	727.1
54.545000	658.8
54.548750	670.5
54.552500	674.4
54.556250	668.1
54.560000	668.8
54.563750	672.4
54.567500	684.9
54.571250	690.0
54.575000	679.1
54.578750	677.2
54.582500	649.6
54.586250	715.3
54.590000	732.8
54.593750	671.6
54.597500	676.2
54.601250	704.8
54.605000	650.3
54.608750	678.3
54.612500	694.4
54.616250	705.2
54.620000	690.6
54.623750	684.2
54.627500	679.9
54.631250	719.0
54.635000	696.0
54.638750	661.5
54.642500	625.4
54.646250	682.0
54.650000	673.9
54.653750	673.2
54.657500	728.5
54.661250	713.0
54.665000	697.0
54.668750	652.1
54.672500	661.4
54.676250	665.1
54.680000	673.6
54.683750	719.1
54.687500	727.5
54.691250	693.6
54.695000	713.2
54.698750	688.9
54.702500	668.3
54.706250	682.0
54.710000	707.6
54.713750	688.2
54.717500	663.0
54.721250	679.6
54.725000	717.2
54.728750	637.6
54.732500	649.7
54.736250	752.9
54.740000	656.3
54.743750	697.9
54.747500	664.0
54.751250	726.7
54.755000	679.9
54.758750	675.0
54.762500	663.5
54.766250	702.5
54.770000	698.4
54.773750	715.6
54.777500	677.1
54.781250	651.0
54.785000	698.5
54.788750	730.0
54.792500	715.6
54.796250	660.8
54.800000	688.0
54.803750	685.1
54.807500	695.6
54.811250	656.5
54.815000	620.0
54.818750	710.0
54.822500	672.0
54.826250	676.4
54.830000	679.6
54.833750	668.0
54.837500	689.4
54.841250	684.4
54.845000	681.2
54.848750	720.8
54.852500	702.8
54.856250	688.5
54.860000	686.4
54.863750	727.1
54.867500	694.8
54.871250	683.5
54.875000	691.9
54.878750	670.9
54.882500	683.1
54.886250	671.9
54.890000	667.2
54.893750	708.6
54.897500	684.4
54.901250	719.5
54.905000	667.2
54.908750	729.0
54.912500	674.6
54.916250	695.5
54.920000	724.8
54.923750	662.0
54.927500	715.6
54.931250	678.2
54.935000	684.2
54.938750	746.1
54.942500	726.7
54.946250	722.2
54.950000	726.6
54.953750	721.1
54.957500	719.7
54.961250	820.5
54.965000	791.0
54.968750	770.8
54.972500	818.8
54.976250	745.3
54.980000	751.6
54.983750	838.3
54.987500	816.0
54.991250	750.4
54.995000	780.3
54.998750	805.1
55.002500	750.4
55.006250	760.6
55.010000	798.5
55.013750	756.1
55.017500	721.1
55.021250	706.0
55.025000	708.5
55.028750	705.0
55.032500	706.8
55.036250	685.1
55.040000	655.3
55.043750	700.3
55.047500	658.0
55.051250	712.4
55.055000	671.3
55.058750	666.6
55.062500	674.3
55.066250	706.9
55.070000	697.6
55.073750	677.7
55.077500	672.5
55.081250	707.5
55.085000	716.0
55.088750	732.5
55.092500	667.3
55.096250	692.0
55.100000	683.4
55.103750	736.2
55.107500	637.8
55.111250	722.1
55.115000	699.2
55.118750	701.2
55.122500	639.5
55.126250	675.2
55.130000	590.4
55.133750	668.9
55.137500	706.6
55.141250	714.1
55.145000	731.4
55.148750	702.1
55.152500	667.4
55.156250	708.9
55.160000	661.8
55.163750	680.6
55.167500	692.4
55.171250	684.3
55.175000	616.6
55.178750	630.7
55.182500	675.8
55.186250	667.8
55.190000	679.2
55.193750	721.2
55.197500	623.0
55.201250	653.9
55.205000	652.7
55.208750	683.5
55.212500	721.3
55.216250	688.9
55.220000	694.1
55.223750	662.2
55.227500	659.0
55.231250	652.6
55.235000	680.7
55.238750	649.0
55.242500	663.9
55.246250	647.2
55.250000	708.7
55.253750	727.6
55.257500	684.1
55.261250	688.8
55.265000	673.2
55.268750	746.1
55.272500	706.7
55.276250	715.9
55.280000	690.2
55.283750	700.6
55.287500	652.6
55.291250	716.5
55.295000	701.4
55.298750	680.8
55.302500	677.9
55.306250	665.9
55.310000	736.9
55.313750	730.0
55.317500	752.6
55.321250	686.5
55.325000	722.5
55.328750	747.6
55.332500	744.4
55.336250	728.5
55.340000	776.2
55.343750	786.5
55.347500	799.1
55.351250	829.8
55.355000	828.9
55.358750	851.0
55.362500	905.3
55.366250	911.3
55.370000	1003.9
55.373750	1005.9
55.377500	1129.3
55.381250	1113.3
55.385000	1198.5
55.388750	1320.8
55.392500	1285.8
55.396250	1380.9
55.400000	1414.6
55.403750	1358.7
55.407500	1394.3
55.411250	1421.3
55.415000	1427.6
55.418750	1459.1
55.422500	1413.3
55.426250	1418.7
55.430000	1321.1
55.433750	1193.0
55.437500	1112.4
55.441250	1120.7
55.445000	1015.2
55.448750	978.9
55.452500	891.6
55.456250	832.9
55.460000	822.2
55.463750	762.3
55.467500	761.0
55.471250	791.0
55.475000	758.0
55.478750	755.1
55.482500	763.1
55.486250	708.3
55.490000	712.9
55.493750	728.1
55.497500	661.7
55.501250	684.2
55.505000	688.7
55.508750	624.5
55.512500	685.3
55.516250	700.7
55.520000	737.2
55.523750	700.0
55.527500	644.9
55.531250	703.3
55.535000	691.8
55.538750	629.2
55.542500	663.4
55.546250	670.6
55.550000	671.8
55.553750	674.5
55.557500	687.0
55.561250	670.8
55.565000	663.7
55.568750	665.3
55.572500	660.2
55.576250	672.7
55.580000	660.2
55.583750	653.7
55.587500	680.2
55.591250	725.3
55.595000	670.6
55.598750	677.7
55.602500	677.4
55.606250	652.5
55.610000	658.1
55.613750	680.8
55.617500	708.3
55.621250	684.8
55.625000	629.9
55.628750	608.8
55.632500	703.6
55.636250	691.2
55.640000	636.9
55.643750	651.1
55.647500	655.8
55.651250	647.9
55.655000	618.0
55.658750	668.3
55.662500	674.0
55.666250	624.5
55.670000	685.0
55.673750	671.9
55.677500	635.6
55.681250	617.3
55.685000	674.2
55.688750	676.1
55.692500	600.4
55.696250	667.9
55.700000	678.6
55.703750	651.4
55.707500	655.9
55.711250	680.0
55.715000	694.2
55.718750	665.4
55.722500	640.1
55.726250	652.3
55.730000	645.5
55.733750	648.0
55.737500	656.0
55.741250	630.4
55.745000	605.7
55.748750	638.6
55.752500	660.8
55.756250	678.3
55.760000	687.2
55.763750	674.0
55.767500	683.8
55.771250	613.1
55.775000	629.5
55.778750	662.0
55.782500	600.4
55.786250	612.5
55.790000	649.4
55.793750	628.7
55.797500	659.2
55.801250	646.4
55.805000	596.9
55.808750	627.3
55.812500	637.5
55.816250	628.7
55.820000	638.6
55.823750	636.6
55.827500	626.4
55.831250	614.4
55.835000	667.1
55.838750	656.7
55.842500	605.1
55.846250	661.4
55.850000	673.5
55.853750	616.5
55.857500	661.2
55.861250	607.9
55.865000	613.2
55.868750	616.1
55.872500	611.4
55.876250	649.5
55.880000	668.7
55.883750	649.1
55.887500	649.6
55.891250	645.7
55.895000	629.6
55.898750	672.6
55.902500	681.5
55.906250	631.4
55.910000	656.4
55.913750	665.9
55.917500	647.3
55.921250	624.8
55.925000	657.2
55.928750	655.6
55.932500	695.4
55.936250	664.1
55.940000	659.1
55.943750	654.4
55.947500	642.7
55.951250	676.3
55.955000	673.0
55.958750	658.4
55.962500	625.8
55.966250	651.7
55.970000	652.7
55.973750	695.9
55.977500	673.8
55.981250	667.9
55.985000	684.6
55.988750	623.8
55.992500	644.1
55.996250	682.0
56.000000	696.7
56.003750	633.8
56.007500	614.1
56.011250	662.2
56.015000	643.8
56.018750	672.5
56.022500	680.9
56.026250	651.7
56.030000	651.8
56.033750	657.9
56.037500	617.6
56.041250	641.9
56.045000	674.8
56.048750	597.6
56.052500	575.4
56.056250	637.8
56.060000	614.4
56.063750	696.2
56.067500	655.5
56.071250	618.6
56.075000	659.9
56.078750	660.0
56.082500	662.7
56.086250	665.2
56.090000	634.1
56.093750	665.7
56.097500	661.8
56.101250	636.0
56.105000	641.5
56.108750	616.1
56.112500	656.5
56.116250	638.0
56.120000	627.7
56.123750	629.9
56.127500	680.2
56.131250	683.9
56.135000	604.3
56.138750	681.9
56.142500	697.5
56.146250	676.5
56.150000	611.4
56.153750	631.9
56.157500	647.4
56.161250	605.9
56.165000	638.8
56.168750	628.9
56.172500	663.7
56.176250	629.2
56.180000	638.1
56.183750	628.8
56.187500	631.2
56.191250	650.1
56.195000	634.6
56.198750	634.6
56.202500	635.3
56.206250	657.4
56.210000	616.2
56.213750	640.4
56.217500	677.9
56.221250	655.1
56.225000	663.4
56.228750	645.4
56.232500	664.2
56.236250	619.3
56.240000	620.7
56.243750	599.1
56.247500	659.1
56.251250	622.5
56.255000	657.0
56.258750	635.3
56.262500	628.6
56.266250	634.2
56.270000	613.9
56.273750	642.5
56.277500	624.7
56.281250	601.1
56.285000	630.3
56.288750	611.3
56.292500	645.9
56.296250	600.4
56.300000	628.2
56.303750	626.6
56.307500	685.3
56.311250	636.2
56.315000	643.5
56.318750	620.6
56.322500	609.0
56.326250	621.0
56.330000	615.9
56.333750	625.4
56.337500	676.9
56.341250	606.6
56.345000	657.0
56.348750	648.0
56.352500	610.0
56.356250	627.5
56.360000	693.8
56.363750	638.4
56.367500	693.8
56.371250	664.7
56.375000	683.1
56.378750	685.6
56.382500	664.6
56.386250	622.6
56.390000	640.3
56.393750	616.2
56.397500	664.7
56.401250	635.4
56.405000	648.3
56.408750	623.3
56.412500	657.1
56.416250	680.3
56.420000	634.4
56.423750	603.2
56.427500	631.1
56.431250	625.4
56.435000	655.6
56.438750	631.3
56.442500	667.4
56.446250	651.7
56.450000	631.0
56.453750	682.0
56.457500	613.1
56.461250	643.3
56.465000	629.7
56.468750	635.2
56.472500	582.9
56.476250	629.6
56.480000	621.2
56.483750	643.8
56.487500	664.7
56.491250	646.6
56.495000	640.9
56.498750	660.4
56.502500	623.0
56.506250	670.3
56.510000	648.0
56.513750	680.0
56.517500	669.2
56.521250	641.3
56.525000	688.6
56.528750	663.8
56.532500	654.0
56.536250	684.2
56.540000	676.0
56.543750	643.1
56.547500	665.6
56.551250	624.5
56.555000	628.0
56.558750	649.1
56.562500	635.1
56.566250	669.0
56.570000	648.8
56.573750	619.8
56.577500	652.8
56.581250	612.8
56.585000	701.0
56.588750	651.5
56.592500	602.0
56.596250	686.9
56.600000	655.3
56.603750	674.6
56.607500	676.9
56.611250	645.7
56.615000	608.5
56.618750	604.8
56.622500	677.3
56.626250	628.2
56.630000	683.5
56.633750	687.1
56.637500	681.2
56.641250	684.5
56.645000	664.0
56.648750	633.0
56.652500	693.8
56.656250	670.1
56.660000	676.4
56.663750	679.0
56.667500	634.5
56.671250	696.1
56.675000	673.5
56.678750	628.7
56.682500	658.6
56.686250	659.6
56.690000	700.0
56.693750	665.3
56.697500	641.7
56.701250	649.6
56.705000	630.1
56.708750	635.2
56.712500	669.6
56.716250	658.4
56.720000	623.7
56.723750	641.1
56.727500	627.3
56.731250	626.3
56.735000	696.9
56.738750	659.7
56.742500	656.6
56.746250	654.4
56.750000	643.2
56.753750	659.1
56.757500	683.4
56.761250	649.1
56.765000	595.5
56.768750	620.0
56.772500	671.9
56.776250	658.5
56.780000	631.2
56.783750	640.2
56.787500	618.8
56.791250	637.9
56.795000	691.5
56.798750	680.9
56.802500	644.6
56.806250	678.2
56.810000	651.6
56.813750	603.3
56.817500	693.2
56.821250	700.7
56.825000	608.5
56.828750	617.2
56.832500	662.2
56.836250	711.1
56.840000	657.6
56.843750	651.7
56.847500	664.2
56.851250	626.9
56.855000	644.7
56.858750	613.9
56.862500	722.1
56.866250	643.9
56.870000	628.9
56.873750	614.7
56.877500	646.9
56.881250	685.7
56.885000	661.9
56.888750	664.8
56.892500	659.3
56.896250	623.4
56.900000	618.7
56.903750	611.1
56.907500	670.0
56.911250	664.7
56.915000	694.0
56.918750	668.4
56.922500	667.4
56.926250	661.9
56.930000	694.8
56.933750	712.0
56.937500	700.8
56.941250	704.4
56.945000	733.7
56.948750	680.6
56.952500	730.9
56.956250	660.6
56.960000	693.6
56.963750	713.1
56.967500	699.2
56.971250	677.0
56.975000	709.0
56.978750	750.6
56.982500	675.5
56.986250	684.6
56.990000	668.0
56.993750	684.3
56.997500	680.5
57.001250	645.6
57.005000	572.3
57.008750	624.8
57.012500	664.8
57.016250	623.7
57.020000	645.3
57.023750	656.7
57.027500	604.4
57.031250	604.5
57.035000	655.1
57.038750	635.7
57.042500	647.9
57.046250	647.0
57.050000	629.5
57.053750	606.9
57.057500	645.2
57.061250	694.1
57.065000	654.3
57.068750	656.6
57.072500	608.6
57.076250	619.0
57.080000	625.6
57.083750	645.9
57.087500	614.9
57.091250	608.5
57.095000	703.4
57.098750	660.6
57.102500	628.9
57.106250	624.3
57.110000	670.2
57.113750	680.4
57.117500	661.6
57.121250	653.7
57.125000	677.3
57.128750	613.7
57.132500	641.5
57.136250	696.9
57.140000	602.3
57.143750	600.3
57.147500	653.9
57.151250	668.3
57.155000	629.5
57.158750	637.7
57.162500	674.7
57.166250	684.6
57.170000	654.6
57.173750	635.0
57.177500	628.0
57.181250	617.3
57.185000	598.3
57.188750	605.7
57.192500	674.9
57.196250	633.7
57.200000	639.5
57.203750	631.1
57.207500	638.3
57.211250	638.6
57.215000	635.2
57.218750	621.8
57.222500	605.8
57.226250	588.7
57.230000	615.6
57.233750	629.3
57.237500	608.1
57.241250	637.1
57.245000	619.8
57.248750	624.3
57.252500	659.8
57.256250	631.1
57.260000	589.7
57.263750	610.8
57.267500	632.7
57.271250	618.0
57.275000	649.8
57.278750	608.7
57.282500	615.7
57.286250	626.1
57.290000	623.3
57.293750	638.8
57.297500	649.7
57.301250	624.4
57.305000	632.2
57.308750	662.3
57.312500	648.6
57.316250	639.3
57.320000	634.1
57.323750	646.2
57.327500	611.4
57.331250	604.4
57.335000	652.5
57.338750	646.2
57.342500	632.3
57.346250	656.3
57.350000	618.4
57.353750	622.8
57.357500	626.6
57.361250	654.6
57.365000	639.9
57.368750	628.7
57.372500	617.7
57.376250	627.0
57.380000	639.9
57.383750	636.6
57.387500	624.3
57.391250	641.0
57.395000	633.9
57.398750	645.6
57.402500	621.4
57.406250	618.2
57.410000	638.3
57.413750	675.9
57.417500	666.3
57.421250	627.2
57.425000	622.2
57.428750	672.2
57.432500	666.1
57.436250	630.6
57.440000	661.0
57.443750	632.7
57.447500	661.1
57.451250	660.0
57.455000	621.8
57.458750	629.1
57.462500	654.8
57.466250	608.9
57.470000	597.8
57.473750	614.2
57.477500	645.9
57.481250	648.2
57.485000	667.9
57.488750	646.2
57.492500	639.6
57.496250	617.1
57.500000	605.3
57.503750	619.9
57.507500	633.8
57.511250	639.7
57.515000	634.0
57.518750	628.4
57.522500	657.7
57.526250	647.6
57.530000	668.9
57.533750	665.7
57.537500	616.0
57.541250	594.4
57.545000	629.8
57.548750	644.4
57.552500	645.4
57.556250	632.8
57.560000	648.5
57.563750	651.8
57.567500	647.8
57.571250	651.1
57.575000	666.6
57.578750	645.1
57.582500	637.2
57.586250	637.7
57.590000	656.5
57.593750	651.7
57.597500	652.0
57.601250	625.3
57.605000	635.0
57.608750	600.5
57.612500	611.8
57.616250	657.1
57.620000	677.7
57.623750	658.8
57.627500	636.2
57.631250	659.4
57.635000	626.0
57.638750	652.7
57.642500	611.0
57.646250	625.4
57.650000	635.3
57.653750	626.2
57.657500	627.4
57.661250	676.8
57.665000	650.3
57.668750	666.7
57.672500	636.3
57.676250	652.2
57.680000	604.2
57.683750	627.3
57.687500	692.6
57.691250	666.7
57.695000	639.5
57.698750	658.3
57.702500	684.7
57.706250	690.8
57.710000	672.1
57.713750	681.7
57.717500	673.9
57.721250	705.5
57.725000	674.3
57.728750	682.7
57.732500	665.4
57.736250	704.5
57.740000	660.5
57.743750	681.5
57.747500	666.2
57.751250	691.4
57.755000	662.0
57.758750	691.5
57.762500	653.6
57.766250	611.4
57.770000	672.4
57.773750	680.7
57.777500	623.8
57.781250	663.5
57.785000	629.9
57.788750	619.5
57.792500	641.0
57.796250	624.8
57.800000	616.3
57.803750	683.5
57.807500	604.2
57.811250	633.0
57.815000	641.9
57.818750	619.5
57.822500	601.0
57.826250	654.1
57.830000	593.6
57.833750	646.0
57.837500	652.9
57.841250	631.2
57.845000	639.0
57.848750	667.0
57.852500	635.5
57.856250	658.9
57.860000	646.7
57.863750	633.7
57.867500	586.8
57.871250	628.7
57.875000	620.0
57.878750	661.6
57.882500	646.7
57.886250	701.4
57.890000	625.9
57.893750	662.0
57.897500	656.9
57.901250	674.1
57.905000	659.6
57.908750	614.6
57.912500	637.5
57.916250	657.8
57.920000	653.1
57.923750	664.5
57.927500	649.4
57.931250	632.9
57.935000	650.7
57.938750	593.4
57.942500	619.2
57.946250	653.0
57.950000	601.2
57.953750	671.6
57.957500	659.9
57.961250	654.5
57.965000	645.0
57.968750	657.8
57.972500	659.6
57.976250	661.5
57.980000	666.2
57.983750	611.6
57.987500	635.1
57.991250	643.2
57.995000	645.4
57.998750	600.6
58.002500	629.3
58.006250	652.3
58.010000	632.6
58.013750	633.0
58.017500	624.2
58.021250	667.3
58.025000	657.1
58.028750	639.4
58.032500	657.6
58.036250	659.4
58.040000	721.3
58.043750	641.2
58.047500	602.9
58.051250	611.1
58.055000	645.1
58.058750	655.2
58.062500	664.1
58.066250	638.1
58.070000	664.2
58.073750	641.7
58.077500	623.1
58.081250	655.6
58.085000	677.6
58.088750	620.3
58.092500	672.3
58.096250	724.4
58.100000	632.8
58.103750	665.3
58.107500	651.5
58.111250	624.0
58.115000	665.0
58.118750	695.8
58.122500	636.2
58.126250	633.8
58.130000	674.0
58.133750	660.4
58.137500	680.3
58.141250	725.2
58.145000	706.8
58.148750	692.1
58.152500	667.5
58.156250	724.0
58.160000	696.6
58.163750	650.9
58.167500	631.9
58.171250	658.1
58.175000	707.3
58.178750	671.8
58.182500	620.0
58.186250	636.0
58.190000	623.4
58.193750	656.9
58.197500	663.1
58.201250	666.2
58.205000	689.8
58.208750	669.3
58.212500	650.4
58.216250	708.4
58.220000	699.7
58.223750	669.7
58.227500	677.8
58.231250	700.7
58.235000	668.9
58.238750	697.8
58.242500	691.3
58.246250	692.4
58.250000	672.2
58.253750	655.7
58.257500	654.7
58.261250	700.1
58.265000	661.6
58.268750	698.6
58.272500	655.1
58.276250	697.4
58.280000	688.6
58.283750	697.8
58.287500	659.8
58.291250	686.0
58.295000	699.1
58.298750	733.9
58.302500	671.1
58.306250	687.3
58.310000	724.5
58.313750	732.1
58.317500	692.3
58.321250	735.0
58.325000	714.0
58.328750	723.0
58.332500	679.4
58.336250	687.2
58.340000	739.7
58.343750	718.4
58.347500	688.2
58.351250	700.6
58.355000	701.4
58.358750	767.8
58.362500	707.9
58.366250	693.7
58.370000	688.5
58.373750	690.9
58.377500	716.5
58.381250	750.4
58.385000	711.9
58.388750	717.3
58.392500	691.4
58.396250	707.1
58.400000	715.5
58.403750	718.6
58.407500	689.2
58.411250	746.8
58.415000	715.8
58.418750	687.6
58.422500	675.3
58.426250	715.0
58.430000	727.0
58.433750	720.6
58.437500	684.8
58.441250	753.1
58.445000	681.5
58.448750	738.6
58.452500	741.5
58.456250	735.7
58.460000	730.0
58.463750	678.1
58.467500	711.7
58.471250	773.2
58.475000	678.8
58.478750	664.2
58.482500	743.6
58.486250	720.6
58.490000	731.3
58.493750	739.8
58.497500	731.4
58.501250	725.3
58.505000	703.2
58.508750	728.4
58.512500	698.1
58.516250	688.2
58.520000	687.5
58.523750	703.4
58.527500	715.9
58.531250	723.4
58.535000	683.0
58.538750	721.1
58.542500	724.6
58.546250	677.4
58.550000	685.5
58.553750	716.5
58.557500	714.5
58.561250	730.1
58.565000	722.7
58.568750	696.4
58.572500	667.3
58.576250	716.6
58.580000	732.2
58.583750	722.7
58.587500	716.6
58.591250	730.4
58.595000	742.7
58.598750	728.5
58.602500	719.6
58.606250	718.6
58.610000	766.7
58.613750	723.1
58.617500	718.2
58.621250	707.6
58.625000	709.2
58.628750	691.0
58.632500	728.4
58.636250	710.9
58.640000	705.9
58.643750	716.8
58.647500	689.2
58.651250	741.3
58.655000	708.1
58.658750	650.3
58.662500	645.6
58.666250	698.4
58.670000	707.8
58.673750	651.5
58.677500	657.9
58.681250	683.8
58.685000	699.2
58.688750	631.7
58.692500	705.0
58.696250	690.7
58.700000	652.9
58.703750	679.9
58.707500	684.9
58.711250	658.5
58.715000	703.6
58.718750	610.9
58.722500	666.0
58.726250	731.2
58.730000	675.8
58.733750	680.8
58.737500	659.1
58.741250	667.1
58.745000	623.9
58.748750	675.2
58.752500	654.0
58.756250	664.1
58.760000	679.2
58.763750	638.5
58.767500	651.0
58.771250	662.3
58.775000	672.6
58.778750	648.9
58.782500	667.0
58.786250	675.2
58.790000	660.8
58.793750	650.9
58.797500	644.5
58.801250	621.5
58.805000	713.8
58.808750	706.2
58.812500	678.9
58.816250	652.0
58.820000	659.4
58.823750	705.4
58.827500	663.1
58.831250	635.5
58.835000	629.0
58.838750	626.2
58.842500	666.2
58.846250	654.4
58.850000	628.8
58.853750	681.8
58.857500	638.3
58.861250	635.1
58.865000	669.8
58.868750	661.7
58.872500	681.4
58.876250	667.8
58.880000	652.4
58.883750	708.6
58.887500	657.9
58.891250	627.3
58.895000	634.4
58.898750	658.4
58.902500	666.7
58.906250	646.7
58.910000	661.3
58.913750	641.5
58.917500	673.1
58.921250	701.5
58.925000	706.3
58.928750	702.9
58.932500	691.1
58.936250	687.4
58.940000	700.2
58.943750	691.3
58.947500	685.4
58.951250	659.8
58.955000	704.1
58.958750	661.8
58.962500	673.9
58.966250	647.2
58.970000	677.6
58.973750	708.6
58.977500	723.6
58.981250	606.2
58.985000	639.8
58.988750	669.5
58.992500	656.0
58.996250	653.0
59.000000	689.7
59.003750	663.1
59.007500	674.5
59.011250	670.0
59.015000	634.0
59.018750	640.2
59.022500	638.7
59.026250	622.1
59.030000	636.1
59.033750	642.3
59.037500	628.4
59.041250	644.5
59.045000	636.0
59.048750	659.1
59.052500	624.9
59.056250	612.3
59.060000	640.1
59.063750	619.1
59.067500	646.7
59.071250	652.2
59.075000	660.7
59.078750	636.8
59.082500	620.4
59.086250	632.6
59.090000	642.9
59.093750	618.5
59.097500	616.0
59.101250	640.3
59.105000	653.9
59.108750	606.4
59.112500	625.4
59.116250	640.4
59.120000	643.9
59.123750	664.7
59.127500	642.2
59.131250	638.7
59.135000	638.9
59.138750	654.5
59.142500	683.0
59.146250	627.7
59.150000	621.5
59.153750	626.9
59.157500	626.1
59.161250	661.4
59.165000	659.8
59.168750	615.8
59.172500	634.1
59.176250	622.3
59.180000	644.3
59.183750	636.6
59.187500	638.1
59.191250	637.0
59.195000	646.3
59.198750	638.9
59.202500	627.6
59.206250	603.6
59.210000	640.8
59.213750	645.3
59.217500	641.3
59.221250	674.7
59.225000	658.8
59.228750	649.0
59.232500	670.4
59.236250	635.1
59.240000	693.0
59.243750	651.9
59.247500	634.6
59.251250	634.8
59.255000	674.8
59.258750	666.5
59.262500	618.4
59.266250	657.8
59.270000	644.2
59.273750	620.3
59.277500	659.6
59.281250	682.6
59.285000	637.8
59.288750	675.9
59.292500	680.6
59.296250	621.1
59.300000	676.7
59.303750	648.0
59.307500	668.5
59.311250	674.8
59.315000	675.8
59.318750	668.2
59.322500	647.6
59.326250	656.5
59.330000	680.3
59.333750	642.9
59.337500	649.6
59.341250	650.4
59.345000	674.7
59.348750	671.4
59.352500	643.4
59.356250	683.1
59.360000	668.7
59.363750	628.1
59.367500	651.1
59.371250	619.8
59.375000	669.9
59.378750	671.5
59.382500	637.0
59.386250	628.4
59.390000	696.6
59.393750	673.7
59.397500	709.7
59.401250	659.2
59.405000	663.8
59.408750	631.9
59.412500	646.9
59.416250	659.9
59.420000	634.8
59.423750	650.6
59.427500	639.8
59.431250	628.9
59.435000	646.5
59.438750	635.4
59.442500	648.3
59.446250	684.6
59.450000	652.2
59.453750	629.6
59.457500	657.8
59.461250	699.0
59.465000	647.6
59.468750	678.7
59.472500	624.3
59.476250	595.9
59.480000	642.8
59.483750	637.7
59.487500	600.8
59.491250	652.6
59.495000	637.3
59.498750	593.3
59.502500	632.0
59.506250	651.6
59.510000	654.1
59.513750	628.0
59.517500	656.8
59.521250	648.0
59.525000	635.6
59.528750	628.1
59.532500	622.6
59.536250	636.6
59.540000	637.5
59.543750	623.5
59.547500	661.0
59.551250	661.8
59.555000	642.4
59.558750	625.4
59.562500	682.7
59.566250	647.0
59.570000	632.5
59.573750	600.2
59.577500	675.8
59.581250	673.1
59.585000	641.0
59.588750	638.8
59.592500	645.9
59.596250	630.9
59.600000	623.9
59.603750	607.2
59.607500	657.4
59.611250	607.3
59.615000	655.7
59.618750	620.1
59.622500	635.2
59.626250	646.9
59.630000	618.2
59.633750	641.8
59.637500	639.8
59.641250	608.5
59.645000	631.4
59.648750	672.1
59.652500	630.2
59.656250	633.2
59.660000	671.6
59.663750	611.7
59.667500	685.4
59.671250	680.0
59.675000	672.9
59.678750	651.6
59.682500	612.8
59.686250	619.4
59.690000	636.3
59.693750	647.2
59.697500	690.2
59.701250	665.1
59.705000	612.2
59.708750	661.2
59.712500	633.8
59.716250	656.0
59.720000	651.0
59.723750	595.6
59.727500	656.0
59.731250	671.2
59.735000	623.0
59.738750	664.6
59.742500	628.5
59.746250	640.6
59.750000	676.8
59.753750	659.8
59.757500	637.9
59.761250	721.0
59.765000	667.8
59.768750	656.6
59.772500	676.4
59.776250	672.3
59.780000	662.2
59.783750	673.4
59.787500	679.0
59.791250	674.2
59.795000	662.9
59.798750	637.8
59.802500	609.5
59.806250	646.8
59.810000	661.1
59.813750	657.4
59.817500	691.4
59.821250	652.8
59.825000	681.6
59.828750	655.0
59.832500	642.7
59.836250	629.8
59.840000	668.7
59.843750	643.3
59.847500	680.5
59.851250	661.0
59.855000	682.4
59.858750	647.9
59.862500	659.9
59.866250	666.0
59.870000	675.0
59.873750	664.4
59.877500	674.4
59.881250	663.1
59.885000	675.0
59.888750	627.6
59.892500	690.3
59.896250	705.6
59.900000	665.3
59.903750	645.3
59.907500	631.5
59.911250	640.7
59.915000	684.2
59.918750	648.5
59.922500	649.4
59.926250	642.5
59.930000	682.4
59.933750	657.6
59.937500	673.9
59.941250	673.9
59.945000	690.0
59.948750	636.5
59.952500	672.4
59.956250	671.4
59.960000	669.8
59.963750	679.8
59.967500	686.2
59.971250	709.6
59.975000	648.2
59.978750	628.0
59.982500	681.7
59.986250	696.6
59.990000	669.7
59.993750	657.3
59.997500	672.3
60.001250	716.5
60.005000	651.2
60.008750	640.9
60.012500	691.2
60.016250	651.5
60.020000	709.7
60.023750	718.2
60.027500	717.0
60.031250	702.5
60.035000	691.3
60.038750	671.0
60.042500	687.6
60.046250	700.7
60.050000	672.9
60.053750	646.2
60.057500	684.2
60.061250	694.9
60.065000	652.8
60.068750	667.6
60.072500	728.5
60.076250	667.9
60.080000	717.9
60.083750	712.8
60.087500	687.0
60.091250	636.1
60.095000	713.3
60.098750	698.2
60.102500	716.1
60.106250	720.0
60.110000	708.0
60.113750	726.4
60.117500	715.2
60.121250	680.5
60.125000	704.2
60.128750	739.0
60.132500	718.2
60.136250	685.3
60.140000	657.3
60.143750	706.2
60.147500	642.5
60.151250	671.3
60.155000	728.8
60.158750	673.6
60.162500	680.6
60.166250	702.6
60.170000	696.4
60.173750	664.4
60.177500	751.7
60.181250	684.6
60.185000	692.9
60.188750	680.6
60.192500	666.9
60.196250	655.9
60.200000	686.8
60.203750	698.9
60.207500	696.7
60.211250	650.0
60.215000	656.4
60.218750	643.7
60.222500	666.2
60.226250	660.6
60.230000	623.2
60.233750	610.8
60.237500	654.6
60.241250	690.5
60.245000	673.6
60.248750	648.4
60.252500	642.4
60.256250	657.9
60.260000	671.4
60.263750	650.0
60.267500	713.8
60.271250	697.4
60.275000	643.9
60.278750	645.0
60.282500	660.3
60.286250	702.4
60.290000	666.2
60.293750	637.6
60.297500	624.9
60.301250	613.3
60.305000	646.1
60.308750	614.4
60.312500	654.6
60.316250	656.3
60.320000	640.0
60.323750	649.2
60.327500	642.4
60.331250	627.9
60.335000	646.5
60.338750	663.0
60.342500	619.8
60.346250	624.8
60.350000	589.6
60.353750	669.6
60.357500	674.5
60.361250	621.3
60.365000	600.0
60.368750	606.7
60.372500	636.3
60.376250	630.4
60.380000	636.1
60.383750	612.0
60.387500	621.3
60.391250	616.5
60.395000	587.4
60.398750	615.9
60.402500	640.5
60.406250	642.2
60.410000	612.8
60.413750	623.7
60.417500	636.0
60.421250	609.1
60.425000	605.3
60.428750	619.2
60.432500	616.0
60.436250	655.8
60.440000	611.2
60.443750	637.5
60.447500	641.5
60.451250	647.4
60.455000	612.7
60.458750	597.2
60.462500	635.2
60.466250	622.0
60.470000	606.8
60.473750	562.4
60.477500	570.8
60.481250	639.4
60.485000	630.9
60.488750	618.7
60.492500	569.1
60.496250	605.4
60.500000	646.3
60.503750	626.5
60.507500	610.8
60.511250	599.7
60.515000	599.4
60.518750	614.6
60.522500	590.5
60.526250	583.4
60.530000	589.7
60.533750	621.4
60.537500	580.3
60.541250	584.3
60.545000	599.4
60.548750	637.7
60.552500	621.8
60.556250	628.0
60.560000	664.9
60.563750	581.3
60.567500	639.4
60.571250	646.2
60.575000	653.8
60.578750	551.9
60.582500	570.0
60.586250	641.1
60.590000	642.4
60.593750	537.1
60.597500	582.5
60.601250	618.1
60.605000	600.7
60.608750	677.3
60.612500	668.9
60.616250	618.3
60.620000	640.0
60.623750	615.5
60.627500	631.2
60.631250	628.7
60.635000	609.7
60.638750	620.7
60.642500	613.6
60.646250	601.8
60.650000	600.7
60.653750	585.1
60.657500	644.8
60.661250	607.4
60.665000	614.0
60.668750	636.5
60.672500	643.8
60.676250	607.1
60.680000	679.2
60.683750	605.2
60.687500	544.4
60.691250	593.1
60.695000	582.0
60.698750	609.2
60.702500	595.2
60.706250	618.1
60.710000	587.6
60.713750	589.7
60.717500	648.3
60.721250	631.5
60.725000	618.9
60.728750	638.5
60.732500	620.9
60.736250	633.8
60.740000	663.1
60.743750	641.5
60.747500	630.2
60.751250	622.2
60.755000	653.4
60.758750	634.1
60.762500	630.9
60.766250	640.7
60.770000	626.8
60.773750	627.0
60.777500	604.6
60.781250	613.9
60.785000	634.6
60.788750	656.4
60.792500	600.1
60.796250	595.0
60.800000	594.9
60.803750	621.4
60.807500	616.8
60.811250	602.8
60.815000	585.1
60.818750	644.7
60.822500	612.7
60.826250	623.6
60.830000	620.2
60.833750	615.8
60.837500	625.0
60.841250	597.0
60.845000	583.5
60.848750	611.0
60.852500	576.2
60.856250	593.2
60.860000	579.7
60.863750	659.0
60.867500	599.6
60.871250	642.5
60.875000	626.5
60.878750	612.8
60.882500	619.3
60.886250	593.1
60.890000	603.0
60.893750	572.0
60.897500	590.4
60.901250	610.2
60.905000	605.8
60.908750	680.6
60.912500	650.4
60.916250	616.2
60.920000	643.4
60.923750	620.8
60.927500	591.3
60.931250	574.7
60.935000	623.3
60.938750	628.0
60.942500	607.1
60.946250	604.4
60.950000	645.1
60.953750	620.9
60.957500	596.7
60.961250	593.5
60.965000	617.8
60.968750	612.9
60.972500	640.7
60.976250	587.2
60.980000	584.2
60.983750	551.8
60.987500	628.9
60.991250	604.7
60.995000	626.7
60.998750	629.6
61.002500	596.7
61.006250	597.1
61.010000	590.0
61.013750	614.3
61.017500	573.5
61.021250	600.8
61.025000	577.9
61.028750	573.0
61.032500	578.4
61.036250	559.5
61.040000	601.2
61.043750	595.0
61.047500	634.6
61.051250	623.7
61.055000	541.0
61.058750	524.6
61.062500	590.0
61.066250	601.6
61.070000	576.7
61.073750	640.1
61.077500	588.8
61.081250	616.9
61.085000	594.3
61.088750	588.9
61.092500	620.2
61.096250	632.2
61.100000	594.6
61.103750	629.4
61.107500	574.5
61.111250	581.7
61.115000	573.8
61.118750	635.1
61.122500	606.5
61.126250	600.4
61.130000	607.8
61.133750	607.2
61.137500	655.2
61.141250	633.5
61.145000	593.8
61.148750	680.5
61.152500	598.8
61.156250	573.4
61.160000	619.4
61.163750	553.3
61.167500	599.6
61.171250	621.5
61.175000	600.4
61.178750	611.9
61.182500	607.4
61.186250	624.5
61.190000	572.0
61.193750	620.5
61.197500	594.0
61.201250	588.2
61.205000	569.0
61.208750	554.7
61.212500	529.0
61.216250	583.9
61.220000	580.9
61.223750	601.7
61.227500	587.8
61.231250	583.1
61.235000	618.8
61.238750	609.8
61.242500	604.5
61.246250	571.4
61.250000	580.2
61.253750	618.2
61.257500	562.9
61.261250	582.9
61.265000	565.4
61.268750	556.5
61.272500	570.8
61.276250	588.5
61.280000	644.1
61.283750	605.9
61.287500	608.0
61.291250	599.3
61.295000	599.2
61.298750	571.1
61.302500	575.5
61.306250	607.2
61.310000	582.0
61.313750	582.0
61.317500	534.3
61.321250	577.6
61.325000	600.2
61.328750	595.5
61.332500	577.6
61.336250	573.3
61.340000	570.2
61.343750	583.1
61.347500	596.9
61.351250	528.0
61.355000	602.8
61.358750	586.4
61.362500	581.7
61.366250	581.2
61.370000	598.7
61.373750	643.1
61.377500	548.1
61.381250	564.5
61.385000	569.3
61.388750	589.8
61.392500	598.7
61.396250	592.8
61.400000	611.7
61.403750	624.9
61.407500	622.8
61.411250	616.1
61.415000	600.0
61.418750	594.9
61.422500	590.2
61.426250	575.9
61.430000	607.3
61.433750	568.7
61.437500	591.5
61.441250	594.5
61.445000	589.7
61.448750	567.2
61.452500	578.4
61.456250	620.2
61.460000	647.5
61.463750	617.5
61.467500	586.1
61.471250	629.8
61.475000	586.3
61.478750	577.4
61.482500	617.1
61.486250	562.8
61.490000	631.6
61.493750	647.2
61.497500	585.2
61.501250	630.5
61.505000	598.8
61.508750	600.4
61.512500	602.3
61.516250	607.2
61.520000	594.5
61.523750	565.7
61.527500	605.2
61.531250	633.6
61.535000	618.7
61.538750	600.3
61.542500	619.2
61.546250	591.1
61.550000	547.2
61.553750	597.7
61.557500	599.3
61.561250	601.4
61.565000	585.0
61.568750	559.4
61.572500	582.2
61.576250	556.1
61.580000	557.1
61.583750	572.0
61.587500	573.5
61.591250	574.8
61.595000	599.1
61.598750	577.0
61.602500	600.4
61.606250	577.7
61.610000	570.0
61.613750	609.5
61.617500	594.5
61.621250	593.0
61.625000	603.8
61.628750	601.7
61.632500	580.0
61.636250	584.6
61.640000	562.2
61.643750	596.3
61.647500	603.7
61.651250	606.1
61.655000	574.5
61.658750	593.6
61.662500	605.1
61.666250	502.6
61.670000	557.0
61.673750	633.3
61.677500	602.1
61.681250	645.3
61.685000	580.1
61.688750	537.5
61.692500	612.9
61.696250	597.3
61.700000	570.3
61.703750	586.1
61.707500	553.4
61.711250	613.9
61.715000	652.8
61.718750	600.8
61.722500	576.8
61.726250	582.9
61.730000	624.6
61.733750	614.1
61.737500	600.9
61.741250	646.6
61.745000	606.9
61.748750	581.3
61.752500	628.5
61.756250	583.6
61.760000	578.6
61.763750	595.8
61.767500	579.3
61.771250	595.8
61.775000	607.7
61.778750	575.8
61.782500	541.0
61.786250	593.5
61.790000	586.5
61.793750	575.2
61.797500	590.2
61.801250	595.5
61.805000	568.0
61.808750	608.1
61.812500	608.4
61.816250	597.0
61.820000	567.5
61.823750	564.8
61.827500	563.7
61.831250	573.8
61.835000	584.1
61.838750	618.3
61.842500	620.9
61.846250	616.1
61.850000	560.6
61.853750	592.1
61.857500	583.2
61.861250	554.0
61.865000	579.5
61.868750	594.0
61.872500	589.4
61.876250	564.8
61.880000	582.9
61.883750	588.5
61.887500	558.6
61.891250	575.6
61.895000	572.1
61.898750	580.6
61.902500	625.6
61.906250	591.2
61.910000	595.9
61.913750	582.0
61.917500	555.3
61.921250	550.4
61.925000	585.3
61.928750	594.9
61.932500	599.4
61.936250	584.4
61.940000	571.9
61.943750	587.6
61.947500	577.3
61.951250	583.6
61.955000	599.2
61.958750	612.6
61.962500	605.3
61.966250	611.0
61.970000	602.7
61.973750	592.3
61.977500	616.0
61.981250	581.3
61.985000	553.7
61.988750	602.7
61.992500	611.0
61.996250	565.8
62.000000	578.6
62.003750	584.0
62.007500	586.9
62.011250	573.5
62.015000	587.5
62.018750	578.0
62.022500	592.5
62.026250	594.5
62.030000	606.4
62.033750	586.1
62.037500	592.1
62.041250	627.7
62.045000	617.7
62.048750	581.3
62.052500	553.7
62.056250	566.1
62.060000	573.9
62.063750	568.3
62.067500	584.5
62.071250	583.4
62.075000	574.2
62.078750	574.3
62.082500	542.6
62.086250	587.6
62.090000	608.0
62.093750	602.7
62.097500	569.3
62.101250	600.2
62.105000	617.4
62.108750	567.7
62.112500	611.0
62.116250	602.3
62.120000	600.3
62.123750	584.2
62.127500	570.0
62.131250	609.6
62.135000	609.3
62.138750	592.6
62.142500	561.6
62.146250	556.5
62.150000	603.4
62.153750	629.9
62.157500	606.0
62.161250	604.7
62.165000	586.6
62.168750	594.8
62.172500	561.8
62.176250	585.8
62.180000	571.6
62.183750	575.7
62.187500	588.6
62.191250	578.5
62.195000	597.6
62.198750	617.9
62.202500	602.2
62.206250	620.8
62.210000	614.1
62.213750	554.8
62.217500	608.0
62.221250	630.2
62.225000	605.3
62.228750	566.9
62.232500	586.0
62.236250	591.4
62.240000	597.0
62.243750	595.1
62.247500	609.6
62.251250	578.5
62.255000	548.0
62.258750	571.3
62.262500	589.0
62.266250	566.4
62.270000	587.7
62.273750	606.5
62.277500	595.1
62.281250	560.3
62.285000	617.4
62.288750	592.1
62.292500	627.7
62.296250	613.7
62.300000	600.9
62.303750	570.5
62.307500	611.2
62.311250	620.1
62.315000	573.7
62.318750	617.3
62.322500	558.5
62.326250	624.0
62.330000	592.4
62.333750	602.7
62.337500	653.9
62.341250	593.3
62.345000	608.6
62.348750	619.7
62.352500	599.5
62.356250	596.1
62.360000	588.6
62.363750	594.3
62.367500	609.0
62.371250	615.6
62.375000	586.4
62.378750	566.9
62.382500	580.1
62.386250	608.5
62.390000	580.7
62.393750	571.0
62.397500	587.3
62.401250	584.3
62.405000	596.1
62.408750	612.0
62.412500	577.7
62.416250	598.4
62.420000	617.1
62.423750	542.3
62.427500	577.3
62.431250	593.3
62.435000	611.9
62.438750	601.6
62.442500	591.2
62.446250	587.5
62.450000	621.6
62.453750	588.9
62.457500	585.0
62.461250	580.4
62.465000	581.3
62.468750	605.3
62.472500	629.3
62.476250	603.1
62.480000	605.1
62.483750	582.8
62.487500	573.6
62.491250	629.4
62.495000	574.2
62.498750	599.9
62.502500	608.7
62.506250	604.9
62.510000	576.5
62.513750	575.2
62.517500	588.7
62.521250	606.6
62.525000	577.2
62.528750	581.3
62.532500	567.6
62.536250	575.2
62.540000	588.8
62.543750	613.2
62.547500	637.4
62.551250	630.7
62.555000	570.8
62.558750	603.4
62.562500	615.4
62.566250	564.5
62.570000	600.3
62.573750	611.9
62.577500	605.6
62.581250	631.9
62.585000	647.3
62.588750	626.4
62.592500	643.5
62.596250	622.5
62.600000	674.0
62.603750	679.1
62.607500	636.7
62.611250	611.7
62.615000	621.3
62.618750	621.2
62.622500	631.3
62.626250	602.6
62.630000	645.6
62.633750	598.7
62.637500	611.4
62.641250	640.5
62.645000	616.4
62.648750	607.4
62.652500	599.8
62.656250	614.9
62.660000	598.8
62.663750	635.5
62.667500	650.2
62.671250	580.3
62.675000	599.4
62.678750	613.3
62.682500	590.5
62.686250	575.4
62.690000	647.7
62.693750	583.6
62.697500	609.9
62.701250	611.2
62.705000	593.0
62.708750	609.3
62.712500	594.4
62.716250	593.5
62.720000	573.2
62.723750	559.1
62.727500	633.4
62.731250	605.9
62.735000	613.1
62.738750	576.0
62.742500	602.9
62.746250	629.3
62.750000	631.7
62.753750	584.0
62.757500	622.2
62.761250	576.2
62.765000	598.8
62.768750	567.1
62.772500	612.8
62.776250	523.8
62.780000	634.0
62.783750	593.2
62.787500	594.8
62.791250	585.1
62.795000	593.5
62.798750	637.5
62.802500	598.6
62.806250	580.0
62.810000	606.5
62.813750	574.7
62.817500	579.8
62.821250	581.8
62.825000	618.7
62.828750	549.4
62.832500	540.7
62.836250	599.6
62.840000	575.6
62.843750	598.1
62.847500	570.0
62.851250	536.9
62.855000	557.6
62.858750	581.8
62.862500	561.2
62.866250	598.0
62.870000	560.4
62.873750	580.1
62.877500	592.2
62.881250	598.0
62.885000	585.3
62.888750	550.7
62.892500	541.8
62.896250	556.2
62.900000	577.2
62.903750	586.1
62.907500	553.3
62.911250	575.4
62.915000	557.9
62.918750	575.4
62.922500	609.9
62.926250	587.8
62.930000	589.9
62.933750	565.8
62.937500	553.6
62.941250	599.5
62.945000	581.6
62.948750	558.9
62.952500	522.0
62.956250	600.9
62.960000	585.5
62.963750	578.4
62.967500	569.5
62.971250	553.3
62.975000	564.2
62.978750	543.4
62.982500	590.5
62.986250	581.2
62.990000	582.1
62.993750	577.5
62.997500	571.5
63.001250	592.0
63.005000	552.5
63.008750	546.9
63.012500	589.0
63.016250	567.5
63.020000	539.2
63.023750	552.6
63.027500	583.7
63.031250	576.1
63.035000	578.0
63.038750	608.2
63.042500	593.1
63.046250	571.9
63.050000	595.0
63.053750	580.5
63.057500	552.9
63.061250	552.4
63.065000	573.1
63.068750	569.3
63.072500	548.6
63.076250	550.0
63.080000	597.8
63.083750	579.9
63.087500	590.2
63.091250	582.7
63.095000	618.6
63.098750	584.0
63.102500	629.0
63.106250	588.1
63.110000	561.0
63.113750	581.6
63.117500	620.2
63.121250	577.9
63.125000	587.6
63.128750	602.0
63.132500	583.4
63.136250	575.4
63.140000	585.6
63.143750	624.1
63.147500	633.1
63.151250	588.4
63.155000	616.2
63.158750	621.4
63.162500	589.7
63.166250	569.0
63.170000	561.2
63.173750	612.0
63.177500	599.7
63.181250	570.4
63.185000	591.3
63.188750	573.8
63.192500	566.5
63.196250	581.6
63.200000	625.8
63.203750	622.4
63.207500	626.1
63.211250	585.1
63.215000	586.2
63.218750	560.8
63.222500	580.4
63.226250	603.9
63.230000	567.2
63.233750	548.1
63.237500	590.2
63.241250	563.6
63.245000	589.7
63.248750	616.4
63.252500	591.0
63.256250	558.4
63.260000	587.8
63.263750	530.1
63.267500	557.8
63.271250	605.2
63.275000	568.4
63.278750	572.6
63.282500	592.3
63.286250	586.2
63.290000	588.6
63.293750	581.4
63.297500	589.4
63.301250	612.7
63.305000	529.1
63.308750	539.3
63.312500	551.8
63.316250	584.1
63.320000	606.8
63.323750	589.1
63.327500	583.5
63.331250	545.8
63.335000	554.9
63.338750	590.5
63.342500	568.7
63.346250	580.4
63.350000	603.9
63.353750	581.6
63.357500	571.3
63.361250	563.2
63.365000	596.8
63.368750	573.7
63.372500	568.7
63.376250	546.1
63.380000	564.0
63.383750	578.5
63.387500	571.1
63.391250	620.3
63.395000	580.1
63.398750	598.3
63.402500	580.7
63.406250	560.3
63.410000	569.1
63.413750	561.8
63.417500	591.2
63.421250	595.2
63.425000	598.8
63.428750	526.5
63.432500	551.8
63.436250	598.3
63.440000	580.2
63.443750	575.3
63.447500	588.0
63.451250	603.8
63.455000	562.5
63.458750	579.7
63.462500	569.9
63.466250	557.4
63.470000	601.2
63.473750	581.3
63.477500	566.7
63.481250	600.7
63.485000	643.3
63.488750	617.4
63.492500	589.5
63.496250	573.7
63.500000	551.6
63.503750	609.3
63.507500	583.6
63.511250	572.4
63.515000	564.9
63.518750	545.1
63.522500	570.9
63.526250	602.9
63.530000	599.4
63.533750	555.2
63.537500	544.6
63.541250	554.1
63.545000	568.5
63.548750	570.2
63.552500	594.0
63.556250	603.9
63.560000	588.2
63.563750	603.7
63.567500	564.3
63.571250	581.2
63.575000	552.2
63.578750	562.8
63.582500	623.1
63.586250	574.1
63.590000	585.2
63.593750	577.2
63.597500	572.5
63.601250	611.3
63.605000	577.6
63.608750	572.6
63.612500	586.2
63.616250	590.8
63.620000	560.6
63.623750	591.3
63.627500	613.8
63.631250	604.6
63.635000	549.9
63.638750	579.2
63.642500	578.2
63.646250	572.6
63.650000	599.9
63.653750	575.6
63.657500	578.4
63.661250	624.3
63.665000	555.7
63.668750	559.0
63.672500	572.5
63.676250	574.7
63.680000	583.9
63.683750	548.2
63.687500	552.6
63.691250	548.5
63.695000	625.8
63.698750	592.0
63.702500	557.3
63.706250	564.3
63.710000	594.9
63.713750	586.3
63.717500	595.3
63.721250	586.1
63.725000	569.7
63.728750	558.9
63.732500	556.0
63.736250	568.2
63.740000	569.6
63.743750	576.4
63.747500	575.8
63.751250	548.7
63.755000	574.7
63.758750	612.5
63.762500	585.2
63.766250	553.0
63.770000	573.4
63.773750	562.3
63.777500	580.9
63.781250	610.6
63.785000	586.3
63.788750	586.0
63.792500	635.8
63.796250	543.3
63.800000	547.0
63.803750	578.8
63.807500	617.9
63.811250	593.1
63.815000	605.2
63.818750	595.0
63.822500	592.0
63.826250	555.7
63.830000	621.8
63.833750	589.5
63.837500	575.6
63.841250	608.7
63.845000	612.4
63.848750	579.5
63.852500	553.0
63.856250	582.2
63.860000	552.0
63.863750	584.5
63.867500	600.8
63.871250	593.5
63.875000	588.1
63.878750	582.2
63.882500	562.4
63.886250	599.6
63.890000	584.7
63.893750	587.9
63.897500	574.8
63.901250	556.4
63.905000	511.9
63.908750	576.0
63.912500	614.9
63.916250	556.8
63.920000	540.1
63.923750	588.6
63.927500	577.7
63.931250	620.5
63.935000	566.9
63.938750	568.4
63.942500	573.6
63.946250	579.9
63.950000	563.8
63.953750	596.8
63.957500	603.6
63.961250	572.2
63.965000	589.3
63.968750	571.1
63.972500	556.8
63.976250	581.1
63.980000	580.0
63.983750	562.3
63.987500	619.0
63.991250	579.9
63.995000	589.3
63.998750	538.3
64.002500	549.4
64.006250	615.8
64.010000	569.3
64.013750	575.5
64.017500	574.6
64.021250	593.4
64.025000	521.7
64.028750	588.2
64.032500	535.0
64.036250	600.7
64.040000	554.2
64.043750	609.9
64.047500	607.7
64.051250	588.8
64.055000	602.4
64.058750	593.9
64.062500	587.6
64.066250	622.8
64.070000	634.6
64.073750	619.2
64.077500	587.8
64.081250	584.2
64.085000	581.3
64.088750	589.1
64.092500	569.7
64.096250	572.7
64.100000	605.7
64.103750	573.8
64.107500	617.2
64.111250	613.7
64.115000	590.5
64.118750	620.9
64.122500	628.1
64.126250	575.3
64.130000	596.1
64.133750	584.6
64.137500	591.8
64.141250	628.7
64.145000	593.1
64.148750	610.0
64.152500	621.0
64.156250	604.9
64.160000	603.8
64.163750	550.7
64.167500	573.0
64.171250	592.9
64.175000	591.7
64.178750	594.4
64.182500	595.5
64.186250	560.2
64.190000	545.0
64.193750	615.0
64.197500	581.8
64.201250	578.8
64.205000	592.5
64.208750	635.8
64.212500	578.3
64.216250	592.5
64.220000	596.6
64.223750	586.7
64.227500	614.5
64.231250	583.8
64.235000	591.5
64.238750	584.3
64.242500	640.8
64.246250	602.7
64.250000	626.7
64.253750	521.6
64.257500	563.1
64.261250	555.9
64.265000	566.8
64.268750	598.5
64.272500	559.8
64.276250	590.4
64.280000	590.4
64.283750	581.8
64.287500	556.3
64.291250	583.6
64.295000	591.5
64.298750	595.6
64.302500	547.2
64.306250	599.3
64.310000	568.0
64.313750	603.8
64.317500	594.9
64.321250	554.4
64.325000	540.1
64.328750	570.8
64.332500	602.7
64.336250	584.7
64.340000	592.5
64.343750	578.0
64.347500	531.1
64.351250	587.9
64.355000	570.8
64.358750	583.1
64.362500	608.8
64.366250	568.2
64.370000	547.9
64.373750	577.6
64.377500	519.5
64.381250	556.0
64.385000	562.3
64.388750	575.9
64.392500	605.5
64.396250	540.0
64.400000	535.0
64.403750	558.8
64.407500	551.4
64.411250	562.7
64.415000	558.7
64.418750	589.7
64.422500	562.0
64.426250	587.7
64.430000	563.0
64.433750	566.3
64.437500	581.8
64.441250	572.8
64.445000	560.7
64.448750	582.3
64.452500	602.0
64.456250	560.3
64.460000	554.8
64.463750	572.4
64.467500	587.1
64.471250	510.1
64.475000	550.8
64.478750	563.0
64.482500	594.0
64.486250	551.0
64.490000	544.9
64.493750	589.4
64.497500	521.9
64.501250	558.4
64.505000	568.3
64.508750	570.7
64.512500	598.5
64.516250	557.1
64.520000	522.8
64.523750	565.9
64.527500	545.3
64.531250	537.7
64.535000	552.3
64.538750	563.2
64.542500	537.5
64.546250	538.4
64.550000	566.2
64.553750	610.1
64.557500	559.3
64.561250	593.1
64.565000	527.1
64.568750	518.2
64.572500	536.3
64.576250	590.6
64.580000	559.6
64.583750	571.1
64.587500	570.6
64.591250	578.4
64.595000	559.2
64.598750	568.7
64.602500	553.9
64.606250	555.4
64.610000	562.0
64.613750	541.1
64.617500	580.1
64.621250	553.3
64.625000	564.5
64.628750	579.5
64.632500	559.6
64.636250	513.6
64.640000	521.8
64.643750	592.3
64.647500	552.1
64.651250	559.3
64.655000	572.9
64.658750	545.9
64.662500	560.9
64.666250	542.3
64.670000	568.8
64.673750	575.3
64.677500	569.0
64.681250	566.4
64.685000	560.0
64.688750	577.1
64.692500	539.6
64.696250	536.7
64.700000	570.9
64.703750	552.2
64.707500	565.9
64.711250	558.5
64.715000	558.7
64.718750	586.6
64.722500	575.2
64.726250	528.2
64.730000	562.6
64.733750	564.8
64.737500	603.2
64.741250	600.3
64.745000	542.9
64.748750	568.2
64.752500	563.8
64.756250	532.1
64.760000	545.6
64.763750	541.4
64.767500	558.6
64.771250	540.9
64.775000	563.5
64.778750	558.1
64.782500	540.5
64.786250	569.0
64.790000	584.4
64.793750	548.9
64.797500	549.2
64.801250	539.9
64.805000	567.2
64.808750	571.5
64.812500	549.0
64.816250	553.1
64.820000	535.4
64.823750	550.2
64.827500	492.9
64.831250	558.0
64.835000	545.6
64.838750	529.9
64.842500	564.8
64.846250	523.9
64.850000	537.7
64.853750	552.9
64.857500	556.6
64.861250	540.0
64.865000	548.3
64.868750	570.1
64.872500	541.0
64.876250	516.8
64.880000	537.6
64.883750	533.3
64.887500	583.1
64.891250	583.0
64.895000	552.5
64.898750	533.3
64.902500	549.4
64.906250	587.0
64.910000	546.7
64.913750	541.5
64.917500	559.4
64.921250	518.5
64.925000	523.9
64.928750	573.0
64.932500	546.9
64.936250	529.7
64.940000	542.4
64.943750	529.3
64.947500	523.2
64.951250	573.1
64.955000	570.2
64.958750	544.9
64.962500	563.5
64.966250	558.4
64.970000	523.0
64.973750	522.7
64.977500	521.1
64.981250	538.2
64.985000	546.3
64.988750	558.0
64.992500	526.9
64.996250	530.7
65.000000	569.0
65.003750	525.3
65.007500	576.3
65.011250	543.4
65.015000	599.7
65.018750	600.8
65.022500	550.6
65.026250	533.5
65.030000	558.4
65.033750	594.9
65.037500	543.4
65.041250	545.7
65.045000	550.7
65.048750	582.1
65.052500	562.4
65.056250	517.2
65.060000	551.7
65.063750	556.3
65.067500	566.5
65.071250	566.8
65.075000	546.5
65.078750	544.4
65.082500	524.5
65.086250	513.7
65.090000	540.4
65.093750	553.6
65.097500	561.4
65.101250	575.8
65.105000	521.9
65.108750	529.0
65.112500	535.2
65.116250	541.4
65.120000	556.2
65.123750	567.6
65.127500	570.0
65.131250	520.8
65.135000	544.5
65.138750	562.5
65.142500	559.7
65.146250	565.9
65.150000	492.5
65.153750	592.8
65.157500	569.9
65.161250	540.0
65.165000	549.7
65.168750	563.3
65.172500	569.8
65.176250	567.6
65.180000	571.3
65.183750	504.4
65.187500	558.8
65.191250	595.7
65.195000	569.7
65.198750	582.0
65.202500	534.3
65.206250	562.9
65.210000	569.9
65.213750	576.1
65.217500	559.3
65.221250	573.2
65.225000	556.3
65.228750	545.4
65.232500	514.9
65.236250	528.4
65.240000	556.1
65.243750	576.6
65.247500	527.2
65.251250	538.8
65.255000	585.2
65.258750	544.4
65.262500	557.5
65.266250	572.6
65.270000	543.7
65.273750	529.6
65.277500	542.8
65.281250	517.0
65.285000	520.8
65.288750	569.2
65.292500	548.1
65.296250	541.5
65.300000	558.3
65.303750	568.7
65.307500	585.6
65.311250	536.6
65.315000	553.3
65.318750	561.7
65.322500	524.2
65.326250	557.0
65.330000	546.3
65.333750	536.4
65.337500	529.4
65.341250	529.2
65.345000	529.6
65.348750	544.9
65.352500	522.7
65.356250	515.1
65.360000	519.4
65.363750	571.0
65.367500	578.3
65.371250	541.5
65.375000	531.8
65.378750	557.0
65.382500	567.2
65.386250	587.4
65.390000	565.2
65.393750	543.5
65.397500	595.5
65.401250	585.4
65.405000	521.0
65.408750	543.7
65.412500	557.3
65.416250	584.3
65.420000	570.9
65.423750	575.0
65.427500	555.4
65.431250	486.9
65.435000	550.3
65.438750	568.4
65.442500	570.1
65.446250	518.1
65.450000	543.4
65.453750	549.5
65.457500	556.3
65.461250	559.7
65.465000	553.7
65.468750	522.6
65.472500	556.6
65.476250	548.4
65.480000	587.7
65.483750	565.9
65.487500	580.9
65.491250	559.5
65.495000	591.0
65.498750	543.2
65.502500	554.6
65.506250	570.1
65.510000	636.1
65.513750	573.6
65.517500	588.2
65.521250	608.0
65.525000	616.0
65.528750	605.9
65.532500	536.0
65.536250	545.9
65.540000	648.0
65.543750	532.3
65.547500	547.6
65.551250	576.2
65.555000	536.0
65.558750	573.8
65.562500	571.7
65.566250	602.4
65.570000	530.5
65.573750	570.7
65.577500	616.3
65.581250	564.6
65.585000	581.5
65.588750	578.7
65.592500	540.3
65.596250	564.8
65.600000	609.2
65.603750	603.5
65.607500	540.6
65.611250	574.7
65.615000	582.7
65.618750	554.5
65.622500	555.8
65.626250	557.9
65.630000	563.9
65.633750	560.5
65.637500	564.1
65.641250	632.5
65.645000	615.6
65.648750	573.4
65.652500	498.2
65.656250	557.9
65.660000	552.2
65.663750	565.0
65.667500	514.9
65.671250	554.7
65.675000	581.5
65.678750	519.5
65.682500	509.6
65.686250	605.2
65.690000	533.1
65.693750	556.1
65.697500	568.8
65.701250	594.4
65.705000	558.1
65.708750	527.6
65.712500	579.6
65.716250	541.6
65.720000	546.6
65.723750	547.0
65.727500	544.5
65.731250	550.7
65.735000	567.5
65.738750	598.2
65.742500	554.2
65.746250	542.1
65.750000	538.2
65.753750	561.4
65.757500	570.3
65.761250	554.5
65.765000	543.6
65.768750	608.2
65.772500	592.9
65.776250	563.1
65.780000	567.6
65.783750	567.6
65.787500	562.6
65.791250	558.9
65.795000	576.7
65.798750	600.6
65.802500	593.6
65.806250	583.4
65.810000	604.4
65.813750	580.8
65.817500	559.8
65.821250	569.2
65.825000	584.9
65.828750	590.3
65.832500	563.2
65.836250	627.9
65.840000	580.2
65.843750	550.4
65.847500	569.8
65.851250	549.2
65.855000	564.9
65.858750	620.3
65.862500	580.7
65.866250	561.4
65.870000	593.8
65.873750	611.4
65.877500	601.1
65.881250	607.4
65.885000	576.5
65.888750	596.1
65.892500	580.6
65.896250	570.0
65.900000	550.3
65.903750	583.9
65.907500	586.2
65.911250	561.7
65.915000	566.7
65.918750	561.2
65.922500	580.8
65.926250	523.2
65.930000	542.7
65.933750	554.0
65.937500	559.9
65.941250	576.7
65.945000	573.9
65.948750	559.0
65.952500	561.0
65.956250	576.0
65.960000	572.1
65.963750	585.7
65.967500	564.1
65.971250	569.5
65.975000	565.3
65.978750	559.2
65.982500	595.1
65.986250	584.1
65.990000	580.4
65.993750	497.9
65.997500	511.3
66.001250	581.9
66.005000	641.6
66.008750	621.3
66.012500	552.5
66.016250	586.7
66.020000	588.8
66.023750	566.4
66.027500	608.3
66.031250	602.2
66.035000	567.6
66.038750	557.2
66.042500	634.7
66.046250	636.4
66.050000	580.1
66.053750	608.2
66.057500	631.1
66.061250	610.0
66.065000	591.9
66.068750	617.7
66.072500	612.0
66.076250	578.8
66.080000	574.2
66.083750	586.6
66.087500	618.1
66.091250	632.5
66.095000	644.6
66.098750	635.8
66.102500	648.9
66.106250	587.8
66.110000	626.8
66.113750	613.4
66.117500	566.0
66.121250	634.5
66.125000	627.2
66.128750	608.3
66.132500	591.4
66.136250	602.2
66.140000	562.9
66.143750	537.0
66.147500	538.7
66.151250	609.2
66.155000	603.1
66.158750	580.0
66.162500	560.4
66.166250	565.3
66.170000	576.4
66.173750	562.8
66.177500	546.8
66.181250	567.1
66.185000	580.8
66.188750	620.4
66.192500	598.8
66.196250	560.1
66.200000	551.4
66.203750	579.3
66.207500	568.0
66.211250	569.7
66.215000	547.7
66.218750	562.0
66.222500	597.7
66.226250	570.7
66.230000	573.4
66.233750	520.4
66.237500	569.6
66.241250	582.4
66.245000	579.4
66.248750	563.5
66.252500	546.3
66.256250	532.6
66.260000	568.0
66.263750	604.2
66.267500	616.1
66.271250	581.8
66.275000	579.1
66.278750	559.2
66.282500	566.8
66.286250	575.4
66.290000	549.2
66.293750	552.3
66.297500	571.8
66.301250	547.1
66.305000	550.9
66.308750	535.3
66.312500	527.1
66.316250	539.4
66.320000	521.1
66.323750	604.4
66.327500	590.8
66.331250	577.4
66.335000	568.5
66.338750	548.2
66.342500	572.1
66.346250	576.9
66.350000	540.9
66.353750	568.7
66.357500	543.9
66.361250	575.8
66.365000	558.2
66.368750	562.1
66.372500	535.9
66.376250	583.0
66.380000	598.4
66.383750	590.9
66.387500	589.3
66.391250	572.8
66.395000	554.8
66.398750	568.7
66.402500	559.9
66.406250	576.6
66.410000	579.0
66.413750	575.5
66.417500	601.1
66.421250	592.0
66.425000	587.9
66.428750	567.8
66.432500	573.7
66.436250	562.0
66.440000	550.8
66.443750	567.4
66.447500	558.0
66.451250	566.5
66.455000	554.8
66.458750	602.4
66.462500	555.0
66.466250	579.8
66.470000	642.1
66.473750	581.2
66.477500	554.3
66.481250	572.9
66.485000	583.0
66.488750	567.1
66.492500	552.4
66.496250	551.4
66.500000	569.4
66.503750	589.4
66.507500	585.2
66.511250	617.6
66.515000	560.1
66.518750	607.8
66.522500	601.8
66.526250	589.0
66.530000	580.1
66.533750	565.6
66.537500	585.8
66.541250	599.3
66.545000	575.0
66.548750	543.4
66.552500	591.9
66.556250	575.1
66.560000	588.7
66.563750	594.1
66.567500	589.5
66.571250	559.3
66.575000	573.0
66.578750	608.3
66.582500	577.6
66.586250	592.4
66.590000	564.8
66.593750	611.4
66.597500	583.0
66.601250	582.7
66.605000	595.0
66.608750	574.1
66.612500	587.7
66.616250	594.8
66.620000	613.4
66.623750	608.2
66.627500	597.1
66.631250	588.2
66.635000	584.7
66.638750	625.9
66.642500	590.6
66.646250	609.5
66.650000	605.1
66.653750	582.8
66.657500	598.0
66.661250	616.8
66.665000	571.7
66.668750	611.9
66.672500	615.7
66.676250	566.1
66.680000	609.8
66.683750	578.3
66.687500	604.3
66.691250	591.9
66.695000	566.4
66.698750	575.7
66.702500	591.4
66.706250	566.1
66.710000	553.1
66.713750	592.0
66.717500	579.2
66.721250	565.7
66.725000	573.4
66.728750	609.7
66.732500	568.3
66.736250	579.7
66.740000	559.1
66.743750	549.4
66.747500	549.9
66.751250	534.9
66.755000	562.2
66.758750	576.1
66.762500	608.5
66.766250	594.1
66.770000	543.1
66.773750	556.3
66.777500	595.7
66.781250	623.6
66.785000	598.0
66.788750	591.2
66.792500	566.7
66.796250	532.4
66.800000	587.4
66.803750	590.3
66.807500	572.3
66.811250	554.7
66.815000	576.1
66.818750	581.0
66.822500	576.0
66.826250	543.0
66.830000	561.7
66.833750	570.7
66.837500	578.9
66.841250	596.2
66.845000	558.9
66.848750	588.8
66.852500	617.8
66.856250	549.2
66.860000	565.1
66.863750	537.9
66.867500	527.3
66.871250	582.5
66.875000	571.9
66.878750	575.0
66.882500	583.7
66.886250	545.8
66.890000	612.6
66.893750	576.5
66.897500	561.4
66.901250	596.6
66.905000	539.3
66.908750	570.8
66.912500	569.3
66.916250	590.0
66.920000	574.0
66.923750	574.1
66.927500	533.6
66.931250	569.7
66.935000	541.5
66.938750	531.6
66.942500	594.4
66.946250	569.2
66.950000	556.5
66.953750	541.9
66.957500	591.1
66.961250	569.3
66.965000	585.6
66.968750	560.1
66.972500	562.6
66.976250	572.9
66.980000	553.3
66.983750	559.1
66.987500	547.8
66.991250	573.5
66.995000	594.1
66.998750	584.2
67.002500	581.6
67.006250	598.2
67.010000	602.1
67.013750	609.5
67.017500	519.5
67.021250	560.0
67.025000	567.9
67.028750	548.0
67.032500	569.1
67.036250	544.3
67.040000	563.4
67.043750	574.0
67.047500	599.1
67.051250	583.3
67.055000	537.2
67.058750	568.0
67.062500	593.9
67.066250	593.8
67.070000	556.9
67.073750	551.0
67.077500	569.3
67.081250	548.3
67.085000	586.7
67.088750	577.3
67.092500	607.4
67.096250	562.3
67.100000	549.2
67.103750	603.4
67.107500	613.0
67.111250	574.1
67.115000	567.5
67.118750	592.7
67.122500	577.9
67.126250	581.9
67.130000	563.4
67.133750	582.3
67.137500	592.4
67.141250	567.3
67.145000	537.1
67.148750	545.4
67.152500	577.1
67.156250	563.3
67.160000	585.6
67.163750	581.8
67.167500	597.4
67.171250	557.3
67.175000	579.0
67.178750	606.9
67.182500	560.0
67.186250	545.9
67.190000	609.6
67.193750	555.0
67.197500	567.5
67.201250	556.0
67.205000	557.6
67.208750	613.8
67.212500	573.7
67.216250	580.3
67.220000	592.6
67.223750	579.7
67.227500	590.7
67.231250	570.8
67.235000	579.7
67.238750	574.1
67.242500	559.6
67.246250	546.7
67.250000	571.2
67.253750	569.1
67.257500	555.6
67.261250	584.7
67.265000	546.8
67.268750	553.1
67.272500	572.2
67.276250	587.7
67.280000	570.1
67.283750	585.0
67.287500	542.6
67.291250	548.8
67.295000	607.7
67.298750	531.0
67.302500	524.1
67.306250	605.0
67.310000	531.6
67.313750	559.7
67.317500	587.3
67.321250	561.0
67.325000	606.5
67.328750	587.1
67.332500	597.0
67.336250	557.2
67.340000	590.6
67.343750	579.1
67.347500	540.7
67.351250	545.2
67.355000	564.2
67.358750	599.2
67.362500	559.1
67.366250	557.7
67.370000	581.6
67.373750	565.6
67.377500	603.5
67.381250	623.2
67.385000	537.4
67.388750	532.8
67.392500	531.8
67.396250	533.2
67.400000	550.0
67.403750	589.9
67.407500	575.1
67.411250	571.1
67.415000	533.2
67.418750	516.6
67.422500	573.6
67.426250	556.6
67.430000	532.4
67.433750	568.9
67.437500	564.8
67.441250	543.8
67.445000	568.6
67.448750	579.7
67.452500	547.3
67.456250	578.3
67.460000	580.3
67.463750	571.3
67.467500	558.1
67.471250	534.2
67.475000	558.1
67.478750	544.9
67.482500	569.2
67.486250	544.5
67.490000	553.7
67.493750	559.2
67.497500	521.6
67.501250	548.2
67.505000	568.0
67.508750	564.1
67.512500	532.7
67.516250	523.9
67.520000	532.0
67.523750	553.0
67.527500	565.3
67.531250	568.1
67.535000	563.0
67.538750	557.3
67.542500	540.1
67.546250	557.1
67.550000	546.9
67.553750	539.6
67.557500	535.7
67.561250	534.5
67.565000	574.9
67.568750	568.7
67.572500	520.3
67.576250	512.5
67.580000	538.5
67.583750	538.2
67.587500	516.5
67.591250	538.1
67.595000	552.7
67.598750	557.5
67.602500	548.1
67.606250	565.9
67.610000	557.3
67.613750	521.2
67.617500	567.2
67.621250	574.4
67.625000	640.7
67.628750	609.2
67.632500	531.2
67.636250	535.7
67.640000	566.3
67.643750	575.5
67.647500	624.0
67.651250	600.3
67.655000	618.5
67.658750	597.9
67.662500	534.7
67.666250	558.1
67.670000	557.3
67.673750	602.2
67.677500	608.6
67.681250	567.7
67.685000	550.1
67.688750	590.1
67.692500	576.7
67.696250	526.4
67.700000	609.3
67.703750	558.3
67.707500	572.5
67.711250	564.8
67.715000	553.0
67.718750	540.4
67.722500	566.1
67.726250	595.9
67.730000	543.7
67.733750	571.1
67.737500	547.2
67.741250	555.2
67.745000	568.9
67.748750	542.0
67.752500	572.4
67.756250	575.5
67.760000	577.1
67.763750	549.9
67.767500	561.5
67.771250	550.4
67.775000	560.7
67.778750	540.1
67.782500	564.4
67.786250	550.7
67.790000	565.3
67.793750	547.3
67.797500	546.3
67.801250	549.2
67.805000	535.8
67.808750	553.2
67.812500	536.3
67.816250	538.5
67.820000	529.7
67.823750	518.9
67.827500	579.2
67.831250	585.6
67.835000	560.7
67.838750	539.2
67.842500	508.7
67.846250	507.2
67.850000	532.5
67.853750	576.2
67.857500	593.8
67.861250	562.3
67.865000	511.7
67.868750	528.6
67.872500	497.7
67.876250	529.7
67.880000	535.7
67.883750	547.3
67.887500	593.8
67.891250	520.6
67.895000	552.3
67.898750	528.2
67.902500	528.2
67.906250	521.2
67.910000	564.2
67.913750	564.5
67.917500	563.8
67.921250	528.6
67.925000	500.4
67.928750	580.7
67.932500	539.0
67.936250	536.4
67.940000	529.2
67.943750	538.5
67.947500	517.6
67.951250	565.7
67.955000	544.9
67.958750	545.0
67.962500	566.4
67.966250	544.1
67.970000	549.7
67.973750	538.4
67.977500	567.4
67.981250	513.3
67.985000	502.5
67.988750	569.7
67.992500	561.8
67.996250	539.0
68.000000	551.9
68.003750	551.0
68.007500	542.4
68.011250	519.5
68.015000	552.0
68.018750	583.5
68.022500	517.3
68.026250	524.5
68.030000	525.0
68.033750	523.3
68.037500	560.2
68.041250	528.1
68.045000	556.5
68.048750	591.3
68.052500	533.4
68.056250	547.4
68.060000	569.3
68.063750	519.5
68.067500	548.9
68.071250	577.7
68.075000	561.0
68.078750	549.3
68.082500	555.3
68.086250	587.9
68.090000	581.4
68.093750	565.2
68.097500	526.0
68.101250	596.7
68.105000	592.5
68.108750	584.4
68.112500	577.1
68.116250	522.4
68.120000	552.5
68.123750	579.5
68.127500	552.0
68.131250	552.1
68.135000	548.5
68.138750	570.4
68.142500	568.1
68.146250	587.8
68.150000	579.9
68.153750	584.1
68.157500	588.7
68.161250	676.2
68.165000	651.4
68.168750	617.0
68.172500	670.1
68.176250	735.4
68.180000	701.0
68.183750	716.5
68.187500	701.6
68.191250	722.8
68.195000	748.2
68.198750	713.3
68.202500	788.5
68.206250	731.0
68.210000	703.3
68.213750	726.7
68.217500	779.7
68.221250	733.3
68.225000	720.8
68.228750	684.1
68.232500	698.5
68.236250	660.4
68.240000	683.2
68.243750	634.6
68.247500	625.5
68.251250	628.8
68.255000	616.6
68.258750	602.8
68.262500	583.4
68.266250	602.1
68.270000	546.7
68.273750	577.6
68.277500	592.1
68.281250	582.6
68.285000	591.8
68.288750	522.4
68.292500	574.2
68.296250	578.4
68.300000	561.8
68.303750	565.5
68.307500	559.8
68.311250	554.4
68.315000	588.7
68.318750	539.7
68.322500	529.9
68.326250	536.8
68.330000	583.1
68.333750	568.7
68.337500	576.7
68.341250	533.6
68.345000	590.0
68.348750	554.2
68.352500	571.6
68.356250	562.4
68.360000	551.7
68.363750	570.6
68.367500	550.8
68.371250	551.5
68.375000	569.8
68.378750	578.9
68.382500	548.8
68.386250	561.9
68.390000	561.0
68.393750	515.9
68.397500	545.5
68.401250	545.3
68.405000	551.2
68.408750	554.5
68.412500	562.4
68.416250	550.0
68.420000	563.3
68.423750	546.3
68.427500	550.6
68.431250	528.5
68.435000	533.6
68.438750	602.5
68.442500	536.6
68.446250	543.3
68.450000	537.9
68.453750	540.6
68.457500	546.3
68.461250	566.8
68.465000	568.5
68.468750	488.8
68.472500	554.9
68.476250	525.8
68.480000	536.3
68.483750	534.9
68.487500	545.4
68.491250	528.2
68.495000	498.1
68.498750	518.6
68.502500	567.5
68.506250	523.6
68.510000	547.6
68.513750	576.0
68.517500	537.3
68.521250	555.8
68.525000	568.1
68.528750	517.4
68.532500	523.2
68.536250	527.1
68.540000	550.2
68.543750	556.7
68.547500	583.3
68.551250	550.3
68.555000	533.8
68.558750	550.2
68.562500	514.4
68.566250	513.9
68.570000	529.4
68.573750	542.9
68.577500	568.5
68.581250	545.2
68.585000	537.1
68.588750	546.6
68.592500	550.9
68.596250	529.8
68.600000	565.8
68.603750	536.3
68.607500	556.8
68.611250	552.6
68.615000	547.2
68.618750	534.9
68.622500	560.3
68.626250	568.7
68.630000	591.8
68.633750	521.8
68.637500	538.9
68.641250	553.5
68.645000	510.7
68.648750	487.9
68.652500	541.4
68.656250	507.8
68.660000	551.0
68.663750	554.9
68.667500	573.4
68.671250	542.3
68.675000	512.8
68.678750	546.7
68.682500	514.5
68.686250	549.9
68.690000	547.2
68.693750	514.1
68.697500	562.8
68.701250	538.3
68.705000	570.8
68.708750	581.3
68.712500	530.8
68.716250	525.5
68.720000	575.3
68.723750	554.9
68.727500	519.5
68.731250	555.1
68.735000	533.1
68.738750	548.7
68.742500	547.5
68.746250	504.4
68.750000	502.6
68.753750	555.5
68.757500	568.1
68.761250	524.5
68.765000	507.8
68.768750	541.9
68.772500	581.5
68.776250	542.7
68.780000	569.1
68.783750	556.9
68.787500	549.4
68.791250	539.6
68.795000	539.1
68.798750	556.7
68.802500	523.5
68.806250	589.1
68.810000	546.3
68.813750	544.8
68.817500	566.3
68.821250	555.0
68.825000	601.5
68.828750	548.9
68.832500	545.3
68.836250	576.1
68.840000	539.7
68.843750	588.8
68.847500	541.6
68.851250	521.4
68.855000	546.0
68.858750	535.4
68.862500	563.3
68.866250	570.4
68.870000	547.1
68.873750	539.9
68.877500	547.8
68.881250	527.5
68.885000	509.1
68.888750	543.3
68.892500	557.7
68.896250	574.1
68.900000	537.9
68.903750	555.5
68.907500	551.7
68.911250	525.4
68.915000	500.6
68.918750	534.9
68.922500	535.4
68.926250	542.3
68.930000	570.7
68.933750	540.5
68.937500	507.5
68.941250	521.7
68.945000	532.5
68.948750	527.2
68.952500	588.0
68.956250	548.3
68.960000	526.5
68.963750	562.7
68.967500	550.0
68.971250	535.7
68.975000	551.9
68.978750	531.9
68.982500	505.4
68.986250	554.6
68.990000	577.8
68.993750	568.6
68.997500	568.7
69.001250	533.9
69.005000	499.7
69.008750	561.5
69.012500	581.6
69.016250	533.8
69.020000	573.8
69.023750	559.7
69.027500	519.4
69.031250	539.6
69.035000	515.9
69.038750	544.4
69.042500	537.5
69.046250	504.6
69.050000	556.2
69.053750	557.6
69.057500	530.4
69.061250	535.1
69.065000	540.3
69.068750	555.7
69.072500	507.0
69.076250	534.3
69.080000	582.1
69.083750	556.6
69.087500	550.8
69.091250	548.1
69.095000	486.1
69.098750	552.1
69.102500	559.0
69.106250	544.1
69.110000	545.2
69.113750	488.1
69.117500	529.7
69.121250	574.8
69.125000	560.8
69.128750	560.3
69.132500	526.9
69.136250	531.4
69.140000	533.5
69.143750	592.3
69.147500	580.1
69.151250	542.9
69.155000	544.7
69.158750	563.0
69.162500	597.9
69.166250	549.1
69.170000	536.1
69.173750	522.4
69.177500	546.0
69.181250	534.2
69.185000	517.9
69.188750	521.6
69.192500	527.5
69.196250	563.5
69.200000	550.8
69.203750	552.6
69.207500	575.8
69.211250	551.7
69.215000	559.3
69.218750	576.1
69.222500	506.4
69.226250	560.1
69.230000	539.3
69.233750	533.5
69.237500	589.9
69.241250	533.0
69.245000	495.3
69.248750	545.0
69.252500	526.9
69.256250	541.8
69.260000	589.3
69.263750	571.2
69.267500	540.0
69.271250	580.7
69.275000	533.0
69.278750	563.5
69.282500	540.1
69.286250	553.5
69.290000	575.0
69.293750	554.9
69.297500	533.6
69.301250	525.5
69.305000	530.3
69.308750	542.1
69.312500	567.4
69.316250	553.4
69.320000	537.0
69.323750	514.7
69.327500	538.5
69.331250	571.7
69.335000	549.0
69.338750	515.5
69.342500	509.5
69.346250	545.9
69.350000	544.5
69.353750	519.0
69.357500	545.4
69.361250	540.8
69.365000	477.1
69.368750	524.6
69.372500	551.0
69.376250	548.2
69.380000	508.5
69.383750	505.5
69.387500	511.0
69.391250	552.0
69.395000	533.4
69.398750	572.7
69.402500	527.5
69.406250	540.7
69.410000	553.1
69.413750	538.4
69.417500	529.5
69.421250	563.1
69.425000	525.4
69.428750	551.5
69.432500	477.5
69.436250	559.6
69.440000	586.2
69.443750	518.2
69.447500	521.3
69.451250	533.7
69.455000	536.6
69.458750	534.8
69.462500	548.0
69.466250	519.0
69.470000	525.7
69.473750	533.5
69.477500	566.6
69.481250	534.5
69.485000	564.3
69.488750	565.2
69.492500	536.0
69.496250	533.0
69.500000	546.9
69.503750	545.6
69.507500	496.1
69.511250	560.3
69.515000	542.9
69.518750	558.7
69.522500	541.9
69.526250	518.6
69.530000	540.3
69.533750	596.7
69.537500	485.8
69.541250	516.6
69.545000	542.8
69.548750	528.3
69.552500	487.9
69.556250	537.7
69.560000	519.0
69.563750	535.3
69.567500	524.6
69.571250	553.0
69.575000	533.7
69.578750	539.9
69.582500	515.2
69.586250	558.4
69.590000	516.9
69.593750	522.7
69.597500	518.2
69.601250	484.2
69.605000	528.9
69.608750	505.9
69.612500	523.4
69.616250	570.6
69.620000	523.8
69.623750	537.3
69.627500	531.5
69.631250	516.6
69.635000	545.4
69.638750	498.6
69.642500	551.4
69.646250	562.6
69.650000	528.7
69.653750	560.8
69.657500	544.7
69.661250	570.1
69.665000	514.5
69.668750	485.1
69.672500	522.8
69.676250	540.8
69.680000	537.6
69.683750	544.3
69.687500	519.9
69.691250	551.5
69.695000	556.1
69.698750	544.9
69.702500	525.1
69.706250	518.7
69.710000	548.5
69.713750	531.6
69.717500	510.6
69.721250	554.8
69.725000	541.8
69.728750	516.2
69.732500	524.7
69.736250	524.5
69.740000	502.8
69.743750	523.6
69.747500	541.9
69.751250	521.1
69.755000	525.1
69.758750	544.4
69.762500	569.6
69.766250	540.8
69.770000	570.1
69.773750	586.2
69.777500	513.3
69.781250	535.2
69.785000	583.2
69.788750	541.2
69.792500	568.7
69.796250	530.5
69.800000	536.1
69.803750	541.0
69.807500	520.9
69.811250	525.1
69.815000	583.7
69.818750	570.6
69.822500	519.0
69.826250	530.7
69.830000	558.0
69.833750	572.9
69.837500	524.4
69.841250	508.4
69.845000	534.0
69.848750	556.0
69.852500	506.8
69.856250	575.8
69.860000	534.1
69.863750	530.0
69.867500	553.6
69.871250	531.2
69.875000	543.5
69.878750	528.7
69.882500	531.0
69.886250	571.3
69.890000	525.9
69.893750	523.4
69.897500	520.0
69.901250	541.0
69.905000	535.2
69.908750	538.8
69.912500	574.9
69.916250	548.9
69.920000	524.4
69.923750	540.6
69.927500	520.4
69.931250	488.4
69.935000	560.2
69.938750	534.1
69.942500	512.4
69.946250	525.2
69.950000	524.3
69.953750	526.4
69.957500	521.8
69.961250	525.3
69.965000	538.8
69.968750	488.2
69.972500	577.2
69.976250	533.5
69.980000	527.1
69.983750	522.5
69.987500	538.3
69.991250	524.0
69.995000	563.6
69.998750	535.1
70.002500	536.3
70.006250	494.3
70.010000	556.5
70.013750	509.1
70.017500	500.3
70.021250	569.1
70.025000	542.7
70.028750	553.6
70.032500	522.8
70.036250	532.6
70.040000	494.4
70.043750	498.5
70.047500	527.7
70.051250	535.9
70.055000	527.1
70.058750	565.6
70.062500	558.5
70.066250	587.3
70.070000	498.7
70.073750	494.8
70.077500	542.9
70.081250	530.8
70.085000	524.8
70.088750	505.8
70.092500	528.5
70.096250	537.8
70.100000	549.2
70.103750	536.7
70.107500	554.9
70.111250	523.4
70.115000	556.9
70.118750	544.0
70.122500	557.3
70.126250	531.4
70.130000	534.3
70.133750	568.6
70.137500	554.7
70.141250	537.3
70.145000	552.4
70.148750	577.6
70.152500	536.9
70.156250	561.1
70.160000	524.6
70.163750	530.6
70.167500	545.7
70.171250	516.3
70.175000	542.9
70.178750	512.2
70.182500	563.9
70.186250	527.7
70.190000	545.1
70.193750	533.2
70.197500	548.6
70.201250	536.0
70.205000	564.3
70.208750	539.8
70.212500	526.9
70.216250	538.8
70.220000	555.1
70.223750	557.8
70.227500	581.6
70.231250	549.8
70.235000	529.8
70.238750	533.4
70.242500	545.7
70.246250	551.5
70.250000	564.4
70.253750	550.4
70.257500	546.6
70.261250	552.6
70.265000	536.7
70.268750	523.2
70.272500	532.6
70.276250	537.4
70.280000	548.8
70.283750	535.4
70.287500	545.6
70.291250	525.8
70.295000	543.6
70.298750	512.6
70.302500	513.9
70.306250	594.9
70.310000	555.1
70.313750	530.3
70.317500	529.3
70.321250	526.2
70.325000	546.3
70.328750	586.9
70.332500	577.6
70.336250	595.0
70.340000	595.2
70.343750	535.9
70.347500	569.2
70.351250	542.1
70.355000	572.8
70.358750	587.3
70.362500	568.0
70.366250	574.1
70.370000	600.1
70.373750	570.9
70.377500	548.3
70.381250	548.6
70.385000	594.5
70.388750	549.4
70.392500	556.6
70.396250	523.4
70.400000	517.1
70.403750	552.6
70.407500	573.2
70.411250	578.3
70.415000	532.2
70.418750	585.1
70.422500	536.1
70.426250	585.4
70.430000	589.1
70.433750	560.8
70.437500	561.5
70.441250	553.3
70.445000	568.3
70.448750	566.9
70.452500	516.3
70.456250	538.1
70.460000	534.7
70.463750	550.3
70.467500	527.8
70.471250	512.1
70.475000	543.2
70.478750	550.6
70.482500	557.5
70.486250	571.3
70.490000	566.3
70.493750	588.4
70.497500	608.2
70.501250	552.4
70.505000	557.0
70.508750	552.2
70.512500	582.1
70.516250	564.1
70.520000	539.0
70.523750	564.1
70.527500	571.6
70.531250	524.3
70.535000	601.8
70.538750	574.9
70.542500	547.5
70.546250	557.2
70.550000	594.2
70.553750	599.2
70.557500	509.2
70.561250	501.5
70.565000	511.0
70.568750	552.7
70.572500	585.9
70.576250	577.8
70.580000	568.4
70.583750	564.7
70.587500	572.3
70.591250	560.4
70.595000	570.3
70.598750	603.7
70.602500	557.4
70.606250	512.9
70.610000	517.1
70.613750	550.5
70.617500	522.8
70.621250	547.8
70.625000	622.9
70.628750	659.2
70.632500	573.1
70.636250	580.6
70.640000	603.2
70.643750	537.9
70.647500	620.1
70.651250	597.5
70.655000	559.3
70.658750	589.2
70.662500	573.3
70.666250	569.7
70.670000	613.4
70.673750	573.5
70.677500	541.0
70.681250	521.5
70.685000	564.1
70.688750	559.3
70.692500	549.4
70.696250	582.9
70.700000	565.4
70.703750	554.6
70.707500	537.7
70.711250	496.3
70.715000	523.4
70.718750	548.5
70.722500	567.8
70.726250	565.4
70.730000	562.0
70.733750	550.0
70.737500	593.4
70.741250	555.2
70.745000	552.9
70.748750	575.7
70.752500	581.3
70.756250	571.8
70.760000	556.4
70.763750	597.0
70.767500	586.6
70.771250	543.6
70.775000	530.1
70.778750	548.2
70.782500	557.0
70.786250	573.7
70.790000	591.5
70.793750	570.1
70.797500	545.9
70.801250	548.5
70.805000	526.0
70.808750	524.7
70.812500	557.4
70.816250	551.6
70.820000	532.9
70.823750	567.0
70.827500	547.6
70.831250	531.8
70.835000	548.2
70.838750	546.5
70.842500	537.5
70.846250	576.6
70.850000	551.6
70.853750	547.6
70.857500	586.8
70.861250	544.8
70.865000	556.7
70.868750	537.5
70.872500	544.6
70.876250	562.9
70.880000	580.8
70.883750	608.3
70.887500	587.8
70.891250	571.5
70.895000	563.5
70.898750	593.1
70.902500	549.3
70.906250	570.2
70.910000	573.5
70.913750	596.4
70.917500	567.4
70.921250	570.8
70.925000	535.6
70.928750	564.9
70.932500	582.9
70.936250	559.3
70.940000	553.9
70.943750	566.9
70.947500	580.8
70.951250	595.2
70.955000	567.1
70.958750	544.3
70.962500	554.4
70.966250	532.8
70.970000	558.5
70.973750	535.9
70.977500	587.4
70.981250	633.8
70.985000	561.4
70.988750	581.1
70.992500	604.6
70.996250	605.0
71.000000	604.5
71.003750	574.2
71.007500	591.4
71.011250	596.3
71.015000	577.0
71.018750	568.6
71.022500	584.5
71.026250	605.2
71.030000	566.1
71.033750	578.7
71.037500	582.7
71.041250	570.4
71.045000	623.2
71.048750	575.1
71.052500	548.8
71.056250	607.4
71.060000	646.8
71.063750	595.7
71.067500	577.6
71.071250	567.4
71.075000	572.3
71.078750	632.8
71.082500	570.7
71.086250	580.3
71.090000	575.8
71.093750	544.2
71.097500	584.3
71.101250	569.0
71.105000	546.8
71.108750	513.9
71.112500	603.7
71.116250	634.8
71.120000	539.2
71.123750	556.7
71.127500	575.1
71.131250	557.2
71.135000	564.8
71.138750	562.1
71.142500	586.5
71.146250	596.2
71.150000	639.7
71.153750	668.2
71.157500	601.7
71.161250	572.2
71.165000	579.8
71.168750	588.0
71.172500	562.3
71.176250	583.0
71.180000	574.7
71.183750	553.8
71.187500	602.8
71.191250	599.7
71.195000	603.0
71.198750	557.3
71.202500	583.8
71.206250	605.5
71.210000	616.6
71.213750	579.9
71.217500	566.4
71.221250	552.2
71.225000	543.8
71.228750	584.5
71.232500	573.1
71.236250	572.8
71.240000	572.9
71.243750	635.9
71.247500	589.4
71.251250	556.1
71.255000	610.1
71.258750	587.0
71.262500	581.0
71.266250	563.6
71.270000	562.6
71.273750	611.8
71.277500	604.6
71.281250	559.8
71.285000	586.0
71.288750	570.7
71.292500	585.6
71.296250	599.0
71.300000	531.3
71.303750	562.0
71.307500	560.7
71.311250	603.4
71.315000	585.2
71.318750	534.8
71.322500	535.6
71.326250	598.8
71.330000	548.8
71.333750	550.1
71.337500	544.0
71.341250	586.2
71.345000	566.0
71.348750	544.1
71.352500	551.1
71.356250	543.1
71.360000	558.5
71.363750	568.9
71.367500	547.7
71.371250	555.8
71.375000	575.8
71.378750	590.4
71.382500	578.2
71.386250	534.4
71.390000	571.6
71.393750	566.7
71.397500	588.4
71.401250	541.3
71.405000	555.2
71.408750	544.6
71.412500	553.0
71.416250	555.9
71.420000	527.4
71.423750	582.5
71.427500	547.8
71.431250	559.6
71.435000	572.4
71.438750	546.1
71.442500	563.5
71.446250	558.9
71.450000	574.6
71.453750	567.4
71.457500	554.1
71.461250	548.2
71.465000	569.4
71.468750	561.5
71.472500	543.5
71.476250	546.4
71.480000	524.5
71.483750	540.7
71.487500	547.7
71.491250	595.7
71.495000	500.1
71.498750	558.0
71.502500	561.7
71.506250	521.4
71.510000	567.3
71.513750	532.6
71.517500	564.8
71.521250	528.9
71.525000	543.2
71.528750	548.5
71.532500	560.1
71.536250	555.5
71.540000	518.0
71.543750	576.5
71.547500	558.2
71.551250	536.2
71.555000	562.6
71.558750	587.4
71.562500	527.4
71.566250	595.9
71.570000	577.1
71.573750	547.3
71.577500	554.6
71.581250	558.2
71.585000	531.6
71.588750	578.5
71.592500	565.7
71.596250	571.9
71.600000	552.4
71.603750	556.3
71.607500	552.9
71.611250	545.3
71.615000	582.4
71.618750	562.1
71.622500	607.8
71.626250	561.5
71.630000	541.4
71.633750	573.7
71.637500	561.7
71.641250	557.8
71.645000	573.5
71.648750	552.6
71.652500	556.2
71.656250	555.0
71.660000	556.0
71.663750	554.4
71.667500	551.1
71.671250	528.4
71.675000	539.1
71.678750	570.4
71.682500	576.6
71.686250	564.0
71.690000	604.3
71.693750	608.0
71.697500	552.5
71.701250	551.7
71.705000	539.6
71.708750	553.3
71.712500	563.0
71.716250	552.0
71.720000	577.5
71.723750	601.6
71.727500	567.4
71.731250	563.9
71.735000	586.7
71.738750	576.3
71.742500	595.7
71.746250	541.1
71.750000	525.2
71.753750	523.6
71.757500	564.9
71.761250	550.2
71.765000	533.0
71.768750	576.5
71.772500	567.9
71.776250	541.5
71.780000	548.8
71.783750	571.0
71.787500	584.0
71.791250	541.0
71.795000	528.7
71.798750	513.2
71.802500	518.0
71.806250	570.7
71.810000	522.6
71.813750	582.0
71.817500	576.9
71.821250	587.8
71.825000	563.9
71.828750	571.5
71.832500	592.9
71.836250	564.6
71.840000	529.7
71.843750	552.7
71.847500	577.6
71.851250	587.2
71.855000	570.6
71.858750	557.5
71.862500	600.6
71.866250	569.9
71.870000	555.1
71.873750	554.3
71.877500	537.0
71.881250	538.5
71.885000	585.6
71.888750	603.3
71.892500	555.5
71.896250	567.4
71.900000	543.1
71.903750	577.2
71.907500	520.2
71.911250	547.6
71.915000	540.5
71.918750	557.2
71.922500	530.2
71.926250	570.8
71.930000	557.3
71.933750	580.1
71.937500	578.8
71.941250	601.0
71.945000	521.9
71.948750	535.7
71.952500	561.1
71.956250	576.8
71.960000	557.5
71.963750	521.7
71.967500	555.1
71.971250	562.3
71.975000	571.1
71.978750	594.4
71.982500	591.7
71.986250	573.0
71.990000	592.0
71.993750	542.9
71.997500	582.2
72.001250	587.6
72.005000	547.7
72.008750	543.9
72.012500	574.0
72.016250	554.0
72.020000	545.1
72.023750	561.2
72.027500	575.1
72.031250	529.1
72.035000	574.9
72.038750	546.3
72.042500	538.3
72.046250	550.8
72.050000	586.2
72.053750	551.1
72.057500	558.8
72.061250	528.6
72.065000	547.3
72.068750	543.2
72.072500	532.0
72.076250	526.9
72.080000	526.3
72.083750	507.1
72.087500	616.3
72.091250	562.4
72.095000	574.1
72.098750	560.3
72.102500	566.1
72.106250	600.5
72.110000	565.5
72.113750	556.0
72.117500	543.2
72.121250	564.6
72.125000	507.2
72.128750	537.1
72.132500	526.9
72.136250	557.6
72.140000	525.6
72.143750	511.4
72.147500	570.1
72.151250	585.7
72.155000	548.8
72.158750	568.4
72.162500	576.2
72.166250	531.1
72.170000	520.8
72.173750	529.5
72.177500	546.1
72.181250	586.2
72.185000	556.5
72.188750	531.6
72.192500	539.7
72.196250	574.3
72.200000	547.3
72.203750	543.8
72.207500	525.5
72.211250	553.0
72.215000	513.5
72.218750	553.9
72.222500	559.3
72.226250	573.6
72.230000	526.2
72.233750	488.3
72.237500	543.3
72.241250	539.3
72.245000	594.5
72.248750	554.2
72.252500	580.9
72.256250	514.8
72.260000	515.7
72.263750	500.6
72.267500	547.0
72.271250	510.9
72.275000	500.7
72.278750	580.9
72.282500	540.9
72.286250	500.2
72.290000	517.5
72.293750	547.2
72.297500	554.0
72.301250	528.0
72.305000	522.0
72.308750	548.6
72.312500	496.4
72.316250	538.0
72.320000	542.6
72.323750	547.7
72.327500	565.2
72.331250	536.3
72.335000	523.1
72.338750	524.7
72.342500	545.6
72.346250	576.3
72.350000	589.2
72.353750	529.9
72.357500	528.5
72.361250	535.9
72.365000	549.4
72.368750	530.4
72.372500	548.4
72.376250	559.1
72.380000	543.2
72.383750	532.8
72.387500	564.2
72.391250	535.8
72.395000	552.7
72.398750	556.7
72.402500	489.7
72.406250	552.3
72.410000	558.2
72.413750	552.8
72.417500	573.1
72.421250	527.4
72.425000	532.3
72.428750	571.2
72.432500	565.2
72.436250	541.1
72.440000	554.5
72.443750	533.3
72.447500	536.1
72.451250	511.0
72.455000	542.5
72.458750	514.1
72.462500	526.5
72.466250	541.8
72.470000	525.9
72.473750	528.8
72.477500	529.3
72.481250	516.3
72.485000	527.6
72.488750	551.0
72.492500	532.9
72.496250	536.9
72.500000	533.9
72.503750	537.3
72.507500	546.1
72.511250	532.5
72.515000	517.2
72.518750	541.2
72.522500	539.5
72.526250	551.1
72.530000	520.5
72.533750	538.5
72.537500	521.8
72.541250	551.7
72.545000	573.0
72.548750	555.0
72.552500	526.5
72.556250	545.5
72.560000	569.4
72.563750	536.9
72.567500	522.8
72.571250	529.6
72.575000	504.5
72.578750	533.7
72.582500	549.2
72.586250	568.5
72.590000	552.8
72.593750	491.3
72.597500	515.5
72.601250	554.3
72.605000	564.3
72.608750	513.7
72.612500	531.6
72.616250	539.1
72.620000	512.3
72.623750	531.2
72.627500	534.0
72.631250	538.3
72.635000	531.9
72.638750	521.7
72.642500	532.7
72.646250	511.2
72.650000	553.6
72.653750	572.1
72.657500	538.0
72.661250	528.1
72.665000	556.8
72.668750	548.0
72.672500	526.9
72.676250	517.9
72.680000	558.3
72.683750	564.8
72.687500	553.3
72.691250	548.0
72.695000	518.5
72.698750	534.9
72.702500	616.5
72.706250	597.0
72.710000	568.9
72.713750	533.5
72.717500	564.3
72.721250	528.2
72.725000	574.9
72.728750	581.5
72.732500	548.7
72.736250	531.9
72.740000	553.2
72.743750	560.4
72.747500	552.9
72.751250	600.0
72.755000	546.2
72.758750	529.4
72.762500	532.8
72.766250	512.5
72.770000	558.4
72.773750	563.9
72.777500	546.5
72.781250	516.9
72.785000	543.8
72.788750	563.7
72.792500	573.7
72.796250	557.0
72.800000	525.6
72.803750	548.2
72.807500	569.9
72.811250	530.9
72.815000	548.8
72.818750	556.2
72.822500	563.5
72.826250	542.6
72.830000	558.4
72.833750	562.7
72.837500	541.6
72.841250	540.0
72.845000	550.0
72.848750	517.1
72.852500	552.2
72.856250	549.3
72.860000	559.1
72.863750	541.4
72.867500	569.6
72.871250	593.3
72.875000	517.8
72.878750	529.4
72.882500	523.1
72.886250	547.4
72.890000	490.4
72.893750	554.2
72.897500	550.3
72.901250	564.8
72.905000	575.4
72.908750	553.3
72.912500	520.1
72.916250	519.2
72.920000	527.9
72.923750	543.5
72.927500	517.8
72.931250	562.5
72.935000	522.8
72.938750	551.5
72.942500	582.0
72.946250	567.2
72.950000	539.6
72.953750	566.5
72.957500	531.8
72.961250	551.7
72.965000	542.5
72.968750	576.1
72.972500	544.8
72.976250	548.8
72.980000	535.5
72.983750	521.1
72.987500	544.7
72.991250	566.6
72.995000	578.4
72.998750	545.5
73.002500	551.4
73.006250	535.4
73.010000	534.3
73.013750	535.8
73.017500	568.0
73.021250	554.9
73.025000	509.3
73.028750	546.6
73.032500	578.0
73.036250	534.8
73.040000	548.3
73.043750	525.5
73.047500	569.3
73.051250	563.3
73.055000	532.8
73.058750	576.2
73.062500	506.3
73.066250	552.2
73.070000	550.3
73.073750	559.2
73.077500	552.3
73.081250	538.9
73.085000	563.2
73.088750	519.1
73.092500	547.5
73.096250	591.0
73.100000	540.5
73.103750	570.6
73.107500	566.0
73.111250	535.1
73.115000	556.5
73.118750	545.5
73.122500	520.8
73.126250	556.7
73.130000	572.2
73.133750	582.2
73.137500	576.1
73.141250	555.1
73.145000	583.1
73.148750	502.6
73.152500	576.9
73.156250	578.8
73.160000	533.4
73.163750	543.6
73.167500	575.3
73.171250	572.1
73.175000	534.2
73.178750	523.9
73.182500	516.0
73.186250	576.0
73.190000	565.2
73.193750	577.2
73.197500	554.4
73.201250	534.1
73.205000	556.1
73.208750	579.7
73.212500	575.8
73.216250	514.8
73.220000	516.7
73.223750	571.9
73.227500	549.5
73.231250	503.3
73.235000	537.8
73.238750	553.0
73.242500	592.6
73.246250	587.2
73.250000	557.0
73.253750	566.2
73.257500	565.2
73.261250	520.0
73.265000	565.3
73.268750	563.6
73.272500	573.4
73.276250	535.0
73.280000	540.1
73.283750	564.5
73.287500	581.3
73.291250	593.8
73.295000	575.8
73.298750	535.8
73.302500	561.9
73.306250	577.0
73.310000	599.6
73.313750	518.5
73.317500	567.6
73.321250	597.3
73.325000	580.2
73.328750	580.7
73.332500	559.6
73.336250	564.2
73.340000	611.9
73.343750	554.6
73.347500	542.7
73.351250	567.9
73.355000	610.7
73.358750	566.7
73.362500	571.9
73.366250	557.3
73.370000	566.3
73.373750	519.2
73.377500	549.7
73.381250	596.8
73.385000	593.6
73.388750	548.8
73.392500	548.9
73.396250	547.2
73.400000	592.0
73.403750	574.5
73.407500	525.9
73.411250	594.0
73.415000	567.7
73.418750	558.6
73.422500	574.5
73.426250	570.9
73.430000	557.8
73.433750	583.0
73.437500	581.7
73.441250	577.0
73.445000	561.8
73.448750	552.8
73.452500	561.3
73.456250	556.8
73.460000	575.3
73.463750	567.4
73.467500	570.1
73.471250	536.9
73.475000	548.8
73.478750	582.2
73.482500	578.8
73.486250	540.0
73.490000	533.6
73.493750	580.8
73.497500	567.0
73.501250	576.7
73.505000	548.2
73.508750	617.6
73.512500	618.2
73.516250	585.0
73.520000	558.6
73.523750	568.8
73.527500	560.5
73.531250	526.5
73.535000	544.6
73.538750	578.5
73.542500	542.1
73.546250	541.0
73.550000	523.3
73.553750	563.3
73.557500	573.1
73.561250	609.9
73.565000	567.8
73.568750	571.2
73.572500	557.8
73.576250	569.4
73.580000	539.9
73.583750	553.0
73.587500	576.9
73.591250	599.6
73.595000	584.0
73.598750	573.1
73.602500	542.6
73.606250	562.9
73.610000	539.9
73.613750	525.0
73.617500	546.1
73.621250	560.0
73.625000	572.5
73.628750	574.4
73.632500	548.1
73.636250	557.6
73.640000	549.3
73.643750	568.9
73.647500	514.9
73.651250	539.9
73.655000	569.9
73.658750	575.8
73.662500	569.6
73.666250	554.4
73.670000	554.7
73.673750	551.9
73.677500	548.5
73.681250	537.4
73.685000	569.8
73.688750	541.3
73.692500	560.0
73.696250	566.3
73.700000	587.3
73.703750	589.1
73.707500	552.3
73.711250	552.0
73.715000	556.6
73.718750	559.0
73.722500	550.9
73.726250	574.7
73.730000	552.8
73.733750	573.9
73.737500	587.5
73.741250	539.0
73.745000	552.1
73.748750	520.6
73.752500	560.8
73.756250	565.7
73.760000	557.0
73.763750	574.1
73.767500	549.0
73.771250	516.2
73.775000	520.4
73.778750	563.6
73.782500	566.1
73.786250	512.4
73.790000	559.9
73.793750	532.3
73.797500	528.5
73.801250	555.9
73.805000	556.2
73.808750	555.5
73.812500	530.5
73.816250	533.5
73.820000	557.2
73.823750	534.3
73.827500	554.3
73.831250	556.5
73.835000	558.3
73.838750	551.5
73.842500	539.0
73.846250	544.6
73.850000	527.8
73.853750	492.2
73.857500	543.9
73.861250	530.7
73.865000	533.6
73.868750	549.8
73.872500	561.5
73.876250	521.4
73.880000	538.6
73.883750	555.2
73.887500	537.1
73.891250	575.9
73.895000	567.2
73.898750	571.4
73.902500	562.0
73.906250	505.4
73.910000	509.1
73.913750	574.5
73.917500	566.8
73.921250	524.1
73.925000	551.2
73.928750	554.0
73.932500	530.7
73.936250	551.4
73.940000	550.4
73.943750	596.2
73.947500	613.8
73.951250	561.5
73.955000	555.5
73.958750	583.8
73.962500	551.5
73.966250	518.4
73.970000	526.9
73.973750	550.9
73.977500	565.0
73.981250	548.9
73.985000	564.7
73.988750	588.4
73.992500	590.8
73.996250	564.5
74.000000	595.4
74.003750	600.6
74.007500	551.7
74.011250	542.8
74.015000	566.1
74.018750	565.3
74.022500	611.9
74.026250	608.1
74.030000	576.5
74.033750	585.3
74.037500	596.9
74.041250	605.4
74.045000	606.5
74.048750	553.8
74.052500	564.6
74.056250	559.7
74.060000	559.3
74.063750	578.5
74.067500	587.0
74.071250	596.3
74.075000	523.5
74.078750	587.4
74.082500	578.9
74.086250	545.8
74.090000	599.8
74.093750	581.4
74.097500	571.2
74.101250	588.1
74.105000	544.1
74.108750	532.8
74.112500	553.0
74.116250	551.7
74.120000	568.6
74.123750	536.3
74.127500	560.3
74.131250	570.3
74.135000	571.8
74.138750	554.1
74.142500	543.6
74.146250	599.7
74.150000	512.4
74.153750	554.8
74.157500	579.9
74.161250	596.3
74.165000	562.4
74.168750	549.4
74.172500	540.4
74.176250	573.6
74.180000	614.3
74.183750	588.8
74.187500	560.2
74.191250	555.9
74.195000	561.5
74.198750	528.1
74.202500	567.7
74.206250	541.6
74.210000	575.2
74.213750	530.1
74.217500	542.5
74.221250	555.4
74.225000	558.8
74.228750	518.9
74.232500	541.5
74.236250	592.5
74.240000	601.8
74.243750	542.6
74.247500	607.7
74.251250	539.1
74.255000	539.7
74.258750	527.0
74.262500	551.7
74.266250	533.1
74.270000	544.9
74.273750	571.8
74.277500	542.6
74.281250	523.6
74.285000	535.6
74.288750	586.6
74.292500	517.9
74.296250	548.4
74.300000	567.6
74.303750	563.7
74.307500	565.1
74.311250	511.5
74.315000	506.3
74.318750	546.1
74.322500	537.5
74.326250	563.1
74.330000	593.8
74.333750	541.4
74.337500	547.7
74.341250	568.5
74.345000	552.2
74.348750	594.3
74.352500	554.2
74.356250	541.6
74.360000	560.0
74.363750	533.0
74.367500	509.1
74.371250	564.2
74.375000	542.5
74.378750	570.4
74.382500	587.2
74.386250	548.8
74.390000	548.0
74.393750	551.6
74.397500	562.1
74.401250	572.2
74.405000	546.4
74.408750	513.9
74.412500	530.9
74.416250	548.4
74.420000	552.1
74.423750	581.8
74.427500	577.7
74.431250	548.2
74.435000	573.7
74.438750	567.6
74.442500	534.9
74.446250	529.9
74.450000	556.6
74.453750	584.8
74.457500	578.0
74.461250	565.8
74.465000	527.9
74.468750	547.3
74.472500	520.5
74.476250	584.1
74.480000	567.4
74.483750	527.7
74.487500	553.1
74.491250	538.2
74.495000	557.1
74.498750	546.7
74.502500	548.1
74.506250	579.1
74.510000	558.5
74.513750	560.0
74.517500	527.6
74.521250	540.8
74.525000	561.7
74.528750	530.7
74.532500	534.3
74.536250	504.5
74.540000	517.1
74.543750	548.7
74.547500	542.3
74.551250	543.4
74.555000	556.6
74.558750	546.2
74.562500	540.7
74.566250	562.9
74.570000	529.7
74.573750	531.2
74.577500	535.8
74.581250	541.7
74.585000	556.0
74.588750	544.6
74.592500	576.0
74.596250	481.1
74.600000	559.3
74.603750	541.9
74.607500	528.6
74.611250	543.6
74.615000	518.7
74.618750	529.2
74.622500	524.1
74.626250	566.1
74.630000	516.2
74.633750	557.2
74.637500	561.1
74.641250	524.5
74.645000	536.3
74.648750	553.2
74.652500	548.0
74.656250	528.1
74.660000	531.6
74.663750	520.1
74.667500	542.8
74.671250	502.7
74.675000	554.2
74.678750	553.7
74.682500	545.4
74.686250	562.3
74.690000	577.9
74.693750	507.2
74.697500	521.0
74.701250	547.8
74.705000	554.4
74.708750	539.6
74.712500	550.1
74.716250	530.2
74.720000	538.8
74.723750	529.5
74.727500	557.9
74.731250	534.0
74.735000	550.2
74.738750	575.9
74.742500	507.7
74.746250	539.4
74.750000	519.8
74.753750	512.6
74.757500	526.1
74.761250	586.1
74.765000	558.2
74.768750	560.1
74.772500	547.8
74.776250	563.3
74.780000	537.5
74.783750	556.7
74.787500	538.9
74.791250	506.9
74.795000	528.0
74.798750	561.1
74.802500	551.8
74.806250	529.5
74.810000	517.7
74.813750	528.6
74.817500	515.1
74.821250	547.7
74.825000	536.4
74.828750	542.3
74.832500	472.1
74.836250	508.2
74.840000	527.0
74.843750	526.9
74.847500	520.5
74.851250	540.6
74.855000	527.5
74.858750	555.8
74.862500	571.2
74.866250	538.4
74.870000	527.3
74.873750	497.3
74.877500	547.1
74.881250	554.4
74.885000	549.3
74.888750	569.6
74.892500	537.8
74.896250	573.6
74.900000	515.2
74.903750	508.8
74.907500	569.5
74.911250	548.5
74.915000	531.9
74.918750	526.1
74.922500	504.6
74.926250	512.3
74.930000	583.4
74.933750	557.1
74.937500	546.8
74.941250	544.7
74.945000	537.0
74.948750	571.3
74.952500	554.0
74.956250	557.1
74.960000	561.9
74.963750	551.9
74.967500	534.2
74.971250	575.0
74.975000	561.5
74.978750	599.4
74.982500	545.2
74.986250	505.4
74.990000	539.9
74.993750	508.0
74.997500	546.6
75.001250	537.4
75.005000	490.1
75.008750	544.9
75.012500	549.8
75.016250	525.5
75.020000	525.3
75.023750	542.9
75.027500	569.2
75.031250	542.4
75.035000	520.2
75.038750	520.7
75.042500	535.0
75.046250	546.1
75.050000	609.1
75.053750	533.9
75.057500	541.6
75.061250	537.1
75.065000	536.8
75.068750	527.8
75.072500	519.9
75.076250	557.1
75.080000	532.0
75.083750	546.4
75.087500	543.9
75.091250	527.5
75.095000	554.0
75.098750	528.0
75.102500	551.7
75.106250	566.7
75.110000	574.2
75.113750	543.1
75.117500	525.2
75.121250	545.1
75.125000	520.2
75.128750	545.3
75.132500	545.3
75.136250	572.8
75.140000	552.9
75.143750	553.6
75.147500	501.2
75.151250	539.4
75.155000	585.6
75.158750	576.7
75.162500	546.7
75.166250	528.9
75.170000	560.6
75.173750	502.2
75.177500	575.4
75.181250	557.7
75.185000	554.3
75.188750	551.5
75.192500	537.3
75.196250	571.2
75.200000	564.2
75.203750	561.0
75.207500	563.8
75.211250	566.1
75.215000	605.6
75.218750	539.9
75.222500	576.4
75.226250	569.7
75.230000	530.2
75.233750	556.5
75.237500	606.2
75.241250	597.3
75.245000	584.3
75.248750	593.0
75.252500	596.9
75.256250	623.6
75.260000	585.9
75.263750	619.6
75.267500	644.0
75.271250	655.0
75.275000	658.3
75.278750	690.9
75.282500	709.3
75.286250	718.9
75.290000	731.1
75.293750	783.5
75.297500	793.2
75.301250	847.2
75.305000	872.6
75.308750	855.9
75.312500	865.9
75.316250	851.4
75.320000	889.3
75.323750	889.6
75.327500	889.5
75.331250	855.2
75.335000	855.3
75.338750	852.8
75.342500	828.6
75.346250	852.6
75.350000	853.6
75.353750	758.3
75.357500	749.4
75.361250	701.7
75.365000	692.4
75.368750	661.3
75.372500	661.3
75.376250	637.0
75.380000	673.0
75.383750	630.3
75.387500	580.4
75.391250	620.8
75.395000	599.2
75.398750	544.0
75.402500	559.9
75.406250	583.1
75.410000	575.2
75.413750	565.8
75.417500	522.0
75.421250	562.3
75.425000	547.6
75.428750	534.5
75.432500	558.7
75.436250	541.3
75.440000	572.9
75.443750	533.7
75.447500	527.4
75.451250	585.3
75.455000	564.0
75.458750	540.6
75.462500	587.7
75.466250	531.5
75.470000	522.9
75.473750	523.9
75.477500	520.8
75.481250	574.1
75.485000	534.2
75.488750	532.2
75.492500	540.9
75.496250	545.2
75.500000	546.2
75.503750	514.9
75.507500	522.3
75.511250	512.9
75.515000	536.9
75.518750	554.5
75.522500	500.9
75.526250	512.5
75.530000	520.8
75.533750	517.5
75.537500	571.1
75.541250	536.9
75.545000	542.6
75.548750	543.6
75.552500	596.5
75.556250	528.2
75.560000	524.3
75.563750	552.6
75.567500	543.1
75.571250	620.2
75.575000	577.1
75.578750	513.5
75.582500	491.0
75.586250	529.8
75.590000	491.2
75.593750	526.9
75.597500	508.0
75.601250	537.2
75.605000	592.7
75.608750	511.4
75.612500	463.3
75.616250	545.9
75.620000	515.1
75.623750	528.2
75.627500	560.4
75.631250	486.4
75.635000	580.1
75.638750	572.0
75.642500	492.5
75.646250	594.0
75.650000	544.5
75.653750	535.5
75.657500	535.8
75.661250	555.1
75.665000	514.9
75.668750	544.3
75.672500	531.4
75.676250	523.4
75.680000	580.9
75.683750	550.3
75.687500	535.6
75.691250	564.1
75.695000	516.2
75.698750	568.2
75.702500	510.6
75.706250	555.9
75.710000	502.5
75.713750	497.4
75.717500	522.2
75.721250	563.8
75.725000	506.7
75.728750	512.5
75.732500	529.3
75.736250	542.6
75.740000	519.2
75.743750	536.7
75.747500	562.9
75.751250	545.2
75.755000	514.4
75.758750	524.2
75.762500	531.0
75.766250	547.9
75.770000	548.9
75.773750	531.8
75.777500	497.6
75.781250	559.0
75.785000	503.6
75.788750	528.8
75.792500	550.0
75.796250	561.8
75.800000	516.9
75.803750	538.4
75.807500	585.4
75.811250	554.9
75.815000	488.5
75.818750	547.0
75.822500	534.6
75.826250	558.8
75.830000	540.4
75.833750	528.3
75.837500	513.6
75.841250	481.0
75.845000	521.5
75.848750	509.3
75.852500	556.1
75.856250	544.6
75.860000	551.5
75.863750	534.3
75.867500	569.2
75.871250	564.2
75.875000	520.5
75.878750	564.4
75.882500	511.3
75.886250	572.9
75.890000	542.9
75.893750	579.6
75.897500	555.1
75.901250	525.3
75.905000	551.8
75.908750	564.4
75.912500	571.3
75.916250	544.8
75.920000	522.4
75.923750	594.7
75.927500	589.6
75.931250	551.3
75.935000	540.6
75.938750	532.2
75.942500	516.5
75.946250	559.2
75.950000	485.8
75.953750	528.9
75.957500	537.0
75.961250	519.9
75.965000	544.2
75.968750	565.5
75.972500	534.5
75.976250	522.0
75.980000	525.7
75.983750	500.7
75.987500	523.9
75.991250	501.2
75.995000	600.9
75.998750	523.8
76.002500	550.7
76.006250	515.7
76.010000	522.1
76.013750	548.1
76.017500	556.7
76.021250	541.0
76.025000	531.0
76.028750	571.9
76.032500	570.6
76.036250	484.2
76.040000	582.5
76.043750	515.6
76.047500	517.9
76.051250	616.4
76.055000	540.4
76.058750	469.9
76.062500	519.2
76.066250	520.5
76.070000	569.3
76.073750	487.3
76.077500	543.9
76.081250	602.9
76.085000	528.5
76.088750	526.1
76.092500	486.3
76.096250	531.2
76.100000	534.6
76.103750	510.7
76.107500	526.2
76.111250	541.7
76.115000	521.4
76.118750	512.7
76.122500	495.8
76.126250	546.3
76.130000	533.7
76.133750	544.9
76.137500	572.2
76.141250	580.0
76.145000	511.9
76.148750	526.2
76.152500	532.1
76.156250	535.5
76.160000	622.0
76.163750	556.4
76.167500	504.3
76.171250	475.8
76.175000	464.9
76.178750	504.4
76.182500	547.4
76.186250	527.1
76.190000	526.2
76.193750	540.1
76.197500	503.6
76.201250	545.6
76.205000	526.8
76.208750	533.5
76.212500	511.3
76.216250	536.8
76.220000	507.0
76.223750	517.1
76.227500	536.6
76.231250	499.6
76.235000	521.5
76.238750	500.0
76.242500	484.0
76.246250	530.6
76.250000	512.9
76.253750	551.7
76.257500	543.2
76.261250	520.8
76.265000	521.8
76.268750	529.3
76.272500	516.8
76.276250	553.1
76.280000	511.4
76.283750	556.1
76.287500	546.7
76.291250	516.3
76.295000	531.1
76.298750	509.4
76.302500	555.7
76.306250	548.8
76.310000	573.2
76.313750	551.6
76.317500	568.3
76.321250	528.7
76.325000	520.2
76.328750	538.5
76.332500	568.2
76.336250	578.9
76.340000	561.9
76.343750	564.9
76.347500	560.3
76.351250	513.3
76.355000	525.7
76.358750	571.8
76.362500	528.2
76.366250	527.0
76.370000	542.2
76.373750	522.1
76.377500	472.6
76.381250	514.0
76.385000	523.5
76.388750	547.9
76.392500	501.7
76.396250	513.3
76.400000	547.0
76.403750	557.8
76.407500	539.2
76.411250	545.1
76.415000	507.7
76.418750	547.7
76.422500	553.4
76.426250	565.3
76.430000	522.4
76.433750	544.5
76.437500	546.0
76.441250	534.8
76.445000	554.5
76.448750	500.6
76.452500	508.2
76.456250	512.1
76.460000	538.6
76.463750	522.1
76.467500	565.5
76.471250	592.1
76.475000	540.4
76.478750	528.4
76.482500	538.0
76.486250	518.1
76.490000	528.4
76.493750	527.4
76.497500	515.9
76.501250	550.8
76.505000	523.4
76.508750	520.3
76.512500	571.3
76.516250	522.7
76.520000	476.6
76.523750	511.6
76.527500	533.4
76.531250	551.7
76.535000	485.2
76.538750	502.0
76.542500	505.9
76.546250	533.8
76.550000	549.0
76.553750	526.0
76.557500	499.5
76.561250	518.6
76.565000	543.5
76.568750	519.1
76.572500	539.8
76.576250	504.3
76.580000	544.4
76.583750	528.5
76.587500	544.3
76.591250	537.2
76.595000	528.5
76.598750	518.4
76.602500	547.2
76.606250	526.5
76.610000	535.1
76.613750	549.5
76.617500	546.3
76.621250	526.2
76.625000	494.4
76.628750	509.6
76.632500	492.7
76.636250	502.7
76.640000	498.8
76.643750	509.4
76.647500	552.9
76.651250	549.4
76.655000	518.1
76.658750	536.7
76.662500	530.8
76.666250	544.9
76.670000	514.2
76.673750	529.8
76.677500	530.1
76.681250	517.3
76.685000	568.3
76.688750	555.5
76.692500	551.3
76.696250	540.2
76.700000	515.6
76.703750	516.1
76.707500	572.2
76.711250	550.9
76.715000	544.1
76.718750	521.2
76.722500	525.4
76.726250	565.5
76.730000	593.5
76.733750	525.0
76.737500	487.0
76.741250	551.0
76.745000	558.8
76.748750	499.2
76.752500	538.5
76.756250	551.8
76.760000	548.8
76.763750	543.9
76.767500	561.6
76.771250	587.1
76.775000	512.0
76.778750	568.3
76.782500	467.2
76.786250	507.2
76.790000	508.4
76.793750	525.0
76.797500	537.0
76.801250	503.8
76.805000	531.3
76.808750	526.0
76.812500	550.0
76.816250	516.1
76.820000	515.0
76.823750	535.6
76.827500	559.9
76.831250	507.8
76.835000	522.0
76.838750	529.5
76.842500	533.7
76.846250	492.9
76.850000	507.5
76.853750	512.3
76.857500	546.2
76.861250	476.9
76.865000	538.9
76.868750	535.9
76.872500	517.2
76.876250	510.3
76.880000	510.9
76.883750	493.8
76.887500	540.4
76.891250	512.3
76.895000	512.1
76.898750	495.4
76.902500	486.9
76.906250	508.3
76.910000	558.0
76.913750	511.5
76.917500	462.2
76.921250	520.4
76.925000	504.8
76.928750	491.2
76.932500	506.7
76.936250	511.0
76.940000	510.3
76.943750	504.1
76.947500	520.9
76.951250	541.8
76.955000	521.3
76.958750	566.6
76.962500	526.4
76.966250	509.5
76.970000	526.0
76.973750	528.6
76.977500	549.8
76.981250	508.1
76.985000	517.7
76.988750	474.5
76.992500	520.7
76.996250	518.1
77.000000	490.4
77.003750	507.1
77.007500	507.9
77.011250	540.0
77.015000	497.2
77.018750	527.3
77.022500	550.1
77.026250	541.1
77.030000	526.8
77.033750	564.9
77.037500	481.6
77.041250	508.1
77.045000	575.2
77.048750	540.4
77.052500	467.8
77.056250	542.2
77.060000	553.4
77.063750	518.6
77.067500	503.8
77.071250	510.9
77.075000	554.2
77.078750	516.6
77.082500	532.1
77.086250	523.3
77.090000	484.7
77.093750	529.2
77.097500	552.9
77.101250	498.6
77.105000	536.1
77.108750	534.9
77.112500	536.7
77.116250	510.1
77.120000	551.4
77.123750	502.0
77.127500	507.2
77.131250	543.6
77.135000	541.2
77.138750	501.0
77.142500	559.7
77.146250	523.0
77.150000	513.9
77.153750	559.5
77.157500	544.0
77.161250	552.3
77.165000	498.6
77.168750	551.6
77.172500	528.9
77.176250	521.5
77.180000	566.1
77.183750	546.1
77.187500	554.1
77.191250	537.4
77.195000	511.9
77.198750	526.7
77.202500	524.3
77.206250	494.0
77.210000	485.6
77.213750	515.3
77.217500	566.4
77.221250	519.7
77.225000	533.5
77.228750	531.9
77.232500	544.4
77.236250	523.0
77.240000	528.3
77.243750	508.1
77.247500	489.6
77.251250	516.0
77.255000	544.6
77.258750	556.7
77.262500	543.0
77.266250	492.5
77.270000	525.9
77.273750	516.2
77.277500	533.6
77.281250	520.8
77.285000	463.1
77.288750	548.2
77.292500	543.2
77.296250	498.5
77.300000	486.7
77.303750	568.1
77.307500	521.6
77.311250	545.2
77.315000	486.5
77.318750	512.1
77.322500	551.8
77.326250	562.4
77.330000	546.1
77.333750	522.5
77.337500	540.4
77.341250	533.7
77.345000	561.8
77.348750	534.6
77.352500	545.2
77.356250	539.4
77.360000	527.0
77.363750	506.9
77.367500	536.3
77.371250	498.3
77.375000	538.6
77.378750	546.5
77.382500	541.6
77.386250	541.4
77.390000	513.0
77.393750	557.8
77.397500	553.6
77.401250	573.9
77.405000	553.1
77.408750	527.1
77.412500	512.5
77.416250	494.0
77.420000	534.9
77.423750	562.0
77.427500	541.1
77.431250	518.9
77.435000	529.2
77.438750	500.6
77.442500	542.5
77.446250	552.8
77.450000	532.4
77.453750	541.1
77.457500	564.7
77.461250	509.5
77.465000	550.2
77.468750	554.3
77.472500	559.2
77.476250	530.4
77.480000	536.8
77.483750	531.4
77.487500	594.9
77.491250	495.7
77.495000	531.6
77.498750	544.4
77.502500	507.2
77.506250	509.7
77.510000	507.3
77.513750	513.1
77.517500	510.2
77.521250	511.6
77.525000	570.2
77.528750	488.7
77.532500	535.8
77.536250	535.7
77.540000	551.9
77.543750	552.3
77.547500	547.2
77.551250	543.3
77.555000	529.0
77.558750	529.7
77.562500	522.4
77.566250	551.6
77.570000	550.3
77.573750	571.0
77.577500	528.8
77.581250	521.5
77.585000	544.8
77.588750	532.8
77.592500	520.5
77.596250	557.4
77.600000	550.3
77.603750	522.4
77.607500	540.1
77.611250	495.4
77.615000	558.9
77.618750	496.6
77.622500	509.7
77.626250	528.6
77.630000	542.0
77.633750	534.3
77.637500	545.3
77.641250	555.2
77.645000	539.7
77.648750	516.8
77.652500	533.5
77.656250	529.6
77.660000	533.2
77.663750	538.0
77.667500	533.7
77.671250	513.7
77.675000	512.2
77.678750	541.3
77.682500	576.2
77.686250	564.5
77.690000	512.2
77.693750	532.4
77.697500	585.3
77.701250	534.8
77.705000	509.7
77.708750	523.5
77.712500	518.1
77.716250	553.5
77.720000	543.0
77.723750	516.1
77.727500	555.0
77.731250	514.8
77.735000	556.6
77.738750	583.2
77.742500	516.0
77.746250	524.6
77.750000	511.8
77.753750	530.8
77.757500	527.2
77.761250	550.1
77.765000	512.0
77.768750	523.8
77.772500	550.7
77.776250	529.6
77.780000	517.0
77.783750	560.1
77.787500	518.6
77.791250	517.9
77.795000	498.5
77.798750	538.8
77.802500	558.9
77.806250	535.3
77.810000	524.6
77.813750	523.6
77.817500	513.0
77.821250	554.7
77.825000	526.8
77.828750	501.8
77.832500	512.8
77.836250	551.2
77.840000	593.5
77.843750	528.2
77.847500	546.3
77.851250	525.8
77.855000	540.4
77.858750	547.9
77.862500	499.1
77.866250	546.3
77.870000	519.0
77.873750	474.5
77.877500	509.8
77.881250	524.2
77.885000	518.8
77.888750	545.2
77.892500	561.0
77.896250	547.3
77.900000	531.2
77.903750	564.4
77.907500	572.5
77.911250	530.3
77.915000	523.2
77.918750	543.3
77.922500	503.1
77.926250	514.4
77.930000	511.2
77.933750	523.0
77.937500	538.2
77.941250	502.8
77.945000	521.4
77.948750	563.5
77.952500	577.8
77.956250	496.7
77.960000	498.9
77.963750	546.5
77.967500	557.8
77.971250	531.3
77.975000	538.8
77.978750	553.0
77.982500	556.5
77.986250	550.8
77.990000	564.3
77.993750	550.5
77.997500	549.1
78.001250	544.2
78.005000	547.6
78.008750	550.8
78.012500	541.8
78.016250	572.2
78.020000	551.9
78.023750	501.0
78.027500	517.4
78.031250	533.2
78.035000	507.5
78.038750	534.7
78.042500	530.4
78.046250	530.9
78.050000	521.1
78.053750	515.6
78.057500	568.6
78.061250	539.8
78.065000	515.4
78.068750	546.5
78.072500	549.3
78.076250	551.4
78.080000	550.8
78.083750	494.9
78.087500	569.0
78.091250	533.4
78.095000	537.0
78.098750	559.0
78.102500	526.2
78.106250	548.9
78.110000	481.9
78.113750	490.5
78.117500	547.4
78.121250	544.3
78.125000	511.4
78.128750	566.1
78.132500	573.5
78.136250	537.5
78.140000	554.2
78.143750	527.4
78.147500	509.2
78.151250	526.7
78.155000	531.4
78.158750	501.8
78.162500	525.5
78.166250	497.8
78.170000	536.9
78.173750	547.0
78.177500	550.5
78.181250	540.2
78.185000	535.1
78.188750	509.6
78.192500	565.8
78.196250	539.4
78.200000	555.7
78.203750	569.4
78.207500	554.6
78.211250	554.8
78.215000	560.8
78.218750	549.8
78.222500	510.5
78.226250	512.5
78.230000	561.6
78.233750	545.3
78.237500	557.5
78.241250	544.0
78.245000	598.3
78.248750	573.6
78.252500	633.2
78.256250	559.8
78.260000	589.2
78.263750	545.3
78.267500	542.3
78.271250	577.8
78.275000	543.9
78.278750	544.6
78.282500	537.7
78.286250	494.8
78.290000	570.4
78.293750	590.2
78.297500	541.6
78.301250	516.5
78.305000	507.3
78.308750	511.3
78.312500	514.1
78.316250	518.4
78.320000	535.6
78.323750	506.0
78.327500	531.9
78.331250	523.1
78.335000	530.4
78.338750	539.2
78.342500	535.1
78.346250	519.4
78.350000	495.6
78.353750	506.1
78.357500	545.2
78.361250	521.0
78.365000	528.1
78.368750	516.7
78.372500	525.2
78.376250	576.3
78.380000	522.8
78.383750	544.3
78.387500	536.8
78.391250	548.0
78.395000	551.1
78.398750	540.2
78.402500	533.4
78.406250	534.9
78.410000	527.6
78.413750	580.1
78.417500	551.0
78.421250	524.7
78.425000	529.6
78.428750	530.5
78.432500	504.0
78.436250	585.8
78.440000	535.4
78.443750	536.1
78.447500	528.1
78.451250	505.2
78.455000	525.2
78.458750	529.1
78.462500	533.5
78.466250	561.8
78.470000	531.2
78.473750	504.0
78.477500	533.2
78.481250	544.7
78.485000	517.9
78.488750	551.4
78.492500	514.5
78.496250	504.7
78.500000	538.1
78.503750	566.8
78.507500	532.7
78.511250	526.6
78.515000	554.5
78.518750	538.6
78.522500	515.8
78.526250	527.9
78.530000	549.9
78.533750	551.0
78.537500	497.9
78.541250	522.3
78.545000	534.2
78.548750	515.1
78.552500	516.4
78.556250	504.8
78.560000	511.3
78.563750	540.6
78.567500	540.8
78.571250	526.6
78.575000	513.7
78.578750	539.3
78.582500	496.8
78.586250	500.7
78.590000	526.2
78.593750	523.1
78.597500	558.5
78.601250	543.2
78.605000	542.9
78.608750	540.8
78.612500	554.9
78.616250	535.9
78.620000	574.7
78.623750	498.1
78.627500	513.0
78.631250	523.0
78.635000	544.8
78.638750	543.2
78.642500	551.3
78.646250	537.3
78.650000	522.0
78.653750	508.5
78.657500	507.0
78.661250	517.7
78.665000	557.6
78.668750	548.0
78.672500	514.3
78.676250	519.2
78.680000	529.3
78.683750	548.2
78.687500	516.2
78.691250	562.4
78.695000	532.3
78.698750	560.4
78.702500	479.3
78.706250	544.9
78.710000	545.2
78.713750	512.3
78.717500	533.1
78.721250	502.1
78.725000	559.8
78.728750	507.6
78.732500	499.6
78.736250	557.7
78.740000	539.8
78.743750	563.2
78.747500	530.4
78.751250	564.4
78.755000	549.8
78.758750	515.8
78.762500	543.9
78.766250	559.4
78.770000	536.6
78.773750	497.5
78.777500	520.3
78.781250	509.6
78.785000	504.5
78.788750	530.7
78.792500	516.3
78.796250	558.9
78.800000	550.6
78.803750	532.1
78.807500	500.0
78.811250	545.9
78.815000	485.0
78.818750	517.2
78.822500	525.9
78.826250	539.0
78.830000	542.9
78.833750	550.5
78.837500	519.0
78.841250	561.0
78.845000	528.3
78.848750	497.7
78.852500	528.7
78.856250	536.7
78.860000	515.4
78.863750	537.0
78.867500	524.3
78.871250	561.1
78.875000	520.9
78.878750	508.8
78.882500	508.4
78.886250	525.7
78.890000	527.5
78.893750	538.7
78.897500	570.1
78.901250	522.9
78.905000	483.5
78.908750	536.4
78.912500	568.1
78.916250	541.3
78.920000	576.2
78.923750	508.8
78.927500	540.6
78.931250	552.7
78.935000	524.3
78.938750	529.8
78.942500	531.6
78.946250	517.6
78.950000	524.3
78.953750	560.2
78.957500	543.9
78.961250	568.1
78.965000	526.5
78.968750	524.3
78.972500	488.7
78.976250	504.9
78.980000	498.5
78.983750	516.2
78.987500	527.4
78.991250	503.6
78.995000	520.7
78.998750	508.4
79.002500	534.9
79.006250	505.5
79.010000	516.1
79.013750	548.1
79.017500	540.3
79.021250	528.6
79.025000	517.2
79.028750	515.2
79.032500	543.6
79.036250	553.8
79.040000	514.1
79.043750	499.9
79.047500	525.9
79.051250	550.6
79.055000	506.3
79.058750	546.5
79.062500	521.1
79.066250	540.6
79.070000	566.6
79.073750	549.3
79.077500	529.0
79.081250	497.6
79.085000	523.6
79.088750	526.8
79.092500	514.2
79.096250	523.7
79.100000	489.2
79.103750	523.7
79.107500	519.8
79.111250	495.7
79.115000	500.8
79.118750	542.7
79.122500	557.8
79.126250	567.0
79.130000	529.6
79.133750	475.0
79.137500	518.2
79.141250	535.2
79.145000	533.6
79.148750	502.1
79.152500	536.9
79.156250	501.2
79.160000	516.1
79.163750	513.9
79.167500	540.1
79.171250	544.4
79.175000	540.8
79.178750	530.3
79.182500	495.1
79.186250	512.5
79.190000	501.0
79.193750	555.2
79.197500	516.5
79.201250	526.8
79.205000	514.3
79.208750	517.8
79.212500	518.9
79.216250	533.0
79.220000	561.9
79.223750	570.4
79.227500	534.4
79.231250	507.9
79.235000	538.6
79.238750	515.0
79.242500	550.5
79.246250	537.3
79.250000	506.1
79.253750	556.8
79.257500	556.3
79.261250	507.4
79.265000	544.6
79.268750	577.5
79.272500	539.1
79.276250	520.8
79.280000	482.9
79.283750	506.8
79.287500	495.1
79.291250	495.1
79.295000	526.7
79.298750	495.1
79.302500	514.6
79.306250	503.0
79.310000	523.4
79.313750	565.5
79.317500	525.6
79.321250	505.2
79.325000	532.6
79.328750	517.0
79.332500	511.7
79.336250	568.0
79.340000	552.2
79.343750	526.0
79.347500	532.2
79.351250	561.2
79.355000	536.3
79.358750	546.7
79.362500	539.9
79.366250	485.0
79.370000	508.0
79.373750	557.6
79.377500	498.0
79.381250	534.8
79.385000	533.7
79.388750	515.7
79.392500	537.1
79.396250	525.5
79.400000	515.0
79.403750	536.8
79.407500	506.2
79.411250	552.0
79.415000	544.1
79.418750	505.2
79.422500	521.3
79.426250	524.3
79.430000	549.5
79.433750	526.5
79.437500	496.3
79.441250	514.4
79.445000	534.9
79.448750	543.1
79.452500	525.3
79.456250	487.7
79.460000	553.2
79.463750	549.9
79.467500	504.6
79.471250	538.7
79.475000	541.6
79.478750	557.6
79.482500	557.4
79.486250	529.3
79.490000	522.3
79.493750	531.8
79.497500	544.6
79.501250	520.6
79.505000	538.0
79.508750	552.5
79.512500	537.7
79.516250	529.0
79.520000	538.6
79.523750	523.7
79.527500	529.3
79.531250	530.9
79.535000	535.9
79.538750	540.5
79.542500	515.7
79.546250	558.0
79.550000	575.8
79.553750	522.7
79.557500	540.4
79.561250	545.1
79.565000	540.0
79.568750	509.5
79.572500	531.4
79.576250	518.7
79.580000	511.9
79.583750	506.1
79.587500	531.3
79.591250	506.3
79.595000	531.9
79.598750	519.5
79.602500	537.4
79.606250	543.8
79.610000	503.2
79.613750	535.2
79.617500	527.6
79.621250	496.9
79.625000	573.5
79.628750	513.0
79.632500	535.4
79.636250	555.2
79.640000	532.6
79.643750	555.8
79.647500	556.0
79.651250	545.9
79.655000	562.7
79.658750	553.9
79.662500	511.3
79.666250	534.9
79.670000	551.7
79.673750	527.0
79.677500	559.1
79.681250	491.0
79.685000	506.7
79.688750	555.5
79.692500	514.7
79.696250	513.6
79.700000	525.1
79.703750	545.7
79.707500	528.5
79.711250	500.4
79.715000	507.0
79.718750	537.1
79.722500	526.3
79.726250	514.3
79.730000	529.9
79.733750	507.8
79.737500	505.8
79.741250	497.9
79.745000	503.3
79.748750	485.5
79.752500	497.6
79.756250	551.1
79.760000	578.7
79.763750	553.2
79.767500	562.2
79.771250	550.2
79.775000	516.8
79.778750	514.7
79.782500	518.1
79.786250	522.1
79.790000	521.3
79.793750	537.6
79.797500	516.4
79.801250	525.5
79.805000	524.5
79.808750	524.1
79.812500	495.4
79.816250	535.4
79.820000	550.4
79.823750	500.2
79.827500	552.4
79.831250	529.2
79.835000	538.1
79.838750	528.2
79.842500	539.0
79.846250	503.4
79.850000	511.9
79.853750	508.9
79.857500	489.6
79.861250	530.0
79.865000	502.0
79.868750	510.6
79.872500	569.9
79.876250	518.1
79.880000	511.4
79.883750	538.5
79.887500	558.6
79.891250	524.4
79.895000	550.4
79.898750	508.9
79.902500	526.8
79.906250	528.3
79.910000	494.3
79.913750	545.9
79.917500	531.3
79.921250	523.0
79.925000	548.7
79.928750	533.7
79.932500	564.0
79.936250	531.7
79.940000	550.7
79.943750	580.3
79.947500	539.7
79.951250	489.3
79.955000	556.7
79.958750	522.8
79.962500	534.0
79.966250	550.8
79.970000	523.9
79.973750	504.0
79.977500	553.9
79.981250	554.4
79.985000	527.7
79.988750	530.4
79.992500	501.0
79.996250	517.8
80.000000	555.5
