2.000000	432.1
2.003750	443.3
2.007500	451.9
2.011250	416.6
2.015000	405.3
2.018750	409.0
2.022500	434.9
2.026250	429.1
2.030000	426.2
2.033750	450.9
2.037500	457.8
2.041250	438.3
2.045000	403.1
2.048750	433.4
2.052500	446.2
2.056250	477.3
2.060000	466.1
2.063750	443.8
2.067500	454.8
2.071250	434.2
2.075000	450.7
2.078750	466.6
2.082500	474.4
2.086250	464.0
2.090000	464.1
2.093750	420.8
2.097500	463.5
2.101250	531.7
2.105000	496.5
2.108750	455.2
2.112500	478.0
2.116250	455.4
2.120000	480.9
2.123750	471.1
2.127500	464.0
2.131250	471.7
2.135000	487.3
2.138750	499.8
2.142500	465.0
2.146250	473.5
2.150000	503.7
2.153750	490.0
2.157500	493.3
2.161250	476.0
2.165000	498.5
2.168750	524.6
2.172500	484.8
2.176250	501.3
2.180000	491.9
2.183750	480.9
2.187500	545.4
2.191250	542.4
2.195000	494.0
2.198750	491.5
2.202500	511.7
2.206250	508.5
2.210000	472.6
2.213750	483.8
2.217500	534.4
2.221250	515.5
2.225000	547.4
2.228750	529.0
2.232500	484.3
2.236250	447.4
2.240000	503.4
2.243750	545.4
2.247500	544.1
2.251250	524.1
2.255000	490.1
2.258750	528.2
2.262500	545.8
2.266250	517.7
2.270000	509.9
2.273750	498.3
2.277500	549.8
2.281250	588.1
2.285000	536.3
2.288750	523.4
2.292500	536.2
2.296250	575.3
2.300000	526.9
2.303750	548.0
2.307500	572.6
2.311250	545.1
2.315000	604.5
2.318750	568.9
2.322500	553.7
2.326250	584.3
2.330000	591.8
2.333750	554.9
2.337500	613.0
2.341250	559.9
2.345000	568.8
2.348750	597.1
2.352500	616.0
2.356250	638.3
2.360000	618.8
2.363750	639.3
2.367500	659.1
2.371250	660.5
2.375000	588.3
2.378750	604.6
2.382500	689.4
2.386250	615.5
2.390000	624.4
2.393750	637.8
2.397500	664.2
2.401250	658.1
2.405000	697.5
2.408750	651.6
2.412500	705.2
2.416250	720.0
2.420000	707.8
2.423750	717.4
2.427500	707.8
2.431250	770.2
2.435000	713.9
2.438750	721.7
2.442500	740.8
2.446250	742.1
2.450000	780.7
2.453750	781.7
2.457500	780.8
2.461250	808.8
2.465000	800.9
2.468750	827.8
2.472500	784.3
2.476250	793.7
2.480000	812.7
2.483750	877.7
2.487500	859.5
2.491250	875.1
2.495000	868.3
2.498750	835.0
2.502500	871.3
2.506250	879.7
2.510000	902.6
2.513750	927.4
2.517500	905.2
2.521250	918.0
2.525000	970.9
2.528750	935.1
2.532500	956.6
2.536250	985.4
2.540000	1035.9
2.543750	967.0
2.547500	963.8
2.551250	1013.9
2.555000	1056.9
2.558750	993.7
2.562500	991.6
2.566250	1025.3
2.570000	1064.3
2.573750	1047.7
2.577500	1082.4
2.581250	1039.8
2.585000	1024.5
2.588750	1070.9
2.592500	1041.4
2.596250	1092.0
2.600000	1085.6
2.603750	1086.2
2.607500	1028.8
2.611250	1050.2
2.615000	1126.5
2.618750	1039.4
2.622500	1067.3
2.626250	1044.2
2.630000	1030.5
2.633750	992.5
2.637500	1053.6
2.641250	1004.8
2.645000	1010.7
2.648750	1053.4
2.652500	1038.9
2.656250	994.8
2.660000	1068.4
2.663750	1017.7
2.667500	1013.1
2.671250	1015.6
2.675000	993.7
2.678750	1052.5
2.682500	1036.5
2.686250	1010.4
2.690000	1056.9
2.693750	1037.2
2.697500	1056.2
2.701250	1036.1
2.705000	1058.6
2.708750	1015.8
2.712500	1032.0
2.716250	1051.7
2.720000	1043.1
2.723750	1047.6
2.727500	1039.2
2.731250	1047.7
2.735000	1064.1
2.738750	1006.9
2.742500	996.9
2.746250	1033.7
2.750000	1017.5
2.753750	1002.4
2.757500	1012.1
2.761250	1034.4
2.765000	1055.8
2.768750	974.4
2.772500	1097.8
2.776250	1077.9
2.780000	1038.1
2.783750	1082.7
2.787500	1015.3
2.791250	993.6
2.795000	1019.6
2.798750	1009.2
2.802500	1064.0
2.806250	1045.6
2.810000	1016.7
2.813750	1074.2
2.817500	1056.7
2.821250	964.7
2.825000	1085.9
2.828750	1015.7
2.832500	1030.9
2.836250	1014.1
2.840000	1060.0
2.843750	1058.2
2.847500	1052.9
2.851250	1048.6
2.855000	1062.5
2.858750	1092.1
2.862500	1024.3
2.866250	1035.8
2.870000	1024.9
2.873750	1016.6
2.877500	1058.5
2.881250	1082.5
2.885000	1005.6
2.888750	1053.7
2.892500	983.9
2.896250	974.2
2.900000	1047.0
2.903750	1015.5
2.907500	965.6
2.911250	1017.3
2.915000	1053.9
2.918750	972.5
2.922500	1047.7
2.926250	998.1
2.930000	1018.0
2.933750	1041.4
2.937500	1071.4
2.941250	996.9
2.945000	1025.2
2.948750	1039.4
2.952500	1043.0
2.956250	1031.8
2.960000	1053.5
2.963750	986.8
2.967500	983.1
2.971250	1007.4
2.975000	981.3
2.978750	1013.8
2.982500	974.6
2.986250	969.4
2.990000	992.9
2.993750	1037.3
2.997500	1018.4
3.001250	998.8
3.005000	969.6
3.008750	1002.2
3.012500	1008.0
3.016250	1022.4
3.020000	1005.4
3.023750	1071.9
3.027500	1007.1
3.031250	990.7
3.035000	1013.1
3.038750	993.1
3.042500	1041.3
3.046250	1046.6
3.050000	1045.3
3.053750	982.4
3.057500	979.0
3.061250	1047.2
3.065000	1055.3
3.068750	998.0
3.072500	1001.0
3.076250	994.6
3.080000	1001.4
3.083750	1018.6
3.087500	973.1
3.091250	1005.1
3.095000	1016.9
3.098750	1001.6
3.102500	1037.3
3.106250	1035.3
3.110000	1024.4
3.113750	1035.5
3.117500	993.2
3.121250	1010.8
3.125000	1057.8
3.128750	1066.9
3.132500	1042.1
3.136250	1053.0
3.140000	1038.9
3.143750	984.4
3.147500	1034.8
3.151250	1027.2
3.155000	987.1
3.158750	1010.2
3.162500	1020.3
3.166250	938.8
3.170000	972.8
3.173750	1018.0
3.177500	1049.0
3.181250	1044.4
3.185000	1009.0
3.188750	1017.7
3.192500	1020.3
3.196250	984.8
3.200000	988.3
3.203750	1054.3
3.207500	1012.6
3.211250	993.7
3.215000	1020.8
3.218750	1016.8
3.222500	1020.9
3.226250	983.2
3.230000	985.2
3.233750	1020.0
3.237500	1005.0
3.241250	1020.9
3.245000	1004.3
3.248750	1009.4
3.252500	1024.2
3.256250	996.7
3.260000	1001.0
3.263750	995.2
3.267500	1045.5
3.271250	1031.7
3.275000	984.2
3.278750	1016.8
3.282500	1127.3
3.286250	1040.4
3.290000	1001.5
3.293750	1016.8
3.297500	988.3
3.301250	1012.4
3.305000	1069.8
3.308750	1025.5
3.312500	998.9
3.316250	1014.3
3.320000	1043.7
3.323750	1026.8
3.327500	1018.7
3.331250	1048.6
3.335000	979.7
3.338750	987.7
3.342500	1073.0
3.346250	1056.8
3.350000	1029.3
3.353750	1041.5
3.357500	1022.7
3.361250	1010.7
3.365000	973.4
3.368750	996.2
3.372500	1034.9
3.376250	1004.1
3.380000	941.7
3.383750	1023.1
3.387500	1075.0
3.391250	978.3
3.395000	1035.1
3.398750	1034.0
3.402500	1056.0
3.406250	1027.3
3.410000	1010.7
3.413750	1025.2
3.417500	1034.9
3.421250	965.8
3.425000	993.3
3.428750	1032.0
3.432500	1019.3
3.436250	994.7
3.440000	999.8
3.443750	1043.1
3.447500	993.2
3.451250	971.1
3.455000	955.2
3.458750	973.8
3.462500	1060.0
3.466250	1029.0
3.470000	1004.0
3.473750	1036.6
3.477500	1035.5
3.481250	989.4
3.485000	977.4
3.488750	1000.0
3.492500	998.6
3.496250	988.0
3.500000	1008.2
3.503750	1072.8
3.507500	1035.6
3.511250	1026.1
3.515000	1013.2
3.518750	1083.1
3.522500	1068.5
3.526250	1075.7
3.530000	1047.4
3.533750	1021.9
3.537500	1010.5
3.541250	991.1
3.545000	1060.1
3.548750	1057.9
3.552500	1034.8
3.556250	1016.4
3.560000	1003.7
3.563750	1044.9
3.567500	1060.2
3.571250	1047.1
3.575000	994.6
3.578750	993.2
3.582500	1022.2
3.586250	1044.4
3.590000	1016.2
3.593750	962.1
3.597500	956.3
3.601250	1022.1
3.605000	1037.2
3.608750	972.2
3.612500	1011.4
3.616250	1055.8
3.620000	952.6
3.623750	1013.7
3.627500	1048.4
3.631250	1078.8
3.635000	1020.9
3.638750	1039.6
3.642500	1008.0
3.646250	954.6
3.650000	983.6
3.653750	1010.2
3.657500	949.2
3.661250	1085.0
3.665000	1034.8
3.668750	1016.7
3.672500	1035.1
3.676250	1040.3
3.680000	1055.5
3.683750	981.3
3.687500	974.8
3.691250	993.8
3.695000	1012.7
3.698750	1017.8
3.702500	1028.1
3.706250	1046.9
3.710000	1010.1
3.713750	1028.4
3.717500	1050.5
3.721250	1068.8
3.725000	1017.8
3.728750	1041.9
3.732500	1023.5
3.736250	1031.4
3.740000	1012.8
3.743750	1087.2
3.747500	983.8
3.751250	994.1
3.755000	1030.0
3.758750	974.9
3.762500	984.0
3.766250	1007.8
3.770000	1019.8
3.773750	1071.3
3.777500	1032.3
3.781250	1033.0
3.785000	1021.7
3.788750	1000.6
3.792500	1028.5
3.796250	1063.5
3.800000	1005.0
3.803750	1017.5
3.807500	971.9
3.811250	1018.7
3.815000	951.0
3.818750	998.4
3.822500	1016.4
3.826250	1082.3
3.830000	993.1
3.833750	1056.7
3.837500	1080.2
3.841250	982.9
3.845000	957.8
3.848750	1003.7
3.852500	998.4
3.856250	965.3
3.860000	1023.5
3.863750	1040.8
3.867500	1014.2
3.871250	1006.6
3.875000	1021.6
3.878750	975.2
3.882500	1048.0
3.886250	969.3
3.890000	990.8
3.893750	1000.6
3.897500	979.0
3.901250	992.7
3.905000	1057.8
3.908750	1009.2
3.912500	1001.4
3.916250	990.3
3.920000	1046.5
3.923750	1017.1
3.927500	1009.8
3.931250	1018.3
3.935000	995.8
3.938750	1033.1
3.942500	992.3
3.946250	1045.4
3.950000	1075.0
3.953750	989.4
3.957500	1004.7
3.961250	1049.3
3.965000	1007.3
3.968750	1028.0
3.972500	1094.5
3.976250	1021.6
3.980000	1050.6
3.983750	989.7
3.987500	964.0
3.991250	1030.2
3.995000	1002.7
3.998750	1036.9
4.002500	1021.3
4.006250	993.5
4.010000	1009.6
4.013750	1020.9
4.017500	973.0
4.021250	1057.5
4.025000	1057.0
4.028750	1023.7
4.032500	1004.3
4.036250	933.3
4.040000	1066.0
4.043750	1023.2
4.047500	1007.3
4.051250	1024.3
4.055000	975.9
4.058750	1048.9
4.062500	1035.4
4.066250	1004.7
4.070000	1070.2
4.073750	1067.6
4.077500	1033.8
4.081250	990.6
4.085000	979.1
4.088750	977.5
4.092500	1003.7
4.096250	992.9
4.100000	988.6
4.103750	1024.4
4.107500	1021.8
4.111250	1043.7
4.115000	1036.6
4.118750	1024.2
4.122500	1037.0
4.126250	1043.6
4.130000	1035.4
4.133750	1018.9
4.137500	1059.5
4.141250	1009.3
4.145000	1040.9
4.148750	1033.4
4.152500	1031.0
4.156250	1070.9
4.160000	1098.5
4.163750	1013.2
4.167500	1010.3
4.171250	1051.3
4.175000	1025.8
4.178750	1049.6
4.182500	1072.4
4.186250	991.0
4.190000	971.4
4.193750	1041.1
4.197500	1083.4
4.201250	1007.8
4.205000	1128.4
4.208750	1048.7
4.212500	1025.3
4.216250	1011.4
4.220000	1012.7
4.223750	1048.9
4.227500	1023.4
4.231250	1042.3
4.235000	1036.3
4.238750	1045.3
4.242500	1033.1
4.246250	1050.4
4.250000	1028.6
4.253750	1012.0
4.257500	1067.3
4.261250	1019.7
4.265000	965.0
4.268750	990.6
4.272500	1019.7
4.276250	1055.8
4.280000	1065.3
4.283750	995.1
4.287500	1015.5
4.291250	1056.5
4.295000	1050.3
4.298750	1034.9
4.302500	998.9
4.306250	1052.0
4.310000	1046.3
4.313750	1028.0
4.317500	1044.5
4.321250	1107.6
4.325000	1079.8
4.328750	979.0
4.332500	1030.5
4.336250	1022.7
4.340000	1020.1
4.343750	1025.4
4.347500	1081.5
4.351250	1020.3
4.355000	1037.0
4.358750	1073.6
4.362500	1037.0
4.366250	1072.7
4.370000	1002.2
4.373750	992.4
4.377500	1016.7
4.381250	1031.6
4.385000	1020.3
4.388750	1072.9
4.392500	1064.5
4.396250	1061.5
4.400000	995.3
4.403750	1000.3
4.407500	1061.0
4.411250	1022.5
4.415000	1045.4
4.418750	1003.3
4.422500	989.8
4.426250	1093.0
4.430000	1024.9
4.433750	1056.0
4.437500	1063.7
4.441250	1003.0
4.445000	1007.8
4.448750	1045.2
4.452500	990.7
4.456250	1036.7
4.460000	992.1
4.463750	967.4
4.467500	996.4
4.471250	1054.3
4.475000	1041.9
4.478750	977.4
4.482500	1075.9
4.486250	1021.6
4.490000	1007.4
4.493750	1024.4
4.497500	1017.8
4.501250	1037.5
4.505000	1099.2
4.508750	989.6
4.512500	1063.0
4.516250	1004.6
4.520000	1005.1
4.523750	1011.9
4.527500	1005.3
4.531250	1055.1
4.535000	1029.8
4.538750	1031.5
4.542500	1043.1
4.546250	1037.2
4.550000	1065.1
4.553750	1092.4
4.557500	1017.8
4.561250	1021.4
4.565000	1055.4
4.568750	1043.2
4.572500	1015.8
4.576250	1061.9
4.580000	1043.1
4.583750	1091.1
4.587500	1070.1
4.591250	1001.2
4.595000	1015.5
4.598750	1011.1
4.602500	998.3
4.606250	1048.8
4.610000	1042.7
4.613750	1045.5
4.617500	1028.8
4.621250	1026.6
4.625000	1005.5
4.628750	1039.1
4.632500	1050.2
4.636250	1013.4
4.640000	1018.1
4.643750	1048.7
4.647500	1025.1
4.651250	1056.4
4.655000	1053.5
4.658750	1036.4
4.662500	1045.8
4.666250	1039.1
4.670000	1018.2
4.673750	1046.5
4.677500	1048.6
4.681250	1086.3
4.685000	1002.1
4.688750	1017.6
4.692500	1004.3
4.696250	1033.9
4.700000	1038.3
4.703750	1042.8
4.707500	1035.7
4.711250	1055.9
4.715000	1030.0
4.718750	1018.9
4.722500	1054.0
4.726250	1079.8
4.730000	1033.4
4.733750	1036.7
4.737500	1067.2
4.741250	1098.6
4.745000	1006.2
4.748750	1078.6
4.752500	1079.7
4.756250	995.2
4.760000	1017.7
4.763750	1030.6
4.767500	970.7
4.771250	1012.4
4.775000	1076.1
4.778750	1047.1
4.782500	1051.7
4.786250	1038.1
4.790000	1074.4
4.793750	1086.3
4.797500	1043.4
4.801250	1048.0
4.805000	1050.6
4.808750	990.5
4.812500	1022.2
4.816250	1030.0
4.820000	1001.7
4.823750	1035.8
4.827500	1062.0
4.831250	1047.9
4.835000	1070.7
4.838750	1013.7
4.842500	1010.8
4.846250	1052.1
4.850000	1017.9
4.853750	1099.1
4.857500	1035.2
4.861250	1027.1
4.865000	1044.2
4.868750	1041.7
4.872500	1049.3
4.876250	1039.0
4.880000	1097.3
4.883750	1033.1
4.887500	1086.0
4.891250	1051.9
4.895000	1049.6
4.898750	1027.4
4.902500	1036.5
4.906250	1048.9
4.910000	1021.9
4.913750	1023.9
4.917500	1035.3
4.921250	1127.8
4.925000	1056.8
4.928750	1007.4
4.932500	997.1
4.936250	1025.0
4.940000	1065.4
4.943750	1093.6
4.947500	1023.4
4.951250	1036.9
4.955000	1042.8
4.958750	1126.6
4.962500	1078.0
4.966250	1050.9
4.970000	1034.4
4.973750	1039.6
4.977500	979.7
4.981250	1108.1
4.985000	1107.9
4.988750	1006.6
4.992500	1021.5
4.996250	996.0
5.000000	1062.7
5.003750	1050.3
5.007500	1035.1
5.011250	1061.0
5.015000	1033.3
5.018750	1080.6
5.022500	1062.8
5.026250	1065.0
5.030000	1030.1
5.033750	1006.4
5.037500	1060.2
5.041250	1032.6
5.045000	1041.3
5.048750	1083.3
5.052500	1020.0
5.056250	1040.4
5.060000	1028.5
5.063750	1084.3
5.067500	1031.1
5.071250	1033.6
5.075000	1024.4
5.078750	1046.2
5.082500	1099.9
5.086250	1082.5
5.090000	1014.6
5.093750	1069.9
5.097500	1063.4
5.101250	1020.0
5.105000	1057.5
5.108750	1064.4
5.112500	997.1
5.116250	1027.5
5.120000	1030.9
5.123750	1076.1
5.127500	1035.3
5.131250	1054.7
5.135000	1107.7
5.138750	1079.4
5.142500	1010.4
5.146250	1056.3
5.150000	1016.9
5.153750	1056.3
5.157500	1075.3
5.161250	1012.4
5.165000	1029.4
5.168750	1066.5
5.172500	1064.4
5.176250	1069.4
5.180000	1070.2
5.183750	1071.6
5.187500	1081.1
5.191250	1063.9
5.195000	1081.7
5.198750	1049.7
5.202500	999.7
5.206250	1029.0
5.210000	1044.0
5.213750	1062.8
5.217500	1043.8
5.221250	1074.2
5.225000	1035.8
5.228750	1021.6
5.232500	1074.6
5.236250	1045.8
5.240000	1037.7
5.243750	1063.4
5.247500	1078.4
5.251250	1014.8
5.255000	1040.2
5.258750	1083.1
5.262500	1047.1
5.266250	1032.9
5.270000	1049.7
5.273750	1061.2
5.277500	1066.2
5.281250	1059.2
5.285000	1035.7
5.288750	1014.0
5.292500	1029.5
5.296250	1022.2
5.300000	1045.8
5.303750	1039.4
5.307500	1013.7
5.311250	997.1
5.315000	1039.6
5.318750	1076.9
5.322500	1061.9
5.326250	1070.6
5.330000	1033.7
5.333750	1070.1
5.337500	1070.9
5.341250	1012.5
5.345000	1056.1
5.348750	1090.7
5.352500	1057.9
5.356250	1030.0
5.360000	1049.7
5.363750	1046.4
5.367500	1054.4
5.371250	1069.2
5.375000	1037.5
5.378750	1033.3
5.382500	1035.3
5.386250	1047.9
5.390000	1075.8
5.393750	1056.8
5.397500	1027.3
5.401250	1050.1
5.405000	1022.3
5.408750	1077.4
5.412500	1105.6
5.416250	1075.2
5.420000	1032.9
5.423750	1046.3
5.427500	1049.7
5.431250	1032.0
5.435000	1071.9
5.438750	1050.6
5.442500	1108.7
5.446250	1081.7
5.450000	1058.1
5.453750	1016.2
5.457500	1107.6
5.461250	1060.0
5.465000	1043.5
5.468750	1108.0
5.472500	1039.4
5.476250	1079.5
5.480000	1017.4
5.483750	1089.2
5.487500	1018.2
5.491250	1055.0
5.495000	1030.7
5.498750	1091.1
5.502500	1145.5
5.506250	1042.1
5.510000	1007.0
5.513750	1061.4
5.517500	1079.5
5.521250	1071.1
5.525000	1111.2
5.528750	1094.6
5.532500	1090.2
5.536250	1005.3
5.540000	1020.2
5.543750	1225.6
5.547500	1104.0
5.551250	1110.6
5.555000	1062.6
5.558750	1072.4
5.562500	1176.5
5.566250	1022.0
5.570000	1100.5
5.573750	1084.1
5.577500	1036.6
5.581250	1004.6
5.585000	1018.6
5.588750	1064.8
5.592500	1081.6
5.596250	1012.7
5.600000	1046.7
5.603750	1026.1
5.607500	1067.7
5.611250	1083.9
5.615000	1057.9
5.618750	1036.0
5.622500	1091.1
5.626250	1104.5
5.630000	1037.3
5.633750	1091.9
5.637500	1027.3
5.641250	911.3
5.645000	1028.3
5.648750	1092.9
5.652500	1039.3
5.656250	1140.4
5.660000	1029.7
5.663750	1100.1
5.667500	1072.2
5.671250	1123.8
5.675000	1093.1
5.678750	1033.8
5.682500	1046.7
5.686250	1176.3
5.690000	1150.8
5.693750	1152.3
5.697500	1158.7
5.701250	1171.4
5.705000	1156.8
5.708750	1177.3
5.712500	1134.9
5.716250	1155.0
5.720000	1138.6
5.723750	1115.4
5.727500	1086.3
5.731250	1123.2
5.735000	1164.7
5.738750	1082.5
5.742500	1059.5
5.746250	1095.8
5.750000	1026.8
5.753750	1045.3
5.757500	1066.7
5.761250	1097.7
5.765000	1012.3
5.768750	1109.3
5.772500	1087.9
5.776250	1054.1
5.780000	1066.8
5.783750	1034.3
5.787500	1052.3
5.791250	1115.3
5.795000	1011.6
5.798750	1158.8
5.802500	1152.9
5.806250	1073.8
5.810000	1115.3
5.813750	1042.2
5.817500	1020.9
5.821250	1024.4
5.825000	1031.6
5.828750	1037.5
5.832500	1046.9
5.836250	1110.5
5.840000	1138.7
5.843750	1084.7
5.847500	1073.6
5.851250	1046.4
5.855000	1096.0
5.858750	1056.2
5.862500	1041.5
5.866250	1009.2
5.870000	1016.5
5.873750	1087.8
5.877500	1052.5
5.881250	1044.6
5.885000	1078.7
5.888750	1056.3
5.892500	1084.0
5.896250	1025.5
5.900000	1104.4
5.903750	1108.3
5.907500	1001.8
5.911250	1047.6
5.915000	1012.9
5.918750	1038.1
5.922500	1066.3
5.926250	1051.8
5.930000	1064.6
5.933750	1095.6
5.937500	1044.1
5.941250	1113.0
5.945000	1059.0
5.948750	1011.0
5.952500	1059.9
5.956250	1074.3
5.960000	1050.0
5.963750	1048.8
5.967500	1049.0
5.971250	1050.0
5.975000	1063.8
5.978750	1040.3
5.982500	1008.3
5.986250	1044.7
5.990000	1091.5
5.993750	1082.2
5.997500	1151.6
6.001250	1032.9
6.005000	1052.7
6.008750	1068.2
6.012500	1112.6
6.016250	1097.6
6.020000	1019.7
6.023750	1066.4
6.027500	1065.4
6.031250	1083.3
6.035000	1061.5
6.038750	1049.9
6.042500	1039.0
6.046250	1113.8
6.050000	1123.8
6.053750	1085.1
6.057500	1137.1
6.061250	1092.9
6.065000	1067.1
6.068750	1099.0
6.072500	1034.4
6.076250	1002.7
6.080000	1049.9
6.083750	1093.8
6.087500	1047.5
6.091250	1034.0
6.095000	1052.5
6.098750	1146.6
6.102500	1145.0
6.106250	1053.9
6.110000	1129.5
6.113750	1057.5
6.117500	1040.4
6.121250	1037.0
6.125000	1116.5
6.128750	1057.0
6.132500	992.6
6.136250	1031.0
6.140000	1078.1
6.143750	1025.3
6.147500	967.9
6.151250	1036.8
6.155000	1006.0
6.158750	998.9
6.162500	1075.4
6.166250	1045.3
6.170000	1066.3
6.173750	1145.2
6.177500	1025.0
6.181250	1019.1
6.185000	1026.1
6.188750	1038.0
6.192500	1107.5
6.196250	1075.6
6.200000	1114.7
6.203750	1086.7
6.207500	1112.6
6.211250	1055.7
6.215000	1116.0
6.218750	1094.3
6.222500	1027.0
6.226250	1041.0
6.230000	1085.5
6.233750	1045.0
6.237500	1069.4
6.241250	1071.2
6.245000	1080.8
6.248750	1116.2
6.252500	1046.2
6.256250	1028.8
6.260000	1087.0
6.263750	1043.5
6.267500	1037.0
6.271250	1001.5
6.275000	1032.8
6.278750	1043.9
6.282500	1065.1
6.286250	1080.9
6.290000	1044.9
6.293750	1032.8
6.297500	1041.3
6.301250	1080.9
6.305000	1087.9
6.308750	1037.3
6.312500	1040.9
6.316250	1082.0
6.320000	1094.5
6.323750	1073.4
6.327500	1055.9
6.331250	1091.7
6.335000	1022.0
6.338750	1072.4
6.342500	1089.4
6.346250	1084.4
6.350000	1063.3
6.353750	1068.0
6.357500	1084.6
6.361250	1049.1
6.365000	1090.4
6.368750	1075.0
6.372500	1013.2
6.376250	989.8
6.380000	1093.6
6.383750	1037.2
6.387500	1036.8
6.391250	1103.3
6.395000	1141.5
6.398750	1073.9
6.402500	1058.4
6.406250	1059.2
6.410000	1063.1
6.413750	1035.2
6.417500	1071.0
6.421250	1092.2
6.425000	1053.7
6.428750	1061.0
6.432500	1050.2
6.436250	1036.5
6.440000	1062.0
6.443750	1119.9
6.447500	1074.5
6.451250	1018.2
6.455000	1084.2
6.458750	1053.9
6.462500	1035.5
6.466250	1031.1
6.470000	1073.7
6.473750	1047.7
6.477500	1102.9
6.481250	1108.4
6.485000	1063.0
6.488750	1105.4
6.492500	1047.2
6.496250	1040.0
6.500000	1037.0
6.503750	1096.3
6.507500	1115.4
6.511250	1071.0
6.515000	1082.3
6.518750	1055.2
6.522500	1098.6
6.526250	1109.9
6.530000	1119.8
6.533750	1043.9
6.537500	1047.0
6.541250	1091.8
6.545000	1064.3
6.548750	1073.7
6.552500	1102.4
6.556250	1019.2
6.560000	1039.5
6.563750	1060.3
6.567500	1063.7
6.571250	1079.3
6.575000	1129.6
6.578750	1097.8
6.582500	1079.0
6.586250	1053.6
6.590000	1084.6
6.593750	1073.7
6.597500	1086.9
6.601250	1089.2
6.605000	1023.3
6.608750	1055.3
6.612500	1145.0
6.616250	1072.0
6.620000	1055.7
6.623750	1013.6
6.627500	1064.8
6.631250	1041.6
6.635000	1053.7
6.638750	1111.3
6.642500	1044.6
6.646250	1092.7
6.650000	1045.5
6.653750	1038.4
6.657500	1115.7
6.661250	1053.7
6.665000	1085.7
6.668750	1058.1
6.672500	1090.8
6.676250	1089.6
6.680000	1083.4
6.683750	1082.6
6.687500	1080.2
6.691250	1094.5
6.695000	1104.9
6.698750	1049.4
6.702500	1077.8
6.706250	1087.3
6.710000	1128.5
6.713750	1120.6
6.717500	1092.9
6.721250	1077.7
6.725000	1064.3
6.728750	1146.1
6.732500	1068.7
6.736250	1073.1
6.740000	1116.9
6.743750	1136.9
6.747500	1056.8
6.751250	1054.2
6.755000	1136.2
6.758750	1132.0
6.762500	1114.2
6.766250	1071.0
6.770000	1114.6
6.773750	1097.0
6.777500	1006.8
6.781250	1104.0
6.785000	1109.1
6.788750	1056.1
6.792500	1073.0
6.796250	1076.2
6.800000	1103.6
6.803750	1115.9
6.807500	1092.7
6.811250	1125.9
6.815000	1073.5
6.818750	1075.6
6.822500	1109.7
6.826250	1095.2
6.830000	1072.5
6.833750	1102.0
6.837500	1104.7
6.841250	1116.5
6.845000	1097.3
6.848750	1026.8
6.852500	1043.9
6.856250	1074.1
6.860000	1120.3
6.863750	1076.8
6.867500	1127.0
6.871250	1090.5
6.875000	1119.7
6.878750	1038.4
6.882500	1074.6
6.886250	1021.2
6.890000	1094.1
6.893750	1072.6
6.897500	1032.8
6.901250	1125.5
6.905000	1165.6
6.908750	1051.2
6.912500	1099.7
6.916250	1068.7
6.920000	1065.2
6.923750	1061.2
6.927500	1081.0
6.931250	1073.5
6.935000	1071.1
6.938750	1098.4
6.942500	1072.6
6.946250	1086.0
6.950000	1093.0
6.953750	1073.5
6.957500	1099.8
6.961250	1049.8
6.965000	1123.9
6.968750	1105.8
6.972500	1071.5
6.976250	994.0
6.980000	1063.6
6.983750	1065.1
6.987500	1079.4
6.991250	1043.0
6.995000	1063.5
6.998750	1050.9
7.002500	1023.7
7.006250	1138.0
7.010000	1083.8
7.013750	1087.5
7.017500	1091.3
7.021250	1065.1
7.025000	1103.7
7.028750	1107.7
7.032500	1105.2
7.036250	1079.1
7.040000	1069.5
7.043750	1034.5
7.047500	1039.1
7.051250	1037.6
7.055000	1054.5
7.058750	1072.9
7.062500	1110.4
7.066250	1081.1
7.070000	1115.0
7.073750	1091.8
7.077500	1069.7
7.081250	1026.8
7.085000	1093.3
7.088750	1066.2
7.092500	1044.4
7.096250	1057.3
7.100000	1052.4
7.103750	1104.8
7.107500	1077.8
7.111250	1069.0
7.115000	1113.2
7.118750	1086.9
7.122500	1133.3
7.126250	1114.1
7.130000	1073.9
7.133750	1038.7
7.137500	1109.1
7.141250	1081.9
7.145000	1087.9
7.148750	1101.2
7.152500	1100.7
7.156250	1078.8
7.160000	1044.2
7.163750	1075.1
7.167500	1072.4
7.171250	1129.6
7.175000	1064.6
7.178750	1071.7
7.182500	1135.1
7.186250	1156.6
7.190000	1095.6
7.193750	1139.4
7.197500	1096.4
7.201250	1096.6
7.205000	1100.4
7.208750	1122.4
7.212500	1092.5
7.216250	1042.7
7.220000	1100.7
7.223750	1028.8
7.227500	1073.9
7.231250	1110.7
7.235000	1084.1
7.238750	1147.9
7.242500	1069.6
7.246250	1096.1
7.250000	1060.8
7.253750	1064.8
7.257500	1101.7
7.261250	1033.8
7.265000	1126.9
7.268750	1080.9
7.272500	1098.9
7.276250	1102.6
7.280000	1137.9
7.283750	1083.5
7.287500	1071.7
7.291250	1098.7
7.295000	1104.1
7.298750	1104.5
7.302500	1131.3
7.306250	1086.7
7.310000	1149.4
7.313750	1086.5
7.317500	1117.8
7.321250	1107.1
7.325000	1117.6
7.328750	1094.8
7.332500	1119.5
7.336250	1135.3
7.340000	1135.8
7.343750	1060.3
7.347500	1100.6
7.351250	1125.5
7.355000	1135.0
7.358750	1101.1
7.362500	1103.8
7.366250	1078.1
7.370000	1083.4
7.373750	1150.6
7.377500	1141.7
7.381250	1113.8
7.385000	1107.0
7.388750	1100.1
7.392500	1100.2
7.396250	1115.7
7.400000	1102.0
7.403750	1102.1
7.407500	1088.1
7.411250	1073.2
7.415000	1108.7
7.418750	1074.8
7.422500	1049.3
7.426250	1052.3
7.430000	1078.5
7.433750	1056.9
7.437500	1070.1
7.441250	1098.3
7.445000	1158.8
7.448750	1193.6
7.452500	1136.5
7.456250	1097.9
7.460000	1111.3
7.463750	1042.0
7.467500	1083.3
7.471250	1113.3
7.475000	1035.6
7.478750	1100.3
7.482500	1098.0
7.486250	1166.9
7.490000	1144.7
7.493750	1104.6
7.497500	1100.5
7.501250	1102.8
7.505000	1065.4
7.508750	1104.6
7.512500	1119.5
7.516250	1100.0
7.520000	1120.9
7.523750	1082.0
7.527500	1072.7
7.531250	1117.2
7.535000	1078.1
7.538750	1118.8
7.542500	1077.7
7.546250	1045.8
7.550000	1092.4
7.553750	1053.0
7.557500	1140.0
7.561250	1148.5
7.565000	1151.4
7.568750	1119.4
7.572500	1092.9
7.576250	1108.1
7.580000	1115.4
7.583750	1123.5
7.587500	1168.1
7.591250	1172.2
7.595000	1105.6
7.598750	1144.7
7.602500	1150.8
7.606250	1076.5
7.610000	1107.2
7.613750	1182.8
7.617500	1193.2
7.621250	1102.6
7.625000	1135.9
7.628750	1134.0
7.632500	1164.8
7.636250	1124.8
7.640000	1087.9
7.643750	1115.6
7.647500	1146.0
7.651250	1128.4
7.655000	1121.9
7.658750	1149.7
7.662500	1136.1
7.666250	1082.8
7.670000	1102.5
7.673750	1164.9
7.677500	1236.1
7.681250	1172.4
7.685000	1188.2
7.688750	1192.3
7.692500	1173.6
7.696250	1154.1
7.700000	1187.6
7.703750	1149.5
7.707500	1144.9
7.711250	1194.5
7.715000	1171.8
7.718750	1184.4
7.722500	1210.6
7.726250	1232.5
7.730000	1219.5
7.733750	1154.5
7.737500	1137.1
7.741250	1210.8
7.745000	1224.9
7.748750	1185.6
7.752500	1261.8
7.756250	1267.2
7.760000	1243.9
7.763750	1273.3
7.767500	1257.7
7.771250	1258.0
7.775000	1260.2
7.778750	1241.3
7.782500	1266.0
7.786250	1249.1
7.790000	1252.9
7.793750	1341.3
7.797500	1283.3
7.801250	1296.6
7.805000	1332.2
7.808750	1281.9
7.812500	1297.5
7.816250	1250.6
7.820000	1284.0
7.823750	1377.8
7.827500	1261.4
7.831250	1332.3
7.835000	1337.9
7.838750	1289.8
7.842500	1350.3
7.846250	1415.6
7.850000	1336.0
7.853750	1375.2
7.857500	1416.1
7.861250	1465.4
7.865000	1487.6
7.868750	1441.1
7.872500	1521.3
7.876250	1522.1
7.880000	1550.9
7.883750	1547.9
7.887500	1505.2
7.891250	1505.6
7.895000	1601.7
7.898750	1591.3
7.902500	1615.6
7.906250	1660.6
7.910000	1744.2
7.913750	1828.2
7.917500	1876.6
7.921250	1893.7
7.925000	1878.5
7.928750	1962.9
7.932500	2109.0
7.936250	2135.0
7.940000	2227.8
7.943750	2295.8
7.947500	2404.9
7.951250	2473.2
7.955000	2612.1
7.958750	2815.8
7.962500	2959.9
7.966250	3219.6
7.970000	3499.3
7.973750	3748.0
7.977500	4089.6
7.981250	4464.5
7.985000	5008.4
7.988750	5844.0
7.992500	6302.4
7.996250	7336.8
8.000000	8290.7
8.003750	9634.8
8.007500	10652.3
8.011250	11699.8
8.015000	12636.4
8.018750	13136.2
8.022500	12712.5
8.026250	12262.0
8.030000	11116.9
8.033750	9768.1
8.037500	8489.3
8.041250	7509.9
8.045000	6400.0
8.048750	5714.3
8.052500	4961.8
8.056250	4495.7
8.060000	3929.6
8.063750	3628.3
8.067500	3224.1
8.071250	2998.6
8.075000	2711.7
8.078750	2538.4
8.082500	2380.1
8.086250	2296.1
8.090000	2099.4
8.093750	2025.1
8.097500	1993.5
8.101250	1892.7
8.105000	1870.9
8.108750	1763.8
8.112500	1705.2
8.116250	1583.8
8.120000	1583.0
8.123750	1649.3
8.127500	1534.7
8.131250	1524.7
8.135000	1567.8
8.138750	1484.6
8.142500	1423.7
8.146250	1457.5
8.150000	1430.8
8.153750	1423.7
8.157500	1444.8
8.161250	1428.8
8.165000	1391.7
8.168750	1306.8
8.172500	1374.1
8.176250	1336.4
8.180000	1311.1
8.183750	1288.4
8.187500	1304.4
8.191250	1255.3
8.195000	1296.0
8.198750	1296.3
8.202500	1287.0
8.206250	1224.6
8.210000	1291.9
8.213750	1253.8
8.217500	1208.5
8.221250	1217.1
8.225000	1194.5
8.228750	1174.7
8.232500	1260.2
8.236250	1277.6
8.240000	1141.0
8.243750	1143.1
8.247500	1156.7
8.251250	1195.0
8.255000	1191.2
8.258750	1255.0
8.262500	1152.2
8.266250	1190.4
8.270000	1133.1
8.273750	1138.9
8.277500	1196.1
8.281250	1117.6
8.285000	1122.0
8.288750	1131.9
8.292500	1149.0
8.296250	1115.6
8.300000	1126.5
8.303750	1188.4
8.307500	1191.8
8.311250	1171.1
8.315000	1113.0
8.318750	1108.2
8.322500	1076.4
8.326250	1144.2
8.330000	1113.1
8.333750	1141.1
8.337500	1125.8
8.341250	1160.2
8.345000	1122.4
8.348750	1115.6
8.352500	1101.5
8.356250	1207.6
8.360000	1116.4
8.363750	1126.8
8.367500	1100.0
8.371250	1083.5
8.375000	1125.5
8.378750	1115.6
8.382500	1137.6
8.386250	1162.8
8.390000	1140.0
8.393750	1133.0
8.397500	1069.4
8.401250	1100.6
8.405000	1121.4
8.408750	1136.1
8.412500	1031.6
8.416250	1108.8
8.420000	1089.3
8.423750	1168.3
8.427500	1080.9
8.431250	1107.1
8.435000	1130.7
8.438750	1134.0
8.442500	1084.8
8.446250	1084.3
8.450000	1093.3
8.453750	1136.4
8.457500	1074.1
8.461250	1107.5
8.465000	1150.8
8.468750	1064.0
8.472500	1071.5
8.476250	1094.0
8.480000	1058.9
8.483750	1093.3
8.487500	1094.9
8.491250	1092.3
8.495000	1104.7
8.498750	1131.9
8.502500	1087.9
8.506250	1100.5
8.510000	1122.9
8.513750	1146.2
8.517500	1092.9
8.521250	1076.3
8.525000	1099.8
8.528750	1120.6
8.532500	1088.8
8.536250	1061.4
8.540000	1145.1
8.543750	1124.2
8.547500	1050.2
8.551250	1071.6
8.555000	1081.1
8.558750	1118.4
8.562500	1073.6
8.566250	1020.2
8.570000	1054.7
8.573750	1069.1
8.577500	1074.7
8.581250	1133.3
8.585000	1060.0
8.588750	1060.6
8.592500	1041.8
8.596250	1097.0
8.600000	1083.4
8.603750	1078.8
8.607500	1133.2
8.611250	1063.4
8.615000	1083.5
8.618750	1124.2
8.622500	1153.2
8.626250	1075.6
8.630000	1083.7
8.633750	1103.7
8.637500	1082.8
8.641250	1109.9
8.645000	1072.1
8.648750	1038.1
8.652500	1081.6
8.656250	1147.3
8.660000	1084.2
8.663750	1108.8
8.667500	1146.2
8.671250	1078.8
8.675000	1136.0
8.678750	1099.7
8.682500	1066.9
8.686250	1072.6
8.690000	1102.5
8.693750	1126.2
8.697500	1030.8
8.701250	1069.5
8.705000	1099.2
8.708750	1079.5
8.712500	1059.4
8.716250	1101.0
8.720000	1103.4
8.723750	1094.0
8.727500	1130.2
8.731250	1085.9
8.735000	1032.0
8.738750	1027.7
8.742500	1097.3
8.746250	1114.0
8.750000	1056.0
8.753750	1076.9
8.757500	1095.8
8.761250	1028.2
8.765000	996.1
8.768750	1090.0
8.772500	1093.7
8.776250	1109.2
8.780000	1083.7
8.783750	1074.4
8.787500	1076.2
8.791250	1141.2
8.795000	1080.8
8.798750	1125.3
8.802500	1130.5
8.806250	1043.1
8.810000	1087.5
8.813750	1056.4
8.817500	1034.5
8.821250	1100.6
8.825000	1062.8
8.828750	1067.0
8.832500	1160.0
8.836250	1123.2
8.840000	1088.3
8.843750	1075.7
8.847500	1022.0
8.851250	1060.1
8.855000	1069.7
8.858750	1028.9
8.862500	1040.6
8.866250	1059.0
8.870000	1094.3
8.873750	1060.7
8.877500	1057.4
8.881250	1078.2
8.885000	1105.1
8.888750	1101.1
8.892500	1076.3
8.896250	1069.7
8.900000	1087.6
8.903750	1029.1
8.907500	1100.0
8.911250	1102.1
8.915000	1049.8
8.918750	1084.7
8.922500	1098.6
8.926250	1094.1
8.930000	1082.3
8.933750	1056.9
8.937500	1042.0
8.941250	1073.2
8.945000	1106.1
8.948750	1125.7
8.952500	1105.6
8.956250	1091.6
8.960000	1106.6
8.963750	1095.3
8.967500	1052.8
8.971250	1074.1
8.975000	1065.7
8.978750	1019.7
8.982500	1041.1
8.986250	1082.4
8.990000	1050.0
8.993750	1075.1
8.997500	1103.7
9.001250	1074.2
9.005000	1049.8
9.008750	1081.8
9.012500	1099.3
9.016250	1099.1
9.020000	1051.4
9.023750	1002.0
9.027500	1064.0
9.031250	1097.4
9.035000	1121.9
9.038750	1060.5
9.042500	1163.4
9.046250	1174.1
9.050000	1111.6
9.053750	1113.4
9.057500	1078.6
9.061250	1140.0
9.065000	1087.6
9.068750	1074.6
9.072500	1096.2
9.076250	1072.0
9.080000	1102.5
9.083750	1104.9
9.087500	1076.5
9.091250	1053.7
9.095000	1130.0
9.098750	1063.9
9.102500	1091.6
9.106250	1061.7
9.110000	1081.7
9.113750	1093.8
9.117500	1098.4
9.121250	1042.8
9.125000	1053.8
9.128750	1120.5
9.132500	1116.8
9.136250	1084.8
9.140000	1146.1
9.143750	1078.7
9.147500	1105.1
9.151250	1053.1
9.155000	1133.5
9.158750	1070.2
9.162500	1101.4
9.166250	1062.6
9.170000	1038.8
9.173750	1123.9
9.177500	1131.7
9.181250	1122.8
9.185000	1101.6
9.188750	1061.7
9.192500	1066.1
9.196250	1090.7
9.200000	1124.4
9.203750	1105.8
9.207500	1090.8
9.211250	1146.9
9.215000	1095.8
9.218750	1108.5
9.222500	1108.4
9.226250	1092.1
9.230000	1076.4
9.233750	1152.2
9.237500	1082.8
9.241250	1096.7
9.245000	1089.1
9.248750	1071.4
9.252500	1076.8
9.256250	1140.0
9.260000	1066.3
9.263750	1104.2
9.267500	1071.8
9.271250	1060.9
9.275000	1118.4
9.278750	1083.1
9.282500	1049.2
9.286250	1110.1
9.290000	1096.9
9.293750	1034.0
9.297500	1106.9
9.301250	1079.1
9.305000	995.1
9.308750	1068.2
9.312500	1117.0
9.316250	1108.0
9.320000	1062.9
9.323750	1056.6
9.327500	1136.8
9.331250	1083.4
9.335000	1070.4
9.338750	1065.2
9.342500	1070.7
9.346250	1048.9
9.350000	1025.2
9.353750	1083.4
9.357500	1126.5
9.361250	1133.0
9.365000	1091.0
9.368750	1093.3
9.372500	1097.4
9.376250	1071.5
9.380000	1013.1
9.383750	1078.2
9.387500	1081.6
9.391250	1101.3
9.395000	1131.6
9.398750	1128.5
9.402500	1062.0
9.406250	1080.3
9.410000	1112.9
9.413750	1130.3
9.417500	1044.7
9.421250	1044.9
9.425000	1040.3
9.428750	1071.3
9.432500	1065.7
9.436250	1071.8
9.440000	1083.6
9.443750	1101.7
9.447500	1068.4
9.451250	1093.0
9.455000	1107.1
9.458750	1119.0
9.462500	1118.7
9.466250	1029.1
9.470000	1089.1
9.473750	1110.6
9.477500	1067.5
9.481250	1061.8
9.485000	1109.9
9.488750	1104.6
9.492500	1116.9
9.496250	1141.6
9.500000	1081.0
9.503750	1039.0
9.507500	1065.4
9.511250	1078.7
9.515000	1049.6
9.518750	1060.7
9.522500	1072.4
9.526250	1091.9
9.530000	1113.4
9.533750	1101.4
9.537500	1141.6
9.541250	1089.0
9.545000	1068.7
9.548750	1081.5
9.552500	1099.1
9.556250	1091.1
9.560000	1111.2
9.563750	1126.0
9.567500	1109.5
9.571250	1106.4
9.575000	1003.1
9.578750	1102.7
9.582500	1099.7
9.586250	1166.8
9.590000	1101.8
9.593750	1046.6
9.597500	1119.9
9.601250	1061.7
9.605000	1074.5
9.608750	1103.1
9.612500	1117.4
9.616250	1085.2
9.620000	1108.4
9.623750	1050.5
9.627500	1104.2
9.631250	1077.7
9.635000	1122.5
9.638750	1149.6
9.642500	1139.7
9.646250	1183.9
9.650000	1015.5
9.653750	1045.2
9.657500	1119.9
9.661250	1090.6
9.665000	1139.2
9.668750	1077.6
9.672500	1173.4
9.676250	1185.5
9.680000	1132.0
9.683750	1131.4
9.687500	1107.1
9.691250	1092.6
9.695000	1093.8
9.698750	1102.7
9.702500	1105.1
9.706250	1100.8
9.710000	1094.8
9.713750	1106.6
9.717500	1113.6
9.721250	1076.0
9.725000	1077.6
9.728750	1081.6
9.732500	1096.9
9.736250	1160.9
9.740000	1133.8
9.743750	1116.8
9.747500	1072.1
9.751250	1117.0
9.755000	1109.3
9.758750	1143.8
9.762500	1121.9
9.766250	1105.7
9.770000	1089.4
9.773750	1094.6
9.777500	1158.1
9.781250	1043.6
9.785000	1110.7
9.788750	1118.0
9.792500	1104.5
9.796250	1060.1
9.800000	1078.3
9.803750	1075.9
9.807500	1090.7
9.811250	1035.6
9.815000	1094.8
9.818750	1079.2
9.822500	1101.8
9.826250	1078.3
9.830000	1123.9
9.833750	1138.5
9.837500	1125.3
9.841250	1141.6
9.845000	1047.3
9.848750	1153.9
9.852500	1117.6
9.856250	1053.4
9.860000	1100.9
9.863750	1072.3
9.867500	1130.0
9.871250	1140.7
9.875000	1140.1
9.878750	1113.7
9.882500	1145.6
9.886250	1103.1
9.890000	1066.4
9.893750	1135.1
9.897500	1078.3
9.901250	1094.0
9.905000	1115.8
9.908750	1131.2
9.912500	1146.0
9.916250	1083.0
9.920000	1096.3
9.923750	1085.1
9.927500	1088.2
9.931250	1159.9
9.935000	1104.0
9.938750	1128.6
9.942500	1132.7
9.946250	1073.1
9.950000	1048.2
9.953750	1172.8
9.957500	1140.5
9.961250	1055.2
9.965000	1109.7
9.968750	1085.0
9.972500	1124.6
9.976250	1118.6
9.980000	1120.8
9.983750	1109.7
9.987500	1132.9
9.991250	1146.1
9.995000	1176.3
9.998750	1120.7
10.002500	1099.9
10.006250	1160.9
10.010000	1123.3
10.013750	1136.4
10.017500	1150.7
10.021250	1144.5
10.025000	1207.0
10.028750	1180.9
10.032500	1118.5
10.036250	1172.6
10.040000	1125.1
10.043750	1099.9
10.047500	1191.8
10.051250	1129.0
10.055000	1189.2
10.058750	1186.4
10.062500	1150.6
10.066250	1158.6
10.070000	1157.0
10.073750	1190.6
10.077500	1225.8
10.081250	1197.4
10.085000	1210.7
10.088750	1221.2
10.092500	1183.3
10.096250	1201.3
10.100000	1277.9
10.103750	1307.7
10.107500	1293.2
10.111250	1272.3
10.115000	1282.2
10.118750	1324.0
10.122500	1290.2
10.126250	1252.7
10.130000	1232.3
10.133750	1205.0
10.137500	1161.0
10.141250	1204.3
10.145000	1112.6
10.148750	1209.5
10.152500	1162.2
10.156250	1160.0
10.160000	1163.7
10.163750	1127.0
10.167500	1133.7
10.171250	1149.9
10.175000	1113.4
10.178750	1154.7
10.182500	1144.9
10.186250	1147.4
10.190000	1149.8
10.193750	1148.3
10.197500	1132.8
10.201250	1144.9
10.205000	1145.0
10.208750	1138.9
10.212500	1122.7
10.216250	1138.4
10.220000	1134.5
10.223750	1103.5
10.227500	1140.1
10.231250	1159.4
10.235000	1092.5
10.238750	1116.5
10.242500	1076.0
10.246250	1090.1
10.250000	1102.2
10.253750	1112.2
10.257500	1128.3
10.261250	1135.8
10.265000	1091.7
10.268750	1122.6
10.272500	1101.9
10.276250	1118.5
10.280000	1192.9
10.283750	1142.2
10.287500	1116.2
10.291250	1110.6
10.295000	1173.3
10.298750	1155.4
10.302500	1133.4
10.306250	1096.2
10.310000	1156.8
10.313750	1190.5
10.317500	1177.0
10.321250	1188.8
10.325000	1155.8
10.328750	1109.7
10.332500	1131.5
10.336250	1129.6
10.340000	1173.2
10.343750	1119.4
10.347500	1134.0
10.351250	1149.9
10.355000	1166.1
10.358750	1190.4
10.362500	1143.6
10.366250	1141.1
10.370000	1103.5
10.373750	1110.5
10.377500	1116.5
10.381250	1104.0
10.385000	1120.6
10.388750	1147.4
10.392500	1132.3
10.396250	1100.0
10.400000	1127.4
10.403750	1158.7
10.407500	1093.2
10.411250	1140.7
10.415000	1170.4
10.418750	1120.6
10.422500	1141.9
10.426250	1144.4
10.430000	1169.0
10.433750	1165.2
10.437500	1132.6
10.441250	1085.9
10.445000	1087.2
10.448750	1135.3
10.452500	1143.7
10.456250	1057.9
10.460000	1082.4
10.463750	1149.6
10.467500	1131.1
10.471250	1111.7
10.475000	1038.1
10.478750	1107.3
10.482500	1101.4
10.486250	1061.5
10.490000	1099.8
10.493750	1154.4
10.497500	1113.8
10.501250	1122.3
10.505000	1212.2
10.508750	1151.2
10.512500	1060.9
10.516250	1100.2
10.520000	1088.2
10.523750	1179.7
10.527500	1249.0
10.531250	1150.8
10.535000	1150.8
10.538750	1162.2
10.542500	1141.7
10.546250	1170.4
10.550000	1172.6
10.553750	1166.3
10.557500	1171.1
10.561250	1164.9
10.565000	1099.4
10.568750	1153.1
10.572500	1174.8
10.576250	1175.4
10.580000	1151.2
10.583750	1135.1
10.587500	1085.8
10.591250	1120.0
10.595000	1169.8
10.598750	1102.5
10.602500	1125.4
10.606250	1114.3
10.610000	1093.2
10.613750	1179.1
10.617500	1084.9
10.621250	1135.9
10.625000	1250.9
10.628750	1208.4
10.632500	1127.8
10.636250	1122.4
10.640000	1179.2
10.643750	1121.0
10.647500	1146.9
10.651250	1289.9
10.655000	1240.5
10.658750	1075.7
10.662500	1147.4
10.666250	1161.2
10.670000	1191.3
10.673750	1197.2
10.677500	1143.7
10.681250	1181.8
10.685000	1117.5
10.688750	1198.6
10.692500	1209.9
10.696250	1164.0
10.700000	1120.1
10.703750	1236.5
10.707500	1139.5
10.711250	1183.7
10.715000	1201.3
10.718750	1178.8
10.722500	1244.3
10.726250	1128.7
10.730000	1146.9
10.733750	1183.0
10.737500	1186.3
10.741250	1169.1
10.745000	1201.1
10.748750	1135.8
10.752500	1128.8
10.756250	1190.4
10.760000	1214.9
10.763750	1103.8
10.767500	1237.9
10.771250	1191.6
10.775000	1188.1
10.778750	1145.9
10.782500	1182.8
10.786250	1151.1
10.790000	1178.1
10.793750	1221.6
10.797500	1123.1
10.801250	1132.3
10.805000	1183.6
10.808750	1138.9
10.812500	1167.6
10.816250	1142.6
10.820000	1217.6
10.823750	1206.5
10.827500	1218.4
10.831250	1162.4
10.835000	1183.3
10.838750	1205.3
10.842500	1168.7
10.846250	1143.4
10.850000	1098.3
10.853750	1193.4
10.857500	1246.9
10.861250	1226.3
10.865000	1186.9
10.868750	1188.6
10.872500	1176.4
10.876250	1171.1
10.880000	1211.5
10.883750	1216.8
10.887500	1198.9
10.891250	1217.8
10.895000	1165.7
10.898750	1124.0
10.902500	1203.3
10.906250	1168.0
10.910000	1173.5
10.913750	1148.0
10.917500	1228.2
10.921250	1233.5
10.925000	1185.0
10.928750	1136.2
10.932500	1197.7
10.936250	1179.4
10.940000	1187.0
10.943750	1211.7
10.947500	1254.2
10.951250	1186.7
10.955000	1213.6
10.958750	1170.1
10.962500	1163.2
10.966250	1173.4
10.970000	1194.6
10.973750	1215.0
10.977500	1130.0
10.981250	1186.8
10.985000	1174.3
10.988750	1144.1
10.992500	1301.0
10.996250	1231.1
11.000000	1199.5
11.003750	1203.6
11.007500	1229.3
11.011250	1178.8
11.015000	1163.7
11.018750	1202.6
11.022500	1238.6
11.026250	1229.3
11.030000	1237.9
11.033750	1231.0
11.037500	1172.7
11.041250	1136.5
11.045000	1084.7
11.048750	1186.4
11.052500	1169.4
11.056250	1264.6
11.060000	1281.9
11.063750	1158.1
11.067500	1176.2
11.071250	1212.4
11.075000	1223.0
11.078750	1135.9
11.082500	1177.5
11.086250	1219.0
11.090000	1265.1
11.093750	1181.6
11.097500	1186.9
11.101250	1289.6
11.105000	1170.4
11.108750	1224.1
11.112500	1275.9
11.116250	1263.3
11.120000	1220.9
11.123750	1154.9
11.127500	1143.0
11.131250	1291.1
11.135000	1308.6
11.138750	1219.2
11.142500	1232.2
11.146250	1284.9
11.150000	1261.0
11.153750	1289.4
11.157500	1212.5
11.161250	1267.6
11.165000	1202.0
11.168750	1126.5
11.172500	1218.3
11.176250	1208.5
11.180000	1214.4
11.183750	1261.1
11.187500	1192.3
11.191250	1226.2
11.195000	1241.6
11.198750	1196.2
11.202500	1220.7
11.206250	1207.7
11.210000	1221.7
11.213750	1230.7
11.217500	1228.4
11.221250	1241.5
11.225000	1255.8
11.228750	1292.8
11.232500	1257.4
11.236250	1250.6
11.240000	1220.3
11.243750	1147.6
11.247500	1209.3
11.251250	1250.3
11.255000	1214.1
11.258750	1280.5
11.262500	1194.6
11.266250	1213.3
11.270000	1153.8
11.273750	1237.0
11.277500	1246.8
11.281250	1196.0
11.285000	1258.3
11.288750	1256.1
11.292500	1164.4
11.296250	1220.7
11.300000	1240.7
11.303750	1181.2
11.307500	1201.3
11.311250	1209.1
11.315000	1172.1
11.318750	1237.8
11.322500	1197.3
11.326250	1181.6
11.330000	1257.3
11.333750	1226.5
11.337500	1272.3
11.341250	1250.6
11.345000	1270.6
11.348750	1238.4
11.352500	1210.9
11.356250	1188.9
11.360000	1213.1
11.363750	1218.0
11.367500	1244.0
11.371250	1213.3
11.375000	1226.4
11.378750	1197.3
11.382500	1224.7
11.386250	1213.4
11.390000	1222.1
11.393750	1313.9
11.397500	1272.8
11.401250	1275.5
11.405000	1259.5
11.408750	1280.4
11.412500	1257.0
11.416250	1180.8
11.420000	1246.8
11.423750	1252.2
11.427500	1241.5
11.431250	1251.5
11.435000	1202.3
11.438750	1262.5
11.442500	1279.4
11.446250	1248.7
11.450000	1275.2
11.453750	1240.0
11.457500	1280.6
11.461250	1250.4
11.465000	1252.0
11.468750	1252.2
11.472500	1211.4
11.476250	1266.4
11.480000	1244.0
11.483750	1255.7
11.487500	1282.0
11.491250	1241.8
11.495000	1257.4
11.498750	1236.6
11.502500	1209.8
11.506250	1297.9
11.510000	1247.4
11.513750	1306.4
11.517500	1277.9
11.521250	1243.4
11.525000	1216.6
11.528750	1256.5
11.532500	1274.1
11.536250	1243.9
11.540000	1187.9
11.543750	1196.2
11.547500	1231.4
11.551250	1258.5
11.555000	1222.0
11.558750	1240.8
11.562500	1310.4
11.566250	1264.0
11.570000	1239.0
11.573750	1240.7
11.577500	1280.1
11.581250	1231.2
11.585000	1235.9
11.588750	1355.9
11.592500	1265.7
11.596250	1228.1
11.600000	1195.2
11.603750	1280.1
11.607500	1244.7
11.611250	1286.0
11.615000	1286.8
11.618750	1260.9
11.622500	1270.5
11.626250	1240.7
11.630000	1291.0
11.633750	1271.3
11.637500	1227.9
11.641250	1356.9
11.645000	1259.8
11.648750	1222.6
11.652500	1298.7
11.656250	1240.9
11.660000	1272.5
11.663750	1235.3
11.667500	1252.8
11.671250	1276.5
11.675000	1323.8
11.678750	1276.3
11.682500	1344.8
11.686250	1317.8
11.690000	1226.3
11.693750	1273.0
11.697500	1251.6
11.701250	1259.6
11.705000	1283.9
11.708750	1297.2
11.712500	1246.9
11.716250	1304.0
11.720000	1317.8
11.723750	1288.2
11.727500	1274.9
11.731250	1272.2
11.735000	1262.4
11.738750	1294.7
11.742500	1272.4
11.746250	1303.2
11.750000	1298.9
11.753750	1246.6
11.757500	1272.5
11.761250	1283.4
11.765000	1271.7
11.768750	1270.9
11.772500	1308.9
11.776250	1245.9
11.780000	1287.8
11.783750	1312.7
11.787500	1234.5
11.791250	1238.2
11.795000	1270.8
11.798750	1246.1
11.802500	1317.7
11.806250	1279.5
11.810000	1223.4
11.813750	1326.2
11.817500	1283.1
11.821250	1288.8
11.825000	1256.5
11.828750	1250.7
11.832500	1329.5
11.836250	1282.0
11.840000	1386.3
11.843750	1385.8
11.847500	1390.3
11.851250	1410.2
11.855000	1391.0
11.858750	1381.0
11.862500	1385.3
11.866250	1324.8
11.870000	1319.4
11.873750	1345.3
11.877500	1305.3
11.881250	1288.2
11.885000	1297.4
11.888750	1284.1
11.892500	1276.2
11.896250	1272.9
11.900000	1236.1
11.903750	1270.0
11.907500	1326.2
11.911250	1325.5
11.915000	1312.8
11.918750	1289.2
11.922500	1363.0
11.926250	1314.3
11.930000	1343.3
11.933750	1313.3
11.937500	1353.1
11.941250	1306.0
11.945000	1362.4
11.948750	1332.6
11.952500	1281.1
11.956250	1274.1
11.960000	1334.6
11.963750	1319.7
11.967500	1296.2
11.971250	1286.4
11.975000	1296.9
11.978750	1296.0
11.982500	1272.1
11.986250	1283.2
11.990000	1289.2
11.993750	1329.2
11.997500	1343.5
12.001250	1305.7
12.005000	1386.9
12.008750	1345.1
12.012500	1348.0
12.016250	1372.5
12.020000	1355.3
12.023750	1314.4
12.027500	1359.7
12.031250	1338.0
12.035000	1295.3
12.038750	1307.7
12.042500	1314.0
12.046250	1301.1
12.050000	1339.3
12.053750	1293.5
12.057500	1342.4
12.061250	1348.2
12.065000	1295.0
12.068750	1301.9
12.072500	1311.4
12.076250	1308.0
12.080000	1367.2
12.083750	1387.9
12.087500	1379.5
12.091250	1286.1
12.095000	1321.0
12.098750	1273.5
12.102500	1307.0
12.106250	1355.4
12.110000	1355.8
12.113750	1373.8
12.117500	1318.5
12.121250	1312.6
12.125000	1331.8
12.128750	1335.7
12.132500	1299.3
12.136250	1277.6
12.140000	1335.1
12.143750	1365.4
12.147500	1313.7
12.151250	1352.6
12.155000	1351.9
12.158750	1304.2
12.162500	1314.5
12.166250	1345.0
12.170000	1361.8
12.173750	1327.4
12.177500	1276.8
12.181250	1269.1
12.185000	1362.2
12.188750	1280.1
12.192500	1358.9
12.196250	1399.8
12.200000	1403.4
12.203750	1373.2
12.207500	1299.7
12.211250	1345.5
12.215000	1359.7
12.218750	1384.0
12.222500	1368.0
12.226250	1356.5
12.230000	1334.4
12.233750	1451.2
12.237500	1399.9
12.241250	1308.6
12.245000	1345.1
12.248750	1331.6
12.252500	1362.0
12.256250	1331.8
12.260000	1364.0
12.263750	1331.3
12.267500	1347.1
12.271250	1330.5
12.275000	1367.3
12.278750	1317.1
12.282500	1383.2
12.286250	1416.5
12.290000	1362.9
12.293750	1298.8
12.297500	1347.6
12.301250	1401.6
12.305000	1370.1
12.308750	1347.1
12.312500	1353.5
12.316250	1387.2
12.320000	1406.5
12.323750	1337.6
12.327500	1329.8
12.331250	1357.3
12.335000	1446.2
12.338750	1358.9
12.342500	1313.8
12.346250	1332.8
12.350000	1385.7
12.353750	1285.7
12.357500	1349.7
12.361250	1328.2
12.365000	1283.8
12.368750	1364.3
12.372500	1353.4
12.376250	1312.1
12.380000	1363.7
12.383750	1337.9
12.387500	1354.5
12.391250	1386.2
12.395000	1351.5
12.398750	1411.8
12.402500	1420.7
12.406250	1385.8
12.410000	1325.8
12.413750	1384.8
12.417500	1369.8
12.421250	1381.5
12.425000	1420.3
12.428750	1382.8
12.432500	1381.8
12.436250	1412.1
12.440000	1375.7
12.443750	1353.8
12.447500	1278.2
12.451250	1410.7
12.455000	1342.5
12.458750	1393.0
12.462500	1422.9
12.466250	1423.2
12.470000	1409.4
12.473750	1391.1
12.477500	1341.5
12.481250	1349.2
12.485000	1335.0
12.488750	1386.3
12.492500	1356.0
12.496250	1335.7
12.500000	1410.3
12.503750	1375.8
12.507500	1384.4
12.511250	1387.3
12.515000	1396.0
12.518750	1443.0
12.522500	1400.7
12.526250	1429.8
12.530000	1363.6
12.533750	1334.5
12.537500	1403.0
12.541250	1393.9
12.545000	1420.1
12.548750	1336.7
12.552500	1448.0
12.556250	1431.9
12.560000	1343.0
12.563750	1417.9
12.567500	1411.3
12.571250	1418.4
12.575000	1418.0
12.578750	1405.6
12.582500	1429.6
12.586250	1451.0
12.590000	1394.6
12.593750	1389.1
12.597500	1419.4
12.601250	1429.7
12.605000	1430.7
12.608750	1374.1
12.612500	1464.2
12.616250	1506.5
12.620000	1373.5
12.623750	1461.1
12.627500	1382.6
12.631250	1459.8
12.635000	1436.4
12.638750	1383.3
12.642500	1516.9
12.646250	1453.0
12.650000	1414.3
12.653750	1431.6
12.657500	1496.6
12.661250	1390.5
12.665000	1459.2
12.668750	1484.3
12.672500	1443.0
12.676250	1440.3
12.680000	1357.2
12.683750	1414.9
12.687500	1404.5
12.691250	1470.1
12.695000	1466.1
12.698750	1491.1
12.702500	1517.2
12.706250	1465.3
12.710000	1438.3
12.713750	1458.7
12.717500	1443.5
12.721250	1438.3
12.725000	1449.0
12.728750	1460.7
12.732500	1493.4
12.736250	1442.8
12.740000	1460.8
12.743750	1504.6
12.747500	1428.8
12.751250	1489.9
12.755000	1430.1
12.758750	1500.0
12.762500	1495.0
12.766250	1475.2
12.770000	1553.1
12.773750	1506.2
12.777500	1521.8
12.781250	1647.1
12.785000	1615.6
12.788750	1577.8
12.792500	1575.5
12.796250	1633.5
12.800000	1719.5
12.803750	1827.3
12.807500	1780.6
12.811250	1863.5
12.815000	1952.1
12.818750	2090.8
12.822500	2202.6
12.826250	2427.2
12.830000	2758.1
12.833750	3276.8
12.837500	3764.3
12.841250	4430.3
12.845000	4885.6
12.848750	5062.9
12.852500	5130.8
12.856250	4760.8
12.860000	4396.9
12.863750	3931.2
12.867500	3522.2
12.871250	3234.0
12.875000	3062.7
12.878750	2935.2
12.882500	2847.8
12.886250	2690.9
12.890000	2455.4
12.893750	2383.2
12.897500	2386.8
12.901250	2411.4
12.905000	2271.6
12.908750	2253.9
12.912500	2237.0
12.916250	2205.5
12.920000	2220.2
12.923750	2176.4
12.927500	2177.1
12.931250	2195.0
12.935000	2163.0
12.938750	2194.6
12.942500	2137.5
12.946250	2036.9
12.950000	2037.6
12.953750	2014.4
12.957500	2034.8
12.961250	2077.3
12.965000	1999.5
12.968750	2099.6
12.972500	2038.0
12.976250	1963.7
12.980000	1988.9
12.983750	1971.0
12.987500	1979.4
12.991250	1983.8
12.995000	1921.3
12.998750	2016.4
13.002500	1925.9
13.006250	1959.3
13.010000	1962.8
13.013750	1961.6
13.017500	1971.9
13.021250	1909.3
13.025000	2006.6
13.028750	2021.3
13.032500	2076.6
13.036250	2032.3
13.040000	2044.4
13.043750	2121.4
13.047500	2072.4
13.051250	2070.9
13.055000	2023.3
13.058750	2023.2
13.062500	2021.5
13.066250	2051.7
13.070000	2063.5
13.073750	2080.8
13.077500	2137.2
13.081250	2095.6
13.085000	2054.5
13.088750	2098.7
13.092500	2087.5
13.096250	2150.4
13.100000	2218.8
13.103750	2190.2
13.107500	2254.6
13.111250	2282.9
13.115000	2413.1
13.118750	2441.4
13.122500	2526.4
13.126250	2560.0
13.130000	2694.5
13.133750	2971.1
13.137500	3082.8
13.141250	3243.4
13.145000	3540.6
13.148750	3926.5
13.152500	4416.3
13.156250	5048.0
13.160000	5878.4
13.163750	6807.0
13.167500	7431.2
13.171250	7900.9
13.175000	7968.9
13.178750	7501.3
13.182500	6884.0
13.186250	6291.5
13.190000	5641.8
13.193750	4684.6
13.197500	4331.5
13.201250	3845.3
13.205000	3723.1
13.208750	3457.5
13.212500	3192.6
13.216250	3077.2
13.220000	3040.5
13.223750	2907.6
13.227500	2773.2
13.231250	2753.8
13.235000	2631.7
13.238750	2571.8
13.242500	2655.1
13.246250	2441.8
13.250000	2309.1
13.253750	2398.5
13.257500	2258.5
13.261250	2306.3
13.265000	2341.8
13.268750	2255.8
13.272500	2311.1
13.276250	2274.2
13.280000	2316.2
13.283750	2197.9
13.287500	2138.4
13.291250	2208.0
13.295000	2126.2
13.298750	2137.2
13.302500	2207.7
13.306250	2143.3
13.310000	2168.7
13.313750	2159.0
13.317500	2087.9
13.321250	2093.6
13.325000	2088.1
13.328750	2102.9
13.332500	2033.3
13.336250	2030.4
13.340000	2065.7
13.343750	2047.2
13.347500	1939.1
13.351250	2051.2
13.355000	2069.8
13.358750	1980.4
13.362500	2030.0
13.366250	2192.2
13.370000	1951.3
13.373750	2069.8
13.377500	1986.6
13.381250	2057.6
13.385000	2072.0
13.388750	2055.4
13.392500	2024.0
13.396250	2020.5
13.400000	1995.5
13.403750	2013.9
13.407500	2056.6
13.411250	1958.3
13.415000	2070.5
13.418750	2041.0
13.422500	1958.7
13.426250	2037.1
13.430000	1983.2
13.433750	2014.6
13.437500	2055.6
13.441250	2102.9
13.445000	2030.1
13.448750	1971.7
13.452500	2013.1
13.456250	2153.0
13.460000	2196.1
13.463750	2067.7
13.467500	2138.8
13.471250	2209.8
13.475000	2293.9
13.478750	2295.1
13.482500	2501.3
13.486250	2606.8
13.490000	2915.8
13.493750	3311.5
13.497500	3595.4
13.501250	3532.1
13.505000	3483.6
13.508750	3177.4
13.512500	2940.5
13.516250	2579.9
13.520000	2338.8
13.523750	2207.5
13.527500	2036.6
13.531250	2034.4
13.535000	2018.6
13.538750	2022.7
13.542500	2091.4
13.546250	2012.5
13.550000	1999.9
13.553750	2054.3
13.557500	2015.8
13.561250	1940.4
13.565000	2042.1
13.568750	2023.4
13.572500	1982.7
13.576250	2085.1
13.580000	2038.8
13.583750	2020.9
13.587500	2013.7
13.591250	2035.3
13.595000	2089.3
13.598750	2025.2
13.602500	2047.4
13.606250	2070.1
13.610000	2093.2
13.613750	2021.5
13.617500	2106.2
13.621250	2153.1
13.625000	2180.4
13.628750	2051.9
13.632500	2138.4
13.636250	2200.4
13.640000	2253.1
13.643750	2228.9
13.647500	2091.4
13.651250	2195.3
13.655000	2200.3
13.658750	2201.7
13.662500	2316.0
13.666250	2333.6
13.670000	2342.9
13.673750	2284.6
13.677500	2406.0
13.681250	2420.1
13.685000	2579.8
13.688750	2530.3
13.692500	2491.3
13.696250	2691.6
13.700000	2726.4
13.703750	3025.3
13.707500	2970.6
13.711250	3231.8
13.715000	3573.8
13.718750	3719.1
13.722500	4087.9
13.726250	4416.2
13.730000	5070.2
13.733750	5685.3
13.737500	5987.0
13.741250	6353.1
13.745000	6390.1
13.748750	6349.0
13.752500	5872.9
13.756250	5290.7
13.760000	4974.1
13.763750	4466.2
13.767500	4252.4
13.771250	3811.1
13.775000	3698.6
13.778750	3471.0
13.782500	3329.9
13.786250	3286.3
13.790000	3136.2
13.793750	3037.3
13.797500	2928.7
13.801250	2758.0
13.805000	2717.2
13.808750	2702.1
13.812500	2729.0
13.816250	2694.0
13.820000	2593.0
13.823750	2553.9
13.827500	2525.1
13.831250	2552.1
13.835000	2572.3
13.838750	2578.2
13.842500	2510.7
13.846250	2530.5
13.850000	2555.5
13.853750	2537.5
13.857500	2597.1
13.861250	2585.1
13.865000	2547.9
13.868750	2561.6
13.872500	2811.9
13.876250	2801.9
13.880000	2779.3
13.883750	2858.0
13.887500	2895.4
13.891250	3009.8
13.895000	3258.5
13.898750	3377.9
13.902500	3512.2
13.906250	3726.8
13.910000	3834.9
13.913750	3807.0
13.917500	3843.6
13.921250	3821.5
13.925000	3499.5
13.928750	3293.8
13.932500	3090.9
13.936250	2841.9
13.940000	2772.5
13.943750	2714.9
13.947500	2486.7
13.951250	2327.6
13.955000	2413.2
13.958750	2350.3
13.962500	2311.1
13.966250	2226.0
13.970000	2132.3
13.973750	2159.3
13.977500	2051.8
13.981250	2132.4
13.985000	2063.9
13.988750	2045.8
13.992500	2055.1
13.996250	2049.5
14.000000	1991.7
14.003750	1996.5
14.007500	2018.6
14.011250	2017.7
14.015000	2004.6
14.018750	2005.3
14.022500	1972.4
14.026250	1930.7
14.030000	1956.3
14.033750	1968.0
14.037500	1974.2
14.041250	2033.0
14.045000	1997.1
14.048750	1894.7
14.052500	1930.4
14.056250	1966.7
14.060000	1960.0
14.063750	1902.5
14.067500	1956.1
14.071250	1974.5
14.075000	1868.5
14.078750	1932.3
14.082500	1922.3
14.086250	1901.7
14.090000	2017.0
14.093750	1945.0
14.097500	1925.3
14.101250	1914.9
14.105000	1923.9
14.108750	2030.3
14.112500	1986.5
14.116250	1932.4
14.120000	1875.3
14.123750	1892.5
14.127500	1904.1
14.131250	1900.6
14.135000	1880.8
14.138750	1889.4
14.142500	1855.6
14.146250	1880.2
14.150000	1922.2
14.153750	1903.7
14.157500	1842.0
14.161250	1900.8
14.165000	1954.8
14.168750	1850.2
14.172500	1885.8
14.176250	1987.7
14.180000	1835.8
14.183750	1852.6
14.187500	1913.2
14.191250	1959.8
14.195000	1917.0
14.198750	1869.2
14.202500	1936.4
14.206250	1976.3
14.210000	1929.2
14.213750	1913.1
14.217500	1821.1
14.221250	1882.1
14.225000	1872.9
14.228750	1792.2
14.232500	1844.6
14.236250	1838.4
14.240000	1847.6
14.243750	1911.1
14.247500	1868.9
14.251250	1865.8
14.255000	1854.8
14.258750	1876.4
14.262500	1928.4
14.266250	1984.7
14.270000	1947.5
14.273750	1934.2
14.277500	1862.1
14.281250	2004.5
14.285000	2022.8
14.288750	1998.2
14.292500	2007.6
14.296250	1991.8
14.300000	1940.4
14.303750	1999.1
14.307500	1925.1
14.311250	1947.5
14.315000	1928.4
14.318750	1898.8
14.322500	1863.7
14.326250	1899.1
14.330000	1838.7
14.333750	1949.9
14.337500	1909.9
14.341250	1897.6
14.345000	1911.4
14.348750	1912.8
14.352500	1814.2
14.356250	1854.6
14.360000	1881.5
14.363750	1832.5
14.367500	1823.9
14.371250	1851.1
14.375000	1925.9
14.378750	1858.7
14.382500	1839.9
14.386250	1934.7
14.390000	1820.3
14.393750	1795.7
14.397500	1828.1
14.401250	1902.0
14.405000	1832.9
14.408750	1823.2
14.412500	1875.3
14.416250	1885.8
14.420000	1877.6
14.423750	1825.5
14.427500	1837.9
14.431250	1777.5
14.435000	1873.7
14.438750	1874.1
14.442500	1786.8
14.446250	1800.0
14.450000	1877.4
14.453750	1817.0
14.457500	1811.9
14.461250	1860.0
14.465000	1801.6
14.468750	1885.9
14.472500	1832.1
14.476250	1826.1
14.480000	1830.3
14.483750	1820.7
14.487500	1851.7
14.491250	1905.4
14.495000	1817.6
14.498750	1854.3
14.502500	1832.1
14.506250	1808.8
14.510000	1840.4
14.513750	1822.1
14.517500	1913.0
14.521250	1883.6
14.525000	1770.8
14.528750	1827.4
14.532500	1783.9
14.536250	1832.4
14.540000	1788.0
14.543750	1808.3
14.547500	1837.9
14.551250	1918.7
14.555000	1831.5
14.558750	1892.0
14.562500	1873.5
14.566250	1861.1
14.570000	1874.9
14.573750	1777.4
14.577500	1892.1
14.581250	1773.6
14.585000	1847.6
14.588750	1893.0
14.592500	1906.4
14.596250	1878.6
14.600000	1865.3
14.603750	1841.8
14.607500	1779.0
14.611250	1890.9
14.615000	1876.3
14.618750	1916.6
14.622500	1843.0
14.626250	1858.2
14.630000	1870.2
14.633750	1925.5
14.637500	1913.4
14.641250	1861.4
14.645000	1850.9
14.648750	1852.5
14.652500	1791.5
14.656250	1933.0
14.660000	1861.0
14.663750	1852.2
14.667500	1922.7
14.671250	1884.2
14.675000	1845.2
14.678750	1879.3
14.682500	1849.1
14.686250	1855.5
14.690000	1907.0
14.693750	1894.6
14.697500	1897.2
14.701250	1902.7
14.705000	1871.9
14.708750	1852.9
14.712500	1912.1
14.716250	1946.0
14.720000	1857.5
14.723750	1851.5
14.727500	1899.0
14.731250	1946.0
14.735000	1901.3
14.738750	1922.4
14.742500	1926.2
14.746250	1929.6
14.750000	1874.4
14.753750	1915.6
14.757500	1941.0
14.761250	1897.2
14.765000	1921.9
14.768750	1860.1
14.772500	1934.7
14.776250	1947.0
14.780000	1886.6
14.783750	1971.3
14.787500	1947.0
14.791250	1911.2
14.795000	1945.6
14.798750	1908.2
14.802500	1985.5
14.806250	1988.7
14.810000	1941.1
14.813750	1975.5
14.817500	1979.6
14.821250	1992.8
14.825000	2037.3
14.828750	1925.7
14.832500	2002.8
14.836250	2008.0
14.840000	1968.5
14.843750	2104.2
14.847500	2058.1
14.851250	1980.9
14.855000	2061.1
14.858750	2082.7
14.862500	2106.0
14.866250	2139.3
14.870000	2169.8
14.873750	2209.4
14.877500	2151.3
14.881250	2197.4
14.885000	2256.5
14.888750	2241.5
14.892500	2358.9
14.896250	2399.7
14.900000	2420.4
14.903750	2445.8
14.907500	2421.5
14.911250	2507.9
14.915000	2569.9
14.918750	2681.0
14.922500	2722.6
14.926250	2884.5
14.930000	2967.0
14.933750	3222.0
14.937500	3237.3
14.941250	3540.7
14.945000	3631.7
14.948750	4018.6
14.952500	4126.1
14.956250	4277.2
14.960000	4126.2
14.963750	4182.7
14.967500	4020.9
14.971250	3927.2
14.975000	3651.2
14.978750	3388.0
14.982500	3172.3
14.986250	2951.9
14.990000	2791.4
14.993750	2677.6
14.997500	2629.1
15.001250	2533.4
15.005000	2404.6
15.008750	2316.8
15.012500	2268.0
15.016250	2287.8
15.020000	2230.7
15.023750	2154.3
15.027500	2126.1
15.031250	2099.5
15.035000	2000.4
15.038750	2050.2
15.042500	2012.1
15.046250	2056.3
15.050000	2060.6
15.053750	1994.6
15.057500	2003.5
15.061250	2004.2
15.065000	1913.3
15.068750	1879.4
15.072500	2001.9
15.076250	1916.5
15.080000	1871.2
15.083750	1893.3
15.087500	1923.5
15.091250	1864.4
15.095000	1905.4
15.098750	1935.0
15.102500	1863.5
15.106250	1927.0
15.110000	1871.7
15.113750	1840.2
15.117500	1945.5
15.121250	1811.8
15.125000	1887.0
15.128750	1912.3
15.132500	1832.7
15.136250	1855.2
15.140000	1828.5
15.143750	1870.5
15.147500	1909.3
15.151250	1926.5
15.155000	1855.3
15.158750	1845.9
15.162500	1911.9
15.166250	1922.4
15.170000	1878.3
15.173750	1918.7
15.177500	1811.7
15.181250	1874.8
15.185000	1821.4
15.188750	1890.6
15.192500	1832.3
15.196250	1897.4
15.200000	1860.7
15.203750	1849.6
15.207500	1860.2
15.211250	1896.9
15.215000	1816.0
15.218750	1836.3
15.222500	1885.2
15.226250	1885.8
15.230000	1894.3
15.233750	1851.7
15.237500	1813.6
15.241250	1936.0
15.245000	1916.7
15.248750	1785.3
15.252500	1887.4
15.256250	1871.2
15.260000	1831.4
15.263750	1898.8
15.267500	1851.4
15.271250	1877.4
15.275000	1916.0
15.278750	1925.8
15.282500	1927.8
15.286250	1984.4
15.290000	1961.8
15.293750	1908.1
15.297500	1935.9
15.301250	1989.2
15.305000	1957.2
15.308750	1996.3
15.312500	1999.2
15.316250	2012.0
15.320000	2057.2
15.323750	2078.9
15.327500	2158.1
15.331250	2248.5
15.335000	2220.2
15.338750	2322.0
15.342500	2399.7
15.346250	2415.5
15.350000	2553.1
15.353750	2676.5
15.357500	2595.7
15.361250	2898.8
15.365000	2881.9
15.368750	2877.7
15.372500	2948.6
15.376250	2819.5
15.380000	2799.5
15.383750	2650.9
15.387500	2531.1
15.391250	2487.1
15.395000	2327.0
15.398750	2383.0
15.402500	2328.6
15.406250	2292.8
15.410000	2158.2
15.413750	2200.2
15.417500	2207.7
15.421250	2129.0
15.425000	2106.2
15.428750	2009.0
15.432500	2059.1
15.436250	2043.6
15.440000	2048.5
15.443750	2089.0
15.447500	2001.5
15.451250	1937.0
15.455000	1942.2
15.458750	1986.4
15.462500	1938.3
15.466250	1996.8
15.470000	2006.7
15.473750	1948.1
15.477500	2042.1
15.481250	1934.6
15.485000	1870.0
15.488750	1900.4
15.492500	1877.2
15.496250	1852.0
15.500000	1856.3
15.503750	1909.6
15.507500	1873.8
15.511250	1931.6
15.515000	1843.6
15.518750	1907.9
15.522500	1891.0
15.526250	1838.9
15.530000	1842.1
15.533750	1960.6
15.537500	2000.5
15.541250	1915.7
15.545000	1886.1
15.548750	1806.2
15.552500	1759.4
15.556250	1822.6
15.560000	1857.2
15.563750	1874.9
15.567500	1987.7
15.571250	1852.8
15.575000	1905.9
15.578750	1914.6
15.582500	1847.6
15.586250	1890.7
15.590000	1836.8
15.593750	1882.6
15.597500	1840.1
15.601250	1875.6
15.605000	1861.8
15.608750	1883.9
15.612500	1934.2
15.616250	1904.6
15.620000	1886.8
15.623750	1900.1
15.627500	1909.0
15.631250	1886.2
15.635000	1952.5
15.638750	1966.7
15.642500	1801.1
15.646250	1799.5
15.650000	1893.7
15.653750	1935.6
15.657500	1931.4
15.661250	1920.6
15.665000	1899.9
15.668750	1910.0
15.672500	1955.8
15.676250	1991.0
15.680000	1891.6
15.683750	1913.7
15.687500	1965.1
15.691250	1858.1
15.695000	1882.3
15.698750	1938.2
15.702500	1909.7
15.706250	1915.5
15.710000	1858.7
15.713750	1894.4
15.717500	1915.6
15.721250	1932.2
15.725000	1931.4
15.728750	1841.5
15.732500	1924.1
15.736250	1854.4
15.740000	1868.8
15.743750	1865.7
15.747500	1889.1
15.751250	1969.5
15.755000	1913.9
15.758750	1903.9
15.762500	1824.0
15.766250	1820.6
15.770000	1918.9
15.773750	1905.3
15.777500	1910.9
15.781250	2000.8
15.785000	1982.7
15.788750	1960.1
15.792500	1943.9
15.796250	2034.6
15.800000	1931.9
15.803750	1874.5
15.807500	1927.7
15.811250	1913.2
15.815000	1988.3
15.818750	2018.0
15.822500	1879.7
15.826250	2016.2
15.830000	1929.7
15.833750	1895.1
15.837500	1997.8
15.841250	1893.6
15.845000	1907.6
15.848750	1915.4
15.852500	1875.6
15.856250	1917.3
15.860000	2019.2
15.863750	2009.9
15.867500	1936.1
15.871250	1991.1
15.875000	2010.4
15.878750	2002.2
15.882500	2030.9
15.886250	1967.7
15.890000	2041.3
15.893750	2064.3
15.897500	2064.4
15.901250	2139.5
15.905000	2061.7
15.908750	2083.1
15.912500	2113.4
15.916250	2041.5
15.920000	2001.3
15.923750	2168.3
15.927500	2145.6
15.931250	2136.3
15.935000	2129.3
15.938750	2155.8
15.942500	2096.7
15.946250	2156.7
15.950000	2164.9
15.953750	2176.9
15.957500	2212.9
15.961250	2269.5
15.965000	2306.9
15.968750	2259.9
15.972500	2202.7
15.976250	2266.2
15.980000	2448.6
15.983750	2418.6
15.987500	2471.1
15.991250	2514.9
15.995000	2665.2
15.998750	2659.6
16.002500	2683.8
16.006250	2742.4
16.010000	2767.7
16.013750	2858.6
16.017500	3224.8
16.021250	3118.7
16.025000	3109.1
16.028750	3291.4
16.032500	3571.5
16.036250	3771.8
16.040000	3931.6
16.043750	4272.7
16.047500	4631.6
16.051250	5132.2
16.055000	5395.0
16.058750	6161.7
16.062500	6779.1
16.066250	7635.4
16.070000	8541.4
16.073750	9255.8
16.077500	9872.7
16.081250	10013.2
16.085000	9972.5
16.088750	9788.7
16.092500	9063.6
16.096250	8559.6
16.100000	7677.4
16.103750	6986.7
16.107500	6176.4
16.111250	5555.3
16.115000	5122.8
16.118750	4711.3
16.122500	4234.0
16.126250	3907.1
16.130000	3577.6
16.133750	3599.7
16.137500	3223.7
16.141250	3122.2
16.145000	3137.6
16.148750	3006.4
16.152500	2764.0
16.156250	2839.5
16.160000	2831.8
16.163750	2686.7
16.167500	2637.9
16.171250	2604.8
16.175000	2573.3
16.178750	2439.7
16.182500	2435.8
16.186250	2346.9
16.190000	2312.0
16.193750	2343.7
16.197500	2376.3
16.201250	2359.9
16.205000	2332.3
16.208750	2287.1
16.212500	2298.7
16.216250	2240.3
16.220000	2315.6
16.223750	2284.3
16.227500	2170.7
16.231250	2191.2
16.235000	2225.4
16.238750	2139.3
16.242500	2168.2
16.246250	2117.2
16.250000	2134.1
16.253750	2122.0
16.257500	2168.4
16.261250	2191.0
16.265000	2224.5
16.268750	2177.1
16.272500	2140.0
16.276250	2180.1
16.280000	2205.0
16.283750	2184.8
16.287500	2249.3
16.291250	2259.2
16.295000	2221.6
16.298750	2302.3
16.302500	2255.9
16.306250	2346.3
16.310000	2298.2
16.313750	2309.8
16.317500	2368.0
16.321250	2301.0
16.325000	2331.7
16.328750	2344.8
16.332500	2284.7
16.336250	2292.1
16.340000	2230.1
16.343750	2166.9
16.347500	2162.6
16.351250	2188.9
16.355000	2187.4
16.358750	2151.2
16.362500	2149.6
16.366250	2094.0
16.370000	2109.9
16.373750	2123.8
16.377500	2102.1
16.381250	2111.0
16.385000	2105.0
16.388750	2103.1
16.392500	2016.3
16.396250	2016.6
16.400000	2059.2
16.403750	2150.6
16.407500	2039.5
16.411250	2019.2
16.415000	2051.5
16.418750	2048.1
16.422500	2048.9
16.426250	2054.0
16.430000	2088.7
16.433750	2076.7
16.437500	2125.4
16.441250	2104.8
16.445000	2142.6
16.448750	2080.2
16.452500	2067.3
16.456250	2083.2
16.460000	2089.5
16.463750	2155.9
16.467500	2071.2
16.471250	2058.5
16.475000	1957.6
16.478750	1967.9
16.482500	2046.2
16.486250	2031.4
16.490000	1994.1
16.493750	2040.5
16.497500	2035.8
16.501250	2046.1
16.505000	2017.0
16.508750	2031.3
16.512500	2014.7
16.516250	1953.0
16.520000	2041.9
16.523750	2007.5
16.527500	2008.9
16.531250	2019.2
16.535000	1958.7
16.538750	1927.1
16.542500	1937.3
16.546250	2018.3
16.550000	1946.8
16.553750	1969.3
16.557500	1992.8
16.561250	1887.6
16.565000	1985.1
16.568750	1988.9
16.572500	2073.1
16.576250	1965.1
16.580000	1906.1
16.583750	1981.1
16.587500	2007.6
16.591250	2050.3
16.595000	1986.6
16.598750	1965.1
16.602500	1929.3
16.606250	1902.2
16.610000	1987.9
16.613750	2004.3
16.617500	2020.8
16.621250	2033.9
16.625000	1965.8
16.628750	1976.2
16.632500	1926.5
16.636250	1958.2
16.640000	2036.9
16.643750	1976.2
16.647500	2029.5
16.651250	2024.3
16.655000	1989.1
16.658750	1997.8
16.662500	1976.9
16.666250	1962.4
16.670000	2006.9
16.673750	1974.4
16.677500	2078.6
16.681250	1989.4
16.685000	1985.1
16.688750	1998.0
16.692500	2025.4
16.696250	2049.1
16.700000	2052.1
16.703750	1948.0
16.707500	2039.6
16.711250	1929.3
16.715000	2022.9
16.718750	2019.2
16.722500	2047.5
16.726250	2065.8
16.730000	2061.9
16.733750	2051.5
16.737500	1982.7
16.741250	2070.8
16.745000	2133.7
16.748750	2113.3
16.752500	2003.4
16.756250	1960.9
16.760000	2143.0
16.763750	2049.6
16.767500	1990.1
16.771250	2107.9
16.775000	2002.0
16.778750	2005.1
16.782500	2011.4
16.786250	2084.5
16.790000	2071.9
16.793750	2014.4
16.797500	2087.5
16.801250	2140.5
16.805000	2092.0
16.808750	2154.9
16.812500	2139.8
16.816250	2165.5
16.820000	2146.4
16.823750	2137.2
16.827500	2186.9
16.831250	2166.6
16.835000	2190.4
16.838750	2153.4
16.842500	2181.4
16.846250	2158.6
16.850000	2193.3
16.853750	2182.4
16.857500	2182.0
16.861250	2108.9
16.865000	2105.5
16.868750	2116.6
16.872500	2173.8
16.876250	2192.7
16.880000	2071.9
16.883750	2087.0
16.887500	2131.0
16.891250	2058.4
16.895000	2063.7
16.898750	2129.9
16.902500	2073.9
16.906250	2077.3
16.910000	2157.5
16.913750	2165.2
16.917500	2110.8
16.921250	2106.7
16.925000	2159.9
16.928750	2148.8
16.932500	2240.0
16.936250	2182.5
16.940000	2189.4
16.943750	2085.1
16.947500	2190.5
16.951250	2224.2
16.955000	2233.2
16.958750	2151.7
16.962500	2229.2
16.966250	2257.9
16.970000	2292.7
16.973750	2247.7
16.977500	2377.9
16.981250	2257.1
16.985000	2447.9
16.988750	2356.6
16.992500	2373.6
16.996250	2398.2
17.000000	2459.6
17.003750	2454.0
17.007500	2481.0
17.011250	2506.6
17.015000	2565.8
17.018750	2621.5
17.022500	2719.8
17.026250	2796.5
17.030000	2893.7
17.033750	2957.9
17.037500	2982.1
17.041250	3081.0
17.045000	3225.3
17.048750	3303.4
17.052500	3252.4
17.056250	3233.3
17.060000	3290.6
17.063750	3102.0
17.067500	2928.6
17.071250	2852.6
17.075000	2828.6
17.078750	2649.1
17.082500	2665.0
17.086250	2611.5
17.090000	2585.3
17.093750	2529.0
17.097500	2441.9
17.101250	2412.3
17.105000	2421.5
17.108750	2366.4
17.112500	2348.5
17.116250	2290.4
17.120000	2364.5
17.123750	2340.5
17.127500	2320.9
17.131250	2169.7
17.135000	2272.1
17.138750	2273.2
17.142500	2300.9
17.146250	2331.9
17.150000	2399.7
17.153750	2352.0
17.157500	2277.1
17.161250	2315.3
17.165000	2450.7
17.168750	2443.3
17.172500	2583.8
17.176250	2652.7
17.180000	2772.1
17.183750	3202.9
17.187500	3900.1
17.191250	4873.9
17.195000	6669.9
17.198750	8028.6
17.202500	8963.7
17.206250	9741.9
17.210000	9855.8
17.213750	8777.4
17.217500	7645.8
17.221250	5819.5
17.225000	4459.2
17.228750	3397.8
17.232500	2810.0
17.236250	2508.7
17.240000	2485.8
17.243750	2313.3
17.247500	2348.0
17.251250	2336.4
17.255000	2266.2
17.258750	2186.8
17.262500	2121.3
17.266250	2114.1
17.270000	2177.2
17.273750	2159.8
17.277500	2134.1
17.281250	2089.0
17.285000	2128.4
17.288750	2133.6
17.292500	2147.8
17.296250	2109.8
17.300000	2167.5
17.303750	2168.7
17.307500	2159.2
17.311250	2104.4
17.315000	2125.7
17.318750	2091.7
17.322500	2032.1
17.326250	2082.7
17.330000	2134.8
17.333750	2142.0
17.337500	2125.9
17.341250	2080.7
17.345000	2163.9
17.348750	2161.9
17.352500	2124.2
17.356250	2091.1
17.360000	2160.2
17.363750	2185.0
17.367500	2206.1
17.371250	2080.9
17.375000	2182.6
17.378750	2013.3
17.382500	2041.0
17.386250	2086.4
17.390000	2186.4
17.393750	2113.4
17.397500	2083.7
17.401250	2090.4
17.405000	2083.8
17.408750	2085.7
17.412500	2055.7
17.416250	2066.2
17.420000	2135.5
17.423750	2012.7
17.427500	2099.1
17.431250	2106.3
17.435000	2169.0
17.438750	2092.7
17.442500	2057.1
17.446250	2122.8
17.450000	2085.6
17.453750	2080.4
17.457500	2048.6
17.461250	2175.8
17.465000	2113.4
17.468750	2065.4
17.472500	2120.8
17.476250	2077.9
17.480000	2156.7
17.483750	2108.4
17.487500	2063.8
17.491250	2079.9
17.495000	2047.0
17.498750	2061.1
17.502500	2124.5
17.506250	2100.8
17.510000	2078.6
17.513750	2101.4
17.517500	2191.3
17.521250	2170.3
17.525000	2157.5
17.528750	2109.5
17.532500	2074.6
17.536250	2077.0
17.540000	2114.2
17.543750	2164.9
17.547500	2071.4
17.551250	2037.5
17.555000	2124.6
17.558750	2180.9
17.562500	2046.7
17.566250	2024.5
17.570000	2081.7
17.573750	2079.6
17.577500	2157.7
17.581250	2127.8
17.585000	2122.5
17.588750	2102.4
17.592500	2152.0
17.596250	2166.0
17.600000	2183.6
17.603750	2163.8
17.607500	2203.1
17.611250	2095.9
17.615000	2107.1
17.618750	2169.6
17.622500	2149.2
17.626250	2142.5
17.630000	2126.7
17.633750	2182.0
17.637500	2220.4
17.641250	2165.1
17.645000	2178.6
17.648750	2168.7
17.652500	2116.0
17.656250	2126.1
17.660000	2100.7
17.663750	2122.5
17.667500	2207.3
17.671250	2191.2
17.675000	2160.0
17.678750	2180.5
17.682500	2123.7
17.686250	2170.1
17.690000	2154.1
17.693750	2169.5
17.697500	2236.4
17.701250	2140.3
17.705000	2078.9
17.708750	2128.9
17.712500	2200.8
17.716250	2203.4
17.720000	2220.7
17.723750	2205.2
17.727500	2099.5
17.731250	2167.4
17.735000	2124.9
17.738750	2183.2
17.742500	2207.7
17.746250	2221.7
17.750000	2166.6
17.753750	2219.2
17.757500	2232.0
17.761250	2178.1
17.765000	2210.7
17.768750	2227.7
17.772500	2223.6
17.776250	2212.3
17.780000	2178.5
17.783750	2124.4
17.787500	2166.9
17.791250	2167.6
17.795000	2210.5
17.798750	2149.4
17.802500	2155.6
17.806250	2227.0
17.810000	2099.7
17.813750	2186.6
17.817500	2185.3
17.821250	2136.3
17.825000	2154.1
17.828750	2170.4
17.832500	2223.3
17.836250	2259.6
17.840000	2235.1
17.843750	2137.6
17.847500	2197.3
17.851250	2199.0
17.855000	2161.0
17.858750	2142.7
17.862500	2258.9
17.866250	2242.9
17.870000	2166.3
17.873750	2145.6
17.877500	2232.2
17.881250	2132.5
17.885000	2191.0
17.888750	2184.0
17.892500	2184.8
17.896250	2192.0
17.900000	2170.8
17.903750	2188.9
17.907500	2186.3
17.911250	2253.8
17.915000	2131.2
17.918750	2198.1
17.922500	2171.2
17.926250	2187.5
17.930000	2138.0
17.933750	2208.4
17.937500	2245.8
17.941250	2239.0
17.945000	2248.3
17.948750	2196.1
17.952500	2192.3
17.956250	2261.7
17.960000	2206.2
17.963750	2282.3
17.967500	2182.5
17.971250	2271.3
17.975000	2284.1
17.978750	2228.6
17.982500	2261.4
17.986250	2192.1
17.990000	2227.8
17.993750	2230.9
17.997500	2198.7
18.001250	2294.3
18.005000	2228.5
18.008750	2295.1
18.012500	2234.6
18.016250	2310.3
18.020000	2193.2
18.023750	2184.1
18.027500	2300.3
18.031250	2220.4
18.035000	2318.2
18.038750	2277.7
18.042500	2227.3
18.046250	2185.5
18.050000	2253.4
18.053750	2255.4
18.057500	2285.1
18.061250	2250.4
18.065000	2214.4
18.068750	2212.5
18.072500	2247.3
18.076250	2389.8
18.080000	2254.8
18.083750	2308.3
18.087500	2274.5
18.091250	2290.0
18.095000	2309.9
18.098750	2238.4
18.102500	2175.3
18.106250	2268.4
18.110000	2278.7
18.113750	2247.1
18.117500	2322.5
18.121250	2346.1
18.125000	2294.8
18.128750	2294.3
18.132500	2362.2
18.136250	2324.4
18.140000	2242.1
18.143750	2261.7
18.147500	2263.4
18.151250	2315.7
18.155000	2278.4
18.158750	2356.3
18.162500	2309.9
18.166250	2261.4
18.170000	2295.3
18.173750	2399.1
18.177500	2245.6
18.181250	2354.3
18.185000	2272.5
18.188750	2286.7
18.192500	2340.5
18.196250	2377.2
18.200000	2318.5
18.203750	2419.0
18.207500	2386.7
18.211250	2446.0
18.215000	2351.5
18.218750	2494.6
18.222500	2359.3
18.226250	2431.0
18.230000	2458.7
18.233750	2548.4
18.237500	2507.3
18.241250	2555.1
18.245000	2424.3
18.248750	2598.2
18.252500	2531.2
18.256250	2512.2
18.260000	2526.2
18.263750	2579.6
18.267500	2563.2
18.271250	2573.1
18.275000	2385.5
18.278750	2520.4
18.282500	2379.1
18.286250	2496.2
18.290000	2380.6
18.293750	2439.7
18.297500	2399.0
18.301250	2435.0
18.305000	2356.8
18.308750	2341.2
18.312500	2364.0
18.316250	2453.4
18.320000	2355.8
18.323750	2473.3
18.327500	2406.5
18.331250	2333.7
18.335000	2273.0
18.338750	2412.7
18.342500	2353.6
18.346250	2425.3
18.350000	2322.5
18.353750	2324.0
18.357500	2318.9
18.361250	2293.1
18.365000	2394.6
18.368750	2281.8
18.372500	2470.6
18.376250	2334.1
18.380000	2291.7
18.383750	2411.7
18.387500	2427.1
18.391250	2409.4
18.395000	2397.5
18.398750	2377.1
18.402500	2405.2
18.406250	2382.1
18.410000	2364.0
18.413750	2432.8
18.417500	2435.2
18.421250	2341.9
18.425000	2341.0
18.428750	2390.8
18.432500	2349.4
18.436250	2345.3
18.440000	2397.2
18.443750	2321.0
18.447500	2259.0
18.451250	2457.2
18.455000	2347.7
18.458750	2411.4
18.462500	2402.8
18.466250	2450.3
18.470000	2458.6
18.473750	2388.1
18.477500	2406.3
18.481250	2417.8
18.485000	2441.9
18.488750	2433.1
18.492500	2431.6
18.496250	2386.4
18.500000	2426.2
18.503750	2494.2
18.507500	2520.5
18.511250	2519.2
18.515000	2474.6
18.518750	2518.2
18.522500	2477.4
18.526250	2451.1
18.530000	2548.1
18.533750	2572.9
18.537500	2629.9
18.541250	2690.6
18.545000	2635.6
18.548750	2690.5
18.552500	2576.4
18.556250	2718.8
18.560000	2675.7
18.563750	2606.1
18.567500	2611.2
18.571250	2523.4
18.575000	2471.1
18.578750	2557.3
18.582500	2550.2
18.586250	2527.4
18.590000	2450.1
18.593750	2408.2
18.597500	2437.8
18.601250	2405.9
18.605000	2411.7
18.608750	2498.1
18.612500	2418.3
18.616250	2368.4
18.620000	2396.3
18.623750	2431.0
18.627500	2389.9
18.631250	2450.7
18.635000	2477.7
18.638750	2350.6
18.642500	2311.2
18.646250	2476.0
18.650000	2431.0
18.653750	2386.9
18.657500	2395.1
18.661250	2390.2
18.665000	2351.3
18.668750	2382.2
18.672500	2400.4
18.676250	2342.9
18.680000	2402.7
18.683750	2395.4
18.687500	2388.2
18.691250	2373.3
18.695000	2389.7
18.698750	2416.8
18.702500	2361.6
18.706250	2393.8
18.710000	2349.8
18.713750	2426.8
18.717500	2358.4
18.721250	2434.0
18.725000	2386.9
18.728750	2381.4
18.732500	2436.2
18.736250	2407.9
18.740000	2390.4
18.743750	2321.7
18.747500	2343.1
18.751250	2416.3
18.755000	2498.1
18.758750	2450.7
18.762500	2444.6
18.766250	2390.6
18.770000	2332.5
18.773750	2394.0
18.777500	2348.0
18.781250	2398.0
18.785000	2497.7
18.788750	2396.1
18.792500	2397.4
18.796250	2396.4
18.800000	2428.5
18.803750	2357.1
18.807500	2385.0
18.811250	2411.4
18.815000	2487.2
18.818750	2435.9
18.822500	2303.2
18.826250	2365.7
18.830000	2367.6
18.833750	2352.5
18.837500	2326.2
18.841250	2390.3
18.845000	2415.8
18.848750	2349.2
18.852500	2322.9
18.856250	2419.4
18.860000	2408.3
18.863750	2451.9
18.867500	2391.4
18.871250	2352.1
18.875000	2421.8
18.878750	2299.4
18.882500	2338.6
18.886250	2321.4
18.890000	2389.8
18.893750	2412.5
18.897500	2433.1
18.901250	2365.5
18.905000	2312.9
18.908750	2363.3
18.912500	2349.3
18.916250	2406.3
18.920000	2393.5
18.923750	2396.9
18.927500	2332.5
18.931250	2377.4
18.935000	2438.9
18.938750	2376.7
18.942500	2352.2
18.946250	2355.4
18.950000	2372.6
18.953750	2446.6
18.957500	2401.0
18.961250	2343.9
18.965000	2433.2
18.968750	2402.1
18.972500	2371.7
18.976250	2389.5
18.980000	2341.1
18.983750	2390.0
18.987500	2436.0
18.991250	2417.8
18.995000	2320.5
18.998750	2374.3
19.002500	2337.1
19.006250	2350.1
19.010000	2307.3
19.013750	2343.0
19.017500	2356.6
19.021250	2386.0
19.025000	2309.3
19.028750	2309.7
19.032500	2403.1
19.036250	2420.3
19.040000	2437.8
19.043750	2438.2
19.047500	2403.6
19.051250	2402.8
19.055000	2334.8
19.058750	2393.2
19.062500	2442.6
19.066250	2424.8
19.070000	2379.2
19.073750	2377.4
19.077500	2456.2
19.081250	2450.2
19.085000	2413.6
19.088750	2385.5
19.092500	2510.1
19.096250	2455.9
19.100000	2380.2
19.103750	2423.2
19.107500	2371.5
19.111250	2325.8
19.115000	2371.0
19.118750	2374.5
19.122500	2437.2
19.126250	2381.7
19.130000	2407.7
19.133750	2401.2
19.137500	2317.3
19.141250	2380.3
19.145000	2432.4
19.148750	2368.1
19.152500	2422.9
19.156250	2435.2
19.160000	2379.2
19.163750	2355.1
19.167500	2408.4
19.171250	2386.3
19.175000	2494.9
19.178750	2390.1
19.182500	2385.2
19.186250	2506.5
19.190000	2354.1
19.193750	2383.6
19.197500	2350.3
19.201250	2439.6
19.205000	2377.6
19.208750	2383.4
19.212500	2476.5
19.216250	2452.9
19.220000	2368.8
19.223750	2302.3
19.227500	2425.6
19.231250	2432.3
19.235000	2386.5
19.238750	2419.2
19.242500	2371.4
19.246250	2421.8
19.250000	2390.8
19.253750	2441.9
19.257500	2488.5
19.261250	2415.4
19.265000	2455.9
19.268750	2512.0
19.272500	2429.3
19.276250	2403.7
19.280000	2389.8
19.283750	2400.3
19.287500	2431.8
19.291250	2391.0
19.295000	2396.2
19.298750	2460.0
19.302500	2497.1
19.306250	2370.5
19.310000	2390.1
19.313750	2336.4
19.317500	2385.4
19.321250	2448.8
19.325000	2430.5
19.328750	2312.6
19.332500	2426.5
19.336250	2341.0
19.340000	2398.9
19.343750	2422.5
19.347500	2438.6
19.351250	2357.9
19.355000	2394.7
19.358750	2477.2
19.362500	2450.9
19.366250	2407.2
19.370000	2362.9
19.373750	2335.3
19.377500	2396.4
19.381250	2476.1
19.385000	2485.5
19.388750	2440.4
19.392500	2415.4
19.396250	2369.9
19.400000	2408.2
19.403750	2366.4
19.407500	2398.7
19.411250	2409.5
19.415000	2394.8
19.418750	2388.2
19.422500	2381.4
19.426250	2400.0
19.430000	2361.5
19.433750	2393.5
19.437500	2396.6
19.441250	2294.3
19.445000	2363.5
19.448750	2421.9
19.452500	2445.8
19.456250	2384.7
19.460000	2455.4
19.463750	2349.9
19.467500	2390.9
19.471250	2440.5
19.475000	2352.2
19.478750	2409.9
19.482500	2505.6
19.486250	2358.0
19.490000	2414.8
19.493750	2358.6
19.497500	2369.1
19.501250	2378.1
19.505000	2431.9
19.508750	2355.1
19.512500	2386.0
19.516250	2375.6
19.520000	2375.0
19.523750	2386.5
19.527500	2387.2
19.531250	2403.9
19.535000	2434.3
19.538750	2474.4
19.542500	2404.7
19.546250	2491.2
19.550000	2469.8
19.553750	2578.1
19.557500	2549.8
19.561250	2406.0
19.565000	2538.3
19.568750	2563.5
19.572500	2539.3
19.576250	2466.3
19.580000	2608.0
19.583750	2559.7
19.587500	2534.7
19.591250	2527.6
19.595000	2552.3
19.598750	2622.1
19.602500	2524.6
19.606250	2544.6
19.610000	2524.7
19.613750	2582.2
19.617500	2558.5
19.621250	2513.6
19.625000	2557.1
19.628750	2460.8
19.632500	2449.8
19.636250	2513.4
19.640000	2507.3
19.643750	2409.4
19.647500	2379.1
19.651250	2523.1
19.655000	2423.8
19.658750	2485.4
19.662500	2397.0
19.666250	2355.8
19.670000	2323.6
19.673750	2487.6
19.677500	2340.4
19.681250	2446.6
19.685000	2444.0
19.688750	2471.0
19.692500	2474.9
19.696250	2313.0
19.700000	2346.2
19.703750	2417.0
19.707500	2432.7
19.711250	2369.7
19.715000	2378.7
19.718750	2384.0
19.722500	2402.2
19.726250	2439.3
19.730000	2493.3
19.733750	2484.5
19.737500	2351.1
19.741250	2364.1
19.745000	2486.3
19.748750	2455.0
19.752500	2439.4
19.756250	2360.2
19.760000	2383.7
19.763750	2379.8
19.767500	2428.0
19.771250	2385.6
19.775000	2432.7
19.778750	2331.6
19.782500	2430.5
19.786250	2403.9
19.790000	2393.8
19.793750	2377.9
19.797500	2482.7
19.801250	2520.0
19.805000	2297.7
19.808750	2342.7
19.812500	2437.4
19.816250	2343.8
19.820000	2330.5
19.823750	2362.0
19.827500	2408.1
19.831250	2392.4
19.835000	2480.1
19.838750	2395.3
19.842500	2349.7
19.846250	2418.9
19.850000	2408.4
19.853750	2356.9
19.857500	2439.3
19.861250	2384.4
19.865000	2474.0
19.868750	2408.4
19.872500	2379.5
19.876250	2418.7
19.880000	2357.5
19.883750	2385.8
19.887500	2409.9
19.891250	2285.5
19.895000	2381.9
19.898750	2314.9
19.902500	2416.6
19.906250	2441.4
19.910000	2230.6
19.913750	2347.6
19.917500	2431.5
19.921250	2389.5
19.925000	2325.8
19.928750	2380.9
19.932500	2457.3
19.936250	2333.9
19.940000	2318.4
19.943750	2461.1
19.947500	2372.3
19.951250	2435.0
19.955000	2349.9
19.958750	2381.1
19.962500	2292.6
19.966250	2412.5
19.970000	2424.9
19.973750	2371.7
19.977500	2386.8
19.981250	2453.8
19.985000	2380.8
19.988750	2376.5
19.992500	2394.4
19.996250	2338.8
20.000000	2453.2
20.003750	2381.6
20.007500	2355.8
20.011250	2399.1
20.015000	2415.4
20.018750	2418.4
20.022500	2386.2
20.026250	2280.7
20.030000	2323.5
20.033750	2475.1
20.037500	2380.1
20.041250	2328.8
20.045000	2335.7
20.048750	2406.8
20.052500	2333.6
20.056250	2363.4
20.060000	2404.3
20.063750	2434.9
20.067500	2379.6
20.071250	2468.7
20.075000	2361.1
20.078750	2422.1
20.082500	2333.7
20.086250	2329.0
20.090000	2276.0
20.093750	2389.3
20.097500	2368.1
20.101250	2357.7
20.105000	2421.9
20.108750	2328.5
20.112500	2345.9
20.116250	2410.2
20.120000	2413.1
20.123750	2367.9
20.127500	2344.2
20.131250	2275.3
20.135000	2440.5
20.138750	2427.3
20.142500	2418.1
20.146250	2372.2
20.150000	2456.3
20.153750	2319.6
20.157500	2411.9
20.161250	2301.5
20.165000	2404.2
20.168750	2350.2
20.172500	2350.0
20.176250	2314.0
20.180000	2343.7
20.183750	2292.4
20.187500	2344.5
20.191250	2400.7
20.195000	2427.8
20.198750	2348.3
20.202500	2300.0
20.206250	2394.7
20.210000	2327.5
20.213750	2347.9
20.217500	2356.4
20.221250	2372.7
20.225000	2366.3
20.228750	2407.8
20.232500	2422.0
20.236250	2293.0
20.240000	2404.0
20.243750	2412.2
20.247500	2400.5
20.251250	2375.3
20.255000	2371.5
20.258750	2415.6
20.262500	2416.2
20.266250	2288.2
20.270000	2377.0
20.273750	2374.2
20.277500	2351.8
20.281250	2397.3
20.285000	2389.1
20.288750	2462.4
20.292500	2458.1
20.296250	2364.1
20.300000	2352.1
20.303750	2382.0
20.307500	2472.0
20.311250	2364.4
20.315000	2428.4
20.318750	2457.6
20.322500	2403.3
20.326250	2406.0
20.330000	2385.7
20.333750	2395.5
20.337500	2406.7
20.341250	2358.9
20.345000	2323.5
20.348750	2366.0
20.352500	2388.8
20.356250	2353.7
20.360000	2390.5
20.363750	2337.9
20.367500	2390.5
20.371250	2409.2
20.375000	2359.8
20.378750	2411.1
20.382500	2339.0
20.386250	2312.6
20.390000	2348.9
20.393750	2282.1
20.397500	2301.8
20.401250	2250.8
20.405000	2380.0
20.408750	2324.8
20.412500	2386.2
20.416250	2343.0
20.420000	2329.7
20.423750	2267.6
20.427500	2353.4
20.431250	2358.4
20.435000	2266.9
20.438750	2407.2
20.442500	2337.5
20.446250	2295.2
20.450000	2366.7
20.453750	2294.7
20.457500	2363.7
20.461250	2299.6
20.465000	2262.2
20.468750	2356.2
20.472500	2162.0
20.476250	2348.2
20.480000	2430.4
20.483750	2356.6
20.487500	2289.4
20.491250	2262.3
20.495000	2309.0
20.498750	2319.0
20.502500	2209.8
20.506250	2314.0
20.510000	2393.0
20.513750	2279.0
20.517500	2212.7
20.521250	2280.7
20.525000	2287.1
20.528750	2388.5
20.532500	2415.3
20.536250	2342.2
20.540000	2336.7
20.543750	2351.0
20.547500	2306.7
20.551250	2358.6
20.555000	2400.3
20.558750	2308.9
20.562500	2319.6
20.566250	2267.0
20.570000	2264.9
20.573750	2345.0
20.577500	2252.9
20.581250	2199.2
20.585000	2284.9
20.588750	2488.3
20.592500	2388.8
20.596250	2371.7
20.600000	2414.0
20.603750	2395.0
20.607500	2290.1
20.611250	2251.8
20.615000	2319.7
20.618750	2392.0
20.622500	2295.4
20.626250	2313.8
20.630000	2373.6
20.633750	2432.5
20.637500	2394.0
20.641250	2346.6
20.645000	2381.3
20.648750	2364.9
20.652500	2238.6
20.656250	2239.3
20.660000	2366.2
20.663750	2384.5
20.667500	2420.3
20.671250	2379.6
20.675000	2345.4
20.678750	2191.4
20.682500	2201.4
20.686250	2323.7
20.690000	2341.9
20.693750	2306.2
20.697500	2254.1
20.701250	2403.5
20.705000	2312.0
20.708750	2234.4
20.712500	2310.8
20.716250	2305.4
20.720000	2320.5
20.723750	2249.3
20.727500	2243.5
20.731250	2312.2
20.735000	2329.0
20.738750	2309.4
20.742500	2344.9
20.746250	2315.2
20.750000	2260.9
20.753750	2287.0
20.757500	2296.7
20.761250	2293.1
20.765000	2421.3
20.768750	2325.6
20.772500	2361.0
20.776250	2303.8
20.780000	2311.7
20.783750	2295.7
20.787500	2296.3
20.791250	2266.0
20.795000	2326.6
20.798750	2271.5
20.802500	2236.2
20.806250	2312.0
20.810000	2225.7
20.813750	2292.2
20.817500	2252.2
20.821250	2373.7
20.825000	2335.9
20.828750	2295.2
20.832500	2273.8
20.836250	2301.6
20.840000	2336.5
20.843750	2268.0
20.847500	2251.3
20.851250	2360.7
20.855000	2270.9
20.858750	2290.4
20.862500	2279.2
20.866250	2288.9
20.870000	2332.4
20.873750	2336.8
20.877500	2295.0
20.881250	2269.0
20.885000	2401.4
20.888750	2329.4
20.892500	2374.0
20.896250	2323.5
20.900000	2510.2
20.903750	2356.1
20.907500	2486.8
20.911250	2555.6
20.915000	2514.6
20.918750	2555.6
20.922500	2596.1
20.926250	2531.5
20.930000	2635.5
20.933750	2554.7
20.937500	2634.9
20.941250	2579.8
20.945000	2644.7
20.948750	2524.5
20.952500	2592.1
20.956250	2464.1
20.960000	2436.5
20.963750	2478.4
20.967500	2398.5
20.971250	2492.5
20.975000	2444.0
20.978750	2288.2
20.982500	2384.5
20.986250	2378.2
20.990000	2426.5
20.993750	2356.0
20.997500	2286.1
21.001250	2447.2
21.005000	2355.9
21.008750	2295.8
21.012500	2308.2
21.016250	2324.2
21.020000	2319.4
21.023750	2207.2
21.027500	2208.0
21.031250	2315.3
21.035000	2289.1
21.038750	2181.4
21.042500	2301.1
21.046250	2354.5
21.050000	2242.5
21.053750	2259.4
21.057500	2197.7
21.061250	2293.6
21.065000	2170.6
21.068750	2401.2
21.072500	2334.3
21.076250	2290.1
21.080000	2217.9
21.083750	2146.2
21.087500	2218.5
21.091250	2248.9
21.095000	2293.9
21.098750	2201.1
21.102500	2366.4
21.106250	2231.4
21.110000	2187.8
21.113750	2210.7
21.117500	2233.4
21.121250	2310.9
21.125000	2331.8
21.128750	2310.8
21.132500	2253.0
21.136250	2241.6
21.140000	2272.4
21.143750	2236.0
21.147500	2213.1
21.151250	2132.3
21.155000	2188.0
21.158750	2129.3
21.162500	2287.2
21.166250	2240.6
21.170000	2169.7
21.173750	2210.6
21.177500	2247.6
21.181250	2209.1
21.185000	2190.8
21.188750	2219.4
21.192500	2199.0
21.196250	2200.5
21.200000	2237.7
21.203750	2156.7
21.207500	2155.6
21.211250	2179.3
21.215000	2187.8
21.218750	2141.8
21.222500	2130.5
21.226250	2185.5
21.230000	2182.1
21.233750	2116.7
21.237500	2162.6
21.241250	2250.4
21.245000	2213.3
21.248750	2227.8
21.252500	2300.5
21.256250	2163.6
21.260000	2136.0
21.263750	2177.4
21.267500	2125.1
21.271250	2135.3
21.275000	2228.7
21.278750	2136.1
21.282500	2199.6
21.286250	2179.5
21.290000	2169.4
21.293750	2168.8
21.297500	2125.9
21.301250	2198.4
21.305000	2212.3
21.308750	2179.5
21.312500	2152.2
21.316250	2186.8
21.320000	2188.5
21.323750	2163.4
21.327500	2117.1
21.331250	2179.4
21.335000	2143.6
21.338750	2111.5
21.342500	2154.3
21.346250	2183.8
21.350000	2157.8
21.353750	2137.2
21.357500	2068.0
21.361250	2096.1
21.365000	2113.2
21.368750	2131.1
21.372500	2157.8
21.376250	2234.7
21.380000	2258.7
21.383750	2160.0
21.387500	2097.9
21.391250	2183.9
21.395000	2114.9
21.398750	2129.4
21.402500	2161.3
21.406250	2155.7
21.410000	2106.4
21.413750	2167.2
21.417500	2215.8
21.421250	2098.3
21.425000	2102.5
21.428750	2029.1
21.432500	2141.9
21.436250	2098.1
21.440000	2141.3
21.443750	2153.6
21.447500	2159.2
21.451250	2150.4
21.455000	2082.0
21.458750	2095.8
21.462500	2183.6
21.466250	2174.1
21.470000	2148.2
21.473750	2114.2
21.477500	2143.8
21.481250	2103.9
21.485000	2127.7
21.488750	2102.7
21.492500	2047.6
21.496250	2071.0
21.500000	2156.1
21.503750	2112.9
21.507500	2103.8
21.511250	2078.9
21.515000	2090.5
21.518750	2161.6
21.522500	2147.4
21.526250	2163.8
21.530000	2175.3
21.533750	2115.5
21.537500	2138.7
21.541250	2157.2
21.545000	2144.8
21.548750	2154.1
21.552500	2140.7
21.556250	2034.0
21.560000	2001.2
21.563750	2079.7
21.567500	2122.6
21.571250	2153.6
21.575000	2141.4
21.578750	2141.4
21.582500	2141.8
21.586250	2130.4
21.590000	2086.2
21.593750	2136.6
21.597500	2026.3
21.601250	2088.9
21.605000	2162.2
21.608750	2104.4
21.612500	2039.0
21.616250	2026.5
21.620000	2067.8
21.623750	2113.6
21.627500	2115.5
21.631250	2047.9
21.635000	2117.1
21.638750	2157.6
21.642500	2148.8
21.646250	2108.2
21.650000	2090.6
21.653750	2070.4
21.657500	2031.7
21.661250	2168.6
21.665000	2073.7
21.668750	2063.3
21.672500	2172.2
21.676250	2090.2
21.680000	2058.9
21.683750	2029.5
21.687500	2035.5
21.691250	2061.1
21.695000	1995.1
21.698750	2058.0
21.702500	2035.0
21.706250	2040.2
21.710000	2054.7
21.713750	2100.4
21.717500	2062.9
21.721250	2079.9
21.725000	2078.1
21.728750	2082.0
21.732500	2106.3
21.736250	2008.4
21.740000	2001.8
21.743750	2081.5
21.747500	2081.1
21.751250	2047.6
21.755000	2046.8
21.758750	2099.0
21.762500	2006.8
21.766250	2055.9
21.770000	1970.3
21.773750	1988.8
21.777500	2043.7
21.781250	2065.0
21.785000	2065.2
21.788750	2112.6
21.792500	2026.2
21.796250	1961.3
21.800000	2125.5
21.803750	2054.7
21.807500	2021.6
21.811250	2074.2
21.815000	2019.6
21.818750	1979.2
21.822500	2110.5
21.826250	2092.7
21.830000	2004.2
21.833750	2062.3
21.837500	2066.0
21.841250	2067.0
21.845000	2125.3
21.848750	2016.9
21.852500	1997.4
21.856250	1981.1
21.860000	1971.3
21.863750	2085.5
21.867500	2014.2
21.871250	1966.0
21.875000	2023.2
21.878750	1994.9
21.882500	2041.1
21.886250	2126.8
21.890000	2088.3
21.893750	2071.0
21.897500	2010.0
21.901250	2030.5
21.905000	2060.4
21.908750	1984.4
21.912500	1996.7
21.916250	2041.1
21.920000	2063.9
21.923750	2052.0
21.927500	2056.1
21.931250	2021.4
21.935000	1959.2
21.938750	2012.4
21.942500	2016.5
21.946250	2083.1
21.950000	2048.5
21.953750	2019.4
21.957500	2077.4
21.961250	2107.3
21.965000	2031.1
21.968750	2041.2
21.972500	2017.5
21.976250	2026.4
21.980000	2011.6
21.983750	2023.4
21.987500	1995.0
21.991250	2089.1
21.995000	2110.8
21.998750	2003.8
22.002500	1994.3
22.006250	2016.4
22.010000	2016.7
22.013750	1958.9
22.017500	2045.2
22.021250	2070.3
22.025000	2019.2
22.028750	1995.8
22.032500	1990.9
22.036250	2012.5
22.040000	1998.3
22.043750	2086.5
22.047500	2094.5
22.051250	1998.8
22.055000	1984.4
22.058750	2016.0
22.062500	1958.9
22.066250	1964.6
22.070000	2065.1
22.073750	2032.2
22.077500	2068.8
22.081250	2052.9
22.085000	2027.2
22.088750	2040.7
22.092500	2005.7
22.096250	1960.2
22.100000	1997.9
22.103750	2058.7
22.107500	2049.9
22.111250	2082.0
22.115000	2039.6
22.118750	1958.1
22.122500	1970.8
22.126250	2075.3
22.130000	1994.1
22.133750	1972.5
22.137500	2084.8
22.141250	2030.9
22.145000	1984.7
22.148750	2042.1
22.152500	2008.6
22.156250	2021.0
22.160000	1970.9
22.163750	2007.6
22.167500	2018.8
22.171250	2032.0
22.175000	1976.4
22.178750	2038.4
22.182500	2032.9
22.186250	1941.9
22.190000	1956.9
22.193750	1968.8
22.197500	1989.9
22.201250	2011.5
22.205000	2047.4
22.208750	2018.1
22.212500	2030.4
22.216250	2056.9
22.220000	1979.3
22.223750	1951.0
22.227500	1973.9
22.231250	2018.7
22.235000	2027.2
22.238750	2027.8
22.242500	1955.6
22.246250	1979.4
22.250000	1991.0
22.253750	2007.3
22.257500	1962.2
22.261250	2012.4
22.265000	1983.5
22.268750	1964.0
22.272500	2020.7
22.276250	2015.4
22.280000	2002.4
22.283750	2082.8
22.287500	1949.8
22.291250	1989.9
22.295000	2003.8
22.298750	2020.6
22.302500	2040.9
22.306250	1985.8
22.310000	2066.0
22.313750	2012.6
22.317500	1993.1
22.321250	2063.3
22.325000	1932.0
22.328750	2014.4
22.332500	1987.7
22.336250	2040.9
22.340000	2028.2
22.343750	1964.7
22.347500	1986.1
22.351250	2053.0
22.355000	1936.5
22.358750	1980.6
22.362500	1958.0
22.366250	2095.1
22.370000	2034.2
22.373750	1998.4
22.377500	2163.2
22.381250	2016.5
22.385000	2027.4
22.388750	2064.3
22.392500	2081.5
22.396250	1991.8
22.400000	2000.8
22.403750	2092.0
22.407500	2083.0
22.411250	2106.6
22.415000	2056.7
22.418750	2095.9
22.422500	2131.4
22.426250	2198.4
22.430000	2193.4
22.433750	2252.8
22.437500	2341.9
22.441250	2289.0
22.445000	2388.0
22.448750	2406.5
22.452500	2682.4
22.456250	2798.1
22.460000	2846.0
22.463750	2973.0
22.467500	3212.4
22.471250	3416.1
22.475000	3741.5
22.478750	3919.7
22.482500	3959.0
22.486250	4026.7
22.490000	4251.0
22.493750	4140.2
22.497500	4144.1
22.501250	4153.7
22.505000	4043.0
22.508750	3881.6
22.512500	3726.9
22.516250	3583.6
22.520000	3482.0
22.523750	3234.3
22.527500	3002.9
22.531250	2779.0
22.535000	2779.9
22.538750	2653.2
22.542500	2609.1
22.546250	2500.5
22.550000	2593.0
22.553750	2471.1
22.557500	2433.0
22.561250	2484.0
22.565000	2587.8
22.568750	2620.9
22.572500	2683.4
22.576250	2766.9
22.580000	2833.7
22.583750	2883.6
22.587500	2967.6
22.591250	3129.0
22.595000	3157.2
22.598750	3250.5
22.602500	3178.8
22.606250	3097.4
22.610000	2978.0
22.613750	2925.5
22.617500	2844.6
22.621250	2638.5
22.625000	2548.0
22.628750	2499.6
22.632500	2336.2
22.636250	2282.5
22.640000	2243.5
22.643750	2271.1
22.647500	2194.1
22.651250	2123.5
22.655000	2203.7
22.658750	2243.9
22.662500	2133.8
22.666250	2187.4
22.670000	2207.1
22.673750	2161.3
22.677500	2110.1
22.681250	2103.9
22.685000	2126.1
22.688750	2082.3
22.692500	2121.2
22.696250	2143.3
22.700000	2170.3
22.703750	2100.2
22.707500	2139.5
22.711250	2264.7
22.715000	2215.8
22.718750	2163.5
22.722500	2286.1
22.726250	2240.4
22.730000	2270.8
22.733750	2381.2
22.737500	2429.1
22.741250	2503.3
22.745000	2602.2
22.748750	2772.1
22.752500	2848.2
22.756250	3001.2
22.760000	3396.0
22.763750	3518.6
22.767500	3707.7
22.771250	3857.2
22.775000	4038.6
22.778750	4016.3
22.782500	3871.1
22.786250	3722.0
22.790000	3634.2
22.793750	3409.2
22.797500	3117.3
22.801250	2968.0
22.805000	2778.7
22.808750	2611.1
22.812500	2647.7
22.816250	2519.7
22.820000	2394.1
22.823750	2361.7
22.827500	2358.8
22.831250	2293.4
22.835000	2304.5
22.838750	2315.4
22.842500	2249.4
22.846250	2106.8
22.850000	2094.1
22.853750	2199.5
22.857500	2141.1
22.861250	2105.1
22.865000	2066.6
22.868750	2139.1
22.872500	2150.0
22.876250	2069.3
22.880000	2107.0
22.883750	2176.4
22.887500	2175.3
22.891250	2207.9
22.895000	2217.3
22.898750	2228.1
22.902500	2222.7
22.906250	2164.9
22.910000	2231.4
22.913750	2254.1
22.917500	2193.0
22.921250	2253.7
22.925000	2240.1
22.928750	2147.9
22.932500	2188.1
22.936250	2198.0
22.940000	2164.9
22.943750	2206.1
22.947500	2138.8
22.951250	2131.1
22.955000	2176.0
22.958750	2105.6
22.962500	2053.7
22.966250	2028.9
22.970000	2067.4
22.973750	2059.0
22.977500	2134.6
22.981250	2158.7
22.985000	2151.2
22.988750	2134.2
22.992500	2087.4
22.996250	2111.5
23.000000	2101.1
23.003750	2092.4
23.007500	2141.9
23.011250	2099.6
23.015000	2112.0
23.018750	2175.3
23.022500	2217.1
23.026250	2218.9
23.030000	2274.0
23.033750	2270.0
23.037500	2271.5
23.041250	2292.3
23.045000	2325.0
23.048750	2415.1
23.052500	2521.9
23.056250	2489.8
23.060000	2636.4
23.063750	2674.0
23.067500	2744.8
23.071250	2854.1
23.075000	3100.5
23.078750	3234.6
23.082500	3360.8
23.086250	3541.4
23.090000	3858.4
23.093750	3938.1
23.097500	3986.4
23.101250	4019.2
23.105000	4121.1
23.108750	3973.4
23.112500	3954.0
23.116250	3825.9
23.120000	3773.1
23.123750	3771.2
23.127500	3730.4
23.131250	3603.8
23.135000	3727.8
23.138750	3879.3
23.142500	3811.9
23.146250	3875.4
23.150000	3965.7
23.153750	3910.8
23.157500	3943.9
23.161250	4007.0
23.165000	3932.2
23.168750	3830.4
23.172500	3588.2
23.176250	3323.2
23.180000	3131.4
23.183750	2919.4
23.187500	2778.4
23.191250	2684.5
23.195000	2661.0
23.198750	2556.9
23.202500	2373.3
23.206250	2354.2
23.210000	2313.3
23.213750	2358.2
23.217500	2286.9
23.221250	2255.8
23.225000	2255.7
23.228750	2183.3
23.232500	2175.9
23.236250	2179.2
23.240000	2182.8
23.243750	1976.7
23.247500	1985.2
23.251250	2013.0
23.255000	2046.6
23.258750	2041.8
23.262500	2009.4
23.266250	2043.1
23.270000	2029.6
23.273750	1988.4
23.277500	1889.0
23.281250	1990.7
23.285000	1957.4
23.288750	1918.3
23.292500	1913.4
23.296250	1916.4
23.300000	2008.6
23.303750	1951.7
23.307500	1917.2
23.311250	1945.0
23.315000	1892.5
23.318750	1852.1
23.322500	1895.8
23.326250	1850.0
23.330000	1898.1
23.333750	1924.2
23.337500	1860.4
23.341250	1880.0
23.345000	1891.8
23.348750	1778.9
23.352500	1862.9
23.356250	1876.8
23.360000	1801.2
23.363750	1878.4
23.367500	1861.0
23.371250	1870.6
23.375000	1778.2
23.378750	1840.2
23.382500	1878.1
23.386250	1836.6
23.390000	1884.0
23.393750	1860.3
23.397500	1867.9
23.401250	1850.3
23.405000	1869.7
23.408750	1837.1
23.412500	1758.5
23.416250	1773.4
23.420000	1785.3
23.423750	1760.5
23.427500	1816.3
23.431250	1883.7
23.435000	1803.9
23.438750	1779.1
23.442500	1883.7
23.446250	1862.5
23.450000	1830.1
23.453750	1802.1
23.457500	1854.2
23.461250	1898.3
23.465000	1945.3
23.468750	1967.1
23.472500	2016.8
23.476250	2081.9
23.480000	2258.7
23.483750	2302.9
23.487500	2346.6
23.491250	2481.6
23.495000	2376.1
23.498750	2331.7
23.502500	2218.7
23.506250	2182.0
23.510000	2054.8
23.513750	1981.8
23.517500	1951.6
23.521250	1910.3
23.525000	1840.7
23.528750	1869.8
23.532500	1863.2
23.536250	1857.5
23.540000	1835.2
23.543750	1766.0
23.547500	1876.4
23.551250	1833.4
23.555000	1820.7
23.558750	1760.6
23.562500	1829.7
23.566250	1795.0
23.570000	1818.5
23.573750	1765.1
23.577500	1832.8
23.581250	1811.1
23.585000	1759.1
23.588750	1823.3
23.592500	1832.1
23.596250	1747.9
23.600000	1786.8
23.603750	1824.0
23.607500	1839.5
23.611250	1773.2
23.615000	1778.4
23.618750	1861.0
23.622500	1818.3
23.626250	1830.2
23.630000	1855.9
23.633750	1821.0
23.637500	1780.2
23.641250	1758.4
23.645000	1769.0
23.648750	1731.7
23.652500	1832.1
23.656250	1852.5
23.660000	1804.9
23.663750	1816.3
23.667500	1802.0
23.671250	1773.3
23.675000	1789.0
23.678750	1765.6
23.682500	1810.1
23.686250	1845.5
23.690000	1766.5
23.693750	1877.1
23.697500	1772.5
23.701250	1777.9
23.705000	1772.4
23.708750	1812.3
23.712500	1773.5
23.716250	1844.9
23.720000	1815.1
23.723750	1794.3
23.727500	1818.1
23.731250	1783.1
23.735000	1809.1
23.738750	1758.6
23.742500	1778.5
23.746250	1862.3
23.750000	1733.8
23.753750	1712.9
23.757500	1779.5
23.761250	1701.2
23.765000	1811.0
23.768750	1820.1
23.772500	1758.4
23.776250	1746.7
23.780000	1769.7
23.783750	1745.5
23.787500	1744.6
23.791250	1760.6
23.795000	1689.4
23.798750	1766.8
23.802500	1802.5
23.806250	1708.7
23.810000	1682.5
23.813750	1711.8
23.817500	1735.3
23.821250	1769.4
23.825000	1702.2
23.828750	1715.7
23.832500	1888.8
23.836250	1742.8
23.840000	1730.0
23.843750	1726.4
23.847500	1730.5
23.851250	1736.5
23.855000	1701.5
23.858750	1765.5
23.862500	1719.4
23.866250	1778.9
23.870000	1769.5
23.873750	1766.9
23.877500	1766.4
23.881250	1677.2
23.885000	1761.8
23.888750	1733.9
23.892500	1745.5
23.896250	1744.0
23.900000	1688.6
23.903750	1666.6
23.907500	1741.8
23.911250	1761.9
23.915000	1702.5
23.918750	1774.6
23.922500	1703.7
23.926250	1745.9
23.930000	1730.8
23.933750	1732.9
23.937500	1713.4
23.941250	1785.7
23.945000	1832.4
23.948750	1797.6
23.952500	1774.2
23.956250	1781.9
23.960000	1731.5
23.963750	1716.8
23.967500	1823.9
23.971250	1792.7
23.975000	1792.0
23.978750	1771.0
23.982500	1769.9
23.986250	1739.3
23.990000	1723.1
23.993750	1730.4
23.997500	1771.8
24.001250	1765.8
24.005000	1796.2
24.008750	1786.1
24.012500	1725.3
24.016250	1709.3
24.020000	1779.0
24.023750	1792.3
24.027500	1681.0
24.031250	1847.8
24.035000	1807.2
24.038750	1795.9
24.042500	1762.0
24.046250	1791.7
24.050000	1825.0
24.053750	1803.5
24.057500	1719.9
24.061250	1768.1
24.065000	1778.2
24.068750	1768.7
24.072500	1865.3
24.076250	1800.2
24.080000	1773.8
24.083750	1916.2
24.087500	1857.5
24.091250	1801.5
24.095000	1858.8
24.098750	1891.8
24.102500	1846.3
24.106250	1827.0
24.110000	1780.2
24.113750	1846.2
24.117500	1899.6
24.121250	1886.8
24.125000	1906.1
24.128750	1849.1
24.132500	1767.0
24.136250	1777.4
24.140000	1905.1
24.143750	1929.2
24.147500	1905.9
24.151250	1885.8
24.155000	1861.0
24.158750	1911.4
24.162500	1969.4
24.166250	1960.7
24.170000	1999.3
24.173750	1987.6
24.177500	2032.5
24.181250	2073.5
24.185000	2197.6
24.188750	2197.2
24.192500	2269.4
24.196250	2224.5
24.200000	2315.6
24.203750	2469.4
24.207500	2546.7
24.211250	2585.8
24.215000	2695.9
24.218750	2733.4
24.222500	2779.3
24.226250	2750.7
24.230000	2759.4
24.233750	2615.7
24.237500	2518.5
24.241250	2505.0
24.245000	2448.3
24.248750	2344.1
24.252500	2242.2
24.256250	2225.5
24.260000	2121.0
24.263750	2106.5
24.267500	2055.3
24.271250	1972.5
24.275000	1993.1
24.278750	1943.9
24.282500	1881.6
24.286250	1902.2
24.290000	1835.4
24.293750	1945.7
24.297500	1952.1
24.301250	1798.9
24.305000	1794.5
24.308750	1803.0
24.312500	1852.6
24.316250	1839.9
24.320000	1752.3
24.323750	1783.1
24.327500	1875.5
24.331250	1850.7
24.335000	1783.5
24.338750	1839.8
24.342500	1830.8
24.346250	1822.6
24.350000	1861.6
24.353750	1744.9
24.357500	1771.3
24.361250	1819.5
24.365000	1836.2
24.368750	1819.6
24.372500	1812.7
24.376250	1832.3
24.380000	1816.2
24.383750	1801.7
24.387500	1783.7
24.391250	1856.5
24.395000	1816.6
24.398750	1858.1
24.402500	1768.3
24.406250	1788.6
24.410000	1848.0
24.413750	1766.8
24.417500	1884.6
24.421250	1919.0
24.425000	1826.4
24.428750	1751.6
24.432500	1770.4
24.436250	1778.5
24.440000	1795.2
24.443750	1811.6
24.447500	1874.4
24.451250	1848.3
24.455000	1888.0
24.458750	1819.2
24.462500	1731.5
24.466250	1809.2
24.470000	1857.8
24.473750	1853.8
24.477500	1905.6
24.481250	1869.6
24.485000	1903.8
24.488750	1930.9
24.492500	1927.4
24.496250	1916.6
24.500000	1967.0
24.503750	1924.9
24.507500	1873.7
24.511250	1942.4
24.515000	1969.8
24.518750	1995.7
24.522500	1992.6
24.526250	1970.4
24.530000	2124.8
24.533750	2100.8
24.537500	2121.9
24.541250	2149.6
24.545000	2072.1
24.548750	2188.7
24.552500	2266.4
24.556250	2253.5
24.560000	2358.0
24.563750	2382.6
24.567500	2403.5
24.571250	2523.5
24.575000	2567.8
24.578750	2709.9
24.582500	2764.5
24.586250	3033.2
24.590000	3090.4
24.593750	3301.2
24.597500	3508.8
24.601250	3648.0
24.605000	3944.1
24.608750	4132.7
24.612500	4288.9
24.616250	4566.7
24.620000	4679.1
24.623750	4789.5
24.627500	4738.7
24.631250	4683.2
24.635000	4486.1
24.638750	4208.6
24.642500	4280.7
24.646250	4280.1
24.650000	4117.0
24.653750	3977.3
24.657500	3992.4
24.661250	4008.1
24.665000	3778.8
24.668750	3826.2
24.672500	3777.8
24.676250	3925.3
24.680000	3920.5
24.683750	3649.9
24.687500	3747.2
24.691250	3903.4
24.695000	4000.4
24.698750	3957.2
24.702500	4033.8
24.706250	4030.6
24.710000	4194.1
24.713750	4221.6
24.717500	4314.0
24.721250	4440.0
24.725000	4409.7
24.728750	4551.8
24.732500	4603.7
24.736250	4597.2
24.740000	4534.0
24.743750	4315.7
24.747500	4184.0
24.751250	4036.3
24.755000	3873.5
24.758750	3633.9
24.762500	3417.3
24.766250	3201.2
24.770000	3031.5
24.773750	2920.9
24.777500	2795.7
24.781250	2640.6
24.785000	2550.7
24.788750	2419.7
24.792500	2422.2
24.796250	2298.0
24.800000	2412.3
24.803750	2294.6
24.807500	2220.3
24.811250	2190.1
24.815000	2185.9
24.818750	2213.9
24.822500	2062.4
24.826250	2062.2
24.830000	2017.3
24.833750	2069.9
24.837500	2033.5
24.841250	2035.7
24.845000	1976.2
24.848750	1980.8
24.852500	1942.3
24.856250	2045.0
24.860000	1946.3
24.863750	1950.0
24.867500	1958.0
24.871250	1994.4
24.875000	1951.5
24.878750	1844.8
24.882500	1928.7
24.886250	1919.4
24.890000	1863.9
24.893750	1836.0
24.897500	1801.0
24.901250	1878.9
24.905000	1841.7
24.908750	1865.3
24.912500	1871.7
24.916250	1852.1
24.920000	1815.4
24.923750	1844.3
24.927500	1805.6
24.931250	1802.0
24.935000	1879.0
24.938750	1804.2
24.942500	1796.0
24.946250	1815.9
24.950000	1878.2
24.953750	1794.4
24.957500	1862.6
24.961250	1835.9
24.965000	1833.7
24.968750	1844.4
24.972500	1918.6
24.976250	1880.9
24.980000	1851.3
24.983750	1824.5
24.987500	1819.3
24.991250	1840.9
24.995000	1887.0
24.998750	1901.2
25.002500	1907.7
25.006250	1812.0
25.010000	1871.2
25.013750	1780.3
25.017500	1851.5
25.021250	1923.2
25.025000	1842.4
25.028750	1925.4
25.032500	1992.7
25.036250	1937.6
25.040000	1908.5
25.043750	2033.8
25.047500	1904.4
25.051250	2015.7
25.055000	2005.4
25.058750	2016.4
25.062500	2053.0
25.066250	1996.3
25.070000	2088.7
25.073750	2064.3
25.077500	2040.2
25.081250	2065.8
25.085000	2054.9
25.088750	2082.2
25.092500	2104.1
25.096250	2105.6
25.100000	2132.1
25.103750	2177.9
25.107500	2118.9
25.111250	2172.9
25.115000	2169.2
25.118750	2257.7
25.122500	2277.2
25.126250	2350.8
25.130000	2419.8
25.133750	2524.8
25.137500	2506.3
25.141250	2605.5
25.145000	2577.4
25.148750	2703.9
25.152500	2913.3
25.156250	2968.7
25.160000	3034.1
25.163750	3249.1
25.167500	3327.0
25.171250	3598.9
25.175000	3808.4
25.178750	3862.2
25.182500	4218.2
25.186250	4444.4
25.190000	4542.2
25.193750	4712.2
25.197500	4636.3
25.201250	4704.8
25.205000	4739.8
25.208750	4601.3
25.212500	4336.8
25.216250	4113.9
25.220000	3945.3
25.223750	3651.0
25.227500	3467.2
25.231250	3278.6
25.235000	3072.8
25.238750	3005.8
25.242500	2825.0
25.246250	2633.2
25.250000	2545.2
25.253750	2471.6
25.257500	2407.8
25.261250	2324.6
25.265000	2304.6
25.268750	2264.8
25.272500	2139.0
25.276250	2108.6
25.280000	2131.9
25.283750	2091.2
25.287500	2018.0
25.291250	2087.7
25.295000	2094.4
25.298750	2006.3
25.302500	1993.3
25.306250	2017.1
25.310000	2117.2
25.313750	2174.3
25.317500	2235.5
25.321250	2179.7
25.325000	2301.3
25.328750	2434.3
25.332500	2267.8
25.336250	2179.5
25.340000	2116.9
25.343750	2041.4
25.347500	1900.9
25.351250	1759.1
25.355000	1795.2
25.358750	1826.6
25.362500	1747.7
25.366250	1767.7
25.370000	1787.0
25.373750	1766.3
25.377500	1726.5
25.381250	1702.7
25.385000	1646.2
25.388750	1767.8
25.392500	1699.0
25.396250	1749.9
25.400000	1738.8
25.403750	1674.8
25.407500	1691.1
25.411250	1656.7
25.415000	1669.6
25.418750	1653.7
25.422500	1732.5
25.426250	1645.8
25.430000	1682.1
25.433750	1639.7
25.437500	1626.1
25.441250	1617.0
25.445000	1682.9
25.448750	1624.5
25.452500	1655.2
25.456250	1704.9
25.460000	1721.5
25.463750	1715.2
25.467500	1639.3
25.471250	1639.6
25.475000	1664.4
25.478750	1751.4
25.482500	1618.1
25.486250	1644.6
25.490000	1702.7
25.493750	1705.6
25.497500	1656.6
25.501250	1743.5
25.505000	1683.6
25.508750	1629.1
25.512500	1656.7
25.516250	1694.5
25.520000	1697.8
25.523750	1676.4
25.527500	1668.0
25.531250	1733.3
25.535000	1726.9
25.538750	1601.9
25.542500	1598.4
25.546250	1708.7
25.550000	1700.6
25.553750	1738.7
25.557500	1743.7
25.561250	1752.3
25.565000	1665.1
25.568750	1645.1
25.572500	1697.7
25.576250	1686.2
25.580000	1649.1
25.583750	1668.8
25.587500	1695.3
25.591250	1620.5
25.595000	1706.3
25.598750	1653.1
25.602500	1584.2
25.606250	1710.3
25.610000	1759.5
25.613750	1650.0
25.617500	1646.4
25.621250	1701.7
25.625000	1654.2
25.628750	1668.3
25.632500	1682.5
25.636250	1727.7
25.640000	1781.4
25.643750	1815.2
25.647500	1821.8
25.651250	1810.8
25.655000	1830.8
25.658750	1827.2
25.662500	1951.7
25.666250	2074.9
25.670000	1978.8
25.673750	1918.6
25.677500	1943.7
25.681250	1981.0
25.685000	1866.1
25.688750	1834.0
25.692500	1948.0
25.696250	1888.7
25.700000	1869.9
25.703750	1820.5
25.707500	1765.1
25.711250	1782.1
25.715000	1839.0
25.718750	1775.1
25.722500	1667.5
25.726250	1703.8
25.730000	1681.6
25.733750	1704.3
25.737500	1724.3
25.741250	1657.7
25.745000	1686.4
25.748750	1660.8
25.752500	1633.2
25.756250	1679.0
25.760000	1709.3
25.763750	1710.6
25.767500	1678.7
25.771250	1635.1
25.775000	1639.3
25.778750	1700.7
25.782500	1704.5
25.786250	1691.1
25.790000	1589.3
25.793750	1625.1
25.797500	1697.3
25.801250	1658.9
25.805000	1625.3
25.808750	1669.6
25.812500	1717.6
25.816250	1738.8
25.820000	1695.1
25.823750	1739.1
25.827500	1783.7
25.831250	1823.5
25.835000	1826.4
25.838750	1804.7
25.842500	1852.8
25.846250	1947.0
25.850000	1908.5
25.853750	1892.9
25.857500	1879.0
25.861250	1817.0
25.865000	1791.7
25.868750	1778.5
25.872500	1736.9
25.876250	1715.3
25.880000	1733.6
25.883750	1682.7
25.887500	1600.5
25.891250	1634.8
25.895000	1613.9
25.898750	1626.8
25.902500	1675.9
25.906250	1678.2
25.910000	1660.6
25.913750	1676.0
25.917500	1602.6
25.921250	1631.1
25.925000	1648.0
25.928750	1647.6
25.932500	1644.1
25.936250	1641.4
25.940000	1628.2
25.943750	1630.8
25.947500	1636.2
25.951250	1672.3
25.955000	1680.7
25.958750	1655.6
25.962500	1698.2
25.966250	1616.1
25.970000	1625.1
25.973750	1676.3
25.977500	1688.8
25.981250	1800.4
25.985000	1709.7
25.988750	1647.8
25.992500	1669.6
25.996250	1711.8
26.000000	1742.4
26.003750	1651.2
26.007500	1635.0
26.011250	1688.5
26.015000	1723.8
26.018750	1729.7
26.022500	1841.1
26.026250	1803.6
26.030000	1746.0
26.033750	1779.7
26.037500	1769.6
26.041250	1723.5
26.045000	1777.6
26.048750	1801.1
26.052500	1700.2
26.056250	1625.6
26.060000	1634.5
26.063750	1738.1
26.067500	1789.8
26.071250	1683.7
26.075000	1696.9
26.078750	1727.4
26.082500	1790.9
26.086250	1754.1
26.090000	1560.1
26.093750	1606.0
26.097500	1640.7
26.101250	1714.2
26.105000	1665.7
26.108750	1682.7
26.112500	1575.6
26.116250	1603.2
26.120000	1660.0
26.123750	1725.3
26.127500	1669.9
26.131250	1680.1
26.135000	1591.6
26.138750	1633.2
26.142500	1687.6
26.146250	1651.5
26.150000	1618.1
26.153750	1691.2
26.157500	1649.4
26.161250	1590.9
26.165000	1642.7
26.168750	1603.7
26.172500	1663.5
26.176250	1693.3
26.180000	1625.9
26.183750	1652.9
26.187500	1608.4
26.191250	1689.0
26.195000	1698.5
26.198750	1685.1
26.202500	1677.5
26.206250	1631.2
26.210000	1640.5
26.213750	1661.6
26.217500	1724.8
26.221250	1659.8
26.225000	1680.0
26.228750	1649.5
26.232500	1692.5
26.236250	1712.7
26.240000	1775.6
26.243750	1748.7
26.247500	1746.1
26.251250	1714.7
26.255000	1659.2
26.258750	1716.6
26.262500	1718.9
26.266250	1713.3
26.270000	1807.4
26.273750	1743.7
26.277500	1717.0
26.281250	1744.6
26.285000	1695.6
26.288750	1753.6
26.292500	1854.9
26.296250	1785.8
26.300000	1823.9
26.303750	1772.9
26.307500	1855.2
26.311250	1867.5
26.315000	1796.9
26.318750	1834.0
26.322500	1869.4
26.326250	1892.0
26.330000	1783.9
26.333750	1848.5
26.337500	1856.7
26.341250	1873.9
26.345000	1739.3
26.348750	1764.5
26.352500	1821.9
26.356250	1764.6
26.360000	1827.0
26.363750	1785.2
26.367500	1737.5
26.371250	1816.1
26.375000	1750.8
26.378750	1785.3
26.382500	1798.0
26.386250	1821.4
26.390000	1791.1
26.393750	1790.1
26.397500	1718.0
26.401250	1763.9
26.405000	1833.4
26.408750	1700.3
26.412500	1694.3
26.416250	1827.8
26.420000	1783.8
26.423750	1782.8
26.427500	1845.4
26.431250	1790.3
26.435000	1817.2
26.438750	1847.7
26.442500	1741.5
26.446250	1844.6
26.450000	1914.8
26.453750	1860.4
26.457500	1864.7
26.461250	1915.6
26.465000	1834.1
26.468750	1795.4
26.472500	1908.2
26.476250	1805.7
26.480000	1824.9
26.483750	1784.5
26.487500	1826.2
26.491250	1747.7
26.495000	1711.7
26.498750	1720.5
26.502500	1733.0
26.506250	1760.2
26.510000	1658.1
26.513750	1745.1
26.517500	1711.5
26.521250	1759.1
26.525000	1727.5
26.528750	1762.0
26.532500	1760.7
26.536250	1712.3
26.540000	1648.8
26.543750	1641.5
26.547500	1683.2
26.551250	1668.3
26.555000	1636.1
26.558750	1713.4
26.562500	1679.6
26.566250	1660.8
26.570000	1684.8
26.573750	1657.2
26.577500	1662.5
26.581250	1707.3
26.585000	1639.5
26.588750	1665.9
26.592500	1704.5
26.596250	1668.7
26.600000	1702.3
26.603750	1746.9
26.607500	1661.5
26.611250	1696.3
26.615000	1719.1
26.618750	1712.8
26.622500	1674.5
26.626250	1724.7
26.630000	1633.9
26.633750	1735.9
26.637500	1676.3
26.641250	1674.9
26.645000	1667.3
26.648750	1691.3
26.652500	1691.6
26.656250	1763.5
26.660000	1658.3
26.663750	1632.4
26.667500	1639.8
26.671250	1681.1
26.675000	1659.3
26.678750	1614.7
26.682500	1649.5
26.686250	1598.7
26.690000	1624.0
26.693750	1653.0
26.697500	1586.2
26.701250	1630.2
26.705000	1667.0
26.708750	1665.0
26.712500	1624.3
26.716250	1599.8
26.720000	1688.5
26.723750	1659.9
26.727500	1563.8
26.731250	1659.4
26.735000	1663.3
26.738750	1621.5
26.742500	1595.2
26.746250	1683.2
26.750000	1592.2
26.753750	1579.9
26.757500	1666.3
26.761250	1611.8
26.765000	1632.9
26.768750	1666.8
26.772500	1612.5
26.776250	1593.9
26.780000	1575.6
26.783750	1531.1
26.787500	1572.0
26.791250	1559.7
26.795000	1593.0
26.798750	1552.8
26.802500	1559.3
26.806250	1567.1
26.810000	1571.6
26.813750	1629.5
26.817500	1601.8
26.821250	1641.7
26.825000	1589.8
26.828750	1611.5
26.832500	1657.2
26.836250	1556.0
26.840000	1561.3
26.843750	1625.0
26.847500	1561.5
26.851250	1516.6
26.855000	1556.0
26.858750	1552.6
26.862500	1580.4
26.866250	1548.1
26.870000	1674.2
26.873750	1690.0
26.877500	1599.4
26.881250	1605.0
26.885000	1626.0
26.888750	1638.9
26.892500	1646.2
26.896250	1630.5
26.900000	1686.1
26.903750	1601.7
26.907500	1579.5
26.911250	1659.0
26.915000	1628.2
26.918750	1644.4
26.922500	1606.1
26.926250	1561.0
26.930000	1603.2
26.933750	1612.2
26.937500	1529.6
26.941250	1655.8
26.945000	1615.0
26.948750	1587.4
26.952500	1616.7
26.956250	1592.8
26.960000	1537.5
26.963750	1596.1
26.967500	1612.1
26.971250	1626.0
26.975000	1564.5
26.978750	1588.5
26.982500	1644.0
26.986250	1579.7
26.990000	1559.7
26.993750	1696.7
26.997500	1592.6
27.001250	1581.0
27.005000	1623.7
27.008750	1556.3
27.012500	1619.3
27.016250	1558.6
27.020000	1601.0
27.023750	1651.7
27.027500	1656.5
27.031250	1551.7
27.035000	1583.3
27.038750	1550.4
27.042500	1640.0
27.046250	1587.0
27.050000	1602.6
27.053750	1647.6
27.057500	1572.7
27.061250	1661.6
27.065000	1618.2
27.068750	1613.8
27.072500	1612.9
27.076250	1614.3
27.080000	1678.2
27.083750	1664.4
27.087500	1600.5
27.091250	1656.2
27.095000	1627.1
27.098750	1594.9
27.102500	1575.2
27.106250	1592.2
27.110000	1586.2
27.113750	1637.5
27.117500	1669.0
27.121250	1606.8
27.125000	1650.8
27.128750	1705.5
27.132500	1699.9
27.136250	1654.4
27.140000	1647.9
27.143750	1685.4
27.147500	1667.8
27.151250	1751.7
27.155000	1703.9
27.158750	1752.0
27.162500	1727.0
27.166250	1725.3
27.170000	1821.5
27.173750	1797.6
27.177500	1925.3
27.181250	1901.4
27.185000	1897.9
27.188750	2031.6
27.192500	1939.2
27.196250	1858.6
27.200000	1973.9
27.203750	1870.0
27.207500	1793.3
27.211250	1736.5
27.215000	1677.7
27.218750	1668.1
27.222500	1682.0
27.226250	1640.3
27.230000	1630.6
27.233750	1624.6
27.237500	1656.0
27.241250	1636.8
27.245000	1679.4
27.248750	1629.1
27.252500	1582.8
27.256250	1611.1
27.260000	1580.3
27.263750	1580.3
27.267500	1573.7
27.271250	1558.2
27.275000	1630.9
27.278750	1580.0
27.282500	1565.2
27.286250	1635.8
27.290000	1551.7
27.293750	1556.6
27.297500	1603.5
27.301250	1589.5
27.305000	1547.5
27.308750	1577.4
27.312500	1560.5
27.316250	1585.2
27.320000	1624.4
27.323750	1634.6
27.327500	1588.6
27.331250	1634.0
27.335000	1628.1
27.338750	1624.8
27.342500	1596.5
27.346250	1624.9
27.350000	1606.8
27.353750	1615.2
27.357500	1561.7
27.361250	1618.7
27.365000	1619.2
27.368750	1594.0
27.372500	1544.1
27.376250	1575.7
27.380000	1567.7
27.383750	1570.2
27.387500	1624.5
27.391250	1600.7
27.395000	1595.1
27.398750	1517.8
27.402500	1497.5
27.406250	1553.2
27.410000	1520.8
27.413750	1593.5
27.417500	1625.9
27.421250	1588.8
27.425000	1551.6
27.428750	1535.2
27.432500	1554.1
27.436250	1520.3
27.440000	1646.5
27.443750	1519.0
27.447500	1563.7
27.451250	1551.5
27.455000	1514.5
27.458750	1551.1
27.462500	1606.9
27.466250	1597.2
27.470000	1585.0
27.473750	1563.7
27.477500	1538.1
27.481250	1562.9
27.485000	1515.7
27.488750	1507.5
27.492500	1485.4
27.496250	1485.0
27.500000	1540.8
27.503750	1550.5
27.507500	1539.6
27.511250	1516.5
27.515000	1656.1
27.518750	1608.5
27.522500	1580.3
27.526250	1545.9
27.530000	1497.2
27.533750	1596.7
27.537500	1531.6
27.541250	1523.7
27.545000	1559.6
27.548750	1569.3
27.552500	1530.4
27.556250	1503.8
27.560000	1530.0
27.563750	1543.4
27.567500	1524.6
27.571250	1499.3
27.575000	1549.4
27.578750	1489.0
27.582500	1551.0
27.586250	1611.1
27.590000	1526.1
27.593750	1532.5
27.597500	1563.3
27.601250	1561.4
27.605000	1555.6
27.608750	1568.4
27.612500	1566.2
27.616250	1567.2
27.620000	1552.3
27.623750	1532.8
27.627500	1548.8
27.631250	1587.4
27.635000	1611.0
27.638750	1569.1
27.642500	1543.7
27.646250	1576.2
27.650000	1580.4
27.653750	1608.3
27.657500	1539.9
27.661250	1509.9
27.665000	1582.9
27.668750	1607.8
27.672500	1555.9
27.676250	1620.2
27.680000	1614.1
27.683750	1636.3
27.687500	1576.1
27.691250	1572.7
27.695000	1489.8
27.698750	1593.3
27.702500	1527.7
27.706250	1576.0
27.710000	1622.1
27.713750	1547.2
27.717500	1562.1
27.721250	1575.7
27.725000	1594.5
27.728750	1556.7
27.732500	1529.2
27.736250	1578.4
27.740000	1557.5
27.743750	1595.1
27.747500	1639.1
27.751250	1591.7
27.755000	1524.7
27.758750	1565.2
27.762500	1547.1
27.766250	1607.9
27.770000	1570.7
27.773750	1499.2
27.777500	1548.7
27.781250	1507.9
27.785000	1568.5
27.788750	1548.1
27.792500	1584.2
27.796250	1605.2
27.800000	1536.0
27.803750	1663.3
27.807500	1560.1
27.811250	1590.0
27.815000	1619.8
27.818750	1645.4
27.822500	1543.8
27.826250	1606.5
27.830000	1628.6
27.833750	1566.5
27.837500	1592.5
27.841250	1552.2
27.845000	1574.8
27.848750	1556.1
27.852500	1522.6
27.856250	1653.5
27.860000	1551.8
27.863750	1577.7
27.867500	1616.7
27.871250	1562.7
27.875000	1568.0
27.878750	1628.5
27.882500	1594.8
27.886250	1564.9
27.890000	1605.6
27.893750	1583.1
27.897500	1653.0
27.901250	1541.6
27.905000	1607.7
27.908750	1594.2
27.912500	1633.5
27.916250	1534.6
27.920000	1552.2
27.923750	1593.1
27.927500	1612.6
27.931250	1589.5
27.935000	1608.1
27.938750	1583.5
27.942500	1582.0
27.946250	1633.5
27.950000	1624.2
27.953750	1577.0
27.957500	1660.9
27.961250	1653.8
27.965000	1646.1
27.968750	1603.8
27.972500	1611.2
27.976250	1718.7
27.980000	1800.4
27.983750	1693.2
27.987500	1693.3
27.991250	1703.6
27.995000	1745.5
27.998750	1727.1
28.002500	1765.5
28.006250	1828.8
28.010000	1821.2
28.013750	1760.8
28.017500	1840.3
28.021250	1830.1
28.025000	2031.7
28.028750	1928.3
28.032500	1971.5
28.036250	2018.7
28.040000	2041.3
28.043750	2053.1
28.047500	2203.9
28.051250	2208.8
28.055000	2288.0
28.058750	2262.8
28.062500	2402.1
28.066250	2550.0
28.070000	2748.6
28.073750	2897.1
28.077500	3268.1
28.081250	3538.0
28.085000	4085.9
28.088750	4749.0
28.092500	5370.6
28.096250	6205.7
28.100000	7023.1
28.103750	7507.0
28.107500	8148.5
28.111250	8073.4
28.115000	8111.9
28.118750	7878.2
28.122500	7251.3
28.126250	6326.4
28.130000	5303.2
28.133750	4474.6
28.137500	3890.1
28.141250	3306.7
28.145000	3046.7
28.148750	2709.2
28.152500	2543.3
28.156250	2367.4
28.160000	2314.1
28.163750	2234.1
28.167500	2159.2
28.171250	2053.5
28.175000	1985.2
28.178750	1947.4
28.182500	1951.0
28.186250	1849.9
28.190000	1788.3
28.193750	1851.3
28.197500	1742.6
28.201250	1725.0
28.205000	1713.4
28.208750	1709.0
28.212500	1725.9
28.216250	1749.3
28.220000	1735.8
28.223750	1766.5
28.227500	1708.8
28.231250	1684.0
28.235000	1638.8
28.238750	1590.4
28.242500	1715.6
28.246250	1650.0
28.250000	1639.3
28.253750	1660.9
28.257500	1537.3
28.261250	1565.5
28.265000	1609.3
28.268750	1598.6
28.272500	1660.5
28.276250	1589.8
28.280000	1558.8
28.283750	1593.7
28.287500	1551.7
28.291250	1505.4
28.295000	1648.0
28.298750	1554.2
28.302500	1509.8
28.306250	1551.6
28.310000	1580.4
28.313750	1546.2
28.317500	1508.1
28.321250	1527.8
28.325000	1621.2
28.328750	1620.4
28.332500	1536.4
28.336250	1542.4
28.340000	1543.4
28.343750	1535.1
28.347500	1545.2
28.351250	1523.6
28.355000	1556.5
28.358750	1502.6
28.362500	1549.7
28.366250	1613.9
28.370000	1559.9
28.373750	1526.9
28.377500	1500.0
28.381250	1487.9
28.385000	1506.1
28.388750	1568.7
28.392500	1542.7
28.396250	1541.4
28.400000	1594.6
28.403750	1453.6
28.407500	1424.0
28.411250	1540.0
28.415000	1544.6
28.418750	1477.9
28.422500	1615.1
28.426250	1570.0
28.430000	1543.8
28.433750	1543.5
28.437500	1517.1
28.441250	1514.7
28.445000	1515.2
28.448750	1527.2
28.452500	1504.9
28.456250	1506.9
28.460000	1543.3
28.463750	1502.1
28.467500	1494.7
28.471250	1525.3
28.475000	1509.9
28.478750	1452.8
28.482500	1471.2
28.486250	1497.3
28.490000	1505.7
28.493750	1518.3
28.497500	1536.5
28.501250	1520.2
28.505000	1555.5
28.508750	1477.5
28.512500	1516.4
28.516250	1524.8
28.520000	1434.3
28.523750	1496.0
28.527500	1471.0
28.531250	1497.5
28.535000	1399.6
28.538750	1554.4
28.542500	1547.3
28.546250	1439.4
28.550000	1528.3
28.553750	1513.2
28.557500	1447.6
28.561250	1461.4
28.565000	1475.2
28.568750	1416.4
28.572500	1505.6
28.576250	1542.9
28.580000	1537.4
28.583750	1506.2
28.587500	1496.8
28.591250	1554.9
28.595000	1502.0
28.598750	1506.6
28.602500	1525.1
28.606250	1535.0
28.610000	1579.3
28.613750	1512.1
28.617500	1455.0
28.621250	1511.5
28.625000	1501.6
28.628750	1488.3
28.632500	1524.4
28.636250	1527.6
28.640000	1521.2
28.643750	1488.8
28.647500	1514.4
28.651250	1503.3
28.655000	1566.4
28.658750	1471.2
28.662500	1501.1
28.666250	1481.2
28.670000	1493.5
28.673750	1469.6
28.677500	1466.1
28.681250	1486.2
28.685000	1441.1
28.688750	1487.5
28.692500	1511.2
28.696250	1500.4
28.700000	1510.8
28.703750	1543.6
28.707500	1504.7
28.711250	1491.1
28.715000	1525.4
28.718750	1486.4
28.722500	1496.7
28.726250	1567.9
28.730000	1505.0
28.733750	1451.7
28.737500	1461.9
28.741250	1536.8
28.745000	1562.6
28.748750	1495.3
28.752500	1544.2
28.756250	1531.3
28.760000	1467.4
28.763750	1472.4
28.767500	1479.3
28.771250	1498.2
28.775000	1504.1
28.778750	1532.1
28.782500	1516.8
28.786250	1532.9
28.790000	1515.7
28.793750	1474.9
28.797500	1469.6
28.801250	1522.5
28.805000	1479.7
28.808750	1490.9
28.812500	1505.0
28.816250	1494.8
28.820000	1601.0
28.823750	1506.4
28.827500	1552.1
28.831250	1545.7
28.835000	1472.2
28.838750	1489.0
28.842500	1562.7
28.846250	1485.8
28.850000	1590.3
28.853750	1600.9
28.857500	1519.7
28.861250	1577.5
28.865000	1542.8
28.868750	1581.0
28.872500	1517.4
28.876250	1598.9
28.880000	1514.7
28.883750	1529.8
28.887500	1527.3
28.891250	1558.0
28.895000	1547.5
28.898750	1543.6
28.902500	1624.5
28.906250	1576.7
28.910000	1641.0
28.913750	1629.3
28.917500	1586.0
28.921250	1670.9
28.925000	1649.7
28.928750	1635.1
28.932500	1638.0
28.936250	1646.9
28.940000	1644.0
28.943750	1672.6
28.947500	1680.0
28.951250	1725.3
28.955000	1749.6
28.958750	1756.2
28.962500	1842.9
28.966250	1883.3
28.970000	1891.9
28.973750	1912.7
28.977500	1900.3
28.981250	2067.7
28.985000	2121.7
28.988750	2122.0
28.992500	2181.7
28.996250	2329.5
29.000000	2234.5
29.003750	2216.5
29.007500	2284.1
29.011250	2288.7
29.015000	2241.7
29.018750	2264.7
29.022500	2222.3
29.026250	2178.8
29.030000	2103.6
29.033750	2136.8
29.037500	2037.6
29.041250	2099.9
29.045000	2051.1
29.048750	2096.8
29.052500	1943.3
29.056250	2130.9
29.060000	1967.5
29.063750	2036.3
29.067500	2025.5
29.071250	1963.5
29.075000	2026.8
29.078750	1932.7
29.082500	1948.6
29.086250	1964.1
29.090000	1938.3
29.093750	2033.4
29.097500	1997.4
29.101250	2025.6
29.105000	1958.2
29.108750	1916.6
29.112500	1978.2
29.116250	1929.2
29.120000	1850.2
29.123750	1981.5
29.127500	1932.0
29.131250	2012.1
29.135000	2085.3
29.138750	1970.2
29.142500	2013.7
29.146250	2089.6
29.150000	2095.3
29.153750	2166.9
29.157500	2070.3
29.161250	2144.1
29.165000	2056.8
29.168750	2150.8
29.172500	2123.2
29.176250	2191.2
29.180000	2131.1
29.183750	2178.8
29.187500	2140.1
29.191250	2091.1
29.195000	1983.2
29.198750	2047.1
29.202500	1897.9
29.206250	1990.2
29.210000	1877.5
29.213750	1826.6
29.217500	1853.8
29.221250	1842.1
29.225000	1746.1
29.228750	1773.4
29.232500	1772.9
29.236250	1779.1
29.240000	1706.0
29.243750	1822.9
29.247500	1823.0
29.251250	1785.9
29.255000	1855.4
29.258750	1875.2
29.262500	1820.0
29.266250	1813.0
29.270000	1859.5
29.273750	1749.3
29.277500	1799.3
29.281250	1728.3
29.285000	1616.2
29.288750	1631.4
29.292500	1593.7
29.296250	1656.5
29.300000	1570.9
29.303750	1518.0
29.307500	1472.6
29.311250	1486.3
29.315000	1505.0
29.318750	1568.9
29.322500	1536.7
29.326250	1456.7
29.330000	1502.1
29.333750	1462.1
29.337500	1522.3
29.341250	1487.8
29.345000	1472.2
29.348750	1516.3
29.352500	1454.5
29.356250	1512.0
29.360000	1515.7
29.363750	1538.3
29.367500	1559.4
29.371250	1489.8
29.375000	1530.7
29.378750	1453.4
29.382500	1469.2
29.386250	1491.7
29.390000	1501.2
29.393750	1521.3
29.397500	1565.8
29.401250	1501.4
29.405000	1446.7
29.408750	1467.8
29.412500	1464.3
29.416250	1463.1
29.420000	1456.5
29.423750	1461.5
29.427500	1501.7
29.431250	1403.7
29.435000	1422.6
29.438750	1430.9
29.442500	1439.1
29.446250	1444.8
29.450000	1451.3
29.453750	1445.0
29.457500	1413.3
29.461250	1451.4
29.465000	1421.9
29.468750	1460.0
29.472500	1483.5
29.476250	1503.0
29.480000	1439.0
29.483750	1433.6
29.487500	1384.0
29.491250	1509.4
29.495000	1465.2
29.498750	1402.5
29.502500	1430.0
29.506250	1378.8
29.510000	1446.0
29.513750	1436.1
29.517500	1370.8
29.521250	1455.3
29.525000	1350.3
29.528750	1449.2
29.532500	1438.1
29.536250	1452.8
29.540000	1456.9
29.543750	1475.9
29.547500	1521.0
29.551250	1493.9
29.555000	1455.1
29.558750	1453.7
29.562500	1452.0
29.566250	1504.1
29.570000	1394.9
29.573750	1472.8
29.577500	1468.3
29.581250	1418.5
29.585000	1508.2
29.588750	1533.6
29.592500	1423.1
29.596250	1480.3
29.600000	1426.1
29.603750	1399.3
29.607500	1449.1
29.611250	1500.0
29.615000	1443.9
29.618750	1536.7
29.622500	1419.2
29.626250	1417.8
29.630000	1501.1
29.633750	1561.2
29.637500	1504.7
29.641250	1512.8
29.645000	1528.3
29.648750	1493.0
29.652500	1538.8
29.656250	1611.4
29.660000	1537.3
29.663750	1533.1
29.667500	1608.0
29.671250	1618.6
29.675000	1600.2
29.678750	1635.1
29.682500	1674.1
29.686250	1593.0
29.690000	1577.9
29.693750	1584.3
29.697500	1541.5
29.701250	1611.9
29.705000	1576.2
29.708750	1555.7
29.712500	1558.6
29.716250	1523.2
29.720000	1488.1
29.723750	1456.4
29.727500	1449.4
29.731250	1478.6
29.735000	1522.6
29.738750	1492.4
29.742500	1464.5
29.746250	1519.1
29.750000	1490.8
29.753750	1476.7
29.757500	1466.9
29.761250	1437.5
29.765000	1530.5
29.768750	1511.4
29.772500	1471.9
29.776250	1517.4
29.780000	1483.2
29.783750	1497.0
29.787500	1504.2
29.791250	1518.9
29.795000	1575.2
29.798750	1497.3
29.802500	1518.2
29.806250	1547.0
29.810000	1556.6
29.813750	1543.8
29.817500	1574.8
29.821250	1513.5
29.825000	1506.7
29.828750	1550.0
29.832500	1543.4
29.836250	1587.5
29.840000	1556.5
29.843750	1620.4
29.847500	1624.9
29.851250	1631.1
29.855000	1714.3
29.858750	1681.2
29.862500	1641.5
29.866250	1760.7
29.870000	1799.9
29.873750	1785.1
29.877500	1798.7
29.881250	1841.5
29.885000	1927.5
29.888750	1842.4
29.892500	1804.6
29.896250	1889.0
29.900000	1865.1
29.903750	1868.1
29.907500	1827.1
29.911250	1839.6
29.915000	1854.0
29.918750	1786.6
29.922500	1726.9
29.926250	1722.9
29.930000	1700.6
29.933750	1689.4
29.937500	1652.6
29.941250	1625.0
29.945000	1587.9
29.948750	1568.8
29.952500	1599.7
29.956250	1554.0
29.960000	1464.6
29.963750	1525.6
29.967500	1510.8
29.971250	1469.1
29.975000	1515.6
29.978750	1505.2
29.982500	1466.4
29.986250	1507.0
29.990000	1507.4
29.993750	1466.3
29.997500	1379.1
30.001250	1485.1
30.005000	1440.7
30.008750	1364.9
30.012500	1432.5
30.016250	1423.2
30.020000	1409.3
30.023750	1398.2
30.027500	1417.1
30.031250	1383.6
30.035000	1374.3
30.038750	1365.2
30.042500	1349.5
30.046250	1376.3
30.050000	1410.0
30.053750	1379.9
30.057500	1396.8
30.061250	1411.1
30.065000	1389.5
30.068750	1382.7
30.072500	1448.5
30.076250	1419.0
30.080000	1429.0
30.083750	1420.2
30.087500	1338.7
30.091250	1379.8
30.095000	1402.1
30.098750	1391.6
30.102500	1449.4
30.106250	1424.6
30.110000	1397.8
30.113750	1392.0
30.117500	1415.7
30.121250	1381.2
30.125000	1404.0
30.128750	1425.4
30.132500	1462.9
30.136250	1423.5
30.140000	1334.6
30.143750	1429.0
30.147500	1473.8
30.151250	1422.8
30.155000	1401.0
30.158750	1547.1
30.162500	1525.4
30.166250	1421.7
30.170000	1455.3
30.173750	1545.6
30.177500	1520.8
30.181250	1590.0
30.185000	1532.5
30.188750	1550.7
30.192500	1535.1
30.196250	1494.8
30.200000	1533.6
30.203750	1491.9
30.207500	1475.8
30.211250	1470.5
30.215000	1396.4
30.218750	1428.5
30.222500	1381.8
30.226250	1409.7
30.230000	1498.6
30.233750	1405.5
30.237500	1399.6
30.241250	1400.5
30.245000	1376.7
30.248750	1377.0
30.252500	1406.8
30.256250	1403.8
30.260000	1418.0
30.263750	1431.7
30.267500	1434.5
30.271250	1391.3
30.275000	1312.3
30.278750	1373.4
30.282500	1324.7
30.286250	1341.9
30.290000	1316.0
30.293750	1366.7
30.297500	1369.0
30.301250	1378.4
30.305000	1381.4
30.308750	1428.7
30.312500	1351.9
30.316250	1355.8
30.320000	1403.8
30.323750	1348.6
30.327500	1429.0
30.331250	1384.5
30.335000	1312.8
30.338750	1321.5
30.342500	1445.7
30.346250	1366.8
30.350000	1402.2
30.353750	1385.9
30.357500	1378.1
30.361250	1370.9
30.365000	1373.0
30.368750	1361.3
30.372500	1402.5
30.376250	1330.7
30.380000	1362.5
30.383750	1349.0
30.387500	1346.2
30.391250	1404.7
30.395000	1386.6
30.398750	1417.3
30.402500	1386.7
30.406250	1412.8
30.410000	1362.1
30.413750	1400.4
30.417500	1430.1
30.421250	1325.8
30.425000	1380.1
30.428750	1357.3
30.432500	1407.4
30.436250	1385.4
30.440000	1365.0
30.443750	1350.2
30.447500	1348.7
30.451250	1396.9
30.455000	1337.5
30.458750	1372.5
30.462500	1419.7
30.466250	1354.1
30.470000	1367.9
30.473750	1373.0
30.477500	1345.9
30.481250	1340.3
30.485000	1419.9
30.488750	1429.8
30.492500	1427.5
30.496250	1405.2
30.500000	1426.4
30.503750	1445.8
30.507500	1402.1
30.511250	1468.7
30.515000	1427.5
30.518750	1403.6
30.522500	1466.8
30.526250	1481.7
30.530000	1466.1
30.533750	1569.7
30.537500	1505.6
30.541250	1473.4
30.545000	1560.8
30.548750	1595.3
30.552500	1584.3
30.556250	1612.5
30.560000	1668.8
30.563750	1581.1
30.567500	1715.5
30.571250	1612.5
30.575000	1661.1
30.578750	1676.4
30.582500	1702.0
30.586250	1690.6
30.590000	1618.5
30.593750	1723.8
30.597500	1645.2
30.601250	1579.3
30.605000	1507.2
30.608750	1537.5
30.612500	1524.8
30.616250	1519.0
30.620000	1408.0
30.623750	1486.8
30.627500	1576.5
30.631250	1458.2
30.635000	1442.8
30.638750	1425.5
30.642500	1508.2
30.646250	1348.7
30.650000	1303.7
30.653750	1373.6
30.657500	1386.6
30.661250	1368.8
30.665000	1367.7
30.668750	1332.1
30.672500	1384.7
30.676250	1424.6
30.680000	1360.5
30.683750	1340.7
30.687500	1512.3
30.691250	1441.4
30.695000	1295.1
30.698750	1342.6
30.702500	1324.4
30.706250	1325.1
30.710000	1342.7
30.713750	1350.6
30.717500	1293.8
30.721250	1261.5
30.725000	1304.6
30.728750	1337.4
30.732500	1339.0
30.736250	1338.9
30.740000	1295.3
30.743750	1355.9
30.747500	1357.1
30.751250	1254.9
30.755000	1321.7
30.758750	1350.5
30.762500	1304.2
30.766250	1337.7
30.770000	1309.6
30.773750	1301.0
30.777500	1270.5
30.781250	1290.3
30.785000	1344.8
30.788750	1301.7
30.792500	1245.4
30.796250	1312.7
30.800000	1355.6
30.803750	1294.0
30.807500	1324.7
30.811250	1309.8
30.815000	1348.9
30.818750	1360.0
30.822500	1302.7
30.826250	1274.6
30.830000	1247.5
30.833750	1284.6
30.837500	1300.8
30.841250	1314.5
30.845000	1261.6
30.848750	1311.0
30.852500	1355.6
30.856250	1299.1
30.860000	1320.9
30.863750	1296.6
30.867500	1261.5
30.871250	1245.2
30.875000	1304.3
30.878750	1267.4
30.882500	1280.4
30.886250	1297.1
30.890000	1236.8
30.893750	1322.6
30.897500	1286.6
30.901250	1248.1
30.905000	1258.3
30.908750	1263.5
30.912500	1282.5
30.916250	1258.9
30.920000	1324.7
30.923750	1363.6
30.927500	1273.3
30.931250	1288.7
30.935000	1338.8
30.938750	1260.7
30.942500	1292.1
30.946250	1290.5
30.950000	1271.7
30.953750	1358.7
30.957500	1326.8
30.961250	1296.6
30.965000	1322.6
30.968750	1308.1
30.972500	1379.7
30.976250	1361.3
30.980000	1338.9
30.983750	1329.5
30.987500	1384.1
30.991250	1374.3
30.995000	1345.0
30.998750	1395.3
31.002500	1346.9
31.006250	1457.3
31.010000	1402.6
31.013750	1448.5
31.017500	1451.6
31.021250	1420.1
31.025000	1386.5
31.028750	1423.9
31.032500	1410.8
31.036250	1375.2
31.040000	1363.3
31.043750	1334.7
31.047500	1308.0
31.051250	1248.2
31.055000	1305.0
31.058750	1312.0
31.062500	1330.2
31.066250	1247.0
31.070000	1292.3
31.073750	1334.3
31.077500	1261.7
31.081250	1273.0
31.085000	1313.5
31.088750	1257.8
31.092500	1289.2
31.096250	1318.2
31.100000	1277.4
31.103750	1308.4
31.107500	1250.9
31.111250	1241.6
31.115000	1319.7
31.118750	1275.3
31.122500	1332.5
31.126250	1296.9
31.130000	1087.1
31.133750	1217.3
31.137500	1348.1
31.141250	1293.1
31.145000	1256.0
31.148750	1265.8
31.152500	1259.9
31.156250	1186.0
31.160000	1268.7
31.163750	1103.2
31.167500	1193.2
31.171250	1199.1
31.175000	1265.2
31.178750	1243.6
31.182500	1208.3
31.186250	1253.2
31.190000	1222.3
31.193750	1183.8
31.197500	1219.4
31.201250	1219.1
31.205000	1233.3
31.208750	1238.8
31.212500	1248.6
31.216250	1266.0
31.220000	1216.5
31.223750	1219.8
31.227500	1277.9
31.231250	1253.8
31.235000	1197.4
31.238750	1258.3
31.242500	1212.5
31.246250	1224.1
31.250000	1259.6
31.253750	1220.3
31.257500	1232.7
31.261250	1233.1
31.265000	1250.6
31.268750	1193.6
31.272500	1140.7
31.276250	1203.6
31.280000	1230.5
31.283750	1237.9
31.287500	1217.2
31.291250	1202.1
31.295000	1197.0
31.298750	1209.7
31.302500	1271.4
31.306250	1195.4
31.310000	1219.9
31.313750	1217.2
31.317500	1231.5
31.321250	1218.0
31.325000	1248.5
31.328750	1297.7
31.332500	1227.6
31.336250	1165.8
31.340000	1234.5
31.343750	1236.2
31.347500	1272.7
31.351250	1258.1
31.355000	1247.1
31.358750	1248.9
31.362500	1281.8
31.366250	1255.2
31.370000	1310.0
31.373750	1266.7
31.377500	1265.0
31.381250	1295.2
31.385000	1279.6
31.388750	1299.0
31.392500	1300.2
31.396250	1304.7
31.400000	1293.3
31.403750	1292.3
31.407500	1284.8
31.411250	1327.5
31.415000	1286.5
31.418750	1423.2
31.422500	1370.2
31.426250	1350.6
31.430000	1431.4
31.433750	1422.1
31.437500	1448.9
31.441250	1475.4
31.445000	1383.0
31.448750	1409.5
31.452500	1343.1
31.456250	1365.6
31.460000	1422.7
31.463750	1340.4
31.467500	1357.5
31.471250	1400.6
31.475000	1360.7
31.478750	1394.4
31.482500	1385.4
31.486250	1445.7
31.490000	1380.4
31.493750	1377.2
31.497500	1371.7
31.501250	1368.2
31.505000	1308.1
31.508750	1356.3
31.512500	1409.4
31.516250	1366.7
31.520000	1342.5
31.523750	1397.9
31.527500	1419.9
31.531250	1413.0
31.535000	1434.8
31.538750	1364.7
31.542500	1460.6
31.546250	1407.0
31.550000	1388.2
31.553750	1457.1
31.557500	1487.2
31.561250	1497.7
31.565000	1502.1
31.568750	1462.7
31.572500	1563.1
31.576250	1555.9
31.580000	1519.6
31.583750	1580.6
31.587500	1541.6
31.591250	1463.1
31.595000	1505.3
31.598750	1554.4
31.602500	1462.4
31.606250	1467.0
31.610000	1512.8
31.613750	1452.7
31.617500	1507.0
31.621250	1453.6
31.625000	1469.2
31.628750	1446.9
31.632500	1460.6
31.636250	1494.5
31.640000	1334.1
31.643750	1322.2
31.647500	1374.5
31.651250	1353.0
31.655000	1301.1
31.658750	1287.7
31.662500	1274.6
31.666250	1296.4
31.670000	1296.5
31.673750	1322.3
31.677500	1242.7
31.681250	1252.8
31.685000	1286.5
31.688750	1207.2
31.692500	1239.0
31.696250	1237.0
31.700000	1222.4
31.703750	1195.4
31.707500	1191.3
31.711250	1242.1
31.715000	1185.0
31.718750	1183.0
31.722500	1186.0
31.726250	1219.1
31.730000	1158.6
31.733750	1156.8
31.737500	1191.3
31.741250	1131.8
31.745000	1237.4
31.748750	1150.8
31.752500	1195.1
31.756250	1138.1
31.760000	1247.7
31.763750	1147.3
31.767500	1152.8
31.771250	1150.4
31.775000	1128.6
31.778750	1208.7
31.782500	1164.0
31.786250	1146.7
31.790000	1128.8
31.793750	1108.2
31.797500	1139.4
31.801250	1138.0
31.805000	1150.3
31.808750	1107.0
31.812500	1141.9
31.816250	1208.6
31.820000	1138.0
31.823750	1152.9
31.827500	1111.5
31.831250	1116.4
31.835000	1141.8
31.838750	1131.0
31.842500	1158.3
31.846250	1146.0
31.850000	1146.5
31.853750	1125.6
31.857500	1115.8
31.861250	1163.7
31.865000	1143.8
31.868750	1187.9
31.872500	1202.0
31.876250	1139.6
31.880000	1144.3
31.883750	1135.4
31.887500	1123.1
31.891250	1226.1
31.895000	1180.5
31.898750	1208.1
31.902500	1186.7
31.906250	1190.8
31.910000	1339.7
31.913750	1438.2
31.917500	1513.7
31.921250	1744.2
31.925000	1729.4
31.928750	1874.3
31.932500	1958.5
31.936250	2010.3
31.940000	1930.1
31.943750	1919.7
31.947500	1874.3
31.951250	1756.1
31.955000	1672.7
31.958750	1449.4
31.962500	1345.6
31.966250	1337.8
31.970000	1220.5
31.973750	1195.2
31.977500	1176.6
31.981250	1142.7
31.985000	1201.3
31.988750	1187.7
31.992500	1135.8
31.996250	1153.3
32.000000	1141.3
32.003750	1139.0
32.007500	1180.9
32.011250	1162.8
32.015000	1131.6
32.018750	1141.3
32.022500	1125.3
32.026250	1139.4
32.030000	1167.9
32.033750	1164.1
32.037500	1137.8
32.041250	1113.8
32.045000	1169.2
32.048750	1230.2
32.052500	1164.5
32.056250	1130.2
32.060000	1188.3
32.063750	1213.2
32.067500	1249.1
32.071250	1196.0
32.075000	1182.7
32.078750	1247.0
32.082500	1235.3
32.086250	1187.8
32.090000	1204.8
32.093750	1147.2
32.097500	1190.4
32.101250	1195.5
32.105000	1166.2
32.108750	1138.2
32.112500	1154.9
32.116250	1167.6
32.120000	1138.4
32.123750	1174.3
32.127500	1146.8
32.131250	1118.5
32.135000	1172.4
32.138750	1100.1
32.142500	1095.5
32.146250	1138.3
32.150000	1111.6
32.153750	1108.1
32.157500	1168.3
32.161250	1187.9
32.165000	1132.9
32.168750	1215.4
32.172500	1163.0
32.176250	1068.9
32.180000	1115.1
32.183750	1158.1
32.187500	1118.5
32.191250	1123.7
32.195000	1114.2
32.198750	1134.4
32.202500	1092.6
32.206250	1074.0
32.210000	1135.0
32.213750	1108.0
32.217500	1138.3
32.221250	1118.3
32.225000	1143.3
32.228750	1123.7
32.232500	1101.1
32.236250	1162.1
32.240000	1114.3
32.243750	1104.8
32.247500	1174.4
32.251250	1115.8
32.255000	1105.3
32.258750	1071.5
32.262500	1120.8
32.266250	1119.0
32.270000	1081.7
32.273750	1146.4
32.277500	1081.6
32.281250	1082.5
32.285000	1098.1
32.288750	1115.7
32.292500	1115.0
32.296250	1073.7
32.300000	1129.0
32.303750	1076.1
32.307500	1081.9
32.311250	1110.3
32.315000	1089.1
32.318750	1111.5
32.322500	1142.9
32.326250	1165.5
32.330000	1126.9
32.333750	1076.0
32.337500	1077.3
32.341250	1106.6
32.345000	1130.5
32.348750	1123.2
32.352500	1135.4
32.356250	1184.9
32.360000	1159.3
32.363750	1120.9
32.367500	1134.2
32.371250	1124.4
32.375000	1102.3
32.378750	1078.4
32.382500	1114.9
32.386250	1129.2
32.390000	1101.0
32.393750	1130.7
32.397500	1129.7
32.401250	1157.2
32.405000	1184.8
32.408750	1182.4
32.412500	1204.3
32.416250	1203.7
32.420000	1237.6
32.423750	1153.8
32.427500	1176.3
32.431250	1173.2
32.435000	1231.8
32.438750	1243.6
32.442500	1277.7
32.446250	1254.9
32.450000	1345.8
32.453750	1344.6
32.457500	1336.5
32.461250	1409.5
32.465000	1397.3
32.468750	1466.3
32.472500	1538.8
32.476250	1571.9
32.480000	1585.0
32.483750	1551.8
32.487500	1547.4
32.491250	1628.2
32.495000	1633.0
32.498750	1530.4
32.502500	1539.6
32.506250	1503.7
32.510000	1427.6
32.513750	1406.9
32.517500	1264.1
32.521250	1329.5
32.525000	1303.1
32.528750	1282.9
32.532500	1221.1
32.536250	1170.6
32.540000	1236.9
32.543750	1185.5
32.547500	1135.4
32.551250	1161.2
32.555000	1136.7
32.558750	1155.3
32.562500	1132.1
32.566250	1155.0
32.570000	1144.4
32.573750	1121.1
32.577500	1124.3
32.581250	1138.9
32.585000	1146.6
32.588750	1095.2
32.592500	1057.6
32.596250	1061.4
32.600000	1127.7
32.603750	1077.0
32.607500	1036.0
32.611250	1051.2
32.615000	1044.5
32.618750	1018.0
32.622500	1036.0
32.626250	1075.7
32.630000	1064.2
32.633750	1064.0
32.637500	1082.2
32.641250	1078.6
32.645000	1062.2
32.648750	1058.9
32.652500	1024.0
32.656250	1092.1
32.660000	1041.3
32.663750	1073.0
32.667500	1120.2
32.671250	1065.2
32.675000	1086.0
32.678750	1135.2
32.682500	1080.5
32.686250	1118.6
32.690000	1095.5
32.693750	1015.9
32.697500	1021.4
32.701250	1105.8
32.705000	1095.6
32.708750	1082.2
32.712500	1095.8
32.716250	1031.4
32.720000	1053.7
32.723750	1025.4
32.727500	1043.8
32.731250	1023.0
32.735000	1016.0
32.738750	1012.5
32.742500	1051.8
32.746250	1060.7
32.750000	1063.9
32.753750	1028.9
32.757500	1085.2
32.761250	1097.5
32.765000	1116.6
32.768750	1037.5
32.772500	1024.9
32.776250	1070.8
32.780000	1013.6
32.783750	1087.7
32.787500	1027.6
32.791250	1044.0
32.795000	1021.4
32.798750	1041.0
32.802500	1000.5
32.806250	1071.2
32.810000	1024.3
32.813750	1062.8
32.817500	1029.1
32.821250	1035.3
32.825000	1013.0
32.828750	1070.9
32.832500	1029.0
32.836250	971.2
32.840000	1028.2
32.843750	1109.3
32.847500	1038.1
32.851250	1083.5
32.855000	1037.9
32.858750	1062.2
32.862500	1031.2
32.866250	1025.4
32.870000	1032.9
32.873750	1042.9
32.877500	1061.4
32.881250	1005.1
32.885000	1004.9
32.888750	1003.6
32.892500	1002.0
32.896250	1051.2
32.900000	992.8
32.903750	1005.3
32.907500	1048.9
32.911250	1027.8
32.915000	1020.1
32.918750	987.8
32.922500	970.0
32.926250	1028.5
32.930000	1045.5
32.933750	1000.8
32.937500	993.8
32.941250	1055.5
32.945000	996.9
32.948750	988.9
32.952500	1033.1
32.956250	1031.9
32.960000	1011.9
32.963750	1089.6
32.967500	1029.8
32.971250	1016.8
32.975000	1066.2
32.978750	1035.6
32.982500	1030.0
32.986250	1007.1
32.990000	1036.2
32.993750	1034.9
32.997500	1002.4
33.001250	1061.9
33.005000	1032.5
33.008750	989.5
33.012500	1045.9
33.016250	1025.2
33.020000	1016.6
33.023750	1022.0
33.027500	1018.8
33.031250	1033.6
33.035000	1013.6
33.038750	993.5
33.042500	995.9
33.046250	979.0
33.050000	948.4
33.053750	991.0
33.057500	1022.2
33.061250	1081.5
33.065000	1014.0
33.068750	1017.2
33.072500	986.7
33.076250	1048.0
33.080000	1075.3
33.083750	999.1
33.087500	1060.8
33.091250	1062.6
33.095000	1046.3
33.098750	969.9
33.102500	972.4
33.106250	1009.6
33.110000	1033.0
33.113750	982.4
33.117500	1111.7
33.121250	1034.6
33.125000	1038.8
33.128750	1060.3
33.132500	998.8
33.136250	1029.8
33.140000	1030.9
33.143750	1034.4
33.147500	1014.5
33.151250	1037.4
33.155000	1003.3
33.158750	1051.3
33.162500	1035.7
33.166250	1048.8
33.170000	971.9
33.173750	1047.1
33.177500	993.1
33.181250	1017.9
33.185000	1043.6
33.188750	1040.4
33.192500	1040.2
33.196250	1066.4
33.200000	969.0
33.203750	1002.2
33.207500	1045.4
33.211250	984.7
33.215000	1070.2
33.218750	1055.8
33.222500	1041.3
33.226250	1051.9
33.230000	1006.8
33.233750	1051.9
33.237500	1096.6
33.241250	1062.9
33.245000	1003.3
33.248750	1035.8
33.252500	1021.7
33.256250	1054.5
33.260000	1020.2
33.263750	1027.8
33.267500	1052.5
33.271250	1019.8
33.275000	1030.3
33.278750	995.5
33.282500	1008.3
33.286250	1057.5
33.290000	1032.0
33.293750	1055.6
33.297500	1016.7
33.301250	1024.0
33.305000	972.0
33.308750	1018.3
33.312500	1071.4
33.316250	1048.7
33.320000	1028.6
33.323750	1098.0
33.327500	1040.7
33.331250	1010.3
33.335000	1033.4
33.338750	1003.6
33.342500	982.8
33.346250	913.1
33.350000	989.5
33.353750	962.9
33.357500	965.1
33.361250	964.6
33.365000	1005.3
33.368750	1038.9
33.372500	1047.7
33.376250	1019.6
33.380000	997.8
33.383750	1002.0
33.387500	1039.0
33.391250	973.8
33.395000	1003.3
33.398750	978.5
33.402500	926.0
33.406250	961.0
33.410000	969.9
33.413750	996.9
33.417500	975.2
33.421250	1016.2
33.425000	1052.0
33.428750	986.7
33.432500	969.0
33.436250	1028.0
33.440000	1017.5
33.443750	1001.9
33.447500	1007.0
33.451250	993.4
33.455000	1028.4
33.458750	1045.1
33.462500	1009.6
33.466250	990.2
33.470000	969.1
33.473750	952.0
33.477500	987.4
33.481250	1030.4
33.485000	992.2
33.488750	973.7
33.492500	945.8
33.496250	1001.7
33.500000	1031.6
33.503750	1058.7
33.507500	1025.8
33.511250	1013.7
33.515000	983.6
33.518750	985.6
33.522500	1002.8
33.526250	1017.1
33.530000	1026.3
33.533750	1007.3
33.537500	1006.8
33.541250	970.7
33.545000	1010.0
33.548750	992.6
33.552500	977.4
33.556250	974.5
33.560000	980.1
33.563750	1010.0
33.567500	1045.5
33.571250	967.5
33.575000	984.8
33.578750	998.8
33.582500	955.1
33.586250	966.4
33.590000	933.8
33.593750	944.3
33.597500	999.7
33.601250	1015.9
33.605000	969.9
33.608750	996.9
33.612500	1035.7
33.616250	998.7
33.620000	1002.3
33.623750	987.1
33.627500	1032.6
33.631250	992.9
33.635000	932.2
33.638750	1000.4
33.642500	1056.0
33.646250	985.0
33.650000	954.1
33.653750	1019.9
33.657500	976.8
33.661250	959.0
33.665000	998.5
33.668750	990.9
33.672500	968.9
33.676250	997.4
33.680000	1030.1
33.683750	1009.3
33.687500	954.8
33.691250	944.4
33.695000	947.2
33.698750	950.8
33.702500	973.6
33.706250	995.5
33.710000	1002.7
33.713750	1029.0
33.717500	1005.8
33.721250	970.3
33.725000	1035.0
33.728750	1031.9
33.732500	1002.3
33.736250	986.6
33.740000	974.8
33.743750	973.6
33.747500	978.9
33.751250	1035.8
33.755000	1003.3
33.758750	1009.9
33.762500	984.2
33.766250	1034.5
33.770000	1031.5
33.773750	973.4
33.777500	960.1
33.781250	964.9
33.785000	977.6
33.788750	1015.4
33.792500	975.5
33.796250	983.8
33.800000	980.6
33.803750	976.5
33.807500	986.6
33.811250	1002.4
33.815000	1004.2
33.818750	948.2
33.822500	928.8
33.826250	946.2
33.830000	1035.7
33.833750	1035.4
33.837500	973.5
33.841250	928.3
33.845000	972.3
33.848750	996.4
33.852500	1010.5
33.856250	960.0
33.860000	1011.3
33.863750	965.8
33.867500	965.1
33.871250	979.1
33.875000	988.8
33.878750	1000.1
33.882500	992.6
33.886250	1036.4
33.890000	1067.6
33.893750	951.8
33.897500	992.1
33.901250	995.1
33.905000	949.2
33.908750	1024.1
33.912500	1081.7
33.916250	1039.7
33.920000	985.2
33.923750	1000.2
33.927500	1028.9
33.931250	1009.3
33.935000	1028.4
33.938750	994.2
33.942500	1005.8
33.946250	1052.3
33.950000	1000.0
33.953750	986.9
33.957500	1029.9
33.961250	1014.7
33.965000	1020.7
33.968750	1023.3
33.972500	1028.4
33.976250	991.1
33.980000	992.1
33.983750	1144.1
33.987500	1124.7
33.991250	1085.8
33.995000	1074.7
33.998750	1115.9
34.002500	1128.6
34.006250	1121.0
34.010000	1142.0
34.013750	1125.9
34.017500	1121.1
34.021250	1148.8
34.025000	1110.7
34.028750	1183.9
34.032500	1202.6
34.036250	1149.0
34.040000	1171.4
34.043750	1160.7
34.047500	1206.4
34.051250	1169.4
34.055000	1131.4
34.058750	1109.0
34.062500	1148.8
34.066250	1110.9
34.070000	1080.3
34.073750	1074.6
34.077500	1127.6
34.081250	1086.6
34.085000	1101.5
34.088750	1043.0
34.092500	1128.7
34.096250	1047.0
34.100000	1066.1
34.103750	1033.0
34.107500	1040.1
34.111250	1074.1
34.115000	1061.6
34.118750	997.3
34.122500	1056.1
34.126250	1060.3
34.130000	1037.3
34.133750	1053.2
34.137500	1039.6
34.141250	1046.8
34.145000	968.1
34.148750	1056.3
34.152500	1024.3
34.156250	1030.8
34.160000	1035.6
34.163750	1038.0
34.167500	1033.3
34.171250	1030.2
34.175000	1034.6
34.178750	970.7
34.182500	973.7
34.186250	993.7
34.190000	967.8
34.193750	984.3
34.197500	983.3
34.201250	1026.3
34.205000	979.2
34.208750	944.1
34.212500	1036.3
34.216250	1007.8
34.220000	1008.7
34.223750	1001.9
34.227500	969.4
34.231250	981.4
34.235000	1013.9
34.238750	1084.9
34.242500	1015.1
34.246250	996.8
34.250000	1014.8
34.253750	1029.0
34.257500	1037.9
34.261250	981.4
34.265000	1019.8
34.268750	957.5
34.272500	1018.6
34.276250	1049.6
34.280000	1019.4
34.283750	956.2
34.287500	971.0
34.291250	1011.7
34.295000	1020.8
34.298750	1013.0
34.302500	988.5
34.306250	1015.4
34.310000	982.8
34.313750	987.8
34.317500	981.8
34.321250	1000.1
34.325000	1007.2
34.328750	1035.5
34.332500	1036.3
34.336250	984.8
34.340000	1071.0
34.343750	1040.9
34.347500	985.8
34.351250	1012.0
34.355000	1036.5
34.358750	992.7
34.362500	1044.0
34.366250	1016.8
34.370000	1037.1
34.373750	1056.5
34.377500	1065.4
34.381250	1083.5
34.385000	1141.7
34.388750	1141.1
34.392500	1170.4
34.396250	1178.0
34.400000	1213.3
34.403750	1238.2
34.407500	1229.0
34.411250	1288.3
34.415000	1315.7
34.418750	1295.1
34.422500	1272.6
34.426250	1277.5
34.430000	1284.2
34.433750	1267.5
34.437500	1259.2
34.441250	1223.9
34.445000	1236.2
34.448750	1254.3
34.452500	1241.9
34.456250	1245.3
34.460000	1240.9
34.463750	1192.8
34.467500	1245.8
34.471250	1237.7
34.475000	1171.3
34.478750	1206.4
34.482500	1249.5
34.486250	1296.9
34.490000	1345.7
34.493750	1337.8
34.497500	1273.5
34.501250	1294.0
34.505000	1290.5
34.508750	1267.9
34.512500	1271.3
34.516250	1289.2
34.520000	1283.6
34.523750	1292.1
34.527500	1272.0
34.531250	1274.4
34.535000	1203.8
34.538750	1174.3
34.542500	1183.7
34.546250	1204.9
34.550000	1166.5
34.553750	1178.5
34.557500	1232.5
34.561250	1135.7
34.565000	1154.6
34.568750	1132.2
34.572500	1151.1
34.576250	1174.8
34.580000	1167.0
34.583750	1255.1
34.587500	1193.5
34.591250	1218.6
34.595000	1264.8
34.598750	1257.3
34.602500	1352.7
34.606250	1367.5
34.610000	1412.4
34.613750	1371.4
34.617500	1482.5
34.621250	1512.6
34.625000	1468.8
34.628750	1535.6
34.632500	1529.5
34.636250	1411.0
34.640000	1518.5
34.643750	1517.4
34.647500	1414.0
34.651250	1378.0
34.655000	1353.5
34.658750	1366.7
34.662500	1323.7
34.666250	1290.0
34.670000	1327.5
34.673750	1299.4
34.677500	1306.0
34.681250	1217.7
34.685000	1210.8
34.688750	1218.7
34.692500	1174.7
34.696250	1190.5
34.700000	1239.1
34.703750	1200.5
34.707500	1183.4
34.711250	1197.2
34.715000	1141.0
34.718750	1156.5
34.722500	1191.5
34.726250	1175.9
34.730000	1140.4
34.733750	1183.3
34.737500	1190.7
34.741250	1143.0
34.745000	1203.1
34.748750	1237.2
34.752500	1223.3
34.756250	1267.8
34.760000	1261.8
34.763750	1205.4
34.767500	1284.4
34.771250	1248.6
34.775000	1306.0
34.778750	1289.4
34.782500	1382.9
34.786250	1370.7
34.790000	1355.5
34.793750	1505.7
34.797500	1467.6
34.801250	1560.5
34.805000	1628.4
34.808750	1687.0
34.812500	1663.1
34.816250	1674.8
34.820000	1748.5
34.823750	1789.0
34.827500	1865.1
34.831250	1792.1
34.835000	1800.1
34.838750	1771.6
34.842500	1756.1
34.846250	1844.1
34.850000	1847.9
34.853750	1892.0
34.857500	1890.6
34.861250	1927.5
34.865000	1952.1
34.868750	1947.4
34.872500	2031.5
34.876250	1966.8
34.880000	1931.1
34.883750	2013.4
34.887500	2050.2
34.891250	1971.9
34.895000	2019.8
34.898750	1965.5
34.902500	2014.0
34.906250	2020.7
34.910000	2068.5
34.913750	2042.8
34.917500	1941.3
34.921250	1973.3
34.925000	1862.3
34.928750	1825.9
34.932500	1773.1
34.936250	1710.1
34.940000	1715.2
34.943750	1738.8
34.947500	1726.8
34.951250	1703.9
34.955000	1721.2
34.958750	1664.8
34.962500	1681.8
34.966250	1599.5
34.970000	1625.7
34.973750	1743.4
34.977500	1623.2
34.981250	1637.8
34.985000	1713.3
34.988750	1674.7
34.992500	1620.0
34.996250	1667.1
35.000000	1566.6
35.003750	1623.1
35.007500	1763.9
35.011250	1748.9
35.015000	1765.6
35.018750	1740.6
35.022500	1721.4
35.026250	1711.7
35.030000	1784.1
35.033750	1736.2
35.037500	1770.8
35.041250	1803.4
35.045000	1770.2
35.048750	1853.1
35.052500	1867.9
35.056250	1845.6
35.060000	1917.1
35.063750	1955.4
35.067500	2022.6
35.071250	1986.6
35.075000	1987.2
35.078750	1979.3
35.082500	1968.7
35.086250	1946.2
35.090000	1931.4
35.093750	1922.7
35.097500	1834.2
35.101250	1890.6
35.105000	1791.1
35.108750	1572.7
35.112500	1607.4
35.116250	1589.3
35.120000	1495.6
35.123750	1490.0
35.127500	1570.0
35.131250	1488.9
35.135000	1405.0
35.138750	1432.5
35.142500	1355.9
35.146250	1395.0
35.150000	1435.0
35.153750	1398.9
35.157500	1367.2
35.161250	1308.6
35.165000	1330.8
35.168750	1379.9
35.172500	1420.5
35.176250	1453.3
35.180000	1421.1
35.183750	1469.4
35.187500	1446.3
35.191250	1448.5
35.195000	1445.7
35.198750	1425.4
35.202500	1414.5
35.206250	1473.8
35.210000	1454.3
35.213750	1432.3
35.217500	1438.1
35.221250	1379.8
35.225000	1370.5
35.228750	1306.1
35.232500	1317.3
35.236250	1317.2
35.240000	1259.8
35.243750	1325.2
35.247500	1284.8
35.251250	1202.6
35.255000	1285.7
35.258750	1227.2
35.262500	1280.5
35.266250	1227.8
35.270000	1274.6
35.273750	1182.4
35.277500	1221.8
35.281250	1243.4
35.285000	1241.5
35.288750	1245.0
35.292500	1257.0
35.296250	1322.9
35.300000	1345.1
35.303750	1306.7
35.307500	1339.4
35.311250	1431.3
35.315000	1450.0
35.318750	1403.8
35.322500	1427.7
35.326250	1421.8
35.330000	1398.6
35.333750	1364.4
35.337500	1394.0
35.341250	1319.7
35.345000	1267.2
35.348750	1264.6
35.352500	1246.2
35.356250	1165.2
35.360000	1190.2
35.363750	1171.0
35.367500	1131.1
35.371250	1135.0
35.375000	1156.9
35.378750	1127.7
35.382500	1146.9
35.386250	1113.5
35.390000	1100.4
35.393750	1118.6
35.397500	1072.1
35.401250	1075.8
35.405000	1077.6
35.408750	1056.0
35.412500	1042.5
35.416250	1055.5
35.420000	1075.0
35.423750	1076.7
35.427500	1089.7
35.431250	1032.8
35.435000	1048.0
35.438750	1097.7
35.442500	1052.2
35.446250	1075.9
35.450000	1040.1
35.453750	1057.5
35.457500	1036.6
35.461250	1021.5
35.465000	1026.1
35.468750	1033.8
35.472500	1016.7
35.476250	1085.6
35.480000	1109.0
35.483750	1060.3
35.487500	1087.3
35.491250	1057.8
35.495000	1056.0
35.498750	1050.4
35.502500	1024.8
35.506250	1073.8
35.510000	1061.6
35.513750	1003.9
35.517500	1064.4
35.521250	1029.1
35.525000	1011.9
35.528750	1105.3
35.532500	1024.6
35.536250	1038.3
35.540000	1032.8
35.543750	1020.4
35.547500	983.7
35.551250	987.4
35.555000	1057.5
35.558750	1045.0
35.562500	1041.7
35.566250	1000.3
35.570000	1078.3
35.573750	1067.4
35.577500	1099.3
35.581250	1006.0
35.585000	1125.6
35.588750	1025.1
35.592500	1112.1
35.596250	1173.2
35.600000	1118.9
35.603750	1112.4
35.607500	1125.7
35.611250	1057.6
35.615000	1102.7
35.618750	1117.7
35.622500	1096.5
35.626250	1122.5
35.630000	1145.4
35.633750	1156.1
35.637500	1089.1
35.641250	1179.5
35.645000	1201.2
35.648750	1263.0
35.652500	1139.0
35.656250	1209.6
35.660000	1207.9
35.663750	1118.1
35.667500	1142.0
35.671250	1061.3
35.675000	1194.0
35.678750	1105.4
35.682500	1183.0
35.686250	1112.7
35.690000	1296.9
35.693750	1273.6
35.697500	1178.7
35.701250	1117.1
35.705000	1211.7
35.708750	1145.8
35.712500	1118.3
35.716250	1098.3
35.720000	1188.9
35.723750	1127.7
35.727500	1077.4
35.731250	1135.4
35.735000	1152.3
35.738750	1110.7
35.742500	1106.0
35.746250	1124.6
35.750000	1130.5
35.753750	1105.7
35.757500	1084.6
35.761250	1062.9
35.765000	1080.3
35.768750	1127.2
35.772500	1061.6
35.776250	1090.4
35.780000	1150.8
35.783750	1110.2
35.787500	1084.3
35.791250	1119.2
35.795000	1128.8
35.798750	1068.4
35.802500	1069.2
35.806250	1144.6
35.810000	1121.7
35.813750	1092.5
35.817500	1114.4
35.821250	1148.2
35.825000	1114.5
35.828750	1127.4
35.832500	1205.2
35.836250	1106.8
35.840000	1100.3
35.843750	1217.1
35.847500	1129.3
35.851250	1162.7
35.855000	1155.1
35.858750	1133.1
35.862500	1139.3
35.866250	1229.2
35.870000	1249.8
35.873750	1229.9
35.877500	1219.3
35.881250	1288.1
35.885000	1250.3
35.888750	1202.2
35.892500	1233.7
35.896250	1312.4
35.900000	1262.2
35.903750	1279.0
35.907500	1407.3
35.911250	1371.2
35.915000	1400.7
35.918750	1431.9
35.922500	1468.5
35.926250	1517.7
35.930000	1584.7
35.933750	1577.9
35.937500	1660.5
35.941250	1675.9
35.945000	1703.2
35.948750	1782.2
35.952500	1851.0
35.956250	1830.3
35.960000	1808.6
35.963750	1896.6
35.967500	1870.3
35.971250	1897.9
35.975000	1954.4
35.978750	1845.2
35.982500	1803.1
35.986250	1803.5
35.990000	1752.9
35.993750	1684.1
35.997500	1700.8
36.001250	1588.7
36.005000	1504.3
36.008750	1464.9
36.012500	1425.8
36.016250	1405.8
36.020000	1378.1
36.023750	1366.6
36.027500	1340.5
36.031250	1312.2
36.035000	1234.4
36.038750	1196.4
36.042500	1173.3
36.046250	1183.0
36.050000	1172.1
36.053750	1171.1
36.057500	1146.5
36.061250	1179.9
36.065000	1176.6
36.068750	1198.4
36.072500	1164.0
36.076250	1119.4
36.080000	1142.0
36.083750	1148.2
36.087500	1086.8
36.091250	1048.8
36.095000	1052.5
36.098750	1068.1
36.102500	1125.2
36.106250	1052.0
36.110000	1003.7
36.113750	1025.5
36.117500	1062.8
36.121250	1049.6
36.125000	1063.2
36.128750	1085.2
36.132500	1010.3
36.136250	1017.3
36.140000	1005.1
36.143750	968.1
36.147500	1001.5
36.151250	1006.5
36.155000	1007.0
36.158750	1025.4
36.162500	949.6
36.166250	951.9
36.170000	993.6
36.173750	1076.9
36.177500	1081.7
36.181250	1037.7
36.185000	1034.6
36.188750	982.6
36.192500	1030.8
36.196250	970.5
36.200000	1010.6
36.203750	979.9
36.207500	1050.5
36.211250	991.9
36.215000	991.6
36.218750	1060.2
36.222500	994.0
36.226250	1008.3
36.230000	1053.3
36.233750	1052.5
36.237500	1025.5
36.241250	1112.1
36.245000	1061.7
36.248750	1099.2
36.252500	1069.0
36.256250	1054.9
36.260000	1006.8
36.263750	1042.4
36.267500	989.7
36.271250	1047.7
36.275000	1104.1
36.278750	1110.7
36.282500	1060.3
36.286250	1083.0
36.290000	1088.7
36.293750	1058.7
36.297500	1083.3
36.301250	1055.1
36.305000	1101.3
36.308750	1048.7
36.312500	1077.2
36.316250	1046.2
36.320000	1008.3
36.323750	996.4
36.327500	1010.7
36.331250	1048.3
36.335000	976.7
36.338750	976.8
36.342500	974.8
36.346250	978.0
36.350000	957.1
36.353750	975.2
36.357500	944.1
36.361250	951.5
36.365000	996.2
36.368750	1008.9
36.372500	966.7
36.376250	960.4
36.380000	958.2
36.383750	994.7
36.387500	990.6
36.391250	938.7
36.395000	922.8
36.398750	962.3
36.402500	976.1
36.406250	940.8
36.410000	902.4
36.413750	914.2
36.417500	951.7
36.421250	979.6
36.425000	905.9
36.428750	902.6
36.432500	930.6
36.436250	966.1
36.440000	959.2
36.443750	907.4
36.447500	889.1
36.451250	927.1
36.455000	912.5
36.458750	993.2
36.462500	926.8
36.466250	971.9
36.470000	953.1
36.473750	911.6
36.477500	959.4
36.481250	964.8
36.485000	958.5
36.488750	864.7
36.492500	913.8
36.496250	966.5
36.500000	910.5
36.503750	943.8
36.507500	993.8
36.511250	944.1
36.515000	1008.0
36.518750	973.1
36.522500	947.6
36.526250	984.1
36.530000	930.7
36.533750	939.2
36.537500	975.5
36.541250	1011.7
36.545000	986.1
36.548750	1015.2
36.552500	951.3
36.556250	988.8
36.560000	994.1
36.563750	971.6
36.567500	959.9
36.571250	1024.5
36.575000	956.2
36.578750	1041.3
36.582500	982.0
36.586250	976.7
36.590000	988.3
36.593750	1022.6
36.597500	1021.8
36.601250	1035.5
36.605000	989.1
36.608750	959.6
36.612500	1033.0
36.616250	1062.2
36.620000	980.6
36.623750	1017.1
36.627500	1034.2
36.631250	1027.8
36.635000	984.7
36.638750	986.8
36.642500	963.1
36.646250	984.5
36.650000	1027.6
36.653750	1013.7
36.657500	987.7
36.661250	976.9
36.665000	1053.5
36.668750	989.5
36.672500	947.0
36.676250	990.1
36.680000	1059.7
36.683750	1051.7
36.687500	1099.1
36.691250	1031.1
36.695000	1055.2
36.698750	1086.4
36.702500	1057.5
36.706250	1058.0
36.710000	1098.8
36.713750	1118.5
36.717500	1176.6
36.721250	1125.1
36.725000	1163.3
36.728750	1094.6
36.732500	1204.3
36.736250	1240.6
36.740000	1194.8
36.743750	1226.7
36.747500	1306.1
36.751250	1246.2
36.755000	1326.1
36.758750	1318.5
36.762500	1315.1
36.766250	1343.6
36.770000	1325.5
36.773750	1286.0
36.777500	1235.3
36.781250	1250.4
36.785000	1250.6
36.788750	1203.9
36.792500	1287.3
36.796250	1230.8
36.800000	1203.1
36.803750	1190.2
36.807500	1137.4
36.811250	1089.4
36.815000	1111.4
36.818750	1067.0
36.822500	1068.7
36.826250	1077.1
36.830000	1063.5
36.833750	1073.7
36.837500	1029.3
36.841250	991.4
36.845000	1021.3
36.848750	994.3
36.852500	975.5
36.856250	1051.7
36.860000	1016.4
36.863750	986.1
36.867500	979.3
36.871250	974.8
36.875000	988.1
36.878750	923.5
36.882500	976.9
36.886250	1033.6
36.890000	1016.0
36.893750	918.7
36.897500	962.0
36.901250	994.6
36.905000	1019.6
36.908750	981.0
36.912500	957.7
36.916250	1008.6
36.920000	929.8
36.923750	893.3
36.927500	997.6
36.931250	982.7
36.935000	882.6
36.938750	963.3
36.942500	928.0
36.946250	935.6
36.950000	988.6
36.953750	948.1
36.957500	914.3
36.961250	954.5
36.965000	950.6
36.968750	940.6
36.972500	957.2
36.976250	981.0
36.980000	972.6
36.983750	1009.7
36.987500	967.1
36.991250	963.8
36.995000	960.0
36.998750	958.9
37.002500	944.7
37.006250	970.6
37.010000	965.4
37.013750	972.4
37.017500	943.0
37.021250	955.7
37.025000	1011.5
37.028750	985.5
37.032500	955.0
37.036250	924.8
37.040000	935.2
37.043750	1025.2
37.047500	982.8
37.051250	974.9
37.055000	930.2
37.058750	952.4
37.062500	1012.1
37.066250	979.9
37.070000	951.4
37.073750	948.1
37.077500	1006.1
37.081250	981.3
37.085000	971.3
37.088750	927.0
37.092500	996.0
37.096250	971.7
37.100000	946.4
37.103750	930.7
37.107500	913.7
37.111250	934.2
37.115000	970.5
37.118750	943.7
37.122500	975.6
37.126250	933.9
37.130000	950.6
37.133750	955.9
37.137500	925.1
37.141250	942.5
37.145000	967.8
37.148750	947.8
37.152500	912.6
37.156250	970.2
37.160000	939.6
37.163750	952.9
37.167500	943.3
37.171250	972.3
37.175000	928.7
37.178750	913.3
37.182500	926.6
37.186250	983.0
37.190000	924.8
37.193750	918.4
37.197500	951.5
37.201250	953.4
37.205000	905.2
37.208750	956.1
37.212500	930.2
37.216250	998.3
37.220000	903.0
37.223750	917.4
37.227500	1006.0
37.231250	898.9
37.235000	906.9
37.238750	919.9
37.242500	883.7
37.246250	887.6
37.250000	963.0
37.253750	932.2
37.257500	897.5
37.261250	978.4
37.265000	982.0
37.268750	889.7
37.272500	924.8
37.276250	954.0
37.280000	918.3
37.283750	912.7
37.287500	961.3
37.291250	919.3
37.295000	908.9
37.298750	900.9
37.302500	894.3
37.306250	918.2
37.310000	902.1
37.313750	902.1
37.317500	912.2
37.321250	961.7
37.325000	893.0
37.328750	939.2
37.332500	931.3
37.336250	865.6
37.340000	965.4
37.343750	988.4
37.347500	914.9
37.351250	926.9
37.355000	954.0
37.358750	914.1
37.362500	919.2
37.366250	935.8
37.370000	939.0
37.373750	949.5
37.377500	937.7
37.381250	954.0
37.385000	980.3
37.388750	971.3
37.392500	925.5
37.396250	958.6
37.400000	953.4
37.403750	915.3
37.407500	912.0
37.411250	899.7
37.415000	941.7
37.418750	983.0
37.422500	991.8
37.426250	1015.4
37.430000	982.9
37.433750	912.0
37.437500	943.0
37.441250	953.1
37.445000	954.2
37.448750	954.3
37.452500	970.9
37.456250	949.6
37.460000	920.7
37.463750	934.6
37.467500	942.4
37.471250	970.0
37.475000	991.5
37.478750	1007.0
37.482500	918.5
37.486250	923.0
37.490000	906.9
37.493750	939.8
37.497500	945.7
37.501250	953.2
37.505000	979.9
37.508750	983.3
37.512500	1017.5
37.516250	982.7
37.520000	1042.3
37.523750	1033.8
37.527500	995.3
37.531250	983.7
37.535000	1013.6
37.538750	1040.2
37.542500	1012.8
37.546250	1046.2
37.550000	1121.2
37.553750	1106.0
37.557500	1037.5
37.561250	1019.9
37.565000	1049.6
37.568750	1033.5
37.572500	1119.4
37.576250	1085.0
37.580000	1160.8
37.583750	1140.2
37.587500	1173.5
37.591250	1170.2
37.595000	1133.1
37.598750	1164.9
37.602500	1167.7
37.606250	1138.5
37.610000	1195.3
37.613750	1194.7
37.617500	1178.6
37.621250	1138.9
37.625000	1175.1
37.628750	1167.7
37.632500	1140.2
37.636250	1086.1
37.640000	1142.8
37.643750	1068.3
37.647500	1075.9
37.651250	1076.4
37.655000	1090.5
37.658750	1087.9
37.662500	1104.2
37.666250	1056.5
37.670000	1049.7
37.673750	1053.4
37.677500	1072.3
37.681250	1112.9
37.685000	1134.5
37.688750	1096.6
37.692500	1018.0
37.696250	1032.8
37.700000	1095.4
37.703750	1125.1
37.707500	1114.6
37.711250	1106.6
37.715000	1117.3
37.718750	1152.5
37.722500	1169.3
37.726250	1122.9
37.730000	1146.9
37.733750	1183.0
37.737500	1185.8
37.741250	1183.6
37.745000	1186.2
37.748750	1257.6
37.752500	1267.6
37.756250	1295.3
37.760000	1308.9
37.763750	1296.6
37.767500	1277.7
37.771250	1256.4
37.775000	1263.1
37.778750	1265.2
37.782500	1234.7
37.786250	1216.0
37.790000	1233.6
37.793750	1298.5
37.797500	1262.7
37.801250	1271.0
37.805000	1261.6
37.808750	1235.6
37.812500	1278.6
37.816250	1269.1
37.820000	1273.5
37.823750	1235.1
37.827500	1243.6
37.831250	1309.1
37.835000	1321.2
37.838750	1420.5
37.842500	1510.7
37.846250	1550.8
37.850000	1650.0
37.853750	1659.8
37.857500	1651.5
37.861250	1710.8
37.865000	1743.9
37.868750	1706.3
37.872500	1666.0
37.876250	1618.8
37.880000	1537.9
37.883750	1502.7
37.887500	1375.6
37.891250	1288.5
37.895000	1281.1
37.898750	1240.7
37.902500	1156.5
37.906250	1203.6
37.910000	1135.2
37.913750	1125.5
37.917500	1136.9
37.921250	1127.4
37.925000	1196.2
37.928750	1110.5
37.932500	1133.8
37.936250	1122.6
37.940000	1203.9
37.943750	1196.5
37.947500	1134.3
37.951250	1201.0
37.955000	1151.6
37.958750	1135.1
37.962500	1157.4
37.966250	1197.6
37.970000	1164.5
37.973750	1208.6
37.977500	1214.8
37.981250	1259.2
37.985000	1186.4
37.988750	1215.6
37.992500	1152.1
37.996250	1153.6
38.000000	1171.6
38.003750	1154.7
38.007500	1179.1
38.011250	1146.0
38.015000	1143.2
38.018750	1101.4
38.022500	1055.1
38.026250	1060.4
38.030000	1099.9
38.033750	1085.2
38.037500	1070.7
38.041250	1086.9
38.045000	1014.3
38.048750	1080.5
38.052500	1039.0
38.056250	1049.5
38.060000	1036.4
38.063750	1043.1
38.067500	927.3
38.071250	996.6
38.075000	1007.2
38.078750	969.1
38.082500	954.2
38.086250	1011.8
38.090000	1028.7
38.093750	1030.9
38.097500	985.1
38.101250	971.1
38.105000	966.9
38.108750	977.1
38.112500	959.4
38.116250	983.9
38.120000	972.1
38.123750	968.8
38.127500	966.4
38.131250	938.0
38.135000	960.1
38.138750	953.8
38.142500	907.7
38.146250	995.2
38.150000	967.1
38.153750	959.6
38.157500	1013.3
38.161250	913.0
38.165000	991.6
38.168750	955.7
38.172500	898.0
38.176250	963.6
38.180000	932.7
38.183750	992.2
38.187500	917.3
38.191250	953.0
38.195000	955.0
38.198750	993.2
38.202500	957.9
38.206250	1017.0
38.210000	943.7
38.213750	936.7
38.217500	908.5
38.221250	912.0
38.225000	962.2
38.228750	912.0
38.232500	894.8
38.236250	924.6
38.240000	889.9
38.243750	971.7
38.247500	925.3
38.251250	943.5
38.255000	864.9
38.258750	923.2
38.262500	918.2
38.266250	873.5
38.270000	945.5
38.273750	918.3
38.277500	924.8
38.281250	948.4
38.285000	916.3
38.288750	944.3
38.292500	915.7
38.296250	901.2
38.300000	900.3
38.303750	919.3
38.307500	955.0
38.311250	894.2
38.315000	903.0
38.318750	913.3
38.322500	904.4
38.326250	910.6
38.330000	924.3
38.333750	927.4
38.337500	925.1
38.341250	959.6
38.345000	898.3
38.348750	1021.5
38.352500	948.3
38.356250	909.5
38.360000	909.3
38.363750	833.6
38.367500	895.4
38.371250	920.9
38.375000	863.0
38.378750	892.5
38.382500	906.7
38.386250	975.6
38.390000	896.8
38.393750	949.6
38.397500	907.9
38.401250	909.5
38.405000	951.3
38.408750	871.2
38.412500	926.9
38.416250	929.2
38.420000	920.8
38.423750	870.9
38.427500	911.9
38.431250	927.4
38.435000	908.3
38.438750	950.1
38.442500	883.1
38.446250	927.3
38.450000	926.7
38.453750	910.5
38.457500	929.5
38.461250	990.0
38.465000	877.9
38.468750	969.9
38.472500	980.1
38.476250	883.9
38.480000	904.2
38.483750	914.9
38.487500	954.1
38.491250	959.1
38.495000	883.0
38.498750	866.9
38.502500	894.9
38.506250	905.8
38.510000	934.7
38.513750	966.6
38.517500	985.7
38.521250	967.6
38.525000	970.0
38.528750	889.4
38.532500	905.6
38.536250	903.2
38.540000	886.1
38.543750	915.2
38.547500	927.1
38.551250	954.5
38.555000	945.5
38.558750	943.9
38.562500	931.6
38.566250	954.2
38.570000	957.2
38.573750	932.0
38.577500	946.8
38.581250	979.9
38.585000	983.7
38.588750	963.5
38.592500	918.9
38.596250	951.1
38.600000	963.4
38.603750	972.2
38.607500	984.6
38.611250	947.6
38.615000	955.1
38.618750	944.2
38.622500	891.9
38.626250	928.5
38.630000	968.1
38.633750	928.7
38.637500	922.7
38.641250	943.8
38.645000	969.2
38.648750	935.2
38.652500	922.7
38.656250	952.8
38.660000	905.9
38.663750	915.4
38.667500	962.0
38.671250	939.7
38.675000	923.1
38.678750	895.7
38.682500	923.6
38.686250	907.5
38.690000	920.5
38.693750	969.0
38.697500	965.3
38.701250	946.3
38.705000	1011.9
38.708750	937.9
38.712500	891.6
38.716250	983.9
38.720000	944.7
38.723750	946.0
38.727500	925.6
38.731250	913.5
38.735000	960.3
38.738750	962.8
38.742500	951.8
38.746250	974.1
38.750000	984.1
38.753750	956.5
38.757500	943.6
38.761250	905.4
38.765000	951.9
38.768750	957.7
38.772500	968.8
38.776250	875.9
38.780000	968.8
38.783750	943.9
38.787500	951.9
38.791250	981.0
38.795000	925.1
38.798750	891.5
38.802500	972.5
38.806250	990.3
38.810000	969.1
38.813750	942.1
38.817500	917.8
38.821250	956.0
38.825000	951.1
38.828750	932.0
38.832500	972.1
38.836250	988.4
38.840000	956.7
38.843750	930.0
38.847500	929.4
38.851250	962.0
38.855000	983.3
38.858750	949.5
38.862500	901.8
38.866250	946.6
38.870000	967.5
38.873750	920.9
38.877500	974.2
38.881250	952.0
38.885000	950.2
38.888750	948.9
38.892500	889.7
38.896250	920.4
38.900000	942.9
38.903750	889.7
38.907500	960.3
38.911250	953.8
38.915000	921.1
38.918750	934.4
38.922500	930.4
38.926250	936.5
38.930000	916.8
38.933750	906.4
38.937500	924.0
38.941250	925.0
38.945000	937.8
38.948750	954.6
38.952500	973.5
38.956250	926.9
38.960000	932.1
38.963750	948.1
38.967500	934.5
38.971250	1002.6
38.975000	998.9
38.978750	950.4
38.982500	923.8
38.986250	1001.5
38.990000	993.2
38.993750	921.1
38.997500	976.0
39.001250	1007.3
39.005000	965.4
39.008750	977.5
39.012500	982.9
39.016250	1040.0
39.020000	1023.9
39.023750	979.0
39.027500	1037.4
39.031250	972.1
39.035000	956.3
39.038750	970.4
39.042500	1020.9
39.046250	992.2
39.050000	995.8
39.053750	1007.3
39.057500	976.7
39.061250	1011.0
39.065000	1015.3
39.068750	999.0
39.072500	1032.5
39.076250	1020.5
39.080000	1045.4
39.083750	1032.1
39.087500	977.4
39.091250	1055.3
39.095000	1125.4
39.098750	1080.4
39.102500	1092.1
39.106250	1082.4
39.110000	1147.8
39.113750	1097.3
39.117500	1082.8
39.121250	1115.1
39.125000	1126.5
39.128750	1118.4
39.132500	1217.3
39.136250	1150.0
39.140000	1162.9
39.143750	1267.0
39.147500	1266.7
39.151250	1279.1
39.155000	1327.1
39.158750	1377.6
39.162500	1427.6
39.166250	1507.5
39.170000	1549.1
39.173750	1646.0
39.177500	1778.7
39.181250	1852.4
39.185000	2023.2
39.188750	2094.9
39.192500	2408.1
39.196250	2596.5
39.200000	2809.5
39.203750	3012.4
39.207500	3195.3
39.211250	3476.6
39.215000	3544.5
39.218750	3662.6
39.222500	3786.5
39.226250	3829.9
39.230000	3894.6
39.233750	3813.1
39.237500	3696.7
39.241250	3517.2
39.245000	3293.2
39.248750	3018.3
39.252500	2789.6
39.256250	2587.8
39.260000	2437.0
39.263750	2402.0
39.267500	2258.9
39.271250	2220.2
39.275000	2165.7
39.278750	2162.0
39.282500	2312.6
39.286250	2428.3
39.290000	2404.6
39.293750	2392.8
39.297500	2435.1
39.301250	2517.4
39.305000	2589.9
39.308750	2633.0
39.312500	2609.6
39.316250	2599.5
39.320000	2436.1
39.323750	2477.1
39.327500	2270.8
39.331250	2197.0
39.335000	2013.9
39.338750	1908.2
39.342500	1741.7
39.346250	1581.7
39.350000	1494.1
39.353750	1477.8
39.357500	1407.8
39.361250	1363.1
39.365000	1296.0
39.368750	1246.9
39.372500	1215.6
39.376250	1184.1
39.380000	1138.4
39.383750	1159.6
39.387500	1130.6
39.391250	1161.3
39.395000	1067.7
39.398750	1090.2
39.402500	1041.2
39.406250	1085.3
39.410000	1051.9
39.413750	1049.1
39.417500	1014.5
39.421250	1058.4
39.425000	993.5
39.428750	980.7
39.432500	973.2
39.436250	1045.5
39.440000	1040.9
39.443750	1024.9
39.447500	1026.3
39.451250	971.6
39.455000	997.2
39.458750	1014.8
39.462500	993.0
39.466250	972.1
39.470000	958.2
39.473750	960.8
39.477500	960.9
39.481250	995.5
39.485000	936.5
39.488750	1005.6
39.492500	961.0
39.496250	1005.0
39.500000	930.1
39.503750	991.0
39.507500	1000.5
39.511250	959.3
39.515000	951.1
39.518750	1014.6
39.522500	983.3
39.526250	924.0
39.530000	907.6
39.533750	922.8
39.537500	967.3
39.541250	940.7
39.545000	964.0
39.548750	984.4
39.552500	959.0
39.556250	959.7
39.560000	935.4
39.563750	928.1
39.567500	918.9
39.571250	979.1
39.575000	906.2
39.578750	937.8
39.582500	938.0
39.586250	990.5
39.590000	966.2
39.593750	960.9
39.597500	937.9
39.601250	965.2
39.605000	991.2
39.608750	920.3
39.612500	917.7
39.616250	947.3
39.620000	998.1
39.623750	992.0
39.627500	959.5
39.631250	977.4
39.635000	970.0
39.638750	965.8
39.642500	981.9
39.646250	959.8
39.650000	930.1
39.653750	1018.6
39.657500	964.4
39.661250	956.8
39.665000	951.7
39.668750	994.7
39.672500	940.9
39.676250	959.3
39.680000	965.0
39.683750	979.3
39.687500	947.5
39.691250	987.0
39.695000	911.7
39.698750	958.4
39.702500	927.8
39.706250	964.3
39.710000	957.3
39.713750	1014.3
39.717500	1023.8
39.721250	960.0
39.725000	1032.8
39.728750	968.3
39.732500	951.5
39.736250	961.9
39.740000	988.1
39.743750	1037.3
39.747500	1016.8
39.751250	1019.6
39.755000	1006.5
39.758750	1037.8
39.762500	1050.5
39.766250	1010.2
39.770000	1089.0
39.773750	1079.6
39.777500	1087.5
39.781250	1109.2
39.785000	1134.6
39.788750	1115.7
39.792500	1152.3
39.796250	1152.0
39.800000	1123.9
39.803750	1162.6
39.807500	1151.2
39.811250	1193.1
39.815000	1109.2
39.818750	1161.8
39.822500	1120.0
39.826250	1083.0
39.830000	1121.4
39.833750	1121.2
39.837500	1128.3
39.841250	1161.7
39.845000	1103.8
39.848750	1125.3
39.852500	1128.4
39.856250	1112.4
39.860000	1081.6
39.863750	1066.3
39.867500	1033.3
39.871250	1027.1
39.875000	1061.3
39.878750	978.5
39.882500	1043.4
39.886250	974.7
39.890000	1039.6
39.893750	997.9
39.897500	938.8
39.901250	1005.6
39.905000	961.4
39.908750	932.3
39.912500	1010.6
39.916250	1002.0
39.920000	927.0
39.923750	990.7
39.927500	997.4
39.931250	1047.7
39.935000	992.9
39.938750	1027.0
39.942500	971.0
39.946250	972.4
39.950000	989.5
39.953750	1030.3
39.957500	986.0
39.961250	1053.7
39.965000	1068.7
39.968750	979.8
39.972500	998.2
39.976250	989.9
39.980000	1027.6
39.983750	991.0
39.987500	955.8
39.991250	1000.1
39.995000	1066.1
39.998750	983.9
40.002500	953.5
40.006250	1035.9
40.010000	993.8
40.013750	1042.8
40.017500	1037.9
40.021250	984.5
40.025000	1086.3
40.028750	1006.5
40.032500	989.2
40.036250	990.3
40.040000	1000.8
40.043750	1017.5
40.047500	980.2
40.051250	1025.4
40.055000	1025.1
40.058750	1022.8
40.062500	1078.2
40.066250	1050.3
40.070000	1028.9
40.073750	1038.9
40.077500	1051.7
40.081250	1071.6
40.085000	1069.7
40.088750	1115.1
40.092500	1130.0
40.096250	1114.7
40.100000	1134.8
40.103750	1205.9
40.107500	1181.8
40.111250	1153.2
40.115000	1247.5
40.118750	1213.4
40.122500	1201.4
40.126250	1207.9
40.130000	1248.2
40.133750	1246.8
40.137500	1215.8
40.141250	1206.8
40.145000	1223.4
40.148750	1200.1
40.152500	1224.9
40.156250	1202.7
40.160000	1201.1
40.163750	1190.6
40.167500	1173.7
40.171250	1203.1
40.175000	1160.9
40.178750	1152.6
40.182500	1150.9
40.186250	1110.6
40.190000	1106.3
40.193750	1119.6
40.197500	1138.8
40.201250	1115.2
40.205000	1125.4
40.208750	1159.7
40.212500	1124.1
40.216250	1178.4
40.220000	1191.6
40.223750	1178.9
40.227500	1132.7
40.231250	1193.4
40.235000	1182.7
40.238750	1176.3
40.242500	1220.5
40.246250	1230.3
40.250000	1201.7
40.253750	1226.3
40.257500	1227.4
40.261250	1268.9
40.265000	1233.2
40.268750	1213.8
40.272500	1232.5
40.276250	1214.2
40.280000	1214.5
40.283750	1142.1
40.287500	1147.0
40.291250	1210.9
40.295000	1122.4
40.298750	1117.2
40.302500	1110.6
40.306250	1053.3
40.310000	1066.0
40.313750	1099.5
40.317500	1132.9
40.321250	1197.4
40.325000	1169.2
40.328750	1162.0
40.332500	1125.4
40.336250	1221.8
40.340000	1113.3
40.343750	1174.2
40.347500	1172.9
40.351250	1191.8
40.355000	1192.5
40.358750	1219.6
40.362500	1192.6
40.366250	1198.3
40.370000	1211.1
40.373750	1217.5
40.377500	1169.3
40.381250	1219.0
40.385000	1193.3
40.388750	1219.1
40.392500	1194.5
40.396250	1157.3
40.400000	1200.4
40.403750	1197.8
40.407500	1134.2
40.411250	1100.3
40.415000	1110.2
40.418750	1105.6
40.422500	1085.6
40.426250	1038.0
40.430000	1052.5
40.433750	1072.8
40.437500	1030.1
40.441250	1030.5
40.445000	1052.2
40.448750	1059.1
40.452500	1023.5
40.456250	999.5
40.460000	985.3
40.463750	1012.5
40.467500	1018.3
40.471250	998.3
40.475000	915.9
40.478750	1019.9
40.482500	998.8
40.486250	1045.2
40.490000	1023.9
40.493750	1024.9
40.497500	1084.0
40.501250	1064.7
40.505000	1055.3
40.508750	996.2
40.512500	1074.9
40.516250	1048.8
40.520000	1018.3
40.523750	1046.5
40.527500	1007.2
40.531250	976.4
40.535000	1047.4
40.538750	1060.1
40.542500	1063.1
40.546250	1062.3
40.550000	1013.7
40.553750	1089.5
40.557500	1031.3
40.561250	1057.2
40.565000	1087.4
40.568750	974.5
40.572500	988.1
40.576250	1019.8
40.580000	981.2
40.583750	1014.9
40.587500	1059.3
40.591250	971.5
40.595000	964.0
40.598750	992.0
40.602500	1035.7
40.606250	1019.9
40.610000	977.5
40.613750	892.7
40.617500	1023.5
40.621250	976.8
40.625000	957.1
40.628750	905.6
40.632500	945.7
40.636250	945.8
40.640000	933.6
40.643750	980.7
40.647500	967.6
40.651250	1072.3
40.655000	942.6
40.658750	934.5
40.662500	967.4
40.666250	964.9
40.670000	917.0
40.673750	935.5
40.677500	961.3
40.681250	933.8
40.685000	938.3
40.688750	962.0
40.692500	910.4
40.696250	880.8
40.700000	928.6
40.703750	988.1
40.707500	921.3
40.711250	926.3
40.715000	937.4
40.718750	902.6
40.722500	927.9
40.726250	965.4
40.730000	892.9
40.733750	918.4
40.737500	987.9
40.741250	923.1
40.745000	963.1
40.748750	952.5
40.752500	884.9
40.756250	941.8
40.760000	915.8
40.763750	935.7
40.767500	914.4
40.771250	917.5
40.775000	965.0
40.778750	968.6
40.782500	935.7
40.786250	934.9
40.790000	919.7
40.793750	910.5
40.797500	959.3
40.801250	957.0
40.805000	921.1
40.808750	884.9
40.812500	947.5
40.816250	945.1
40.820000	949.7
40.823750	899.9
40.827500	889.2
40.831250	936.2
40.835000	970.8
40.838750	967.4
40.842500	922.0
40.846250	919.3
40.850000	928.5
40.853750	1008.3
40.857500	939.6
40.861250	963.8
40.865000	1026.3
40.868750	946.3
40.872500	964.8
40.876250	1009.0
40.880000	1010.3
40.883750	990.9
40.887500	1015.8
40.891250	971.2
40.895000	987.7
40.898750	1013.3
40.902500	1081.4
40.906250	1094.6
40.910000	1069.8
40.913750	1054.1
40.917500	1131.1
40.921250	1137.4
40.925000	1083.8
40.928750	1075.5
40.932500	1171.8
40.936250	1131.7
40.940000	1117.6
40.943750	1117.2
40.947500	1109.5
40.951250	1048.2
40.955000	1101.4
40.958750	1058.6
40.962500	997.1
40.966250	1016.0
40.970000	952.6
40.973750	1015.2
40.977500	1021.1
40.981250	1040.8
40.985000	1000.3
40.988750	938.4
40.992500	951.3
40.996250	989.9
41.000000	934.1
41.003750	876.7
41.007500	909.4
41.011250	967.5
41.015000	938.9
41.018750	902.2
41.022500	916.7
41.026250	860.7
41.030000	868.1
41.033750	940.5
41.037500	937.8
41.041250	911.4
41.045000	885.9
41.048750	953.0
41.052500	881.7
41.056250	878.6
41.060000	958.3
41.063750	954.8
41.067500	932.1
41.071250	936.7
41.075000	872.4
41.078750	839.7
41.082500	959.5
41.086250	905.1
41.090000	854.7
41.093750	974.1
41.097500	987.6
41.101250	913.8
41.105000	829.5
41.108750	932.5
41.112500	923.8
41.116250	896.9
41.120000	887.5
41.123750	879.7
41.127500	944.8
41.131250	955.1
41.135000	892.8
41.138750	901.4
41.142500	942.7
41.146250	875.3
41.150000	901.7
41.153750	938.8
41.157500	903.7
41.161250	904.3
41.165000	908.7
41.168750	941.3
41.172500	916.2
41.176250	895.1
41.180000	941.0
41.183750	937.8
41.187500	897.8
41.191250	950.1
41.195000	895.7
41.198750	960.3
41.202500	945.1
41.206250	994.8
41.210000	858.5
41.213750	945.2
41.217500	929.3
41.221250	963.4
41.225000	951.9
41.228750	953.1
41.232500	950.8
41.236250	956.1
41.240000	913.3
41.243750	965.5
41.247500	914.6
41.251250	965.0
41.255000	963.8
41.258750	974.4
41.262500	907.5
41.266250	924.2
41.270000	939.9
41.273750	968.1
41.277500	934.3
41.281250	966.4
41.285000	919.7
41.288750	961.9
41.292500	921.0
41.296250	948.8
41.300000	951.3
41.303750	923.1
41.307500	997.1
41.311250	1000.5
41.315000	979.0
41.318750	1007.0
41.322500	993.6
41.326250	1012.9
41.330000	989.2
41.333750	1015.9
41.337500	1001.4
41.341250	976.7
41.345000	952.8
41.348750	1015.7
41.352500	987.9
41.356250	1029.0
41.360000	985.1
41.363750	958.1
41.367500	990.1
41.371250	948.0
41.375000	976.9
41.378750	927.6
41.382500	965.7
41.386250	954.1
41.390000	948.4
41.393750	940.5
41.397500	921.5
41.401250	963.3
41.405000	966.8
41.408750	922.1
41.412500	957.5
41.416250	887.9
41.420000	927.8
41.423750	943.5
41.427500	924.0
41.431250	980.6
41.435000	879.7
41.438750	883.3
41.442500	977.9
41.446250	931.2
41.450000	973.5
41.453750	949.1
41.457500	892.6
41.461250	884.5
41.465000	930.3
41.468750	914.7
41.472500	897.4
41.476250	917.8
41.480000	918.1
41.483750	984.2
41.487500	937.8
41.491250	911.8
41.495000	902.4
41.498750	966.1
41.502500	893.5
41.506250	918.9
41.510000	910.3
41.513750	914.4
41.517500	951.3
41.521250	974.4
41.525000	923.7
41.528750	911.8
41.532500	968.8
41.536250	959.0
41.540000	963.3
41.543750	975.8
41.547500	920.1
41.551250	910.9
41.555000	999.2
41.558750	922.7
41.562500	869.5
41.566250	953.8
41.570000	965.0
41.573750	934.0
41.577500	973.9
41.581250	966.7
41.585000	948.1
41.588750	952.2
41.592500	887.9
41.596250	948.4
41.600000	929.4
41.603750	914.5
41.607500	948.9
41.611250	909.8
41.615000	956.7
41.618750	1005.6
41.622500	1014.9
41.626250	938.6
41.630000	977.7
41.633750	939.2
41.637500	949.0
41.641250	1011.9
41.645000	985.7
41.648750	996.2
41.652500	997.4
41.656250	964.4
41.660000	1021.0
41.663750	1014.1
41.667500	1048.6
41.671250	1009.5
41.675000	1048.7
41.678750	1115.3
41.682500	1030.2
41.686250	1048.4
41.690000	1016.4
41.693750	1037.8
41.697500	1020.8
41.701250	1040.3
41.705000	1013.8
41.708750	1012.1
41.712500	974.9
41.716250	958.8
41.720000	1002.8
41.723750	960.0
41.727500	1011.5
41.731250	963.3
41.735000	996.9
41.738750	1013.2
41.742500	971.9
41.746250	971.0
41.750000	958.7
41.753750	962.2
41.757500	958.6
41.761250	971.6
41.765000	973.0
41.768750	914.5
41.772500	982.2
41.776250	955.9
41.780000	965.4
41.783750	949.2
41.787500	967.9
41.791250	931.5
41.795000	934.5
41.798750	913.0
41.802500	925.5
41.806250	939.2
41.810000	941.8
41.813750	938.6
41.817500	962.4
41.821250	871.9
41.825000	955.5
41.828750	960.9
41.832500	920.6
41.836250	966.7
41.840000	969.9
41.843750	945.3
41.847500	975.9
41.851250	941.4
41.855000	994.4
41.858750	997.4
41.862500	928.5
41.866250	951.0
41.870000	955.2
41.873750	1007.3
41.877500	973.5
41.881250	961.9
41.885000	1000.5
41.888750	957.3
41.892500	944.1
41.896250	1056.5
41.900000	977.5
41.903750	993.7
41.907500	983.7
41.911250	970.1
41.915000	970.1
41.918750	974.5
41.922500	972.2
41.926250	975.7
41.930000	999.4
41.933750	1000.3
41.937500	994.5
41.941250	951.7
41.945000	943.5
41.948750	943.8
41.952500	927.2
41.956250	982.9
41.960000	961.7
41.963750	977.7
41.967500	943.7
41.971250	978.4
41.975000	872.7
41.978750	969.4
41.982500	1007.0
41.986250	886.7
41.990000	917.0
41.993750	954.2
41.997500	932.8
42.001250	971.1
42.005000	985.1
42.008750	978.4
42.012500	947.4
42.016250	995.2
42.020000	1065.8
42.023750	969.7
42.027500	995.3
42.031250	1011.1
42.035000	1047.9
42.038750	1028.8
42.042500	1032.4
42.046250	1086.5
42.050000	1143.7
42.053750	1053.8
42.057500	1112.5
42.061250	1179.7
42.065000	1128.2
42.068750	1109.9
42.072500	1145.2
42.076250	1108.3
42.080000	1134.0
42.083750	1057.8
42.087500	1127.5
42.091250	1143.5
42.095000	1028.8
42.098750	1125.3
42.102500	1042.9
42.106250	1046.6
42.110000	1109.7
42.113750	1107.6
42.117500	1075.4
42.121250	1038.6
42.125000	1122.3
42.128750	1139.0
42.132500	1111.6
42.136250	1096.1
42.140000	1071.3
42.143750	1084.3
42.147500	1151.8
42.151250	1114.6
42.155000	1093.0
42.158750	1055.0
42.162500	1105.7
42.166250	1139.6
42.170000	1093.9
42.173750	1119.9
42.177500	1124.9
42.181250	1114.6
42.185000	1073.5
42.188750	1072.3
42.192500	1010.9
42.196250	1064.7
42.200000	1048.9
42.203750	1011.4
42.207500	1025.6
42.211250	1068.4
42.215000	994.3
42.218750	1008.3
42.222500	1034.5
42.226250	985.6
42.230000	946.5
42.233750	1000.8
42.237500	973.9
42.241250	955.4
42.245000	1001.5
42.248750	934.9
42.252500	945.1
42.256250	1048.4
42.260000	978.9
42.263750	982.2
42.267500	942.7
42.271250	965.0
42.275000	943.2
42.278750	911.8
42.282500	950.9
42.286250	906.6
42.290000	963.3
42.293750	952.6
42.297500	931.6
42.301250	919.2
42.305000	938.3
42.308750	936.4
42.312500	904.0
42.316250	917.9
42.320000	965.0
42.323750	945.6
42.327500	906.4
42.331250	899.6
42.335000	925.2
42.338750	910.4
42.342500	944.0
42.346250	971.4
42.350000	928.0
42.353750	937.7
42.357500	905.9
42.361250	962.5
42.365000	963.6
42.368750	951.3
42.372500	969.5
42.376250	966.9
42.380000	996.6
42.383750	919.5
42.387500	991.6
42.391250	1035.2
42.395000	1006.7
42.398750	1033.3
42.402500	1057.2
42.406250	1087.6
42.410000	1172.7
42.413750	1133.9
42.417500	1181.8
42.421250	1235.7
42.425000	1249.1
42.428750	1237.4
42.432500	1218.5
42.436250	1178.0
42.440000	1154.0
42.443750	1212.4
42.447500	1173.7
42.451250	1110.6
42.455000	1070.8
42.458750	1011.1
42.462500	985.8
42.466250	983.9
42.470000	986.7
42.473750	989.2
42.477500	983.6
42.481250	887.9
42.485000	952.9
42.488750	929.8
42.492500	938.7
42.496250	918.5
42.500000	945.9
42.503750	937.3
42.507500	933.1
42.511250	957.7
42.515000	937.9
42.518750	950.8
42.522500	943.4
42.526250	980.5
42.530000	957.2
42.533750	976.9
42.537500	951.2
42.541250	960.5
42.545000	971.6
42.548750	981.1
42.552500	974.5
42.556250	999.0
42.560000	1011.1
42.563750	991.6
42.567500	1007.0
42.571250	997.9
42.575000	1049.4
42.578750	1047.8
42.582500	1060.7
42.586250	1080.7
42.590000	1112.6
42.593750	1150.5
42.597500	1120.8
42.601250	1107.8
42.605000	1101.7
42.608750	1098.3
42.612500	1148.2
42.616250	1182.6
42.620000	1131.0
42.623750	1205.8
42.627500	1260.3
42.631250	1176.9
42.635000	1239.3
42.638750	1340.2
42.642500	1441.5
42.646250	1455.5
42.650000	1452.2
42.653750	1465.0
42.657500	1495.7
42.661250	1516.8
42.665000	1467.4
42.668750	1486.0
42.672500	1529.1
42.676250	1472.7
42.680000	1360.3
42.683750	1234.1
42.687500	1078.7
42.691250	1138.3
42.695000	1168.8
42.698750	1126.6
42.702500	1082.0
42.706250	1056.1
42.710000	1046.3
42.713750	1082.8
42.717500	1057.2
42.721250	995.6
42.725000	1101.4
42.728750	1147.1
42.732500	1155.9
42.736250	1114.0
42.740000	1183.9
42.743750	1152.3
42.747500	1230.6
42.751250	1166.1
42.755000	1215.0
42.758750	1257.1
42.762500	1222.0
42.766250	1187.4
42.770000	1189.4
42.773750	1186.4
42.777500	1199.8
42.781250	1117.1
42.785000	1090.1
42.788750	1096.7
42.792500	1086.6
42.796250	1063.2
42.800000	1071.4
42.803750	1031.1
42.807500	1034.7
42.811250	1068.5
42.815000	1032.4
42.818750	991.0
42.822500	1017.7
42.826250	1024.7
42.830000	1001.2
42.833750	1069.6
42.837500	1083.8
42.841250	1064.7
42.845000	1027.7
42.848750	1004.0
42.852500	1048.2
42.856250	1037.5
42.860000	1036.0
42.863750	1032.5
42.867500	985.9
42.871250	962.1
42.875000	989.3
42.878750	1042.1
42.882500	990.7
42.886250	1008.9
42.890000	993.0
42.893750	991.2
42.897500	1035.0
42.901250	982.8
42.905000	1039.1
42.908750	987.5
42.912500	1011.6
42.916250	1025.0
42.920000	967.5
42.923750	982.7
42.927500	981.1
42.931250	948.0
42.935000	983.5
42.938750	996.2
42.942500	984.6
42.946250	1000.1
42.950000	961.5
42.953750	951.8
42.957500	1003.8
42.961250	937.3
42.965000	959.4
42.968750	1013.0
42.972500	949.9
42.976250	983.3
42.980000	977.0
42.983750	922.7
42.987500	1023.2
42.991250	999.6
42.995000	950.3
42.998750	937.9
43.002500	946.8
43.006250	957.4
43.010000	972.7
43.013750	959.4
43.017500	982.2
43.021250	971.7
43.025000	912.6
43.028750	946.8
43.032500	983.6
43.036250	922.0
43.040000	921.7
43.043750	952.3
43.047500	1018.0
43.051250	927.6
43.055000	952.5
43.058750	980.0
43.062500	995.3
43.066250	958.9
43.070000	996.0
43.073750	924.7
43.077500	904.4
43.081250	941.6
43.085000	937.8
43.088750	965.0
43.092500	966.4
43.096250	1033.5
43.100000	928.8
43.103750	997.5
43.107500	1059.6
43.111250	971.3
43.115000	1000.1
43.118750	1011.4
43.122500	1024.0
43.126250	984.4
43.130000	989.5
43.133750	1039.1
43.137500	980.1
43.141250	973.1
43.145000	1040.8
43.148750	975.2
43.152500	964.1
43.156250	1048.3
43.160000	990.8
43.163750	978.4
43.167500	999.2
43.171250	1037.0
43.175000	1017.6
43.178750	983.2
43.182500	967.2
43.186250	930.9
43.190000	1042.4
43.193750	989.8
43.197500	958.8
43.201250	1017.7
43.205000	1002.0
43.208750	950.5
43.212500	1012.0
43.216250	1004.2
43.220000	1011.1
43.223750	959.6
43.227500	1042.8
43.231250	1032.7
43.235000	1030.6
43.238750	898.0
43.242500	967.6
43.246250	979.2
43.250000	943.0
43.253750	972.4
43.257500	983.3
43.261250	1008.2
43.265000	986.9
43.268750	974.8
43.272500	927.6
43.276250	963.5
43.280000	951.5
43.283750	944.6
43.287500	884.7
43.291250	950.9
43.295000	930.0
43.298750	909.1
43.302500	877.3
43.306250	474.0
43.310000	952.0
43.313750	959.6
43.317500	979.2
43.321250	926.9
43.325000	947.7
43.328750	917.9
43.332500	895.9
43.336250	931.5
43.340000	988.1
43.343750	917.4
43.347500	948.0
43.351250	916.8
43.355000	947.2
43.358750	903.9
43.362500	941.6
43.366250	919.3
43.370000	940.0
43.373750	926.9
43.377500	951.6
43.381250	958.1
43.385000	940.9
43.388750	941.0
43.392500	958.3
43.396250	967.6
43.400000	946.8
43.403750	961.4
43.407500	964.8
43.411250	994.6
43.415000	997.0
43.418750	959.8
43.422500	997.2
43.426250	1009.5
43.430000	1038.5
43.433750	1002.5
43.437500	980.1
43.441250	980.0
43.445000	1031.5
43.448750	983.3
43.452500	1010.0
43.456250	904.4
43.460000	921.1
43.463750	968.0
43.467500	1015.2
43.471250	1005.9
43.475000	931.8
43.478750	936.7
43.482500	988.4
43.486250	945.4
43.490000	920.4
43.493750	944.0
43.497500	933.2
43.501250	949.1
43.505000	982.5
43.508750	933.5
43.512500	910.2
43.516250	916.2
43.520000	980.7
43.523750	953.5
43.527500	938.6
43.531250	921.5
43.535000	977.1
43.538750	919.4
43.542500	930.4
43.546250	964.2
43.550000	983.9
43.553750	917.1
43.557500	933.6
43.561250	928.7
43.565000	929.9
43.568750	968.2
43.572500	960.0
43.576250	917.4
43.580000	923.5
43.583750	885.6
43.587500	966.0
43.591250	984.7
43.595000	962.9
43.598750	915.0
43.602500	945.5
43.606250	959.9
43.610000	936.2
43.613750	954.1
43.617500	940.6
43.621250	974.9
43.625000	921.5
43.628750	992.6
43.632500	956.1
43.636250	965.3
43.640000	939.7
43.643750	898.3
43.647500	928.6
43.651250	914.4
43.655000	935.8
43.658750	978.8
43.662500	1007.0
43.666250	1005.1
43.670000	959.2
43.673750	978.1
43.677500	1013.1
43.681250	1012.1
43.685000	996.1
43.688750	973.9
43.692500	978.6
43.696250	1057.9
43.700000	1073.9
43.703750	1028.0
43.707500	1077.1
43.711250	1075.9
43.715000	1082.5
43.718750	1096.5
43.722500	1036.8
43.726250	1035.8
43.730000	1103.3
43.733750	1100.2
43.737500	1135.7
43.741250	1125.8
43.745000	1106.6
43.748750	1158.2
43.752500	1137.9
43.756250	1228.3
43.760000	1214.7
43.763750	1178.4
43.767500	1285.8
43.771250	1314.9
43.775000	1356.8
43.778750	1012.6
43.782500	775.4
43.786250	1469.0
43.790000	1439.5
43.793750	1397.7
43.797500	1416.7
43.801250	1433.1
43.805000	1448.9
43.808750	1474.3
43.812500	1475.0
43.816250	1468.2
43.820000	1437.7
43.823750	1499.2
43.827500	1438.5
43.831250	1371.2
43.835000	1359.6
43.838750	1373.3
43.842500	1397.7
43.846250	1305.5
43.850000	1299.6
43.853750	1309.9
43.857500	1246.2
43.861250	1213.1
43.865000	1158.2
43.868750	1111.6
43.872500	1128.1
43.876250	1104.1
43.880000	1099.5
43.883750	1075.6
43.887500	1129.8
43.891250	1052.1
43.895000	1032.7
43.898750	1070.8
43.902500	1021.5
43.906250	982.3
43.910000	1063.4
43.913750	975.3
43.917500	972.5
43.921250	997.4
43.925000	956.7
43.928750	973.0
43.932500	983.5
43.936250	958.3
43.940000	953.5
43.943750	979.7
43.947500	975.1
43.951250	949.1
43.955000	930.9
43.958750	925.6
43.962500	933.7
43.966250	966.0
43.970000	965.2
43.973750	928.9
43.977500	922.0
43.981250	921.0
43.985000	881.9
43.988750	900.1
43.992500	946.4
43.996250	967.8
44.000000	895.8
44.003750	892.4
44.007500	903.4
44.011250	909.1
44.015000	899.3
44.018750	889.2
44.022500	939.3
44.026250	877.0
44.030000	924.3
44.033750	860.4
44.037500	928.3
44.041250	920.7
44.045000	864.1
44.048750	909.3
44.052500	920.1
44.056250	895.0
44.060000	873.9
44.063750	844.5
44.067500	906.7
44.071250	884.2
44.075000	899.0
44.078750	881.9
44.082500	893.8
44.086250	880.3
44.090000	864.8
44.093750	941.9
44.097500	896.9
44.101250	916.9
44.105000	880.6
44.108750	871.0
44.112500	835.6
44.116250	860.2
44.120000	888.8
44.123750	900.4
44.127500	930.8
44.131250	891.0
44.135000	867.3
44.138750	886.6
44.142500	888.9
44.146250	846.5
44.150000	874.7
44.153750	905.0
44.157500	872.7
44.161250	949.2
44.165000	904.8
44.168750	893.9
44.172500	900.5
44.176250	873.5
44.180000	876.5
44.183750	839.3
44.187500	860.4
44.191250	854.6
44.195000	833.0
44.198750	904.2
44.202500	904.8
44.206250	873.0
44.210000	891.9
44.213750	871.6
44.217500	896.7
44.221250	903.6
44.225000	875.0
44.228750	895.1
44.232500	815.1
44.236250	876.7
44.240000	858.8
44.243750	902.7
44.247500	867.4
44.251250	923.2
44.255000	886.5
44.258750	919.5
44.262500	901.9
44.266250	936.8
44.270000	928.1
44.273750	921.7
44.277500	829.5
44.281250	900.6
44.285000	870.9
44.288750	836.6
44.292500	888.1
44.296250	864.5
44.300000	879.2
44.303750	912.2
44.307500	885.7
44.311250	888.6
44.315000	892.3
44.318750	923.9
44.322500	900.4
44.326250	836.2
44.330000	800.2
44.333750	854.7
44.337500	883.2
44.341250	882.2
44.345000	808.6
44.348750	842.8
44.352500	866.8
44.356250	865.3
44.360000	827.1
44.363750	862.3
44.367500	841.8
44.371250	871.6
44.375000	865.0
44.378750	853.6
44.382500	888.9
44.386250	904.2
44.390000	867.9
44.393750	896.6
44.397500	895.2
44.401250	911.5
44.405000	900.8
44.408750	915.1
44.412500	856.7
44.416250	917.0
44.420000	901.0
44.423750	884.8
44.427500	924.2
44.431250	892.9
44.435000	861.7
44.438750	908.5
44.442500	855.4
44.446250	909.6
44.450000	855.3
44.453750	912.7
44.457500	873.9
44.461250	898.8
44.465000	820.7
44.468750	881.3
44.472500	862.9
44.476250	858.9
44.480000	893.4
44.483750	892.9
44.487500	901.4
44.491250	857.2
44.495000	928.3
44.498750	921.8
44.502500	891.9
44.506250	909.3
44.510000	850.8
44.513750	873.6
44.517500	862.2
44.521250	881.5
44.525000	878.2
44.528750	899.6
44.532500	859.0
44.536250	899.7
44.540000	879.7
44.543750	927.5
44.547500	878.8
44.551250	862.0
44.555000	916.6
44.558750	923.3
44.562500	848.4
44.566250	866.2
44.570000	829.8
44.573750	895.8
44.577500	891.1
44.581250	951.3
44.585000	902.4
44.588750	912.0
44.592500	892.5
44.596250	876.2
44.600000	862.2
44.603750	925.2
44.607500	908.4
44.611250	856.6
44.615000	929.5
44.618750	858.4
44.622500	912.4
44.626250	914.7
44.630000	907.6
44.633750	883.8
44.637500	855.6
44.641250	912.1
44.645000	898.5
44.648750	868.8
44.652500	859.4
44.656250	857.0
44.660000	894.9
44.663750	903.6
44.667500	889.8
44.671250	899.0
44.675000	889.5
44.678750	876.2
44.682500	945.8
44.686250	881.8
44.690000	902.9
44.693750	904.6
44.697500	893.0
44.701250	934.1
44.705000	888.4
44.708750	949.8
44.712500	874.1
44.716250	900.5
44.720000	917.7
44.723750	883.7
44.727500	906.3
44.731250	909.7
44.735000	1019.2
44.738750	915.3
44.742500	955.0
44.746250	984.1
44.750000	929.7
44.753750	973.8
44.757500	905.4
44.761250	961.9
44.765000	952.0
44.768750	951.8
44.772500	904.6
44.776250	964.8
44.780000	988.5
44.783750	1004.9
44.787500	966.0
44.791250	980.5
44.795000	958.6
44.798750	1011.3
44.802500	1016.7
44.806250	965.9
44.810000	1076.3
44.813750	1039.4
44.817500	978.3
44.821250	1037.5
44.825000	1037.5
44.828750	1029.0
44.832500	1088.6
44.836250	1096.5
44.840000	1058.1
44.843750	1185.8
44.847500	1149.7
44.851250	1136.1
44.855000	1165.8
44.858750	1173.7
44.862500	1203.9
44.866250	1186.2
44.870000	1227.7
44.873750	1224.0
44.877500	1329.3
44.881250	1285.3
44.885000	1280.4
44.888750	1326.2
44.892500	1349.6
44.896250	1259.3
44.900000	1326.3
44.903750	1356.6
44.907500	1342.0
44.911250	1368.7
44.915000	1370.3
44.918750	1272.0
44.922500	1314.6
44.926250	1293.3
44.930000	1287.3
44.933750	1312.7
44.937500	1258.8
44.941250	1301.6
44.945000	1222.9
44.948750	1234.8
44.952500	1243.8
44.956250	1179.3
44.960000	1213.4
44.963750	1181.5
44.967500	1252.7
44.971250	1167.6
44.975000	1209.4
44.978750	1153.3
44.982500	1165.2
44.986250	1212.7
44.990000	1154.6
44.993750	1193.1
44.997500	1137.1
45.001250	1189.0
45.005000	1136.8
45.008750	1109.6
45.012500	1161.2
45.016250	1182.1
45.020000	1097.0
45.023750	1115.1
45.027500	1197.4
45.031250	1206.7
45.035000	1156.5
45.038750	1192.6
45.042500	1205.5
45.046250	1152.8
45.050000	1142.5
45.053750	1163.9
45.057500	1189.7
45.061250	1158.9
45.065000	1160.4
45.068750	1230.9
45.072500	1129.2
45.076250	1170.4
45.080000	1197.2
45.083750	1156.0
45.087500	1208.9
45.091250	1275.5
45.095000	1235.9
45.098750	1249.1
45.102500	1248.4
45.106250	1211.9
45.110000	1242.4
45.113750	1259.2
45.117500	1269.4
45.121250	1262.1
45.125000	1288.3
45.128750	1279.0
45.132500	1313.3
45.136250	1325.8
45.140000	1331.7
45.143750	1312.0
45.147500	1354.2
45.151250	1287.7
45.155000	1298.2
45.158750	1337.6
45.162500	1309.2
45.166250	1290.8
45.170000	1267.8
45.173750	1191.9
45.177500	1155.1
45.181250	1207.4
45.185000	1169.2
45.188750	1116.9
45.192500	1140.2
45.196250	1144.0
45.200000	1120.4
45.203750	1079.9
45.207500	1068.2
45.211250	1047.2
45.215000	1000.2
45.218750	1044.4
45.222500	1013.8
45.226250	997.6
45.230000	995.6
45.233750	977.1
45.237500	911.8
45.241250	984.2
45.245000	921.4
45.248750	948.7
45.252500	973.5
45.256250	959.0
45.260000	948.5
45.263750	885.1
45.267500	951.8
45.271250	942.2
45.275000	902.5
45.278750	919.4
45.282500	942.3
45.286250	947.0
45.290000	893.5
45.293750	902.8
45.297500	931.5
45.301250	929.4
45.305000	934.1
45.308750	856.5
45.312500	876.1
45.316250	830.7
45.320000	927.4
45.323750	856.3
45.327500	871.2
45.331250	888.7
45.335000	888.1
45.338750	866.0
45.342500	905.6
45.346250	862.4
45.350000	857.4
45.353750	858.5
45.357500	888.5
45.361250	847.2
45.365000	876.2
45.368750	859.4
45.372500	897.5
45.376250	885.2
45.380000	850.5
45.383750	920.7
45.387500	869.6
45.391250	875.5
45.395000	880.3
45.398750	872.5
45.402500	833.5
45.406250	853.4
45.410000	861.5
45.413750	895.9
45.417500	886.8
45.421250	904.2
45.425000	905.4
45.428750	867.1
45.432500	843.4
45.436250	910.3
45.440000	901.6
45.443750	894.5
45.447500	893.4
45.451250	880.4
45.455000	930.8
45.458750	854.7
45.462500	886.1
45.466250	941.7
45.470000	916.4
45.473750	897.0
45.477500	913.5
45.481250	939.8
45.485000	947.4
45.488750	922.6
45.492500	953.7
45.496250	981.6
45.500000	1022.0
45.503750	993.2
45.507500	937.3
45.511250	1093.7
45.515000	1098.0
45.518750	1053.5
45.522500	1028.7
45.526250	1181.0
45.530000	1176.9
45.533750	1212.9
45.537500	1283.9
45.541250	1224.7
45.545000	1282.7
45.548750	1260.3
45.552500	1245.5
45.556250	1266.8
45.560000	1237.3
45.563750	1155.1
45.567500	1243.1
45.571250	1165.0
45.575000	1157.1
45.578750	1155.8
45.582500	1074.5
45.586250	1061.8
45.590000	1015.0
45.593750	1042.5
45.597500	1019.1
45.601250	985.1
45.605000	966.8
45.608750	998.0
45.612500	974.5
45.616250	997.7
45.620000	968.3
45.623750	978.8
45.627500	931.8
45.631250	935.4
45.635000	929.3
45.638750	918.6
45.642500	977.2
45.646250	965.4
45.650000	866.9
45.653750	935.7
45.657500	968.0
45.661250	909.2
45.665000	984.6
45.668750	964.6
45.672500	945.7
45.676250	985.2
45.680000	1026.1
45.683750	1020.6
45.687500	974.5
45.691250	1058.6
45.695000	1055.9
45.698750	1056.6
45.702500	1096.3
45.706250	1115.5
45.710000	1084.2
45.713750	1067.0
45.717500	1091.2
45.721250	1078.1
45.725000	1048.8
45.728750	1039.3
45.732500	1022.5
45.736250	1024.3
45.740000	1078.5
45.743750	1003.3
45.747500	1046.8
45.751250	1072.1
45.755000	1059.9
45.758750	1140.0
45.762500	1141.7
45.766250	1132.5
45.770000	1177.9
45.773750	1253.9
45.777500	1319.5
45.781250	1311.5
45.785000	1366.7
45.788750	1354.8
45.792500	1387.3
45.796250	1490.2
45.800000	1442.6
45.803750	1458.0
45.807500	1515.1
45.811250	1467.2
45.815000	1496.0
45.818750	1569.4
45.822500	1524.9
45.826250	1579.6
45.830000	1576.3
45.833750	1539.1
45.837500	1527.7
45.841250	1487.3
45.845000	1497.4
45.848750	1427.6
45.852500	1400.4
45.856250	1349.1
45.860000	1359.3
45.863750	1391.8
45.867500	1331.9
45.871250	1296.0
45.875000	1283.8
45.878750	1310.2
45.882500	1335.0
45.886250	1205.4
45.890000	1235.7
45.893750	1248.7
45.897500	1240.6
45.901250	1214.3
45.905000	1221.9
45.908750	1243.3
45.912500	1156.4
45.916250	1196.2
45.920000	1258.0
45.923750	1174.1
45.927500	1181.0
45.931250	1209.9
45.935000	1240.9
45.938750	1259.5
45.942500	1167.9
45.946250	1142.2
45.950000	1130.0
45.953750	1093.8
45.957500	1111.5
45.961250	1148.5
45.965000	1083.6
45.968750	1076.1
45.972500	1037.5
45.976250	1033.8
45.980000	989.3
45.983750	1059.8
45.987500	997.3
45.991250	1021.9
45.995000	1097.3
45.998750	1049.1
46.002500	935.0
46.006250	966.0
46.010000	1014.3
46.013750	931.4
46.017500	1009.9
46.021250	985.3
46.025000	980.5
46.028750	916.8
46.032500	881.8
46.036250	943.1
46.040000	1000.8
46.043750	993.5
46.047500	905.0
46.051250	890.6
46.055000	974.3
46.058750	899.9
46.062500	978.0
46.066250	958.7
46.070000	888.3
46.073750	951.3
46.077500	915.5
46.081250	897.6
46.085000	888.3
46.088750	993.6
46.092500	988.3
46.096250	944.8
46.100000	896.9
46.103750	952.4
46.107500	1015.4
46.111250	996.8
46.115000	1024.8
46.118750	1021.1
46.122500	1019.2
46.126250	994.0
46.130000	1023.4
46.133750	1013.3
46.137500	950.0
46.141250	961.7
46.145000	910.0
46.148750	1092.0
46.152500	1041.5
46.156250	1052.7
46.160000	1019.4
46.163750	972.6
46.167500	937.6
46.171250	940.9
46.175000	902.4
46.178750	875.4
46.182500	914.8
46.186250	949.7
46.190000	935.2
46.193750	897.4
46.197500	971.4
46.201250	945.6
46.205000	874.6
46.208750	878.9
46.212500	879.2
46.216250	885.7
46.220000	935.5
46.223750	878.0
46.227500	891.1
46.231250	868.4
46.235000	847.7
46.238750	834.1
46.242500	868.1
46.246250	898.7
46.250000	859.8
46.253750	847.7
46.257500	907.7
46.261250	875.0
46.265000	871.9
46.268750	848.6
46.272500	896.5
46.276250	885.2
46.280000	904.6
46.283750	864.3
46.287500	866.7
46.291250	873.5
46.295000	893.2
46.298750	837.0
46.302500	872.0
46.306250	868.9
46.310000	912.6
46.313750	832.9
46.317500	860.3
46.321250	855.0
46.325000	859.3
46.328750	938.1
46.332500	895.8
46.336250	932.9
46.340000	896.9
46.343750	869.9
46.347500	871.1
46.351250	907.5
46.355000	894.0
46.358750	887.8
46.362500	854.4
46.366250	863.2
46.370000	828.1
46.373750	884.6
46.377500	912.3
46.381250	889.1
46.385000	900.2
46.388750	917.9
46.392500	900.6
46.396250	887.9
46.400000	952.6
46.403750	868.0
46.407500	910.4
46.411250	901.3
46.415000	903.1
46.418750	935.7
46.422500	1032.9
46.426250	955.4
46.430000	954.5
46.433750	931.3
46.437500	1028.6
46.441250	978.7
46.445000	950.9
46.448750	933.9
46.452500	965.8
46.456250	948.9
46.460000	1007.7
46.463750	1019.1
46.467500	980.6
46.471250	1031.4
46.475000	1014.2
46.478750	1088.9
46.482500	1101.0
46.486250	1139.3
46.490000	1209.2
46.493750	1176.2
46.497500	1226.2
46.501250	1259.6
46.505000	1294.2
46.508750	1285.1
46.512500	1266.6
46.516250	1326.6
46.520000	1259.4
46.523750	1333.9
46.527500	1223.2
46.531250	1220.2
46.535000	1250.8
46.538750	1213.4
46.542500	1201.5
46.546250	1152.2
46.550000	1196.3
46.553750	1099.4
46.557500	1137.6
46.561250	1127.0
46.565000	1132.3
46.568750	1076.1
46.572500	1133.9
46.576250	1089.8
46.580000	1066.5
46.583750	1072.9
46.587500	1072.3
46.591250	1065.7
46.595000	1053.7
46.598750	1046.8
46.602500	1063.5
46.606250	1052.4
46.610000	1047.3
46.613750	1035.2
46.617500	1010.5
46.621250	1042.6
46.625000	1004.8
46.628750	1042.2
46.632500	1023.6
46.636250	1054.4
46.640000	1088.3
46.643750	1115.3
46.647500	1113.2
46.651250	1150.2
46.655000	1091.1
46.658750	1138.6
46.662500	1155.6
46.666250	1201.1
46.670000	1253.9
46.673750	1266.1
46.677500	1332.9
46.681250	1403.4
46.685000	1472.0
46.688750	1554.4
46.692500	1693.2
46.696250	1831.5
46.700000	1951.7
46.703750	2176.7
46.707500	2459.2
46.711250	2485.2
46.715000	2732.9
46.718750	2704.8
46.722500	2755.6
46.726250	2800.6
46.730000	2846.3
46.733750	2889.2
46.737500	2834.2
46.741250	2726.2
46.745000	2535.4
46.748750	2284.6
46.752500	2019.0
46.756250	1865.6
46.760000	1689.4
46.763750	1558.1
46.767500	1397.7
46.771250	1304.6
46.775000	1289.1
46.778750	1264.8
46.782500	1191.9
46.786250	1148.4
46.790000	1172.3
46.793750	1105.1
46.797500	1165.6
46.801250	1100.9
46.805000	1086.3
46.808750	1056.7
46.812500	1012.4
46.816250	1092.8
46.820000	1041.9
46.823750	1043.3
46.827500	1039.9
46.831250	994.9
46.835000	983.1
46.838750	1057.1
46.842500	1001.7
46.846250	963.2
46.850000	976.7
46.853750	1010.4
46.857500	993.2
46.861250	1012.6
46.865000	995.7
46.868750	986.5
46.872500	953.7
46.876250	994.5
46.880000	1009.7
46.883750	991.4
46.887500	1004.8
46.891250	970.8
46.895000	999.0
46.898750	982.7
46.902500	1062.5
46.906250	1062.9
46.910000	1082.5
46.913750	1020.8
46.917500	1027.6
46.921250	1007.7
46.925000	1048.4
46.928750	1081.6
46.932500	1071.7
46.936250	1067.7
46.940000	1006.5
46.943750	1018.0
46.947500	1009.4
46.951250	969.0
46.955000	988.3
46.958750	932.0
46.962500	950.8
46.966250	949.2
46.970000	916.8
46.973750	889.1
46.977500	896.4
46.981250	840.3
46.985000	882.2
46.988750	933.5
46.992500	903.0
46.996250	861.1
47.000000	875.9
47.003750	917.5
47.007500	887.9
47.011250	873.7
47.015000	918.1
47.018750	889.1
47.022500	944.5
47.026250	917.6
47.030000	902.4
47.033750	868.0
47.037500	905.6
47.041250	893.1
47.045000	859.7
47.048750	933.4
47.052500	887.7
47.056250	917.7
47.060000	892.3
47.063750	843.2
47.067500	864.3
47.071250	920.8
47.075000	943.0
47.078750	897.3
47.082500	921.1
47.086250	890.3
47.090000	953.4
47.093750	941.8
47.097500	925.7
47.101250	964.5
47.105000	911.1
47.108750	946.4
47.112500	920.4
47.116250	948.8
47.120000	1003.4
47.123750	989.4
47.127500	965.6
47.131250	964.7
47.135000	1010.4
47.138750	974.4
47.142500	1000.4
47.146250	1021.3
47.150000	965.4
47.153750	1028.0
47.157500	1087.7
47.161250	1084.1
47.165000	1168.4
47.168750	1151.8
47.172500	1152.5
47.176250	1178.6
47.180000	1149.3
47.183750	1142.3
47.187500	1165.0
47.191250	1178.2
47.195000	1204.4
47.198750	1267.9
47.202500	1263.9
47.206250	1334.3
47.210000	1265.4
47.213750	1234.9
47.217500	1273.6
47.221250	1256.2
47.225000	1203.1
47.228750	1188.2
47.232500	1212.2
47.236250	1236.0
47.240000	1199.0
47.243750	1215.4
47.247500	1220.0
47.251250	1138.2
47.255000	1141.7
47.258750	1179.7
47.262500	1142.3
47.266250	1174.3
47.270000	1162.3
47.273750	1187.5
47.277500	1221.3
47.281250	1203.4
47.285000	1173.2
47.288750	1182.9
47.292500	1170.7
47.296250	1172.4
47.300000	1200.2
47.303750	1196.9
47.307500	1192.6
47.311250	1192.6
47.315000	1181.0
47.318750	1258.1
47.322500	1254.3
47.326250	1228.7
47.330000	1261.2
47.333750	1229.2
47.337500	1195.0
47.341250	1212.0
47.345000	1161.4
47.348750	1206.5
47.352500	1262.7
47.356250	1244.3
47.360000	1206.6
47.363750	1179.7
47.367500	1059.8
47.371250	1079.9
47.375000	1091.7
47.378750	1041.4
47.382500	1067.9
47.386250	1049.3
47.390000	1077.1
47.393750	1058.5
47.397500	1045.2
47.401250	1043.7
47.405000	1051.0
47.408750	990.3
47.412500	1004.2
47.416250	1073.8
47.420000	1039.1
47.423750	1053.8
47.427500	1053.8
47.431250	1039.2
47.435000	1066.1
47.438750	1110.4
47.442500	1101.7
47.446250	1100.8
47.450000	1109.9
47.453750	1109.4
47.457500	1062.9
47.461250	1078.4
47.465000	1099.3
47.468750	1064.9
47.472500	1078.2
47.476250	1067.7
47.480000	1074.6
47.483750	1074.7
47.487500	1100.5
47.491250	1105.4
47.495000	1065.3
47.498750	1115.6
47.502500	1050.2
47.506250	1024.5
47.510000	1048.9
47.513750	1006.1
47.517500	1021.2
47.521250	1089.5
47.525000	1079.6
47.528750	1109.5
47.532500	1047.6
47.536250	1052.2
47.540000	1172.6
47.543750	1141.1
47.547500	1089.1
47.551250	1146.8
47.555000	1127.3
47.558750	1084.4
47.562500	1113.1
47.566250	1181.9
47.570000	1177.9
47.573750	1169.7
47.577500	1168.2
47.581250	1146.8
47.585000	1064.7
47.588750	1151.6
47.592500	1206.2
47.596250	1210.0
47.600000	1230.3
47.603750	1189.7
47.607500	1190.0
47.611250	1302.8
47.615000	1251.2
47.618750	1258.0
47.622500	1244.5
47.626250	1271.3
47.630000	1275.1
47.633750	1274.0
47.637500	1296.4
47.641250	1326.4
47.645000	1306.7
47.648750	1291.9
47.652500	1279.3
47.656250	1268.1
47.660000	1213.8
47.663750	1255.9
47.667500	1354.3
47.671250	1337.1
47.675000	1312.4
47.678750	1283.5
47.682500	1351.7
47.686250	1336.7
47.690000	1290.7
47.693750	1283.8
47.697500	1290.2
47.701250	1384.6
47.705000	1294.4
47.708750	1185.1
47.712500	1187.1
47.716250	1286.7
47.720000	1182.4
47.723750	1147.6
47.727500	1136.3
47.731250	1179.8
47.735000	1123.7
47.738750	1206.9
47.742500	1143.6
47.746250	1169.4
47.750000	1185.9
47.753750	1209.9
47.757500	1179.5
47.761250	1102.9
47.765000	1148.4
47.768750	1211.0
47.772500	1191.9
47.776250	1159.0
47.780000	1145.9
47.783750	1216.7
47.787500	1187.7
47.791250	1173.4
47.795000	1118.4
47.798750	1145.0
47.802500	1203.1
47.806250	1226.7
47.810000	1178.0
47.813750	1187.9
47.817500	1160.3
47.821250	1141.6
47.825000	1082.7
47.828750	1112.7
47.832500	1090.6
47.836250	1029.4
47.840000	1082.3
47.843750	1022.6
47.847500	1021.9
47.851250	1021.4
47.855000	1009.5
47.858750	1069.6
47.862500	1008.8
47.866250	963.6
47.870000	1082.3
47.873750	1015.4
47.877500	977.1
47.881250	948.1
47.885000	1025.0
47.888750	1007.0
47.892500	1030.6
47.896250	1068.4
47.900000	993.4
47.903750	984.4
47.907500	1030.3
47.911250	1060.2
47.915000	1042.6
47.918750	999.4
47.922500	1019.1
47.926250	1041.7
47.930000	1099.8
47.933750	1069.1
47.937500	1093.3
47.941250	1066.5
47.945000	1075.5
47.948750	1047.3
47.952500	1098.9
47.956250	1065.9
47.960000	1101.3
47.963750	1133.1
47.967500	1093.8
47.971250	1022.9
47.975000	1072.4
47.978750	1072.1
47.982500	1040.9
47.986250	1037.7
47.990000	1067.0
47.993750	1042.2
47.997500	978.1
48.001250	1019.0
48.005000	1025.3
48.008750	1022.3
48.012500	985.2
48.016250	1019.3
48.020000	958.9
48.023750	963.4
48.027500	1047.8
48.031250	1033.5
48.035000	975.7
48.038750	1054.8
48.042500	1043.0
48.046250	1044.6
48.050000	1038.2
48.053750	1039.7
48.057500	1037.7
48.061250	1051.1
48.065000	1059.2
48.068750	1072.8
48.072500	1056.0
48.076250	1066.7
48.080000	987.7
48.083750	1012.5
48.087500	1006.4
48.091250	923.3
48.095000	982.5
48.098750	901.6
48.102500	930.0
48.106250	950.9
48.110000	939.8
48.113750	892.8
48.117500	935.9
48.121250	946.5
48.125000	940.8
48.128750	921.8
48.132500	890.8
48.136250	944.8
48.140000	928.1
48.143750	916.3
48.147500	893.7
48.151250	881.7
48.155000	902.4
48.158750	924.5
48.162500	919.4
48.166250	944.8
48.170000	871.0
48.173750	881.8
48.177500	910.1
48.181250	939.5
48.185000	904.0
48.188750	938.2
48.192500	939.8
48.196250	950.7
48.200000	901.7
48.203750	894.3
48.207500	942.2
48.211250	998.1
48.215000	951.1
48.218750	991.7
48.222500	993.2
48.226250	980.5
48.230000	971.5
48.233750	946.9
48.237500	1009.4
48.241250	976.4
48.245000	932.4
48.248750	951.5
48.252500	962.4
48.256250	1040.0
48.260000	1013.3
48.263750	1066.1
48.267500	1002.4
48.271250	986.3
48.275000	939.9
48.278750	919.0
48.282500	961.3
48.286250	919.5
48.290000	922.4
48.293750	982.6
48.297500	909.7
48.301250	952.7
48.305000	944.8
48.308750	923.9
48.312500	905.6
48.316250	889.4
48.320000	891.9
48.323750	885.6
48.327500	938.9
48.331250	978.8
48.335000	908.6
48.338750	907.6
48.342500	919.9
48.346250	926.8
48.350000	898.8
48.353750	951.5
48.357500	936.3
48.361250	884.9
48.365000	938.1
48.368750	910.8
48.372500	896.7
48.376250	884.6
48.380000	935.7
48.383750	885.2
48.387500	939.3
48.391250	940.2
48.395000	918.7
48.398750	938.1
48.402500	960.0
48.406250	920.5
48.410000	976.4
48.413750	978.1
48.417500	928.5
48.421250	969.2
48.425000	905.0
48.428750	962.6
48.432500	945.3
48.436250	968.2
48.440000	1004.4
48.443750	972.8
48.447500	919.3
48.451250	934.9
48.455000	956.6
48.458750	963.7
48.462500	1010.1
48.466250	971.5
48.470000	940.4
48.473750	945.0
48.477500	965.9
48.481250	970.4
48.485000	915.3
48.488750	936.7
48.492500	939.9
48.496250	880.7
48.500000	876.0
48.503750	923.8
48.507500	903.2
48.511250	911.9
48.515000	930.3
48.518750	921.7
48.522500	906.2
48.526250	906.5
48.530000	882.2
48.533750	885.7
48.537500	876.5
48.541250	853.5
48.545000	911.3
48.548750	881.1
48.552500	867.7
48.556250	883.8
48.560000	914.0
48.563750	923.8
48.567500	915.3
48.571250	897.1
48.575000	908.4
48.578750	940.6
48.582500	891.3
48.586250	863.5
48.590000	859.6
48.593750	893.1
48.597500	988.9
48.601250	917.6
48.605000	887.4
48.608750	877.8
48.612500	911.7
48.616250	932.1
48.620000	928.4
48.623750	894.3
48.627500	926.0
48.631250	928.2
48.635000	948.2
48.638750	912.5
48.642500	895.5
48.646250	900.1
48.650000	890.6
48.653750	938.4
48.657500	899.2
48.661250	906.0
48.665000	960.9
48.668750	920.2
48.672500	864.8
48.676250	951.4
48.680000	956.3
48.683750	919.1
48.687500	889.3
48.691250	894.3
48.695000	915.1
48.698750	876.6
48.702500	897.6
48.706250	896.2
48.710000	909.3
48.713750	877.5
48.717500	866.3
48.721250	849.7
48.725000	871.5
48.728750	905.9
48.732500	877.6
48.736250	822.7
48.740000	843.7
48.743750	879.8
48.747500	894.8
48.751250	835.8
48.755000	847.9
48.758750	909.3
48.762500	860.4
48.766250	842.6
48.770000	865.5
48.773750	808.3
48.777500	915.8
48.781250	866.6
48.785000	852.2
48.788750	829.8
48.792500	853.7
48.796250	840.7
48.800000	833.2
48.803750	849.1
48.807500	825.2
48.811250	857.4
48.815000	889.6
48.818750	856.2
48.822500	858.9
48.826250	858.5
48.830000	860.8
48.833750	863.1
48.837500	858.8
48.841250	828.3
48.845000	835.5
48.848750	871.6
48.852500	857.7
48.856250	832.3
48.860000	878.1
48.863750	853.8
48.867500	898.1
48.871250	838.9
48.875000	855.0
48.878750	874.3
48.882500	844.9
48.886250	871.7
48.890000	900.7
48.893750	882.9
48.897500	821.3
48.901250	841.4
48.905000	874.5
48.908750	859.7
48.912500	886.2
48.916250	840.4
48.920000	869.9
48.923750	853.3
48.927500	880.7
48.931250	875.6
48.935000	903.7
48.938750	862.5
48.942500	845.1
48.946250	940.2
48.950000	928.5
48.953750	908.3
48.957500	839.0
48.961250	892.7
48.965000	963.2
48.968750	934.3
48.972500	882.8
48.976250	924.4
48.980000	909.8
48.983750	865.8
48.987500	934.2
48.991250	916.5
48.995000	902.0
48.998750	881.7
49.002500	899.2
49.006250	915.1
49.010000	914.7
49.013750	865.5
49.017500	918.8
49.021250	880.2
49.025000	913.1
49.028750	909.8
49.032500	924.7
49.036250	878.1
49.040000	862.8
49.043750	861.0
49.047500	887.0
49.051250	923.5
49.055000	872.6
49.058750	888.2
49.062500	821.8
49.066250	888.2
49.070000	904.7
49.073750	897.7
49.077500	927.4
49.081250	876.9
49.085000	889.2
49.088750	922.6
49.092500	935.9
49.096250	886.0
49.100000	862.5
49.103750	834.9
49.107500	923.3
49.111250	913.5
49.115000	943.0
49.118750	898.4
49.122500	977.1
49.126250	920.7
49.130000	917.9
49.133750	876.2
49.137500	948.5
49.141250	933.1
49.145000	983.2
49.148750	1013.1
49.152500	998.6
49.156250	1027.8
49.160000	982.8
49.163750	976.5
49.167500	1007.3
49.171250	946.8
49.175000	1041.0
49.178750	1044.2
49.182500	1073.3
49.186250	1021.5
49.190000	1056.6
49.193750	1019.5
49.197500	1040.9
49.201250	1038.7
49.205000	1053.0
49.208750	1009.1
49.212500	1017.2
49.216250	1017.9
49.220000	1126.8
49.223750	1026.8
49.227500	1019.1
49.231250	1072.4
49.235000	1061.6
49.238750	1072.5
49.242500	1070.0
49.246250	1065.5
49.250000	1071.5
49.253750	1097.8
49.257500	1138.0
49.261250	1110.1
49.265000	1105.9
49.268750	1083.0
49.272500	1133.5
49.276250	1035.4
49.280000	1050.4
49.283750	1045.8
49.287500	1055.1
49.291250	982.3
49.295000	998.0
49.298750	957.1
49.302500	1004.0
49.306250	961.5
49.310000	884.9
49.313750	931.7
49.317500	921.5
49.321250	925.0
49.325000	954.2
49.328750	934.1
49.332500	895.7
49.336250	922.9
49.340000	917.3
49.343750	897.2
49.347500	974.6
49.351250	948.4
49.355000	950.0
49.358750	955.0
49.362500	894.1
49.366250	865.6
49.370000	941.7
49.373750	887.9
49.377500	910.8
49.381250	890.6
49.385000	903.2
49.388750	933.0
49.392500	949.1
49.396250	937.1
49.400000	935.5
49.403750	922.5
49.407500	820.7
49.411250	873.7
49.415000	915.3
49.418750	867.2
49.422500	897.2
49.426250	855.2
49.430000	843.7
49.433750	884.0
49.437500	923.9
49.441250	881.3
49.445000	896.4
49.448750	872.2
49.452500	877.8
49.456250	921.1
49.460000	916.7
49.463750	861.4
49.467500	891.3
49.471250	884.6
49.475000	917.9
49.478750	889.1
49.482500	870.3
49.486250	870.9
49.490000	872.5
49.493750	864.9
49.497500	854.6
49.501250	817.1
49.505000	842.9
49.508750	862.4
49.512500	853.7
49.516250	839.6
49.520000	819.2
49.523750	846.9
49.527500	914.8
49.531250	866.8
49.535000	899.6
49.538750	881.7
49.542500	842.0
49.546250	882.1
49.550000	868.6
49.553750	850.1
49.557500	903.2
49.561250	949.6
49.565000	879.9
49.568750	909.8
49.572500	907.6
49.576250	912.7
49.580000	932.0
49.583750	866.5
49.587500	898.7
49.591250	977.2
49.595000	969.5
49.598750	911.1
49.602500	979.0
49.606250	995.7
49.610000	992.5
49.613750	998.8
49.617500	983.3
49.621250	935.5
49.625000	940.4
49.628750	966.1
49.632500	947.7
49.636250	974.3
49.640000	939.5
49.643750	949.1
49.647500	911.3
49.651250	896.1
49.655000	904.9
49.658750	850.0
49.662500	803.5
49.666250	882.8
49.670000	892.1
49.673750	854.5
49.677500	868.4
49.681250	813.2
49.685000	814.9
49.688750	825.5
49.692500	819.1
49.696250	841.5
49.700000	792.2
49.703750	831.2
49.707500	869.5
49.711250	803.9
49.715000	830.7
49.718750	807.8
49.722500	859.7
49.726250	801.6
49.730000	838.5
49.733750	771.2
49.737500	811.0
49.741250	852.7
49.745000	781.1
49.748750	767.6
49.752500	820.7
49.756250	788.4
49.760000	819.0
49.763750	786.0
49.767500	813.6
49.771250	818.7
49.775000	827.9
49.778750	778.5
49.782500	798.1
49.786250	765.8
49.790000	791.2
49.793750	851.5
49.797500	794.6
49.801250	777.7
49.805000	800.8
49.808750	757.7
49.812500	764.3
49.816250	793.3
49.820000	792.7
49.823750	761.2
49.827500	814.1
49.831250	826.5
49.835000	821.7
49.838750	777.5
49.842500	821.6
49.846250	853.8
49.850000	798.4
49.853750	829.5
49.857500	809.9
49.861250	791.1
49.865000	823.0
49.868750	794.7
49.872500	755.9
49.876250	829.4
49.880000	822.4
49.883750	805.6
49.887500	810.0
49.891250	806.1
49.895000	825.9
49.898750	847.9
49.902500	816.9
49.906250	785.6
49.910000	774.0
49.913750	808.3
49.917500	809.0
49.921250	796.6
49.925000	767.1
49.928750	832.2
49.932500	847.7
49.936250	808.9
49.940000	861.3
49.943750	830.6
49.947500	876.4
49.951250	913.2
49.955000	892.7
49.958750	938.0
49.962500	964.8
49.966250	914.5
49.970000	980.6
49.973750	999.2
49.977500	971.4
49.981250	903.0
49.985000	881.6
49.988750	935.4
49.992500	922.6
49.996250	890.6
50.000000	893.8
50.003750	856.7
50.007500	877.1
50.011250	784.2
50.015000	789.2
50.018750	827.1
50.022500	813.2
50.026250	796.5
50.030000	832.2
50.033750	821.1
50.037500	811.9
50.041250	778.4
50.045000	862.3
50.048750	856.1
50.052500	844.7
50.056250	860.9
50.060000	804.4
50.063750	809.8
50.067500	841.7
50.071250	854.4
50.075000	846.1
50.078750	840.5
50.082500	832.6
50.086250	827.4
50.090000	834.0
50.093750	835.4
50.097500	870.4
50.101250	846.7
50.105000	820.7
50.108750	856.9
50.112500	867.4
50.116250	820.5
50.120000	877.7
50.123750	910.6
50.127500	927.0
50.131250	963.0
50.135000	909.6
50.138750	927.5
50.142500	1008.0
50.146250	988.5
50.150000	981.3
50.153750	962.2
50.157500	954.8
50.161250	949.3
50.165000	896.0
50.168750	884.7
50.172500	879.1
50.176250	843.5
50.180000	909.2
50.183750	812.3
50.187500	808.7
50.191250	873.7
50.195000	805.0
50.198750	869.0
50.202500	811.9
50.206250	880.5
50.210000	789.1
50.213750	786.0
50.217500	833.6
50.221250	856.4
50.225000	824.7
50.228750	825.6
50.232500	855.9
50.236250	835.2
50.240000	872.2
50.243750	842.4
50.247500	849.1
50.251250	864.0
50.255000	823.2
50.258750	816.7
50.262500	867.4
50.266250	836.3
50.270000	849.5
50.273750	886.1
50.277500	838.7
50.281250	906.5
50.285000	869.1
50.288750	841.7
50.292500	804.3
50.296250	797.5
50.300000	819.7
50.303750	869.5
50.307500	845.0
50.311250	852.1
50.315000	837.0
50.318750	849.2
50.322500	838.9
50.326250	814.4
50.330000	791.0
50.333750	806.7
50.337500	839.2
50.341250	806.5
50.345000	832.8
50.348750	821.0
50.352500	830.5
50.356250	834.8
50.360000	820.3
50.363750	837.7
50.367500	852.2
50.371250	833.9
50.375000	845.7
50.378750	850.1
50.382500	817.1
50.386250	787.5
50.390000	811.3
50.393750	838.7
50.397500	825.1
50.401250	801.3
50.405000	869.4
50.408750	815.3
50.412500	796.8
50.416250	828.2
50.420000	804.3
50.423750	827.4
50.427500	796.5
50.431250	798.1
50.435000	807.8
50.438750	783.9
50.442500	798.4
50.446250	812.4
50.450000	822.1
50.453750	808.9
50.457500	815.6
50.461250	800.4
50.465000	832.3
50.468750	840.5
50.472500	832.5
50.476250	871.9
50.480000	851.3
50.483750	821.4
50.487500	901.5
50.491250	829.6
50.495000	887.8
50.498750	866.6
50.502500	884.9
50.506250	934.4
50.510000	899.7
50.513750	831.4
50.517500	950.2
50.521250	846.8
50.525000	872.4
50.528750	835.1
50.532500	831.1
50.536250	926.3
50.540000	848.7
50.543750	780.0
50.547500	836.6
50.551250	910.4
50.555000	929.8
50.558750	837.9
50.562500	870.0
50.566250	854.0
50.570000	892.0
50.573750	826.2
50.577500	810.1
50.581250	781.9
50.585000	835.7
50.588750	836.1
50.592500	822.5
50.596250	816.4
50.600000	958.3
50.603750	786.1
50.607500	825.8
50.611250	903.8
50.615000	861.1
50.618750	834.4
50.622500	820.2
50.626250	838.4
50.630000	914.4
50.633750	902.7
50.637500	808.4
50.641250	868.8
50.645000	840.9
50.648750	855.1
50.652500	862.1
50.656250	861.7
50.660000	854.1
50.663750	799.1
50.667500	892.4
50.671250	889.5
50.675000	812.9
50.678750	845.2
50.682500	819.0
50.686250	831.2
50.690000	832.0
50.693750	844.8
50.697500	858.5
50.701250	834.5
50.705000	865.2
50.708750	793.0
50.712500	851.7
50.716250	853.9
50.720000	767.8
50.723750	796.8
50.727500	805.9
50.731250	796.0
50.735000	796.2
50.738750	777.4
50.742500	835.7
50.746250	755.5
50.750000	818.4
50.753750	771.6
50.757500	815.2
50.761250	776.7
50.765000	761.0
50.768750	847.0
50.772500	832.4
50.776250	792.7
50.780000	844.3
50.783750	747.2
50.787500	783.3
50.791250	819.9
50.795000	770.1
50.798750	738.7
50.802500	813.7
50.806250	789.5
50.810000	805.7
50.813750	787.5
50.817500	805.5
50.821250	777.2
50.825000	803.5
50.828750	828.8
50.832500	759.3
50.836250	749.3
50.840000	823.7
50.843750	816.1
50.847500	871.7
50.851250	783.9
50.855000	804.3
50.858750	791.8
50.862500	817.8
50.866250	788.4
50.870000	796.3
50.873750	783.3
50.877500	807.9
50.881250	824.5
50.885000	702.3
50.888750	766.4
50.892500	740.4
50.896250	761.7
50.900000	760.9
50.903750	739.0
50.907500	790.5
50.911250	768.6
50.915000	766.6
50.918750	740.6
50.922500	767.6
50.926250	759.9
50.930000	775.8
50.933750	779.1
50.937500	764.7
50.941250	784.4
50.945000	770.8
50.948750	799.3
50.952500	773.2
50.956250	739.1
50.960000	786.7
50.963750	822.0
50.967500	746.9
50.971250	800.6
50.975000	768.5
50.978750	757.0
50.982500	794.6
50.986250	787.8
50.990000	716.3
50.993750	768.6
50.997500	695.8
51.001250	701.7
51.005000	753.4
51.008750	774.2
51.012500	746.8
51.016250	771.7
51.020000	791.0
51.023750	801.7
51.027500	800.6
51.031250	788.6
51.035000	765.2
51.038750	851.4
51.042500	757.4
51.046250	741.2
51.050000	805.2
51.053750	746.2
51.057500	740.7
51.061250	799.4
51.065000	822.1
51.068750	745.5
51.072500	774.1
51.076250	806.2
51.080000	775.8
51.083750	761.1
51.087500	780.1
51.091250	778.6
51.095000	763.3
51.098750	739.1
51.102500	727.2
51.106250	784.8
51.110000	808.9
51.113750	761.2
51.117500	812.6
51.121250	744.7
51.125000	723.8
51.128750	758.1
51.132500	740.1
51.136250	765.0
51.140000	744.8
51.143750	736.4
51.147500	732.0
51.151250	817.3
51.155000	788.7
51.158750	786.7
51.162500	811.6
51.166250	755.4
51.170000	749.4
51.173750	752.9
51.177500	756.0
51.181250	785.0
51.185000	780.8
51.188750	783.6
51.192500	781.2
51.196250	805.1
51.200000	756.5
51.203750	819.4
51.207500	789.1
51.211250	785.1
51.215000	780.1
51.218750	784.0
51.222500	777.0
51.226250	741.6
51.230000	814.4
51.233750	779.5
51.237500	763.1
51.241250	795.3
51.245000	754.6
51.248750	747.1
51.252500	742.8
51.256250	760.8
51.260000	809.8
51.263750	751.3
51.267500	799.9
51.271250	796.3
51.275000	746.0
51.278750	781.6
51.282500	755.7
51.286250	754.6
51.290000	784.9
51.293750	741.0
51.297500	775.9
51.301250	692.8
51.305000	742.1
51.308750	744.7
51.312500	741.4
51.316250	763.7
51.320000	772.5
51.323750	751.5
51.327500	732.7
51.331250	695.9
51.335000	754.9
51.338750	748.9
51.342500	677.3
51.346250	735.6
51.350000	739.9
51.353750	726.1
51.357500	765.3
51.361250	784.6
51.365000	817.1
51.368750	759.0
51.372500	787.5
51.376250	784.3
51.380000	806.5
51.383750	804.6
51.387500	774.5
51.391250	805.9
51.395000	864.4
51.398750	858.1
51.402500	838.7
51.406250	857.4
51.410000	799.9
51.413750	837.7
51.417500	854.1
51.421250	833.1
51.425000	827.4
51.428750	820.9
51.432500	796.8
51.436250	792.5
51.440000	797.2
51.443750	807.7
51.447500	762.8
51.451250	789.9
51.455000	740.6
51.458750	759.2
51.462500	746.0
51.466250	724.6
51.470000	747.9
51.473750	769.0
51.477500	721.3
51.481250	721.9
51.485000	702.2
51.488750	735.2
51.492500	763.3
51.496250	742.5
51.500000	697.4
51.503750	728.8
51.507500	746.7
51.511250	743.9
51.515000	741.7
51.518750	768.6
51.522500	745.1
51.526250	765.9
51.530000	703.5
51.533750	702.9
51.537500	729.8
51.541250	766.1
51.545000	722.1
51.548750	735.7
51.552500	762.8
51.556250	717.5
51.560000	685.5
51.563750	699.6
51.567500	771.6
51.571250	762.6
51.575000	712.7
51.578750	752.4
51.582500	749.9
51.586250	706.0
51.590000	711.0
51.593750	712.1
51.597500	713.9
51.601250	724.1
51.605000	766.7
51.608750	775.1
51.612500	734.1
51.616250	737.2
51.620000	764.4
51.623750	757.6
51.627500	753.9
51.631250	727.2
51.635000	745.0
51.638750	731.6
51.642500	734.0
51.646250	718.2
51.650000	751.3
51.653750	766.3
51.657500	761.6
51.661250	751.3
51.665000	714.0
51.668750	732.1
51.672500	740.1
51.676250	778.4
51.680000	780.4
51.683750	766.0
51.687500	748.4
51.691250	731.3
51.695000	726.3
51.698750	789.3
51.702500	776.8
51.706250	702.9
51.710000	772.3
51.713750	755.2
51.717500	707.4
51.721250	774.2
51.725000	757.0
51.728750	743.3
51.732500	753.7
51.736250	766.7
51.740000	755.4
51.743750	752.2
51.747500	731.9
51.751250	722.3
51.755000	700.3
51.758750	749.4
51.762500	735.1
51.766250	759.3
51.770000	717.3
51.773750	738.6
51.777500	735.9
51.781250	793.1
51.785000	713.8
51.788750	738.5
51.792500	717.3
51.796250	728.6
51.800000	752.8
51.803750	713.1
51.807500	709.0
51.811250	701.4
51.815000	727.9
51.818750	715.6
51.822500	724.7
51.826250	740.7
51.830000	768.1
51.833750	710.9
51.837500	730.9
51.841250	766.5
51.845000	772.8
51.848750	751.7
51.852500	748.2
51.856250	750.0
51.860000	739.1
51.863750	735.8
51.867500	748.1
51.871250	754.9
51.875000	734.7
51.878750	780.2
51.882500	718.8
51.886250	703.7
51.890000	731.7
51.893750	727.5
51.897500	675.3
51.901250	702.8
51.905000	736.0
51.908750	741.4
51.912500	744.6
51.916250	756.7
51.920000	733.9
51.923750	726.6
51.927500	708.0
51.931250	716.9
51.935000	770.5
51.938750	743.1
51.942500	746.1
51.946250	737.7
51.950000	738.9
51.953750	779.6
51.957500	773.2
51.961250	735.3
51.965000	781.5
51.968750	748.9
51.972500	782.5
51.976250	720.5
51.980000	808.5
51.983750	794.1
51.987500	748.1
51.991250	739.3
51.995000	799.0
51.998750	805.2
52.002500	771.6
52.006250	760.6
52.010000	825.1
52.013750	790.8
52.017500	790.8
52.021250	751.9
52.025000	745.2
52.028750	765.7
52.032500	795.0
52.036250	760.3
52.040000	732.4
52.043750	708.1
52.047500	755.5
52.051250	771.0
52.055000	751.6
52.058750	737.0
52.062500	705.1
52.066250	777.6
52.070000	724.7
52.073750	763.3
52.077500	801.1
52.081250	776.2
52.085000	772.5
52.088750	777.8
52.092500	758.0
52.096250	764.4
52.100000	784.8
52.103750	736.7
52.107500	781.0
52.111250	764.6
52.115000	724.6
52.118750	746.2
52.122500	714.2
52.126250	761.9
52.130000	736.7
52.133750	717.6
52.137500	723.6
52.141250	782.5
52.145000	699.0
52.148750	751.1
52.152500	756.7
52.156250	736.3
52.160000	712.0
52.163750	776.3
52.167500	688.6
52.171250	742.6
52.175000	740.9
52.178750	728.4
52.182500	764.4
52.186250	711.1
52.190000	735.0
52.193750	743.6
52.197500	703.2
52.201250	754.1
52.205000	728.0
52.208750	734.6
52.212500	720.9
52.216250	731.6
52.220000	743.3
52.223750	745.8
52.227500	733.9
52.231250	751.9
52.235000	779.5
52.238750	777.2
52.242500	741.4
52.246250	743.2
52.250000	743.3
52.253750	723.0
52.257500	708.6
52.261250	750.9
52.265000	758.9
52.268750	732.7
52.272500	753.9
52.276250	734.4
52.280000	721.3
52.283750	719.6
52.287500	764.5
52.291250	756.4
52.295000	747.0
52.298750	716.6
52.302500	691.8
52.306250	733.8
52.310000	780.0
52.313750	697.9
52.317500	711.6
52.321250	727.7
52.325000	745.0
52.328750	756.9
52.332500	674.0
52.336250	695.1
52.340000	741.1
52.343750	743.3
52.347500	749.9
52.351250	743.6
52.355000	745.9
52.358750	699.3
52.362500	681.2
52.366250	694.5
52.370000	710.5
52.373750	735.0
52.377500	712.1
52.381250	731.2
52.385000	748.0
52.388750	739.1
52.392500	713.2
52.396250	783.6
52.400000	760.9
52.403750	745.8
52.407500	770.1
52.411250	746.5
52.415000	706.9
52.418750	726.2
52.422500	700.0
52.426250	718.7
52.430000	739.6
52.433750	764.1
52.437500	734.0
52.441250	704.0
52.445000	726.8
52.448750	721.6
52.452500	683.7
52.456250	690.0
52.460000	685.5
52.463750	717.6
52.467500	761.6
52.471250	725.8
52.475000	753.8
52.478750	734.4
52.482500	740.0
52.486250	700.1
52.490000	701.2
52.493750	692.7
52.497500	740.4
52.501250	746.8
52.505000	730.3
52.508750	698.9
52.512500	706.0
52.516250	724.0
52.520000	743.0
52.523750	761.9
52.527500	723.0
52.531250	740.4
52.535000	715.3
52.538750	758.8
52.542500	726.0
52.546250	739.3
52.550000	726.3
52.553750	717.4
52.557500	748.4
52.561250	711.6
52.565000	702.2
52.568750	700.4
52.572500	751.5
52.576250	755.9
52.580000	738.6
52.583750	759.0
52.587500	732.9
52.591250	731.0
52.595000	785.9
52.598750	774.1
52.602500	736.7
52.606250	755.6
52.610000	787.8
52.613750	752.5
52.617500	720.1
52.621250	760.3
52.625000	724.8
52.628750	713.8
52.632500	751.9
52.636250	767.3
52.640000	747.7
52.643750	784.6
52.647500	756.6
52.651250	763.6
52.655000	778.3
52.658750	746.4
52.662500	728.4
52.666250	789.2
52.670000	755.3
52.673750	810.1
52.677500	771.2
52.681250	757.6
52.685000	759.4
52.688750	776.5
52.692500	796.3
52.696250	795.9
52.700000	807.2
52.703750	784.3
52.707500	807.5
52.711250	835.4
52.715000	859.1
52.718750	839.6
52.722500	865.0
52.726250	788.1
52.730000	845.3
52.733750	849.5
52.737500	852.9
52.741250	910.9
52.745000	863.5
52.748750	878.8
52.752500	837.3
52.756250	858.8
52.760000	899.0
52.763750	920.3
52.767500	887.5
52.771250	844.9
52.775000	874.7
52.778750	893.7
52.782500	886.1
52.786250	886.0
52.790000	866.4
52.793750	860.5
52.797500	831.8
52.801250	886.0
52.805000	877.3
52.808750	820.3
52.812500	736.9
52.816250	780.0
52.820000	822.7
52.823750	792.7
52.827500	787.2
52.831250	787.5
52.835000	768.7
52.838750	760.7
52.842500	753.8
52.846250	766.6
52.850000	777.8
52.853750	778.5
52.857500	794.7
52.861250	782.3
52.865000	753.2
52.868750	793.6
52.872500	755.0
52.876250	712.3
52.880000	755.3
52.883750	711.1
52.887500	715.7
52.891250	749.2
52.895000	763.7
52.898750	712.4
52.902500	746.5
52.906250	724.1
52.910000	673.8
52.913750	726.1
52.917500	721.2
52.921250	668.7
52.925000	711.7
52.928750	724.0
52.932500	721.5
52.936250	728.3
52.940000	718.6
52.943750	712.2
52.947500	684.9
52.951250	716.6
52.955000	740.2
52.958750	738.3
52.962500	736.9
52.966250	732.6
52.970000	682.9
52.973750	733.7
52.977500	747.7
52.981250	736.3
52.985000	682.1
52.988750	631.1
52.992500	696.9
52.996250	655.8
53.000000	748.4
53.003750	702.8
53.007500	704.6
53.011250	640.9
53.015000	695.9
53.018750	697.4
53.022500	706.7
53.026250	688.6
53.030000	760.8
53.033750	723.3
53.037500	678.9
53.041250	680.8
53.045000	741.3
53.048750	703.3
53.052500	718.1
53.056250	722.8
53.060000	631.9
53.063750	695.6
53.067500	679.8
53.071250	676.9
53.075000	734.6
53.078750	700.7
53.082500	714.7
53.086250	708.6
53.090000	750.8
53.093750	716.3
53.097500	708.3
53.101250	712.9
53.105000	726.7
53.108750	725.9
53.112500	704.6
53.116250	711.9
53.120000	702.8
53.123750	738.1
53.127500	729.8
53.131250	723.1
53.135000	737.4
53.138750	720.2
53.142500	708.7
53.146250	717.3
53.150000	702.6
53.153750	736.6
53.157500	768.6
53.161250	723.2
53.165000	763.4
53.168750	778.3
53.172500	742.3
53.176250	737.4
53.180000	730.1
53.183750	734.2
53.187500	749.8
53.191250	779.4
53.195000	780.3
53.198750	728.7
53.202500	713.2
53.206250	694.4
53.210000	768.8
53.213750	692.3
53.217500	706.8
53.221250	737.3
53.225000	716.8
53.228750	786.5
53.232500	740.5
53.236250	732.5
53.240000	737.0
53.243750	741.6
53.247500	736.7
53.251250	760.7
53.255000	777.1
53.258750	738.6
53.262500	720.2
53.266250	801.4
53.270000	723.9
53.273750	711.5
53.277500	694.7
53.281250	736.3
53.285000	782.2
53.288750	716.6
53.292500	703.8
53.296250	740.6
53.300000	805.9
53.303750	754.7
53.307500	775.2
53.311250	753.6
53.315000	762.7
53.318750	722.2
53.322500	727.6
53.326250	726.1
53.330000	764.8
53.333750	742.3
53.337500	734.4
53.341250	711.5
53.345000	702.7
53.348750	773.9
53.352500	810.8
53.356250	730.9
53.360000	704.8
53.363750	744.6
53.367500	780.7
53.371250	706.1
53.375000	728.5
53.378750	735.9
53.382500	803.7
53.386250	729.1
53.390000	743.2
53.393750	757.1
53.397500	753.0
53.401250	751.4
53.405000	730.0
53.408750	751.5
53.412500	747.9
53.416250	739.0
53.420000	743.9
53.423750	773.7
53.427500	743.1
53.431250	712.3
53.435000	746.5
53.438750	735.1
53.442500	699.5
53.446250	679.1
53.450000	689.7
53.453750	731.7
53.457500	743.9
53.461250	747.0
53.465000	729.6
53.468750	707.6
53.472500	723.4
53.476250	649.2
53.480000	677.6
53.483750	691.6
53.487500	678.3
53.491250	741.6
53.495000	685.9
53.498750	672.2
53.502500	712.1
53.506250	711.4
53.510000	699.3
53.513750	741.7
53.517500	692.6
53.521250	681.6
53.525000	702.5
53.528750	694.1
53.532500	712.9
53.536250	696.6
53.540000	680.4
53.543750	726.1
53.547500	781.0
53.551250	718.1
53.555000	709.8
53.558750	743.3
53.562500	771.2
53.566250	744.3
53.570000	669.6
53.573750	725.2
53.577500	734.7
53.581250	712.0
53.585000	693.6
53.588750	684.6
53.592500	725.5
53.596250	723.3
53.600000	746.8
53.603750	710.5
53.607500	697.5
53.611250	682.6
53.615000	717.0
53.618750	700.6
53.622500	668.6
53.626250	673.5
53.630000	678.2
53.633750	700.2
53.637500	673.3
53.641250	730.7
53.645000	698.6
53.648750	673.9
53.652500	679.2
53.656250	685.7
53.660000	680.7
53.663750	675.4
53.667500	698.2
53.671250	686.6
53.675000	706.3
53.678750	711.8
53.682500	679.5
53.686250	616.8
53.690000	688.4
53.693750	665.4
53.697500	664.1
53.701250	701.8
53.705000	695.2
53.708750	673.6
53.712500	711.7
53.716250	692.7
53.720000	649.6
53.723750	682.6
53.727500	694.0
53.731250	643.1
53.735000	699.1
53.738750	644.9
53.742500	676.7
53.746250	637.6
53.750000	666.0
53.753750	678.7
53.757500	677.3
53.761250	682.9
53.765000	654.5
53.768750	667.5
53.772500	667.4
53.776250	688.7
53.780000	674.0
53.783750	655.2
53.787500	667.4
53.791250	675.3
53.795000	725.9
53.798750	696.2
53.802500	659.0
53.806250	650.8
53.810000	678.8
53.813750	679.8
53.817500	645.5
53.821250	682.0
53.825000	666.2
53.828750	625.7
53.832500	675.2
53.836250	657.8
53.840000	655.7
53.843750	660.6
53.847500	679.9
53.851250	650.7
53.855000	627.5
53.858750	657.3
53.862500	675.5
53.866250	686.1
53.870000	665.7
53.873750	672.6
53.877500	678.4
53.881250	652.7
53.885000	647.0
53.888750	692.5
53.892500	658.1
53.896250	668.4
53.900000	661.9
53.903750	653.0
53.907500	682.8
53.911250	723.0
53.915000	725.1
53.918750	715.8
53.922500	712.6
53.926250	650.0
53.930000	720.2
53.933750	686.2
53.937500	651.2
53.941250	698.1
53.945000	674.8
53.948750	661.8
53.952500	709.7
53.956250	712.4
53.960000	677.2
53.963750	684.4
53.967500	727.4
53.971250	646.3
53.975000	681.3
53.978750	663.0
53.982500	673.1
53.986250	701.8
53.990000	689.9
53.993750	666.0
53.997500	682.8
54.001250	665.1
54.005000	698.5
54.008750	723.0
54.012500	714.7
54.016250	711.6
54.020000	697.1
54.023750	680.3
54.027500	667.7
54.031250	699.6
54.035000	679.5
54.038750	669.7
54.042500	705.9
54.046250	710.0
54.050000	735.8
54.053750	715.3
54.057500	704.6
54.061250	696.2
54.065000	676.5
54.068750	695.7
54.072500	706.1
54.076250	703.7
54.080000	668.6
54.083750	686.7
54.087500	778.6
54.091250	720.4
54.095000	759.4
54.098750	705.1
54.102500	765.2
54.106250	750.6
54.110000	751.1
54.113750	754.7
54.117500	804.1
54.121250	764.9
54.125000	739.2
54.128750	751.5
54.132500	763.1
54.136250	728.3
54.140000	767.8
54.143750	769.5
54.147500	749.0
54.151250	784.7
54.155000	791.8
54.158750	760.9
54.162500	805.1
54.166250	789.2
54.170000	772.4
54.173750	781.2
54.177500	758.0
54.181250	788.5
54.185000	828.0
54.188750	799.6
54.192500	776.2
54.196250	769.0
54.200000	799.6
54.203750	792.6
54.207500	777.8
54.211250	772.9
54.215000	783.3
54.218750	779.4
54.222500	754.8
54.226250	767.4
54.230000	711.5
54.233750	758.2
54.237500	820.2
54.241250	751.0
54.245000	717.5
54.248750	791.2
54.252500	742.5
54.256250	734.9
54.260000	738.3
54.263750	733.5
54.267500	706.8
54.271250	706.7
54.275000	715.8
54.278750	749.3
54.282500	743.1
54.286250	744.6
54.290000	765.9
54.293750	742.2
54.297500	768.2
54.301250	749.9
54.305000	755.3
54.308750	734.8
54.312500	734.7
54.316250	739.5
54.320000	783.7
54.323750	729.7
54.327500	694.6
54.331250	751.5
54.335000	763.4
54.338750	759.7
54.342500	740.4
54.346250	782.5
54.350000	779.2
54.353750	740.0
54.357500	716.5
54.361250	706.5
54.365000	715.6
54.368750	693.2
54.372500	755.7
54.376250	801.3
54.380000	781.3
54.383750	736.7
54.387500	717.4
54.391250	769.9
54.395000	765.3
54.398750	708.0
54.402500	760.0
54.406250	732.4
54.410000	756.9
54.413750	743.4
54.417500	732.0
54.421250	722.1
54.425000	766.8
54.428750	762.4
54.432500	755.1
54.436250	726.0
54.440000	771.8
54.443750	788.1
54.447500	733.3
54.451250	771.6
54.455000	759.7
54.458750	753.7
54.462500	781.7
54.466250	815.0
54.470000	812.1
54.473750	797.8
54.477500	798.5
54.481250	780.1
54.485000	758.3
54.488750	762.5
54.492500	786.2
54.496250	768.7
54.500000	740.6
54.503750	768.2
54.507500	700.5
54.511250	791.0
54.515000	752.9
54.518750	771.9
54.522500	774.0
54.526250	732.0
54.530000	753.7
54.533750	730.1
54.537500	751.8
54.541250	755.4
54.545000	721.0
54.548750	742.8
54.552500	746.2
54.556250	743.3
54.560000	728.0
54.563750	708.4
54.567500	676.6
54.571250	700.4
54.575000	695.1
54.578750	701.1
54.582500	742.1
54.586250	677.5
54.590000	693.2
54.593750	711.1
54.597500	721.7
54.601250	709.2
54.605000	742.6
54.608750	669.8
54.612500	643.3
54.616250	683.0
54.620000	679.9
54.623750	678.2
54.627500	711.4
54.631250	680.0
54.635000	724.3
54.638750	684.6
54.642500	704.7
54.646250	665.5
54.650000	683.4
54.653750	747.4
54.657500	717.8
54.661250	724.1
54.665000	738.4
54.668750	768.7
54.672500	699.5
54.676250	721.9
54.680000	700.7
54.683750	750.5
54.687500	714.0
54.691250	716.7
54.695000	728.5
54.698750	700.5
54.702500	678.0
54.706250	751.4
54.710000	774.5
54.713750	776.1
54.717500	741.9
54.721250	704.1
54.725000	702.0
54.728750	735.5
54.732500	763.2
54.736250	819.5
54.740000	721.7
54.743750	738.1
54.747500	664.3
54.751250	761.3
54.755000	757.3
54.758750	772.1
54.762500	790.1
54.766250	761.9
54.770000	694.1
54.773750	738.5
54.777500	751.4
54.781250	753.1
54.785000	726.4
54.788750	696.4
54.792500	723.1
54.796250	767.2
54.800000	739.9
54.803750	720.1
54.807500	699.7
54.811250	727.8
54.815000	717.1
54.818750	759.6
54.822500	692.5
54.826250	753.1
54.830000	711.9
54.833750	749.7
54.837500	734.9
54.841250	697.1
54.845000	694.8
54.848750	764.4
54.852500	740.7
54.856250	678.2
54.860000	699.8
54.863750	683.0
54.867500	743.7
54.871250	735.2
54.875000	684.4
54.878750	742.9
54.882500	690.9
54.886250	728.7
54.890000	670.6
54.893750	700.0
54.897500	700.6
54.901250	724.2
54.905000	712.3
54.908750	722.9
54.912500	689.1
54.916250	702.3
54.920000	684.4
54.923750	710.4
54.927500	723.4
54.931250	682.0
54.935000	677.9
54.938750	725.2
54.942500	690.2
54.946250	752.9
54.950000	679.3
54.953750	706.3
54.957500	697.4
54.961250	692.7
54.965000	720.2
54.968750	708.4
54.972500	672.4
54.976250	731.5
54.980000	751.9
54.983750	752.6
54.987500	701.2
54.991250	730.8
54.995000	736.3
54.998750	706.2
55.002500	691.7
55.006250	746.1
55.010000	731.3
55.013750	705.9
55.017500	769.0
55.021250	748.6
55.025000	749.0
55.028750	726.3
55.032500	780.4
55.036250	744.7
55.040000	789.9
55.043750	778.6
55.047500	808.4
55.051250	858.0
55.055000	833.2
55.058750	809.5
55.062500	850.1
55.066250	882.5
55.070000	890.3
55.073750	934.8
55.077500	881.8
55.081250	846.3
55.085000	886.8
55.088750	931.7
55.092500	875.2
55.096250	855.1
55.100000	834.4
55.103750	845.2
55.107500	847.6
55.111250	815.5
55.115000	791.0
55.118750	775.3
55.122500	719.0
55.126250	771.9
55.130000	737.4
55.133750	762.8
55.137500	748.7
55.141250	718.3
55.145000	695.8
55.148750	715.5
55.152500	711.0
55.156250	708.9
55.160000	706.9
55.163750	707.9
55.167500	689.2
55.171250	713.3
55.175000	741.4
55.178750	628.3
55.182500	681.0
55.186250	692.9
55.190000	698.7
55.193750	730.2
55.197500	716.1
55.201250	730.3
55.205000	759.5
55.208750	743.4
55.212500	671.1
55.216250	704.1
55.220000	712.5
55.223750	698.5
55.227500	705.4
55.231250	685.5
55.235000	681.0
55.238750	682.1
55.242500	702.1
55.246250	724.5
55.250000	673.8
55.253750	757.1
55.257500	700.3
55.261250	669.7
55.265000	652.2
55.268750	698.9
55.272500	687.0
55.276250	694.1
55.280000	711.4
55.283750	706.3
55.287500	656.8
55.291250	670.9
55.295000	728.0
55.298750	670.0
55.302500	705.0
55.306250	682.2
55.310000	735.4
55.313750	724.4
55.317500	679.1
55.321250	719.6
55.325000	766.4
55.328750	709.6
55.332500	735.8
55.336250	756.7
55.340000	772.9
55.343750	759.2
55.347500	760.5
55.351250	794.4
55.355000	840.5
55.358750	810.7
55.362500	765.1
55.366250	829.2
55.370000	885.3
55.373750	937.5
55.377500	990.4
55.381250	1026.4
55.385000	1018.6
55.388750	1137.6
55.392500	1258.9
55.396250	1301.2
55.400000	1299.5
55.403750	1427.7
55.407500	1482.2
55.411250	1502.4
55.415000	1476.6
55.418750	1557.0
55.422500	1590.8
55.426250	1596.8
55.430000	1530.7
55.433750	1515.1
55.437500	1429.8
55.441250	1423.3
55.445000	1283.1
55.448750	1247.2
55.452500	1110.2
55.456250	993.6
55.460000	1017.2
55.463750	991.6
55.467500	825.2
55.471250	869.3
55.475000	839.8
55.478750	777.2
55.482500	777.6
55.486250	780.7
55.490000	770.6
55.493750	723.3
55.497500	721.6
55.501250	717.7
55.505000	751.4
55.508750	743.3
55.512500	736.2
55.516250	749.6
55.520000	717.1
55.523750	745.9
55.527500	748.0
55.531250	669.6
55.535000	684.6
55.538750	733.8
55.542500	685.1
55.546250	669.6
55.550000	720.0
55.553750	672.3
55.557500	641.9
55.561250	635.9
55.565000	647.5
55.568750	668.8
55.572500	685.7
55.576250	717.9
55.580000	641.1
55.583750	652.9
55.587500	717.2
55.591250	680.0
55.595000	660.1
55.598750	703.8
55.602500	748.8
55.606250	721.1
55.610000	717.1
55.613750	708.2
55.617500	653.6
55.621250	692.7
55.625000	681.5
55.628750	659.2
55.632500	669.2
55.636250	672.7
55.640000	661.3
55.643750	654.0
55.647500	639.5
55.651250	682.6
55.655000	697.2
55.658750	603.4
55.662500	681.5
55.666250	734.5
55.670000	713.6
55.673750	648.0
55.677500	622.2
55.681250	665.2
55.685000	692.4
55.688750	681.6
55.692500	607.7
55.696250	686.0
55.700000	702.7
55.703750	684.7
55.707500	676.2
55.711250	669.4
55.715000	699.2
55.718750	691.9
55.722500	721.9
55.726250	744.8
55.730000	701.7
55.733750	674.4
55.737500	669.7
55.741250	670.8
55.745000	685.6
55.748750	650.1
55.752500	648.8
55.756250	636.1
55.760000	631.8
55.763750	614.5
55.767500	673.2
55.771250	658.5
55.775000	651.1
55.778750	658.4
55.782500	638.6
55.786250	664.4
55.790000	635.2
55.793750	622.5
55.797500	663.9
55.801250	672.5
55.805000	635.7
55.808750	609.5
55.812500	656.2
55.816250	658.3
55.820000	668.4
55.823750	655.0
55.827500	621.8
55.831250	678.6
55.835000	696.0
55.838750	640.7
55.842500	663.8
55.846250	653.4
55.850000	628.6
55.853750	671.0
55.857500	686.3
55.861250	661.0
55.865000	660.7
55.868750	653.7
55.872500	668.4
55.876250	663.2
55.880000	657.5
55.883750	656.1
55.887500	636.7
55.891250	609.6
55.895000	661.1
55.898750	599.1
55.902500	595.3
55.906250	633.9
55.910000	645.7
55.913750	613.1
55.917500	625.5
55.921250	664.9
55.925000	590.9
55.928750	637.7
55.932500	692.5
55.936250	663.5
55.940000	662.3
55.943750	640.7
55.947500	654.6
55.951250	649.4
55.955000	649.2
55.958750	669.8
55.962500	645.5
55.966250	639.3
55.970000	627.7
55.973750	624.4
55.977500	669.4
55.981250	681.4
55.985000	624.8
55.988750	598.1
55.992500	660.4
55.996250	737.8
56.000000	744.7
56.003750	656.7
56.007500	644.7
56.011250	694.2
56.015000	672.2
56.018750	662.2
56.022500	648.4
56.026250	604.3
56.030000	625.2
56.033750	657.4
56.037500	681.2
56.041250	651.0
56.045000	686.7
56.048750	682.5
56.052500	673.9
56.056250	669.0
56.060000	625.8
56.063750	634.3
56.067500	656.3
56.071250	707.1
56.075000	746.2
56.078750	686.4
56.082500	655.3
56.086250	641.2
56.090000	648.0
56.093750	683.8
56.097500	706.3
56.101250	632.4
56.105000	730.7
56.108750	683.3
56.112500	660.7
56.116250	606.8
56.120000	616.2
56.123750	661.7
56.127500	683.6
56.131250	678.9
56.135000	707.5
56.138750	710.1
56.142500	685.8
56.146250	673.0
56.150000	654.2
56.153750	663.2
56.157500	686.0
56.161250	663.0
56.165000	645.5
56.168750	731.1
56.172500	692.6
56.176250	657.2
56.180000	659.1
56.183750	664.3
56.187500	641.8
56.191250	634.9
56.195000	670.1
56.198750	692.5
56.202500	686.7
56.206250	684.3
56.210000	668.3
56.213750	663.8
56.217500	656.8
56.221250	612.5
56.225000	654.7
56.228750	674.1
56.232500	664.7
56.236250	636.7
56.240000	649.7
56.243750	667.6
56.247500	674.4
56.251250	650.7
56.255000	647.1
56.258750	665.6
56.262500	656.2
56.266250	641.4
56.270000	671.9
56.273750	637.8
56.277500	625.8
56.281250	702.5
56.285000	654.8
56.288750	658.1
56.292500	635.2
56.296250	647.0
56.300000	641.1
56.303750	628.0
56.307500	662.4
56.311250	673.8
56.315000	660.9
56.318750	607.4
56.322500	688.4
56.326250	649.6
56.330000	649.0
56.333750	683.6
56.337500	719.7
56.341250	670.7
56.345000	642.4
56.348750	697.7
56.352500	710.5
56.356250	687.6
56.360000	686.7
56.363750	680.7
56.367500	671.4
56.371250	685.0
56.375000	720.1
56.378750	699.1
56.382500	726.8
56.386250	706.3
56.390000	734.0
56.393750	718.0
56.397500	706.7
56.401250	685.8
56.405000	708.6
56.408750	692.9
56.412500	686.1
56.416250	702.1
56.420000	676.7
56.423750	723.5
56.427500	713.6
56.431250	705.5
56.435000	697.3
56.438750	700.8
56.442500	661.5
56.446250	707.6
56.450000	682.2
56.453750	710.5
56.457500	698.4
56.461250	670.9
56.465000	693.1
56.468750	695.2
56.472500	680.2
56.476250	634.0
56.480000	747.0
56.483750	716.9
56.487500	631.0
56.491250	661.2
56.495000	707.1
56.498750	654.3
56.502500	655.7
56.506250	670.7
56.510000	664.2
56.513750	639.6
56.517500	649.0
56.521250	640.4
56.525000	673.8
56.528750	670.0
56.532500	666.4
56.536250	689.8
56.540000	672.7
56.543750	616.3
56.547500	660.0
56.551250	647.1
56.555000	654.4
56.558750	649.6
56.562500	669.2
56.566250	632.6
56.570000	657.2
56.573750	650.2
56.577500	672.4
56.581250	641.2
56.585000	670.1
56.588750	626.8
56.592500	601.7
56.596250	627.7
56.600000	712.2
56.603750	676.0
56.607500	683.4
56.611250	646.2
56.615000	681.7
56.618750	685.4
56.622500	665.3
56.626250	638.9
56.630000	688.0
56.633750	639.8
56.637500	666.1
56.641250	653.4
56.645000	671.4
56.648750	653.7
56.652500	671.8
56.656250	665.2
56.660000	665.2
56.663750	646.7
56.667500	669.6
56.671250	675.1
56.675000	660.4
56.678750	671.3
56.682500	652.1
56.686250	681.1
56.690000	699.7
56.693750	677.4
56.697500	637.1
56.701250	668.2
56.705000	674.2
56.708750	692.9
56.712500	690.0
56.716250	675.9
56.720000	668.6
56.723750	666.6
56.727500	696.6
56.731250	704.6
56.735000	633.9
56.738750	667.9
56.742500	670.7
56.746250	645.2
56.750000	693.2
56.753750	651.6
56.757500	722.1
56.761250	706.8
56.765000	722.8
56.768750	693.7
56.772500	676.7
56.776250	660.1
56.780000	715.7
56.783750	674.1
56.787500	691.0
56.791250	638.9
56.795000	714.4
56.798750	688.9
56.802500	719.7
56.806250	691.0
56.810000	720.0
56.813750	671.2
56.817500	714.8
56.821250	697.3
56.825000	730.6
56.828750	684.2
56.832500	725.0
56.836250	697.0
56.840000	720.6
56.843750	681.1
56.847500	661.2
56.851250	700.7
56.855000	693.0
56.858750	662.6
56.862500	672.3
56.866250	677.7
56.870000	691.7
56.873750	661.9
56.877500	663.3
56.881250	656.3
56.885000	650.9
56.888750	693.0
56.892500	687.9
56.896250	659.4
56.900000	676.1
56.903750	674.1
56.907500	636.1
56.911250	671.4
56.915000	694.6
56.918750	688.7
56.922500	695.8
56.926250	708.0
56.930000	671.4
56.933750	652.9
56.937500	689.9
56.941250	695.2
56.945000	684.8
56.948750	640.4
56.952500	658.6
56.956250	705.5
56.960000	628.8
56.963750	657.7
56.967500	681.0
56.971250	690.9
56.975000	707.7
56.978750	699.0
56.982500	704.5
56.986250	717.7
56.990000	743.5
56.993750	740.0
56.997500	724.9
57.001250	746.4
57.005000	771.1
57.008750	729.6
57.012500	765.1
57.016250	785.7
57.020000	753.0
57.023750	758.2
57.027500	782.2
57.031250	753.1
57.035000	768.1
57.038750	756.3
57.042500	720.2
57.046250	750.7
57.050000	725.5
57.053750	700.1
57.057500	725.4
57.061250	721.5
57.065000	684.7
57.068750	678.0
57.072500	715.2
57.076250	695.1
57.080000	724.9
57.083750	694.9
57.087500	713.8
57.091250	660.5
57.095000	660.3
57.098750	691.2
57.102500	671.9
57.106250	704.5
57.110000	699.9
57.113750	665.1
57.117500	660.2
57.121250	633.0
57.125000	675.8
57.128750	672.6
57.132500	671.4
57.136250	683.8
57.140000	675.8
57.143750	644.7
57.147500	669.0
57.151250	677.3
57.155000	647.2
57.158750	673.8
57.162500	678.7
57.166250	715.9
57.170000	686.1
57.173750	657.3
57.177500	667.2
57.181250	672.7
57.185000	653.0
57.188750	686.0
57.192500	717.0
57.196250	674.3
57.200000	676.3
57.203750	669.9
57.207500	707.2
57.211250	692.9
57.215000	690.7
57.218750	728.2
57.222500	687.2
57.226250	689.6
57.230000	697.2
57.233750	746.5
57.237500	714.3
57.241250	724.1
57.245000	734.2
57.248750	697.8
57.252500	723.8
57.256250	708.1
57.260000	722.2
57.263750	731.2
57.267500	695.5
57.271250	721.6
57.275000	664.5
57.278750	693.7
57.282500	698.5
57.286250	685.6
57.290000	683.4
57.293750	651.3
57.297500	621.6
57.301250	707.6
57.305000	682.0
57.308750	616.8
57.312500	658.3
57.316250	633.8
57.320000	697.6
57.323750	674.4
57.327500	614.0
57.331250	626.1
57.335000	669.4
57.338750	636.6
57.342500	657.7
57.346250	684.7
57.350000	677.6
57.353750	619.7
57.357500	681.5
57.361250	687.5
57.365000	678.6
57.368750	670.7
57.372500	642.9
57.376250	660.8
57.380000	696.7
57.383750	665.8
57.387500	654.8
57.391250	656.4
57.395000	664.3
57.398750	662.2
57.402500	666.5
57.406250	661.4
57.410000	639.7
57.413750	668.5
57.417500	662.6
57.421250	662.9
57.425000	655.4
57.428750	679.2
57.432500	613.7
57.436250	653.3
57.440000	704.8
57.443750	632.1
57.447500	641.4
57.451250	652.3
57.455000	684.2
57.458750	691.3
57.462500	669.0
57.466250	631.9
57.470000	679.7
57.473750	679.7
57.477500	665.0
57.481250	653.1
57.485000	648.9
57.488750	675.1
57.492500	688.9
57.496250	687.1
57.500000	679.7
57.503750	665.5
57.507500	691.3
57.511250	687.7
57.515000	694.8
57.518750	677.8
57.522500	662.0
57.526250	721.3
57.530000	662.4
57.533750	687.6
57.537500	698.4
57.541250	655.1
57.545000	700.0
57.548750	676.0
57.552500	681.0
57.556250	680.9
57.560000	681.5
57.563750	696.8
57.567500	664.5
57.571250	706.6
57.575000	683.2
57.578750	632.1
57.582500	641.2
57.586250	665.0
57.590000	680.5
57.593750	662.1
57.597500	623.2
57.601250	656.3
57.605000	658.3
57.608750	635.8
57.612500	661.2
57.616250	708.2
57.620000	640.5
57.623750	680.3
57.627500	658.7
57.631250	614.3
57.635000	664.7
57.638750	653.8
57.642500	652.3
57.646250	652.2
57.650000	646.8
57.653750	657.2
57.657500	636.9
57.661250	645.5
57.665000	662.6
57.668750	684.7
57.672500	655.6
57.676250	654.6
57.680000	673.8
57.683750	625.1
57.687500	627.7
57.691250	584.6
57.695000	630.6
57.698750	668.8
57.702500	665.6
57.706250	624.6
57.710000	652.5
57.713750	653.2
57.717500	715.1
57.721250	672.4
57.725000	664.0
57.728750	661.7
57.732500	618.6
57.736250	644.3
57.740000	666.1
57.743750	647.2
57.747500	677.4
57.751250	664.4
57.755000	665.8
57.758750	698.8
57.762500	719.2
57.766250	728.3
57.770000	696.9
57.773750	687.0
57.777500	682.0
57.781250	717.9
57.785000	752.3
57.788750	732.9
57.792500	696.6
57.796250	704.7
57.800000	716.6
57.803750	775.3
57.807500	720.9
57.811250	748.2
57.815000	749.3
57.818750	774.0
57.822500	742.7
57.826250	702.5
57.830000	797.9
57.833750	768.8
57.837500	791.5
57.841250	770.8
57.845000	708.1
57.848750	698.8
57.852500	651.5
57.856250	671.6
57.860000	702.5
57.863750	696.3
57.867500	685.4
57.871250	717.6
57.875000	714.1
57.878750	695.0
57.882500	688.1
57.886250	692.7
57.890000	685.9
57.893750	689.0
57.897500	684.0
57.901250	678.1
57.905000	668.0
57.908750	654.7
57.912500	694.3
57.916250	644.5
57.920000	645.7
57.923750	670.5
57.927500	677.7
57.931250	653.1
57.935000	665.3
57.938750	618.8
57.942500	672.5
57.946250	682.6
57.950000	687.1
57.953750	704.5
57.957500	701.3
57.961250	659.6
57.965000	721.4
57.968750	665.5
57.972500	654.7
57.976250	676.6
57.980000	670.8
57.983750	685.3
57.987500	641.3
57.991250	657.9
57.995000	661.0
57.998750	648.9
58.002500	622.6
58.006250	660.2
58.010000	639.5
58.013750	665.7
58.017500	673.0
58.021250	647.1
58.025000	712.2
58.028750	677.0
58.032500	655.7
58.036250	666.7
58.040000	663.1
58.043750	631.2
58.047500	648.5
58.051250	621.5
58.055000	651.6
58.058750	666.4
58.062500	655.9
58.066250	673.3
58.070000	666.9
58.073750	676.4
58.077500	677.1
58.081250	652.9
58.085000	635.5
58.088750	649.8
58.092500	648.5
58.096250	665.2
58.100000	671.2
58.103750	652.7
58.107500	652.2
58.111250	689.1
58.115000	694.7
58.118750	707.3
58.122500	670.6
58.126250	647.0
58.130000	614.6
58.133750	658.1
58.137500	655.3
58.141250	693.7
58.145000	663.9
58.148750	661.0
58.152500	630.9
58.156250	700.6
58.160000	695.9
58.163750	655.3
58.167500	645.9
58.171250	672.5
58.175000	654.1
58.178750	669.6
58.182500	657.1
58.186250	662.6
58.190000	633.9
58.193750	644.2
58.197500	624.0
58.201250	645.0
58.205000	686.6
58.208750	634.6
58.212500	630.3
58.216250	661.6
58.220000	650.8
58.223750	658.4
58.227500	700.8
58.231250	664.4
58.235000	650.7
58.238750	672.5
58.242500	689.8
58.246250	693.0
58.250000	682.5
58.253750	745.6
58.257500	727.7
58.261250	657.9
58.265000	691.9
58.268750	691.4
58.272500	661.6
58.276250	730.8
58.280000	741.1
58.283750	642.0
58.287500	685.1
58.291250	722.2
58.295000	690.3
58.298750	696.7
58.302500	686.9
58.306250	715.2
58.310000	684.4
58.313750	710.3
58.317500	675.4
58.321250	714.9
58.325000	702.0
58.328750	709.7
58.332500	653.5
58.336250	692.0
58.340000	674.7
58.343750	672.9
58.347500	680.4
58.351250	659.6
58.355000	635.9
58.358750	658.4
58.362500	680.4
58.366250	661.8
58.370000	652.2
58.373750	656.7
58.377500	646.4
58.381250	643.0
58.385000	660.5
58.388750	712.6
58.392500	656.6
58.396250	717.6
58.400000	673.5
58.403750	662.2
58.407500	599.7
58.411250	685.9
58.415000	669.3
58.418750	674.1
58.422500	650.3
58.426250	632.3
58.430000	705.2
58.433750	703.9
58.437500	675.0
58.441250	675.0
58.445000	667.5
58.448750	721.4
58.452500	652.4
58.456250	625.2
58.460000	693.5
58.463750	707.3
58.467500	687.4
58.471250	692.2
58.475000	695.6
58.478750	720.6
58.482500	713.4
58.486250	724.3
58.490000	725.3
58.493750	702.4
58.497500	693.8
58.501250	672.4
58.505000	675.2
58.508750	714.8
58.512500	721.6
58.516250	675.8
58.520000	685.7
58.523750	659.6
58.527500	687.9
58.531250	699.8
58.535000	693.3
58.538750	719.4
58.542500	656.7
58.546250	641.8
58.550000	670.1
58.553750	693.4
58.557500	689.0
58.561250	679.7
58.565000	697.6
58.568750	660.5
58.572500	699.4
58.576250	689.4
58.580000	641.9
58.583750	664.6
58.587500	707.2
58.591250	686.8
58.595000	641.0
58.598750	695.1
58.602500	676.3
58.606250	701.6
58.610000	736.7
58.613750	684.7
58.617500	734.9
58.621250	718.4
58.625000	681.1
58.628750	654.1
58.632500	674.3
58.636250	664.6
58.640000	705.6
58.643750	713.5
58.647500	688.2
58.651250	681.9
58.655000	727.4
58.658750	716.8
58.662500	690.6
58.666250	699.6
58.670000	666.9
58.673750	680.3
58.677500	664.0
58.681250	687.9
58.685000	649.8
58.688750	677.1
58.692500	694.5
58.696250	655.1
58.700000	646.8
58.703750	659.1
58.707500	620.7
58.711250	652.5
58.715000	656.8
58.718750	649.7
58.722500	667.4
58.726250	706.5
58.730000	626.5
58.733750	674.4
58.737500	687.1
58.741250	693.9
58.745000	662.2
58.748750	665.2
58.752500	649.2
58.756250	646.5
58.760000	652.8
58.763750	622.8
58.767500	641.7
58.771250	652.4
58.775000	709.7
58.778750	684.0
58.782500	637.5
58.786250	628.2
58.790000	668.6
58.793750	674.1
58.797500	649.6
58.801250	681.1
58.805000	679.5
58.808750	624.6
58.812500	642.0
58.816250	650.9
58.820000	674.6
58.823750	669.2
58.827500	638.2
58.831250	659.1
58.835000	669.2
58.838750	659.3
58.842500	643.4
58.846250	654.8
58.850000	693.9
58.853750	677.7
58.857500	657.9
58.861250	663.7
58.865000	707.6
58.868750	685.9
58.872500	670.9
58.876250	679.1
58.880000	709.4
58.883750	672.4
58.887500	671.1
58.891250	688.2
58.895000	630.5
58.898750	700.9
58.902500	693.2
58.906250	701.5
58.910000	693.7
58.913750	675.1
58.917500	711.0
58.921250	725.3
58.925000	678.5
58.928750	666.9
58.932500	695.5
58.936250	697.8
58.940000	687.7
58.943750	648.4
58.947500	697.2
58.951250	734.9
58.955000	706.5
58.958750	702.0
58.962500	727.2
58.966250	688.1
58.970000	683.5
58.973750	673.3
58.977500	708.8
58.981250	688.8
58.985000	746.9
58.988750	683.9
58.992500	701.6
58.996250	682.5
59.000000	699.6
59.003750	723.8
59.007500	709.5
59.011250	710.6
59.015000	740.7
59.018750	733.8
59.022500	745.2
59.026250	760.3
59.030000	704.7
59.033750	743.6
59.037500	720.4
59.041250	741.9
59.045000	747.6
59.048750	770.6
59.052500	736.8
59.056250	772.1
59.060000	733.6
59.063750	712.7
59.067500	759.2
59.071250	720.5
59.075000	680.1
59.078750	700.2
59.082500	707.1
59.086250	719.5
59.090000	720.9
59.093750	722.3
59.097500	740.6
59.101250	719.3
59.105000	729.3
59.108750	685.6
59.112500	721.6
59.116250	706.2
59.120000	704.4
59.123750	666.4
59.127500	663.2
59.131250	695.9
59.135000	706.8
59.138750	698.1
59.142500	653.4
59.146250	645.9
59.150000	674.3
59.153750	704.5
59.157500	706.3
59.161250	687.3
59.165000	698.2
59.168750	676.8
59.172500	716.7
59.176250	691.7
59.180000	680.0
59.183750	710.6
59.187500	692.6
59.191250	697.9
59.195000	701.8
59.198750	691.6
59.202500	727.3
59.206250	694.0
59.210000	710.4
59.213750	670.4
59.217500	654.1
59.221250	647.5
59.225000	661.1
59.228750	652.7
59.232500	654.6
59.236250	691.1
59.240000	675.4
59.243750	683.5
59.247500	713.0
59.251250	637.6
59.255000	624.7
59.258750	681.4
59.262500	623.4
59.266250	634.1
59.270000	684.6
59.273750	636.5
59.277500	628.0
59.281250	617.6
59.285000	608.4
59.288750	615.3
59.292500	657.6
59.296250	651.3
59.300000	632.0
59.303750	620.9
59.307500	628.5
59.311250	612.2
59.315000	596.3
59.318750	631.3
59.322500	628.4
59.326250	618.9
59.330000	679.2
59.333750	649.8
59.337500	606.1
59.341250	708.5
59.345000	695.4
59.348750	659.1
59.352500	663.7
59.356250	650.0
59.360000	626.5
59.363750	590.0
59.367500	599.2
59.371250	655.2
59.375000	703.6
59.378750	658.3
59.382500	600.1
59.386250	599.4
59.390000	674.7
59.393750	676.6
59.397500	622.9
59.401250	696.5
59.405000	664.6
59.408750	635.8
59.412500	653.0
59.416250	586.2
59.420000	601.1
59.423750	623.5
59.427500	643.7
59.431250	646.2
59.435000	611.9
59.438750	653.2
59.442500	621.5
59.446250	594.5
59.450000	566.3
59.453750	655.0
59.457500	647.9
59.461250	640.2
59.465000	628.2
59.468750	544.3
59.472500	640.2
59.476250	577.5
59.480000	620.6
59.483750	667.2
59.487500	668.5
59.491250	604.9
59.495000	608.2
59.498750	598.5
59.502500	582.4
59.506250	650.5
59.510000	609.4
59.513750	573.0
59.517500	620.5
59.521250	606.3
59.525000	611.3
59.528750	570.6
59.532500	628.0
59.536250	653.1
59.540000	668.2
59.543750	601.9
59.547500	638.9
59.551250	611.0
59.555000	664.3
59.558750	610.1
59.562500	629.0
59.566250	672.2
59.570000	627.6
59.573750	608.2
59.577500	646.2
59.581250	611.1
59.585000	594.4
59.588750	654.1
59.592500	646.2
59.596250	625.0
59.600000	649.0
59.603750	619.2
59.607500	633.0
59.611250	598.7
59.615000	658.1
59.618750	615.1
59.622500	654.8
59.626250	584.3
59.630000	630.9
59.633750	633.6
59.637500	619.0
59.641250	600.7
59.645000	658.4
59.648750	621.1
59.652500	635.6
59.656250	654.8
59.660000	668.0
59.663750	669.6
59.667500	684.1
59.671250	636.1
59.675000	611.1
59.678750	662.4
59.682500	675.9
59.686250	689.7
59.690000	700.3
59.693750	719.0
59.697500	681.7
59.701250	695.1
59.705000	667.1
59.708750	661.5
59.712500	724.5
59.716250	713.9
59.720000	683.3
59.723750	708.8
59.727500	701.1
59.731250	674.3
59.735000	680.8
59.738750	689.8
59.742500	673.1
59.746250	686.8
59.750000	640.8
59.753750	636.3
59.757500	614.1
59.761250	643.0
59.765000	678.3
59.768750	696.7
59.772500	651.8
59.776250	633.2
59.780000	688.5
59.783750	666.4
59.787500	636.7
59.791250	653.7
59.795000	623.8
59.798750	592.1
59.802500	654.5
59.806250	636.4
59.810000	642.0
59.813750	658.8
59.817500	670.9
59.821250	614.0
59.825000	613.1
59.828750	650.0
59.832500	618.1
59.836250	611.2
59.840000	655.7
59.843750	659.1
59.847500	649.8
59.851250	646.7
59.855000	653.0
59.858750	642.8
59.862500	615.9
59.866250	641.2
59.870000	695.1
59.873750	662.6
59.877500	684.1
59.881250	606.2
59.885000	610.6
59.888750	653.7
59.892500	656.1
59.896250	660.7
59.900000	632.1
59.903750	687.9
59.907500	664.8
59.911250	630.4
59.915000	631.8
59.918750	630.8
59.922500	676.7
59.926250	626.8
59.930000	645.7
59.933750	622.9
59.937500	667.2
59.941250	679.9
59.945000	662.7
59.948750	646.7
59.952500	704.0
59.956250	659.4
59.960000	667.6
59.963750	688.3
59.967500	641.2
59.971250	660.6
59.975000	704.3
59.978750	680.6
59.982500	668.2
59.986250	638.3
59.990000	667.0
59.993750	669.6
59.997500	693.2
60.001250	642.7
60.005000	641.9
60.008750	627.6
60.012500	689.4
60.016250	653.2
60.020000	674.7
60.023750	633.6
60.027500	615.5
60.031250	670.7
60.035000	660.8
60.038750	624.2
60.042500	659.7
60.046250	667.7
60.050000	686.8
60.053750	668.4
60.057500	662.7
60.061250	646.8
60.065000	658.0
60.068750	659.8
60.072500	667.9
60.076250	746.9
60.080000	650.3
60.083750	668.1
60.087500	716.6
60.091250	688.0
60.095000	658.9
60.098750	692.4
60.102500	706.2
60.106250	680.3
60.110000	694.2
60.113750	697.7
60.117500	696.7
60.121250	657.3
60.125000	674.7
60.128750	662.6
60.132500	653.8
60.136250	611.1
60.140000	706.3
60.143750	675.3
60.147500	635.8
60.151250	660.8
60.155000	661.8
60.158750	665.5
60.162500	667.5
60.166250	645.3
60.170000	651.2
60.173750	631.7
60.177500	658.3
60.181250	655.7
60.185000	641.3
60.188750	644.6
60.192500	636.2
60.196250	676.9
60.200000	649.8
60.203750	664.5
60.207500	697.5
60.211250	641.5
60.215000	636.1
60.218750	601.9
60.222500	616.4
60.226250	685.4
60.230000	714.8
60.233750	668.6
60.237500	679.2
60.241250	679.2
60.245000	620.8
60.248750	661.1
60.252500	642.2
60.256250	683.8
60.260000	700.1
60.263750	657.4
60.267500	636.3
60.271250	679.3
60.275000	665.1
60.278750	620.6
60.282500	656.6
60.286250	679.0
60.290000	627.4
60.293750	639.9
60.297500	658.6
60.301250	628.2
60.305000	672.7
60.308750	649.1
60.312500	641.4
60.316250	605.8
60.320000	618.9
60.323750	636.8
60.327500	631.7
60.331250	620.5
60.335000	627.2
60.338750	648.3
60.342500	669.6
60.346250	655.6
60.350000	668.5
60.353750	669.4
60.357500	616.7
60.361250	633.6
60.365000	628.2
60.368750	623.7
60.372500	646.8
60.376250	636.7
60.380000	673.8
60.383750	665.9
60.387500	643.4
60.391250	623.2
60.395000	648.1
60.398750	624.4
60.402500	622.3
60.406250	641.3
60.410000	649.0
60.413750	661.1
60.417500	679.3
60.421250	611.4
60.425000	685.6
60.428750	695.2
60.432500	658.9
60.436250	655.6
60.440000	629.6
60.443750	653.9
60.447500	646.7
60.451250	666.7
60.455000	674.6
60.458750	642.2
60.462500	623.4
60.466250	661.4
60.470000	640.6
60.473750	648.1
60.477500	690.7
60.481250	704.3
60.485000	644.5
60.488750	685.1
60.492500	602.3
60.496250	631.3
60.500000	657.8
60.503750	664.0
60.507500	668.5
60.511250	658.9
60.515000	629.5
60.518750	666.5
60.522500	717.4
60.526250	686.0
60.530000	700.1
60.533750	659.0
60.537500	622.7
60.541250	655.3
60.545000	645.3
60.548750	674.1
60.552500	650.4
60.556250	647.4
60.560000	664.1
60.563750	631.5
60.567500	600.5
60.571250	567.9
60.575000	618.8
60.578750	646.3
60.582500	662.9
60.586250	612.9
60.590000	630.6
60.593750	682.7
60.597500	624.8
60.601250	611.6
60.605000	625.0
60.608750	630.7
60.612500	698.2
60.616250	649.3
60.620000	626.1
60.623750	656.5
60.627500	619.0
60.631250	602.8
60.635000	650.3
60.638750	650.5
60.642500	668.8
60.646250	607.9
60.650000	642.9
60.653750	661.3
60.657500	663.9
60.661250	654.8
60.665000	671.1
60.668750	653.5
60.672500	630.6
60.676250	634.2
60.680000	688.0
60.683750	683.9
60.687500	637.7
60.691250	692.8
60.695000	658.2
60.698750	672.2
60.702500	647.1
60.706250	705.0
60.710000	685.8
60.713750	651.7
60.717500	677.0
60.721250	727.7
60.725000	671.3
60.728750	667.2
60.732500	652.4
60.736250	646.2
60.740000	640.9
60.743750	625.0
60.747500	657.5
60.751250	640.0
60.755000	647.7
60.758750	643.3
60.762500	630.5
60.766250	646.0
60.770000	644.0
60.773750	642.3
60.777500	581.9
60.781250	645.4
60.785000	652.0
60.788750	632.6
60.792500	658.2
60.796250	644.6
60.800000	611.0
60.803750	634.5
60.807500	598.3
60.811250	612.5
60.815000	597.1
60.818750	634.4
60.822500	672.0
60.826250	580.7
60.830000	611.2
60.833750	681.6
60.837500	639.5
60.841250	643.4
60.845000	651.7
60.848750	626.8
60.852500	632.5
60.856250	648.9
60.860000	655.2
60.863750	638.9
60.867500	666.0
60.871250	678.3
60.875000	646.3
60.878750	674.2
60.882500	637.1
60.886250	678.8
60.890000	661.8
60.893750	662.9
60.897500	693.0
60.901250	631.7
60.905000	664.9
60.908750	628.3
60.912500	649.9
60.916250	677.5
60.920000	658.0
60.923750	649.6
60.927500	652.0
60.931250	641.7
60.935000	625.0
60.938750	679.7
60.942500	652.8
60.946250	666.5
60.950000	649.8
60.953750	659.4
60.957500	676.6
60.961250	607.8
60.965000	717.1
60.968750	700.1
60.972500	728.4
60.976250	653.4
60.980000	579.2
60.983750	671.5
60.987500	698.2
60.991250	688.2
60.995000	685.9
60.998750	679.0
61.002500	603.8
61.006250	657.5
61.010000	719.8
61.013750	629.8
61.017500	704.2
61.021250	674.4
61.025000	659.5
61.028750	657.1
61.032500	696.6
61.036250	614.1
61.040000	637.5
61.043750	694.9
61.047500	663.3
61.051250	657.6
61.055000	641.5
61.058750	621.3
61.062500	634.5
61.066250	630.5
61.070000	596.0
61.073750	713.8
61.077500	685.4
61.081250	641.2
61.085000	627.8
61.088750	687.9
61.092500	586.3
61.096250	650.8
61.100000	626.9
61.103750	680.7
61.107500	738.9
61.111250	623.4
61.115000	670.9
61.118750	606.1
61.122500	570.6
61.126250	611.6
61.130000	652.1
61.133750	653.6
61.137500	618.2
61.141250	648.7
61.145000	643.3
61.148750	680.7
61.152500	641.9
61.156250	600.7
61.160000	662.2
61.163750	683.3
61.167500	617.0
61.171250	649.3
61.175000	640.4
61.178750	633.5
61.182500	597.8
61.186250	631.6
61.190000	678.9
61.193750	642.3
61.197500	625.2
61.201250	675.1
61.205000	650.6
61.208750	645.3
61.212500	669.2
61.216250	658.6
61.220000	660.1
61.223750	648.4
61.227500	660.1
61.231250	659.4
61.235000	668.5
61.238750	717.1
61.242500	658.4
61.246250	680.7
61.250000	714.5
61.253750	664.5
61.257500	674.9
61.261250	639.9
61.265000	634.7
61.268750	673.7
61.272500	662.6
61.276250	621.0
61.280000	669.3
61.283750	594.2
61.287500	636.1
61.291250	614.1
61.295000	629.5
61.298750	666.0
61.302500	625.0
61.306250	627.2
61.310000	630.2
61.313750	632.7
61.317500	624.5
61.321250	659.1
61.325000	601.4
61.328750	645.0
61.332500	656.2
61.336250	618.5
61.340000	627.4
61.343750	636.1
61.347500	663.6
61.351250	611.3
61.355000	596.7
61.358750	623.1
61.362500	631.7
61.366250	589.3
61.370000	607.4
61.373750	647.5
61.377500	646.0
61.381250	630.1
61.385000	653.3
61.388750	614.5
61.392500	613.4
61.396250	603.1
61.400000	637.1
61.403750	648.9
61.407500	632.6
61.411250	593.0
61.415000	663.5
61.418750	675.5
61.422500	639.6
61.426250	659.8
61.430000	644.6
61.433750	626.3
61.437500	626.3
61.441250	634.6
61.445000	618.2
61.448750	603.2
61.452500	621.2
61.456250	631.3
61.460000	582.6
61.463750	591.8
61.467500	635.3
61.471250	691.1
61.475000	605.7
61.478750	625.2
61.482500	616.1
61.486250	647.7
61.490000	613.6
61.493750	614.9
61.497500	652.3
61.501250	610.2
61.505000	628.1
61.508750	614.9
61.512500	615.7
61.516250	614.4
61.520000	614.9
61.523750	609.7
61.527500	622.7
61.531250	633.8
61.535000	630.4
61.538750	643.6
61.542500	634.4
61.546250	593.3
61.550000	620.7
61.553750	635.4
61.557500	654.4
61.561250	636.3
61.565000	638.9
61.568750	624.8
61.572500	615.9
61.576250	647.6
61.580000	592.9
61.583750	670.7
61.587500	664.2
61.591250	621.3
61.595000	610.5
61.598750	624.5
61.602500	631.1
61.606250	620.0
61.610000	662.0
61.613750	643.9
61.617500	662.7
61.621250	688.9
61.625000	665.6
61.628750	669.4
61.632500	695.0
61.636250	695.2
61.640000	678.6
61.643750	698.9
61.647500	681.6
61.651250	669.6
61.655000	683.3
61.658750	672.4
61.662500	691.9
61.666250	691.2
61.670000	710.9
61.673750	687.6
61.677500	742.8
61.681250	726.5
61.685000	743.2
61.688750	738.1
61.692500	753.1
61.696250	737.8
61.700000	687.5
61.703750	730.0
61.707500	755.1
61.711250	770.2
61.715000	744.5
61.718750	731.0
61.722500	739.0
61.726250	696.9
61.730000	700.7
61.733750	738.6
61.737500	704.8
61.741250	682.1
61.745000	701.1
61.748750	690.0
61.752500	660.9
61.756250	656.4
61.760000	669.4
61.763750	695.3
61.767500	660.7
61.771250	673.6
61.775000	628.2
61.778750	658.1
61.782500	690.4
61.786250	671.5
61.790000	677.2
61.793750	693.3
61.797500	651.7
61.801250	654.7
61.805000	678.3
61.808750	687.9
61.812500	684.6
61.816250	683.1
61.820000	682.0
61.823750	706.1
61.827500	719.0
61.831250	691.1
61.835000	713.6
61.838750	728.3
61.842500	714.1
61.846250	708.3
61.850000	714.4
61.853750	700.4
61.857500	679.4
61.861250	685.7
61.865000	712.9
61.868750	734.8
61.872500	712.5
61.876250	730.1
61.880000	733.4
61.883750	683.5
61.887500	668.8
61.891250	693.6
61.895000	713.5
61.898750	735.8
61.902500	727.0
61.906250	678.2
61.910000	696.1
61.913750	685.0
61.917500	656.2
61.921250	684.6
61.925000	675.2
61.928750	667.6
61.932500	634.3
61.936250	586.7
61.940000	678.6
61.943750	640.3
61.947500	610.1
61.951250	632.4
61.955000	666.9
61.958750	629.8
61.962500	628.4
61.966250	641.8
61.970000	617.7
61.973750	623.0
61.977500	604.7
61.981250	588.1
61.985000	583.9
61.988750	606.4
61.992500	602.0
61.996250	596.5
62.000000	608.0
62.003750	596.1
62.007500	620.5
62.011250	653.3
62.015000	638.3
62.018750	640.3
62.022500	585.3
62.026250	657.7
62.030000	626.7
62.033750	608.0
62.037500	626.9
62.041250	637.7
62.045000	641.4
62.048750	626.9
62.052500	635.5
62.056250	663.7
62.060000	602.1
62.063750	649.9
62.067500	636.1
62.071250	649.3
62.075000	658.9
62.078750	632.3
62.082500	642.1
62.086250	634.2
62.090000	675.4
62.093750	652.7
62.097500	629.6
62.101250	687.9
62.105000	693.1
62.108750	640.3
62.112500	684.6
62.116250	702.9
62.120000	680.2
62.123750	641.4
62.127500	637.9
62.131250	651.8
62.135000	662.1
62.138750	662.1
62.142500	604.1
62.146250	669.9
62.150000	662.9
62.153750	646.2
62.157500	711.0
62.161250	667.4
62.165000	641.5
62.168750	623.0
62.172500	634.1
62.176250	628.5
62.180000	639.7
62.183750	652.3
62.187500	662.0
62.191250	683.3
62.195000	605.1
62.198750	614.3
62.202500	665.5
62.206250	667.6
62.210000	569.3
62.213750	644.8
62.217500	647.0
62.221250	617.3
62.225000	670.8
62.228750	629.3
62.232500	635.1
62.236250	675.9
62.240000	619.5
62.243750	619.2
62.247500	619.5
62.251250	638.5
62.255000	622.0
62.258750	618.2
62.262500	585.5
62.266250	606.8
62.270000	664.4
62.273750	633.1
62.277500	640.0
62.281250	602.4
62.285000	675.4
62.288750	627.2
62.292500	631.8
62.296250	616.3
62.300000	627.0
62.303750	650.2
62.307500	614.9
62.311250	583.4
62.315000	610.5
62.318750	619.2
62.322500	651.3
62.326250	637.7
62.330000	695.4
62.333750	630.0
62.337500	643.8
62.341250	639.5
62.345000	608.6
62.348750	627.4
62.352500	636.4
62.356250	608.3
62.360000	627.4
62.363750	665.0
62.367500	680.2
62.371250	625.1
62.375000	632.8
62.378750	631.5
62.382500	605.2
62.386250	638.1
62.390000	653.7
62.393750	636.1
62.397500	701.0
62.401250	662.6
62.405000	672.0
62.408750	688.1
62.412500	688.5
62.416250	673.0
62.420000	661.6
62.423750	686.8
62.427500	679.2
62.431250	709.8
62.435000	702.0
62.438750	680.9
62.442500	695.9
62.446250	701.8
62.450000	717.0
62.453750	699.6
62.457500	715.9
62.461250	746.8
62.465000	747.8
62.468750	664.0
62.472500	663.9
62.476250	711.8
62.480000	711.5
62.483750	731.6
62.487500	684.4
62.491250	658.6
62.495000	695.8
62.498750	693.6
62.502500	704.7
62.506250	678.3
62.510000	687.7
62.513750	668.0
62.517500	692.5
62.521250	688.4
62.525000	679.5
62.528750	727.4
62.532500	679.3
62.536250	689.1
62.540000	706.4
62.543750	671.4
62.547500	670.1
62.551250	726.6
62.555000	713.5
62.558750	695.1
62.562500	680.5
62.566250	686.4
62.570000	651.5
62.573750	663.1
62.577500	639.6
62.581250	670.2
62.585000	658.4
62.588750	661.9
62.592500	660.3
62.596250	650.9
62.600000	640.3
62.603750	658.7
62.607500	668.6
62.611250	602.8
62.615000	674.6
62.618750	637.2
62.622500	653.3
62.626250	657.7
62.630000	644.4
62.633750	671.9
62.637500	672.5
62.641250	606.7
62.645000	672.4
62.648750	654.0
62.652500	660.1
62.656250	638.8
62.660000	631.9
62.663750	610.6
62.667500	655.7
62.671250	653.1
62.675000	655.0
62.678750	624.6
62.682500	630.8
62.686250	648.7
62.690000	639.2
62.693750	651.2
62.697500	663.7
62.701250	658.6
62.705000	680.6
62.708750	656.9
62.712500	649.3
62.716250	739.6
62.720000	733.0
62.723750	699.1
62.727500	681.4
62.731250	710.4
62.735000	766.1
62.738750	727.6
62.742500	749.2
62.746250	705.3
62.750000	762.8
62.753750	756.6
62.757500	743.0
62.761250	718.5
62.765000	695.8
62.768750	758.1
62.772500	707.3
62.776250	733.0
62.780000	736.0
62.783750	743.8
62.787500	719.0
62.791250	706.6
62.795000	714.6
62.798750	692.7
62.802500	710.5
62.806250	690.3
62.810000	737.8
62.813750	724.9
62.817500	769.9
62.821250	766.9
62.825000	725.6
62.828750	676.4
62.832500	715.7
62.836250	715.8
62.840000	707.9
62.843750	756.2
62.847500	679.8
62.851250	705.6
62.855000	713.5
62.858750	755.0
62.862500	695.8
62.866250	712.4
62.870000	713.6
62.873750	735.4
62.877500	684.5
62.881250	684.7
62.885000	685.4
62.888750	715.6
62.892500	747.3
62.896250	668.5
62.900000	664.4
62.903750	699.6
62.907500	729.4
62.911250	745.8
62.915000	658.6
62.918750	659.2
62.922500	708.6
62.926250	698.6
62.930000	751.2
62.933750	704.8
62.937500	681.9
62.941250	681.9
62.945000	671.7
62.948750	702.2
62.952500	673.0
62.956250	668.6
62.960000	687.6
62.963750	673.5
62.967500	679.7
62.971250	680.8
62.975000	686.9
62.978750	641.0
62.982500	698.1
62.986250	631.9
62.990000	626.3
62.993750	675.9
62.997500	633.8
63.001250	607.6
63.005000	622.8
63.008750	601.5
63.012500	614.4
63.016250	625.4
63.020000	638.3
63.023750	653.7
63.027500	636.4
63.031250	620.7
63.035000	612.7
63.038750	632.5
63.042500	611.4
63.046250	586.1
63.050000	602.8
63.053750	603.7
63.057500	661.6
63.061250	685.2
63.065000	639.2
63.068750	644.1
63.072500	618.6
63.076250	629.5
63.080000	631.2
63.083750	631.6
63.087500	627.5
63.091250	645.2
63.095000	647.9
63.098750	649.7
63.102500	635.9
63.106250	628.7
63.110000	649.7
63.113750	665.9
63.117500	656.1
63.121250	623.2
63.125000	663.4
63.128750	605.5
63.132500	664.9
63.136250	673.1
63.140000	663.0
63.143750	677.7
63.147500	662.8
63.151250	660.6
63.155000	711.5
63.158750	668.0
63.162500	626.2
63.166250	652.8
63.170000	674.7
63.173750	727.0
63.177500	742.1
63.181250	678.3
63.185000	702.6
63.188750	726.4
63.192500	767.5
63.196250	741.5
63.200000	748.6
63.203750	729.3
63.207500	755.4
63.211250	718.9
63.215000	728.6
63.218750	734.2
63.222500	718.0
63.226250	743.4
63.230000	680.7
63.233750	735.9
63.237500	745.7
63.241250	709.0
63.245000	691.2
63.248750	760.9
63.252500	751.0
63.256250	723.9
63.260000	753.5
63.263750	711.3
63.267500	711.4
63.271250	703.4
63.275000	670.8
63.278750	720.4
63.282500	719.2
63.286250	679.8
63.290000	669.6
63.293750	709.6
63.297500	679.5
63.301250	617.0
63.305000	671.1
63.308750	648.8
63.312500	616.3
63.316250	635.8
63.320000	640.0
63.323750	647.0
63.327500	629.9
63.331250	635.1
63.335000	628.2
63.338750	615.7
63.342500	633.6
63.346250	649.3
63.350000	614.6
63.353750	604.7
63.357500	633.2
63.361250	620.7
63.365000	612.4
63.368750	623.4
63.372500	614.6
63.376250	627.3
63.380000	624.8
63.383750	595.4
63.387500	590.7
63.391250	606.1
63.395000	609.1
63.398750	594.3
63.402500	602.6
63.406250	602.1
63.410000	572.3
63.413750	594.6
63.417500	584.1
63.421250	590.7
63.425000	589.3
63.428750	619.3
63.432500	634.0
63.436250	594.6
63.440000	628.3
63.443750	640.5
63.447500	615.4
63.451250	614.3
63.455000	600.7
63.458750	602.1
63.462500	601.0
63.466250	587.9
63.470000	604.7
63.473750	566.1
63.477500	587.8
63.481250	609.9
63.485000	610.8
63.488750	630.8
63.492500	619.4
63.496250	605.9
63.500000	579.6
63.503750	575.6
63.507500	619.9
63.511250	609.4
63.515000	609.0
63.518750	624.4
63.522500	607.4
63.526250	628.0
63.530000	612.1
63.533750	645.4
63.537500	607.1
63.541250	579.0
63.545000	570.3
63.548750	656.7
63.552500	628.9
63.556250	635.1
63.560000	655.5
63.563750	637.6
63.567500	644.7
63.571250	638.9
63.575000	603.9
63.578750	652.3
63.582500	680.9
63.586250	655.5
63.590000	661.2
63.593750	590.6
63.597500	663.8
63.601250	637.5
63.605000	654.5
63.608750	689.9
63.612500	649.1
63.616250	612.5
63.620000	686.5
63.623750	687.8
63.627500	683.1
63.631250	674.5
63.635000	647.1
63.638750	640.8
63.642500	668.6
63.646250	653.7
63.650000	658.2
63.653750	675.1
63.657500	660.9
63.661250	642.3
63.665000	683.5
63.668750	682.3
63.672500	641.8
63.676250	662.1
63.680000	653.9
63.683750	672.3
63.687500	668.6
63.691250	664.8
63.695000	665.7
63.698750	655.8
63.702500	691.9
63.706250	600.3
63.710000	596.0
63.713750	659.0
63.717500	643.1
63.721250	668.9
63.725000	652.4
63.728750	628.7
63.732500	665.9
63.736250	678.8
63.740000	625.0
63.743750	650.6
63.747500	633.4
63.751250	624.2
63.755000	657.8
63.758750	649.0
63.762500	642.9
63.766250	671.5
63.770000	630.3
63.773750	655.6
63.777500	686.4
63.781250	654.6
63.785000	633.5
63.788750	635.6
63.792500	655.8
63.796250	666.9
63.800000	652.0
63.803750	648.6
63.807500	651.1
63.811250	682.8
63.815000	686.0
63.818750	667.9
63.822500	650.2
63.826250	657.6
63.830000	692.7
63.833750	671.2
63.837500	606.6
63.841250	636.9
63.845000	636.2
63.848750	645.6
63.852500	651.9
63.856250	628.5
63.860000	652.4
63.863750	707.5
63.867500	641.1
63.871250	673.9
63.875000	633.4
63.878750	694.7
63.882500	641.9
63.886250	675.1
63.890000	579.6
63.893750	637.3
63.897500	618.2
63.901250	621.8
63.905000	605.7
63.908750	664.6
63.912500	631.3
63.916250	633.2
63.920000	646.4
63.923750	660.5
63.927500	636.8
63.931250	616.2
63.935000	659.2
63.938750	619.5
63.942500	652.7
63.946250	608.6
63.950000	693.3
63.953750	645.0
63.957500	613.0
63.961250	598.3
63.965000	658.9
63.968750	653.6
63.972500	651.6
63.976250	680.8
63.980000	629.9
63.983750	628.8
63.987500	591.2
63.991250	643.6
63.995000	597.7
63.998750	606.5
64.002500	617.0
64.006250	633.5
64.010000	611.3
64.013750	611.1
64.017500	639.4
64.021250	611.6
64.025000	629.3
64.028750	615.0
64.032500	612.5
64.036250	598.5
64.040000	640.2
64.043750	626.3
64.047500	570.7
64.051250	553.4
64.055000	598.1
64.058750	634.8
64.062500	615.3
64.066250	601.2
64.070000	605.6
64.073750	588.5
64.077500	569.0
64.081250	594.6
64.085000	605.2
64.088750	616.5
64.092500	610.9
64.096250	582.4
64.100000	601.6
64.103750	604.0
64.107500	596.3
64.111250	595.0
64.115000	601.5
64.118750	578.3
64.122500	583.5
64.126250	559.5
64.130000	598.9
64.133750	586.2
64.137500	569.1
64.141250	597.0
64.145000	580.8
64.148750	587.1
64.152500	566.8
64.156250	596.9
64.160000	559.2
64.163750	593.2
64.167500	586.6
64.171250	584.8
64.175000	610.1
64.178750	564.5
64.182500	560.2
64.186250	607.6
64.190000	578.2
64.193750	620.1
64.197500	577.7
64.201250	565.0
64.205000	614.2
64.208750	599.4
64.212500	561.0
64.216250	576.3
64.220000	580.5
64.223750	612.0
64.227500	606.3
64.231250	597.6
64.235000	582.8
64.238750	573.6
64.242500	577.4
64.246250	622.0
64.250000	570.6
64.253750	574.4
64.257500	562.2
64.261250	579.0
64.265000	577.0
64.268750	563.8
64.272500	605.5
64.276250	629.7
64.280000	567.9
64.283750	584.8
64.287500	623.8
64.291250	645.3
64.295000	592.2
64.298750	607.6
64.302500	610.8
64.306250	603.7
64.310000	591.9
64.313750	579.3
64.317500	575.9
64.321250	597.3
64.325000	578.3
64.328750	565.1
64.332500	562.9
64.336250	598.3
64.340000	610.3
64.343750	580.0
64.347500	606.6
64.351250	590.0
64.355000	590.8
64.358750	561.3
64.362500	561.4
64.366250	624.8
64.370000	594.0
64.373750	579.8
64.377500	598.5
64.381250	560.1
64.385000	558.8
64.388750	633.0
64.392500	621.9
64.396250	584.4
64.400000	585.4
64.403750	638.0
64.407500	581.8
64.411250	622.7
64.415000	620.5
64.418750	553.9
64.422500	535.7
64.426250	588.9
64.430000	605.3
64.433750	586.1
64.437500	582.6
64.441250	582.4
64.445000	595.2
64.448750	555.1
64.452500	611.6
64.456250	601.4
64.460000	581.5
64.463750	619.0
64.467500	571.3
64.471250	616.5
64.475000	614.7
64.478750	622.6
64.482500	564.2
64.486250	529.5
64.490000	581.2
64.493750	595.2
64.497500	590.6
64.501250	591.9
64.505000	597.9
64.508750	608.5
64.512500	567.2
64.516250	567.8
64.520000	567.4
64.523750	597.2
64.527500	616.3
64.531250	581.7
64.535000	607.4
64.538750	629.1
64.542500	612.7
64.546250	587.1
64.550000	587.6
64.553750	588.2
64.557500	588.8
64.561250	582.8
64.565000	570.0
64.568750	648.5
64.572500	601.8
64.576250	581.5
64.580000	559.4
64.583750	614.5
64.587500	575.1
64.591250	610.6
64.595000	587.1
64.598750	568.6
64.602500	611.3
64.606250	548.4
64.610000	611.6
64.613750	630.7
64.617500	629.4
64.621250	599.7
64.625000	607.3
64.628750	584.3
64.632500	555.1
64.636250	571.6
64.640000	579.2
64.643750	591.7
64.647500	594.9
64.651250	599.5
64.655000	601.8
64.658750	595.8
64.662500	595.2
64.666250	593.8
64.670000	602.3
64.673750	626.4
64.677500	626.3
64.681250	612.0
64.685000	566.4
64.688750	612.9
64.692500	606.7
64.696250	550.3
64.700000	602.9
64.703750	662.7
64.707500	622.1
64.711250	574.1
64.715000	594.4
64.718750	572.4
64.722500	564.9
64.726250	636.7
64.730000	594.3
64.733750	610.2
64.737500	599.9
64.741250	625.8
64.745000	595.3
64.748750	590.7
64.752500	595.9
64.756250	589.2
64.760000	599.1
64.763750	577.2
64.767500	607.7
64.771250	571.0
64.775000	564.0
64.778750	546.1
64.782500	607.1
64.786250	597.0
64.790000	580.2
64.793750	593.6
64.797500	623.8
64.801250	606.8
64.805000	597.8
64.808750	580.5
64.812500	620.6
64.816250	648.9
64.820000	613.7
64.823750	554.2
64.827500	582.2
64.831250	616.1
64.835000	591.3
64.838750	564.7
64.842500	589.6
64.846250	585.3
64.850000	554.1
64.853750	592.7
64.857500	588.2
64.861250	592.6
64.865000	563.7
64.868750	582.7
64.872500	587.3
64.876250	624.8
64.880000	567.9
64.883750	626.7
64.887500	607.3
64.891250	551.0
64.895000	556.8
64.898750	559.7
64.902500	597.5
64.906250	602.4
64.910000	608.0
64.913750	595.1
64.917500	567.7
64.921250	577.6
64.925000	590.8
64.928750	587.1
64.932500	580.3
64.936250	549.3
64.940000	579.9
64.943750	568.6
64.947500	595.3
64.951250	616.4
64.955000	558.6
64.958750	588.0
64.962500	610.9
64.966250	577.6
64.970000	576.0
64.973750	577.7
64.977500	561.2
64.981250	591.4
64.985000	560.9
64.988750	577.6
64.992500	612.2
64.996250	600.3
65.000000	568.9
65.003750	601.3
65.007500	582.4
65.011250	617.0
65.015000	618.4
65.018750	564.2
65.022500	578.2
65.026250	596.8
65.030000	549.7
65.033750	563.2
65.037500	601.5
65.041250	563.7
65.045000	613.1
65.048750	614.6
65.052500	582.6
65.056250	577.4
65.060000	610.6
65.063750	609.2
65.067500	624.5
65.071250	604.6
65.075000	604.3
65.078750	630.4
65.082500	625.9
65.086250	618.3
65.090000	607.0
65.093750	585.0
65.097500	590.2
65.101250	612.8
65.105000	605.7
65.108750	569.3
65.112500	636.8
65.116250	602.8
65.120000	554.2
65.123750	566.6
65.127500	588.5
65.131250	557.8
65.135000	617.9
65.138750	606.7
65.142500	599.9
65.146250	575.3
65.150000	597.1
65.153750	621.4
65.157500	579.7
65.161250	547.0
65.165000	645.1
65.168750	566.7
65.172500	596.3
65.176250	640.0
65.180000	606.8
65.183750	612.8
65.187500	581.8
65.191250	584.7
65.195000	590.1
65.198750	623.5
65.202500	580.7
65.206250	606.4
65.210000	618.2
65.213750	602.6
65.217500	578.4
65.221250	572.3
65.225000	549.6
65.228750	558.8
65.232500	568.4
65.236250	590.3
65.240000	563.2
65.243750	566.9
65.247500	548.3
65.251250	594.1
65.255000	573.2
65.258750	597.8
65.262500	577.5
65.266250	593.2
65.270000	581.4
65.273750	571.1
65.277500	570.2
65.281250	593.9
65.285000	598.5
65.288750	543.7
65.292500	572.2
65.296250	561.4
65.300000	622.5
65.303750	600.6
65.307500	577.7
65.311250	585.2
65.315000	573.4
65.318750	567.4
65.322500	564.1
65.326250	635.7
65.330000	604.2
65.333750	531.5
65.337500	564.8
65.341250	552.5
65.345000	623.7
65.348750	639.1
65.352500	606.1
65.356250	602.3
65.360000	597.5
65.363750	548.6
65.367500	582.1
65.371250	613.3
65.375000	537.4
65.378750	572.6
65.382500	562.2
65.386250	591.3
65.390000	567.2
65.393750	568.3
65.397500	583.5
65.401250	553.7
65.405000	603.2
65.408750	581.5
65.412500	569.4
65.416250	521.7
65.420000	598.5
65.423750	567.9
65.427500	577.2
65.431250	580.4
65.435000	602.0
65.438750	568.3
65.442500	594.4
65.446250	578.2
65.450000	562.0
65.453750	586.5
65.457500	557.5
65.461250	573.6
65.465000	565.4
65.468750	526.9
65.472500	585.8
65.476250	564.6
65.480000	587.8
65.483750	570.4
65.487500	562.7
65.491250	574.7
65.495000	545.5
65.498750	577.5
65.502500	553.3
65.506250	530.0
65.510000	550.3
65.513750	565.9
65.517500	568.3
65.521250	629.9
65.525000	568.0
65.528750	636.0
65.532500	538.0
65.536250	559.9
65.540000	591.9
65.543750	602.1
65.547500	542.3
65.551250	567.2
65.555000	658.4
65.558750	530.4
65.562500	623.1
65.566250	589.2
65.570000	541.5
65.573750	613.6
65.577500	576.4
65.581250	595.8
65.585000	572.7
65.588750	542.7
65.592500	532.7
65.596250	646.7
65.600000	703.9
65.603750	560.7
65.607500	564.2
65.611250	605.7
65.615000	583.3
65.618750	550.4
65.622500	570.3
65.626250	617.7
65.630000	596.3
65.633750	610.2
65.637500	575.3
65.641250	560.7
65.645000	548.9
65.648750	602.4
65.652500	611.0
65.656250	637.2
65.660000	561.1
65.663750	554.4
65.667500	595.5
65.671250	626.6
65.675000	580.6
65.678750	561.7
65.682500	563.6
65.686250	539.2
65.690000	632.1
65.693750	578.9
65.697500	585.9
65.701250	560.9
65.705000	586.7
65.708750	556.8
65.712500	616.9
65.716250	630.1
65.720000	604.7
65.723750	595.9
65.727500	590.4
65.731250	548.9
65.735000	591.0
65.738750	644.8
65.742500	637.7
65.746250	618.9
65.750000	596.6
65.753750	586.1
65.757500	625.9
65.761250	606.0
65.765000	605.7
65.768750	575.6
65.772500	573.8
65.776250	592.5
65.780000	591.2
65.783750	632.8
65.787500	582.3
65.791250	606.4
65.795000	582.2
65.798750	598.2
65.802500	619.8
65.806250	605.8
65.810000	627.4
65.813750	584.0
65.817500	617.5
65.821250	603.6
65.825000	616.7
65.828750	607.8
65.832500	582.6
65.836250	624.9
65.840000	577.2
65.843750	615.8
65.847500	660.8
65.851250	595.8
65.855000	600.6
65.858750	623.4
65.862500	590.7
65.866250	615.9
65.870000	625.3
65.873750	633.3
65.877500	597.6
65.881250	596.3
65.885000	623.4
65.888750	630.3
65.892500	618.4
65.896250	648.7
65.900000	630.4
65.903750	608.7
65.907500	636.5
65.911250	611.0
65.915000	599.0
65.918750	590.1
65.922500	586.3
65.926250	568.0
65.930000	582.4
65.933750	593.2
65.937500	601.0
65.941250	557.3
65.945000	611.1
65.948750	614.3
65.952500	617.7
65.956250	615.9
65.960000	574.5
65.963750	632.6
65.967500	609.6
65.971250	584.6
65.975000	613.3
65.978750	612.9
65.982500	596.9
65.986250	609.6
65.990000	603.5
65.993750	652.3
65.997500	629.6
66.001250	652.4
66.005000	660.2
66.008750	653.9
66.012500	715.3
66.016250	714.2
66.020000	651.0
66.023750	604.6
66.027500	616.5
66.031250	627.5
66.035000	638.0
66.038750	626.4
66.042500	637.1
66.046250	614.8
66.050000	659.7
66.053750	624.4
66.057500	621.7
66.061250	613.8
66.065000	621.9
66.068750	596.6
66.072500	616.6
66.076250	663.6
66.080000	654.6
66.083750	626.3
66.087500	660.2
66.091250	691.5
66.095000	604.3
66.098750	589.9
66.102500	605.1
66.106250	623.0
66.110000	649.0
66.113750	603.3
66.117500	656.6
66.121250	660.5
66.125000	604.5
66.128750	585.0
66.132500	561.3
66.136250	553.9
66.140000	630.2
66.143750	647.8
66.147500	633.6
66.151250	624.8
66.155000	656.1
66.158750	643.5
66.162500	603.1
66.166250	677.4
66.170000	737.2
66.173750	692.6
66.177500	674.0
66.181250	672.0
66.185000	651.6
66.188750	606.7
66.192500	605.0
66.196250	640.9
66.200000	674.0
66.203750	641.6
66.207500	648.5
66.211250	647.3
66.215000	622.2
66.218750	591.8
66.222500	647.3
66.226250	627.3
66.230000	642.8
66.233750	697.3
66.237500	669.8
66.241250	693.9
66.245000	655.6
66.248750	646.1
66.252500	635.9
66.256250	651.2
66.260000	681.5
66.263750	676.0
66.267500	649.9
66.271250	667.7
66.275000	618.0
66.278750	653.5
66.282500	652.7
66.286250	687.5
66.290000	675.2
66.293750	640.8
66.297500	632.2
66.301250	613.1
66.305000	596.4
66.308750	627.6
66.312500	587.8
66.316250	593.6
66.320000	645.7
66.323750	634.0
66.327500	663.3
66.331250	624.5
66.335000	619.8
66.338750	650.8
66.342500	608.9
66.346250	626.7
66.350000	632.9
66.353750	612.7
66.357500	571.7
66.361250	604.9
66.365000	561.3
66.368750	574.1
66.372500	606.5
66.376250	631.5
66.380000	600.1
66.383750	633.1
66.387500	587.5
66.391250	603.0
66.395000	626.1
66.398750	607.3
66.402500	590.7
66.406250	591.7
66.410000	595.6
66.413750	584.8
66.417500	585.3
66.421250	569.5
66.425000	596.2
66.428750	642.4
66.432500	589.9
66.436250	535.4
66.440000	584.3
66.443750	566.4
66.447500	607.7
66.451250	582.4
66.455000	593.7
66.458750	612.9
66.462500	575.9
66.466250	613.4
66.470000	550.9
66.473750	587.0
66.477500	619.2
66.481250	567.4
66.485000	615.0
66.488750	581.5
66.492500	578.3
66.496250	563.2
66.500000	589.8
66.503750	598.0
66.507500	550.8
66.511250	586.9
66.515000	550.2
66.518750	562.7
66.522500	569.9
66.526250	558.8
66.530000	591.8
66.533750	614.7
66.537500	587.9
66.541250	549.9
66.545000	578.1
66.548750	567.2
66.552500	566.3
66.556250	571.7
66.560000	559.0
66.563750	595.5
66.567500	579.4
66.571250	606.3
66.575000	602.5
66.578750	609.6
66.582500	572.3
66.586250	572.3
66.590000	592.3
66.593750	609.5
66.597500	590.6
66.601250	618.4
66.605000	608.9
66.608750	581.5
66.612500	577.1
66.616250	592.9
66.620000	569.0
66.623750	605.4
66.627500	594.1
66.631250	588.5
66.635000	570.4
66.638750	605.5
66.642500	562.1
66.646250	580.5
66.650000	602.3
66.653750	582.6
66.657500	537.5
66.661250	583.7
66.665000	595.4
66.668750	590.2
66.672500	605.7
66.676250	560.5
66.680000	600.2
66.683750	604.8
66.687500	577.7
66.691250	594.6
66.695000	604.3
66.698750	546.4
66.702500	612.3
66.706250	624.9
66.710000	632.9
66.713750	610.4
66.717500	615.1
66.721250	592.9
66.725000	574.6
66.728750	624.0
66.732500	590.1
66.736250	598.0
66.740000	625.7
66.743750	621.6
66.747500	614.0
66.751250	571.3
66.755000	632.9
66.758750	622.6
66.762500	600.9
66.766250	609.6
66.770000	611.6
66.773750	564.0
66.777500	572.4
66.781250	586.1
66.785000	598.9
66.788750	613.4
66.792500	568.6
66.796250	559.1
66.800000	567.3
66.803750	574.0
66.807500	584.8
66.811250	592.0
66.815000	536.4
66.818750	579.1
66.822500	586.1
66.826250	574.6
66.830000	582.2
66.833750	594.6
66.837500	592.3
66.841250	612.6
66.845000	589.3
66.848750	608.2
66.852500	579.0
66.856250	559.6
66.860000	575.8
66.863750	598.1
66.867500	579.4
66.871250	565.3
66.875000	595.7
66.878750	586.5
66.882500	587.5
66.886250	626.8
66.890000	593.4
66.893750	541.6
66.897500	546.0
66.901250	609.8
66.905000	582.8
66.908750	568.1
66.912500	586.3
66.916250	552.3
66.920000	573.3
66.923750	576.0
66.927500	569.8
66.931250	578.0
66.935000	604.6
66.938750	594.1
66.942500	565.8
66.946250	577.7
66.950000	584.9
66.953750	579.3
66.957500	545.1
66.961250	594.6
66.965000	599.1
66.968750	587.9
66.972500	540.8
66.976250	557.9
66.980000	578.7
66.983750	593.4
66.987500	521.5
66.991250	600.4
66.995000	588.0
66.998750	549.4
67.002500	560.9
67.006250	528.1
67.010000	560.6
67.013750	585.5
67.017500	579.2
67.021250	617.8
67.025000	568.0
67.028750	613.8
67.032500	592.5
67.036250	562.0
67.040000	561.1
67.043750	604.3
67.047500	625.5
67.051250	610.7
67.055000	562.3
67.058750	574.7
67.062500	594.8
67.066250	570.0
67.070000	615.0
67.073750	629.4
67.077500	556.4
67.081250	568.7
67.085000	586.0
67.088750	551.3
67.092500	567.7
67.096250	601.3
67.100000	585.8
67.103750	561.8
67.107500	593.4
67.111250	581.5
67.115000	553.0
67.118750	552.9
67.122500	572.8
67.126250	605.9
67.130000	599.3
67.133750	605.0
67.137500	573.5
67.141250	620.1
67.145000	582.9
67.148750	574.7
67.152500	590.8
67.156250	562.5
67.160000	554.3
67.163750	584.4
67.167500	576.1
67.171250	583.3
67.175000	565.5
67.178750	583.0
67.182500	568.9
67.186250	566.0
67.190000	540.3
67.193750	553.6
67.197500	531.7
67.201250	581.7
67.205000	594.8
67.208750	608.2
67.212500	570.1
67.216250	531.5
67.220000	545.0
67.223750	562.7
67.227500	563.3
67.231250	581.0
67.235000	598.8
67.238750	554.9
67.242500	565.4
67.246250	590.4
67.250000	565.4
67.253750	564.5
67.257500	561.3
67.261250	569.9
67.265000	545.7
67.268750	611.0
67.272500	609.8
67.276250	537.4
67.280000	558.4
67.283750	556.5
67.287500	559.2
67.291250	623.1
67.295000	538.8
67.298750	568.2
67.302500	570.0
67.306250	580.7
67.310000	553.8
67.313750	567.2
67.317500	586.0
67.321250	551.0
67.325000	554.3
67.328750	540.9
67.332500	575.5
67.336250	588.2
67.340000	567.2
67.343750	551.3
67.347500	527.5
67.351250	520.8
67.355000	543.5
67.358750	531.0
67.362500	587.4
67.366250	576.6
67.370000	541.5
67.373750	560.9
67.377500	595.1
67.381250	579.8
67.385000	563.5
67.388750	573.3
67.392500	584.9
67.396250	576.6
67.400000	560.1
67.403750	578.5
67.407500	608.2
67.411250	600.6
67.415000	569.5
67.418750	560.5
67.422500	591.7
67.426250	605.7
67.430000	588.5
67.433750	600.3
67.437500	579.1
67.441250	574.5
67.445000	594.8
67.448750	612.6
67.452500	546.4
67.456250	574.3
67.460000	612.1
67.463750	562.2
67.467500	564.3
67.471250	619.4
67.475000	582.5
67.478750	589.1
67.482500	624.7
67.486250	563.2
67.490000	631.6
67.493750	585.2
67.497500	585.6
67.501250	578.8
67.505000	615.6
67.508750	584.5
67.512500	622.2
67.516250	609.9
67.520000	615.1
67.523750	595.2
67.527500	600.7
67.531250	614.9
67.535000	621.1
67.538750	633.0
67.542500	584.1
67.546250	607.1
67.550000	635.1
67.553750	587.8
67.557500	613.7
67.561250	646.9
67.565000	664.7
67.568750	647.7
67.572500	628.5
67.576250	637.5
67.580000	649.5
67.583750	645.5
67.587500	609.5
67.591250	616.6
67.595000	651.3
67.598750	632.5
67.602500	633.1
67.606250	642.2
67.610000	647.9
67.613750	664.7
67.617500	699.0
67.621250	672.1
67.625000	672.2
67.628750	607.0
67.632500	630.5
67.636250	703.6
67.640000	640.8
67.643750	656.2
67.647500	679.2
67.651250	632.2
67.655000	650.8
67.658750	619.7
67.662500	603.6
67.666250	654.7
67.670000	629.5
67.673750	643.1
67.677500	646.5
67.681250	651.4
67.685000	635.9
67.688750	614.6
67.692500	627.2
67.696250	644.9
67.700000	634.6
67.703750	624.9
67.707500	657.4
67.711250	667.2
67.715000	633.0
67.718750	638.0
67.722500	655.9
67.726250	650.8
67.730000	641.6
67.733750	652.6
67.737500	646.7
67.741250	656.5
67.745000	653.2
67.748750	677.8
67.752500	651.5
67.756250	627.2
67.760000	645.4
67.763750	682.0
67.767500	648.9
67.771250	659.3
67.775000	638.7
67.778750	609.4
67.782500	628.8
67.786250	660.8
67.790000	672.2
67.793750	690.4
67.797500	628.2
67.801250	612.2
67.805000	637.2
67.808750	646.3
67.812500	631.6
67.816250	614.9
67.820000	677.6
67.823750	703.7
67.827500	639.7
67.831250	601.5
67.835000	637.1
67.838750	643.6
67.842500	643.7
67.846250	627.7
67.850000	663.5
67.853750	624.2
67.857500	623.9
67.861250	640.6
67.865000	689.0
67.868750	689.7
67.872500	649.9
67.876250	638.5
67.880000	660.6
67.883750	651.7
67.887500	653.0
67.891250	646.0
67.895000	641.4
67.898750	686.8
67.902500	665.0
67.906250	578.8
67.910000	653.9
67.913750	654.9
67.917500	646.7
67.921250	659.7
67.925000	659.7
67.928750	624.4
67.932500	630.0
67.936250	650.7
67.940000	664.1
67.943750	641.8
67.947500	600.0
67.951250	642.2
67.955000	652.6
67.958750	611.8
67.962500	651.8
67.966250	682.2
67.970000	670.9
67.973750	677.4
67.977500	683.2
67.981250	662.7
67.985000	673.2
67.988750	694.7
67.992500	717.5
67.996250	702.6
68.000000	682.6
68.003750	704.0
68.007500	670.6
68.011250	698.7
68.015000	702.1
68.018750	702.6
68.022500	708.9
68.026250	695.0
68.030000	686.7
68.033750	674.6
68.037500	715.9
68.041250	687.4
68.045000	685.9
68.048750	689.7
68.052500	694.0
68.056250	659.4
68.060000	690.1
68.063750	703.3
68.067500	671.5
68.071250	726.2
68.075000	644.9
68.078750	645.0
68.082500	651.1
68.086250	656.9
68.090000	648.9
68.093750	611.2
68.097500	635.7
68.101250	624.0
68.105000	653.5
68.108750	615.5
68.112500	632.2
68.116250	640.5
68.120000	631.3
68.123750	651.7
68.127500	617.5
68.131250	606.4
68.135000	661.3
68.138750	649.8
68.142500	668.9
68.146250	643.9
68.150000	649.4
68.153750	634.9
68.157500	647.7
68.161250	696.5
68.165000	679.8
68.168750	635.4
68.172500	683.7
68.176250	704.8
68.180000	705.0
68.183750	691.0
68.187500	711.6
68.191250	776.4
68.195000	749.5
68.198750	776.5
68.202500	810.7
68.206250	797.1
68.210000	812.7
68.213750	847.1
68.217500	812.2
68.221250	875.5
68.225000	821.9
68.228750	846.0
68.232500	826.5
68.236250	869.0
68.240000	877.2
68.243750	818.7
68.247500	777.5
68.251250	750.7
68.255000	768.3
68.258750	764.7
68.262500	754.8
68.266250	712.1
68.270000	723.6
68.273750	665.5
68.277500	675.4
68.281250	698.3
68.285000	727.0
68.288750	629.9
68.292500	625.8
68.296250	584.9
68.300000	641.7
68.303750	657.1
68.307500	671.1
68.311250	645.4
68.315000	689.6
68.318750	654.9
68.322500	640.0
68.326250	650.1
68.330000	614.8
68.333750	636.7
68.337500	628.5
68.341250	596.5
68.345000	675.3
68.348750	614.2
68.352500	602.9
68.356250	649.4
68.360000	615.2
68.363750	549.9
68.367500	646.2
68.371250	612.3
68.375000	578.8
68.378750	597.0
68.382500	601.0
68.386250	591.1
68.390000	597.5
68.393750	577.1
68.397500	630.3
68.401250	587.3
68.405000	576.5
68.408750	610.6
68.412500	614.4
68.416250	625.1
68.420000	642.9
68.423750	598.9
68.427500	632.8
68.431250	616.3
68.435000	626.1
68.438750	619.1
68.442500	647.6
68.446250	613.8
68.450000	579.4
68.453750	596.1
68.457500	678.5
68.461250	629.7
68.465000	628.4
68.468750	632.9
68.472500	624.5
68.476250	644.6
68.480000	641.7
68.483750	661.5
68.487500	624.0
68.491250	583.0
68.495000	615.9
68.498750	623.9
68.502500	592.9
68.506250	601.6
68.510000	542.8
68.513750	594.3
68.517500	647.7
68.521250	594.0
68.525000	603.6
68.528750	574.8
68.532500	584.8
68.536250	601.0
68.540000	588.3
68.543750	603.0
68.547500	607.5
68.551250	616.6
68.555000	619.9
68.558750	626.7
68.562500	604.4
68.566250	592.5
68.570000	602.2
68.573750	615.9
68.577500	607.2
68.581250	624.2
68.585000	610.2
68.588750	622.7
68.592500	596.3
68.596250	606.1
68.600000	612.5
68.603750	623.6
68.607500	603.2
68.611250	601.2
68.615000	623.8
68.618750	651.3
68.622500	660.2
68.626250	604.4
68.630000	655.7
68.633750	610.4
68.637500	679.8
68.641250	661.8
68.645000	631.6
68.648750	608.5
68.652500	627.2
68.656250	646.1
68.660000	648.1
68.663750	636.0
68.667500	677.0
68.671250	649.2
68.675000	643.2
68.678750	660.5
68.682500	642.6
68.686250	648.7
68.690000	666.8
68.693750	654.5
68.697500	659.0
68.701250	622.6
68.705000	615.1
68.708750	622.7
68.712500	638.6
68.716250	632.7
68.720000	628.2
68.723750	649.6
68.727500	633.2
68.731250	602.6
68.735000	613.2
68.738750	580.7
68.742500	640.3
68.746250	596.3
68.750000	622.2
68.753750	634.6
68.757500	611.1
68.761250	623.9
68.765000	633.0
68.768750	604.5
68.772500	648.4
68.776250	584.2
68.780000	616.1
68.783750	585.8
68.787500	576.2
68.791250	554.3
68.795000	622.9
68.798750	640.3
68.802500	581.0
68.806250	585.5
68.810000	624.0
68.813750	608.9
68.817500	584.9
68.821250	565.2
68.825000	593.2
68.828750	598.9
68.832500	562.1
68.836250	570.3
68.840000	572.7
68.843750	572.0
68.847500	582.9
68.851250	610.6
68.855000	609.4
68.858750	542.3
68.862500	621.5
68.866250	603.7
68.870000	568.0
68.873750	605.7
68.877500	570.5
68.881250	603.6
68.885000	595.6
68.888750	612.4
68.892500	589.8
68.896250	573.9
68.900000	565.5
68.903750	584.3
68.907500	584.1
68.911250	552.4
68.915000	549.4
68.918750	572.8
68.922500	581.6
68.926250	552.0
68.930000	599.1
68.933750	550.0
68.937500	583.3
68.941250	577.4
68.945000	559.9
68.948750	561.3
68.952500	558.6
68.956250	557.0
68.960000	568.7
68.963750	570.9
68.967500	543.9
68.971250	520.3
68.975000	529.6
68.978750	550.8
68.982500	558.4
68.986250	566.8
68.990000	564.8
68.993750	586.4
68.997500	567.5
69.001250	561.4
69.005000	563.8
69.008750	553.6
69.012500	530.2
69.016250	578.6
69.020000	603.2
69.023750	549.4
69.027500	532.6
69.031250	536.5
69.035000	521.3
69.038750	547.3
69.042500	551.4
69.046250	558.1
69.050000	558.4
69.053750	575.7
69.057500	567.6
69.061250	542.8
69.065000	573.6
69.068750	572.9
69.072500	579.1
69.076250	589.4
69.080000	566.8
69.083750	548.9
69.087500	521.8
69.091250	542.6
69.095000	559.3
69.098750	557.4
69.102500	591.7
69.106250	560.4
69.110000	518.9
69.113750	544.4
69.117500	531.6
69.121250	583.7
69.125000	576.8
69.128750	568.9
69.132500	549.0
69.136250	538.0
69.140000	595.9
69.143750	584.5
69.147500	564.3
69.151250	564.7
69.155000	557.2
69.158750	565.2
69.162500	595.7
69.166250	570.8
69.170000	513.7
69.173750	556.2
69.177500	569.0
69.181250	537.6
69.185000	527.0
69.188750	572.0
69.192500	581.5
69.196250	559.6
69.200000	558.8
69.203750	598.1
69.207500	565.4
69.211250	547.8
69.215000	550.5
69.218750	542.0
69.222500	540.4
69.226250	607.3
69.230000	577.0
69.233750	543.3
69.237500	589.4
69.241250	584.3
69.245000	561.7
69.248750	536.7
69.252500	500.3
69.256250	526.8
69.260000	556.9
69.263750	563.1
69.267500	550.8
69.271250	602.8
69.275000	589.5
69.278750	621.5
69.282500	569.4
69.286250	582.9
69.290000	564.7
69.293750	557.2
69.297500	592.9
69.301250	596.0
69.305000	578.6
69.308750	561.5
69.312500	545.1
69.316250	575.4
69.320000	575.8
69.323750	538.9
69.327500	516.6
69.331250	520.7
69.335000	552.5
69.338750	523.3
69.342500	536.8
69.346250	505.5
69.350000	519.5
69.353750	569.3
69.357500	593.4
69.361250	605.1
69.365000	561.3
69.368750	606.1
69.372500	589.9
69.376250	606.1
69.380000	584.2
69.383750	573.4
69.387500	612.3
69.391250	597.1
69.395000	568.7
69.398750	599.3
69.402500	596.0
69.406250	647.4
69.410000	555.7
69.413750	591.7
69.417500	609.8
69.421250	586.3
69.425000	581.9
69.428750	652.5
69.432500	619.8
69.436250	579.9
69.440000	600.9
69.443750	570.0
69.447500	595.1
69.451250	618.1
69.455000	595.2
69.458750	567.7
69.462500	578.4
69.466250	598.0
69.470000	602.6
69.473750	601.2
69.477500	596.5
69.481250	607.5
69.485000	570.2
69.488750	570.3
69.492500	575.2
69.496250	596.4
69.500000	595.0
69.503750	639.7
69.507500	609.0
69.511250	609.5
69.515000	598.9
69.518750	618.5
69.522500	596.6
69.526250	599.6
69.530000	598.9
69.533750	590.5
69.537500	580.5
69.541250	585.6
69.545000	612.2
69.548750	629.2
69.552500	592.4
69.556250	611.2
69.560000	618.3
69.563750	550.5
69.567500	601.6
69.571250	608.9
69.575000	596.9
69.578750	609.6
69.582500	589.1
69.586250	607.2
69.590000	573.7
69.593750	589.6
69.597500	614.6
69.601250	573.1
69.605000	606.1
69.608750	582.8
69.612500	582.3
69.616250	626.3
69.620000	628.7
69.623750	580.5
69.627500	636.8
69.631250	586.7
69.635000	577.5
69.638750	587.5
69.642500	628.8
69.646250	642.0
69.650000	612.2
69.653750	572.4
69.657500	635.0
69.661250	590.8
69.665000	563.4
69.668750	611.5
69.672500	563.8
69.676250	618.1
69.680000	642.0
69.683750	550.0
69.687500	574.7
69.691250	585.2
69.695000	620.4
69.698750	620.5
69.702500	622.4
69.706250	589.3
69.710000	559.3
69.713750	564.6
69.717500	573.0
69.721250	569.0
69.725000	551.1
69.728750	593.4
69.732500	580.3
69.736250	598.1
69.740000	556.3
69.743750	603.5
69.747500	634.3
69.751250	581.1
69.755000	577.3
69.758750	589.0
69.762500	576.5
69.766250	569.6
69.770000	568.7
69.773750	542.5
69.777500	565.0
69.781250	560.4
69.785000	533.3
69.788750	587.5
69.792500	539.6
69.796250	579.4
69.800000	575.1
69.803750	559.5
69.807500	550.4
69.811250	505.5
69.815000	549.3
69.818750	575.0
69.822500	541.8
69.826250	599.9
69.830000	543.3
69.833750	565.3
69.837500	529.7
69.841250	528.9
69.845000	603.3
69.848750	568.5
69.852500	555.8
69.856250	585.7
69.860000	579.1
69.863750	533.0
69.867500	556.8
69.871250	600.4
69.875000	592.1
69.878750	591.1
69.882500	596.0
69.886250	563.4
69.890000	562.6
69.893750	506.3
69.897500	540.8
69.901250	536.2
69.905000	588.1
69.908750	562.6
69.912500	549.3
69.916250	520.9
69.920000	570.3
69.923750	545.4
69.927500	531.0
69.931250	580.4
69.935000	555.3
69.938750	566.2
69.942500	588.1
69.946250	538.5
69.950000	541.8
69.953750	573.0
69.957500	544.0
69.961250	510.1
69.965000	521.2
69.968750	578.4
69.972500	522.0
69.976250	557.7
69.980000	545.3
69.983750	554.3
69.987500	603.2
69.991250	547.4
69.995000	540.0
69.998750	569.9
70.002500	549.0
70.006250	537.1
70.010000	566.9
70.013750	531.7
70.017500	536.3
70.021250	567.6
70.025000	552.7
70.028750	554.6
70.032500	567.4
70.036250	572.3
70.040000	520.2
70.043750	536.4
70.047500	563.1
70.051250	567.9
70.055000	524.3
70.058750	526.5
70.062500	587.1
70.066250	564.6
70.070000	582.2
70.073750	584.9
70.077500	544.1
70.081250	577.6
70.085000	571.1
70.088750	549.1
70.092500	561.5
70.096250	491.0
70.100000	539.0
70.103750	583.0
70.107500	562.2
70.111250	535.8
70.115000	540.2
70.118750	543.5
70.122500	553.0
70.126250	580.8
70.130000	555.3
70.133750	560.7
70.137500	569.5
70.141250	560.7
70.145000	527.2
70.148750	548.8
70.152500	536.0
70.156250	530.3
70.160000	558.7
70.163750	568.2
70.167500	566.8
70.171250	568.5
70.175000	557.7
70.178750	550.1
70.182500	573.5
70.186250	558.9
70.190000	572.9
70.193750	562.7
70.197500	547.3
70.201250	566.5
70.205000	537.7
70.208750	597.2
70.212500	567.8
70.216250	567.5
70.220000	563.2
70.223750	554.1
70.227500	559.9
70.231250	543.8
70.235000	512.5
70.238750	577.2
70.242500	561.2
70.246250	534.9
70.250000	559.3
70.253750	573.1
70.257500	536.6
70.261250	537.8
70.265000	549.8
70.268750	579.2
70.272500	519.6
70.276250	576.2
70.280000	541.7
70.283750	527.8
70.287500	543.0
70.291250	560.0
70.295000	522.7
70.298750	537.6
70.302500	539.5
70.306250	572.7
70.310000	549.1
70.313750	543.7
70.317500	594.0
70.321250	571.0
70.325000	554.2
70.328750	583.3
70.332500	549.8
70.336250	535.9
70.340000	562.6
70.343750	574.0
70.347500	549.7
70.351250	537.3
70.355000	595.3
70.358750	585.6
70.362500	579.5
70.366250	586.1
70.370000	579.8
70.373750	580.3
70.377500	562.0
70.381250	557.8
70.385000	548.8
70.388750	584.3
70.392500	570.7
70.396250	591.3
70.400000	538.1
70.403750	560.1
70.407500	586.0
70.411250	553.6
70.415000	521.2
70.418750	578.9
70.422500	566.8
70.426250	544.9
70.430000	546.8
70.433750	548.9
70.437500	607.3
70.441250	567.5
70.445000	583.7
70.448750	536.4
70.452500	546.6
70.456250	626.2
70.460000	545.2
70.463750	555.7
70.467500	553.8
70.471250	590.4
70.475000	557.9
70.478750	571.7
70.482500	576.1
70.486250	522.3
70.490000	573.8
70.493750	588.1
70.497500	551.9
70.501250	572.1
70.505000	563.6
70.508750	521.1
70.512500	526.3
70.516250	558.4
70.520000	536.5
70.523750	538.5
70.527500	577.1
70.531250	582.7
70.535000	585.6
70.538750	578.4
70.542500	570.4
70.546250	588.8
70.550000	610.1
70.553750	552.3
70.557500	520.0
70.561250	533.0
70.565000	570.4
70.568750	590.3
70.572500	536.2
70.576250	545.3
70.580000	540.0
70.583750	496.1
70.587500	524.7
70.591250	542.2
70.595000	557.7
70.598750	613.4
70.602500	611.5
70.606250	606.4
70.610000	557.5
70.613750	543.1
70.617500	582.8
70.621250	538.1
70.625000	542.8
70.628750	574.2
70.632500	565.3
70.636250	541.6
70.640000	548.3
70.643750	553.7
70.647500	536.5
70.651250	522.0
70.655000	526.9
70.658750	525.4
70.662500	547.7
70.666250	539.4
70.670000	537.4
70.673750	532.9
70.677500	584.3
70.681250	553.8
70.685000	569.1
70.688750	560.7
70.692500	553.2
70.696250	582.7
70.700000	555.9
70.703750	553.4
70.707500	574.3
70.711250	547.8
70.715000	531.2
70.718750	556.6
70.722500	560.2
70.726250	543.8
70.730000	555.8
70.733750	565.2
70.737500	557.8
70.741250	552.1
70.745000	568.2
70.748750	571.5
70.752500	566.8
70.756250	548.9
70.760000	542.6
70.763750	516.8
70.767500	544.3
70.771250	556.8
70.775000	537.8
70.778750	562.4
70.782500	565.1
70.786250	619.0
70.790000	543.8
70.793750	512.8
70.797500	567.5
70.801250	560.6
70.805000	550.2
70.808750	579.2
70.812500	577.7
70.816250	531.5
70.820000	590.2
70.823750	588.1
70.827500	566.9
70.831250	549.0
70.835000	542.4
70.838750	546.8
70.842500	532.3
70.846250	569.4
70.850000	528.6
70.853750	525.9
70.857500	568.6
70.861250	579.6
70.865000	558.7
70.868750	526.1
70.872500	578.3
70.876250	560.1
70.880000	564.2
70.883750	587.2
70.887500	587.8
70.891250	561.7
70.895000	542.2
70.898750	548.8
70.902500	555.7
70.906250	544.6
70.910000	555.4
70.913750	546.1
70.917500	527.9
70.921250	536.7
70.925000	553.8
70.928750	557.8
70.932500	554.6
70.936250	574.2
70.940000	518.5
70.943750	543.1
70.947500	584.2
70.951250	556.0
70.955000	597.8
70.958750	565.4
70.962500	582.6
70.966250	564.1
70.970000	621.9
70.973750	629.7
70.977500	606.7
70.981250	607.9
70.985000	624.5
70.988750	649.1
70.992500	602.6
70.996250	627.0
71.000000	564.5
71.003750	562.6
71.007500	608.4
71.011250	601.8
71.015000	582.7
71.018750	576.9
71.022500	598.7
71.026250	586.3
71.030000	590.7
71.033750	706.9
71.037500	623.8
71.041250	580.6
71.045000	632.6
71.048750	589.7
71.052500	614.4
71.056250	617.7
71.060000	615.8
71.063750	626.3
71.067500	578.8
71.071250	608.8
71.075000	684.8
71.078750	661.5
71.082500	617.1
71.086250	556.9
71.090000	581.1
71.093750	581.5
71.097500	590.1
71.101250	610.6
71.105000	578.8
71.108750	595.4
71.112500	623.9
71.116250	589.7
71.120000	565.1
71.123750	578.2
71.127500	599.7
71.131250	569.5
71.135000	577.1
71.138750	609.2
71.142500	613.2
71.146250	614.9
71.150000	572.3
71.153750	617.3
71.157500	653.4
71.161250	663.3
71.165000	636.7
71.168750	635.3
71.172500	665.5
71.176250	655.7
71.180000	663.9
71.183750	656.5
71.187500	687.8
71.191250	703.1
71.195000	690.1
71.198750	717.0
71.202500	696.3
71.206250	683.1
71.210000	682.6
71.213750	674.4
71.217500	606.6
71.221250	681.5
71.225000	650.9
71.228750	656.0
71.232500	686.7
71.236250	635.5
71.240000	651.5
71.243750	669.3
71.247500	672.8
71.251250	640.1
71.255000	612.7
71.258750	645.4
71.262500	565.4
71.266250	579.9
71.270000	557.1
71.273750	615.8
71.277500	591.8
71.281250	578.1
71.285000	578.3
71.288750	620.5
71.292500	601.0
71.296250	597.3
71.300000	589.1
71.303750	563.4
71.307500	607.7
71.311250	588.2
71.315000	553.0
71.318750	585.6
71.322500	584.2
71.326250	595.3
71.330000	571.9
71.333750	539.2
71.337500	549.5
71.341250	541.6
71.345000	594.5
71.348750	572.2
71.352500	535.4
71.356250	582.7
71.360000	542.6
71.363750	570.0
71.367500	571.4
71.371250	587.2
71.375000	533.4
71.378750	576.5
71.382500	558.8
71.386250	586.1
71.390000	571.2
71.393750	560.3
71.397500	563.0
71.401250	578.8
71.405000	527.4
71.408750	545.8
71.412500	554.0
71.416250	571.6
71.420000	575.5
71.423750	495.9
71.427500	570.0
71.431250	545.9
71.435000	564.6
71.438750	527.1
71.442500	543.3
71.446250	537.8
71.450000	568.2
71.453750	545.2
71.457500	542.6
71.461250	571.9
71.465000	569.4
71.468750	519.3
71.472500	572.3
71.476250	544.0
71.480000	566.0
71.483750	554.9
71.487500	550.5
71.491250	534.2
71.495000	601.2
71.498750	535.8
71.502500	577.1
71.506250	563.3
71.510000	544.5
71.513750	571.9
71.517500	553.6
71.521250	536.9
71.525000	604.1
71.528750	574.6
71.532500	535.8
71.536250	573.1
71.540000	548.8
71.543750	592.8
71.547500	556.6
71.551250	505.4
71.555000	577.8
71.558750	575.8
71.562500	578.0
71.566250	583.9
71.570000	599.4
71.573750	580.3
71.577500	579.1
71.581250	580.1
71.585000	554.1
71.588750	558.7
71.592500	582.3
71.596250	568.6
71.600000	553.2
71.603750	531.2
71.607500	553.0
71.611250	598.6
71.615000	605.4
71.618750	558.2
71.622500	559.1
71.626250	580.4
71.630000	572.4
71.633750	547.4
71.637500	545.6
71.641250	545.2
71.645000	572.1
71.648750	577.1
71.652500	587.7
71.656250	597.7
71.660000	577.1
71.663750	516.8
71.667500	566.6
71.671250	591.0
71.675000	562.4
71.678750	556.4
71.682500	573.5
71.686250	522.1
71.690000	542.9
71.693750	548.0
71.697500	588.2
71.701250	576.0
71.705000	589.7
71.708750	569.4
71.712500	581.4
71.716250	574.5
71.720000	574.7
71.723750	596.9
71.727500	527.0
71.731250	525.3
71.735000	552.2
71.738750	582.7
71.742500	565.3
71.746250	540.9
71.750000	497.2
71.753750	551.6
71.757500	496.5
71.761250	569.0
71.765000	579.0
71.768750	563.4
71.772500	563.0
71.776250	536.9
71.780000	539.4
71.783750	559.0
71.787500	585.1
71.791250	569.1
71.795000	556.3
71.798750	553.1
71.802500	554.1
71.806250	582.7
71.810000	547.3
71.813750	583.1
71.817500	553.2
71.821250	541.3
71.825000	543.9
71.828750	574.0
71.832500	554.2
71.836250	553.5
71.840000	587.1
71.843750	554.8
71.847500	545.4
71.851250	554.5
71.855000	535.3
71.858750	572.9
71.862500	590.8
71.866250	566.3
71.870000	582.0
71.873750	620.0
71.877500	560.5
71.881250	561.3
71.885000	551.5
71.888750	596.6
71.892500	586.1
71.896250	547.4
71.900000	582.0
71.903750	570.3
71.907500	635.8
71.911250	608.2
71.915000	579.9
71.918750	546.0
71.922500	570.2
71.926250	587.6
71.930000	606.2
71.933750	584.0
71.937500	552.6
71.941250	615.7
71.945000	556.0
71.948750	581.6
71.952500	615.7
71.956250	520.0
71.960000	597.1
71.963750	629.2
71.967500	590.7
71.971250	582.3
71.975000	583.7
71.978750	592.3
71.982500	547.8
71.986250	576.7
71.990000	604.9
71.993750	575.0
71.997500	578.7
72.001250	582.6
72.005000	565.8
72.008750	543.1
72.012500	621.9
72.016250	549.1
72.020000	584.5
72.023750	614.5
72.027500	581.2
72.031250	577.6
72.035000	584.6
72.038750	568.9
72.042500	571.1
72.046250	566.4
72.050000	604.2
72.053750	572.0
72.057500	565.1
72.061250	597.6
72.065000	583.8
72.068750	587.1
72.072500	530.5
72.076250	542.9
72.080000	574.6
72.083750	579.3
72.087500	565.3
72.091250	568.5
72.095000	578.4
72.098750	585.6
72.102500	568.9
72.106250	548.4
72.110000	568.7
72.113750	571.6
72.117500	573.6
72.121250	547.6
72.125000	537.5
72.128750	563.1
72.132500	584.3
72.136250	530.3
72.140000	589.9
72.143750	560.2
72.147500	554.9
72.151250	523.6
72.155000	549.2
72.158750	543.2
72.162500	565.4
72.166250	545.0
72.170000	580.7
72.173750	541.9
72.177500	589.0
72.181250	547.2
72.185000	544.4
72.188750	512.9
72.192500	553.3
72.196250	535.4
72.200000	571.8
72.203750	552.2
72.207500	531.4
72.211250	567.2
72.215000	539.0
72.218750	572.0
72.222500	594.2
72.226250	590.0
72.230000	565.3
72.233750	577.2
72.237500	566.4
72.241250	561.3
72.245000	571.3
72.248750	571.1
72.252500	557.1
72.256250	556.5
72.260000	559.0
72.263750	552.6
72.267500	540.4
72.271250	524.4
72.275000	549.4
72.278750	537.8
72.282500	564.1
72.286250	562.3
72.290000	575.1
72.293750	567.1
72.297500	567.5
72.301250	552.4
72.305000	531.8
72.308750	543.7
72.312500	582.4
72.316250	581.1
72.320000	555.7
72.323750	574.0
72.327500	559.2
72.331250	518.7
72.335000	519.9
72.338750	533.9
72.342500	529.4
72.346250	544.0
72.350000	546.6
72.353750	527.8
72.357500	566.6
72.361250	582.4
72.365000	543.5
72.368750	591.8
72.372500	600.2
72.376250	558.1
72.380000	537.1
72.383750	539.0
72.387500	559.0
72.391250	554.9
72.395000	563.6
72.398750	568.8
72.402500	570.0
72.406250	562.6
72.410000	590.9
72.413750	531.7
72.417500	527.3
72.421250	582.2
72.425000	531.2
72.428750	538.0
72.432500	561.2
72.436250	536.1
72.440000	557.5
72.443750	555.0
72.447500	550.9
72.451250	556.8
72.455000	540.2
72.458750	566.2
72.462500	596.7
72.466250	559.8
72.470000	539.3
72.473750	618.2
72.477500	590.2
72.481250	554.8
72.485000	582.4
72.488750	559.9
72.492500	567.2
72.496250	583.2
72.500000	568.6
72.503750	530.9
72.507500	568.4
72.511250	575.0
72.515000	565.7
72.518750	609.5
72.522500	604.6
72.526250	562.5
72.530000	611.2
72.533750	547.6
72.537500	586.1
72.541250	639.2
72.545000	592.3
72.548750	585.3
72.552500	629.3
72.556250	588.1
72.560000	575.9
72.563750	595.5
72.567500	552.4
72.571250	585.0
72.575000	597.7
72.578750	580.2
72.582500	607.7
72.586250	585.3
72.590000	589.4
72.593750	593.5
72.597500	583.9
72.601250	592.8
72.605000	630.7
72.608750	633.9
72.612500	618.0
72.616250	597.4
72.620000	598.4
72.623750	598.7
72.627500	618.8
72.631250	626.8
72.635000	614.4
72.638750	594.2
72.642500	615.0
72.646250	637.1
72.650000	612.7
72.653750	645.1
72.657500	629.2
72.661250	572.5
72.665000	567.0
72.668750	632.5
72.672500	621.5
72.676250	607.3
72.680000	620.4
72.683750	643.8
72.687500	647.4
72.691250	641.2
72.695000	615.2
72.698750	612.0
72.702500	651.0
72.706250	657.4
72.710000	649.3
72.713750	651.1
72.717500	572.0
72.721250	610.2
72.725000	671.4
72.728750	642.4
72.732500	691.1
72.736250	659.9
72.740000	663.3
72.743750	587.9
72.747500	605.8
72.751250	631.6
72.755000	622.8
72.758750	632.0
72.762500	604.9
72.766250	640.0
72.770000	623.7
72.773750	659.5
72.777500	646.7
72.781250	609.6
72.785000	669.8
72.788750	703.7
72.792500	668.1
72.796250	667.1
72.800000	607.1
72.803750	610.6
72.807500	612.3
72.811250	636.7
72.815000	646.6
72.818750	671.8
72.822500	618.3
72.826250	658.8
72.830000	642.6
72.833750	584.7
72.837500	599.0
72.841250	596.2
72.845000	599.9
72.848750	609.7
72.852500	616.7
72.856250	622.0
72.860000	591.1
72.863750	628.5
72.867500	634.3
72.871250	622.3
72.875000	604.8
72.878750	608.2
72.882500	605.0
72.886250	631.7
72.890000	608.7
72.893750	592.4
72.897500	620.1
72.901250	582.5
72.905000	597.5
72.908750	611.6
72.912500	618.4
72.916250	584.2
72.920000	607.9
72.923750	596.8
72.927500	544.0
72.931250	568.6
72.935000	595.9
72.938750	619.1
72.942500	612.4
72.946250	623.3
72.950000	607.0
72.953750	627.7
72.957500	606.5
72.961250	588.8
72.965000	569.7
72.968750	647.9
72.972500	650.6
72.976250	585.5
72.980000	613.1
72.983750	610.3
72.987500	626.8
72.991250	611.1
72.995000	589.7
72.998750	647.2
73.002500	598.2
73.006250	646.7
73.010000	604.9
73.013750	647.4
73.017500	645.1
73.021250	619.6
73.025000	632.6
73.028750	596.7
73.032500	602.7
73.036250	655.8
73.040000	621.5
73.043750	614.1
73.047500	595.1
73.051250	635.0
73.055000	612.7
73.058750	596.1
73.062500	633.9
73.066250	621.7
73.070000	621.0
73.073750	614.8
73.077500	610.2
73.081250	623.5
73.085000	615.0
73.088750	646.0
73.092500	641.6
73.096250	640.6
73.100000	629.6
73.103750	586.1
73.107500	616.6
73.111250	613.6
73.115000	623.6
73.118750	599.6
73.122500	611.6
73.126250	608.3
73.130000	632.6
73.133750	616.0
73.137500	591.3
73.141250	594.3
73.145000	611.9
73.148750	656.3
73.152500	637.2
73.156250	560.5
73.160000	619.4
73.163750	629.1
73.167500	589.3
73.171250	655.0
73.175000	591.8
73.178750	662.2
73.182500	617.7
73.186250	595.0
73.190000	587.5
73.193750	609.5
73.197500	600.5
73.201250	616.0
73.205000	617.5
73.208750	624.5
73.212500	665.8
73.216250	635.1
73.220000	605.9
73.223750	657.5
73.227500	608.5
73.231250	590.9
73.235000	631.1
73.238750	640.4
73.242500	617.5
73.246250	654.7
73.250000	616.5
73.253750	601.4
73.257500	615.1
73.261250	621.6
73.265000	607.5
73.268750	611.2
73.272500	644.5
73.276250	633.8
73.280000	552.1
73.283750	579.0
73.287500	610.7
73.291250	608.9
73.295000	617.8
73.298750	606.8
73.302500	630.6
73.306250	643.4
73.310000	591.9
73.313750	635.6
73.317500	598.8
73.321250	583.2
73.325000	575.8
73.328750	594.1
73.332500	567.7
73.336250	590.5
73.340000	632.9
73.343750	597.7
73.347500	618.5
73.351250	595.3
73.355000	618.2
73.358750	595.7
73.362500	588.5
73.366250	588.1
73.370000	563.2
73.373750	589.6
73.377500	619.6
73.381250	591.7
73.385000	600.0
73.388750	567.7
73.392500	548.9
73.396250	598.5
73.400000	620.9
73.403750	601.1
73.407500	605.7
73.411250	569.6
73.415000	633.4
73.418750	576.6
73.422500	632.0
73.426250	591.7
73.430000	578.0
73.433750	586.6
73.437500	539.5
73.441250	623.1
73.445000	594.4
73.448750	618.0
73.452500	578.2
73.456250	592.5
73.460000	613.1
73.463750	621.9
73.467500	621.6
73.471250	575.0
73.475000	567.9
73.478750	607.2
73.482500	588.3
73.486250	590.0
73.490000	612.0
73.493750	622.1
73.497500	576.0
73.501250	615.7
73.505000	627.7
73.508750	605.2
73.512500	593.7
73.516250	593.9
73.520000	564.4
73.523750	599.3
73.527500	602.3
73.531250	574.2
73.535000	537.1
73.538750	592.6
73.542500	587.1
73.546250	602.1
73.550000	618.4
73.553750	561.0
73.557500	550.9
73.561250	569.7
73.565000	608.3
73.568750	608.1
73.572500	580.4
73.576250	569.5
73.580000	611.5
73.583750	597.5
73.587500	567.7
73.591250	561.6
73.595000	556.9
73.598750	551.4
73.602500	584.9
73.606250	562.7
73.610000	542.0
73.613750	547.5
73.617500	554.5
73.621250	577.9
73.625000	587.7
73.628750	551.1
73.632500	565.6
73.636250	540.6
73.640000	555.1
73.643750	564.2
73.647500	542.3
73.651250	580.6
73.655000	603.8
73.658750	543.1
73.662500	533.1
73.666250	530.8
73.670000	556.5
73.673750	572.8
73.677500	545.1
73.681250	556.4
73.685000	562.0
73.688750	578.8
73.692500	606.0
73.696250	616.3
73.700000	552.9
73.703750	545.9
73.707500	581.1
73.711250	579.9
73.715000	552.5
73.718750	570.8
73.722500	562.5
73.726250	585.5
73.730000	579.4
73.733750	593.8
73.737500	603.5
73.741250	586.0
73.745000	560.6
73.748750	541.6
73.752500	554.8
73.756250	574.9
73.760000	516.8
73.763750	564.1
73.767500	570.3
73.771250	550.3
73.775000	598.8
73.778750	557.4
73.782500	561.0
73.786250	581.9
73.790000	563.9
73.793750	555.5
73.797500	591.5
73.801250	570.6
73.805000	581.2
73.808750	556.9
73.812500	548.7
73.816250	537.7
73.820000	555.0
73.823750	574.8
73.827500	563.9
73.831250	577.2
73.835000	533.8
73.838750	553.9
73.842500	540.2
73.846250	546.8
73.850000	556.0
73.853750	562.2
73.857500	567.6
73.861250	551.0
73.865000	580.1
73.868750	602.4
73.872500	556.3
73.876250	594.0
73.880000	552.6
73.883750	546.3
73.887500	586.2
73.891250	569.9
73.895000	555.6
73.898750	576.5
73.902500	609.9
73.906250	574.2
73.910000	540.5
73.913750	614.7
73.917500	596.0
73.921250	572.5
73.925000	573.2
73.928750	541.3
73.932500	581.1
73.936250	544.9
73.940000	563.7
73.943750	569.9
73.947500	542.9
73.951250	580.3
73.955000	574.2
73.958750	572.5
73.962500	570.7
73.966250	560.9
73.970000	589.2
73.973750	606.0
73.977500	604.7
73.981250	589.4
73.985000	582.1
73.988750	598.7
73.992500	568.3
73.996250	542.3
74.000000	575.9
74.003750	586.0
74.007500	596.4
74.011250	583.9
74.015000	556.7
74.018750	566.1
74.022500	626.9
74.026250	595.1
74.030000	564.3
74.033750	554.0
74.037500	587.0
74.041250	592.9
74.045000	593.7
74.048750	615.5
74.052500	618.0
74.056250	567.8
74.060000	588.9
74.063750	594.3
74.067500	569.4
74.071250	634.2
74.075000	652.8
74.078750	567.6
74.082500	555.3
74.086250	571.9
74.090000	582.5
74.093750	564.4
74.097500	610.3
74.101250	647.7
74.105000	649.7
74.108750	628.6
74.112500	625.4
74.116250	620.9
74.120000	596.1
74.123750	610.1
74.127500	648.1
74.131250	618.5
74.135000	611.8
74.138750	599.2
74.142500	600.1
74.146250	655.6
74.150000	595.3
74.153750	608.1
74.157500	652.1
74.161250	603.9
74.165000	639.8
74.168750	661.5
74.172500	617.6
74.176250	608.4
74.180000	609.3
74.183750	580.2
74.187500	594.7
74.191250	578.3
74.195000	580.2
74.198750	583.0
74.202500	600.8
74.206250	623.3
74.210000	606.4
74.213750	605.4
74.217500	570.6
74.221250	609.4
74.225000	571.9
74.228750	569.7
74.232500	603.2
74.236250	544.0
74.240000	582.0
74.243750	574.9
74.247500	569.6
74.251250	579.4
74.255000	568.0
74.258750	588.7
74.262500	567.3
74.266250	590.6
74.270000	580.9
74.273750	607.7
74.277500	590.0
74.281250	559.9
74.285000	575.1
74.288750	591.4
74.292500	540.7
74.296250	557.8
74.300000	537.9
74.303750	549.6
74.307500	574.6
74.311250	594.7
74.315000	570.2
74.318750	550.5
74.322500	597.4
74.326250	584.6
74.330000	577.5
74.333750	540.4
74.337500	561.5
74.341250	603.6
74.345000	576.2
74.348750	615.7
74.352500	530.8
74.356250	530.7
74.360000	590.8
74.363750	583.5
74.367500	592.1
74.371250	593.8
74.375000	549.6
74.378750	584.8
74.382500	578.7
74.386250	581.6
74.390000	576.2
74.393750	560.0
74.397500	542.6
74.401250	585.0
74.405000	570.1
74.408750	579.1
74.412500	550.6
74.416250	563.6
74.420000	547.9
74.423750	568.4
74.427500	582.3
74.431250	609.0
74.435000	580.9
74.438750	597.4
74.442500	581.0
74.446250	562.1
74.450000	580.9
74.453750	560.6
74.457500	584.5
74.461250	544.5
74.465000	592.0
74.468750	536.5
74.472500	564.3
74.476250	532.3
74.480000	591.6
74.483750	571.4
74.487500	540.5
74.491250	597.6
74.495000	618.8
74.498750	566.2
74.502500	556.9
74.506250	595.6
74.510000	568.4
74.513750	594.2
74.517500	620.1
74.521250	571.6
74.525000	559.4
74.528750	577.8
74.532500	580.4
74.536250	612.1
74.540000	607.3
74.543750	565.3
74.547500	597.6
74.551250	605.0
74.555000	588.9
74.558750	616.3
74.562500	591.2
74.566250	595.2
74.570000	556.0
74.573750	591.0
74.577500	625.8
74.581250	609.2
74.585000	588.7
74.588750	587.7
74.592500	612.0
74.596250	621.7
74.600000	616.9
74.603750	620.5
74.607500	587.4
74.611250	583.0
74.615000	596.4
74.618750	563.8
74.622500	584.6
74.626250	574.8
74.630000	582.3
74.633750	528.2
74.637500	557.9
74.641250	555.7
74.645000	591.4
74.648750	562.4
74.652500	581.9
74.656250	607.1
74.660000	580.0
74.663750	581.6
74.667500	577.0
74.671250	520.4
74.675000	539.7
74.678750	604.9
74.682500	550.6
74.686250	590.0
74.690000	546.5
74.693750	553.9
74.697500	606.4
74.701250	578.6
74.705000	595.6
74.708750	554.9
74.712500	576.2
74.716250	546.0
74.720000	582.0
74.723750	554.1
74.727500	592.8
74.731250	574.7
74.735000	595.6
74.738750	588.0
74.742500	542.5
74.746250	556.1
74.750000	562.9
74.753750	553.0
74.757500	589.5
74.761250	570.1
74.765000	557.6
74.768750	558.3
74.772500	570.1
74.776250	531.7
74.780000	513.8
74.783750	513.8
74.787500	596.1
74.791250	539.1
74.795000	541.3
74.798750	553.2
74.802500	624.0
74.806250	580.4
74.810000	571.6
74.813750	510.4
74.817500	589.4
74.821250	582.2
74.825000	596.3
74.828750	558.7
74.832500	565.4
74.836250	531.2
74.840000	545.3
74.843750	577.9
74.847500	554.0
74.851250	557.0
74.855000	544.1
74.858750	575.2
74.862500	586.8
74.866250	553.9
74.870000	594.6
74.873750	572.8
74.877500	569.6
74.881250	585.5
74.885000	587.4
74.888750	576.6
74.892500	546.1
74.896250	570.1
74.900000	567.3
74.903750	559.5
74.907500	568.3
74.911250	547.8
74.915000	553.9
74.918750	609.8
74.922500	581.0
74.926250	568.0
74.930000	584.5
74.933750	586.6
74.937500	582.1
74.941250	584.1
74.945000	573.4
74.948750	587.7
74.952500	573.1
74.956250	575.8
74.960000	649.9
74.963750	594.9
74.967500	601.7
74.971250	600.4
74.975000	556.9
74.978750	557.3
74.982500	580.4
74.986250	562.4
74.990000	562.0
74.993750	641.2
74.997500	585.2
75.001250	610.3
75.005000	618.7
75.008750	618.2
75.012500	581.8
75.016250	559.2
75.020000	587.3
75.023750	608.1
75.027500	591.1
75.031250	575.5
75.035000	573.4
75.038750	587.5
75.042500	584.8
75.046250	593.2
75.050000	586.5
75.053750	636.9
75.057500	609.4
75.061250	595.1
75.065000	620.0
75.068750	545.6
75.072500	561.9
75.076250	636.5
75.080000	581.7
75.083750	596.4
75.087500	556.9
75.091250	602.6
75.095000	638.1
75.098750	626.8
75.102500	593.5
75.106250	590.6
75.110000	583.6
75.113750	607.7
75.117500	586.4
75.121250	620.0
75.125000	617.5
75.128750	633.0
75.132500	619.2
75.136250	619.5
75.140000	586.8
75.143750	605.0
75.147500	602.6
75.151250	622.0
75.155000	674.0
75.158750	670.9
75.162500	602.6
75.166250	623.5
75.170000	654.4
75.173750	617.9
75.177500	602.8
75.181250	620.8
75.185000	607.3
75.188750	624.3
75.192500	645.7
75.196250	667.9
75.200000	616.6
75.203750	608.2
75.207500	629.5
75.211250	635.6
75.215000	605.1
75.218750	624.3
75.222500	598.8
75.226250	632.3
75.230000	668.9
75.233750	621.5
75.237500	631.2
75.241250	629.1
75.245000	675.5
75.248750	627.1
75.252500	641.7
75.256250	668.9
75.260000	659.0
75.263750	662.0
75.267500	669.5
75.271250	687.9
75.275000	684.4
75.278750	716.0
75.282500	752.3
75.286250	716.7
75.290000	703.1
75.293750	709.8
75.297500	734.3
75.301250	830.5
75.305000	795.4
75.308750	890.7
75.312500	861.1
75.316250	914.1
75.320000	930.6
75.323750	959.3
75.327500	940.5
75.331250	967.2
75.335000	984.5
75.338750	935.1
75.342500	933.2
75.346250	1002.6
75.350000	956.4
75.353750	936.4
75.357500	927.2
75.361250	892.0
75.365000	905.3
75.368750	825.1
75.372500	789.3
75.376250	809.3
75.380000	764.3
75.383750	767.7
75.387500	753.2
75.391250	674.1
75.395000	685.2
75.398750	653.0
75.402500	646.8
75.406250	630.0
75.410000	632.0
75.413750	661.6
75.417500	679.8
75.421250	679.3
75.425000	708.6
75.428750	622.9
75.432500	606.2
75.436250	616.1
75.440000	625.2
75.443750	653.3
75.447500	645.4
75.451250	620.7
75.455000	611.7
75.458750	609.5
75.462500	614.1
75.466250	634.7
75.470000	595.7
75.473750	652.2
75.477500	598.7
75.481250	587.4
75.485000	600.8
75.488750	633.8
75.492500	596.3
75.496250	607.3
75.500000	578.9
75.503750	584.6
75.507500	604.7
75.511250	606.1
75.515000	647.5
75.518750	631.9
75.522500	582.9
75.526250	557.9
75.530000	608.8
75.533750	588.8
75.537500	581.8
75.541250	611.9
75.545000	644.4
75.548750	564.2
75.552500	520.8
75.556250	607.0
75.560000	652.5
75.563750	564.1
75.567500	507.5
75.571250	598.1
75.575000	612.1
75.578750	605.0
75.582500	541.8
75.586250	595.4
75.590000	603.7
75.593750	580.0
75.597500	552.3
75.601250	572.1
75.605000	564.1
75.608750	646.4
75.612500	658.7
75.616250	562.4
75.620000	584.2
75.623750	542.2
75.627500	544.0
75.631250	557.6
75.635000	587.9
75.638750	587.5
75.642500	532.4
75.646250	557.1
75.650000	547.0
75.653750	579.7
75.657500	572.4
75.661250	542.7
75.665000	622.0
75.668750	579.6
75.672500	615.1
75.676250	616.4
75.680000	585.0
75.683750	585.9
75.687500	557.7
75.691250	594.4
75.695000	600.3
75.698750	576.4
75.702500	623.0
75.706250	514.1
75.710000	540.0
75.713750	553.2
75.717500	600.4
75.721250	598.8
75.725000	605.0
75.728750	538.5
75.732500	523.7
75.736250	612.5
75.740000	566.1
75.743750	539.7
75.747500	549.4
75.751250	617.0
75.755000	588.0
75.758750	597.9
75.762500	560.0
75.766250	560.6
75.770000	588.1
75.773750	582.7
75.777500	597.3
75.781250	600.1
75.785000	606.8
75.788750	624.3
75.792500	592.7
75.796250	575.6
75.800000	591.5
75.803750	564.5
75.807500	629.8
75.811250	576.3
75.815000	570.5
75.818750	594.8
75.822500	550.5
75.826250	580.5
75.830000	617.2
75.833750	599.0
75.837500	582.4
75.841250	586.4
75.845000	562.3
75.848750	608.0
75.852500	556.9
75.856250	625.9
75.860000	620.9
75.863750	583.0
75.867500	601.6
75.871250	541.4
75.875000	571.4
75.878750	557.8
75.882500	594.5
75.886250	582.9
75.890000	558.5
75.893750	580.7
75.897500	568.4
75.901250	584.4
75.905000	579.2
75.908750	577.6
75.912500	535.8
75.916250	596.8
75.920000	583.6
75.923750	565.4
75.927500	583.0
75.931250	584.1
75.935000	598.8
75.938750	567.5
75.942500	583.0
75.946250	590.1
75.950000	560.1
75.953750	554.4
75.957500	584.4
75.961250	599.9
75.965000	597.1
75.968750	633.4
75.972500	606.1
75.976250	578.6
75.980000	569.8
75.983750	579.3
75.987500	488.6
75.991250	598.0
75.995000	577.7
75.998750	643.8
76.002500	609.4
76.006250	580.8
76.010000	570.7
76.013750	618.5
76.017500	619.1
76.021250	604.4
76.025000	617.8
76.028750	588.8
76.032500	620.6
76.036250	592.5
76.040000	596.6
76.043750	587.3
76.047500	550.6
76.051250	546.4
76.055000	576.4
76.058750	637.1
76.062500	600.4
76.066250	585.4
76.070000	578.3
76.073750	613.7
76.077500	648.6
76.081250	673.6
76.085000	657.7
76.088750	571.7
76.092500	630.4
76.096250	607.0
76.100000	621.6
76.103750	607.9
76.107500	593.2
76.111250	581.3
76.115000	605.6
76.118750	606.7
76.122500	555.0
76.126250	625.3
76.130000	577.3
76.133750	603.5
76.137500	639.7
76.141250	597.7
76.145000	560.9
76.148750	535.2
76.152500	566.7
76.156250	598.1
76.160000	627.0
76.163750	617.1
76.167500	509.3
76.171250	588.0
76.175000	649.5
76.178750	595.3
76.182500	590.1
76.186250	577.4
76.190000	564.5
76.193750	557.3
76.197500	570.6
76.201250	589.0
76.205000	592.5
76.208750	550.5
76.212500	576.5
76.216250	614.7
76.220000	608.4
76.223750	595.5
76.227500	562.8
76.231250	642.6
76.235000	602.5
76.238750	572.0
76.242500	600.5
76.246250	599.7
76.250000	577.9
76.253750	616.7
76.257500	578.9
76.261250	612.1
76.265000	588.8
76.268750	577.3
76.272500	596.8
76.276250	585.7
76.280000	601.9
76.283750	586.6
76.287500	607.4
76.291250	584.8
76.295000	589.3
76.298750	611.8
76.302500	560.5
76.306250	561.6
76.310000	615.2
76.313750	618.6
76.317500	628.2
76.321250	610.1
76.325000	596.9
76.328750	557.9
76.332500	601.2
76.336250	570.9
76.340000	597.1
76.343750	610.0
76.347500	600.9
76.351250	568.3
76.355000	598.9
76.358750	532.4
76.362500	560.7
76.366250	583.7
76.370000	534.0
76.373750	613.5
76.377500	608.1
76.381250	564.3
76.385000	551.3
76.388750	536.7
76.392500	584.9
76.396250	573.0
76.400000	536.6
76.403750	523.3
76.407500	505.6
76.411250	572.3
76.415000	546.0
76.418750	557.4
76.422500	566.3
76.426250	564.8
76.430000	501.6
76.433750	549.4
76.437500	576.2
76.441250	589.9
76.445000	544.4
76.448750	516.0
76.452500	564.0
76.456250	576.3
76.460000	596.4
76.463750	579.7
76.467500	587.2
76.471250	559.6
76.475000	540.1
76.478750	543.3
76.482500	556.3
76.486250	526.7
76.490000	555.0
76.493750	554.4
76.497500	519.1
76.501250	584.0
76.505000	574.7
76.508750	565.0
76.512500	496.7
76.516250	557.8
76.520000	555.8
76.523750	590.5
76.527500	567.8
76.531250	570.4
76.535000	577.9
76.538750	580.2
76.542500	534.2
76.546250	543.1
76.550000	569.3
76.553750	555.9
76.557500	555.3
76.561250	579.4
76.565000	512.0
76.568750	543.8
76.572500	568.4
76.576250	557.1
76.580000	545.9
76.583750	562.8
76.587500	550.0
76.591250	561.3
76.595000	594.0
76.598750	543.3
76.602500	557.1
76.606250	553.2
76.610000	573.6
76.613750	556.0
76.617500	530.7
76.621250	529.6
76.625000	573.7
76.628750	539.8
76.632500	589.4
76.636250	580.6
76.640000	552.2
76.643750	555.6
76.647500	568.6
76.651250	558.5
76.655000	537.0
76.658750	549.7
76.662500	556.4
76.666250	522.8
76.670000	566.2
76.673750	571.6
76.677500	618.3
76.681250	586.8
76.685000	541.0
76.688750	544.5
76.692500	538.9
76.696250	575.4
76.700000	569.1
76.703750	580.3
76.707500	530.5
76.711250	572.7
76.715000	573.8
76.718750	584.1
76.722500	578.3
76.726250	555.8
76.730000	573.3
76.733750	580.2
76.737500	614.0
76.741250	544.3
76.745000	547.8
76.748750	589.6
76.752500	574.9
76.756250	591.1
76.760000	592.1
76.763750	560.0
76.767500	579.1
76.771250	564.2
76.775000	627.0
76.778750	587.1
76.782500	563.9
76.786250	609.0
76.790000	594.9
76.793750	575.3
76.797500	601.9
76.801250	624.9
76.805000	589.2
76.808750	614.5
76.812500	607.0
76.816250	601.0
76.820000	626.7
76.823750	621.0
76.827500	610.7
76.831250	609.8
76.835000	614.5
76.838750	614.0
76.842500	636.8
76.846250	595.7
76.850000	573.5
76.853750	610.0
76.857500	598.7
76.861250	577.2
76.865000	589.9
76.868750	578.6
76.872500	606.8
76.876250	600.1
76.880000	581.0
76.883750	608.1
76.887500	555.1
76.891250	582.0
76.895000	642.8
76.898750	632.2
76.902500	558.8
76.906250	618.6
76.910000	637.0
76.913750	594.3
76.917500	641.0
76.921250	621.4
76.925000	610.9
76.928750	572.3
76.932500	597.8
76.936250	609.4
76.940000	603.7
76.943750	609.7
76.947500	567.9
76.951250	565.0
76.955000	546.0
76.958750	594.6
76.962500	564.5
76.966250	568.0
76.970000	575.4
76.973750	553.5
76.977500	589.7
76.981250	594.0
76.985000	569.7
76.988750	569.7
76.992500	589.0
76.996250	565.3
77.000000	559.5
77.003750	574.4
77.007500	624.8
77.011250	578.6
77.015000	598.5
77.018750	582.5
77.022500	586.3
77.026250	605.7
77.030000	592.9
77.033750	597.4
77.037500	547.7
77.041250	592.3
77.045000	567.2
77.048750	576.5
77.052500	587.7
77.056250	573.8
77.060000	597.1
77.063750	580.8
77.067500	605.7
77.071250	551.7
77.075000	533.7
77.078750	615.8
77.082500	591.3
77.086250	580.9
77.090000	573.0
77.093750	575.0
77.097500	600.3
77.101250	597.0
77.105000	606.3
77.108750	570.8
77.112500	621.8
77.116250	619.4
77.120000	570.8
77.123750	565.5
77.127500	603.1
77.131250	605.8
77.135000	636.1
77.138750	560.5
77.142500	596.0
77.146250	617.4
77.150000	620.6
77.153750	576.0
77.157500	610.8
77.161250	659.7
77.165000	613.0
77.168750	636.0
77.172500	603.3
77.176250	642.3
77.180000	604.0
77.183750	596.4
77.187500	614.4
77.191250	622.7
77.195000	577.9
77.198750	626.3
77.202500	620.7
77.206250	624.1
77.210000	638.4
77.213750	592.7
77.217500	601.2
77.221250	637.8
77.225000	630.4
77.228750	627.2
77.232500	687.5
77.236250	612.1
77.240000	558.2
77.243750	579.2
77.247500	634.7
77.251250	621.3
77.255000	576.0
77.258750	608.8
77.262500	585.5
77.266250	623.3
77.270000	627.6
77.273750	541.5
77.277500	532.0
77.281250	584.1
77.285000	604.7
77.288750	576.1
77.292500	559.0
77.296250	584.3
77.300000	575.8
77.303750	587.0
77.307500	585.6
77.311250	629.1
77.315000	590.1
77.318750	567.1
77.322500	587.0
77.326250	594.0
77.330000	568.3
77.333750	564.6
77.337500	562.3
77.341250	635.6
77.345000	604.4
77.348750	560.9
77.352500	596.3
77.356250	610.7
77.360000	614.9
77.363750	581.5
77.367500	585.0
77.371250	561.5
77.375000	612.3
77.378750	581.9
77.382500	597.0
77.386250	606.5
77.390000	587.8
77.393750	561.8
77.397500	561.9
77.401250	582.5
77.405000	580.6
77.408750	630.5
77.412500	586.3
77.416250	558.5
77.420000	594.8
77.423750	575.5
77.427500	592.7
77.431250	576.4
77.435000	595.4
77.438750	593.4
77.442500	590.1
77.446250	608.1
77.450000	584.6
77.453750	562.3
77.457500	623.2
77.461250	557.9
77.465000	585.4
77.468750	575.1
77.472500	618.1
77.476250	614.6
77.480000	600.2
77.483750	600.6
77.487500	593.0
77.491250	598.5
77.495000	603.2
77.498750	637.8
77.502500	641.9
77.506250	618.1
77.510000	568.4
77.513750	589.4
77.517500	579.1
77.521250	623.4
77.525000	642.6
77.528750	641.4
77.532500	643.6
77.536250	623.1
77.540000	627.3
77.543750	607.4
77.547500	622.3
77.551250	574.1
77.555000	624.3
77.558750	611.5
77.562500	620.2
77.566250	584.3
77.570000	592.5
77.573750	599.7
77.577500	581.4
77.581250	588.7
77.585000	576.1
77.588750	597.4
77.592500	619.5
77.596250	618.1
77.600000	579.3
77.603750	579.4
77.607500	582.7
77.611250	578.4
77.615000	593.3
77.618750	617.8
77.622500	610.0
77.626250	589.9
77.630000	611.2
77.633750	579.9
77.637500	599.2
77.641250	617.2
77.645000	610.4
77.648750	589.1
77.652500	589.1
77.656250	592.6
77.660000	578.3
77.663750	640.3
77.667500	623.7
77.671250	614.1
77.675000	588.7
77.678750	586.9
77.682500	594.5
77.686250	589.1
77.690000	609.8
77.693750	579.8
77.697500	550.0
77.701250	585.4
77.705000	587.7
77.708750	574.9
77.712500	561.2
77.716250	605.2
77.720000	584.4
77.723750	573.6
77.727500	604.1
77.731250	623.8
77.735000	621.6
77.738750	579.9
77.742500	573.9
77.746250	589.9
77.750000	567.5
77.753750	577.6
77.757500	609.0
77.761250	624.0
77.765000	533.9
77.768750	571.7
77.772500	575.5
77.776250	589.3
77.780000	587.7
77.783750	581.2
77.787500	603.9
77.791250	558.0
77.795000	542.1
77.798750	536.7
77.802500	604.7
77.806250	551.4
77.810000	561.6
77.813750	594.3
77.817500	555.4
77.821250	529.7
77.825000	535.5
77.828750	587.5
77.832500	582.3
77.836250	534.8
77.840000	529.6
77.843750	526.7
77.847500	577.9
77.851250	613.7
77.855000	581.3
77.858750	571.7
77.862500	571.9
77.866250	548.8
77.870000	539.8
77.873750	545.2
77.877500	522.9
77.881250	553.9
77.885000	570.3
77.888750	553.3
77.892500	555.2
77.896250	556.7
77.900000	559.3
77.903750	570.7
77.907500	564.6
77.911250	548.7
77.915000	573.2
77.918750	593.1
77.922500	544.2
77.926250	536.9
77.930000	581.3
77.933750	567.6
77.937500	537.0
77.941250	586.4
77.945000	590.7
77.948750	599.1
77.952500	579.7
77.956250	589.7
77.960000	586.1
77.963750	584.8
77.967500	588.5
77.971250	574.3
77.975000	548.2
77.978750	559.2
77.982500	543.8
77.986250	590.8
77.990000	552.6
77.993750	533.5
77.997500	564.6
78.001250	555.1
78.005000	584.8
78.008750	558.3
78.012500	605.1
78.016250	633.8
78.020000	503.6
78.023750	511.9
78.027500	583.8
78.031250	572.0
78.035000	576.4
78.038750	548.0
78.042500	549.8
78.046250	539.1
78.050000	563.8
78.053750	607.0
78.057500	562.5
78.061250	592.0
78.065000	575.6
78.068750	540.4
78.072500	562.2
78.076250	586.3
78.080000	569.0
78.083750	570.1
78.087500	529.4
78.091250	570.8
78.095000	582.6
78.098750	541.9
78.102500	559.0
78.106250	523.8
78.110000	522.8
78.113750	552.5
78.117500	550.2
78.121250	515.6
78.125000	572.6
78.128750	553.5
78.132500	518.7
78.136250	561.6
78.140000	546.1
78.143750	526.1
78.147500	555.5
78.151250	573.0
78.155000	548.0
78.158750	504.1
78.162500	516.9
78.166250	547.1
78.170000	545.1
78.173750	556.1
78.177500	532.8
78.181250	536.5
78.185000	565.5
78.188750	508.9
78.192500	559.9
78.196250	530.1
78.200000	526.2
78.203750	563.9
78.207500	525.5
78.211250	576.5
78.215000	569.4
78.218750	546.1
78.222500	523.6
78.226250	545.0
78.230000	551.9
78.233750	563.9
78.237500	542.0
78.241250	564.4
78.245000	553.2
78.248750	552.7
78.252500	572.3
78.256250	555.8
78.260000	565.7
78.263750	518.2
78.267500	517.1
78.271250	535.7
78.275000	528.8
78.278750	513.2
78.282500	571.8
78.286250	566.0
78.290000	563.6
78.293750	567.0
78.297500	557.2
78.301250	550.5
78.305000	517.7
78.308750	560.2
78.312500	576.3
78.316250	542.0
78.320000	554.7
78.323750	562.1
78.327500	556.4
78.331250	555.4
78.335000	530.8
78.338750	527.1
78.342500	566.4
78.346250	566.5
78.350000	549.3
78.353750	555.6
78.357500	559.4
78.361250	544.5
78.365000	575.8
78.368750	582.3
78.372500	617.0
78.376250	567.2
78.380000	650.8
78.383750	587.3
78.387500	589.3
78.391250	591.4
78.395000	628.8
78.398750	606.3
78.402500	599.4
78.406250	580.4
78.410000	585.3
78.413750	615.0
78.417500	546.0
78.421250	564.1
78.425000	537.2
78.428750	547.6
78.432500	537.3
78.436250	548.5
78.440000	520.7
78.443750	565.2
78.447500	558.7
78.451250	571.1
78.455000	531.4
78.458750	509.0
78.462500	583.2
78.466250	576.3
78.470000	566.8
78.473750	554.3
78.477500	514.6
78.481250	568.3
78.485000	532.0
78.488750	553.3
78.492500	527.7
78.496250	552.6
78.500000	545.6
78.503750	581.1
78.507500	541.1
78.511250	522.8
78.515000	547.2
78.518750	562.8
78.522500	571.7
78.526250	547.5
78.530000	569.2
78.533750	560.4
78.537500	521.0
78.541250	533.2
78.545000	531.4
78.548750	514.4
78.552500	576.3
78.556250	537.7
78.560000	536.1
78.563750	512.2
78.567500	531.9
78.571250	547.6
78.575000	577.0
78.578750	547.1
78.582500	543.6
78.586250	560.0
78.590000	563.9
78.593750	536.5
78.597500	556.3
78.601250	547.6
78.605000	540.9
78.608750	534.1
78.612500	543.5
78.616250	539.7
78.620000	569.9
78.623750	546.8
78.627500	559.7
78.631250	573.3
78.635000	561.2
78.638750	561.4
78.642500	565.8
78.646250	528.3
78.650000	567.5
78.653750	594.4
78.657500	542.4
78.661250	570.6
78.665000	583.0
78.668750	525.8
78.672500	547.9
78.676250	536.1
78.680000	554.2
78.683750	542.1
78.687500	562.4
78.691250	535.6
78.695000	510.8
78.698750	521.3
78.702500	522.3
78.706250	523.2
78.710000	557.7
78.713750	538.0
78.717500	550.9
78.721250	558.0
78.725000	522.6
78.728750	520.5
78.732500	528.6
78.736250	598.6
78.740000	556.3
78.743750	562.5
78.747500	571.7
78.751250	566.5
78.755000	565.8
78.758750	541.7
78.762500	530.2
78.766250	562.8
78.770000	557.5
78.773750	580.5
78.777500	596.7
78.781250	553.2
78.785000	586.3
78.788750	550.4
78.792500	568.9
78.796250	524.3
78.800000	541.7
78.803750	547.2
78.807500	576.1
78.811250	580.0
78.815000	551.8
78.818750	553.2
78.822500	535.8
78.826250	554.9
78.830000	565.1
78.833750	549.4
78.837500	522.8
78.841250	548.6
78.845000	579.2
78.848750	523.6
78.852500	516.3
78.856250	528.9
78.860000	490.7
78.863750	529.5
78.867500	587.3
78.871250	574.1
78.875000	559.4
78.878750	550.7
78.882500	585.3
78.886250	561.8
78.890000	582.3
78.893750	558.2
78.897500	562.6
78.901250	552.8
78.905000	542.7
78.908750	572.9
78.912500	532.7
78.916250	527.7
78.920000	547.7
78.923750	575.9
78.927500	563.1
78.931250	542.0
78.935000	561.0
78.938750	582.6
78.942500	536.8
78.946250	497.5
78.950000	521.5
78.953750	526.3
78.957500	554.0
78.961250	510.9
78.965000	543.2
78.968750	511.9
78.972500	552.6
78.976250	563.6
78.980000	543.1
78.983750	526.3
78.987500	546.2
78.991250	558.0
78.995000	553.5
78.998750	535.7
79.002500	528.3
79.006250	548.5
79.010000	519.0
79.013750	579.8
79.017500	538.3
79.021250	584.1
79.025000	578.6
79.028750	534.1
79.032500	562.0
79.036250	556.3
79.040000	563.0
79.043750	546.9
79.047500	536.8
79.051250	525.8
79.055000	537.8
79.058750	537.3
79.062500	534.5
79.066250	537.1
79.070000	525.1
79.073750	562.0
79.077500	541.9
79.081250	538.9
79.085000	572.0
79.088750	521.7
79.092500	571.4
79.096250	558.3
79.100000	520.7
79.103750	517.5
79.107500	542.1
79.111250	506.3
79.115000	562.1
79.118750	550.5
79.122500	557.8
79.126250	554.2
79.130000	490.4
79.133750	511.6
79.137500	502.8
79.141250	526.9
79.145000	551.8
79.148750	513.1
79.152500	550.3
79.156250	563.8
79.160000	544.7
79.163750	520.1
79.167500	498.3
79.171250	526.9
79.175000	519.2
79.178750	552.3
79.182500	587.5
79.186250	568.8
79.190000	559.7
79.193750	565.3
79.197500	552.6
79.201250	557.1
79.205000	513.3
79.208750	520.7
79.212500	533.5
79.216250	528.4
79.220000	525.1
79.223750	511.4
79.227500	555.7
79.231250	579.9
79.235000	537.2
79.238750	535.9
79.242500	513.1
79.246250	546.1
79.250000	540.6
79.253750	560.0
79.257500	539.4
79.261250	546.5
79.265000	553.5
79.268750	540.4
79.272500	505.8
79.276250	554.9
79.280000	535.1
79.283750	541.1
79.287500	529.4
79.291250	534.4
79.295000	535.7
79.298750	553.1
79.302500	548.0
79.306250	530.5
79.310000	552.7
79.313750	541.7
79.317500	531.2
79.321250	551.1
79.325000	514.4
79.328750	553.7
79.332500	546.3
79.336250	553.1
79.340000	525.5
79.343750	506.5
79.347500	525.2
79.351250	558.1
79.355000	563.9
79.358750	517.1
79.362500	542.5
79.366250	580.5
79.370000	548.4
79.373750	545.9
79.377500	572.6
79.381250	547.6
79.385000	519.0
79.388750	553.3
79.392500	545.2
79.396250	574.5
79.400000	541.2
79.403750	527.2
79.407500	518.9
79.411250	507.1
79.415000	541.9
79.418750	573.6
79.422500	552.6
79.426250	540.8
79.430000	564.8
79.433750	550.2
79.437500	549.8
79.441250	536.7
79.445000	559.2
79.448750	547.5
79.452500	541.2
79.456250	536.9
79.460000	546.1
79.463750	518.7
79.467500	559.5
79.471250	516.4
79.475000	508.8
79.478750	530.0
79.482500	537.4
79.486250	561.8
79.490000	554.5
79.493750	562.4
79.497500	523.6
79.501250	541.7
79.505000	548.9
79.508750	572.8
79.512500	581.2
79.516250	574.1
79.520000	543.4
79.523750	532.5
79.527500	540.2
79.531250	567.6
79.535000	517.4
79.538750	523.9
79.542500	548.6
79.546250	538.8
79.550000	569.1
79.553750	539.9
79.557500	549.1
79.561250	581.7
79.565000	556.7
79.568750	572.5
79.572500	552.1
79.576250	538.5
79.580000	550.1
79.583750	561.2
79.587500	543.8
79.591250	550.7
79.595000	569.3
79.598750	524.4
79.602500	496.0
79.606250	529.2
79.610000	542.0
79.613750	563.1
79.617500	556.9
79.621250	534.7
79.625000	531.2
79.628750	535.0
79.632500	550.0
79.636250	585.1
79.640000	547.3
79.643750	567.5
79.647500	586.0
79.651250	555.6
79.655000	553.8
79.658750	579.8
79.662500	550.4
79.666250	497.9
79.670000	495.9
79.673750	567.3
79.677500	537.8
79.681250	590.7
79.685000	593.0
79.688750	554.5
79.692500	552.8
79.696250	499.8
79.700000	560.0
79.703750	588.9
79.707500	548.7
79.711250	552.5
79.715000	565.4
79.718750	582.1
79.722500	546.3
79.726250	533.1
79.730000	569.2
79.733750	568.2
79.737500	568.1
79.741250	547.3
79.745000	557.9
79.748750	556.4
79.752500	567.7
79.756250	566.5
79.760000	523.3
79.763750	571.3
79.767500	562.0
79.771250	587.9
79.775000	570.6
79.778750	552.1
79.782500	564.5
79.786250	601.6
79.790000	573.0
79.793750	552.7
79.797500	546.9
79.801250	565.2
79.805000	574.6
79.808750	536.8
79.812500	529.6
79.816250	559.0
79.820000	533.9
79.823750	636.8
79.827500	591.5
79.831250	596.3
79.835000	563.5
79.838750	592.5
79.842500	558.7
79.846250	553.6
79.850000	555.7
79.853750	541.0
79.857500	528.0
79.861250	538.8
79.865000	562.0
79.868750	532.6
79.872500	574.7
79.876250	561.3
79.880000	559.3
79.883750	539.7
79.887500	585.1
79.891250	581.3
79.895000	567.7
79.898750	562.6
79.902500	543.2
79.906250	593.3
79.910000	573.9
79.913750	574.8
79.917500	548.8
79.921250	609.8
79.925000	593.1
79.928750	563.2
79.932500	508.8
79.936250	569.6
79.940000	560.1
79.943750	567.6
79.947500	558.9
79.951250	543.8
79.955000	546.4
79.958750	567.2
79.962500	496.7
79.966250	498.7
79.970000	547.2
79.973750	575.4
79.977500	537.0
79.981250	556.7
79.985000	526.7
79.988750	519.1
79.992500	512.8
79.996250	535.7
80.000000	543.9
