2.000000	422.4
2.003750	440.0
2.007500	428.8
2.011250	433.7
2.015000	418.5
2.018750	417.7
2.022500	429.4
2.026250	435.8
2.030000	477.2
2.033750	414.1
2.037500	480.5
2.041250	472.7
2.045000	449.6
2.048750	462.3
2.052500	498.1
2.056250	446.5
2.060000	441.1
2.063750	471.7
2.067500	459.0
2.071250	433.8
2.075000	436.2
2.078750	434.1
2.082500	428.6
2.086250	473.3
2.090000	483.0
2.093750	514.5
2.097500	471.6
2.101250	460.9
2.105000	468.6
2.108750	471.8
2.112500	457.9
2.116250	504.1
2.120000	503.4
2.123750	491.8
2.127500	489.9
2.131250	480.2
2.135000	482.2
2.138750	522.5
2.142500	497.3
2.146250	486.0
2.150000	522.3
2.153750	504.0
2.157500	490.9
2.161250	458.1
2.165000	500.7
2.168750	502.9
2.172500	508.0
2.176250	496.6
2.180000	484.8
2.183750	495.7
2.187500	479.5
2.191250	475.1
2.195000	510.2
2.198750	510.7
2.202500	503.7
2.206250	523.6
2.210000	494.5
2.213750	486.8
2.217500	482.2
2.221250	522.8
2.225000	522.9
2.228750	509.4
2.232500	494.4
2.236250	515.0
2.240000	516.7
2.243750	522.9
2.247500	547.3
2.251250	534.0
2.255000	520.0
2.258750	543.0
2.262500	553.6
2.266250	504.9
2.270000	504.0
2.273750	506.1
2.277500	521.0
2.281250	576.8
2.285000	510.2
2.288750	525.8
2.292500	533.7
2.296250	552.5
2.300000	560.8
2.303750	587.0
2.307500	564.0
2.311250	544.6
2.315000	563.0
2.318750	618.9
2.322500	618.5
2.326250	618.3
2.330000	592.4
2.333750	565.0
2.337500	637.5
2.341250	602.0
2.345000	611.9
2.348750	644.2
2.352500	597.1
2.356250	616.3
2.360000	606.5
2.363750	655.2
2.367500	628.2
2.371250	670.1
2.375000	671.3
2.378750	666.8
2.382500	693.9
2.386250	664.9
2.390000	646.1
2.393750	697.6
2.397500	740.7
2.401250	708.7
2.405000	725.3
2.408750	726.7
2.412500	697.3
2.416250	718.2
2.420000	725.9
2.423750	735.6
2.427500	762.7
2.431250	735.8
2.435000	758.9
2.438750	792.6
2.442500	790.8
2.446250	812.1
2.450000	836.3
2.453750	816.3
2.457500	805.8
2.461250	829.6
2.465000	847.1
2.468750	878.5
2.472500	911.3
2.476250	917.6
2.480000	926.7
2.483750	967.2
2.487500	896.1
2.491250	993.0
2.495000	973.3
2.498750	954.1
2.502500	965.2
2.506250	1004.6
2.510000	976.1
2.513750	1035.4
2.517500	1073.9
2.521250	1034.9
2.525000	1063.0
2.528750	1059.7
2.532500	1117.5
2.536250	1169.1
2.540000	1089.8
2.543750	1166.8
2.547500	1159.2
2.551250	1125.8
2.555000	1176.9
2.558750	1138.7
2.562500	1214.1
2.566250	1186.0
2.570000	1186.2
2.573750	1184.9
2.577500	1187.5
2.581250	1199.8
2.585000	1194.2
2.588750	1169.8
2.592500	1145.4
2.596250	1186.2
2.600000	1172.1
2.603750	1142.4
2.607500	1204.3
2.611250	1204.3
2.615000	1181.6
2.618750	1241.2
2.622500	1152.5
2.626250	1201.0
2.630000	1193.6
2.633750	1200.1
2.637500	1136.7
2.641250	1209.7
2.645000	1212.0
2.648750	1137.7
2.652500	1180.4
2.656250	1203.0
2.660000	1191.0
2.663750	1213.4
2.667500	1144.4
2.671250	1226.7
2.675000	1132.4
2.678750	1174.3
2.682500	1165.1
2.686250	1189.2
2.690000	1173.7
2.693750	1161.5
2.697500	1192.0
2.701250	1169.6
2.705000	1213.1
2.708750	1145.5
2.712500	1193.0
2.716250	1194.4
2.720000	1191.9
2.723750	1147.8
2.727500	1206.0
2.731250	1190.6
2.735000	1171.4
2.738750	1136.3
2.742500	1173.4
2.746250	1167.9
2.750000	1145.8
2.753750	1121.3
2.757500	1250.4
2.761250	1224.6
2.765000	1204.8
2.768750	1170.6
2.772500	1216.1
2.776250	1152.3
2.780000	1226.7
2.783750	1212.0
2.787500	1214.5
2.791250	1203.0
2.795000	1210.4
2.798750	1145.9
2.802500	1136.7
2.806250	1165.6
2.810000	1137.8
2.813750	1202.5
2.817500	1236.3
2.821250	1177.5
2.825000	1190.3
2.828750	1135.2
2.832500	1122.4
2.836250	1180.0
2.840000	1210.9
2.843750	1132.9
2.847500	1132.4
2.851250	1141.6
2.855000	1145.4
2.858750	1169.7
2.862500	1167.3
2.866250	1161.1
2.870000	1122.6
2.873750	1177.3
2.877500	1225.1
2.881250	1209.9
2.885000	1174.5
2.888750	1173.9
2.892500	1165.9
2.896250	1177.8
2.900000	1202.8
2.903750	1182.7
2.907500	1180.5
2.911250	1176.0
2.915000	1203.3
2.918750	1238.3
2.922500	1193.5
2.926250	1210.3
2.930000	1132.5
2.933750	1165.7
2.937500	1155.0
2.941250	1169.9
2.945000	1142.9
2.948750	1153.6
2.952500	1125.3
2.956250	1256.8
2.960000	1202.6
2.963750	1130.8
2.967500	1176.6
2.971250	1150.5
2.975000	1124.8
2.978750	1206.4
2.982500	1234.0
2.986250	1172.6
2.990000	1196.7
2.993750	1200.9
2.997500	1104.7
3.001250	1165.4
3.005000	1180.9
3.008750	1186.4
3.012500	1208.4
3.016250	1147.2
3.020000	1170.0
3.023750	1178.2
3.027500	1186.9
3.031250	1191.4
3.035000	1184.6
3.038750	1178.6
3.042500	1123.1
3.046250	1185.6
3.050000	1173.7
3.053750	1173.7
3.057500	1156.6
3.061250	1159.9
3.065000	1168.7
3.068750	1214.8
3.072500	1129.7
3.076250	1138.9
3.080000	1209.3
3.083750	1161.1
3.087500	1166.7
3.091250	1149.3
3.095000	1171.3
3.098750	1218.4
3.102500	1115.3
3.106250	1153.3
3.110000	1175.2
3.113750	1144.1
3.117500	1180.9
3.121250	1132.6
3.125000	1134.3
3.128750	1211.6
3.132500	1196.4
3.136250	1171.8
3.140000	1174.0
3.143750	1111.0
3.147500	1157.9
3.151250	1152.3
3.155000	1180.9
3.158750	1148.1
3.162500	1134.5
3.166250	1173.0
3.170000	1182.2
3.173750	1136.5
3.177500	1178.0
3.181250	1161.7
3.185000	1203.8
3.188750	1175.0
3.192500	1184.2
3.196250	1175.0
3.200000	1218.4
3.203750	1166.4
3.207500	1106.5
3.211250	1171.2
3.215000	1148.1
3.218750	1156.5
3.222500	1164.4
3.226250	1157.2
3.230000	1164.9
3.233750	1180.7
3.237500	1167.5
3.241250	1145.5
3.245000	1142.2
3.248750	1174.6
3.252500	1232.9
3.256250	1203.0
3.260000	1133.7
3.263750	1174.4
3.267500	1139.2
3.271250	1125.0
3.275000	1158.4
3.278750	1175.4
3.282500	1196.2
3.286250	1157.7
3.290000	1102.6
3.293750	1158.9
3.297500	1125.5
3.301250	1161.6
3.305000	1166.1
3.308750	1164.1
3.312500	1114.4
3.316250	1152.1
3.320000	1151.9
3.323750	1179.4
3.327500	1162.8
3.331250	1157.4
3.335000	1166.6
3.338750	1184.9
3.342500	1136.3
3.346250	1155.5
3.350000	1180.1
3.353750	1182.6
3.357500	1063.0
3.361250	1098.4
3.365000	1159.1
3.368750	1118.8
3.372500	1146.7
3.376250	1150.7
3.380000	1137.9
3.383750	1084.9
3.387500	1101.8
3.391250	1172.5
3.395000	1209.0
3.398750	1130.8
3.402500	1154.3
3.406250	1101.0
3.410000	1078.4
3.413750	1097.2
3.417500	1170.4
3.421250	1196.0
3.425000	1241.9
3.428750	1146.5
3.432500	1083.7
3.436250	1115.1
3.440000	1133.7
3.443750	1143.4
3.447500	1142.3
3.451250	1125.2
3.455000	1110.2
3.458750	1152.1
3.462500	1127.3
3.466250	1132.6
3.470000	1128.7
3.473750	1132.8
3.477500	1143.4
3.481250	1216.5
3.485000	1137.0
3.488750	1121.2
3.492500	1115.7
3.496250	1094.9
3.500000	1175.6
3.503750	1152.5
3.507500	1141.6
3.511250	1168.1
3.515000	1099.8
3.518750	1091.5
3.522500	1170.1
3.526250	1164.6
3.530000	1144.9
3.533750	1162.0
3.537500	1155.7
3.541250	1162.4
3.545000	1173.1
3.548750	1193.5
3.552500	1164.9
3.556250	1153.7
3.560000	1103.4
3.563750	1148.2
3.567500	1139.5
3.571250	1084.1
3.575000	1128.4
3.578750	1136.0
3.582500	1188.1
3.586250	1099.5
3.590000	1165.3
3.593750	1186.3
3.597500	1153.4
3.601250	1156.4
3.605000	1135.7
3.608750	1174.8
3.612500	1122.6
3.616250	1129.0
3.620000	1160.7
3.623750	1113.0
3.627500	1133.4
3.631250	1137.4
3.635000	1115.6
3.638750	1148.0
3.642500	1149.7
3.646250	1134.4
3.650000	1168.4
3.653750	1197.5
3.657500	1165.1
3.661250	1170.5
3.665000	1141.4
3.668750	1110.4
3.672500	1121.9
3.676250	1118.9
3.680000	1195.7
3.683750	1122.9
3.687500	1138.7
3.691250	1139.1
3.695000	1110.5
3.698750	1095.5
3.702500	1118.9
3.706250	1104.6
3.710000	1111.0
3.713750	1103.8
3.717500	1150.4
3.721250	1116.9
3.725000	1186.9
3.728750	1201.6
3.732500	1134.1
3.736250	1119.0
3.740000	1143.7
3.743750	1111.8
3.747500	1208.0
3.751250	1189.0
3.755000	1141.8
3.758750	1169.9
3.762500	1134.7
3.766250	1086.5
3.770000	1136.4
3.773750	1205.2
3.777500	1125.4
3.781250	1107.7
3.785000	1118.0
3.788750	1175.2
3.792500	1144.2
3.796250	1150.3
3.800000	1259.7
3.803750	1143.3
3.807500	1175.8
3.811250	1115.1
3.815000	1127.6
3.818750	1147.9
3.822500	1227.9
3.826250	1109.5
3.830000	1117.7
3.833750	1123.2
3.837500	1176.4
3.841250	1179.3
3.845000	1145.0
3.848750	1165.9
3.852500	1183.7
3.856250	1144.9
3.860000	1081.3
3.863750	1095.0
3.867500	1140.9
3.871250	1126.9
3.875000	1140.2
3.878750	1154.5
3.882500	1159.5
3.886250	1153.6
3.890000	1192.6
3.893750	1105.9
3.897500	1164.2
3.901250	1132.0
3.905000	1123.2
3.908750	1098.8
3.912500	1098.7
3.916250	1064.2
3.920000	1154.6
3.923750	1172.5
3.927500	1159.9
3.931250	1146.1
3.935000	1140.9
3.938750	1064.7
3.942500	1125.1
3.946250	1087.5
3.950000	1174.2
3.953750	1120.3
3.957500	1135.3
3.961250	1107.2
3.965000	1125.3
3.968750	1095.2
3.972500	1104.3
3.976250	1126.5
3.980000	1135.0
3.983750	1135.3
3.987500	1129.4
3.991250	1150.0
3.995000	1176.4
3.998750	1163.0
4.002500	1066.1
4.006250	1122.0
4.010000	1120.8
4.013750	1069.4
4.017500	1166.2
4.021250	1096.4
4.025000	1173.7
4.028750	1116.9
4.032500	1118.8
4.036250	1070.4
4.040000	1140.7
4.043750	1117.5
4.047500	1142.9
4.051250	1153.6
4.055000	1141.0
4.058750	1151.7
4.062500	1132.8
4.066250	1164.7
4.070000	1079.9
4.073750	1122.5
4.077500	1198.8
4.081250	1153.4
4.085000	1141.3
4.088750	1152.5
4.092500	1164.2
4.096250	1133.4
4.100000	1150.4
4.103750	1121.0
4.107500	1096.4
4.111250	1113.8
4.115000	1136.5
4.118750	1146.8
4.122500	1179.9
4.126250	1179.4
4.130000	1135.1
4.133750	1158.5
4.137500	1127.2
4.141250	1154.5
4.145000	1155.1
4.148750	1090.9
4.152500	1134.2
4.156250	1139.6
4.160000	1149.5
4.163750	1133.3
4.167500	1238.1
4.171250	1134.9
4.175000	1132.8
4.178750	1167.3
4.182500	1149.4
4.186250	1123.5
4.190000	1151.8
4.193750	1139.4
4.197500	1151.3
4.201250	1113.0
4.205000	1169.5
4.208750	1137.0
4.212500	1147.2
4.216250	1190.3
4.220000	1187.3
4.223750	1130.1
4.227500	1122.0
4.231250	1138.2
4.235000	1143.7
4.238750	1109.6
4.242500	1150.3
4.246250	1147.1
4.250000	1139.8
4.253750	1181.0
4.257500	1064.9
4.261250	1117.1
4.265000	1064.7
4.268750	1135.9
4.272500	1153.9
4.276250	1111.0
4.280000	1183.9
4.283750	1169.4
4.287500	1171.9
4.291250	1102.2
4.295000	1138.9
4.298750	1152.6
4.302500	1119.6
4.306250	1136.2
4.310000	1181.4
4.313750	1113.6
4.317500	1128.3
4.321250	1170.8
4.325000	1142.9
4.328750	1115.4
4.332500	1154.1
4.336250	1158.7
4.340000	1085.0
4.343750	1092.1
4.347500	1135.4
4.351250	1145.7
4.355000	1152.2
4.358750	1121.8
4.362500	1125.6
4.366250	1091.8
4.370000	1170.7
4.373750	1138.3
4.377500	1150.2
4.381250	1065.7
4.385000	1098.1
4.388750	1073.1
4.392500	1131.4
4.396250	1154.0
4.400000	1144.8
4.403750	1170.9
4.407500	1174.7
4.411250	1052.9
4.415000	1163.4
4.418750	1164.5
4.422500	1114.3
4.426250	1107.5
4.430000	1095.6
4.433750	1081.2
4.437500	1146.4
4.441250	1149.1
4.445000	1134.8
4.448750	1100.5
4.452500	1095.5
4.456250	1096.5
4.460000	1173.4
4.463750	1121.6
4.467500	1104.0
4.471250	1166.2
4.475000	1144.0
4.478750	1109.9
4.482500	1118.2
4.486250	1107.3
4.490000	1118.9
4.493750	1086.2
4.497500	1124.1
4.501250	1092.4
4.505000	1176.1
4.508750	1111.0
4.512500	1113.6
4.516250	1127.9
4.520000	1170.9
4.523750	1144.4
4.527500	1115.0
4.531250	1146.9
4.535000	1131.6
4.538750	1100.8
4.542500	1168.3
4.546250	1144.4
4.550000	1140.7
4.553750	1131.6
4.557500	1199.7
4.561250	1160.9
4.565000	1140.8
4.568750	1204.9
4.572500	1081.6
4.576250	1124.5
4.580000	1147.4
4.583750	1105.7
4.587500	1162.7
4.591250	1160.0
4.595000	1100.7
4.598750	1124.3
4.602500	1135.4
4.606250	1099.3
4.610000	1075.6
4.613750	1167.2
4.617500	1139.1
4.621250	1130.2
4.625000	1167.4
4.628750	1181.6
4.632500	1101.6
4.636250	1100.4
4.640000	1126.7
4.643750	1131.5
4.647500	1144.1
4.651250	1125.8
4.655000	1106.3
4.658750	1135.4
4.662500	1133.8
4.666250	1155.8
4.670000	1115.4
4.673750	1150.4
4.677500	1148.7
4.681250	1158.1
4.685000	1150.8
4.688750	1150.7
4.692500	1140.0
4.696250	1142.8
4.700000	1203.9
4.703750	1182.6
4.707500	1178.5
4.711250	1127.0
4.715000	1086.8
4.718750	1151.8
4.722500	1168.5
4.726250	1164.7
4.730000	1118.2
4.733750	1150.3
4.737500	1079.2
4.741250	1142.4
4.745000	1173.4
4.748750	1130.9
4.752500	1125.3
4.756250	1138.8
4.760000	1113.2
4.763750	1194.3
4.767500	1155.3
4.771250	1174.5
4.775000	1134.0
4.778750	1151.5
4.782500	1210.8
4.786250	1107.0
4.790000	1121.3
4.793750	1179.5
4.797500	1130.6
4.801250	1115.0
4.805000	1126.4
4.808750	1151.9
4.812500	1164.1
4.816250	1173.5
4.820000	1161.6
4.823750	1157.5
4.827500	1153.9
4.831250	1135.0
4.835000	1175.8
4.838750	1138.3
4.842500	1132.0
4.846250	1096.9
4.850000	1115.0
4.853750	1170.2
4.857500	1157.9
4.861250	1149.2
4.865000	1109.3
4.868750	1108.8
4.872500	1094.8
4.876250	1161.3
4.880000	1100.4
4.883750	1134.6
4.887500	1120.7
4.891250	1070.8
4.895000	1095.4
4.898750	1148.2
4.902500	1132.3
4.906250	1087.5
4.910000	1089.2
4.913750	1131.2
4.917500	1187.2
4.921250	1120.5
4.925000	1077.6
4.928750	1111.5
4.932500	1158.9
4.936250	1209.1
4.940000	1108.6
4.943750	1110.0
4.947500	1086.7
4.951250	1123.8
4.955000	1110.2
4.958750	1108.1
4.962500	1102.6
4.966250	1141.5
4.970000	1118.5
4.973750	1162.9
4.977500	1091.7
4.981250	1057.1
4.985000	1059.8
4.988750	1176.5
4.992500	1123.4
4.996250	1130.3
5.000000	1147.7
5.003750	1137.7
5.007500	1111.2
5.011250	1100.7
5.015000	1168.3
5.018750	1172.4
5.022500	1117.7
5.026250	1193.3
5.030000	1139.9
5.033750	1161.8
5.037500	1173.6
5.041250	1141.4
5.045000	1141.4
5.048750	1114.1
5.052500	1151.8
5.056250	1174.9
5.060000	1146.2
5.063750	1136.0
5.067500	1138.5
5.071250	1172.7
5.075000	1119.6
5.078750	1048.4
5.082500	1106.5
5.086250	1110.4
5.090000	1085.1
5.093750	1130.4
5.097500	1095.4
5.101250	1170.1
5.105000	1174.0
5.108750	1136.6
5.112500	1169.0
5.116250	1194.6
5.120000	1177.2
5.123750	1140.8
5.127500	1163.3
5.131250	1157.6
5.135000	1173.9
5.138750	1142.3
5.142500	1144.4
5.146250	1185.3
5.150000	1190.8
5.153750	1130.8
5.157500	1148.9
5.161250	1099.4
5.165000	1164.7
5.168750	1117.1
5.172500	1134.9
5.176250	1227.5
5.180000	1144.2
5.183750	1197.4
5.187500	1113.6
5.191250	1090.9
5.195000	1145.7
5.198750	1118.8
5.202500	1106.3
5.206250	1205.2
5.210000	1152.9
5.213750	1082.1
5.217500	1129.8
5.221250	1170.8
5.225000	1133.6
5.228750	1140.9
5.232500	1186.2
5.236250	1148.3
5.240000	1145.3
5.243750	1151.5
5.247500	1104.7
5.251250	1109.7
5.255000	1175.4
5.258750	1122.2
5.262500	1175.8
5.266250	1136.0
5.270000	1125.2
5.273750	1140.6
5.277500	1162.1
5.281250	1166.5
5.285000	1107.3
5.288750	1178.7
5.292500	1138.2
5.296250	1153.4
5.300000	1174.5
5.303750	1152.2
5.307500	1115.4
5.311250	1141.7
5.315000	1117.9
5.318750	1135.9
5.322500	1141.6
5.326250	1151.8
5.330000	1136.9
5.333750	1227.2
5.337500	1089.7
5.341250	1149.2
5.345000	1147.3
5.348750	1147.5
5.352500	1135.6
5.356250	1122.4
5.360000	1105.6
5.363750	1148.5
5.367500	1139.5
5.371250	1178.3
5.375000	1161.5
5.378750	1116.2
5.382500	1098.4
5.386250	1139.7
5.390000	1194.1
5.393750	1142.2
5.397500	1115.0
5.401250	1175.5
5.405000	1137.2
5.408750	1138.5
5.412500	1173.5
5.416250	1143.0
5.420000	1118.5
5.423750	1163.6
5.427500	1146.0
5.431250	1181.3
5.435000	1165.4
5.438750	1159.3
5.442500	1143.9
5.446250	1191.7
5.450000	1155.0
5.453750	1122.9
5.457500	1170.2
5.461250	1162.8
5.465000	1168.0
5.468750	1083.0
5.472500	1165.4
5.476250	1111.9
5.480000	1138.5
5.483750	1096.5
5.487500	1147.7
5.491250	1157.0
5.495000	1038.4
5.498750	1048.0
5.502500	1044.9
5.506250	1152.7
5.510000	1148.2
5.513750	1220.6
5.517500	1159.0
5.521250	1077.5
5.525000	1226.9
5.528750	1096.5
5.532500	1121.4
5.536250	1150.5
5.540000	1093.8
5.543750	1203.7
5.547500	1103.7
5.551250	1124.8
5.555000	1060.2
5.558750	1087.8
5.562500	1194.7
5.566250	1154.8
5.570000	1028.7
5.573750	1178.9
5.577500	1189.5
5.581250	1098.7
5.585000	1210.7
5.588750	1143.9
5.592500	1184.4
5.596250	1204.9
5.600000	1116.2
5.603750	1170.6
5.607500	1167.7
5.611250	1137.8
5.615000	1087.4
5.618750	1145.4
5.622500	1126.0
5.626250	1107.3
5.630000	1140.6
5.633750	1131.4
5.637500	1113.5
5.641250	1137.4
5.645000	1216.4
5.648750	1224.3
5.652500	1147.5
5.656250	1153.5
5.660000	1193.7
5.663750	1167.9
5.667500	1161.8
5.671250	1160.1
5.675000	1233.8
5.678750	1235.7
5.682500	1219.5
5.686250	1237.7
5.690000	1208.4
5.693750	1212.1
5.697500	1255.7
5.701250	1242.1
5.705000	1242.3
5.708750	1248.5
5.712500	1206.9
5.716250	1205.0
5.720000	1191.0
5.723750	1174.1
5.727500	1102.2
5.731250	1196.4
5.735000	1218.4
5.738750	1186.3
5.742500	1229.8
5.746250	1201.0
5.750000	1130.0
5.753750	1164.1
5.757500	1086.3
5.761250	1138.4
5.765000	1149.4
5.768750	1133.8
5.772500	1189.2
5.776250	1172.9
5.780000	1134.2
5.783750	1170.6
5.787500	1176.3
5.791250	1118.6
5.795000	1115.7
5.798750	1171.3
5.802500	1112.4
5.806250	1118.5
5.810000	1125.6
5.813750	1123.9
5.817500	1128.3
5.821250	1154.0
5.825000	1169.5
5.828750	1169.9
5.832500	1137.3
5.836250	1177.9
5.840000	1174.3
5.843750	1159.4
5.847500	1115.7
5.851250	1144.3
5.855000	1177.6
5.858750	1207.6
5.862500	1138.3
5.866250	1155.9
5.870000	1082.3
5.873750	1117.2
5.877500	1162.8
5.881250	1146.1
5.885000	1166.0
5.888750	1120.2
5.892500	1180.5
5.896250	1090.9
5.900000	1174.5
5.903750	1135.9
5.907500	1143.9
5.911250	1116.2
5.915000	1129.5
5.918750	1202.2
5.922500	1177.9
5.926250	1155.9
5.930000	1193.6
5.933750	1231.3
5.937500	1102.1
5.941250	1065.1
5.945000	1145.2
5.948750	1217.4
5.952500	1133.4
5.956250	1146.2
5.960000	1183.0
5.963750	1142.2
5.967500	1133.7
5.971250	1134.3
5.975000	1118.5
5.978750	1159.7
5.982500	1180.5
5.986250	1241.3
5.990000	1140.0
5.993750	1116.4
5.997500	1186.8
6.001250	1127.7
6.005000	1093.4
6.008750	1129.2
6.012500	1236.2
6.016250	1226.9
6.020000	1026.5
6.023750	1089.8
6.027500	1201.9
6.031250	1229.3
6.035000	1153.3
6.038750	1172.5
6.042500	1165.1
6.046250	1134.6
6.050000	1078.5
6.053750	1091.7
6.057500	1161.4
6.061250	1204.2
6.065000	1171.4
6.068750	1101.2
6.072500	1059.3
6.076250	1198.9
6.080000	1217.3
6.083750	1112.8
6.087500	1156.3
6.091250	1157.2
6.095000	1196.1
6.098750	1149.4
6.102500	1181.6
6.106250	1125.5
6.110000	1048.1
6.113750	1214.5
6.117500	1163.8
6.121250	1111.0
6.125000	1138.1
6.128750	1179.5
6.132500	1130.2
6.136250	1132.1
6.140000	1091.4
6.143750	1191.0
6.147500	1176.9
6.151250	1074.9
6.155000	1151.7
6.158750	1102.1
6.162500	1128.7
6.166250	1183.1
6.170000	1175.8
6.173750	1124.9
6.177500	1149.4
6.181250	1132.4
6.185000	1147.6
6.188750	1153.3
6.192500	1117.2
6.196250	1183.9
6.200000	1186.9
6.203750	1103.2
6.207500	1136.2
6.211250	1151.0
6.215000	1174.1
6.218750	1138.6
6.222500	1124.2
6.226250	1168.0
6.230000	1077.8
6.233750	1123.5
6.237500	1199.1
6.241250	1173.2
6.245000	1128.3
6.248750	1171.1
6.252500	1219.3
6.256250	1155.0
6.260000	1157.6
6.263750	1223.1
6.267500	1201.5
6.271250	1151.9
6.275000	1165.6
6.278750	1179.4
6.282500	1148.3
6.286250	1175.4
6.290000	1141.4
6.293750	1122.0
6.297500	1154.9
6.301250	1103.4
6.305000	1107.0
6.308750	1098.5
6.312500	1167.9
6.316250	1166.3
6.320000	1145.8
6.323750	1204.2
6.327500	1160.1
6.331250	1179.7
6.335000	1169.9
6.338750	1174.5
6.342500	1174.7
6.346250	1205.9
6.350000	1191.2
6.353750	1147.3
6.357500	1159.2
6.361250	1131.2
6.365000	1173.4
6.368750	1118.9
6.372500	1096.0
6.376250	1190.6
6.380000	1180.4
6.383750	1108.0
6.387500	1044.8
6.391250	1114.3
6.395000	1144.2
6.398750	1145.2
6.402500	1160.8
6.406250	1160.2
6.410000	1140.3
6.413750	1173.5
6.417500	1198.7
6.421250	1189.7
6.425000	1159.0
6.428750	1221.2
6.432500	1190.3
6.436250	1140.1
6.440000	1156.6
6.443750	1162.2
6.447500	1199.4
6.451250	1173.6
6.455000	1170.3
6.458750	1153.9
6.462500	1130.9
6.466250	1165.1
6.470000	1091.9
6.473750	1103.6
6.477500	1168.5
6.481250	1195.8
6.485000	1185.3
6.488750	1164.2
6.492500	1166.8
6.496250	1104.8
6.500000	1101.0
6.503750	1156.1
6.507500	1154.2
6.511250	1119.8
6.515000	1119.2
6.518750	1124.3
6.522500	1205.5
6.526250	1115.1
6.530000	1226.5
6.533750	1185.5
6.537500	1145.9
6.541250	1128.6
6.545000	1098.4
6.548750	1166.3
6.552500	1172.1
6.556250	1173.6
6.560000	1134.2
6.563750	1178.6
6.567500	1222.7
6.571250	1239.8
6.575000	1192.4
6.578750	1224.5
6.582500	1164.5
6.586250	1145.4
6.590000	1125.8
6.593750	1160.2
6.597500	1194.2
6.601250	1169.2
6.605000	1144.9
6.608750	1141.5
6.612500	1105.6
6.616250	1166.0
6.620000	1203.5
6.623750	1187.6
6.627500	1161.1
6.631250	1177.5
6.635000	1202.8
6.638750	1176.6
6.642500	1165.8
6.646250	1176.4
6.650000	1193.4
6.653750	1193.1
6.657500	1136.4
6.661250	1190.9
6.665000	1187.4
6.668750	1153.2
6.672500	1192.9
6.676250	1169.3
6.680000	1157.1
6.683750	1167.8
6.687500	1186.6
6.691250	1193.4
6.695000	1227.7
6.698750	1194.4
6.702500	1145.5
6.706250	1220.5
6.710000	1201.8
6.713750	1114.4
6.717500	1203.7
6.721250	1180.2
6.725000	1138.9
6.728750	1158.0
6.732500	1162.2
6.736250	1217.0
6.740000	1156.8
6.743750	1178.9
6.747500	1099.1
6.751250	1219.1
6.755000	1164.5
6.758750	1155.3
6.762500	1182.0
6.766250	1235.1
6.770000	1215.3
6.773750	1184.7
6.777500	1158.9
6.781250	1153.5
6.785000	1192.0
6.788750	1147.6
6.792500	1150.2
6.796250	1175.8
6.800000	1203.6
6.803750	1162.2
6.807500	1173.5
6.811250	1175.8
6.815000	1205.4
6.818750	1144.5
6.822500	1128.8
6.826250	1180.2
6.830000	1188.7
6.833750	1123.6
6.837500	1158.9
6.841250	1129.6
6.845000	1160.4
6.848750	1196.1
6.852500	1206.5
6.856250	1151.5
6.860000	1178.6
6.863750	1205.3
6.867500	1159.3
6.871250	1118.4
6.875000	1116.2
6.878750	1158.5
6.882500	1191.3
6.886250	1245.8
6.890000	1199.1
6.893750	1179.7
6.897500	1166.8
6.901250	1168.6
6.905000	1133.7
6.908750	1199.9
6.912500	1230.0
6.916250	1165.0
6.920000	1214.9
6.923750	1179.6
6.927500	1163.7
6.931250	1173.8
6.935000	1268.2
6.938750	1215.1
6.942500	1195.4
6.946250	1212.5
6.950000	1154.8
6.953750	1173.4
6.957500	1199.3
6.961250	1149.0
6.965000	1151.2
6.968750	1141.3
6.972500	1221.0
6.976250	1136.9
6.980000	1152.6
6.983750	1166.6
6.987500	1139.2
6.991250	1151.8
6.995000	1167.9
6.998750	1173.8
7.002500	1156.2
7.006250	1167.7
7.010000	1196.8
7.013750	1141.1
7.017500	1189.5
7.021250	1142.6
7.025000	1158.0
7.028750	1147.2
7.032500	1181.6
7.036250	1176.1
7.040000	1140.3
7.043750	1184.6
7.047500	1204.9
7.051250	1148.6
7.055000	1239.0
7.058750	1243.3
7.062500	1208.8
7.066250	1124.3
7.070000	1164.1
7.073750	1203.4
7.077500	1186.6
7.081250	1163.4
7.085000	1210.7
7.088750	1227.5
7.092500	1234.3
7.096250	1195.3
7.100000	1193.0
7.103750	1163.4
7.107500	1171.3
7.111250	1227.8
7.115000	1202.2
7.118750	1211.3
7.122500	1163.7
7.126250	1194.8
7.130000	1255.3
7.133750	1151.4
7.137500	1166.1
7.141250	1162.5
7.145000	1234.7
7.148750	1241.8
7.152500	1154.9
7.156250	1187.8
7.160000	1188.2
7.163750	1144.9
7.167500	1191.6
7.171250	1143.7
7.175000	1209.9
7.178750	1183.5
7.182500	1187.3
7.186250	1209.1
7.190000	1167.2
7.193750	1140.1
7.197500	1145.1
7.201250	1182.1
7.205000	1212.2
7.208750	1169.3
7.212500	1159.4
7.216250	1228.2
7.220000	1204.9
7.223750	1224.1
7.227500	1217.9
7.231250	1151.4
7.235000	1141.1
7.238750	1185.1
7.242500	1206.5
7.246250	1190.7
7.250000	1179.8
7.253750	1255.6
7.257500	1203.0
7.261250	1233.6
7.265000	1234.3
7.268750	1244.0
7.272500	1248.9
7.276250	1214.9
7.280000	1211.9
7.283750	1169.8
7.287500	1191.7
7.291250	1190.5
7.295000	1212.2
7.298750	1137.8
7.302500	1206.2
7.306250	1231.3
7.310000	1269.0
7.313750	1160.3
7.317500	1170.2
7.321250	1200.0
7.325000	1133.3
7.328750	1178.9
7.332500	1247.4
7.336250	1186.7
7.340000	1169.2
7.343750	1244.5
7.347500	1195.0
7.351250	1175.9
7.355000	1150.1
7.358750	1218.9
7.362500	1226.0
7.366250	1173.3
7.370000	1188.8
7.373750	1173.4
7.377500	1148.7
7.381250	1175.3
7.385000	1175.8
7.388750	1169.6
7.392500	1188.9
7.396250	1204.5
7.400000	1168.7
7.403750	1244.1
7.407500	1205.3
7.411250	1218.0
7.415000	1168.9
7.418750	1214.7
7.422500	1212.2
7.426250	1161.1
7.430000	1196.5
7.433750	1214.6
7.437500	1202.4
7.441250	1147.2
7.445000	1183.0
7.448750	1187.4
7.452500	1241.8
7.456250	1203.5
7.460000	1167.5
7.463750	1223.4
7.467500	1179.7
7.471250	1204.6
7.475000	1178.6
7.478750	1146.4
7.482500	1201.9
7.486250	1243.3
7.490000	1144.6
7.493750	1137.5
7.497500	1206.8
7.501250	1149.7
7.505000	1146.7
7.508750	1154.9
7.512500	1174.4
7.516250	1159.2
7.520000	1192.2
7.523750	1156.4
7.527500	1167.4
7.531250	1174.8
7.535000	1176.5
7.538750	1193.9
7.542500	1169.9
7.546250	1157.8
7.550000	1190.5
7.553750	1222.7
7.557500	1194.2
7.561250	1189.2
7.565000	1187.0
7.568750	1135.0
7.572500	1194.5
7.576250	1237.0
7.580000	1183.8
7.583750	1178.3
7.587500	1207.2
7.591250	1165.1
7.595000	1170.9
7.598750	1185.0
7.602500	1187.5
7.606250	1199.3
7.610000	1215.4
7.613750	1173.5
7.617500	1159.7
7.621250	1173.7
7.625000	1215.9
7.628750	1245.3
7.632500	1225.0
7.636250	1222.4
7.640000	1230.7
7.643750	1228.9
7.647500	1181.7
7.651250	1240.2
7.655000	1217.8
7.658750	1157.8
7.662500	1194.9
7.666250	1215.0
7.670000	1211.7
7.673750	1224.5
7.677500	1227.8
7.681250	1176.7
7.685000	1220.7
7.688750	1205.8
7.692500	1169.4
7.696250	1188.6
7.700000	1225.5
7.703750	1179.1
7.707500	1198.3
7.711250	1217.8
7.715000	1246.1
7.718750	1205.3
7.722500	1228.8
7.726250	1183.8
7.730000	1177.8
7.733750	1218.1
7.737500	1236.7
7.741250	1273.8
7.745000	1191.2
7.748750	1223.3
7.752500	1239.8
7.756250	1207.4
7.760000	1213.4
7.763750	1226.0
7.767500	1252.2
7.771250	1292.7
7.775000	1242.2
7.778750	1232.0
7.782500	1211.8
7.786250	1237.4
7.790000	1215.0
7.793750	1223.6
7.797500	1250.6
7.801250	1306.1
7.805000	1267.6
7.808750	1202.5
7.812500	1234.0
7.816250	1206.6
7.820000	1260.1
7.823750	1276.3
7.827500	1309.8
7.831250	1290.5
7.835000	1222.1
7.838750	1247.6
7.842500	1303.2
7.846250	1310.5
7.850000	1313.5
7.853750	1270.9
7.857500	1261.4
7.861250	1327.9
7.865000	1239.8
7.868750	1288.4
7.872500	1305.7
7.876250	1316.3
7.880000	1275.7
7.883750	1321.9
7.887500	1279.2
7.891250	1361.0
7.895000	1311.7
7.898750	1356.6
7.902500	1328.1
7.906250	1368.2
7.910000	1404.4
7.913750	1427.5
7.917500	1476.5
7.921250	1432.7
7.925000	1472.5
7.928750	1551.4
7.932500	1499.3
7.936250	1535.7
7.940000	1609.8
7.943750	1715.3
7.947500	1728.9
7.951250	1848.1
7.955000	1911.5
7.958750	2047.1
7.962500	2090.0
7.966250	2300.9
7.970000	2479.4
7.973750	2757.0
7.977500	3028.2
7.981250	3473.2
7.985000	3988.0
7.988750	4480.6
7.992500	4771.8
7.996250	5594.4
8.000000	5702.6
8.003750	5671.4
8.007500	5538.9
8.011250	5005.7
8.015000	4576.1
8.018750	3979.8
8.022500	3378.3
8.026250	2995.8
8.030000	2632.5
8.033750	2470.2
8.037500	2163.7
8.041250	2091.9
8.045000	1944.7
8.048750	1878.7
8.052500	1723.2
8.056250	1637.2
8.060000	1602.3
8.063750	1583.1
8.067500	1530.7
8.071250	1512.5
8.075000	1491.9
8.078750	1457.3
8.082500	1476.1
8.086250	1455.6
8.090000	1399.2
8.093750	1339.2
8.097500	1388.6
8.101250	1344.8
8.105000	1342.8
8.108750	1355.4
8.112500	1379.5
8.116250	1303.2
8.120000	1332.5
8.123750	1337.9
8.127500	1265.8
8.131250	1315.6
8.135000	1330.3
8.138750	1256.2
8.142500	1322.8
8.146250	1323.6
8.150000	1275.5
8.153750	1310.9
8.157500	1279.0
8.161250	1224.7
8.165000	1225.8
8.168750	1246.3
8.172500	1284.6
8.176250	1176.7
8.180000	1246.2
8.183750	1225.1
8.187500	1206.0
8.191250	1239.2
8.195000	1301.0
8.198750	1267.8
8.202500	1230.5
8.206250	1235.3
8.210000	1227.1
8.213750	1272.6
8.217500	1275.0
8.221250	1240.2
8.225000	1225.0
8.228750	1192.3
8.232500	1232.9
8.236250	1255.1
8.240000	1242.2
8.243750	1192.5
8.247500	1210.1
8.251250	1178.6
8.255000	1261.9
8.258750	1223.8
8.262500	1187.6
8.266250	1234.2
8.270000	1252.9
8.273750	1216.6
8.277500	1223.0
8.281250	1250.3
8.285000	1228.6
8.288750	1187.0
8.292500	1146.3
8.296250	1237.9
8.300000	1230.0
8.303750	1271.9
8.307500	1239.1
8.311250	1228.6
8.315000	1189.1
8.318750	1225.0
8.322500	1227.0
8.326250	1249.7
8.330000	1244.0
8.333750	1194.3
8.337500	1210.7
8.341250	1229.9
8.345000	1211.9
8.348750	1257.6
8.352500	1240.1
8.356250	1205.3
8.360000	1220.9
8.363750	1288.1
8.367500	1195.0
8.371250	1247.9
8.375000	1162.3
8.378750	1224.8
8.382500	1247.1
8.386250	1271.8
8.390000	1218.1
8.393750	1178.7
8.397500	1251.0
8.401250	1238.0
8.405000	1233.6
8.408750	1234.7
8.412500	1264.5
8.416250	1245.7
8.420000	1197.0
8.423750	1208.4
8.427500	1230.5
8.431250	1195.7
8.435000	1195.9
8.438750	1198.5
8.442500	1236.2
8.446250	1253.8
8.450000	1236.5
8.453750	1273.6
8.457500	1280.3
8.461250	1274.1
8.465000	1243.6
8.468750	1277.9
8.472500	1165.0
8.476250	1224.9
8.480000	1243.5
8.483750	1251.6
8.487500	1248.7
8.491250	1311.5
8.495000	1206.3
8.498750	1247.0
8.502500	1279.0
8.506250	1241.8
8.510000	1231.8
8.513750	1221.3
8.517500	1309.0
8.521250	1276.1
8.525000	1162.6
8.528750	1252.9
8.532500	1248.0
8.536250	1184.4
8.540000	1297.7
8.543750	1262.2
8.547500	1235.4
8.551250	1246.7
8.555000	1176.1
8.558750	1202.9
8.562500	1286.3
8.566250	1301.2
8.570000	1245.8
8.573750	1237.6
8.577500	1269.7
8.581250	1213.3
8.585000	1284.9
8.588750	1314.5
8.592500	1259.8
8.596250	1263.0
8.600000	1295.0
8.603750	1249.1
8.607500	1214.7
8.611250	1261.8
8.615000	1250.2
8.618750	1301.7
8.622500	1270.5
8.626250	1261.9
8.630000	1244.1
8.633750	1312.9
8.637500	1306.7
8.641250	1232.5
8.645000	1222.4
8.648750	1287.9
8.652500	1293.6
8.656250	1287.9
8.660000	1255.4
8.663750	1241.7
8.667500	1316.1
8.671250	1372.7
8.675000	1285.4
8.678750	1240.5
8.682500	1312.5
8.686250	1261.2
8.690000	1269.1
8.693750	1320.5
8.697500	1284.8
8.701250	1288.5
8.705000	1302.1
8.708750	1282.9
8.712500	1321.6
8.716250	1307.5
8.720000	1315.7
8.723750	1324.7
8.727500	1275.2
8.731250	1318.1
8.735000	1286.1
8.738750	1321.8
8.742500	1290.6
8.746250	1381.7
8.750000	1313.9
8.753750	1307.5
8.757500	1418.7
8.761250	1361.3
8.765000	1327.0
8.768750	1363.0
8.772500	1341.4
8.776250	1323.4
8.780000	1335.5
8.783750	1374.0
8.787500	1381.5
8.791250	1377.0
8.795000	1319.0
8.798750	1428.8
8.802500	1425.5
8.806250	1324.2
8.810000	1426.3
8.813750	1403.7
8.817500	1346.1
8.821250	1408.3
8.825000	1392.4
8.828750	1390.7
8.832500	1391.9
8.836250	1430.9
8.840000	1466.5
8.843750	1466.2
8.847500	1445.6
8.851250	1463.4
8.855000	1472.6
8.858750	1512.5
8.862500	1524.5
8.866250	1505.6
8.870000	1519.0
8.873750	1462.0
8.877500	1523.4
8.881250	1567.6
8.885000	1592.4
8.888750	1617.6
8.892500	1605.4
8.896250	1630.0
8.900000	1603.1
8.903750	1644.7
8.907500	1650.5
8.911250	1642.5
8.915000	1739.4
8.918750	1735.3
8.922500	1697.6
8.926250	1734.8
8.930000	1866.9
8.933750	1870.0
8.937500	1892.4
8.941250	1929.1
8.945000	1982.7
8.948750	1970.2
8.952500	2006.8
8.956250	1984.5
8.960000	2098.1
8.963750	2241.4
8.967500	2263.3
8.971250	2338.3
8.975000	2406.8
8.978750	2457.6
8.982500	2520.6
8.986250	2764.3
8.990000	2833.7
8.993750	2871.7
8.997500	3025.1
9.001250	3205.5
9.005000	3318.1
9.008750	3389.3
9.012500	3577.7
9.016250	3638.8
9.020000	3802.4
9.023750	3969.6
9.027500	4002.1
9.031250	4119.8
9.035000	4045.6
9.038750	4093.7
9.042500	4096.5
9.046250	4279.3
9.050000	4230.1
9.053750	4164.0
9.057500	4204.9
9.061250	4230.7
9.065000	4130.9
9.068750	3910.8
9.072500	4048.9
9.076250	3974.0
9.080000	3857.9
9.083750	3796.9
9.087500	3704.7
9.091250	3614.2
9.095000	3572.6
9.098750	3430.2
9.102500	3241.0
9.106250	3198.5
9.110000	3154.5
9.113750	3008.3
9.117500	3004.1
9.121250	2995.4
9.125000	2814.6
9.128750	2723.2
9.132500	2736.0
9.136250	2578.6
9.140000	2512.8
9.143750	2527.2
9.147500	2451.9
9.151250	2414.8
9.155000	2392.8
9.158750	2336.7
9.162500	2307.6
9.166250	2185.1
9.170000	2139.8
9.173750	2072.9
9.177500	2117.5
9.181250	2015.1
9.185000	1948.1
9.188750	1985.8
9.192500	1922.0
9.196250	1879.2
9.200000	1880.1
9.203750	1821.8
9.207500	1851.1
9.211250	1825.8
9.215000	1751.0
9.218750	1719.1
9.222500	1797.6
9.226250	1731.2
9.230000	1665.5
9.233750	1695.4
9.237500	1679.7
9.241250	1702.0
9.245000	1615.1
9.248750	1654.6
9.252500	1623.1
9.256250	1623.0
9.260000	1555.0
9.263750	1553.1
9.267500	1649.5
9.271250	1519.7
9.275000	1520.0
9.278750	1540.8
9.282500	1499.8
9.286250	1518.8
9.290000	1462.3
9.293750	1421.9
9.297500	1454.9
9.301250	1500.2
9.305000	1498.8
9.308750	1540.0
9.312500	1431.6
9.316250	1439.0
9.320000	1446.7
9.323750	1437.1
9.327500	1440.9
9.331250	1430.5
9.335000	1421.1
9.338750	1427.0
9.342500	1446.8
9.346250	1419.2
9.350000	1362.0
9.353750	1372.9
9.357500	1455.1
9.361250	1439.7
9.365000	1349.6
9.368750	1383.0
9.372500	1404.7
9.376250	1339.6
9.380000	1402.5
9.383750	1364.2
9.387500	1347.8
9.391250	1386.9
9.395000	1402.8
9.398750	1301.9
9.402500	1347.9
9.406250	1371.8
9.410000	1385.3
9.413750	1296.9
9.417500	1283.1
9.421250	1374.6
9.425000	1348.3
9.428750	1360.3
9.432500	1345.6
9.436250	1293.2
9.440000	1264.4
9.443750	1329.0
9.447500	1389.8
9.451250	1355.8
9.455000	1334.0
9.458750	1296.9
9.462500	1349.2
9.466250	1304.6
9.470000	1331.5
9.473750	1268.0
9.477500	1255.0
9.481250	1343.2
9.485000	1296.9
9.488750	1292.7
9.492500	1354.2
9.496250	1276.3
9.500000	1258.4
9.503750	1295.8
9.507500	1401.5
9.511250	1311.8
9.515000	1277.1
9.518750	1299.4
9.522500	1284.9
9.526250	1290.8
9.530000	1385.8
9.533750	1324.0
9.537500	1244.1
9.541250	1318.5
9.545000	1251.4
9.548750	1264.1
9.552500	1308.3
9.556250	1309.1
9.560000	1281.4
9.563750	1300.5
9.567500	1282.5
9.571250	1278.8
9.575000	1314.8
9.578750	1260.9
9.582500	1268.6
9.586250	1289.7
9.590000	1351.2
9.593750	1276.8
9.597500	1306.4
9.601250	1287.5
9.605000	1290.5
9.608750	1251.8
9.612500	1290.0
9.616250	1209.5
9.620000	1330.7
9.623750	1272.4
9.627500	1270.0
9.631250	1313.0
9.635000	1299.4
9.638750	1286.6
9.642500	1241.0
9.646250	1314.0
9.650000	1255.3
9.653750	1298.8
9.657500	1332.1
9.661250	1291.3
9.665000	1290.1
9.668750	1290.3
9.672500	1308.1
9.676250	1230.7
9.680000	1315.8
9.683750	1219.5
9.687500	1265.0
9.691250	1264.4
9.695000	1266.2
9.698750	1290.9
9.702500	1354.9
9.706250	1283.7
9.710000	1360.4
9.713750	1306.8
9.717500	1268.7
9.721250	1268.6
9.725000	1273.0
9.728750	1240.9
9.732500	1353.6
9.736250	1297.4
9.740000	1286.5
9.743750	1193.4
9.747500	1298.2
9.751250	1317.7
9.755000	1285.9
9.758750	1294.3
9.762500	1283.2
9.766250	1252.9
9.770000	1296.1
9.773750	1233.2
9.777500	1274.2
9.781250	1294.9
9.785000	1292.1
9.788750	1244.7
9.792500	1263.1
9.796250	1299.7
9.800000	1289.7
9.803750	1242.8
9.807500	1367.8
9.811250	1323.4
9.815000	1291.6
9.818750	1239.3
9.822500	1232.0
9.826250	1237.5
9.830000	1287.9
9.833750	1247.8
9.837500	1277.1
9.841250	1294.7
9.845000	1293.6
9.848750	1278.7
9.852500	1292.1
9.856250	1281.8
9.860000	1313.0
9.863750	1303.5
9.867500	1302.6
9.871250	1286.3
9.875000	1322.6
9.878750	1279.4
9.882500	1266.6
9.886250	1254.9
9.890000	1296.4
9.893750	1279.9
9.897500	1232.3
9.901250	1315.2
9.905000	1280.0
9.908750	1322.4
9.912500	1209.9
9.916250	1286.5
9.920000	1321.3
9.923750	1295.0
9.927500	1265.5
9.931250	1262.1
9.935000	1240.2
9.938750	1303.7
9.942500	1281.1
9.946250	1275.3
9.950000	1270.4
9.953750	1206.0
9.957500	1297.3
9.961250	1333.8
9.965000	1258.3
9.968750	1261.4
9.972500	1212.1
9.976250	1323.3
9.980000	1329.0
9.983750	1307.4
9.987500	1258.6
9.991250	1267.4
9.995000	1314.3
9.998750	1263.2
10.002500	1269.9
10.006250	1306.9
10.010000	1270.9
10.013750	1296.5
10.017500	1276.6
10.021250	1303.3
10.025000	1283.3
10.028750	1263.3
10.032500	1283.0
10.036250	1271.9
10.040000	1283.3
10.043750	1315.6
10.047500	1259.4
10.051250	1338.8
10.055000	1282.9
10.058750	1239.1
10.062500	1294.2
10.066250	1269.5
10.070000	1331.3
10.073750	1362.1
10.077500	1323.5
10.081250	1295.7
10.085000	1368.4
10.088750	1346.1
10.092500	1358.0
10.096250	1335.3
10.100000	1364.4
10.103750	1414.6
10.107500	1453.0
10.111250	1407.8
10.115000	1384.7
10.118750	1314.7
10.122500	1324.1
10.126250	1377.3
10.130000	1360.3
10.133750	1297.0
10.137500	1276.9
10.141250	1262.7
10.145000	1327.4
10.148750	1327.3
10.152500	1334.1
10.156250	1284.4
10.160000	1359.3
10.163750	1326.7
10.167500	1311.2
10.171250	1331.6
10.175000	1392.9
10.178750	1307.0
10.182500	1248.0
10.186250	1313.2
10.190000	1326.9
10.193750	1324.0
10.197500	1330.9
10.201250	1310.8
10.205000	1373.5
10.208750	1318.0
10.212500	1378.3
10.216250	1346.6
10.220000	1215.4
10.223750	1313.0
10.227500	1328.6
10.231250	1266.6
10.235000	1276.2
10.238750	1295.1
10.242500	1277.9
10.246250	1306.0
10.250000	1333.6
10.253750	1332.2
10.257500	1317.2
10.261250	1349.0
10.265000	1326.4
10.268750	1313.8
10.272500	1324.4
10.276250	1249.7
10.280000	1308.0
10.283750	1337.8
10.287500	1292.1
10.291250	1283.2
10.295000	1285.6
10.298750	1325.7
10.302500	1365.9
10.306250	1325.7
10.310000	1343.6
10.313750	1339.3
10.317500	1309.2
10.321250	1324.6
10.325000	1341.5
10.328750	1262.4
10.332500	1311.6
10.336250	1354.9
10.340000	1339.9
10.343750	1300.9
10.347500	1305.1
10.351250	1249.4
10.355000	1327.7
10.358750	1315.0
10.362500	1285.4
10.366250	1293.3
10.370000	1305.7
10.373750	1300.3
10.377500	1257.5
10.381250	1315.5
10.385000	1286.2
10.388750	1373.1
10.392500	1353.6
10.396250	1330.9
10.400000	1316.3
10.403750	1307.6
10.407500	1307.6
10.411250	1277.1
10.415000	1330.1
10.418750	1338.0
10.422500	1351.2
10.426250	1309.9
10.430000	1312.5
10.433750	1317.3
10.437500	1275.2
10.441250	1313.1
10.445000	1318.5
10.448750	1351.5
10.452500	1398.3
10.456250	1290.5
10.460000	1292.0
10.463750	1317.8
10.467500	1245.9
10.471250	1316.1
10.475000	1337.8
10.478750	1286.4
10.482500	1281.9
10.486250	1318.3
10.490000	1317.2
10.493750	1249.1
10.497500	1365.5
10.501250	1327.9
10.505000	1281.7
10.508750	1438.0
10.512500	1309.9
10.516250	1254.3
10.520000	1312.6
10.523750	1373.4
10.527500	1427.0
10.531250	1367.5
10.535000	1323.9
10.538750	1404.2
10.542500	1365.4
10.546250	1313.3
10.550000	1408.9
10.553750	1451.0
10.557500	1346.8
10.561250	1423.4
10.565000	1405.4
10.568750	1309.3
10.572500	1394.5
10.576250	1312.3
10.580000	1319.7
10.583750	1302.3
10.587500	1305.2
10.591250	1328.5
10.595000	1294.3
10.598750	1316.9
10.602500	1408.1
10.606250	1426.1
10.610000	1327.1
10.613750	1301.0
10.617500	1465.1
10.621250	1436.8
10.625000	1278.6
10.628750	1305.7
10.632500	1287.7
10.636250	1275.1
10.640000	1318.3
10.643750	1387.2
10.647500	1322.6
10.651250	1332.4
10.655000	1338.4
10.658750	1324.5
10.662500	1362.8
10.666250	1405.0
10.670000	1403.5
10.673750	1323.5
10.677500	1310.8
10.681250	1432.0
10.685000	1350.8
10.688750	1533.8
10.692500	1320.5
10.696250	1321.3
10.700000	1367.0
10.703750	1337.9
10.707500	1337.9
10.711250	1386.8
10.715000	1417.9
10.718750	1363.5
10.722500	1226.8
10.726250	1354.8
10.730000	1309.9
10.733750	1394.3
10.737500	1379.0
10.741250	1314.1
10.745000	1297.8
10.748750	1391.6
10.752500	1384.4
10.756250	1381.4
10.760000	1338.6
10.763750	1373.4
10.767500	1338.1
10.771250	1300.6
10.775000	1396.3
10.778750	1403.4
10.782500	1342.3
10.786250	1336.6
10.790000	1332.4
10.793750	1304.9
10.797500	1346.2
10.801250	1383.9
10.805000	1327.6
10.808750	1381.8
10.812500	1340.1
10.816250	1359.4
10.820000	1411.9
10.823750	1377.1
10.827500	1391.1
10.831250	1308.9
10.835000	1331.2
10.838750	1354.9
10.842500	1415.3
10.846250	1261.7
10.850000	1372.3
10.853750	1311.8
10.857500	1341.1
10.861250	1412.0
10.865000	1371.9
10.868750	1400.7
10.872500	1390.2
10.876250	1327.1
10.880000	1385.0
10.883750	1407.4
10.887500	1350.1
10.891250	1350.7
10.895000	1270.0
10.898750	1322.8
10.902500	1405.0
10.906250	1410.1
10.910000	1362.5
10.913750	1314.0
10.917500	1402.0
10.921250	1391.4
10.925000	1338.3
10.928750	1372.4
10.932500	1365.8
10.936250	1344.7
10.940000	1291.7
10.943750	1414.3
10.947500	1381.3
10.951250	1372.6
10.955000	1275.8
10.958750	1394.1
10.962500	1367.4
10.966250	1394.6
10.970000	1297.8
10.973750	1357.3
10.977500	1351.0
10.981250	1318.5
10.985000	1354.0
10.988750	1408.0
10.992500	1426.3
10.996250	1281.5
11.000000	1387.9
11.003750	1373.4
11.007500	1385.6
11.011250	1367.6
11.015000	1426.2
11.018750	1342.0
11.022500	1269.6
11.026250	1399.5
11.030000	1395.9
11.033750	1557.8
11.037500	1347.2
11.041250	1419.9
11.045000	1421.9
11.048750	1404.1
11.052500	1395.1
11.056250	1373.3
11.060000	1414.7
11.063750	1398.1
11.067500	1333.1
11.071250	1361.7
11.075000	1377.3
11.078750	1463.3
11.082500	1342.9
11.086250	1435.9
11.090000	1312.5
11.093750	1344.7
11.097500	1419.9
11.101250	1425.2
11.105000	1482.2
11.108750	1435.4
11.112500	1379.5
11.116250	1412.1
11.120000	1429.2
11.123750	1430.7
11.127500	1369.0
11.131250	1349.4
11.135000	1331.7
11.138750	1473.5
11.142500	1340.5
11.146250	1375.2
11.150000	1548.9
11.153750	1423.5
11.157500	1413.1
11.161250	1434.0
11.165000	1403.5
11.168750	1386.3
11.172500	1381.3
11.176250	1457.0
11.180000	1423.6
11.183750	1396.7
11.187500	1423.6
11.191250	1433.8
11.195000	1432.5
11.198750	1363.7
11.202500	1368.9
11.206250	1402.6
11.210000	1425.3
11.213750	1326.8
11.217500	1349.5
11.221250	1392.1
11.225000	1440.4
11.228750	1359.7
11.232500	1448.1
11.236250	1382.8
11.240000	1400.6
11.243750	1415.1
11.247500	1409.1
11.251250	1391.2
11.255000	1381.1
11.258750	1439.7
11.262500	1478.9
11.266250	1452.6
11.270000	1434.3
11.273750	1407.3
11.277500	1423.6
11.281250	1400.3
11.285000	1439.9
11.288750	1466.8
11.292500	1367.8
11.296250	1336.1
11.300000	1484.9
11.303750	1478.1
11.307500	1435.6
11.311250	1435.7
11.315000	1420.0
11.318750	1472.5
11.322500	1426.2
11.326250	1372.2
11.330000	1460.8
11.333750	1484.1
11.337500	1405.7
11.341250	1474.6
11.345000	1472.0
11.348750	1371.4
11.352500	1459.8
11.356250	1441.1
11.360000	1445.6
11.363750	1468.2
11.367500	1475.5
11.371250	1424.4
11.375000	1418.6
11.378750	1391.6
11.382500	1394.4
11.386250	1414.3
11.390000	1414.5
11.393750	1407.7
11.397500	1429.1
11.401250	1482.0
11.405000	1415.6
11.408750	1381.3
11.412500	1459.9
11.416250	1407.4
11.420000	1422.1
11.423750	1440.2
11.427500	1454.7
11.431250	1449.3
11.435000	1433.0
11.438750	1443.2
11.442500	1494.2
11.446250	1490.0
11.450000	1449.7
11.453750	1490.6
11.457500	1371.8
11.461250	1384.2
11.465000	1465.2
11.468750	1480.4
11.472500	1480.5
11.476250	1454.6
11.480000	1472.7
11.483750	1487.3
11.487500	1431.8
11.491250	1455.1
11.495000	1444.5
11.498750	1421.2
11.502500	1397.0
11.506250	1461.7
11.510000	1462.5
11.513750	1468.5
11.517500	1375.7
11.521250	1448.6
11.525000	1456.1
11.528750	1418.6
11.532500	1467.2
11.536250	1402.5
11.540000	1459.8
11.543750	1406.4
11.547500	1367.0
11.551250	1392.5
11.555000	1437.6
11.558750	1506.9
11.562500	1468.7
11.566250	1429.0
11.570000	1495.7
11.573750	1413.0
11.577500	1460.4
11.581250	1516.5
11.585000	1524.6
11.588750	1412.1
11.592500	1476.2
11.596250	1516.2
11.600000	1461.6
11.603750	1491.7
11.607500	1511.7
11.611250	1476.0
11.615000	1446.3
11.618750	1460.2
11.622500	1480.8
11.626250	1510.2
11.630000	1455.0
11.633750	1456.7
11.637500	1423.6
11.641250	1523.1
11.645000	1464.5
11.648750	1499.4
11.652500	1485.1
11.656250	1489.0
11.660000	1436.0
11.663750	1472.3
11.667500	1494.4
11.671250	1415.9
11.675000	1510.8
11.678750	1529.1
11.682500	1553.0
11.686250	1516.9
11.690000	1410.4
11.693750	1461.4
11.697500	1462.1
11.701250	1467.9
11.705000	1515.7
11.708750	1502.6
11.712500	1482.2
11.716250	1485.4
11.720000	1511.3
11.723750	1435.5
11.727500	1462.4
11.731250	1559.0
11.735000	1508.8
11.738750	1410.0
11.742500	1468.9
11.746250	1534.1
11.750000	1448.9
11.753750	1454.4
11.757500	1434.4
11.761250	1505.4
11.765000	1531.2
11.768750	1529.8
11.772500	1489.1
11.776250	1543.6
11.780000	1497.5
11.783750	1514.9
11.787500	1442.8
11.791250	1460.1
11.795000	1475.4
11.798750	1391.7
11.802500	1480.9
11.806250	1507.7
11.810000	1404.1
11.813750	1486.4
11.817500	1485.4
11.821250	1441.1
11.825000	1508.2
11.828750	1491.6
11.832500	1469.5
11.836250	1561.0
11.840000	1550.6
11.843750	1548.0
11.847500	1480.4
11.851250	1468.4
11.855000	1484.2
11.858750	1518.5
11.862500	1536.1
11.866250	1624.4
11.870000	1497.6
11.873750	1566.2
11.877500	1512.0
11.881250	1462.9
11.885000	1464.9
11.888750	1490.7
11.892500	1543.5
11.896250	1532.3
11.900000	1473.9
11.903750	1522.8
11.907500	1489.3
11.911250	1513.9
11.915000	1593.3
11.918750	1529.8
11.922500	1481.2
11.926250	1618.2
11.930000	1608.6
11.933750	1563.5
11.937500	1546.9
11.941250	1512.4
11.945000	1542.3
11.948750	1551.3
11.952500	1606.8
11.956250	1551.3
11.960000	1575.7
11.963750	1396.9
11.967500	1505.3
11.971250	1445.8
11.975000	1525.3
11.978750	1499.8
11.982500	1567.7
11.986250	1550.9
11.990000	1515.1
11.993750	1531.2
11.997500	1556.6
12.001250	1604.5
12.005000	1595.8
12.008750	1554.9
12.012500	1573.3
12.016250	1544.6
12.020000	1479.4
12.023750	1505.2
12.027500	1553.8
12.031250	1520.7
12.035000	1567.5
12.038750	1586.8
12.042500	1514.6
12.046250	1523.0
12.050000	1541.5
12.053750	1580.7
12.057500	1619.8
12.061250	1559.7
12.065000	1512.2
12.068750	1571.7
12.072500	1582.7
12.076250	1517.1
12.080000	1569.1
12.083750	1542.8
12.087500	1480.6
12.091250	1557.1
12.095000	1520.9
12.098750	1544.0
12.102500	1537.6
12.106250	1585.9
12.110000	1519.7
12.113750	1569.7
12.117500	1561.7
12.121250	1513.1
12.125000	1564.3
12.128750	1497.2
12.132500	1499.5
12.136250	1554.0
12.140000	1569.3
12.143750	1551.4
12.147500	1509.1
12.151250	1536.5
12.155000	1612.1
12.158750	1536.5
12.162500	1635.0
12.166250	1565.1
12.170000	1535.1
12.173750	1498.9
12.177500	1487.8
12.181250	1539.7
12.185000	1554.6
12.188750	1588.6
12.192500	1573.4
12.196250	1583.5
12.200000	1532.2
12.203750	1607.2
12.207500	1546.7
12.211250	1559.4
12.215000	1545.9
12.218750	1563.7
12.222500	1617.9
12.226250	1527.5
12.230000	1525.6
12.233750	1577.9
12.237500	1529.4
12.241250	1612.0
12.245000	1536.9
12.248750	1595.0
12.252500	1549.5
12.256250	1511.4
12.260000	1515.2
12.263750	1562.5
12.267500	1564.0
12.271250	1507.8
12.275000	1575.5
12.278750	1558.2
12.282500	1500.1
12.286250	1597.8
12.290000	1619.0
12.293750	1563.4
12.297500	1490.6
12.301250	1588.8
12.305000	1652.0
12.308750	1602.4
12.312500	1530.9
12.316250	1551.3
12.320000	1535.3
12.323750	1571.5
12.327500	1584.5
12.331250	1595.5
12.335000	1584.2
12.338750	1557.7
12.342500	1579.9
12.346250	1595.8
12.350000	1583.0
12.353750	1632.4
12.357500	1558.0
12.361250	1578.3
12.365000	1640.5
12.368750	1592.5
12.372500	1572.1
12.376250	1614.0
12.380000	1708.5
12.383750	1569.0
12.387500	1665.5
12.391250	1634.6
12.395000	1626.8
12.398750	1558.7
12.402500	1610.7
12.406250	1539.9
12.410000	1574.8
12.413750	1634.0
12.417500	1577.0
12.421250	1645.4
12.425000	1622.8
12.428750	1680.5
12.432500	1567.4
12.436250	1629.9
12.440000	1636.5
12.443750	1578.8
12.447500	1593.2
12.451250	1630.2
12.455000	1617.2
12.458750	1620.0
12.462500	1603.5
12.466250	1602.2
12.470000	1584.7
12.473750	1632.7
12.477500	1705.2
12.481250	1592.4
12.485000	1547.7
12.488750	1646.1
12.492500	1666.5
12.496250	1526.9
12.500000	1606.1
12.503750	1643.6
12.507500	1597.9
12.511250	1627.0
12.515000	1631.6
12.518750	1633.9
12.522500	1628.0
12.526250	1606.1
12.530000	1622.9
12.533750	1614.7
12.537500	1595.5
12.541250	1585.9
12.545000	1554.1
12.548750	1612.3
12.552500	1660.5
12.556250	1634.8
12.560000	1695.5
12.563750	1583.2
12.567500	1615.3
12.571250	1649.2
12.575000	1605.4
12.578750	1625.9
12.582500	1673.7
12.586250	1657.8
12.590000	1576.2
12.593750	1625.8
12.597500	1581.4
12.601250	1568.4
12.605000	1555.8
12.608750	1634.1
12.612500	1664.8
12.616250	1644.7
12.620000	1530.4
12.623750	1668.4
12.627500	1656.0
12.631250	1721.9
12.635000	1645.1
12.638750	1584.1
12.642500	1657.1
12.646250	1592.0
12.650000	1611.2
12.653750	1676.8
12.657500	1702.2
12.661250	1714.0
12.665000	1688.4
12.668750	1709.8
12.672500	1606.2
12.676250	1662.1
12.680000	1664.9
12.683750	1666.6
12.687500	1637.3
12.691250	1604.6
12.695000	1694.0
12.698750	1727.4
12.702500	1695.8
12.706250	1667.3
12.710000	1643.5
12.713750	1711.7
12.717500	1637.8
12.721250	1714.2
12.725000	1691.7
12.728750	1704.6
12.732500	1728.8
12.736250	1772.1
12.740000	1692.1
12.743750	1676.1
12.747500	1781.6
12.751250	1824.2
12.755000	1710.2
12.758750	1761.4
12.762500	1782.1
12.766250	1767.4
12.770000	1818.5
12.773750	1862.9
12.777500	1748.9
12.781250	1729.3
12.785000	1799.7
12.788750	1795.5
12.792500	1760.7
12.796250	1872.1
12.800000	1810.4
12.803750	1860.7
12.807500	1932.9
12.811250	1956.8
12.815000	1956.9
12.818750	1994.4
12.822500	2081.9
12.826250	2196.7
12.830000	2403.5
12.833750	2607.5
12.837500	2922.0
12.841250	2992.4
12.845000	3092.3
12.848750	3038.6
12.852500	2957.3
12.856250	2723.7
12.860000	2539.1
12.863750	2491.5
12.867500	2353.3
12.871250	2297.1
12.875000	2321.2
12.878750	2231.7
12.882500	2226.9
12.886250	2140.3
12.890000	2082.8
12.893750	2058.9
12.897500	2094.4
12.901250	2026.5
12.905000	2018.8
12.908750	1979.6
12.912500	2022.1
12.916250	1894.4
12.920000	1971.0
12.923750	2018.7
12.927500	1914.4
12.931250	1895.9
12.935000	1839.7
12.938750	1877.7
12.942500	2000.2
12.946250	1987.3
12.950000	1937.9
12.953750	1952.8
12.957500	1871.8
12.961250	1906.6
12.965000	1881.5
12.968750	1905.8
12.972500	1854.6
12.976250	1878.4
12.980000	1903.6
12.983750	1788.9
12.987500	1839.8
12.991250	1883.4
12.995000	1924.4
12.998750	1860.9
13.002500	1789.4
13.006250	1884.3
13.010000	1889.2
13.013750	1900.6
13.017500	1910.2
13.021250	1881.1
13.025000	1830.2
13.028750	1860.3
13.032500	1922.5
13.036250	1930.9
13.040000	1903.0
13.043750	1871.6
13.047500	1834.3
13.051250	1819.5
13.055000	1875.8
13.058750	1906.3
13.062500	1841.7
13.066250	1880.3
13.070000	1888.5
13.073750	1873.2
13.077500	1868.5
13.081250	1822.5
13.085000	1839.8
13.088750	1914.1
13.092500	1936.6
13.096250	1934.2
13.100000	1869.8
13.103750	1940.6
13.107500	1984.8
13.111250	2006.8
13.115000	2011.6
13.118750	1992.0
13.122500	2014.7
13.126250	2042.3
13.130000	2082.8
13.133750	2170.2
13.137500	2225.1
13.141250	2388.0
13.145000	2431.2
13.148750	2585.9
13.152500	2944.9
13.156250	3166.4
13.160000	3521.3
13.163750	3904.4
13.167500	3874.5
13.171250	3903.0
13.175000	3791.4
13.178750	3483.5
13.182500	3150.0
13.186250	3041.6
13.190000	2794.8
13.193750	2595.3
13.197500	2457.8
13.201250	2298.8
13.205000	2415.7
13.208750	2241.3
13.212500	2234.9
13.216250	2136.3
13.220000	2085.0
13.223750	2051.8
13.227500	2127.2
13.231250	2073.3
13.235000	1976.0
13.238750	2018.4
13.242500	2021.4
13.246250	2027.5
13.250000	2036.0
13.253750	1926.2
13.257500	1898.2
13.261250	1982.8
13.265000	1964.4
13.268750	1915.5
13.272500	1924.2
13.276250	1951.1
13.280000	1933.7
13.283750	1927.0
13.287500	1848.4
13.291250	1850.3
13.295000	1919.9
13.298750	1900.7
13.302500	1849.9
13.306250	1899.3
13.310000	1924.0
13.313750	1872.0
13.317500	1916.1
13.321250	1893.2
13.325000	1843.6
13.328750	1859.9
13.332500	1834.4
13.336250	1855.3
13.340000	1875.1
13.343750	1908.5
13.347500	1892.6
13.351250	1846.3
13.355000	1845.4
13.358750	1862.2
13.362500	1848.1
13.366250	1880.9
13.370000	1823.0
13.373750	1857.7
13.377500	1822.6
13.381250	1828.6
13.385000	1871.5
13.388750	1864.6
13.392500	1781.7
13.396250	1876.3
13.400000	1879.2
13.403750	1852.9
13.407500	1874.6
13.411250	1913.8
13.415000	1809.7
13.418750	1828.3
13.422500	1895.0
13.426250	1891.0
13.430000	1926.5
13.433750	1809.5
13.437500	1880.3
13.441250	1963.6
13.445000	1982.3
13.448750	1977.1
13.452500	1955.2
13.456250	2073.2
13.460000	2299.4
13.463750	2571.3
13.467500	2939.4
13.471250	3194.5
13.475000	3267.4
13.478750	3294.7
13.482500	3120.6
13.486250	2818.9
13.490000	2534.4
13.493750	2211.1
13.497500	2124.4
13.501250	1983.1
13.505000	1946.2
13.508750	1918.3
13.512500	1931.5
13.516250	1836.9
13.520000	1877.5
13.523750	1909.3
13.527500	1838.8
13.531250	1921.3
13.535000	1830.9
13.538750	1889.0
13.542500	1843.4
13.546250	1892.2
13.550000	1883.2
13.553750	1896.5
13.557500	1890.7
13.561250	1931.3
13.565000	1897.2
13.568750	1858.9
13.572500	1961.2
13.576250	1945.4
13.580000	1852.2
13.583750	1843.8
13.587500	1916.4
13.591250	1884.0
13.595000	1902.1
13.598750	1914.7
13.602500	1925.0
13.606250	1929.6
13.610000	1918.2
13.613750	1914.5
13.617500	2006.9
13.621250	1918.8
13.625000	1897.6
13.628750	1883.3
13.632500	1970.4
13.636250	1876.0
13.640000	1945.0
13.643750	1993.2
13.647500	1821.8
13.651250	1876.8
13.655000	1941.6
13.658750	1947.6
13.662500	1925.3
13.666250	2009.1
13.670000	1965.2
13.673750	1943.9
13.677500	2054.6
13.681250	2071.4
13.685000	1990.8
13.688750	2108.4
13.692500	2072.4
13.696250	2115.2
13.700000	2125.4
13.703750	2104.5
13.707500	2204.2
13.711250	2262.2
13.715000	2327.6
13.718750	2547.7
13.722500	2692.1
13.726250	2840.9
13.730000	3015.2
13.733750	3259.4
13.737500	3429.8
13.741250	3427.3
13.745000	3490.2
13.748750	3283.1
13.752500	3240.0
13.756250	3057.0
13.760000	2966.4
13.763750	2843.2
13.767500	2713.5
13.771250	2495.7
13.775000	2382.8
13.778750	2413.9
13.782500	2366.7
13.786250	2291.3
13.790000	2242.9
13.793750	2287.1
13.797500	2236.6
13.801250	2210.0
13.805000	2233.6
13.808750	2206.2
13.812500	2122.8
13.816250	2205.0
13.820000	2177.6
13.823750	2155.1
13.827500	2153.3
13.831250	2192.1
13.835000	2226.6
13.838750	2131.5
13.842500	2199.5
13.846250	2137.9
13.850000	2144.5
13.853750	2173.5
13.857500	2182.4
13.861250	2166.9
13.865000	2122.2
13.868750	2257.6
13.872500	2299.4
13.876250	2212.4
13.880000	2392.8
13.883750	2364.8
13.887500	2465.5
13.891250	2570.0
13.895000	2576.6
13.898750	2662.3
13.902500	2713.9
13.906250	2676.5
13.910000	2608.9
13.913750	2444.4
13.917500	2277.8
13.921250	2345.9
13.925000	2268.0
13.928750	2195.7
13.932500	2113.5
13.936250	2095.1
13.940000	2032.2
13.943750	2029.2
13.947500	2059.0
13.951250	1991.3
13.955000	2031.6
13.958750	1908.8
13.962500	1978.8
13.966250	1984.8
13.970000	2042.7
13.973750	1982.0
13.977500	1837.0
13.981250	1966.7
13.985000	1939.4
13.988750	1933.6
13.992500	1915.7
13.996250	1932.1
14.000000	1964.5
14.003750	1928.1
14.007500	1903.7
14.011250	1920.1
14.015000	2007.7
14.018750	1946.4
14.022500	1934.4
14.026250	1942.7
14.030000	1905.2
14.033750	1896.4
14.037500	2019.3
14.041250	2038.7
14.045000	1886.6
14.048750	1978.4
14.052500	1870.4
14.056250	1894.1
14.060000	1955.6
14.063750	1966.7
14.067500	1914.5
14.071250	1889.1
14.075000	1923.1
14.078750	1893.7
14.082500	1882.6
14.086250	1906.2
14.090000	1885.3
14.093750	1876.0
14.097500	1923.3
14.101250	1926.4
14.105000	1918.3
14.108750	1981.4
14.112500	1919.9
14.116250	1864.4
14.120000	1962.9
14.123750	2011.5
14.127500	1963.9
14.131250	1902.3
14.135000	1985.5
14.138750	1929.3
14.142500	1981.1
14.146250	1986.1
14.150000	1940.7
14.153750	1961.3
14.157500	1875.1
14.161250	1962.8
14.165000	1936.4
14.168750	1895.5
14.172500	1904.2
14.176250	1913.3
14.180000	1925.6
14.183750	1939.0
14.187500	1891.5
14.191250	1917.3
14.195000	1963.1
14.198750	1946.4
14.202500	1929.5
14.206250	1934.6
14.210000	1883.1
14.213750	1906.2
14.217500	1950.8
14.221250	1895.0
14.225000	1863.2
14.228750	1894.6
14.232500	1887.0
14.236250	1900.3
14.240000	2003.7
14.243750	1952.8
14.247500	1911.6
14.251250	2004.4
14.255000	1890.1
14.258750	1891.2
14.262500	1983.6
14.266250	1956.2
14.270000	1941.0
14.273750	1931.2
14.277500	1924.7
14.281250	1888.2
14.285000	2000.6
14.288750	2088.8
14.292500	2016.9
14.296250	2005.6
14.300000	2023.1
14.303750	1989.6
14.307500	1971.2
14.311250	1961.0
14.315000	2043.7
14.318750	2040.2
14.322500	2000.2
14.326250	1984.0
14.330000	1988.5
14.333750	1943.9
14.337500	1947.5
14.341250	1974.9
14.345000	1924.9
14.348750	1962.7
14.352500	1910.5
14.356250	1943.2
14.360000	1960.6
14.363750	1941.1
14.367500	1962.6
14.371250	1939.2
14.375000	1945.0
14.378750	1953.4
14.382500	1916.1
14.386250	1927.2
14.390000	1829.2
14.393750	1902.0
14.397500	1928.4
14.401250	1949.0
14.405000	1973.4
14.408750	1957.1
14.412500	1906.8
14.416250	1951.0
14.420000	1979.3
14.423750	1954.3
14.427500	1944.4
14.431250	1960.5
14.435000	1925.0
14.438750	1872.2
14.442500	1920.2
14.446250	1899.4
14.450000	1934.9
14.453750	1912.0
14.457500	1884.2
14.461250	1916.0
14.465000	1854.6
14.468750	1909.8
14.472500	1988.4
14.476250	1895.3
14.480000	1954.1
14.483750	1905.8
14.487500	1818.8
14.491250	1942.8
14.495000	1951.7
14.498750	1953.3
14.502500	1914.7
14.506250	1925.5
14.510000	1971.0
14.513750	2010.6
14.517500	1901.6
14.521250	1882.7
14.525000	1937.2
14.528750	1927.2
14.532500	1903.5
14.536250	1899.5
14.540000	1927.7
14.543750	1887.4
14.547500	1901.9
14.551250	1862.3
14.555000	1954.6
14.558750	1914.0
14.562500	1985.4
14.566250	2007.4
14.570000	1896.5
14.573750	1945.7
14.577500	1901.3
14.581250	1957.6
14.585000	1887.8
14.588750	1907.3
14.592500	1959.7
14.596250	1917.8
14.600000	1913.8
14.603750	1910.8
14.607500	1940.2
14.611250	1859.5
14.615000	1945.4
14.618750	1973.3
14.622500	1940.7
14.626250	1888.0
14.630000	1943.3
14.633750	1906.2
14.637500	1863.5
14.641250	1932.0
14.645000	1907.2
14.648750	1959.4
14.652500	1945.3
14.656250	1929.5
14.660000	1950.6
14.663750	1942.8
14.667500	1872.2
14.671250	1907.3
14.675000	1923.3
14.678750	1946.1
14.682500	1891.5
14.686250	1934.8
14.690000	1966.9
14.693750	1954.3
14.697500	1892.5
14.701250	1947.1
14.705000	1935.9
14.708750	1868.9
14.712500	1892.0
14.716250	1948.0
14.720000	1907.9
14.723750	1968.1
14.727500	2002.8
14.731250	1960.3
14.735000	1992.6
14.738750	2001.6
14.742500	1915.6
14.746250	1912.9
14.750000	2011.4
14.753750	1928.7
14.757500	1956.6
14.761250	1974.7
14.765000	1947.1
14.768750	1927.5
14.772500	1955.9
14.776250	1942.5
14.780000	2025.4
14.783750	1990.4
14.787500	1955.7
14.791250	1943.8
14.795000	1952.1
14.798750	2100.9
14.802500	1953.4
14.806250	1933.4
14.810000	2010.1
14.813750	1979.7
14.817500	1966.4
14.821250	1895.1
14.825000	2027.1
14.828750	2004.9
14.832500	2023.9
14.836250	1976.6
14.840000	2031.5
14.843750	2054.9
14.847500	2023.2
14.851250	1994.5
14.855000	2020.9
14.858750	1952.2
14.862500	1982.0
14.866250	2014.4
14.870000	2033.9
14.873750	2002.7
14.877500	1995.5
14.881250	2068.4
14.885000	2038.8
14.888750	2104.7
14.892500	2056.7
14.896250	2123.0
14.900000	2119.6
14.903750	2110.5
14.907500	2098.4
14.911250	2110.9
14.915000	2074.5
14.918750	2156.2
14.922500	2237.8
14.926250	2257.4
14.930000	2196.4
14.933750	2398.2
14.937500	2479.2
14.941250	2507.2
14.945000	2520.3
14.948750	2682.3
14.952500	2698.5
14.956250	2777.7
14.960000	2864.7
14.963750	2780.8
14.967500	2775.5
14.971250	2633.0
14.975000	2553.6
14.978750	2640.8
14.982500	2433.4
14.986250	2413.3
14.990000	2317.0
14.993750	2207.2
14.997500	2190.8
15.001250	2188.3
15.005000	2223.1
15.008750	2001.5
15.012500	2017.7
15.016250	2045.8
15.020000	2037.1
15.023750	2067.1
15.027500	1996.2
15.031250	2068.5
15.035000	1960.2
15.038750	1988.7
15.042500	1995.7
15.046250	1994.8
15.050000	2035.4
15.053750	1939.9
15.057500	2073.3
15.061250	1992.5
15.065000	2014.1
15.068750	1980.4
15.072500	1957.3
15.076250	1936.5
15.080000	2005.5
15.083750	1987.7
15.087500	2002.3
15.091250	2002.7
15.095000	1972.3
15.098750	2018.3
15.102500	1949.5
15.106250	1915.7
15.110000	1968.8
15.113750	1960.2
15.117500	2011.6
15.121250	2126.6
15.125000	2011.9
15.128750	2069.1
15.132500	2025.0
15.136250	2060.3
15.140000	2047.3
15.143750	2045.7
15.147500	2046.0
15.151250	2053.8
15.155000	2071.7
15.158750	1989.8
15.162500	1927.2
15.166250	1978.6
15.170000	1974.1
15.173750	1945.9
15.177500	1994.4
15.181250	2051.4
15.185000	2070.8
15.188750	2040.7
15.192500	1981.1
15.196250	2038.6
15.200000	1987.9
15.203750	2054.3
15.207500	2045.3
15.211250	1977.2
15.215000	2085.9
15.218750	2015.9
15.222500	2055.5
15.226250	2062.2
15.230000	1979.8
15.233750	2094.9
15.237500	2043.8
15.241250	2076.7
15.245000	2045.1
15.248750	2037.3
15.252500	2030.2
15.256250	2060.2
15.260000	2028.8
15.263750	2017.1
15.267500	2033.1
15.271250	2022.3
15.275000	2023.0
15.278750	2110.6
15.282500	2138.6
15.286250	2055.2
15.290000	2069.8
15.293750	2129.3
15.297500	2115.5
15.301250	2107.7
15.305000	2154.3
15.308750	2161.9
15.312500	2204.9
15.316250	2279.7
15.320000	2273.0
15.323750	2280.6
15.327500	2366.0
15.331250	2402.6
15.335000	2461.1
15.338750	2413.4
15.342500	2508.4
15.346250	2479.8
15.350000	2376.8
15.353750	2353.0
15.357500	2369.3
15.361250	2298.6
15.365000	2242.5
15.368750	2276.5
15.372500	2222.0
15.376250	2168.1
15.380000	2186.4
15.383750	2214.6
15.387500	2219.0
15.391250	2248.3
15.395000	2237.9
15.398750	2227.3
15.402500	2209.0
15.406250	2197.2
15.410000	2166.2
15.413750	2155.5
15.417500	2310.4
15.421250	2270.9
15.425000	2234.2
15.428750	2167.1
15.432500	2218.2
15.436250	2243.2
15.440000	2202.2
15.443750	2226.3
15.447500	2241.0
15.451250	2245.6
15.455000	2164.3
15.458750	2140.7
15.462500	2230.1
15.466250	2259.1
15.470000	2230.4
15.473750	2264.6
15.477500	2258.0
15.481250	2220.9
15.485000	2285.7
15.488750	2393.9
15.492500	2322.0
15.496250	2402.3
15.500000	2302.7
15.503750	2282.4
15.507500	2269.5
15.511250	2353.0
15.515000	2440.4
15.518750	2426.0
15.522500	2467.8
15.526250	2469.3
15.530000	2361.7
15.533750	2483.5
15.537500	2455.6
15.541250	2403.0
15.545000	2425.1
15.548750	2485.8
15.552500	2553.8
15.556250	2571.6
15.560000	2632.9
15.563750	2607.5
15.567500	2601.6
15.571250	2679.3
15.575000	2692.2
15.578750	2797.0
15.582500	2843.8
15.586250	2773.2
15.590000	2879.8
15.593750	2865.3
15.597500	2949.9
15.601250	2959.6
15.605000	2974.4
15.608750	3041.0
15.612500	3040.2
15.616250	3086.7
15.620000	3101.7
15.623750	3182.4
15.627500	3213.4
15.631250	3379.3
15.635000	3408.7
15.638750	3599.1
15.642500	3729.8
15.646250	3668.3
15.650000	3704.9
15.653750	3868.0
15.657500	4003.6
15.661250	4087.9
15.665000	4132.0
15.668750	4241.6
15.672500	4195.0
15.676250	4143.4
15.680000	4232.0
15.683750	4348.5
15.687500	4568.6
15.691250	4522.4
15.695000	4643.5
15.698750	4636.6
15.702500	4596.4
15.706250	4640.2
15.710000	4806.7
15.713750	4761.5
15.717500	4813.4
15.721250	4873.9
15.725000	4842.5
15.728750	4916.0
15.732500	5087.3
15.736250	5040.8
15.740000	5016.6
15.743750	5118.3
15.747500	5038.3
15.751250	5099.3
15.755000	5128.5
15.758750	5112.6
15.762500	5088.0
15.766250	5109.7
15.770000	5240.8
15.773750	5196.5
15.777500	5119.3
15.781250	5252.7
15.785000	5140.1
15.788750	5092.2
15.792500	4977.6
15.796250	4902.2
15.800000	4724.4
15.803750	4677.7
15.807500	4605.8
15.811250	4590.9
15.815000	4539.4
15.818750	4584.1
15.822500	4393.7
15.826250	4342.1
15.830000	4155.8
15.833750	4189.0
15.837500	4154.9
15.841250	4041.5
15.845000	3961.6
15.848750	3904.0
15.852500	3765.0
15.856250	3763.1
15.860000	3730.7
15.863750	3716.2
15.867500	3608.7
15.871250	3483.0
15.875000	3393.0
15.878750	3362.4
15.882500	3214.9
15.886250	3161.6
15.890000	3186.4
15.893750	3196.7
15.897500	3129.0
15.901250	3010.4
15.905000	3065.8
15.908750	3022.8
15.912500	2907.5
15.916250	2870.7
15.920000	2906.4
15.923750	2937.9
15.927500	2941.8
15.931250	2829.0
15.935000	2888.2
15.938750	2850.2
15.942500	2776.7
15.946250	2756.6
15.950000	2732.1
15.953750	2741.1
15.957500	2732.3
15.961250	2725.1
15.965000	2700.8
15.968750	2710.1
15.972500	2581.7
15.976250	2775.1
15.980000	2838.8
15.983750	2845.9
15.987500	2701.7
15.991250	2916.9
15.995000	2918.5
15.998750	2849.2
16.002500	2986.2
16.006250	3036.6
16.010000	3180.4
16.013750	3258.6
16.017500	3478.6
16.021250	3645.2
16.025000	3725.1
16.028750	4098.5
16.032500	4402.4
16.036250	4612.8
16.040000	4964.0
16.043750	5274.5
16.047500	5026.0
16.051250	4925.4
16.055000	4807.8
16.058750	4344.2
16.062500	4151.0
16.066250	3861.1
16.070000	3485.4
16.073750	3233.1
16.077500	3088.8
16.081250	2889.3
16.085000	2784.0
16.088750	2750.0
16.092500	2760.6
16.096250	2560.6
16.100000	2710.9
16.103750	2544.8
16.107500	2446.2
16.111250	2454.6
16.115000	2399.9
16.118750	2476.3
16.122500	2436.5
16.126250	2452.0
16.130000	2368.1
16.133750	2309.5
16.137500	2452.3
16.141250	2507.2
16.145000	2415.5
16.148750	2224.3
16.152500	2231.2
16.156250	2231.1
16.160000	2228.4
16.163750	2241.5
16.167500	2296.6
16.171250	2276.9
16.175000	2307.9
16.178750	2197.5
16.182500	2219.7
16.186250	2234.5
16.190000	2246.3
16.193750	2276.2
16.197500	2256.4
16.201250	2221.7
16.205000	2200.5
16.208750	2227.0
16.212500	2248.1
16.216250	2199.3
16.220000	2251.0
16.223750	2243.7
16.227500	2194.2
16.231250	2245.0
16.235000	2226.7
16.238750	2284.3
16.242500	2309.7
16.246250	2206.2
16.250000	2288.2
16.253750	2283.7
16.257500	2249.6
16.261250	2309.8
16.265000	2245.8
16.268750	2268.9
16.272500	2367.3
16.276250	2272.1
16.280000	2358.5
16.283750	2356.9
16.287500	2345.3
16.291250	2350.3
16.295000	2360.1
16.298750	2342.1
16.302500	2439.0
16.306250	2420.0
16.310000	2439.4
16.313750	2368.9
16.317500	2383.1
16.321250	2354.0
16.325000	2270.6
16.328750	2328.9
16.332500	2315.9
16.336250	2269.4
16.340000	2395.8
16.343750	2318.9
16.347500	2220.8
16.351250	2224.0
16.355000	2217.7
16.358750	2172.9
16.362500	2133.7
16.366250	2152.8
16.370000	2185.6
16.373750	2179.8
16.377500	2141.6
16.381250	2248.3
16.385000	2165.3
16.388750	2154.7
16.392500	2165.9
16.396250	2136.1
16.400000	2168.6
16.403750	2098.0
16.407500	2168.7
16.411250	2160.6
16.415000	2134.1
16.418750	2053.6
16.422500	2153.6
16.426250	2209.5
16.430000	2290.4
16.433750	2175.7
16.437500	2191.8
16.441250	2105.8
16.445000	2141.7
16.448750	2142.9
16.452500	2162.7
16.456250	2100.7
16.460000	2085.8
16.463750	2112.1
16.467500	2075.3
16.471250	2063.7
16.475000	2185.2
16.478750	2116.4
16.482500	2054.9
16.486250	2053.7
16.490000	2141.9
16.493750	2079.1
16.497500	2149.3
16.501250	2100.9
16.505000	2062.7
16.508750	2083.7
16.512500	2136.2
16.516250	2117.0
16.520000	2070.8
16.523750	2140.2
16.527500	2051.9
16.531250	1975.0
16.535000	2076.0
16.538750	2184.7
16.542500	2044.6
16.546250	1969.0
16.550000	2075.3
16.553750	2128.6
16.557500	2102.3
16.561250	2053.4
16.565000	2076.3
16.568750	2017.3
16.572500	2216.4
16.576250	2103.7
16.580000	2030.0
16.583750	2029.1
16.587500	2093.6
16.591250	2089.5
16.595000	2037.4
16.598750	2136.2
16.602500	2049.0
16.606250	2015.2
16.610000	2081.6
16.613750	2110.8
16.617500	2122.3
16.621250	2023.6
16.625000	2111.3
16.628750	2014.3
16.632500	2081.4
16.636250	2183.0
16.640000	2177.3
16.643750	2096.8
16.647500	2081.9
16.651250	2080.0
16.655000	2076.7
16.658750	2038.8
16.662500	2156.7
16.666250	2126.6
16.670000	2154.8
16.673750	2039.2
16.677500	2088.0
16.681250	2102.0
16.685000	2080.8
16.688750	2054.8
16.692500	2084.0
16.696250	2039.5
16.700000	2147.1
16.703750	2057.4
16.707500	2082.1
16.711250	2104.7
16.715000	2160.1
16.718750	2084.7
16.722500	2089.5
16.726250	2139.2
16.730000	2142.0
16.733750	2181.0
16.737500	2210.0
16.741250	2094.8
16.745000	2093.5
16.748750	2112.2
16.752500	2115.4
16.756250	2105.7
16.760000	2158.3
16.763750	2053.9
16.767500	2222.7
16.771250	2106.3
16.775000	2122.7
16.778750	2058.3
16.782500	2149.3
16.786250	2088.6
16.790000	2116.7
16.793750	2113.1
16.797500	2041.4
16.801250	2089.3
16.805000	2131.2
16.808750	2087.2
16.812500	2154.5
16.816250	2194.5
16.820000	2155.7
16.823750	2100.4
16.827500	2109.3
16.831250	2100.2
16.835000	2172.1
16.838750	2162.9
16.842500	2095.5
16.846250	2133.8
16.850000	2083.8
16.853750	2139.4
16.857500	2105.5
16.861250	2086.7
16.865000	2115.0
16.868750	2184.9
16.872500	2183.5
16.876250	2069.4
16.880000	2162.5
16.883750	2084.7
16.887500	2141.7
16.891250	2091.5
16.895000	2179.3
16.898750	2117.7
16.902500	2199.0
16.906250	2089.7
16.910000	2081.3
16.913750	2147.5
16.917500	2056.8
16.921250	2095.2
16.925000	2123.4
16.928750	2135.3
16.932500	2250.7
16.936250	2129.0
16.940000	2201.0
16.943750	2179.4
16.947500	2162.0
16.951250	2126.1
16.955000	2227.3
16.958750	2211.0
16.962500	2173.9
16.966250	2233.4
16.970000	2179.4
16.973750	2232.1
16.977500	2381.7
16.981250	2245.7
16.985000	2296.6
16.988750	2233.5
16.992500	2331.1
16.996250	2360.9
17.000000	2456.2
17.003750	2504.0
17.007500	2413.8
17.011250	2458.8
17.015000	2530.1
17.018750	2557.6
17.022500	2627.0
17.026250	2536.8
17.030000	2652.2
17.033750	2542.1
17.037500	2448.2
17.041250	2441.2
17.045000	2323.2
17.048750	2356.1
17.052500	2294.9
17.056250	2298.3
17.060000	2251.3
17.063750	2234.1
17.067500	2203.0
17.071250	2175.9
17.075000	2245.3
17.078750	2242.1
17.082500	2258.1
17.086250	2189.1
17.090000	2272.4
17.093750	2250.0
17.097500	2230.3
17.101250	2236.6
17.105000	2230.9
17.108750	2246.6
17.112500	2174.1
17.116250	2223.7
17.120000	2246.5
17.123750	2238.6
17.127500	2333.8
17.131250	2289.9
17.135000	2330.7
17.138750	2351.8
17.142500	2468.7
17.146250	2466.9
17.150000	2633.9
17.153750	2854.9
17.157500	3163.4
17.161250	3744.2
17.165000	4769.4
17.168750	6020.5
17.172500	7437.3
17.176250	8706.9
17.180000	9461.8
17.183750	9028.9
17.187500	8254.9
17.191250	7010.9
17.195000	5582.5
17.198750	4277.4
17.202500	3374.6
17.206250	2840.3
17.210000	2588.0
17.213750	2420.5
17.217500	2426.1
17.221250	2323.5
17.225000	2283.5
17.228750	2255.7
17.232500	2197.0
17.236250	2228.4
17.240000	2286.7
17.243750	2175.1
17.247500	2172.2
17.251250	2214.6
17.255000	2176.9
17.258750	2107.9
17.262500	2159.6
17.266250	2131.8
17.270000	2155.2
17.273750	2089.3
17.277500	2181.7
17.281250	2147.6
17.285000	2112.1
17.288750	2149.2
17.292500	2178.4
17.296250	2183.4
17.300000	2178.7
17.303750	2140.4
17.307500	2195.0
17.311250	2089.5
17.315000	2164.3
17.318750	2160.3
17.322500	2155.4
17.326250	2201.5
17.330000	2186.4
17.333750	2174.8
17.337500	2227.0
17.341250	2217.6
17.345000	2170.3
17.348750	2169.4
17.352500	2220.2
17.356250	2194.0
17.360000	2159.5
17.363750	2186.7
17.367500	2151.7
17.371250	2127.9
17.375000	2166.6
17.378750	2188.6
17.382500	2206.9
17.386250	2175.2
17.390000	2084.5
17.393750	2140.1
17.397500	2170.4
17.401250	2190.5
17.405000	2175.3
17.408750	2186.6
17.412500	2223.0
17.416250	2128.8
17.420000	2099.0
17.423750	2144.1
17.427500	2174.5
17.431250	2130.1
17.435000	2148.3
17.438750	2169.4
17.442500	2115.2
17.446250	2117.3
17.450000	2154.3
17.453750	2195.3
17.457500	2145.1
17.461250	2128.6
17.465000	2131.7
17.468750	2144.9
17.472500	2102.3
17.476250	2135.0
17.480000	2135.4
17.483750	2210.9
17.487500	2155.2
17.491250	2190.8
17.495000	2137.4
17.498750	2182.6
17.502500	2173.1
17.506250	2131.3
17.510000	2196.9
17.513750	2239.4
17.517500	2187.2
17.521250	2144.1
17.525000	2209.7
17.528750	2194.8
17.532500	2123.4
17.536250	2120.6
17.540000	2183.2
17.543750	2182.8
17.547500	2177.1
17.551250	2205.5
17.555000	2225.6
17.558750	2130.2
17.562500	2128.3
17.566250	2206.7
17.570000	2133.1
17.573750	2186.6
17.577500	2270.1
17.581250	2166.3
17.585000	2095.2
17.588750	2110.9
17.592500	2147.6
17.596250	2096.2
17.600000	2227.6
17.603750	2258.4
17.607500	2241.1
17.611250	2184.2
17.615000	2163.8
17.618750	2199.9
17.622500	2235.3
17.626250	2245.5
17.630000	2239.9
17.633750	2304.9
17.637500	2177.7
17.641250	2212.4
17.645000	2181.1
17.648750	2215.2
17.652500	2227.5
17.656250	2171.9
17.660000	2213.7
17.663750	2183.7
17.667500	2211.0
17.671250	2191.4
17.675000	2302.7
17.678750	2163.5
17.682500	2213.5
17.686250	2268.2
17.690000	2257.6
17.693750	2240.9
17.697500	2212.1
17.701250	2202.5
17.705000	2232.4
17.708750	2216.4
17.712500	2237.7
17.716250	2154.9
17.720000	2212.4
17.723750	2126.9
17.727500	2141.2
17.731250	2230.8
17.735000	2243.4
17.738750	2174.7
17.742500	2180.0
17.746250	2148.0
17.750000	2180.7
17.753750	2248.7
17.757500	2239.7
17.761250	2229.9
17.765000	2161.8
17.768750	2202.6
17.772500	2239.7
17.776250	2221.0
17.780000	2152.6
17.783750	2185.6
17.787500	2185.5
17.791250	2206.6
17.795000	2170.3
17.798750	2194.5
17.802500	2183.9
17.806250	2115.8
17.810000	2198.0
17.813750	2260.8
17.817500	2190.9
17.821250	2199.6
17.825000	2101.6
17.828750	2127.7
17.832500	2190.2
17.836250	2259.2
17.840000	2265.6
17.843750	2247.3
17.847500	2170.2
17.851250	2199.0
17.855000	2222.1
17.858750	2166.6
17.862500	2210.0
17.866250	2205.6
17.870000	2187.4
17.873750	2262.2
17.877500	2240.2
17.881250	2120.0
17.885000	2102.4
17.888750	2177.1
17.892500	2171.4
17.896250	2249.7
17.900000	2272.3
17.903750	2218.7
17.907500	2182.3
17.911250	2132.4
17.915000	2260.8
17.918750	2251.1
17.922500	2235.6
17.926250	2232.1
17.930000	2252.2
17.933750	2263.7
17.937500	2207.2
17.941250	2165.0
17.945000	2236.9
17.948750	2273.4
17.952500	2211.5
17.956250	2173.8
17.960000	2252.7
17.963750	2246.5
17.967500	2128.8
17.971250	2250.2
17.975000	2262.7
17.978750	2180.4
17.982500	2248.1
17.986250	2224.1
17.990000	2153.9
17.993750	2326.4
17.997500	2265.6
18.001250	2301.8
18.005000	2214.9
18.008750	2195.3
18.012500	2214.4
18.016250	2158.4
18.020000	2178.5
18.023750	2203.8
18.027500	2253.5
18.031250	2184.2
18.035000	2190.8
18.038750	2286.3
18.042500	2296.6
18.046250	2243.5
18.050000	2220.1
18.053750	2206.0
18.057500	2174.9
18.061250	2253.5
18.065000	2232.3
18.068750	2289.2
18.072500	2208.6
18.076250	2274.3
18.080000	2228.0
18.083750	2148.3
18.087500	2218.3
18.091250	2337.9
18.095000	2235.2
18.098750	2255.9
18.102500	2309.6
18.106250	2281.5
18.110000	2292.0
18.113750	2280.6
18.117500	2274.8
18.121250	2353.9
18.125000	2324.0
18.128750	2297.2
18.132500	2300.9
18.136250	2309.9
18.140000	2297.4
18.143750	2331.0
18.147500	2369.0
18.151250	2329.4
18.155000	2290.5
18.158750	2305.4
18.162500	2403.1
18.166250	2355.7
18.170000	2476.6
18.173750	2426.7
18.177500	2395.1
18.181250	2344.1
18.185000	2400.4
18.188750	2358.4
18.192500	2394.1
18.196250	2378.7
18.200000	2368.5
18.203750	2421.9
18.207500	2393.7
18.211250	2421.6
18.215000	2434.1
18.218750	2481.2
18.222500	2472.7
18.226250	2421.5
18.230000	2344.5
18.233750	2501.3
18.237500	2552.6
18.241250	2547.3
18.245000	2565.4
18.248750	2505.8
18.252500	2505.7
18.256250	2432.1
18.260000	2450.8
18.263750	2411.4
18.267500	2411.6
18.271250	2370.3
18.275000	2341.5
18.278750	2431.0
18.282500	2352.2
18.286250	2366.7
18.290000	2306.7
18.293750	2388.3
18.297500	2385.1
18.301250	2356.7
18.305000	2367.7
18.308750	2367.0
18.312500	2201.9
18.316250	2301.3
18.320000	2349.3
18.323750	2383.5
18.327500	2307.7
18.331250	2455.4
18.335000	2255.8
18.338750	2323.8
18.342500	2331.0
18.346250	2341.0
18.350000	2261.4
18.353750	2319.8
18.357500	2279.4
18.361250	2315.8
18.365000	2343.3
18.368750	2309.4
18.372500	2302.8
18.376250	2280.5
18.380000	2287.4
18.383750	2267.2
18.387500	2315.9
18.391250	2295.3
18.395000	2316.1
18.398750	2245.9
18.402500	2335.8
18.406250	2320.7
18.410000	2309.5
18.413750	2215.9
18.417500	2233.0
18.421250	2274.1
18.425000	2184.0
18.428750	2302.1
18.432500	2290.9
18.436250	2320.8
18.440000	2275.7
18.443750	2256.0
18.447500	2186.6
18.451250	2342.9
18.455000	2209.5
18.458750	2332.2
18.462500	2328.1
18.466250	2289.2
18.470000	2209.0
18.473750	2296.5
18.477500	2280.5
18.481250	2353.0
18.485000	2411.6
18.488750	2396.5
18.492500	2309.2
18.496250	2393.5
18.500000	2282.2
18.503750	2321.0
18.507500	2355.7
18.511250	2431.2
18.515000	2353.4
18.518750	2345.5
18.522500	2381.9
18.526250	2333.2
18.530000	2367.1
18.533750	2368.2
18.537500	2167.8
18.541250	2350.2
18.545000	2420.6
18.548750	2240.9
18.552500	2260.2
18.556250	2247.2
18.560000	2282.1
18.563750	2305.9
18.567500	2178.3
18.571250	2216.7
18.575000	2256.0
18.578750	2233.3
18.582500	2214.3
18.586250	2217.9
18.590000	2245.3
18.593750	2236.6
18.597500	2229.8
18.601250	2248.6
18.605000	2276.5
18.608750	2288.9
18.612500	2209.6
18.616250	2265.7
18.620000	2282.1
18.623750	2240.3
18.627500	2168.0
18.631250	2275.0
18.635000	2237.8
18.638750	2294.2
18.642500	2265.3
18.646250	2247.6
18.650000	2250.2
18.653750	2186.4
18.657500	2160.5
18.661250	2224.7
18.665000	2263.6
18.668750	2247.0
18.672500	2274.9
18.676250	2358.6
18.680000	2267.8
18.683750	2277.8
18.687500	2229.5
18.691250	2304.1
18.695000	2295.4
18.698750	2281.6
18.702500	2281.1
18.706250	2242.6
18.710000	2241.0
18.713750	2330.5
18.717500	2281.6
18.721250	2170.3
18.725000	2338.8
18.728750	2270.5
18.732500	2230.6
18.736250	2268.8
18.740000	2359.4
18.743750	2237.5
18.747500	2222.3
18.751250	2295.6
18.755000	2184.2
18.758750	2248.8
18.762500	2342.5
18.766250	2197.2
18.770000	2265.9
18.773750	2306.2
18.777500	2223.2
18.781250	2277.8
18.785000	2271.8
18.788750	2189.3
18.792500	2310.9
18.796250	2322.5
18.800000	2294.4
18.803750	2265.3
18.807500	2214.0
18.811250	2261.3
18.815000	2266.3
18.818750	2223.3
18.822500	2278.5
18.826250	2237.0
18.830000	2241.8
18.833750	2222.3
18.837500	2222.0
18.841250	2306.7
18.845000	2135.8
18.848750	2220.6
18.852500	2254.8
18.856250	2228.5
18.860000	2221.1
18.863750	2203.4
18.867500	2242.7
18.871250	2312.2
18.875000	2289.1
18.878750	2225.4
18.882500	2264.2
18.886250	2258.4
18.890000	2274.9
18.893750	2239.8
18.897500	2175.9
18.901250	2302.0
18.905000	2277.7
18.908750	2237.0
18.912500	2253.2
18.916250	2242.1
18.920000	2285.2
18.923750	2267.5
18.927500	2240.1
18.931250	2184.5
18.935000	2252.5
18.938750	2253.1
18.942500	2258.6
18.946250	2302.5
18.950000	2250.2
18.953750	2269.3
18.957500	2205.6
18.961250	2202.0
18.965000	2218.2
18.968750	2221.5
18.972500	2156.2
18.976250	2080.0
18.980000	2232.0
18.983750	2292.7
18.987500	2175.8
18.991250	2233.6
18.995000	2286.5
18.998750	2271.4
19.002500	2261.8
19.006250	2286.6
19.010000	2226.8
19.013750	2252.6
19.017500	2287.3
19.021250	2297.7
19.025000	2202.2
19.028750	2200.7
19.032500	2310.7
19.036250	2263.4
19.040000	2233.1
19.043750	2276.2
19.047500	2237.2
19.051250	2234.3
19.055000	2303.1
19.058750	2362.9
19.062500	2213.2
19.066250	2229.1
19.070000	2295.2
19.073750	2365.3
19.077500	2282.9
19.081250	2226.6
19.085000	2278.7
19.088750	2268.5
19.092500	2296.2
19.096250	2301.7
19.100000	2247.9
19.103750	2274.2
19.107500	2211.7
19.111250	2303.4
19.115000	2329.9
19.118750	2261.2
19.122500	2263.2
19.126250	2316.2
19.130000	2307.2
19.133750	2234.5
19.137500	2366.0
19.141250	2313.5
19.145000	2213.2
19.148750	2266.3
19.152500	2211.6
19.156250	2255.0
19.160000	2208.1
19.163750	2170.1
19.167500	2207.0
19.171250	2291.7
19.175000	2330.9
19.178750	2339.8
19.182500	2277.6
19.186250	2177.1
19.190000	2308.4
19.193750	2250.3
19.197500	2221.6
19.201250	2326.5
19.205000	2297.0
19.208750	2219.7
19.212500	2230.3
19.216250	2272.6
19.220000	2364.1
19.223750	2218.5
19.227500	2257.1
19.231250	2233.2
19.235000	2218.7
19.238750	2194.0
19.242500	2238.8
19.246250	2329.7
19.250000	2229.0
19.253750	2227.0
19.257500	2289.5
19.261250	2310.1
19.265000	2276.5
19.268750	2294.2
19.272500	2307.1
19.276250	2244.3
19.280000	2239.4
19.283750	2229.1
19.287500	2276.9
19.291250	2326.2
19.295000	2269.3
19.298750	2260.3
19.302500	2272.8
19.306250	2276.0
19.310000	2276.4
19.313750	2216.0
19.317500	2280.0
19.321250	2273.3
19.325000	2266.8
19.328750	2255.2
19.332500	2263.4
19.336250	2297.9
19.340000	2254.9
19.343750	2230.5
19.347500	2229.2
19.351250	2291.3
19.355000	2291.0
19.358750	2282.3
19.362500	2345.0
19.366250	2260.3
19.370000	2343.9
19.373750	2274.7
19.377500	2248.1
19.381250	2217.2
19.385000	2252.7
19.388750	2257.0
19.392500	2283.6
19.396250	2176.2
19.400000	2233.7
19.403750	2261.9
19.407500	2277.4
19.411250	2214.0
19.415000	2282.9
19.418750	2242.6
19.422500	2357.7
19.426250	2220.0
19.430000	2174.7
19.433750	2270.5
19.437500	2280.7
19.441250	2339.1
19.445000	2268.1
19.448750	2184.7
19.452500	2229.3
19.456250	2297.6
19.460000	2224.1
19.463750	2274.8
19.467500	2198.5
19.471250	2250.0
19.475000	2290.1
19.478750	2259.4
19.482500	2323.4
19.486250	2235.8
19.490000	2425.6
19.493750	2221.3
19.497500	2301.1
19.501250	2330.0
19.505000	2272.1
19.508750	2265.5
19.512500	2209.6
19.516250	2375.3
19.520000	2331.1
19.523750	2251.8
19.527500	2272.8
19.531250	2291.9
19.535000	2259.7
19.538750	2334.4
19.542500	2382.7
19.546250	2331.8
19.550000	2312.0
19.553750	2339.0
19.557500	2364.3
19.561250	2337.1
19.565000	2400.4
19.568750	2413.8
19.572500	2440.5
19.576250	2384.1
19.580000	2394.4
19.583750	2383.3
19.587500	2357.1
19.591250	2398.4
19.595000	2271.9
19.598750	2348.6
19.602500	2345.1
19.606250	2232.8
19.610000	2295.7
19.613750	2389.3
19.617500	2351.1
19.621250	2275.9
19.625000	2230.0
19.628750	2353.7
19.632500	2315.4
19.636250	2241.8
19.640000	2253.7
19.643750	2278.5
19.647500	2342.5
19.651250	2326.3
19.655000	2304.3
19.658750	2323.0
19.662500	2268.9
19.666250	2332.2
19.670000	2311.2
19.673750	2344.0
19.677500	2314.1
19.681250	2290.1
19.685000	2330.1
19.688750	2339.7
19.692500	2235.6
19.696250	2324.4
19.700000	2278.0
19.703750	2239.9
19.707500	2245.6
19.711250	2264.3
19.715000	2369.3
19.718750	2318.2
19.722500	2328.7
19.726250	2281.3
19.730000	2269.3
19.733750	2310.1
19.737500	2311.8
19.741250	2203.3
19.745000	2234.1
19.748750	2324.5
19.752500	2326.4
19.756250	2311.5
19.760000	2270.5
19.763750	2295.5
19.767500	2350.2
19.771250	2315.9
19.775000	2162.0
19.778750	2278.9
19.782500	2354.6
19.786250	2281.0
19.790000	2331.2
19.793750	2325.5
19.797500	2328.9
19.801250	2262.9
19.805000	2166.5
19.808750	2249.3
19.812500	2250.1
19.816250	2227.7
19.820000	2342.7
19.823750	2344.0
19.827500	2300.1
19.831250	2354.2
19.835000	2270.9
19.838750	2222.2
19.842500	2252.6
19.846250	2256.0
19.850000	2314.6
19.853750	2329.3
19.857500	2317.1
19.861250	2331.3
19.865000	2324.3
19.868750	2285.5
19.872500	2243.9
19.876250	2368.3
19.880000	2328.2
19.883750	2346.9
19.887500	2256.5
19.891250	2308.5
19.895000	2293.4
19.898750	2269.9
19.902500	2323.0
19.906250	2326.2
19.910000	2311.4
19.913750	2359.8
19.917500	2409.4
19.921250	2284.5
19.925000	2265.8
19.928750	2287.7
19.932500	2255.6
19.936250	2275.1
19.940000	2365.8
19.943750	2320.5
19.947500	2303.4
19.951250	2340.6
19.955000	2310.3
19.958750	2316.4
19.962500	2302.7
19.966250	2385.8
19.970000	2316.1
19.973750	2298.3
19.977500	2295.4
19.981250	2262.7
19.985000	2311.7
19.988750	2298.4
19.992500	2339.8
19.996250	2382.3
20.000000	2295.7
20.003750	2266.6
20.007500	2364.2
20.011250	2301.0
20.015000	2333.6
20.018750	2213.7
20.022500	2313.5
20.026250	2313.0
20.030000	2334.4
20.033750	2328.9
20.037500	2352.3
20.041250	2382.0
20.045000	2313.3
20.048750	2273.7
20.052500	2410.0
20.056250	2438.2
20.060000	2273.6
20.063750	2273.1
20.067500	2421.8
20.071250	2431.1
20.075000	2302.1
20.078750	2322.3
20.082500	2355.2
20.086250	2328.2
20.090000	2330.2
20.093750	2377.9
20.097500	2427.2
20.101250	2360.8
20.105000	2290.5
20.108750	2339.5
20.112500	2397.3
20.116250	2374.6
20.120000	2341.9
20.123750	2408.6
20.127500	2368.4
20.131250	2318.0
20.135000	2332.9
20.138750	2384.4
20.142500	2434.4
20.146250	2297.7
20.150000	2403.0
20.153750	2435.7
20.157500	2358.7
20.161250	2373.3
20.165000	2407.9
20.168750	2336.2
20.172500	2357.9
20.176250	2440.2
20.180000	2345.7
20.183750	2394.3
20.187500	2423.4
20.191250	2429.1
20.195000	2430.5
20.198750	2440.1
20.202500	2438.0
20.206250	2456.0
20.210000	2446.3
20.213750	2443.6
20.217500	2458.1
20.221250	2490.6
20.225000	2513.2
20.228750	2395.4
20.232500	2509.1
20.236250	2452.0
20.240000	2515.0
20.243750	2578.3
20.247500	2553.8
20.251250	2538.3
20.255000	2545.4
20.258750	2592.1
20.262500	2578.4
20.266250	2560.2
20.270000	2535.3
20.273750	2542.2
20.277500	2582.3
20.281250	2639.5
20.285000	2574.0
20.288750	2532.7
20.292500	2679.0
20.296250	2628.7
20.300000	2827.1
20.303750	2680.1
20.307500	2757.0
20.311250	2700.0
20.315000	2733.3
20.318750	2796.6
20.322500	2858.5
20.326250	2864.8
20.330000	2792.9
20.333750	2878.5
20.337500	2933.8
20.341250	2939.6
20.345000	3045.0
20.348750	3041.6
20.352500	2964.7
20.356250	3050.6
20.360000	3071.3
20.363750	3060.8
20.367500	3053.5
20.371250	3053.0
20.375000	3175.8
20.378750	3269.0
20.382500	3247.5
20.386250	3187.9
20.390000	3214.4
20.393750	3173.6
20.397500	3269.6
20.401250	3269.4
20.405000	3214.6
20.408750	3322.5
20.412500	3345.4
20.416250	3310.2
20.420000	3223.6
20.423750	3269.9
20.427500	3217.5
20.431250	3242.8
20.435000	3334.0
20.438750	3285.7
20.442500	3147.9
20.446250	3105.6
20.450000	3108.1
20.453750	3135.2
20.457500	3089.7
20.461250	3050.8
20.465000	3050.0
20.468750	3047.6
20.472500	2957.4
20.476250	2925.6
20.480000	2924.7
20.483750	2862.4
20.487500	2895.2
20.491250	2883.8
20.495000	2751.9
20.498750	2731.2
20.502500	2741.9
20.506250	2598.5
20.510000	2661.9
20.513750	2725.9
20.517500	2571.1
20.521250	2709.6
20.525000	2698.5
20.528750	2669.6
20.532500	2695.5
20.536250	2601.9
20.540000	2551.4
20.543750	2620.7
20.547500	2476.1
20.551250	2547.1
20.555000	2581.5
20.558750	2562.4
20.562500	2613.5
20.566250	2578.7
20.570000	2475.9
20.573750	2425.9
20.577500	2475.3
20.581250	2388.9
20.585000	2528.5
20.588750	2513.5
20.592500	2333.1
20.596250	2364.4
20.600000	2543.8
20.603750	2560.4
20.607500	2360.2
20.611250	2471.2
20.615000	2318.1
20.618750	2419.1
20.622500	2402.6
20.626250	2403.2
20.630000	2369.8
20.633750	2331.9
20.637500	2356.2
20.641250	2360.7
20.645000	2318.4
20.648750	2387.7
20.652500	2459.1
20.656250	2336.3
20.660000	2484.5
20.663750	2421.9
20.667500	2412.5
20.671250	2388.3
20.675000	2373.4
20.678750	2544.3
20.682500	2389.6
20.686250	2329.6
20.690000	2357.6
20.693750	2342.7
20.697500	2335.1
20.701250	2276.9
20.705000	2398.4
20.708750	2288.5
20.712500	2410.5
20.716250	2409.6
20.720000	2294.4
20.723750	2396.1
20.727500	2361.7
20.731250	2358.1
20.735000	2357.7
20.738750	2377.1
20.742500	2429.3
20.746250	2433.8
20.750000	2334.5
20.753750	2330.4
20.757500	2367.4
20.761250	2426.2
20.765000	2366.9
20.768750	2317.4
20.772500	2397.1
20.776250	2381.5
20.780000	2398.2
20.783750	2434.9
20.787500	2377.9
20.791250	2499.0
20.795000	2448.0
20.798750	2284.5
20.802500	2343.5
20.806250	2400.7
20.810000	2387.4
20.813750	2477.5
20.817500	2357.5
20.821250	2345.1
20.825000	2352.3
20.828750	2297.9
20.832500	2355.1
20.836250	2424.1
20.840000	2396.7
20.843750	2400.4
20.847500	2415.1
20.851250	2468.7
20.855000	2409.2
20.858750	2467.0
20.862500	2424.4
20.866250	2476.7
20.870000	2482.4
20.873750	2528.0
20.877500	2491.1
20.881250	2489.2
20.885000	2499.4
20.888750	2557.5
20.892500	2567.9
20.896250	2507.9
20.900000	2434.6
20.903750	2494.0
20.907500	2432.3
20.911250	2397.5
20.915000	2480.2
20.918750	2364.5
20.922500	2405.0
20.926250	2409.3
20.930000	2566.0
20.933750	2497.2
20.937500	2424.3
20.941250	2433.7
20.945000	2511.7
20.948750	2408.4
20.952500	2501.3
20.956250	2423.1
20.960000	2445.2
20.963750	2536.0
20.967500	2501.8
20.971250	2445.7
20.975000	2379.4
20.978750	2448.7
20.982500	2568.7
20.986250	2492.9
20.990000	2494.1
20.993750	2339.2
20.997500	2348.2
21.001250	2419.3
21.005000	2336.8
21.008750	2451.0
21.012500	2397.8
21.016250	2522.5
21.020000	2379.3
21.023750	2435.9
21.027500	2346.2
21.031250	2439.0
21.035000	2308.6
21.038750	2399.4
21.042500	2460.1
21.046250	2415.8
21.050000	2348.4
21.053750	2294.8
21.057500	2213.6
21.061250	2381.4
21.065000	2387.9
21.068750	2373.8
21.072500	2323.2
21.076250	2381.4
21.080000	2314.0
21.083750	2408.7
21.087500	2412.7
21.091250	2238.5
21.095000	2383.6
21.098750	2231.2
21.102500	2286.8
21.106250	2381.9
21.110000	2312.7
21.113750	2274.7
21.117500	2257.5
21.121250	2424.8
21.125000	2311.2
21.128750	2228.7
21.132500	2272.1
21.136250	2290.3
21.140000	2445.6
21.143750	2342.5
21.147500	2284.8
21.151250	2326.8
21.155000	2335.9
21.158750	2316.2
21.162500	2277.0
21.166250	2297.0
21.170000	2263.8
21.173750	2308.4
21.177500	2291.0
21.181250	2345.4
21.185000	2364.0
21.188750	2302.1
21.192500	2275.2
21.196250	2266.2
21.200000	2317.1
21.203750	2297.0
21.207500	2341.5
21.211250	2280.9
21.215000	2231.6
21.218750	2268.6
21.222500	2250.7
21.226250	2269.5
21.230000	2284.2
21.233750	2313.8
21.237500	2321.0
21.241250	2326.9
21.245000	2321.0
21.248750	2315.6
21.252500	2350.3
21.256250	2321.9
21.260000	2267.4
21.263750	2248.9
21.267500	2258.1
21.271250	2215.0
21.275000	2283.3
21.278750	2290.8
21.282500	2292.8
21.286250	2307.4
21.290000	2286.3
21.293750	2267.3
21.297500	2263.3
21.301250	2286.2
21.305000	2258.0
21.308750	2287.0
21.312500	2296.8
21.316250	2235.7
21.320000	2295.8
21.323750	2269.5
21.327500	2241.9
21.331250	2180.3
21.335000	2255.6
21.338750	2283.3
21.342500	2228.7
21.346250	2236.5
21.350000	2326.1
21.353750	2214.7
21.357500	2149.0
21.361250	2263.9
21.365000	2195.3
21.368750	2215.8
21.372500	2213.0
21.376250	2118.7
21.380000	2216.6
21.383750	2277.3
21.387500	2232.1
21.391250	2146.5
21.395000	2241.2
21.398750	2150.9
21.402500	2162.5
21.406250	2143.4
21.410000	2265.4
21.413750	2186.7
21.417500	2208.2
21.421250	2203.0
21.425000	2307.1
21.428750	2276.9
21.432500	2158.5
21.436250	2283.6
21.440000	2208.1
21.443750	2185.4
21.447500	2244.2
21.451250	2213.4
21.455000	2244.6
21.458750	2222.7
21.462500	2262.4
21.466250	2234.4
21.470000	2232.1
21.473750	2230.0
21.477500	2220.2
21.481250	2201.6
21.485000	2281.6
21.488750	2284.5
21.492500	2226.7
21.496250	2171.3
21.500000	2087.3
21.503750	2247.1
21.507500	2218.6
21.511250	2246.2
21.515000	2176.6
21.518750	2245.1
21.522500	2174.1
21.526250	2204.6
21.530000	2248.2
21.533750	2253.8
21.537500	2201.9
21.541250	2187.7
21.545000	2160.3
21.548750	2179.3
21.552500	2226.9
21.556250	2294.5
21.560000	2209.3
21.563750	2280.2
21.567500	2283.8
21.571250	2233.2
21.575000	2177.2
21.578750	2158.3
21.582500	2182.1
21.586250	2178.3
21.590000	2177.3
21.593750	2213.1
21.597500	2178.9
21.601250	2207.7
21.605000	2240.0
21.608750	2224.7
21.612500	2232.4
21.616250	2210.7
21.620000	2216.4
21.623750	2208.6
21.627500	2191.6
21.631250	2270.9
21.635000	2225.0
21.638750	2264.3
21.642500	2173.7
21.646250	2160.8
21.650000	2234.2
21.653750	2206.8
21.657500	2268.4
21.661250	2241.0
21.665000	2267.4
21.668750	2201.4
21.672500	2198.7
21.676250	2206.0
21.680000	2171.9
21.683750	2179.9
21.687500	2179.5
21.691250	2223.5
21.695000	2264.0
21.698750	2249.3
21.702500	2220.8
21.706250	2220.5
21.710000	2213.1
21.713750	2245.7
21.717500	2169.9
21.721250	2228.1
21.725000	2236.0
21.728750	2254.9
21.732500	2268.4
21.736250	2201.7
21.740000	2279.0
21.743750	2259.3
21.747500	2220.1
21.751250	2229.4
21.755000	2239.2
21.758750	2135.4
21.762500	2219.5
21.766250	2254.4
21.770000	2189.9
21.773750	2217.6
21.777500	2239.1
21.781250	2311.1
21.785000	2261.7
21.788750	2213.4
21.792500	2242.1
21.796250	2116.6
21.800000	2216.4
21.803750	2249.0
21.807500	2186.9
21.811250	2246.6
21.815000	2219.2
21.818750	2178.1
21.822500	2229.3
21.826250	2209.6
21.830000	2232.5
21.833750	2246.1
21.837500	2175.8
21.841250	2194.3
21.845000	2262.6
21.848750	2299.2
21.852500	2261.8
21.856250	2308.1
21.860000	2255.0
21.863750	2250.6
21.867500	2292.5
21.871250	2213.1
21.875000	2319.4
21.878750	2326.4
21.882500	2321.7
21.886250	2303.7
21.890000	2258.6
21.893750	2263.0
21.897500	2281.6
21.901250	2313.0
21.905000	2324.6
21.908750	2257.3
21.912500	2297.3
21.916250	2272.5
21.920000	2266.2
21.923750	2406.4
21.927500	2312.6
21.931250	2221.3
21.935000	2226.7
21.938750	2325.1
21.942500	2280.5
21.946250	2343.0
21.950000	2379.0
21.953750	2329.5
21.957500	2280.0
21.961250	2251.5
21.965000	2370.3
21.968750	2392.4
21.972500	2404.7
21.976250	2364.7
21.980000	2400.2
21.983750	2370.4
21.987500	2349.3
21.991250	2261.9
21.995000	2273.9
21.998750	2285.2
22.002500	2381.7
22.006250	2320.2
22.010000	2307.1
22.013750	2383.9
22.017500	2325.8
22.021250	2276.8
22.025000	2479.9
22.028750	2298.9
22.032500	2325.0
22.036250	2354.3
22.040000	2342.1
22.043750	2355.1
22.047500	2407.5
22.051250	2307.7
22.055000	2257.9
22.058750	2402.6
22.062500	2398.9
22.066250	2333.6
22.070000	2291.3
22.073750	2339.0
22.077500	2384.9
22.081250	2422.2
22.085000	2454.3
22.088750	2391.0
22.092500	2465.8
22.096250	2381.6
22.100000	2422.3
22.103750	2359.1
22.107500	2366.4
22.111250	2444.9
22.115000	2447.5
22.118750	2402.7
22.122500	2354.3
22.126250	2338.7
22.130000	2440.1
22.133750	2417.4
22.137500	2432.5
22.141250	2364.5
22.145000	2471.1
22.148750	2410.5
22.152500	2439.8
22.156250	2514.4
22.160000	2387.2
22.163750	2376.3
22.167500	2457.8
22.171250	2437.1
22.175000	2401.1
22.178750	2463.3
22.182500	2419.0
22.186250	2410.0
22.190000	2601.1
22.193750	2514.9
22.197500	2482.5
22.201250	2473.5
22.205000	2466.3
22.208750	2466.1
22.212500	2492.7
22.216250	2499.1
22.220000	2530.5
22.223750	2528.6
22.227500	2525.1
22.231250	2534.0
22.235000	2571.8
22.238750	2604.3
22.242500	2674.6
22.246250	2615.4
22.250000	2585.3
22.253750	2630.3
22.257500	2646.7
22.261250	2623.1
22.265000	2754.7
22.268750	2693.5
22.272500	2830.2
22.276250	2770.8
22.280000	2689.6
22.283750	2731.2
22.287500	2794.2
22.291250	2800.3
22.295000	2833.7
22.298750	2902.0
22.302500	3033.2
22.306250	2961.6
22.310000	3054.8
22.313750	2973.6
22.317500	3087.8
22.321250	3113.8
22.325000	3105.1
22.328750	3178.1
22.332500	3271.0
22.336250	3255.0
22.340000	3331.0
22.343750	3323.0
22.347500	3449.5
22.351250	3411.5
22.355000	3303.6
22.358750	3489.2
22.362500	3506.9
22.366250	3478.7
22.370000	3569.0
22.373750	3557.4
22.377500	3626.9
22.381250	3511.8
22.385000	3544.2
22.388750	3476.9
22.392500	3549.4
22.396250	3555.2
22.400000	3455.6
22.403750	3529.5
22.407500	3476.4
22.411250	3375.3
22.415000	3414.9
22.418750	3390.8
22.422500	3337.1
22.426250	3362.3
22.430000	3259.5
22.433750	3183.9
22.437500	3238.5
22.441250	3155.1
22.445000	3150.8
22.448750	3177.7
22.452500	3194.3
22.456250	3180.3
22.460000	3159.5
22.463750	3229.4
22.467500	3291.2
22.471250	3316.1
22.475000	3336.6
22.478750	3416.2
22.482500	3364.4
22.486250	3314.9
22.490000	3321.6
22.493750	3211.3
22.497500	3276.1
22.501250	3179.1
22.505000	3063.2
22.508750	3109.7
22.512500	2994.0
22.516250	2888.7
22.520000	2843.7
22.523750	2726.9
22.527500	2657.0
22.531250	2597.3
22.535000	2614.9
22.538750	2647.0
22.542500	2632.7
22.546250	2469.5
22.550000	2631.5
22.553750	2546.4
22.557500	2518.4
22.561250	2376.0
22.565000	2655.6
22.568750	2591.5
22.572500	2598.5
22.576250	2626.9
22.580000	2622.2
22.583750	2629.3
22.587500	2659.5
22.591250	2736.8
22.595000	2686.0
22.598750	2593.2
22.602500	2540.9
22.606250	2436.8
22.610000	2519.5
22.613750	2466.9
22.617500	2286.3
22.621250	2253.9
22.625000	2253.6
22.628750	2287.6
22.632500	2340.2
22.636250	2277.5
22.640000	2277.8
22.643750	2253.8
22.647500	2195.3
22.651250	2200.3
22.655000	2238.2
22.658750	2173.0
22.662500	2197.0
22.666250	2298.8
22.670000	2236.0
22.673750	2146.4
22.677500	2180.6
22.681250	2238.7
22.685000	2155.4
22.688750	2235.0
22.692500	2171.3
22.696250	2115.3
22.700000	2163.7
22.703750	2211.0
22.707500	2240.0
22.711250	2179.7
22.715000	2184.6
22.718750	2123.8
22.722500	2171.8
22.726250	2227.4
22.730000	2204.0
22.733750	2263.5
22.737500	2189.2
22.741250	2302.7
22.745000	2257.8
22.748750	2246.9
22.752500	2334.5
22.756250	2351.5
22.760000	2515.8
22.763750	2558.8
22.767500	2660.5
22.771250	2697.4
22.775000	2805.8
22.778750	2866.5
22.782500	2793.4
22.786250	2753.6
22.790000	2683.5
22.793750	2553.7
22.797500	2439.1
22.801250	2355.1
22.805000	2350.8
22.808750	2320.6
22.812500	2240.2
22.816250	2222.3
22.820000	2189.8
22.823750	2140.5
22.827500	2142.6
22.831250	2179.2
22.835000	2135.8
22.838750	2081.7
22.842500	2092.4
22.846250	2164.0
22.850000	2115.7
22.853750	2101.8
22.857500	2106.2
22.861250	2124.0
22.865000	2116.6
22.868750	2150.0
22.872500	2157.1
22.876250	2152.7
22.880000	2148.2
22.883750	2062.6
22.887500	2089.8
22.891250	2187.9
22.895000	2180.1
22.898750	2151.3
22.902500	2113.3
22.906250	2206.5
22.910000	2033.2
22.913750	2065.0
22.917500	2170.2
22.921250	2066.1
22.925000	2050.5
22.928750	2106.7
22.932500	2093.2
22.936250	2058.1
22.940000	2067.3
22.943750	2078.2
22.947500	2040.5
22.951250	2056.6
22.955000	2081.4
22.958750	2039.9
22.962500	2000.9
22.966250	2059.5
22.970000	2093.8
22.973750	2029.3
22.977500	2098.0
22.981250	2076.1
22.985000	2055.3
22.988750	2052.7
22.992500	2007.8
22.996250	1989.4
23.000000	2109.7
23.003750	2072.6
23.007500	2073.9
23.011250	2073.3
23.015000	2036.5
23.018750	2118.7
23.022500	2054.9
23.026250	2122.6
23.030000	2063.1
23.033750	2072.2
23.037500	2166.5
23.041250	2133.4
23.045000	2238.1
23.048750	2275.5
23.052500	2383.9
23.056250	2386.1
23.060000	2472.6
23.063750	2444.5
23.067500	2531.8
23.071250	2619.1
23.075000	2651.2
23.078750	2685.1
23.082500	2669.0
23.086250	2668.1
23.090000	2623.8
23.093750	2596.1
23.097500	2613.1
23.101250	2546.2
23.105000	2472.3
23.108750	2559.3
23.112500	2544.1
23.116250	2556.3
23.120000	2542.1
23.123750	2533.1
23.127500	2582.0
23.131250	2636.8
23.135000	2624.9
23.138750	2687.6
23.142500	2655.4
23.146250	2632.4
23.150000	2706.8
23.153750	2653.7
23.157500	2584.3
23.161250	2539.2
23.165000	2517.4
23.168750	2399.4
23.172500	2297.4
23.176250	2187.7
23.180000	2159.2
23.183750	2153.3
23.187500	2108.4
23.191250	2020.1
23.195000	2080.6
23.198750	2057.5
23.202500	2005.0
23.206250	2035.3
23.210000	2072.5
23.213750	2038.9
23.217500	1975.0
23.221250	1947.5
23.225000	2029.9
23.228750	2024.2
23.232500	1973.2
23.236250	2015.3
23.240000	2011.0
23.243750	1920.2
23.247500	2012.9
23.251250	2035.4
23.255000	1902.0
23.258750	1921.3
23.262500	1953.6
23.266250	1886.3
23.270000	1863.0
23.273750	2024.1
23.277500	1996.0
23.281250	1964.9
23.285000	1974.8
23.288750	1922.4
23.292500	1967.0
23.296250	1985.2
23.300000	1897.6
23.303750	1943.5
23.307500	1904.9
23.311250	1897.5
23.315000	1926.8
23.318750	2014.3
23.322500	1943.2
23.326250	1973.6
23.330000	1962.9
23.333750	1963.9
23.337500	1904.3
23.341250	1912.0
23.345000	1930.9
23.348750	1946.7
23.352500	1900.5
23.356250	1961.5
23.360000	1916.5
23.363750	1876.3
23.367500	1931.6
23.371250	1864.3
23.375000	1990.0
23.378750	1914.2
23.382500	1981.1
23.386250	1886.4
23.390000	1948.9
23.393750	1934.0
23.397500	1930.2
23.401250	1904.9
23.405000	1977.3
23.408750	1923.2
23.412500	1954.0
23.416250	1971.4
23.420000	1954.8
23.423750	1993.4
23.427500	2012.1
23.431250	2147.7
23.435000	2299.2
23.438750	2430.3
23.442500	2343.0
23.446250	2388.5
23.450000	2429.0
23.453750	2380.1
23.457500	2385.2
23.461250	2359.5
23.465000	2205.3
23.468750	2030.5
23.472500	1951.4
23.476250	1938.6
23.480000	2028.7
23.483750	1958.8
23.487500	1902.9
23.491250	1906.7
23.495000	1914.2
23.498750	1894.5
23.502500	1918.1
23.506250	1883.2
23.510000	1902.5
23.513750	2014.1
23.517500	1907.1
23.521250	1838.4
23.525000	1793.9
23.528750	1951.1
23.532500	1870.2
23.536250	1923.7
23.540000	1900.4
23.543750	1884.8
23.547500	1854.4
23.551250	1868.0
23.555000	1841.9
23.558750	1884.6
23.562500	1974.8
23.566250	1936.9
23.570000	1853.8
23.573750	1886.1
23.577500	1853.3
23.581250	1886.5
23.585000	1838.0
23.588750	1879.2
23.592500	1899.9
23.596250	1926.3
23.600000	1882.8
23.603750	1856.8
23.607500	1891.2
23.611250	1862.6
23.615000	1820.9
23.618750	1906.9
23.622500	1917.3
23.626250	1860.4
23.630000	1845.2
23.633750	1881.9
23.637500	1895.4
23.641250	1911.9
23.645000	1829.5
23.648750	1843.3
23.652500	1904.6
23.656250	1873.1
23.660000	1852.8
23.663750	1915.3
23.667500	1906.7
23.671250	1867.5
23.675000	1849.6
23.678750	1915.9
23.682500	1887.7
23.686250	1921.1
23.690000	1924.3
23.693750	1854.5
23.697500	1910.4
23.701250	1906.3
23.705000	1917.3
23.708750	1875.9
23.712500	1934.1
23.716250	1861.4
23.720000	1817.8
23.723750	1815.3
23.727500	1868.7
23.731250	1931.0
23.735000	1906.8
23.738750	1893.3
23.742500	1851.4
23.746250	1879.3
23.750000	1913.5
23.753750	1868.9
23.757500	1862.6
23.761250	1871.7
23.765000	1856.8
23.768750	1819.3
23.772500	1862.0
23.776250	1884.3
23.780000	1942.0
23.783750	1873.4
23.787500	1787.7
23.791250	1838.0
23.795000	1862.3
23.798750	1824.3
23.802500	1873.5
23.806250	1837.0
23.810000	1863.3
23.813750	1810.7
23.817500	1909.0
23.821250	1912.3
23.825000	1804.3
23.828750	1892.7
23.832500	1868.5
23.836250	1897.0
23.840000	1902.9
23.843750	1844.7
23.847500	1889.8
23.851250	1900.9
23.855000	1858.8
23.858750	1834.0
23.862500	1869.6
23.866250	1851.8
23.870000	1836.8
23.873750	1891.1
23.877500	1844.3
23.881250	1884.1
23.885000	1771.9
23.888750	1909.1
23.892500	1887.9
23.896250	1877.0
23.900000	1888.0
23.903750	1833.4
23.907500	1904.0
23.911250	1914.0
23.915000	1898.7
23.918750	1890.2
23.922500	1902.3
23.926250	1866.4
23.930000	1897.8
23.933750	1893.7
23.937500	1867.7
23.941250	1904.8
23.945000	1913.6
23.948750	1883.1
23.952500	1940.1
23.956250	1864.8
23.960000	1861.2
23.963750	1853.5
23.967500	1908.0
23.971250	1855.2
23.975000	1855.6
23.978750	1827.9
23.982500	1871.4
23.986250	1910.0
23.990000	1873.3
23.993750	1849.2
23.997500	1989.1
24.001250	1871.0
24.005000	1870.0
24.008750	1860.4
24.012500	1877.8
24.016250	1878.9
24.020000	1892.7
24.023750	1861.8
24.027500	1923.2
24.031250	1835.8
24.035000	1895.7
24.038750	1895.9
24.042500	1901.0
24.046250	1941.5
24.050000	1964.4
24.053750	1940.5
24.057500	1958.1
24.061250	1930.8
24.065000	2003.2
24.068750	1933.0
24.072500	1978.5
24.076250	2034.5
24.080000	1946.8
24.083750	2021.5
24.087500	2024.8
24.091250	1928.9
24.095000	2008.8
24.098750	2020.3
24.102500	1914.6
24.106250	2109.4
24.110000	2116.5
24.113750	2026.6
24.117500	2029.9
24.121250	1979.0
24.125000	2086.0
24.128750	2076.3
24.132500	2070.7
24.136250	2159.9
24.140000	2237.7
24.143750	2285.9
24.147500	2220.8
24.151250	2204.2
24.155000	2261.5
24.158750	2393.2
24.162500	2349.1
24.166250	2405.6
24.170000	2365.6
24.173750	2362.6
24.177500	2393.8
24.181250	2328.5
24.185000	2252.7
24.188750	2267.5
24.192500	2314.2
24.196250	2096.2
24.200000	2113.2
24.203750	2188.7
24.207500	2106.8
24.211250	2107.0
24.215000	2061.8
24.218750	2049.4
24.222500	2109.4
24.226250	2063.3
24.230000	2092.2
24.233750	2075.0
24.237500	2021.5
24.241250	2079.4
24.245000	2097.3
24.248750	2070.9
24.252500	2027.9
24.256250	2009.7
24.260000	2066.1
24.263750	2018.8
24.267500	1946.3
24.271250	1982.0
24.275000	1960.1
24.278750	1949.1
24.282500	1982.3
24.286250	2010.9
24.290000	1966.9
24.293750	1949.6
24.297500	1868.3
24.301250	1888.5
24.305000	1892.3
24.308750	1871.4
24.312500	1822.1
24.316250	1937.3
24.320000	1916.1
24.323750	1862.6
24.327500	1897.9
24.331250	1857.3
24.335000	1825.6
24.338750	1872.0
24.342500	1869.0
24.346250	1892.8
24.350000	1823.3
24.353750	1793.4
24.357500	1811.5
24.361250	1737.5
24.365000	1796.4
24.368750	1864.1
24.372500	1846.8
24.376250	1771.7
24.380000	1835.1
24.383750	1837.5
24.387500	1780.1
24.391250	1790.6
24.395000	1877.1
24.398750	1759.9
24.402500	1809.4
24.406250	1835.8
24.410000	1780.0
24.413750	1792.1
24.417500	1843.7
24.421250	1751.4
24.425000	1803.1
24.428750	1841.8
24.432500	1743.0
24.436250	1763.8
24.440000	1797.9
24.443750	1848.8
24.447500	1830.8
24.451250	1754.2
24.455000	1839.2
24.458750	1818.1
24.462500	1736.6
24.466250	1840.6
24.470000	1841.5
24.473750	1773.8
24.477500	1847.6
24.481250	1792.2
24.485000	1729.4
24.488750	1915.7
24.492500	1857.1
24.496250	1876.7
24.500000	1830.1
24.503750	1786.2
24.507500	1775.7
24.511250	1818.3
24.515000	1829.5
24.518750	1817.1
24.522500	1846.5
24.526250	1852.8
24.530000	1788.9
24.533750	1853.4
24.537500	1868.9
24.541250	1889.2
24.545000	1832.8
24.548750	1863.6
24.552500	1937.4
24.556250	1959.0
24.560000	1971.0
24.563750	1981.6
24.567500	2026.8
24.571250	2002.6
24.575000	2073.9
24.578750	2189.2
24.582500	2291.8
24.586250	2351.1
24.590000	2471.0
24.593750	2595.5
24.597500	2581.5
24.601250	2567.5
24.605000	2723.1
24.608750	2798.3
24.612500	2727.7
24.616250	2745.9
24.620000	2619.1
24.623750	2580.4
24.627500	2510.1
24.631250	2486.9
24.635000	2507.3
24.638750	2379.7
24.642500	2422.6
24.646250	2401.0
24.650000	2389.7
24.653750	2367.8
24.657500	2307.5
24.661250	2316.5
24.665000	2366.2
24.668750	2388.4
24.672500	2336.6
24.676250	2360.3
24.680000	2284.0
24.683750	2372.8
24.687500	2363.7
24.691250	2320.4
24.695000	2281.2
24.698750	2327.9
24.702500	2486.9
24.706250	2489.7
24.710000	2487.7
24.713750	2507.7
24.717500	2572.6
24.721250	2682.0
24.725000	2675.3
24.728750	2769.5
24.732500	2728.9
24.736250	2694.6
24.740000	2595.1
24.743750	2601.8
24.747500	2538.2
24.751250	2423.0
24.755000	2308.0
24.758750	2166.7
24.762500	2178.3
24.766250	2140.0
24.770000	2045.1
24.773750	2002.1
24.777500	2024.3
24.781250	1929.8
24.785000	1895.8
24.788750	1904.2
24.792500	1865.5
24.796250	1918.3
24.800000	1892.3
24.803750	1894.1
24.807500	1826.3
24.811250	1812.8
24.815000	1788.4
24.818750	1788.3
24.822500	1829.1
24.826250	1779.8
24.830000	1798.9
24.833750	1790.3
24.837500	1707.2
24.841250	1781.1
24.845000	1774.8
24.848750	1687.4
24.852500	1707.2
24.856250	1803.8
24.860000	1731.7
24.863750	1676.1
24.867500	1681.6
24.871250	1806.5
24.875000	1657.8
24.878750	1678.2
24.882500	1739.6
24.886250	1728.4
24.890000	1696.8
24.893750	1704.4
24.897500	1687.8
24.901250	1714.1
24.905000	1726.0
24.908750	1703.9
24.912500	1732.7
24.916250	1721.5
24.920000	1716.5
24.923750	1703.3
24.927500	1683.6
24.931250	1674.5
24.935000	1728.1
24.938750	1710.9
24.942500	1648.7
24.946250	1690.9
24.950000	1650.7
24.953750	1750.7
24.957500	1752.3
24.961250	1766.7
24.965000	1761.5
24.968750	1796.0
24.972500	1750.5
24.976250	1739.8
24.980000	1685.9
24.983750	1728.5
24.987500	1714.9
24.991250	1756.2
24.995000	1812.8
24.998750	1800.1
25.002500	1764.2
25.006250	1728.8
25.010000	1722.3
25.013750	1712.5
25.017500	1768.2
25.021250	1746.3
25.025000	1768.6
25.028750	1699.5
25.032500	1743.2
25.036250	1677.6
25.040000	1718.8
25.043750	1723.9
25.047500	1772.9
25.051250	1755.7
25.055000	1759.2
25.058750	1710.7
25.062500	1728.5
25.066250	1778.3
25.070000	1788.7
25.073750	1720.7
25.077500	1778.3
25.081250	1740.4
25.085000	1878.7
25.088750	1844.2
25.092500	1820.9
25.096250	1834.2
25.100000	1823.9
25.103750	1960.8
25.107500	2019.7
25.111250	1894.2
25.115000	1930.4
25.118750	1984.6
25.122500	2105.8
25.126250	2128.1
25.130000	2180.6
25.133750	2133.0
25.137500	2357.4
25.141250	2494.1
25.145000	2578.3
25.148750	2659.1
25.152500	2733.0
25.156250	2946.2
25.160000	2896.8
25.163750	2806.7
25.167500	2876.1
25.171250	2852.1
25.175000	2670.0
25.178750	2516.4
25.182500	2510.3
25.186250	2414.4
25.190000	2307.8
25.193750	2185.4
25.197500	2146.0
25.201250	2041.2
25.205000	2073.5
25.208750	1963.9
25.212500	1910.4
25.216250	1831.5
25.220000	1848.2
25.223750	1871.9
25.227500	1790.5
25.231250	1763.8
25.235000	1803.1
25.238750	1733.9
25.242500	1783.4
25.246250	1774.4
25.250000	1725.8
25.253750	1732.1
25.257500	1744.2
25.261250	1761.4
25.265000	1770.8
25.268750	1723.5
25.272500	1795.3
25.276250	1842.9
25.280000	1948.4
25.283750	1954.1
25.287500	1990.5
25.291250	2056.7
25.295000	2069.8
25.298750	2022.0
25.302500	2109.8
25.306250	2061.3
25.310000	1894.8
25.313750	1837.8
25.317500	1773.6
25.321250	1716.3
25.325000	1656.5
25.328750	1664.7
25.332500	1754.4
25.336250	1630.6
25.340000	1609.9
25.343750	1659.5
25.347500	1696.9
25.351250	1620.5
25.355000	1644.6
25.358750	1654.8
25.362500	1601.5
25.366250	1621.1
25.370000	1675.9
25.373750	1759.5
25.377500	1699.1
25.381250	1654.4
25.385000	1642.5
25.388750	1666.4
25.392500	1643.6
25.396250	1645.2
25.400000	1571.0
25.403750	1637.0
25.407500	1651.2
25.411250	1592.4
25.415000	1637.7
25.418750	1646.5
25.422500	1621.4
25.426250	1672.4
25.430000	1655.4
25.433750	1644.3
25.437500	1506.8
25.441250	1561.0
25.445000	1611.7
25.448750	1537.9
25.452500	1606.5
25.456250	1659.5
25.460000	1601.1
25.463750	1548.4
25.467500	1680.7
25.471250	1581.3
25.475000	1547.6
25.478750	1550.3
25.482500	1573.9
25.486250	1615.8
25.490000	1604.7
25.493750	1613.7
25.497500	1590.3
25.501250	1655.3
25.505000	1691.6
25.508750	1734.7
25.512500	1644.9
25.516250	1601.4
25.520000	1536.3
25.523750	1612.7
25.527500	1524.9
25.531250	1631.0
25.535000	1762.4
25.538750	1585.0
25.542500	1565.6
25.546250	1657.9
25.550000	1598.6
25.553750	1606.9
25.557500	1627.5
25.561250	1538.1
25.565000	1604.6
25.568750	1704.7
25.572500	1637.7
25.576250	1673.9
25.580000	1653.6
25.583750	1573.1
25.587500	1648.1
25.591250	1609.1
25.595000	1559.9
25.598750	1539.4
25.602500	1635.7
25.606250	1709.3
25.610000	1640.9
25.613750	1556.9
25.617500	1543.2
25.621250	1642.9
25.625000	1655.0
25.628750	1604.1
25.632500	1690.8
25.636250	1613.9
25.640000	1512.4
25.643750	1603.8
25.647500	1613.4
25.651250	1611.8
25.655000	1637.5
25.658750	1703.5
25.662500	1670.5
25.666250	1710.0
25.670000	1739.1
25.673750	1689.2
25.677500	1822.6
25.681250	1807.7
25.685000	1678.0
25.688750	1692.8
25.692500	1645.6
25.696250	1695.0
25.700000	1694.2
25.703750	1676.5
25.707500	1663.5
25.711250	1642.2
25.715000	1629.6
25.718750	1578.6
25.722500	1594.2
25.726250	1712.6
25.730000	1620.4
25.733750	1638.4
25.737500	1674.2
25.741250	1596.1
25.745000	1615.8
25.748750	1708.4
25.752500	1659.1
25.756250	1599.0
25.760000	1597.2
25.763750	1629.1
25.767500	1645.5
25.771250	1608.7
25.775000	1621.0
25.778750	1701.7
25.782500	1738.1
25.786250	1743.8
25.790000	1769.5
25.793750	1749.8
25.797500	1781.3
25.801250	1752.8
25.805000	1738.1
25.808750	1766.9
25.812500	1710.6
25.816250	1707.2
25.820000	1636.8
25.823750	1617.9
25.827500	1644.7
25.831250	1633.3
25.835000	1533.8
25.838750	1607.8
25.842500	1639.9
25.846250	1573.5
25.850000	1487.3
25.853750	1544.9
25.857500	1641.6
25.861250	1647.4
25.865000	1600.8
25.868750	1580.0
25.872500	1561.1
25.876250	1546.9
25.880000	1570.5
25.883750	1583.1
25.887500	1574.9
25.891250	1602.5
25.895000	1608.6
25.898750	1544.6
25.902500	1617.4
25.906250	1640.9
25.910000	1560.1
25.913750	1543.3
25.917500	1530.0
25.921250	1653.4
25.925000	1678.8
25.928750	1594.1
25.932500	1599.4
25.936250	1592.2
25.940000	1558.1
25.943750	1578.3
25.947500	1565.0
25.951250	1580.5
25.955000	1525.5
25.958750	1530.8
25.962500	1596.7
25.966250	1539.9
25.970000	1541.2
25.973750	1592.5
25.977500	1555.1
25.981250	1551.3
25.985000	1565.4
25.988750	1587.6
25.992500	1557.2
25.996250	1573.4
26.000000	1600.1
26.003750	1703.3
26.007500	1644.0
26.011250	1586.7
26.015000	1575.8
26.018750	1632.0
26.022500	1630.3
26.026250	1609.4
26.030000	1575.6
26.033750	1631.3
26.037500	1603.5
26.041250	1638.4
26.045000	1613.7
26.048750	1640.6
26.052500	1646.3
26.056250	1536.2
26.060000	1544.0
26.063750	1503.7
26.067500	1630.1
26.071250	1611.8
26.075000	1530.2
26.078750	1496.0
26.082500	1557.5
26.086250	1592.3
26.090000	1711.1
26.093750	1533.9
26.097500	1472.1
26.101250	1639.6
26.105000	1606.3
26.108750	1509.2
26.112500	1600.9
26.116250	1633.6
26.120000	1516.0
26.123750	1510.6
26.127500	1545.4
26.131250	1561.7
26.135000	1470.2
26.138750	1636.7
26.142500	1579.9
26.146250	1574.9
26.150000	1456.3
26.153750	1572.9
26.157500	1590.1
26.161250	1690.0
26.165000	1613.2
26.168750	1567.9
26.172500	1636.1
26.176250	1657.5
26.180000	1607.8
26.183750	1583.9
26.187500	1564.8
26.191250	1619.7
26.195000	1587.3
26.198750	1555.5
26.202500	1530.7
26.206250	1553.0
26.210000	1554.5
26.213750	1622.1
26.217500	1546.1
26.221250	1613.0
26.225000	1598.2
26.228750	1565.8
26.232500	1545.0
26.236250	1607.0
26.240000	1616.4
26.243750	1585.1
26.247500	1609.0
26.251250	1597.2
26.255000	1564.9
26.258750	1656.2
26.262500	1593.5
26.266250	1640.0
26.270000	1644.0
26.273750	1651.6
26.277500	1616.8
26.281250	1649.0
26.285000	1638.2
26.288750	1653.4
26.292500	1670.9
26.296250	1566.5
26.300000	1574.1
26.303750	1602.3
26.307500	1582.9
26.311250	1533.7
26.315000	1497.0
26.318750	1550.8
26.322500	1579.6
26.326250	1607.6
26.330000	1636.9
26.333750	1618.6
26.337500	1609.7
26.341250	1592.8
26.345000	1586.9
26.348750	1523.1
26.352500	1581.1
26.356250	1587.8
26.360000	1528.4
26.363750	1594.1
26.367500	1639.4
26.371250	1687.1
26.375000	1582.4
26.378750	1582.8
26.382500	1598.8
26.386250	1550.9
26.390000	1610.7
26.393750	1556.8
26.397500	1519.4
26.401250	1531.2
26.405000	1585.1
26.408750	1582.0
26.412500	1659.4
26.416250	1682.5
26.420000	1589.4
26.423750	1592.7
26.427500	1621.3
26.431250	1701.0
26.435000	1545.9
26.438750	1545.7
26.442500	1622.9
26.446250	1596.3
26.450000	1551.1
26.453750	1573.1
26.457500	1629.3
26.461250	1545.4
26.465000	1570.4
26.468750	1609.3
26.472500	1567.9
26.476250	1542.9
26.480000	1501.7
26.483750	1548.4
26.487500	1570.1
26.491250	1611.8
26.495000	1498.6
26.498750	1547.3
26.502500	1532.5
26.506250	1561.5
26.510000	1592.6
26.513750	1640.7
26.517500	1578.1
26.521250	1585.2
26.525000	1577.5
26.528750	1548.6
26.532500	1626.8
26.536250	1588.4
26.540000	1585.0
26.543750	1591.7
26.547500	1545.8
26.551250	1500.5
26.555000	1557.8
26.558750	1584.6
26.562500	1602.3
26.566250	1498.9
26.570000	1518.2
26.573750	1600.1
26.577500	1496.0
26.581250	1513.4
26.585000	1608.1
26.588750	1575.0
26.592500	1567.7
26.596250	1530.7
26.600000	1539.6
26.603750	1550.1
26.607500	1556.6
26.611250	1537.6
26.615000	1548.4
26.618750	1529.8
26.622500	1547.2
26.626250	1559.9
26.630000	1527.8
26.633750	1552.8
26.637500	1457.3
26.641250	1521.3
26.645000	1532.3
26.648750	1521.1
26.652500	1577.0
26.656250	1539.5
26.660000	1542.8
26.663750	1504.9
26.667500	1454.7
26.671250	1532.9
26.675000	1560.6
26.678750	1516.0
26.682500	1508.6
26.686250	1507.2
26.690000	1478.7
26.693750	1574.2
26.697500	1489.6
26.701250	1525.2
26.705000	1471.2
26.708750	1518.9
26.712500	1483.1
26.716250	1495.0
26.720000	1578.2
26.723750	1629.1
26.727500	1560.4
26.731250	1463.5
26.735000	1501.4
26.738750	1502.5
26.742500	1498.5
26.746250	1547.0
26.750000	1479.1
26.753750	1456.7
26.757500	1594.5
26.761250	1474.0
26.765000	1549.9
26.768750	1511.9
26.772500	1489.4
26.776250	1465.8
26.780000	1541.1
26.783750	1488.8
26.787500	1540.0
26.791250	1445.6
26.795000	1496.8
26.798750	1486.4
26.802500	1411.6
26.806250	1490.5
26.810000	1583.5
26.813750	1509.2
26.817500	1541.2
26.821250	1504.2
26.825000	1517.5
26.828750	1544.4
26.832500	1490.3
26.836250	1497.0
26.840000	1539.6
26.843750	1544.0
26.847500	1538.2
26.851250	1521.3
26.855000	1541.3
26.858750	1513.4
26.862500	1550.2
26.866250	1544.1
26.870000	1539.9
26.873750	1513.6
26.877500	1614.2
26.881250	1545.5
26.885000	1471.5
26.888750	1540.5
26.892500	1515.9
26.896250	1576.4
26.900000	1557.8
26.903750	1550.8
26.907500	1488.2
26.911250	1616.7
26.915000	1486.6
26.918750	1465.6
26.922500	1591.6
26.926250	1569.2
26.930000	1579.8
26.933750	1544.6
26.937500	1622.7
26.941250	1524.8
26.945000	1507.9
26.948750	1538.8
26.952500	1518.2
26.956250	1540.9
26.960000	1598.7
26.963750	1565.0
26.967500	1497.1
26.971250	1505.8
26.975000	1518.7
26.978750	1574.9
26.982500	1551.0
26.986250	1492.8
26.990000	1558.0
26.993750	1481.1
26.997500	1519.8
27.001250	1543.3
27.005000	1527.6
27.008750	1588.3
27.012500	1616.2
27.016250	1602.8
27.020000	1617.2
27.023750	1629.8
27.027500	1552.2
27.031250	1589.7
27.035000	1531.8
27.038750	1534.9
27.042500	1596.1
27.046250	1589.4
27.050000	1598.1
27.053750	1582.2
27.057500	1593.7
27.061250	1603.9
27.065000	1594.9
27.068750	1595.2
27.072500	1569.1
27.076250	1580.9
27.080000	1608.6
27.083750	1676.1
27.087500	1645.7
27.091250	1588.7
27.095000	1607.1
27.098750	1638.8
27.102500	1723.1
27.106250	1696.1
27.110000	1718.3
27.113750	1698.2
27.117500	1723.8
27.121250	1689.0
27.125000	1821.3
27.128750	1917.9
27.132500	1889.2
27.136250	1870.5
27.140000	1986.9
27.143750	1964.5
27.147500	1952.6
27.151250	1992.7
27.155000	1941.6
27.158750	1867.2
27.162500	1795.7
27.166250	1794.9
27.170000	1775.9
27.173750	1712.3
27.177500	1707.8
27.181250	1756.9
27.185000	1760.8
27.188750	1783.7
27.192500	1714.5
27.196250	1650.1
27.200000	1734.6
27.203750	1779.3
27.207500	1745.1
27.211250	1718.7
27.215000	1772.1
27.218750	1766.6
27.222500	1770.9
27.226250	1862.2
27.230000	1827.1
27.233750	1820.9
27.237500	1872.4
27.241250	1917.7
27.245000	1833.6
27.248750	1849.4
27.252500	1869.3
27.256250	1925.3
27.260000	1846.0
27.263750	1838.3
27.267500	1932.2
27.271250	1971.9
27.275000	1921.3
27.278750	1938.6
27.282500	1986.3
27.286250	1886.0
27.290000	1960.0
27.293750	2023.6
27.297500	1966.7
27.301250	1948.3
27.305000	2019.2
27.308750	1975.4
27.312500	1983.2
27.316250	1954.9
27.320000	2033.6
27.323750	2121.3
27.327500	2048.8
27.331250	2058.7
27.335000	2063.2
27.338750	2060.0
27.342500	2072.7
27.346250	2128.3
27.350000	2066.1
27.353750	2101.2
27.357500	2128.9
27.361250	2152.6
27.365000	2066.9
27.368750	2021.3
27.372500	2146.9
27.376250	2139.1
27.380000	2175.1
27.383750	2114.3
27.387500	2184.8
27.391250	2175.9
27.395000	2206.8
27.398750	2146.1
27.402500	2170.0
27.406250	2254.3
27.410000	2150.5
27.413750	2215.2
27.417500	2233.7
27.421250	2286.6
27.425000	2337.5
27.428750	2304.6
27.432500	2310.0
27.436250	2274.9
27.440000	2318.3
27.443750	2324.0
27.447500	2379.3
27.451250	2343.1
27.455000	2443.9
27.458750	2276.5
27.462500	2338.4
27.466250	2391.9
27.470000	2399.3
27.473750	2485.9
27.477500	2449.0
27.481250	2484.5
27.485000	2410.4
27.488750	2470.4
27.492500	2489.8
27.496250	2463.1
27.500000	2461.2
27.503750	2512.6
27.507500	2508.1
27.511250	2501.8
27.515000	2416.4
27.518750	2425.8
27.522500	2421.9
27.526250	2456.0
27.530000	2453.9
27.533750	2359.2
27.537500	2432.5
27.541250	2438.7
27.545000	2363.8
27.548750	2297.6
27.552500	2211.4
27.556250	2266.9
27.560000	2302.5
27.563750	2184.9
27.567500	2149.4
27.571250	2132.5
27.575000	2155.7
27.578750	2024.5
27.582500	2226.3
27.586250	2153.1
27.590000	2091.9
27.593750	2036.6
27.597500	2047.7
27.601250	1991.1
27.605000	1981.1
27.608750	1997.9
27.612500	1961.5
27.616250	1934.2
27.620000	1928.0
27.623750	1851.6
27.627500	1771.1
27.631250	1812.3
27.635000	1814.6
27.638750	1726.0
27.642500	1779.9
27.646250	1790.2
27.650000	1736.9
27.653750	1785.3
27.657500	1686.8
27.661250	1654.1
27.665000	1661.4
27.668750	1674.0
27.672500	1760.9
27.676250	1682.6
27.680000	1695.3
27.683750	1719.3
27.687500	1685.3
27.691250	1723.2
27.695000	1701.9
27.698750	1615.2
27.702500	1593.1
27.706250	1653.1
27.710000	1627.3
27.713750	1628.3
27.717500	1594.3
27.721250	1549.6
27.725000	1602.9
27.728750	1567.3
27.732500	1534.5
27.736250	1540.6
27.740000	1533.2
27.743750	1596.5
27.747500	1539.5
27.751250	1597.1
27.755000	1505.6
27.758750	1464.4
27.762500	1508.4
27.766250	1583.2
27.770000	1496.1
27.773750	1489.2
27.777500	1525.5
27.781250	1520.9
27.785000	1517.7
27.788750	1513.5
27.792500	1493.3
27.796250	1554.2
27.800000	1542.7
27.803750	1492.0
27.807500	1500.4
27.811250	1517.2
27.815000	1507.5
27.818750	1470.4
27.822500	1510.7
27.826250	1515.3
27.830000	1532.7
27.833750	1511.1
27.837500	1520.2
27.841250	1503.5
27.845000	1472.6
27.848750	1475.8
27.852500	1415.3
27.856250	1448.8
27.860000	1500.0
27.863750	1462.2
27.867500	1512.5
27.871250	1518.2
27.875000	1471.9
27.878750	1401.2
27.882500	1500.9
27.886250	1439.2
27.890000	1449.5
27.893750	1455.3
27.897500	1468.9
27.901250	1499.4
27.905000	1482.4
27.908750	1506.9
27.912500	1473.3
27.916250	1424.5
27.920000	1508.4
27.923750	1505.4
27.927500	1477.9
27.931250	1593.0
27.935000	1494.7
27.938750	1480.5
27.942500	1530.8
27.946250	1419.2
27.950000	1534.0
27.953750	1500.6
27.957500	1607.2
27.961250	1501.7
27.965000	1487.3
27.968750	1489.5
27.972500	1503.0
27.976250	1490.6
27.980000	1600.8
27.983750	1530.7
27.987500	1563.7
27.991250	1655.1
27.995000	1579.0
27.998750	1568.0
28.002500	1597.4
28.006250	1683.9
28.010000	1612.9
28.013750	1651.4
28.017500	1688.6
28.021250	1716.1
28.025000	1786.5
28.028750	1791.6
28.032500	1861.6
28.036250	1752.3
28.040000	1890.1
28.043750	1851.8
28.047500	1948.4
28.051250	2063.3
28.055000	2188.4
28.058750	2273.4
28.062500	2422.0
28.066250	2599.7
28.070000	2758.2
28.073750	3191.3
28.077500	3493.8
28.081250	4121.7
28.085000	4791.8
28.088750	5401.0
28.092500	6220.4
28.096250	6666.8
28.100000	7135.3
28.103750	7447.8
28.107500	7668.9
28.111250	7233.3
28.115000	7062.5
28.118750	6505.9
28.122500	5469.8
28.126250	4624.3
28.130000	3847.7
28.133750	3303.8
28.137500	2954.4
28.141250	2695.5
28.145000	2434.5
28.148750	2189.0
28.152500	2123.5
28.156250	2035.7
28.160000	1903.2
28.163750	1826.2
28.167500	1886.3
28.171250	1792.5
28.175000	1697.1
28.178750	1741.1
28.182500	1675.8
28.186250	1647.4
28.190000	1641.7
28.193750	1576.5
28.197500	1612.5
28.201250	1527.7
28.205000	1542.6
28.208750	1553.6
28.212500	1501.9
28.216250	1426.8
28.220000	1489.4
28.223750	1528.8
28.227500	1517.1
28.231250	1459.4
28.235000	1476.5
28.238750	1491.7
28.242500	1433.6
28.246250	1485.8
28.250000	1477.4
28.253750	1469.3
28.257500	1463.6
28.261250	1425.9
28.265000	1392.0
28.268750	1421.3
28.272500	1429.2
28.276250	1482.6
28.280000	1374.6
28.283750	1398.9
28.287500	1419.4
28.291250	1403.0
28.295000	1430.2
28.298750	1401.2
28.302500	1393.7
28.306250	1363.5
28.310000	1342.2
28.313750	1343.2
28.317500	1374.7
28.321250	1421.5
28.325000	1329.8
28.328750	1365.4
28.332500	1349.5
28.336250	1349.2
28.340000	1307.3
28.343750	1352.3
28.347500	1417.0
28.351250	1373.7
28.355000	1412.0
28.358750	1381.7
28.362500	1347.8
28.366250	1344.3
28.370000	1312.7
28.373750	1372.9
28.377500	1371.9
28.381250	1340.3
28.385000	1408.4
28.388750	1386.0
28.392500	1336.2
28.396250	1341.5
28.400000	1387.2
28.403750	1362.5
28.407500	1414.7
28.411250	1365.7
28.415000	1309.9
28.418750	1369.5
28.422500	1349.5
28.426250	1381.1
28.430000	1315.4
28.433750	1284.2
28.437500	1357.3
28.441250	1377.9
28.445000	1313.9
28.448750	1322.4
28.452500	1321.9
28.456250	1348.7
28.460000	1356.0
28.463750	1345.4
28.467500	1307.5
28.471250	1295.2
28.475000	1339.8
28.478750	1305.9
28.482500	1298.7
28.486250	1336.1
28.490000	1348.8
28.493750	1350.7
28.497500	1326.0
28.501250	1308.7
28.505000	1284.0
28.508750	1341.1
28.512500	1289.2
28.516250	1308.1
28.520000	1370.3
28.523750	1328.3
28.527500	1301.6
28.531250	1310.2
28.535000	1339.8
28.538750	1293.8
28.542500	1341.0
28.546250	1350.8
28.550000	1369.4
28.553750	1357.0
28.557500	1283.4
28.561250	1363.3
28.565000	1351.7
28.568750	1324.5
28.572500	1338.4
28.576250	1321.5
28.580000	1325.9
28.583750	1279.1
28.587500	1337.1
28.591250	1361.5
28.595000	1355.8
28.598750	1375.7
28.602500	1348.7
28.606250	1287.4
28.610000	1286.0
28.613750	1320.1
28.617500	1317.4
28.621250	1316.8
28.625000	1331.4
28.628750	1230.3
28.632500	1227.8
28.636250	1345.2
28.640000	1337.3
28.643750	1357.7
28.647500	1319.7
28.651250	1324.1
28.655000	1318.7
28.658750	1266.2
28.662500	1284.0
28.666250	1289.4
28.670000	1268.2
28.673750	1293.9
28.677500	1286.8
28.681250	1331.5
28.685000	1417.9
28.688750	1286.9
28.692500	1289.3
28.696250	1296.2
28.700000	1333.7
28.703750	1298.0
28.707500	1290.7
28.711250	1288.5
28.715000	1303.1
28.718750	1320.1
28.722500	1288.6
28.726250	1296.3
28.730000	1295.1
28.733750	1290.9
28.737500	1272.6
28.741250	1297.4
28.745000	1302.1
28.748750	1281.9
28.752500	1333.7
28.756250	1259.4
28.760000	1309.9
28.763750	1270.4
28.767500	1269.6
28.771250	1295.5
28.775000	1233.4
28.778750	1243.4
28.782500	1280.5
28.786250	1321.7
28.790000	1337.2
28.793750	1361.3
28.797500	1368.7
28.801250	1377.3
28.805000	1319.4
28.808750	1309.8
28.812500	1282.1
28.816250	1272.9
28.820000	1289.4
28.823750	1285.7
28.827500	1282.1
28.831250	1324.3
28.835000	1330.9
28.838750	1326.3
28.842500	1336.8
28.846250	1262.3
28.850000	1296.0
28.853750	1282.4
28.857500	1251.4
28.861250	1282.5
28.865000	1291.6
28.868750	1313.2
28.872500	1316.7
28.876250	1352.9
28.880000	1300.0
28.883750	1344.0
28.887500	1330.1
28.891250	1334.6
28.895000	1315.7
28.898750	1324.9
28.902500	1326.1
28.906250	1330.8
28.910000	1286.7
28.913750	1350.6
28.917500	1325.8
28.921250	1307.3
28.925000	1365.0
28.928750	1398.3
28.932500	1380.2
28.936250	1351.6
28.940000	1347.9
28.943750	1426.4
28.947500	1463.1
28.951250	1569.3
28.955000	1485.9
28.958750	1526.3
28.962500	1515.7
28.966250	1572.6
28.970000	1604.2
28.973750	1559.4
28.977500	1582.6
28.981250	1537.6
28.985000	1555.8
28.988750	1558.6
28.992500	1573.4
28.996250	1443.3
29.000000	1498.0
29.003750	1524.4
29.007500	1515.9
29.011250	1454.4
29.015000	1411.0
29.018750	1456.6
29.022500	1496.1
29.026250	1501.5
29.030000	1425.0
29.033750	1395.7
29.037500	1427.6
29.041250	1497.9
29.045000	1399.4
29.048750	1461.5
29.052500	1404.8
29.056250	1401.5
29.060000	1434.8
29.063750	1462.4
29.067500	1456.3
29.071250	1434.3
29.075000	1395.7
29.078750	1436.5
29.082500	1421.7
29.086250	1370.5
29.090000	1372.0
29.093750	1406.9
29.097500	1467.3
29.101250	1443.8
29.105000	1457.2
29.108750	1426.5
29.112500	1396.2
29.116250	1423.8
29.120000	1367.0
29.123750	1407.1
29.127500	1500.3
29.131250	1470.4
29.135000	1446.0
29.138750	1463.1
29.142500	1494.6
29.146250	1511.2
29.150000	1466.3
29.153750	1490.5
29.157500	1548.6
29.161250	1592.6
29.165000	1548.2
29.168750	1536.9
29.172500	1536.6
29.176250	1493.2
29.180000	1480.9
29.183750	1533.2
29.187500	1505.8
29.191250	1491.6
29.195000	1505.1
29.198750	1495.5
29.202500	1474.5
29.206250	1503.7
29.210000	1544.1
29.213750	1558.6
29.217500	1565.8
29.221250	1497.6
29.225000	1495.2
29.228750	1399.4
29.232500	1406.9
29.236250	1359.3
29.240000	1381.2
29.243750	1340.3
29.247500	1317.5
29.251250	1293.7
29.255000	1282.1
29.258750	1295.7
29.262500	1288.7
29.266250	1297.2
29.270000	1317.0
29.273750	1303.6
29.277500	1265.9
29.281250	1328.7
29.285000	1227.4
29.288750	1274.4
29.292500	1324.4
29.296250	1221.6
29.300000	1287.3
29.303750	1282.0
29.307500	1248.2
29.311250	1249.0
29.315000	1279.7
29.318750	1280.2
29.322500	1225.8
29.326250	1227.4
29.330000	1275.6
29.333750	1225.3
29.337500	1298.7
29.341250	1249.6
29.345000	1221.9
29.348750	1263.3
29.352500	1189.3
29.356250	1300.7
29.360000	1282.7
29.363750	1237.3
29.367500	1227.7
29.371250	1273.9
29.375000	1254.3
29.378750	1267.6
29.382500	1131.5
29.386250	1214.5
29.390000	1251.6
29.393750	1191.7
29.397500	1226.2
29.401250	1265.4
29.405000	1194.4
29.408750	1256.4
29.412500	1229.3
29.416250	1216.8
29.420000	1246.3
29.423750	1207.5
29.427500	1236.3
29.431250	1295.8
29.435000	1212.9
29.438750	1161.5
29.442500	1196.9
29.446250	1165.2
29.450000	1243.9
29.453750	1309.7
29.457500	1184.4
29.461250	1236.4
29.465000	1279.9
29.468750	1195.8
29.472500	1204.4
29.476250	1256.5
29.480000	1174.8
29.483750	1287.9
29.487500	1256.8
29.491250	1242.1
29.495000	1208.7
29.498750	1266.5
29.502500	1202.8
29.506250	1176.6
29.510000	1210.6
29.513750	1229.7
29.517500	1303.5
29.521250	1206.3
29.525000	1271.0
29.528750	1253.5
29.532500	1217.7
29.536250	1217.3
29.540000	1177.2
29.543750	1203.5
29.547500	1243.5
29.551250	1230.3
29.555000	1199.9
29.558750	1207.1
29.562500	1206.4
29.566250	1273.3
29.570000	1212.9
29.573750	1224.0
29.577500	1264.4
29.581250	1197.1
29.585000	1169.2
29.588750	1222.8
29.592500	1208.5
29.596250	1198.2
29.600000	1211.2
29.603750	1257.5
29.607500	1274.3
29.611250	1264.7
29.615000	1274.3
29.618750	1332.0
29.622500	1249.2
29.626250	1254.4
29.630000	1272.8
29.633750	1325.9
29.637500	1255.8
29.641250	1314.9
29.645000	1318.6
29.648750	1292.8
29.652500	1281.2
29.656250	1276.1
29.660000	1279.2
29.663750	1268.9
29.667500	1276.3
29.671250	1252.6
29.675000	1314.7
29.678750	1229.5
29.682500	1203.3
29.686250	1214.2
29.690000	1195.4
29.693750	1239.4
29.697500	1274.4
29.701250	1216.5
29.705000	1243.4
29.708750	1186.3
29.712500	1233.3
29.716250	1253.2
29.720000	1267.0
29.723750	1234.3
29.727500	1251.4
29.731250	1177.2
29.735000	1247.0
29.738750	1310.7
29.742500	1214.6
29.746250	1227.7
29.750000	1210.9
29.753750	1219.3
29.757500	1179.5
29.761250	1218.1
29.765000	1211.2
29.768750	1227.7
29.772500	1208.7
29.776250	1272.7
29.780000	1213.7
29.783750	1233.8
29.787500	1331.1
29.791250	1316.4
29.795000	1300.8
29.798750	1344.1
29.802500	1254.1
29.806250	1324.3
29.810000	1368.4
29.813750	1362.8
29.817500	1312.6
29.821250	1405.1
29.825000	1319.0
29.828750	1376.1
29.832500	1383.3
29.836250	1385.4
29.840000	1330.2
29.843750	1412.1
29.847500	1367.9
29.851250	1311.1
29.855000	1361.6
29.858750	1330.2
29.862500	1334.1
29.866250	1285.1
29.870000	1257.5
29.873750	1350.8
29.877500	1347.5
29.881250	1302.6
29.885000	1247.8
29.888750	1282.5
29.892500	1221.4
29.896250	1260.4
29.900000	1160.0
29.903750	1223.4
29.907500	1224.7
29.911250	1246.1
29.915000	1227.8
29.918750	1146.1
29.922500	1210.9
29.926250	1237.7
29.930000	1184.3
29.933750	1153.0
29.937500	1168.4
29.941250	1190.0
29.945000	1215.0
29.948750	1169.1
29.952500	1211.2
29.956250	1156.9
29.960000	1193.5
29.963750	1290.8
29.967500	1146.1
29.971250	1185.6
29.975000	1186.0
29.978750	1182.8
29.982500	1137.1
29.986250	1198.5
29.990000	1179.7
29.993750	1180.7
29.997500	1108.6
30.001250	1183.8
30.005000	1203.3
30.008750	1174.8
30.012500	1091.4
30.016250	1156.1
30.020000	1233.1
30.023750	1221.4
30.027500	1228.3
30.031250	1225.2
30.035000	1173.8
30.038750	1099.6
30.042500	1177.2
30.046250	1141.0
30.050000	1182.3
30.053750	1100.1
30.057500	1171.8
30.061250	1212.4
30.065000	1178.1
30.068750	1175.8
30.072500	1187.9
30.076250	1124.4
30.080000	1160.5
30.083750	1163.8
30.087500	1151.1
30.091250	1229.9
30.095000	1121.8
30.098750	1166.8
30.102500	1178.8
30.106250	1144.0
30.110000	1164.1
30.113750	1167.7
30.117500	1199.8
30.121250	1193.4
30.125000	1182.6
30.128750	1164.4
30.132500	1188.8
30.136250	1123.8
30.140000	1209.1
30.143750	1232.1
30.147500	1220.9
30.151250	1205.5
30.155000	1210.1
30.158750	1201.2
30.162500	1198.7
30.166250	1214.0
30.170000	1250.7
30.173750	1228.5
30.177500	1207.8
30.181250	1230.3
30.185000	1257.1
30.188750	1262.8
30.192500	1277.9
30.196250	1211.0
30.200000	1164.3
30.203750	1254.2
30.207500	1271.5
30.211250	1256.5
30.215000	1243.0
30.218750	1287.6
30.222500	1257.2
30.226250	1196.1
30.230000	1175.3
30.233750	1222.3
30.237500	1208.6
30.241250	1145.9
30.245000	1191.1
30.248750	1220.8
30.252500	1206.7
30.256250	1197.1
30.260000	1175.4
30.263750	1232.4
30.267500	1194.1
30.271250	1194.5
30.275000	1247.0
30.278750	1219.3
30.282500	1176.8
30.286250	1146.3
30.290000	1173.0
30.293750	1170.4
30.297500	1211.5
30.301250	1157.9
30.305000	1148.1
30.308750	1146.2
30.312500	1149.8
30.316250	1219.0
30.320000	1196.1
30.323750	1199.9
30.327500	1167.3
30.331250	1171.4
30.335000	1216.1
30.338750	1155.6
30.342500	1179.5
30.346250	1204.9
30.350000	1211.5
30.353750	1223.8
30.357500	1237.3
30.361250	1261.2
30.365000	1151.2
30.368750	1178.1
30.372500	1201.2
30.376250	1132.0
30.380000	1140.5
30.383750	1204.4
30.387500	1215.1
30.391250	1191.6
30.395000	1200.8
30.398750	1259.2
30.402500	1220.9
30.406250	1135.5
30.410000	1204.9
30.413750	1260.2
30.417500	1214.6
30.421250	1225.2
30.425000	1218.6
30.428750	1223.0
30.432500	1158.9
30.436250	1191.2
30.440000	1197.0
30.443750	1263.5
30.447500	1196.1
30.451250	1161.3
30.455000	1189.2
30.458750	1262.4
30.462500	1196.8
30.466250	1184.4
30.470000	1199.2
30.473750	1215.7
30.477500	1245.1
30.481250	1193.8
30.485000	1243.8
30.488750	1263.9
30.492500	1317.5
30.496250	1244.7
30.500000	1200.7
30.503750	1308.2
30.507500	1389.4
30.511250	1246.9
30.515000	1315.7
30.518750	1211.0
30.522500	1338.2
30.526250	1324.2
30.530000	1352.4
30.533750	1367.4
30.537500	1268.8
30.541250	1295.5
30.545000	1314.2
30.548750	1356.4
30.552500	1411.0
30.556250	1346.3
30.560000	1422.4
30.563750	1371.1
30.567500	1293.0
30.571250	1405.9
30.575000	1326.1
30.578750	1402.8
30.582500	1394.2
30.586250	1448.2
30.590000	1384.7
30.593750	1235.7
30.597500	1258.0
30.601250	1325.2
30.605000	1448.2
30.608750	1226.6
30.612500	1212.7
30.616250	1174.2
30.620000	1292.8
30.623750	1258.2
30.627500	1263.4
30.631250	1174.0
30.635000	1154.3
30.638750	1178.3
30.642500	1226.6
30.646250	1168.6
30.650000	1263.6
30.653750	1201.8
30.657500	1143.1
30.661250	1214.9
30.665000	1209.2
30.668750	1263.1
30.672500	1177.0
30.676250	1178.9
30.680000	1251.3
30.683750	1196.9
30.687500	1131.5
30.691250	1108.7
30.695000	1151.1
30.698750	1178.5
30.702500	1184.2
30.706250	1195.9
30.710000	1121.1
30.713750	1128.9
30.717500	1105.5
30.721250	1126.6
30.725000	1149.6
30.728750	1134.4
30.732500	1140.1
30.736250	1188.4
30.740000	1169.8
30.743750	1162.3
30.747500	1154.9
30.751250	1121.8
30.755000	1139.8
30.758750	1141.4
30.762500	1159.1
30.766250	1172.2
30.770000	1170.7
30.773750	1103.6
30.777500	1205.0
30.781250	1147.5
30.785000	1077.9
30.788750	1127.7
30.792500	1164.6
30.796250	1158.9
30.800000	1154.3
30.803750	1115.6
30.807500	1175.9
30.811250	1126.3
30.815000	1142.0
30.818750	1094.6
30.822500	1115.8
30.826250	1159.8
30.830000	1143.8
30.833750	1169.7
30.837500	1099.1
30.841250	1143.9
30.845000	1194.6
30.848750	1182.0
30.852500	1125.0
30.856250	1135.2
30.860000	1184.3
30.863750	1070.3
30.867500	1096.8
30.871250	1225.6
30.875000	1106.2
30.878750	1143.2
30.882500	1153.6
30.886250	1157.5
30.890000	1169.7
30.893750	1097.5
30.897500	1125.0
30.901250	1114.4
30.905000	1142.5
30.908750	1131.9
30.912500	1169.4
30.916250	1155.3
30.920000	1167.1
30.923750	1112.4
30.927500	1184.9
30.931250	1197.0
30.935000	1168.0
30.938750	1144.2
30.942500	1169.8
30.946250	1147.8
30.950000	1131.5
30.953750	1153.8
30.957500	1194.0
30.961250	1207.8
30.965000	1159.1
30.968750	1106.1
30.972500	1185.5
30.976250	1160.1
30.980000	1147.9
30.983750	1111.0
30.987500	1179.5
30.991250	1169.8
30.995000	1180.1
30.998750	1086.1
31.002500	1201.8
31.006250	1187.6
31.010000	1161.2
31.013750	1106.5
31.017500	1144.6
31.021250	1146.3
31.025000	1121.7
31.028750	1090.2
31.032500	1120.8
31.036250	1120.3
31.040000	1102.2
31.043750	1096.2
31.047500	1155.8
31.051250	1117.2
31.055000	1127.5
31.058750	1149.8
31.062500	1130.8
31.066250	1063.6
31.070000	1108.6
31.073750	1108.4
31.077500	1138.2
31.081250	1105.6
31.085000	1096.2
31.088750	1100.4
31.092500	1030.6
31.096250	1112.7
31.100000	1102.9
31.103750	1003.5
31.107500	1061.6
31.111250	1126.2
31.115000	1188.2
31.118750	1104.4
31.122500	1153.8
31.126250	1156.6
31.130000	1124.1
31.133750	1136.5
31.137500	1155.5
31.141250	1046.6
31.145000	1039.2
31.148750	1043.5
31.152500	1070.2
31.156250	1141.1
31.160000	1139.2
31.163750	1126.3
31.167500	1209.5
31.171250	1071.1
31.175000	1150.3
31.178750	1121.9
31.182500	1087.5
31.186250	1099.9
31.190000	1110.7
31.193750	1117.1
31.197500	1105.8
31.201250	1108.4
31.205000	1084.1
31.208750	1133.1
31.212500	1166.9
31.216250	1117.5
31.220000	1101.7
31.223750	1118.2
31.227500	1168.6
31.231250	1106.3
31.235000	1065.5
31.238750	1128.1
31.242500	1145.5
31.246250	1112.6
31.250000	1114.6
31.253750	1136.3
31.257500	1100.2
31.261250	1074.4
31.265000	1068.3
31.268750	1117.5
31.272500	1112.0
31.276250	1136.2
31.280000	1131.8
31.283750	1128.0
31.287500	1072.6
31.291250	1104.0
31.295000	1090.2
31.298750	1111.7
31.302500	1095.8
31.306250	1093.2
31.310000	1070.7
31.313750	1118.2
31.317500	1162.8
31.321250	1130.3
31.325000	1162.1
31.328750	1132.5
31.332500	1150.2
31.336250	1080.0
31.340000	1180.5
31.343750	1151.1
31.347500	1172.6
31.351250	1141.4
31.355000	1214.7
31.358750	1180.4
31.362500	1195.6
31.366250	1176.7
31.370000	1175.2
31.373750	1144.1
31.377500	1180.4
31.381250	1149.7
31.385000	1196.1
31.388750	1109.1
31.392500	1132.6
31.396250	1133.9
31.400000	1168.1
31.403750	1138.6
31.407500	1112.9
31.411250	1192.9
31.415000	1152.6
31.418750	1177.6
31.422500	1129.5
31.426250	1081.2
31.430000	1125.4
31.433750	1090.7
31.437500	1074.5
31.441250	1128.3
31.445000	1102.4
31.448750	1163.1
31.452500	1122.2
31.456250	1157.1
31.460000	1170.0
31.463750	1140.8
31.467500	1159.4
31.471250	1170.6
31.475000	1076.9
31.478750	1152.9
31.482500	1105.4
31.486250	1138.0
31.490000	1115.8
31.493750	1098.1
31.497500	1112.8
31.501250	1097.9
31.505000	1095.5
31.508750	1195.1
31.512500	1216.0
31.516250	1145.3
31.520000	1122.1
31.523750	1154.7
31.527500	1168.4
31.531250	1140.1
31.535000	1118.8
31.538750	1197.6
31.542500	1212.1
31.546250	1207.7
31.550000	1230.6
31.553750	1231.7
31.557500	1271.7
31.561250	1257.1
31.565000	1153.0
31.568750	1233.7
31.572500	1242.9
31.576250	1288.4
31.580000	1290.6
31.583750	1246.7
31.587500	1225.2
31.591250	1219.9
31.595000	1150.1
31.598750	1158.7
31.602500	1165.5
31.606250	1150.8
31.610000	1180.8
31.613750	1173.1
31.617500	1187.6
31.621250	1136.4
31.625000	1169.5
31.628750	1160.5
31.632500	1195.3
31.636250	1174.1
31.640000	1159.3
31.643750	1191.9
31.647500	1231.3
31.651250	1094.6
31.655000	1123.1
31.658750	1157.4
31.662500	1138.1
31.666250	1092.6
31.670000	1110.8
31.673750	1190.2
31.677500	1155.3
31.681250	1143.7
31.685000	1177.3
31.688750	1114.9
31.692500	1117.2
31.696250	1162.2
31.700000	1116.6
31.703750	1161.8
31.707500	1135.3
31.711250	1121.1
31.715000	1132.5
31.718750	1101.3
31.722500	1123.7
31.726250	1220.3
31.730000	1203.3
31.733750	1178.0
31.737500	1175.0
31.741250	1176.2
31.745000	1180.6
31.748750	1255.0
31.752500	1211.2
31.756250	1199.2
31.760000	1199.6
31.763750	1203.6
31.767500	1240.9
31.771250	1183.8
31.775000	1183.5
31.778750	1211.4
31.782500	1186.5
31.786250	1194.5
31.790000	1158.1
31.793750	1172.1
31.797500	1272.3
31.801250	1242.8
31.805000	1251.5
31.808750	1267.3
31.812500	1247.7
31.816250	1278.0
31.820000	1266.1
31.823750	1255.5
31.827500	1292.2
31.831250	1332.4
31.835000	1260.6
31.838750	1245.7
31.842500	1340.6
31.846250	1314.5
31.850000	1358.3
31.853750	1340.5
31.857500	1425.2
31.861250	1476.5
31.865000	1570.7
31.868750	1590.0
31.872500	1750.0
31.876250	1908.4
31.880000	1926.9
31.883750	1932.7
31.887500	1965.3
31.891250	1992.8
31.895000	2013.3
31.898750	1949.5
31.902500	1875.2
31.906250	1779.1
31.910000	1587.4
31.913750	1529.9
31.917500	1471.2
31.921250	1385.6
31.925000	1339.3
31.928750	1270.5
31.932500	1224.3
31.936250	1214.5
31.940000	1252.4
31.943750	1259.8
31.947500	1238.6
31.951250	1280.7
31.955000	1208.3
31.958750	1165.2
31.962500	1208.5
31.966250	1255.5
31.970000	1208.7
31.973750	1195.5
31.977500	1207.5
31.981250	1219.0
31.985000	1232.4
31.988750	1178.3
31.992500	1104.9
31.996250	1191.1
32.000000	1184.3
32.003750	1159.0
32.007500	1149.8
32.011250	1155.3
32.015000	1179.4
32.018750	1152.7
32.022500	1099.0
32.026250	1115.6
32.030000	1156.3
32.033750	1141.5
32.037500	1183.4
32.041250	1128.5
32.045000	1074.1
32.048750	1180.0
32.052500	1128.5
32.056250	1209.0
32.060000	1153.9
32.063750	1111.6
32.067500	1083.5
32.071250	1156.4
32.075000	1163.5
32.078750	1106.5
32.082500	1105.4
32.086250	1114.5
32.090000	1131.6
32.093750	1127.1
32.097500	1160.5
32.101250	1084.3
32.105000	1054.7
32.108750	1055.9
32.112500	1115.2
32.116250	1086.9
32.120000	1102.8
32.123750	1133.2
32.127500	1110.8
32.131250	1085.4
32.135000	1056.1
32.138750	1111.5
32.142500	1152.3
32.146250	1091.8
32.150000	1114.4
32.153750	1114.1
32.157500	1033.6
32.161250	1100.3
32.165000	1123.7
32.168750	1107.4
32.172500	1121.9
32.176250	1096.0
32.180000	1081.3
32.183750	1145.9
32.187500	1076.1
32.191250	1112.5
32.195000	1142.2
32.198750	1114.9
32.202500	1072.6
32.206250	1068.7
32.210000	1131.1
32.213750	1137.4
32.217500	1077.5
32.221250	1061.2
32.225000	1046.5
32.228750	1023.6
32.232500	1056.2
32.236250	1062.1
32.240000	1052.7
32.243750	1100.9
32.247500	1080.8
32.251250	1058.7
32.255000	1081.9
32.258750	1046.2
32.262500	1050.6
32.266250	1087.9
32.270000	1099.8
32.273750	1048.9
32.277500	1095.4
32.281250	1066.0
32.285000	1044.6
32.288750	1122.7
32.292500	1095.8
32.296250	1033.0
32.300000	1069.6
32.303750	1037.8
32.307500	1074.5
32.311250	1056.7
32.315000	1046.8
32.318750	1060.6
32.322500	1116.7
32.326250	1057.0
32.330000	1046.5
32.333750	1093.6
32.337500	1099.4
32.341250	1081.6
32.345000	1090.6
32.348750	1094.4
32.352500	1120.5
32.356250	1114.3
32.360000	1119.3
32.363750	1069.2
32.367500	1122.9
32.371250	1116.2
32.375000	1111.8
32.378750	1167.5
32.382500	1212.8
32.386250	1183.2
32.390000	1158.5
32.393750	1236.3
32.397500	1205.5
32.401250	1222.5
32.405000	1265.7
32.408750	1282.2
32.412500	1278.3
32.416250	1217.5
32.420000	1199.0
32.423750	1208.3
32.427500	1194.0
32.431250	1197.6
32.435000	1151.8
32.438750	1115.3
32.442500	1133.8
32.446250	1109.3
32.450000	1108.9
32.453750	1114.5
32.457500	1151.4
32.461250	1115.2
32.465000	1061.9
32.468750	1134.7
32.472500	1084.3
32.476250	969.1
32.480000	1027.4
32.483750	1060.8
32.487500	1062.5
32.491250	1011.3
32.495000	1028.8
32.498750	1063.7
32.502500	1089.3
32.506250	1101.6
32.510000	1097.4
32.513750	1043.3
32.517500	1055.7
32.521250	1063.7
32.525000	1056.1
32.528750	1029.9
32.532500	1034.4
32.536250	1036.1
32.540000	1053.7
32.543750	1035.6
32.547500	1113.8
32.551250	1112.1
32.555000	1043.2
32.558750	1063.4
32.562500	1082.2
32.566250	1037.7
32.570000	999.0
32.573750	1029.5
32.577500	1086.5
32.581250	1064.2
32.585000	1074.1
32.588750	1056.9
32.592500	1068.6
32.596250	1080.7
32.600000	1079.8
32.603750	1103.0
32.607500	1109.9
32.611250	1116.2
32.615000	1067.8
32.618750	1085.2
32.622500	1073.7
32.626250	1055.5
32.630000	1074.5
32.633750	1029.9
32.637500	1004.7
32.641250	1026.6
32.645000	1061.8
32.648750	1047.5
32.652500	1036.1
32.656250	1059.7
32.660000	1133.3
32.663750	1076.3
32.667500	1095.0
32.671250	1054.3
32.675000	1073.9
32.678750	1084.9
32.682500	1086.1
32.686250	1100.9
32.690000	1124.0
32.693750	1067.2
32.697500	1050.9
32.701250	1106.8
32.705000	1053.6
32.708750	1093.7
32.712500	1081.3
32.716250	1076.9
32.720000	1070.0
32.723750	1118.8
32.727500	1072.1
32.731250	1060.2
32.735000	1067.2
32.738750	1095.9
32.742500	1165.2
32.746250	1140.1
32.750000	1123.9
32.753750	1146.8
32.757500	1101.2
32.761250	1090.7
32.765000	1145.7
32.768750	1123.7
32.772500	1127.2
32.776250	1125.8
32.780000	1122.9
32.783750	1147.1
32.787500	1098.0
32.791250	1165.9
32.795000	1128.1
32.798750	1077.6
32.802500	1104.4
32.806250	1139.4
32.810000	1164.7
32.813750	1161.9
32.817500	1124.2
32.821250	1120.1
32.825000	1158.8
32.828750	1130.6
32.832500	1175.8
32.836250	1187.9
32.840000	1186.2
32.843750	1159.5
32.847500	1174.2
32.851250	1098.8
32.855000	1160.6
32.858750	1195.2
32.862500	1248.8
32.866250	1193.0
32.870000	1085.4
32.873750	1126.3
32.877500	1168.0
32.881250	1147.1
32.885000	1175.3
32.888750	1142.4
32.892500	1179.8
32.896250	1215.6
32.900000	1267.4
32.903750	1229.7
32.907500	1182.8
32.911250	1242.1
32.915000	1184.1
32.918750	1162.7
32.922500	1215.4
32.926250	1248.7
32.930000	1244.3
32.933750	1150.3
32.937500	1208.3
32.941250	1244.9
32.945000	1251.2
32.948750	1197.5
32.952500	1257.4
32.956250	1217.6
32.960000	1193.6
32.963750	1235.4
32.967500	1279.3
32.971250	1198.1
32.975000	1276.9
32.978750	1213.8
32.982500	1195.7
32.986250	1209.9
32.990000	1158.8
32.993750	1236.5
32.997500	1317.9
33.001250	1182.8
33.005000	1237.5
33.008750	1269.2
33.012500	1221.1
33.016250	1299.2
33.020000	1263.6
33.023750	1244.0
33.027500	1201.5
33.031250	1167.3
33.035000	1194.8
33.038750	1235.5
33.042500	1195.4
33.046250	1288.1
33.050000	1307.1
33.053750	1244.5
33.057500	1221.5
33.061250	1305.4
33.065000	1246.1
33.068750	1260.0
33.072500	1283.6
33.076250	1251.3
33.080000	1268.4
33.083750	1213.7
33.087500	1259.8
33.091250	1334.0
33.095000	1299.8
33.098750	1275.8
33.102500	1282.2
33.106250	1315.2
33.110000	1209.9
33.113750	1298.2
33.117500	1333.5
33.121250	1277.9
33.125000	1219.5
33.128750	1337.5
33.132500	1356.4
33.136250	1321.8
33.140000	1339.0
33.143750	1373.5
33.147500	1362.0
33.151250	1356.8
33.155000	1361.3
33.158750	1408.7
33.162500	1312.0
33.166250	1354.4
33.170000	1403.4
33.173750	1486.3
33.177500	1421.1
33.181250	1394.3
33.185000	1418.7
33.188750	1423.1
33.192500	1430.2
33.196250	1470.7
33.200000	1428.0
33.203750	1454.4
33.207500	1384.5
33.211250	1389.5
33.215000	1358.5
33.218750	1417.8
33.222500	1406.5
33.226250	1412.5
33.230000	1385.2
33.233750	1291.3
33.237500	1336.0
33.241250	1334.6
33.245000	1381.8
33.248750	1392.9
33.252500	1358.4
33.256250	1333.8
33.260000	1354.8
33.263750	1296.8
33.267500	1333.9
33.271250	1254.8
33.275000	1293.4
33.278750	1316.2
33.282500	1236.8
33.286250	1233.8
33.290000	1274.0
33.293750	1246.9
33.297500	1208.4
33.301250	1215.5
33.305000	1214.6
33.308750	1216.1
33.312500	1233.4
33.316250	1210.4
33.320000	1190.3
33.323750	1169.6
33.327500	1144.8
33.331250	1129.6
33.335000	1148.9
33.338750	1077.2
33.342500	1121.1
33.346250	1172.3
33.350000	1162.9
33.353750	1097.2
33.357500	1104.8
33.361250	1128.6
33.365000	1137.6
33.368750	1072.8
33.372500	1127.2
33.376250	1144.9
33.380000	1061.4
33.383750	1063.3
33.387500	1064.3
33.391250	1075.3
33.395000	1066.9
33.398750	1048.8
33.402500	1051.8
33.406250	1049.2
33.410000	1044.6
33.413750	1045.1
33.417500	1032.4
33.421250	1073.1
33.425000	1039.0
33.428750	1060.0
33.432500	1007.5
33.436250	1001.1
33.440000	1082.6
33.443750	1090.8
33.447500	1050.7
33.451250	1051.3
33.455000	1069.9
33.458750	1105.5
33.462500	1050.8
33.466250	1048.6
33.470000	1030.6
33.473750	1038.9
33.477500	1045.2
33.481250	1054.4
33.485000	1027.8
33.488750	1062.5
33.492500	1011.5
33.496250	969.4
33.500000	952.7
33.503750	1017.7
33.507500	1020.4
33.511250	1036.7
33.515000	1015.0
33.518750	1021.0
33.522500	1028.9
33.526250	1026.9
33.530000	1024.7
33.533750	1046.3
33.537500	1016.1
33.541250	1020.2
33.545000	1031.2
33.548750	1017.6
33.552500	1066.5
33.556250	998.8
33.560000	1009.0
33.563750	1065.3
33.567500	1000.7
33.571250	964.7
33.575000	1040.4
33.578750	1022.0
33.582500	983.2
33.586250	1069.0
33.590000	969.7
33.593750	1050.1
33.597500	1053.1
33.601250	972.8
33.605000	1014.1
33.608750	1028.5
33.612500	1068.4
33.616250	1064.0
33.620000	1030.4
33.623750	1031.9
33.627500	1011.8
33.631250	1020.6
33.635000	1053.2
33.638750	989.8
33.642500	937.6
33.646250	1049.5
33.650000	1018.1
33.653750	963.3
33.657500	963.4
33.661250	1018.6
33.665000	977.4
33.668750	1001.5
33.672500	1039.9
33.676250	1021.1
33.680000	1034.8
33.683750	1014.1
33.687500	1005.3
33.691250	1036.7
33.695000	1046.4
33.698750	1006.6
33.702500	971.1
33.706250	1003.2
33.710000	974.8
33.713750	1026.4
33.717500	1014.9
33.721250	996.3
33.725000	976.4
33.728750	1021.0
33.732500	1006.6
33.736250	978.8
33.740000	1004.2
33.743750	1013.3
33.747500	1022.8
33.751250	1001.0
33.755000	966.3
33.758750	997.0
33.762500	994.2
33.766250	963.2
33.770000	998.4
33.773750	1034.8
33.777500	1011.1
33.781250	1002.5
33.785000	982.0
33.788750	934.4
33.792500	995.8
33.796250	977.3
33.800000	974.9
33.803750	987.5
33.807500	986.4
33.811250	1009.1
33.815000	1020.1
33.818750	1028.9
33.822500	1001.7
33.826250	993.9
33.830000	1012.6
33.833750	987.5
33.837500	986.5
33.841250	974.6
33.845000	1084.9
33.848750	951.0
33.852500	976.3
33.856250	936.8
33.860000	979.8
33.863750	1052.7
33.867500	1003.5
33.871250	1014.8
33.875000	1002.8
33.878750	990.0
33.882500	1002.2
33.886250	903.9
33.890000	944.0
33.893750	1044.9
33.897500	982.9
33.901250	1010.5
33.905000	993.2
33.908750	1014.5
33.912500	1003.1
33.916250	997.3
33.920000	1012.6
33.923750	977.2
33.927500	1014.8
33.931250	1011.9
33.935000	975.7
33.938750	1017.3
33.942500	988.0
33.946250	995.2
33.950000	1017.1
33.953750	1010.9
33.957500	1004.8
33.961250	993.0
33.965000	1023.7
33.968750	1070.2
33.972500	1020.1
33.976250	1022.7
33.980000	1035.9
33.983750	1016.4
33.987500	1014.4
33.991250	1042.4
33.995000	1074.7
33.998750	1041.0
34.002500	1010.6
34.006250	1071.8
34.010000	1070.9
34.013750	1043.3
34.017500	1041.0
34.021250	1073.5
34.025000	1073.2
34.028750	1030.5
34.032500	1085.9
34.036250	1027.0
34.040000	1035.5
34.043750	1048.2
34.047500	1076.6
34.051250	1063.4
34.055000	997.1
34.058750	1007.4
34.062500	961.4
34.066250	974.1
34.070000	1067.1
34.073750	1042.7
34.077500	1062.0
34.081250	1006.6
34.085000	973.8
34.088750	1013.7
34.092500	1015.0
34.096250	967.4
34.100000	983.1
34.103750	1017.5
34.107500	1033.4
34.111250	1027.9
34.115000	963.6
34.118750	998.4
34.122500	1000.3
34.126250	1000.3
34.130000	1008.0
34.133750	1003.6
34.137500	1049.6
34.141250	976.1
34.145000	1024.1
34.148750	960.8
34.152500	990.5
34.156250	987.6
34.160000	956.0
34.163750	891.4
34.167500	1023.9
34.171250	1013.5
34.175000	998.0
34.178750	986.2
34.182500	1020.7
34.186250	980.1
34.190000	957.6
34.193750	995.1
34.197500	992.7
34.201250	950.6
34.205000	980.5
34.208750	1007.3
34.212500	985.1
34.216250	1009.5
34.220000	1021.0
34.223750	912.8
34.227500	967.8
34.231250	1006.1
34.235000	988.0
34.238750	994.7
34.242500	986.1
34.246250	1003.8
34.250000	1015.2
34.253750	992.6
34.257500	981.1
34.261250	980.6
34.265000	934.5
34.268750	953.6
34.272500	974.1
34.276250	966.1
34.280000	1015.5
34.283750	971.7
34.287500	973.9
34.291250	1012.4
34.295000	989.4
34.298750	987.0
34.302500	1012.1
34.306250	1038.9
34.310000	931.8
34.313750	994.1
34.317500	982.3
34.321250	1004.8
34.325000	968.5
34.328750	1035.6
34.332500	993.1
34.336250	967.3
34.340000	1068.2
34.343750	1059.1
34.347500	1016.8
34.351250	985.1
34.355000	989.1
34.358750	991.7
34.362500	1017.3
34.366250	1009.0
34.370000	1012.6
34.373750	1030.5
34.377500	1001.5
34.381250	1009.9
34.385000	1054.9
34.388750	1064.6
34.392500	1036.0
34.396250	1074.8
34.400000	1062.6
34.403750	1095.0
34.407500	1097.6
34.411250	1139.0
34.415000	1121.1
34.418750	1053.1
34.422500	1121.9
34.426250	1086.7
34.430000	1112.5
34.433750	1115.7
34.437500	1079.6
34.441250	1051.4
34.445000	1104.9
34.448750	986.6
34.452500	1063.0
34.456250	1000.8
34.460000	1081.1
34.463750	1091.1
34.467500	1015.2
34.471250	1013.2
34.475000	1060.7
34.478750	1068.1
34.482500	1071.0
34.486250	1016.7
34.490000	1067.7
34.493750	1064.2
34.497500	1105.8
34.501250	1097.5
34.505000	1057.2
34.508750	1076.2
34.512500	1080.6
34.516250	1004.9
34.520000	1010.4
34.523750	1026.7
34.527500	1042.0
34.531250	1032.0
34.535000	971.9
34.538750	998.1
34.542500	1059.8
34.546250	1057.4
34.550000	1067.9
34.553750	969.6
34.557500	1078.6
34.561250	1039.6
34.565000	1015.1
34.568750	1011.6
34.572500	1040.5
34.576250	1071.1
34.580000	1016.3
34.583750	992.4
34.587500	1050.3
34.591250	1141.4
34.595000	1142.8
34.598750	1097.0
34.602500	1094.0
34.606250	1105.3
34.610000	1139.1
34.613750	1141.7
34.617500	1093.1
34.621250	1121.3
34.625000	1156.6
34.628750	1134.4
34.632500	1028.6
34.636250	1056.6
34.640000	1108.0
34.643750	1112.7
34.647500	1080.0
34.651250	1115.1
34.655000	1100.1
34.658750	1078.6
34.662500	1056.8
34.666250	1069.3
34.670000	1024.6
34.673750	1063.7
34.677500	1029.7
34.681250	1040.0
34.685000	1024.4
34.688750	1016.5
34.692500	1074.3
34.696250	1031.3
34.700000	942.4
34.703750	1069.1
34.707500	1083.9
34.711250	1069.7
34.715000	1108.5
34.718750	1030.6
34.722500	1100.2
34.726250	1069.6
34.730000	1121.8
34.733750	1143.3
34.737500	1158.1
34.741250	1143.2
34.745000	1182.1
34.748750	1249.3
34.752500	1320.1
34.756250	1306.7
34.760000	1303.0
34.763750	1289.1
34.767500	1283.4
34.771250	1268.8
34.775000	1359.0
34.778750	1328.8
34.782500	1278.2
34.786250	1205.2
34.790000	1256.5
34.793750	1275.7
34.797500	1225.5
34.801250	1375.9
34.805000	1308.0
34.808750	1280.9
34.812500	1318.7
34.816250	1270.9
34.820000	1275.8
34.823750	1362.1
34.827500	1301.9
34.831250	1297.6
34.835000	1373.7
34.838750	1289.0
34.842500	1231.8
34.846250	1277.9
34.850000	1198.6
34.853750	1221.0
34.857500	1315.7
34.861250	1240.6
34.865000	1229.2
34.868750	1303.6
34.872500	1229.6
34.876250	1229.0
34.880000	1224.3
34.883750	1230.4
34.887500	1294.0
34.891250	1318.8
34.895000	1247.8
34.898750	1253.9
34.902500	1330.8
34.906250	1265.4
34.910000	1237.6
34.913750	1253.3
34.917500	1198.8
34.921250	1225.7
34.925000	1195.1
34.928750	1144.5
34.932500	1181.3
34.936250	1158.7
34.940000	1175.1
34.943750	1135.9
34.947500	1159.0
34.951250	1205.4
34.955000	1201.7
34.958750	1114.9
34.962500	1153.1
34.966250	1193.6
34.970000	1146.8
34.973750	1180.0
34.977500	1165.2
34.981250	1189.7
34.985000	1231.4
34.988750	1164.3
34.992500	1176.4
34.996250	1202.9
35.000000	1208.5
35.003750	1217.9
35.007500	1234.7
35.011250	1208.7
35.015000	1268.6
35.018750	1269.9
35.022500	1285.0
35.026250	1260.0
35.030000	1366.5
35.033750	1354.3
35.037500	1440.6
35.041250	1334.7
35.045000	1408.3
35.048750	1413.8
35.052500	1427.5
35.056250	1372.5
35.060000	1382.2
35.063750	1338.7
35.067500	1328.8
35.071250	1307.7
35.075000	1259.6
35.078750	1232.1
35.082500	1195.6
35.086250	1160.9
35.090000	1187.2
35.093750	1160.4
35.097500	1146.7
35.101250	1102.5
35.105000	1057.1
35.108750	1101.4
35.112500	1164.6
35.116250	1098.5
35.120000	1069.3
35.123750	1100.3
35.127500	1091.7
35.131250	1097.0
35.135000	1103.9
35.138750	1079.8
35.142500	1085.3
35.146250	1080.8
35.150000	1092.5
35.153750	1087.6
35.157500	1029.0
35.161250	1083.7
35.165000	1141.6
35.168750	1171.8
35.172500	1138.8
35.176250	1141.4
35.180000	1104.2
35.183750	1084.3
35.187500	1085.9
35.191250	1094.2
35.195000	1110.8
35.198750	1116.7
35.202500	1126.4
35.206250	1071.0
35.210000	1107.8
35.213750	1081.2
35.217500	1086.9
35.221250	1078.9
35.225000	1118.6
35.228750	1072.4
35.232500	1103.7
35.236250	1024.9
35.240000	1076.7
35.243750	1039.7
35.247500	1014.7
35.251250	1036.6
35.255000	1046.5
35.258750	1056.9
35.262500	1098.9
35.266250	1131.5
35.270000	1061.1
35.273750	1073.2
35.277500	1116.4
35.281250	1136.9
35.285000	1146.8
35.288750	1131.2
35.292500	1155.8
35.296250	1169.1
35.300000	1125.2
35.303750	1169.4
35.307500	1160.6
35.311250	1075.7
35.315000	1065.7
35.318750	1127.7
35.322500	1166.9
35.326250	1094.7
35.330000	1063.0
35.333750	1098.0
35.337500	1090.1
35.341250	1081.4
35.345000	1051.1
35.348750	1077.1
35.352500	1046.2
35.356250	1006.6
35.360000	1022.2
35.363750	1046.2
35.367500	1039.5
35.371250	1036.3
35.375000	993.5
35.378750	998.6
35.382500	999.4
35.386250	995.5
35.390000	972.2
35.393750	1013.3
35.397500	1016.0
35.401250	1007.0
35.405000	1056.7
35.408750	991.7
35.412500	1030.6
35.416250	1006.7
35.420000	950.8
35.423750	990.0
35.427500	960.2
35.431250	1001.4
35.435000	1026.2
35.438750	1039.3
35.442500	971.4
35.446250	1033.1
35.450000	1011.8
35.453750	1006.5
35.457500	1059.0
35.461250	1026.9
35.465000	981.1
35.468750	999.7
35.472500	976.8
35.476250	1016.1
35.480000	989.9
35.483750	1004.1
35.487500	950.4
35.491250	1071.0
35.495000	959.5
35.498750	1013.5
35.502500	1069.9
35.506250	953.6
35.510000	909.3
35.513750	1025.4
35.517500	1069.2
35.521250	921.8
35.525000	997.2
35.528750	1033.2
35.532500	936.8
35.536250	962.9
35.540000	962.6
35.543750	1003.1
35.547500	979.0
35.551250	1058.6
35.555000	1006.1
35.558750	947.2
35.562500	993.8
35.566250	1074.7
35.570000	952.1
35.573750	957.1
35.577500	1037.4
35.581250	1037.4
35.585000	983.3
35.588750	1038.4
35.592500	1057.1
35.596250	1069.3
35.600000	994.8
35.603750	1121.6
35.607500	987.0
35.611250	1059.5
35.615000	1081.5
35.618750	948.4
35.622500	1030.5
35.626250	1032.0
35.630000	1144.6
35.633750	1110.1
35.637500	1028.0
35.641250	1070.9
35.645000	1059.7
35.648750	1022.7
35.652500	1075.7
35.656250	1091.7
35.660000	1183.3
35.663750	1120.0
35.667500	1153.5
35.671250	1048.9
35.675000	1040.9
35.678750	1038.9
35.682500	1064.2
35.686250	978.0
35.690000	1116.8
35.693750	1078.3
35.697500	1030.4
35.701250	1024.8
35.705000	1034.9
35.708750	1060.9
35.712500	1039.1
35.716250	1004.9
35.720000	1041.8
35.723750	1045.2
35.727500	985.2
35.731250	978.0
35.735000	1011.8
35.738750	1033.0
35.742500	1068.3
35.746250	1091.4
35.750000	1045.3
35.753750	1091.7
35.757500	1044.3
35.761250	1055.8
35.765000	1016.8
35.768750	1037.0
35.772500	988.3
35.776250	984.4
35.780000	1030.2
35.783750	1015.4
35.787500	1049.2
35.791250	1038.3
35.795000	1100.9
35.798750	1069.7
35.802500	1110.9
35.806250	1071.4
35.810000	1062.5
35.813750	1073.5
35.817500	1131.9
35.821250	1100.4
35.825000	1101.1
35.828750	1149.1
35.832500	1069.9
35.836250	1166.1
35.840000	1143.2
35.843750	1188.0
35.847500	1172.4
35.851250	1153.3
35.855000	1207.0
35.858750	1244.6
35.862500	1202.6
35.866250	1272.1
35.870000	1273.6
35.873750	1308.6
35.877500	1272.5
35.881250	1292.6
35.885000	1257.3
35.888750	1175.1
35.892500	1200.3
35.896250	1246.1
35.900000	1177.9
35.903750	1111.2
35.907500	1193.7
35.911250	1130.2
35.915000	1081.3
35.918750	1141.3
35.922500	1143.9
35.926250	1098.3
35.930000	1067.6
35.933750	1099.3
35.937500	1081.7
35.941250	1077.6
35.945000	1071.8
35.948750	1130.3
35.952500	1083.6
35.956250	1103.3
35.960000	1018.6
35.963750	1067.2
35.967500	1063.5
35.971250	1080.8
35.975000	1089.1
35.978750	1072.1
35.982500	1035.2
35.986250	1017.7
35.990000	1011.7
35.993750	1104.0
35.997500	1052.0
36.001250	954.4
36.005000	1024.7
36.008750	1039.6
36.012500	1012.1
36.016250	985.3
36.020000	966.8
36.023750	959.3
36.027500	947.9
36.031250	976.3
36.035000	1035.6
36.038750	1029.6
36.042500	959.4
36.046250	957.1
36.050000	1036.4
36.053750	1051.7
36.057500	957.0
36.061250	1005.8
36.065000	1014.1
36.068750	1034.7
36.072500	973.3
36.076250	920.8
36.080000	964.0
36.083750	935.4
36.087500	1046.6
36.091250	985.8
36.095000	891.4
36.098750	899.7
36.102500	903.0
36.106250	884.8
36.110000	974.5
36.113750	1024.2
36.117500	963.5
36.121250	959.0
36.125000	991.7
36.128750	989.1
36.132500	981.5
36.136250	999.7
36.140000	963.7
36.143750	981.5
36.147500	941.0
36.151250	920.5
36.155000	1005.6
36.158750	1005.1
36.162500	983.7
36.166250	958.5
36.170000	987.0
36.173750	1021.4
36.177500	1004.1
36.181250	996.0
36.185000	997.5
36.188750	964.0
36.192500	1042.0
36.196250	980.5
36.200000	954.3
36.203750	964.9
36.207500	985.8
36.211250	993.4
36.215000	955.9
36.218750	1002.2
36.222500	958.7
36.226250	975.8
36.230000	1043.3
36.233750	975.3
36.237500	1007.9
36.241250	1029.4
36.245000	961.7
36.248750	991.5
36.252500	1009.0
36.256250	991.1
36.260000	1022.8
36.263750	1031.3
36.267500	943.8
36.271250	991.1
36.275000	1009.3
36.278750	1010.9
36.282500	1013.6
36.286250	1021.2
36.290000	983.2
36.293750	988.8
36.297500	976.2
36.301250	1037.7
36.305000	985.9
36.308750	983.7
36.312500	1005.9
36.316250	966.3
36.320000	931.1
36.323750	976.4
36.327500	971.9
36.331250	921.2
36.335000	934.5
36.338750	923.4
36.342500	974.9
36.346250	954.6
36.350000	922.3
36.353750	901.5
36.357500	980.0
36.361250	1016.5
36.365000	950.7
36.368750	996.3
36.372500	987.6
36.376250	947.3
36.380000	954.7
36.383750	975.5
36.387500	938.2
36.391250	1000.0
36.395000	954.8
36.398750	953.2
36.402500	998.9
36.406250	1008.7
36.410000	952.3
36.413750	976.7
36.417500	983.1
36.421250	945.0
36.425000	961.6
36.428750	1041.4
36.432500	987.7
36.436250	995.1
36.440000	1025.6
36.443750	965.6
36.447500	1006.5
36.451250	966.4
36.455000	966.4
36.458750	939.7
36.462500	1013.1
36.466250	1049.4
36.470000	973.2
36.473750	1026.6
36.477500	1006.3
36.481250	995.8
36.485000	942.5
36.488750	969.7
36.492500	1035.6
36.496250	1009.8
36.500000	1006.0
36.503750	997.7
36.507500	1003.4
36.511250	1000.0
36.515000	1002.8
36.518750	1002.6
36.522500	1023.7
36.526250	991.9
36.530000	1034.8
36.533750	1034.8
36.537500	1107.9
36.541250	1061.8
36.545000	1015.5
36.548750	1027.5
36.552500	1059.4
36.556250	1035.0
36.560000	1005.0
36.563750	1041.5
36.567500	1049.3
36.571250	1048.2
36.575000	1141.7
36.578750	1129.7
36.582500	1049.1
36.586250	1056.3
36.590000	1085.0
36.593750	1125.7
36.597500	1162.6
36.601250	1122.2
36.605000	1106.7
36.608750	1121.4
36.612500	1104.3
36.616250	1063.2
36.620000	1074.9
36.623750	1072.2
36.627500	1114.9
36.631250	1150.1
36.635000	1161.2
36.638750	1186.3
36.642500	1118.7
36.646250	1167.9
36.650000	1127.7
36.653750	1056.5
36.657500	1088.0
36.661250	1162.0
36.665000	1190.6
36.668750	1143.6
36.672500	1202.7
36.676250	1177.1
36.680000	1162.4
36.683750	1130.1
36.687500	1126.7
36.691250	1191.0
36.695000	1184.2
36.698750	1248.4
36.702500	1259.7
36.706250	1310.9
36.710000	1222.6
36.713750	1286.9
36.717500	1230.4
36.721250	1206.8
36.725000	1315.2
36.728750	1292.9
36.732500	1292.8
36.736250	1282.7
36.740000	1335.1
36.743750	1258.5
36.747500	1284.9
36.751250	1297.6
36.755000	1246.6
36.758750	1253.0
36.762500	1335.4
36.766250	1261.9
36.770000	1318.5
36.773750	1286.7
36.777500	1266.7
36.781250	1182.0
36.785000	1267.8
36.788750	1250.1
36.792500	1195.1
36.796250	1235.1
36.800000	1155.9
36.803750	1237.7
36.807500	1206.5
36.811250	1212.5
36.815000	1198.0
36.818750	1189.4
36.822500	1170.3
36.826250	1203.5
36.830000	1168.9
36.833750	1229.2
36.837500	1208.8
36.841250	1222.2
36.845000	1198.7
36.848750	1155.1
36.852500	1194.8
36.856250	1151.2
36.860000	1223.9
36.863750	1233.5
36.867500	1228.3
36.871250	1211.3
36.875000	1274.2
36.878750	1245.4
36.882500	1187.5
36.886250	1257.4
36.890000	1257.4
36.893750	1265.8
36.897500	1290.1
36.901250	1233.4
36.905000	1201.3
36.908750	1293.9
36.912500	1246.2
36.916250	1212.3
36.920000	1279.0
36.923750	1266.2
36.927500	1245.2
36.931250	1297.4
36.935000	1274.2
36.938750	1272.9
36.942500	1222.6
36.946250	1272.0
36.950000	1328.7
36.953750	1270.7
36.957500	1309.0
36.961250	1313.9
36.965000	1297.1
36.968750	1241.8
36.972500	1297.2
36.976250	1219.0
36.980000	1213.6
36.983750	1327.6
36.987500	1297.2
36.991250	1317.9
36.995000	1247.9
36.998750	1224.3
37.002500	1335.6
37.006250	1285.3
37.010000	1292.3
37.013750	1223.1
37.017500	1247.3
37.021250	1232.4
37.025000	1191.9
37.028750	1250.1
37.032500	1225.1
37.036250	1207.5
37.040000	1255.7
37.043750	1234.9
37.047500	1185.6
37.051250	1148.6
37.055000	1139.2
37.058750	1142.5
37.062500	1169.6
37.066250	1176.0
37.070000	1168.4
37.073750	1148.0
37.077500	1163.0
37.081250	1112.0
37.085000	1096.7
37.088750	1072.7
37.092500	1120.9
37.096250	1100.0
37.100000	1080.1
37.103750	1113.3
37.107500	1079.7
37.111250	1102.0
37.115000	1086.0
37.118750	1037.9
37.122500	1060.2
37.126250	1105.4
37.130000	1096.2
37.133750	1095.9
37.137500	1073.0
37.141250	1048.5
37.145000	1086.7
37.148750	1062.6
37.152500	1056.1
37.156250	983.7
37.160000	1068.7
37.163750	1075.0
37.167500	1041.0
37.171250	1001.7
37.175000	1005.9
37.178750	1055.4
37.182500	996.8
37.186250	976.8
37.190000	1030.1
37.193750	1000.4
37.197500	1015.3
37.201250	972.1
37.205000	939.5
37.208750	1059.7
37.212500	973.9
37.216250	938.6
37.220000	942.4
37.223750	954.3
37.227500	972.2
37.231250	1058.1
37.235000	990.0
37.238750	991.9
37.242500	975.2
37.246250	962.4
37.250000	943.1
37.253750	1022.3
37.257500	992.1
37.261250	972.1
37.265000	980.4
37.268750	972.7
37.272500	959.6
37.276250	974.5
37.280000	977.4
37.283750	1014.7
37.287500	991.6
37.291250	981.5
37.295000	1003.5
37.298750	934.0
37.302500	975.3
37.306250	989.2
37.310000	983.8
37.313750	998.7
37.317500	972.4
37.321250	927.5
37.325000	992.2
37.328750	999.4
37.332500	961.7
37.336250	944.5
37.340000	950.1
37.343750	987.9
37.347500	1011.5
37.351250	965.8
37.355000	1002.4
37.358750	941.6
37.362500	997.5
37.366250	997.4
37.370000	925.9
37.373750	952.3
37.377500	961.5
37.381250	1003.4
37.385000	959.8
37.388750	956.0
37.392500	952.0
37.396250	952.5
37.400000	975.0
37.403750	920.8
37.407500	914.9
37.411250	964.0
37.415000	967.8
37.418750	1017.2
37.422500	927.4
37.426250	958.3
37.430000	939.4
37.433750	948.2
37.437500	933.6
37.441250	998.4
37.445000	933.7
37.448750	951.5
37.452500	991.5
37.456250	948.0
37.460000	927.3
37.463750	954.0
37.467500	978.1
37.471250	1025.3
37.475000	976.8
37.478750	940.3
37.482500	943.7
37.486250	1034.1
37.490000	985.6
37.493750	984.1
37.497500	964.5
37.501250	953.9
37.505000	987.6
37.508750	1020.8
37.512500	1070.0
37.516250	1002.5
37.520000	1025.0
37.523750	1054.6
37.527500	1042.7
37.531250	1022.7
37.535000	1048.8
37.538750	1054.6
37.542500	1067.6
37.546250	1061.4
37.550000	1030.0
37.553750	987.0
37.557500	1051.8
37.561250	1082.6
37.565000	1025.8
37.568750	1005.6
37.572500	1050.8
37.576250	990.0
37.580000	1002.8
37.583750	1017.7
37.587500	999.3
37.591250	1011.4
37.595000	1023.7
37.598750	995.5
37.602500	980.0
37.606250	990.6
37.610000	968.5
37.613750	978.1
37.617500	955.4
37.621250	965.3
37.625000	1059.9
37.628750	1017.1
37.632500	1051.1
37.636250	1015.8
37.640000	1016.1
37.643750	1078.6
37.647500	1038.2
37.651250	1069.3
37.655000	1060.8
37.658750	1051.3
37.662500	1089.2
37.666250	1032.6
37.670000	1064.8
37.673750	1025.3
37.677500	1017.3
37.681250	1055.6
37.685000	1049.3
37.688750	1060.0
37.692500	1091.1
37.696250	1015.5
37.700000	1030.4
37.703750	1046.8
37.707500	1055.2
37.711250	1087.7
37.715000	1023.2
37.718750	1004.3
37.722500	1058.8
37.726250	1041.4
37.730000	1027.7
37.733750	1081.8
37.737500	1081.9
37.741250	1107.8
37.745000	1077.2
37.748750	1104.4
37.752500	1091.3
37.756250	1186.3
37.760000	1268.8
37.763750	1223.1
37.767500	1259.8
37.771250	1396.4
37.775000	1459.7
37.778750	1434.6
37.782500	1485.7
37.786250	1561.2
37.790000	1561.7
37.793750	1571.4
37.797500	1490.7
37.801250	1539.8
37.805000	1532.8
37.808750	1467.4
37.812500	1345.8
37.816250	1284.4
37.820000	1215.5
37.823750	1201.8
37.827500	1194.9
37.831250	1127.1
37.835000	1095.2
37.838750	1082.4
37.842500	1061.3
37.846250	1028.3
37.850000	1039.8
37.853750	1059.4
37.857500	1083.8
37.861250	1087.4
37.865000	1024.2
37.868750	1066.1
37.872500	992.5
37.876250	1077.7
37.880000	1103.6
37.883750	1047.3
37.887500	1078.5
37.891250	1084.5
37.895000	1085.5
37.898750	1161.9
37.902500	1124.6
37.906250	1144.9
37.910000	1153.3
37.913750	1066.2
37.917500	1171.1
37.921250	1117.9
37.925000	1124.7
37.928750	1115.4
37.932500	1091.7
37.936250	1109.2
37.940000	1091.1
37.943750	1079.8
37.947500	1097.8
37.951250	1088.4
37.955000	1137.0
37.958750	1119.6
37.962500	1064.8
37.966250	1134.7
37.970000	1070.1
37.973750	1093.7
37.977500	1102.3
37.981250	1054.1
37.985000	1132.3
37.988750	1180.7
37.992500	1125.9
37.996250	1095.8
38.000000	1134.3
38.003750	1106.7
38.007500	1131.7
38.011250	1149.1
38.015000	1180.8
38.018750	1144.7
38.022500	1129.5
38.026250	1205.4
38.030000	1160.6
38.033750	1166.5
38.037500	1175.6
38.041250	1161.3
38.045000	1210.3
38.048750	1237.2
38.052500	1225.4
38.056250	1229.8
38.060000	1260.0
38.063750	1228.6
38.067500	1294.4
38.071250	1227.8
38.075000	1271.4
38.078750	1238.4
38.082500	1208.3
38.086250	1330.5
38.090000	1290.0
38.093750	1309.9
38.097500	1328.8
38.101250	1289.3
38.105000	1263.1
38.108750	1354.0
38.112500	1362.9
38.116250	1300.8
38.120000	1309.8
38.123750	1259.1
38.127500	1315.4
38.131250	1279.9
38.135000	1310.7
38.138750	1272.7
38.142500	1329.7
38.146250	1300.0
38.150000	1255.8
38.153750	1299.7
38.157500	1245.6
38.161250	1309.2
38.165000	1318.1
38.168750	1287.7
38.172500	1298.6
38.176250	1277.9
38.180000	1199.8
38.183750	1221.1
38.187500	1233.6
38.191250	1228.7
38.195000	1225.0
38.198750	1286.2
38.202500	1228.4
38.206250	1231.2
38.210000	1277.6
38.213750	1192.7
38.217500	1203.6
38.221250	1224.4
38.225000	1242.5
38.228750	1179.9
38.232500	1235.2
38.236250	1239.8
38.240000	1186.7
38.243750	1126.0
38.247500	1141.2
38.251250	1139.3
38.255000	1121.2
38.258750	1047.2
38.262500	1124.2
38.266250	1087.8
38.270000	1178.5
38.273750	1119.6
38.277500	1128.7
38.281250	1100.6
38.285000	1039.1
38.288750	1058.4
38.292500	1074.7
38.296250	1071.9
38.300000	1170.9
38.303750	1101.8
38.307500	1073.4
38.311250	1096.3
38.315000	1051.8
38.318750	1121.3
38.322500	1071.7
38.326250	1041.4
38.330000	1039.6
38.333750	1026.8
38.337500	1064.7
38.341250	993.2
38.345000	1033.0
38.348750	1078.8
38.352500	994.6
38.356250	1007.3
38.360000	1110.6
38.363750	1041.5
38.367500	986.8
38.371250	1074.5
38.375000	1096.5
38.378750	1074.0
38.382500	1011.0
38.386250	1026.9
38.390000	995.6
38.393750	1004.1
38.397500	1020.0
38.401250	985.7
38.405000	1000.3
38.408750	969.1
38.412500	989.8
38.416250	1004.0
38.420000	1015.9
38.423750	993.1
38.427500	981.3
38.431250	991.8
38.435000	986.5
38.438750	976.2
38.442500	992.9
38.446250	998.4
38.450000	995.2
38.453750	955.6
38.457500	968.3
38.461250	1012.9
38.465000	1032.1
38.468750	993.9
38.472500	988.7
38.476250	1006.8
38.480000	1016.7
38.483750	1003.9
38.487500	1024.8
38.491250	972.7
38.495000	957.5
38.498750	983.3
38.502500	991.3
38.506250	1015.1
38.510000	1016.8
38.513750	1055.4
38.517500	957.6
38.521250	988.9
38.525000	979.5
38.528750	984.1
38.532500	956.8
38.536250	987.3
38.540000	964.2
38.543750	991.2
38.547500	947.0
38.551250	994.6
38.555000	981.5
38.558750	1025.4
38.562500	1027.9
38.566250	965.3
38.570000	1001.6
38.573750	1033.8
38.577500	1030.3
38.581250	1008.4
38.585000	1008.9
38.588750	980.3
38.592500	953.7
38.596250	980.9
38.600000	953.2
38.603750	984.2
38.607500	992.9
38.611250	999.6
38.615000	989.9
38.618750	985.9
38.622500	1016.9
38.626250	1028.2
38.630000	962.4
38.633750	977.9
38.637500	947.9
38.641250	999.7
38.645000	1003.7
38.648750	1010.8
38.652500	1013.4
38.656250	928.2
38.660000	953.5
38.663750	1059.0
38.667500	1014.4
38.671250	948.6
38.675000	967.0
38.678750	1030.0
38.682500	1022.9
38.686250	1008.8
38.690000	1011.4
38.693750	979.9
38.697500	995.0
38.701250	1002.2
38.705000	978.4
38.708750	970.6
38.712500	959.5
38.716250	1003.9
38.720000	1044.5
38.723750	995.5
38.727500	975.8
38.731250	999.0
38.735000	975.8
38.738750	1011.6
38.742500	999.7
38.746250	1020.5
38.750000	984.0
38.753750	986.7
38.757500	977.7
38.761250	1020.6
38.765000	984.1
38.768750	982.0
38.772500	988.8
38.776250	1007.0
38.780000	991.5
38.783750	1008.7
38.787500	1012.3
38.791250	1016.2
38.795000	1068.4
38.798750	1082.5
38.802500	1041.1
38.806250	1046.6
38.810000	1062.2
38.813750	1011.5
38.817500	1047.2
38.821250	1060.0
38.825000	1048.9
38.828750	1058.5
38.832500	1029.1
38.836250	982.5
38.840000	1053.1
38.843750	986.0
38.847500	1063.4
38.851250	1069.7
38.855000	1006.2
38.858750	1083.6
38.862500	1048.7
38.866250	1064.9
38.870000	1079.3
38.873750	1057.8
38.877500	1004.3
38.881250	998.0
38.885000	1048.8
38.888750	1099.4
38.892500	1010.4
38.896250	1024.7
38.900000	1060.6
38.903750	1025.2
38.907500	1060.0
38.911250	1101.4
38.915000	1083.2
38.918750	1049.8
38.922500	1065.7
38.926250	1061.1
38.930000	1098.5
38.933750	1081.8
38.937500	1048.8
38.941250	1062.1
38.945000	1034.6
38.948750	1092.8
38.952500	1089.2
38.956250	1038.2
38.960000	1078.5
38.963750	1041.7
38.967500	1058.4
38.971250	1056.9
38.975000	1064.3
38.978750	1009.4
38.982500	1065.4
38.986250	1051.4
38.990000	1074.8
38.993750	1096.0
38.997500	1061.8
39.001250	1103.3
39.005000	1150.9
39.008750	1109.4
39.012500	1127.4
39.016250	1133.2
39.020000	1127.9
39.023750	1107.3
39.027500	1077.1
39.031250	1079.5
39.035000	1028.1
39.038750	1065.6
39.042500	1099.9
39.046250	1060.8
39.050000	1108.8
39.053750	1060.8
39.057500	1128.2
39.061250	1088.6
39.065000	1091.8
39.068750	1125.8
39.072500	1050.8
39.076250	1074.0
39.080000	1069.3
39.083750	1086.9
39.087500	1137.5
39.091250	1146.5
39.095000	1105.9
39.098750	1073.8
39.102500	1145.7
39.106250	1167.3
39.110000	1100.1
39.113750	1134.8
39.117500	1125.4
39.121250	1128.2
39.125000	1159.1
39.128750	1201.1
39.132500	1179.6
39.136250	1178.2
39.140000	1139.3
39.143750	1162.5
39.147500	1232.8
39.151250	1219.9
39.155000	1279.8
39.158750	1322.2
39.162500	1324.4
39.166250	1330.5
39.170000	1422.1
39.173750	1402.1
39.177500	1506.2
39.181250	1621.8
39.185000	1673.5
39.188750	1752.8
39.192500	1883.1
39.196250	2046.7
39.200000	1996.9
39.203750	2074.6
39.207500	2116.4
39.211250	2157.7
39.215000	2178.2
39.218750	2150.5
39.222500	2150.6
39.226250	2121.9
39.230000	1878.9
39.233750	1912.0
39.237500	1837.6
39.241250	1752.4
39.245000	1643.3
39.248750	1542.4
39.252500	1600.1
39.256250	1597.4
39.260000	1545.5
39.263750	1563.2
39.267500	1556.9
39.271250	1576.6
39.275000	1613.0
39.278750	1718.8
39.282500	1752.9
39.286250	1746.7
39.290000	1729.2
39.293750	1762.2
39.297500	1674.0
39.301250	1654.2
39.305000	1721.0
39.308750	1685.4
39.312500	1607.1
39.316250	1545.7
39.320000	1485.7
39.323750	1356.2
39.327500	1399.2
39.331250	1351.5
39.335000	1272.3
39.338750	1332.7
39.342500	1263.9
39.346250	1244.7
39.350000	1209.8
39.353750	1226.1
39.357500	1218.2
39.361250	1212.6
39.365000	1173.2
39.368750	1184.1
39.372500	1183.1
39.376250	1226.8
39.380000	1204.7
39.383750	1193.2
39.387500	1153.9
39.391250	1183.1
39.395000	1154.7
39.398750	1071.3
39.402500	1084.5
39.406250	1123.3
39.410000	1040.2
39.413750	1115.3
39.417500	1086.3
39.421250	1037.9
39.425000	1028.4
39.428750	1058.7
39.432500	1020.3
39.436250	1060.8
39.440000	1058.7
39.443750	1045.2
39.447500	1060.1
39.451250	1040.1
39.455000	1072.4
39.458750	1019.8
39.462500	987.4
39.466250	1079.3
39.470000	1023.5
39.473750	978.6
39.477500	997.7
39.481250	1007.5
39.485000	1064.8
39.488750	1038.8
39.492500	1065.0
39.496250	1092.3
39.500000	1020.8
39.503750	1001.2
39.507500	1003.2
39.511250	1024.5
39.515000	992.7
39.518750	966.5
39.522500	1028.4
39.526250	1052.7
39.530000	994.8
39.533750	963.0
39.537500	976.4
39.541250	1006.7
39.545000	954.7
39.548750	989.7
39.552500	1021.5
39.556250	965.7
39.560000	1007.7
39.563750	976.3
39.567500	980.3
39.571250	992.7
39.575000	1010.1
39.578750	996.7
39.582500	1009.2
39.586250	989.6
39.590000	1022.9
39.593750	1011.8
39.597500	956.4
39.601250	967.5
39.605000	1003.0
39.608750	1016.0
39.612500	932.5
39.616250	995.5
39.620000	994.0
39.623750	1034.1
39.627500	982.0
39.631250	982.8
39.635000	973.8
39.638750	946.9
39.642500	991.5
39.646250	956.7
39.650000	939.8
39.653750	950.0
39.657500	964.6
39.661250	916.3
39.665000	971.4
39.668750	1016.8
39.672500	961.8
39.676250	947.2
39.680000	972.7
39.683750	989.9
39.687500	972.6
39.691250	966.0
39.695000	969.6
39.698750	1021.9
39.702500	1007.2
39.706250	964.9
39.710000	895.7
39.713750	953.8
39.717500	912.4
39.721250	939.8
39.725000	951.9
39.728750	1009.8
39.732500	916.3
39.736250	1001.1
39.740000	982.0
39.743750	949.4
39.747500	955.1
39.751250	971.2
39.755000	1026.2
39.758750	1013.3
39.762500	1046.6
39.766250	1001.3
39.770000	960.1
39.773750	975.2
39.777500	1039.2
39.781250	1029.7
39.785000	1048.6
39.788750	1054.2
39.792500	1016.3
39.796250	1013.5
39.800000	1016.5
39.803750	1010.3
39.807500	1025.4
39.811250	1007.7
39.815000	1008.2
39.818750	983.1
39.822500	1028.1
39.826250	1007.4
39.830000	1013.7
39.833750	999.1
39.837500	1006.2
39.841250	1043.3
39.845000	1080.4
39.848750	994.3
39.852500	1021.5
39.856250	1016.9
39.860000	1054.2
39.863750	1030.2
39.867500	971.1
39.871250	1009.5
39.875000	1040.7
39.878750	1013.2
39.882500	1007.1
39.886250	1038.5
39.890000	977.0
39.893750	1003.3
39.897500	988.4
39.901250	1048.3
39.905000	1013.7
39.908750	1006.6
39.912500	981.4
39.916250	1018.4
39.920000	1039.3
39.923750	1011.3
39.927500	1047.2
39.931250	1018.4
39.935000	956.9
39.938750	997.3
39.942500	995.2
39.946250	971.7
39.950000	988.8
39.953750	1079.5
39.957500	1013.2
39.961250	1060.6
39.965000	997.6
39.968750	941.2
39.972500	939.0
39.976250	954.9
39.980000	1035.4
39.983750	1029.7
39.987500	1005.3
39.991250	996.7
39.995000	976.6
39.998750	1025.7
40.002500	1009.1
40.006250	1051.2
40.010000	978.8
40.013750	1011.1
40.017500	1032.3
40.021250	1005.0
40.025000	1015.3
40.028750	1054.7
40.032500	1094.8
40.036250	1061.1
40.040000	1041.6
40.043750	1043.0
40.047500	1062.0
40.051250	1038.3
40.055000	1060.5
40.058750	1092.3
40.062500	1111.3
40.066250	1102.6
40.070000	1096.1
40.073750	1094.6
40.077500	1077.6
40.081250	1147.7
40.085000	1117.5
40.088750	1190.4
40.092500	1120.7
40.096250	1060.1
40.100000	1085.2
40.103750	1096.4
40.107500	1126.3
40.111250	1107.4
40.115000	1073.3
40.118750	1061.2
40.122500	1097.0
40.126250	1087.1
40.130000	1098.7
40.133750	1147.3
40.137500	1105.7
40.141250	1087.7
40.145000	1095.9
40.148750	1098.0
40.152500	1180.8
40.156250	1112.4
40.160000	1095.4
40.163750	1123.8
40.167500	1032.7
40.171250	1130.7
40.175000	1128.1
40.178750	1080.5
40.182500	1094.4
40.186250	1065.5
40.190000	1100.3
40.193750	1145.5
40.197500	1156.9
40.201250	1199.3
40.205000	1182.3
40.208750	1162.5
40.212500	1206.4
40.216250	1217.1
40.220000	1264.4
40.223750	1194.0
40.227500	1183.9
40.231250	1203.3
40.235000	1096.1
40.238750	1121.6
40.242500	1128.8
40.246250	1079.1
40.250000	1086.3
40.253750	1099.5
40.257500	1158.3
40.261250	1100.3
40.265000	1077.5
40.268750	1112.0
40.272500	1136.0
40.276250	1134.5
40.280000	1137.0
40.283750	1142.2
40.287500	1098.5
40.291250	1159.5
40.295000	1145.3
40.298750	1145.6
40.302500	1177.3
40.306250	1118.2
40.310000	1171.6
40.313750	1185.8
40.317500	1155.9
40.321250	1206.7
40.325000	1194.4
40.328750	1137.2
40.332500	1167.3
40.336250	1189.9
40.340000	1147.5
40.343750	1110.6
40.347500	1196.6
40.351250	1201.2
40.355000	1196.6
40.358750	1240.2
40.362500	1183.6
40.366250	1199.0
40.370000	1156.7
40.373750	1190.8
40.377500	1177.8
40.381250	1183.1
40.385000	1188.5
40.388750	1184.5
40.392500	1170.6
40.396250	1176.1
40.400000	1243.5
40.403750	1175.2
40.407500	1124.6
40.411250	1070.3
40.415000	1126.0
40.418750	1189.6
40.422500	1163.9
40.426250	1172.7
40.430000	1106.9
40.433750	1180.3
40.437500	1151.0
40.441250	1132.0
40.445000	1171.6
40.448750	1153.2
40.452500	1154.1
40.456250	1215.8
40.460000	1149.3
40.463750	1135.3
40.467500	1175.2
40.471250	1140.5
40.475000	1063.8
40.478750	1125.3
40.482500	1134.9
40.486250	1190.1
40.490000	1082.0
40.493750	1083.6
40.497500	1075.8
40.501250	1061.2
40.505000	972.1
40.508750	1071.0
40.512500	1122.6
40.516250	1075.6
40.520000	1033.1
40.523750	1023.9
40.527500	1074.0
40.531250	1086.6
40.535000	1025.3
40.538750	943.7
40.542500	976.9
40.546250	1061.4
40.550000	1004.4
40.553750	994.9
40.557500	1000.7
40.561250	1043.5
40.565000	1011.5
40.568750	938.6
40.572500	1015.5
40.576250	966.0
40.580000	981.6
40.583750	991.8
40.587500	986.9
40.591250	996.4
40.595000	874.6
40.598750	943.6
40.602500	1003.9
40.606250	950.9
40.610000	929.2
40.613750	941.5
40.617500	1008.6
40.621250	1006.8
40.625000	979.4
40.628750	953.9
40.632500	984.8
40.636250	968.3
40.640000	936.6
40.643750	989.3
40.647500	978.2
40.651250	932.5
40.655000	967.3
40.658750	950.1
40.662500	1012.9
40.666250	934.3
40.670000	943.2
40.673750	1005.0
40.677500	1013.2
40.681250	920.3
40.685000	972.7
40.688750	916.4
40.692500	899.6
40.696250	964.7
40.700000	976.9
40.703750	950.2
40.707500	919.9
40.711250	948.1
40.715000	934.6
40.718750	926.7
40.722500	987.2
40.726250	892.2
40.730000	921.6
40.733750	944.2
40.737500	927.3
40.741250	963.7
40.745000	979.4
40.748750	894.1
40.752500	904.4
40.756250	896.0
40.760000	888.9
40.763750	966.6
40.767500	928.9
40.771250	907.0
40.775000	928.0
40.778750	941.7
40.782500	962.4
40.786250	928.0
40.790000	944.3
40.793750	952.4
40.797500	916.6
40.801250	964.4
40.805000	966.6
40.808750	966.8
40.812500	1024.1
40.816250	1004.3
40.820000	955.8
40.823750	983.8
40.827500	970.9
40.831250	926.6
40.835000	988.6
40.838750	996.8
40.842500	1017.7
40.846250	992.6
40.850000	977.4
40.853750	957.3
40.857500	944.8
40.861250	950.4
40.865000	942.8
40.868750	944.6
40.872500	945.6
40.876250	954.1
40.880000	904.5
40.883750	881.1
40.887500	865.5
40.891250	909.4
40.895000	924.3
40.898750	900.6
40.902500	951.1
40.906250	924.3
40.910000	911.3
40.913750	877.4
40.917500	933.7
40.921250	917.7
40.925000	917.7
40.928750	921.8
40.932500	878.1
40.936250	919.8
40.940000	917.2
40.943750	912.7
40.947500	902.9
40.951250	868.0
40.955000	896.2
40.958750	890.1
40.962500	891.7
40.966250	860.2
40.970000	875.9
40.973750	865.3
40.977500	819.0
40.981250	842.6
40.985000	876.1
40.988750	878.2
40.992500	870.7
40.996250	912.7
41.000000	921.3
41.003750	936.7
41.007500	914.9
41.011250	893.4
41.015000	889.0
41.018750	907.8
41.022500	965.1
41.026250	937.2
41.030000	936.3
41.033750	874.6
41.037500	894.4
41.041250	939.7
41.045000	839.3
41.048750	847.9
41.052500	953.2
41.056250	944.1
41.060000	912.8
41.063750	936.6
41.067500	846.4
41.071250	904.1
41.075000	914.6
41.078750	896.0
41.082500	902.9
41.086250	856.4
41.090000	889.4
41.093750	860.3
41.097500	857.7
41.101250	914.8
41.105000	956.1
41.108750	901.1
41.112500	847.4
41.116250	920.1
41.120000	885.1
41.123750	808.1
41.127500	833.5
41.131250	900.6
41.135000	941.4
41.138750	858.8
41.142500	887.7
41.146250	949.4
41.150000	943.1
41.153750	962.6
41.157500	860.8
41.161250	945.9
41.165000	988.4
41.168750	895.7
41.172500	868.6
41.176250	896.2
41.180000	926.3
41.183750	901.1
41.187500	922.5
41.191250	999.5
41.195000	960.6
41.198750	925.3
41.202500	958.9
41.206250	888.2
41.210000	973.3
41.213750	922.7
41.217500	960.5
41.221250	918.4
41.225000	894.4
41.228750	911.2
41.232500	911.3
41.236250	893.9
41.240000	939.1
41.243750	958.3
41.247500	934.9
41.251250	890.4
41.255000	881.7
41.258750	963.0
41.262500	939.5
41.266250	904.4
41.270000	879.7
41.273750	935.1
41.277500	920.1
41.281250	894.9
41.285000	904.8
41.288750	926.3
41.292500	897.5
41.296250	883.5
41.300000	923.5
41.303750	914.5
41.307500	875.4
41.311250	959.7
41.315000	942.9
41.318750	902.9
41.322500	913.8
41.326250	906.0
41.330000	962.8
41.333750	928.4
41.337500	914.0
41.341250	898.6
41.345000	916.5
41.348750	904.2
41.352500	866.0
41.356250	918.9
41.360000	970.5
41.363750	913.3
41.367500	932.0
41.371250	912.1
41.375000	968.8
41.378750	915.6
41.382500	873.4
41.386250	893.3
41.390000	1002.0
41.393750	943.8
41.397500	959.0
41.401250	951.2
41.405000	960.2
41.408750	914.5
41.412500	924.5
41.416250	928.0
41.420000	956.6
41.423750	930.8
41.427500	937.2
41.431250	996.1
41.435000	942.8
41.438750	968.4
41.442500	930.8
41.446250	1021.3
41.450000	944.9
41.453750	901.4
41.457500	932.5
41.461250	917.2
41.465000	995.1
41.468750	962.5
41.472500	985.2
41.476250	974.3
41.480000	928.0
41.483750	958.1
41.487500	935.2
41.491250	975.5
41.495000	911.0
41.498750	939.1
41.502500	941.2
41.506250	936.6
41.510000	937.8
41.513750	964.8
41.517500	907.0
41.521250	898.0
41.525000	907.9
41.528750	949.9
41.532500	962.3
41.536250	965.1
41.540000	908.6
41.543750	963.4
41.547500	929.8
41.551250	923.5
41.555000	972.1
41.558750	928.8
41.562500	882.1
41.566250	961.4
41.570000	1017.2
41.573750	929.1
41.577500	904.7
41.581250	957.0
41.585000	930.6
41.588750	961.0
41.592500	976.3
41.596250	1048.4
41.600000	998.7
41.603750	975.9
41.607500	974.8
41.611250	992.1
41.615000	954.4
41.618750	938.2
41.622500	987.0
41.626250	1013.5
41.630000	963.2
41.633750	978.5
41.637500	949.6
41.641250	900.7
41.645000	986.6
41.648750	1020.3
41.652500	900.3
41.656250	936.0
41.660000	969.3
41.663750	964.6
41.667500	907.3
41.671250	907.8
41.675000	954.5
41.678750	986.3
41.682500	933.3
41.686250	955.6
41.690000	904.0
41.693750	938.1
41.697500	935.0
41.701250	855.0
41.705000	900.6
41.708750	920.7
41.712500	877.9
41.716250	912.1
41.720000	891.6
41.723750	957.3
41.727500	899.3
41.731250	914.6
41.735000	947.6
41.738750	940.5
41.742500	885.2
41.746250	887.3
41.750000	886.5
41.753750	903.6
41.757500	852.8
41.761250	933.0
41.765000	893.4
41.768750	925.2
41.772500	927.2
41.776250	936.1
41.780000	939.7
41.783750	944.2
41.787500	871.6
41.791250	916.4
41.795000	908.4
41.798750	886.0
41.802500	934.1
41.806250	907.2
41.810000	903.5
41.813750	883.5
41.817500	928.7
41.821250	957.0
41.825000	916.5
41.828750	923.7
41.832500	858.5
41.836250	936.7
41.840000	922.8
41.843750	886.8
41.847500	886.7
41.851250	909.1
41.855000	900.1
41.858750	933.5
41.862500	915.7
41.866250	892.4
41.870000	929.2
41.873750	925.8
41.877500	904.6
41.881250	939.9
41.885000	954.8
41.888750	866.4
41.892500	880.3
41.896250	985.7
41.900000	931.0
41.903750	896.6
41.907500	918.2
41.911250	913.6
41.915000	912.1
41.918750	936.6
41.922500	921.3
41.926250	948.5
41.930000	919.2
41.933750	869.8
41.937500	854.7
41.941250	923.1
41.945000	923.0
41.948750	854.7
41.952500	888.7
41.956250	879.3
41.960000	906.7
41.963750	876.4
41.967500	881.4
41.971250	905.0
41.975000	841.1
41.978750	897.2
41.982500	940.3
41.986250	943.8
41.990000	945.5
41.993750	902.3
41.997500	916.1
42.001250	900.2
42.005000	932.6
42.008750	948.0
42.012500	911.2
42.016250	950.6
42.020000	949.2
42.023750	905.5
42.027500	914.2
42.031250	920.2
42.035000	876.5
42.038750	976.9
42.042500	929.9
42.046250	952.9
42.050000	995.4
42.053750	984.3
42.057500	960.1
42.061250	931.6
42.065000	969.0
42.068750	1002.0
42.072500	1000.9
42.076250	926.9
42.080000	1022.3
42.083750	980.8
42.087500	978.8
42.091250	958.5
42.095000	913.5
42.098750	941.4
42.102500	939.2
42.106250	934.0
42.110000	919.9
42.113750	972.0
42.117500	971.4
42.121250	929.5
42.125000	943.1
42.128750	946.1
42.132500	1001.0
42.136250	993.3
42.140000	976.4
42.143750	965.7
42.147500	924.0
42.151250	980.2
42.155000	939.2
42.158750	973.4
42.162500	982.8
42.166250	958.8
42.170000	944.0
42.173750	967.3
42.177500	946.5
42.181250	968.6
42.185000	989.1
42.188750	971.8
42.192500	957.6
42.196250	959.3
42.200000	956.7
42.203750	981.1
42.207500	908.4
42.211250	893.2
42.215000	949.2
42.218750	993.4
42.222500	924.8
42.226250	944.1
42.230000	972.8
42.233750	925.0
42.237500	950.4
42.241250	946.0
42.245000	931.8
42.248750	962.2
42.252500	941.6
42.256250	941.2
42.260000	963.7
42.263750	889.7
42.267500	946.6
42.271250	964.2
42.275000	891.8
42.278750	937.5
42.282500	958.9
42.286250	941.3
42.290000	954.1
42.293750	956.4
42.297500	939.3
42.301250	998.5
42.305000	948.3
42.308750	916.7
42.312500	992.2
42.316250	1011.0
42.320000	1020.0
42.323750	1063.8
42.327500	1069.5
42.331250	1076.4
42.335000	1152.2
42.338750	1169.2
42.342500	1187.0
42.346250	1194.1
42.350000	1196.8
42.353750	1214.1
42.357500	1226.0
42.361250	1209.4
42.365000	1215.8
42.368750	1272.8
42.372500	1205.8
42.376250	1179.5
42.380000	1100.0
42.383750	1078.3
42.387500	1045.8
42.391250	994.0
42.395000	1020.9
42.398750	1056.1
42.402500	1025.4
42.406250	1041.0
42.410000	979.5
42.413750	1046.9
42.417500	1006.8
42.421250	966.0
42.425000	976.2
42.428750	983.7
42.432500	993.4
42.436250	1005.8
42.440000	948.2
42.443750	1014.6
42.447500	1031.5
42.451250	1004.0
42.455000	1075.3
42.458750	1030.1
42.462500	1027.7
42.466250	1010.7
42.470000	1065.7
42.473750	1007.0
42.477500	971.8
42.481250	1015.5
42.485000	1038.5
42.488750	1066.6
42.492500	1080.8
42.496250	1050.9
42.500000	1083.3
42.503750	1083.6
42.507500	1076.4
42.511250	1093.3
42.515000	1055.9
42.518750	1052.2
42.522500	1066.4
42.526250	1082.2
42.530000	1131.6
42.533750	1066.7
42.537500	1120.2
42.541250	1155.1
42.545000	1093.6
42.548750	1130.4
42.552500	1185.8
42.556250	1179.9
42.560000	1190.8
42.563750	1230.1
42.567500	1185.7
42.571250	1222.9
42.575000	1287.7
42.578750	1296.5
42.582500	1399.1
42.586250	1390.0
42.590000	1463.7
42.593750	1498.4
42.597500	1463.2
42.601250	1387.7
42.605000	1396.7
42.608750	1406.8
42.612500	1384.1
42.616250	1376.8
42.620000	1328.4
42.623750	1249.6
42.627500	1190.6
42.631250	1150.8
42.635000	1240.6
42.638750	1234.2
42.642500	1212.0
42.646250	1172.8
42.650000	1140.8
42.653750	1178.6
42.657500	1200.5
42.661250	1249.5
42.665000	1219.6
42.668750	1242.2
42.672500	1264.4
42.676250	1350.6
42.680000	1261.8
42.683750	1231.3
42.687500	1239.2
42.691250	1217.3
42.695000	1175.2
42.698750	1120.2
42.702500	1114.4
42.706250	1095.6
42.710000	1042.4
42.713750	1026.9
42.717500	1054.0
42.721250	1082.3
42.725000	1020.8
42.728750	983.4
42.732500	988.9
42.736250	1003.6
42.740000	1041.1
42.743750	1042.9
42.747500	1040.3
42.751250	1004.6
42.755000	1002.4
42.758750	976.3
42.762500	997.6
42.766250	976.7
42.770000	1026.0
42.773750	1014.0
42.777500	998.3
42.781250	1057.2
42.785000	1044.1
42.788750	992.1
42.792500	1024.6
42.796250	1015.1
42.800000	1020.7
42.803750	1023.5
42.807500	934.7
42.811250	1052.7
42.815000	1066.7
42.818750	1025.1
42.822500	1019.4
42.826250	1026.0
42.830000	965.2
42.833750	999.7
42.837500	1017.5
42.841250	1035.6
42.845000	997.1
42.848750	940.2
42.852500	930.1
42.856250	970.5
42.860000	979.0
42.863750	952.8
42.867500	951.4
42.871250	985.4
42.875000	956.9
42.878750	929.6
42.882500	926.7
42.886250	976.9
42.890000	969.8
42.893750	920.3
42.897500	988.1
42.901250	942.6
42.905000	970.6
42.908750	994.3
42.912500	962.5
42.916250	971.2
42.920000	1009.3
42.923750	927.4
42.927500	956.8
42.931250	978.5
42.935000	935.7
42.938750	921.3
42.942500	921.3
42.946250	938.7
42.950000	986.8
42.953750	937.2
42.957500	987.1
42.961250	936.2
42.965000	991.4
42.968750	982.2
42.972500	959.4
42.976250	1003.2
42.980000	934.9
42.983750	968.1
42.987500	974.7
42.991250	924.6
42.995000	955.5
42.998750	1005.0
43.002500	944.4
43.006250	994.0
43.010000	1002.0
43.013750	1030.0
43.017500	970.8
43.021250	946.4
43.025000	974.5
43.028750	1020.0
43.032500	1027.3
43.036250	1047.5
43.040000	1027.1
43.043750	987.6
43.047500	1022.6
43.051250	995.4
43.055000	976.7
43.058750	1003.7
43.062500	985.3
43.066250	978.5
43.070000	1038.2
43.073750	1062.4
43.077500	997.2
43.081250	975.1
43.085000	1040.3
43.088750	1023.2
43.092500	958.8
43.096250	1046.8
43.100000	1056.8
43.103750	1064.2
43.107500	1020.2
43.111250	1045.4
43.115000	1040.4
43.118750	978.0
43.122500	1030.5
43.126250	996.8
43.130000	1004.3
43.133750	1060.9
43.137500	984.8
43.141250	1013.0
43.145000	1020.5
43.148750	1070.3
43.152500	1080.3
43.156250	1069.0
43.160000	1061.0
43.163750	1064.6
43.167500	1109.4
43.171250	1055.1
43.175000	1075.3
43.178750	1099.7
43.182500	1064.5
43.186250	1061.0
43.190000	1051.3
43.193750	1078.7
43.197500	970.9
43.201250	1035.5
43.205000	1065.5
43.208750	995.5
43.212500	1042.2
43.216250	1056.3
43.220000	1051.3
43.223750	1019.7
43.227500	1110.9
43.231250	987.3
43.235000	1038.3
43.238750	1042.9
43.242500	1030.8
43.246250	1028.6
43.250000	1098.2
43.253750	1038.4
43.257500	1012.5
43.261250	1120.8
43.265000	1106.7
43.268750	1043.0
43.272500	975.4
43.276250	1081.1
43.280000	1056.0
43.283750	1007.9
43.287500	1005.0
43.291250	1019.0
43.295000	1063.8
43.298750	993.3
43.302500	993.7
43.306250	519.4
43.310000	1016.9
43.313750	1023.2
43.317500	1029.2
43.321250	1020.7
43.325000	1045.3
43.328750	1029.5
43.332500	1082.5
43.336250	1069.0
43.340000	1059.6
43.343750	1065.5
43.347500	1023.9
43.351250	1054.1
43.355000	1042.9
43.358750	1134.0
43.362500	1022.3
43.366250	1023.6
43.370000	1088.9
43.373750	1075.9
43.377500	1071.7
43.381250	1083.0
43.385000	1050.0
43.388750	1063.7
43.392500	1037.7
43.396250	1020.8
43.400000	1039.0
43.403750	1031.7
43.407500	1000.8
43.411250	1024.9
43.415000	1038.5
43.418750	1100.0
43.422500	1062.1
43.426250	966.2
43.430000	1090.6
43.433750	996.5
43.437500	966.4
43.441250	1059.6
43.445000	1016.7
43.448750	1060.5
43.452500	1014.7
43.456250	1079.0
43.460000	1054.1
43.463750	1020.8
43.467500	1034.0
43.471250	1059.6
43.475000	1073.1
43.478750	1048.8
43.482500	1033.9
43.486250	996.5
43.490000	1010.2
43.493750	1076.5
43.497500	1044.4
43.501250	1097.4
43.505000	1063.0
43.508750	1044.8
43.512500	1052.6
43.516250	1109.4
43.520000	1103.1
43.523750	1058.5
43.527500	1114.0
43.531250	1102.2
43.535000	1168.7
43.538750	1145.6
43.542500	1113.7
43.546250	1119.3
43.550000	1064.0
43.553750	1078.1
43.557500	1121.6
43.561250	1188.8
43.565000	1166.4
43.568750	1137.3
43.572500	1119.5
43.576250	1170.5
43.580000	1164.5
43.583750	1180.0
43.587500	1177.8
43.591250	1147.0
43.595000	1137.1
43.598750	1172.3
43.602500	1148.8
43.606250	1144.0
43.610000	1118.4
43.613750	1187.4
43.617500	1219.0
43.621250	1166.3
43.625000	1141.9
43.628750	1143.4
43.632500	1185.7
43.636250	1162.5
43.640000	1158.7
43.643750	1160.1
43.647500	1197.4
43.651250	1168.6
43.655000	1139.8
43.658750	1177.2
43.662500	1175.0
43.666250	1137.9
43.670000	1153.9
43.673750	1208.0
43.677500	1188.8
43.681250	1204.0
43.685000	1251.2
43.688750	1205.6
43.692500	1180.2
43.696250	1218.4
43.700000	1197.9
43.703750	1180.5
43.707500	1256.5
43.711250	1199.9
43.715000	1192.4
43.718750	1187.0
43.722500	1197.6
43.726250	1165.5
43.730000	1153.8
43.733750	1237.2
43.737500	1206.6
43.741250	1216.9
43.745000	1263.8
43.748750	1251.9
43.752500	1210.2
43.756250	1254.7
43.760000	1238.6
43.763750	1258.5
43.767500	1259.7
43.771250	1261.1
43.775000	1315.0
43.778750	950.7
43.782500	744.1
43.786250	1228.2
43.790000	1161.5
43.793750	1149.1
43.797500	1042.6
43.801250	1129.5
43.805000	1158.3
43.808750	1111.4
43.812500	1116.7
43.816250	1120.7
43.820000	1102.5
43.823750	1065.5
43.827500	1074.3
43.831250	1073.6
43.835000	1006.1
43.838750	1028.4
43.842500	1059.4
43.846250	999.7
43.850000	1001.1
43.853750	1024.1
43.857500	975.2
43.861250	1001.2
43.865000	977.5
43.868750	1001.2
43.872500	1013.3
43.876250	962.7
43.880000	942.5
43.883750	974.3
43.887500	990.6
43.891250	1028.1
43.895000	998.9
43.898750	974.9
43.902500	935.9
43.906250	941.5
43.910000	970.2
43.913750	941.9
43.917500	918.2
43.921250	969.9
43.925000	931.4
43.928750	929.2
43.932500	914.3
43.936250	926.7
43.940000	939.0
43.943750	875.1
43.947500	882.6
43.951250	986.9
43.955000	961.9
43.958750	931.8
43.962500	925.5
43.966250	910.8
43.970000	929.2
43.973750	930.4
43.977500	957.4
43.981250	941.5
43.985000	901.9
43.988750	919.8
43.992500	912.0
43.996250	922.2
44.000000	874.1
44.003750	935.6
44.007500	936.6
44.011250	859.7
44.015000	960.3
44.018750	964.5
44.022500	906.0
44.026250	896.0
44.030000	873.7
44.033750	892.2
44.037500	902.8
44.041250	941.1
44.045000	880.0
44.048750	866.4
44.052500	918.6
44.056250	920.5
44.060000	897.5
44.063750	910.1
44.067500	929.6
44.071250	900.8
44.075000	899.0
44.078750	920.2
44.082500	934.6
44.086250	951.5
44.090000	942.5
44.093750	920.2
44.097500	878.2
44.101250	861.9
44.105000	938.7
44.108750	913.8
44.112500	893.9
44.116250	927.5
44.120000	910.1
44.123750	920.9
44.127500	917.0
44.131250	912.6
44.135000	865.9
44.138750	953.1
44.142500	895.3
44.146250	893.0
44.150000	950.6
44.153750	945.3
44.157500	909.7
44.161250	933.8
44.165000	907.8
44.168750	945.6
44.172500	952.1
44.176250	955.2
44.180000	981.2
44.183750	936.2
44.187500	942.0
44.191250	927.2
44.195000	923.5
44.198750	902.3
44.202500	937.0
44.206250	886.7
44.210000	856.0
44.213750	922.8
44.217500	885.4
44.221250	913.6
44.225000	949.9
44.228750	894.1
44.232500	940.9
44.236250	928.6
44.240000	898.4
44.243750	978.8
44.247500	948.8
44.251250	895.8
44.255000	877.3
44.258750	946.0
44.262500	897.1
44.266250	909.8
44.270000	856.4
44.273750	861.7
44.277500	890.2
44.281250	911.0
44.285000	917.7
44.288750	915.5
44.292500	815.8
44.296250	877.9
44.300000	902.6
44.303750	902.0
44.307500	961.4
44.311250	909.7
44.315000	924.4
44.318750	914.6
44.322500	906.2
44.326250	902.6
44.330000	852.6
44.333750	957.8
44.337500	921.0
44.341250	889.1
44.345000	924.2
44.348750	841.5
44.352500	926.1
44.356250	919.8
44.360000	877.6
44.363750	936.1
44.367500	900.8
44.371250	874.7
44.375000	884.8
44.378750	896.4
44.382500	918.3
44.386250	904.7
44.390000	880.3
44.393750	856.9
44.397500	904.5
44.401250	917.4
44.405000	882.9
44.408750	920.5
44.412500	936.7
44.416250	962.3
44.420000	919.8
44.423750	939.1
44.427500	882.5
44.431250	956.8
44.435000	917.5
44.438750	944.2
44.442500	902.2
44.446250	945.6
44.450000	968.4
44.453750	913.6
44.457500	956.6
44.461250	873.1
44.465000	901.8
44.468750	872.0
44.472500	894.3
44.476250	926.1
44.480000	920.0
44.483750	922.5
44.487500	931.2
44.491250	970.1
44.495000	913.8
44.498750	921.7
44.502500	933.9
44.506250	916.7
44.510000	954.8
44.513750	918.7
44.517500	896.6
44.521250	917.5
44.525000	967.7
44.528750	949.4
44.532500	934.0
44.536250	952.1
44.540000	943.6
44.543750	947.0
44.547500	936.9
44.551250	890.6
44.555000	918.4
44.558750	950.2
44.562500	973.5
44.566250	977.6
44.570000	948.1
44.573750	951.0
44.577500	984.5
44.581250	1011.1
44.585000	926.5
44.588750	931.2
44.592500	973.3
44.596250	920.2
44.600000	1025.9
44.603750	996.5
44.607500	965.5
44.611250	994.8
44.615000	1014.2
44.618750	939.7
44.622500	964.7
44.626250	962.3
44.630000	981.6
44.633750	1006.4
44.637500	970.9
44.641250	995.3
44.645000	998.7
44.648750	999.2
44.652500	952.4
44.656250	989.1
44.660000	1021.9
44.663750	972.5
44.667500	1007.7
44.671250	1029.6
44.675000	999.6
44.678750	981.0
44.682500	1043.8
44.686250	1016.7
44.690000	1008.7
44.693750	997.7
44.697500	1030.4
44.701250	1030.0
44.705000	993.5
44.708750	1068.8
44.712500	1019.8
44.716250	1040.5
44.720000	1023.7
44.723750	1053.3
44.727500	1010.2
44.731250	1029.3
44.735000	1094.5
44.738750	993.6
44.742500	1059.2
44.746250	1100.6
44.750000	1032.8
44.753750	1100.7
44.757500	1069.2
44.761250	1084.7
44.765000	1128.6
44.768750	1090.9
44.772500	1152.3
44.776250	1081.0
44.780000	1077.2
44.783750	1155.0
44.787500	1082.4
44.791250	1103.5
44.795000	1080.9
44.798750	1156.5
44.802500	1093.6
44.806250	1067.8
44.810000	1054.6
44.813750	1091.6
44.817500	1010.0
44.821250	1007.9
44.825000	1090.7
44.828750	1046.5
44.832500	1006.2
44.836250	1024.3
44.840000	1017.7
44.843750	1024.3
44.847500	997.5
44.851250	999.7
44.855000	975.1
44.858750	987.2
44.862500	999.1
44.866250	1002.6
44.870000	1034.2
44.873750	953.1
44.877500	970.1
44.881250	1038.2
44.885000	1012.2
44.888750	970.5
44.892500	976.7
44.896250	1017.2
44.900000	1020.0
44.903750	904.0
44.907500	980.2
44.911250	967.9
44.915000	967.3
44.918750	987.8
44.922500	978.0
44.926250	1011.4
44.930000	974.9
44.933750	931.5
44.937500	965.3
44.941250	959.7
44.945000	982.9
44.948750	964.3
44.952500	982.5
44.956250	990.2
44.960000	1012.2
44.963750	987.2
44.967500	976.2
44.971250	946.4
44.975000	960.3
44.978750	982.3
44.982500	1001.4
44.986250	991.4
44.990000	1018.4
44.993750	950.7
44.997500	965.9
45.001250	995.5
45.005000	1006.2
45.008750	962.0
45.012500	1025.0
45.016250	1063.4
45.020000	1050.6
45.023750	1029.7
45.027500	1084.0
45.031250	1081.3
45.035000	1006.7
45.038750	1055.4
45.042500	1113.6
45.046250	1082.9
45.050000	1068.0
45.053750	1067.9
45.057500	1028.4
45.061250	1034.7
45.065000	1063.5
45.068750	1021.4
45.072500	1011.8
45.076250	1038.7
45.080000	982.3
45.083750	1024.5
45.087500	1023.6
45.091250	974.1
45.095000	953.8
45.098750	931.7
45.102500	929.3
45.106250	968.8
45.110000	958.3
45.113750	914.2
45.117500	944.2
45.121250	963.9
45.125000	926.9
45.128750	963.7
45.132500	924.1
45.136250	933.8
45.140000	897.5
45.143750	924.9
45.147500	906.5
45.151250	921.7
45.155000	940.4
45.158750	934.6
45.162500	934.3
45.166250	909.3
45.170000	890.7
45.173750	888.3
45.177500	936.9
45.181250	895.5
45.185000	913.5
45.188750	933.9
45.192500	912.3
45.196250	902.5
45.200000	814.3
45.203750	843.8
45.207500	850.5
45.211250	864.6
45.215000	896.6
45.218750	879.1
45.222500	904.7
45.226250	910.3
45.230000	903.6
45.233750	865.1
45.237500	903.9
45.241250	870.4
45.245000	877.6
45.248750	870.2
45.252500	855.6
45.256250	888.1
45.260000	917.0
45.263750	904.3
45.267500	892.7
45.271250	882.7
45.275000	856.5
45.278750	849.1
45.282500	913.3
45.286250	858.6
45.290000	844.0
45.293750	822.2
45.297500	949.5
45.301250	916.3
45.305000	879.5
45.308750	910.9
45.312500	933.6
45.316250	888.3
45.320000	890.4
45.323750	863.4
45.327500	849.6
45.331250	909.9
45.335000	914.2
45.338750	917.0
45.342500	877.4
45.346250	885.4
45.350000	864.5
45.353750	885.7
45.357500	872.3
45.361250	915.2
45.365000	908.2
45.368750	915.0
45.372500	875.0
45.376250	844.2
45.380000	857.6
45.383750	899.7
45.387500	899.4
45.391250	859.8
45.395000	898.4
45.398750	897.0
45.402500	817.0
45.406250	867.6
45.410000	897.8
45.413750	892.3
45.417500	867.2
45.421250	877.3
45.425000	874.6
45.428750	902.9
45.432500	872.3
45.436250	897.6
45.440000	828.7
45.443750	912.9
45.447500	907.4
45.451250	915.4
45.455000	876.9
45.458750	918.0
45.462500	899.3
45.466250	881.0
45.470000	885.1
45.473750	848.5
45.477500	905.4
45.481250	939.5
45.485000	907.4
45.488750	929.4
45.492500	917.2
45.496250	895.4
45.500000	908.6
45.503750	966.3
45.507500	952.5
45.511250	874.0
45.515000	961.4
45.518750	1038.6
45.522500	1040.5
45.526250	1081.4
45.530000	1076.7
45.533750	1071.6
45.537500	1102.8
45.541250	1046.0
45.545000	1054.9
45.548750	1063.2
45.552500	968.1
45.556250	1097.2
45.560000	1089.5
45.563750	980.2
45.567500	982.5
45.571250	980.8
45.575000	931.9
45.578750	1005.7
45.582500	997.9
45.586250	963.1
45.590000	932.2
45.593750	942.4
45.597500	924.4
45.601250	893.9
45.605000	965.1
45.608750	1004.3
45.612500	987.3
45.616250	1048.9
45.620000	1047.2
45.623750	1046.3
45.627500	1108.5
45.631250	1183.1
45.635000	1124.2
45.638750	1068.1
45.642500	1106.8
45.646250	1106.3
45.650000	1028.8
45.653750	1111.3
45.657500	1108.6
45.661250	1124.9
45.665000	1066.8
45.668750	987.9
45.672500	1036.0
45.676250	968.2
45.680000	1067.5
45.683750	1018.4
45.687500	987.5
45.691250	1045.8
45.695000	1028.3
45.698750	1001.8
45.702500	998.5
45.706250	984.2
45.710000	996.3
45.713750	996.0
45.717500	969.4
45.721250	930.3
45.725000	1003.6
45.728750	995.0
45.732500	1010.2
45.736250	990.2
45.740000	1003.0
45.743750	991.0
45.747500	1027.9
45.751250	1024.4
45.755000	1034.2
45.758750	1082.3
45.762500	1120.2
45.766250	1021.2
45.770000	1069.5
45.773750	1076.9
45.777500	1084.7
45.781250	1114.6
45.785000	1093.5
45.788750	1106.7
45.792500	1065.1
45.796250	1134.7
45.800000	1072.2
45.803750	1171.2
45.807500	1157.9
45.811250	1124.9
45.815000	1132.5
45.818750	1153.2
45.822500	1153.9
45.826250	1077.9
45.830000	1072.5
45.833750	1071.1
45.837500	1090.4
45.841250	1070.5
45.845000	1086.4
45.848750	1046.4
45.852500	989.8
45.856250	987.4
45.860000	995.1
45.863750	1010.0
45.867500	1005.3
45.871250	1019.0
45.875000	1035.1
45.878750	991.4
45.882500	951.9
45.886250	1039.4
45.890000	1052.6
45.893750	989.1
45.897500	969.1
45.901250	992.6
45.905000	974.0
45.908750	979.2
45.912500	963.3
45.916250	986.1
45.920000	975.0
45.923750	920.0
45.927500	990.7
45.931250	928.0
45.935000	982.0
45.938750	951.1
45.942500	877.5
45.946250	939.0
45.950000	925.9
45.953750	900.8
45.957500	967.1
45.961250	936.6
45.965000	966.8
45.968750	929.6
45.972500	876.9
45.976250	833.6
45.980000	892.1
45.983750	956.6
45.987500	904.0
45.991250	877.5
45.995000	917.3
45.998750	935.5
46.002500	896.2
46.006250	852.1
46.010000	873.3
46.013750	837.3
46.017500	874.0
46.021250	923.4
46.025000	883.1
46.028750	899.4
46.032500	916.1
46.036250	881.6
46.040000	895.7
46.043750	894.9
46.047500	841.7
46.051250	866.4
46.055000	902.7
46.058750	894.3
46.062500	844.0
46.066250	903.8
46.070000	883.2
46.073750	886.9
46.077500	814.7
46.081250	822.5
46.085000	862.2
46.088750	899.1
46.092500	1000.4
46.096250	948.6
46.100000	925.4
46.103750	930.7
46.107500	859.2
46.111250	867.9
46.115000	907.2
46.118750	900.6
46.122500	894.9
46.126250	832.4
46.130000	847.4
46.133750	995.3
46.137500	964.3
46.141250	876.6
46.145000	942.5
46.148750	873.7
46.152500	825.7
46.156250	861.0
46.160000	890.0
46.163750	1007.8
46.167500	896.8
46.171250	867.0
46.175000	907.4
46.178750	886.4
46.182500	913.7
46.186250	931.2
46.190000	894.8
46.193750	819.2
46.197500	906.2
46.201250	958.6
46.205000	918.0
46.208750	904.9
46.212500	876.6
46.216250	924.6
46.220000	850.6
46.223750	874.5
46.227500	852.5
46.231250	899.7
46.235000	922.9
46.238750	881.8
46.242500	944.4
46.246250	869.8
46.250000	912.0
46.253750	909.5
46.257500	836.0
46.261250	873.6
46.265000	921.7
46.268750	863.3
46.272500	875.4
46.276250	898.8
46.280000	862.4
46.283750	863.9
46.287500	901.5
46.291250	833.9
46.295000	904.9
46.298750	898.9
46.302500	904.0
46.306250	873.3
46.310000	914.4
46.313750	871.0
46.317500	906.1
46.321250	917.0
46.325000	862.5
46.328750	876.9
46.332500	900.6
46.336250	952.9
46.340000	941.9
46.343750	893.0
46.347500	869.0
46.351250	891.3
46.355000	902.6
46.358750	838.9
46.362500	908.5
46.366250	877.0
46.370000	879.6
46.373750	923.5
46.377500	947.4
46.381250	877.4
46.385000	886.9
46.388750	903.8
46.392500	892.7
46.396250	850.8
46.400000	833.5
46.403750	878.4
46.407500	870.3
46.411250	902.6
46.415000	845.2
46.418750	886.8
46.422500	914.4
46.426250	893.4
46.430000	926.8
46.433750	941.9
46.437500	950.9
46.441250	904.2
46.445000	882.7
46.448750	948.3
46.452500	946.0
46.456250	937.7
46.460000	970.1
46.463750	939.5
46.467500	975.0
46.471250	886.6
46.475000	905.0
46.478750	989.8
46.482500	1024.8
46.486250	983.7
46.490000	1006.1
46.493750	1047.5
46.497500	1053.6
46.501250	1004.5
46.505000	968.5
46.508750	1018.2
46.512500	1069.1
46.516250	1088.1
46.520000	1036.5
46.523750	1059.5
46.527500	1035.2
46.531250	1025.9
46.535000	1108.4
46.538750	1047.6
46.542500	1051.9
46.546250	1004.4
46.550000	1042.0
46.553750	982.0
46.557500	991.4
46.561250	1003.6
46.565000	980.6
46.568750	978.1
46.572500	940.4
46.576250	956.9
46.580000	967.1
46.583750	934.5
46.587500	943.1
46.591250	983.0
46.595000	998.0
46.598750	972.7
46.602500	987.4
46.606250	1053.5
46.610000	1032.8
46.613750	1076.5
46.617500	1041.2
46.621250	998.2
46.625000	1029.0
46.628750	1047.0
46.632500	1069.9
46.636250	1052.1
46.640000	1043.6
46.643750	1086.9
46.647500	1091.6
46.651250	1191.6
46.655000	1160.5
46.658750	1174.7
46.662500	1222.6
46.666250	1285.5
46.670000	1313.3
46.673750	1446.2
46.677500	1488.3
46.681250	1596.2
46.685000	1724.8
46.688750	1876.6
46.692500	2038.4
46.696250	2166.7
46.700000	2379.8
46.703750	2542.2
46.707500	2582.6
46.711250	2646.0
46.715000	2627.0
46.718750	2741.9
46.722500	2665.4
46.726250	2630.6
46.730000	2558.2
46.733750	2523.4
46.737500	2326.3
46.741250	2075.7
46.745000	1931.7
46.748750	1697.3
46.752500	1620.0
46.756250	1477.9
46.760000	1448.9
46.763750	1334.6
46.767500	1214.6
46.771250	1133.6
46.775000	1185.8
46.778750	1168.8
46.782500	1129.7
46.786250	1045.4
46.790000	1009.5
46.793750	1034.1
46.797500	1063.7
46.801250	1039.1
46.805000	1053.1
46.808750	1050.2
46.812500	1035.5
46.816250	1041.9
46.820000	1033.8
46.823750	1083.7
46.827500	1063.6
46.831250	1083.8
46.835000	1088.2
46.838750	1053.9
46.842500	1072.1
46.846250	1081.0
46.850000	1122.9
46.853750	1035.7
46.857500	1105.3
46.861250	1082.5
46.865000	1029.9
46.868750	993.4
46.872500	1015.2
46.876250	968.0
46.880000	896.4
46.883750	958.1
46.887500	939.8
46.891250	976.4
46.895000	915.2
46.898750	893.3
46.902500	909.1
46.906250	910.9
46.910000	910.7
46.913750	877.9
46.917500	867.4
46.921250	859.1
46.925000	847.7
46.928750	889.4
46.932500	888.0
46.936250	882.7
46.940000	881.1
46.943750	858.9
46.947500	845.9
46.951250	847.6
46.955000	851.2
46.958750	829.7
46.962500	840.8
46.966250	911.6
46.970000	889.5
46.973750	788.8
46.977500	816.0
46.981250	838.6
46.985000	886.1
46.988750	891.0
46.992500	838.5
46.996250	870.0
47.000000	865.5
47.003750	824.8
47.007500	875.9
47.011250	828.7
47.015000	845.8
47.018750	878.7
47.022500	864.4
47.026250	872.3
47.030000	873.8
47.033750	827.9
47.037500	858.4
47.041250	836.6
47.045000	844.2
47.048750	839.1
47.052500	851.0
47.056250	869.8
47.060000	850.3
47.063750	846.8
47.067500	873.7
47.071250	818.4
47.075000	817.9
47.078750	851.8
47.082500	871.6
47.086250	870.1
47.090000	889.9
47.093750	865.0
47.097500	812.1
47.101250	881.2
47.105000	904.7
47.108750	882.6
47.112500	843.5
47.116250	901.5
47.120000	929.3
47.123750	930.3
47.127500	950.0
47.131250	969.7
47.135000	947.8
47.138750	903.2
47.142500	947.7
47.146250	910.5
47.150000	1006.2
47.153750	1023.5
47.157500	1040.3
47.161250	956.2
47.165000	960.0
47.168750	1020.3
47.172500	964.4
47.176250	991.7
47.180000	942.6
47.183750	979.9
47.187500	977.3
47.191250	948.0
47.195000	959.0
47.198750	988.2
47.202500	952.4
47.206250	913.2
47.210000	960.7
47.213750	888.1
47.217500	949.1
47.221250	923.8
47.225000	907.4
47.228750	965.1
47.232500	943.6
47.236250	863.9
47.240000	886.3
47.243750	930.1
47.247500	971.0
47.251250	907.5
47.255000	887.2
47.258750	957.8
47.262500	893.4
47.266250	915.7
47.270000	970.8
47.273750	894.2
47.277500	938.0
47.281250	915.7
47.285000	925.6
47.288750	963.3
47.292500	956.2
47.296250	974.8
47.300000	964.5
47.303750	928.8
47.307500	990.0
47.311250	1019.1
47.315000	925.0
47.318750	943.0
47.322500	951.1
47.326250	926.5
47.330000	926.8
47.333750	923.5
47.337500	955.7
47.341250	966.8
47.345000	887.1
47.348750	928.5
47.352500	918.2
47.356250	861.5
47.360000	884.4
47.363750	890.3
47.367500	881.7
47.371250	910.1
47.375000	829.8
47.378750	872.1
47.382500	889.2
47.386250	875.6
47.390000	857.7
47.393750	930.9
47.397500	926.0
47.401250	910.8
47.405000	880.4
47.408750	873.6
47.412500	871.6
47.416250	865.6
47.420000	860.8
47.423750	832.6
47.427500	848.5
47.431250	882.4
47.435000	935.8
47.438750	921.2
47.442500	863.3
47.446250	878.0
47.450000	935.9
47.453750	892.2
47.457500	906.4
47.461250	942.8
47.465000	893.3
47.468750	898.4
47.472500	955.8
47.476250	905.0
47.480000	863.0
47.483750	846.0
47.487500	907.4
47.491250	902.4
47.495000	842.8
47.498750	893.5
47.502500	855.3
47.506250	919.6
47.510000	935.9
47.513750	881.2
47.517500	870.3
47.521250	918.3
47.525000	846.3
47.528750	900.1
47.532500	936.7
47.536250	973.7
47.540000	890.5
47.543750	869.6
47.547500	880.7
47.551250	906.1
47.555000	920.2
47.558750	912.5
47.562500	926.0
47.566250	907.9
47.570000	952.3
47.573750	893.3
47.577500	926.7
47.581250	891.2
47.585000	955.7
47.588750	943.2
47.592500	976.9
47.596250	915.9
47.600000	953.2
47.603750	985.6
47.607500	999.6
47.611250	940.6
47.615000	959.6
47.618750	942.5
47.622500	961.2
47.626250	971.4
47.630000	1007.4
47.633750	1005.1
47.637500	959.4
47.641250	1014.8
47.645000	971.5
47.648750	987.8
47.652500	966.9
47.656250	943.3
47.660000	926.2
47.663750	931.2
47.667500	975.5
47.671250	932.9
47.675000	982.5
47.678750	1042.1
47.682500	1020.0
47.686250	961.7
47.690000	970.5
47.693750	939.3
47.697500	958.9
47.701250	963.5
47.705000	983.4
47.708750	953.9
47.712500	933.3
47.716250	927.5
47.720000	919.2
47.723750	923.8
47.727500	973.6
47.731250	932.6
47.735000	889.3
47.738750	900.9
47.742500	919.7
47.746250	975.4
47.750000	896.1
47.753750	1010.5
47.757500	1005.8
47.761250	982.2
47.765000	946.8
47.768750	990.9
47.772500	1005.3
47.776250	1019.3
47.780000	925.5
47.783750	935.4
47.787500	945.6
47.791250	957.4
47.795000	951.2
47.798750	956.9
47.802500	921.4
47.806250	904.3
47.810000	875.0
47.813750	905.0
47.817500	890.9
47.821250	888.2
47.825000	909.2
47.828750	941.1
47.832500	931.4
47.836250	895.7
47.840000	891.3
47.843750	909.5
47.847500	866.5
47.851250	870.6
47.855000	958.0
47.858750	936.2
47.862500	882.4
47.866250	910.5
47.870000	888.1
47.873750	935.5
47.877500	903.7
47.881250	958.1
47.885000	960.5
47.888750	915.6
47.892500	884.5
47.896250	956.4
47.900000	909.1
47.903750	953.5
47.907500	936.1
47.911250	965.9
47.915000	938.7
47.918750	923.2
47.922500	957.9
47.926250	1014.8
47.930000	1054.5
47.933750	1013.5
47.937500	929.1
47.941250	968.7
47.945000	1039.2
47.948750	1012.3
47.952500	998.8
47.956250	980.8
47.960000	1026.5
47.963750	974.5
47.967500	993.2
47.971250	980.2
47.975000	994.6
47.978750	958.1
47.982500	981.5
47.986250	981.3
47.990000	962.8
47.993750	889.4
47.997500	991.9
48.001250	926.2
48.005000	973.5
48.008750	916.6
48.012500	903.4
48.016250	932.4
48.020000	942.1
48.023750	971.1
48.027500	914.0
48.031250	1011.7
48.035000	942.8
48.038750	920.9
48.042500	933.5
48.046250	956.2
48.050000	920.8
48.053750	911.8
48.057500	964.6
48.061250	898.1
48.065000	903.6
48.068750	960.7
48.072500	912.4
48.076250	935.7
48.080000	957.2
48.083750	966.4
48.087500	878.6
48.091250	942.4
48.095000	924.6
48.098750	922.2
48.102500	863.7
48.106250	949.8
48.110000	941.2
48.113750	889.6
48.117500	928.9
48.121250	947.9
48.125000	873.4
48.128750	892.0
48.132500	879.4
48.136250	938.9
48.140000	908.3
48.143750	978.4
48.147500	894.3
48.151250	923.1
48.155000	952.1
48.158750	1037.5
48.162500	981.8
48.166250	919.0
48.170000	931.2
48.173750	914.6
48.177500	920.7
48.181250	983.0
48.185000	996.7
48.188750	960.2
48.192500	980.3
48.196250	961.6
48.200000	954.8
48.203750	991.0
48.207500	934.5
48.211250	963.9
48.215000	985.5
48.218750	966.9
48.222500	901.9
48.226250	911.1
48.230000	950.6
48.233750	937.6
48.237500	903.4
48.241250	957.6
48.245000	949.2
48.248750	960.7
48.252500	910.0
48.256250	907.8
48.260000	954.9
48.263750	945.1
48.267500	895.5
48.271250	928.6
48.275000	890.5
48.278750	961.2
48.282500	925.3
48.286250	934.5
48.290000	935.1
48.293750	899.3
48.297500	922.7
48.301250	923.2
48.305000	907.9
48.308750	869.1
48.312500	910.6
48.316250	935.8
48.320000	914.4
48.323750	949.3
48.327500	956.6
48.331250	1007.2
48.335000	883.6
48.338750	868.6
48.342500	933.3
48.346250	926.8
48.350000	910.6
48.353750	947.0
48.357500	932.5
48.361250	952.7
48.365000	962.8
48.368750	927.0
48.372500	927.7
48.376250	930.8
48.380000	932.9
48.383750	926.8
48.387500	943.0
48.391250	977.4
48.395000	961.5
48.398750	982.4
48.402500	967.8
48.406250	989.8
48.410000	981.4
48.413750	990.9
48.417500	963.7
48.421250	961.1
48.425000	963.5
48.428750	948.4
48.432500	998.8
48.436250	1014.0
48.440000	984.1
48.443750	939.3
48.447500	982.5
48.451250	989.6
48.455000	933.9
48.458750	988.8
48.462500	1012.4
48.466250	947.4
48.470000	962.3
48.473750	957.4
48.477500	939.4
48.481250	981.5
48.485000	942.1
48.488750	949.3
48.492500	984.2
48.496250	1024.4
48.500000	994.6
48.503750	981.1
48.507500	1006.7
48.511250	1011.2
48.515000	1034.4
48.518750	1020.8
48.522500	949.6
48.526250	994.3
48.530000	1056.2
48.533750	1021.8
48.537500	1000.0
48.541250	1009.0
48.545000	1006.6
48.548750	1009.9
48.552500	999.8
48.556250	973.4
48.560000	968.3
48.563750	1017.7
48.567500	984.7
48.571250	997.3
48.575000	1064.3
48.578750	1058.7
48.582500	1062.9
48.586250	1099.3
48.590000	1027.4
48.593750	996.5
48.597500	1002.4
48.601250	1027.5
48.605000	1085.0
48.608750	1043.4
48.612500	1082.3
48.616250	1077.4
48.620000	1144.4
48.623750	1122.4
48.627500	1063.2
48.631250	1078.3
48.635000	1014.3
48.638750	983.3
48.642500	1067.3
48.646250	1073.9
48.650000	1067.7
48.653750	1050.7
48.657500	1025.0
48.661250	1040.0
48.665000	992.4
48.668750	1040.2
48.672500	1061.2
48.676250	1092.9
48.680000	1006.4
48.683750	1002.8
48.687500	959.2
48.691250	1018.2
48.695000	1024.7
48.698750	970.6
48.702500	971.2
48.706250	1016.8
48.710000	1028.5
48.713750	989.5
48.717500	972.6
48.721250	979.4
48.725000	995.8
48.728750	973.1
48.732500	1025.4
48.736250	914.0
48.740000	908.8
48.743750	941.4
48.747500	959.9
48.751250	971.0
48.755000	968.8
48.758750	971.6
48.762500	971.3
48.766250	935.0
48.770000	906.3
48.773750	963.8
48.777500	908.9
48.781250	955.9
48.785000	913.1
48.788750	922.1
48.792500	903.8
48.796250	871.1
48.800000	893.9
48.803750	889.9
48.807500	882.5
48.811250	954.6
48.815000	919.1
48.818750	857.0
48.822500	902.1
48.826250	857.0
48.830000	875.0
48.833750	859.5
48.837500	867.2
48.841250	861.4
48.845000	869.6
48.848750	888.8
48.852500	858.9
48.856250	903.4
48.860000	901.7
48.863750	820.7
48.867500	888.2
48.871250	841.3
48.875000	886.4
48.878750	912.5
48.882500	871.6
48.886250	875.8
48.890000	828.4
48.893750	863.8
48.897500	854.2
48.901250	841.0
48.905000	872.0
48.908750	851.8
48.912500	892.6
48.916250	872.3
48.920000	832.2
48.923750	823.1
48.927500	829.5
48.931250	838.5
48.935000	802.2
48.938750	874.5
48.942500	851.6
48.946250	867.2
48.950000	852.7
48.953750	839.1
48.957500	825.1
48.961250	801.5
48.965000	879.4
48.968750	845.4
48.972500	845.9
48.976250	855.7
48.980000	835.7
48.983750	886.1
48.987500	843.4
48.991250	809.0
48.995000	877.0
48.998750	808.0
49.002500	916.4
49.006250	840.0
49.010000	836.7
49.013750	863.2
49.017500	841.0
49.021250	858.0
49.025000	855.5
49.028750	841.3
49.032500	829.4
49.036250	827.7
49.040000	851.1
49.043750	859.5
49.047500	876.8
49.051250	857.1
49.055000	807.1
49.058750	862.7
49.062500	895.3
49.066250	844.1
49.070000	883.9
49.073750	876.3
49.077500	832.5
49.081250	862.8
49.085000	892.5
49.088750	865.2
49.092500	849.1
49.096250	872.6
49.100000	838.7
49.103750	812.9
49.107500	828.5
49.111250	864.7
49.115000	856.3
49.118750	879.0
49.122500	868.8
49.126250	925.1
49.130000	907.2
49.133750	857.0
49.137500	871.7
49.141250	876.4
49.145000	863.8
49.148750	897.6
49.152500	868.9
49.156250	902.5
49.160000	908.5
49.163750	920.8
49.167500	973.3
49.171250	1008.4
49.175000	947.7
49.178750	986.0
49.182500	1034.6
49.186250	1036.2
49.190000	978.6
49.193750	985.5
49.197500	1004.7
49.201250	1022.7
49.205000	1013.4
49.208750	956.4
49.212500	974.3
49.216250	901.9
49.220000	898.0
49.223750	918.6
49.227500	899.2
49.231250	871.6
49.235000	890.8
49.238750	852.0
49.242500	910.0
49.246250	894.2
49.250000	855.0
49.253750	876.1
49.257500	857.0
49.261250	870.4
49.265000	826.9
49.268750	872.4
49.272500	862.9
49.276250	872.0
49.280000	870.2
49.283750	856.7
49.287500	827.2
49.291250	820.9
49.295000	842.9
49.298750	786.3
49.302500	837.4
49.306250	870.5
49.310000	810.4
49.313750	805.7
49.317500	809.2
49.321250	830.1
49.325000	873.3
49.328750	830.1
49.332500	819.9
49.336250	893.0
49.340000	835.4
49.343750	809.9
49.347500	816.2
49.351250	859.9
49.355000	824.5
49.358750	808.4
49.362500	784.3
49.366250	821.4
49.370000	816.0
49.373750	865.5
49.377500	834.0
49.381250	849.1
49.385000	883.7
49.388750	793.4
49.392500	851.4
49.396250	843.6
49.400000	834.2
49.403750	822.3
49.407500	837.4
49.411250	782.1
49.415000	821.1
49.418750	824.0
49.422500	837.2
49.426250	871.3
49.430000	821.0
49.433750	810.9
49.437500	880.4
49.441250	813.8
49.445000	789.5
49.448750	855.9
49.452500	828.5
49.456250	886.6
49.460000	873.7
49.463750	867.1
49.467500	849.6
49.471250	884.8
49.475000	918.7
49.478750	858.6
49.482500	898.8
49.486250	887.5
49.490000	877.1
49.493750	826.3
49.497500	898.1
49.501250	863.5
49.505000	828.3
49.508750	906.3
49.512500	882.8
49.516250	880.2
49.520000	886.2
49.523750	892.8
49.527500	856.7
49.531250	866.4
49.535000	854.8
49.538750	841.0
49.542500	877.5
49.546250	895.6
49.550000	865.8
49.553750	838.1
49.557500	886.3
49.561250	841.5
49.565000	788.0
49.568750	844.5
49.572500	885.5
49.576250	839.6
49.580000	824.9
49.583750	814.6
49.587500	840.1
49.591250	808.9
49.595000	812.9
49.598750	806.3
49.602500	822.5
49.606250	879.1
49.610000	807.7
49.613750	834.0
49.617500	814.1
49.621250	783.8
49.625000	883.8
49.628750	840.1
49.632500	838.0
49.636250	795.2
49.640000	848.2
49.643750	864.9
49.647500	781.2
49.651250	795.3
49.655000	822.7
49.658750	843.1
49.662500	800.8
49.666250	808.4
49.670000	824.9
49.673750	807.6
49.677500	773.4
49.681250	808.0
49.685000	836.7
49.688750	818.9
49.692500	805.8
49.696250	779.1
49.700000	739.2
49.703750	783.8
49.707500	787.7
49.711250	741.5
49.715000	770.7
49.718750	836.3
49.722500	842.9
49.726250	753.3
49.730000	752.0
49.733750	788.9
49.737500	774.1
49.741250	768.8
49.745000	805.9
49.748750	784.0
49.752500	798.8
49.756250	743.6
49.760000	800.7
49.763750	840.7
49.767500	779.5
49.771250	752.5
49.775000	765.7
49.778750	794.9
49.782500	741.3
49.786250	723.0
49.790000	799.7
49.793750	833.7
49.797500	750.4
49.801250	774.1
49.805000	773.1
49.808750	765.2
49.812500	802.6
49.816250	816.0
49.820000	830.1
49.823750	808.4
49.827500	784.0
49.831250	742.8
49.835000	741.1
49.838750	733.8
49.842500	795.8
49.846250	798.0
49.850000	777.0
49.853750	791.5
49.857500	795.7
49.861250	800.9
49.865000	771.0
49.868750	804.3
49.872500	822.7
49.876250	825.8
49.880000	851.4
49.883750	865.4
49.887500	853.2
49.891250	865.8
49.895000	862.1
49.898750	858.5
49.902500	889.1
49.906250	896.6
49.910000	907.7
49.913750	896.0
49.917500	874.0
49.921250	875.9
49.925000	858.0
49.928750	843.4
49.932500	792.1
49.936250	797.9
49.940000	818.1
49.943750	749.2
49.947500	777.6
49.951250	799.8
49.955000	775.6
49.958750	781.4
49.962500	784.7
49.966250	777.4
49.970000	780.3
49.973750	792.5
49.977500	812.4
49.981250	805.3
49.985000	759.7
49.988750	763.2
49.992500	820.4
49.996250	777.3
50.000000	791.0
50.003750	868.9
50.007500	859.9
50.011250	839.1
50.015000	797.9
50.018750	874.2
50.022500	849.0
50.026250	803.8
50.030000	864.2
50.033750	858.5
50.037500	908.6
50.041250	945.2
50.045000	874.0
50.048750	866.8
50.052500	895.4
50.056250	892.3
50.060000	816.5
50.063750	834.9
50.067500	891.5
50.071250	842.6
50.075000	868.1
50.078750	825.4
50.082500	822.4
50.086250	825.0
50.090000	818.4
50.093750	840.5
50.097500	785.0
50.101250	763.3
50.105000	806.4
50.108750	800.9
50.112500	771.2
50.116250	778.8
50.120000	776.5
50.123750	760.9
50.127500	757.0
50.131250	733.0
50.135000	794.9
50.138750	783.7
50.142500	771.0
50.146250	773.2
50.150000	796.3
50.153750	779.1
50.157500	771.0
50.161250	810.7
50.165000	783.8
50.168750	780.0
50.172500	798.4
50.176250	777.8
50.180000	759.1
50.183750	768.7
50.187500	761.4
50.191250	831.4
50.195000	840.5
50.198750	787.2
50.202500	781.0
50.206250	834.1
50.210000	778.6
50.213750	810.2
50.217500	786.7
50.221250	778.1
50.225000	795.1
50.228750	832.7
50.232500	801.1
50.236250	838.2
50.240000	850.7
50.243750	832.8
50.247500	750.7
50.251250	779.4
50.255000	816.1
50.258750	839.0
50.262500	764.1
50.266250	785.6
50.270000	776.7
50.273750	813.5
50.277500	810.4
50.281250	817.6
50.285000	792.7
50.288750	802.0
50.292500	754.4
50.296250	746.7
50.300000	811.8
50.303750	798.2
50.307500	795.3
50.311250	800.6
50.315000	790.7
50.318750	811.2
50.322500	831.4
50.326250	835.3
50.330000	816.2
50.333750	794.8
50.337500	800.9
50.341250	791.4
50.345000	797.0
50.348750	794.5
50.352500	830.4
50.356250	803.8
50.360000	789.0
50.363750	816.8
50.367500	865.6
50.371250	896.2
50.375000	813.7
50.378750	831.8
50.382500	858.0
50.386250	853.4
50.390000	874.1
50.393750	812.1
50.397500	800.8
50.401250	807.0
50.405000	809.8
50.408750	838.4
50.412500	838.4
50.416250	803.7
50.420000	841.8
50.423750	897.8
50.427500	833.6
50.431250	827.6
50.435000	854.7
50.438750	844.4
50.442500	803.4
50.446250	829.0
50.450000	849.1
50.453750	860.1
50.457500	848.8
50.461250	860.9
50.465000	890.7
50.468750	826.4
50.472500	810.4
50.476250	870.5
50.480000	863.9
50.483750	843.4
50.487500	816.9
50.491250	815.5
50.495000	826.3
50.498750	890.4
50.502500	862.5
50.506250	902.7
50.510000	780.6
50.513750	816.8
50.517500	822.7
50.521250	872.1
50.525000	852.5
50.528750	910.0
50.532500	845.3
50.536250	839.9
50.540000	811.9
50.543750	846.7
50.547500	883.4
50.551250	745.7
50.555000	788.1
50.558750	768.0
50.562500	852.1
50.566250	876.0
50.570000	837.9
50.573750	892.0
50.577500	826.3
50.581250	825.8
50.585000	853.8
50.588750	873.9
50.592500	878.0
50.596250	880.0
50.600000	866.6
50.603750	837.7
50.607500	874.2
50.611250	826.3
50.615000	852.2
50.618750	796.7
50.622500	821.1
50.626250	828.5
50.630000	798.9
50.633750	800.3
50.637500	886.0
50.641250	891.4
50.645000	830.2
50.648750	786.5
50.652500	804.3
50.656250	829.6
50.660000	762.3
50.663750	827.4
50.667500	815.3
50.671250	740.8
50.675000	774.8
50.678750	769.6
50.682500	808.3
50.686250	812.7
50.690000	796.9
50.693750	787.3
50.697500	809.8
50.701250	772.3
50.705000	797.3
50.708750	803.3
50.712500	778.9
50.716250	771.5
50.720000	779.6
50.723750	750.8
50.727500	764.7
50.731250	767.8
50.735000	738.7
50.738750	756.9
50.742500	736.5
50.746250	788.9
50.750000	795.5
50.753750	749.6
50.757500	750.3
50.761250	747.0
50.765000	765.7
50.768750	759.9
50.772500	712.0
50.776250	770.4
50.780000	733.6
50.783750	744.0
50.787500	796.5
50.791250	745.7
50.795000	725.7
50.798750	745.3
50.802500	759.9
50.806250	777.4
50.810000	739.0
50.813750	751.3
50.817500	739.2
50.821250	715.5
50.825000	728.1
50.828750	725.7
50.832500	763.7
50.836250	759.5
50.840000	747.3
50.843750	729.4
50.847500	750.2
50.851250	734.0
50.855000	761.2
50.858750	713.1
50.862500	787.0
50.866250	739.0
50.870000	698.5
50.873750	697.8
50.877500	729.5
50.881250	689.8
50.885000	727.4
50.888750	750.8
50.892500	700.5
50.896250	742.2
50.900000	686.5
50.903750	730.3
50.907500	741.5
50.911250	714.6
50.915000	743.8
50.918750	709.9
50.922500	755.2
50.926250	774.8
50.930000	812.9
50.933750	782.3
50.937500	739.9
50.941250	715.2
50.945000	755.2
50.948750	777.3
50.952500	754.3
50.956250	742.2
50.960000	729.5
50.963750	720.6
50.967500	745.8
50.971250	721.4
50.975000	725.9
50.978750	727.2
50.982500	763.9
50.986250	737.1
50.990000	684.1
50.993750	720.8
50.997500	720.1
51.001250	756.1
51.005000	697.3
51.008750	723.1
51.012500	724.2
51.016250	711.5
51.020000	709.8
51.023750	728.3
51.027500	702.6
51.031250	724.6
51.035000	673.4
51.038750	719.7
51.042500	737.3
51.046250	671.5
51.050000	773.4
51.053750	744.1
51.057500	721.9
51.061250	707.8
51.065000	817.5
51.068750	718.9
51.072500	694.2
51.076250	778.3
51.080000	848.4
51.083750	746.3
51.087500	721.5
51.091250	733.4
51.095000	694.8
51.098750	794.0
51.102500	730.7
51.106250	719.8
51.110000	700.4
51.113750	718.6
51.117500	775.4
51.121250	731.0
51.125000	707.7
51.128750	722.9
51.132500	765.6
51.136250	763.2
51.140000	740.4
51.143750	725.7
51.147500	731.0
51.151250	745.3
51.155000	749.7
51.158750	738.7
51.162500	726.0
51.166250	730.3
51.170000	803.8
51.173750	750.5
51.177500	688.5
51.181250	735.1
51.185000	718.3
51.188750	750.8
51.192500	700.3
51.196250	717.9
51.200000	726.8
51.203750	709.8
51.207500	706.7
51.211250	702.2
51.215000	723.2
51.218750	726.5
51.222500	740.8
51.226250	719.4
51.230000	701.5
51.233750	735.2
51.237500	730.0
51.241250	758.6
51.245000	749.5
51.248750	721.6
51.252500	753.4
51.256250	762.2
51.260000	755.5
51.263750	747.8
51.267500	783.7
51.271250	769.4
51.275000	763.1
51.278750	793.2
51.282500	765.6
51.286250	763.9
51.290000	746.8
51.293750	792.8
51.297500	762.2
51.301250	749.1
51.305000	824.0
51.308750	852.2
51.312500	848.7
51.316250	790.9
51.320000	771.2
51.323750	832.9
51.327500	786.0
51.331250	811.2
51.335000	731.1
51.338750	751.2
51.342500	737.3
51.346250	725.5
51.350000	725.6
51.353750	721.4
51.357500	712.3
51.361250	748.3
51.365000	757.7
51.368750	707.7
51.372500	721.5
51.376250	703.3
51.380000	715.5
51.383750	743.0
51.387500	729.0
51.391250	705.2
51.395000	727.2
51.398750	731.5
51.402500	682.9
51.406250	750.7
51.410000	671.5
51.413750	749.8
51.417500	726.1
51.421250	679.4
51.425000	690.0
51.428750	762.4
51.432500	731.9
51.436250	718.7
51.440000	679.7
51.443750	710.2
51.447500	656.0
51.451250	704.7
51.455000	723.4
51.458750	716.4
51.462500	651.1
51.466250	756.2
51.470000	696.8
51.473750	728.5
51.477500	726.8
51.481250	716.2
51.485000	664.8
51.488750	683.6
51.492500	700.3
51.496250	705.7
51.500000	678.1
51.503750	703.5
51.507500	665.1
51.511250	694.5
51.515000	691.9
51.518750	701.5
51.522500	709.7
51.526250	712.2
51.530000	723.1
51.533750	712.3
51.537500	671.7
51.541250	682.0
51.545000	714.8
51.548750	701.5
51.552500	714.2
51.556250	697.7
51.560000	681.9
51.563750	717.6
51.567500	727.6
51.571250	713.4
51.575000	699.9
51.578750	758.1
51.582500	707.8
51.586250	653.3
51.590000	693.1
51.593750	739.4
51.597500	674.9
51.601250	742.4
51.605000	720.4
51.608750	713.9
51.612500	694.0
51.616250	727.0
51.620000	682.7
51.623750	712.2
51.627500	687.7
51.631250	695.0
51.635000	700.7
51.638750	696.4
51.642500	723.7
51.646250	728.8
51.650000	728.4
51.653750	764.7
51.657500	715.1
51.661250	718.3
51.665000	709.2
51.668750	684.0
51.672500	727.2
51.676250	739.4
51.680000	686.9
51.683750	673.2
51.687500	721.8
51.691250	697.0
51.695000	668.7
51.698750	724.2
51.702500	735.5
51.706250	679.1
51.710000	699.7
51.713750	699.9
51.717500	729.2
51.721250	726.7
51.725000	695.8
51.728750	734.2
51.732500	746.2
51.736250	719.8
51.740000	689.5
51.743750	703.7
51.747500	677.9
51.751250	723.6
51.755000	709.6
51.758750	713.7
51.762500	698.6
51.766250	719.3
51.770000	733.6
51.773750	693.1
51.777500	697.7
51.781250	747.5
51.785000	742.6
51.788750	696.3
51.792500	712.5
51.796250	702.4
51.800000	737.7
51.803750	698.8
51.807500	696.9
51.811250	681.9
51.815000	687.4
51.818750	717.2
51.822500	694.2
51.826250	723.5
51.830000	671.9
51.833750	704.8
51.837500	706.4
51.841250	679.4
51.845000	685.8
51.848750	719.3
51.852500	672.7
51.856250	713.2
51.860000	722.5
51.863750	707.0
51.867500	664.9
51.871250	713.6
51.875000	729.3
51.878750	690.8
51.882500	696.4
51.886250	698.4
51.890000	705.6
51.893750	692.3
51.897500	696.1
51.901250	713.0
51.905000	728.9
51.908750	711.5
51.912500	743.0
51.916250	716.7
51.920000	727.4
51.923750	727.8
51.927500	712.2
51.931250	727.6
51.935000	747.0
51.938750	760.3
51.942500	738.9
51.946250	742.8
51.950000	725.9
51.953750	769.8
51.957500	714.7
51.961250	722.8
51.965000	712.0
51.968750	767.8
51.972500	739.8
51.976250	726.6
51.980000	697.7
51.983750	747.3
51.987500	741.7
51.991250	732.6
51.995000	728.5
51.998750	724.6
52.002500	686.5
52.006250	690.0
52.010000	689.1
52.013750	688.2
52.017500	708.0
52.021250	740.1
52.025000	713.1
52.028750	709.5
52.032500	711.5
52.036250	705.1
52.040000	754.9
52.043750	723.8
52.047500	716.7
52.051250	730.6
52.055000	701.5
52.058750	769.4
52.062500	702.1
52.066250	760.3
52.070000	711.5
52.073750	766.6
52.077500	671.9
52.081250	752.8
52.085000	724.0
52.088750	813.7
52.092500	724.8
52.096250	741.8
52.100000	717.9
52.103750	716.3
52.107500	703.6
52.111250	672.0
52.115000	712.9
52.118750	703.3
52.122500	753.2
52.126250	731.1
52.130000	733.6
52.133750	787.3
52.137500	737.4
52.141250	757.7
52.145000	763.6
52.148750	764.9
52.152500	740.3
52.156250	763.7
52.160000	761.5
52.163750	714.0
52.167500	727.8
52.171250	789.9
52.175000	767.7
52.178750	729.9
52.182500	704.8
52.186250	780.8
52.190000	717.0
52.193750	723.0
52.197500	710.0
52.201250	741.4
52.205000	743.6
52.208750	680.3
52.212500	737.4
52.216250	726.2
52.220000	730.0
52.223750	733.8
52.227500	742.4
52.231250	695.1
52.235000	771.6
52.238750	756.3
52.242500	719.5
52.246250	750.2
52.250000	757.4
52.253750	762.6
52.257500	782.3
52.261250	769.0
52.265000	747.4
52.268750	695.3
52.272500	718.9
52.276250	753.9
52.280000	731.5
52.283750	745.9
52.287500	742.0
52.291250	732.4
52.295000	746.7
52.298750	740.0
52.302500	736.7
52.306250	760.1
52.310000	746.9
52.313750	734.0
52.317500	739.5
52.321250	774.0
52.325000	764.2
52.328750	754.6
52.332500	794.8
52.336250	791.7
52.340000	749.0
52.343750	770.9
52.347500	785.1
52.351250	770.1
52.355000	761.2
52.358750	767.7
52.362500	743.5
52.366250	767.1
52.370000	783.7
52.373750	750.1
52.377500	743.3
52.381250	784.0
52.385000	768.3
52.388750	752.1
52.392500	779.6
52.396250	814.0
52.400000	813.1
52.403750	760.6
52.407500	743.1
52.411250	794.2
52.415000	748.8
52.418750	761.4
52.422500	737.2
52.426250	724.8
52.430000	757.6
52.433750	743.3
52.437500	714.9
52.441250	739.3
52.445000	732.8
52.448750	714.9
52.452500	731.4
52.456250	750.8
52.460000	722.8
52.463750	733.0
52.467500	690.4
52.471250	733.0
52.475000	683.7
52.478750	728.6
52.482500	742.7
52.486250	778.8
52.490000	693.8
52.493750	730.4
52.497500	728.7
52.501250	753.6
52.505000	739.0
52.508750	723.2
52.512500	673.1
52.516250	702.8
52.520000	745.5
52.523750	727.7
52.527500	714.5
52.531250	717.5
52.535000	740.9
52.538750	753.2
52.542500	673.7
52.546250	685.8
52.550000	699.2
52.553750	720.6
52.557500	727.7
52.561250	703.3
52.565000	769.3
52.568750	668.0
52.572500	679.3
52.576250	748.0
52.580000	737.3
52.583750	737.4
52.587500	694.3
52.591250	715.1
52.595000	683.1
52.598750	678.4
52.602500	678.4
52.606250	721.1
52.610000	689.9
52.613750	689.3
52.617500	711.2
52.621250	729.0
52.625000	738.7
52.628750	704.9
52.632500	699.6
52.636250	689.8
52.640000	689.7
52.643750	718.2
52.647500	675.1
52.651250	724.4
52.655000	682.8
52.658750	711.8
52.662500	703.5
52.666250	715.5
52.670000	699.2
52.673750	683.7
52.677500	682.8
52.681250	701.5
52.685000	704.9
52.688750	718.9
52.692500	691.8
52.696250	684.8
52.700000	701.3
52.703750	729.1
52.707500	719.5
52.711250	721.6
52.715000	751.0
52.718750	709.8
52.722500	717.2
52.726250	776.8
52.730000	772.6
52.733750	741.0
52.737500	743.7
52.741250	743.7
52.745000	723.2
52.748750	744.8
52.752500	738.5
52.756250	736.3
52.760000	718.8
52.763750	727.4
52.767500	720.9
52.771250	683.6
52.775000	716.7
52.778750	721.6
52.782500	713.3
52.786250	731.0
52.790000	762.1
52.793750	770.0
52.797500	734.4
52.801250	717.1
52.805000	717.4
52.808750	723.2
52.812500	712.3
52.816250	702.7
52.820000	647.7
52.823750	679.3
52.827500	746.1
52.831250	656.7
52.835000	646.9
52.838750	700.4
52.842500	701.2
52.846250	698.8
52.850000	690.4
52.853750	676.2
52.857500	673.8
52.861250	671.9
52.865000	705.3
52.868750	691.5
52.872500	688.4
52.876250	693.7
52.880000	679.3
52.883750	652.4
52.887500	669.1
52.891250	686.0
52.895000	677.5
52.898750	673.8
52.902500	667.0
52.906250	675.0
52.910000	686.1
52.913750	667.2
52.917500	660.5
52.921250	644.4
52.925000	672.1
52.928750	702.9
52.932500	689.9
52.936250	641.0
52.940000	642.5
52.943750	626.3
52.947500	648.6
52.951250	650.6
52.955000	675.0
52.958750	724.4
52.962500	687.3
52.966250	647.4
52.970000	637.3
52.973750	649.9
52.977500	682.0
52.981250	673.0
52.985000	657.8
52.988750	650.1
52.992500	663.3
52.996250	646.2
53.000000	714.8
53.003750	701.8
53.007500	634.5
53.011250	646.3
53.015000	685.9
53.018750	669.8
53.022500	729.5
53.026250	653.8
53.030000	651.4
53.033750	660.0
53.037500	721.6
53.041250	696.9
53.045000	685.0
53.048750	692.2
53.052500	665.4
53.056250	654.3
53.060000	645.6
53.063750	682.1
53.067500	695.8
53.071250	645.3
53.075000	694.6
53.078750	725.1
53.082500	635.6
53.086250	674.6
53.090000	732.5
53.093750	710.6
53.097500	676.4
53.101250	675.2
53.105000	733.5
53.108750	693.6
53.112500	707.6
53.116250	654.2
53.120000	675.2
53.123750	728.8
53.127500	671.7
53.131250	670.0
53.135000	687.5
53.138750	688.3
53.142500	673.5
53.146250	693.7
53.150000	669.4
53.153750	690.0
53.157500	725.7
53.161250	719.0
53.165000	720.9
53.168750	690.1
53.172500	742.9
53.176250	713.5
53.180000	677.2
53.183750	703.8
53.187500	701.9
53.191250	688.2
53.195000	706.6
53.198750	693.7
53.202500	702.2
53.206250	690.2
53.210000	743.2
53.213750	692.5
53.217500	727.0
53.221250	624.2
53.225000	704.2
53.228750	699.3
53.232500	707.8
53.236250	695.4
53.240000	731.1
53.243750	695.5
53.247500	698.0
53.251250	733.3
53.255000	703.9
53.258750	651.3
53.262500	652.3
53.266250	684.2
53.270000	699.2
53.273750	691.0
53.277500	708.9
53.281250	718.3
53.285000	649.7
53.288750	655.7
53.292500	689.3
53.296250	683.2
53.300000	698.8
53.303750	703.2
53.307500	710.6
53.311250	652.2
53.315000	685.1
53.318750	660.6
53.322500	709.1
53.326250	678.6
53.330000	681.5
53.333750	653.3
53.337500	695.5
53.341250	708.1
53.345000	713.5
53.348750	674.5
53.352500	718.9
53.356250	710.7
53.360000	740.2
53.363750	719.5
53.367500	711.8
53.371250	744.0
53.375000	669.9
53.378750	685.5
53.382500	636.7
53.386250	680.3
53.390000	686.7
53.393750	706.4
53.397500	672.8
53.401250	690.2
53.405000	706.3
53.408750	714.8
53.412500	667.4
53.416250	617.8
53.420000	680.3
53.423750	631.3
53.427500	717.0
53.431250	676.3
53.435000	692.6
53.438750	671.0
53.442500	641.6
53.446250	655.3
53.450000	642.3
53.453750	652.3
53.457500	685.6
53.461250	687.6
53.465000	701.2
53.468750	671.2
53.472500	710.7
53.476250	659.1
53.480000	661.0
53.483750	689.7
53.487500	692.8
53.491250	679.7
53.495000	635.2
53.498750	640.6
53.502500	682.9
53.506250	658.2
53.510000	649.5
53.513750	690.1
53.517500	686.9
53.521250	684.0
53.525000	641.2
53.528750	669.6
53.532500	686.7
53.536250	730.4
53.540000	657.3
53.543750	699.1
53.547500	685.5
53.551250	720.3
53.555000	629.3
53.558750	669.9
53.562500	680.7
53.566250	602.2
53.570000	625.5
53.573750	689.3
53.577500	650.4
53.581250	645.9
53.585000	671.3
53.588750	643.1
53.592500	737.5
53.596250	700.7
53.600000	695.2
53.603750	677.0
53.607500	649.3
53.611250	693.5
53.615000	658.4
53.618750	636.5
53.622500	680.4
53.626250	664.7
53.630000	698.5
53.633750	693.0
53.637500	691.2
53.641250	639.0
53.645000	667.8
53.648750	659.2
53.652500	662.8
53.656250	668.6
53.660000	647.1
53.663750	677.9
53.667500	621.9
53.671250	680.8
53.675000	683.0
53.678750	688.1
53.682500	685.0
53.686250	635.0
53.690000	718.3
53.693750	667.3
53.697500	690.5
53.701250	684.7
53.705000	667.1
53.708750	663.3
53.712500	664.6
53.716250	637.2
53.720000	653.4
53.723750	681.1
53.727500	660.0
53.731250	636.3
53.735000	648.2
53.738750	670.6
53.742500	659.7
53.746250	712.4
53.750000	722.1
53.753750	621.6
53.757500	645.6
53.761250	664.2
53.765000	658.6
53.768750	655.8
53.772500	622.3
53.776250	697.7
53.780000	708.8
53.783750	638.7
53.787500	632.0
53.791250	662.3
53.795000	655.3
53.798750	643.0
53.802500	701.7
53.806250	704.5
53.810000	652.1
53.813750	680.9
53.817500	676.3
53.821250	657.7
53.825000	718.0
53.828750	688.1
53.832500	648.7
53.836250	647.0
53.840000	672.5
53.843750	667.5
53.847500	688.3
53.851250	675.1
53.855000	678.5
53.858750	672.1
53.862500	655.9
53.866250	661.6
53.870000	671.8
53.873750	681.3
53.877500	651.7
53.881250	637.6
53.885000	676.4
53.888750	647.9
53.892500	716.9
53.896250	674.6
53.900000	734.4
53.903750	721.1
53.907500	694.1
53.911250	694.9
53.915000	678.9
53.918750	717.9
53.922500	676.2
53.926250	680.3
53.930000	677.3
53.933750	662.3
53.937500	648.9
53.941250	664.0
53.945000	644.7
53.948750	691.2
53.952500	688.0
53.956250	682.1
53.960000	707.8
53.963750	698.8
53.967500	677.6
53.971250	699.1
53.975000	706.0
53.978750	711.9
53.982500	722.4
53.986250	729.2
53.990000	703.2
53.993750	719.7
53.997500	691.4
54.001250	700.0
54.005000	708.5
54.008750	686.5
54.012500	727.4
54.016250	680.5
54.020000	718.2
54.023750	730.4
54.027500	720.6
54.031250	726.5
54.035000	794.0
54.038750	768.3
54.042500	739.7
54.046250	750.7
54.050000	734.6
54.053750	731.8
54.057500	795.7
54.061250	739.2
54.065000	689.0
54.068750	740.4
54.072500	739.9
54.076250	729.3
54.080000	745.6
54.083750	755.3
54.087500	724.8
54.091250	751.0
54.095000	730.3
54.098750	762.8
54.102500	766.5
54.106250	788.3
54.110000	783.5
54.113750	769.6
54.117500	767.1
54.121250	826.9
54.125000	773.3
54.128750	738.8
54.132500	777.4
54.136250	774.6
54.140000	765.7
54.143750	733.6
54.147500	807.9
54.151250	767.9
54.155000	770.8
54.158750	782.9
54.162500	741.8
54.166250	763.0
54.170000	757.7
54.173750	788.2
54.177500	753.5
54.181250	724.8
54.185000	709.2
54.188750	764.8
54.192500	761.9
54.196250	739.3
54.200000	770.2
54.203750	768.5
54.207500	743.1
54.211250	729.1
54.215000	797.8
54.218750	781.8
54.222500	757.0
54.226250	747.1
54.230000	750.8
54.233750	757.4
54.237500	793.0
54.241250	782.1
54.245000	719.2
54.248750	723.5
54.252500	716.1
54.256250	747.6
54.260000	715.6
54.263750	696.1
54.267500	716.6
54.271250	720.5
54.275000	743.0
54.278750	753.4
54.282500	691.2
54.286250	721.9
54.290000	730.9
54.293750	693.0
54.297500	685.8
54.301250	755.6
54.305000	731.3
54.308750	709.8
54.312500	717.0
54.316250	737.1
54.320000	710.6
54.323750	757.9
54.327500	710.1
54.331250	694.2
54.335000	703.9
54.338750	683.1
54.342500	713.0
54.346250	707.9
54.350000	708.5
54.353750	688.4
54.357500	714.2
54.361250	739.8
54.365000	729.5
54.368750	713.9
54.372500	721.6
54.376250	708.5
54.380000	733.9
54.383750	723.0
54.387500	656.1
54.391250	668.3
54.395000	720.6
54.398750	751.9
54.402500	736.0
54.406250	697.2
54.410000	743.1
54.413750	692.6
54.417500	720.0
54.421250	718.6
54.425000	701.9
54.428750	710.2
54.432500	690.6
54.436250	725.6
54.440000	712.6
54.443750	661.4
54.447500	735.2
54.451250	677.4
54.455000	655.3
54.458750	699.4
54.462500	700.0
54.466250	683.0
54.470000	671.1
54.473750	698.6
54.477500	679.0
54.481250	646.5
54.485000	639.0
54.488750	682.0
54.492500	694.6
54.496250	640.6
54.500000	681.8
54.503750	673.9
54.507500	637.1
54.511250	666.7
54.515000	680.9
54.518750	681.7
54.522500	695.8
54.526250	693.9
54.530000	669.2
54.533750	686.2
54.537500	644.3
54.541250	630.5
54.545000	671.4
54.548750	695.4
54.552500	705.6
54.556250	679.8
54.560000	676.9
54.563750	657.5
54.567500	684.9
54.571250	672.8
54.575000	686.7
54.578750	700.4
54.582500	660.7
54.586250	711.9
54.590000	654.2
54.593750	604.1
54.597500	657.9
54.601250	679.7
54.605000	705.7
54.608750	707.0
54.612500	627.9
54.616250	650.2
54.620000	681.3
54.623750	637.5
54.627500	643.8
54.631250	620.2
54.635000	668.2
54.638750	713.1
54.642500	691.1
54.646250	693.7
54.650000	651.8
54.653750	645.6
54.657500	659.3
54.661250	714.8
54.665000	697.8
54.668750	722.9
54.672500	683.4
54.676250	692.7
54.680000	642.2
54.683750	693.9
54.687500	690.5
54.691250	690.6
54.695000	652.5
54.698750	693.0
54.702500	669.9
54.706250	684.6
54.710000	682.5
54.713750	700.7
54.717500	691.7
54.721250	657.8
54.725000	707.5
54.728750	684.3
54.732500	663.9
54.736250	695.0
54.740000	665.5
54.743750	699.7
54.747500	701.4
54.751250	660.2
54.755000	684.4
54.758750	699.5
54.762500	663.1
54.766250	665.6
54.770000	671.4
54.773750	688.8
54.777500	627.3
54.781250	638.7
54.785000	630.7
54.788750	663.8
54.792500	672.3
54.796250	630.1
54.800000	634.8
54.803750	667.4
54.807500	685.6
54.811250	687.0
54.815000	659.3
54.818750	691.1
54.822500	686.0
54.826250	690.0
54.830000	696.9
54.833750	700.9
54.837500	625.6
54.841250	665.4
54.845000	718.6
54.848750	673.2
54.852500	683.4
54.856250	698.8
54.860000	714.4
54.863750	686.6
54.867500	697.9
54.871250	680.8
54.875000	671.6
54.878750	739.0
54.882500	662.7
54.886250	688.5
54.890000	642.3
54.893750	731.6
54.897500	698.4
54.901250	658.0
54.905000	706.7
54.908750	701.8
54.912500	668.9
54.916250	718.9
54.920000	740.7
54.923750	693.7
54.927500	723.0
54.931250	746.7
54.935000	676.2
54.938750	745.9
54.942500	670.2
54.946250	749.1
54.950000	779.1
54.953750	760.3
54.957500	711.4
54.961250	807.6
54.965000	762.6
54.968750	770.4
54.972500	796.1
54.976250	793.5
54.980000	731.7
54.983750	783.5
54.987500	800.1
54.991250	795.8
54.995000	805.2
54.998750	829.2
55.002500	829.6
55.006250	808.8
55.010000	739.8
55.013750	741.2
55.017500	714.2
55.021250	741.0
55.025000	733.8
55.028750	691.5
55.032500	731.5
55.036250	720.4
55.040000	639.3
55.043750	701.1
55.047500	723.2
55.051250	710.4
55.055000	712.2
55.058750	726.3
55.062500	726.2
55.066250	732.7
55.070000	667.3
55.073750	698.3
55.077500	753.0
55.081250	711.2
55.085000	735.2
55.088750	716.5
55.092500	701.2
55.096250	679.5
55.100000	690.7
55.103750	694.1
55.107500	750.7
55.111250	673.9
55.115000	694.9
55.118750	689.5
55.122500	684.2
55.126250	695.6
55.130000	666.0
55.133750	690.8
55.137500	655.7
55.141250	659.7
55.145000	690.7
55.148750	688.3
55.152500	696.1
55.156250	673.9
55.160000	647.6
55.163750	702.6
55.167500	666.7
55.171250	664.4
55.175000	661.1
55.178750	705.9
55.182500	668.3
55.186250	675.2
55.190000	694.2
55.193750	704.4
55.197500	700.3
55.201250	693.2
55.205000	656.8
55.208750	660.9
55.212500	714.7
55.216250	674.8
55.220000	680.3
55.223750	718.3
55.227500	701.6
55.231250	648.9
55.235000	662.6
55.238750	743.1
55.242500	664.8
55.246250	657.3
55.250000	640.9
55.253750	693.6
55.257500	682.0
55.261250	674.1
55.265000	684.0
55.268750	687.5
55.272500	702.1
55.276250	736.0
55.280000	686.3
55.283750	689.5
55.287500	696.9
55.291250	702.0
55.295000	669.7
55.298750	693.6
55.302500	676.3
55.306250	668.5
55.310000	720.4
55.313750	749.6
55.317500	676.2
55.321250	717.1
55.325000	692.4
55.328750	707.6
55.332500	749.6
55.336250	787.4
55.340000	759.7
55.343750	761.4
55.347500	827.1
55.351250	834.7
55.355000	858.4
55.358750	867.0
55.362500	905.8
55.366250	885.8
55.370000	920.5
55.373750	1044.8
55.377500	1097.7
55.381250	1157.5
55.385000	1217.0
55.388750	1291.4
55.392500	1391.3
55.396250	1366.9
55.400000	1435.2
55.403750	1498.0
55.407500	1450.8
55.411250	1453.2
55.415000	1521.9
55.418750	1500.6
55.422500	1396.1
55.426250	1352.9
55.430000	1331.0
55.433750	1260.6
55.437500	1190.4
55.441250	1061.9
55.445000	1038.7
55.448750	949.2
55.452500	889.9
55.456250	852.1
55.460000	844.2
55.463750	835.7
55.467500	780.1
55.471250	769.6
55.475000	741.9
55.478750	743.8
55.482500	729.6
55.486250	722.2
55.490000	766.8
55.493750	731.4
55.497500	709.3
55.501250	686.9
55.505000	700.1
55.508750	704.4
55.512500	684.9
55.516250	692.6
55.520000	718.5
55.523750	670.4
55.527500	685.0
55.531250	666.9
55.535000	632.5
55.538750	646.8
55.542500	693.3
55.546250	708.1
55.550000	665.0
55.553750	691.3
55.557500	695.2
55.561250	675.7
55.565000	679.0
55.568750	676.0
55.572500	673.4
55.576250	680.4
55.580000	642.9
55.583750	619.7
55.587500	686.2
55.591250	636.9
55.595000	622.0
55.598750	631.3
55.602500	627.4
55.606250	711.6
55.610000	664.7
55.613750	665.4
55.617500	692.3
55.621250	643.7
55.625000	632.4
55.628750	670.1
55.632500	617.8
55.636250	660.4
55.640000	704.8
55.643750	646.0
55.647500	711.4
55.651250	715.4
55.655000	645.9
55.658750	624.1
55.662500	667.3
55.666250	672.4
55.670000	616.5
55.673750	602.7
55.677500	608.4
55.681250	625.5
55.685000	665.7
55.688750	636.8
55.692500	653.9
55.696250	621.1
55.700000	652.1
55.703750	650.4
55.707500	661.6
55.711250	693.1
55.715000	637.8
55.718750	639.1
55.722500	614.6
55.726250	641.3
55.730000	682.1
55.733750	607.6
55.737500	630.1
55.741250	659.5
55.745000	640.7
55.748750	650.5
55.752500	613.3
55.756250	619.5
55.760000	642.7
55.763750	615.7
55.767500	623.2
55.771250	619.7
55.775000	642.9
55.778750	668.3
55.782500	653.1
55.786250	630.6
55.790000	636.6
55.793750	615.1
55.797500	622.0
55.801250	641.2
55.805000	636.3
55.808750	636.4
55.812500	614.8
55.816250	638.7
55.820000	650.0
55.823750	609.2
55.827500	618.2
55.831250	615.4
55.835000	629.7
55.838750	665.6
55.842500	662.9
55.846250	658.5
55.850000	654.4
55.853750	655.6
55.857500	587.9
55.861250	621.1
55.865000	644.0
55.868750	617.9
55.872500	650.3
55.876250	675.4
55.880000	658.4
55.883750	621.0
55.887500	607.7
55.891250	657.5
55.895000	661.3
55.898750	649.8
55.902500	675.1
55.906250	619.3
55.910000	628.1
55.913750	614.6
55.917500	621.5
55.921250	671.2
55.925000	668.7
55.928750	688.5
55.932500	668.4
55.936250	646.6
55.940000	634.2
55.943750	670.9
55.947500	648.6
55.951250	658.1
55.955000	655.1
55.958750	667.5
55.962500	660.8
55.966250	668.6
55.970000	657.4
55.973750	654.4
55.977500	665.1
55.981250	705.1
55.985000	631.0
55.988750	633.7
55.992500	658.5
55.996250	653.8
56.000000	703.7
56.003750	644.2
56.007500	688.2
56.011250	662.3
56.015000	590.9
56.018750	616.8
56.022500	620.0
56.026250	688.0
56.030000	647.0
56.033750	604.6
56.037500	704.7
56.041250	649.9
56.045000	651.8
56.048750	664.4
56.052500	652.3
56.056250	695.5
56.060000	667.0
56.063750	636.3
56.067500	575.1
56.071250	603.8
56.075000	608.5
56.078750	621.8
56.082500	683.4
56.086250	700.4
56.090000	635.7
56.093750	649.2
56.097500	622.0
56.101250	635.9
56.105000	698.7
56.108750	599.7
56.112500	607.2
56.116250	703.2
56.120000	652.4
56.123750	621.5
56.127500	626.3
56.131250	597.4
56.135000	647.6
56.138750	645.1
56.142500	633.3
56.146250	671.4
56.150000	622.0
56.153750	633.8
56.157500	633.8
56.161250	648.3
56.165000	606.1
56.168750	594.8
56.172500	656.8
56.176250	620.3
56.180000	636.5
56.183750	655.9
56.187500	670.5
56.191250	646.0
56.195000	640.1
56.198750	669.4
56.202500	665.8
56.206250	632.1
56.210000	653.1
56.213750	650.9
56.217500	617.6
56.221250	638.1
56.225000	627.2
56.228750	608.9
56.232500	607.6
56.236250	684.0
56.240000	658.8
56.243750	665.9
56.247500	665.9
56.251250	647.3
56.255000	622.1
56.258750	677.4
56.262500	660.9
56.266250	666.0
56.270000	666.1
56.273750	658.6
56.277500	632.2
56.281250	690.9
56.285000	645.5
56.288750	663.6
56.292500	675.5
56.296250	658.5
56.300000	617.0
56.303750	651.4
56.307500	647.0
56.311250	667.1
56.315000	635.8
56.318750	639.2
56.322500	650.2
56.326250	694.9
56.330000	673.8
56.333750	680.4
56.337500	659.4
56.341250	642.7
56.345000	618.1
56.348750	599.8
56.352500	627.3
56.356250	647.0
56.360000	649.5
56.363750	661.0
56.367500	648.0
56.371250	647.9
56.375000	669.4
56.378750	617.1
56.382500	594.7
56.386250	638.4
56.390000	656.6
56.393750	611.4
56.397500	646.6
56.401250	634.3
56.405000	641.3
56.408750	653.3
56.412500	613.3
56.416250	603.9
56.420000	650.3
56.423750	662.1
56.427500	636.1
56.431250	653.1
56.435000	622.8
56.438750	624.4
56.442500	652.6
56.446250	645.0
56.450000	611.6
56.453750	603.8
56.457500	613.2
56.461250	612.8
56.465000	652.4
56.468750	626.6
56.472500	653.0
56.476250	642.3
56.480000	629.8
56.483750	612.9
56.487500	633.8
56.491250	657.1
56.495000	618.1
56.498750	617.5
56.502500	602.9
56.506250	607.6
56.510000	667.1
56.513750	614.4
56.517500	643.8
56.521250	646.1
56.525000	664.5
56.528750	645.0
56.532500	670.3
56.536250	611.8
56.540000	616.3
56.543750	648.8
56.547500	656.4
56.551250	685.6
56.555000	629.1
56.558750	610.2
56.562500	648.1
56.566250	662.7
56.570000	652.5
56.573750	659.5
56.577500	677.0
56.581250	680.1
56.585000	632.7
56.588750	645.0
56.592500	630.7
56.596250	634.2
56.600000	640.3
56.603750	606.1
56.607500	646.3
56.611250	653.0
56.615000	650.0
56.618750	663.1
56.622500	667.9
56.626250	653.1
56.630000	644.1
56.633750	642.2
56.637500	640.8
56.641250	647.1
56.645000	671.3
56.648750	686.7
56.652500	678.6
56.656250	650.9
56.660000	667.4
56.663750	661.4
56.667500	653.6
56.671250	633.0
56.675000	654.0
56.678750	605.2
56.682500	628.9
56.686250	667.9
56.690000	679.3
56.693750	639.3
56.697500	614.0
56.701250	661.2
56.705000	658.7
56.708750	628.1
56.712500	664.9
56.716250	642.1
56.720000	640.2
56.723750	645.4
56.727500	693.3
56.731250	674.5
56.735000	658.0
56.738750	631.0
56.742500	668.6
56.746250	659.5
56.750000	671.9
56.753750	682.5
56.757500	650.0
56.761250	643.8
56.765000	638.4
56.768750	618.6
56.772500	668.0
56.776250	726.6
56.780000	718.3
56.783750	622.3
56.787500	668.8
56.791250	664.2
56.795000	643.0
56.798750	692.4
56.802500	652.2
56.806250	661.5
56.810000	650.2
56.813750	649.4
56.817500	675.0
56.821250	689.4
56.825000	677.0
56.828750	664.7
56.832500	678.0
56.836250	625.8
56.840000	676.0
56.843750	711.1
56.847500	648.1
56.851250	673.5
56.855000	666.4
56.858750	635.4
56.862500	675.5
56.866250	654.3
56.870000	639.6
56.873750	685.8
56.877500	667.8
56.881250	643.6
56.885000	640.6
56.888750	688.6
56.892500	685.8
56.896250	638.7
56.900000	665.4
56.903750	670.0
56.907500	661.2
56.911250	631.5
56.915000	711.6
56.918750	734.0
56.922500	661.9
56.926250	695.0
56.930000	757.6
56.933750	713.0
56.937500	765.2
56.941250	764.4
56.945000	721.5
56.948750	724.1
56.952500	737.3
56.956250	707.6
56.960000	741.4
56.963750	726.9
56.967500	735.9
56.971250	709.5
56.975000	740.3
56.978750	747.8
56.982500	671.9
56.986250	695.3
56.990000	667.0
56.993750	696.2
56.997500	667.5
57.001250	661.1
57.005000	653.9
57.008750	655.0
57.012500	659.4
57.016250	651.8
57.020000	660.9
57.023750	640.6
57.027500	651.1
57.031250	670.6
57.035000	662.8
57.038750	648.3
57.042500	671.5
57.046250	649.6
57.050000	639.0
57.053750	676.3
57.057500	635.2
57.061250	658.4
57.065000	661.8
57.068750	652.4
57.072500	653.7
57.076250	619.3
57.080000	664.2
57.083750	633.6
57.087500	667.4
57.091250	603.0
57.095000	659.8
57.098750	712.7
57.102500	663.3
57.106250	648.9
57.110000	685.5
57.113750	669.3
57.117500	628.7
57.121250	680.8
57.125000	657.2
57.128750	668.8
57.132500	695.2
57.136250	710.4
57.140000	667.4
57.143750	697.2
57.147500	698.8
57.151250	723.8
57.155000	627.9
57.158750	645.2
57.162500	652.5
57.166250	653.4
57.170000	680.8
57.173750	662.3
57.177500	672.1
57.181250	627.9
57.185000	615.5
57.188750	641.2
57.192500	644.0
57.196250	644.0
57.200000	622.5
57.203750	610.9
57.207500	662.8
57.211250	672.1
57.215000	622.6
57.218750	664.0
57.222500	642.9
57.226250	651.1
57.230000	614.3
57.233750	633.3
57.237500	669.6
57.241250	632.7
57.245000	621.8
57.248750	650.6
57.252500	644.5
57.256250	661.2
57.260000	594.5
57.263750	588.6
57.267500	659.4
57.271250	631.2
57.275000	627.2
57.278750	646.3
57.282500	605.1
57.286250	664.1
57.290000	661.6
57.293750	621.0
57.297500	645.5
57.301250	620.2
57.305000	613.0
57.308750	628.3
57.312500	590.9
57.316250	610.1
57.320000	631.3
57.323750	609.1
57.327500	633.7
57.331250	684.5
57.335000	627.6
57.338750	641.7
57.342500	646.0
57.346250	642.2
57.350000	644.2
57.353750	647.1
57.357500	593.2
57.361250	656.4
57.365000	626.7
57.368750	636.5
57.372500	681.7
57.376250	629.6
57.380000	623.2
57.383750	665.4
57.387500	671.2
57.391250	614.8
57.395000	634.4
57.398750	597.4
57.402500	591.3
57.406250	637.0
57.410000	581.2
57.413750	606.8
57.417500	623.8
57.421250	622.5
57.425000	647.4
57.428750	631.3
57.432500	650.2
57.436250	642.2
57.440000	666.7
57.443750	657.4
57.447500	643.1
57.451250	665.2
57.455000	654.1
57.458750	618.3
57.462500	611.7
57.466250	654.9
57.470000	660.4
57.473750	592.3
57.477500	628.6
57.481250	634.4
57.485000	636.9
57.488750	670.7
57.492500	650.2
57.496250	634.1
57.500000	616.8
57.503750	626.4
57.507500	626.3
57.511250	650.9
57.515000	686.5
57.518750	653.1
57.522500	659.9
57.526250	663.0
57.530000	615.5
57.533750	667.6
57.537500	633.8
57.541250	630.3
57.545000	653.1
57.548750	631.5
57.552500	648.2
57.556250	639.6
57.560000	636.0
57.563750	673.5
57.567500	653.4
57.571250	646.4
57.575000	643.3
57.578750	656.0
57.582500	631.8
57.586250	655.5
57.590000	656.9
57.593750	622.0
57.597500	637.9
57.601250	609.7
57.605000	655.6
57.608750	674.6
57.612500	641.8
57.616250	629.3
57.620000	651.3
57.623750	621.8
57.627500	668.4
57.631250	689.4
57.635000	684.2
57.638750	679.8
57.642500	615.5
57.646250	636.2
57.650000	620.0
57.653750	648.4
57.657500	630.8
57.661250	665.6
57.665000	688.6
57.668750	633.5
57.672500	673.5
57.676250	675.0
57.680000	702.0
57.683750	702.8
57.687500	714.9
57.691250	670.4
57.695000	608.8
57.698750	644.4
57.702500	688.9
57.706250	710.8
57.710000	739.8
57.713750	724.0
57.717500	702.4
57.721250	716.1
57.725000	736.3
57.728750	718.6
57.732500	695.9
57.736250	695.3
57.740000	735.1
57.743750	711.0
57.747500	659.8
57.751250	700.4
57.755000	646.3
57.758750	641.4
57.762500	647.3
57.766250	691.9
57.770000	646.7
57.773750	666.7
57.777500	623.6
57.781250	607.6
57.785000	636.8
57.788750	643.2
57.792500	636.1
57.796250	651.3
57.800000	654.0
57.803750	684.9
57.807500	659.3
57.811250	601.2
57.815000	612.3
57.818750	635.2
57.822500	625.7
57.826250	647.0
57.830000	649.1
57.833750	629.6
57.837500	699.6
57.841250	660.0
57.845000	642.1
57.848750	621.3
57.852500	686.9
57.856250	647.7
57.860000	617.5
57.863750	618.8
57.867500	613.7
57.871250	646.3
57.875000	650.9
57.878750	696.8
57.882500	613.4
57.886250	634.9
57.890000	581.4
57.893750	611.6
57.897500	588.6
57.901250	628.7
57.905000	608.4
57.908750	636.1
57.912500	615.5
57.916250	615.1
57.920000	624.4
57.923750	623.1
57.927500	633.3
57.931250	641.5
57.935000	640.0
57.938750	624.8
57.942500	671.2
57.946250	612.9
57.950000	640.2
57.953750	649.9
57.957500	653.2
57.961250	635.1
57.965000	603.3
57.968750	608.3
57.972500	662.0
57.976250	656.0
57.980000	623.1
57.983750	659.5
57.987500	655.1
57.991250	645.2
57.995000	624.6
57.998750	624.4
58.002500	689.4
58.006250	606.4
58.010000	621.3
58.013750	659.2
58.017500	664.3
58.021250	609.3
58.025000	647.3
58.028750	616.2
58.032500	586.9
58.036250	616.1
58.040000	629.0
58.043750	667.4
58.047500	674.3
58.051250	624.0
58.055000	599.0
58.058750	660.5
58.062500	639.3
58.066250	636.4
58.070000	599.6
58.073750	649.8
58.077500	631.6
58.081250	613.7
58.085000	644.6
58.088750	644.2
58.092500	617.4
58.096250	679.5
58.100000	696.4
58.103750	656.4
58.107500	622.4
58.111250	676.2
58.115000	652.5
58.118750	633.4
58.122500	656.3
58.126250	718.3
58.130000	655.3
58.133750	632.0
58.137500	636.2
58.141250	664.5
58.145000	648.1
58.148750	656.9
58.152500	668.6
58.156250	668.4
58.160000	621.0
58.163750	625.1
58.167500	657.3
58.171250	648.8
58.175000	647.2
58.178750	690.5
58.182500	646.4
58.186250	647.1
58.190000	679.9
58.193750	700.0
58.197500	673.4
58.201250	668.3
58.205000	638.5
58.208750	639.5
58.212500	652.4
58.216250	702.9
58.220000	671.1
58.223750	676.8
58.227500	651.1
58.231250	662.4
58.235000	647.8
58.238750	669.6
58.242500	690.6
58.246250	654.7
58.250000	659.9
58.253750	702.0
58.257500	693.0
58.261250	650.6
58.265000	683.3
58.268750	716.9
58.272500	657.0
58.276250	675.4
58.280000	657.9
58.283750	685.8
58.287500	687.7
58.291250	659.3
58.295000	753.0
58.298750	661.5
58.302500	650.7
58.306250	630.9
58.310000	669.5
58.313750	676.5
58.317500	676.0
58.321250	733.8
58.325000	698.1
58.328750	656.2
58.332500	688.6
58.336250	674.0
58.340000	654.2
58.343750	695.9
58.347500	688.1
58.351250	685.2
58.355000	674.9
58.358750	688.6
58.362500	734.9
58.366250	701.5
58.370000	686.3
58.373750	702.9
58.377500	708.1
58.381250	671.9
58.385000	660.9
58.388750	699.9
58.392500	723.3
58.396250	711.9
58.400000	711.7
58.403750	692.5
58.407500	740.2
58.411250	722.2
58.415000	677.1
58.418750	769.8
58.422500	692.7
58.426250	693.9
58.430000	698.1
58.433750	774.8
58.437500	688.6
58.441250	736.9
58.445000	769.5
58.448750	734.3
58.452500	701.9
58.456250	726.5
58.460000	739.5
58.463750	748.9
58.467500	720.7
58.471250	716.1
58.475000	730.0
58.478750	716.1
58.482500	757.1
58.486250	715.6
58.490000	749.8
58.493750	748.8
58.497500	745.2
58.501250	765.5
58.505000	693.3
58.508750	685.7
58.512500	738.1
58.516250	714.5
58.520000	728.5
58.523750	718.6
58.527500	700.6
58.531250	759.2
58.535000	733.0
58.538750	723.2
58.542500	730.4
58.546250	761.3
58.550000	769.7
58.553750	732.5
58.557500	733.3
58.561250	689.4
58.565000	731.6
58.568750	721.9
58.572500	681.4
58.576250	671.8
58.580000	711.2
58.583750	717.8
58.587500	709.5
58.591250	653.0
58.595000	674.7
58.598750	729.6
58.602500	682.2
58.606250	703.1
58.610000	701.8
58.613750	647.8
58.617500	666.3
58.621250	722.6
58.625000	667.6
58.628750	677.6
58.632500	723.1
58.636250	700.9
58.640000	671.9
58.643750	667.5
58.647500	694.3
58.651250	647.9
58.655000	642.8
58.658750	685.3
58.662500	658.1
58.666250	687.6
58.670000	678.9
58.673750	697.1
58.677500	741.9
58.681250	713.9
58.685000	694.5
58.688750	677.9
58.692500	662.2
58.696250	675.5
58.700000	665.8
58.703750	660.6
58.707500	691.9
58.711250	703.0
58.715000	636.5
58.718750	670.8
58.722500	739.4
58.726250	694.6
58.730000	675.1
58.733750	702.2
58.737500	651.2
58.741250	653.9
58.745000	682.6
58.748750	671.4
58.752500	658.3
58.756250	638.4
58.760000	658.2
58.763750	633.5
58.767500	592.6
58.771250	678.1
58.775000	718.7
58.778750	656.6
58.782500	658.6
58.786250	668.9
58.790000	643.5
58.793750	663.7
58.797500	704.3
58.801250	713.0
58.805000	668.9
58.808750	630.8
58.812500	656.0
58.816250	627.4
58.820000	675.7
58.823750	666.7
58.827500	630.9
58.831250	649.9
58.835000	676.0
58.838750	655.4
58.842500	712.4
58.846250	691.0
58.850000	660.2
58.853750	660.0
58.857500	637.5
58.861250	674.3
58.865000	695.9
58.868750	616.9
58.872500	662.9
58.876250	657.5
58.880000	636.1
58.883750	655.9
58.887500	642.7
58.891250	641.6
58.895000	646.9
58.898750	656.5
58.902500	653.0
58.906250	695.4
58.910000	693.2
58.913750	699.7
58.917500	723.3
58.921250	726.7
58.925000	692.4
58.928750	715.5
58.932500	718.3
58.936250	686.6
58.940000	648.3
58.943750	690.5
58.947500	714.9
58.951250	696.1
58.955000	688.4
58.958750	693.6
58.962500	700.5
58.966250	659.4
58.970000	694.3
58.973750	668.5
58.977500	697.0
58.981250	717.9
58.985000	713.6
58.988750	667.3
58.992500	629.0
58.996250	636.9
59.000000	673.6
59.003750	714.6
59.007500	694.4
59.011250	691.9
59.015000	672.3
59.018750	642.5
59.022500	680.4
59.026250	681.9
59.030000	641.3
59.033750	646.6
59.037500	628.0
59.041250	615.6
59.045000	666.5
59.048750	664.1
59.052500	689.6
59.056250	712.2
59.060000	680.7
59.063750	671.5
59.067500	653.1
59.071250	719.7
59.075000	655.7
59.078750	616.0
59.082500	667.3
59.086250	626.0
59.090000	643.7
59.093750	635.4
59.097500	650.3
59.101250	646.7
59.105000	646.5
59.108750	634.5
59.112500	605.2
59.116250	648.1
59.120000	662.7
59.123750	643.8
59.127500	659.1
59.131250	663.3
59.135000	620.5
59.138750	589.5
59.142500	636.8
59.146250	674.8
59.150000	657.7
59.153750	656.2
59.157500	692.2
59.161250	645.6
59.165000	653.9
59.168750	640.0
59.172500	663.4
59.176250	620.9
59.180000	633.6
59.183750	654.3
59.187500	625.7
59.191250	629.2
59.195000	620.0
59.198750	608.0
59.202500	633.8
59.206250	643.9
59.210000	674.3
59.213750	656.1
59.217500	659.8
59.221250	600.2
59.225000	636.8
59.228750	637.5
59.232500	656.4
59.236250	663.5
59.240000	661.1
59.243750	633.9
59.247500	629.3
59.251250	646.8
59.255000	632.8
59.258750	648.3
59.262500	635.4
59.266250	610.6
59.270000	630.9
59.273750	695.6
59.277500	632.2
59.281250	653.4
59.285000	662.0
59.288750	644.9
59.292500	664.1
59.296250	623.7
59.300000	636.8
59.303750	646.1
59.307500	631.5
59.311250	648.9
59.315000	671.3
59.318750	634.5
59.322500	647.9
59.326250	634.9
59.330000	651.0
59.333750	681.3
59.337500	670.1
59.341250	690.8
59.345000	652.3
59.348750	643.1
59.352500	625.4
59.356250	610.2
59.360000	639.6
59.363750	681.0
59.367500	637.4
59.371250	652.7
59.375000	677.9
59.378750	608.8
59.382500	663.7
59.386250	651.5
59.390000	656.8
59.393750	627.6
59.397500	663.9
59.401250	632.3
59.405000	647.4
59.408750	643.6
59.412500	647.7
59.416250	650.8
59.420000	672.3
59.423750	640.2
59.427500	630.1
59.431250	625.4
59.435000	599.8
59.438750	657.8
59.442500	643.4
59.446250	641.6
59.450000	671.0
59.453750	619.4
59.457500	652.0
59.461250	657.7
59.465000	663.6
59.468750	651.8
59.472500	616.9
59.476250	632.2
59.480000	612.5
59.483750	624.2
59.487500	645.2
59.491250	615.6
59.495000	648.9
59.498750	625.6
59.502500	652.4
59.506250	631.8
59.510000	643.9
59.513750	625.7
59.517500	655.1
59.521250	637.6
59.525000	656.4
59.528750	650.7
59.532500	669.4
59.536250	639.7
59.540000	607.7
59.543750	594.2
59.547500	626.1
59.551250	650.5
59.555000	670.3
59.558750	690.6
59.562500	664.0
59.566250	598.4
59.570000	640.6
59.573750	651.9
59.577500	691.0
59.581250	615.2
59.585000	566.5
59.588750	651.8
59.592500	631.7
59.596250	635.7
59.600000	630.9
59.603750	643.2
59.607500	623.9
59.611250	615.4
59.615000	659.5
59.618750	675.8
59.622500	691.1
59.626250	654.4
59.630000	634.5
59.633750	670.3
59.637500	685.0
59.641250	656.1
59.645000	627.6
59.648750	632.1
59.652500	655.9
59.656250	705.2
59.660000	627.7
59.663750	642.4
59.667500	673.5
59.671250	628.5
59.675000	622.7
59.678750	637.4
59.682500	666.8
59.686250	599.6
59.690000	650.4
59.693750	668.9
59.697500	639.8
59.701250	626.8
59.705000	695.4
59.708750	644.3
59.712500	601.8
59.716250	614.0
59.720000	646.5
59.723750	650.3
59.727500	635.2
59.731250	628.7
59.735000	632.0
59.738750	601.7
59.742500	643.0
59.746250	628.6
59.750000	637.3
59.753750	646.4
59.757500	637.0
59.761250	634.9
59.765000	647.9
59.768750	658.5
59.772500	644.1
59.776250	625.9
59.780000	593.1
59.783750	635.2
59.787500	603.3
59.791250	702.4
59.795000	616.7
59.798750	622.1
59.802500	616.1
59.806250	599.7
59.810000	648.6
59.813750	632.1
59.817500	664.3
59.821250	658.2
59.825000	666.9
59.828750	639.4
59.832500	641.9
59.836250	639.9
59.840000	626.7
59.843750	643.1
59.847500	663.3
59.851250	661.6
59.855000	671.6
59.858750	640.6
59.862500	634.6
59.866250	640.4
59.870000	664.4
59.873750	693.0
59.877500	649.6
59.881250	645.2
59.885000	679.0
59.888750	652.6
59.892500	619.0
59.896250	568.0
59.900000	621.6
59.903750	650.4
59.907500	624.7
59.911250	646.7
59.915000	646.9
59.918750	624.4
59.922500	681.2
59.926250	625.0
59.930000	642.9
59.933750	653.2
59.937500	619.6
59.941250	655.4
59.945000	671.4
59.948750	621.5
59.952500	618.0
59.956250	666.1
59.960000	641.5
59.963750	702.2
59.967500	639.4
59.971250	609.1
59.975000	637.4
59.978750	659.3
59.982500	625.9
59.986250	633.2
59.990000	683.6
59.993750	628.8
59.997500	654.8
60.001250	671.6
60.005000	674.2
60.008750	673.8
60.012500	648.6
60.016250	672.1
60.020000	655.5
60.023750	683.0
60.027500	709.2
60.031250	736.9
60.035000	679.4
60.038750	665.5
60.042500	660.9
60.046250	699.7
60.050000	692.0
60.053750	678.9
60.057500	722.6
60.061250	691.4
60.065000	699.2
60.068750	716.4
60.072500	693.5
60.076250	728.9
60.080000	681.9
60.083750	678.8
60.087500	696.9
60.091250	667.6
60.095000	680.9
60.098750	674.6
60.102500	753.5
60.106250	700.6
60.110000	666.4
60.113750	667.3
60.117500	686.0
60.121250	711.8
60.125000	671.7
60.128750	692.5
60.132500	685.8
60.136250	683.6
60.140000	687.6
60.143750	661.1
60.147500	670.6
60.151250	717.8
60.155000	682.2
60.158750	676.2
60.162500	699.1
60.166250	681.6
60.170000	700.1
60.173750	678.4
60.177500	706.1
60.181250	687.3
60.185000	686.9
60.188750	709.1
60.192500	691.2
60.196250	699.7
60.200000	706.0
60.203750	687.4
60.207500	681.8
60.211250	715.9
60.215000	665.9
60.218750	681.2
60.222500	697.6
60.226250	677.7
60.230000	687.5
60.233750	657.8
60.237500	702.8
60.241250	692.9
60.245000	695.1
60.248750	702.2
60.252500	698.5
60.256250	676.7
60.260000	628.8
60.263750	655.6
60.267500	703.0
60.271250	638.8
60.275000	653.8
60.278750	720.9
60.282500	685.6
60.286250	603.2
60.290000	640.2
60.293750	689.7
60.297500	704.2
60.301250	673.6
60.305000	677.7
60.308750	639.3
60.312500	698.1
60.316250	648.8
60.320000	684.8
60.323750	677.5
60.327500	648.9
60.331250	670.3
60.335000	675.4
60.338750	686.7
60.342500	618.8
60.346250	649.9
60.350000	664.2
60.353750	617.1
60.357500	575.2
60.361250	625.0
60.365000	698.0
60.368750	651.8
60.372500	649.6
60.376250	632.1
60.380000	634.3
60.383750	663.6
60.387500	655.3
60.391250	596.9
60.395000	627.2
60.398750	648.8
60.402500	624.0
60.406250	627.2
60.410000	659.8
60.413750	616.9
60.417500	625.5
60.421250	634.9
60.425000	628.6
60.428750	602.4
60.432500	617.2
60.436250	615.0
60.440000	630.8
60.443750	652.6
60.447500	593.0
60.451250	635.5
60.455000	624.6
60.458750	653.0
60.462500	676.3
60.466250	586.9
60.470000	625.6
60.473750	610.9
60.477500	628.0
60.481250	634.5
60.485000	608.4
60.488750	606.6
60.492500	588.3
60.496250	619.8
60.500000	651.9
60.503750	643.2
60.507500	605.0
60.511250	679.0
60.515000	703.5
60.518750	605.4
60.522500	594.6
60.526250	678.2
60.530000	730.1
60.533750	697.2
60.537500	629.5
60.541250	662.0
60.545000	605.1
60.548750	632.7
60.552500	615.1
60.556250	583.8
60.560000	617.0
60.563750	601.1
60.567500	657.2
60.571250	635.2
60.575000	566.9
60.578750	602.0
60.582500	684.1
60.586250	640.0
60.590000	666.8
60.593750	667.8
60.597500	669.3
60.601250	625.7
60.605000	626.3
60.608750	613.0
60.612500	642.3
60.616250	611.0
60.620000	621.3
60.623750	628.7
60.627500	599.0
60.631250	646.8
60.635000	638.2
60.638750	655.0
60.642500	663.8
60.646250	621.4
60.650000	676.6
60.653750	637.2
60.657500	610.2
60.661250	636.5
60.665000	656.1
60.668750	585.9
60.672500	584.0
60.676250	618.0
60.680000	614.2
60.683750	642.4
60.687500	644.8
60.691250	700.1
60.695000	636.9
60.698750	621.8
60.702500	619.8
60.706250	618.5
60.710000	599.5
60.713750	607.3
60.717500	635.6
60.721250	629.8
60.725000	640.9
60.728750	638.9
60.732500	583.8
60.736250	600.5
60.740000	644.3
60.743750	604.8
60.747500	636.8
60.751250	636.1
60.755000	636.6
60.758750	646.6
60.762500	649.4
60.766250	550.3
60.770000	605.3
60.773750	664.5
60.777500	625.3
60.781250	643.4
60.785000	620.9
60.788750	647.1
60.792500	651.5
60.796250	636.5
60.800000	630.8
60.803750	668.5
60.807500	635.2
60.811250	629.8
60.815000	604.4
60.818750	622.8
60.822500	611.4
60.826250	614.2
60.830000	651.2
60.833750	623.1
60.837500	665.8
60.841250	664.2
60.845000	601.4
60.848750	614.0
60.852500	648.3
60.856250	641.4
60.860000	617.2
60.863750	604.1
60.867500	630.9
60.871250	626.1
60.875000	604.1
60.878750	612.4
60.882500	653.5
60.886250	642.4
60.890000	596.5
60.893750	628.4
60.897500	636.2
60.901250	624.4
60.905000	605.6
60.908750	615.2
60.912500	598.1
60.916250	659.9
60.920000	580.8
60.923750	637.5
60.927500	607.7
60.931250	611.3
60.935000	608.7
60.938750	602.0
60.942500	615.0
60.946250	625.1
60.950000	643.7
60.953750	680.1
60.957500	608.4
60.961250	606.7
60.965000	625.4
60.968750	596.8
60.972500	631.8
60.976250	624.0
60.980000	643.7
60.983750	599.7
60.987500	644.3
60.991250	696.1
60.995000	642.7
60.998750	638.5
61.002500	590.6
61.006250	595.8
61.010000	631.8
61.013750	683.3
61.017500	631.0
61.021250	630.9
61.025000	643.5
61.028750	601.0
61.032500	606.0
61.036250	596.4
61.040000	560.0
61.043750	645.7
61.047500	650.2
61.051250	646.4
61.055000	616.2
61.058750	657.3
61.062500	604.3
61.066250	626.0
61.070000	650.1
61.073750	586.0
61.077500	685.6
61.081250	600.5
61.085000	602.1
61.088750	674.0
61.092500	655.8
61.096250	661.4
61.100000	600.4
61.103750	594.7
61.107500	615.3
61.111250	674.9
61.115000	697.4
61.118750	649.8
61.122500	667.7
61.126250	606.9
61.130000	631.8
61.133750	609.2
61.137500	623.4
61.141250	554.1
61.145000	673.7
61.148750	554.1
61.152500	608.5
61.156250	636.2
61.160000	619.6
61.163750	593.3
61.167500	643.4
61.171250	600.9
61.175000	574.3
61.178750	621.4
61.182500	621.0
61.186250	627.6
61.190000	640.5
61.193750	571.5
61.197500	650.0
61.201250	657.6
61.205000	593.8
61.208750	581.3
61.212500	595.2
61.216250	636.7
61.220000	621.9
61.223750	582.6
61.227500	580.1
61.231250	603.8
61.235000	626.8
61.238750	617.1
61.242500	572.0
61.246250	602.4
61.250000	571.8
61.253750	621.9
61.257500	638.6
61.261250	558.6
61.265000	608.1
61.268750	646.8
61.272500	645.0
61.276250	574.4
61.280000	560.5
61.283750	579.6
61.287500	611.5
61.291250	620.3
61.295000	612.2
61.298750	580.0
61.302500	588.6
61.306250	576.4
61.310000	622.3
61.313750	597.4
61.317500	565.9
61.321250	602.7
61.325000	593.4
61.328750	603.3
61.332500	614.9
61.336250	560.2
61.340000	595.8
61.343750	609.9
61.347500	606.2
61.351250	629.8
61.355000	642.1
61.358750	617.6
61.362500	596.9
61.366250	592.5
61.370000	595.5
61.373750	613.8
61.377500	551.4
61.381250	618.7
61.385000	629.1
61.388750	604.3
61.392500	625.8
61.396250	598.6
61.400000	612.6
61.403750	597.6
61.407500	618.7
61.411250	589.6
61.415000	603.4
61.418750	637.6
61.422500	619.4
61.426250	563.2
61.430000	592.4
61.433750	590.1
61.437500	620.9
61.441250	589.7
61.445000	593.6
61.448750	626.8
61.452500	613.8
61.456250	584.9
61.460000	575.7
61.463750	605.8
61.467500	627.6
61.471250	604.2
61.475000	566.5
61.478750	601.3
61.482500	613.7
61.486250	599.6
61.490000	619.3
61.493750	641.1
61.497500	619.3
61.501250	587.5
61.505000	617.7
61.508750	618.9
61.512500	628.7
61.516250	618.2
61.520000	627.6
61.523750	572.8
61.527500	597.2
61.531250	588.1
61.535000	585.5
61.538750	569.4
61.542500	597.4
61.546250	599.7
61.550000	543.4
61.553750	578.6
61.557500	623.2
61.561250	650.7
61.565000	606.5
61.568750	595.4
61.572500	604.4
61.576250	584.3
61.580000	599.5
61.583750	566.7
61.587500	579.4
61.591250	592.3
61.595000	565.4
61.598750	565.9
61.602500	607.0
61.606250	571.1
61.610000	576.9
61.613750	608.8
61.617500	601.9
61.621250	614.8
61.625000	570.4
61.628750	577.9
61.632500	585.9
61.636250	624.8
61.640000	612.8
61.643750	637.9
61.647500	628.3
61.651250	568.1
61.655000	586.8
61.658750	635.7
61.662500	622.2
61.666250	619.8
61.670000	658.5
61.673750	624.2
61.677500	601.0
61.681250	631.0
61.685000	660.3
61.688750	625.6
61.692500	624.5
61.696250	627.7
61.700000	634.5
61.703750	609.4
61.707500	654.1
61.711250	639.7
61.715000	612.7
61.718750	638.9
61.722500	654.1
61.726250	613.4
61.730000	588.2
61.733750	615.5
61.737500	598.3
61.741250	627.5
61.745000	615.5
61.748750	556.5
61.752500	604.9
61.756250	604.0
61.760000	640.2
61.763750	625.4
61.767500	553.8
61.771250	629.1
61.775000	614.9
61.778750	621.7
61.782500	600.6
61.786250	596.6
61.790000	614.1
61.793750	648.8
61.797500	609.7
61.801250	607.5
61.805000	636.6
61.808750	611.2
61.812500	606.4
61.816250	629.1
61.820000	670.6
61.823750	611.1
61.827500	611.9
61.831250	648.1
61.835000	637.6
61.838750	607.6
61.842500	631.7
61.846250	664.5
61.850000	659.8
61.853750	613.9
61.857500	636.6
61.861250	625.0
61.865000	637.6
61.868750	610.7
61.872500	587.9
61.876250	591.6
61.880000	613.7
61.883750	629.0
61.887500	626.9
61.891250	624.6
61.895000	603.5
61.898750	603.8
61.902500	620.1
61.906250	613.8
61.910000	650.4
61.913750	610.8
61.917500	580.8
61.921250	607.1
61.925000	601.4
61.928750	620.4
61.932500	602.1
61.936250	594.8
61.940000	648.4
61.943750	631.2
61.947500	614.9
61.951250	612.4
61.955000	644.2
61.958750	617.3
61.962500	589.9
61.966250	610.7
61.970000	587.9
61.973750	605.8
61.977500	621.4
61.981250	625.0
61.985000	608.8
61.988750	577.4
61.992500	629.8
61.996250	597.7
62.000000	621.1
62.003750	621.9
62.007500	545.4
62.011250	589.0
62.015000	627.2
62.018750	612.0
62.022500	608.5
62.026250	612.3
62.030000	603.3
62.033750	575.0
62.037500	564.2
62.041250	623.0
62.045000	569.4
62.048750	596.6
62.052500	609.9
62.056250	567.4
62.060000	585.2
62.063750	592.2
62.067500	586.4
62.071250	603.5
62.075000	547.3
62.078750	569.8
62.082500	638.6
62.086250	598.3
62.090000	610.0
62.093750	547.3
62.097500	530.6
62.101250	593.5
62.105000	596.9
62.108750	596.2
62.112500	585.9
62.116250	586.8
62.120000	600.2
62.123750	628.6
62.127500	581.2
62.131250	612.1
62.135000	600.4
62.138750	613.2
62.142500	620.4
62.146250	595.3
62.150000	581.0
62.153750	584.0
62.157500	611.1
62.161250	620.0
62.165000	601.7
62.168750	605.5
62.172500	606.7
62.176250	585.7
62.180000	543.4
62.183750	574.9
62.187500	603.8
62.191250	605.0
62.195000	577.9
62.198750	564.3
62.202500	580.3
62.206250	584.4
62.210000	590.4
62.213750	561.5
62.217500	601.0
62.221250	597.8
62.225000	618.7
62.228750	585.7
62.232500	568.2
62.236250	600.0
62.240000	612.8
62.243750	595.8
62.247500	601.7
62.251250	593.4
62.255000	654.6
62.258750	594.7
62.262500	567.8
62.266250	588.7
62.270000	638.9
62.273750	619.0
62.277500	601.7
62.281250	626.5
62.285000	603.9
62.288750	601.0
62.292500	579.7
62.296250	605.9
62.300000	593.6
62.303750	630.5
62.307500	623.2
62.311250	654.5
62.315000	625.8
62.318750	640.0
62.322500	603.5
62.326250	611.4
62.330000	644.4
62.333750	592.9
62.337500	585.3
62.341250	592.7
62.345000	581.7
62.348750	578.3
62.352500	599.9
62.356250	610.9
62.360000	602.0
62.363750	621.4
62.367500	583.7
62.371250	631.4
62.375000	577.8
62.378750	600.7
62.382500	635.5
62.386250	622.5
62.390000	634.9
62.393750	571.2
62.397500	630.7
62.401250	652.8
62.405000	589.9
62.408750	557.9
62.412500	634.0
62.416250	642.0
62.420000	627.5
62.423750	591.2
62.427500	609.1
62.431250	627.0
62.435000	620.5
62.438750	610.0
62.442500	642.1
62.446250	641.0
62.450000	631.9
62.453750	603.0
62.457500	604.0
62.461250	665.5
62.465000	648.5
62.468750	600.6
62.472500	617.8
62.476250	660.7
62.480000	615.8
62.483750	639.5
62.487500	649.6
62.491250	663.7
62.495000	611.2
62.498750	627.9
62.502500	617.6
62.506250	642.5
62.510000	645.4
62.513750	665.2
62.517500	698.9
62.521250	674.1
62.525000	610.7
62.528750	592.6
62.532500	641.1
62.536250	629.4
62.540000	638.5
62.543750	648.3
62.547500	588.4
62.551250	616.7
62.555000	657.2
62.558750	624.8
62.562500	604.3
62.566250	614.8
62.570000	701.8
62.573750	670.8
62.577500	596.2
62.581250	644.8
62.585000	630.0
62.588750	652.0
62.592500	629.0
62.596250	700.6
62.600000	650.6
62.603750	671.1
62.607500	696.5
62.611250	709.1
62.615000	657.0
62.618750	679.2
62.622500	671.7
62.626250	641.0
62.630000	646.9
62.633750	680.6
62.637500	683.2
62.641250	644.2
62.645000	647.4
62.648750	598.8
62.652500	659.5
62.656250	672.2
62.660000	638.9
62.663750	659.0
62.667500	606.3
62.671250	602.7
62.675000	629.6
62.678750	617.6
62.682500	595.6
62.686250	587.2
62.690000	667.9
62.693750	587.8
62.697500	600.6
62.701250	660.3
62.705000	625.4
62.708750	664.5
62.712500	641.9
62.716250	613.8
62.720000	615.4
62.723750	643.5
62.727500	615.1
62.731250	581.1
62.735000	645.6
62.738750	636.2
62.742500	636.4
62.746250	596.3
62.750000	642.5
62.753750	608.8
62.757500	635.6
62.761250	599.3
62.765000	621.3
62.768750	611.3
62.772500	647.3
62.776250	607.8
62.780000	635.1
62.783750	600.7
62.787500	601.0
62.791250	649.6
62.795000	577.7
62.798750	618.9
62.802500	587.4
62.806250	623.2
62.810000	649.5
62.813750	592.1
62.817500	619.4
62.821250	625.4
62.825000	584.6
62.828750	588.5
62.832500	648.1
62.836250	584.9
62.840000	613.1
62.843750	644.6
62.847500	667.0
62.851250	605.8
62.855000	609.8
62.858750	613.7
62.862500	626.1
62.866250	614.0
62.870000	599.7
62.873750	660.5
62.877500	635.5
62.881250	608.7
62.885000	599.2
62.888750	633.1
62.892500	630.5
62.896250	603.6
62.900000	617.3
62.903750	609.8
62.907500	604.1
62.911250	605.4
62.915000	634.3
62.918750	595.2
62.922500	600.0
62.926250	654.6
62.930000	643.3
62.933750	623.0
62.937500	617.0
62.941250	577.2
62.945000	578.4
62.948750	579.4
62.952500	657.9
62.956250	600.3
62.960000	593.0
62.963750	623.8
62.967500	559.9
62.971250	551.0
62.975000	588.2
62.978750	570.4
62.982500	586.3
62.986250	563.7
62.990000	551.5
62.993750	605.9
62.997500	597.2
63.001250	568.1
63.005000	571.5
63.008750	665.6
63.012500	606.7
63.016250	568.9
63.020000	588.8
63.023750	594.6
63.027500	576.2
63.031250	630.6
63.035000	558.8
63.038750	544.4
63.042500	585.5
63.046250	576.1
63.050000	557.8
63.053750	586.1
63.057500	580.4
63.061250	579.7
63.065000	576.0
63.068750	561.8
63.072500	592.1
63.076250	573.4
63.080000	613.0
63.083750	613.7
63.087500	593.2
63.091250	627.8
63.095000	603.2
63.098750	578.0
63.102500	587.2
63.106250	618.4
63.110000	587.4
63.113750	618.0
63.117500	606.0
63.121250	613.9
63.125000	595.1
63.128750	580.6
63.132500	575.4
63.136250	649.7
63.140000	640.3
63.143750	623.3
63.147500	629.4
63.151250	599.8
63.155000	628.7
63.158750	600.6
63.162500	613.4
63.166250	586.5
63.170000	608.7
63.173750	673.1
63.177500	636.0
63.181250	621.0
63.185000	600.5
63.188750	656.0
63.192500	639.2
63.196250	590.9
63.200000	620.1
63.203750	626.3
63.207500	619.6
63.211250	565.7
63.215000	572.2
63.218750	664.7
63.222500	600.3
63.226250	607.5
63.230000	596.3
63.233750	623.2
63.237500	714.7
63.241250	652.1
63.245000	600.7
63.248750	604.5
63.252500	612.2
63.256250	608.6
63.260000	560.3
63.263750	571.7
63.267500	601.9
63.271250	576.9
63.275000	579.1
63.278750	587.2
63.282500	619.7
63.286250	589.5
63.290000	574.1
63.293750	567.3
63.297500	615.7
63.301250	622.4
63.305000	572.0
63.308750	592.7
63.312500	587.6
63.316250	555.4
63.320000	603.1
63.323750	627.1
63.327500	589.6
63.331250	562.4
63.335000	531.1
63.338750	580.9
63.342500	587.9
63.346250	562.6
63.350000	570.6
63.353750	566.7
63.357500	613.3
63.361250	612.1
63.365000	537.1
63.368750	560.6
63.372500	573.7
63.376250	583.7
63.380000	576.5
63.383750	579.6
63.387500	557.8
63.391250	558.8
63.395000	609.1
63.398750	599.8
63.402500	554.4
63.406250	581.3
63.410000	588.1
63.413750	544.5
63.417500	538.2
63.421250	564.8
63.425000	585.3
63.428750	581.3
63.432500	584.6
63.436250	596.5
63.440000	550.9
63.443750	589.5
63.447500	573.7
63.451250	586.3
63.455000	565.5
63.458750	563.1
63.462500	565.0
63.466250	604.2
63.470000	605.0
63.473750	597.2
63.477500	565.0
63.481250	612.2
63.485000	634.6
63.488750	580.6
63.492500	582.7
63.496250	603.1
63.500000	613.7
63.503750	648.5
63.507500	596.2
63.511250	594.3
63.515000	593.5
63.518750	600.2
63.522500	592.5
63.526250	640.8
63.530000	576.6
63.533750	588.3
63.537500	578.7
63.541250	557.4
63.545000	552.6
63.548750	568.1
63.552500	616.7
63.556250	603.6
63.560000	626.4
63.563750	607.3
63.567500	601.9
63.571250	586.5
63.575000	602.9
63.578750	589.8
63.582500	612.7
63.586250	585.9
63.590000	604.2
63.593750	618.9
63.597500	589.8
63.601250	590.1
63.605000	633.5
63.608750	626.7
63.612500	626.5
63.616250	652.5
63.620000	608.3
63.623750	605.8
63.627500	594.0
63.631250	600.0
63.635000	609.7
63.638750	607.2
63.642500	625.8
63.646250	637.5
63.650000	618.3
63.653750	611.7
63.657500	588.5
63.661250	604.2
63.665000	598.8
63.668750	604.2
63.672500	579.9
63.676250	596.9
63.680000	591.2
63.683750	553.5
63.687500	545.5
63.691250	579.3
63.695000	595.8
63.698750	606.9
63.702500	607.8
63.706250	606.4
63.710000	583.7
63.713750	583.2
63.717500	536.7
63.721250	587.7
63.725000	595.3
63.728750	599.1
63.732500	606.5
63.736250	606.8
63.740000	611.3
63.743750	615.2
63.747500	588.3
63.751250	640.4
63.755000	582.9
63.758750	607.6
63.762500	629.8
63.766250	616.4
63.770000	592.0
63.773750	553.4
63.777500	637.0
63.781250	612.6
63.785000	555.2
63.788750	594.7
63.792500	577.5
63.796250	591.6
63.800000	611.7
63.803750	558.3
63.807500	590.7
63.811250	583.0
63.815000	583.5
63.818750	587.8
63.822500	602.0
63.826250	628.5
63.830000	623.3
63.833750	587.8
63.837500	588.5
63.841250	594.8
63.845000	580.5
63.848750	559.9
63.852500	598.1
63.856250	578.2
63.860000	591.6
63.863750	616.3
63.867500	567.2
63.871250	570.0
63.875000	614.2
63.878750	593.1
63.882500	586.3
63.886250	616.1
63.890000	585.4
63.893750	611.9
63.897500	566.3
63.901250	621.4
63.905000	622.6
63.908750	560.5
63.912500	570.9
63.916250	601.4
63.920000	587.1
63.923750	595.1
63.927500	554.5
63.931250	593.9
63.935000	575.8
63.938750	618.1
63.942500	557.9
63.946250	586.2
63.950000	624.6
63.953750	624.1
63.957500	592.7
63.961250	609.7
63.965000	545.8
63.968750	613.1
63.972500	617.1
63.976250	620.9
63.980000	595.3
63.983750	614.8
63.987500	562.2
63.991250	565.6
63.995000	614.8
63.998750	589.8
64.002500	586.6
64.006250	611.5
64.010000	594.6
64.013750	628.6
64.017500	582.1
64.021250	556.1
64.025000	593.0
64.028750	562.4
64.032500	549.4
64.036250	587.7
64.040000	571.9
64.043750	593.6
64.047500	636.0
64.051250	581.9
64.055000	541.3
64.058750	589.8
64.062500	594.8
64.066250	584.7
64.070000	551.1
64.073750	547.7
64.077500	595.5
64.081250	586.9
64.085000	601.2
64.088750	616.1
64.092500	586.3
64.096250	599.7
64.100000	580.0
64.103750	572.8
64.107500	583.6
64.111250	585.8
64.115000	588.8
64.118750	541.7
64.122500	565.5
64.126250	569.0
64.130000	589.4
64.133750	582.0
64.137500	609.1
64.141250	547.6
64.145000	582.2
64.148750	583.9
64.152500	567.4
64.156250	599.7
64.160000	593.0
64.163750	581.7
64.167500	630.2
64.171250	611.3
64.175000	592.0
64.178750	579.1
64.182500	599.4
64.186250	553.7
64.190000	570.0
64.193750	543.3
64.197500	607.5
64.201250	581.7
64.205000	589.5
64.208750	616.0
64.212500	607.2
64.216250	569.8
64.220000	571.0
64.223750	594.3
64.227500	592.1
64.231250	632.9
64.235000	619.4
64.238750	609.2
64.242500	585.8
64.246250	590.5
64.250000	556.2
64.253750	586.9
64.257500	614.0
64.261250	611.9
64.265000	628.7
64.268750	574.5
64.272500	571.3
64.276250	610.6
64.280000	569.2
64.283750	593.1
64.287500	572.7
64.291250	541.8
64.295000	574.9
64.298750	581.9
64.302500	623.8
64.306250	594.9
64.310000	591.0
64.313750	594.6
64.317500	609.9
64.321250	574.8
64.325000	589.9
64.328750	573.5
64.332500	606.7
64.336250	591.0
64.340000	581.0
64.343750	563.5
64.347500	631.6
64.351250	641.5
64.355000	539.0
64.358750	591.2
64.362500	584.5
64.366250	611.1
64.370000	560.6
64.373750	581.0
64.377500	608.3
64.381250	575.7
64.385000	607.5
64.388750	611.5
64.392500	579.0
64.396250	576.7
64.400000	600.3
64.403750	595.1
64.407500	527.8
64.411250	610.0
64.415000	558.7
64.418750	538.5
64.422500	537.8
64.426250	569.1
64.430000	544.5
64.433750	557.3
64.437500	575.9
64.441250	553.5
64.445000	609.3
64.448750	626.9
64.452500	524.5
64.456250	567.0
64.460000	595.0
64.463750	546.4
64.467500	546.5
64.471250	558.1
64.475000	571.8
64.478750	574.5
64.482500	513.2
64.486250	583.9
64.490000	550.7
64.493750	542.8
64.497500	581.5
64.501250	572.3
64.505000	577.1
64.508750	559.1
64.512500	566.2
64.516250	581.0
64.520000	535.2
64.523750	539.7
64.527500	564.3
64.531250	567.8
64.535000	552.1
64.538750	541.3
64.542500	598.7
64.546250	564.4
64.550000	587.8
64.553750	602.3
64.557500	569.5
64.561250	579.3
64.565000	566.5
64.568750	567.2
64.572500	540.9
64.576250	555.9
64.580000	612.7
64.583750	597.6
64.587500	535.9
64.591250	583.7
64.595000	573.5
64.598750	561.6
64.602500	577.2
64.606250	554.6
64.610000	575.7
64.613750	571.1
64.617500	544.8
64.621250	566.1
64.625000	542.1
64.628750	584.6
64.632500	596.7
64.636250	555.1
64.640000	572.2
64.643750	575.3
64.647500	590.2
64.651250	557.2
64.655000	562.7
64.658750	565.0
64.662500	570.2
64.666250	538.0
64.670000	558.1
64.673750	531.7
64.677500	556.9
64.681250	592.7
64.685000	561.6
64.688750	598.5
64.692500	577.5
64.696250	560.5
64.700000	553.2
64.703750	546.6
64.707500	566.5
64.711250	581.4
64.715000	585.0
64.718750	562.1
64.722500	545.3
64.726250	569.1
64.730000	592.0
64.733750	569.0
64.737500	560.6
64.741250	598.5
64.745000	592.7
64.748750	566.3
64.752500	557.1
64.756250	562.5
64.760000	573.6
64.763750	596.5
64.767500	550.6
64.771250	532.0
64.775000	547.7
64.778750	558.3
64.782500	551.1
64.786250	569.1
64.790000	556.0
64.793750	572.9
64.797500	591.0
64.801250	570.7
64.805000	579.5
64.808750	549.4
64.812500	598.1
64.816250	581.3
64.820000	553.9
64.823750	558.1
64.827500	598.2
64.831250	568.0
64.835000	584.0
64.838750	570.7
64.842500	561.6
64.846250	556.9
64.850000	601.9
64.853750	561.1
64.857500	587.1
64.861250	550.4
64.865000	575.2
64.868750	574.4
64.872500	528.4
64.876250	563.8
64.880000	600.9
64.883750	545.7
64.887500	606.6
64.891250	570.6
64.895000	540.5
64.898750	506.1
64.902500	564.4
64.906250	591.1
64.910000	585.3
64.913750	529.4
64.917500	536.3
64.921250	544.5
64.925000	562.5
64.928750	536.7
64.932500	531.4
64.936250	547.9
64.940000	564.9
64.943750	530.4
64.947500	534.4
64.951250	560.2
64.955000	547.5
64.958750	563.3
64.962500	529.4
64.966250	552.9
64.970000	547.8
64.973750	512.8
64.977500	549.9
64.981250	537.8
64.985000	574.5
64.988750	563.0
64.992500	573.1
64.996250	610.5
65.000000	587.8
65.003750	587.0
65.007500	535.4
65.011250	537.1
65.015000	555.5
65.018750	544.3
65.022500	560.8
65.026250	573.4
65.030000	550.3
65.033750	554.8
65.037500	552.5
65.041250	548.9
65.045000	566.6
65.048750	548.8
65.052500	547.5
65.056250	560.6
65.060000	541.2
65.063750	589.5
65.067500	567.6
65.071250	540.0
65.075000	583.3
65.078750	543.4
65.082500	570.8
65.086250	564.3
65.090000	575.4
65.093750	571.3
65.097500	561.7
65.101250	590.1
65.105000	579.2
65.108750	562.6
65.112500	547.5
65.116250	589.0
65.120000	560.6
65.123750	559.3
65.127500	562.5
65.131250	556.8
65.135000	541.4
65.138750	575.5
65.142500	549.2
65.146250	576.5
65.150000	550.1
65.153750	541.8
65.157500	559.1
65.161250	591.1
65.165000	596.2
65.168750	572.9
65.172500	577.1
65.176250	567.5
65.180000	524.2
65.183750	575.2
65.187500	549.2
65.191250	534.4
65.195000	568.8
65.198750	561.7
65.202500	579.8
65.206250	552.7
65.210000	531.8
65.213750	552.1
65.217500	597.6
65.221250	562.9
65.225000	556.6
65.228750	583.7
65.232500	552.3
65.236250	533.3
65.240000	566.4
65.243750	539.9
65.247500	577.9
65.251250	573.5
65.255000	595.1
65.258750	557.9
65.262500	532.0
65.266250	521.6
65.270000	550.3
65.273750	563.9
65.277500	541.0
65.281250	571.9
65.285000	572.9
65.288750	547.6
65.292500	571.0
65.296250	550.8
65.300000	547.0
65.303750	606.0
65.307500	587.7
65.311250	540.2
65.315000	542.4
65.318750	498.3
65.322500	540.5
65.326250	542.7
65.330000	554.2
65.333750	581.9
65.337500	569.5
65.341250	523.1
65.345000	594.0
65.348750	564.1
65.352500	529.1
65.356250	528.7
65.360000	556.4
65.363750	558.3
65.367500	544.8
65.371250	499.7
65.375000	561.9
65.378750	527.5
65.382500	532.2
65.386250	548.9
65.390000	545.0
65.393750	566.3
65.397500	566.2
65.401250	579.5
65.405000	580.4
65.408750	589.0
65.412500	564.7
65.416250	576.9
65.420000	564.3
65.423750	538.9
65.427500	531.8
65.431250	554.6
65.435000	588.5
65.438750	539.5
65.442500	529.8
65.446250	557.2
65.450000	587.1
65.453750	553.3
65.457500	575.3
65.461250	563.5
65.465000	558.5
65.468750	574.8
65.472500	537.5
65.476250	548.7
65.480000	550.8
65.483750	515.7
65.487500	524.4
65.491250	547.4
65.495000	574.1
65.498750	560.9
65.502500	544.9
65.506250	584.1
65.510000	569.7
65.513750	544.0
65.517500	578.4
65.521250	628.0
65.525000	585.8
65.528750	568.1
65.532500	602.0
65.536250	554.0
65.540000	558.0
65.543750	542.0
65.547500	573.9
65.551250	562.1
65.555000	544.2
65.558750	520.0
65.562500	534.3
65.566250	494.0
65.570000	551.2
65.573750	570.1
65.577500	560.1
65.581250	559.9
65.585000	556.3
65.588750	547.4
65.592500	590.1
65.596250	535.1
65.600000	533.9
65.603750	535.1
65.607500	589.4
65.611250	568.4
65.615000	583.5
65.618750	576.6
65.622500	547.8
65.626250	489.0
65.630000	519.0
65.633750	594.9
65.637500	571.4
65.641250	575.6
65.645000	625.4
65.648750	537.8
65.652500	576.3
65.656250	562.9
65.660000	572.8
65.663750	588.0
65.667500	583.5
65.671250	605.3
65.675000	604.0
65.678750	603.3
65.682500	568.6
65.686250	595.6
65.690000	603.2
65.693750	537.8
65.697500	608.7
65.701250	570.2
65.705000	552.6
65.708750	578.4
65.712500	582.3
65.716250	551.4
65.720000	593.1
65.723750	589.3
65.727500	607.9
65.731250	576.6
65.735000	567.6
65.738750	568.8
65.742500	556.5
65.746250	588.1
65.750000	601.8
65.753750	589.2
65.757500	586.9
65.761250	581.3
65.765000	573.5
65.768750	608.1
65.772500	581.8
65.776250	557.5
65.780000	561.4
65.783750	598.8
65.787500	607.0
65.791250	615.5
65.795000	585.8
65.798750	567.5
65.802500	595.6
65.806250	613.9
65.810000	601.2
65.813750	573.9
65.817500	608.4
65.821250	590.2
65.825000	655.9
65.828750	568.5
65.832500	570.8
65.836250	608.3
65.840000	611.5
65.843750	592.1
65.847500	569.7
65.851250	593.1
65.855000	600.2
65.858750	625.9
65.862500	629.6
65.866250	619.9
65.870000	577.3
65.873750	634.9
65.877500	617.5
65.881250	624.3
65.885000	597.1
65.888750	602.3
65.892500	558.5
65.896250	589.5
65.900000	636.5
65.903750	604.4
65.907500	598.8
65.911250	574.5
65.915000	576.5
65.918750	593.7
65.922500	608.0
65.926250	567.7
65.930000	542.2
65.933750	555.6
65.937500	589.3
65.941250	542.0
65.945000	557.6
65.948750	596.9
65.952500	568.9
65.956250	573.9
65.960000	573.3
65.963750	568.8
65.967500	567.7
65.971250	580.9
65.975000	547.4
65.978750	575.8
65.982500	649.6
65.986250	610.5
65.990000	560.7
65.993750	542.1
65.997500	608.2
66.001250	601.1
66.005000	562.9
66.008750	572.7
66.012500	549.2
66.016250	572.0
66.020000	612.0
66.023750	572.2
66.027500	565.0
66.031250	603.3
66.035000	590.9
66.038750	585.3
66.042500	581.6
66.046250	618.2
66.050000	596.0
66.053750	591.9
66.057500	648.1
66.061250	632.2
66.065000	634.9
66.068750	641.1
66.072500	606.8
66.076250	592.1
66.080000	623.6
66.083750	625.0
66.087500	600.4
66.091250	604.4
66.095000	673.7
66.098750	676.9
66.102500	608.3
66.106250	672.3
66.110000	638.7
66.113750	599.8
66.117500	617.4
66.121250	595.9
66.125000	646.8
66.128750	610.6
66.132500	597.4
66.136250	598.8
66.140000	582.2
66.143750	562.4
66.147500	562.9
66.151250	544.8
66.155000	626.2
66.158750	626.9
66.162500	538.2
66.166250	561.8
66.170000	532.7
66.173750	547.1
66.177500	560.0
66.181250	548.6
66.185000	561.4
66.188750	549.3
66.192500	579.0
66.196250	583.9
66.200000	550.5
66.203750	560.6
66.207500	589.3
66.211250	575.3
66.215000	608.7
66.218750	579.4
66.222500	548.1
66.226250	552.2
66.230000	559.5
66.233750	543.9
66.237500	524.8
66.241250	493.7
66.245000	521.1
66.248750	550.2
66.252500	542.6
66.256250	555.3
66.260000	576.1
66.263750	567.2
66.267500	550.0
66.271250	569.0
66.275000	597.9
66.278750	563.9
66.282500	557.4
66.286250	565.1
66.290000	581.9
66.293750	582.8
66.297500	514.5
66.301250	538.4
66.305000	543.0
66.308750	579.6
66.312500	531.9
66.316250	542.6
66.320000	588.0
66.323750	587.0
66.327500	552.1
66.331250	560.7
66.335000	571.0
66.338750	530.9
66.342500	544.7
66.346250	564.6
66.350000	551.2
66.353750	578.2
66.357500	583.0
66.361250	609.7
66.365000	534.7
66.368750	553.3
66.372500	566.0
66.376250	568.2
66.380000	546.2
66.383750	545.1
66.387500	548.6
66.391250	530.4
66.395000	533.6
66.398750	537.9
66.402500	509.9
66.406250	554.6
66.410000	591.3
66.413750	554.1
66.417500	573.8
66.421250	577.7
66.425000	576.3
66.428750	579.2
66.432500	548.5
66.436250	585.5
66.440000	560.8
66.443750	561.1
66.447500	591.3
66.451250	572.7
66.455000	575.4
66.458750	550.0
66.462500	559.7
66.466250	561.9
66.470000	565.5
66.473750	587.8
66.477500	614.8
66.481250	565.8
66.485000	575.0
66.488750	545.1
66.492500	588.1
66.496250	641.0
66.500000	594.0
66.503750	551.7
66.507500	569.8
66.511250	613.8
66.515000	597.0
66.518750	554.0
66.522500	590.9
66.526250	567.3
66.530000	560.2
66.533750	569.9
66.537500	605.0
66.541250	585.6
66.545000	593.6
66.548750	575.5
66.552500	621.3
66.556250	569.0
66.560000	585.9
66.563750	576.3
66.567500	595.2
66.571250	591.2
66.575000	539.6
66.578750	607.9
66.582500	565.1
66.586250	584.9
66.590000	595.7
66.593750	584.7
66.597500	549.3
66.601250	589.0
66.605000	565.8
66.608750	575.0
66.612500	645.2
66.616250	616.5
66.620000	579.5
66.623750	578.7
66.627500	597.4
66.631250	596.3
66.635000	650.4
66.638750	594.4
66.642500	605.1
66.646250	626.1
66.650000	629.7
66.653750	582.3
66.657500	581.8
66.661250	550.3
66.665000	593.8
66.668750	579.2
66.672500	578.5
66.676250	596.0
66.680000	537.5
66.683750	587.2
66.687500	610.3
66.691250	578.7
66.695000	581.2
66.698750	587.4
66.702500	581.5
66.706250	575.4
66.710000	590.1
66.713750	608.3
66.717500	577.4
66.721250	596.6
66.725000	585.1
66.728750	592.6
66.732500	574.3
66.736250	578.8
66.740000	580.7
66.743750	580.9
66.747500	606.4
66.751250	620.7
66.755000	573.5
66.758750	596.8
66.762500	558.0
66.766250	582.5
66.770000	573.4
66.773750	576.5
66.777500	557.6
66.781250	562.7
66.785000	576.4
66.788750	575.2
66.792500	525.7
66.796250	581.1
66.800000	569.9
66.803750	573.9
66.807500	537.2
66.811250	520.0
66.815000	556.7
66.818750	556.4
66.822500	555.6
66.826250	579.2
66.830000	538.7
66.833750	532.2
66.837500	542.2
66.841250	554.6
66.845000	575.6
66.848750	595.5
66.852500	571.4
66.856250	593.0
66.860000	573.0
66.863750	546.6
66.867500	610.0
66.871250	553.5
66.875000	566.4
66.878750	606.9
66.882500	565.7
66.886250	549.6
66.890000	583.7
66.893750	592.8
66.897500	542.1
66.901250	552.0
66.905000	574.7
66.908750	551.6
66.912500	571.2
66.916250	585.9
66.920000	521.7
66.923750	519.0
66.927500	554.2
66.931250	577.3
66.935000	570.5
66.938750	530.2
66.942500	556.1
66.946250	560.6
66.950000	570.7
66.953750	583.1
66.957500	592.8
66.961250	580.3
66.965000	560.5
66.968750	584.3
66.972500	538.7
66.976250	551.7
66.980000	561.5
66.983750	549.3
66.987500	535.6
66.991250	532.6
66.995000	525.7
66.998750	547.7
67.002500	521.6
67.006250	603.5
67.010000	553.4
67.013750	546.7
67.017500	559.5
67.021250	575.9
67.025000	585.0
67.028750	545.6
67.032500	550.1
67.036250	544.0
67.040000	551.0
67.043750	545.5
67.047500	578.9
67.051250	562.3
67.055000	529.6
67.058750	543.9
67.062500	532.9
67.066250	553.0
67.070000	555.6
67.073750	602.2
67.077500	555.4
67.081250	565.3
67.085000	590.4
67.088750	543.4
67.092500	560.2
67.096250	543.0
67.100000	564.6
67.103750	545.1
67.107500	551.1
67.111250	545.5
67.115000	544.9
67.118750	569.8
67.122500	549.4
67.126250	505.4
67.130000	555.3
67.133750	547.1
67.137500	550.0
67.141250	545.1
67.145000	561.1
67.148750	561.2
67.152500	516.7
67.156250	527.7
67.160000	536.4
67.163750	505.6
67.167500	492.0
67.171250	532.6
67.175000	544.0
67.178750	571.9
67.182500	569.6
67.186250	543.2
67.190000	544.5
67.193750	580.9
67.197500	561.4
67.201250	574.2
67.205000	585.8
67.208750	567.3
67.212500	525.9
67.216250	571.9
67.220000	564.5
67.223750	562.8
67.227500	502.3
67.231250	551.7
67.235000	558.6
67.238750	507.2
67.242500	551.7
67.246250	568.1
67.250000	572.5
67.253750	577.3
67.257500	532.9
67.261250	529.0
67.265000	611.2
67.268750	574.3
67.272500	522.6
67.276250	507.7
67.280000	557.9
67.283750	558.4
67.287500	575.9
67.291250	575.1
67.295000	536.0
67.298750	555.1
67.302500	578.6
67.306250	558.6
67.310000	561.1
67.313750	544.8
67.317500	582.0
67.321250	549.5
67.325000	555.4
67.328750	542.8
67.332500	534.2
67.336250	530.3
67.340000	562.8
67.343750	586.0
67.347500	564.8
67.351250	592.0
67.355000	571.0
67.358750	546.5
67.362500	563.5
67.366250	558.2
67.370000	598.9
67.373750	613.8
67.377500	593.3
67.381250	586.2
67.385000	549.0
67.388750	570.1
67.392500	570.9
67.396250	560.7
67.400000	581.3
67.403750	602.0
67.407500	568.0
67.411250	562.1
67.415000	547.5
67.418750	539.5
67.422500	553.4
67.426250	560.7
67.430000	589.1
67.433750	551.9
67.437500	582.0
67.441250	590.0
67.445000	602.0
67.448750	549.0
67.452500	590.2
67.456250	586.0
67.460000	560.7
67.463750	567.4
67.467500	554.8
67.471250	592.5
67.475000	586.3
67.478750	562.9
67.482500	552.3
67.486250	553.9
67.490000	523.1
67.493750	560.8
67.497500	530.1
67.501250	540.1
67.505000	577.1
67.508750	549.9
67.512500	537.3
67.516250	574.9
67.520000	577.0
67.523750	561.9
67.527500	578.8
67.531250	578.9
67.535000	546.1
67.538750	535.6
67.542500	551.6
67.546250	545.8
67.550000	615.5
67.553750	625.4
67.557500	554.4
67.561250	587.7
67.565000	596.2
67.568750	585.2
67.572500	540.2
67.576250	633.8
67.580000	602.9
67.583750	539.8
67.587500	591.7
67.591250	610.0
67.595000	617.0
67.598750	597.0
67.602500	557.8
67.606250	583.0
67.610000	604.7
67.613750	629.7
67.617500	592.4
67.621250	564.2
67.625000	569.3
67.628750	599.8
67.632500	592.7
67.636250	593.4
67.640000	648.9
67.643750	638.1
67.647500	597.3
67.651250	583.9
67.655000	595.9
67.658750	589.0
67.662500	615.6
67.666250	602.9
67.670000	595.5
67.673750	588.3
67.677500	630.4
67.681250	607.2
67.685000	621.6
67.688750	586.4
67.692500	586.1
67.696250	614.0
67.700000	591.1
67.703750	548.2
67.707500	549.9
67.711250	588.3
67.715000	574.0
67.718750	568.9
67.722500	554.6
67.726250	558.9
67.730000	608.0
67.733750	543.3
67.737500	526.3
67.741250	572.5
67.745000	602.1
67.748750	574.8
67.752500	560.8
67.756250	565.6
67.760000	547.0
67.763750	567.7
67.767500	561.7
67.771250	586.0
67.775000	582.2
67.778750	570.9
67.782500	612.1
67.786250	577.4
67.790000	531.4
67.793750	570.2
67.797500	553.6
67.801250	560.2
67.805000	574.9
67.808750	589.3
67.812500	575.7
67.816250	586.6
67.820000	582.8
67.823750	595.1
67.827500	570.5
67.831250	561.5
67.835000	576.9
67.838750	595.7
67.842500	553.5
67.846250	547.4
67.850000	597.0
67.853750	627.1
67.857500	598.4
67.861250	613.6
67.865000	585.3
67.868750	602.6
67.872500	571.8
67.876250	581.4
67.880000	612.4
67.883750	585.4
67.887500	569.4
67.891250	631.0
67.895000	585.5
67.898750	551.3
67.902500	575.4
67.906250	608.3
67.910000	595.2
67.913750	544.2
67.917500	593.8
67.921250	547.5
67.925000	552.2
67.928750	549.3
67.932500	547.1
67.936250	586.1
67.940000	551.4
67.943750	574.1
67.947500	582.9
67.951250	592.8
67.955000	577.5
67.958750	564.2
67.962500	557.4
67.966250	571.9
67.970000	564.3
67.973750	590.0
67.977500	554.8
67.981250	541.9
67.985000	563.8
67.988750	570.1
67.992500	595.2
67.996250	538.4
68.000000	574.4
68.003750	580.9
68.007500	561.2
68.011250	537.3
68.015000	577.7
68.018750	546.0
68.022500	559.5
68.026250	588.2
68.030000	589.0
68.033750	554.2
68.037500	555.6
68.041250	554.8
68.045000	555.8
68.048750	534.2
68.052500	512.0
68.056250	566.9
68.060000	588.8
68.063750	564.5
68.067500	543.0
68.071250	531.1
68.075000	534.7
68.078750	543.0
68.082500	580.0
68.086250	572.3
68.090000	549.0
68.093750	604.7
68.097500	591.9
68.101250	550.3
68.105000	576.4
68.108750	584.2
68.112500	565.5
68.116250	591.9
68.120000	562.7
68.123750	550.9
68.127500	549.8
68.131250	613.1
68.135000	575.4
68.138750	597.4
68.142500	569.5
68.146250	626.3
68.150000	605.1
68.153750	545.0
68.157500	623.1
68.161250	618.2
68.165000	640.4
68.168750	657.7
68.172500	723.8
68.176250	687.3
68.180000	683.0
68.183750	733.4
68.187500	728.8
68.191250	720.1
68.195000	745.2
68.198750	776.5
68.202500	791.0
68.206250	736.9
68.210000	746.7
68.213750	788.4
68.217500	754.7
68.221250	749.4
68.225000	764.9
68.228750	717.0
68.232500	681.4
68.236250	736.4
68.240000	717.9
68.243750	650.7
68.247500	662.8
68.251250	632.9
68.255000	630.2
68.258750	619.7
68.262500	592.6
68.266250	603.9
68.270000	622.6
68.273750	600.9
68.277500	596.7
68.281250	619.7
68.285000	593.8
68.288750	621.1
68.292500	603.0
68.296250	566.3
68.300000	565.7
68.303750	583.9
68.307500	549.5
68.311250	605.1
68.315000	548.6
68.318750	542.3
68.322500	578.5
68.326250	604.5
68.330000	593.3
68.333750	587.9
68.337500	581.8
68.341250	531.2
68.345000	572.7
68.348750	549.0
68.352500	540.6
68.356250	534.1
68.360000	556.1
68.363750	583.6
68.367500	546.9
68.371250	598.1
68.375000	544.5
68.378750	559.6
68.382500	572.2
68.386250	556.8
68.390000	581.5
68.393750	566.5
68.397500	547.2
68.401250	558.0
68.405000	548.8
68.408750	573.2
68.412500	545.8
68.416250	546.6
68.420000	554.9
68.423750	549.5
68.427500	554.8
68.431250	568.2
68.435000	546.0
68.438750	582.5
68.442500	565.6
68.446250	520.0
68.450000	530.6
68.453750	546.5
68.457500	521.2
68.461250	540.1
68.465000	566.2
68.468750	516.6
68.472500	579.3
68.476250	527.2
68.480000	584.2
68.483750	594.3
68.487500	536.0
68.491250	545.1
68.495000	560.3
68.498750	551.3
68.502500	553.2
68.506250	559.0
68.510000	544.4
68.513750	564.9
68.517500	539.8
68.521250	546.5
68.525000	556.6
68.528750	585.6
68.532500	563.3
68.536250	511.3
68.540000	566.6
68.543750	522.6
68.547500	558.9
68.551250	542.6
68.555000	570.4
68.558750	558.5
68.562500	533.0
68.566250	537.9
68.570000	517.2
68.573750	547.4
68.577500	556.4
68.581250	559.4
68.585000	601.8
68.588750	547.7
68.592500	564.2
68.596250	584.7
68.600000	583.6
68.603750	554.0
68.607500	584.2
68.611250	551.4
68.615000	557.2
68.618750	600.1
68.622500	572.8
68.626250	587.5
68.630000	566.0
68.633750	566.2
68.637500	585.4
68.641250	573.0
68.645000	592.7
68.648750	530.6
68.652500	579.1
68.656250	604.0
68.660000	575.1
68.663750	557.2
68.667500	543.2
68.671250	543.4
68.675000	535.2
68.678750	579.4
68.682500	555.8
68.686250	574.8
68.690000	591.2
68.693750	542.0
68.697500	568.1
68.701250	558.8
68.705000	542.4
68.708750	583.2
68.712500	598.4
68.716250	556.0
68.720000	584.0
68.723750	575.7
68.727500	591.9
68.731250	573.2
68.735000	554.8
68.738750	560.1
68.742500	527.0
68.746250	523.9
68.750000	544.5
68.753750	558.6
68.757500	561.7
68.761250	553.5
68.765000	554.6
68.768750	542.5
68.772500	549.3
68.776250	571.6
68.780000	554.9
68.783750	559.0
68.787500	583.7
68.791250	577.5
68.795000	561.1
68.798750	556.7
68.802500	521.4
68.806250	515.5
68.810000	572.6
68.813750	583.3
68.817500	556.2
68.821250	524.2
68.825000	559.8
68.828750	538.3
68.832500	517.0
68.836250	544.9
68.840000	535.2
68.843750	607.7
68.847500	561.4
68.851250	555.8
68.855000	582.1
68.858750	575.3
68.862500	570.7
68.866250	559.0
68.870000	548.1
68.873750	559.4
68.877500	569.7
68.881250	556.4
68.885000	543.8
68.888750	521.2
68.892500	566.4
68.896250	583.7
68.900000	556.4
68.903750	557.2
68.907500	569.4
68.911250	496.0
68.915000	501.4
68.918750	556.3
68.922500	523.3
68.926250	550.9
68.930000	543.6
68.933750	515.3
68.937500	554.2
68.941250	528.4
68.945000	518.2
68.948750	552.0
68.952500	525.5
68.956250	557.5
68.960000	533.9
68.963750	571.8
68.967500	537.0
68.971250	525.6
68.975000	555.5
68.978750	522.1
68.982500	520.0
68.986250	522.4
68.990000	540.0
68.993750	570.1
68.997500	548.2
69.001250	538.9
69.005000	529.0
69.008750	556.0
69.012500	534.5
69.016250	527.7
69.020000	534.1
69.023750	552.9
69.027500	551.8
69.031250	540.2
69.035000	569.0
69.038750	565.1
69.042500	568.9
69.046250	540.7
69.050000	533.7
69.053750	569.5
69.057500	499.6
69.061250	518.1
69.065000	571.3
69.068750	581.3
69.072500	595.4
69.076250	555.1
69.080000	527.9
69.083750	534.9
69.087500	524.3
69.091250	530.8
69.095000	520.9
69.098750	559.0
69.102500	547.8
69.106250	552.5
69.110000	533.8
69.113750	555.1
69.117500	592.4
69.121250	543.3
69.125000	523.6
69.128750	547.6
69.132500	541.2
69.136250	540.3
69.140000	551.1
69.143750	529.2
69.147500	561.2
69.151250	550.3
69.155000	526.4
69.158750	572.9
69.162500	540.1
69.166250	547.6
69.170000	564.5
69.173750	561.4
69.177500	537.9
69.181250	537.7
69.185000	533.7
69.188750	549.0
69.192500	552.4
69.196250	550.7
69.200000	571.7
69.203750	543.4
69.207500	534.3
69.211250	560.4
69.215000	525.2
69.218750	529.7
69.222500	557.4
69.226250	558.2
69.230000	558.3
69.233750	580.3
69.237500	607.9
69.241250	551.2
69.245000	529.1
69.248750	487.8
69.252500	532.1
69.256250	544.9
69.260000	555.2
69.263750	571.4
69.267500	573.6
69.271250	575.6
69.275000	529.5
69.278750	512.6
69.282500	509.1
69.286250	589.8
69.290000	575.3
69.293750	534.9
69.297500	565.0
69.301250	544.5
69.305000	562.9
69.308750	561.7
69.312500	552.3
69.316250	530.2
69.320000	560.0
69.323750	575.3
69.327500	554.1
69.331250	503.1
69.335000	506.2
69.338750	568.1
69.342500	529.4
69.346250	564.4
69.350000	547.2
69.353750	523.7
69.357500	536.2
69.361250	560.3
69.365000	581.9
69.368750	588.7
69.372500	574.4
69.376250	556.2
69.380000	561.8
69.383750	555.1
69.387500	538.5
69.391250	524.8
69.395000	513.5
69.398750	555.2
69.402500	545.2
69.406250	594.5
69.410000	542.7
69.413750	562.5
69.417500	565.9
69.421250	543.0
69.425000	560.7
69.428750	557.6
69.432500	539.5
69.436250	563.2
69.440000	556.7
69.443750	534.0
69.447500	581.8
69.451250	550.9
69.455000	545.6
69.458750	551.8
69.462500	522.0
69.466250	564.9
69.470000	512.1
69.473750	519.1
69.477500	550.3
69.481250	547.8
69.485000	554.6
69.488750	532.8
69.492500	602.0
69.496250	553.5
69.500000	543.7
69.503750	509.4
69.507500	526.9
69.511250	563.7
69.515000	567.0
69.518750	527.9
69.522500	494.3
69.526250	538.4
69.530000	541.2
69.533750	590.3
69.537500	556.8
69.541250	561.6
69.545000	551.9
69.548750	533.7
69.552500	571.9
69.556250	577.7
69.560000	540.5
69.563750	537.3
69.567500	562.4
69.571250	534.8
69.575000	560.5
69.578750	551.3
69.582500	505.4
69.586250	554.2
69.590000	568.7
69.593750	528.8
69.597500	536.9
69.601250	536.6
69.605000	559.4
69.608750	552.5
69.612500	557.8
69.616250	490.1
69.620000	519.3
69.623750	545.2
69.627500	507.9
69.631250	538.4
69.635000	550.4
69.638750	568.6
69.642500	553.9
69.646250	542.4
69.650000	502.5
69.653750	547.5
69.657500	540.3
69.661250	519.9
69.665000	543.5
69.668750	529.2
69.672500	496.0
69.676250	517.2
69.680000	532.0
69.683750	554.8
69.687500	565.3
69.691250	588.5
69.695000	577.6
69.698750	532.9
69.702500	516.3
69.706250	575.3
69.710000	516.5
69.713750	532.9
69.717500	527.3
69.721250	536.8
69.725000	530.6
69.728750	573.1
69.732500	560.9
69.736250	518.5
69.740000	541.5
69.743750	502.7
69.747500	541.3
69.751250	560.6
69.755000	542.0
69.758750	508.5
69.762500	534.8
69.766250	543.0
69.770000	564.4
69.773750	581.8
69.777500	542.0
69.781250	555.8
69.785000	542.9
69.788750	523.9
69.792500	515.7
69.796250	515.5
69.800000	578.2
69.803750	529.8
69.807500	537.0
69.811250	564.9
69.815000	540.1
69.818750	571.1
69.822500	535.4
69.826250	563.9
69.830000	467.1
69.833750	535.6
69.837500	527.3
69.841250	528.0
69.845000	559.9
69.848750	523.9
69.852500	518.9
69.856250	524.6
69.860000	514.5
69.863750	527.9
69.867500	557.3
69.871250	531.8
69.875000	520.2
69.878750	500.0
69.882500	497.3
69.886250	569.2
69.890000	529.8
69.893750	514.4
69.897500	537.7
69.901250	540.9
69.905000	585.8
69.908750	584.8
69.912500	524.4
69.916250	499.6
69.920000	535.6
69.923750	520.5
69.927500	560.5
69.931250	553.2
69.935000	520.5
69.938750	566.3
69.942500	554.8
69.946250	537.1
69.950000	566.8
69.953750	570.1
69.957500	539.1
69.961250	518.1
69.965000	538.8
69.968750	551.7
69.972500	536.8
69.976250	515.0
69.980000	541.5
69.983750	562.6
69.987500	545.0
69.991250	544.3
69.995000	552.6
69.998750	552.7
70.002500	506.9
70.006250	531.7
70.010000	510.8
70.013750	556.9
70.017500	540.5
70.021250	561.3
70.025000	534.8
70.028750	482.1
70.032500	511.7
70.036250	557.1
70.040000	524.2
70.043750	569.4
70.047500	532.2
70.051250	530.7
70.055000	560.1
70.058750	569.4
70.062500	504.1
70.066250	502.3
70.070000	549.7
70.073750	543.5
70.077500	496.9
70.081250	537.2
70.085000	549.0
70.088750	562.2
70.092500	536.3
70.096250	521.0
70.100000	561.6
70.103750	553.3
70.107500	484.4
70.111250	485.0
70.115000	532.6
70.118750	527.6
70.122500	519.4
70.126250	528.5
70.130000	572.2
70.133750	594.7
70.137500	510.8
70.141250	539.6
70.145000	560.1
70.148750	550.3
70.152500	515.0
70.156250	565.8
70.160000	538.0
70.163750	534.2
70.167500	542.7
70.171250	570.9
70.175000	509.8
70.178750	541.3
70.182500	579.9
70.186250	531.8
70.190000	540.3
70.193750	514.6
70.197500	549.1
70.201250	533.6
70.205000	562.0
70.208750	568.5
70.212500	545.8
70.216250	549.4
70.220000	570.5
70.223750	561.9
70.227500	529.0
70.231250	526.8
70.235000	557.7
70.238750	594.3
70.242500	543.6
70.246250	512.9
70.250000	556.1
70.253750	555.7
70.257500	524.5
70.261250	595.1
70.265000	519.1
70.268750	541.5
70.272500	538.0
70.276250	524.9
70.280000	533.8
70.283750	524.1
70.287500	552.2
70.291250	528.0
70.295000	540.9
70.298750	547.8
70.302500	542.0
70.306250	537.8
70.310000	556.8
70.313750	563.1
70.317500	585.9
70.321250	572.2
70.325000	528.5
70.328750	552.5
70.332500	522.2
70.336250	519.1
70.340000	577.5
70.343750	569.2
70.347500	533.3
70.351250	573.8
70.355000	559.4
70.358750	521.5
70.362500	564.1
70.366250	555.1
70.370000	573.5
70.373750	560.8
70.377500	578.7
70.381250	541.6
70.385000	545.0
70.388750	543.9
70.392500	541.4
70.396250	526.2
70.400000	556.0
70.403750	592.3
70.407500	544.6
70.411250	534.5
70.415000	558.5
70.418750	534.2
70.422500	510.3
70.426250	567.1
70.430000	515.7
70.433750	551.1
70.437500	563.1
70.441250	582.9
70.445000	525.3
70.448750	537.2
70.452500	557.9
70.456250	561.0
70.460000	567.7
70.463750	532.6
70.467500	562.2
70.471250	584.7
70.475000	512.6
70.478750	551.2
70.482500	590.8
70.486250	539.1
70.490000	548.6
70.493750	539.8
70.497500	546.1
70.501250	515.2
70.505000	545.2
70.508750	581.3
70.512500	556.9
70.516250	518.9
70.520000	522.7
70.523750	547.0
70.527500	544.9
70.531250	534.3
70.535000	566.4
70.538750	573.9
70.542500	562.8
70.546250	578.7
70.550000	566.4
70.553750	551.6
70.557500	541.7
70.561250	560.3
70.565000	588.0
70.568750	568.9
70.572500	522.1
70.576250	520.4
70.580000	593.2
70.583750	550.1
70.587500	539.4
70.591250	509.6
70.595000	566.4
70.598750	637.3
70.602500	549.5
70.606250	555.0
70.610000	548.8
70.613750	554.2
70.617500	554.3
70.621250	594.8
70.625000	563.2
70.628750	517.6
70.632500	566.9
70.636250	531.4
70.640000	528.3
70.643750	585.0
70.647500	560.2
70.651250	539.8
70.655000	530.1
70.658750	554.9
70.662500	543.2
70.666250	524.1
70.670000	545.4
70.673750	532.7
70.677500	525.6
70.681250	477.5
70.685000	557.5
70.688750	543.4
70.692500	564.9
70.696250	612.7
70.700000	560.1
70.703750	561.4
70.707500	565.6
70.711250	581.8
70.715000	592.1
70.718750	569.1
70.722500	557.6
70.726250	519.6
70.730000	558.1
70.733750	546.8
70.737500	553.0
70.741250	547.5
70.745000	537.7
70.748750	576.1
70.752500	549.0
70.756250	531.4
70.760000	535.6
70.763750	513.9
70.767500	535.1
70.771250	541.9
70.775000	520.6
70.778750	523.8
70.782500	549.4
70.786250	543.3
70.790000	583.8
70.793750	530.5
70.797500	516.7
70.801250	540.0
70.805000	563.1
70.808750	528.1
70.812500	558.2
70.816250	544.8
70.820000	528.9
70.823750	551.5
70.827500	560.3
70.831250	554.6
70.835000	547.8
70.838750	555.8
70.842500	531.2
70.846250	528.2
70.850000	542.9
70.853750	507.6
70.857500	554.2
70.861250	562.7
70.865000	548.6
70.868750	554.8
70.872500	540.9
70.876250	544.1
70.880000	483.3
70.883750	526.3
70.887500	551.2
70.891250	575.3
70.895000	609.7
70.898750	569.7
70.902500	513.0
70.906250	517.0
70.910000	527.8
70.913750	578.2
70.917500	551.6
70.921250	547.6
70.925000	573.8
70.928750	565.3
70.932500	556.2
70.936250	586.1
70.940000	575.6
70.943750	522.5
70.947500	578.2
70.951250	544.9
70.955000	561.3
70.958750	579.3
70.962500	581.0
70.966250	604.7
70.970000	552.5
70.973750	588.1
70.977500	631.0
70.981250	542.6
70.985000	575.1
70.988750	541.3
70.992500	552.5
70.996250	632.0
71.000000	576.8
71.003750	568.4
71.007500	554.3
71.011250	600.0
71.015000	576.0
71.018750	552.8
71.022500	592.6
71.026250	519.1
71.030000	549.7
71.033750	600.5
71.037500	561.0
71.041250	560.8
71.045000	548.5
71.048750	628.0
71.052500	595.8
71.056250	493.8
71.060000	535.3
71.063750	541.8
71.067500	561.1
71.071250	579.8
71.075000	554.1
71.078750	589.0
71.082500	585.7
71.086250	516.9
71.090000	530.3
71.093750	512.3
71.097500	571.8
71.101250	581.9
71.105000	530.4
71.108750	545.1
71.112500	565.7
71.116250	588.7
71.120000	571.7
71.123750	570.7
71.127500	536.0
71.131250	543.0
71.135000	576.3
71.138750	604.1
71.142500	591.4
71.146250	546.4
71.150000	596.0
71.153750	577.3
71.157500	565.4
71.161250	524.0
71.165000	521.2
71.168750	636.9
71.172500	664.0
71.176250	620.4
71.180000	605.7
71.183750	629.1
71.187500	612.2
71.191250	630.4
71.195000	620.4
71.198750	600.2
71.202500	616.5
71.206250	559.7
71.210000	574.6
71.213750	637.1
71.217500	617.4
71.221250	615.7
71.225000	596.3
71.228750	562.5
71.232500	567.1
71.236250	592.8
71.240000	580.4
71.243750	565.1
71.247500	567.6
71.251250	581.6
71.255000	594.8
71.258750	578.7
71.262500	564.5
71.266250	596.4
71.270000	624.8
71.273750	575.3
71.277500	582.1
71.281250	541.3
71.285000	577.6
71.288750	618.8
71.292500	553.2
71.296250	594.3
71.300000	581.2
71.303750	549.4
71.307500	606.0
71.311250	595.9
71.315000	596.6
71.318750	591.0
71.322500	520.8
71.326250	555.8
71.330000	587.0
71.333750	600.0
71.337500	586.3
71.341250	554.3
71.345000	582.1
71.348750	594.7
71.352500	588.5
71.356250	594.7
71.360000	569.1
71.363750	508.3
71.367500	566.9
71.371250	507.6
71.375000	563.2
71.378750	543.2
71.382500	529.4
71.386250	568.1
71.390000	566.7
71.393750	533.6
71.397500	585.2
71.401250	534.8
71.405000	560.6
71.408750	545.9
71.412500	550.1
71.416250	520.9
71.420000	524.0
71.423750	548.2
71.427500	529.3
71.431250	530.3
71.435000	537.7
71.438750	574.0
71.442500	557.2
71.446250	540.9
71.450000	547.5
71.453750	554.4
71.457500	559.9
71.461250	509.3
71.465000	543.2
71.468750	497.5
71.472500	537.0
71.476250	516.1
71.480000	559.6
71.483750	521.6
71.487500	523.7
71.491250	538.1
71.495000	554.2
71.498750	528.4
71.502500	512.5
71.506250	535.3
71.510000	596.6
71.513750	571.8
71.517500	522.8
71.521250	531.4
71.525000	526.5
71.528750	507.1
71.532500	545.9
71.536250	528.8
71.540000	538.1
71.543750	491.3
71.547500	536.7
71.551250	538.5
71.555000	595.1
71.558750	556.4
71.562500	533.6
71.566250	543.9
71.570000	587.6
71.573750	542.8
71.577500	543.3
71.581250	511.4
71.585000	541.5
71.588750	563.6
71.592500	558.3
71.596250	574.3
71.600000	478.6
71.603750	547.7
71.607500	540.5
71.611250	549.3
71.615000	547.1
71.618750	544.9
71.622500	550.0
71.626250	506.6
71.630000	531.2
71.633750	544.1
71.637500	528.2
71.641250	529.3
71.645000	538.4
71.648750	551.4
71.652500	572.0
71.656250	546.4
71.660000	572.6
71.663750	574.5
71.667500	548.6
71.671250	553.9
71.675000	566.5
71.678750	573.8
71.682500	519.4
71.686250	585.0
71.690000	568.9
71.693750	537.5
71.697500	544.2
71.701250	519.0
71.705000	528.2
71.708750	542.9
71.712500	481.5
71.716250	561.7
71.720000	544.8
71.723750	540.9
71.727500	540.0
71.731250	527.3
71.735000	553.3
71.738750	513.5
71.742500	488.4
71.746250	529.6
71.750000	519.7
71.753750	548.0
71.757500	558.1
71.761250	500.1
71.765000	563.8
71.768750	566.3
71.772500	538.5
71.776250	551.8
71.780000	596.7
71.783750	522.0
71.787500	524.3
71.791250	576.9
71.795000	563.2
71.798750	549.2
71.802500	534.3
71.806250	570.5
71.810000	563.2
71.813750	535.9
71.817500	540.9
71.821250	554.5
71.825000	550.2
71.828750	569.8
71.832500	567.2
71.836250	576.9
71.840000	568.3
71.843750	565.8
71.847500	558.1
71.851250	555.2
71.855000	513.1
71.858750	573.0
71.862500	564.3
71.866250	627.2
71.870000	530.5
71.873750	577.3
71.877500	552.0
71.881250	534.9
71.885000	596.9
71.888750	545.7
71.892500	558.1
71.896250	594.4
71.900000	541.4
71.903750	574.5
71.907500	617.1
71.911250	595.2
71.915000	568.1
71.918750	547.2
71.922500	526.8
71.926250	600.2
71.930000	591.8
71.933750	568.1
71.937500	569.2
71.941250	551.6
71.945000	576.7
71.948750	523.9
71.952500	569.1
71.956250	574.0
71.960000	573.2
71.963750	549.7
71.967500	561.9
71.971250	537.3
71.975000	576.2
71.978750	560.7
71.982500	575.5
71.986250	584.8
71.990000	581.1
71.993750	557.2
71.997500	558.9
72.001250	565.7
72.005000	548.0
72.008750	576.6
72.012500	542.9
72.016250	610.0
72.020000	571.1
72.023750	550.6
72.027500	536.0
72.031250	528.8
72.035000	555.1
72.038750	536.8
72.042500	561.5
72.046250	566.4
72.050000	579.0
72.053750	586.1
72.057500	558.3
72.061250	576.8
72.065000	596.0
72.068750	573.2
72.072500	549.4
72.076250	569.2
72.080000	530.9
72.083750	551.5
72.087500	582.5
72.091250	542.2
72.095000	563.3
72.098750	546.1
72.102500	541.7
72.106250	577.0
72.110000	577.6
72.113750	571.4
72.117500	573.4
72.121250	559.9
72.125000	553.0
72.128750	538.9
72.132500	532.5
72.136250	577.6
72.140000	557.2
72.143750	547.6
72.147500	559.0
72.151250	565.5
72.155000	559.3
72.158750	536.0
72.162500	544.1
72.166250	607.0
72.170000	618.3
72.173750	575.0
72.177500	591.9
72.181250	518.1
72.185000	521.5
72.188750	559.4
72.192500	569.4
72.196250	593.5
72.200000	563.5
72.203750	540.4
72.207500	552.7
72.211250	525.6
72.215000	538.3
72.218750	567.7
72.222500	540.4
72.226250	537.6
72.230000	558.7
72.233750	562.1
72.237500	546.3
72.241250	532.3
72.245000	503.9
72.248750	520.5
72.252500	533.7
72.256250	517.9
72.260000	545.9
72.263750	523.9
72.267500	546.3
72.271250	528.1
72.275000	542.6
72.278750	508.0
72.282500	527.1
72.286250	526.7
72.290000	547.9
72.293750	553.2
72.297500	558.0
72.301250	527.7
72.305000	531.9
72.308750	549.5
72.312500	528.4
72.316250	558.6
72.320000	547.1
72.323750	558.0
72.327500	550.0
72.331250	511.7
72.335000	524.4
72.338750	517.2
72.342500	517.7
72.346250	532.6
72.350000	546.0
72.353750	580.0
72.357500	504.4
72.361250	527.8
72.365000	522.5
72.368750	540.3
72.372500	533.7
72.376250	571.2
72.380000	550.7
72.383750	515.1
72.387500	549.0
72.391250	557.9
72.395000	518.8
72.398750	549.9
72.402500	540.5
72.406250	550.9
72.410000	534.0
72.413750	539.7
72.417500	558.4
72.421250	531.3
72.425000	526.7
72.428750	512.8
72.432500	532.1
72.436250	570.4
72.440000	580.2
72.443750	539.7
72.447500	539.6
72.451250	543.0
72.455000	546.1
72.458750	513.7
72.462500	549.5
72.466250	559.4
72.470000	526.0
72.473750	553.4
72.477500	548.8
72.481250	547.2
72.485000	540.9
72.488750	553.8
72.492500	563.6
72.496250	556.2
72.500000	542.7
72.503750	504.1
72.507500	522.3
72.511250	516.1
72.515000	530.6
72.518750	562.2
72.522500	558.7
72.526250	566.0
72.530000	576.3
72.533750	545.2
72.537500	524.7
72.541250	519.6
72.545000	561.9
72.548750	524.0
72.552500	553.3
72.556250	527.4
72.560000	566.2
72.563750	554.1
72.567500	516.8
72.571250	536.2
72.575000	524.7
72.578750	564.0
72.582500	562.4
72.586250	553.2
72.590000	574.9
72.593750	559.2
72.597500	569.7
72.601250	575.2
72.605000	531.9
72.608750	554.0
72.612500	563.3
72.616250	576.5
72.620000	584.6
72.623750	584.5
72.627500	534.0
72.631250	524.6
72.635000	540.9
72.638750	562.4
72.642500	565.3
72.646250	504.3
72.650000	550.7
72.653750	551.9
72.657500	551.8
72.661250	569.8
72.665000	570.1
72.668750	536.4
72.672500	576.9
72.676250	588.2
72.680000	555.3
72.683750	540.9
72.687500	526.4
72.691250	585.8
72.695000	567.8
72.698750	551.6
72.702500	571.5
72.706250	569.0
72.710000	564.6
72.713750	569.9
72.717500	542.6
72.721250	545.9
72.725000	538.6
72.728750	568.4
72.732500	537.9
72.736250	548.3
72.740000	537.1
72.743750	553.3
72.747500	552.6
72.751250	555.1
72.755000	565.1
72.758750	579.0
72.762500	531.3
72.766250	536.0
72.770000	540.3
72.773750	538.9
72.777500	578.2
72.781250	577.9
72.785000	552.1
72.788750	543.7
72.792500	580.2
72.796250	572.2
72.800000	571.0
72.803750	511.2
72.807500	557.6
72.811250	556.7
72.815000	531.5
72.818750	564.7
72.822500	557.5
72.826250	540.6
72.830000	567.3
72.833750	545.3
72.837500	534.8
72.841250	573.5
72.845000	551.4
72.848750	544.3
72.852500	529.0
72.856250	545.4
72.860000	556.9
72.863750	567.1
72.867500	550.3
72.871250	528.4
72.875000	539.1
72.878750	529.3
72.882500	553.4
72.886250	554.9
72.890000	512.7
72.893750	573.1
72.897500	552.7
72.901250	581.2
72.905000	552.9
72.908750	545.7
72.912500	569.3
72.916250	549.3
72.920000	559.4
72.923750	541.2
72.927500	524.9
72.931250	535.9
72.935000	552.3
72.938750	539.9
72.942500	605.4
72.946250	573.1
72.950000	595.0
72.953750	535.3
72.957500	538.2
72.961250	553.0
72.965000	572.7
72.968750	552.7
72.972500	540.8
72.976250	571.4
72.980000	583.5
72.983750	519.5
72.987500	545.3
72.991250	563.4
72.995000	554.1
72.998750	558.1
73.002500	557.8
73.006250	594.9
73.010000	562.5
73.013750	530.3
73.017500	570.4
73.021250	568.6
73.025000	554.4
73.028750	546.7
73.032500	570.3
73.036250	561.3
73.040000	557.6
73.043750	550.1
73.047500	535.7
73.051250	564.6
73.055000	569.8
73.058750	579.0
73.062500	560.8
73.066250	594.7
73.070000	553.6
73.073750	534.3
73.077500	562.3
73.081250	561.9
73.085000	519.1
73.088750	531.5
73.092500	547.3
73.096250	570.4
73.100000	559.0
73.103750	551.3
73.107500	571.0
73.111250	541.0
73.115000	554.6
73.118750	540.7
73.122500	585.9
73.126250	542.9
73.130000	539.1
73.133750	557.7
73.137500	549.1
73.141250	542.2
73.145000	544.1
73.148750	534.2
73.152500	574.4
73.156250	528.4
73.160000	528.6
73.163750	549.8
73.167500	548.0
73.171250	580.7
73.175000	554.0
73.178750	562.4
73.182500	517.4
73.186250	525.4
73.190000	569.8
73.193750	560.9
73.197500	525.4
73.201250	545.4
73.205000	533.1
73.208750	571.1
73.212500	575.6
73.216250	575.0
73.220000	562.3
73.223750	523.7
73.227500	516.1
73.231250	551.4
73.235000	563.4
73.238750	580.6
73.242500	547.6
73.246250	562.3
73.250000	563.2
73.253750	580.7
73.257500	559.8
73.261250	555.4
73.265000	589.5
73.268750	567.5
73.272500	593.5
73.276250	590.0
73.280000	521.7
73.283750	565.5
73.287500	548.3
73.291250	566.2
73.295000	601.3
73.298750	536.7
73.302500	618.1
73.306250	568.4
73.310000	591.7
73.313750	563.8
73.317500	587.9
73.321250	567.9
73.325000	568.0
73.328750	550.3
73.332500	573.3
73.336250	591.1
73.340000	564.1
73.343750	536.5
73.347500	551.8
73.351250	561.2
73.355000	560.4
73.358750	544.9
73.362500	569.8
73.366250	615.0
73.370000	545.7
73.373750	572.2
73.377500	587.6
73.381250	546.3
73.385000	612.7
73.388750	613.1
73.392500	527.7
73.396250	560.4
73.400000	540.3
73.403750	555.6
73.407500	594.1
73.411250	569.0
73.415000	518.3
73.418750	537.6
73.422500	581.3
73.426250	533.1
73.430000	594.8
73.433750	528.4
73.437500	597.0
73.441250	659.5
73.445000	540.0
73.448750	546.6
73.452500	582.4
73.456250	572.1
73.460000	580.5
73.463750	579.0
73.467500	577.3
73.471250	591.3
73.475000	575.5
73.478750	609.2
73.482500	568.0
73.486250	522.9
73.490000	613.9
73.493750	567.3
73.497500	595.3
73.501250	544.4
73.505000	561.9
73.508750	612.3
73.512500	583.1
73.516250	522.4
73.520000	547.3
73.523750	585.2
73.527500	561.4
73.531250	562.8
73.535000	549.7
73.538750	550.4
73.542500	613.6
73.546250	617.6
73.550000	576.7
73.553750	631.5
73.557500	570.0
73.561250	618.4
73.565000	594.1
73.568750	532.6
73.572500	559.9
73.576250	541.7
73.580000	550.6
73.583750	584.0
73.587500	603.1
73.591250	593.7
73.595000	549.1
73.598750	561.9
73.602500	571.9
73.606250	548.8
73.610000	562.6
73.613750	571.8
73.617500	579.0
73.621250	578.7
73.625000	528.6
73.628750	579.1
73.632500	608.8
73.636250	586.2
73.640000	599.2
73.643750	581.4
73.647500	578.7
73.651250	560.6
73.655000	554.7
73.658750	537.2
73.662500	593.9
73.666250	554.9
73.670000	540.8
73.673750	555.8
73.677500	533.0
73.681250	538.0
73.685000	553.4
73.688750	523.8
73.692500	555.6
73.696250	554.4
73.700000	583.6
73.703750	552.7
73.707500	561.3
73.711250	600.7
73.715000	570.0
73.718750	539.6
73.722500	551.8
73.726250	607.9
73.730000	546.3
73.733750	550.1
73.737500	557.9
73.741250	514.6
73.745000	540.3
73.748750	572.7
73.752500	598.2
73.756250	532.6
73.760000	540.6
73.763750	525.4
73.767500	526.7
73.771250	560.8
73.775000	554.7
73.778750	533.4
73.782500	514.6
73.786250	535.4
73.790000	548.3
73.793750	545.0
73.797500	530.4
73.801250	567.9
73.805000	539.5
73.808750	515.7
73.812500	526.4
73.816250	550.7
73.820000	545.8
73.823750	574.2
73.827500	559.0
73.831250	535.5
73.835000	539.5
73.838750	535.2
73.842500	554.0
73.846250	544.7
73.850000	551.7
73.853750	535.0
73.857500	551.1
73.861250	554.0
73.865000	516.8
73.868750	544.9
73.872500	552.2
73.876250	530.6
73.880000	561.0
73.883750	546.2
73.887500	509.2
73.891250	510.3
73.895000	531.4
73.898750	527.2
73.902500	525.7
73.906250	556.0
73.910000	572.7
73.913750	578.8
73.917500	545.4
73.921250	558.5
73.925000	528.7
73.928750	535.3
73.932500	575.3
73.936250	592.4
73.940000	557.5
73.943750	530.5
73.947500	508.9
73.951250	527.6
73.955000	535.3
73.958750	531.9
73.962500	558.7
73.966250	569.0
73.970000	594.8
73.973750	584.1
73.977500	556.1
73.981250	588.6
73.985000	577.9
73.988750	560.2
73.992500	594.9
73.996250	542.7
74.000000	518.9
74.003750	580.6
74.007500	561.5
74.011250	571.6
74.015000	599.0
74.018750	583.3
74.022500	546.2
74.026250	540.1
74.030000	589.9
74.033750	575.6
74.037500	609.7
74.041250	624.2
74.045000	612.0
74.048750	580.7
74.052500	595.9
74.056250	616.3
74.060000	570.7
74.063750	539.6
74.067500	561.0
74.071250	594.2
74.075000	593.6
74.078750	622.3
74.082500	579.2
74.086250	591.6
74.090000	583.7
74.093750	560.2
74.097500	571.2
74.101250	544.9
74.105000	551.5
74.108750	554.4
74.112500	565.9
74.116250	582.7
74.120000	577.4
74.123750	597.4
74.127500	601.2
74.131250	547.3
74.135000	546.3
74.138750	567.7
74.142500	567.7
74.146250	587.0
74.150000	590.8
74.153750	551.9
74.157500	519.6
74.161250	549.0
74.165000	553.3
74.168750	577.8
74.172500	580.6
74.176250	580.4
74.180000	560.1
74.183750	581.1
74.187500	532.5
74.191250	567.7
74.195000	549.4
74.198750	559.7
74.202500	559.3
74.206250	552.6
74.210000	553.1
74.213750	546.1
74.217500	537.3
74.221250	552.1
74.225000	540.0
74.228750	548.0
74.232500	556.9
74.236250	566.3
74.240000	581.8
74.243750	543.6
74.247500	548.4
74.251250	580.3
74.255000	547.0
74.258750	593.6
74.262500	571.2
74.266250	519.9
74.270000	556.2
74.273750	535.8
74.277500	538.9
74.281250	534.1
74.285000	571.0
74.288750	523.0
74.292500	568.5
74.296250	538.2
74.300000	537.0
74.303750	546.8
74.307500	560.8
74.311250	574.6
74.315000	523.1
74.318750	593.3
74.322500	573.8
74.326250	582.3
74.330000	564.8
74.333750	562.1
74.337500	559.5
74.341250	535.7
74.345000	539.2
74.348750	535.9
74.352500	537.3
74.356250	537.7
74.360000	584.8
74.363750	530.4
74.367500	563.9
74.371250	562.5
74.375000	543.7
74.378750	556.4
74.382500	565.8
74.386250	501.7
74.390000	604.1
74.393750	584.8
74.397500	598.4
74.401250	569.5
74.405000	574.6
74.408750	594.5
74.412500	552.6
74.416250	576.1
74.420000	570.6
74.423750	611.2
74.427500	618.0
74.431250	645.8
74.435000	567.9
74.438750	537.3
74.442500	525.8
74.446250	528.7
74.450000	609.1
74.453750	614.7
74.457500	569.4
74.461250	569.2
74.465000	549.6
74.468750	551.8
74.472500	576.0
74.476250	544.3
74.480000	528.6
74.483750	563.1
74.487500	565.4
74.491250	572.8
74.495000	573.8
74.498750	537.7
74.502500	542.3
74.506250	570.1
74.510000	559.3
74.513750	562.9
74.517500	540.5
74.521250	546.7
74.525000	560.6
74.528750	533.0
74.532500	538.9
74.536250	508.5
74.540000	511.2
74.543750	537.2
74.547500	568.5
74.551250	529.2
74.555000	538.6
74.558750	574.9
74.562500	530.1
74.566250	516.1
74.570000	510.9
74.573750	535.9
74.577500	552.3
74.581250	531.6
74.585000	532.7
74.588750	524.6
74.592500	577.0
74.596250	536.9
74.600000	540.2
74.603750	547.3
74.607500	548.7
74.611250	529.4
74.615000	545.0
74.618750	587.3
74.622500	539.1
74.626250	540.3
74.630000	518.5
74.633750	515.8
74.637500	545.7
74.641250	503.7
74.645000	523.4
74.648750	559.4
74.652500	514.2
74.656250	573.1
74.660000	575.4
74.663750	488.7
74.667500	519.4
74.671250	524.5
74.675000	554.9
74.678750	538.1
74.682500	534.9
74.686250	557.0
74.690000	529.4
74.693750	522.9
74.697500	594.7
74.701250	516.1
74.705000	541.1
74.708750	545.1
74.712500	541.6
74.716250	503.5
74.720000	546.7
74.723750	527.3
74.727500	564.1
74.731250	548.4
74.735000	539.8
74.738750	529.0
74.742500	558.8
74.746250	511.6
74.750000	495.7
74.753750	539.4
74.757500	507.5
74.761250	543.9
74.765000	528.9
74.768750	557.1
74.772500	548.4
74.776250	559.1
74.780000	564.3
74.783750	554.9
74.787500	550.1
74.791250	577.4
74.795000	571.8
74.798750	518.3
74.802500	525.7
74.806250	480.8
74.810000	494.7
74.813750	538.0
74.817500	548.2
74.821250	527.7
74.825000	543.5
74.828750	510.1
74.832500	551.0
74.836250	503.5
74.840000	563.3
74.843750	548.5
74.847500	521.8
74.851250	534.8
74.855000	557.4
74.858750	565.8
74.862500	544.2
74.866250	524.6
74.870000	535.2
74.873750	542.0
74.877500	564.7
74.881250	545.9
74.885000	580.2
74.888750	521.9
74.892500	560.0
74.896250	546.7
74.900000	552.3
74.903750	528.5
74.907500	537.2
74.911250	517.5
74.915000	569.2
74.918750	523.0
74.922500	545.7
74.926250	579.9
74.930000	530.0
74.933750	536.0
74.937500	504.3
74.941250	581.5
74.945000	571.3
74.948750	541.5
74.952500	549.9
74.956250	516.0
74.960000	526.3
74.963750	536.4
74.967500	562.2
74.971250	608.7
74.975000	537.2
74.978750	527.9
74.982500	537.4
74.986250	546.8
74.990000	536.5
74.993750	578.8
74.997500	584.4
75.001250	565.0
75.005000	545.6
75.008750	549.6
75.012500	569.4
75.016250	541.5
75.020000	540.1
75.023750	545.5
75.027500	590.6
75.031250	550.4
75.035000	530.6
75.038750	585.1
75.042500	562.4
75.046250	549.0
75.050000	541.1
75.053750	538.1
75.057500	582.3
75.061250	570.8
75.065000	568.7
75.068750	573.7
75.072500	602.3
75.076250	561.2
75.080000	548.6
75.083750	530.1
75.087500	574.8
75.091250	572.3
75.095000	545.4
75.098750	567.3
75.102500	575.7
75.106250	528.2
75.110000	517.8
75.113750	573.9
75.117500	554.4
75.121250	564.2
75.125000	529.6
75.128750	544.1
75.132500	540.1
75.136250	553.8
75.140000	578.5
75.143750	560.4
75.147500	554.1
75.151250	577.3
75.155000	558.8
75.158750	596.3
75.162500	598.5
75.166250	563.2
75.170000	557.9
75.173750	582.8
75.177500	548.5
75.181250	540.4
75.185000	563.2
75.188750	554.7
75.192500	545.4
75.196250	576.0
75.200000	592.0
75.203750	614.2
75.207500	576.0
75.211250	550.8
75.215000	565.6
75.218750	588.3
75.222500	596.7
75.226250	592.5
75.230000	615.8
75.233750	607.2
75.237500	599.9
75.241250	619.5
75.245000	630.8
75.248750	646.4
75.252500	630.2
75.256250	633.5
75.260000	679.7
75.263750	626.7
75.267500	642.8
75.271250	682.2
75.275000	693.6
75.278750	694.3
75.282500	676.9
75.286250	704.8
75.290000	795.4
75.293750	797.5
75.297500	812.5
75.301250	841.5
75.305000	844.2
75.308750	848.8
75.312500	832.5
75.316250	865.8
75.320000	898.5
75.323750	897.3
75.327500	902.2
75.331250	897.7
75.335000	886.2
75.338750	899.6
75.342500	855.3
75.346250	839.9
75.350000	795.0
75.353750	794.6
75.357500	742.9
75.361250	728.8
75.365000	721.6
75.368750	738.7
75.372500	694.7
75.376250	617.6
75.380000	640.0
75.383750	634.3
75.387500	646.7
75.391250	583.1
75.395000	610.5
75.398750	580.2
75.402500	568.4
75.406250	523.2
75.410000	555.6
75.413750	537.3
75.417500	554.9
75.421250	558.1
75.425000	559.0
75.428750	567.8
75.432500	536.0
75.436250	569.8
75.440000	603.9
75.443750	568.1
75.447500	566.1
75.451250	585.8
75.455000	530.8
75.458750	551.6
75.462500	557.0
75.466250	571.2
75.470000	546.7
75.473750	566.1
75.477500	587.6
75.481250	599.9
75.485000	566.3
75.488750	549.9
75.492500	505.3
75.496250	527.5
75.500000	576.0
75.503750	537.2
75.507500	542.3
75.511250	532.3
75.515000	518.2
75.518750	533.4
75.522500	572.3
75.526250	475.0
75.530000	483.0
75.533750	586.3
75.537500	522.4
75.541250	574.2
75.545000	597.3
75.548750	547.1
75.552500	537.7
75.556250	557.4
75.560000	540.1
75.563750	522.3
75.567500	509.6
75.571250	473.7
75.575000	489.3
75.578750	539.2
75.582500	528.1
75.586250	530.8
75.590000	539.3
75.593750	503.4
75.597500	509.0
75.601250	536.8
75.605000	571.2
75.608750	535.2
75.612500	499.7
75.616250	534.1
75.620000	529.3
75.623750	606.3
75.627500	532.9
75.631250	537.5
75.635000	546.5
75.638750	538.8
75.642500	509.9
75.646250	571.9
75.650000	500.4
75.653750	506.6
75.657500	499.2
75.661250	492.1
75.665000	591.7
75.668750	538.5
75.672500	503.0
75.676250	533.3
75.680000	498.4
75.683750	558.9
75.687500	560.0
75.691250	568.2
75.695000	525.5
75.698750	562.5
75.702500	525.5
75.706250	581.4
75.710000	563.7
75.713750	522.8
75.717500	572.6
75.721250	536.5
75.725000	557.9
75.728750	552.6
75.732500	559.1
75.736250	530.1
75.740000	545.9
75.743750	563.9
75.747500	529.8
75.751250	518.1
75.755000	519.9
75.758750	555.5
75.762500	514.8
75.766250	528.5
75.770000	495.2
75.773750	528.7
75.777500	538.7
75.781250	575.3
75.785000	544.5
75.788750	520.1
75.792500	542.5
75.796250	539.2
75.800000	544.9
75.803750	572.4
75.807500	551.6
75.811250	527.1
75.815000	588.6
75.818750	503.9
75.822500	529.2
75.826250	545.2
75.830000	544.1
75.833750	583.1
75.837500	547.1
75.841250	547.8
75.845000	562.0
75.848750	575.5
75.852500	541.8
75.856250	527.9
75.860000	570.7
75.863750	536.6
75.867500	573.5
75.871250	552.0
75.875000	544.8
75.878750	560.8
75.882500	562.8
75.886250	554.2
75.890000	559.7
75.893750	555.3
75.897500	546.3
75.901250	572.8
75.905000	587.1
75.908750	544.2
75.912500	555.4
75.916250	546.8
75.920000	566.1
75.923750	542.8
75.927500	564.4
75.931250	563.6
75.935000	549.9
75.938750	516.1
75.942500	573.4
75.946250	538.1
75.950000	513.1
75.953750	548.5
75.957500	542.8
75.961250	519.8
75.965000	511.5
75.968750	553.9
75.972500	538.5
75.976250	531.4
75.980000	529.3
75.983750	536.0
75.987500	496.1
75.991250	552.7
75.995000	529.6
75.998750	557.6
76.002500	558.9
76.006250	567.7
76.010000	516.4
76.013750	544.9
76.017500	528.7
76.021250	549.8
76.025000	524.9
76.028750	543.1
76.032500	494.2
76.036250	541.9
76.040000	561.2
76.043750	503.8
76.047500	518.5
76.051250	555.5
76.055000	569.7
76.058750	564.2
76.062500	557.0
76.066250	558.9
76.070000	486.8
76.073750	524.5
76.077500	545.3
76.081250	560.1
76.085000	597.3
76.088750	490.0
76.092500	478.6
76.096250	475.9
76.100000	563.3
76.103750	513.2
76.107500	562.0
76.111250	534.8
76.115000	560.1
76.118750	541.2
76.122500	551.5
76.126250	551.8
76.130000	531.0
76.133750	519.3
76.137500	497.4
76.141250	560.9
76.145000	507.1
76.148750	516.8
76.152500	541.1
76.156250	566.3
76.160000	541.6
76.163750	534.8
76.167500	501.1
76.171250	532.2
76.175000	526.3
76.178750	493.6
76.182500	553.2
76.186250	575.5
76.190000	531.9
76.193750	541.3
76.197500	554.1
76.201250	530.9
76.205000	483.0
76.208750	532.0
76.212500	551.4
76.216250	516.2
76.220000	517.9
76.223750	520.1
76.227500	564.4
76.231250	571.8
76.235000	569.7
76.238750	566.3
76.242500	529.7
76.246250	514.3
76.250000	503.2
76.253750	526.5
76.257500	532.7
76.261250	541.4
76.265000	581.3
76.268750	546.3
76.272500	515.3
76.276250	572.8
76.280000	518.2
76.283750	530.5
76.287500	555.5
76.291250	534.0
76.295000	485.2
76.298750	541.6
76.302500	551.0
76.306250	539.6
76.310000	558.3
76.313750	623.3
76.317500	547.1
76.321250	503.9
76.325000	534.8
76.328750	538.2
76.332500	527.0
76.336250	532.3
76.340000	541.4
76.343750	532.3
76.347500	568.8
76.351250	536.9
76.355000	572.7
76.358750	526.1
76.362500	553.2
76.366250	554.9
76.370000	511.2
76.373750	523.7
76.377500	495.7
76.381250	526.7
76.385000	529.4
76.388750	533.5
76.392500	520.8
76.396250	542.2
76.400000	518.3
76.403750	526.2
76.407500	536.1
76.411250	540.7
76.415000	547.4
76.418750	526.9
76.422500	523.8
76.426250	508.9
76.430000	482.2
76.433750	568.5
76.437500	523.2
76.441250	499.8
76.445000	520.0
76.448750	508.6
76.452500	573.3
76.456250	560.0
76.460000	529.5
76.463750	537.8
76.467500	518.5
76.471250	543.9
76.475000	526.7
76.478750	552.3
76.482500	526.6
76.486250	548.5
76.490000	552.3
76.493750	535.6
76.497500	530.2
76.501250	488.2
76.505000	527.0
76.508750	548.1
76.512500	534.3
76.516250	519.8
76.520000	550.5
76.523750	549.0
76.527500	534.3
76.531250	507.9
76.535000	487.0
76.538750	522.6
76.542500	549.0
76.546250	547.9
76.550000	569.5
76.553750	580.3
76.557500	538.2
76.561250	537.0
76.565000	554.5
76.568750	582.0
76.572500	545.6
76.576250	510.9
76.580000	542.9
76.583750	538.5
76.587500	501.0
76.591250	564.3
76.595000	542.7
76.598750	547.6
76.602500	532.3
76.606250	550.6
76.610000	544.2
76.613750	527.2
76.617500	523.9
76.621250	514.4
76.625000	526.7
76.628750	529.3
76.632500	535.9
76.636250	536.7
76.640000	499.4
76.643750	473.9
76.647500	503.1
76.651250	493.7
76.655000	507.0
76.658750	552.4
76.662500	585.1
76.666250	506.9
76.670000	532.0
76.673750	569.3
76.677500	565.3
76.681250	542.6
76.685000	535.3
76.688750	510.5
76.692500	504.2
76.696250	569.4
76.700000	550.6
76.703750	576.9
76.707500	575.7
76.711250	564.2
76.715000	566.3
76.718750	529.7
76.722500	540.9
76.726250	550.2
76.730000	585.1
76.733750	574.2
76.737500	554.3
76.741250	553.5
76.745000	565.1
76.748750	580.9
76.752500	555.6
76.756250	543.4
76.760000	568.0
76.763750	558.4
76.767500	555.4
76.771250	529.2
76.775000	528.0
76.778750	539.5
76.782500	562.0
76.786250	526.3
76.790000	544.3
76.793750	502.4
76.797500	507.6
76.801250	561.2
76.805000	535.5
76.808750	538.9
76.812500	531.7
76.816250	531.6
76.820000	500.6
76.823750	510.0
76.827500	525.2
76.831250	553.7
76.835000	535.2
76.838750	538.7
76.842500	538.0
76.846250	540.4
76.850000	529.1
76.853750	504.3
76.857500	521.4
76.861250	517.1
76.865000	524.9
76.868750	510.4
76.872500	526.4
76.876250	529.5
76.880000	550.3
76.883750	518.7
76.887500	525.0
76.891250	489.5
76.895000	510.8
76.898750	521.4
76.902500	539.5
76.906250	537.4
76.910000	552.7
76.913750	530.7
76.917500	543.7
76.921250	552.8
76.925000	546.4
76.928750	544.2
76.932500	575.3
76.936250	523.2
76.940000	539.5
76.943750	549.9
76.947500	542.6
76.951250	537.4
76.955000	537.9
76.958750	576.9
76.962500	515.4
76.966250	563.3
76.970000	530.9
76.973750	502.1
76.977500	544.9
76.981250	525.3
76.985000	543.9
76.988750	499.9
76.992500	526.7
76.996250	565.1
77.000000	556.0
77.003750	515.2
77.007500	517.4
77.011250	537.3
77.015000	511.4
77.018750	538.4
77.022500	467.4
77.026250	540.6
77.030000	523.6
77.033750	525.6
77.037500	566.1
77.041250	578.9
77.045000	534.4
77.048750	580.3
77.052500	541.0
77.056250	520.4
77.060000	529.2
77.063750	557.6
77.067500	533.2
77.071250	552.4
77.075000	537.4
77.078750	574.1
77.082500	524.8
77.086250	464.0
77.090000	524.5
77.093750	497.7
77.097500	518.3
77.101250	561.6
77.105000	539.0
77.108750	564.8
77.112500	564.1
77.116250	519.1
77.120000	578.7
77.123750	546.6
77.127500	556.6
77.131250	536.9
77.135000	575.3
77.138750	481.4
77.142500	512.2
77.146250	539.5
77.150000	547.3
77.153750	533.1
77.157500	547.5
77.161250	532.3
77.165000	526.4
77.168750	599.1
77.172500	558.5
77.176250	564.2
77.180000	539.2
77.183750	535.1
77.187500	530.2
77.191250	535.5
77.195000	533.9
77.198750	515.4
77.202500	539.0
77.206250	547.4
77.210000	560.5
77.213750	548.0
77.217500	561.6
77.221250	556.4
77.225000	551.6
77.228750	546.0
77.232500	545.4
77.236250	529.0
77.240000	524.7
77.243750	482.8
77.247500	561.4
77.251250	556.7
77.255000	546.9
77.258750	543.9
77.262500	548.4
77.266250	533.6
77.270000	541.7
77.273750	557.3
77.277500	578.0
77.281250	560.7
77.285000	526.8
77.288750	502.5
77.292500	545.9
77.296250	547.1
77.300000	529.7
77.303750	552.5
77.307500	571.1
77.311250	529.1
77.315000	500.4
77.318750	513.7
77.322500	544.3
77.326250	543.0
77.330000	563.3
77.333750	552.1
77.337500	529.5
77.341250	498.5
77.345000	543.7
77.348750	499.7
77.352500	501.6
77.356250	557.7
77.360000	536.5
77.363750	524.0
77.367500	555.9
77.371250	562.5
77.375000	521.5
77.378750	538.1
77.382500	551.7
77.386250	516.9
77.390000	558.1
77.393750	535.6
77.397500	494.3
77.401250	540.1
77.405000	525.9
77.408750	572.4
77.412500	535.3
77.416250	515.5
77.420000	511.7
77.423750	501.4
77.427500	522.1
77.431250	547.7
77.435000	543.6
77.438750	544.4
77.442500	563.5
77.446250	489.9
77.450000	565.3
77.453750	531.6
77.457500	575.6
77.461250	547.7
77.465000	528.3
77.468750	524.0
77.472500	528.6
77.476250	567.5
77.480000	540.2
77.483750	523.8
77.487500	566.3
77.491250	525.7
77.495000	577.0
77.498750	580.4
77.502500	557.7
77.506250	591.3
77.510000	539.3
77.513750	520.5
77.517500	546.7
77.521250	549.6
77.525000	547.5
77.528750	538.9
77.532500	531.1
77.536250	555.8
77.540000	544.5
77.543750	506.2
77.547500	576.0
77.551250	584.0
77.555000	556.7
77.558750	583.4
77.562500	532.2
77.566250	542.9
77.570000	562.4
77.573750	564.9
77.577500	555.3
77.581250	539.6
77.585000	597.7
77.588750	572.2
77.592500	509.4
77.596250	539.1
77.600000	555.7
77.603750	535.3
77.607500	558.7
77.611250	566.9
77.615000	571.4
77.618750	563.3
77.622500	536.6
77.626250	521.8
77.630000	527.2
77.633750	496.5
77.637500	532.9
77.641250	573.9
77.645000	535.7
77.648750	561.2
77.652500	532.3
77.656250	539.0
77.660000	540.4
77.663750	521.6
77.667500	570.8
77.671250	531.2
77.675000	513.7
77.678750	550.1
77.682500	562.2
77.686250	540.1
77.690000	540.8
77.693750	536.3
77.697500	544.2
77.701250	508.3
77.705000	495.1
77.708750	556.2
77.712500	540.4
77.716250	528.3
77.720000	539.1
77.723750	539.9
77.727500	531.6
77.731250	508.5
77.735000	482.9
77.738750	560.6
77.742500	555.6
77.746250	499.8
77.750000	550.9
77.753750	536.2
77.757500	539.9
77.761250	528.1
77.765000	504.7
77.768750	568.8
77.772500	604.6
77.776250	537.6
77.780000	547.2
77.783750	558.5
77.787500	545.0
77.791250	535.0
77.795000	541.5
77.798750	560.9
77.802500	553.7
77.806250	505.4
77.810000	525.8
77.813750	541.3
77.817500	528.2
77.821250	586.8
77.825000	543.0
77.828750	535.4
77.832500	545.3
77.836250	551.2
77.840000	580.4
77.843750	568.7
77.847500	562.7
77.851250	527.3
77.855000	518.0
77.858750	541.8
77.862500	539.7
77.866250	551.6
77.870000	544.0
77.873750	497.5
77.877500	523.2
77.881250	513.9
77.885000	572.7
77.888750	528.2
77.892500	526.9
77.896250	565.3
77.900000	538.9
77.903750	537.5
77.907500	564.9
77.911250	546.8
77.915000	535.9
77.918750	542.9
77.922500	536.9
77.926250	534.7
77.930000	524.2
77.933750	554.5
77.937500	589.2
77.941250	562.6
77.945000	507.1
77.948750	536.4
77.952500	526.9
77.956250	514.7
77.960000	554.1
77.963750	529.8
77.967500	525.3
77.971250	553.5
77.975000	542.9
77.978750	556.7
77.982500	544.0
77.986250	537.9
77.990000	580.5
77.993750	528.2
77.997500	562.5
78.001250	556.6
78.005000	519.5
78.008750	550.4
78.012500	530.3
78.016250	522.3
78.020000	529.2
78.023750	543.8
78.027500	491.5
78.031250	538.7
78.035000	541.7
78.038750	514.8
78.042500	530.5
78.046250	569.3
78.050000	537.0
78.053750	537.2
78.057500	576.4
78.061250	587.7
78.065000	551.3
78.068750	521.3
78.072500	571.6
78.076250	570.5
78.080000	558.8
78.083750	573.1
78.087500	569.0
78.091250	496.2
78.095000	509.8
78.098750	541.5
78.102500	547.6
78.106250	537.7
78.110000	510.0
78.113750	505.2
78.117500	530.9
78.121250	595.0
78.125000	554.4
78.128750	502.5
78.132500	535.9
78.136250	530.4
78.140000	538.8
78.143750	574.3
78.147500	547.2
78.151250	526.9
78.155000	550.5
78.158750	559.0
78.162500	519.3
78.166250	516.9
78.170000	579.5
78.173750	539.5
78.177500	564.0
78.181250	529.2
78.185000	536.0
78.188750	548.1
78.192500	565.8
78.196250	554.1
78.200000	541.1
78.203750	575.5
78.207500	565.6
78.211250	540.6
78.215000	528.6
78.218750	550.2
78.222500	568.0
78.226250	542.1
78.230000	577.1
78.233750	564.2
78.237500	531.9
78.241250	599.4
78.245000	518.2
78.248750	580.5
78.252500	568.4
78.256250	554.5
78.260000	564.0
78.263750	552.9
78.267500	591.1
78.271250	559.3
78.275000	559.0
78.278750	582.9
78.282500	569.9
78.286250	548.2
78.290000	514.9
78.293750	558.3
78.297500	538.9
78.301250	524.7
78.305000	524.4
78.308750	504.8
78.312500	520.5
78.316250	515.6
78.320000	524.7
78.323750	536.7
78.327500	519.6
78.331250	562.0
78.335000	495.5
78.338750	543.1
78.342500	529.5
78.346250	503.8
78.350000	535.9
78.353750	560.8
78.357500	539.4
78.361250	529.6
78.365000	519.9
78.368750	535.3
78.372500	528.5
78.376250	502.0
78.380000	532.2
78.383750	542.7
78.387500	550.6
78.391250	523.6
78.395000	512.2
78.398750	558.0
78.402500	558.9
78.406250	528.5
78.410000	533.5
78.413750	521.1
78.417500	538.0
78.421250	548.1
78.425000	515.8
78.428750	516.9
78.432500	549.1
78.436250	509.9
78.440000	533.0
78.443750	520.4
78.447500	563.2
78.451250	534.6
78.455000	526.0
78.458750	495.2
78.462500	546.2
78.466250	534.6
78.470000	516.0
78.473750	549.9
78.477500	539.6
78.481250	484.9
78.485000	549.2
78.488750	515.1
78.492500	499.6
78.496250	527.8
78.500000	535.6
78.503750	481.2
78.507500	553.5
78.511250	545.4
78.515000	544.4
78.518750	528.9
78.522500	522.4
78.526250	504.5
78.530000	507.5
78.533750	523.3
78.537500	550.9
78.541250	531.1
78.545000	493.7
78.548750	518.2
78.552500	520.0
78.556250	572.6
78.560000	543.9
78.563750	547.2
78.567500	508.5
78.571250	482.7
78.575000	519.6
78.578750	544.3
78.582500	506.3
78.586250	498.3
78.590000	547.2
78.593750	533.1
78.597500	536.5
78.601250	526.8
78.605000	567.6
78.608750	527.5
78.612500	515.4
78.616250	543.8
78.620000	538.2
78.623750	534.6
78.627500	539.0
78.631250	545.4
78.635000	487.7
78.638750	532.4
78.642500	534.9
78.646250	585.3
78.650000	504.3
78.653750	572.5
78.657500	583.2
78.661250	561.3
78.665000	540.1
78.668750	504.2
78.672500	548.9
78.676250	548.8
78.680000	537.5
78.683750	550.8
78.687500	530.9
78.691250	551.0
78.695000	513.4
78.698750	569.0
78.702500	525.5
78.706250	513.1
78.710000	519.9
78.713750	489.4
78.717500	561.0
78.721250	562.5
78.725000	533.8
78.728750	568.9
78.732500	584.6
78.736250	534.7
78.740000	512.0
78.743750	518.2
78.747500	497.6
78.751250	555.9
78.755000	536.5
78.758750	572.9
78.762500	546.6
78.766250	572.7
78.770000	525.0
78.773750	507.9
78.777500	513.3
78.781250	513.1
78.785000	565.6
78.788750	508.9
78.792500	567.1
78.796250	574.1
78.800000	525.0
78.803750	519.6
78.807500	543.8
78.811250	504.3
78.815000	561.1
78.818750	515.5
78.822500	518.3
78.826250	545.0
78.830000	547.9
78.833750	525.1
78.837500	534.6
78.841250	564.1
78.845000	566.8
78.848750	557.4
78.852500	514.3
78.856250	513.6
78.860000	529.6
78.863750	530.7
78.867500	510.2
78.871250	513.6
78.875000	524.3
78.878750	532.0
78.882500	518.5
78.886250	511.1
78.890000	506.2
78.893750	509.6
78.897500	571.6
78.901250	548.6
78.905000	549.5
78.908750	549.4
78.912500	558.6
78.916250	522.0
78.920000	564.5
78.923750	543.3
78.927500	521.5
78.931250	528.5
78.935000	515.0
78.938750	550.8
78.942500	546.0
78.946250	531.4
78.950000	547.5
78.953750	543.1
78.957500	555.8
78.961250	575.1
78.965000	511.7
78.968750	498.3
78.972500	543.6
78.976250	516.4
78.980000	536.0
78.983750	477.2
78.987500	498.1
78.991250	530.3
78.995000	549.1
78.998750	524.2
79.002500	530.3
79.006250	535.5
79.010000	516.5
79.013750	538.6
79.017500	551.6
79.021250	530.0
79.025000	511.6
79.028750	509.3
79.032500	528.6
79.036250	485.1
79.040000	530.4
79.043750	513.3
79.047500	553.1
79.051250	538.6
79.055000	537.0
79.058750	556.6
79.062500	500.1
79.066250	508.1
79.070000	493.1
79.073750	505.7
79.077500	518.2
79.081250	520.1
79.085000	545.7
79.088750	592.8
79.092500	534.4
79.096250	520.2
79.100000	507.1
79.103750	520.3
79.107500	536.8
79.111250	515.0
79.115000	528.6
79.118750	516.5
79.122500	514.1
79.126250	512.4
79.130000	528.0
79.133750	554.5
79.137500	526.8
79.141250	474.8
79.145000	519.1
79.148750	545.7
79.152500	531.4
79.156250	529.9
79.160000	490.2
79.163750	502.5
79.167500	502.8
79.171250	515.5
79.175000	478.3
79.178750	520.6
79.182500	556.4
79.186250	512.8
79.190000	542.6
79.193750	534.8
79.197500	556.5
79.201250	493.4
79.205000	514.0
79.208750	551.4
79.212500	527.0
79.216250	556.2
79.220000	557.2
79.223750	524.2
79.227500	535.0
79.231250	564.7
79.235000	540.8
79.238750	510.5
79.242500	564.6
79.246250	584.6
79.250000	525.2
79.253750	506.1
79.257500	501.9
79.261250	526.0
79.265000	506.0
79.268750	528.7
79.272500	554.1
79.276250	520.0
79.280000	517.9
79.283750	542.1
79.287500	519.1
79.291250	562.1
79.295000	535.6
79.298750	506.8
79.302500	510.0
79.306250	506.7
79.310000	516.7
79.313750	530.0
79.317500	501.1
79.321250	533.2
79.325000	507.4
79.328750	517.4
79.332500	533.1
79.336250	524.7
79.340000	499.0
79.343750	517.9
79.347500	521.8
79.351250	519.8
79.355000	515.2
79.358750	479.3
79.362500	545.5
79.366250	512.6
79.370000	510.7
79.373750	528.7
79.377500	514.9
79.381250	500.5
79.385000	507.0
79.388750	562.9
79.392500	536.7
79.396250	544.2
79.400000	553.8
79.403750	535.4
79.407500	535.2
79.411250	514.4
79.415000	503.0
79.418750	538.2
79.422500	514.2
79.426250	497.2
79.430000	535.2
79.433750	507.1
79.437500	509.2
79.441250	510.8
79.445000	544.2
79.448750	535.9
79.452500	527.1
79.456250	499.5
79.460000	505.5
79.463750	545.5
79.467500	510.2
79.471250	517.6
79.475000	543.3
79.478750	532.0
79.482500	546.5
79.486250	556.7
79.490000	572.1
79.493750	562.7
79.497500	555.4
79.501250	513.4
79.505000	536.1
79.508750	561.1
79.512500	551.3
79.516250	527.3
79.520000	510.6
79.523750	532.0
79.527500	587.1
79.531250	525.0
79.535000	545.2
79.538750	508.8
79.542500	504.3
79.546250	507.7
79.550000	496.1
79.553750	512.7
79.557500	503.8
79.561250	534.7
79.565000	551.1
79.568750	537.6
79.572500	517.5
79.576250	525.3
79.580000	541.9
79.583750	547.0
79.587500	527.7
79.591250	550.7
79.595000	532.7
79.598750	519.7
79.602500	505.9
79.606250	529.4
79.610000	535.8
79.613750	542.7
79.617500	539.7
79.621250	534.3
79.625000	520.0
79.628750	492.7
79.632500	502.8
79.636250	551.4
79.640000	527.3
79.643750	528.4
79.647500	481.2
79.651250	538.0
79.655000	517.4
79.658750	518.9
79.662500	538.4
79.666250	525.2
79.670000	510.1
79.673750	519.7
79.677500	525.7
79.681250	523.2
79.685000	512.0
79.688750	539.7
79.692500	510.7
79.696250	555.8
79.700000	526.6
79.703750	516.9
79.707500	558.1
79.711250	545.4
79.715000	531.6
79.718750	547.8
79.722500	506.6
79.726250	501.7
79.730000	591.2
79.733750	549.4
79.737500	565.9
79.741250	547.5
79.745000	481.4
79.748750	542.9
79.752500	538.4
79.756250	559.5
79.760000	591.9
79.763750	521.7
79.767500	522.0
79.771250	539.7
79.775000	518.9
79.778750	557.3
79.782500	530.0
79.786250	528.4
79.790000	549.1
79.793750	590.9
79.797500	536.0
79.801250	509.5
79.805000	559.0
79.808750	527.7
79.812500	493.4
79.816250	540.0
79.820000	512.5
79.823750	517.6
79.827500	504.7
79.831250	511.4
79.835000	539.3
79.838750	527.7
79.842500	530.3
79.846250	595.5
79.850000	555.7
79.853750	520.5
79.857500	485.1
79.861250	528.8
79.865000	521.4
79.868750	524.5
79.872500	522.6
79.876250	507.3
79.880000	525.7
79.883750	567.3
79.887500	521.0
79.891250	476.1
79.895000	527.0
79.898750	536.8
79.902500	551.5
79.906250	511.3
79.910000	529.7
79.913750	530.1
79.917500	565.8
79.921250	560.5
79.925000	512.9
79.928750	540.4
79.932500	504.6
79.936250	501.4
79.940000	542.1
79.943750	543.4
79.947500	532.1
79.951250	490.9
79.955000	555.1
79.958750	557.2
79.962500	548.0
79.966250	561.2
79.970000	548.3
79.973750	545.5
79.977500	564.5
79.981250	530.7
79.985000	573.4
79.988750	571.2
79.992500	537.1
79.996250	539.0
80.000000	535.1
