2.000000	438.3
2.003750	417.5
2.007500	424.2
2.011250	432.5
2.015000	459.3
2.018750	444.7
2.022500	411.0
2.026250	443.3
2.030000	418.1
2.033750	441.1
2.037500	427.8
2.041250	421.9
2.045000	478.6
2.048750	499.2
2.052500	422.6
2.056250	451.7
2.060000	456.1
2.063750	443.1
2.067500	450.4
2.071250	453.4
2.075000	465.4
2.078750	457.0
2.082500	480.8
2.086250	454.6
2.090000	477.4
2.093750	465.4
2.097500	512.7
2.101250	480.2
2.105000	470.5
2.108750	477.5
2.112500	499.6
2.116250	468.2
2.120000	480.7
2.123750	472.5
2.127500	491.8
2.131250	487.3
2.135000	510.8
2.138750	512.4
2.142500	475.5
2.146250	467.1
2.150000	490.0
2.153750	505.9
2.157500	504.2
2.161250	475.1
2.165000	502.4
2.168750	515.3
2.172500	467.0
2.176250	481.9
2.180000	488.7
2.183750	483.0
2.187500	502.3
2.191250	517.5
2.195000	554.3
2.198750	520.3
2.202500	476.1
2.206250	483.7
2.210000	544.2
2.213750	514.7
2.217500	508.5
2.221250	499.2
2.225000	478.1
2.228750	542.4
2.232500	529.8
2.236250	531.9
2.240000	544.3
2.243750	510.3
2.247500	522.8
2.251250	476.3
2.255000	477.8
2.258750	489.2
2.262500	537.8
2.266250	500.0
2.270000	550.5
2.273750	527.7
2.277500	523.8
2.281250	518.3
2.285000	546.3
2.288750	529.2
2.292500	541.2
2.296250	553.0
2.300000	573.1
2.303750	559.5
2.307500	550.2
2.311250	558.5
2.315000	551.2
2.318750	584.9
2.322500	585.0
2.326250	575.8
2.330000	611.0
2.333750	592.4
2.337500	576.0
2.341250	598.6
2.345000	619.9
2.348750	588.9
2.352500	623.8
2.356250	591.5
2.360000	565.9
2.363750	641.0
2.367500	637.7
2.371250	621.6
2.375000	605.2
2.378750	649.9
2.382500	665.1
2.386250	673.5
2.390000	681.2
2.393750	665.7
2.397500	619.6
2.401250	698.7
2.405000	719.4
2.408750	688.0
2.412500	674.9
2.416250	683.9
2.420000	705.6
2.423750	739.6
2.427500	675.8
2.431250	732.9
2.435000	691.0
2.438750	704.9
2.442500	738.6
2.446250	726.9
2.450000	726.6
2.453750	762.1
2.457500	693.0
2.461250	738.2
2.465000	774.0
2.468750	808.8
2.472500	822.1
2.476250	783.2
2.480000	841.4
2.483750	831.1
2.487500	834.4
2.491250	819.8
2.495000	852.9
2.498750	870.5
2.502500	900.9
2.506250	885.9
2.510000	892.5
2.513750	955.0
2.517500	897.0
2.521250	941.4
2.525000	982.9
2.528750	941.6
2.532500	1013.1
2.536250	953.6
2.540000	966.4
2.543750	1009.0
2.547500	1073.5
2.551250	998.8
2.555000	982.8
2.558750	1013.4
2.562500	971.2
2.566250	1024.2
2.570000	1054.1
2.573750	1069.6
2.577500	1035.3
2.581250	1075.1
2.585000	1014.1
2.588750	994.0
2.592500	988.6
2.596250	1065.9
2.600000	997.8
2.603750	1006.4
2.607500	1069.4
2.611250	1026.9
2.615000	1101.1
2.618750	1053.1
2.622500	1030.4
2.626250	1020.3
2.630000	1101.5
2.633750	1031.1
2.637500	997.7
2.641250	1032.6
2.645000	1046.9
2.648750	1028.8
2.652500	999.3
2.656250	1025.0
2.660000	961.3
2.663750	1028.8
2.667500	1025.6
2.671250	1006.3
2.675000	1027.0
2.678750	1035.1
2.682500	1054.1
2.686250	1032.1
2.690000	1007.4
2.693750	1022.1
2.697500	1071.9
2.701250	1097.0
2.705000	1013.8
2.708750	1033.2
2.712500	1026.5
2.716250	1020.7
2.720000	1033.4
2.723750	1034.5
2.727500	1050.5
2.731250	1072.9
2.735000	995.8
2.738750	979.7
2.742500	1020.3
2.746250	1031.7
2.750000	1026.3
2.753750	1033.9
2.757500	1049.7
2.761250	970.2
2.765000	1049.6
2.768750	1037.0
2.772500	1057.3
2.776250	1099.4
2.780000	1083.6
2.783750	1000.5
2.787500	1045.1
2.791250	1032.8
2.795000	1045.8
2.798750	1085.1
2.802500	1095.8
2.806250	1054.1
2.810000	1066.5
2.813750	1079.5
2.817500	1030.6
2.821250	1086.7
2.825000	1008.8
2.828750	1047.0
2.832500	1060.2
2.836250	1026.2
2.840000	1019.9
2.843750	973.8
2.847500	1078.0
2.851250	1117.7
2.855000	1089.3
2.858750	1020.1
2.862500	1008.4
2.866250	1072.7
2.870000	1011.5
2.873750	1090.7
2.877500	1066.0
2.881250	1034.6
2.885000	1047.6
2.888750	973.8
2.892500	1045.1
2.896250	984.6
2.900000	1005.7
2.903750	1037.6
2.907500	993.4
2.911250	1004.5
2.915000	1038.5
2.918750	1000.6
2.922500	1069.5
2.926250	970.7
2.930000	1025.9
2.933750	1071.4
2.937500	1048.0
2.941250	1019.3
2.945000	1041.0
2.948750	1065.4
2.952500	1019.0
2.956250	983.4
2.960000	1047.2
2.963750	1021.9
2.967500	954.7
2.971250	1014.6
2.975000	1034.8
2.978750	1034.8
2.982500	1038.2
2.986250	1001.8
2.990000	992.5
2.993750	1066.6
2.997500	991.8
3.001250	1046.2
3.005000	1064.6
3.008750	1045.5
3.012500	1007.1
3.016250	1014.4
3.020000	989.8
3.023750	917.5
3.027500	963.9
3.031250	1011.1
3.035000	1053.2
3.038750	1037.3
3.042500	974.1
3.046250	988.4
3.050000	986.8
3.053750	1013.7
3.057500	1009.2
3.061250	1013.0
3.065000	1037.6
3.068750	977.2
3.072500	1008.5
3.076250	1089.5
3.080000	1034.9
3.083750	1002.7
3.087500	1116.3
3.091250	1018.1
3.095000	984.2
3.098750	1067.2
3.102500	997.8
3.106250	999.7
3.110000	1031.0
3.113750	983.2
3.117500	1012.3
3.121250	989.9
3.125000	987.4
3.128750	1010.9
3.132500	1026.9
3.136250	1011.6
3.140000	984.0
3.143750	1052.8
3.147500	1041.0
3.151250	1002.5
3.155000	1004.2
3.158750	1001.0
3.162500	1041.3
3.166250	1020.9
3.170000	1025.7
3.173750	1009.0
3.177500	995.6
3.181250	992.1
3.185000	1011.7
3.188750	1012.4
3.192500	991.5
3.196250	1020.5
3.200000	972.8
3.203750	974.3
3.207500	1029.0
3.211250	1033.8
3.215000	1000.0
3.218750	970.8
3.222500	958.7
3.226250	1002.9
3.230000	1047.1
3.233750	1002.6
3.237500	967.7
3.241250	1028.6
3.245000	1074.3
3.248750	1031.8
3.252500	1030.0
3.256250	1058.7
3.260000	1021.7
3.263750	1056.8
3.267500	1032.7
3.271250	1037.3
3.275000	992.1
3.278750	988.4
3.282500	1017.9
3.286250	1053.7
3.290000	1054.4
3.293750	1005.9
3.297500	997.0
3.301250	1007.4
3.305000	981.4
3.308750	1042.4
3.312500	1018.4
3.316250	981.2
3.320000	1072.2
3.323750	1057.6
3.327500	1017.4
3.331250	1002.1
3.335000	1058.1
3.338750	1021.5
3.342500	1011.3
3.346250	1001.9
3.350000	989.3
3.353750	1019.2
3.357500	1012.5
3.361250	1019.5
3.365000	1039.6
3.368750	998.9
3.372500	996.2
3.376250	1024.5
3.380000	1063.3
3.383750	951.5
3.387500	987.3
3.391250	1055.6
3.395000	1027.2
3.398750	976.5
3.402500	1011.7
3.406250	1039.0
3.410000	989.2
3.413750	985.7
3.417500	1007.6
3.421250	1022.2
3.425000	1036.7
3.428750	1039.9
3.432500	1008.1
3.436250	1037.8
3.440000	992.6
3.443750	1046.7
3.447500	1051.4
3.451250	1014.6
3.455000	1057.4
3.458750	1045.4
3.462500	996.0
3.466250	1033.9
3.470000	1036.4
3.473750	998.0
3.477500	980.1
3.481250	1029.7
3.485000	1065.2
3.488750	975.4
3.492500	954.1
3.496250	1009.7
3.500000	1051.6
3.503750	1101.2
3.507500	1008.7
3.511250	1068.6
3.515000	1047.9
3.518750	1021.0
3.522500	1044.7
3.526250	1001.7
3.530000	960.5
3.533750	1000.4
3.537500	998.5
3.541250	994.7
3.545000	1028.2
3.548750	971.2
3.552500	1013.2
3.556250	988.4
3.560000	990.1
3.563750	1027.8
3.567500	1004.0
3.571250	1031.9
3.575000	1063.0
3.578750	1038.3
3.582500	1007.8
3.586250	1021.4
3.590000	1030.2
3.593750	1062.3
3.597500	1007.4
3.601250	1038.6
3.605000	1041.9
3.608750	989.6
3.612500	1030.9
3.616250	1045.4
3.620000	1011.6
3.623750	975.9
3.627500	1005.4
3.631250	1013.5
3.635000	1053.8
3.638750	1043.3
3.642500	1050.0
3.646250	989.7
3.650000	1014.5
3.653750	1052.9
3.657500	1037.7
3.661250	1012.0
3.665000	998.9
3.668750	1049.9
3.672500	1056.3
3.676250	1036.9
3.680000	1056.8
3.683750	1033.7
3.687500	1016.9
3.691250	1021.4
3.695000	1047.7
3.698750	1009.1
3.702500	1005.0
3.706250	1040.5
3.710000	1031.2
3.713750	999.3
3.717500	1015.0
3.721250	986.2
3.725000	990.6
3.728750	1067.0
3.732500	1023.5
3.736250	984.3
3.740000	1049.6
3.743750	991.0
3.747500	1023.5
3.751250	1046.7
3.755000	950.2
3.758750	994.8
3.762500	1020.8
3.766250	1029.9
3.770000	1079.2
3.773750	1065.3
3.777500	1044.8
3.781250	1055.5
3.785000	1085.1
3.788750	988.6
3.792500	1047.0
3.796250	1033.0
3.800000	1000.1
3.803750	973.1
3.807500	965.4
3.811250	1011.1
3.815000	976.5
3.818750	1066.2
3.822500	1055.1
3.826250	1033.9
3.830000	1040.1
3.833750	1031.5
3.837500	1052.0
3.841250	996.6
3.845000	1012.8
3.848750	1046.2
3.852500	1035.6
3.856250	996.9
3.860000	999.3
3.863750	1039.1
3.867500	995.4
3.871250	1037.0
3.875000	1040.2
3.878750	968.8
3.882500	975.6
3.886250	974.3
3.890000	954.5
3.893750	994.3
3.897500	1040.6
3.901250	1020.6
3.905000	964.0
3.908750	1008.5
3.912500	1053.6
3.916250	1026.7
3.920000	1067.9
3.923750	1059.1
3.927500	992.6
3.931250	1021.9
3.935000	1029.0
3.938750	966.8
3.942500	1022.0
3.946250	1000.9
3.950000	1043.2
3.953750	1093.0
3.957500	1030.2
3.961250	1064.7
3.965000	1049.2
3.968750	1031.7
3.972500	1048.5
3.976250	1119.9
3.980000	1104.7
3.983750	1027.9
3.987500	1016.3
3.991250	998.0
3.995000	1024.6
3.998750	1018.6
4.002500	970.7
4.006250	1068.7
4.010000	1031.0
4.013750	1021.2
4.017500	1014.4
4.021250	985.2
4.025000	1001.7
4.028750	971.3
4.032500	1054.2
4.036250	1063.8
4.040000	1058.5
4.043750	1063.7
4.047500	1078.4
4.051250	1089.3
4.055000	1028.0
4.058750	1022.7
4.062500	1052.3
4.066250	1039.0
4.070000	1066.6
4.073750	1083.4
4.077500	1019.0
4.081250	1013.4
4.085000	980.7
4.088750	1024.8
4.092500	1068.0
4.096250	1029.1
4.100000	1059.2
4.103750	1029.8
4.107500	1009.7
4.111250	1037.8
4.115000	1026.9
4.118750	1006.5
4.122500	1042.8
4.126250	1010.3
4.130000	1090.0
4.133750	1061.9
4.137500	1093.1
4.141250	1040.2
4.145000	1056.1
4.148750	1001.3
4.152500	1008.6
4.156250	1042.1
4.160000	1021.1
4.163750	1051.9
4.167500	1022.9
4.171250	972.0
4.175000	1055.4
4.178750	1002.1
4.182500	991.5
4.186250	1009.2
4.190000	1041.4
4.193750	1016.2
4.197500	1036.1
4.201250	1095.3
4.205000	1033.2
4.208750	1073.2
4.212500	999.0
4.216250	1049.2
4.220000	1059.7
4.223750	1017.0
4.227500	1051.4
4.231250	1100.9
4.235000	1042.7
4.238750	1031.3
4.242500	1054.5
4.246250	974.6
4.250000	1045.5
4.253750	1033.4
4.257500	1010.2
4.261250	1079.3
4.265000	1052.6
4.268750	1042.1
4.272500	1083.4
4.276250	1055.1
4.280000	1010.7
4.283750	1019.0
4.287500	1003.5
4.291250	1033.3
4.295000	1049.9
4.298750	1030.8
4.302500	1060.2
4.306250	1016.7
4.310000	1053.3
4.313750	1015.1
4.317500	1031.4
4.321250	1039.2
4.325000	984.5
4.328750	995.6
4.332500	1069.6
4.336250	1085.0
4.340000	1026.7
4.343750	1004.3
4.347500	982.9
4.351250	946.2
4.355000	1033.4
4.358750	1038.9
4.362500	1029.8
4.366250	1083.0
4.370000	1001.7
4.373750	958.9
4.377500	1019.0
4.381250	1049.9
4.385000	1025.9
4.388750	1055.8
4.392500	1024.4
4.396250	1033.7
4.400000	1039.7
4.403750	997.3
4.407500	1034.1
4.411250	1027.2
4.415000	1045.0
4.418750	1044.6
4.422500	1014.9
4.426250	1002.8
4.430000	1044.5
4.433750	1007.3
4.437500	1060.3
4.441250	1034.2
4.445000	984.5
4.448750	993.5
4.452500	1006.9
4.456250	1008.2
4.460000	1052.0
4.463750	1019.8
4.467500	1027.5
4.471250	1059.4
4.475000	1063.4
4.478750	1043.4
4.482500	1072.8
4.486250	1012.6
4.490000	991.3
4.493750	1036.3
4.497500	1052.2
4.501250	1030.4
4.505000	1039.3
4.508750	1023.4
4.512500	1017.9
4.516250	1001.4
4.520000	1064.8
4.523750	991.0
4.527500	1011.9
4.531250	1020.5
4.535000	1029.7
4.538750	1048.6
4.542500	1063.4
4.546250	1026.7
4.550000	1055.8
4.553750	1091.4
4.557500	1002.3
4.561250	1052.6
4.565000	1075.4
4.568750	1077.3
4.572500	997.6
4.576250	1085.3
4.580000	1070.6
4.583750	1002.6
4.587500	1086.3
4.591250	1040.6
4.595000	1015.3
4.598750	1051.2
4.602500	1040.3
4.606250	1032.9
4.610000	1055.5
4.613750	1029.0
4.617500	1018.2
4.621250	976.9
4.625000	1025.2
4.628750	1061.6
4.632500	1076.6
4.636250	1032.3
4.640000	1051.1
4.643750	1025.4
4.647500	1065.9
4.651250	1039.5
4.655000	1058.1
4.658750	1006.0
4.662500	1067.4
4.666250	1080.2
4.670000	1037.5
4.673750	1028.8
4.677500	1077.2
4.681250	1076.5
4.685000	1036.2
4.688750	1020.1
4.692500	1059.2
4.696250	1035.9
4.700000	1069.0
4.703750	1043.2
4.707500	1061.4
4.711250	1052.9
4.715000	1056.0
4.718750	1055.3
4.722500	1042.3
4.726250	1019.3
4.730000	1067.3
4.733750	1057.9
4.737500	1087.9
4.741250	1042.5
4.745000	1039.5
4.748750	1037.8
4.752500	1077.3
4.756250	1054.0
4.760000	964.2
4.763750	1104.8
4.767500	1090.8
4.771250	989.7
4.775000	1018.0
4.778750	1062.1
4.782500	1064.9
4.786250	1027.4
4.790000	979.3
4.793750	1008.3
4.797500	1044.4
4.801250	1065.4
4.805000	1060.3
4.808750	1059.3
4.812500	1110.7
4.816250	1071.2
4.820000	1046.3
4.823750	1079.5
4.827500	1080.1
4.831250	1028.1
4.835000	1015.1
4.838750	1049.1
4.842500	1033.6
4.846250	1082.7
4.850000	1060.0
4.853750	999.2
4.857500	1026.5
4.861250	1051.1
4.865000	1068.7
4.868750	1006.3
4.872500	990.8
4.876250	1044.4
4.880000	1037.1
4.883750	1031.1
4.887500	1089.0
4.891250	1052.3
4.895000	1031.9
4.898750	1072.6
4.902500	1012.5
4.906250	1063.6
4.910000	1068.0
4.913750	1061.4
4.917500	1063.3
4.921250	1017.3
4.925000	984.5
4.928750	1011.9
4.932500	1058.1
4.936250	1060.9
4.940000	973.8
4.943750	1016.1
4.947500	1076.0
4.951250	1016.3
4.955000	1017.8
4.958750	1070.6
4.962500	1050.2
4.966250	1072.7
4.970000	1027.2
4.973750	1047.2
4.977500	1035.7
4.981250	1019.1
4.985000	1038.1
4.988750	1055.2
4.992500	997.6
4.996250	1047.9
5.000000	1037.1
5.003750	995.9
5.007500	1027.8
5.011250	1047.1
5.015000	989.5
5.018750	1014.9
5.022500	1040.8
5.026250	1105.0
5.030000	1070.4
5.033750	1039.1
5.037500	1087.8
5.041250	1070.6
5.045000	1011.6
5.048750	1045.1
5.052500	1024.9
5.056250	1004.6
5.060000	1006.5
5.063750	1013.7
5.067500	1070.6
5.071250	1101.4
5.075000	1099.6
5.078750	1067.5
5.082500	972.3
5.086250	1026.3
5.090000	1017.7
5.093750	1139.3
5.097500	1079.4
5.101250	1062.2
5.105000	1036.6
5.108750	1021.6
5.112500	1030.9
5.116250	1004.1
5.120000	1017.2
5.123750	999.8
5.127500	1024.2
5.131250	1070.4
5.135000	1023.3
5.138750	1104.6
5.142500	1023.8
5.146250	1049.1
5.150000	1109.4
5.153750	1072.3
5.157500	1044.6
5.161250	1056.3
5.165000	1009.2
5.168750	1118.9
5.172500	1057.2
5.176250	996.6
5.180000	1009.0
5.183750	1057.7
5.187500	1093.5
5.191250	1082.7
5.195000	1089.2
5.198750	1067.8
5.202500	1059.7
5.206250	1143.2
5.210000	1072.5
5.213750	1005.7
5.217500	1035.2
5.221250	1129.0
5.225000	1038.1
5.228750	1027.7
5.232500	1029.3
5.236250	1046.3
5.240000	1091.0
5.243750	1121.4
5.247500	1002.1
5.251250	1091.1
5.255000	1024.0
5.258750	1091.5
5.262500	1083.9
5.266250	1009.3
5.270000	1058.9
5.273750	1055.4
5.277500	1033.6
5.281250	1066.5
5.285000	1069.2
5.288750	1062.3
5.292500	1044.2
5.296250	1014.8
5.300000	1080.8
5.303750	1051.9
5.307500	1067.9
5.311250	993.7
5.315000	1071.1
5.318750	1076.5
5.322500	1102.7
5.326250	1043.8
5.330000	1002.6
5.333750	1027.1
5.337500	1062.8
5.341250	1060.2
5.345000	1063.5
5.348750	1069.6
5.352500	1034.1
5.356250	993.6
5.360000	1038.5
5.363750	1012.2
5.367500	1065.0
5.371250	1030.9
5.375000	1093.8
5.378750	1070.3
5.382500	1041.3
5.386250	1035.0
5.390000	981.4
5.393750	1036.0
5.397500	1036.9
5.401250	1052.8
5.405000	1067.8
5.408750	1036.0
5.412500	1003.5
5.416250	1071.3
5.420000	1062.0
5.423750	1075.6
5.427500	1070.7
5.431250	1033.7
5.435000	1069.0
5.438750	1050.7
5.442500	956.6
5.446250	984.5
5.450000	1118.7
5.453750	1079.6
5.457500	1054.4
5.461250	1049.9
5.465000	1115.3
5.468750	1047.8
5.472500	1057.9
5.476250	1032.7
5.480000	1086.0
5.483750	1061.8
5.487500	1071.3
5.491250	1050.2
5.495000	1031.4
5.498750	913.8
5.502500	1020.2
5.506250	1025.8
5.510000	973.4
5.513750	1001.3
5.517500	1058.6
5.521250	1061.9
5.525000	1111.5
5.528750	1039.0
5.532500	1096.1
5.536250	1094.8
5.540000	961.7
5.543750	1019.0
5.547500	1065.2
5.551250	1070.1
5.555000	947.2
5.558750	1014.1
5.562500	1007.4
5.566250	1077.1
5.570000	1173.0
5.573750	1115.0
5.577500	1093.1
5.581250	1041.8
5.585000	1033.9
5.588750	1149.5
5.592500	1011.3
5.596250	1038.9
5.600000	1008.1
5.603750	1071.3
5.607500	1012.7
5.611250	1108.8
5.615000	1105.4
5.618750	1144.4
5.622500	1083.9
5.626250	1125.1
5.630000	1019.9
5.633750	1052.4
5.637500	1060.0
5.641250	1094.2
5.645000	1027.0
5.648750	1118.1
5.652500	1049.5
5.656250	1097.8
5.660000	1011.8
5.663750	1096.9
5.667500	1079.9
5.671250	1039.4
5.675000	1132.3
5.678750	1081.6
5.682500	1092.5
5.686250	1222.3
5.690000	1079.2
5.693750	1110.2
5.697500	1102.5
5.701250	1120.6
5.705000	1102.3
5.708750	1142.3
5.712500	1134.1
5.716250	1147.5
5.720000	1129.7
5.723750	1183.6
5.727500	1137.0
5.731250	1150.8
5.735000	1141.8
5.738750	1105.0
5.742500	1108.9
5.746250	1208.1
5.750000	1113.1
5.753750	1064.3
5.757500	1058.7
5.761250	1093.5
5.765000	1125.2
5.768750	1125.6
5.772500	1047.6
5.776250	1003.7
5.780000	1074.0
5.783750	1008.1
5.787500	1056.4
5.791250	1106.1
5.795000	1058.6
5.798750	1076.4
5.802500	1103.9
5.806250	1067.0
5.810000	1063.8
5.813750	1066.0
5.817500	1063.1
5.821250	1002.2
5.825000	1043.8
5.828750	1105.1
5.832500	1020.1
5.836250	1056.4
5.840000	1002.0
5.843750	1097.6
5.847500	1072.6
5.851250	1053.3
5.855000	1058.4
5.858750	1009.1
5.862500	1108.1
5.866250	1037.2
5.870000	1043.4
5.873750	1100.7
5.877500	1059.7
5.881250	1019.8
5.885000	1075.8
5.888750	1065.9
5.892500	1039.5
5.896250	1058.3
5.900000	1050.2
5.903750	1062.2
5.907500	1107.8
5.911250	1025.8
5.915000	1043.1
5.918750	1045.3
5.922500	1062.4
5.926250	1079.4
5.930000	1072.8
5.933750	1031.5
5.937500	1019.0
5.941250	1041.3
5.945000	1046.3
5.948750	1075.3
5.952500	1002.3
5.956250	1065.6
5.960000	1040.0
5.963750	1043.3
5.967500	1051.3
5.971250	1035.3
5.975000	1078.6
5.978750	1098.5
5.982500	1036.8
5.986250	1028.1
5.990000	946.3
5.993750	1077.4
5.997500	1087.5
6.001250	1067.2
6.005000	1010.2
6.008750	1077.6
6.012500	1109.7
6.016250	1019.9
6.020000	1073.5
6.023750	1044.6
6.027500	964.8
6.031250	1052.2
6.035000	1045.7
6.038750	1076.9
6.042500	1035.6
6.046250	988.0
6.050000	997.3
6.053750	1095.6
6.057500	1113.4
6.061250	1067.9
6.065000	1045.9
6.068750	1057.1
6.072500	1072.3
6.076250	1060.2
6.080000	1072.0
6.083750	1143.3
6.087500	1151.8
6.091250	1076.3
6.095000	1061.2
6.098750	1077.1
6.102500	1101.5
6.106250	1003.3
6.110000	991.5
6.113750	1117.7
6.117500	1127.0
6.121250	1092.4
6.125000	1043.6
6.128750	1105.1
6.132500	1170.8
6.136250	1131.2
6.140000	1068.6
6.143750	1005.4
6.147500	1093.2
6.151250	1090.3
6.155000	1018.5
6.158750	1010.8
6.162500	1075.1
6.166250	1093.2
6.170000	1023.1
6.173750	1031.5
6.177500	1036.3
6.181250	1012.0
6.185000	1034.7
6.188750	1019.7
6.192500	1092.5
6.196250	1069.1
6.200000	1069.5
6.203750	1083.9
6.207500	1115.0
6.211250	1040.6
6.215000	1077.0
6.218750	1098.5
6.222500	1066.9
6.226250	1072.6
6.230000	1139.2
6.233750	1120.2
6.237500	1018.8
6.241250	1117.4
6.245000	1151.2
6.248750	1096.6
6.252500	1069.1
6.256250	1068.7
6.260000	1052.2
6.263750	1076.2
6.267500	1089.4
6.271250	1065.1
6.275000	1027.4
6.278750	1014.5
6.282500	1100.5
6.286250	1050.6
6.290000	1094.0
6.293750	1104.7
6.297500	1078.9
6.301250	1083.1
6.305000	1069.3
6.308750	1060.5
6.312500	1065.3
6.316250	1067.1
6.320000	1090.7
6.323750	1057.9
6.327500	1131.0
6.331250	1081.3
6.335000	1053.0
6.338750	1025.5
6.342500	1033.4
6.346250	1039.9
6.350000	1114.8
6.353750	1067.1
6.357500	1027.4
6.361250	1093.6
6.365000	1040.2
6.368750	1050.2
6.372500	1029.7
6.376250	1078.4
6.380000	1041.6
6.383750	1083.8
6.387500	1049.6
6.391250	1032.8
6.395000	1029.1
6.398750	1065.4
6.402500	1118.4
6.406250	1051.0
6.410000	1117.1
6.413750	1036.3
6.417500	1030.5
6.421250	1106.3
6.425000	1079.8
6.428750	1053.6
6.432500	1088.7
6.436250	1093.4
6.440000	1063.0
6.443750	1064.1
6.447500	1071.2
6.451250	1076.0
6.455000	1028.8
6.458750	1104.1
6.462500	1045.1
6.466250	1077.1
6.470000	1088.2
6.473750	1051.3
6.477500	1053.0
6.481250	1051.7
6.485000	998.1
6.488750	1072.7
6.492500	1072.8
6.496250	1012.8
6.500000	1050.4
6.503750	1052.7
6.507500	1083.8
6.511250	1091.9
6.515000	1065.8
6.518750	1026.3
6.522500	1088.4
6.526250	1075.8
6.530000	1028.5
6.533750	1066.2
6.537500	1130.2
6.541250	1076.2
6.545000	1027.0
6.548750	1117.1
6.552500	1075.2
6.556250	1036.9
6.560000	1057.6
6.563750	1090.7
6.567500	1086.8
6.571250	1061.5
6.575000	1091.3
6.578750	1126.0
6.582500	1054.6
6.586250	1013.4
6.590000	1078.5
6.593750	1075.1
6.597500	1074.4
6.601250	1084.9
6.605000	1083.3
6.608750	1085.0
6.612500	1060.9
6.616250	1110.5
6.620000	1158.0
6.623750	1060.0
6.627500	1149.6
6.631250	1125.8
6.635000	1066.2
6.638750	1097.3
6.642500	1090.3
6.646250	1107.2
6.650000	1136.1
6.653750	1022.9
6.657500	1077.6
6.661250	1104.9
6.665000	1065.4
6.668750	1031.4
6.672500	1084.7
6.676250	1093.5
6.680000	1137.0
6.683750	1056.6
6.687500	1129.2
6.691250	1084.7
6.695000	1079.4
6.698750	1079.4
6.702500	1079.1
6.706250	1095.7
6.710000	1119.0
6.713750	1093.6
6.717500	1122.8
6.721250	1143.2
6.725000	1142.5
6.728750	1210.1
6.732500	1126.7
6.736250	1108.6
6.740000	1143.0
6.743750	1161.4
6.747500	1057.3
6.751250	1085.0
6.755000	1013.2
6.758750	1007.6
6.762500	1118.6
6.766250	1046.7
6.770000	1045.9
6.773750	1078.4
6.777500	1146.2
6.781250	1078.2
6.785000	1060.3
6.788750	1135.2
6.792500	1023.5
6.796250	1060.2
6.800000	1101.6
6.803750	1101.7
6.807500	1058.8
6.811250	1072.5
6.815000	1060.6
6.818750	1083.6
6.822500	1141.5
6.826250	1059.7
6.830000	1079.5
6.833750	1104.1
6.837500	1129.5
6.841250	1048.2
6.845000	1088.6
6.848750	1085.8
6.852500	1064.0
6.856250	1070.8
6.860000	1116.2
6.863750	1133.2
6.867500	1084.2
6.871250	1055.7
6.875000	1062.6
6.878750	1074.0
6.882500	1101.6
6.886250	1075.3
6.890000	1050.0
6.893750	1082.2
6.897500	1106.7
6.901250	1084.3
6.905000	1122.0
6.908750	1093.9
6.912500	1057.5
6.916250	1116.6
6.920000	1116.6
6.923750	1106.5
6.927500	1094.9
6.931250	999.9
6.935000	1078.5
6.938750	1122.3
6.942500	1096.5
6.946250	1101.6
6.950000	1102.8
6.953750	1080.2
6.957500	1084.2
6.961250	1076.0
6.965000	1141.9
6.968750	1078.0
6.972500	1099.2
6.976250	1095.6
6.980000	1088.5
6.983750	1017.8
6.987500	1150.1
6.991250	1055.2
6.995000	1112.9
6.998750	1085.3
7.002500	1065.4
7.006250	1070.7
7.010000	1084.1
7.013750	1036.2
7.017500	1063.1
7.021250	1058.6
7.025000	1054.8
7.028750	1067.3
7.032500	1103.0
7.036250	1127.2
7.040000	1084.1
7.043750	1127.6
7.047500	1055.2
7.051250	1117.1
7.055000	1082.6
7.058750	1066.0
7.062500	1081.6
7.066250	1082.0
7.070000	1005.0
7.073750	1047.1
7.077500	1116.8
7.081250	1053.9
7.085000	1067.4
7.088750	1109.4
7.092500	1090.6
7.096250	1113.6
7.100000	1135.5
7.103750	1091.2
7.107500	1130.5
7.111250	1160.5
7.115000	1100.7
7.118750	1083.2
7.122500	1132.0
7.126250	1101.7
7.130000	1085.0
7.133750	1122.5
7.137500	1140.4
7.141250	1124.4
7.145000	1059.7
7.148750	1056.7
7.152500	1088.2
7.156250	1087.5
7.160000	1124.7
7.163750	1118.6
7.167500	1109.4
7.171250	1056.4
7.175000	1051.9
7.178750	1105.3
7.182500	1086.5
7.186250	1086.6
7.190000	1138.1
7.193750	1069.6
7.197500	1093.6
7.201250	1129.3
7.205000	1096.7
7.208750	1089.6
7.212500	1091.8
7.216250	1129.8
7.220000	1119.3
7.223750	1097.0
7.227500	1062.4
7.231250	1118.1
7.235000	1105.7
7.238750	1030.1
7.242500	1109.8
7.246250	1184.4
7.250000	1152.7
7.253750	1109.1
7.257500	1072.8
7.261250	1095.2
7.265000	1051.5
7.268750	1089.1
7.272500	1069.6
7.276250	1142.8
7.280000	1130.9
7.283750	1109.5
7.287500	1049.3
7.291250	1128.6
7.295000	1101.5
7.298750	1101.0
7.302500	1079.2
7.306250	1101.2
7.310000	1103.8
7.313750	1147.2
7.317500	1097.1
7.321250	1053.6
7.325000	1163.0
7.328750	1172.0
7.332500	1114.4
7.336250	1133.1
7.340000	1078.8
7.343750	1056.8
7.347500	1062.2
7.351250	1066.8
7.355000	1085.2
7.358750	1083.9
7.362500	1082.5
7.366250	1092.1
7.370000	1081.5
7.373750	1167.1
7.377500	1153.7
7.381250	1116.8
7.385000	1072.0
7.388750	1152.5
7.392500	1132.0
7.396250	1077.2
7.400000	1097.7
7.403750	1118.5
7.407500	1107.9
7.411250	1153.0
7.415000	1110.8
7.418750	1099.8
7.422500	1110.7
7.426250	1143.6
7.430000	1099.8
7.433750	1162.8
7.437500	1139.9
7.441250	1117.6
7.445000	1065.2
7.448750	1077.3
7.452500	1100.7
7.456250	1121.9
7.460000	1091.8
7.463750	1078.4
7.467500	1103.3
7.471250	1127.2
7.475000	1116.8
7.478750	1098.9
7.482500	1135.1
7.486250	1123.8
7.490000	1046.6
7.493750	1126.8
7.497500	1127.4
7.501250	1040.4
7.505000	1020.3
7.508750	1101.8
7.512500	1097.2
7.516250	1135.7
7.520000	1146.7
7.523750	1083.3
7.527500	1069.3
7.531250	1141.6
7.535000	1143.7
7.538750	1150.3
7.542500	1120.9
7.546250	1049.7
7.550000	1118.7
7.553750	1176.0
7.557500	1137.2
7.561250	1121.4
7.565000	1143.2
7.568750	1140.1
7.572500	1133.0
7.576250	1095.6
7.580000	1112.0
7.583750	1147.1
7.587500	1120.7
7.591250	1112.3
7.595000	1152.0
7.598750	1122.7
7.602500	1098.3
7.606250	1106.7
7.610000	1114.9
7.613750	1084.2
7.617500	1129.4
7.621250	1171.8
7.625000	1114.6
7.628750	1101.5
7.632500	1194.7
7.636250	1187.8
7.640000	1138.6
7.643750	1134.2
7.647500	1170.6
7.651250	1153.8
7.655000	1141.0
7.658750	1108.2
7.662500	1161.5
7.666250	1157.6
7.670000	1188.9
7.673750	1136.4
7.677500	1057.3
7.681250	1159.0
7.685000	1193.5
7.688750	1104.9
7.692500	1203.3
7.696250	1219.5
7.700000	1143.3
7.703750	1129.7
7.707500	1152.3
7.711250	1171.9
7.715000	1223.3
7.718750	1197.6
7.722500	1228.3
7.726250	1199.8
7.730000	1199.6
7.733750	1225.6
7.737500	1252.6
7.741250	1245.1
7.745000	1179.7
7.748750	1203.7
7.752500	1271.5
7.756250	1249.3
7.760000	1238.1
7.763750	1255.8
7.767500	1220.4
7.771250	1243.9
7.775000	1265.3
7.778750	1201.6
7.782500	1215.7
7.786250	1260.3
7.790000	1271.9
7.793750	1213.9
7.797500	1210.2
7.801250	1294.6
7.805000	1307.7
7.808750	1237.5
7.812500	1264.2
7.816250	1280.5
7.820000	1324.2
7.823750	1338.7
7.827500	1375.2
7.831250	1310.7
7.835000	1314.6
7.838750	1341.5
7.842500	1379.6
7.846250	1403.7
7.850000	1416.0
7.853750	1417.9
7.857500	1420.8
7.861250	1460.3
7.865000	1474.6
7.868750	1409.5
7.872500	1453.7
7.876250	1490.4
7.880000	1498.0
7.883750	1502.8
7.887500	1582.7
7.891250	1658.0
7.895000	1607.3
7.898750	1603.9
7.902500	1650.8
7.906250	1696.9
7.910000	1784.5
7.913750	1840.1
7.917500	1771.0
7.921250	1778.8
7.925000	1918.5
7.928750	1994.1
7.932500	2049.5
7.936250	2024.5
7.940000	2227.7
7.943750	2353.7
7.947500	2266.1
7.951250	2521.6
7.955000	2652.5
7.958750	2832.2
7.962500	2923.8
7.966250	3281.0
7.970000	3475.1
7.973750	3784.1
7.977500	4029.2
7.981250	4508.3
7.985000	5219.1
7.988750	5849.3
7.992500	6484.2
7.996250	7324.6
8.000000	8287.8
8.003750	9572.4
8.007500	10615.7
8.011250	11821.2
8.015000	12596.3
8.018750	13147.2
8.022500	12736.9
8.026250	12248.4
8.030000	11120.2
8.033750	9779.3
8.037500	8709.2
8.041250	7441.0
8.045000	6491.7
8.048750	5603.9
8.052500	4801.5
8.056250	4382.9
8.060000	3979.6
8.063750	3475.1
8.067500	3129.0
8.071250	2857.8
8.075000	2684.5
8.078750	2616.7
8.082500	2409.6
8.086250	2285.7
8.090000	2137.1
8.093750	2146.5
8.097500	2076.7
8.101250	1950.7
8.105000	1864.4
8.108750	1811.8
8.112500	1653.1
8.116250	1679.8
8.120000	1660.8
8.123750	1634.2
8.127500	1543.7
8.131250	1571.2
8.135000	1578.8
8.138750	1567.3
8.142500	1441.4
8.146250	1486.0
8.150000	1448.3
8.153750	1369.2
8.157500	1362.6
8.161250	1455.9
8.165000	1353.9
8.168750	1340.0
8.172500	1311.5
8.176250	1267.9
8.180000	1261.7
8.183750	1250.6
8.187500	1261.9
8.191250	1288.9
8.195000	1297.7
8.198750	1290.5
8.202500	1226.4
8.206250	1263.9
8.210000	1260.4
8.213750	1223.6
8.217500	1276.8
8.221250	1254.0
8.225000	1143.1
8.228750	1220.2
8.232500	1188.3
8.236250	1140.4
8.240000	1171.8
8.243750	1233.8
8.247500	1204.7
8.251250	1187.0
8.255000	1161.3
8.258750	1092.2
8.262500	1142.4
8.266250	1175.5
8.270000	1132.7
8.273750	1161.9
8.277500	1196.5
8.281250	1168.3
8.285000	1086.0
8.288750	1168.3
8.292500	1244.9
8.296250	1113.7
8.300000	1149.0
8.303750	1111.3
8.307500	1168.6
8.311250	1148.2
8.315000	1123.6
8.318750	1117.4
8.322500	1120.0
8.326250	1159.8
8.330000	1095.9
8.333750	1114.1
8.337500	1112.1
8.341250	1225.3
8.345000	1169.3
8.348750	1120.4
8.352500	1116.7
8.356250	1135.5
8.360000	1156.0
8.363750	1123.8
8.367500	1147.5
8.371250	1055.8
8.375000	1063.3
8.378750	1017.0
8.382500	1129.4
8.386250	1087.1
8.390000	1053.0
8.393750	1070.8
8.397500	1073.0
8.401250	1083.2
8.405000	1100.8
8.408750	1151.0
8.412500	1043.3
8.416250	1092.2
8.420000	1114.4
8.423750	1113.3
8.427500	1064.9
8.431250	1112.7
8.435000	1164.3
8.438750	1159.5
8.442500	1072.7
8.446250	1113.3
8.450000	1099.9
8.453750	1073.8
8.457500	1049.7
8.461250	1097.5
8.465000	1096.5
8.468750	1125.6
8.472500	1116.4
8.476250	1181.5
8.480000	1071.3
8.483750	1090.6
8.487500	1098.2
8.491250	1099.9
8.495000	1046.3
8.498750	1156.5
8.502500	1133.3
8.506250	1036.4
8.510000	1100.4
8.513750	1048.1
8.517500	1063.1
8.521250	1108.9
8.525000	1071.2
8.528750	1120.3
8.532500	1079.7
8.536250	1118.1
8.540000	1124.7
8.543750	1079.4
8.547500	1122.2
8.551250	1039.2
8.555000	1127.2
8.558750	1132.8
8.562500	1073.0
8.566250	1115.3
8.570000	1034.8
8.573750	1068.6
8.577500	1103.3
8.581250	1140.7
8.585000	1108.5
8.588750	1134.3
8.592500	1104.6
8.596250	1097.1
8.600000	1095.0
8.603750	1134.9
8.607500	1092.7
8.611250	1111.2
8.615000	1095.3
8.618750	1054.0
8.622500	1078.5
8.626250	1088.1
8.630000	1105.4
8.633750	1121.1
8.637500	1036.9
8.641250	1096.4
8.645000	1072.4
8.648750	1062.3
8.652500	1106.9
8.656250	1124.7
8.660000	1105.1
8.663750	1152.8
8.667500	1086.0
8.671250	1111.8
8.675000	1100.9
8.678750	1062.9
8.682500	1027.2
8.686250	1099.1
8.690000	1084.1
8.693750	1097.4
8.697500	1097.9
8.701250	1095.8
8.705000	1096.6
8.708750	1106.0
8.712500	1105.5
8.716250	1089.3
8.720000	1096.9
8.723750	1158.5
8.727500	1095.2
8.731250	1115.5
8.735000	1110.3
8.738750	1035.6
8.742500	1079.4
8.746250	1062.9
8.750000	1063.1
8.753750	1098.7
8.757500	1117.9
8.761250	1103.2
8.765000	1048.2
8.768750	1037.6
8.772500	1103.4
8.776250	1124.4
8.780000	1054.2
8.783750	1070.9
8.787500	1107.6
8.791250	1116.8
8.795000	1110.7
8.798750	1071.1
8.802500	1085.2
8.806250	1054.3
8.810000	1093.8
8.813750	1103.2
8.817500	1054.0
8.821250	1104.5
8.825000	1121.9
8.828750	1114.6
8.832500	1059.9
8.836250	1051.2
8.840000	1085.4
8.843750	1076.3
8.847500	1071.1
8.851250	1122.3
8.855000	1083.7
8.858750	1073.2
8.862500	1108.5
8.866250	1095.8
8.870000	1070.9
8.873750	1043.5
8.877500	1068.3
8.881250	1039.9
8.885000	1087.3
8.888750	1108.1
8.892500	1051.2
8.896250	1089.8
8.900000	1143.9
8.903750	1112.7
8.907500	1099.4
8.911250	1164.7
8.915000	1099.6
8.918750	1078.2
8.922500	1127.7
8.926250	1071.2
8.930000	1073.9
8.933750	1115.2
8.937500	1051.1
8.941250	1053.8
8.945000	1102.8
8.948750	1037.7
8.952500	1100.6
8.956250	1074.7
8.960000	1079.7
8.963750	1070.4
8.967500	1010.6
8.971250	1060.1
8.975000	1124.0
8.978750	1126.3
8.982500	1099.8
8.986250	1070.6
8.990000	1026.2
8.993750	1082.7
8.997500	1037.2
9.001250	1067.0
9.005000	1082.7
9.008750	1053.8
9.012500	1061.0
9.016250	1039.8
9.020000	1028.1
9.023750	1082.2
9.027500	1097.9
9.031250	1050.7
9.035000	1068.6
9.038750	1090.9
9.042500	1069.5
9.046250	1080.2
9.050000	1037.5
9.053750	1111.1
9.057500	1120.2
9.061250	1099.7
9.065000	1035.0
9.068750	1119.5
9.072500	1106.1
9.076250	1048.9
9.080000	1084.2
9.083750	1057.9
9.087500	1067.7
9.091250	1113.5
9.095000	1104.3
9.098750	1037.6
9.102500	1140.9
9.106250	1104.4
9.110000	1092.8
9.113750	1148.6
9.117500	1073.2
9.121250	1090.8
9.125000	1085.5
9.128750	1071.3
9.132500	1069.0
9.136250	1056.1
9.140000	1113.2
9.143750	1125.0
9.147500	1088.8
9.151250	1080.3
9.155000	1059.7
9.158750	1055.7
9.162500	1041.9
9.166250	1050.8
9.170000	1099.6
9.173750	1087.1
9.177500	1052.1
9.181250	1052.0
9.185000	1066.0
9.188750	1044.3
9.192500	1085.6
9.196250	1101.2
9.200000	1052.1
9.203750	1045.0
9.207500	1050.7
9.211250	1083.8
9.215000	1099.2
9.218750	1086.3
9.222500	1069.3
9.226250	1052.9
9.230000	1134.9
9.233750	1103.5
9.237500	1055.1
9.241250	1049.5
9.245000	1103.5
9.248750	1100.6
9.252500	1128.2
9.256250	1117.1
9.260000	1129.2
9.263750	1084.9
9.267500	1137.7
9.271250	1054.0
9.275000	1083.4
9.278750	1076.3
9.282500	1049.8
9.286250	1135.4
9.290000	1125.2
9.293750	1092.2
9.297500	1033.7
9.301250	1031.5
9.305000	1112.4
9.308750	1094.2
9.312500	1089.9
9.316250	1078.8
9.320000	1099.4
9.323750	1103.2
9.327500	1052.6
9.331250	1046.5
9.335000	1079.0
9.338750	1079.9
9.342500	1105.6
9.346250	1057.5
9.350000	1078.0
9.353750	1126.6
9.357500	1086.5
9.361250	1075.0
9.365000	1074.8
9.368750	1065.9
9.372500	1127.0
9.376250	1120.3
9.380000	1146.8
9.383750	1105.8
9.387500	1060.7
9.391250	1057.4
9.395000	1088.7
9.398750	1099.9
9.402500	1157.2
9.406250	1033.2
9.410000	1033.1
9.413750	1051.6
9.417500	1056.7
9.421250	1083.9
9.425000	1153.0
9.428750	1155.9
9.432500	1096.2
9.436250	1009.8
9.440000	1080.9
9.443750	1086.5
9.447500	1152.9
9.451250	1135.6
9.455000	1060.5
9.458750	1116.4
9.462500	1117.7
9.466250	1103.5
9.470000	1073.7
9.473750	1096.7
9.477500	1109.5
9.481250	1075.6
9.485000	1131.6
9.488750	1078.7
9.492500	1096.7
9.496250	1001.9
9.500000	1155.2
9.503750	1103.3
9.507500	1083.4
9.511250	1120.5
9.515000	1113.4
9.518750	1082.9
9.522500	1095.4
9.526250	1051.3
9.530000	1124.9
9.533750	1096.7
9.537500	1123.4
9.541250	1070.1
9.545000	1067.7
9.548750	1134.3
9.552500	1102.2
9.556250	1111.4
9.560000	1138.7
9.563750	1120.7
9.567500	1116.3
9.571250	1100.3
9.575000	1130.3
9.578750	1064.2
9.582500	1102.0
9.586250	1153.8
9.590000	1068.6
9.593750	1097.5
9.597500	1094.6
9.601250	1100.8
9.605000	1088.0
9.608750	1065.1
9.612500	1135.8
9.616250	1133.6
9.620000	1074.9
9.623750	1020.3
9.627500	1120.6
9.631250	1121.3
9.635000	1081.3
9.638750	1114.2
9.642500	1182.1
9.646250	1080.5
9.650000	1099.0
9.653750	1113.6
9.657500	1110.9
9.661250	1089.0
9.665000	1148.2
9.668750	1062.0
9.672500	1098.0
9.676250	1074.2
9.680000	1085.5
9.683750	1093.4
9.687500	1061.5
9.691250	1021.7
9.695000	1151.2
9.698750	1142.5
9.702500	1131.1
9.706250	1032.0
9.710000	1146.9
9.713750	1123.0
9.717500	1087.1
9.721250	1056.3
9.725000	1053.7
9.728750	1133.6
9.732500	1118.6
9.736250	1167.1
9.740000	1145.1
9.743750	1093.4
9.747500	1178.3
9.751250	1078.4
9.755000	1091.6
9.758750	1109.5
9.762500	1087.7
9.766250	1119.8
9.770000	1078.3
9.773750	1167.2
9.777500	1118.3
9.781250	1084.2
9.785000	1117.6
9.788750	1090.7
9.792500	1145.6
9.796250	1117.7
9.800000	1084.4
9.803750	1064.9
9.807500	1135.6
9.811250	1069.1
9.815000	1112.5
9.818750	1106.2
9.822500	1091.4
9.826250	1117.0
9.830000	1075.1
9.833750	1048.1
9.837500	1033.9
9.841250	1109.6
9.845000	1066.6
9.848750	1086.6
9.852500	1114.9
9.856250	1149.4
9.860000	1113.8
9.863750	1113.3
9.867500	1134.0
9.871250	1191.4
9.875000	1151.7
9.878750	1095.0
9.882500	1160.0
9.886250	1108.7
9.890000	1098.4
9.893750	1081.6
9.897500	1047.3
9.901250	1100.0
9.905000	1109.8
9.908750	1063.0
9.912500	1145.2
9.916250	1054.7
9.920000	1109.8
9.923750	1133.0
9.927500	1081.9
9.931250	1116.2
9.935000	1139.7
9.938750	1115.1
9.942500	1095.4
9.946250	1124.0
9.950000	1095.5
9.953750	1158.8
9.957500	1065.3
9.961250	1050.9
9.965000	1097.2
9.968750	1107.9
9.972500	1080.1
9.976250	1084.6
9.980000	1176.3
9.983750	1119.8
9.987500	1102.2
9.991250	1113.3
9.995000	1133.5
9.998750	1162.0
10.002500	1093.7
10.006250	1084.6
10.010000	1110.1
10.013750	1100.3
10.017500	1120.6
10.021250	1134.7
10.025000	1097.1
10.028750	1126.8
10.032500	1137.8
10.036250	1084.4
10.040000	1101.6
10.043750	1204.5
10.047500	1188.5
10.051250	1129.5
10.055000	1132.0
10.058750	1102.8
10.062500	1153.7
10.066250	1164.5
10.070000	1235.6
10.073750	1212.8
10.077500	1191.7
10.081250	1184.6
10.085000	1164.0
10.088750	1318.8
10.092500	1224.9
10.096250	1217.1
10.100000	1284.7
10.103750	1309.8
10.107500	1283.1
10.111250	1278.3
10.115000	1329.8
10.118750	1272.3
10.122500	1258.6
10.126250	1265.8
10.130000	1273.2
10.133750	1235.0
10.137500	1215.2
10.141250	1210.9
10.145000	1239.3
10.148750	1146.0
10.152500	1146.4
10.156250	1132.6
10.160000	1090.3
10.163750	1122.7
10.167500	1085.1
10.171250	1157.2
10.175000	1139.1
10.178750	1103.5
10.182500	1174.2
10.186250	1206.9
10.190000	1135.4
10.193750	1132.2
10.197500	1129.5
10.201250	1146.8
10.205000	1202.8
10.208750	1138.7
10.212500	1151.1
10.216250	1129.3
10.220000	1140.8
10.223750	1159.8
10.227500	1133.0
10.231250	1145.5
10.235000	1168.3
10.238750	1163.2
10.242500	1137.9
10.246250	1098.9
10.250000	1147.0
10.253750	1101.3
10.257500	1145.0
10.261250	1152.4
10.265000	1115.7
10.268750	1133.0
10.272500	1148.9
10.276250	1153.8
10.280000	1181.1
10.283750	1160.2
10.287500	1139.6
10.291250	1141.3
10.295000	1078.7
10.298750	1140.2
10.302500	1157.5
10.306250	1116.5
10.310000	1164.9
10.313750	1143.5
10.317500	1142.1
10.321250	1183.8
10.325000	1171.1
10.328750	1174.3
10.332500	1175.1
10.336250	1181.7
10.340000	1178.3
10.343750	1101.4
10.347500	1109.3
10.351250	1121.7
10.355000	1176.7
10.358750	1135.8
10.362500	1106.4
10.366250	1161.2
10.370000	1138.8
10.373750	1137.2
10.377500	1127.4
10.381250	1109.5
10.385000	1160.3
10.388750	1178.2
10.392500	1127.3
10.396250	1112.4
10.400000	1147.5
10.403750	1133.7
10.407500	1144.9
10.411250	1162.2
10.415000	1131.4
10.418750	1166.4
10.422500	1155.4
10.426250	1095.9
10.430000	1179.8
10.433750	1149.9
10.437500	1131.6
10.441250	1139.3
10.445000	1110.9
10.448750	1071.1
10.452500	1073.6
10.456250	1123.1
10.460000	1160.2
10.463750	1186.4
10.467500	1080.4
10.471250	1082.9
10.475000	1186.9
10.478750	1196.4
10.482500	1191.5
10.486250	1156.2
10.490000	1144.3
10.493750	1190.1
10.497500	1227.7
10.501250	1147.8
10.505000	1226.5
10.508750	1201.2
10.512500	1186.5
10.516250	1162.1
10.520000	1150.5
10.523750	1220.6
10.527500	1226.4
10.531250	1076.6
10.535000	1140.6
10.538750	1171.9
10.542500	1196.0
10.546250	1209.1
10.550000	1163.7
10.553750	1170.1
10.557500	1183.9
10.561250	1164.0
10.565000	1126.1
10.568750	1185.0
10.572500	1212.7
10.576250	1125.3
10.580000	1178.1
10.583750	1216.7
10.587500	1141.0
10.591250	1161.8
10.595000	1168.2
10.598750	1191.4
10.602500	1156.5
10.606250	1158.8
10.610000	1198.5
10.613750	1198.7
10.617500	1176.4
10.621250	1126.1
10.625000	1189.9
10.628750	1196.1
10.632500	1138.5
10.636250	1243.3
10.640000	1257.8
10.643750	1172.7
10.647500	1194.8
10.651250	1182.6
10.655000	1168.8
10.658750	1224.3
10.662500	1204.5
10.666250	1183.9
10.670000	1132.3
10.673750	1161.6
10.677500	1129.3
10.681250	1153.8
10.685000	1172.2
10.688750	1167.7
10.692500	1205.0
10.696250	1192.3
10.700000	1171.3
10.703750	1178.8
10.707500	1173.0
10.711250	1156.5
10.715000	1131.3
10.718750	1185.0
10.722500	1172.1
10.726250	1240.6
10.730000	1153.5
10.733750	1176.5
10.737500	1195.4
10.741250	1133.9
10.745000	1282.4
10.748750	1145.1
10.752500	1113.6
10.756250	1149.3
10.760000	1200.4
10.763750	1135.8
10.767500	1163.0
10.771250	1124.0
10.775000	1188.1
10.778750	1195.5
10.782500	1165.9
10.786250	1160.5
10.790000	1155.9
10.793750	1206.4
10.797500	1184.8
10.801250	1148.8
10.805000	1126.1
10.808750	1157.8
10.812500	1159.5
10.816250	1210.1
10.820000	1104.9
10.823750	1159.0
10.827500	1204.9
10.831250	1088.7
10.835000	1197.7
10.838750	1180.1
10.842500	1211.0
10.846250	1189.8
10.850000	1197.3
10.853750	1190.4
10.857500	1204.9
10.861250	1150.0
10.865000	1239.6
10.868750	1207.7
10.872500	1187.0
10.876250	1236.0
10.880000	1183.6
10.883750	1139.2
10.887500	1149.7
10.891250	1190.0
10.895000	1203.1
10.898750	1159.6
10.902500	1238.3
10.906250	1194.8
10.910000	1228.0
10.913750	1109.0
10.917500	1193.6
10.921250	1192.5
10.925000	1187.8
10.928750	1185.4
10.932500	1189.7
10.936250	1189.0
10.940000	1175.8
10.943750	1232.2
10.947500	1201.3
10.951250	1217.4
10.955000	1281.5
10.958750	1175.6
10.962500	1201.0
10.966250	1216.0
10.970000	1188.9
10.973750	1251.0
10.977500	1238.5
10.981250	1179.6
10.985000	1227.2
10.988750	1205.3
10.992500	1241.6
10.996250	1122.7
11.000000	1225.8
11.003750	1233.6
11.007500	1114.5
11.011250	1234.9
11.015000	1174.5
11.018750	1209.5
11.022500	1208.2
11.026250	1133.8
11.030000	1085.0
11.033750	1223.4
11.037500	1220.9
11.041250	1198.3
11.045000	1249.6
11.048750	1180.9
11.052500	1219.3
11.056250	1179.0
11.060000	1263.1
11.063750	1201.3
11.067500	1156.0
11.071250	1162.2
11.075000	1316.5
11.078750	1249.3
11.082500	1176.3
11.086250	1175.8
11.090000	1190.5
11.093750	1206.2
11.097500	1262.8
11.101250	1101.2
11.105000	1286.7
11.108750	1287.6
11.112500	1304.3
11.116250	1265.8
11.120000	1188.4
11.123750	1265.5
11.127500	1175.1
11.131250	1184.8
11.135000	1143.5
11.138750	1214.1
11.142500	1198.8
11.146250	1188.5
11.150000	1173.1
11.153750	1240.8
11.157500	1209.7
11.161250	1197.5
11.165000	1174.3
11.168750	1230.6
11.172500	1234.0
11.176250	1253.9
11.180000	1288.1
11.183750	1183.2
11.187500	1215.4
11.191250	1273.9
11.195000	1207.7
11.198750	1196.9
11.202500	1233.7
11.206250	1281.5
11.210000	1210.9
11.213750	1231.4
11.217500	1221.3
11.221250	1201.2
11.225000	1250.6
11.228750	1219.7
11.232500	1164.4
11.236250	1216.1
11.240000	1242.6
11.243750	1214.9
11.247500	1230.8
11.251250	1230.2
11.255000	1213.7
11.258750	1235.9
11.262500	1190.9
11.266250	1187.2
11.270000	1168.9
11.273750	1221.7
11.277500	1202.0
11.281250	1155.6
11.285000	1248.3
11.288750	1207.8
11.292500	1192.2
11.296250	1249.5
11.300000	1180.1
11.303750	1183.0
11.307500	1177.2
11.311250	1185.8
11.315000	1247.5
11.318750	1224.6
11.322500	1212.9
11.326250	1245.4
11.330000	1243.9
11.333750	1158.0
11.337500	1262.7
11.341250	1257.1
11.345000	1194.4
11.348750	1244.6
11.352500	1287.4
11.356250	1258.2
11.360000	1243.2
11.363750	1285.2
11.367500	1221.9
11.371250	1240.7
11.375000	1183.3
11.378750	1239.6
11.382500	1247.2
11.386250	1221.0
11.390000	1217.7
11.393750	1222.9
11.397500	1274.7
11.401250	1270.7
11.405000	1251.9
11.408750	1209.9
11.412500	1261.6
11.416250	1298.3
11.420000	1287.9
11.423750	1279.7
11.427500	1179.3
11.431250	1268.3
11.435000	1291.5
11.438750	1190.6
11.442500	1288.4
11.446250	1276.8
11.450000	1231.2
11.453750	1254.4
11.457500	1268.5
11.461250	1300.2
11.465000	1217.9
11.468750	1271.5
11.472500	1233.6
11.476250	1264.0
11.480000	1311.3
11.483750	1345.2
11.487500	1235.0
11.491250	1254.7
11.495000	1270.2
11.498750	1217.4
11.502500	1207.5
11.506250	1226.6
11.510000	1268.2
11.513750	1299.7
11.517500	1270.6
11.521250	1282.7
11.525000	1162.0
11.528750	1198.3
11.532500	1153.3
11.536250	1190.1
11.540000	1231.9
11.543750	1190.9
11.547500	1230.1
11.551250	1260.5
11.555000	1308.5
11.558750	1325.8
11.562500	1269.2
11.566250	1257.1
11.570000	1221.4
11.573750	1242.4
11.577500	1192.6
11.581250	1264.6
11.585000	1301.2
11.588750	1333.5
11.592500	1317.3
11.596250	1248.8
11.600000	1278.8
11.603750	1297.0
11.607500	1301.3
11.611250	1291.5
11.615000	1256.1
11.618750	1246.0
11.622500	1232.6
11.626250	1286.9
11.630000	1295.4
11.633750	1249.1
11.637500	1261.2
11.641250	1218.9
11.645000	1213.6
11.648750	1239.3
11.652500	1271.0
11.656250	1302.8
11.660000	1283.9
11.663750	1284.2
11.667500	1299.7
11.671250	1264.8
11.675000	1199.8
11.678750	1277.3
11.682500	1296.1
11.686250	1338.0
11.690000	1270.2
11.693750	1257.5
11.697500	1272.5
11.701250	1233.6
11.705000	1299.2
11.708750	1317.7
11.712500	1323.3
11.716250	1272.8
11.720000	1304.0
11.723750	1268.7
11.727500	1263.8
11.731250	1297.0
11.735000	1305.1
11.738750	1264.9
11.742500	1253.4
11.746250	1303.5
11.750000	1317.8
11.753750	1220.0
11.757500	1264.9
11.761250	1313.6
11.765000	1236.9
11.768750	1261.0
11.772500	1309.2
11.776250	1250.4
11.780000	1293.2
11.783750	1255.3
11.787500	1223.9
11.791250	1277.6
11.795000	1296.2
11.798750	1281.4
11.802500	1285.8
11.806250	1279.3
11.810000	1320.1
11.813750	1259.8
11.817500	1273.3
11.821250	1286.7
11.825000	1347.4
11.828750	1300.6
11.832500	1292.7
11.836250	1347.7
11.840000	1338.9
11.843750	1359.8
11.847500	1403.2
11.851250	1429.2
11.855000	1386.6
11.858750	1381.2
11.862500	1379.5
11.866250	1315.5
11.870000	1329.8
11.873750	1295.2
11.877500	1264.4
11.881250	1305.3
11.885000	1267.8
11.888750	1315.4
11.892500	1313.1
11.896250	1301.1
11.900000	1352.4
11.903750	1333.9
11.907500	1282.5
11.911250	1243.1
11.915000	1309.9
11.918750	1320.6
11.922500	1261.9
11.926250	1288.6
11.930000	1239.9
11.933750	1337.8
11.937500	1279.1
11.941250	1379.2
11.945000	1336.9
11.948750	1381.7
11.952500	1298.5
11.956250	1317.2
11.960000	1306.6
11.963750	1347.6
11.967500	1354.9
11.971250	1238.9
11.975000	1280.6
11.978750	1300.3
11.982500	1329.1
11.986250	1270.1
11.990000	1284.5
11.993750	1251.7
11.997500	1330.0
12.001250	1346.2
12.005000	1332.4
12.008750	1373.7
12.012500	1330.1
12.016250	1292.8
12.020000	1334.5
12.023750	1255.5
12.027500	1311.0
12.031250	1311.6
12.035000	1265.3
12.038750	1311.6
12.042500	1292.1
12.046250	1359.5
12.050000	1301.9
12.053750	1300.9
12.057500	1326.9
12.061250	1240.8
12.065000	1290.6
12.068750	1330.5
12.072500	1334.4
12.076250	1300.2
12.080000	1312.2
12.083750	1396.0
12.087500	1316.4
12.091250	1279.6
12.095000	1322.6
12.098750	1304.5
12.102500	1337.7
12.106250	1351.5
12.110000	1306.0
12.113750	1312.7
12.117500	1317.7
12.121250	1321.6
12.125000	1362.9
12.128750	1350.0
12.132500	1316.1
12.136250	1341.9
12.140000	1355.5
12.143750	1317.5
12.147500	1306.7
12.151250	1354.6
12.155000	1307.5
12.158750	1288.7
12.162500	1301.7
12.166250	1340.3
12.170000	1302.4
12.173750	1401.8
12.177500	1357.3
12.181250	1354.4
12.185000	1307.5
12.188750	1330.2
12.192500	1300.8
12.196250	1362.1
12.200000	1354.3
12.203750	1335.9
12.207500	1335.9
12.211250	1334.0
12.215000	1388.6
12.218750	1301.3
12.222500	1422.8
12.226250	1344.6
12.230000	1352.1
12.233750	1354.3
12.237500	1325.0
12.241250	1338.6
12.245000	1366.5
12.248750	1385.2
12.252500	1324.3
12.256250	1329.5
12.260000	1389.7
12.263750	1383.8
12.267500	1341.0
12.271250	1381.3
12.275000	1413.4
12.278750	1288.9
12.282500	1289.1
12.286250	1337.4
12.290000	1343.0
12.293750	1398.7
12.297500	1403.5
12.301250	1298.6
12.305000	1394.1
12.308750	1426.3
12.312500	1311.3
12.316250	1397.3
12.320000	1386.6
12.323750	1338.3
12.327500	1328.5
12.331250	1354.5
12.335000	1314.7
12.338750	1395.8
12.342500	1337.8
12.346250	1319.7
12.350000	1323.7
12.353750	1359.8
12.357500	1304.0
12.361250	1422.9
12.365000	1302.5
12.368750	1282.3
12.372500	1261.5
12.376250	1371.3
12.380000	1359.3
12.383750	1352.9
12.387500	1367.7
12.391250	1412.4
12.395000	1397.0
12.398750	1404.9
12.402500	1416.0
12.406250	1341.9
12.410000	1371.8
12.413750	1410.5
12.417500	1309.5
12.421250	1386.9
12.425000	1426.4
12.428750	1343.9
12.432500	1341.1
12.436250	1364.7
12.440000	1347.8
12.443750	1422.6
12.447500	1358.6
12.451250	1372.3
12.455000	1391.6
12.458750	1332.6
12.462500	1385.1
12.466250	1419.0
12.470000	1409.3
12.473750	1388.8
12.477500	1450.9
12.481250	1397.4
12.485000	1373.3
12.488750	1380.7
12.492500	1390.9
12.496250	1425.9
12.500000	1399.7
12.503750	1412.8
12.507500	1390.4
12.511250	1397.6
12.515000	1440.0
12.518750	1347.1
12.522500	1345.9
12.526250	1433.9
12.530000	1407.6
12.533750	1431.8
12.537500	1443.2
12.541250	1419.8
12.545000	1420.5
12.548750	1474.6
12.552500	1377.3
12.556250	1359.5
12.560000	1343.0
12.563750	1390.6
12.567500	1414.1
12.571250	1452.9
12.575000	1387.0
12.578750	1398.8
12.582500	1477.2
12.586250	1366.6
12.590000	1397.1
12.593750	1481.7
12.597500	1437.2
12.601250	1382.8
12.605000	1364.6
12.608750	1372.0
12.612500	1483.6
12.616250	1431.4
12.620000	1375.0
12.623750	1418.1
12.627500	1435.3
12.631250	1434.9
12.635000	1485.4
12.638750	1463.3
12.642500	1461.6
12.646250	1379.9
12.650000	1363.2
12.653750	1434.8
12.657500	1408.3
12.661250	1465.0
12.665000	1374.5
12.668750	1390.3
12.672500	1440.9
12.676250	1493.0
12.680000	1495.0
12.683750	1412.0
12.687500	1388.8
12.691250	1439.8
12.695000	1445.3
12.698750	1348.7
12.702500	1435.5
12.706250	1420.1
12.710000	1415.2
12.713750	1486.1
12.717500	1464.2
12.721250	1514.6
12.725000	1482.8
12.728750	1443.8
12.732500	1438.6
12.736250	1444.9
12.740000	1511.8
12.743750	1473.3
12.747500	1529.5
12.751250	1499.0
12.755000	1488.2
12.758750	1504.9
12.762500	1534.3
12.766250	1501.1
12.770000	1535.2
12.773750	1598.1
12.777500	1603.0
12.781250	1508.6
12.785000	1571.2
12.788750	1616.4
12.792500	1637.4
12.796250	1668.1
12.800000	1685.9
12.803750	1783.5
12.807500	1798.6
12.811250	1854.8
12.815000	1922.5
12.818750	2001.2
12.822500	2234.4
12.826250	2503.9
12.830000	2881.0
12.833750	3219.3
12.837500	3865.3
12.841250	4392.5
12.845000	4883.8
12.848750	5234.9
12.852500	5157.0
12.856250	4931.9
12.860000	4442.0
12.863750	3965.0
12.867500	3485.5
12.871250	3292.8
12.875000	3091.3
12.878750	2845.5
12.882500	2724.4
12.886250	2664.1
12.890000	2681.6
12.893750	2508.4
12.897500	2477.9
12.901250	2385.6
12.905000	2368.1
12.908750	2332.5
12.912500	2269.2
12.916250	2172.9
12.920000	2148.8
12.923750	2120.2
12.927500	2211.6
12.931250	2178.6
12.935000	2108.9
12.938750	2122.3
12.942500	2132.6
12.946250	2140.6
12.950000	2073.6
12.953750	2000.9
12.957500	2018.0
12.961250	1970.7
12.965000	1967.0
12.968750	1997.9
12.972500	1980.7
12.976250	2043.9
12.980000	1995.2
12.983750	1972.4
12.987500	1990.5
12.991250	1902.1
12.995000	1984.5
12.998750	1991.9
13.002500	1952.6
13.006250	2001.4
13.010000	2070.9
13.013750	2016.8
13.017500	1964.6
13.021250	2064.6
13.025000	2057.7
13.028750	2056.3
13.032500	2004.7
13.036250	1967.9
13.040000	2088.3
13.043750	2087.4
13.047500	2025.0
13.051250	2087.6
13.055000	2090.7
13.058750	2062.5
13.062500	2102.4
13.066250	2016.1
13.070000	1960.6
13.073750	2052.6
13.077500	2074.0
13.081250	2052.3
13.085000	2168.1
13.088750	2134.2
13.092500	2116.0
13.096250	2156.9
13.100000	2221.8
13.103750	2222.6
13.107500	2223.9
13.111250	2357.1
13.115000	2358.5
13.118750	2425.9
13.122500	2477.8
13.126250	2607.8
13.130000	2772.5
13.133750	2968.9
13.137500	3120.2
13.141250	3308.3
13.145000	3626.2
13.148750	4005.4
13.152500	4396.3
13.156250	5141.8
13.160000	5855.5
13.163750	6735.2
13.167500	7524.4
13.171250	7912.1
13.175000	8006.3
13.178750	7594.6
13.182500	6891.4
13.186250	6249.5
13.190000	5500.2
13.193750	4889.3
13.197500	4430.7
13.201250	3959.4
13.205000	3594.7
13.208750	3425.3
13.212500	3247.1
13.216250	3206.7
13.220000	3037.1
13.223750	2970.8
13.227500	2747.8
13.231250	2677.8
13.235000	2639.8
13.238750	2555.3
13.242500	2617.1
13.246250	2443.7
13.250000	2379.0
13.253750	2456.0
13.257500	2387.9
13.261250	2342.8
13.265000	2333.6
13.268750	2367.4
13.272500	2293.3
13.276250	2247.6
13.280000	2201.7
13.283750	2236.5
13.287500	2222.4
13.291250	2172.8
13.295000	2143.2
13.298750	2131.6
13.302500	2052.2
13.306250	2124.8
13.310000	2042.3
13.313750	2055.6
13.317500	2120.6
13.321250	1993.4
13.325000	2145.9
13.328750	2164.6
13.332500	2164.3
13.336250	2102.2
13.340000	2153.6
13.343750	2060.2
13.347500	2068.8
13.351250	2073.1
13.355000	2016.8
13.358750	1987.4
13.362500	2026.8
13.366250	2057.7
13.370000	2030.0
13.373750	2072.3
13.377500	1984.3
13.381250	2108.0
13.385000	2081.3
13.388750	2082.4
13.392500	1987.9
13.396250	2027.5
13.400000	1969.8
13.403750	2116.6
13.407500	2029.2
13.411250	1963.5
13.415000	1926.4
13.418750	1974.7
13.422500	2016.1
13.426250	2019.3
13.430000	2008.3
13.433750	2024.4
13.437500	2021.1
13.441250	2014.9
13.445000	2011.3
13.448750	1922.5
13.452500	2099.1
13.456250	2007.6
13.460000	2044.6
13.463750	2074.2
13.467500	2180.8
13.471250	2140.1
13.475000	2164.7
13.478750	2369.7
13.482500	2487.0
13.486250	2665.1
13.490000	3106.3
13.493750	3398.9
13.497500	3656.3
13.501250	3729.7
13.505000	3422.8
13.508750	3154.1
13.512500	2882.5
13.516250	2670.3
13.520000	2362.7
13.523750	2183.4
13.527500	2130.5
13.531250	2139.3
13.535000	2081.2
13.538750	2101.2
13.542500	1998.9
13.546250	2050.7
13.550000	2051.6
13.553750	2001.7
13.557500	2021.5
13.561250	2054.1
13.565000	2031.2
13.568750	1989.5
13.572500	1978.7
13.576250	1848.5
13.580000	2056.7
13.583750	2041.0
13.587500	2044.7
13.591250	2062.8
13.595000	2032.7
13.598750	2050.9
13.602500	2002.1
13.606250	2034.4
13.610000	2057.8
13.613750	2067.9
13.617500	2083.9
13.621250	2206.8
13.625000	2078.5
13.628750	2151.4
13.632500	2112.8
13.636250	2233.0
13.640000	2179.5
13.643750	2165.4
13.647500	2125.5
13.651250	2173.5
13.655000	2242.4
13.658750	2178.9
13.662500	2245.3
13.666250	2263.9
13.670000	2256.7
13.673750	2366.4
13.677500	2390.7
13.681250	2408.0
13.685000	2506.4
13.688750	2421.9
13.692500	2623.4
13.696250	2753.5
13.700000	2807.4
13.703750	2965.0
13.707500	3047.5
13.711250	3220.9
13.715000	3445.2
13.718750	3828.0
13.722500	4243.1
13.726250	4531.9
13.730000	4993.2
13.733750	5549.0
13.737500	6209.0
13.741250	6381.9
13.745000	6393.8
13.748750	6328.1
13.752500	5864.2
13.756250	5357.5
13.760000	5036.1
13.763750	4521.9
13.767500	4228.6
13.771250	3813.4
13.775000	3725.8
13.778750	3491.7
13.782500	3364.7
13.786250	3129.7
13.790000	3053.4
13.793750	2977.4
13.797500	2955.2
13.801250	2814.1
13.805000	2761.7
13.808750	2686.2
13.812500	2728.9
13.816250	2654.2
13.820000	2638.0
13.823750	2674.8
13.827500	2592.3
13.831250	2540.8
13.835000	2612.9
13.838750	2571.2
13.842500	2569.5
13.846250	2630.1
13.850000	2557.3
13.853750	2524.0
13.857500	2567.7
13.861250	2687.1
13.865000	2617.0
13.868750	2577.9
13.872500	2698.6
13.876250	2686.1
13.880000	2836.4
13.883750	2834.1
13.887500	2944.2
13.891250	3125.0
13.895000	3252.6
13.898750	3429.0
13.902500	3587.7
13.906250	3743.5
13.910000	3941.6
13.913750	3915.8
13.917500	3848.9
13.921250	3728.8
13.925000	3644.0
13.928750	3265.3
13.932500	3155.7
13.936250	2949.7
13.940000	2702.2
13.943750	2655.9
13.947500	2516.5
13.951250	2407.1
13.955000	2422.7
13.958750	2289.6
13.962500	2309.4
13.966250	2277.9
13.970000	2147.4
13.973750	2167.0
13.977500	2228.8
13.981250	2183.3
13.985000	2110.6
13.988750	2021.4
13.992500	2054.1
13.996250	2048.6
14.000000	2071.9
14.003750	2094.2
14.007500	2025.7
14.011250	1973.1
14.015000	2032.8
14.018750	2001.3
14.022500	2017.4
14.026250	2012.1
14.030000	1880.5
14.033750	1944.1
14.037500	1972.7
14.041250	2017.8
14.045000	1950.4
14.048750	1973.8
14.052500	1975.8
14.056250	1919.0
14.060000	1950.1
14.063750	1932.0
14.067500	1820.2
14.071250	1997.9
14.075000	1947.4
14.078750	1895.6
14.082500	1986.3
14.086250	1920.0
14.090000	1979.0
14.093750	1938.9
14.097500	1962.4
14.101250	2029.0
14.105000	2011.4
14.108750	1922.1
14.112500	1901.9
14.116250	1917.5
14.120000	1874.6
14.123750	1916.9
14.127500	1863.3
14.131250	1806.5
14.135000	1921.2
14.138750	1924.3
14.142500	1969.9
14.146250	1859.0
14.150000	1915.2
14.153750	1909.4
14.157500	1867.2
14.161250	1906.1
14.165000	1853.4
14.168750	1877.1
14.172500	1836.0
14.176250	1827.8
14.180000	1802.5
14.183750	1815.4
14.187500	1840.8
14.191250	1886.2
14.195000	1889.0
14.198750	1911.1
14.202500	1833.7
14.206250	1850.5
14.210000	1824.1
14.213750	1904.8
14.217500	1844.6
14.221250	1917.3
14.225000	1860.8
14.228750	1825.0
14.232500	1853.0
14.236250	1917.3
14.240000	1933.3
14.243750	1946.7
14.247500	1934.0
14.251250	1923.1
14.255000	1915.2
14.258750	1913.7
14.262500	1957.1
14.266250	1844.0
14.270000	1892.6
14.273750	1935.4
14.277500	1936.8
14.281250	1948.1
14.285000	1917.2
14.288750	1909.3
14.292500	2041.5
14.296250	2015.8
14.300000	2045.3
14.303750	1977.2
14.307500	2003.5
14.311250	1999.2
14.315000	1887.8
14.318750	1928.6
14.322500	1913.6
14.326250	1852.0
14.330000	1903.7
14.333750	1905.4
14.337500	1865.6
14.341250	1888.2
14.345000	1914.3
14.348750	1888.2
14.352500	1830.6
14.356250	1842.4
14.360000	1850.6
14.363750	1902.2
14.367500	1854.1
14.371250	1928.9
14.375000	1878.1
14.378750	1850.3
14.382500	1865.7
14.386250	1848.5
14.390000	1848.7
14.393750	1835.4
14.397500	1924.3
14.401250	1916.6
14.405000	1844.4
14.408750	1944.6
14.412500	1906.8
14.416250	1816.5
14.420000	1823.3
14.423750	1841.4
14.427500	1887.4
14.431250	1823.4
14.435000	1860.8
14.438750	1881.6
14.442500	1833.4
14.446250	1819.7
14.450000	1843.6
14.453750	1838.9
14.457500	1831.4
14.461250	1897.6
14.465000	1888.0
14.468750	1865.2
14.472500	1866.0
14.476250	1870.3
14.480000	1851.0
14.483750	1845.2
14.487500	1812.6
14.491250	1856.5
14.495000	1923.3
14.498750	1889.3
14.502500	1837.4
14.506250	1888.9
14.510000	1946.9
14.513750	1892.0
14.517500	1886.6
14.521250	1868.6
14.525000	1929.4
14.528750	1841.9
14.532500	1851.8
14.536250	1910.4
14.540000	1868.5
14.543750	1886.2
14.547500	1937.1
14.551250	1853.9
14.555000	1845.4
14.558750	1909.0
14.562500	1901.5
14.566250	1867.2
14.570000	1812.8
14.573750	1806.4
14.577500	1805.3
14.581250	1868.6
14.585000	1827.2
14.588750	1837.2
14.592500	1824.3
14.596250	1778.1
14.600000	1869.3
14.603750	1918.6
14.607500	1868.7
14.611250	1838.7
14.615000	1827.7
14.618750	1965.3
14.622500	1807.2
14.626250	1896.0
14.630000	1900.9
14.633750	1820.8
14.637500	1930.3
14.641250	1841.1
14.645000	1856.5
14.648750	1867.7
14.652500	1787.9
14.656250	1885.6
14.660000	1920.4
14.663750	1857.5
14.667500	1874.5
14.671250	1854.4
14.675000	1891.6
14.678750	1826.2
14.682500	1863.4
14.686250	1910.0
14.690000	1805.6
14.693750	1909.1
14.697500	1892.3
14.701250	1875.7
14.705000	1923.5
14.708750	1886.8
14.712500	1910.8
14.716250	1955.4
14.720000	1906.2
14.723750	1910.4
14.727500	1946.4
14.731250	1947.5
14.735000	1974.3
14.738750	1905.4
14.742500	1951.1
14.746250	1990.3
14.750000	1892.2
14.753750	1973.0
14.757500	1953.3
14.761250	1927.2
14.765000	1954.2
14.768750	1929.8
14.772500	1901.2
14.776250	1892.6
14.780000	1847.7
14.783750	1933.3
14.787500	1958.2
14.791250	1924.3
14.795000	1895.0
14.798750	2007.6
14.802500	1872.1
14.806250	1934.9
14.810000	1944.5
14.813750	1988.6
14.817500	1980.0
14.821250	2010.3
14.825000	2058.9
14.828750	1991.7
14.832500	2081.7
14.836250	2019.2
14.840000	2030.5
14.843750	2022.5
14.847500	2054.9
14.851250	2036.4
14.855000	2126.7
14.858750	2115.6
14.862500	2114.5
14.866250	2121.2
14.870000	2175.4
14.873750	2158.3
14.877500	2278.8
14.881250	2186.5
14.885000	2273.6
14.888750	2248.0
14.892500	2296.5
14.896250	2347.5
14.900000	2329.1
14.903750	2375.7
14.907500	2584.5
14.911250	2547.6
14.915000	2514.6
14.918750	2724.7
14.922500	2822.2
14.926250	2849.4
14.930000	3031.8
14.933750	3112.6
14.937500	3244.0
14.941250	3532.7
14.945000	3742.7
14.948750	3810.4
14.952500	3975.7
14.956250	4213.0
14.960000	4267.8
14.963750	4191.5
14.967500	3932.9
14.971250	3758.1
14.975000	3675.8
14.978750	3425.6
14.982500	3116.5
14.986250	2962.2
14.990000	2832.5
14.993750	2652.3
14.997500	2591.0
15.001250	2422.8
15.005000	2324.7
15.008750	2333.1
15.012500	2182.8
15.016250	2232.5
15.020000	2203.5
15.023750	2078.9
15.027500	2110.5
15.031250	2099.3
15.035000	2023.1
15.038750	1983.1
15.042500	1959.8
15.046250	1958.9
15.050000	2031.7
15.053750	2001.7
15.057500	1903.0
15.061250	1932.2
15.065000	1959.5
15.068750	1937.2
15.072500	2000.7
15.076250	1914.7
15.080000	1982.8
15.083750	1869.0
15.087500	1917.8
15.091250	1952.3
15.095000	1888.3
15.098750	1864.4
15.102500	1812.5
15.106250	1884.5
15.110000	1874.2
15.113750	1872.2
15.117500	1935.2
15.121250	1875.1
15.125000	1945.8
15.128750	1898.4
15.132500	1865.1
15.136250	1866.1
15.140000	1896.4
15.143750	1762.6
15.147500	1864.8
15.151250	1924.4
15.155000	1829.2
15.158750	1859.8
15.162500	1903.4
15.166250	1817.4
15.170000	1840.3
15.173750	1908.5
15.177500	1849.3
15.181250	1920.2
15.185000	1815.9
15.188750	1860.0
15.192500	1888.5
15.196250	1830.5
15.200000	1873.9
15.203750	1849.8
15.207500	1875.5
15.211250	1871.6
15.215000	1832.3
15.218750	1844.2
15.222500	1787.1
15.226250	1804.3
15.230000	1914.3
15.233750	1883.7
15.237500	1848.5
15.241250	1864.5
15.245000	1867.8
15.248750	1802.3
15.252500	1821.4
15.256250	1882.3
15.260000	1848.5
15.263750	1875.9
15.267500	1948.7
15.271250	1891.8
15.275000	1942.9
15.278750	1940.5
15.282500	1917.8
15.286250	1871.1
15.290000	1924.2
15.293750	1918.0
15.297500	2014.6
15.301250	1986.4
15.305000	2008.2
15.308750	1972.9
15.312500	1986.7
15.316250	2020.7
15.320000	2140.9
15.323750	2180.3
15.327500	2127.7
15.331250	2151.3
15.335000	2237.5
15.338750	2317.7
15.342500	2303.6
15.346250	2455.4
15.350000	2539.6
15.353750	2660.4
15.357500	2804.1
15.361250	2864.2
15.365000	2941.5
15.368750	2776.9
15.372500	2909.0
15.376250	2882.2
15.380000	2719.8
15.383750	2658.9
15.387500	2531.8
15.391250	2422.1
15.395000	2427.8
15.398750	2366.9
15.402500	2228.5
15.406250	2220.6
15.410000	2085.7
15.413750	2183.1
15.417500	2144.0
15.421250	2079.7
15.425000	2077.8
15.428750	2067.9
15.432500	2028.9
15.436250	1985.0
15.440000	2017.2
15.443750	1980.8
15.447500	1954.9
15.451250	2004.0
15.455000	1951.3
15.458750	2023.2
15.462500	1927.8
15.466250	1899.1
15.470000	1949.3
15.473750	1979.3
15.477500	1961.9
15.481250	1916.1
15.485000	1864.2
15.488750	1881.0
15.492500	1913.3
15.496250	1859.7
15.500000	1850.1
15.503750	1910.0
15.507500	1940.3
15.511250	1931.4
15.515000	1958.8
15.518750	1872.8
15.522500	1883.6
15.526250	1818.2
15.530000	1832.3
15.533750	1899.4
15.537500	1869.1
15.541250	1903.9
15.545000	1892.5
15.548750	1866.1
15.552500	1915.2
15.556250	1914.1
15.560000	1862.1
15.563750	1858.0
15.567500	1929.6
15.571250	1828.2
15.575000	1875.9
15.578750	1984.7
15.582500	1863.2
15.586250	1868.6
15.590000	1911.4
15.593750	1979.7
15.597500	1982.1
15.601250	1832.9
15.605000	1885.7
15.608750	1870.3
15.612500	1806.6
15.616250	1787.9
15.620000	1890.7
15.623750	1985.3
15.627500	1889.1
15.631250	1795.6
15.635000	1858.2
15.638750	1862.2
15.642500	1830.2
15.646250	1928.7
15.650000	1916.1
15.653750	1865.8
15.657500	1966.2
15.661250	1870.1
15.665000	1840.5
15.668750	1918.4
15.672500	1953.6
15.676250	1835.8
15.680000	1694.6
15.683750	1838.5
15.687500	1895.5
15.691250	1895.5
15.695000	1892.1
15.698750	1866.9
15.702500	1919.6
15.706250	1909.9
15.710000	1843.0
15.713750	1877.9
15.717500	1951.4
15.721250	1948.4
15.725000	1849.9
15.728750	1812.1
15.732500	1817.3
15.736250	1930.0
15.740000	1967.2
15.743750	1929.1
15.747500	1921.2
15.751250	1885.5
15.755000	1878.5
15.758750	1905.7
15.762500	1906.2
15.766250	1930.3
15.770000	1970.8
15.773750	1951.2
15.777500	1958.7
15.781250	1836.2
15.785000	1904.7
15.788750	1936.1
15.792500	1898.7
15.796250	1991.9
15.800000	1878.8
15.803750	1935.7
15.807500	1901.1
15.811250	1881.5
15.815000	1908.8
15.818750	2012.9
15.822500	1925.5
15.826250	1912.8
15.830000	1892.5
15.833750	1914.2
15.837500	1906.5
15.841250	1905.5
15.845000	1962.5
15.848750	1966.8
15.852500	1977.3
15.856250	2010.7
15.860000	2025.3
15.863750	1979.8
15.867500	1967.4
15.871250	2037.6
15.875000	2113.5
15.878750	1970.2
15.882500	2059.3
15.886250	1985.4
15.890000	2025.2
15.893750	2123.5
15.897500	2037.0
15.901250	2056.4
15.905000	2119.7
15.908750	2096.5
15.912500	2063.7
15.916250	2012.1
15.920000	2010.2
15.923750	2088.4
15.927500	2150.2
15.931250	2136.1
15.935000	2186.5
15.938750	2206.6
15.942500	2139.3
15.946250	2129.1
15.950000	2137.5
15.953750	2220.1
15.957500	2202.4
15.961250	2314.1
15.965000	2349.3
15.968750	2359.2
15.972500	2284.8
15.976250	2231.6
15.980000	2278.5
15.983750	2344.8
15.987500	2502.6
15.991250	2531.2
15.995000	2351.8
15.998750	2574.5
16.002500	2556.5
16.006250	2706.6
16.010000	2890.2
16.013750	3018.1
16.017500	2951.5
16.021250	3057.4
16.025000	3227.2
16.028750	3561.9
16.032500	3408.5
16.036250	3548.0
16.040000	3947.1
16.043750	4332.9
16.047500	4695.0
16.051250	5044.5
16.055000	5755.4
16.058750	6201.0
16.062500	6849.5
16.066250	7706.8
16.070000	8439.5
16.073750	9264.3
16.077500	9672.8
16.081250	10012.2
16.085000	10137.3
16.088750	10115.5
16.092500	9350.9
16.096250	8613.0
16.100000	7715.6
16.103750	6809.0
16.107500	6166.2
16.111250	5573.0
16.115000	5015.6
16.118750	4550.3
16.122500	4187.4
16.126250	3893.7
16.130000	3671.7
16.133750	3552.4
16.137500	3345.8
16.141250	3217.5
16.145000	3120.7
16.148750	2966.8
16.152500	2947.0
16.156250	2892.7
16.160000	2821.8
16.163750	2682.6
16.167500	2654.4
16.171250	2684.6
16.175000	2542.1
16.178750	2457.2
16.182500	2332.2
16.186250	2400.8
16.190000	2468.3
16.193750	2309.2
16.197500	2384.7
16.201250	2358.5
16.205000	2283.1
16.208750	2248.8
16.212500	2229.1
16.216250	2250.1
16.220000	2237.7
16.223750	2280.2
16.227500	2162.4
16.231250	2179.5
16.235000	2209.6
16.238750	2173.0
16.242500	2135.8
16.246250	2169.5
16.250000	2191.5
16.253750	2143.4
16.257500	2202.0
16.261250	2212.4
16.265000	2219.2
16.268750	2207.9
16.272500	2256.3
16.276250	2207.0
16.280000	2265.5
16.283750	2219.4
16.287500	2277.1
16.291250	2265.5
16.295000	2267.8
16.298750	2231.0
16.302500	2254.3
16.306250	2273.0
16.310000	2385.4
16.313750	2335.2
16.317500	2347.0
16.321250	2436.5
16.325000	2374.2
16.328750	2290.0
16.332500	2303.0
16.336250	2196.4
16.340000	2317.7
16.343750	2255.5
16.347500	2244.7
16.351250	2174.6
16.355000	2199.5
16.358750	2170.5
16.362500	2140.4
16.366250	2103.5
16.370000	2096.8
16.373750	2107.1
16.377500	2018.3
16.381250	2074.4
16.385000	2057.6
16.388750	2074.3
16.392500	2049.0
16.396250	2115.8
16.400000	2100.2
16.403750	2037.3
16.407500	1989.8
16.411250	2033.8
16.415000	2035.5
16.418750	2123.5
16.422500	2060.1
16.426250	2047.9
16.430000	2054.4
16.433750	2036.2
16.437500	2100.3
16.441250	2058.6
16.445000	2086.5
16.448750	2066.1
16.452500	2081.8
16.456250	2090.0
16.460000	2070.8
16.463750	2067.8
16.467500	2030.0
16.471250	2025.4
16.475000	2098.1
16.478750	2027.7
16.482500	2016.4
16.486250	1987.1
16.490000	1983.0
16.493750	2119.1
16.497500	2058.6
16.501250	1969.8
16.505000	1973.1
16.508750	1996.5
16.512500	1981.9
16.516250	1942.3
16.520000	1995.0
16.523750	2098.7
16.527500	1960.3
16.531250	1946.3
16.535000	2041.6
16.538750	2097.7
16.542500	1995.5
16.546250	1910.2
16.550000	1985.7
16.553750	1943.9
16.557500	1987.2
16.561250	1979.3
16.565000	2022.4
16.568750	2052.3
16.572500	1986.2
16.576250	1941.0
16.580000	2056.5
16.583750	1927.3
16.587500	1896.9
16.591250	2044.2
16.595000	2025.3
16.598750	1985.9
16.602500	1925.6
16.606250	2048.2
16.610000	2030.7
16.613750	1927.4
16.617500	2166.5
16.621250	2003.6
16.625000	1979.3
16.628750	2004.6
16.632500	1945.3
16.636250	1937.3
16.640000	2008.9
16.643750	1968.2
16.647500	1954.9
16.651250	1952.5
16.655000	2019.0
16.658750	1977.0
16.662500	2000.8
16.666250	1960.4
16.670000	2076.2
16.673750	2018.6
16.677500	2034.6
16.681250	1968.7
16.685000	2066.9
16.688750	2008.9
16.692500	2026.4
16.696250	2055.9
16.700000	2048.9
16.703750	2102.5
16.707500	2054.3
16.711250	2051.6
16.715000	1966.9
16.718750	1951.6
16.722500	2015.9
16.726250	2004.2
16.730000	2057.2
16.733750	2023.4
16.737500	2097.4
16.741250	2052.9
16.745000	2081.5
16.748750	2068.1
16.752500	2069.2
16.756250	2042.0
16.760000	2021.5
16.763750	2048.8
16.767500	2161.3
16.771250	2074.5
16.775000	2031.6
16.778750	2090.8
16.782500	2115.7
16.786250	2065.1
16.790000	2062.3
16.793750	2128.8
16.797500	2149.8
16.801250	2008.0
16.805000	2132.0
16.808750	2178.4
16.812500	2119.9
16.816250	2194.9
16.820000	2224.2
16.823750	2198.8
16.827500	2176.9
16.831250	2178.3
16.835000	2161.1
16.838750	2222.4
16.842500	2117.0
16.846250	2144.9
16.850000	2242.1
16.853750	2129.2
16.857500	2132.0
16.861250	2081.6
16.865000	2093.8
16.868750	2144.6
16.872500	2195.7
16.876250	2100.6
16.880000	2111.8
16.883750	2114.9
16.887500	2093.7
16.891250	2194.8
16.895000	2111.4
16.898750	2143.5
16.902500	2054.3
16.906250	2121.8
16.910000	2127.1
16.913750	2200.5
16.917500	2172.6
16.921250	2199.4
16.925000	2198.9
16.928750	2066.9
16.932500	2182.3
16.936250	2014.2
16.940000	2214.7
16.943750	2226.8
16.947500	2208.6
16.951250	2239.1
16.955000	2204.0
16.958750	2217.9
16.962500	2237.5
16.966250	2268.6
16.970000	2321.3
16.973750	2312.9
16.977500	2307.8
16.981250	2195.8
16.985000	2296.5
16.988750	2270.0
16.992500	2432.4
16.996250	2343.9
17.000000	2424.2
17.003750	2462.3
17.007500	2550.3
17.011250	2520.6
17.015000	2584.7
17.018750	2574.6
17.022500	2673.1
17.026250	2832.2
17.030000	2974.6
17.033750	2893.5
17.037500	3110.6
17.041250	3106.1
17.045000	3185.9
17.048750	3213.0
17.052500	3328.3
17.056250	3373.1
17.060000	3240.8
17.063750	3139.3
17.067500	3048.2
17.071250	2880.8
17.075000	2784.6
17.078750	2676.7
17.082500	2593.8
17.086250	2609.6
17.090000	2551.3
17.093750	2462.5
17.097500	2382.7
17.101250	2452.1
17.105000	2484.4
17.108750	2350.9
17.112500	2346.7
17.116250	2253.9
17.120000	2313.3
17.123750	2251.8
17.127500	2379.3
17.131250	2262.2
17.135000	2296.4
17.138750	2211.0
17.142500	2196.8
17.146250	2308.6
17.150000	2417.4
17.153750	2330.4
17.157500	2409.3
17.161250	2404.8
17.165000	2321.0
17.168750	2305.9
17.172500	2454.7
17.176250	2606.2
17.180000	2880.5
17.183750	3150.4
17.187500	3872.4
17.191250	4999.1
17.195000	6551.0
17.198750	8107.1
17.202500	9456.7
17.206250	9919.4
17.210000	9855.3
17.213750	9062.1
17.217500	7677.0
17.221250	5995.5
17.225000	4471.5
17.228750	3402.3
17.232500	2859.5
17.236250	2584.8
17.240000	2355.1
17.243750	2254.5
17.247500	2288.0
17.251250	2171.5
17.255000	2175.2
17.258750	2163.3
17.262500	2097.3
17.266250	2098.3
17.270000	2100.1
17.273750	2173.2
17.277500	2189.5
17.281250	2172.8
17.285000	2073.2
17.288750	2124.2
17.292500	2152.7
17.296250	2065.6
17.300000	2203.7
17.303750	2057.3
17.307500	2119.2
17.311250	2090.7
17.315000	2024.6
17.318750	2048.2
17.322500	2146.8
17.326250	2115.3
17.330000	2140.8
17.333750	2154.3
17.337500	2056.6
17.341250	2056.9
17.345000	2010.4
17.348750	2122.2
17.352500	2079.5
17.356250	2089.9
17.360000	2144.9
17.363750	2131.0
17.367500	2136.9
17.371250	2136.7
17.375000	2048.7
17.378750	2104.6
17.382500	2091.0
17.386250	2066.5
17.390000	2098.5
17.393750	2098.1
17.397500	2114.5
17.401250	2162.0
17.405000	2102.4
17.408750	2023.7
17.412500	2103.1
17.416250	2110.2
17.420000	2110.0
17.423750	2188.7
17.427500	2074.5
17.431250	2069.6
17.435000	2058.9
17.438750	2113.8
17.442500	2143.1
17.446250	2149.5
17.450000	2111.8
17.453750	2129.2
17.457500	2077.7
17.461250	2036.1
17.465000	2123.7
17.468750	2166.9
17.472500	2063.2
17.476250	2130.3
17.480000	2087.0
17.483750	2073.1
17.487500	2130.0
17.491250	2085.3
17.495000	2085.5
17.498750	2045.3
17.502500	2058.1
17.506250	2104.9
17.510000	2093.8
17.513750	2055.5
17.517500	2103.6
17.521250	2175.1
17.525000	2149.0
17.528750	2093.6
17.532500	2024.1
17.536250	2147.3
17.540000	2124.8
17.543750	2069.8
17.547500	2131.3
17.551250	2115.9
17.555000	2113.9
17.558750	2111.1
17.562500	2076.5
17.566250	2078.9
17.570000	2140.7
17.573750	2070.8
17.577500	2111.8
17.581250	2139.0
17.585000	2125.2
17.588750	2170.0
17.592500	2182.9
17.596250	2110.0
17.600000	2178.6
17.603750	2162.6
17.607500	2134.7
17.611250	2129.8
17.615000	2110.2
17.618750	2146.2
17.622500	2223.4
17.626250	2193.4
17.630000	2160.7
17.633750	2100.9
17.637500	2145.2
17.641250	2119.6
17.645000	2198.7
17.648750	2130.8
17.652500	2117.7
17.656250	2208.6
17.660000	2181.4
17.663750	2198.2
17.667500	2196.7
17.671250	2121.6
17.675000	2140.6
17.678750	2161.1
17.682500	2151.0
17.686250	2187.1
17.690000	2172.3
17.693750	2173.1
17.697500	2151.3
17.701250	2204.4
17.705000	2119.5
17.708750	2131.0
17.712500	2118.6
17.716250	2091.2
17.720000	2213.0
17.723750	2147.2
17.727500	2213.0
17.731250	2167.3
17.735000	2119.6
17.738750	2257.6
17.742500	2131.2
17.746250	2164.7
17.750000	2172.9
17.753750	2138.2
17.757500	2152.9
17.761250	2238.6
17.765000	2246.8
17.768750	2132.9
17.772500	2115.7
17.776250	2228.6
17.780000	2151.1
17.783750	2163.3
17.787500	2245.7
17.791250	2142.7
17.795000	2114.1
17.798750	2140.8
17.802500	2190.6
17.806250	2279.4
17.810000	2177.4
17.813750	2160.6
17.817500	2142.9
17.821250	2165.6
17.825000	2180.4
17.828750	2121.0
17.832500	2172.2
17.836250	2181.7
17.840000	2166.5
17.843750	2150.4
17.847500	2194.7
17.851250	2234.2
17.855000	2193.9
17.858750	2204.6
17.862500	2118.2
17.866250	2157.6
17.870000	2199.5
17.873750	2205.5
17.877500	2299.9
17.881250	2166.4
17.885000	2119.4
17.888750	2207.2
17.892500	2145.2
17.896250	2143.8
17.900000	2195.0
17.903750	2246.3
17.907500	2125.9
17.911250	2156.6
17.915000	2285.2
17.918750	2188.3
17.922500	2117.7
17.926250	2174.5
17.930000	2190.7
17.933750	2258.8
17.937500	2196.5
17.941250	2188.5
17.945000	2266.5
17.948750	2231.6
17.952500	2277.7
17.956250	2239.3
17.960000	2296.1
17.963750	2241.1
17.967500	2227.9
17.971250	2210.5
17.975000	2169.6
17.978750	2225.0
17.982500	2189.3
17.986250	2193.6
17.990000	2239.3
17.993750	2174.5
17.997500	2311.8
18.001250	2236.7
18.005000	2187.3
18.008750	2240.7
18.012500	2234.4
18.016250	2181.6
18.020000	2236.6
18.023750	2266.3
18.027500	2257.2
18.031250	2244.7
18.035000	2158.6
18.038750	2247.2
18.042500	2187.3
18.046250	2239.4
18.050000	2197.4
18.053750	2258.9
18.057500	2241.5
18.061250	2295.9
18.065000	2284.3
18.068750	2251.2
18.072500	2314.4
18.076250	2268.6
18.080000	2251.3
18.083750	2272.4
18.087500	2214.2
18.091250	2221.7
18.095000	2288.0
18.098750	2215.4
18.102500	2221.4
18.106250	2233.6
18.110000	2258.5
18.113750	2292.5
18.117500	2213.4
18.121250	2240.1
18.125000	2248.4
18.128750	2241.3
18.132500	2253.1
18.136250	2306.9
18.140000	2226.4
18.143750	2308.2
18.147500	2200.4
18.151250	2166.3
18.155000	2365.5
18.158750	2345.9
18.162500	2349.7
18.166250	2265.4
18.170000	2224.8
18.173750	2356.4
18.177500	2246.6
18.181250	2295.2
18.185000	2243.5
18.188750	2244.8
18.192500	2227.3
18.196250	2350.1
18.200000	2323.1
18.203750	2398.8
18.207500	2416.3
18.211250	2425.2
18.215000	2308.2
18.218750	2338.2
18.222500	2377.6
18.226250	2446.0
18.230000	2464.1
18.233750	2434.6
18.237500	2456.7
18.241250	2588.4
18.245000	2523.0
18.248750	2643.3
18.252500	2593.2
18.256250	2592.4
18.260000	2539.8
18.263750	2458.8
18.267500	2562.5
18.271250	2472.5
18.275000	2546.1
18.278750	2501.0
18.282500	2433.1
18.286250	2511.8
18.290000	2422.2
18.293750	2460.8
18.297500	2452.1
18.301250	2481.9
18.305000	2374.1
18.308750	2351.9
18.312500	2322.6
18.316250	2348.2
18.320000	2435.9
18.323750	2346.6
18.327500	2364.3
18.331250	2374.6
18.335000	2408.9
18.338750	2406.7
18.342500	2445.5
18.346250	2278.6
18.350000	2313.8
18.353750	2436.3
18.357500	2299.7
18.361250	2418.4
18.365000	2365.3
18.368750	2308.7
18.372500	2327.7
18.376250	2393.8
18.380000	2354.3
18.383750	2279.5
18.387500	2359.0
18.391250	2434.1
18.395000	2323.5
18.398750	2394.5
18.402500	2333.3
18.406250	2330.3
18.410000	2344.0
18.413750	2371.8
18.417500	2365.1
18.421250	2387.2
18.425000	2386.6
18.428750	2365.2
18.432500	2357.3
18.436250	2355.3
18.440000	2409.1
18.443750	2421.8
18.447500	2376.1
18.451250	2414.0
18.455000	2342.1
18.458750	2401.8
18.462500	2351.4
18.466250	2432.5
18.470000	2434.2
18.473750	2424.6
18.477500	2445.1
18.481250	2435.9
18.485000	2376.2
18.488750	2402.1
18.492500	2394.6
18.496250	2396.9
18.500000	2478.6
18.503750	2474.9
18.507500	2398.4
18.511250	2584.8
18.515000	2543.8
18.518750	2575.2
18.522500	2555.2
18.526250	2616.6
18.530000	2462.0
18.533750	2628.7
18.537500	2604.0
18.541250	2625.0
18.545000	2751.6
18.548750	2605.3
18.552500	2645.8
18.556250	2684.6
18.560000	2675.4
18.563750	2604.6
18.567500	2625.8
18.571250	2569.0
18.575000	2472.3
18.578750	2654.1
18.582500	2548.1
18.586250	2568.1
18.590000	2431.8
18.593750	2491.4
18.597500	2528.4
18.601250	2356.8
18.605000	2420.5
18.608750	2458.7
18.612500	2391.4
18.616250	2493.4
18.620000	2366.5
18.623750	2313.6
18.627500	2392.7
18.631250	2358.0
18.635000	2353.3
18.638750	2311.7
18.642500	2389.6
18.646250	2434.8
18.650000	2362.5
18.653750	2455.5
18.657500	2374.3
18.661250	2441.6
18.665000	2383.7
18.668750	2421.1
18.672500	2411.6
18.676250	2339.3
18.680000	2377.9
18.683750	2459.1
18.687500	2422.2
18.691250	2404.4
18.695000	2365.4
18.698750	2429.8
18.702500	2415.1
18.706250	2389.1
18.710000	2371.9
18.713750	2359.1
18.717500	2455.7
18.721250	2399.7
18.725000	2287.1
18.728750	2437.6
18.732500	2408.1
18.736250	2343.8
18.740000	2325.4
18.743750	2364.7
18.747500	2440.9
18.751250	2399.5
18.755000	2356.7
18.758750	2389.0
18.762500	2414.9
18.766250	2352.9
18.770000	2467.5
18.773750	2420.8
18.777500	2406.5
18.781250	2384.8
18.785000	2466.2
18.788750	2410.5
18.792500	2420.9
18.796250	2440.8
18.800000	2416.3
18.803750	2381.9
18.807500	2344.7
18.811250	2500.6
18.815000	2369.9
18.818750	2350.5
18.822500	2361.5
18.826250	2414.3
18.830000	2416.6
18.833750	2355.7
18.837500	2393.2
18.841250	2316.3
18.845000	2420.3
18.848750	2413.3
18.852500	2288.9
18.856250	2358.0
18.860000	2387.4
18.863750	2384.0
18.867500	2349.4
18.871250	2292.1
18.875000	2400.7
18.878750	2388.3
18.882500	2427.5
18.886250	2385.1
18.890000	2400.2
18.893750	2385.3
18.897500	2367.4
18.901250	2314.4
18.905000	2349.9
18.908750	2407.0
18.912500	2280.2
18.916250	2347.1
18.920000	2441.5
18.923750	2361.8
18.927500	2362.9
18.931250	2241.2
18.935000	2383.8
18.938750	2381.4
18.942500	2324.6
18.946250	2424.3
18.950000	2441.5
18.953750	2408.3
18.957500	2349.0
18.961250	2361.7
18.965000	2350.9
18.968750	2404.7
18.972500	2272.4
18.976250	2363.1
18.980000	2387.0
18.983750	2410.5
18.987500	2373.8
18.991250	2386.5
18.995000	2351.6
18.998750	2366.1
19.002500	2314.6
19.006250	2315.0
19.010000	2441.1
19.013750	2332.7
19.017500	2326.7
19.021250	2355.5
19.025000	2324.5
19.028750	2402.3
19.032500	2400.8
19.036250	2363.7
19.040000	2327.4
19.043750	2424.2
19.047500	2358.1
19.051250	2356.1
19.055000	2403.2
19.058750	2366.2
19.062500	2368.1
19.066250	2361.1
19.070000	2306.3
19.073750	2334.1
19.077500	2383.4
19.081250	2429.0
19.085000	2418.7
19.088750	2369.3
19.092500	2345.2
19.096250	2371.1
19.100000	2414.4
19.103750	2379.1
19.107500	2372.6
19.111250	2392.8
19.115000	2391.4
19.118750	2386.4
19.122500	2339.2
19.126250	2407.5
19.130000	2407.6
19.133750	2361.7
19.137500	2328.0
19.141250	2365.8
19.145000	2416.4
19.148750	2413.9
19.152500	2270.7
19.156250	2381.3
19.160000	2429.2
19.163750	2413.2
19.167500	2441.9
19.171250	2323.6
19.175000	2292.4
19.178750	2381.6
19.182500	2387.4
19.186250	2340.9
19.190000	2429.0
19.193750	2393.7
19.197500	2388.7
19.201250	2410.1
19.205000	2367.0
19.208750	2394.0
19.212500	2441.5
19.216250	2440.6
19.220000	2352.8
19.223750	2434.9
19.227500	2376.6
19.231250	2373.9
19.235000	2447.8
19.238750	2306.0
19.242500	2393.9
19.246250	2404.4
19.250000	2420.8
19.253750	2451.0
19.257500	2372.6
19.261250	2325.6
19.265000	2335.3
19.268750	2426.1
19.272500	2382.3
19.276250	2432.8
19.280000	2466.2
19.283750	2466.1
19.287500	2495.0
19.291250	2404.4
19.295000	2427.5
19.298750	2364.8
19.302500	2413.6
19.306250	2452.0
19.310000	2423.9
19.313750	2414.0
19.317500	2389.8
19.321250	2388.4
19.325000	2449.6
19.328750	2400.4
19.332500	2385.3
19.336250	2347.9
19.340000	2383.1
19.343750	2479.0
19.347500	2538.9
19.351250	2456.0
19.355000	2453.4
19.358750	2385.4
19.362500	2361.4
19.366250	2452.6
19.370000	2396.1
19.373750	2380.4
19.377500	2393.9
19.381250	2362.0
19.385000	2348.9
19.388750	2346.0
19.392500	2400.0
19.396250	2339.2
19.400000	2399.1
19.403750	2365.8
19.407500	2349.5
19.411250	2393.5
19.415000	2453.2
19.418750	2369.7
19.422500	2398.2
19.426250	2463.1
19.430000	2389.3
19.433750	2361.3
19.437500	2361.2
19.441250	2341.0
19.445000	2348.1
19.448750	2425.5
19.452500	2400.5
19.456250	2411.1
19.460000	2392.0
19.463750	2335.5
19.467500	2424.7
19.471250	2482.4
19.475000	2446.2
19.478750	2327.5
19.482500	2495.2
19.486250	2431.6
19.490000	2406.5
19.493750	2515.9
19.497500	2469.8
19.501250	2434.2
19.505000	2456.1
19.508750	2422.7
19.512500	2365.5
19.516250	2411.4
19.520000	2388.6
19.523750	2429.8
19.527500	2461.3
19.531250	2423.2
19.535000	2503.8
19.538750	2444.7
19.542500	2550.3
19.546250	2508.3
19.550000	2536.5
19.553750	2587.8
19.557500	2433.5
19.561250	2407.2
19.565000	2530.0
19.568750	2540.1
19.572500	2539.6
19.576250	2562.4
19.580000	2516.3
19.583750	2445.3
19.587500	2539.3
19.591250	2564.0
19.595000	2534.9
19.598750	2648.9
19.602500	2628.8
19.606250	2565.9
19.610000	2563.8
19.613750	2376.5
19.617500	2537.8
19.621250	2528.8
19.625000	2499.3
19.628750	2460.9
19.632500	2556.8
19.636250	2516.3
19.640000	2420.7
19.643750	2516.8
19.647500	2456.1
19.651250	2437.7
19.655000	2427.6
19.658750	2460.9
19.662500	2412.5
19.666250	2351.7
19.670000	2392.2
19.673750	2329.8
19.677500	2380.3
19.681250	2421.0
19.685000	2373.0
19.688750	2398.8
19.692500	2458.2
19.696250	2430.4
19.700000	2363.1
19.703750	2362.3
19.707500	2456.9
19.711250	2483.1
19.715000	2405.6
19.718750	2466.7
19.722500	2389.9
19.726250	2416.0
19.730000	2343.6
19.733750	2392.3
19.737500	2451.8
19.741250	2464.2
19.745000	2482.9
19.748750	2477.9
19.752500	2439.4
19.756250	2373.6
19.760000	2399.8
19.763750	2321.0
19.767500	2455.0
19.771250	2316.7
19.775000	2419.1
19.778750	2379.3
19.782500	2439.0
19.786250	2446.5
19.790000	2434.4
19.793750	2294.1
19.797500	2399.9
19.801250	2366.7
19.805000	2335.0
19.808750	2388.0
19.812500	2391.9
19.816250	2319.0
19.820000	2369.3
19.823750	2348.2
19.827500	2390.1
19.831250	2399.9
19.835000	2311.7
19.838750	2446.2
19.842500	2378.5
19.846250	2375.5
19.850000	2297.4
19.853750	2308.3
19.857500	2483.3
19.861250	2489.9
19.865000	2438.9
19.868750	2402.8
19.872500	2412.4
19.876250	2365.9
19.880000	2372.5
19.883750	2401.9
19.887500	2401.2
19.891250	2468.2
19.895000	2413.0
19.898750	2341.0
19.902500	2321.7
19.906250	2431.5
19.910000	2346.3
19.913750	2399.2
19.917500	2424.1
19.921250	2346.8
19.925000	2385.8
19.928750	2363.6
19.932500	2319.6
19.936250	2377.8
19.940000	2379.9
19.943750	2319.8
19.947500	2332.4
19.951250	2316.3
19.955000	2344.3
19.958750	2381.6
19.962500	2359.2
19.966250	2383.2
19.970000	2425.5
19.973750	2364.5
19.977500	2353.4
19.981250	2377.5
19.985000	2447.3
19.988750	2382.2
19.992500	2256.0
19.996250	2303.9
20.000000	2344.7
20.003750	2378.7
20.007500	2334.3
20.011250	2302.5
20.015000	2546.6
20.018750	2314.4
20.022500	2282.3
20.026250	2369.6
20.030000	2332.0
20.033750	2427.0
20.037500	2388.2
20.041250	2385.5
20.045000	2345.8
20.048750	2398.5
20.052500	2390.3
20.056250	2404.5
20.060000	2376.8
20.063750	2371.8
20.067500	2457.2
20.071250	2434.7
20.075000	2237.2
20.078750	2361.5
20.082500	2477.0
20.086250	2310.0
20.090000	2386.1
20.093750	2433.6
20.097500	2405.0
20.101250	2421.6
20.105000	2356.3
20.108750	2427.8
20.112500	2383.4
20.116250	2339.1
20.120000	2411.2
20.123750	2281.9
20.127500	2357.9
20.131250	2379.7
20.135000	2392.6
20.138750	2419.6
20.142500	2452.0
20.146250	2414.6
20.150000	2298.1
20.153750	2324.1
20.157500	2366.0
20.161250	2415.4
20.165000	2292.9
20.168750	2346.0
20.172500	2388.2
20.176250	2366.9
20.180000	2410.4
20.183750	2397.0
20.187500	2368.7
20.191250	2339.6
20.195000	2367.7
20.198750	2407.8
20.202500	2378.0
20.206250	2384.1
20.210000	2347.0
20.213750	2513.6
20.217500	2308.4
20.221250	2401.6
20.225000	2403.5
20.228750	2268.4
20.232500	2353.1
20.236250	2305.3
20.240000	2338.5
20.243750	2381.5
20.247500	2364.7
20.251250	2288.5
20.255000	2315.3
20.258750	2418.7
20.262500	2433.6
20.266250	2361.1
20.270000	2373.8
20.273750	2411.5
20.277500	2455.5
20.281250	2406.1
20.285000	2335.8
20.288750	2379.4
20.292500	2341.2
20.296250	2349.0
20.300000	2389.9
20.303750	2377.9
20.307500	2425.5
20.311250	2349.1
20.315000	2386.4
20.318750	2421.6
20.322500	2424.2
20.326250	2349.2
20.330000	2372.1
20.333750	2427.2
20.337500	2413.6
20.341250	2359.3
20.345000	2398.1
20.348750	2279.7
20.352500	2313.2
20.356250	2371.8
20.360000	2323.5
20.363750	2322.3
20.367500	2379.9
20.371250	2406.2
20.375000	2357.7
20.378750	2393.0
20.382500	2324.4
20.386250	2302.8
20.390000	2403.9
20.393750	2361.5
20.397500	2379.4
20.401250	2390.7
20.405000	2334.7
20.408750	2370.5
20.412500	2264.0
20.416250	2299.8
20.420000	2346.5
20.423750	2362.3
20.427500	2414.5
20.431250	2343.1
20.435000	2293.9
20.438750	2301.5
20.442500	2271.3
20.446250	2296.3
20.450000	2297.5
20.453750	2267.6
20.457500	2354.4
20.461250	2329.0
20.465000	2369.1
20.468750	2312.6
20.472500	2410.0
20.476250	2356.3
20.480000	2286.2
20.483750	2300.0
20.487500	2283.1
20.491250	2360.6
20.495000	2440.9
20.498750	2322.1
20.502500	2211.7
20.506250	2292.9
20.510000	2367.1
20.513750	2357.2
20.517500	2426.3
20.521250	2317.3
20.525000	2164.9
20.528750	2197.6
20.532500	2315.5
20.536250	2370.2
20.540000	2383.4
20.543750	2381.4
20.547500	2276.8
20.551250	2288.4
20.555000	2292.5
20.558750	2367.6
20.562500	2462.9
20.566250	2325.6
20.570000	2268.4
20.573750	2336.5
20.577500	2334.8
20.581250	2219.8
20.585000	2399.0
20.588750	2427.3
20.592500	2252.5
20.596250	2334.3
20.600000	2401.8
20.603750	2288.8
20.607500	2297.8
20.611250	2300.2
20.615000	2292.1
20.618750	2336.8
20.622500	2292.1
20.626250	2323.7
20.630000	2370.3
20.633750	2333.2
20.637500	2298.8
20.641250	2299.6
20.645000	2267.2
20.648750	2279.5
20.652500	2289.1
20.656250	2360.9
20.660000	2348.0
20.663750	2275.4
20.667500	2319.1
20.671250	2356.9
20.675000	2350.0
20.678750	2270.7
20.682500	2337.7
20.686250	2315.9
20.690000	2245.7
20.693750	2412.3
20.697500	2291.3
20.701250	2311.8
20.705000	2322.3
20.708750	2236.3
20.712500	2365.5
20.716250	2230.3
20.720000	2361.7
20.723750	2286.8
20.727500	2333.0
20.731250	2276.6
20.735000	2362.6
20.738750	2274.5
20.742500	2255.3
20.746250	2223.0
20.750000	2251.5
20.753750	2289.2
20.757500	2301.7
20.761250	2251.8
20.765000	2279.8
20.768750	2269.0
20.772500	2302.0
20.776250	2264.0
20.780000	2232.5
20.783750	2326.1
20.787500	2274.6
20.791250	2266.5
20.795000	2301.9
20.798750	2328.7
20.802500	2292.9
20.806250	2215.6
20.810000	2278.9
20.813750	2304.0
20.817500	2248.5
20.821250	2326.8
20.825000	2301.3
20.828750	2348.6
20.832500	2391.0
20.836250	2367.9
20.840000	2359.6
20.843750	2324.8
20.847500	2344.5
20.851250	2277.1
20.855000	2323.3
20.858750	2381.7
20.862500	2299.7
20.866250	2355.3
20.870000	2358.6
20.873750	2408.0
20.877500	2330.8
20.881250	2350.2
20.885000	2330.3
20.888750	2338.2
20.892500	2448.1
20.896250	2352.3
20.900000	2419.9
20.903750	2456.8
20.907500	2508.1
20.911250	2462.1
20.915000	2705.7
20.918750	2611.8
20.922500	2543.8
20.926250	2560.3
20.930000	2653.8
20.933750	2582.8
20.937500	2577.2
20.941250	2606.4
20.945000	2753.2
20.948750	2591.8
20.952500	2534.0
20.956250	2443.4
20.960000	2466.5
20.963750	2514.6
20.967500	2483.0
20.971250	2410.2
20.975000	2297.2
20.978750	2426.0
20.982500	2448.5
20.986250	2376.5
20.990000	2409.8
20.993750	2322.2
20.997500	2383.6
21.001250	2332.0
21.005000	2142.7
21.008750	2350.7
21.012500	2345.8
21.016250	2297.9
21.020000	2394.7
21.023750	2361.6
21.027500	2384.0
21.031250	2273.9
21.035000	2187.7
21.038750	2229.5
21.042500	2193.0
21.046250	2280.1
21.050000	2288.9
21.053750	2204.3
21.057500	2236.7
21.061250	2210.4
21.065000	2281.0
21.068750	2215.9
21.072500	2142.9
21.076250	2209.3
21.080000	2106.4
21.083750	2310.3
21.087500	2284.1
21.091250	2187.2
21.095000	2296.5
21.098750	2279.0
21.102500	2085.2
21.106250	2316.0
21.110000	2283.7
21.113750	2199.8
21.117500	2227.0
21.121250	2191.5
21.125000	2270.0
21.128750	2080.8
21.132500	2239.0
21.136250	2163.2
21.140000	2062.8
21.143750	2107.8
21.147500	2190.8
21.151250	2170.0
21.155000	2226.5
21.158750	2255.1
21.162500	2234.0
21.166250	2169.8
21.170000	2128.5
21.173750	2211.5
21.177500	2246.7
21.181250	2185.6
21.185000	2248.6
21.188750	2280.7
21.192500	2205.5
21.196250	2190.1
21.200000	2141.6
21.203750	2097.6
21.207500	2159.3
21.211250	2196.6
21.215000	2204.8
21.218750	2232.0
21.222500	2185.1
21.226250	2107.2
21.230000	2204.8
21.233750	2209.3
21.237500	2186.0
21.241250	2263.7
21.245000	2196.9
21.248750	2279.1
21.252500	2260.1
21.256250	2185.0
21.260000	2177.1
21.263750	2207.7
21.267500	2250.7
21.271250	2164.2
21.275000	2224.3
21.278750	2277.5
21.282500	2131.7
21.286250	2169.1
21.290000	2197.3
21.293750	2163.5
21.297500	2169.8
21.301250	2164.9
21.305000	2093.2
21.308750	2134.8
21.312500	2148.0
21.316250	2112.0
21.320000	2219.3
21.323750	2116.1
21.327500	2153.8
21.331250	2164.8
21.335000	2160.7
21.338750	2191.3
21.342500	2171.0
21.346250	2169.9
21.350000	2123.1
21.353750	2041.4
21.357500	2153.1
21.361250	2214.5
21.365000	2105.7
21.368750	2093.6
21.372500	2122.2
21.376250	2187.6
21.380000	2175.5
21.383750	2134.7
21.387500	2053.8
21.391250	2193.1
21.395000	2080.0
21.398750	2051.1
21.402500	2197.0
21.406250	2158.2
21.410000	2157.5
21.413750	2158.7
21.417500	2099.7
21.421250	2090.0
21.425000	2070.1
21.428750	2143.2
21.432500	2057.2
21.436250	2049.8
21.440000	2145.9
21.443750	2150.5
21.447500	2219.5
21.451250	2139.4
21.455000	2149.3
21.458750	2080.7
21.462500	2109.6
21.466250	2063.4
21.470000	2071.4
21.473750	2140.8
21.477500	2230.7
21.481250	2127.7
21.485000	2111.3
21.488750	2064.8
21.492500	2108.3
21.496250	2149.8
21.500000	2112.5
21.503750	2071.9
21.507500	2053.9
21.511250	2053.9
21.515000	2100.7
21.518750	2103.6
21.522500	2128.2
21.526250	2047.8
21.530000	2137.8
21.533750	2076.4
21.537500	2131.0
21.541250	2106.8
21.545000	2126.8
21.548750	2151.3
21.552500	2102.0
21.556250	2109.9
21.560000	2133.6
21.563750	2068.9
21.567500	2074.7
21.571250	2084.1
21.575000	2117.3
21.578750	2153.4
21.582500	2053.5
21.586250	2072.9
21.590000	2142.7
21.593750	2078.2
21.597500	2019.7
21.601250	2060.5
21.605000	2122.9
21.608750	2137.5
21.612500	2066.4
21.616250	1959.0
21.620000	2082.3
21.623750	2141.0
21.627500	2103.6
21.631250	2092.8
21.635000	2107.2
21.638750	2049.2
21.642500	2063.9
21.646250	2128.0
21.650000	2147.3
21.653750	2138.1
21.657500	2068.2
21.661250	2056.4
21.665000	2084.5
21.668750	1984.7
21.672500	2030.6
21.676250	2090.2
21.680000	2005.7
21.683750	2078.4
21.687500	2170.4
21.691250	2021.0
21.695000	2007.5
21.698750	2097.5
21.702500	2110.5
21.706250	2096.9
21.710000	2041.5
21.713750	2109.2
21.717500	2024.2
21.721250	2060.0
21.725000	2089.6
21.728750	2151.1
21.732500	2058.2
21.736250	2002.2
21.740000	2038.2
21.743750	2120.9
21.747500	2048.5
21.751250	2054.9
21.755000	2069.1
21.758750	2151.6
21.762500	2111.9
21.766250	2084.8
21.770000	2089.8
21.773750	2076.1
21.777500	2044.6
21.781250	1960.9
21.785000	2001.5
21.788750	2057.6
21.792500	2066.5
21.796250	2095.1
21.800000	2070.6
21.803750	2015.3
21.807500	2045.9
21.811250	2080.9
21.815000	1989.5
21.818750	1998.8
21.822500	2054.0
21.826250	2005.0
21.830000	2006.0
21.833750	1989.2
21.837500	2057.2
21.841250	1989.6
21.845000	2026.8
21.848750	1993.5
21.852500	2059.3
21.856250	2083.9
21.860000	2042.2
21.863750	2057.7
21.867500	2055.1
21.871250	2129.8
21.875000	2093.3
21.878750	2073.6
21.882500	2058.9
21.886250	2030.5
21.890000	2020.7
21.893750	2056.2
21.897500	2044.0
21.901250	2025.2
21.905000	2010.1
21.908750	2024.2
21.912500	1984.0
21.916250	1992.4
21.920000	2050.3
21.923750	2085.7
21.927500	2045.5
21.931250	2039.1
21.935000	2086.3
21.938750	2080.3
21.942500	2028.9
21.946250	2051.1
21.950000	2048.6
21.953750	2054.0
21.957500	2043.3
21.961250	2006.4
21.965000	2038.9
21.968750	1968.1
21.972500	2013.1
21.976250	1955.7
21.980000	1948.8
21.983750	2010.5
21.987500	2033.5
21.991250	1988.3
21.995000	1965.1
21.998750	2035.6
22.002500	1974.6
22.006250	2067.3
22.010000	2036.8
22.013750	1984.4
22.017500	2021.1
22.021250	1981.4
22.025000	1955.7
22.028750	2004.8
22.032500	1921.9
22.036250	1954.6
22.040000	2032.7
22.043750	1982.4
22.047500	2076.4
22.051250	1985.5
22.055000	2004.2
22.058750	1965.1
22.062500	2012.2
22.066250	2004.3
22.070000	2020.9
22.073750	2047.8
22.077500	1965.3
22.081250	2062.0
22.085000	2018.7
22.088750	2070.7
22.092500	2000.7
22.096250	1924.1
22.100000	1957.2
22.103750	1984.4
22.107500	2087.1
22.111250	2043.7
22.115000	1953.7
22.118750	2045.8
22.122500	2005.5
22.126250	1899.8
22.130000	1965.8
22.133750	1966.0
22.137500	2024.9
22.141250	2088.7
22.145000	1962.6
22.148750	1998.9
22.152500	2020.4
22.156250	1967.6
22.160000	2006.6
22.163750	2038.9
22.167500	1944.3
22.171250	1986.5
22.175000	1994.1
22.178750	2114.1
22.182500	1965.7
22.186250	2006.9
22.190000	2053.2
22.193750	1945.1
22.197500	1976.1
22.201250	2049.8
22.205000	2035.0
22.208750	1948.8
22.212500	1981.0
22.216250	1980.3
22.220000	2012.8
22.223750	1960.3
22.227500	1997.5
22.231250	1934.0
22.235000	1978.9
22.238750	1967.6
22.242500	2033.0
22.246250	2012.2
22.250000	1981.7
22.253750	2107.7
22.257500	2029.2
22.261250	1997.3
22.265000	1949.3
22.268750	1969.0
22.272500	1968.7
22.276250	1907.6
22.280000	2002.3
22.283750	2069.8
22.287500	1984.1
22.291250	1995.0
22.295000	1976.7
22.298750	2024.0
22.302500	1910.8
22.306250	1975.7
22.310000	1961.5
22.313750	1937.3
22.317500	1963.1
22.321250	1973.1
22.325000	2013.7
22.328750	2020.6
22.332500	2076.9
22.336250	2004.9
22.340000	2017.0
22.343750	2129.8
22.347500	2066.7
22.351250	2138.0
22.355000	2064.5
22.358750	2053.9
22.362500	2049.1
22.366250	2104.7
22.370000	2063.7
22.373750	2101.5
22.377500	2087.6
22.381250	1960.8
22.385000	1965.8
22.388750	2007.1
22.392500	1998.4
22.396250	2062.1
22.400000	2081.7
22.403750	2051.9
22.407500	2047.8
22.411250	2081.5
22.415000	2100.4
22.418750	2133.0
22.422500	2144.6
22.426250	2204.2
22.430000	2310.6
22.433750	2279.6
22.437500	2318.3
22.441250	2346.7
22.445000	2387.2
22.448750	2490.3
22.452500	2646.3
22.456250	2792.3
22.460000	2807.2
22.463750	2957.0
22.467500	3270.8
22.471250	3500.9
22.475000	3576.6
22.478750	3865.2
22.482500	4072.1
22.486250	3993.7
22.490000	4114.5
22.493750	4133.2
22.497500	4054.7
22.501250	3990.5
22.505000	4087.1
22.508750	3916.8
22.512500	3765.3
22.516250	3564.5
22.520000	3424.3
22.523750	3263.5
22.527500	3083.2
22.531250	2928.9
22.535000	2747.1
22.538750	2682.0
22.542500	2478.2
22.546250	2467.9
22.550000	2559.7
22.553750	2451.0
22.557500	2422.9
22.561250	2474.2
22.565000	2584.4
22.568750	2611.3
22.572500	2669.3
22.576250	2694.1
22.580000	2758.2
22.583750	2954.7
22.587500	3035.5
22.591250	3138.1
22.595000	3183.3
22.598750	3203.0
22.602500	3275.0
22.606250	3213.0
22.610000	3070.0
22.613750	2876.2
22.617500	2800.6
22.621250	2734.7
22.625000	2548.6
22.628750	2431.7
22.632500	2427.8
22.636250	2349.7
22.640000	2318.6
22.643750	2310.5
22.647500	2273.0
22.651250	2242.3
22.655000	2229.6
22.658750	2163.9
22.662500	2158.5
22.666250	2177.9
22.670000	2233.1
22.673750	2147.5
22.677500	2179.6
22.681250	2185.5
22.685000	2109.7
22.688750	2081.3
22.692500	2081.0
22.696250	2205.7
22.700000	2167.8
22.703750	2088.8
22.707500	2118.5
22.711250	2245.1
22.715000	2207.1
22.718750	2243.3
22.722500	2259.8
22.726250	2330.6
22.730000	2325.9
22.733750	2369.6
22.737500	2437.6
22.741250	2497.9
22.745000	2614.1
22.748750	2694.3
22.752500	2930.7
22.756250	3085.7
22.760000	3282.6
22.763750	3467.9
22.767500	3642.0
22.771250	3762.4
22.775000	3885.6
22.778750	3960.7
22.782500	3942.4
22.786250	3847.2
22.790000	3631.3
22.793750	3369.4
22.797500	3150.7
22.801250	3052.5
22.805000	2816.2
22.808750	2737.0
22.812500	2522.5
22.816250	2442.1
22.820000	2390.8
22.823750	2402.0
22.827500	2277.2
22.831250	2194.9
22.835000	2284.7
22.838750	2178.9
22.842500	2130.2
22.846250	2198.2
22.850000	2227.9
22.853750	2120.8
22.857500	2121.0
22.861250	2117.2
22.865000	2137.1
22.868750	2169.0
22.872500	2066.1
22.876250	2144.8
22.880000	2106.5
22.883750	2101.5
22.887500	2135.9
22.891250	2158.0
22.895000	2173.9
22.898750	2206.5
22.902500	2198.0
22.906250	2167.2
22.910000	2255.1
22.913750	2215.8
22.917500	2242.0
22.921250	2241.9
22.925000	2181.1
22.928750	2208.9
22.932500	2251.9
22.936250	2249.4
22.940000	2301.5
22.943750	2227.5
22.947500	2175.1
22.951250	2148.5
22.955000	2107.6
22.958750	2057.2
22.962500	2115.9
22.966250	2133.0
22.970000	2180.0
22.973750	2187.9
22.977500	2145.3
22.981250	2173.5
22.985000	2209.7
22.988750	2167.8
22.992500	2098.9
22.996250	2069.0
23.000000	2136.8
23.003750	2076.0
23.007500	2151.8
23.011250	2144.0
23.015000	2091.1
23.018750	2165.5
23.022500	2199.6
23.026250	2195.2
23.030000	2222.4
23.033750	2190.1
23.037500	2231.6
23.041250	2367.9
23.045000	2349.8
23.048750	2408.4
23.052500	2512.5
23.056250	2539.4
23.060000	2624.4
23.063750	2686.8
23.067500	2721.1
23.071250	2931.5
23.075000	3090.6
23.078750	3239.3
23.082500	3466.0
23.086250	3625.3
23.090000	3757.0
23.093750	3940.3
23.097500	3992.1
23.101250	4039.1
23.105000	4072.3
23.108750	3922.6
23.112500	3878.2
23.116250	3881.0
23.120000	3846.5
23.123750	3763.1
23.127500	3797.3
23.131250	3709.3
23.135000	3782.2
23.138750	3868.7
23.142500	3746.9
23.146250	3961.6
23.150000	3990.0
23.153750	3946.5
23.157500	3976.5
23.161250	4038.9
23.165000	3913.5
23.168750	3733.8
23.172500	3606.0
23.176250	3320.7
23.180000	3121.7
23.183750	3017.4
23.187500	2802.2
23.191250	2679.2
23.195000	2636.0
23.198750	2516.5
23.202500	2442.0
23.206250	2378.4
23.210000	2359.8
23.213750	2350.2
23.217500	2231.3
23.221250	2198.6
23.225000	2177.8
23.228750	2055.1
23.232500	2231.0
23.236250	2099.6
23.240000	2011.3
23.243750	2118.2
23.247500	2085.4
23.251250	2057.3
23.255000	2014.1
23.258750	2022.4
23.262500	1990.7
23.266250	1949.5
23.270000	1941.4
23.273750	1956.1
23.277500	1968.4
23.281250	1917.7
23.285000	1939.3
23.288750	1996.2
23.292500	1963.9
23.296250	1875.8
23.300000	1859.4
23.303750	1878.0
23.307500	1957.9
23.311250	1909.4
23.315000	1855.0
23.318750	1846.1
23.322500	1864.8
23.326250	1882.4
23.330000	1852.7
23.333750	1842.9
23.337500	1863.6
23.341250	1883.6
23.345000	1851.8
23.348750	1879.0
23.352500	1850.5
23.356250	1830.2
23.360000	1851.3
23.363750	1831.9
23.367500	1822.4
23.371250	1902.1
23.375000	1801.2
23.378750	1908.5
23.382500	1831.6
23.386250	1806.6
23.390000	1785.5
23.393750	1868.1
23.397500	1792.3
23.401250	1722.9
23.405000	1777.8
23.408750	1811.8
23.412500	1832.7
23.416250	1879.4
23.420000	1809.4
23.423750	1776.3
23.427500	1885.0
23.431250	1898.9
23.435000	1861.8
23.438750	1814.8
23.442500	1790.0
23.446250	1791.3
23.450000	1837.0
23.453750	1907.9
23.457500	1867.1
23.461250	1841.0
23.465000	1887.8
23.468750	2014.1
23.472500	2057.4
23.476250	2070.1
23.480000	2161.8
23.483750	2392.6
23.487500	2347.2
23.491250	2480.8
23.495000	2365.5
23.498750	2319.3
23.502500	2328.1
23.506250	2090.8
23.510000	2008.1
23.513750	1953.1
23.517500	1906.5
23.521250	1890.2
23.525000	1856.8
23.528750	1870.3
23.532500	1867.4
23.536250	1810.6
23.540000	1831.4
23.543750	1791.4
23.547500	1819.9
23.551250	1835.6
23.555000	1795.8
23.558750	1793.5
23.562500	1817.7
23.566250	1797.1
23.570000	1834.0
23.573750	1848.7
23.577500	1814.9
23.581250	1839.6
23.585000	1757.7
23.588750	1792.6
23.592500	1770.1
23.596250	1816.8
23.600000	1791.0
23.603750	1802.5
23.607500	1852.7
23.611250	1787.5
23.615000	1776.1
23.618750	1841.6
23.622500	1844.0
23.626250	1752.9
23.630000	1877.9
23.633750	1809.6
23.637500	1699.8
23.641250	1780.7
23.645000	1825.5
23.648750	1834.6
23.652500	1809.4
23.656250	1804.1
23.660000	1802.5
23.663750	1853.4
23.667500	1788.9
23.671250	1797.8
23.675000	1781.5
23.678750	1788.9
23.682500	1794.5
23.686250	1842.7
23.690000	1888.1
23.693750	1745.4
23.697500	1768.6
23.701250	1818.3
23.705000	1791.0
23.708750	1760.1
23.712500	1783.9
23.716250	1784.6
23.720000	1873.6
23.723750	1783.1
23.727500	1755.8
23.731250	1766.2
23.735000	1757.6
23.738750	1813.2
23.742500	1717.4
23.746250	1724.7
23.750000	1869.0
23.753750	1783.3
23.757500	1835.6
23.761250	1739.5
23.765000	1759.0
23.768750	1826.9
23.772500	1778.1
23.776250	1743.9
23.780000	1722.9
23.783750	1773.9
23.787500	1783.7
23.791250	1815.3
23.795000	1738.5
23.798750	1774.7
23.802500	1780.0
23.806250	1777.5
23.810000	1813.7
23.813750	1825.1
23.817500	1760.3
23.821250	1785.0
23.825000	1764.8
23.828750	1745.8
23.832500	1653.9
23.836250	1774.0
23.840000	1739.1
23.843750	1783.5
23.847500	1855.5
23.851250	1769.6
23.855000	1733.8
23.858750	1776.1
23.862500	1744.3
23.866250	1685.1
23.870000	1732.7
23.873750	1746.2
23.877500	1772.3
23.881250	1809.1
23.885000	1789.2
23.888750	1771.8
23.892500	1776.4
23.896250	1751.2
23.900000	1707.1
23.903750	1778.5
23.907500	1785.8
23.911250	1728.0
23.915000	1736.6
23.918750	1768.3
23.922500	1708.1
23.926250	1756.6
23.930000	1829.8
23.933750	1788.9
23.937500	1816.6
23.941250	1748.9
23.945000	1733.9
23.948750	1826.8
23.952500	1809.6
23.956250	1753.1
23.960000	1766.2
23.963750	1867.5
23.967500	1787.2
23.971250	1767.4
23.975000	1756.8
23.978750	1815.9
23.982500	1769.4
23.986250	1757.5
23.990000	1809.5
23.993750	1769.7
23.997500	1804.1
24.001250	1820.1
24.005000	1786.1
24.008750	1783.5
24.012500	1827.6
24.016250	1811.2
24.020000	1712.4
24.023750	1784.5
24.027500	1721.1
24.031250	1746.3
24.035000	1819.0
24.038750	1844.6
24.042500	1836.7
24.046250	1803.7
24.050000	1742.4
24.053750	1776.9
24.057500	1784.0
24.061250	1872.2
24.065000	1770.3
24.068750	1725.8
24.072500	1860.0
24.076250	1817.2
24.080000	1765.7
24.083750	1787.4
24.087500	1726.0
24.091250	1805.6
24.095000	1826.3
24.098750	1818.3
24.102500	1802.3
24.106250	1830.4
24.110000	1831.6
24.113750	1877.4
24.117500	1906.0
24.121250	1798.3
24.125000	1754.1
24.128750	1790.9
24.132500	1782.7
24.136250	1888.8
24.140000	1873.0
24.143750	1869.2
24.147500	1891.1
24.151250	1925.3
24.155000	1947.6
24.158750	1961.4
24.162500	1963.5
24.166250	1941.0
24.170000	1984.9
24.173750	1977.5
24.177500	2089.8
24.181250	2143.6
24.185000	2143.9
24.188750	2173.4
24.192500	2262.6
24.196250	2297.7
24.200000	2329.3
24.203750	2510.9
24.207500	2627.8
24.211250	2653.8
24.215000	2624.7
24.218750	2666.9
24.222500	2777.9
24.226250	2715.6
24.230000	2711.4
24.233750	2640.5
24.237500	2622.1
24.241250	2581.6
24.245000	2399.8
24.248750	2178.6
24.252500	2147.7
24.256250	2112.8
24.260000	2050.3
24.263750	2135.0
24.267500	2060.6
24.271250	2070.6
24.275000	2020.7
24.278750	1918.8
24.282500	1844.8
24.286250	1877.5
24.290000	1937.2
24.293750	1935.5
24.297500	1926.6
24.301250	1872.1
24.305000	1811.9
24.308750	1794.2
24.312500	1830.6
24.316250	1887.1
24.320000	1852.6
24.323750	1778.6
24.327500	1870.8
24.331250	1907.8
24.335000	1823.9
24.338750	1800.8
24.342500	1824.3
24.346250	1848.1
24.350000	1800.6
24.353750	1754.0
24.357500	1819.5
24.361250	1839.9
24.365000	1800.8
24.368750	1732.7
24.372500	1843.0
24.376250	1792.7
24.380000	1822.3
24.383750	1872.7
24.387500	1864.0
24.391250	1848.0
24.395000	1818.6
24.398750	1765.6
24.402500	1835.4
24.406250	1821.6
24.410000	1829.4
24.413750	1815.8
24.417500	1905.9
24.421250	1829.2
24.425000	1800.4
24.428750	1850.8
24.432500	1793.0
24.436250	1804.3
24.440000	1860.9
24.443750	1886.6
24.447500	1843.0
24.451250	1865.2
24.455000	1888.3
24.458750	1829.0
24.462500	1856.1
24.466250	1860.9
24.470000	1940.6
24.473750	1897.5
24.477500	1856.3
24.481250	1859.9
24.485000	1871.0
24.488750	1926.0
24.492500	1890.3
24.496250	1910.6
24.500000	1922.4
24.503750	1996.8
24.507500	1979.2
24.511250	1941.2
24.515000	1975.6
24.518750	2006.3
24.522500	1980.6
24.526250	2045.6
24.530000	2067.2
24.533750	2045.6
24.537500	2022.9
24.541250	2186.6
24.545000	2214.1
24.548750	2219.2
24.552500	2242.9
24.556250	2217.8
24.560000	2340.2
24.563750	2364.7
24.567500	2471.6
24.571250	2521.0
24.575000	2658.4
24.578750	2701.6
24.582500	2774.5
24.586250	2907.3
24.590000	3153.3
24.593750	3364.5
24.597500	3446.3
24.601250	3628.3
24.605000	3945.4
24.608750	4247.4
24.612500	4336.1
24.616250	4623.8
24.620000	4623.3
24.623750	4729.4
24.627500	4760.0
24.631250	4661.1
24.635000	4497.8
24.638750	4367.1
24.642500	4276.3
24.646250	4063.7
24.650000	4092.0
24.653750	4046.7
24.657500	3895.6
24.661250	3853.4
24.665000	3813.7
24.668750	3914.5
24.672500	3824.3
24.676250	3748.6
24.680000	3898.6
24.683750	3762.6
24.687500	3817.2
24.691250	3857.0
24.695000	3860.0
24.698750	3880.3
24.702500	4026.3
24.706250	4060.6
24.710000	4053.5
24.713750	4196.5
24.717500	4281.6
24.721250	4391.6
24.725000	4434.7
24.728750	4507.7
24.732500	4470.2
24.736250	4475.0
24.740000	4580.2
24.743750	4357.9
24.747500	4159.2
24.751250	4153.0
24.755000	3800.1
24.758750	3604.6
24.762500	3391.7
24.766250	3208.1
24.770000	3052.5
24.773750	2943.5
24.777500	2855.4
24.781250	2704.1
24.785000	2551.5
24.788750	2542.9
24.792500	2386.6
24.796250	2347.5
24.800000	2353.3
24.803750	2278.6
24.807500	2255.7
24.811250	2222.4
24.815000	2155.8
24.818750	2121.5
24.822500	2043.8
24.826250	2120.1
24.830000	2110.7
24.833750	1997.6
24.837500	2052.9
24.841250	2017.6
24.845000	2036.2
24.848750	2014.9
24.852500	1985.8
24.856250	1965.5
24.860000	1964.2
24.863750	1816.7
24.867500	1908.9
24.871250	1999.1
24.875000	1847.2
24.878750	1900.4
24.882500	1881.7
24.886250	1864.7
24.890000	1823.4
24.893750	1864.7
24.897500	1883.9
24.901250	1869.8
24.905000	1863.9
24.908750	1854.6
24.912500	1798.3
24.916250	1817.9
24.920000	1835.3
24.923750	1774.7
24.927500	1855.5
24.931250	1831.2
24.935000	1788.2
24.938750	1804.1
24.942500	1883.0
24.946250	1810.1
24.950000	1799.8
24.953750	1812.5
24.957500	1831.2
24.961250	1859.9
24.965000	1767.3
24.968750	1817.7
24.972500	1801.9
24.976250	1851.1
24.980000	1850.8
24.983750	1771.3
24.987500	1904.4
24.991250	1878.8
24.995000	1873.3
24.998750	1895.1
25.002500	1894.0
25.006250	1851.4
25.010000	1878.9
25.013750	1897.5
25.017500	1858.5
25.021250	1907.7
25.025000	1941.5
25.028750	1935.5
25.032500	1898.6
25.036250	1933.7
25.040000	1955.7
25.043750	1965.2
25.047500	2031.3
25.051250	2016.3
25.055000	1935.4
25.058750	1979.8
25.062500	2009.5
25.066250	1930.1
25.070000	1966.8
25.073750	1987.7
25.077500	2103.7
25.081250	2040.1
25.085000	2071.3
25.088750	2055.8
25.092500	2065.1
25.096250	2032.0
25.100000	2108.7
25.103750	2125.3
25.107500	2113.0
25.111250	2182.0
25.115000	2210.6
25.118750	2268.7
25.122500	2284.4
25.126250	2316.2
25.130000	2356.4
25.133750	2519.4
25.137500	2523.8
25.141250	2513.3
25.145000	2583.1
25.148750	2715.4
25.152500	2872.2
25.156250	2903.7
25.160000	3054.2
25.163750	3217.5
25.167500	3319.7
25.171250	3575.4
25.175000	3813.7
25.178750	4024.2
25.182500	4359.2
25.186250	4452.6
25.190000	4516.8
25.193750	4746.3
25.197500	4786.6
25.201250	4696.9
25.205000	4651.3
25.208750	4472.9
25.212500	4401.7
25.216250	4200.3
25.220000	3839.9
25.223750	3649.7
25.227500	3418.4
25.231250	3173.1
25.235000	2908.6
25.238750	2903.3
25.242500	2682.3
25.246250	2685.9
25.250000	2649.8
25.253750	2494.1
25.257500	2463.5
25.261250	2432.3
25.265000	2252.0
25.268750	2247.5
25.272500	2142.9
25.276250	2166.2
25.280000	2102.5
25.283750	2004.6
25.287500	2075.6
25.291250	2110.6
25.295000	1946.1
25.298750	1981.1
25.302500	2005.1
25.306250	2071.8
25.310000	2142.4
25.313750	2150.7
25.317500	2218.3
25.321250	2286.2
25.325000	2349.1
25.328750	2417.9
25.332500	2233.6
25.336250	2171.9
25.340000	2122.0
25.343750	2052.0
25.347500	1977.5
25.351250	1959.3
25.355000	1799.0
25.358750	1820.8
25.362500	1798.3
25.366250	1704.8
25.370000	1747.7
25.373750	1697.6
25.377500	1730.7
25.381250	1677.9
25.385000	1754.1
25.388750	1754.4
25.392500	1634.0
25.396250	1775.2
25.400000	1692.1
25.403750	1632.0
25.407500	1682.7
25.411250	1654.7
25.415000	1638.9
25.418750	1672.5
25.422500	1728.0
25.426250	1647.2
25.430000	1678.2
25.433750	1630.3
25.437500	1681.2
25.441250	1646.8
25.445000	1616.3
25.448750	1633.9
25.452500	1664.4
25.456250	1626.6
25.460000	1677.6
25.463750	1642.3
25.467500	1666.2
25.471250	1677.0
25.475000	1667.5
25.478750	1621.1
25.482500	1674.9
25.486250	1621.2
25.490000	1710.4
25.493750	1646.2
25.497500	1626.3
25.501250	1596.7
25.505000	1605.4
25.508750	1678.8
25.512500	1627.6
25.516250	1640.9
25.520000	1637.5
25.523750	1700.6
25.527500	1728.2
25.531250	1527.6
25.535000	1619.9
25.538750	1623.2
25.542500	1581.8
25.546250	1722.5
25.550000	1628.1
25.553750	1545.7
25.557500	1658.8
25.561250	1677.2
25.565000	1675.2
25.568750	1678.2
25.572500	1635.6
25.576250	1729.0
25.580000	1673.1
25.583750	1671.6
25.587500	1713.8
25.591250	1639.6
25.595000	1733.4
25.598750	1683.2
25.602500	1832.3
25.606250	1770.6
25.610000	1585.4
25.613750	1570.2
25.617500	1704.1
25.621250	1803.7
25.625000	1669.7
25.628750	1710.5
25.632500	1817.6
25.636250	1826.4
25.640000	1799.3
25.643750	1839.8
25.647500	1901.9
25.651250	1923.1
25.655000	1849.2
25.658750	1904.9
25.662500	1938.1
25.666250	1909.0
25.670000	1930.2
25.673750	1870.0
25.677500	1913.6
25.681250	1930.3
25.685000	1922.0
25.688750	1898.7
25.692500	1845.0
25.696250	1785.3
25.700000	1849.2
25.703750	1864.6
25.707500	1752.1
25.711250	1767.7
25.715000	1818.8
25.718750	1737.9
25.722500	1715.5
25.726250	1748.6
25.730000	1747.3
25.733750	1736.1
25.737500	1673.1
25.741250	1666.3
25.745000	1654.1
25.748750	1646.0
25.752500	1597.3
25.756250	1647.1
25.760000	1638.5
25.763750	1683.0
25.767500	1647.5
25.771250	1600.2
25.775000	1628.5
25.778750	1631.8
25.782500	1644.7
25.786250	1683.7
25.790000	1670.9
25.793750	1640.7
25.797500	1726.3
25.801250	1740.9
25.805000	1620.5
25.808750	1603.9
25.812500	1701.9
25.816250	1719.5
25.820000	1751.4
25.823750	1729.5
25.827500	1797.0
25.831250	1903.3
25.835000	1854.4
25.838750	1912.0
25.842500	1933.0
25.846250	1978.2
25.850000	1967.1
25.853750	1904.8
25.857500	1914.9
25.861250	1844.3
25.865000	1712.1
25.868750	1735.5
25.872500	1718.0
25.876250	1708.3
25.880000	1693.5
25.883750	1623.7
25.887500	1593.1
25.891250	1611.2
25.895000	1600.8
25.898750	1618.1
25.902500	1594.7
25.906250	1631.2
25.910000	1676.8
25.913750	1671.6
25.917500	1690.6
25.921250	1626.4
25.925000	1638.7
25.928750	1662.2
25.932500	1638.8
25.936250	1714.4
25.940000	1622.7
25.943750	1589.6
25.947500	1635.4
25.951250	1652.9
25.955000	1619.9
25.958750	1624.7
25.962500	1610.4
25.966250	1627.6
25.970000	1656.7
25.973750	1654.7
25.977500	1607.0
25.981250	1658.8
25.985000	1670.5
25.988750	1576.7
25.992500	1566.2
25.996250	1671.5
26.000000	1636.2
26.003750	1621.2
26.007500	1668.4
26.011250	1647.1
26.015000	1625.6
26.018750	1635.2
26.022500	1628.1
26.026250	1701.6
26.030000	1745.8
26.033750	1778.8
26.037500	1817.0
26.041250	1797.6
26.045000	1881.1
26.048750	1746.8
26.052500	1644.3
26.056250	1742.7
26.060000	1749.3
26.063750	1742.2
26.067500	1617.5
26.071250	1639.3
26.075000	1690.3
26.078750	1745.8
26.082500	1621.2
26.086250	1626.9
26.090000	1660.1
26.093750	1564.1
26.097500	1557.8
26.101250	1505.9
26.105000	1674.2
26.108750	1663.8
26.112500	1709.9
26.116250	1711.0
26.120000	1710.2
26.123750	1661.7
26.127500	1699.1
26.131250	1632.3
26.135000	1656.1
26.138750	1713.9
26.142500	1739.6
26.146250	1565.4
26.150000	1699.4
26.153750	1703.4
26.157500	1632.8
26.161250	1639.9
26.165000	1613.5
26.168750	1657.7
26.172500	1646.5
26.176250	1667.0
26.180000	1600.7
26.183750	1601.9
26.187500	1666.1
26.191250	1667.0
26.195000	1699.6
26.198750	1671.8
26.202500	1657.0
26.206250	1671.1
26.210000	1681.2
26.213750	1633.1
26.217500	1707.7
26.221250	1713.2
26.225000	1675.6
26.228750	1728.4
26.232500	1628.5
26.236250	1701.5
26.240000	1719.6
26.243750	1676.9
26.247500	1648.4
26.251250	1742.2
26.255000	1672.8
26.258750	1678.3
26.262500	1774.6
26.266250	1746.0
26.270000	1644.5
26.273750	1761.3
26.277500	1723.6
26.281250	1746.4
26.285000	1812.5
26.288750	1768.4
26.292500	1856.1
26.296250	1814.8
26.300000	1771.3
26.303750	1834.3
26.307500	1799.7
26.311250	1857.7
26.315000	1843.0
26.318750	1881.4
26.322500	1839.9
26.326250	1768.5
26.330000	1843.4
26.333750	1874.6
26.337500	1810.4
26.341250	1811.5
26.345000	1839.8
26.348750	1824.1
26.352500	1853.8
26.356250	1823.6
26.360000	1768.8
26.363750	1818.9
26.367500	1857.9
26.371250	1856.8
26.375000	1776.3
26.378750	1870.5
26.382500	1780.5
26.386250	1733.3
26.390000	1714.0
26.393750	1832.8
26.397500	1857.9
26.401250	1828.6
26.405000	1764.2
26.408750	1807.4
26.412500	1824.0
26.416250	1767.9
26.420000	1784.4
26.423750	1827.9
26.427500	1770.7
26.431250	1808.9
26.435000	1864.8
26.438750	1807.9
26.442500	1826.7
26.446250	1825.9
26.450000	1953.9
26.453750	1874.1
26.457500	1871.2
26.461250	1871.7
26.465000	1858.9
26.468750	1894.6
26.472500	1846.1
26.476250	1762.1
26.480000	1876.4
26.483750	1812.3
26.487500	1731.3
26.491250	1783.8
26.495000	1752.3
26.498750	1827.9
26.502500	1778.1
26.506250	1693.6
26.510000	1659.0
26.513750	1754.0
26.517500	1752.8
26.521250	1740.7
26.525000	1756.5
26.528750	1653.3
26.532500	1750.9
26.536250	1724.1
26.540000	1697.7
26.543750	1675.8
26.547500	1645.4
26.551250	1680.5
26.555000	1651.6
26.558750	1692.1
26.562500	1684.0
26.566250	1641.1
26.570000	1618.0
26.573750	1703.9
26.577500	1724.0
26.581250	1678.9
26.585000	1642.1
26.588750	1654.0
26.592500	1679.8
26.596250	1599.9
26.600000	1663.5
26.603750	1622.8
26.607500	1648.1
26.611250	1727.4
26.615000	1735.3
26.618750	1723.7
26.622500	1638.6
26.626250	1731.1
26.630000	1715.7
26.633750	1689.7
26.637500	1618.5
26.641250	1708.1
26.645000	1653.2
26.648750	1683.9
26.652500	1673.6
26.656250	1690.3
26.660000	1663.1
26.663750	1648.5
26.667500	1670.9
26.671250	1631.8
26.675000	1681.8
26.678750	1577.9
26.682500	1571.2
26.686250	1628.6
26.690000	1646.1
26.693750	1660.6
26.697500	1645.4
26.701250	1583.0
26.705000	1610.9
26.708750	1605.6
26.712500	1631.9
26.716250	1594.1
26.720000	1647.4
26.723750	1648.9
26.727500	1635.3
26.731250	1601.8
26.735000	1598.8
26.738750	1574.6
26.742500	1576.4
26.746250	1638.6
26.750000	1619.2
26.753750	1629.9
26.757500	1612.6
26.761250	1571.5
26.765000	1583.0
26.768750	1621.1
26.772500	1638.0
26.776250	1577.3
26.780000	1608.9
26.783750	1630.4
26.787500	1604.6
26.791250	1605.0
26.795000	1607.6
26.798750	1599.4
26.802500	1538.5
26.806250	1566.5
26.810000	1574.4
26.813750	1638.5
26.817500	1640.2
26.821250	1568.3
26.825000	1591.7
26.828750	1684.8
26.832500	1595.2
26.836250	1629.9
26.840000	1630.6
26.843750	1605.9
26.847500	1621.1
26.851250	1597.7
26.855000	1587.4
26.858750	1612.0
26.862500	1645.0
26.866250	1607.2
26.870000	1627.1
26.873750	1653.0
26.877500	1560.0
26.881250	1634.2
26.885000	1698.2
26.888750	1657.4
26.892500	1689.3
26.896250	1631.6
26.900000	1593.3
26.903750	1616.9
26.907500	1608.3
26.911250	1615.3
26.915000	1652.5
26.918750	1635.4
26.922500	1630.4
26.926250	1542.0
26.930000	1643.4
26.933750	1646.4
26.937500	1597.7
26.941250	1587.7
26.945000	1547.6
26.948750	1673.1
26.952500	1634.4
26.956250	1571.6
26.960000	1515.2
26.963750	1590.6
26.967500	1651.2
26.971250	1605.6
26.975000	1611.5
26.978750	1609.9
26.982500	1628.5
26.986250	1592.9
26.990000	1608.9
26.993750	1604.6
26.997500	1635.9
27.001250	1665.8
27.005000	1517.1
27.008750	1533.2
27.012500	1617.4
27.016250	1637.2
27.020000	1618.9
27.023750	1604.8
27.027500	1561.4
27.031250	1586.9
27.035000	1573.0
27.038750	1592.4
27.042500	1566.2
27.046250	1649.9
27.050000	1534.7
27.053750	1558.3
27.057500	1645.9
27.061250	1673.6
27.065000	1627.1
27.068750	1579.9
27.072500	1617.9
27.076250	1618.3
27.080000	1620.9
27.083750	1641.2
27.087500	1609.9
27.091250	1605.9
27.095000	1588.4
27.098750	1603.6
27.102500	1557.5
27.106250	1606.4
27.110000	1648.9
27.113750	1602.4
27.117500	1629.5
27.121250	1628.6
27.125000	1593.7
27.128750	1647.4
27.132500	1637.2
27.136250	1628.9
27.140000	1604.5
27.143750	1668.6
27.147500	1674.5
27.151250	1704.0
27.155000	1735.4
27.158750	1756.5
27.162500	1706.4
27.166250	1725.9
27.170000	1852.2
27.173750	1891.7
27.177500	1912.4
27.181250	1933.3
27.185000	1992.8
27.188750	2008.4
27.192500	1948.3
27.196250	1971.5
27.200000	1951.8
27.203750	1969.5
27.207500	1805.3
27.211250	1706.2
27.215000	1749.8
27.218750	1677.5
27.222500	1648.8
27.226250	1623.0
27.230000	1670.7
27.233750	1613.5
27.237500	1607.0
27.241250	1604.9
27.245000	1640.3
27.248750	1580.6
27.252500	1596.9
27.256250	1671.1
27.260000	1596.9
27.263750	1602.2
27.267500	1590.1
27.271250	1568.7
27.275000	1589.1
27.278750	1525.2
27.282500	1596.9
27.286250	1576.5
27.290000	1594.7
27.293750	1652.7
27.297500	1583.4
27.301250	1616.1
27.305000	1657.0
27.308750	1545.8
27.312500	1515.1
27.316250	1559.4
27.320000	1582.2
27.323750	1599.2
27.327500	1622.3
27.331250	1609.9
27.335000	1587.8
27.338750	1637.1
27.342500	1625.6
27.346250	1554.4
27.350000	1566.8
27.353750	1644.4
27.357500	1652.9
27.361250	1585.0
27.365000	1700.1
27.368750	1627.0
27.372500	1539.1
27.376250	1556.3
27.380000	1638.0
27.383750	1516.1
27.387500	1540.8
27.391250	1586.0
27.395000	1545.7
27.398750	1567.4
27.402500	1593.7
27.406250	1613.1
27.410000	1567.3
27.413750	1542.6
27.417500	1518.2
27.421250	1598.8
27.425000	1555.5
27.428750	1538.7
27.432500	1524.5
27.436250	1595.9
27.440000	1579.7
27.443750	1512.6
27.447500	1535.5
27.451250	1591.0
27.455000	1622.1
27.458750	1520.0
27.462500	1482.0
27.466250	1575.1
27.470000	1602.0
27.473750	1538.5
27.477500	1608.6
27.481250	1507.1
27.485000	1494.6
27.488750	1515.0
27.492500	1554.3
27.496250	1599.4
27.500000	1577.8
27.503750	1516.1
27.507500	1580.0
27.511250	1632.0
27.515000	1507.8
27.518750	1558.9
27.522500	1597.6
27.526250	1592.8
27.530000	1504.4
27.533750	1551.0
27.537500	1586.6
27.541250	1587.0
27.545000	1561.8
27.548750	1504.9
27.552500	1546.4
27.556250	1570.5
27.560000	1588.2
27.563750	1615.4
27.567500	1507.5
27.571250	1530.1
27.575000	1549.8
27.578750	1547.0
27.582500	1529.8
27.586250	1530.5
27.590000	1559.4
27.593750	1545.8
27.597500	1563.7
27.601250	1611.0
27.605000	1579.1
27.608750	1549.8
27.612500	1537.3
27.616250	1537.8
27.620000	1560.2
27.623750	1573.1
27.627500	1578.5
27.631250	1617.1
27.635000	1599.4
27.638750	1534.6
27.642500	1582.6
27.646250	1598.6
27.650000	1501.4
27.653750	1633.5
27.657500	1649.4
27.661250	1573.1
27.665000	1617.7
27.668750	1567.4
27.672500	1636.7
27.676250	1611.2
27.680000	1590.8
27.683750	1591.0
27.687500	1598.8
27.691250	1605.8
27.695000	1500.9
27.698750	1584.8
27.702500	1537.4
27.706250	1530.9
27.710000	1608.4
27.713750	1592.9
27.717500	1539.9
27.721250	1631.4
27.725000	1619.3
27.728750	1563.8
27.732500	1576.2
27.736250	1486.3
27.740000	1626.6
27.743750	1593.8
27.747500	1547.0
27.751250	1611.4
27.755000	1564.8
27.758750	1597.8
27.762500	1612.9
27.766250	1570.2
27.770000	1537.4
27.773750	1592.1
27.777500	1521.1
27.781250	1571.4
27.785000	1606.2
27.788750	1623.4
27.792500	1549.8
27.796250	1612.5
27.800000	1553.8
27.803750	1558.2
27.807500	1569.1
27.811250	1544.6
27.815000	1548.5
27.818750	1602.6
27.822500	1560.4
27.826250	1573.2
27.830000	1631.0
27.833750	1565.5
27.837500	1681.3
27.841250	1622.5
27.845000	1611.0
27.848750	1587.6
27.852500	1634.7
27.856250	1624.4
27.860000	1665.1
27.863750	1626.4
27.867500	1610.6
27.871250	1604.3
27.875000	1592.4
27.878750	1590.7
27.882500	1597.1
27.886250	1599.7
27.890000	1520.0
27.893750	1547.5
27.897500	1547.1
27.901250	1590.6
27.905000	1597.7
27.908750	1554.8
27.912500	1607.3
27.916250	1548.9
27.920000	1603.3
27.923750	1607.3
27.927500	1620.7
27.931250	1644.7
27.935000	1685.6
27.938750	1662.5
27.942500	1545.4
27.946250	1589.3
27.950000	1751.6
27.953750	1638.0
27.957500	1617.1
27.961250	1639.7
27.965000	1658.5
27.968750	1623.3
27.972500	1662.4
27.976250	1695.1
27.980000	1670.2
27.983750	1754.5
27.987500	1658.2
27.991250	1754.1
27.995000	1713.8
27.998750	1731.6
28.002500	1784.4
28.006250	1780.3
28.010000	1795.5
28.013750	1778.0
28.017500	1859.8
28.021250	1906.8
28.025000	1890.7
28.028750	1889.5
28.032500	1996.3
28.036250	1997.5
28.040000	2085.2
28.043750	2137.1
28.047500	2231.5
28.051250	2209.9
28.055000	2313.6
28.058750	2404.0
28.062500	2415.4
28.066250	2585.6
28.070000	2652.6
28.073750	2982.5
28.077500	3174.0
28.081250	3525.3
28.085000	4065.5
28.088750	4785.8
28.092500	5639.2
28.096250	6443.3
28.100000	7078.6
28.103750	7773.1
28.107500	8066.0
28.111250	8363.0
28.115000	8178.7
28.118750	7815.7
28.122500	7222.1
28.126250	6275.8
28.130000	5187.3
28.133750	4287.3
28.137500	3900.2
28.141250	3305.9
28.145000	2971.9
28.148750	2683.8
28.152500	2588.9
28.156250	2371.2
28.160000	2304.7
28.163750	2178.1
28.167500	2114.7
28.171250	1967.8
28.175000	1947.5
28.178750	1934.1
28.182500	1897.6
28.186250	1767.5
28.190000	1818.9
28.193750	1843.0
28.197500	1785.7
28.201250	1683.5
28.205000	1791.5
28.208750	1778.5
28.212500	1712.7
28.216250	1704.4
28.220000	1743.0
28.223750	1726.7
28.227500	1663.6
28.231250	1580.8
28.235000	1651.0
28.238750	1675.7
28.242500	1653.5
28.246250	1645.1
28.250000	1726.4
28.253750	1704.3
28.257500	1611.0
28.261250	1503.3
28.265000	1571.4
28.268750	1653.3
28.272500	1610.4
28.276250	1625.9
28.280000	1620.4
28.283750	1532.2
28.287500	1541.8
28.291250	1631.7
28.295000	1676.8
28.298750	1628.5
28.302500	1524.2
28.306250	1608.3
28.310000	1601.3
28.313750	1556.9
28.317500	1528.1
28.321250	1580.2
28.325000	1552.5
28.328750	1564.8
28.332500	1551.5
28.336250	1569.7
28.340000	1559.3
28.343750	1538.7
28.347500	1563.8
28.351250	1513.4
28.355000	1508.1
28.358750	1487.5
28.362500	1496.7
28.366250	1539.4
28.370000	1544.2
28.373750	1532.3
28.377500	1524.0
28.381250	1504.0
28.385000	1521.7
28.388750	1512.9
28.392500	1482.3
28.396250	1524.6
28.400000	1540.5
28.403750	1479.7
28.407500	1491.9
28.411250	1500.9
28.415000	1455.6
28.418750	1502.0
28.422500	1498.2
28.426250	1516.9
28.430000	1507.7
28.433750	1519.7
28.437500	1511.0
28.441250	1547.9
28.445000	1541.0
28.448750	1459.9
28.452500	1532.2
28.456250	1546.1
28.460000	1552.8
28.463750	1567.3
28.467500	1563.1
28.471250	1457.4
28.475000	1473.3
28.478750	1443.2
28.482500	1450.9
28.486250	1573.2
28.490000	1546.0
28.493750	1491.5
28.497500	1489.2
28.501250	1578.6
28.505000	1523.9
28.508750	1602.3
28.512500	1542.5
28.516250	1493.0
28.520000	1560.5
28.523750	1585.2
28.527500	1499.0
28.531250	1442.9
28.535000	1484.2
28.538750	1447.1
28.542500	1476.3
28.546250	1474.0
28.550000	1491.7
28.553750	1499.7
28.557500	1510.5
28.561250	1535.8
28.565000	1489.0
28.568750	1471.7
28.572500	1510.6
28.576250	1498.2
28.580000	1514.7
28.583750	1415.6
28.587500	1478.3
28.591250	1469.3
28.595000	1458.3
28.598750	1490.6
28.602500	1528.4
28.606250	1531.9
28.610000	1524.7
28.613750	1510.7
28.617500	1538.9
28.621250	1454.8
28.625000	1482.3
28.628750	1514.1
28.632500	1489.6
28.636250	1524.5
28.640000	1541.8
28.643750	1507.1
28.647500	1442.0
28.651250	1478.3
28.655000	1490.2
28.658750	1530.4
28.662500	1532.3
28.666250	1525.7
28.670000	1436.1
28.673750	1482.2
28.677500	1474.1
28.681250	1444.7
28.685000	1475.7
28.688750	1484.7
28.692500	1508.0
28.696250	1467.7
28.700000	1501.7
28.703750	1526.0
28.707500	1557.3
28.711250	1557.0
28.715000	1531.8
28.718750	1493.3
28.722500	1475.1
28.726250	1466.3
28.730000	1477.5
28.733750	1551.2
28.737500	1535.5
28.741250	1503.4
28.745000	1508.0
28.748750	1502.0
28.752500	1502.2
28.756250	1557.5
28.760000	1456.3
28.763750	1448.5
28.767500	1490.3
28.771250	1494.1
28.775000	1504.9
28.778750	1512.6
28.782500	1563.1
28.786250	1557.9
28.790000	1477.0
28.793750	1506.3
28.797500	1554.8
28.801250	1554.3
28.805000	1575.7
28.808750	1579.2
28.812500	1518.1
28.816250	1548.7
28.820000	1544.2
28.823750	1503.7
28.827500	1534.4
28.831250	1541.4
28.835000	1544.5
28.838750	1574.4
28.842500	1511.8
28.846250	1540.4
28.850000	1565.9
28.853750	1503.4
28.857500	1580.4
28.861250	1544.2
28.865000	1512.5
28.868750	1537.4
28.872500	1554.3
28.876250	1566.7
28.880000	1479.0
28.883750	1522.0
28.887500	1619.1
28.891250	1624.9
28.895000	1563.7
28.898750	1544.0
28.902500	1578.1
28.906250	1559.2
28.910000	1611.1
28.913750	1610.8
28.917500	1642.0
28.921250	1668.2
28.925000	1619.4
28.928750	1622.3
28.932500	1658.8
28.936250	1648.0
28.940000	1707.8
28.943750	1784.5
28.947500	1735.2
28.951250	1716.0
28.955000	1666.0
28.958750	1801.7
28.962500	1838.3
28.966250	1897.7
28.970000	1859.9
28.973750	1952.7
28.977500	2001.9
28.981250	2035.5
28.985000	2098.5
28.988750	2109.4
28.992500	2221.8
28.996250	2241.5
29.000000	2205.4
29.003750	2264.3
29.007500	2247.1
29.011250	2304.1
29.015000	2234.8
29.018750	2247.1
29.022500	2161.9
29.026250	2156.2
29.030000	2067.9
29.033750	2125.2
29.037500	2046.8
29.041250	2091.0
29.045000	2033.3
29.048750	1976.4
29.052500	2022.1
29.056250	2014.5
29.060000	1926.0
29.063750	1975.5
29.067500	1956.1
29.071250	2029.2
29.075000	1921.8
29.078750	1958.6
29.082500	2030.0
29.086250	2048.3
29.090000	1990.0
29.093750	1955.7
29.097500	1964.3
29.101250	1960.1
29.105000	1935.3
29.108750	1899.1
29.112500	1988.2
29.116250	1980.5
29.120000	1938.0
29.123750	1960.8
29.127500	1949.8
29.131250	2032.0
29.135000	1992.2
29.138750	1946.3
29.142500	1942.9
29.146250	2013.4
29.150000	2145.8
29.153750	2107.7
29.157500	2056.1
29.161250	2132.8
29.165000	2076.0
29.168750	2161.3
29.172500	2151.0
29.176250	2140.9
29.180000	2140.3
29.183750	2192.8
29.187500	2079.0
29.191250	2157.3
29.195000	2105.9
29.198750	2046.1
29.202500	1999.2
29.206250	2012.2
29.210000	1918.2
29.213750	1926.4
29.217500	1785.8
29.221250	1879.0
29.225000	1790.6
29.228750	1775.2
29.232500	1777.6
29.236250	1759.7
29.240000	1756.9
29.243750	1744.9
29.247500	1701.3
29.251250	1818.5
29.255000	1764.5
29.258750	1842.0
29.262500	1754.1
29.266250	1774.3
29.270000	1808.2
29.273750	1827.8
29.277500	1681.2
29.281250	1649.5
29.285000	1629.1
29.288750	1609.1
29.292500	1588.0
29.296250	1552.3
29.300000	1624.5
29.303750	1583.4
29.307500	1478.9
29.311250	1480.0
29.315000	1533.9
29.318750	1563.2
29.322500	1513.6
29.326250	1478.8
29.330000	1509.0
29.333750	1479.4
29.337500	1451.1
29.341250	1461.6
29.345000	1492.6
29.348750	1548.6
29.352500	1548.7
29.356250	1506.7
29.360000	1511.9
29.363750	1476.1
29.367500	1488.2
29.371250	1462.3
29.375000	1543.9
29.378750	1495.8
29.382500	1501.1
29.386250	1523.3
29.390000	1479.2
29.393750	1501.3
29.397500	1503.9
29.401250	1497.5
29.405000	1460.1
29.408750	1456.4
29.412500	1455.1
29.416250	1455.8
29.420000	1460.6
29.423750	1432.4
29.427500	1467.3
29.431250	1476.4
29.435000	1408.8
29.438750	1458.5
29.442500	1402.6
29.446250	1426.7
29.450000	1380.2
29.453750	1405.0
29.457500	1486.8
29.461250	1376.1
29.465000	1477.8
29.468750	1407.2
29.472500	1445.9
29.476250	1409.7
29.480000	1401.3
29.483750	1454.0
29.487500	1411.9
29.491250	1431.3
29.495000	1437.8
29.498750	1399.1
29.502500	1350.4
29.506250	1399.6
29.510000	1420.2
29.513750	1429.8
29.517500	1440.1
29.521250	1365.8
29.525000	1424.1
29.528750	1385.4
29.532500	1423.3
29.536250	1417.8
29.540000	1468.1
29.543750	1375.7
29.547500	1364.6
29.551250	1390.9
29.555000	1417.6
29.558750	1499.4
29.562500	1423.2
29.566250	1432.2
29.570000	1501.6
29.573750	1475.9
29.577500	1392.2
29.581250	1377.4
29.585000	1406.2
29.588750	1486.2
29.592500	1470.4
29.596250	1414.9
29.600000	1428.1
29.603750	1494.7
29.607500	1459.3
29.611250	1454.6
29.615000	1478.5
29.618750	1488.3
29.622500	1445.0
29.626250	1481.7
29.630000	1455.3
29.633750	1512.0
29.637500	1454.2
29.641250	1543.9
29.645000	1454.1
29.648750	1498.1
29.652500	1597.3
29.656250	1563.3
29.660000	1542.5
29.663750	1595.8
29.667500	1591.9
29.671250	1612.6
29.675000	1682.2
29.678750	1597.5
29.682500	1618.0
29.686250	1680.3
29.690000	1620.1
29.693750	1612.6
29.697500	1578.3
29.701250	1586.5
29.705000	1552.5
29.708750	1514.8
29.712500	1534.9
29.716250	1490.6
29.720000	1502.6
29.723750	1500.7
29.727500	1461.2
29.731250	1482.8
29.735000	1455.0
29.738750	1510.7
29.742500	1465.9
29.746250	1496.0
29.750000	1501.6
29.753750	1500.5
29.757500	1571.9
29.761250	1534.9
29.765000	1479.5
29.768750	1479.2
29.772500	1502.9
29.776250	1504.2
29.780000	1487.0
29.783750	1544.6
29.787500	1545.9
29.791250	1433.9
29.795000	1500.8
29.798750	1507.5
29.802500	1567.4
29.806250	1444.2
29.810000	1509.9
29.813750	1533.1
29.817500	1459.7
29.821250	1493.4
29.825000	1517.3
29.828750	1534.6
29.832500	1613.7
29.836250	1618.0
29.840000	1513.8
29.843750	1527.7
29.847500	1657.3
29.851250	1603.4
29.855000	1724.0
29.858750	1690.3
29.862500	1677.0
29.866250	1713.8
29.870000	1738.3
29.873750	1741.1
29.877500	1847.4
29.881250	1833.5
29.885000	1860.9
29.888750	1846.7
29.892500	1838.9
29.896250	1925.4
29.900000	1843.0
29.903750	1901.1
29.907500	1933.9
29.911250	1833.3
29.915000	1816.8
29.918750	1777.4
29.922500	1705.8
29.926250	1682.8
29.930000	1843.3
29.933750	1667.9
29.937500	1604.5
29.941250	1644.1
29.945000	1599.4
29.948750	1632.6
29.952500	1540.2
29.956250	1509.2
29.960000	1533.3
29.963750	1549.8
29.967500	1518.0
29.971250	1492.6
29.975000	1430.6
29.978750	1480.6
29.982500	1484.3
29.986250	1456.5
29.990000	1536.4
29.993750	1466.3
29.997500	1391.5
30.001250	1395.8
30.005000	1418.4
30.008750	1415.3
30.012500	1376.3
30.016250	1359.3
30.020000	1463.0
30.023750	1404.1
30.027500	1446.8
30.031250	1383.7
30.035000	1373.9
30.038750	1433.0
30.042500	1417.6
30.046250	1411.2
30.050000	1433.3
30.053750	1405.9
30.057500	1417.9
30.061250	1404.0
30.065000	1363.8
30.068750	1351.9
30.072500	1375.9
30.076250	1422.9
30.080000	1399.9
30.083750	1402.7
30.087500	1424.4
30.091250	1405.0
30.095000	1383.7
30.098750	1401.4
30.102500	1408.2
30.106250	1336.9
30.110000	1390.3
30.113750	1419.0
30.117500	1418.6
30.121250	1375.8
30.125000	1364.1
30.128750	1441.5
30.132500	1420.3
30.136250	1349.1
30.140000	1371.4
30.143750	1418.7
30.147500	1396.7
30.151250	1463.1
30.155000	1440.2
30.158750	1521.6
30.162500	1479.8
30.166250	1518.4
30.170000	1489.5
30.173750	1452.3
30.177500	1475.9
30.181250	1533.3
30.185000	1547.8
30.188750	1506.5
30.192500	1556.0
30.196250	1536.2
30.200000	1538.8
30.203750	1508.4
30.207500	1534.8
30.211250	1506.2
30.215000	1488.6
30.218750	1479.9
30.222500	1438.4
30.226250	1410.0
30.230000	1378.5
30.233750	1467.0
30.237500	1481.2
30.241250	1353.6
30.245000	1406.4
30.248750	1382.8
30.252500	1359.1
30.256250	1424.0
30.260000	1450.7
30.263750	1476.4
30.267500	1351.7
30.271250	1380.3
30.275000	1388.6
30.278750	1347.3
30.282500	1403.6
30.286250	1362.6
30.290000	1348.4
30.293750	1356.5
30.297500	1350.6
30.301250	1375.7
30.305000	1336.2
30.308750	1360.6
30.312500	1447.0
30.316250	1388.7
30.320000	1379.8
30.323750	1358.1
30.327500	1399.6
30.331250	1354.1
30.335000	1333.4
30.338750	1380.2
30.342500	1418.7
30.346250	1399.2
30.350000	1391.1
30.353750	1358.2
30.357500	1401.8
30.361250	1356.9
30.365000	1355.2
30.368750	1426.4
30.372500	1419.4
30.376250	1408.8
30.380000	1414.6
30.383750	1324.2
30.387500	1439.9
30.391250	1328.5
30.395000	1362.7
30.398750	1452.0
30.402500	1425.5
30.406250	1404.3
30.410000	1377.3
30.413750	1414.3
30.417500	1331.4
30.421250	1316.8
30.425000	1384.7
30.428750	1437.9
30.432500	1385.4
30.436250	1341.1
30.440000	1352.3
30.443750	1384.5
30.447500	1382.0
30.451250	1428.6
30.455000	1361.6
30.458750	1359.7
30.462500	1367.8
30.466250	1402.7
30.470000	1407.1
30.473750	1387.9
30.477500	1406.0
30.481250	1340.4
30.485000	1419.0
30.488750	1355.0
30.492500	1355.0
30.496250	1454.6
30.500000	1481.1
30.503750	1359.0
30.507500	1450.2
30.511250	1464.4
30.515000	1427.3
30.518750	1438.6
30.522500	1533.8
30.526250	1548.0
30.530000	1529.6
30.533750	1553.2
30.537500	1574.4
30.541250	1535.9
30.545000	1505.3
30.548750	1639.7
30.552500	1647.0
30.556250	1531.8
30.560000	1640.2
30.563750	1676.3
30.567500	1625.0
30.571250	1508.9
30.575000	1698.9
30.578750	1717.6
30.582500	1673.0
30.586250	1663.4
30.590000	1644.0
30.593750	1650.3
30.597500	1631.1
30.601250	1610.1
30.605000	1595.9
30.608750	1600.9
30.612500	1488.7
30.616250	1490.6
30.620000	1565.2
30.623750	1507.5
30.627500	1465.8
30.631250	1524.7
30.635000	1435.6
30.638750	1372.5
30.642500	1502.2
30.646250	1351.6
30.650000	1386.0
30.653750	1514.2
30.657500	1412.0
30.661250	1441.8
30.665000	1394.7
30.668750	1395.3
30.672500	1360.5
30.676250	1375.0
30.680000	1331.2
30.683750	1310.7
30.687500	1394.9
30.691250	1311.6
30.695000	1323.8
30.698750	1346.6
30.702500	1371.6
30.706250	1352.7
30.710000	1387.4
30.713750	1369.2
30.717500	1273.8
30.721250	1322.9
30.725000	1299.4
30.728750	1266.2
30.732500	1361.0
30.736250	1287.0
30.740000	1311.7
30.743750	1341.2
30.747500	1318.0
30.751250	1279.9
30.755000	1309.4
30.758750	1315.8
30.762500	1268.4
30.766250	1335.1
30.770000	1319.4
30.773750	1261.8
30.777500	1266.4
30.781250	1335.3
30.785000	1357.9
30.788750	1361.0
30.792500	1312.9
30.796250	1249.3
30.800000	1312.0
30.803750	1288.9
30.807500	1315.6
30.811250	1290.7
30.815000	1283.6
30.818750	1267.0
30.822500	1278.1
30.826250	1279.9
30.830000	1315.4
30.833750	1289.3
30.837500	1261.6
30.841250	1277.4
30.845000	1221.6
30.848750	1307.5
30.852500	1263.2
30.856250	1312.8
30.860000	1265.8
30.863750	1179.6
30.867500	1241.1
30.871250	1249.1
30.875000	1233.3
30.878750	1275.2
30.882500	1298.2
30.886250	1322.7
30.890000	1342.1
30.893750	1333.5
30.897500	1225.6
30.901250	1281.6
30.905000	1311.3
30.908750	1252.0
30.912500	1280.8
30.916250	1356.8
30.920000	1309.4
30.923750	1262.8
30.927500	1280.9
30.931250	1259.8
30.935000	1291.6
30.938750	1237.0
30.942500	1318.8
30.946250	1339.5
30.950000	1327.4
30.953750	1279.8
30.957500	1343.4
30.961250	1323.2
30.965000	1291.3
30.968750	1343.1
30.972500	1284.5
30.976250	1294.3
30.980000	1315.3
30.983750	1405.3
30.987500	1406.4
30.991250	1361.9
30.995000	1379.8
30.998750	1365.8
31.002500	1410.9
31.006250	1386.7
31.010000	1411.5
31.013750	1459.1
31.017500	1390.1
31.021250	1388.1
31.025000	1382.0
31.028750	1452.8
31.032500	1378.9
31.036250	1417.0
31.040000	1287.8
31.043750	1368.4
31.047500	1367.5
31.051250	1330.4
31.055000	1304.0
31.058750	1303.2
31.062500	1301.3
31.066250	1262.6
31.070000	1292.9
31.073750	1280.0
31.077500	1256.2
31.081250	1349.7
31.085000	1295.4
31.088750	1262.7
31.092500	1258.6
31.096250	1316.0
31.100000	1315.4
31.103750	1344.2
31.107500	1291.6
31.111250	1236.3
31.115000	1216.1
31.118750	1279.8
31.122500	1200.0
31.126250	1273.0
31.130000	1223.4
31.133750	1201.0
31.137500	1210.7
31.141250	1254.8
31.145000	1306.2
31.148750	1303.7
31.152500	1319.6
31.156250	1257.8
31.160000	1240.4
31.163750	1320.2
31.167500	1283.3
31.171250	1116.9
31.175000	1265.4
31.178750	1264.1
31.182500	1245.5
31.186250	1312.4
31.190000	1229.4
31.193750	1205.4
31.197500	1230.7
31.201250	1297.6
31.205000	1308.1
31.208750	1246.8
31.212500	1220.5
31.216250	1239.9
31.220000	1247.3
31.223750	1155.9
31.227500	1236.9
31.231250	1247.0
31.235000	1204.3
31.238750	1220.8
31.242500	1229.3
31.246250	1211.7
31.250000	1252.9
31.253750	1245.1
31.257500	1193.3
31.261250	1233.2
31.265000	1218.8
31.268750	1270.1
31.272500	1274.3
31.276250	1226.9
31.280000	1217.4
31.283750	1251.0
31.287500	1289.6
31.291250	1224.4
31.295000	1273.5
31.298750	1245.3
31.302500	1133.8
31.306250	1178.7
31.310000	1199.1
31.313750	1192.4
31.317500	1269.0
31.321250	1225.2
31.325000	1192.8
31.328750	1316.3
31.332500	1255.0
31.336250	1222.9
31.340000	1179.6
31.343750	1209.9
31.347500	1241.6
31.351250	1260.5
31.355000	1232.5
31.358750	1245.4
31.362500	1266.1
31.366250	1262.7
31.370000	1266.4
31.373750	1281.9
31.377500	1206.7
31.381250	1297.8
31.385000	1315.3
31.388750	1227.7
31.392500	1252.3
31.396250	1319.0
31.400000	1283.6
31.403750	1250.0
31.407500	1317.3
31.411250	1315.7
31.415000	1348.4
31.418750	1360.6
31.422500	1384.7
31.426250	1364.2
31.430000	1395.2
31.433750	1400.8
31.437500	1427.7
31.441250	1345.8
31.445000	1386.2
31.448750	1444.0
31.452500	1422.6
31.456250	1372.7
31.460000	1355.3
31.463750	1371.5
31.467500	1368.6
31.471250	1401.3
31.475000	1370.2
31.478750	1346.1
31.482500	1297.6
31.486250	1324.7
31.490000	1406.7
31.493750	1389.5
31.497500	1441.0
31.501250	1348.5
31.505000	1369.6
31.508750	1369.5
31.512500	1381.1
31.516250	1366.1
31.520000	1392.4
31.523750	1367.8
31.527500	1416.2
31.531250	1503.6
31.535000	1475.4
31.538750	1418.7
31.542500	1451.8
31.546250	1444.0
31.550000	1478.6
31.553750	1515.4
31.557500	1516.2
31.561250	1487.7
31.565000	1512.6
31.568750	1542.4
31.572500	1544.9
31.576250	1521.2
31.580000	1542.7
31.583750	1524.6
31.587500	1554.9
31.591250	1537.8
31.595000	1451.5
31.598750	1500.6
31.602500	1496.0
31.606250	1508.1
31.610000	1504.3
31.613750	1456.4
31.617500	1489.3
31.621250	1392.8
31.625000	1421.6
31.628750	1442.4
31.632500	1502.6
31.636250	1467.1
31.640000	1385.2
31.643750	1359.7
31.647500	1341.3
31.651250	1330.2
31.655000	1335.4
31.658750	1325.8
31.662500	1301.3
31.666250	1258.6
31.670000	1314.8
31.673750	1291.8
31.677500	1252.7
31.681250	1291.0
31.685000	1301.0
31.688750	1210.1
31.692500	1234.7
31.696250	1223.1
31.700000	1213.6
31.703750	1168.7
31.707500	1163.0
31.711250	1143.7
31.715000	1181.6
31.718750	1208.7
31.722500	1160.6
31.726250	1201.1
31.730000	1162.3
31.733750	1172.2
31.737500	1228.0
31.741250	1165.4
31.745000	1145.1
31.748750	1184.3
31.752500	1158.3
31.756250	1141.2
31.760000	1145.6
31.763750	1123.7
31.767500	1181.9
31.771250	1118.7
31.775000	1138.3
31.778750	1147.3
31.782500	1072.0
31.786250	1216.1
31.790000	1152.9
31.793750	1194.4
31.797500	1159.7
31.801250	1183.4
31.805000	1119.0
31.808750	1122.2
31.812500	1120.3
31.816250	1145.0
31.820000	1177.5
31.823750	1134.0
31.827500	1113.8
31.831250	1111.2
31.835000	1170.9
31.838750	1154.0
31.842500	1178.5
31.846250	1081.0
31.850000	1113.0
31.853750	1097.5
31.857500	1119.8
31.861250	1193.8
31.865000	1198.8
31.868750	1159.7
31.872500	1111.2
31.876250	1104.0
31.880000	1128.3
31.883750	1121.6
31.887500	1178.8
31.891250	1168.0
31.895000	1236.0
31.898750	1260.2
31.902500	1266.4
31.906250	1259.4
31.910000	1395.0
31.913750	1390.0
31.917500	1550.0
31.921250	1655.7
31.925000	1793.0
31.928750	1906.2
31.932500	1987.9
31.936250	2019.8
31.940000	1930.6
31.943750	1975.4
31.947500	1915.3
31.951250	1769.4
31.955000	1702.4
31.958750	1485.5
31.962500	1335.9
31.966250	1286.3
31.970000	1188.1
31.973750	1221.0
31.977500	1175.7
31.981250	1243.0
31.985000	1223.8
31.988750	1142.6
31.992500	1090.7
31.996250	1196.1
32.000000	1190.2
32.003750	1108.5
32.007500	1164.3
32.011250	1173.9
32.015000	1078.9
32.018750	1121.5
32.022500	1168.0
32.026250	1164.5
32.030000	1172.2
32.033750	1153.2
32.037500	1189.4
32.041250	1183.8
32.045000	1178.6
32.048750	1139.3
32.052500	1196.9
32.056250	1157.8
32.060000	1116.2
32.063750	1208.7
32.067500	1228.5
32.071250	1223.6
32.075000	1213.3
32.078750	1190.6
32.082500	1233.4
32.086250	1208.1
32.090000	1186.3
32.093750	1146.7
32.097500	1201.4
32.101250	1174.3
32.105000	1188.2
32.108750	1156.4
32.112500	1197.9
32.116250	1100.9
32.120000	1210.3
32.123750	1113.1
32.127500	1100.5
32.131250	1124.7
32.135000	1104.4
32.138750	1105.1
32.142500	1205.6
32.146250	1159.4
32.150000	1141.3
32.153750	1137.0
32.157500	1144.4
32.161250	1122.2
32.165000	1171.2
32.168750	1128.9
32.172500	1131.8
32.176250	1108.3
32.180000	1089.6
32.183750	1097.6
32.187500	1105.6
32.191250	1134.2
32.195000	1221.8
32.198750	1182.8
32.202500	1091.9
32.206250	1108.3
32.210000	1127.5
32.213750	1115.0
32.217500	1152.3
32.221250	1114.6
32.225000	1206.2
32.228750	1154.7
32.232500	1151.8
32.236250	1155.4
32.240000	1072.4
32.243750	1074.1
32.247500	1110.3
32.251250	1094.4
32.255000	1046.6
32.258750	1139.4
32.262500	1139.8
32.266250	1061.3
32.270000	1055.9
32.273750	1104.3
32.277500	1103.9
32.281250	1098.7
32.285000	1092.8
32.288750	1098.5
32.292500	1116.2
32.296250	1113.4
32.300000	1109.7
32.303750	1120.9
32.307500	1069.1
32.311250	1102.5
32.315000	1049.7
32.318750	1068.0
32.322500	1092.3
32.326250	1057.5
32.330000	1094.5
32.333750	1140.3
32.337500	1163.0
32.341250	1122.0
32.345000	1150.1
32.348750	1174.5
32.352500	1086.5
32.356250	1097.2
32.360000	1131.1
32.363750	1071.6
32.367500	1116.0
32.371250	1137.6
32.375000	1140.2
32.378750	1134.9
32.382500	1173.0
32.386250	1140.5
32.390000	1164.5
32.393750	1108.4
32.397500	1171.8
32.401250	1142.7
32.405000	1157.5
32.408750	1125.1
32.412500	1105.3
32.416250	1208.5
32.420000	1155.4
32.423750	1137.6
32.427500	1213.0
32.431250	1245.4
32.435000	1227.7
32.438750	1220.8
32.442500	1296.9
32.446250	1264.4
32.450000	1309.0
32.453750	1359.1
32.457500	1387.2
32.461250	1389.8
32.465000	1491.7
32.468750	1446.6
32.472500	1456.8
32.476250	1577.6
32.480000	1590.5
32.483750	1567.3
32.487500	1529.5
32.491250	1595.6
32.495000	1616.7
32.498750	1643.7
32.502500	1562.1
32.506250	1499.2
32.510000	1404.2
32.513750	1413.7
32.517500	1319.4
32.521250	1311.3
32.525000	1258.8
32.528750	1206.1
32.532500	1189.6
32.536250	1142.4
32.540000	1166.3
32.543750	1153.3
32.547500	1213.8
32.551250	1150.9
32.555000	1098.1
32.558750	1136.1
32.562500	1153.8
32.566250	1118.4
32.570000	1177.0
32.573750	1146.7
32.577500	1088.9
32.581250	1074.7
32.585000	1109.4
32.588750	1002.9
32.592500	1096.8
32.596250	1117.9
32.600000	1000.5
32.603750	1038.1
32.607500	1112.4
32.611250	1063.6
32.615000	1037.7
32.618750	1138.3
32.622500	1102.5
32.626250	1072.2
32.630000	1102.0
32.633750	1027.9
32.637500	1034.4
32.641250	1045.3
32.645000	1051.4
32.648750	994.8
32.652500	1069.5
32.656250	1128.7
32.660000	1093.6
32.663750	1102.9
32.667500	1115.3
32.671250	1056.3
32.675000	1057.8
32.678750	1072.5
32.682500	1095.5
32.686250	1131.0
32.690000	1072.0
32.693750	1084.4
32.697500	1072.6
32.701250	1021.6
32.705000	1059.9
32.708750	1027.9
32.712500	1011.1
32.716250	1035.6
32.720000	1091.1
32.723750	1121.1
32.727500	1037.5
32.731250	1071.6
32.735000	1091.2
32.738750	1040.7
32.742500	1048.8
32.746250	1041.4
32.750000	1005.2
32.753750	1018.3
32.757500	1113.2
32.761250	1041.4
32.765000	1024.0
32.768750	1030.5
32.772500	983.4
32.776250	1067.4
32.780000	1031.0
32.783750	1035.3
32.787500	1018.4
32.791250	1095.6
32.795000	1063.5
32.798750	1056.0
32.802500	1086.0
32.806250	1096.1
32.810000	1046.1
32.813750	1028.9
32.817500	1044.1
32.821250	1053.9
32.825000	1059.0
32.828750	1011.8
32.832500	1089.8
32.836250	1045.0
32.840000	1052.5
32.843750	1050.8
32.847500	1001.0
32.851250	1019.7
32.855000	1087.6
32.858750	976.5
32.862500	996.5
32.866250	985.4
32.870000	989.0
32.873750	979.3
32.877500	1024.4
32.881250	1035.5
32.885000	1075.3
32.888750	1055.8
32.892500	1072.2
32.896250	1035.3
32.900000	1043.0
32.903750	1077.5
32.907500	1023.6
32.911250	970.2
32.915000	1018.6
32.918750	1010.4
32.922500	1049.1
32.926250	1041.6
32.930000	1045.0
32.933750	1082.1
32.937500	1045.6
32.941250	1045.5
32.945000	966.1
32.948750	963.6
32.952500	1025.8
32.956250	987.6
32.960000	1054.9
32.963750	1031.6
32.967500	1022.5
32.971250	1058.5
32.975000	1018.6
32.978750	1060.9
32.982500	1030.7
32.986250	1005.9
32.990000	1013.9
32.993750	1014.3
32.997500	1027.4
33.001250	1041.9
33.005000	998.7
33.008750	1010.4
33.012500	1030.8
33.016250	995.4
33.020000	1034.3
33.023750	1053.1
33.027500	996.1
33.031250	1042.2
33.035000	1001.7
33.038750	957.3
33.042500	978.7
33.046250	1055.6
33.050000	1021.8
33.053750	993.9
33.057500	958.3
33.061250	1052.4
33.065000	1004.2
33.068750	1044.5
33.072500	1047.1
33.076250	990.7
33.080000	1064.1
33.083750	1059.3
33.087500	1047.1
33.091250	1023.5
33.095000	995.0
33.098750	960.5
33.102500	1076.6
33.106250	1013.4
33.110000	1018.7
33.113750	973.8
33.117500	961.0
33.121250	1017.1
33.125000	991.5
33.128750	1024.4
33.132500	986.7
33.136250	998.9
33.140000	938.6
33.143750	1035.6
33.147500	1027.1
33.151250	1002.9
33.155000	997.5
33.158750	1015.6
33.162500	1086.2
33.166250	1009.5
33.170000	972.4
33.173750	998.4
33.177500	1042.2
33.181250	1021.2
33.185000	1013.8
33.188750	1067.8
33.192500	1020.4
33.196250	1006.4
33.200000	1003.2
33.203750	939.8
33.207500	1025.0
33.211250	1057.3
33.215000	1047.5
33.218750	1037.9
33.222500	1035.0
33.226250	1069.8
33.230000	1014.2
33.233750	991.3
33.237500	1058.9
33.241250	1082.7
33.245000	1010.4
33.248750	1060.2
33.252500	1014.6
33.256250	981.0
33.260000	1073.3
33.263750	1068.8
33.267500	1009.9
33.271250	992.7
33.275000	1076.4
33.278750	1069.2
33.282500	1032.3
33.286250	1095.6
33.290000	1025.2
33.293750	999.5
33.297500	1042.5
33.301250	1014.4
33.305000	1021.9
33.308750	1021.7
33.312500	1085.6
33.316250	970.8
33.320000	1004.5
33.323750	1037.3
33.327500	1038.3
33.331250	994.3
33.335000	1003.5
33.338750	1077.8
33.342500	998.7
33.346250	1001.4
33.350000	994.7
33.353750	1042.4
33.357500	1005.0
33.361250	994.2
33.365000	995.6
33.368750	1009.9
33.372500	936.5
33.376250	980.4
33.380000	931.2
33.383750	977.7
33.387500	989.5
33.391250	996.2
33.395000	991.9
33.398750	951.4
33.402500	969.0
33.406250	1022.3
33.410000	982.0
33.413750	983.4
33.417500	965.0
33.421250	1049.2
33.425000	1033.8
33.428750	985.7
33.432500	998.7
33.436250	940.7
33.440000	999.3
33.443750	984.1
33.447500	967.5
33.451250	1063.3
33.455000	993.2
33.458750	971.2
33.462500	974.5
33.466250	971.0
33.470000	952.4
33.473750	959.4
33.477500	959.1
33.481250	1008.4
33.485000	1004.5
33.488750	964.7
33.492500	1002.8
33.496250	971.9
33.500000	1003.5
33.503750	1028.7
33.507500	984.7
33.511250	1012.7
33.515000	968.3
33.518750	979.2
33.522500	1023.6
33.526250	1031.6
33.530000	1041.8
33.533750	1025.9
33.537500	977.4
33.541250	977.4
33.545000	989.8
33.548750	1009.0
33.552500	1013.5
33.556250	1018.6
33.560000	1000.3
33.563750	977.0
33.567500	1011.2
33.571250	999.5
33.575000	1025.8
33.578750	1006.0
33.582500	990.1
33.586250	1024.5
33.590000	1030.6
33.593750	1032.8
33.597500	1022.2
33.601250	933.6
33.605000	971.5
33.608750	1008.9
33.612500	983.9
33.616250	967.8
33.620000	998.4
33.623750	989.8
33.627500	998.1
33.631250	1008.5
33.635000	1004.2
33.638750	995.8
33.642500	997.4
33.646250	990.6
33.650000	1014.0
33.653750	974.2
33.657500	1015.8
33.661250	987.1
33.665000	930.9
33.668750	1015.8
33.672500	1005.1
33.676250	962.1
33.680000	984.6
33.683750	1006.0
33.687500	975.3
33.691250	970.1
33.695000	963.7
33.698750	996.3
33.702500	971.5
33.706250	1008.2
33.710000	1018.5
33.713750	989.9
33.717500	969.2
33.721250	1008.5
33.725000	996.0
33.728750	982.5
33.732500	991.4
33.736250	978.3
33.740000	951.7
33.743750	1048.8
33.747500	1058.8
33.751250	909.3
33.755000	956.9
33.758750	969.5
33.762500	960.5
33.766250	983.7
33.770000	1009.5
33.773750	1032.4
33.777500	1033.2
33.781250	960.9
33.785000	1028.3
33.788750	1019.7
33.792500	1014.4
33.796250	970.7
33.800000	1012.6
33.803750	983.0
33.807500	985.6
33.811250	1045.8
33.815000	991.0
33.818750	968.2
33.822500	962.5
33.826250	993.6
33.830000	1010.3
33.833750	1001.0
33.837500	1039.6
33.841250	1048.3
33.845000	996.2
33.848750	991.7
33.852500	1022.1
33.856250	964.2
33.860000	954.6
33.863750	1050.7
33.867500	994.5
33.871250	988.5
33.875000	1055.2
33.878750	1033.5
33.882500	1009.0
33.886250	996.8
33.890000	1017.6
33.893750	978.4
33.897500	981.1
33.901250	1004.4
33.905000	969.9
33.908750	940.9
33.912500	1031.9
33.916250	1015.9
33.920000	978.0
33.923750	992.8
33.927500	1009.0
33.931250	954.8
33.935000	963.4
33.938750	989.9
33.942500	1036.2
33.946250	1055.8
33.950000	1029.0
33.953750	1056.5
33.957500	1036.2
33.961250	1014.7
33.965000	996.3
33.968750	1023.1
33.972500	1029.0
33.976250	983.4
33.980000	1021.1
33.983750	1090.3
33.987500	1030.8
33.991250	1079.2
33.995000	1119.1
33.998750	1130.1
34.002500	1107.7
34.006250	1077.1
34.010000	1051.9
34.013750	1111.1
34.017500	1116.1
34.021250	1153.7
34.025000	1211.7
34.028750	1199.4
34.032500	1183.1
34.036250	1189.3
34.040000	1171.9
34.043750	1205.9
34.047500	1199.4
34.051250	1188.1
34.055000	1159.0
34.058750	1154.2
34.062500	1066.5
34.066250	1081.9
34.070000	1120.8
34.073750	1133.2
34.077500	1086.2
34.081250	1110.7
34.085000	1083.4
34.088750	1103.3
34.092500	1060.0
34.096250	1084.8
34.100000	1041.1
34.103750	1048.9
34.107500	1025.6
34.111250	1069.7
34.115000	1050.1
34.118750	983.1
34.122500	1048.1
34.126250	1058.6
34.130000	984.7
34.133750	1072.8
34.137500	1073.6
34.141250	1018.5
34.145000	993.0
34.148750	995.1
34.152500	1010.6
34.156250	1047.2
34.160000	1029.8
34.163750	1021.2
34.167500	1010.1
34.171250	994.0
34.175000	967.3
34.178750	1013.0
34.182500	1031.8
34.186250	1000.5
34.190000	1022.2
34.193750	995.0
34.197500	1007.7
34.201250	997.1
34.205000	1051.6
34.208750	1027.9
34.212500	966.9
34.216250	990.3
34.220000	1029.4
34.223750	999.5
34.227500	980.1
34.231250	1040.2
34.235000	1015.9
34.238750	1018.5
34.242500	964.7
34.246250	1065.7
34.250000	995.9
34.253750	984.7
34.257500	1004.1
34.261250	965.7
34.265000	959.7
34.268750	956.8
34.272500	950.3
34.276250	929.1
34.280000	1029.5
34.283750	998.8
34.287500	998.9
34.291250	900.1
34.295000	1015.3
34.298750	1076.1
34.302500	1027.8
34.306250	1003.5
34.310000	973.9
34.313750	978.7
34.317500	998.8
34.321250	994.4
34.325000	984.2
34.328750	996.6
34.332500	1040.2
34.336250	1012.1
34.340000	1071.7
34.343750	989.3
34.347500	980.1
34.351250	1027.4
34.355000	1041.4
34.358750	1020.2
34.362500	1030.9
34.366250	1015.5
34.370000	1040.0
34.373750	1090.6
34.377500	1137.1
34.381250	1012.9
34.385000	1080.6
34.388750	1122.7
34.392500	1149.1
34.396250	1209.8
34.400000	1255.2
34.403750	1224.2
34.407500	1343.8
34.411250	1315.0
34.415000	1294.0
34.418750	1294.7
34.422500	1338.2
34.426250	1341.5
34.430000	1326.8
34.433750	1334.6
34.437500	1366.9
34.441250	1240.3
34.445000	1292.3
34.448750	1226.1
34.452500	1168.5
34.456250	1250.4
34.460000	1252.0
34.463750	1247.3
34.467500	1240.0
34.471250	1188.5
34.475000	1229.7
34.478750	1207.5
34.482500	1214.0
34.486250	1328.9
34.490000	1307.2
34.493750	1223.6
34.497500	1320.2
34.501250	1323.3
34.505000	1300.9
34.508750	1314.5
34.512500	1301.8
34.516250	1220.8
34.520000	1243.8
34.523750	1267.5
34.527500	1265.7
34.531250	1265.0
34.535000	1173.2
34.538750	1165.2
34.542500	1222.5
34.546250	1157.9
34.550000	1183.1
34.553750	1152.9
34.557500	1182.5
34.561250	1149.2
34.565000	1184.6
34.568750	1184.2
34.572500	1211.8
34.576250	1234.0
34.580000	1190.0
34.583750	1212.4
34.587500	1214.2
34.591250	1174.4
34.595000	1225.2
34.598750	1276.0
34.602500	1319.4
34.606250	1332.6
34.610000	1354.7
34.613750	1339.7
34.617500	1460.2
34.621250	1519.7
34.625000	1518.7
34.628750	1535.5
34.632500	1552.3
34.636250	1414.7
34.640000	1455.8
34.643750	1409.3
34.647500	1416.2
34.651250	1411.0
34.655000	1362.7
34.658750	1379.0
34.662500	1344.2
34.666250	1309.7
34.670000	1310.7
34.673750	1238.2
34.677500	1203.7
34.681250	1182.7
34.685000	1143.8
34.688750	1198.0
34.692500	1227.2
34.696250	1182.5
34.700000	1148.8
34.703750	1209.3
34.707500	1133.3
34.711250	1146.8
34.715000	1201.5
34.718750	1179.9
34.722500	1238.5
34.726250	1185.1
34.730000	1190.3
34.733750	1145.6
34.737500	1148.7
34.741250	1229.9
34.745000	1167.2
34.748750	1233.7
34.752500	1243.9
34.756250	1217.6
34.760000	1290.3
34.763750	1233.6
34.767500	1228.9
34.771250	1243.3
34.775000	1291.9
34.778750	1340.4
34.782500	1333.4
34.786250	1314.6
34.790000	1365.2
34.793750	1482.0
34.797500	1484.4
34.801250	1494.1
34.805000	1548.5
34.808750	1605.2
34.812500	1698.8
34.816250	1755.0
34.820000	1727.8
34.823750	1742.1
34.827500	1788.5
34.831250	1781.4
34.835000	1827.4
34.838750	1871.9
34.842500	1859.1
34.846250	1858.5
34.850000	1889.0
34.853750	1897.6
34.857500	1923.6
34.861250	1969.9
34.865000	1975.1
34.868750	1914.2
34.872500	1955.7
34.876250	2011.8
34.880000	1946.7
34.883750	1979.6
34.887500	1936.8
34.891250	1992.1
34.895000	2023.1
34.898750	2038.9
34.902500	1980.8
34.906250	1991.8
34.910000	2011.3
34.913750	1981.9
34.917500	2030.7
34.921250	1837.7
34.925000	1883.7
34.928750	1833.2
34.932500	1840.8
34.936250	1787.9
34.940000	1757.5
34.943750	1727.1
34.947500	1629.3
34.951250	1680.2
34.955000	1693.5
34.958750	1659.4
34.962500	1608.1
34.966250	1666.3
34.970000	1639.5
34.973750	1689.5
34.977500	1635.1
34.981250	1664.5
34.985000	1692.0
34.988750	1645.3
34.992500	1621.8
34.996250	1646.4
35.000000	1742.4
35.003750	1744.7
35.007500	1691.3
35.011250	1636.4
35.015000	1722.0
35.018750	1731.5
35.022500	1776.3
35.026250	1768.2
35.030000	1774.0
35.033750	1833.0
35.037500	1801.9
35.041250	1815.9
35.045000	1886.3
35.048750	1818.2
35.052500	1857.7
35.056250	1911.5
35.060000	1922.6
35.063750	2013.0
35.067500	1992.1
35.071250	2065.8
35.075000	2022.0
35.078750	2052.1
35.082500	2017.5
35.086250	1995.3
35.090000	2041.9
35.093750	2014.1
35.097500	1896.5
35.101250	1771.4
35.105000	1703.4
35.108750	1770.0
35.112500	1587.0
35.116250	1548.3
35.120000	1584.4
35.123750	1487.8
35.127500	1504.8
35.131250	1471.8
35.135000	1474.1
35.138750	1416.3
35.142500	1374.9
35.146250	1403.0
35.150000	1337.4
35.153750	1371.9
35.157500	1397.2
35.161250	1389.1
35.165000	1422.6
35.168750	1393.2
35.172500	1368.6
35.176250	1375.4
35.180000	1335.2
35.183750	1474.1
35.187500	1464.0
35.191250	1439.1
35.195000	1399.8
35.198750	1419.7
35.202500	1465.9
35.206250	1423.1
35.210000	1373.2
35.213750	1354.4
35.217500	1379.3
35.221250	1449.0
35.225000	1416.1
35.228750	1295.1
35.232500	1300.7
35.236250	1323.8
35.240000	1290.4
35.243750	1280.4
35.247500	1247.5
35.251250	1296.1
35.255000	1327.2
35.258750	1251.6
35.262500	1211.3
35.266250	1280.1
35.270000	1306.0
35.273750	1284.0
35.277500	1211.1
35.281250	1175.2
35.285000	1216.6
35.288750	1316.7
35.292500	1309.2
35.296250	1340.0
35.300000	1317.6
35.303750	1382.3
35.307500	1316.0
35.311250	1399.5
35.315000	1394.8
35.318750	1457.1
35.322500	1453.6
35.326250	1408.2
35.330000	1378.8
35.333750	1404.0
35.337500	1383.1
35.341250	1353.6
35.345000	1331.2
35.348750	1284.5
35.352500	1206.5
35.356250	1196.7
35.360000	1148.6
35.363750	1168.3
35.367500	1171.8
35.371250	1170.0
35.375000	1133.7
35.378750	1118.8
35.382500	1115.3
35.386250	1119.7
35.390000	1070.7
35.393750	1134.3
35.397500	1109.3
35.401250	1065.1
35.405000	1059.5
35.408750	1064.2
35.412500	1121.8
35.416250	1054.8
35.420000	1072.6
35.423750	1113.2
35.427500	1072.1
35.431250	1086.9
35.435000	1068.4
35.438750	1096.5
35.442500	1125.8
35.446250	1071.0
35.450000	1109.9
35.453750	1018.3
35.457500	1081.8
35.461250	1070.7
35.465000	1106.0
35.468750	1095.1
35.472500	1042.6
35.476250	1124.6
35.480000	1095.5
35.483750	1052.8
35.487500	1011.5
35.491250	1047.8
35.495000	1023.5
35.498750	1045.0
35.502500	1025.2
35.506250	1079.4
35.510000	1055.3
35.513750	977.0
35.517500	1042.7
35.521250	1036.9
35.525000	1030.3
35.528750	1035.8
35.532500	1108.3
35.536250	1053.1
35.540000	1009.9
35.543750	1055.6
35.547500	1002.5
35.551250	1062.0
35.555000	1057.7
35.558750	1110.1
35.562500	1071.6
35.566250	1144.7
35.570000	1044.8
35.573750	1043.6
35.577500	1047.9
35.581250	1074.4
35.585000	1048.7
35.588750	1111.8
35.592500	1011.7
35.596250	1165.7
35.600000	1073.8
35.603750	1213.3
35.607500	1029.6
35.611250	1081.4
35.615000	1142.6
35.618750	1131.2
35.622500	1158.1
35.626250	1129.0
35.630000	1208.8
35.633750	1121.0
35.637500	1122.6
35.641250	1107.9
35.645000	1114.1
35.648750	1178.7
35.652500	1201.6
35.656250	1104.8
35.660000	1146.1
35.663750	1235.7
35.667500	1125.3
35.671250	1153.9
35.675000	1114.9
35.678750	1115.3
35.682500	1100.8
35.686250	1221.9
35.690000	1112.2
35.693750	1188.9
35.697500	1176.0
35.701250	1200.1
35.705000	1173.7
35.708750	1159.6
35.712500	1128.7
35.716250	1134.5
35.720000	1142.6
35.723750	1134.7
35.727500	1118.7
35.731250	1130.6
35.735000	1087.9
35.738750	1107.5
35.742500	1152.7
35.746250	1165.2
35.750000	1125.1
35.753750	1146.4
35.757500	1040.0
35.761250	1040.9
35.765000	1088.5
35.768750	1118.7
35.772500	1078.1
35.776250	1114.4
35.780000	1071.3
35.783750	1154.7
35.787500	1100.6
35.791250	1083.2
35.795000	1078.1
35.798750	1101.8
35.802500	1060.4
35.806250	1113.5
35.810000	1141.6
35.813750	1093.0
35.817500	1109.2
35.821250	1043.3
35.825000	1116.1
35.828750	1101.4
35.832500	1151.5
35.836250	1119.6
35.840000	1167.7
35.843750	1192.8
35.847500	1143.6
35.851250	1172.4
35.855000	1212.9
35.858750	1132.7
35.862500	1178.8
35.866250	1226.7
35.870000	1183.0
35.873750	1290.7
35.877500	1217.2
35.881250	1274.0
35.885000	1274.8
35.888750	1267.4
35.892500	1336.2
35.896250	1267.8
35.900000	1310.6
35.903750	1372.9
35.907500	1373.7
35.911250	1427.6
35.915000	1399.9
35.918750	1384.4
35.922500	1497.8
35.926250	1475.0
35.930000	1542.5
35.933750	1650.2
35.937500	1659.0
35.941250	1654.5
35.945000	1706.4
35.948750	1751.7
35.952500	1849.0
35.956250	1893.8
35.960000	1887.0
35.963750	1840.2
35.967500	1801.2
35.971250	1903.0
35.975000	1880.3
35.978750	1868.1
35.982500	1743.3
35.986250	1824.3
35.990000	1843.2
35.993750	1701.5
35.997500	1660.4
36.001250	1575.2
36.005000	1552.8
36.008750	1570.3
36.012500	1426.6
36.016250	1329.2
36.020000	1358.3
36.023750	1395.5
36.027500	1351.9
36.031250	1296.5
36.035000	1224.0
36.038750	1247.2
36.042500	1286.6
36.046250	1242.5
36.050000	1178.2
36.053750	1151.1
36.057500	1080.1
36.061250	1193.4
36.065000	1189.8
36.068750	1123.8
36.072500	1117.3
36.076250	1158.8
36.080000	1132.3
36.083750	1112.5
36.087500	1054.0
36.091250	1010.0
36.095000	1090.6
36.098750	1136.1
36.102500	1103.4
36.106250	1028.7
36.110000	1033.3
36.113750	1047.0
36.117500	1063.9
36.121250	1097.4
36.125000	1068.9
36.128750	983.1
36.132500	1059.2
36.136250	1123.0
36.140000	1020.5
36.143750	1029.4
36.147500	1067.4
36.151250	952.7
36.155000	935.6
36.158750	971.9
36.162500	997.6
36.166250	996.5
36.170000	988.8
36.173750	1065.7
36.177500	1043.2
36.181250	1010.3
36.185000	1035.0
36.188750	1014.5
36.192500	999.5
36.196250	1014.9
36.200000	1069.6
36.203750	973.8
36.207500	1008.3
36.211250	1028.4
36.215000	1009.5
36.218750	1001.7
36.222500	1032.9
36.226250	1048.4
36.230000	995.0
36.233750	1063.9
36.237500	1006.8
36.241250	1029.8
36.245000	1076.9
36.248750	1112.2
36.252500	1042.4
36.256250	1056.3
36.260000	1076.8
36.263750	1006.4
36.267500	1052.8
36.271250	1085.8
36.275000	1065.5
36.278750	1076.5
36.282500	1123.6
36.286250	1105.7
36.290000	1088.0
36.293750	1021.5
36.297500	1051.9
36.301250	1028.4
36.305000	1013.1
36.308750	1019.8
36.312500	1028.2
36.316250	1010.5
36.320000	1010.6
36.323750	1020.4
36.327500	992.0
36.331250	1000.9
36.335000	983.1
36.338750	962.4
36.342500	977.4
36.346250	1009.0
36.350000	982.3
36.353750	966.5
36.357500	927.3
36.361250	939.7
36.365000	1022.1
36.368750	972.9
36.372500	928.6
36.376250	939.6
36.380000	912.9
36.383750	941.8
36.387500	928.8
36.391250	955.5
36.395000	1009.5
36.398750	979.2
36.402500	959.1
36.406250	973.8
36.410000	936.9
36.413750	962.7
36.417500	953.9
36.421250	947.9
36.425000	989.1
36.428750	958.5
36.432500	935.8
36.436250	914.1
36.440000	960.1
36.443750	930.6
36.447500	900.2
36.451250	973.7
36.455000	927.8
36.458750	942.8
36.462500	947.6
36.466250	916.5
36.470000	964.7
36.473750	995.1
36.477500	967.6
36.481250	886.2
36.485000	914.7
36.488750	953.2
36.492500	1001.8
36.496250	964.6
36.500000	953.6
36.503750	942.3
36.507500	1002.2
36.511250	942.2
36.515000	932.8
36.518750	961.3
36.522500	961.2
36.526250	966.2
36.530000	940.9
36.533750	950.7
36.537500	933.4
36.541250	1037.2
36.545000	969.0
36.548750	943.9
36.552500	944.5
36.556250	998.0
36.560000	954.8
36.563750	951.2
36.567500	1026.4
36.571250	965.5
36.575000	976.4
36.578750	991.9
36.582500	1006.1
36.586250	1008.0
36.590000	988.7
36.593750	984.6
36.597500	968.1
36.601250	1009.6
36.605000	998.4
36.608750	989.3
36.612500	1031.4
36.616250	996.7
36.620000	1044.0
36.623750	981.0
36.627500	977.4
36.631250	954.9
36.635000	1021.4
36.638750	1012.5
36.642500	1036.0
36.646250	1050.6
36.650000	1015.6
36.653750	990.9
36.657500	995.1
36.661250	955.4
36.665000	1013.5
36.668750	979.1
36.672500	1057.5
36.676250	1082.5
36.680000	1042.4
36.683750	1001.8
36.687500	1029.2
36.691250	1081.0
36.695000	1057.3
36.698750	1072.6
36.702500	1111.4
36.706250	1105.9
36.710000	1116.4
36.713750	1077.0
36.717500	1167.4
36.721250	1102.3
36.725000	1122.9
36.728750	1078.1
36.732500	1160.7
36.736250	1170.5
36.740000	1237.0
36.743750	1188.0
36.747500	1255.8
36.751250	1251.3
36.755000	1262.4
36.758750	1232.4
36.762500	1236.2
36.766250	1267.5
36.770000	1292.8
36.773750	1227.8
36.777500	1257.1
36.781250	1279.3
36.785000	1287.4
36.788750	1248.3
36.792500	1202.4
36.796250	1205.9
36.800000	1192.3
36.803750	1102.3
36.807500	1153.3
36.811250	1178.8
36.815000	1114.8
36.818750	1115.9
36.822500	1055.4
36.826250	1069.5
36.830000	1031.9
36.833750	1029.2
36.837500	1048.8
36.841250	1051.1
36.845000	1091.0
36.848750	1043.9
36.852500	1024.5
36.856250	971.6
36.860000	1002.4
36.863750	1038.0
36.867500	1048.0
36.871250	1033.4
36.875000	966.8
36.878750	989.2
36.882500	1030.6
36.886250	996.5
36.890000	933.1
36.893750	956.9
36.897500	949.7
36.901250	997.6
36.905000	911.9
36.908750	942.9
36.912500	973.1
36.916250	935.1
36.920000	918.1
36.923750	916.6
36.927500	946.0
36.931250	932.6
36.935000	932.4
36.938750	932.3
36.942500	953.3
36.946250	997.5
36.950000	991.7
36.953750	934.8
36.957500	932.4
36.961250	964.9
36.965000	932.7
36.968750	924.0
36.972500	933.5
36.976250	926.2
36.980000	968.2
36.983750	893.9
36.987500	971.4
36.991250	952.7
36.995000	922.8
36.998750	965.9
37.002500	935.0
37.006250	925.8
37.010000	940.8
37.013750	956.0
37.017500	951.8
37.021250	911.3
37.025000	941.6
37.028750	903.4
37.032500	953.5
37.036250	891.3
37.040000	916.2
37.043750	992.9
37.047500	1036.5
37.051250	904.7
37.055000	961.1
37.058750	976.7
37.062500	936.0
37.066250	969.6
37.070000	1013.2
37.073750	977.7
37.077500	975.6
37.081250	969.4
37.085000	966.2
37.088750	924.6
37.092500	940.0
37.096250	935.3
37.100000	1024.1
37.103750	980.5
37.107500	992.0
37.111250	975.8
37.115000	919.5
37.118750	938.9
37.122500	947.1
37.126250	983.0
37.130000	904.3
37.133750	934.0
37.137500	930.9
37.141250	909.0
37.145000	936.2
37.148750	950.8
37.152500	915.9
37.156250	941.2
37.160000	934.2
37.163750	937.0
37.167500	967.1
37.171250	866.4
37.175000	889.4
37.178750	910.8
37.182500	914.6
37.186250	932.8
37.190000	900.8
37.193750	919.3
37.197500	914.5
37.201250	918.2
37.205000	918.6
37.208750	961.2
37.212500	934.7
37.216250	894.8
37.220000	959.7
37.223750	944.6
37.227500	943.7
37.231250	949.0
37.235000	887.3
37.238750	938.2
37.242500	957.7
37.246250	996.7
37.250000	931.4
37.253750	888.4
37.257500	898.9
37.261250	935.2
37.265000	926.9
37.268750	899.1
37.272500	940.9
37.276250	905.3
37.280000	904.9
37.283750	940.7
37.287500	979.2
37.291250	942.8
37.295000	916.9
37.298750	926.8
37.302500	864.8
37.306250	926.6
37.310000	928.8
37.313750	918.3
37.317500	965.1
37.321250	883.7
37.325000	912.3
37.328750	969.6
37.332500	940.3
37.336250	940.1
37.340000	931.1
37.343750	930.5
37.347500	892.8
37.351250	897.0
37.355000	944.1
37.358750	915.6
37.362500	931.6
37.366250	923.2
37.370000	911.9
37.373750	952.1
37.377500	969.1
37.381250	949.4
37.385000	965.3
37.388750	996.6
37.392500	955.3
37.396250	921.2
37.400000	892.7
37.403750	909.4
37.407500	937.1
37.411250	917.0
37.415000	916.0
37.418750	880.8
37.422500	970.3
37.426250	956.2
37.430000	993.7
37.433750	959.0
37.437500	969.0
37.441250	955.5
37.445000	889.5
37.448750	930.7
37.452500	1009.0
37.456250	951.0
37.460000	958.7
37.463750	920.1
37.467500	923.7
37.471250	955.7
37.475000	957.2
37.478750	934.1
37.482500	949.0
37.486250	980.7
37.490000	937.7
37.493750	964.7
37.497500	979.9
37.501250	955.4
37.505000	966.1
37.508750	958.4
37.512500	959.6
37.516250	963.6
37.520000	989.4
37.523750	972.3
37.527500	1000.8
37.531250	986.7
37.535000	1000.8
37.538750	1001.5
37.542500	1004.1
37.546250	1008.8
37.550000	1021.8
37.553750	1027.5
37.557500	1071.6
37.561250	1085.7
37.565000	1073.0
37.568750	1170.9
37.572500	1161.8
37.576250	1102.5
37.580000	1133.7
37.583750	1084.2
37.587500	1163.0
37.591250	1174.1
37.595000	1175.1
37.598750	1201.7
37.602500	1175.3
37.606250	1163.4
37.610000	1115.1
37.613750	1184.0
37.617500	1162.9
37.621250	1124.4
37.625000	1202.2
37.628750	1188.9
37.632500	1133.1
37.636250	1126.2
37.640000	1116.7
37.643750	1125.3
37.647500	1044.7
37.651250	1086.3
37.655000	1145.3
37.658750	1157.7
37.662500	1057.5
37.666250	1059.5
37.670000	1124.2
37.673750	1074.8
37.677500	1027.9
37.681250	1046.5
37.685000	1107.2
37.688750	1078.5
37.692500	1041.6
37.696250	1097.4
37.700000	1102.4
37.703750	1080.0
37.707500	1070.7
37.711250	1079.9
37.715000	1110.7
37.718750	1063.3
37.722500	1103.1
37.726250	1175.7
37.730000	1129.8
37.733750	1134.0
37.737500	1162.5
37.741250	1151.2
37.745000	1246.4
37.748750	1206.0
37.752500	1195.5
37.756250	1252.9
37.760000	1258.4
37.763750	1269.5
37.767500	1309.8
37.771250	1281.0
37.775000	1274.5
37.778750	1317.3
37.782500	1330.2
37.786250	1335.8
37.790000	1323.4
37.793750	1236.4
37.797500	1267.0
37.801250	1300.7
37.805000	1268.6
37.808750	1274.9
37.812500	1230.2
37.816250	1275.2
37.820000	1233.4
37.823750	1239.4
37.827500	1256.4
37.831250	1285.4
37.835000	1339.8
37.838750	1437.0
37.842500	1483.9
37.846250	1526.8
37.850000	1598.2
37.853750	1701.3
37.857500	1708.2
37.861250	1734.7
37.865000	1709.3
37.868750	1746.7
37.872500	1726.3
37.876250	1702.8
37.880000	1529.0
37.883750	1410.2
37.887500	1409.6
37.891250	1284.9
37.895000	1252.4
37.898750	1183.9
37.902500	1220.4
37.906250	1162.5
37.910000	1180.0
37.913750	1152.0
37.917500	1105.4
37.921250	1099.5
37.925000	1153.7
37.928750	1115.1
37.932500	1141.9
37.936250	1118.3
37.940000	1116.8
37.943750	1123.8
37.947500	1113.1
37.951250	1170.0
37.955000	1161.5
37.958750	1139.3
37.962500	1210.8
37.966250	1181.5
37.970000	1169.7
37.973750	1190.8
37.977500	1214.2
37.981250	1187.7
37.985000	1258.3
37.988750	1263.3
37.992500	1230.2
37.996250	1217.1
38.000000	1214.2
38.003750	1143.3
38.007500	1128.0
38.011250	1207.6
38.015000	1152.1
38.018750	1125.1
38.022500	1117.3
38.026250	1095.7
38.030000	1135.0
38.033750	1143.5
38.037500	1083.4
38.041250	1046.4
38.045000	1044.0
38.048750	1030.7
38.052500	954.8
38.056250	997.9
38.060000	1069.6
38.063750	1043.0
38.067500	949.3
38.071250	981.3
38.075000	985.2
38.078750	996.5
38.082500	915.6
38.086250	955.2
38.090000	979.1
38.093750	1002.7
38.097500	988.0
38.101250	999.9
38.105000	1031.7
38.108750	1006.6
38.112500	930.5
38.116250	1000.5
38.120000	974.8
38.123750	953.6
38.127500	947.0
38.131250	964.0
38.135000	941.9
38.138750	967.5
38.142500	1004.5
38.146250	997.8
38.150000	941.7
38.153750	991.4
38.157500	976.6
38.161250	985.8
38.165000	941.6
38.168750	972.2
38.172500	901.4
38.176250	968.3
38.180000	936.1
38.183750	949.3
38.187500	947.6
38.191250	897.2
38.195000	916.3
38.198750	950.6
38.202500	887.9
38.206250	918.1
38.210000	964.1
38.213750	958.3
38.217500	967.9
38.221250	900.8
38.225000	924.7
38.228750	925.2
38.232500	895.1
38.236250	932.8
38.240000	971.7
38.243750	917.1
38.247500	974.3
38.251250	936.6
38.255000	940.5
38.258750	847.9
38.262500	903.0
38.266250	933.5
38.270000	970.7
38.273750	893.2
38.277500	902.1
38.281250	925.8
38.285000	852.2
38.288750	965.0
38.292500	870.8
38.296250	908.3
38.300000	989.5
38.303750	897.0
38.307500	920.8
38.311250	943.1
38.315000	955.6
38.318750	912.1
38.322500	910.5
38.326250	910.1
38.330000	901.7
38.333750	924.3
38.337500	891.3
38.341250	872.3
38.345000	886.6
38.348750	939.2
38.352500	982.4
38.356250	898.2
38.360000	891.7
38.363750	885.4
38.367500	877.6
38.371250	916.3
38.375000	953.0
38.378750	934.7
38.382500	935.9
38.386250	907.2
38.390000	884.1
38.393750	914.6
38.397500	878.2
38.401250	927.7
38.405000	861.9
38.408750	929.6
38.412500	922.0
38.416250	934.0
38.420000	918.1
38.423750	936.0
38.427500	904.5
38.431250	929.3
38.435000	911.6
38.438750	917.6
38.442500	894.0
38.446250	889.5
38.450000	945.9
38.453750	912.8
38.457500	926.7
38.461250	866.7
38.465000	913.2
38.468750	884.0
38.472500	890.6
38.476250	928.7
38.480000	888.1
38.483750	945.4
38.487500	873.9
38.491250	903.4
38.495000	883.5
38.498750	905.5
38.502500	945.2
38.506250	890.4
38.510000	938.5
38.513750	940.1
38.517500	961.7
38.521250	927.7
38.525000	904.0
38.528750	899.5
38.532500	964.2
38.536250	974.7
38.540000	938.1
38.543750	920.0
38.547500	958.2
38.551250	985.8
38.555000	945.1
38.558750	955.5
38.562500	940.5
38.566250	961.6
38.570000	936.0
38.573750	917.5
38.577500	999.4
38.581250	978.0
38.585000	1017.7
38.588750	962.3
38.592500	986.5
38.596250	937.0
38.600000	910.8
38.603750	897.6
38.607500	938.7
38.611250	939.5
38.615000	923.8
38.618750	938.1
38.622500	940.9
38.626250	995.9
38.630000	956.0
38.633750	943.9
38.637500	937.5
38.641250	981.1
38.645000	982.9
38.648750	949.8
38.652500	957.0
38.656250	921.1
38.660000	907.8
38.663750	916.0
38.667500	942.9
38.671250	995.5
38.675000	929.0
38.678750	909.0
38.682500	929.7
38.686250	977.6
38.690000	964.2
38.693750	918.5
38.697500	941.8
38.701250	925.8
38.705000	946.8
38.708750	918.3
38.712500	874.8
38.716250	947.7
38.720000	924.5
38.723750	965.1
38.727500	975.4
38.731250	904.9
38.735000	919.0
38.738750	917.1
38.742500	921.8
38.746250	929.7
38.750000	955.5
38.753750	906.0
38.757500	911.2
38.761250	970.8
38.765000	974.0
38.768750	911.9
38.772500	914.4
38.776250	961.7
38.780000	949.2
38.783750	974.9
38.787500	981.9
38.791250	932.8
38.795000	964.2
38.798750	980.7
38.802500	985.8
38.806250	986.2
38.810000	953.5
38.813750	932.1
38.817500	906.5
38.821250	907.4
38.825000	974.0
38.828750	967.4
38.832500	941.9
38.836250	910.4
38.840000	938.5
38.843750	966.6
38.847500	961.3
38.851250	949.0
38.855000	976.6
38.858750	947.9
38.862500	961.2
38.866250	967.9
38.870000	962.6
38.873750	925.4
38.877500	909.2
38.881250	902.3
38.885000	934.1
38.888750	962.0
38.892500	955.4
38.896250	952.3
38.900000	973.5
38.903750	921.6
38.907500	916.6
38.911250	925.5
38.915000	922.9
38.918750	940.6
38.922500	915.0
38.926250	952.4
38.930000	1012.5
38.933750	1003.1
38.937500	934.5
38.941250	899.2
38.945000	911.3
38.948750	891.7
38.952500	903.8
38.956250	963.1
38.960000	960.3
38.963750	957.1
38.967500	990.2
38.971250	959.5
38.975000	966.0
38.978750	973.5
38.982500	1009.2
38.986250	1007.0
38.990000	985.6
38.993750	938.4
38.997500	954.5
39.001250	967.6
39.005000	960.0
39.008750	997.0
39.012500	985.5
39.016250	946.4
39.020000	1012.1
39.023750	984.5
39.027500	972.4
39.031250	992.9
39.035000	972.1
39.038750	958.5
39.042500	1017.8
39.046250	1027.8
39.050000	1019.7
39.053750	1022.0
39.057500	998.7
39.061250	1029.8
39.065000	1009.6
39.068750	993.5
39.072500	925.7
39.076250	986.5
39.080000	1040.9
39.083750	1049.6
39.087500	1050.5
39.091250	1083.7
39.095000	1040.3
39.098750	1030.8
39.102500	1027.4
39.106250	1045.3
39.110000	1120.0
39.113750	1128.0
39.117500	1113.1
39.121250	1105.4
39.125000	1131.7
39.128750	1141.3
39.132500	1203.0
39.136250	1193.4
39.140000	1191.6
39.143750	1184.8
39.147500	1258.4
39.151250	1321.6
39.155000	1311.2
39.158750	1453.9
39.162500	1412.6
39.166250	1498.9
39.170000	1621.2
39.173750	1700.2
39.177500	1797.0
39.181250	1803.4
39.185000	2025.1
39.188750	2154.6
39.192500	2293.1
39.196250	2499.1
39.200000	2692.5
39.203750	3019.7
39.207500	3224.9
39.211250	3451.8
39.215000	3597.8
39.218750	3757.0
39.222500	3940.9
39.226250	3943.7
39.230000	3829.1
39.233750	3792.4
39.237500	3747.1
39.241250	3523.2
39.245000	3172.8
39.248750	3095.3
39.252500	2771.2
39.256250	2478.5
39.260000	2413.6
39.263750	2388.6
39.267500	2328.3
39.271250	2257.1
39.275000	2171.0
39.278750	2226.6
39.282500	2289.4
39.286250	2260.1
39.290000	2356.5
39.293750	2362.6
39.297500	2513.4
39.301250	2528.5
39.305000	2609.6
39.308750	2687.8
39.312500	2577.8
39.316250	2543.5
39.320000	2487.1
39.323750	2328.5
39.327500	2281.7
39.331250	2152.8
39.335000	2003.8
39.338750	1883.2
39.342500	1718.0
39.346250	1652.9
39.350000	1457.1
39.353750	1462.7
39.357500	1394.0
39.361250	1343.1
39.365000	1294.9
39.368750	1265.3
39.372500	1229.1
39.376250	1202.6
39.380000	1175.6
39.383750	1087.5
39.387500	1118.9
39.391250	1123.8
39.395000	1102.5
39.398750	1067.9
39.402500	1036.2
39.406250	1021.7
39.410000	1029.5
39.413750	1062.8
39.417500	1022.9
39.421250	991.5
39.425000	1004.4
39.428750	968.7
39.432500	1019.4
39.436250	999.2
39.440000	1013.6
39.443750	967.5
39.447500	943.8
39.451250	929.3
39.455000	962.9
39.458750	937.7
39.462500	939.8
39.466250	992.8
39.470000	1002.7
39.473750	925.1
39.477500	970.1
39.481250	989.7
39.485000	968.9
39.488750	989.1
39.492500	968.3
39.496250	985.8
39.500000	960.8
39.503750	956.6
39.507500	954.5
39.511250	944.3
39.515000	972.7
39.518750	973.1
39.522500	995.3
39.526250	986.5
39.530000	948.2
39.533750	922.7
39.537500	938.4
39.541250	973.2
39.545000	960.2
39.548750	922.3
39.552500	975.8
39.556250	900.7
39.560000	955.2
39.563750	946.3
39.567500	875.7
39.571250	891.5
39.575000	936.6
39.578750	989.8
39.582500	897.6
39.586250	926.8
39.590000	976.0
39.593750	952.2
39.597500	929.8
39.601250	991.0
39.605000	955.0
39.608750	960.9
39.612500	922.2
39.616250	934.0
39.620000	921.7
39.623750	920.1
39.627500	991.7
39.631250	929.4
39.635000	972.6
39.638750	909.0
39.642500	948.0
39.646250	944.7
39.650000	949.8
39.653750	956.6
39.657500	1009.5
39.661250	983.4
39.665000	979.5
39.668750	975.2
39.672500	977.0
39.676250	931.5
39.680000	953.4
39.683750	963.3
39.687500	1001.7
39.691250	982.3
39.695000	955.2
39.698750	940.9
39.702500	1043.0
39.706250	1032.4
39.710000	994.4
39.713750	967.3
39.717500	978.1
39.721250	994.2
39.725000	973.4
39.728750	942.4
39.732500	999.2
39.736250	1032.7
39.740000	968.6
39.743750	992.7
39.747500	968.8
39.751250	956.6
39.755000	991.9
39.758750	1077.9
39.762500	1043.9
39.766250	1049.3
39.770000	1036.3
39.773750	1075.1
39.777500	1055.7
39.781250	1080.3
39.785000	1098.8
39.788750	1081.5
39.792500	1085.2
39.796250	1115.4
39.800000	1139.1
39.803750	1130.0
39.807500	1192.3
39.811250	1155.2
39.815000	1145.4
39.818750	1161.4
39.822500	1084.7
39.826250	1111.8
39.830000	1172.6
39.833750	1068.5
39.837500	1150.3
39.841250	1155.9
39.845000	1123.7
39.848750	1078.9
39.852500	1121.4
39.856250	1101.3
39.860000	1081.5
39.863750	1081.6
39.867500	1019.1
39.871250	1077.5
39.875000	1033.7
39.878750	1054.7
39.882500	985.7
39.886250	991.1
39.890000	1023.8
39.893750	1003.5
39.897500	989.4
39.901250	968.5
39.905000	977.7
39.908750	974.7
39.912500	974.2
39.916250	1011.9
39.920000	967.7
39.923750	971.2
39.927500	941.2
39.931250	943.0
39.935000	1032.5
39.938750	993.9
39.942500	950.7
39.946250	966.7
39.950000	979.8
39.953750	1017.0
39.957500	980.0
39.961250	943.7
39.965000	976.0
39.968750	1063.7
39.972500	1035.8
39.976250	1036.7
39.980000	989.1
39.983750	1041.5
39.987500	969.9
39.991250	1035.4
39.995000	1081.9
39.998750	1016.5
40.002500	1027.8
40.006250	981.4
40.010000	993.4
40.013750	1043.3
40.017500	974.2
40.021250	983.6
40.025000	996.9
40.028750	978.8
40.032500	998.1
40.036250	1039.8
40.040000	989.0
40.043750	1036.2
40.047500	1027.6
40.051250	1016.4
40.055000	1043.5
40.058750	1038.2
40.062500	1017.4
40.066250	1062.8
40.070000	1015.7
40.073750	1074.8
40.077500	1012.0
40.081250	1064.1
40.085000	1061.5
40.088750	1093.5
40.092500	1101.4
40.096250	1146.6
40.100000	1141.5
40.103750	1208.4
40.107500	1232.8
40.111250	1176.7
40.115000	1164.5
40.118750	1185.9
40.122500	1238.1
40.126250	1233.6
40.130000	1230.5
40.133750	1229.1
40.137500	1226.3
40.141250	1226.8
40.145000	1243.7
40.148750	1231.7
40.152500	1225.5
40.156250	1159.4
40.160000	1169.2
40.163750	1160.3
40.167500	1183.2
40.171250	1181.5
40.175000	1131.9
40.178750	1144.5
40.182500	1171.2
40.186250	1132.5
40.190000	1114.3
40.193750	1129.3
40.197500	1165.7
40.201250	1132.9
40.205000	1119.2
40.208750	1089.6
40.212500	1155.9
40.216250	1201.2
40.220000	1156.6
40.223750	1116.1
40.227500	1177.8
40.231250	1199.7
40.235000	1175.9
40.238750	1122.8
40.242500	1175.2
40.246250	1219.3
40.250000	1260.9
40.253750	1198.8
40.257500	1255.8
40.261250	1286.5
40.265000	1223.0
40.268750	1241.9
40.272500	1256.9
40.276250	1187.9
40.280000	1125.9
40.283750	1215.2
40.287500	1158.0
40.291250	1109.0
40.295000	1129.8
40.298750	1159.5
40.302500	1124.6
40.306250	1122.2
40.310000	1143.1
40.313750	1085.8
40.317500	1101.9
40.321250	1125.2
40.325000	1099.1
40.328750	1209.8
40.332500	1160.7
40.336250	1176.5
40.340000	1191.7
40.343750	1182.7
40.347500	1166.6
40.351250	1225.0
40.355000	1184.5
40.358750	1225.4
40.362500	1179.2
40.366250	1166.9
40.370000	1186.3
40.373750	1203.1
40.377500	1150.0
40.381250	1130.4
40.385000	1180.2
40.388750	1181.6
40.392500	1220.7
40.396250	1200.6
40.400000	1143.3
40.403750	1099.8
40.407500	1164.1
40.411250	1154.0
40.415000	1103.0
40.418750	1114.2
40.422500	1105.0
40.426250	1190.7
40.430000	1158.1
40.433750	1076.0
40.437500	1037.9
40.441250	994.5
40.445000	1024.3
40.448750	1046.2
40.452500	971.0
40.456250	1014.1
40.460000	1021.3
40.463750	978.5
40.467500	973.2
40.471250	1001.6
40.475000	1001.7
40.478750	993.8
40.482500	1007.6
40.486250	1008.5
40.490000	1012.5
40.493750	1041.6
40.497500	1084.2
40.501250	982.8
40.505000	1002.1
40.508750	1007.2
40.512500	986.7
40.516250	996.2
40.520000	1071.1
40.523750	1105.8
40.527500	1081.1
40.531250	1112.9
40.535000	1129.1
40.538750	1123.0
40.542500	1092.7
40.546250	1114.1
40.550000	1127.5
40.553750	1081.8
40.557500	1067.5
40.561250	1083.0
40.565000	1105.1
40.568750	1056.3
40.572500	981.5
40.576250	951.0
40.580000	1085.2
40.583750	1092.9
40.587500	1083.9
40.591250	1025.7
40.595000	950.7
40.598750	1028.5
40.602500	1021.6
40.606250	964.7
40.610000	928.2
40.613750	944.3
40.617500	960.3
40.621250	1039.5
40.625000	1018.6
40.628750	942.8
40.632500	990.3
40.636250	962.6
40.640000	1020.5
40.643750	929.0
40.647500	971.1
40.651250	904.4
40.655000	919.9
40.658750	937.0
40.662500	938.2
40.666250	896.7
40.670000	991.7
40.673750	961.1
40.677500	903.6
40.681250	958.3
40.685000	987.3
40.688750	948.2
40.692500	948.3
40.696250	956.2
40.700000	930.3
40.703750	927.5
40.707500	907.0
40.711250	938.0
40.715000	940.9
40.718750	955.3
40.722500	915.0
40.726250	904.6
40.730000	920.8
40.733750	899.8
40.737500	954.6
40.741250	931.9
40.745000	866.0
40.748750	921.9
40.752500	912.0
40.756250	879.2
40.760000	954.9
40.763750	967.9
40.767500	926.1
40.771250	956.7
40.775000	945.2
40.778750	895.6
40.782500	850.4
40.786250	918.5
40.790000	912.0
40.793750	931.1
40.797500	942.3
40.801250	929.2
40.805000	934.1
40.808750	991.1
40.812500	962.7
40.816250	900.1
40.820000	953.9
40.823750	990.0
40.827500	1018.1
40.831250	983.6
40.835000	938.1
40.838750	951.1
40.842500	916.2
40.846250	950.7
40.850000	995.7
40.853750	987.3
40.857500	949.1
40.861250	934.0
40.865000	995.5
40.868750	1011.5
40.872500	940.7
40.876250	920.9
40.880000	1057.3
40.883750	1044.4
40.887500	975.3
40.891250	1011.3
40.895000	993.1
40.898750	1049.1
40.902500	1001.1
40.906250	1027.7
40.910000	1173.8
40.913750	1096.9
40.917500	1099.3
40.921250	1107.0
40.925000	1168.9
40.928750	1154.2
40.932500	1134.4
40.936250	1079.2
40.940000	1144.6
40.943750	1095.2
40.947500	1141.6
40.951250	1115.8
40.955000	1038.0
40.958750	1043.4
40.962500	1015.4
40.966250	1007.0
40.970000	983.9
40.973750	1014.4
40.977500	1006.6
40.981250	991.5
40.985000	972.6
40.988750	959.2
40.992500	932.7
40.996250	935.3
41.000000	972.0
41.003750	943.9
41.007500	891.8
41.011250	854.8
41.015000	933.7
41.018750	1007.2
41.022500	910.3
41.026250	886.4
41.030000	974.8
41.033750	933.7
41.037500	924.3
41.041250	946.7
41.045000	896.1
41.048750	894.8
41.052500	965.5
41.056250	976.6
41.060000	899.6
41.063750	924.6
41.067500	955.9
41.071250	937.9
41.075000	912.1
41.078750	933.1
41.082500	932.2
41.086250	843.6
41.090000	908.0
41.093750	982.0
41.097500	876.8
41.101250	877.9
41.105000	927.7
41.108750	889.8
41.112500	883.4
41.116250	890.0
41.120000	947.5
41.123750	939.9
41.127500	980.2
41.131250	945.3
41.135000	831.5
41.138750	850.6
41.142500	954.4
41.146250	988.0
41.150000	828.4
41.153750	850.7
41.157500	904.8
41.161250	895.1
41.165000	897.2
41.168750	943.3
41.172500	866.7
41.176250	907.4
41.180000	914.2
41.183750	887.2
41.187500	884.1
41.191250	924.5
41.195000	928.7
41.198750	906.0
41.202500	888.5
41.206250	897.6
41.210000	964.2
41.213750	905.4
41.217500	909.2
41.221250	930.3
41.225000	943.7
41.228750	926.0
41.232500	954.5
41.236250	969.8
41.240000	915.5
41.243750	909.8
41.247500	883.0
41.251250	912.4
41.255000	928.0
41.258750	976.1
41.262500	979.1
41.266250	944.4
41.270000	937.2
41.273750	921.2
41.277500	964.3
41.281250	927.8
41.285000	976.1
41.288750	958.1
41.292500	965.6
41.296250	1026.9
41.300000	987.2
41.303750	954.3
41.307500	947.2
41.311250	964.0
41.315000	959.6
41.318750	955.2
41.322500	987.8
41.326250	978.2
41.330000	994.3
41.333750	980.2
41.337500	982.8
41.341250	966.9
41.345000	1005.7
41.348750	981.2
41.352500	1039.7
41.356250	1027.7
41.360000	981.1
41.363750	972.2
41.367500	995.3
41.371250	978.7
41.375000	1002.7
41.378750	992.3
41.382500	986.9
41.386250	995.1
41.390000	988.3
41.393750	975.8
41.397500	935.6
41.401250	999.9
41.405000	962.2
41.408750	924.7
41.412500	920.8
41.416250	927.3
41.420000	978.9
41.423750	954.1
41.427500	937.5
41.431250	894.7
41.435000	900.9
41.438750	909.0
41.442500	927.3
41.446250	961.5
41.450000	916.1
41.453750	923.2
41.457500	979.0
41.461250	960.7
41.465000	931.6
41.468750	935.7
41.472500	889.7
41.476250	931.8
41.480000	953.5
41.483750	947.4
41.487500	910.4
41.491250	920.4
41.495000	887.9
41.498750	947.5
41.502500	932.8
41.506250	949.4
41.510000	927.0
41.513750	970.2
41.517500	893.5
41.521250	919.7
41.525000	908.4
41.528750	951.1
41.532500	948.1
41.536250	953.4
41.540000	955.1
41.543750	915.2
41.547500	907.9
41.551250	926.2
41.555000	957.5
41.558750	950.4
41.562500	935.6
41.566250	927.5
41.570000	959.7
41.573750	967.0
41.577500	921.7
41.581250	981.4
41.585000	968.6
41.588750	957.7
41.592500	926.2
41.596250	1003.9
41.600000	995.7
41.603750	941.7
41.607500	965.3
41.611250	999.9
41.615000	985.4
41.618750	969.9
41.622500	993.7
41.626250	988.9
41.630000	970.8
41.633750	996.5
41.637500	990.9
41.641250	989.7
41.645000	972.6
41.648750	997.5
41.652500	1028.1
41.656250	1042.8
41.660000	1060.7
41.663750	1023.3
41.667500	1028.1
41.671250	1025.4
41.675000	961.6
41.678750	1033.7
41.682500	1043.4
41.686250	1022.3
41.690000	1000.0
41.693750	1021.1
41.697500	1058.8
41.701250	993.7
41.705000	1019.4
41.708750	1005.7
41.712500	907.1
41.716250	1020.2
41.720000	989.5
41.723750	970.6
41.727500	1001.3
41.731250	1032.1
41.735000	1038.4
41.738750	1018.9
41.742500	976.0
41.746250	938.2
41.750000	999.1
41.753750	977.2
41.757500	936.1
41.761250	963.7
41.765000	954.5
41.768750	945.7
41.772500	1004.1
41.776250	1002.9
41.780000	939.7
41.783750	909.1
41.787500	940.2
41.791250	950.7
41.795000	987.3
41.798750	970.9
41.802500	927.3
41.806250	953.3
41.810000	930.2
41.813750	909.2
41.817500	956.4
41.821250	896.3
41.825000	938.2
41.828750	983.8
41.832500	981.5
41.836250	920.4
41.840000	899.3
41.843750	983.7
41.847500	975.3
41.851250	963.3
41.855000	914.8
41.858750	910.0
41.862500	962.9
41.866250	949.2
41.870000	1011.3
41.873750	964.5
41.877500	966.5
41.881250	948.6
41.885000	974.6
41.888750	930.8
41.892500	966.7
41.896250	1043.9
41.900000	1025.1
41.903750	1002.1
41.907500	960.2
41.911250	953.0
41.915000	1018.9
41.918750	933.0
41.922500	984.2
41.926250	1014.3
41.930000	968.6
41.933750	953.7
41.937500	941.9
41.941250	1019.8
41.945000	1014.5
41.948750	933.1
41.952500	1011.2
41.956250	977.9
41.960000	921.9
41.963750	985.3
41.967500	989.4
41.971250	974.1
41.975000	985.7
41.978750	967.2
41.982500	937.1
41.986250	995.0
41.990000	1014.8
41.993750	924.3
41.997500	969.3
42.001250	997.1
42.005000	969.1
42.008750	1014.3
42.012500	985.0
42.016250	949.6
42.020000	986.3
42.023750	1032.0
42.027500	1052.4
42.031250	992.4
42.035000	998.9
42.038750	1016.7
42.042500	1049.1
42.046250	1064.4
42.050000	1031.4
42.053750	1072.2
42.057500	1083.0
42.061250	1078.6
42.065000	1117.7
42.068750	1101.0
42.072500	1130.9
42.076250	1101.2
42.080000	1071.4
42.083750	1081.7
42.087500	1130.9
42.091250	1115.6
42.095000	1040.2
42.098750	1098.0
42.102500	1110.4
42.106250	1076.5
42.110000	1014.4
42.113750	1045.9
42.117500	1058.4
42.121250	1052.9
42.125000	1063.7
42.128750	1107.0
42.132500	1021.4
42.136250	1082.2
42.140000	1092.2
42.143750	1083.3
42.147500	1113.3
42.151250	1052.9
42.155000	1078.7
42.158750	1160.4
42.162500	1107.8
42.166250	1088.6
42.170000	1124.8
42.173750	1120.6
42.177500	1105.3
42.181250	1094.5
42.185000	1136.0
42.188750	1110.3
42.192500	1054.8
42.196250	997.4
42.200000	979.6
42.203750	1106.5
42.207500	1023.7
42.211250	1051.1
42.215000	1065.4
42.218750	1019.6
42.222500	1004.2
42.226250	1020.0
42.230000	971.3
42.233750	976.6
42.237500	946.8
42.241250	934.2
42.245000	934.6
42.248750	970.1
42.252500	992.4
42.256250	977.9
42.260000	999.2
42.263750	978.1
42.267500	903.6
42.271250	953.7
42.275000	932.3
42.278750	946.8
42.282500	1000.3
42.286250	913.9
42.290000	886.7
42.293750	885.3
42.297500	927.7
42.301250	941.3
42.305000	906.1
42.308750	923.6
42.312500	906.1
42.316250	909.8
42.320000	893.2
42.323750	911.2
42.327500	913.1
42.331250	951.2
42.335000	923.4
42.338750	913.3
42.342500	969.4
42.346250	987.6
42.350000	952.9
42.353750	982.7
42.357500	931.3
42.361250	920.8
42.365000	937.9
42.368750	985.1
42.372500	970.7
42.376250	918.3
42.380000	989.2
42.383750	1001.7
42.387500	941.4
42.391250	969.5
42.395000	954.4
42.398750	1026.4
42.402500	1039.2
42.406250	1124.6
42.410000	1187.8
42.413750	1170.5
42.417500	1203.0
42.421250	1187.7
42.425000	1237.7
42.428750	1169.1
42.432500	1224.9
42.436250	1199.5
42.440000	1238.5
42.443750	1201.8
42.447500	1103.2
42.451250	1159.0
42.455000	1058.6
42.458750	995.9
42.462500	1013.0
42.466250	967.6
42.470000	934.6
42.473750	916.3
42.477500	958.0
42.481250	969.9
42.485000	937.9
42.488750	942.3
42.492500	940.1
42.496250	942.0
42.500000	968.0
42.503750	919.5
42.507500	939.0
42.511250	925.6
42.515000	895.7
42.518750	946.4
42.522500	966.9
42.526250	962.8
42.530000	947.8
42.533750	995.4
42.537500	979.0
42.541250	971.1
42.545000	982.7
42.548750	1001.5
42.552500	958.1
42.556250	990.3
42.560000	1011.1
42.563750	1044.0
42.567500	1045.7
42.571250	981.5
42.575000	989.1
42.578750	1031.6
42.582500	1008.7
42.586250	1013.7
42.590000	1061.3
42.593750	1108.7
42.597500	1134.5
42.601250	1101.7
42.605000	1146.0
42.608750	1119.2
42.612500	1166.1
42.616250	1163.6
42.620000	1133.1
42.623750	1235.7
42.627500	1279.2
42.631250	1313.8
42.635000	1402.8
42.638750	1340.9
42.642500	1362.0
42.646250	1434.1
42.650000	1478.5
42.653750	1455.7
42.657500	1453.7
42.661250	1464.9
42.665000	1466.0
42.668750	1464.4
42.672500	1398.1
42.676250	1346.5
42.680000	1316.1
42.683750	1270.4
42.687500	1209.4
42.691250	1157.1
42.695000	1100.3
42.698750	1067.6
42.702500	1072.2
42.706250	1076.2
42.710000	1071.2
42.713750	1057.1
42.717500	1037.7
42.721250	1072.0
42.725000	1163.4
42.728750	1119.8
42.732500	1106.4
42.736250	1131.7
42.740000	1164.2
42.743750	1196.2
42.747500	1194.5
42.751250	1146.1
42.755000	1200.0
42.758750	1181.5
42.762500	1208.6
42.766250	1160.9
42.770000	1162.4
42.773750	1138.0
42.777500	1161.3
42.781250	1126.5
42.785000	1073.4
42.788750	1025.2
42.792500	1013.5
42.796250	1069.5
42.800000	1063.4
42.803750	1047.3
42.807500	1019.5
42.811250	1020.9
42.815000	1022.4
42.818750	976.2
42.822500	1032.5
42.826250	976.7
42.830000	1055.8
42.833750	1102.7
42.837500	1084.9
42.841250	1067.5
42.845000	1095.8
42.848750	1083.3
42.852500	1032.7
42.856250	1077.8
42.860000	1052.7
42.863750	1025.0
42.867500	1018.5
42.871250	1036.5
42.875000	1008.4
42.878750	1056.1
42.882500	1033.5
42.886250	1041.3
42.890000	1030.4
42.893750	997.1
42.897500	981.7
42.901250	984.8
42.905000	1000.8
42.908750	1002.4
42.912500	972.4
42.916250	946.9
42.920000	930.0
42.923750	979.2
42.927500	983.8
42.931250	983.0
42.935000	982.2
42.938750	985.5
42.942500	1012.0
42.946250	955.3
42.950000	957.4
42.953750	952.3
42.957500	893.5
42.961250	920.0
42.965000	1005.3
42.968750	923.4
42.972500	940.6
42.976250	950.4
42.980000	933.5
42.983750	991.5
42.987500	935.4
42.991250	923.7
42.995000	950.2
42.998750	913.1
43.002500	933.0
43.006250	959.7
43.010000	998.5
43.013750	895.8
43.017500	978.9
43.021250	895.9
43.025000	949.7
43.028750	931.7
43.032500	954.8
43.036250	932.1
43.040000	960.6
43.043750	939.6
43.047500	962.1
43.051250	929.6
43.055000	935.8
43.058750	1001.0
43.062500	966.5
43.066250	922.1
43.070000	946.5
43.073750	996.4
43.077500	970.8
43.081250	905.0
43.085000	985.6
43.088750	1000.3
43.092500	950.2
43.096250	967.2
43.100000	977.6
43.103750	1023.6
43.107500	999.2
43.111250	1035.8
43.115000	994.2
43.118750	954.9
43.122500	992.3
43.126250	974.3
43.130000	951.6
43.133750	968.9
43.137500	958.9
43.141250	973.6
43.145000	1014.0
43.148750	983.0
43.152500	958.2
43.156250	983.7
43.160000	957.8
43.163750	998.8
43.167500	1049.0
43.171250	1004.9
43.175000	1005.1
43.178750	1015.5
43.182500	1020.7
43.186250	937.2
43.190000	973.9
43.193750	1001.5
43.197500	989.9
43.201250	1017.3
43.205000	1010.1
43.208750	979.1
43.212500	969.3
43.216250	951.1
43.220000	956.8
43.223750	986.7
43.227500	1043.5
43.231250	995.2
43.235000	988.5
43.238750	1020.0
43.242500	965.0
43.246250	962.8
43.250000	968.0
43.253750	994.8
43.257500	994.2
43.261250	966.9
43.265000	916.0
43.268750	974.0
43.272500	885.3
43.276250	954.8
43.280000	944.5
43.283750	956.9
43.287500	898.4
43.291250	972.7
43.295000	898.2
43.298750	950.3
43.302500	891.2
43.306250	474.2
43.310000	934.7
43.313750	873.5
43.317500	927.1
43.321250	937.3
43.325000	918.0
43.328750	953.0
43.332500	904.8
43.336250	931.6
43.340000	905.0
43.343750	916.3
43.347500	902.4
43.351250	999.2
43.355000	945.0
43.358750	906.9
43.362500	912.5
43.366250	931.5
43.370000	971.8
43.373750	1012.9
43.377500	937.6
43.381250	931.0
43.385000	956.6
43.388750	984.3
43.392500	976.4
43.396250	968.6
43.400000	941.7
43.403750	940.7
43.407500	949.0
43.411250	1001.9
43.415000	962.4
43.418750	942.5
43.422500	962.9
43.426250	982.9
43.430000	1011.0
43.433750	982.0
43.437500	984.1
43.441250	972.1
43.445000	998.5
43.448750	971.8
43.452500	954.5
43.456250	957.4
43.460000	962.7
43.463750	992.8
43.467500	999.7
43.471250	958.1
43.475000	965.3
43.478750	950.8
43.482500	1017.0
43.486250	907.3
43.490000	934.6
43.493750	900.9
43.497500	940.7
43.501250	964.8
43.505000	908.3
43.508750	921.3
43.512500	957.4
43.516250	872.8
43.520000	917.8
43.523750	937.0
43.527500	961.5
43.531250	979.8
43.535000	984.6
43.538750	944.8
43.542500	909.8
43.546250	925.5
43.550000	995.5
43.553750	857.0
43.557500	905.8
43.561250	897.0
43.565000	926.9
43.568750	926.7
43.572500	918.0
43.576250	895.1
43.580000	927.4
43.583750	915.3
43.587500	972.3
43.591250	955.4
43.595000	949.6
43.598750	886.0
43.602500	913.4
43.606250	1000.9
43.610000	940.4
43.613750	954.5
43.617500	946.2
43.621250	951.1
43.625000	941.9
43.628750	930.7
43.632500	942.5
43.636250	998.4
43.640000	962.9
43.643750	942.4
43.647500	984.8
43.651250	930.5
43.655000	942.3
43.658750	993.2
43.662500	952.5
43.666250	967.0
43.670000	952.9
43.673750	981.1
43.677500	972.9
43.681250	999.2
43.685000	1012.6
43.688750	994.3
43.692500	1020.2
43.696250	983.6
43.700000	1026.0
43.703750	971.0
43.707500	1024.6
43.711250	1027.2
43.715000	1087.7
43.718750	1069.4
43.722500	1089.2
43.726250	1060.2
43.730000	1057.7
43.733750	1093.6
43.737500	1126.5
43.741250	1172.9
43.745000	1150.7
43.748750	1120.1
43.752500	1126.3
43.756250	1244.4
43.760000	1239.1
43.763750	1237.6
43.767500	1263.3
43.771250	1273.3
43.775000	1348.5
43.778750	1029.5
43.782500	883.6
43.786250	1509.2
43.790000	1357.2
43.793750	1450.3
43.797500	1434.6
43.801250	1457.7
43.805000	1462.4
43.808750	1506.2
43.812500	1532.1
43.816250	1490.6
43.820000	1479.4
43.823750	1464.9
43.827500	1383.4
43.831250	1417.0
43.835000	1378.1
43.838750	1349.9
43.842500	1355.4
43.846250	1284.0
43.850000	1216.7
43.853750	1259.6
43.857500	1246.4
43.861250	1186.8
43.865000	1192.1
43.868750	1108.7
43.872500	1126.9
43.876250	1050.3
43.880000	1066.5
43.883750	1066.1
43.887500	1071.4
43.891250	1105.7
43.895000	1028.6
43.898750	1001.2
43.902500	1069.6
43.906250	1009.3
43.910000	995.3
43.913750	973.8
43.917500	983.8
43.921250	933.7
43.925000	940.8
43.928750	993.3
43.932500	954.1
43.936250	946.9
43.940000	947.5
43.943750	968.2
43.947500	985.2
43.951250	964.1
43.955000	906.7
43.958750	875.6
43.962500	879.6
43.966250	937.7
43.970000	933.1
43.973750	982.6
43.977500	971.4
43.981250	934.7
43.985000	947.3
43.988750	898.3
43.992500	924.2
43.996250	949.3
44.000000	888.9
44.003750	881.0
44.007500	903.8
44.011250	874.9
44.015000	891.6
44.018750	897.0
44.022500	910.0
44.026250	918.3
44.030000	888.9
44.033750	883.9
44.037500	896.0
44.041250	920.8
44.045000	886.2
44.048750	879.6
44.052500	918.6
44.056250	924.5
44.060000	850.0
44.063750	880.6
44.067500	911.1
44.071250	906.0
44.075000	875.9
44.078750	890.5
44.082500	900.2
44.086250	874.8
44.090000	867.7
44.093750	921.3
44.097500	922.5
44.101250	861.6
44.105000	857.5
44.108750	855.6
44.112500	832.0
44.116250	857.9
44.120000	875.9
44.123750	895.4
44.127500	868.6
44.131250	903.7
44.135000	879.2
44.138750	888.1
44.142500	887.2
44.146250	867.1
44.150000	856.8
44.153750	860.3
44.157500	844.9
44.161250	874.7
44.165000	879.6
44.168750	896.5
44.172500	898.3
44.176250	916.4
44.180000	885.0
44.183750	907.4
44.187500	903.5
44.191250	844.5
44.195000	877.9
44.198750	863.8
44.202500	871.0
44.206250	889.1
44.210000	838.0
44.213750	821.5
44.217500	878.6
44.221250	853.1
44.225000	914.1
44.228750	921.3
44.232500	896.3
44.236250	882.0
44.240000	854.7
44.243750	888.4
44.247500	927.3
44.251250	838.4
44.255000	884.0
44.258750	895.5
44.262500	908.7
44.266250	859.2
44.270000	918.3
44.273750	890.0
44.277500	879.4
44.281250	904.8
44.285000	835.4
44.288750	856.4
44.292500	867.9
44.296250	863.2
44.300000	855.3
44.303750	859.2
44.307500	882.7
44.311250	867.1
44.315000	878.0
44.318750	907.9
44.322500	830.4
44.326250	827.0
44.330000	914.9
44.333750	958.4
44.337500	891.3
44.341250	881.1
44.345000	835.8
44.348750	904.5
44.352500	878.6
44.356250	829.8
44.360000	870.0
44.363750	828.3
44.367500	859.8
44.371250	809.7
44.375000	872.8
44.378750	859.4
44.382500	915.3
44.386250	890.4
44.390000	877.7
44.393750	844.1
44.397500	866.4
44.401250	885.3
44.405000	921.1
44.408750	882.7
44.412500	903.6
44.416250	859.6
44.420000	854.2
44.423750	907.1
44.427500	885.6
44.431250	887.3
44.435000	906.5
44.438750	878.5
44.442500	837.6
44.446250	897.3
44.450000	863.9
44.453750	902.7
44.457500	868.7
44.461250	866.1
44.465000	871.0
44.468750	921.2
44.472500	873.9
44.476250	888.7
44.480000	859.7
44.483750	833.7
44.487500	870.2
44.491250	883.3
44.495000	839.8
44.498750	867.0
44.502500	870.7
44.506250	895.4
44.510000	892.7
44.513750	899.8
44.517500	857.4
44.521250	895.1
44.525000	853.1
44.528750	895.9
44.532500	910.3
44.536250	826.5
44.540000	905.0
44.543750	901.2
44.547500	899.1
44.551250	886.0
44.555000	871.0
44.558750	835.7
44.562500	894.5
44.566250	878.5
44.570000	877.4
44.573750	858.8
44.577500	870.8
44.581250	864.8
44.585000	831.5
44.588750	962.7
44.592500	903.6
44.596250	920.1
44.600000	901.4
44.603750	891.4
44.607500	961.8
44.611250	918.6
44.615000	848.0
44.618750	912.0
44.622500	903.2
44.626250	914.2
44.630000	884.2
44.633750	871.2
44.637500	858.0
44.641250	875.3
44.645000	940.7
44.648750	926.7
44.652500	926.2
44.656250	882.0
44.660000	944.3
44.663750	891.1
44.667500	853.7
44.671250	864.0
44.675000	869.7
44.678750	855.9
44.682500	885.4
44.686250	896.9
44.690000	897.0
44.693750	897.9
44.697500	954.6
44.701250	947.6
44.705000	905.8
44.708750	923.1
44.712500	911.9
44.716250	939.0
44.720000	935.1
44.723750	893.2
44.727500	907.9
44.731250	1002.1
44.735000	953.4
44.738750	957.8
44.742500	923.0
44.746250	878.5
44.750000	900.7
44.753750	941.5
44.757500	927.7
44.761250	937.0
44.765000	932.0
44.768750	979.2
44.772500	955.1
44.776250	929.1
44.780000	902.9
44.783750	915.1
44.787500	955.3
44.791250	958.7
44.795000	983.9
44.798750	1002.2
44.802500	1019.9
44.806250	983.5
44.810000	971.8
44.813750	991.0
44.817500	1007.4
44.821250	1026.6
44.825000	1057.3
44.828750	1035.7
44.832500	1086.2
44.836250	1091.8
44.840000	1116.1
44.843750	1052.9
44.847500	1121.1
44.851250	1156.1
44.855000	1164.6
44.858750	1190.3
44.862500	1203.4
44.866250	1211.8
44.870000	1231.6
44.873750	1237.5
44.877500	1260.7
44.881250	1294.1
44.885000	1273.1
44.888750	1296.8
44.892500	1328.0
44.896250	1354.6
44.900000	1397.2
44.903750	1338.7
44.907500	1337.4
44.911250	1384.0
44.915000	1313.8
44.918750	1338.7
44.922500	1284.6
44.926250	1228.8
44.930000	1270.3
44.933750	1279.2
44.937500	1209.8
44.941250	1302.8
44.945000	1240.9
44.948750	1198.5
44.952500	1166.1
44.956250	1200.9
44.960000	1214.1
44.963750	1231.5
44.967500	1192.0
44.971250	1172.6
44.975000	1228.8
44.978750	1180.9
44.982500	1161.3
44.986250	1172.9
44.990000	1145.2
44.993750	1122.4
44.997500	1197.3
45.001250	1155.9
45.005000	1153.6
45.008750	1102.0
45.012500	1172.5
45.016250	1174.5
45.020000	1193.0
45.023750	1181.4
45.027500	1199.2
45.031250	1200.3
45.035000	1161.4
45.038750	1130.8
45.042500	1149.2
45.046250	1161.7
45.050000	1154.7
45.053750	1179.4
45.057500	1170.6
45.061250	1123.9
45.065000	1215.9
45.068750	1148.3
45.072500	1210.8
45.076250	1182.5
45.080000	1226.2
45.083750	1174.0
45.087500	1188.8
45.091250	1207.3
45.095000	1216.3
45.098750	1253.3
45.102500	1238.8
45.106250	1274.5
45.110000	1289.0
45.113750	1214.0
45.117500	1355.5
45.121250	1297.8
45.125000	1304.4
45.128750	1320.8
45.132500	1303.5
45.136250	1309.0
45.140000	1235.0
45.143750	1269.6
45.147500	1315.3
45.151250	1362.3
45.155000	1346.5
45.158750	1297.1
45.162500	1219.7
45.166250	1242.3
45.170000	1221.1
45.173750	1199.8
45.177500	1209.6
45.181250	1154.1
45.185000	1125.8
45.188750	1124.8
45.192500	1131.8
45.196250	1131.1
45.200000	1057.5
45.203750	1032.4
45.207500	1062.5
45.211250	1035.4
45.215000	1028.8
45.218750	1041.1
45.222500	1003.0
45.226250	1032.6
45.230000	991.6
45.233750	952.2
45.237500	964.2
45.241250	956.9
45.245000	971.3
45.248750	926.0
45.252500	950.6
45.256250	967.4
45.260000	906.6
45.263750	926.3
45.267500	914.4
45.271250	922.6
45.275000	899.7
45.278750	929.6
45.282500	906.6
45.286250	840.6
45.290000	919.8
45.293750	896.0
45.297500	873.4
45.301250	896.3
45.305000	882.0
45.308750	891.4
45.312500	941.7
45.316250	887.9
45.320000	865.4
45.323750	872.3
45.327500	895.0
45.331250	866.5
45.335000	846.8
45.338750	916.5
45.342500	930.0
45.346250	883.9
45.350000	931.4
45.353750	903.9
45.357500	864.1
45.361250	843.4
45.365000	880.9
45.368750	894.0
45.372500	855.6
45.376250	893.7
45.380000	897.7
45.383750	863.8
45.387500	891.1
45.391250	876.2
45.395000	803.1
45.398750	899.7
45.402500	880.9
45.406250	856.6
45.410000	889.4
45.413750	895.8
45.417500	807.2
45.421250	823.7
45.425000	878.8
45.428750	872.1
45.432500	864.2
45.436250	838.4
45.440000	940.2
45.443750	872.9
45.447500	856.8
45.451250	845.1
45.455000	938.4
45.458750	914.9
45.462500	937.8
45.466250	915.4
45.470000	902.0
45.473750	943.0
45.477500	915.8
45.481250	921.1
45.485000	940.3
45.488750	919.0
45.492500	927.6
45.496250	896.3
45.500000	984.8
45.503750	981.4
45.507500	1025.3
45.511250	971.2
45.515000	1079.8
45.518750	1067.4
45.522500	1107.4
45.526250	1224.8
45.530000	1167.6
45.533750	1135.4
45.537500	1217.4
45.541250	1201.8
45.545000	1270.9
45.548750	1238.5
45.552500	1283.1
45.556250	1231.9
45.560000	1213.2
45.563750	1221.3
45.567500	1218.2
45.571250	1228.1
45.575000	1134.8
45.578750	1140.1
45.582500	1094.5
45.586250	1099.9
45.590000	1031.9
45.593750	1041.2
45.597500	993.5
45.601250	925.9
45.605000	960.8
45.608750	950.3
45.612500	917.1
45.616250	927.1
45.620000	910.0
45.623750	937.7
45.627500	1002.6
45.631250	878.5
45.635000	944.5
45.638750	1011.8
45.642500	925.4
45.646250	847.5
45.650000	861.1
45.653750	878.7
45.657500	936.5
45.661250	931.0
45.665000	920.2
45.668750	948.0
45.672500	968.9
45.676250	1028.6
45.680000	1055.7
45.683750	1060.1
45.687500	1057.7
45.691250	1016.9
45.695000	1072.2
45.698750	1074.3
45.702500	1050.3
45.706250	1105.5
45.710000	1057.3
45.713750	1049.9
45.717500	1111.4
45.721250	1051.4
45.725000	1056.8
45.728750	1035.4
45.732500	1035.3
45.736250	1060.5
45.740000	1070.5
45.743750	1049.1
45.747500	1061.3
45.751250	1091.8
45.755000	1133.1
45.758750	1122.2
45.762500	1129.1
45.766250	1132.2
45.770000	1179.7
45.773750	1218.0
45.777500	1202.2
45.781250	1338.0
45.785000	1339.6
45.788750	1399.7
45.792500	1356.2
45.796250	1390.3
45.800000	1503.9
45.803750	1494.8
45.807500	1514.8
45.811250	1545.4
45.815000	1620.5
45.818750	1534.3
45.822500	1632.9
45.826250	1565.0
45.830000	1498.9
45.833750	1488.0
45.837500	1535.4
45.841250	1490.5
45.845000	1365.8
45.848750	1440.5
45.852500	1517.9
45.856250	1356.0
45.860000	1384.7
45.863750	1383.6
45.867500	1352.3
45.871250	1320.8
45.875000	1306.4
45.878750	1244.8
45.882500	1226.8
45.886250	1274.4
45.890000	1209.5
45.893750	1242.9
45.897500	1269.6
45.901250	1210.1
45.905000	1184.4
45.908750	1200.7
45.912500	1196.9
45.916250	1131.5
45.920000	1188.7
45.923750	1175.7
45.927500	1143.8
45.931250	1165.5
45.935000	1176.4
45.938750	1112.4
45.942500	1191.7
45.946250	1160.6
45.950000	1166.5
45.953750	1144.6
45.957500	1138.1
45.961250	1087.3
45.965000	1171.1
45.968750	1065.7
45.972500	984.0
45.976250	993.0
45.980000	1041.4
45.983750	989.8
45.987500	949.0
45.991250	976.9
45.995000	969.9
45.998750	1011.7
46.002500	1012.2
46.006250	996.6
46.010000	917.2
46.013750	949.3
46.017500	915.8
46.021250	987.3
46.025000	983.4
46.028750	991.7
46.032500	971.9
46.036250	892.1
46.040000	948.7
46.043750	951.4
46.047500	918.9
46.051250	863.8
46.055000	928.4
46.058750	894.8
46.062500	927.5
46.066250	911.2
46.070000	932.8
46.073750	882.5
46.077500	938.1
46.081250	948.8
46.085000	917.3
46.088750	943.1
46.092500	933.1
46.096250	958.9
46.100000	929.0
46.103750	941.6
46.107500	951.9
46.111250	923.2
46.115000	983.1
46.118750	1045.5
46.122500	1012.5
46.126250	992.0
46.130000	979.4
46.133750	1025.5
46.137500	1007.9
46.141250	996.6
46.145000	1020.8
46.148750	1040.4
46.152500	957.3
46.156250	974.5
46.160000	1012.3
46.163750	891.9
46.167500	1003.5
46.171250	874.0
46.175000	928.7
46.178750	991.3
46.182500	982.4
46.186250	918.9
46.190000	923.1
46.193750	945.4
46.197500	878.3
46.201250	884.8
46.205000	903.9
46.208750	909.4
46.212500	874.9
46.216250	858.5
46.220000	918.6
46.223750	908.2
46.227500	867.6
46.231250	867.5
46.235000	912.5
46.238750	904.4
46.242500	912.4
46.246250	829.7
46.250000	878.4
46.253750	879.2
46.257500	898.2
46.261250	887.7
46.265000	871.2
46.268750	833.2
46.272500	913.7
46.276250	886.2
46.280000	899.1
46.283750	844.6
46.287500	902.2
46.291250	899.7
46.295000	863.7
46.298750	915.9
46.302500	910.3
46.306250	865.7
46.310000	868.5
46.313750	865.4
46.317500	856.5
46.321250	860.3
46.325000	904.3
46.328750	847.9
46.332500	864.3
46.336250	881.2
46.340000	898.4
46.343750	876.9
46.347500	852.8
46.351250	920.9
46.355000	823.5
46.358750	848.6
46.362500	877.2
46.366250	890.0
46.370000	878.8
46.373750	830.8
46.377500	933.8
46.381250	912.1
46.385000	892.2
46.388750	900.1
46.392500	910.2
46.396250	897.9
46.400000	941.9
46.403750	926.8
46.407500	953.7
46.411250	919.0
46.415000	919.7
46.418750	942.8
46.422500	949.9
46.426250	997.6
46.430000	926.5
46.433750	972.8
46.437500	985.1
46.441250	968.3
46.445000	1007.0
46.448750	953.8
46.452500	1014.2
46.456250	1011.5
46.460000	1025.6
46.463750	1004.9
46.467500	1055.7
46.471250	1069.7
46.475000	1090.4
46.478750	1086.8
46.482500	1104.0
46.486250	1097.3
46.490000	1147.8
46.493750	1260.8
46.497500	1207.6
46.501250	1188.7
46.505000	1201.0
46.508750	1304.1
46.512500	1265.9
46.516250	1256.0
46.520000	1280.7
46.523750	1227.4
46.527500	1325.5
46.531250	1227.2
46.535000	1229.7
46.538750	1153.0
46.542500	1172.7
46.546250	1145.3
46.550000	1193.5
46.553750	1195.8
46.557500	1098.4
46.561250	1133.6
46.565000	1142.6
46.568750	1108.1
46.572500	1032.3
46.576250	1135.1
46.580000	1073.6
46.583750	998.2
46.587500	1060.6
46.591250	1023.8
46.595000	1066.6
46.598750	1021.6
46.602500	1091.7
46.606250	1093.5
46.610000	1032.5
46.613750	1029.6
46.617500	1042.5
46.621250	1031.6
46.625000	1053.8
46.628750	1076.8
46.632500	1131.3
46.636250	1093.0
46.640000	1096.1
46.643750	1113.0
46.647500	1090.8
46.651250	1132.5
46.655000	1123.3
46.658750	1133.2
46.662500	1170.0
46.666250	1164.2
46.670000	1196.5
46.673750	1350.6
46.677500	1297.0
46.681250	1448.5
46.685000	1454.4
46.688750	1573.4
46.692500	1751.3
46.696250	1867.6
46.700000	1999.4
46.703750	2224.3
46.707500	2379.9
46.711250	2569.6
46.715000	2677.3
46.718750	2832.2
46.722500	2912.9
46.726250	2951.2
46.730000	2845.6
46.733750	2833.6
46.737500	2725.1
46.741250	2611.7
46.745000	2467.6
46.748750	2221.9
46.752500	2086.2
46.756250	1854.0
46.760000	1695.3
46.763750	1575.4
46.767500	1447.3
46.771250	1338.2
46.775000	1342.3
46.778750	1270.6
46.782500	1209.7
46.786250	1157.8
46.790000	1146.2
46.793750	1127.4
46.797500	1142.1
46.801250	1112.6
46.805000	1120.5
46.808750	1061.4
46.812500	1115.9
46.816250	1073.0
46.820000	1065.2
46.823750	1039.6
46.827500	1011.9
46.831250	1050.8
46.835000	1034.7
46.838750	981.9
46.842500	970.5
46.846250	942.1
46.850000	919.6
46.853750	949.1
46.857500	1032.8
46.861250	963.3
46.865000	990.5
46.868750	992.6
46.872500	993.7
46.876250	990.5
46.880000	984.7
46.883750	942.2
46.887500	993.5
46.891250	1003.6
46.895000	1024.8
46.898750	1035.5
46.902500	1112.2
46.906250	1033.4
46.910000	1040.3
46.913750	1057.6
46.917500	1038.3
46.921250	1100.4
46.925000	1078.5
46.928750	1047.7
46.932500	1111.0
46.936250	1073.3
46.940000	1088.0
46.943750	1019.8
46.947500	1084.5
46.951250	1020.2
46.955000	1012.6
46.958750	932.1
46.962500	919.4
46.966250	908.6
46.970000	898.4
46.973750	888.5
46.977500	912.2
46.981250	921.2
46.985000	871.6
46.988750	927.7
46.992500	932.5
46.996250	929.4
47.000000	919.8
47.003750	914.3
47.007500	919.2
47.011250	881.0
47.015000	965.2
47.018750	915.2
47.022500	881.5
47.026250	882.8
47.030000	891.8
47.033750	869.3
47.037500	854.5
47.041250	863.8
47.045000	880.9
47.048750	911.4
47.052500	900.7
47.056250	921.6
47.060000	915.8
47.063750	864.7
47.067500	852.5
47.071250	862.9
47.075000	887.6
47.078750	927.4
47.082500	898.1
47.086250	938.4
47.090000	924.9
47.093750	934.5
47.097500	936.6
47.101250	922.1
47.105000	943.7
47.108750	926.4
47.112500	927.6
47.116250	945.5
47.120000	902.5
47.123750	927.9
47.127500	975.9
47.131250	986.7
47.135000	1004.8
47.138750	977.0
47.142500	986.1
47.146250	1010.8
47.150000	1000.1
47.153750	1054.1
47.157500	1085.3
47.161250	1061.8
47.165000	1102.2
47.168750	1101.7
47.172500	1148.0
47.176250	1187.3
47.180000	1158.2
47.183750	1190.3
47.187500	1216.5
47.191250	1195.6
47.195000	1279.7
47.198750	1249.9
47.202500	1179.3
47.206250	1258.6
47.210000	1175.9
47.213750	1167.6
47.217500	1247.9
47.221250	1218.1
47.225000	1240.1
47.228750	1187.8
47.232500	1164.4
47.236250	1178.0
47.240000	1188.5
47.243750	1177.6
47.247500	1194.8
47.251250	1116.8
47.255000	1132.8
47.258750	1148.8
47.262500	1154.7
47.266250	1169.2
47.270000	1207.8
47.273750	1206.4
47.277500	1135.9
47.281250	1166.6
47.285000	1218.7
47.288750	1113.8
47.292500	1138.5
47.296250	1233.0
47.300000	1156.1
47.303750	1212.8
47.307500	1195.4
47.311250	1177.5
47.315000	1188.8
47.318750	1198.4
47.322500	1239.4
47.326250	1254.8
47.330000	1306.1
47.333750	1298.7
47.337500	1247.3
47.341250	1213.5
47.345000	1176.8
47.348750	1246.0
47.352500	1266.4
47.356250	1148.5
47.360000	1156.7
47.363750	1169.5
47.367500	1173.8
47.371250	1140.0
47.375000	1074.4
47.378750	1091.9
47.382500	1099.3
47.386250	1081.4
47.390000	1058.8
47.393750	1052.8
47.397500	1065.2
47.401250	1039.8
47.405000	1032.2
47.408750	1040.8
47.412500	1071.8
47.416250	1043.1
47.420000	968.0
47.423750	1041.3
47.427500	1076.1
47.431250	1055.3
47.435000	1030.2
47.438750	1076.3
47.442500	1102.1
47.446250	1054.4
47.450000	1050.2
47.453750	1058.3
47.457500	1091.5
47.461250	1123.7
47.465000	1121.8
47.468750	1066.8
47.472500	1111.6
47.476250	1060.0
47.480000	1081.8
47.483750	1113.7
47.487500	1064.7
47.491250	1033.3
47.495000	1035.5
47.498750	1061.4
47.502500	1069.5
47.506250	1015.9
47.510000	1070.5
47.513750	1097.9
47.517500	1004.0
47.521250	1035.6
47.525000	1042.9
47.528750	1013.6
47.532500	1036.2
47.536250	1095.5
47.540000	1157.9
47.543750	1056.3
47.547500	1121.6
47.551250	1100.5
47.555000	1109.3
47.558750	1099.1
47.562500	1193.8
47.566250	1151.3
47.570000	1135.3
47.573750	1158.6
47.577500	1102.8
47.581250	1089.3
47.585000	1127.7
47.588750	1182.3
47.592500	1141.0
47.596250	1129.6
47.600000	1158.5
47.603750	1214.0
47.607500	1219.5
47.611250	1238.5
47.615000	1255.6
47.618750	1276.0
47.622500	1246.9
47.626250	1267.8
47.630000	1238.8
47.633750	1354.8
47.637500	1275.8
47.641250	1288.9
47.645000	1262.8
47.648750	1320.7
47.652500	1324.8
47.656250	1239.9
47.660000	1246.9
47.663750	1283.5
47.667500	1356.4
47.671250	1279.1
47.675000	1270.2
47.678750	1270.4
47.682500	1309.9
47.686250	1284.5
47.690000	1243.2
47.693750	1330.0
47.697500	1216.5
47.701250	1245.5
47.705000	1299.1
47.708750	1246.1
47.712500	1210.4
47.716250	1176.3
47.720000	1246.5
47.723750	1209.1
47.727500	1120.1
47.731250	1171.5
47.735000	1091.2
47.738750	1115.7
47.742500	1104.0
47.746250	1168.1
47.750000	1156.0
47.753750	1126.9
47.757500	1188.4
47.761250	1223.4
47.765000	1151.5
47.768750	1161.1
47.772500	1233.8
47.776250	1160.5
47.780000	1157.3
47.783750	1170.8
47.787500	1152.5
47.791250	1262.4
47.795000	1157.7
47.798750	1207.8
47.802500	1160.2
47.806250	1211.8
47.810000	1209.0
47.813750	1112.5
47.817500	1126.9
47.821250	1143.1
47.825000	1094.5
47.828750	1089.6
47.832500	1115.1
47.836250	982.4
47.840000	1091.2
47.843750	1075.0
47.847500	1028.1
47.851250	1047.9
47.855000	979.4
47.858750	1062.1
47.862500	994.6
47.866250	1041.9
47.870000	1006.6
47.873750	1024.0
47.877500	982.1
47.881250	1014.2
47.885000	1020.1
47.888750	1032.6
47.892500	1044.6
47.896250	1016.6
47.900000	1009.6
47.903750	995.6
47.907500	1049.1
47.911250	1022.5
47.915000	959.4
47.918750	1063.2
47.922500	1012.8
47.926250	1051.6
47.930000	999.8
47.933750	1030.0
47.937500	1053.6
47.941250	1086.4
47.945000	1125.4
47.948750	1077.3
47.952500	1056.0
47.956250	1072.3
47.960000	1097.8
47.963750	1054.2
47.967500	1046.4
47.971250	1068.6
47.975000	1101.2
47.978750	1082.4
47.982500	1028.4
47.986250	1093.9
47.990000	1058.7
47.993750	1075.5
47.997500	1069.1
48.001250	1000.9
48.005000	1037.1
48.008750	1020.9
48.012500	1022.6
48.016250	1023.7
48.020000	1047.4
48.023750	1033.2
48.027500	1013.9
48.031250	1075.7
48.035000	997.7
48.038750	1026.5
48.042500	1046.2
48.046250	1117.0
48.050000	1043.5
48.053750	1057.2
48.057500	1126.0
48.061250	1136.5
48.065000	1049.7
48.068750	1084.1
48.072500	1060.0
48.076250	1011.0
48.080000	973.1
48.083750	959.1
48.087500	1040.6
48.091250	969.7
48.095000	901.1
48.098750	963.6
48.102500	1003.0
48.106250	1006.7
48.110000	904.7
48.113750	915.4
48.117500	902.4
48.121250	905.1
48.125000	893.9
48.128750	921.6
48.132500	937.6
48.136250	915.3
48.140000	880.5
48.143750	896.0
48.147500	887.9
48.151250	965.3
48.155000	925.2
48.158750	920.6
48.162500	916.6
48.166250	916.7
48.170000	944.9
48.173750	937.1
48.177500	902.5
48.181250	925.2
48.185000	926.7
48.188750	934.1
48.192500	915.0
48.196250	969.3
48.200000	965.7
48.203750	920.1
48.207500	946.3
48.211250	944.4
48.215000	919.1
48.218750	973.3
48.222500	979.3
48.226250	980.9
48.230000	1020.9
48.233750	1007.2
48.237500	969.9
48.241250	1005.8
48.245000	995.7
48.248750	952.5
48.252500	946.2
48.256250	972.3
48.260000	955.6
48.263750	928.8
48.267500	933.9
48.271250	948.1
48.275000	949.5
48.278750	949.5
48.282500	1010.4
48.286250	980.2
48.290000	905.1
48.293750	942.2
48.297500	914.0
48.301250	935.9
48.305000	956.4
48.308750	915.2
48.312500	919.2
48.316250	903.5
48.320000	953.9
48.323750	948.0
48.327500	888.7
48.331250	893.6
48.335000	893.0
48.338750	936.1
48.342500	930.9
48.346250	931.7
48.350000	938.1
48.353750	913.6
48.357500	969.7
48.361250	949.0
48.365000	914.4
48.368750	957.1
48.372500	904.8
48.376250	899.5
48.380000	907.0
48.383750	960.1
48.387500	916.7
48.391250	874.9
48.395000	923.5
48.398750	933.0
48.402500	919.1
48.406250	981.7
48.410000	990.1
48.413750	914.8
48.417500	928.0
48.421250	959.1
48.425000	942.8
48.428750	947.4
48.432500	962.3
48.436250	1005.5
48.440000	969.3
48.443750	917.8
48.447500	934.8
48.451250	961.3
48.455000	992.2
48.458750	973.7
48.462500	970.8
48.466250	980.3
48.470000	967.0
48.473750	946.8
48.477500	881.3
48.481250	923.5
48.485000	923.1
48.488750	934.3
48.492500	933.1
48.496250	869.6
48.500000	883.6
48.503750	874.0
48.507500	857.0
48.511250	916.5
48.515000	901.4
48.518750	900.0
48.522500	829.9
48.526250	885.7
48.530000	901.7
48.533750	883.0
48.537500	884.5
48.541250	911.8
48.545000	937.7
48.548750	898.6
48.552500	893.2
48.556250	911.4
48.560000	915.8
48.563750	923.0
48.567500	873.3
48.571250	886.4
48.575000	945.7
48.578750	863.4
48.582500	860.4
48.586250	883.5
48.590000	854.2
48.593750	912.8
48.597500	898.5
48.601250	916.0
48.605000	883.8
48.608750	881.8
48.612500	883.6
48.616250	904.8
48.620000	868.1
48.623750	914.1
48.627500	932.5
48.631250	897.8
48.635000	912.5
48.638750	916.9
48.642500	929.3
48.646250	887.4
48.650000	857.9
48.653750	861.6
48.657500	898.1
48.661250	880.7
48.665000	864.6
48.668750	857.8
48.672500	934.1
48.676250	905.3
48.680000	858.7
48.683750	866.8
48.687500	919.1
48.691250	893.4
48.695000	915.9
48.698750	898.8
48.702500	890.8
48.706250	892.8
48.710000	902.8
48.713750	914.1
48.717500	889.3
48.721250	873.7
48.725000	863.7
48.728750	868.3
48.732500	845.9
48.736250	823.9
48.740000	897.7
48.743750	867.1
48.747500	844.6
48.751250	818.4
48.755000	818.8
48.758750	897.3
48.762500	860.8
48.766250	848.0
48.770000	886.8
48.773750	904.5
48.777500	863.9
48.781250	843.7
48.785000	864.0
48.788750	844.3
48.792500	866.6
48.796250	865.0
48.800000	857.9
48.803750	857.1
48.807500	786.2
48.811250	832.2
48.815000	932.6
48.818750	869.8
48.822500	867.4
48.826250	828.4
48.830000	869.1
48.833750	894.9
48.837500	860.3
48.841250	818.1
48.845000	817.5
48.848750	856.7
48.852500	830.2
48.856250	897.8
48.860000	827.8
48.863750	869.3
48.867500	843.8
48.871250	804.6
48.875000	846.8
48.878750	812.9
48.882500	871.8
48.886250	859.3
48.890000	831.8
48.893750	847.3
48.897500	861.8
48.901250	890.2
48.905000	844.3
48.908750	847.6
48.912500	899.7
48.916250	891.3
48.920000	822.1
48.923750	883.9
48.927500	904.8
48.931250	914.2
48.935000	873.7
48.938750	885.9
48.942500	900.3
48.946250	917.9
48.950000	943.8
48.953750	873.6
48.957500	851.5
48.961250	904.7
48.965000	949.4
48.968750	852.1
48.972500	918.5
48.976250	960.4
48.980000	912.3
48.983750	882.7
48.987500	846.8
48.991250	883.9
48.995000	927.4
48.998750	903.2
49.002500	830.8
49.006250	853.9
49.010000	875.7
49.013750	858.5
49.017500	894.0
49.021250	872.7
49.025000	886.9
49.028750	908.6
49.032500	869.7
49.036250	887.7
49.040000	905.0
49.043750	872.5
49.047500	911.8
49.051250	907.6
49.055000	881.3
49.058750	903.5
49.062500	922.5
49.066250	904.5
49.070000	955.8
49.073750	923.0
49.077500	888.0
49.081250	826.3
49.085000	917.5
49.088750	908.8
49.092500	885.7
49.096250	915.8
49.100000	898.4
49.103750	846.4
49.107500	884.3
49.111250	890.9
49.115000	896.5
49.118750	923.8
49.122500	917.4
49.126250	859.8
49.130000	933.4
49.133750	968.2
49.137500	943.2
49.141250	897.3
49.145000	971.5
49.148750	967.3
49.152500	952.4
49.156250	979.8
49.160000	985.4
49.163750	982.0
49.167500	1033.6
49.171250	1037.8
49.175000	1074.6
49.178750	1045.3
49.182500	973.5
49.186250	977.9
49.190000	1086.8
49.193750	1029.5
49.197500	1017.9
49.201250	1036.6
49.205000	1076.6
49.208750	1042.5
49.212500	1047.7
49.216250	1074.1
49.220000	1103.0
49.223750	989.5
49.227500	1043.0
49.231250	1036.9
49.235000	1032.4
49.238750	1070.7
49.242500	1132.8
49.246250	1086.3
49.250000	1139.8
49.253750	1084.8
49.257500	1080.1
49.261250	1143.0
49.265000	1119.4
49.268750	1124.1
49.272500	1139.0
49.276250	1102.1
49.280000	1053.2
49.283750	1019.3
49.287500	1069.0
49.291250	1079.4
49.295000	1064.5
49.298750	987.4
49.302500	974.4
49.306250	993.8
49.310000	916.1
49.313750	945.5
49.317500	949.1
49.321250	937.5
49.325000	909.7
49.328750	946.3
49.332500	901.0
49.336250	958.7
49.340000	956.8
49.343750	929.0
49.347500	939.3
49.351250	931.1
49.355000	976.3
49.358750	986.1
49.362500	997.8
49.366250	1021.9
49.370000	941.1
49.373750	889.6
49.377500	938.3
49.381250	912.2
49.385000	866.1
49.388750	943.2
49.392500	871.9
49.396250	883.0
49.400000	904.5
49.403750	865.0
49.407500	878.7
49.411250	882.7
49.415000	883.3
49.418750	908.5
49.422500	890.1
49.426250	896.7
49.430000	943.0
49.433750	919.6
49.437500	912.9
49.441250	911.1
49.445000	867.0
49.448750	898.8
49.452500	875.8
49.456250	884.0
49.460000	871.3
49.463750	866.8
49.467500	901.0
49.471250	838.7
49.475000	909.7
49.478750	918.2
49.482500	903.7
49.486250	885.1
49.490000	830.5
49.493750	828.2
49.497500	824.8
49.501250	809.6
49.505000	859.1
49.508750	818.1
49.512500	881.5
49.516250	873.1
49.520000	817.5
49.523750	841.4
49.527500	874.8
49.531250	863.1
49.535000	889.0
49.538750	882.4
49.542500	917.3
49.546250	959.8
49.550000	882.0
49.553750	841.9
49.557500	867.5
49.561250	893.1
49.565000	864.4
49.568750	918.1
49.572500	845.7
49.576250	874.6
49.580000	952.0
49.583750	949.3
49.587500	933.1
49.591250	923.0
49.595000	924.6
49.598750	913.1
49.602500	961.9
49.606250	928.1
49.610000	938.4
49.613750	958.7
49.617500	1006.3
49.621250	964.4
49.625000	953.2
49.628750	987.0
49.632500	946.9
49.636250	915.7
49.640000	884.2
49.643750	862.2
49.647500	913.0
49.651250	860.4
49.655000	896.2
49.658750	899.1
49.662500	851.7
49.666250	862.4
49.670000	811.1
49.673750	836.0
49.677500	902.1
49.681250	828.7
49.685000	829.4
49.688750	834.7
49.692500	849.0
49.696250	781.0
49.700000	812.3
49.703750	793.2
49.707500	800.5
49.711250	855.8
49.715000	828.8
49.718750	803.9
49.722500	800.6
49.726250	822.5
49.730000	837.3
49.733750	820.3
49.737500	831.3
49.741250	759.6
49.745000	788.5
49.748750	844.8
49.752500	832.7
49.756250	817.1
49.760000	803.5
49.763750	878.5
49.767500	824.9
49.771250	810.2
49.775000	794.3
49.778750	773.1
49.782500	814.8
49.786250	822.1
49.790000	781.9
49.793750	837.1
49.797500	818.8
49.801250	818.8
49.805000	814.4
49.808750	802.2
49.812500	763.4
49.816250	760.4
49.820000	840.4
49.823750	821.2
49.827500	803.4
49.831250	867.6
49.835000	798.3
49.838750	804.3
49.842500	779.7
49.846250	815.0
49.850000	799.9
49.853750	814.5
49.857500	761.8
49.861250	780.7
49.865000	778.6
49.868750	802.5
49.872500	825.0
49.876250	797.3
49.880000	825.4
49.883750	784.6
49.887500	765.7
49.891250	788.5
49.895000	835.2
49.898750	829.1
49.902500	822.4
49.906250	876.8
49.910000	830.4
49.913750	807.4
49.917500	792.3
49.921250	820.5
49.925000	808.0
49.928750	840.9
49.932500	807.0
49.936250	840.0
49.940000	843.8
49.943750	835.9
49.947500	882.4
49.951250	905.6
49.955000	877.6
49.958750	888.0
49.962500	911.7
49.966250	978.7
49.970000	1002.0
49.973750	950.9
49.977500	969.3
49.981250	964.5
49.985000	924.8
49.988750	912.9
49.992500	880.6
49.996250	866.1
50.000000	858.5
50.003750	889.2
50.007500	904.9
50.011250	857.0
50.015000	858.2
50.018750	848.5
50.022500	842.9
50.026250	799.6
50.030000	842.4
50.033750	860.0
50.037500	821.3
50.041250	807.2
50.045000	834.2
50.048750	808.3
50.052500	780.3
50.056250	798.0
50.060000	827.8
50.063750	781.0
50.067500	869.9
50.071250	797.3
50.075000	834.4
50.078750	843.6
50.082500	793.0
50.086250	809.6
50.090000	845.2
50.093750	837.1
50.097500	845.3
50.101250	859.0
50.105000	782.1
50.108750	906.7
50.112500	877.2
50.116250	884.8
50.120000	893.1
50.123750	920.0
50.127500	934.0
50.131250	955.3
50.135000	951.7
50.138750	999.1
50.142500	1007.9
50.146250	925.7
50.150000	898.1
50.153750	987.5
50.157500	967.0
50.161250	975.2
50.165000	919.6
50.168750	899.3
50.172500	898.7
50.176250	851.5
50.180000	792.1
50.183750	841.1
50.187500	830.5
50.191250	856.7
50.195000	823.2
50.198750	801.3
50.202500	836.2
50.206250	832.8
50.210000	770.5
50.213750	787.9
50.217500	837.0
50.221250	865.5
50.225000	833.2
50.228750	793.3
50.232500	798.6
50.236250	777.7
50.240000	774.2
50.243750	792.2
50.247500	854.7
50.251250	811.3
50.255000	833.2
50.258750	831.2
50.262500	824.7
50.266250	830.6
50.270000	839.3
50.273750	832.1
50.277500	903.7
50.281250	845.3
50.285000	816.5
50.288750	876.1
50.292500	857.5
50.296250	818.6
50.300000	834.6
50.303750	786.0
50.307500	846.5
50.311250	852.4
50.315000	842.5
50.318750	773.3
50.322500	831.3
50.326250	832.8
50.330000	836.5
50.333750	840.1
50.337500	845.5
50.341250	854.7
50.345000	859.4
50.348750	863.5
50.352500	878.0
50.356250	807.5
50.360000	813.1
50.363750	787.8
50.367500	805.6
50.371250	807.6
50.375000	831.9
50.378750	803.9
50.382500	808.3
50.386250	805.2
50.390000	846.9
50.393750	789.7
50.397500	838.8
50.401250	819.1
50.405000	793.2
50.408750	842.4
50.412500	779.9
50.416250	790.1
50.420000	810.7
50.423750	814.3
50.427500	804.8
50.431250	834.0
50.435000	825.8
50.438750	782.9
50.442500	825.1
50.446250	823.1
50.450000	778.9
50.453750	783.6
50.457500	816.7
50.461250	822.3
50.465000	849.5
50.468750	832.2
50.472500	837.3
50.476250	853.9
50.480000	836.1
50.483750	832.8
50.487500	820.5
50.491250	813.1
50.495000	854.4
50.498750	835.9
50.502500	883.9
50.506250	873.7
50.510000	848.1
50.513750	873.8
50.517500	850.6
50.521250	903.9
50.525000	866.8
50.528750	964.3
50.532500	862.0
50.536250	780.1
50.540000	846.9
50.543750	879.8
50.547500	856.2
50.551250	920.0
50.555000	878.1
50.558750	927.9
50.562500	825.9
50.566250	866.0
50.570000	834.3
50.573750	738.0
50.577500	833.2
50.581250	912.1
50.585000	848.2
50.588750	858.8
50.592500	749.9
50.596250	859.4
50.600000	817.5
50.603750	918.1
50.607500	782.2
50.611250	777.2
50.615000	797.7
50.618750	811.7
50.622500	825.6
50.626250	830.7
50.630000	783.1
50.633750	795.5
50.637500	891.1
50.641250	861.8
50.645000	897.7
50.648750	768.8
50.652500	801.3
50.656250	835.8
50.660000	816.4
50.663750	757.9
50.667500	833.4
50.671250	901.6
50.675000	866.5
50.678750	830.6
50.682500	833.6
50.686250	849.9
50.690000	893.7
50.693750	866.4
50.697500	896.5
50.701250	865.2
50.705000	836.3
50.708750	815.2
50.712500	818.9
50.716250	798.2
50.720000	857.5
50.723750	793.7
50.727500	890.1
50.731250	799.0
50.735000	818.5
50.738750	856.4
50.742500	826.4
50.746250	800.6
50.750000	796.8
50.753750	772.3
50.757500	836.9
50.761250	819.7
50.765000	806.3
50.768750	766.3
50.772500	761.2
50.776250	824.6
50.780000	816.6
50.783750	779.0
50.787500	778.4
50.791250	797.5
50.795000	782.4
50.798750	812.7
50.802500	796.5
50.806250	829.8
50.810000	808.1
50.813750	777.4
50.817500	782.7
50.821250	781.6
50.825000	740.3
50.828750	772.0
50.832500	778.6
50.836250	776.9
50.840000	816.9
50.843750	767.3
50.847500	811.4
50.851250	736.8
50.855000	786.5
50.858750	763.2
50.862500	781.1
50.866250	781.5
50.870000	812.2
50.873750	805.4
50.877500	792.7
50.881250	770.0
50.885000	798.5
50.888750	792.4
50.892500	753.3
50.896250	742.4
50.900000	749.7
50.903750	674.2
50.907500	770.9
50.911250	781.0
50.915000	743.4
50.918750	768.8
50.922500	756.3
50.926250	776.0
50.930000	756.1
50.933750	777.2
50.937500	761.7
50.941250	787.2
50.945000	720.8
50.948750	790.4
50.952500	791.1
50.956250	737.2
50.960000	792.5
50.963750	818.3
50.967500	768.0
50.971250	776.4
50.975000	776.3
50.978750	789.8
50.982500	746.1
50.986250	763.2
50.990000	774.6
50.993750	728.5
50.997500	794.6
51.001250	668.1
51.005000	807.5
51.008750	766.9
51.012500	715.0
51.016250	754.7
51.020000	735.9
51.023750	779.7
51.027500	807.9
51.031250	861.3
51.035000	784.8
51.038750	779.9
51.042500	715.8
51.046250	678.3
51.050000	791.7
51.053750	845.2
51.057500	823.1
51.061250	803.0
51.065000	745.3
51.068750	819.7
51.072500	840.6
51.076250	762.0
51.080000	741.3
51.083750	748.6
51.087500	765.4
51.091250	723.2
51.095000	738.0
51.098750	743.7
51.102500	774.3
51.106250	728.5
51.110000	788.0
51.113750	820.9
51.117500	786.9
51.121250	778.9
51.125000	737.9
51.128750	704.3
51.132500	717.3
51.136250	739.0
51.140000	767.4
51.143750	853.9
51.147500	722.1
51.151250	727.4
51.155000	805.5
51.158750	776.9
51.162500	800.1
51.166250	728.5
51.170000	716.9
51.173750	770.9
51.177500	784.2
51.181250	787.8
51.185000	774.3
51.188750	750.0
51.192500	764.2
51.196250	751.4
51.200000	813.5
51.203750	771.9
51.207500	731.8
51.211250	731.0
51.215000	753.0
51.218750	733.9
51.222500	759.4
51.226250	792.5
51.230000	766.8
51.233750	745.6
51.237500	797.4
51.241250	781.1
51.245000	790.6
51.248750	787.1
51.252500	776.2
51.256250	769.0
51.260000	764.5
51.263750	773.2
51.267500	781.1
51.271250	755.1
51.275000	736.2
51.278750	803.7
51.282500	743.3
51.286250	749.6
51.290000	770.1
51.293750	779.8
51.297500	714.6
51.301250	771.6
51.305000	750.6
51.308750	764.7
51.312500	741.4
51.316250	716.7
51.320000	756.3
51.323750	801.7
51.327500	702.6
51.331250	738.5
51.335000	741.0
51.338750	768.0
51.342500	793.0
51.346250	724.7
51.350000	779.3
51.353750	766.6
51.357500	766.6
51.361250	766.3
51.365000	738.9
51.368750	758.3
51.372500	761.8
51.376250	811.7
51.380000	814.3
51.383750	754.2
51.387500	802.2
51.391250	842.3
51.395000	874.0
51.398750	825.1
51.402500	833.1
51.406250	881.0
51.410000	836.3
51.413750	864.9
51.417500	858.2
51.421250	871.0
51.425000	785.3
51.428750	795.0
51.432500	804.7
51.436250	816.8
51.440000	789.2
51.443750	810.6
51.447500	775.7
51.451250	768.3
51.455000	815.3
51.458750	797.8
51.462500	717.9
51.466250	767.4
51.470000	772.9
51.473750	776.5
51.477500	757.7
51.481250	749.4
51.485000	707.3
51.488750	748.2
51.492500	764.4
51.496250	826.3
51.500000	732.5
51.503750	735.5
51.507500	754.6
51.511250	775.2
51.515000	763.3
51.518750	738.7
51.522500	732.0
51.526250	760.8
51.530000	726.7
51.533750	717.0
51.537500	733.4
51.541250	698.6
51.545000	725.7
51.548750	741.0
51.552500	732.8
51.556250	771.4
51.560000	747.9
51.563750	722.5
51.567500	766.5
51.571250	750.4
51.575000	715.1
51.578750	729.9
51.582500	771.3
51.586250	694.7
51.590000	743.3
51.593750	722.2
51.597500	723.9
51.601250	761.2
51.605000	717.3
51.608750	762.8
51.612500	758.2
51.616250	726.3
51.620000	753.4
51.623750	759.0
51.627500	682.6
51.631250	721.9
51.635000	759.9
51.638750	723.5
51.642500	770.6
51.646250	739.9
51.650000	738.7
51.653750	723.4
51.657500	674.5
51.661250	792.3
51.665000	801.7
51.668750	781.0
51.672500	774.3
51.676250	780.0
51.680000	777.0
51.683750	741.5
51.687500	751.1
51.691250	743.4
51.695000	715.3
51.698750	734.7
51.702500	745.7
51.706250	796.7
51.710000	830.4
51.713750	770.5
51.717500	762.5
51.721250	720.8
51.725000	728.8
51.728750	773.8
51.732500	735.6
51.736250	763.9
51.740000	759.8
51.743750	782.3
51.747500	741.6
51.751250	741.4
51.755000	726.9
51.758750	741.0
51.762500	776.8
51.766250	750.6
51.770000	767.5
51.773750	746.3
51.777500	721.8
51.781250	735.4
51.785000	791.3
51.788750	713.4
51.792500	737.6
51.796250	728.9
51.800000	751.2
51.803750	741.0
51.807500	735.1
51.811250	757.7
51.815000	760.9
51.818750	749.0
51.822500	713.5
51.826250	766.1
51.830000	787.9
51.833750	683.7
51.837500	768.0
51.841250	751.9
51.845000	677.6
51.848750	755.0
51.852500	726.9
51.856250	731.6
51.860000	769.9
51.863750	714.0
51.867500	725.5
51.871250	741.1
51.875000	707.9
51.878750	708.1
51.882500	719.8
51.886250	746.3
51.890000	720.8
51.893750	725.3
51.897500	730.5
51.901250	732.3
51.905000	739.4
51.908750	721.1
51.912500	735.0
51.916250	706.2
51.920000	732.9
51.923750	726.7
51.927500	746.8
51.931250	729.8
51.935000	728.6
51.938750	743.8
51.942500	700.7
51.946250	726.3
51.950000	785.2
51.953750	758.1
51.957500	754.4
51.961250	730.0
51.965000	742.3
51.968750	720.5
51.972500	750.3
51.976250	781.8
51.980000	752.9
51.983750	777.7
51.987500	738.5
51.991250	753.0
51.995000	791.5
51.998750	771.1
52.002500	747.1
52.006250	743.6
52.010000	766.0
52.013750	765.9
52.017500	781.7
52.021250	759.9
52.025000	780.5
52.028750	773.8
52.032500	773.0
52.036250	801.0
52.040000	805.5
52.043750	758.0
52.047500	732.5
52.051250	733.8
52.055000	804.7
52.058750	727.7
52.062500	710.8
52.066250	770.7
52.070000	752.2
52.073750	758.0
52.077500	715.7
52.081250	764.6
52.085000	773.0
52.088750	755.2
52.092500	730.4
52.096250	728.1
52.100000	754.3
52.103750	724.5
52.107500	723.0
52.111250	672.7
52.115000	711.1
52.118750	758.6
52.122500	783.4
52.126250	755.1
52.130000	744.2
52.133750	713.5
52.137500	686.5
52.141250	756.8
52.145000	756.5
52.148750	767.1
52.152500	700.3
52.156250	708.9
52.160000	722.2
52.163750	696.1
52.167500	751.5
52.171250	734.6
52.175000	737.6
52.178750	768.2
52.182500	736.6
52.186250	758.1
52.190000	731.3
52.193750	751.3
52.197500	709.8
52.201250	738.2
52.205000	699.0
52.208750	784.6
52.212500	770.3
52.216250	707.8
52.220000	727.4
52.223750	769.0
52.227500	747.1
52.231250	740.5
52.235000	701.4
52.238750	735.7
52.242500	745.9
52.246250	758.4
52.250000	763.6
52.253750	725.2
52.257500	744.6
52.261250	726.3
52.265000	750.2
52.268750	735.3
52.272500	723.9
52.276250	729.0
52.280000	662.8
52.283750	730.9
52.287500	710.7
52.291250	720.2
52.295000	756.5
52.298750	750.9
52.302500	721.2
52.306250	755.7
52.310000	720.6
52.313750	662.9
52.317500	742.9
52.321250	737.7
52.325000	695.5
52.328750	693.5
52.332500	681.1
52.336250	677.0
52.340000	707.7
52.343750	734.4
52.347500	697.4
52.351250	725.7
52.355000	683.2
52.358750	712.9
52.362500	703.1
52.366250	695.3
52.370000	744.1
52.373750	740.2
52.377500	668.1
52.381250	713.1
52.385000	693.3
52.388750	725.2
52.392500	683.4
52.396250	720.6
52.400000	714.6
52.403750	693.3
52.407500	719.9
52.411250	672.4
52.415000	633.5
52.418750	704.5
52.422500	708.8
52.426250	730.5
52.430000	702.3
52.433750	699.1
52.437500	712.2
52.441250	719.7
52.445000	717.0
52.448750	724.8
52.452500	729.0
52.456250	719.5
52.460000	697.5
52.463750	721.7
52.467500	740.1
52.471250	695.4
52.475000	679.5
52.478750	728.2
52.482500	705.4
52.486250	712.8
52.490000	696.9
52.493750	723.3
52.497500	754.7
52.501250	739.9
52.505000	722.3
52.508750	735.8
52.512500	704.5
52.516250	755.3
52.520000	779.3
52.523750	739.7
52.527500	753.8
52.531250	725.9
52.535000	738.5
52.538750	755.0
52.542500	663.1
52.546250	713.7
52.550000	725.0
52.553750	714.8
52.557500	729.8
52.561250	757.8
52.565000	753.6
52.568750	795.6
52.572500	747.5
52.576250	748.0
52.580000	725.9
52.583750	768.9
52.587500	788.8
52.591250	798.6
52.595000	795.2
52.598750	733.0
52.602500	771.2
52.606250	757.0
52.610000	708.3
52.613750	720.0
52.617500	745.0
52.621250	722.4
52.625000	743.3
52.628750	763.6
52.632500	793.6
52.636250	768.9
52.640000	754.4
52.643750	763.7
52.647500	750.8
52.651250	785.7
52.655000	731.5
52.658750	754.6
52.662500	779.7
52.666250	778.4
52.670000	820.8
52.673750	794.1
52.677500	761.4
52.681250	807.1
52.685000	799.8
52.688750	780.2
52.692500	808.1
52.696250	787.0
52.700000	771.3
52.703750	790.0
52.707500	819.3
52.711250	857.2
52.715000	864.1
52.718750	804.1
52.722500	871.4
52.726250	915.9
52.730000	868.3
52.733750	835.8
52.737500	849.6
52.741250	851.7
52.745000	836.1
52.748750	865.7
52.752500	889.4
52.756250	872.0
52.760000	855.1
52.763750	855.1
52.767500	868.8
52.771250	876.1
52.775000	811.3
52.778750	815.8
52.782500	837.7
52.786250	892.4
52.790000	825.2
52.793750	829.4
52.797500	833.7
52.801250	778.7
52.805000	804.4
52.808750	818.5
52.812500	825.8
52.816250	812.3
52.820000	764.2
52.823750	814.5
52.827500	799.0
52.831250	788.8
52.835000	767.4
52.838750	784.5
52.842500	732.7
52.846250	737.3
52.850000	786.6
52.853750	776.2
52.857500	738.2
52.861250	770.6
52.865000	789.0
52.868750	734.6
52.872500	722.3
52.876250	723.0
52.880000	726.6
52.883750	708.1
52.887500	727.0
52.891250	731.1
52.895000	710.9
52.898750	732.6
52.902500	727.0
52.906250	732.0
52.910000	738.2
52.913750	725.1
52.917500	711.1
52.921250	694.5
52.925000	740.5
52.928750	740.7
52.932500	726.4
52.936250	709.4
52.940000	707.9
52.943750	692.3
52.947500	701.9
52.951250	703.6
52.955000	694.9
52.958750	697.3
52.962500	720.8
52.966250	720.0
52.970000	727.2
52.973750	688.8
52.977500	719.9
52.981250	699.8
52.985000	696.7
52.988750	694.6
52.992500	710.5
52.996250	709.2
53.000000	684.7
53.003750	679.7
53.007500	700.5
53.011250	705.2
53.015000	694.6
53.018750	711.2
53.022500	663.1
53.026250	667.1
53.030000	711.5
53.033750	686.0
53.037500	713.6
53.041250	755.4
53.045000	773.9
53.048750	672.3
53.052500	714.8
53.056250	762.1
53.060000	659.3
53.063750	669.9
53.067500	675.6
53.071250	662.0
53.075000	727.5
53.078750	705.9
53.082500	688.5
53.086250	693.5
53.090000	700.5
53.093750	728.3
53.097500	703.3
53.101250	731.7
53.105000	740.1
53.108750	696.2
53.112500	710.4
53.116250	719.9
53.120000	682.5
53.123750	737.7
53.127500	684.6
53.131250	701.5
53.135000	742.1
53.138750	701.8
53.142500	729.1
53.146250	676.2
53.150000	676.4
53.153750	730.5
53.157500	752.3
53.161250	717.8
53.165000	742.5
53.168750	672.7
53.172500	704.9
53.176250	758.2
53.180000	743.3
53.183750	722.9
53.187500	712.0
53.191250	745.0
53.195000	762.3
53.198750	684.8
53.202500	709.4
53.206250	747.9
53.210000	754.9
53.213750	776.0
53.217500	685.6
53.221250	721.7
53.225000	742.9
53.228750	718.9
53.232500	732.5
53.236250	720.6
53.240000	743.1
53.243750	731.0
53.247500	757.5
53.251250	716.4
53.255000	743.0
53.258750	744.9
53.262500	700.0
53.266250	735.5
53.270000	783.8
53.273750	765.9
53.277500	689.0
53.281250	747.1
53.285000	786.5
53.288750	756.4
53.292500	727.3
53.296250	741.1
53.300000	719.6
53.303750	742.0
53.307500	742.5
53.311250	761.9
53.315000	765.0
53.318750	749.1
53.322500	741.5
53.326250	734.8
53.330000	738.1
53.333750	746.6
53.337500	754.9
53.341250	740.4
53.345000	716.8
53.348750	720.4
53.352500	731.2
53.356250	768.4
53.360000	782.5
53.363750	767.1
53.367500	742.8
53.371250	734.9
53.375000	786.0
53.378750	712.0
53.382500	681.6
53.386250	733.2
53.390000	723.3
53.393750	749.9
53.397500	742.0
53.401250	705.4
53.405000	720.6
53.408750	744.8
53.412500	726.9
53.416250	714.3
53.420000	703.5
53.423750	727.8
53.427500	687.8
53.431250	688.0
53.435000	721.8
53.438750	693.7
53.442500	725.8
53.446250	649.6
53.450000	682.2
53.453750	697.0
53.457500	710.4
53.461250	742.2
53.465000	725.3
53.468750	681.2
53.472500	665.2
53.476250	718.1
53.480000	702.3
53.483750	686.3
53.487500	696.2
53.491250	730.0
53.495000	694.2
53.498750	720.4
53.502500	675.6
53.506250	732.9
53.510000	761.9
53.513750	712.8
53.517500	707.5
53.521250	713.0
53.525000	702.3
53.528750	702.6
53.532500	742.0
53.536250	707.8
53.540000	698.8
53.543750	766.6
53.547500	708.4
53.551250	732.5
53.555000	742.6
53.558750	723.2
53.562500	751.6
53.566250	741.8
53.570000	719.0
53.573750	724.7
53.577500	726.4
53.581250	727.5
53.585000	727.3
53.588750	708.4
53.592500	740.4
53.596250	744.6
53.600000	752.6
53.603750	721.1
53.607500	728.9
53.611250	723.0
53.615000	739.6
53.618750	690.2
53.622500	668.3
53.626250	725.1
53.630000	695.6
53.633750	677.5
53.637500	691.4
53.641250	644.9
53.645000	730.2
53.648750	648.7
53.652500	680.1
53.656250	653.2
53.660000	670.7
53.663750	672.3
53.667500	666.4
53.671250	692.4
53.675000	702.4
53.678750	664.2
53.682500	689.0
53.686250	696.7
53.690000	680.1
53.693750	663.9
53.697500	653.7
53.701250	639.5
53.705000	666.6
53.708750	668.7
53.712500	689.2
53.716250	674.7
53.720000	682.8
53.723750	681.3
53.727500	658.9
53.731250	707.7
53.735000	714.8
53.738750	670.9
53.742500	705.1
53.746250	666.4
53.750000	665.2
53.753750	667.9
53.757500	702.2
53.761250	685.0
53.765000	653.9
53.768750	702.9
53.772500	668.8
53.776250	649.6
53.780000	658.2
53.783750	679.1
53.787500	670.5
53.791250	647.2
53.795000	667.2
53.798750	662.3
53.802500	657.0
53.806250	651.9
53.810000	696.0
53.813750	674.4
53.817500	641.3
53.821250	665.8
53.825000	675.2
53.828750	678.9
53.832500	648.9
53.836250	606.8
53.840000	662.4
53.843750	665.8
53.847500	692.6
53.851250	671.9
53.855000	688.0
53.858750	726.4
53.862500	670.9
53.866250	635.9
53.870000	670.7
53.873750	703.0
53.877500	674.2
53.881250	632.3
53.885000	645.2
53.888750	692.8
53.892500	685.5
53.896250	657.5
53.900000	612.6
53.903750	645.3
53.907500	649.9
53.911250	685.9
53.915000	656.1
53.918750	696.4
53.922500	709.7
53.926250	632.1
53.930000	638.9
53.933750	654.6
53.937500	701.9
53.941250	680.7
53.945000	684.5
53.948750	690.0
53.952500	691.4
53.956250	678.2
53.960000	708.7
53.963750	717.2
53.967500	749.4
53.971250	652.6
53.975000	683.6
53.978750	671.2
53.982500	671.3
53.986250	655.4
53.990000	671.5
53.993750	681.2
53.997500	690.1
54.001250	709.7
54.005000	728.9
54.008750	694.0
54.012500	727.1
54.016250	708.4
54.020000	644.6
54.023750	657.8
54.027500	673.7
54.031250	657.0
54.035000	678.0
54.038750	689.5
54.042500	698.5
54.046250	707.7
54.050000	730.2
54.053750	710.6
54.057500	718.2
54.061250	694.0
54.065000	731.3
54.068750	704.0
54.072500	758.6
54.076250	697.5
54.080000	733.4
54.083750	741.7
54.087500	719.8
54.091250	704.9
54.095000	694.4
54.098750	732.6
54.102500	730.8
54.106250	758.7
54.110000	742.7
54.113750	772.3
54.117500	772.3
54.121250	769.1
54.125000	777.6
54.128750	767.8
54.132500	789.0
54.136250	771.0
54.140000	756.1
54.143750	716.8
54.147500	756.7
54.151250	774.7
54.155000	770.3
54.158750	723.0
54.162500	776.6
54.166250	757.4
54.170000	797.0
54.173750	806.5
54.177500	739.6
54.181250	794.3
54.185000	761.6
54.188750	795.1
54.192500	824.0
54.196250	780.6
54.200000	744.2
54.203750	722.7
54.207500	734.0
54.211250	789.4
54.215000	766.1
54.218750	775.3
54.222500	717.2
54.226250	757.5
54.230000	750.6
54.233750	727.6
54.237500	763.1
54.241250	745.4
54.245000	761.1
54.248750	737.6
54.252500	719.3
54.256250	705.0
54.260000	760.6
54.263750	775.0
54.267500	710.2
54.271250	729.8
54.275000	790.5
54.278750	761.3
54.282500	742.9
54.286250	744.5
54.290000	714.4
54.293750	695.7
54.297500	760.2
54.301250	731.9
54.305000	755.3
54.308750	684.7
54.312500	738.8
54.316250	768.8
54.320000	738.4
54.323750	762.9
54.327500	744.2
54.331250	765.4
54.335000	741.7
54.338750	760.8
54.342500	766.1
54.346250	715.2
54.350000	707.0
54.353750	711.7
54.357500	780.8
54.361250	765.5
54.365000	759.0
54.368750	743.9
54.372500	723.3
54.376250	752.2
54.380000	715.8
54.383750	709.2
54.387500	738.5
54.391250	736.1
54.395000	716.3
54.398750	707.0
54.402500	744.4
54.406250	730.5
54.410000	681.3
54.413750	739.8
54.417500	766.9
54.421250	712.9
54.425000	734.6
54.428750	764.5
54.432500	739.1
54.436250	775.7
54.440000	804.3
54.443750	724.9
54.447500	775.9
54.451250	768.0
54.455000	737.1
54.458750	757.5
54.462500	778.3
54.466250	785.4
54.470000	789.7
54.473750	789.6
54.477500	763.6
54.481250	793.7
54.485000	770.0
54.488750	763.6
54.492500	765.6
54.496250	790.4
54.500000	777.0
54.503750	766.3
54.507500	752.1
54.511250	761.8
54.515000	792.3
54.518750	750.7
54.522500	747.0
54.526250	779.5
54.530000	746.6
54.533750	685.5
54.537500	733.0
54.541250	749.7
54.545000	728.0
54.548750	756.9
54.552500	714.9
54.556250	703.1
54.560000	701.9
54.563750	712.2
54.567500	710.1
54.571250	656.2
54.575000	705.7
54.578750	699.2
54.582500	674.5
54.586250	669.5
54.590000	713.8
54.593750	705.5
54.597500	688.9
54.601250	693.9
54.605000	670.7
54.608750	657.5
54.612500	681.1
54.616250	749.3
54.620000	684.9
54.623750	764.8
54.627500	682.2
54.631250	710.1
54.635000	697.8
54.638750	696.9
54.642500	746.9
54.646250	736.4
54.650000	687.0
54.653750	720.7
54.657500	688.8
54.661250	737.4
54.665000	682.6
54.668750	689.6
54.672500	714.0
54.676250	709.0
54.680000	724.5
54.683750	711.8
54.687500	753.2
54.691250	691.6
54.695000	706.8
54.698750	762.6
54.702500	704.4
54.706250	673.8
54.710000	697.0
54.713750	697.0
54.717500	728.8
54.721250	703.3
54.725000	706.0
54.728750	717.6
54.732500	755.8
54.736250	751.6
54.740000	747.6
54.743750	747.0
54.747500	735.0
54.751250	733.9
54.755000	728.3
54.758750	753.5
54.762500	749.9
54.766250	753.6
54.770000	743.1
54.773750	756.2
54.777500	715.6
54.781250	729.1
54.785000	738.9
54.788750	759.0
54.792500	731.8
54.796250	702.1
54.800000	701.0
54.803750	767.7
54.807500	755.7
54.811250	723.8
54.815000	701.0
54.818750	715.1
54.822500	765.0
54.826250	766.0
54.830000	715.5
54.833750	770.4
54.837500	740.8
54.841250	718.9
54.845000	679.7
54.848750	686.4
54.852500	706.3
54.856250	739.3
54.860000	741.0
54.863750	673.4
54.867500	715.9
54.871250	724.3
54.875000	708.3
54.878750	715.0
54.882500	717.6
54.886250	752.7
54.890000	661.9
54.893750	686.1
54.897500	688.5
54.901250	677.1
54.905000	709.2
54.908750	736.3
54.912500	676.0
54.916250	701.1
54.920000	746.7
54.923750	712.7
54.927500	757.5
54.931250	719.1
54.935000	688.8
54.938750	730.9
54.942500	669.2
54.946250	687.2
54.950000	727.2
54.953750	761.3
54.957500	718.8
54.961250	725.1
54.965000	702.3
54.968750	739.1
54.972500	750.8
54.976250	780.9
54.980000	722.7
54.983750	747.7
54.987500	752.4
54.991250	744.4
54.995000	742.9
54.998750	716.1
55.002500	728.7
55.006250	732.4
55.010000	746.5
55.013750	738.3
55.017500	708.4
55.021250	710.4
55.025000	781.3
55.028750	808.9
55.032500	818.6
55.036250	762.3
55.040000	819.8
55.043750	832.7
55.047500	863.9
55.051250	842.6
55.055000	777.0
55.058750	791.0
55.062500	881.3
55.066250	879.6
55.070000	903.7
55.073750	920.7
55.077500	823.0
55.081250	879.3
55.085000	963.0
55.088750	924.0
55.092500	910.2
55.096250	906.9
55.100000	909.7
55.103750	888.0
55.107500	835.4
55.111250	800.5
55.115000	821.6
55.118750	798.3
55.122500	816.9
55.126250	724.1
55.130000	766.8
55.133750	746.2
55.137500	779.7
55.141250	777.3
55.145000	717.9
55.148750	722.3
55.152500	705.4
55.156250	747.0
55.160000	725.0
55.163750	724.0
55.167500	677.3
55.171250	691.9
55.175000	682.8
55.178750	752.1
55.182500	698.0
55.186250	687.9
55.190000	714.4
55.193750	734.4
55.197500	702.6
55.201250	693.7
55.205000	692.8
55.208750	697.1
55.212500	683.6
55.216250	715.1
55.220000	699.6
55.223750	733.7
55.227500	725.6
55.231250	684.2
55.235000	692.2
55.238750	646.5
55.242500	727.2
55.246250	736.4
55.250000	716.6
55.253750	705.0
55.257500	725.2
55.261250	671.9
55.265000	649.7
55.268750	681.7
55.272500	666.8
55.276250	692.7
55.280000	694.8
55.283750	736.0
55.287500	706.9
55.291250	703.1
55.295000	701.6
55.298750	730.3
55.302500	706.6
55.306250	685.8
55.310000	715.2
55.313750	728.8
55.317500	749.6
55.321250	723.3
55.325000	704.2
55.328750	753.5
55.332500	754.6
55.336250	736.3
55.340000	748.8
55.343750	713.4
55.347500	746.9
55.351250	793.7
55.355000	777.3
55.358750	834.5
55.362500	879.1
55.366250	856.6
55.370000	885.3
55.373750	906.2
55.377500	942.3
55.381250	997.7
55.385000	1039.2
55.388750	1122.1
55.392500	1286.9
55.396250	1316.2
55.400000	1399.9
55.403750	1434.0
55.407500	1456.1
55.411250	1448.5
55.415000	1570.9
55.418750	1581.3
55.422500	1501.4
55.426250	1616.6
55.430000	1571.0
55.433750	1533.5
55.437500	1492.9
55.441250	1357.8
55.445000	1287.2
55.448750	1195.2
55.452500	1107.0
55.456250	1020.2
55.460000	980.1
55.463750	867.0
55.467500	873.7
55.471250	883.7
55.475000	779.0
55.478750	797.5
55.482500	714.2
55.486250	752.1
55.490000	750.1
55.493750	744.4
55.497500	733.3
55.501250	755.4
55.505000	778.0
55.508750	715.1
55.512500	669.9
55.516250	708.8
55.520000	736.0
55.523750	712.8
55.527500	780.3
55.531250	713.3
55.535000	680.2
55.538750	718.4
55.542500	693.8
55.546250	721.5
55.550000	655.1
55.553750	633.1
55.557500	730.3
55.561250	703.9
55.565000	625.9
55.568750	610.8
55.572500	674.7
55.576250	661.3
55.580000	653.5
55.583750	673.5
55.587500	640.0
55.591250	715.6
55.595000	715.1
55.598750	649.8
55.602500	657.3
55.606250	652.8
55.610000	649.4
55.613750	666.3
55.617500	702.2
55.621250	697.6
55.625000	675.5
55.628750	669.2
55.632500	689.6
55.636250	726.7
55.640000	702.4
55.643750	653.9
55.647500	685.1
55.651250	709.6
55.655000	709.6
55.658750	667.4
55.662500	649.2
55.666250	645.2
55.670000	671.3
55.673750	685.6
55.677500	663.9
55.681250	677.8
55.685000	683.5
55.688750	689.4
55.692500	692.4
55.696250	700.2
55.700000	669.8
55.703750	683.7
55.707500	669.8
55.711250	647.4
55.715000	668.7
55.718750	663.6
55.722500	681.6
55.726250	657.0
55.730000	643.5
55.733750	671.8
55.737500	634.3
55.741250	638.3
55.745000	656.4
55.748750	662.1
55.752500	664.8
55.756250	636.1
55.760000	647.6
55.763750	647.4
55.767500	655.6
55.771250	617.5
55.775000	638.5
55.778750	685.3
55.782500	678.3
55.786250	669.3
55.790000	637.8
55.793750	666.6
55.797500	659.3
55.801250	661.2
55.805000	672.3
55.808750	662.9
55.812500	645.3
55.816250	647.4
55.820000	641.3
55.823750	654.6
55.827500	624.9
55.831250	599.3
55.835000	647.9
55.838750	698.9
55.842500	704.9
55.846250	621.6
55.850000	606.9
55.853750	665.7
55.857500	658.4
55.861250	630.1
55.865000	668.6
55.868750	646.3
55.872500	644.1
55.876250	669.2
55.880000	634.4
55.883750	626.3
55.887500	632.2
55.891250	656.1
55.895000	680.3
55.898750	638.0
55.902500	679.1
55.906250	629.9
55.910000	663.7
55.913750	685.5
55.917500	667.8
55.921250	646.7
55.925000	630.5
55.928750	653.9
55.932500	657.1
55.936250	645.8
55.940000	618.7
55.943750	652.0
55.947500	673.1
55.951250	644.6
55.955000	650.7
55.958750	663.2
55.962500	661.8
55.966250	635.3
55.970000	664.3
55.973750	683.2
55.977500	672.8
55.981250	648.4
55.985000	667.2
55.988750	654.4
55.992500	687.3
55.996250	672.9
56.000000	657.4
56.003750	645.6
56.007500	739.2
56.011250	670.4
56.015000	638.0
56.018750	648.0
56.022500	650.0
56.026250	588.6
56.030000	609.1
56.033750	707.5
56.037500	660.6
56.041250	626.6
56.045000	682.3
56.048750	612.0
56.052500	632.3
56.056250	621.8
56.060000	636.9
56.063750	671.1
56.067500	701.6
56.071250	727.3
56.075000	647.7
56.078750	649.1
56.082500	751.9
56.086250	668.3
56.090000	698.6
56.093750	653.5
56.097500	681.0
56.101250	671.5
56.105000	646.5
56.108750	662.5
56.112500	644.3
56.116250	698.5
56.120000	708.7
56.123750	714.0
56.127500	688.2
56.131250	649.8
56.135000	688.8
56.138750	654.1
56.142500	604.6
56.146250	664.6
56.150000	718.5
56.153750	675.1
56.157500	611.7
56.161250	668.8
56.165000	653.8
56.168750	700.3
56.172500	649.3
56.176250	674.7
56.180000	644.5
56.183750	627.5
56.187500	662.1
56.191250	633.1
56.195000	672.1
56.198750	620.4
56.202500	650.4
56.206250	630.3
56.210000	674.0
56.213750	657.1
56.217500	671.7
56.221250	662.3
56.225000	644.5
56.228750	607.9
56.232500	650.3
56.236250	701.7
56.240000	676.9
56.243750	642.6
56.247500	688.8
56.251250	679.8
56.255000	711.1
56.258750	659.3
56.262500	686.1
56.266250	661.0
56.270000	642.8
56.273750	627.5
56.277500	680.9
56.281250	677.4
56.285000	646.6
56.288750	697.0
56.292500	669.0
56.296250	658.4
56.300000	676.6
56.303750	668.1
56.307500	654.7
56.311250	680.6
56.315000	653.4
56.318750	685.9
56.322500	692.4
56.326250	666.3
56.330000	688.4
56.333750	688.3
56.337500	667.0
56.341250	659.0
56.345000	713.8
56.348750	669.6
56.352500	727.5
56.356250	655.5
56.360000	632.2
56.363750	693.8
56.367500	695.9
56.371250	686.7
56.375000	702.7
56.378750	704.4
56.382500	683.6
56.386250	693.5
56.390000	737.5
56.393750	736.2
56.397500	679.0
56.401250	693.4
56.405000	711.9
56.408750	716.6
56.412500	713.5
56.416250	683.2
56.420000	702.3
56.423750	678.4
56.427500	706.6
56.431250	745.8
56.435000	718.5
56.438750	737.5
56.442500	708.6
56.446250	731.9
56.450000	696.1
56.453750	678.9
56.457500	685.5
56.461250	657.8
56.465000	703.4
56.468750	760.3
56.472500	666.4
56.476250	643.3
56.480000	672.0
56.483750	659.2
56.487500	697.1
56.491250	691.9
56.495000	701.4
56.498750	681.2
56.502500	659.6
56.506250	664.6
56.510000	685.3
56.513750	688.9
56.517500	645.3
56.521250	641.7
56.525000	650.0
56.528750	649.1
56.532500	625.4
56.536250	677.9
56.540000	654.9
56.543750	655.7
56.547500	666.8
56.551250	651.1
56.555000	640.9
56.558750	608.6
56.562500	682.6
56.566250	648.0
56.570000	676.0
56.573750	674.2
56.577500	668.0
56.581250	681.5
56.585000	607.4
56.588750	664.2
56.592500	634.2
56.596250	631.4
56.600000	680.9
56.603750	693.2
56.607500	691.0
56.611250	642.4
56.615000	650.4
56.618750	664.0
56.622500	687.2
56.626250	636.0
56.630000	666.1
56.633750	650.6
56.637500	691.5
56.641250	650.2
56.645000	597.6
56.648750	666.6
56.652500	652.9
56.656250	594.4
56.660000	654.8
56.663750	630.8
56.667500	636.7
56.671250	626.2
56.675000	682.7
56.678750	724.9
56.682500	692.2
56.686250	655.8
56.690000	646.6
56.693750	673.5
56.697500	625.5
56.701250	621.9
56.705000	679.8
56.708750	666.2
56.712500	670.0
56.716250	701.4
56.720000	682.5
56.723750	663.4
56.727500	679.2
56.731250	680.9
56.735000	634.6
56.738750	680.5
56.742500	673.0
56.746250	664.8
56.750000	661.5
56.753750	695.5
56.757500	741.4
56.761250	710.4
56.765000	681.9
56.768750	630.4
56.772500	684.5
56.776250	666.4
56.780000	687.7
56.783750	708.9
56.787500	692.1
56.791250	679.1
56.795000	707.5
56.798750	687.7
56.802500	667.8
56.806250	676.1
56.810000	689.7
56.813750	696.5
56.817500	680.3
56.821250	694.8
56.825000	696.7
56.828750	731.4
56.832500	711.1
56.836250	739.9
56.840000	701.0
56.843750	671.3
56.847500	694.7
56.851250	671.0
56.855000	690.6
56.858750	661.7
56.862500	720.3
56.866250	694.1
56.870000	673.5
56.873750	685.0
56.877500	664.5
56.881250	684.8
56.885000	668.2
56.888750	633.9
56.892500	690.1
56.896250	680.3
56.900000	662.2
56.903750	678.3
56.907500	699.0
56.911250	665.5
56.915000	691.6
56.918750	734.8
56.922500	653.9
56.926250	632.6
56.930000	666.7
56.933750	662.3
56.937500	697.0
56.941250	666.9
56.945000	648.5
56.948750	681.1
56.952500	677.5
56.956250	683.1
56.960000	687.0
56.963750	648.5
56.967500	714.2
56.971250	673.3
56.975000	675.0
56.978750	725.9
56.982500	718.8
56.986250	732.1
56.990000	725.9
56.993750	670.7
56.997500	754.0
57.001250	754.1
57.005000	721.4
57.008750	721.8
57.012500	698.3
57.016250	750.5
57.020000	768.3
57.023750	690.9
57.027500	746.0
57.031250	721.9
57.035000	729.0
57.038750	739.8
57.042500	768.4
57.046250	724.9
57.050000	709.6
57.053750	715.4
57.057500	721.9
57.061250	719.3
57.065000	696.6
57.068750	674.4
57.072500	748.2
57.076250	678.5
57.080000	675.7
57.083750	688.4
57.087500	679.8
57.091250	643.9
57.095000	672.7
57.098750	681.6
57.102500	662.6
57.106250	682.2
57.110000	715.9
57.113750	671.1
57.117500	652.7
57.121250	674.9
57.125000	687.3
57.128750	649.8
57.132500	690.0
57.136250	675.1
57.140000	630.2
57.143750	683.1
57.147500	698.6
57.151250	703.9
57.155000	692.1
57.158750	638.4
57.162500	646.3
57.166250	659.1
57.170000	678.3
57.173750	714.4
57.177500	655.5
57.181250	624.7
57.185000	638.2
57.188750	686.1
57.192500	707.4
57.196250	678.3
57.200000	699.6
57.203750	707.4
57.207500	700.5
57.211250	738.5
57.215000	701.9
57.218750	675.6
57.222500	665.5
57.226250	710.9
57.230000	722.4
57.233750	703.1
57.237500	679.8
57.241250	709.6
57.245000	754.4
57.248750	727.7
57.252500	703.6
57.256250	677.1
57.260000	652.4
57.263750	704.0
57.267500	723.3
57.271250	686.0
57.275000	713.0
57.278750	704.8
57.282500	719.5
57.286250	714.7
57.290000	675.7
57.293750	681.7
57.297500	664.4
57.301250	700.6
57.305000	698.7
57.308750	635.5
57.312500	594.0
57.316250	643.9
57.320000	680.3
57.323750	666.3
57.327500	628.9
57.331250	641.6
57.335000	658.3
57.338750	593.3
57.342500	681.5
57.346250	677.8
57.350000	617.7
57.353750	657.7
57.357500	699.0
57.361250	641.6
57.365000	634.9
57.368750	631.6
57.372500	616.2
57.376250	656.0
57.380000	670.7
57.383750	630.6
57.387500	644.7
57.391250	667.5
57.395000	684.2
57.398750	650.9
57.402500	636.4
57.406250	647.1
57.410000	626.4
57.413750	663.6
57.417500	687.1
57.421250	628.8
57.425000	650.1
57.428750	637.5
57.432500	628.7
57.436250	655.9
57.440000	632.0
57.443750	669.2
57.447500	664.1
57.451250	656.3
57.455000	668.9
57.458750	671.0
57.462500	673.9
57.466250	689.5
57.470000	646.4
57.473750	648.2
57.477500	698.2
57.481250	672.4
57.485000	668.8
57.488750	677.6
57.492500	656.2
57.496250	677.7
57.500000	636.7
57.503750	673.5
57.507500	686.9
57.511250	686.3
57.515000	666.0
57.518750	663.3
57.522500	726.4
57.526250	679.9
57.530000	622.9
57.533750	685.7
57.537500	692.8
57.541250	662.3
57.545000	655.2
57.548750	648.5
57.552500	672.7
57.556250	663.0
57.560000	694.7
57.563750	685.3
57.567500	652.6
57.571250	633.7
57.575000	669.6
57.578750	676.3
57.582500	637.0
57.586250	663.0
57.590000	682.7
57.593750	689.3
57.597500	701.9
57.601250	650.8
57.605000	622.2
57.608750	660.0
57.612500	657.7
57.616250	643.2
57.620000	642.6
57.623750	646.5
57.627500	675.4
57.631250	677.0
57.635000	660.5
57.638750	686.0
57.642500	630.2
57.646250	690.5
57.650000	683.8
57.653750	640.9
57.657500	634.5
57.661250	702.7
57.665000	623.0
57.668750	594.9
57.672500	603.8
57.676250	684.5
57.680000	650.7
57.683750	611.6
57.687500	667.4
57.691250	677.5
57.695000	689.9
57.698750	699.7
57.702500	658.3
57.706250	655.1
57.710000	659.9
57.713750	640.2
57.717500	692.1
57.721250	711.0
57.725000	672.1
57.728750	666.2
57.732500	664.6
57.736250	682.5
57.740000	672.5
57.743750	670.2
57.747500	608.1
57.751250	669.6
57.755000	651.9
57.758750	663.9
57.762500	699.5
57.766250	684.0
57.770000	699.0
57.773750	709.7
57.777500	665.0
57.781250	681.8
57.785000	749.9
57.788750	743.1
57.792500	746.4
57.796250	740.5
57.800000	760.6
57.803750	775.6
57.807500	748.6
57.811250	756.9
57.815000	774.4
57.818750	779.1
57.822500	745.2
57.826250	800.5
57.830000	741.9
57.833750	712.7
57.837500	753.4
57.841250	735.7
57.845000	717.8
57.848750	688.0
57.852500	683.6
57.856250	718.1
57.860000	674.0
57.863750	707.4
57.867500	668.3
57.871250	713.9
57.875000	638.9
57.878750	674.6
57.882500	626.5
57.886250	679.4
57.890000	677.9
57.893750	673.9
57.897500	662.6
57.901250	686.1
57.905000	661.8
57.908750	680.2
57.912500	591.4
57.916250	665.6
57.920000	674.9
57.923750	701.3
57.927500	667.8
57.931250	645.7
57.935000	676.5
57.938750	667.7
57.942500	675.2
57.946250	688.6
57.950000	618.5
57.953750	704.9
57.957500	716.1
57.961250	630.3
57.965000	609.9
57.968750	651.5
57.972500	672.7
57.976250	680.1
57.980000	633.2
57.983750	652.9
57.987500	643.8
57.991250	679.1
57.995000	646.6
57.998750	667.1
58.002500	659.7
58.006250	646.0
58.010000	627.3
58.013750	643.6
58.017500	664.9
58.021250	700.1
58.025000	667.7
58.028750	623.7
58.032500	638.1
58.036250	612.2
58.040000	604.0
58.043750	645.1
58.047500	663.2
58.051250	676.8
58.055000	655.3
58.058750	678.5
58.062500	683.5
58.066250	659.8
58.070000	676.1
58.073750	662.4
58.077500	701.1
58.081250	642.5
58.085000	641.6
58.088750	715.8
58.092500	645.9
58.096250	623.0
58.100000	636.2
58.103750	641.9
58.107500	679.9
58.111250	653.3
58.115000	669.5
58.118750	707.6
58.122500	643.2
58.126250	673.2
58.130000	680.4
58.133750	660.2
58.137500	658.5
58.141250	669.4
58.145000	666.5
58.148750	689.2
58.152500	662.8
58.156250	677.5
58.160000	653.1
58.163750	680.1
58.167500	643.8
58.171250	639.7
58.175000	618.2
58.178750	649.3
58.182500	663.6
58.186250	686.5
58.190000	696.0
58.193750	710.6
58.197500	658.3
58.201250	676.0
58.205000	661.5
58.208750	701.1
58.212500	691.1
58.216250	669.1
58.220000	673.6
58.223750	670.8
58.227500	696.5
58.231250	704.7
58.235000	702.9
58.238750	647.0
58.242500	653.2
58.246250	673.5
58.250000	670.0
58.253750	677.7
58.257500	705.3
58.261250	690.7
58.265000	669.8
58.268750	692.3
58.272500	738.8
58.276250	700.2
58.280000	677.6
58.283750	701.2
58.287500	685.1
58.291250	696.1
58.295000	661.2
58.298750	632.6
58.302500	671.1
58.306250	686.2
58.310000	709.8
58.313750	704.5
58.317500	668.1
58.321250	681.6
58.325000	653.5
58.328750	697.4
58.332500	673.4
58.336250	678.9
58.340000	679.2
58.343750	649.3
58.347500	655.2
58.351250	652.2
58.355000	681.6
58.358750	643.8
58.362500	644.6
58.366250	638.3
58.370000	659.9
58.373750	676.3
58.377500	650.2
58.381250	627.7
58.385000	669.6
58.388750	688.0
58.392500	663.9
58.396250	641.4
58.400000	591.9
58.403750	614.1
58.407500	652.2
58.411250	664.6
58.415000	651.8
58.418750	642.6
58.422500	653.6
58.426250	674.2
58.430000	612.5
58.433750	689.7
58.437500	694.1
58.441250	673.8
58.445000	704.9
58.448750	699.5
58.452500	684.8
58.456250	667.7
58.460000	712.4
58.463750	666.2
58.467500	703.1
58.471250	679.4
58.475000	674.5
58.478750	719.9
58.482500	710.6
58.486250	693.6
58.490000	652.9
58.493750	690.2
58.497500	654.6
58.501250	710.7
58.505000	684.2
58.508750	759.7
58.512500	677.8
58.516250	661.7
58.520000	705.3
58.523750	681.1
58.527500	686.4
58.531250	703.1
58.535000	674.8
58.538750	677.2
58.542500	667.3
58.546250	667.1
58.550000	664.8
58.553750	688.4
58.557500	676.8
58.561250	638.3
58.565000	696.1
58.568750	661.3
58.572500	668.5
58.576250	722.2
58.580000	633.6
58.583750	695.3
58.587500	719.0
58.591250	740.2
58.595000	722.6
58.598750	733.1
58.602500	730.1
58.606250	712.3
58.610000	662.6
58.613750	686.8
58.617500	669.9
58.621250	728.5
58.625000	690.6
58.628750	689.5
58.632500	715.5
58.636250	689.6
58.640000	695.4
58.643750	714.7
58.647500	702.7
58.651250	655.6
58.655000	678.4
58.658750	705.2
58.662500	699.9
58.666250	720.5
58.670000	616.7
58.673750	659.3
58.677500	682.3
58.681250	680.5
58.685000	646.8
58.688750	669.4
58.692500	644.0
58.696250	617.9
58.700000	692.4
58.703750	681.6
58.707500	664.1
58.711250	657.9
58.715000	695.4
58.718750	681.4
58.722500	666.1
58.726250	650.8
58.730000	642.8
58.733750	653.6
58.737500	657.0
58.741250	671.0
58.745000	635.3
58.748750	643.2
58.752500	659.8
58.756250	683.1
58.760000	658.6
58.763750	664.1
58.767500	683.8
58.771250	644.3
58.775000	627.9
58.778750	650.3
58.782500	620.0
58.786250	641.2
58.790000	636.8
58.793750	685.5
58.797500	662.9
58.801250	630.4
58.805000	664.3
58.808750	654.1
58.812500	653.2
58.816250	661.3
58.820000	667.7
58.823750	694.0
58.827500	645.6
58.831250	682.6
58.835000	642.0
58.838750	649.0
58.842500	691.1
58.846250	659.2
58.850000	673.6
58.853750	654.9
58.857500	667.1
58.861250	645.4
58.865000	663.8
58.868750	683.5
58.872500	665.6
58.876250	716.0
58.880000	670.3
58.883750	654.6
58.887500	730.5
58.891250	675.2
58.895000	679.0
58.898750	669.8
58.902500	699.9
58.906250	705.4
58.910000	693.8
58.913750	702.0
58.917500	693.5
58.921250	692.1
58.925000	705.0
58.928750	703.3
58.932500	659.3
58.936250	673.9
58.940000	704.1
58.943750	679.7
58.947500	679.8
58.951250	699.0
58.955000	707.0
58.958750	675.7
58.962500	668.2
58.966250	708.3
58.970000	670.5
58.973750	673.5
58.977500	692.6
58.981250	698.0
58.985000	678.1
58.988750	713.7
58.992500	686.3
58.996250	671.1
59.000000	728.8
59.003750	736.1
59.007500	716.1
59.011250	742.9
59.015000	680.0
59.018750	717.9
59.022500	734.5
59.026250	714.2
59.030000	708.7
59.033750	735.3
59.037500	769.3
59.041250	793.4
59.045000	748.4
59.048750	738.4
59.052500	750.4
59.056250	764.2
59.060000	755.9
59.063750	714.7
59.067500	754.1
59.071250	757.3
59.075000	761.2
59.078750	730.5
59.082500	704.4
59.086250	671.2
59.090000	703.6
59.093750	720.6
59.097500	708.3
59.101250	701.0
59.105000	713.4
59.108750	687.2
59.112500	698.4
59.116250	705.5
59.120000	715.8
59.123750	661.4
59.127500	730.0
59.131250	643.1
59.135000	683.1
59.138750	690.5
59.142500	712.4
59.146250	731.7
59.150000	676.9
59.153750	706.5
59.157500	656.3
59.161250	667.5
59.165000	678.5
59.168750	669.5
59.172500	708.8
59.176250	758.3
59.180000	694.4
59.183750	730.0
59.187500	692.2
59.191250	665.9
59.195000	664.5
59.198750	697.2
59.202500	704.8
59.206250	669.4
59.210000	679.2
59.213750	645.9
59.217500	660.3
59.221250	641.5
59.225000	638.8
59.228750	702.0
59.232500	662.7
59.236250	627.9
59.240000	724.3
59.243750	662.5
59.247500	608.3
59.251250	627.8
59.255000	680.9
59.258750	649.2
59.262500	627.2
59.266250	651.5
59.270000	666.9
59.273750	638.0
59.277500	601.5
59.281250	666.3
59.285000	677.6
59.288750	642.8
59.292500	657.3
59.296250	633.3
59.300000	645.8
59.303750	637.8
59.307500	628.4
59.311250	601.2
59.315000	673.1
59.318750	624.8
59.322500	605.2
59.326250	647.4
59.330000	633.8
59.333750	620.0
59.337500	640.3
59.341250	680.5
59.345000	630.0
59.348750	666.4
59.352500	636.6
59.356250	621.0
59.360000	679.6
59.363750	648.4
59.367500	632.5
59.371250	639.3
59.375000	646.1
59.378750	705.9
59.382500	687.7
59.386250	655.5
59.390000	665.6
59.393750	637.0
59.397500	637.7
59.401250	674.4
59.405000	593.8
59.408750	594.8
59.412500	645.5
59.416250	654.8
59.420000	622.4
59.423750	642.9
59.427500	626.9
59.431250	649.7
59.435000	633.5
59.438750	642.2
59.442500	633.7
59.446250	614.2
59.450000	671.2
59.453750	655.1
59.457500	600.6
59.461250	635.0
59.465000	660.5
59.468750	610.5
59.472500	590.2
59.476250	617.2
59.480000	602.1
59.483750	610.8
59.487500	644.1
59.491250	601.4
59.495000	634.9
59.498750	656.1
59.502500	613.7
59.506250	640.8
59.510000	629.1
59.513750	664.4
59.517500	622.2
59.521250	624.3
59.525000	627.1
59.528750	640.2
59.532500	578.4
59.536250	632.7
59.540000	612.3
59.543750	607.6
59.547500	654.6
59.551250	616.4
59.555000	585.7
59.558750	623.3
59.562500	630.2
59.566250	681.1
59.570000	654.4
59.573750	652.4
59.577500	592.5
59.581250	543.9
59.585000	671.9
59.588750	609.8
59.592500	614.2
59.596250	647.9
59.600000	623.1
59.603750	632.2
59.607500	652.9
59.611250	651.6
59.615000	643.9
59.618750	576.4
59.622500	642.6
59.626250	670.0
59.630000	671.8
59.633750	647.7
59.637500	639.2
59.641250	616.5
59.645000	650.3
59.648750	644.9
59.652500	615.3
59.656250	652.2
59.660000	670.1
59.663750	608.3
59.667500	663.1
59.671250	630.5
59.675000	660.1
59.678750	649.7
59.682500	663.1
59.686250	642.3
59.690000	665.6
59.693750	672.0
59.697500	661.5
59.701250	644.5
59.705000	649.3
59.708750	686.3
59.712500	705.0
59.716250	710.8
59.720000	671.0
59.723750	684.4
59.727500	656.7
59.731250	699.2
59.735000	735.5
59.738750	687.1
59.742500	692.1
59.746250	644.3
59.750000	636.1
59.753750	702.8
59.757500	677.5
59.761250	637.6
59.765000	699.5
59.768750	667.2
59.772500	636.8
59.776250	689.3
59.780000	705.1
59.783750	675.3
59.787500	639.1
59.791250	660.9
59.795000	667.8
59.798750	656.3
59.802500	640.6
59.806250	639.5
59.810000	634.9
59.813750	658.4
59.817500	624.0
59.821250	667.0
59.825000	657.7
59.828750	622.9
59.832500	602.2
59.836250	664.5
59.840000	656.4
59.843750	634.4
59.847500	637.5
59.851250	625.3
59.855000	671.6
59.858750	636.1
59.862500	656.6
59.866250	617.8
59.870000	625.3
59.873750	665.0
59.877500	649.9
59.881250	633.9
59.885000	636.6
59.888750	630.3
59.892500	624.0
59.896250	615.5
59.900000	623.2
59.903750	694.2
59.907500	674.1
59.911250	630.1
59.915000	638.9
59.918750	624.8
59.922500	686.2
59.926250	666.9
59.930000	635.5
59.933750	626.5
59.937500	626.3
59.941250	624.1
59.945000	656.9
59.948750	652.5
59.952500	681.4
59.956250	689.0
59.960000	644.9
59.963750	693.6
59.967500	664.0
59.971250	671.0
59.975000	644.1
59.978750	670.8
59.982500	649.3
59.986250	632.2
59.990000	650.0
59.993750	575.7
59.997500	616.3
60.001250	644.9
60.005000	639.6
60.008750	620.8
60.012500	680.2
60.016250	663.3
60.020000	659.8
60.023750	644.5
60.027500	691.5
60.031250	653.0
60.035000	650.2
60.038750	608.5
60.042500	654.6
60.046250	664.0
60.050000	653.0
60.053750	644.4
60.057500	645.0
60.061250	648.1
60.065000	682.5
60.068750	645.3
60.072500	675.5
60.076250	694.7
60.080000	675.6
60.083750	690.7
60.087500	670.9
60.091250	706.9
60.095000	752.8
60.098750	723.7
60.102500	713.3
60.106250	673.4
60.110000	663.5
60.113750	735.6
60.117500	688.3
60.121250	658.0
60.125000	673.9
60.128750	672.2
60.132500	654.9
60.136250	692.5
60.140000	699.6
60.143750	644.4
60.147500	635.8
60.151250	687.0
60.155000	691.1
60.158750	660.5
60.162500	694.3
60.166250	689.9
60.170000	677.2
60.173750	656.8
60.177500	672.5
60.181250	679.2
60.185000	677.3
60.188750	658.2
60.192500	667.1
60.196250	677.1
60.200000	655.5
60.203750	670.8
60.207500	675.0
60.211250	687.9
60.215000	613.5
60.218750	682.6
60.222500	665.8
60.226250	629.0
60.230000	660.7
60.233750	663.9
60.237500	693.9
60.241250	651.8
60.245000	699.3
60.248750	661.0
60.252500	599.7
60.256250	661.2
60.260000	661.8
60.263750	687.1
60.267500	655.2
60.271250	683.1
60.275000	662.8
60.278750	619.8
60.282500	602.9
60.286250	619.3
60.290000	626.7
60.293750	659.0
60.297500	685.8
60.301250	637.9
60.305000	660.9
60.308750	606.6
60.312500	662.0
60.316250	668.0
60.320000	665.6
60.323750	624.5
60.327500	653.7
60.331250	651.9
60.335000	638.8
60.338750	636.7
60.342500	612.7
60.346250	627.1
60.350000	631.4
60.353750	668.8
60.357500	649.5
60.361250	604.0
60.365000	664.5
60.368750	632.7
60.372500	624.2
60.376250	650.0
60.380000	644.6
60.383750	597.2
60.387500	686.2
60.391250	648.0
60.395000	704.5
60.398750	660.2
60.402500	650.8
60.406250	629.1
60.410000	654.4
60.413750	637.9
60.417500	620.2
60.421250	701.3
60.425000	642.5
60.428750	634.1
60.432500	667.0
60.436250	626.2
60.440000	612.4
60.443750	612.5
60.447500	665.6
60.451250	633.2
60.455000	634.7
60.458750	629.5
60.462500	673.4
60.466250	674.9
60.470000	645.8
60.473750	706.3
60.477500	670.3
60.481250	677.6
60.485000	671.8
60.488750	617.4
60.492500	648.8
60.496250	662.3
60.500000	670.5
60.503750	642.5
60.507500	653.1
60.511250	602.6
60.515000	635.1
60.518750	712.1
60.522500	696.2
60.526250	655.8
60.530000	665.9
60.533750	683.2
60.537500	653.4
60.541250	609.7
60.545000	635.7
60.548750	666.4
60.552500	629.7
60.556250	617.5
60.560000	633.3
60.563750	656.5
60.567500	626.0
60.571250	681.5
60.575000	604.0
60.578750	612.1
60.582500	594.0
60.586250	660.4
60.590000	703.5
60.593750	615.8
60.597500	639.5
60.601250	627.1
60.605000	585.2
60.608750	624.6
60.612500	643.6
60.616250	655.4
60.620000	637.2
60.623750	621.2
60.627500	651.3
60.631250	704.0
60.635000	640.0
60.638750	628.2
60.642500	605.5
60.646250	682.3
60.650000	651.1
60.653750	637.2
60.657500	605.3
60.661250	656.6
60.665000	643.3
60.668750	601.0
60.672500	667.6
60.676250	696.0
60.680000	639.5
60.683750	643.1
60.687500	650.1
60.691250	698.5
60.695000	621.9
60.698750	707.4
60.702500	671.6
60.706250	663.6
60.710000	691.3
60.713750	650.4
60.717500	670.2
60.721250	693.0
60.725000	678.6
60.728750	683.3
60.732500	668.3
60.736250	685.6
60.740000	637.5
60.743750	627.3
60.747500	672.7
60.751250	669.1
60.755000	642.5
60.758750	629.7
60.762500	663.8
60.766250	630.1
60.770000	647.7
60.773750	659.6
60.777500	656.3
60.781250	626.2
60.785000	642.6
60.788750	644.5
60.792500	659.8
60.796250	641.6
60.800000	666.2
60.803750	665.7
60.807500	632.5
60.811250	583.5
60.815000	635.5
60.818750	688.7
60.822500	632.3
60.826250	637.7
60.830000	688.1
60.833750	673.2
60.837500	608.6
60.841250	646.6
60.845000	666.6
60.848750	636.1
60.852500	657.4
60.856250	611.2
60.860000	667.8
60.863750	691.6
60.867500	647.4
60.871250	687.5
60.875000	666.6
60.878750	689.4
60.882500	680.8
60.886250	680.8
60.890000	685.1
60.893750	640.4
60.897500	663.6
60.901250	647.8
60.905000	666.3
60.908750	653.3
60.912500	672.0
60.916250	655.2
60.920000	684.1
60.923750	699.5
60.927500	636.6
60.931250	628.7
60.935000	690.8
60.938750	684.8
60.942500	711.9
60.946250	619.1
60.950000	710.2
60.953750	656.0
60.957500	633.0
60.961250	668.2
60.965000	684.7
60.968750	705.5
60.972500	676.2
60.976250	669.5
60.980000	635.5
60.983750	693.1
60.987500	656.0
60.991250	682.0
60.995000	686.7
60.998750	677.8
61.002500	676.2
61.006250	676.4
61.010000	692.6
61.013750	617.9
61.017500	586.9
61.021250	599.4
61.025000	690.7
61.028750	607.9
61.032500	614.9
61.036250	603.9
61.040000	658.1
61.043750	652.5
61.047500	673.3
61.051250	699.6
61.055000	626.6
61.058750	685.1
61.062500	704.2
61.066250	693.3
61.070000	672.9
61.073750	654.3
61.077500	609.6
61.081250	621.1
61.085000	612.6
61.088750	701.8
61.092500	638.8
61.096250	659.1
61.100000	582.8
61.103750	657.3
61.107500	687.3
61.111250	630.9
61.115000	609.0
61.118750	627.7
61.122500	683.4
61.126250	636.6
61.130000	588.1
61.133750	622.2
61.137500	614.1
61.141250	622.9
61.145000	678.7
61.148750	641.3
61.152500	632.9
61.156250	628.5
61.160000	661.4
61.163750	627.1
61.167500	642.1
61.171250	628.0
61.175000	653.9
61.178750	636.4
61.182500	640.5
61.186250	658.9
61.190000	684.8
61.193750	629.3
61.197500	648.1
61.201250	646.1
61.205000	607.2
61.208750	660.1
61.212500	660.3
61.216250	683.5
61.220000	632.6
61.223750	642.7
61.227500	637.5
61.231250	619.3
61.235000	674.3
61.238750	641.3
61.242500	648.2
61.246250	649.3
61.250000	614.3
61.253750	636.8
61.257500	667.6
61.261250	630.2
61.265000	666.2
61.268750	690.4
61.272500	661.6
61.276250	629.1
61.280000	632.8
61.283750	658.5
61.287500	618.8
61.291250	627.7
61.295000	629.8
61.298750	604.6
61.302500	648.0
61.306250	627.2
61.310000	628.2
61.313750	611.2
61.317500	632.7
61.321250	628.8
61.325000	671.0
61.328750	635.6
61.332500	640.5
61.336250	649.5
61.340000	604.5
61.343750	690.5
61.347500	615.5
61.351250	605.7
61.355000	633.9
61.358750	624.4
61.362500	587.1
61.366250	657.4
61.370000	634.5
61.373750	644.8
61.377500	630.1
61.381250	643.5
61.385000	629.7
61.388750	622.4
61.392500	638.5
61.396250	654.5
61.400000	603.2
61.403750	628.3
61.407500	645.5
61.411250	628.3
61.415000	636.5
61.418750	600.0
61.422500	637.9
61.426250	621.7
61.430000	615.0
61.433750	627.9
61.437500	636.3
61.441250	630.9
61.445000	652.7
61.448750	652.0
61.452500	639.1
61.456250	617.9
61.460000	625.1
61.463750	610.3
61.467500	696.2
61.471250	642.0
61.475000	593.8
61.478750	656.7
61.482500	640.3
61.486250	632.5
61.490000	634.4
61.493750	649.3
61.497500	623.3
61.501250	636.3
61.505000	633.7
61.508750	618.9
61.512500	634.3
61.516250	641.5
61.520000	624.3
61.523750	618.2
61.527500	595.0
61.531250	623.6
61.535000	615.7
61.538750	586.4
61.542500	631.8
61.546250	647.5
61.550000	622.0
61.553750	670.1
61.557500	642.2
61.561250	637.8
61.565000	628.7
61.568750	674.6
61.572500	645.5
61.576250	651.2
61.580000	609.4
61.583750	598.0
61.587500	626.5
61.591250	634.2
61.595000	665.3
61.598750	682.1
61.602500	646.6
61.606250	653.2
61.610000	674.5
61.613750	671.6
61.617500	663.5
61.621250	696.9
61.625000	681.6
61.628750	695.8
61.632500	678.1
61.636250	714.0
61.640000	694.1
61.643750	645.3
61.647500	691.2
61.651250	672.5
61.655000	674.7
61.658750	670.2
61.662500	734.0
61.666250	733.7
61.670000	689.2
61.673750	699.4
61.677500	708.7
61.681250	743.5
61.685000	709.2
61.688750	764.2
61.692500	766.8
61.696250	702.2
61.700000	648.7
61.703750	740.0
61.707500	738.5
61.711250	722.2
61.715000	740.9
61.718750	694.5
61.722500	708.3
61.726250	741.3
61.730000	729.7
61.733750	713.6
61.737500	735.2
61.741250	705.1
61.745000	700.3
61.748750	699.7
61.752500	692.5
61.756250	654.3
61.760000	725.4
61.763750	689.4
61.767500	690.0
61.771250	690.5
61.775000	713.1
61.778750	699.6
61.782500	639.0
61.786250	683.3
61.790000	705.9
61.793750	669.6
61.797500	632.4
61.801250	662.4
61.805000	670.9
61.808750	720.4
61.812500	710.8
61.816250	748.5
61.820000	719.9
61.823750	720.9
61.827500	676.0
61.831250	687.1
61.835000	685.1
61.838750	699.1
61.842500	679.0
61.846250	734.9
61.850000	763.0
61.853750	712.6
61.857500	711.4
61.861250	788.6
61.865000	734.2
61.868750	672.7
61.872500	739.8
61.876250	723.5
61.880000	680.7
61.883750	717.8
61.887500	688.7
61.891250	729.9
61.895000	727.7
61.898750	720.8
61.902500	688.2
61.906250	665.8
61.910000	685.2
61.913750	656.9
61.917500	657.8
61.921250	637.5
61.925000	653.6
61.928750	638.1
61.932500	659.8
61.936250	668.4
61.940000	635.3
61.943750	615.7
61.947500	691.0
61.951250	657.9
61.955000	601.2
61.958750	627.0
61.962500	618.1
61.966250	590.6
61.970000	601.9
61.973750	646.5
61.977500	622.2
61.981250	634.5
61.985000	636.7
61.988750	609.1
61.992500	619.2
61.996250	650.4
62.000000	633.1
62.003750	622.3
62.007500	641.6
62.011250	620.4
62.015000	621.4
62.018750	622.1
62.022500	634.4
62.026250	625.9
62.030000	665.7
62.033750	619.8
62.037500	620.7
62.041250	644.5
62.045000	647.7
62.048750	651.2
62.052500	633.4
62.056250	678.3
62.060000	673.5
62.063750	657.5
62.067500	623.6
62.071250	589.6
62.075000	614.7
62.078750	640.4
62.082500	643.4
62.086250	641.2
62.090000	616.0
62.093750	649.2
62.097500	673.5
62.101250	682.6
62.105000	643.2
62.108750	615.8
62.112500	657.5
62.116250	655.4
62.120000	680.8
62.123750	644.0
62.127500	642.7
62.131250	653.1
62.135000	662.5
62.138750	626.9
62.142500	686.3
62.146250	642.0
62.150000	648.1
62.153750	671.4
62.157500	637.0
62.161250	638.5
62.165000	635.2
62.168750	653.8
62.172500	649.0
62.176250	659.8
62.180000	654.8
62.183750	614.0
62.187500	625.6
62.191250	673.8
62.195000	644.7
62.198750	669.8
62.202500	615.2
62.206250	629.1
62.210000	619.3
62.213750	604.6
62.217500	635.9
62.221250	650.7
62.225000	642.8
62.228750	639.1
62.232500	636.4
62.236250	642.0
62.240000	653.7
62.243750	633.4
62.247500	660.6
62.251250	623.0
62.255000	631.8
62.258750	581.6
62.262500	621.8
62.266250	630.2
62.270000	641.4
62.273750	606.5
62.277500	662.6
62.281250	647.8
62.285000	630.5
62.288750	641.5
62.292500	614.2
62.296250	646.0
62.300000	599.4
62.303750	661.5
62.307500	633.1
62.311250	631.7
62.315000	613.2
62.318750	622.6
62.322500	670.7
62.326250	689.8
62.330000	674.4
62.333750	645.5
62.337500	641.7
62.341250	624.8
62.345000	611.4
62.348750	646.5
62.352500	664.7
62.356250	642.5
62.360000	643.7
62.363750	615.0
62.367500	598.4
62.371250	650.2
62.375000	623.2
62.378750	672.6
62.382500	637.1
62.386250	664.5
62.390000	648.5
62.393750	644.4
62.397500	696.4
62.401250	671.8
62.405000	687.6
62.408750	685.2
62.412500	681.9
62.416250	656.2
62.420000	724.4
62.423750	704.2
62.427500	677.6
62.431250	678.5
62.435000	677.8
62.438750	748.7
62.442500	714.3
62.446250	682.9
62.450000	694.3
62.453750	739.3
62.457500	715.8
62.461250	677.9
62.465000	704.4
62.468750	699.1
62.472500	720.3
62.476250	728.5
62.480000	732.1
62.483750	726.0
62.487500	715.2
62.491250	724.9
62.495000	676.6
62.498750	698.0
62.502500	735.2
62.506250	680.0
62.510000	659.4
62.513750	716.6
62.517500	735.4
62.521250	719.2
62.525000	677.3
62.528750	718.4
62.532500	696.3
62.536250	742.0
62.540000	682.5
62.543750	721.9
62.547500	683.7
62.551250	677.7
62.555000	725.1
62.558750	696.7
62.562500	657.0
62.566250	681.0
62.570000	669.0
62.573750	665.4
62.577500	679.1
62.581250	647.1
62.585000	654.8
62.588750	621.3
62.592500	669.1
62.596250	633.2
62.600000	641.4
62.603750	659.5
62.607500	660.9
62.611250	626.3
62.615000	632.3
62.618750	641.5
62.622500	619.5
62.626250	584.2
62.630000	636.5
62.633750	649.5
62.637500	631.6
62.641250	653.6
62.645000	673.0
62.648750	653.1
62.652500	673.9
62.656250	704.3
62.660000	631.2
62.663750	696.6
62.667500	642.0
62.671250	655.6
62.675000	665.1
62.678750	613.2
62.682500	624.4
62.686250	682.6
62.690000	675.4
62.693750	639.7
62.697500	686.9
62.701250	651.1
62.705000	678.1
62.708750	662.3
62.712500	677.9
62.716250	683.1
62.720000	689.6
62.723750	731.5
62.727500	731.9
62.731250	701.3
62.735000	715.2
62.738750	703.3
62.742500	756.4
62.746250	701.9
62.750000	763.7
62.753750	722.3
62.757500	765.6
62.761250	743.1
62.765000	814.7
62.768750	762.5
62.772500	712.1
62.776250	762.7
62.780000	750.1
62.783750	733.1
62.787500	781.0
62.791250	739.5
62.795000	753.8
62.798750	765.5
62.802500	693.3
62.806250	695.5
62.810000	701.5
62.813750	681.7
62.817500	736.8
62.821250	687.5
62.825000	757.8
62.828750	726.2
62.832500	737.1
62.836250	707.6
62.840000	764.9
62.843750	723.3
62.847500	696.9
62.851250	689.6
62.855000	732.8
62.858750	726.4
62.862500	692.1
62.866250	660.3
62.870000	695.4
62.873750	706.9
62.877500	742.7
62.881250	696.7
62.885000	712.2
62.888750	717.1
62.892500	699.7
62.896250	725.8
62.900000	714.1
62.903750	696.6
62.907500	699.5
62.911250	668.2
62.915000	696.7
62.918750	674.5
62.922500	721.2
62.926250	707.5
62.930000	727.0
62.933750	723.2
62.937500	661.5
62.941250	701.4
62.945000	671.4
62.948750	695.6
62.952500	667.2
62.956250	682.6
62.960000	716.8
62.963750	698.6
62.967500	699.8
62.971250	621.0
62.975000	649.8
62.978750	618.9
62.982500	649.4
62.986250	679.4
62.990000	640.9
62.993750	629.5
62.997500	613.7
63.001250	647.8
63.005000	623.5
63.008750	638.7
63.012500	669.3
63.016250	646.3
63.020000	569.8
63.023750	650.5
63.027500	593.9
63.031250	634.4
63.035000	630.5
63.038750	604.0
63.042500	639.0
63.046250	642.3
63.050000	614.1
63.053750	622.6
63.057500	638.5
63.061250	652.2
63.065000	643.0
63.068750	648.3
63.072500	636.9
63.076250	609.2
63.080000	647.3
63.083750	662.8
63.087500	634.0
63.091250	630.5
63.095000	622.9
63.098750	607.5
63.102500	600.1
63.106250	650.0
63.110000	644.5
63.113750	641.7
63.117500	674.7
63.121250	653.8
63.125000	634.6
63.128750	637.7
63.132500	635.2
63.136250	615.8
63.140000	641.8
63.143750	679.1
63.147500	678.5
63.151250	662.3
63.155000	694.2
63.158750	667.1
63.162500	672.2
63.166250	687.3
63.170000	702.8
63.173750	743.9
63.177500	726.7
63.181250	705.1
63.185000	697.2
63.188750	716.8
63.192500	725.3
63.196250	784.5
63.200000	738.1
63.203750	729.4
63.207500	743.6
63.211250	702.4
63.215000	696.3
63.218750	733.8
63.222500	777.0
63.226250	759.7
63.230000	761.3
63.233750	729.5
63.237500	741.9
63.241250	739.6
63.245000	780.3
63.248750	735.6
63.252500	718.1
63.256250	730.8
63.260000	692.1
63.263750	707.7
63.267500	754.1
63.271250	713.0
63.275000	710.0
63.278750	693.8
63.282500	694.0
63.286250	717.6
63.290000	714.9
63.293750	681.7
63.297500	652.3
63.301250	664.1
63.305000	670.2
63.308750	680.4
63.312500	654.6
63.316250	627.3
63.320000	658.7
63.323750	645.7
63.327500	641.1
63.331250	657.0
63.335000	639.9
63.338750	652.3
63.342500	656.4
63.346250	604.8
63.350000	605.0
63.353750	637.5
63.357500	604.6
63.361250	593.5
63.365000	651.9
63.368750	654.2
63.372500	642.9
63.376250	600.3
63.380000	607.5
63.383750	615.5
63.387500	618.8
63.391250	644.5
63.395000	564.8
63.398750	602.8
63.402500	627.8
63.406250	608.4
63.410000	603.7
63.413750	582.1
63.417500	603.6
63.421250	599.3
63.425000	594.7
63.428750	620.8
63.432500	585.8
63.436250	571.7
63.440000	620.5
63.443750	588.2
63.447500	627.6
63.451250	673.0
63.455000	598.5
63.458750	589.8
63.462500	610.5
63.466250	616.0
63.470000	581.0
63.473750	631.9
63.477500	589.3
63.481250	585.5
63.485000	612.1
63.488750	565.3
63.492500	536.9
63.496250	571.3
63.500000	620.2
63.503750	592.8
63.507500	584.4
63.511250	605.2
63.515000	580.3
63.518750	599.1
63.522500	621.9
63.526250	624.9
63.530000	633.6
63.533750	628.2
63.537500	630.5
63.541250	611.9
63.545000	639.4
63.548750	642.0
63.552500	614.9
63.556250	646.4
63.560000	655.5
63.563750	620.5
63.567500	626.1
63.571250	619.5
63.575000	661.2
63.578750	644.9
63.582500	653.7
63.586250	653.1
63.590000	637.8
63.593750	684.2
63.597500	658.6
63.601250	650.8
63.605000	654.3
63.608750	648.1
63.612500	656.2
63.616250	652.2
63.620000	666.7
63.623750	647.3
63.627500	641.5
63.631250	650.0
63.635000	643.4
63.638750	639.0
63.642500	679.0
63.646250	629.8
63.650000	640.2
63.653750	645.8
63.657500	657.9
63.661250	680.9
63.665000	695.3
63.668750	682.7
63.672500	658.1
63.676250	633.3
63.680000	672.9
63.683750	683.1
63.687500	662.6
63.691250	654.3
63.695000	685.1
63.698750	633.2
63.702500	670.2
63.706250	676.3
63.710000	642.1
63.713750	646.4
63.717500	685.2
63.721250	643.4
63.725000	648.6
63.728750	675.3
63.732500	707.4
63.736250	658.5
63.740000	634.9
63.743750	653.9
63.747500	646.5
63.751250	681.5
63.755000	676.9
63.758750	622.4
63.762500	607.4
63.766250	633.6
63.770000	658.6
63.773750	640.2
63.777500	662.0
63.781250	651.0
63.785000	607.3
63.788750	715.0
63.792500	646.3
63.796250	686.3
63.800000	659.5
63.803750	675.8
63.807500	644.2
63.811250	652.0
63.815000	671.5
63.818750	639.8
63.822500	641.3
63.826250	649.9
63.830000	653.6
63.833750	675.0
63.837500	715.0
63.841250	675.3
63.845000	664.6
63.848750	696.4
63.852500	680.3
63.856250	645.1
63.860000	658.1
63.863750	664.0
63.867500	634.3
63.871250	635.7
63.875000	640.0
63.878750	650.4
63.882500	604.1
63.886250	629.1
63.890000	642.9
63.893750	664.9
63.897500	659.2
63.901250	616.9
63.905000	649.4
63.908750	691.6
63.912500	650.4
63.916250	631.2
63.920000	632.8
63.923750	645.6
63.927500	652.0
63.931250	650.0
63.935000	641.3
63.938750	644.6
63.942500	639.6
63.946250	696.7
63.950000	671.8
63.953750	623.9
63.957500	658.0
63.961250	620.3
63.965000	647.5
63.968750	673.4
63.972500	608.8
63.976250	589.8
63.980000	663.0
63.983750	630.7
63.987500	601.3
63.991250	637.0
63.995000	701.6
63.998750	650.4
64.002500	642.3
64.006250	610.5
64.010000	604.4
64.013750	655.8
64.017500	599.2
64.021250	611.1
64.025000	604.5
64.028750	621.2
64.032500	622.5
64.036250	613.6
64.040000	610.5
64.043750	600.3
64.047500	554.0
64.051250	635.7
64.055000	602.5
64.058750	593.7
64.062500	628.1
64.066250	645.6
64.070000	581.2
64.073750	619.9
64.077500	567.0
64.081250	641.6
64.085000	616.5
64.088750	560.7
64.092500	590.3
64.096250	592.5
64.100000	571.8
64.103750	622.3
64.107500	588.8
64.111250	601.2
64.115000	585.8
64.118750	585.9
64.122500	618.8
64.126250	612.1
64.130000	614.7
64.133750	565.5
64.137500	564.8
64.141250	595.5
64.145000	603.8
64.148750	592.5
64.152500	550.5
64.156250	643.7
64.160000	596.6
64.163750	598.8
64.167500	566.5
64.171250	606.6
64.175000	601.4
64.178750	578.0
64.182500	560.4
64.186250	578.5
64.190000	542.1
64.193750	620.9
64.197500	564.6
64.201250	585.8
64.205000	580.5
64.208750	562.3
64.212500	566.4
64.216250	623.0
64.220000	584.4
64.223750	580.2
64.227500	587.1
64.231250	580.2
64.235000	566.1
64.238750	575.5
64.242500	590.4
64.246250	577.3
64.250000	577.3
64.253750	614.2
64.257500	588.8
64.261250	582.2
64.265000	578.6
64.268750	565.3
64.272500	529.1
64.276250	580.0
64.280000	610.0
64.283750	581.7
64.287500	593.8
64.291250	570.9
64.295000	647.4
64.298750	607.4
64.302500	622.7
64.306250	556.2
64.310000	595.8
64.313750	636.4
64.317500	552.9
64.321250	584.6
64.325000	585.0
64.328750	585.8
64.332500	560.4
64.336250	559.5
64.340000	591.0
64.343750	601.9
64.347500	571.7
64.351250	631.3
64.355000	642.0
64.358750	628.1
64.362500	553.3
64.366250	524.0
64.370000	556.7
64.373750	563.0
64.377500	576.6
64.381250	564.9
64.385000	637.5
64.388750	559.9
64.392500	608.5
64.396250	612.8
64.400000	591.0
64.403750	605.8
64.407500	585.8
64.411250	585.8
64.415000	614.6
64.418750	577.4
64.422500	553.5
64.426250	575.0
64.430000	585.3
64.433750	610.4
64.437500	548.6
64.441250	580.8
64.445000	615.0
64.448750	570.6
64.452500	606.9
64.456250	588.9
64.460000	584.4
64.463750	581.2
64.467500	594.0
64.471250	579.1
64.475000	581.9
64.478750	583.5
64.482500	560.4
64.486250	560.7
64.490000	552.7
64.493750	614.1
64.497500	650.5
64.501250	581.3
64.505000	595.8
64.508750	636.4
64.512500	611.9
64.516250	611.7
64.520000	604.0
64.523750	565.5
64.527500	604.0
64.531250	614.8
64.535000	555.0
64.538750	617.9
64.542500	588.0
64.546250	613.4
64.550000	580.1
64.553750	630.0
64.557500	644.4
64.561250	578.5
64.565000	593.2
64.568750	580.4
64.572500	566.1
64.576250	584.9
64.580000	612.7
64.583750	615.5
64.587500	605.9
64.591250	607.7
64.595000	568.6
64.598750	576.7
64.602500	582.1
64.606250	578.6
64.610000	571.7
64.613750	596.5
64.617500	598.6
64.621250	578.2
64.625000	599.2
64.628750	619.7
64.632500	610.7
64.636250	606.2
64.640000	594.6
64.643750	543.6
64.647500	543.1
64.651250	584.8
64.655000	594.8
64.658750	589.0
64.662500	574.3
64.666250	610.3
64.670000	617.8
64.673750	593.9
64.677500	618.5
64.681250	584.6
64.685000	603.0
64.688750	612.0
64.692500	594.2
64.696250	571.7
64.700000	589.4
64.703750	628.1
64.707500	621.8
64.711250	609.4
64.715000	596.0
64.718750	620.1
64.722500	564.0
64.726250	570.6
64.730000	594.9
64.733750	584.1
64.737500	595.9
64.741250	582.9
64.745000	591.8
64.748750	601.2
64.752500	589.3
64.756250	600.4
64.760000	615.6
64.763750	611.3
64.767500	587.3
64.771250	626.6
64.775000	617.5
64.778750	611.3
64.782500	645.1
64.786250	622.2
64.790000	580.7
64.793750	579.4
64.797500	584.9
64.801250	601.6
64.805000	640.6
64.808750	584.6
64.812500	622.4
64.816250	601.7
64.820000	588.9
64.823750	610.8
64.827500	581.3
64.831250	601.5
64.835000	593.1
64.838750	620.3
64.842500	593.0
64.846250	586.4
64.850000	572.8
64.853750	601.5
64.857500	593.8
64.861250	632.7
64.865000	593.7
64.868750	556.7
64.872500	594.3
64.876250	559.4
64.880000	562.9
64.883750	626.4
64.887500	577.0
64.891250	611.1
64.895000	575.6
64.898750	616.4
64.902500	632.4
64.906250	560.8
64.910000	596.7
64.913750	648.2
64.917500	565.0
64.921250	625.4
64.925000	601.8
64.928750	568.0
64.932500	594.2
64.936250	588.5
64.940000	600.7
64.943750	571.3
64.947500	618.1
64.951250	586.1
64.955000	598.8
64.958750	558.2
64.962500	593.7
64.966250	647.5
64.970000	589.7
64.973750	573.4
64.977500	576.4
64.981250	612.0
64.985000	584.1
64.988750	559.3
64.992500	576.3
64.996250	555.3
65.000000	531.5
65.003750	560.0
65.007500	542.5
65.011250	568.8
65.015000	568.2
65.018750	586.2
65.022500	557.0
65.026250	597.5
65.030000	604.0
65.033750	572.3
65.037500	591.1
65.041250	589.8
65.045000	553.7
65.048750	621.5
65.052500	590.6
65.056250	584.7
65.060000	599.3
65.063750	586.1
65.067500	586.4
65.071250	582.5
65.075000	595.4
65.078750	630.7
65.082500	580.5
65.086250	582.5
65.090000	619.8
65.093750	611.7
65.097500	570.4
65.101250	608.1
65.105000	573.8
65.108750	587.9
65.112500	642.9
65.116250	594.4
65.120000	609.8
65.123750	575.8
65.127500	587.9
65.131250	578.0
65.135000	611.3
65.138750	557.7
65.142500	610.5
65.146250	603.4
65.150000	564.1
65.153750	564.9
65.157500	611.1
65.161250	558.3
65.165000	595.9
65.168750	559.3
65.172500	599.5
65.176250	582.6
65.180000	553.8
65.183750	527.5
65.187500	592.2
65.191250	565.3
65.195000	566.5
65.198750	585.4
65.202500	579.3
65.206250	631.0
65.210000	640.2
65.213750	583.4
65.217500	592.0
65.221250	631.2
65.225000	575.6
65.228750	584.9
65.232500	637.6
65.236250	625.1
65.240000	628.6
65.243750	591.5
65.247500	573.6
65.251250	540.5
65.255000	569.5
65.258750	565.5
65.262500	556.2
65.266250	545.2
65.270000	620.8
65.273750	631.6
65.277500	611.6
65.281250	585.5
65.285000	620.8
65.288750	604.0
65.292500	552.8
65.296250	573.2
65.300000	568.3
65.303750	587.4
65.307500	603.9
65.311250	555.8
65.315000	540.8
65.318750	605.2
65.322500	630.4
65.326250	591.1
65.330000	599.0
65.333750	535.2
65.337500	616.0
65.341250	618.8
65.345000	586.4
65.348750	574.5
65.352500	582.0
65.356250	596.9
65.360000	603.9
65.363750	595.5
65.367500	584.9
65.371250	550.9
65.375000	568.4
65.378750	607.8
65.382500	565.3
65.386250	544.9
65.390000	599.7
65.393750	572.6
65.397500	549.5
65.401250	580.8
65.405000	570.4
65.408750	567.6
65.412500	593.8
65.416250	569.3
65.420000	576.1
65.423750	606.3
65.427500	577.3
65.431250	593.8
65.435000	563.3
65.438750	587.9
65.442500	591.9
65.446250	561.2
65.450000	545.4
65.453750	568.5
65.457500	586.3
65.461250	592.8
65.465000	551.5
65.468750	546.5
65.472500	575.3
65.476250	612.2
65.480000	621.1
65.483750	571.4
65.487500	559.9
65.491250	557.6
65.495000	562.6
65.498750	561.3
65.502500	566.8
65.506250	612.5
65.510000	640.4
65.513750	685.9
65.517500	607.4
65.521250	539.9
65.525000	544.1
65.528750	578.2
65.532500	624.0
65.536250	542.1
65.540000	538.1
65.543750	490.0
65.547500	541.6
65.551250	575.8
65.555000	599.9
65.558750	600.0
65.562500	602.0
65.566250	592.4
65.570000	577.4
65.573750	626.7
65.577500	522.7
65.581250	573.3
65.585000	565.4
65.588750	631.7
65.592500	568.0
65.596250	533.4
65.600000	597.8
65.603750	644.9
65.607500	583.7
65.611250	651.7
65.615000	574.1
65.618750	588.0
65.622500	604.8
65.626250	495.8
65.630000	619.9
65.633750	604.0
65.637500	532.3
65.641250	633.5
65.645000	540.4
65.648750	577.0
65.652500	535.7
65.656250	552.1
65.660000	569.3
65.663750	540.1
65.667500	624.1
65.671250	589.4
65.675000	609.3
65.678750	589.0
65.682500	603.5
65.686250	630.3
65.690000	547.4
65.693750	558.8
65.697500	597.8
65.701250	544.9
65.705000	588.4
65.708750	600.0
65.712500	613.7
65.716250	595.1
65.720000	566.4
65.723750	615.6
65.727500	596.2
65.731250	553.7
65.735000	612.3
65.738750	582.4
65.742500	567.4
65.746250	574.1
65.750000	556.1
65.753750	609.9
65.757500	639.1
65.761250	610.7
65.765000	596.0
65.768750	595.5
65.772500	579.7
65.776250	652.0
65.780000	636.6
65.783750	637.1
65.787500	616.6
65.791250	582.7
65.795000	554.5
65.798750	601.3
65.802500	559.2
65.806250	617.4
65.810000	606.6
65.813750	608.0
65.817500	631.4
65.821250	615.4
65.825000	549.2
65.828750	593.9
65.832500	586.2
65.836250	584.3
65.840000	598.0
65.843750	630.1
65.847500	600.3
65.851250	612.5
65.855000	592.8
65.858750	637.2
65.862500	680.2
65.866250	594.3
65.870000	589.6
65.873750	577.7
65.877500	571.0
65.881250	631.7
65.885000	584.6
65.888750	551.0
65.892500	610.8
65.896250	650.2
65.900000	601.8
65.903750	576.1
65.907500	588.4
65.911250	576.8
65.915000	616.2
65.918750	598.1
65.922500	584.4
65.926250	568.1
65.930000	575.2
65.933750	605.9
65.937500	556.2
65.941250	615.3
65.945000	609.9
65.948750	592.2
65.952500	638.7
65.956250	643.2
65.960000	606.5
65.963750	598.7
65.967500	606.4
65.971250	576.3
65.975000	584.9
65.978750	646.7
65.982500	656.7
65.986250	632.3
65.990000	633.8
65.993750	603.5
65.997500	607.2
66.001250	673.5
66.005000	578.9
66.008750	597.8
66.012500	685.5
66.016250	642.1
66.020000	642.2
66.023750	650.5
66.027500	635.6
66.031250	677.4
66.035000	648.8
66.038750	635.3
66.042500	712.6
66.046250	696.9
66.050000	662.9
66.053750	648.6
66.057500	615.6
66.061250	605.4
66.065000	592.2
66.068750	559.7
66.072500	592.9
66.076250	640.8
66.080000	630.0
66.083750	639.0
66.087500	654.9
66.091250	628.0
66.095000	653.7
66.098750	655.3
66.102500	624.6
66.106250	547.1
66.110000	601.6
66.113750	663.4
66.117500	634.6
66.121250	643.7
66.125000	598.9
66.128750	637.7
66.132500	616.6
66.136250	570.4
66.140000	590.3
66.143750	577.2
66.147500	570.7
66.151250	637.5
66.155000	643.7
66.158750	622.6
66.162500	650.9
66.166250	649.0
66.170000	638.8
66.173750	652.0
66.177500	698.5
66.181250	699.9
66.185000	675.0
66.188750	629.9
66.192500	648.5
66.196250	673.8
66.200000	632.3
66.203750	647.2
66.207500	651.4
66.211250	655.6
66.215000	669.1
66.218750	652.4
66.222500	627.3
66.226250	635.1
66.230000	641.6
66.233750	660.4
66.237500	661.2
66.241250	678.5
66.245000	671.5
66.248750	707.9
66.252500	641.1
66.256250	684.8
66.260000	647.8
66.263750	641.3
66.267500	652.5
66.271250	641.6
66.275000	668.6
66.278750	684.8
66.282500	652.7
66.286250	600.9
66.290000	618.9
66.293750	660.0
66.297500	663.8
66.301250	621.0
66.305000	605.6
66.308750	608.3
66.312500	617.6
66.316250	572.2
66.320000	591.8
66.323750	627.5
66.327500	602.4
66.331250	613.3
66.335000	599.9
66.338750	606.9
66.342500	631.9
66.346250	629.7
66.350000	628.0
66.353750	587.6
66.357500	610.8
66.361250	601.3
66.365000	564.4
66.368750	597.9
66.372500	578.7
66.376250	571.8
66.380000	544.5
66.383750	527.9
66.387500	557.3
66.391250	585.9
66.395000	603.4
66.398750	645.8
66.402500	569.7
66.406250	614.0
66.410000	582.9
66.413750	614.2
66.417500	565.5
66.421250	590.7
66.425000	615.2
66.428750	620.7
66.432500	614.1
66.436250	571.4
66.440000	549.5
66.443750	612.1
66.447500	587.1
66.451250	592.6
66.455000	598.9
66.458750	556.4
66.462500	629.6
66.466250	581.4
66.470000	564.1
66.473750	593.2
66.477500	593.2
66.481250	584.0
66.485000	582.0
66.488750	552.1
66.492500	558.5
66.496250	587.7
66.500000	579.8
66.503750	585.9
66.507500	557.4
66.511250	557.8
66.515000	634.9
66.518750	599.9
66.522500	569.9
66.526250	611.5
66.530000	568.6
66.533750	575.4
66.537500	567.0
66.541250	584.0
66.545000	539.4
66.548750	568.3
66.552500	550.6
66.556250	570.7
66.560000	618.9
66.563750	598.4
66.567500	565.7
66.571250	570.6
66.575000	591.7
66.578750	586.4
66.582500	581.3
66.586250	605.7
66.590000	612.0
66.593750	590.0
66.597500	628.6
66.601250	544.1
66.605000	574.3
66.608750	561.9
66.612500	545.6
66.616250	573.5
66.620000	589.3
66.623750	577.2
66.627500	574.4
66.631250	540.9
66.635000	578.3
66.638750	584.4
66.642500	601.6
66.646250	598.0
66.650000	584.3
66.653750	581.5
66.657500	584.2
66.661250	610.7
66.665000	553.8
66.668750	608.7
66.672500	621.7
66.676250	563.1
66.680000	579.4
66.683750	625.4
66.687500	617.1
66.691250	605.8
66.695000	564.1
66.698750	552.5
66.702500	608.6
66.706250	614.5
66.710000	578.9
66.713750	629.2
66.717500	570.7
66.721250	589.4
66.725000	588.8
66.728750	567.9
66.732500	583.1
66.736250	583.8
66.740000	600.7
66.743750	607.6
66.747500	604.5
66.751250	604.6
66.755000	626.4
66.758750	612.7
66.762500	619.6
66.766250	567.4
66.770000	581.7
66.773750	609.7
66.777500	588.3
66.781250	563.0
66.785000	555.8
66.788750	613.8
66.792500	602.1
66.796250	623.9
66.800000	633.6
66.803750	620.0
66.807500	566.7
66.811250	592.2
66.815000	555.8
66.818750	545.0
66.822500	518.4
66.826250	579.8
66.830000	574.1
66.833750	565.8
66.837500	562.0
66.841250	589.0
66.845000	621.6
66.848750	575.9
66.852500	592.8
66.856250	577.7
66.860000	581.6
66.863750	602.4
66.867500	590.9
66.871250	586.8
66.875000	583.3
66.878750	591.3
66.882500	563.0
66.886250	593.6
66.890000	571.7
66.893750	585.1
66.897500	542.5
66.901250	544.5
66.905000	566.8
66.908750	602.9
66.912500	600.3
66.916250	551.3
66.920000	533.3
66.923750	554.1
66.927500	563.3
66.931250	594.3
66.935000	601.4
66.938750	622.9
66.942500	555.1
66.946250	574.9
66.950000	552.0
66.953750	596.2
66.957500	595.3
66.961250	625.3
66.965000	632.4
66.968750	614.3
66.972500	574.6
66.976250	580.0
66.980000	573.6
66.983750	594.7
66.987500	589.8
66.991250	540.3
66.995000	549.9
66.998750	607.6
67.002500	626.4
67.006250	603.8
67.010000	600.3
67.013750	601.9
67.017500	590.3
67.021250	608.2
67.025000	631.7
67.028750	563.1
67.032500	554.8
67.036250	606.9
67.040000	599.1
67.043750	562.1
67.047500	584.5
67.051250	563.7
67.055000	548.8
67.058750	592.5
67.062500	636.1
67.066250	612.6
67.070000	534.0
67.073750	581.1
67.077500	593.2
67.081250	572.4
67.085000	568.7
67.088750	600.9
67.092500	581.2
67.096250	570.8
67.100000	566.7
67.103750	534.8
67.107500	594.9
67.111250	598.8
67.115000	582.4
67.118750	546.9
67.122500	533.9
67.126250	577.3
67.130000	576.0
67.133750	610.4
67.137500	583.5
67.141250	603.0
67.145000	552.3
67.148750	533.5
67.152500	569.7
67.156250	581.3
67.160000	592.3
67.163750	602.9
67.167500	594.9
67.171250	571.8
67.175000	582.7
67.178750	583.8
67.182500	559.0
67.186250	575.0
67.190000	584.6
67.193750	578.2
67.197500	526.8
67.201250	550.6
67.205000	557.7
67.208750	563.3
67.212500	549.9
67.216250	558.3
67.220000	576.1
67.223750	599.1
67.227500	581.8
67.231250	570.5
67.235000	589.6
67.238750	537.3
67.242500	546.9
67.246250	543.2
67.250000	549.5
67.253750	555.1
67.257500	583.7
67.261250	560.2
67.265000	569.8
67.268750	528.9
67.272500	583.0
67.276250	562.8
67.280000	581.2
67.283750	620.7
67.287500	602.0
67.291250	558.7
67.295000	549.4
67.298750	568.9
67.302500	557.2
67.306250	597.4
67.310000	548.2
67.313750	565.7
67.317500	582.1
67.321250	582.2
67.325000	563.5
67.328750	551.7
67.332500	620.0
67.336250	565.0
67.340000	558.7
67.343750	588.4
67.347500	594.9
67.351250	594.6
67.355000	520.8
67.358750	541.0
67.362500	573.5
67.366250	529.5
67.370000	558.1
67.373750	595.5
67.377500	508.0
67.381250	553.5
67.385000	578.9
67.388750	596.3
67.392500	570.4
67.396250	529.1
67.400000	574.4
67.403750	599.7
67.407500	584.8
67.411250	604.0
67.415000	551.5
67.418750	576.4
67.422500	604.1
67.426250	605.7
67.430000	575.9
67.433750	538.8
67.437500	588.3
67.441250	614.6
67.445000	549.0
67.448750	609.3
67.452500	565.5
67.456250	573.2
67.460000	588.7
67.463750	588.7
67.467500	568.0
67.471250	577.0
67.475000	600.0
67.478750	647.6
67.482500	601.3
67.486250	575.1
67.490000	538.2
67.493750	603.8
67.497500	597.6
67.501250	591.5
67.505000	599.1
67.508750	586.7
67.512500	581.9
67.516250	584.7
67.520000	604.5
67.523750	616.6
67.527500	638.1
67.531250	652.1
67.535000	617.8
67.538750	627.2
67.542500	619.6
67.546250	606.4
67.550000	630.7
67.553750	597.8
67.557500	636.0
67.561250	639.6
67.565000	604.5
67.568750	598.8
67.572500	655.5
67.576250	625.6
67.580000	631.4
67.583750	617.9
67.587500	630.5
67.591250	639.2
67.595000	646.4
67.598750	651.0
67.602500	639.7
67.606250	596.6
67.610000	629.9
67.613750	636.9
67.617500	661.9
67.621250	699.3
67.625000	698.4
67.628750	616.9
67.632500	631.7
67.636250	661.7
67.640000	623.1
67.643750	662.6
67.647500	678.6
67.651250	622.2
67.655000	597.8
67.658750	627.9
67.662500	632.3
67.666250	630.5
67.670000	662.7
67.673750	648.8
67.677500	630.6
67.681250	655.1
67.685000	615.2
67.688750	617.4
67.692500	654.3
67.696250	628.3
67.700000	621.4
67.703750	664.5
67.707500	669.3
67.711250	672.0
67.715000	669.7
67.718750	686.5
67.722500	658.6
67.726250	653.1
67.730000	688.3
67.733750	661.6
67.737500	627.1
67.741250	595.1
67.745000	681.4
67.748750	668.5
67.752500	648.8
67.756250	730.8
67.760000	659.4
67.763750	646.0
67.767500	671.2
67.771250	693.0
67.775000	681.2
67.778750	685.0
67.782500	666.0
67.786250	610.6
67.790000	660.0
67.793750	640.1
67.797500	623.0
67.801250	609.9
67.805000	625.6
67.808750	682.5
67.812500	652.3
67.816250	658.2
67.820000	635.6
67.823750	652.1
67.827500	665.4
67.831250	658.3
67.835000	623.4
67.838750	632.1
67.842500	663.5
67.846250	675.1
67.850000	644.5
67.853750	620.9
67.857500	648.6
67.861250	634.8
67.865000	649.4
67.868750	618.1
67.872500	641.5
67.876250	684.4
67.880000	683.5
67.883750	614.4
67.887500	659.1
67.891250	681.5
67.895000	650.5
67.898750	678.1
67.902500	636.3
67.906250	599.8
67.910000	662.2
67.913750	697.7
67.917500	657.2
67.921250	658.9
67.925000	634.8
67.928750	640.7
67.932500	692.6
67.936250	654.7
67.940000	638.8
67.943750	628.0
67.947500	667.1
67.951250	602.0
67.955000	635.3
67.958750	688.2
67.962500	617.1
67.966250	649.0
67.970000	695.1
67.973750	651.4
67.977500	651.2
67.981250	640.1
67.985000	660.4
67.988750	687.9
67.992500	665.0
67.996250	667.6
68.000000	731.3
68.003750	736.8
68.007500	742.6
68.011250	692.0
68.015000	671.7
68.018750	655.2
68.022500	759.0
68.026250	720.0
68.030000	683.8
68.033750	712.8
68.037500	736.8
68.041250	674.4
68.045000	727.2
68.048750	705.6
68.052500	620.3
68.056250	702.8
68.060000	683.5
68.063750	641.7
68.067500	660.2
68.071250	667.6
68.075000	691.4
68.078750	644.9
68.082500	683.7
68.086250	667.1
68.090000	647.6
68.093750	646.3
68.097500	655.9
68.101250	640.6
68.105000	648.3
68.108750	586.5
68.112500	597.4
68.116250	631.6
68.120000	633.6
68.123750	651.4
68.127500	618.5
68.131250	623.2
68.135000	610.6
68.138750	646.2
68.142500	640.1
68.146250	648.6
68.150000	638.7
68.153750	619.0
68.157500	673.8
68.161250	663.0
68.165000	621.1
68.168750	655.1
68.172500	642.5
68.176250	682.5
68.180000	712.2
68.183750	724.5
68.187500	719.1
68.191250	737.9
68.195000	771.8
68.198750	788.9
68.202500	764.2
68.206250	824.1
68.210000	853.0
68.213750	801.7
68.217500	787.7
68.221250	822.9
68.225000	840.3
68.228750	869.2
68.232500	858.3
68.236250	852.9
68.240000	877.7
68.243750	814.0
68.247500	835.9
68.251250	770.8
68.255000	740.2
68.258750	755.1
68.262500	774.6
68.266250	741.1
68.270000	712.9
68.273750	642.8
68.277500	677.7
68.281250	677.7
68.285000	645.8
68.288750	669.5
68.292500	612.9
68.296250	681.2
68.300000	660.1
68.303750	655.8
68.307500	641.3
68.311250	642.2
68.315000	629.4
68.318750	634.5
68.322500	676.0
68.326250	675.8
68.330000	670.6
68.333750	635.4
68.337500	661.2
68.341250	610.7
68.345000	591.1
68.348750	630.9
68.352500	587.2
68.356250	659.7
68.360000	605.2
68.363750	617.8
68.367500	588.0
68.371250	580.9
68.375000	618.3
68.378750	611.9
68.382500	614.6
68.386250	632.6
68.390000	618.4
68.393750	612.3
68.397500	592.4
68.401250	661.2
68.405000	605.0
68.408750	599.9
68.412500	596.0
68.416250	604.8
68.420000	620.2
68.423750	597.2
68.427500	608.0
68.431250	602.1
68.435000	577.4
68.438750	618.2
68.442500	578.6
68.446250	622.4
68.450000	609.3
68.453750	608.7
68.457500	626.1
68.461250	635.9
68.465000	604.1
68.468750	628.5
68.472500	629.1
68.476250	668.5
68.480000	651.6
68.483750	617.4
68.487500	653.3
68.491250	617.7
68.495000	593.3
68.498750	588.3
68.502500	641.4
68.506250	621.5
68.510000	574.9
68.513750	623.8
68.517500	659.8
68.521250	638.4
68.525000	619.6
68.528750	615.9
68.532500	605.2
68.536250	609.8
68.540000	614.9
68.543750	600.8
68.547500	663.6
68.551250	586.3
68.555000	630.6
68.558750	657.1
68.562500	577.2
68.566250	591.4
68.570000	589.0
68.573750	598.4
68.577500	629.5
68.581250	556.9
68.585000	588.2
68.588750	631.3
68.592500	649.2
68.596250	623.1
68.600000	590.5
68.603750	574.6
68.607500	619.6
68.611250	646.0
68.615000	592.4
68.618750	614.0
68.622500	648.5
68.626250	610.9
68.630000	635.0
68.633750	626.8
68.637500	609.1
68.641250	629.6
68.645000	623.1
68.648750	647.7
68.652500	617.9
68.656250	680.4
68.660000	667.9
68.663750	691.3
68.667500	636.3
68.671250	642.2
68.675000	633.2
68.678750	641.2
68.682500	635.8
68.686250	662.3
68.690000	666.3
68.693750	630.3
68.697500	631.0
68.701250	648.1
68.705000	636.8
68.708750	640.5
68.712500	616.9
68.716250	628.7
68.720000	613.3
68.723750	617.8
68.727500	615.6
68.731250	621.8
68.735000	640.1
68.738750	608.0
68.742500	602.5
68.746250	594.0
68.750000	607.3
68.753750	585.1
68.757500	587.9
68.761250	615.4
68.765000	611.3
68.768750	576.4
68.772500	604.9
68.776250	634.9
68.780000	616.5
68.783750	640.0
68.787500	596.6
68.791250	609.1
68.795000	592.3
68.798750	593.8
68.802500	576.0
68.806250	607.9
68.810000	597.8
68.813750	595.4
68.817500	593.3
68.821250	593.3
68.825000	598.0
68.828750	590.5
68.832500	601.3
68.836250	600.2
68.840000	622.8
68.843750	633.2
68.847500	599.2
68.851250	595.1
68.855000	578.7
68.858750	578.1
68.862500	585.8
68.866250	551.1
68.870000	624.3
68.873750	587.7
68.877500	560.3
68.881250	544.3
68.885000	605.3
68.888750	606.7
68.892500	557.3
68.896250	603.1
68.900000	574.8
68.903750	574.2
68.907500	570.6
68.911250	532.2
68.915000	540.8
68.918750	569.8
68.922500	577.3
68.926250	603.4
68.930000	602.7
68.933750	541.4
68.937500	581.6
68.941250	621.0
68.945000	584.0
68.948750	559.2
68.952500	559.4
68.956250	551.0
68.960000	544.8
68.963750	533.5
68.967500	555.6
68.971250	512.6
68.975000	555.8
68.978750	596.5
68.982500	577.5
68.986250	601.3
68.990000	571.8
68.993750	542.9
68.997500	593.5
69.001250	591.3
69.005000	559.0
69.008750	555.2
69.012500	584.6
69.016250	572.7
69.020000	577.6
69.023750	600.7
69.027500	583.2
69.031250	549.5
69.035000	554.7
69.038750	587.9
69.042500	555.4
69.046250	535.0
69.050000	546.4
69.053750	573.3
69.057500	556.0
69.061250	560.2
69.065000	562.7
69.068750	548.0
69.072500	577.5
69.076250	579.2
69.080000	532.7
69.083750	587.2
69.087500	588.0
69.091250	580.3
69.095000	581.6
69.098750	580.6
69.102500	564.0
69.106250	549.7
69.110000	552.1
69.113750	593.1
69.117500	537.7
69.121250	586.9
69.125000	605.7
69.128750	549.5
69.132500	547.4
69.136250	572.2
69.140000	582.3
69.143750	567.1
69.147500	548.0
69.151250	546.5
69.155000	562.1
69.158750	588.0
69.162500	564.3
69.166250	537.4
69.170000	562.6
69.173750	589.2
69.177500	555.4
69.181250	531.9
69.185000	528.3
69.188750	541.7
69.192500	567.1
69.196250	553.0
69.200000	520.5
69.203750	513.3
69.207500	532.2
69.211250	572.7
69.215000	560.8
69.218750	555.5
69.222500	594.8
69.226250	533.5
69.230000	544.9
69.233750	552.0
69.237500	569.7
69.241250	540.0
69.245000	506.0
69.248750	596.5
69.252500	548.3
69.256250	547.0
69.260000	569.7
69.263750	529.3
69.267500	578.2
69.271250	594.0
69.275000	530.4
69.278750	518.5
69.282500	555.2
69.286250	579.5
69.290000	523.0
69.293750	561.0
69.297500	573.0
69.301250	550.8
69.305000	533.4
69.308750	559.5
69.312500	530.9
69.316250	533.1
69.320000	554.7
69.323750	547.3
69.327500	541.8
69.331250	559.4
69.335000	532.9
69.338750	568.7
69.342500	558.2
69.346250	548.1
69.350000	553.7
69.353750	554.0
69.357500	539.9
69.361250	597.1
69.365000	606.7
69.368750	574.3
69.372500	541.5
69.376250	583.4
69.380000	596.0
69.383750	633.8
69.387500	555.3
69.391250	558.2
69.395000	590.5
69.398750	639.9
69.402500	608.6
69.406250	599.9
69.410000	567.7
69.413750	577.2
69.417500	636.6
69.421250	614.5
69.425000	610.2
69.428750	582.2
69.432500	587.3
69.436250	666.4
69.440000	587.1
69.443750	602.3
69.447500	604.4
69.451250	619.6
69.455000	611.1
69.458750	626.3
69.462500	606.6
69.466250	611.9
69.470000	625.1
69.473750	589.6
69.477500	616.4
69.481250	602.2
69.485000	609.1
69.488750	582.5
69.492500	630.6
69.496250	605.2
69.500000	611.9
69.503750	620.7
69.507500	561.7
69.511250	603.4
69.515000	595.0
69.518750	579.7
69.522500	588.3
69.526250	610.1
69.530000	583.3
69.533750	552.5
69.537500	611.6
69.541250	607.1
69.545000	624.8
69.548750	635.8
69.552500	592.0
69.556250	555.5
69.560000	636.8
69.563750	616.0
69.567500	628.2
69.571250	577.5
69.575000	637.8
69.578750	629.7
69.582500	616.0
69.586250	623.5
69.590000	577.7
69.593750	621.3
69.597500	624.4
69.601250	588.0
69.605000	539.4
69.608750	599.2
69.612500	552.8
69.616250	611.1
69.620000	647.0
69.623750	596.6
69.627500	573.9
69.631250	626.0
69.635000	621.3
69.638750	609.9
69.642500	619.9
69.646250	571.8
69.650000	580.0
69.653750	637.1
69.657500	589.2
69.661250	648.3
69.665000	583.7
69.668750	613.0
69.672500	582.2
69.676250	641.6
69.680000	597.7
69.683750	604.3
69.687500	607.1
69.691250	600.9
69.695000	623.6
69.698750	616.5
69.702500	558.8
69.706250	586.6
69.710000	609.4
69.713750	621.2
69.717500	584.0
69.721250	569.6
69.725000	564.7
69.728750	560.8
69.732500	553.5
69.736250	560.2
69.740000	539.7
69.743750	575.9
69.747500	571.1
69.751250	559.0
69.755000	581.4
69.758750	571.9
69.762500	584.0
69.766250	556.8
69.770000	529.2
69.773750	577.0
69.777500	596.6
69.781250	582.4
69.785000	577.0
69.788750	589.5
69.792500	542.5
69.796250	580.8
69.800000	565.2
69.803750	575.9
69.807500	550.3
69.811250	567.4
69.815000	552.7
69.818750	566.7
69.822500	579.0
69.826250	555.9
69.830000	540.6
69.833750	576.3
69.837500	559.9
69.841250	550.0
69.845000	584.7
69.848750	561.9
69.852500	606.7
69.856250	562.3
69.860000	561.9
69.863750	584.0
69.867500	530.7
69.871250	533.8
69.875000	571.3
69.878750	559.9
69.882500	584.8
69.886250	580.5
69.890000	579.5
69.893750	564.4
69.897500	536.9
69.901250	536.5
69.905000	551.8
69.908750	536.4
69.912500	575.2
69.916250	557.6
69.920000	538.9
69.923750	557.7
69.927500	572.0
69.931250	546.2
69.935000	538.5
69.938750	568.0
69.942500	580.7
69.946250	567.7
69.950000	553.3
69.953750	536.2
69.957500	528.9
69.961250	552.0
69.965000	538.3
69.968750	551.2
69.972500	553.0
69.976250	564.2
69.980000	541.5
69.983750	553.3
69.987500	534.9
69.991250	528.9
69.995000	526.3
69.998750	540.1
70.002500	498.6
70.006250	522.4
70.010000	564.7
70.013750	561.3
70.017500	528.4
70.021250	523.2
70.025000	517.0
70.028750	513.2
70.032500	583.5
70.036250	558.9
70.040000	562.1
70.043750	555.0
70.047500	565.7
70.051250	583.4
70.055000	589.6
70.058750	597.3
70.062500	586.5
70.066250	549.1
70.070000	548.7
70.073750	579.8
70.077500	529.6
70.081250	563.2
70.085000	560.6
70.088750	553.2
70.092500	545.9
70.096250	518.3
70.100000	516.5
70.103750	556.6
70.107500	535.8
70.111250	528.3
70.115000	529.8
70.118750	598.6
70.122500	561.0
70.126250	574.2
70.130000	529.0
70.133750	566.2
70.137500	556.2
70.141250	551.3
70.145000	589.0
70.148750	588.1
70.152500	547.1
70.156250	525.6
70.160000	563.3
70.163750	547.2
70.167500	550.5
70.171250	559.8
70.175000	584.3
70.178750	586.9
70.182500	550.5
70.186250	533.1
70.190000	539.6
70.193750	533.9
70.197500	552.2
70.201250	549.8
70.205000	588.0
70.208750	566.0
70.212500	564.4
70.216250	533.3
70.220000	581.7
70.223750	604.0
70.227500	535.5
70.231250	567.9
70.235000	597.8
70.238750	557.9
70.242500	523.0
70.246250	494.4
70.250000	551.7
70.253750	548.9
70.257500	564.1
70.261250	560.0
70.265000	570.5
70.268750	556.7
70.272500	564.0
70.276250	545.6
70.280000	550.1
70.283750	553.1
70.287500	533.3
70.291250	562.5
70.295000	557.4
70.298750	535.4
70.302500	543.1
70.306250	541.6
70.310000	553.1
70.313750	549.1
70.317500	549.3
70.321250	572.2
70.325000	521.4
70.328750	520.5
70.332500	572.2
70.336250	574.3
70.340000	562.4
70.343750	518.7
70.347500	559.3
70.351250	498.6
70.355000	559.8
70.358750	554.9
70.362500	537.5
70.366250	552.5
70.370000	600.3
70.373750	550.3
70.377500	588.2
70.381250	550.1
70.385000	520.5
70.388750	545.8
70.392500	560.3
70.396250	535.6
70.400000	570.6
70.403750	547.1
70.407500	554.6
70.411250	550.4
70.415000	518.7
70.418750	543.9
70.422500	565.3
70.426250	553.1
70.430000	538.6
70.433750	549.9
70.437500	562.1
70.441250	558.9
70.445000	564.1
70.448750	571.9
70.452500	572.7
70.456250	578.5
70.460000	577.5
70.463750	572.2
70.467500	545.6
70.471250	528.4
70.475000	585.4
70.478750	603.8
70.482500	584.7
70.486250	554.7
70.490000	583.6
70.493750	551.6
70.497500	549.8
70.501250	623.5
70.505000	607.7
70.508750	590.9
70.512500	579.5
70.516250	546.1
70.520000	584.5
70.523750	578.2
70.527500	506.9
70.531250	556.0
70.535000	580.3
70.538750	567.4
70.542500	596.3
70.546250	574.1
70.550000	510.4
70.553750	567.3
70.557500	629.8
70.561250	596.7
70.565000	568.9
70.568750	558.4
70.572500	611.0
70.576250	606.0
70.580000	551.0
70.583750	576.3
70.587500	587.1
70.591250	596.0
70.595000	537.6
70.598750	540.0
70.602500	554.1
70.606250	532.9
70.610000	527.8
70.613750	507.2
70.617500	540.1
70.621250	551.6
70.625000	513.0
70.628750	558.8
70.632500	512.5
70.636250	480.9
70.640000	551.7
70.643750	474.3
70.647500	505.2
70.651250	572.4
70.655000	535.4
70.658750	564.7
70.662500	592.0
70.666250	550.2
70.670000	541.0
70.673750	546.9
70.677500	515.5
70.681250	565.6
70.685000	552.9
70.688750	491.3
70.692500	600.9
70.696250	569.2
70.700000	508.0
70.703750	571.2
70.707500	563.5
70.711250	583.4
70.715000	599.8
70.718750	596.6
70.722500	570.7
70.726250	603.5
70.730000	579.7
70.733750	501.6
70.737500	528.8
70.741250	573.1
70.745000	564.4
70.748750	558.6
70.752500	571.3
70.756250	560.3
70.760000	560.0
70.763750	598.6
70.767500	579.5
70.771250	575.5
70.775000	547.6
70.778750	539.2
70.782500	547.4
70.786250	583.0
70.790000	531.8
70.793750	485.6
70.797500	549.3
70.801250	539.8
70.805000	550.7
70.808750	562.6
70.812500	566.4
70.816250	595.6
70.820000	546.1
70.823750	536.7
70.827500	552.5
70.831250	547.5
70.835000	536.8
70.838750	577.9
70.842500	578.2
70.846250	562.2
70.850000	538.2
70.853750	524.6
70.857500	588.3
70.861250	597.4
70.865000	562.8
70.868750	563.4
70.872500	523.3
70.876250	516.9
70.880000	557.9
70.883750	570.3
70.887500	544.3
70.891250	552.4
70.895000	560.9
70.898750	572.1
70.902500	558.8
70.906250	580.6
70.910000	563.9
70.913750	550.8
70.917500	565.0
70.921250	611.3
70.925000	597.2
70.928750	576.1
70.932500	551.8
70.936250	538.4
70.940000	569.6
70.943750	585.8
70.947500	571.7
70.951250	546.4
70.955000	567.9
70.958750	556.7
70.962500	575.5
70.966250	547.5
70.970000	578.7
70.973750	611.9
70.977500	587.8
70.981250	558.1
70.985000	574.7
70.988750	586.0
70.992500	559.1
70.996250	589.5
71.000000	626.6
71.003750	618.1
71.007500	611.3
71.011250	634.6
71.015000	579.0
71.018750	648.1
71.022500	653.3
71.026250	628.3
71.030000	625.1
71.033750	606.9
71.037500	633.8
71.041250	607.3
71.045000	607.6
71.048750	623.8
71.052500	595.6
71.056250	616.1
71.060000	609.5
71.063750	614.7
71.067500	593.4
71.071250	601.2
71.075000	598.7
71.078750	549.8
71.082500	565.8
71.086250	553.4
71.090000	578.0
71.093750	554.3
71.097500	556.5
71.101250	582.6
71.105000	585.5
71.108750	605.8
71.112500	591.1
71.116250	665.2
71.120000	660.1
71.123750	547.5
71.127500	593.0
71.131250	638.1
71.135000	608.2
71.138750	602.5
71.142500	604.0
71.146250	662.4
71.150000	640.2
71.153750	573.7
71.157500	540.2
71.161250	599.0
71.165000	650.7
71.168750	637.6
71.172500	715.7
71.176250	687.2
71.180000	651.7
71.183750	699.8
71.187500	679.2
71.191250	651.5
71.195000	675.5
71.198750	689.6
71.202500	658.0
71.206250	698.2
71.210000	688.6
71.213750	662.5
71.217500	665.8
71.221250	707.6
71.225000	668.3
71.228750	656.2
71.232500	650.3
71.236250	688.4
71.240000	625.3
71.243750	635.4
71.247500	641.7
71.251250	655.1
71.255000	630.4
71.258750	624.9
71.262500	650.5
71.266250	621.8
71.270000	571.3
71.273750	632.0
71.277500	617.2
71.281250	595.3
71.285000	569.4
71.288750	597.5
71.292500	616.2
71.296250	623.6
71.300000	560.7
71.303750	571.4
71.307500	582.2
71.311250	565.4
71.315000	562.6
71.318750	565.3
71.322500	594.7
71.326250	524.9
71.330000	552.7
71.333750	570.5
71.337500	541.6
71.341250	560.6
71.345000	562.6
71.348750	567.5
71.352500	585.9
71.356250	563.4
71.360000	550.2
71.363750	516.7
71.367500	557.4
71.371250	559.0
71.375000	554.6
71.378750	571.0
71.382500	551.6
71.386250	583.1
71.390000	566.4
71.393750	572.3
71.397500	561.7
71.401250	571.7
71.405000	581.5
71.408750	532.1
71.412500	557.1
71.416250	535.6
71.420000	542.8
71.423750	537.3
71.427500	524.8
71.431250	539.9
71.435000	584.3
71.438750	563.4
71.442500	545.3
71.446250	550.6
71.450000	532.4
71.453750	513.1
71.457500	541.6
71.461250	591.9
71.465000	550.9
71.468750	560.7
71.472500	540.8
71.476250	496.7
71.480000	537.5
71.483750	559.9
71.487500	549.5
71.491250	521.7
71.495000	537.5
71.498750	560.3
71.502500	576.2
71.506250	545.3
71.510000	560.3
71.513750	573.9
71.517500	594.4
71.521250	563.3
71.525000	578.1
71.528750	570.6
71.532500	537.6
71.536250	553.7
71.540000	525.0
71.543750	565.3
71.547500	553.9
71.551250	552.9
71.555000	559.7
71.558750	519.2
71.562500	581.3
71.566250	545.9
71.570000	530.9
71.573750	555.2
71.577500	555.7
71.581250	549.0
71.585000	551.3
71.588750	552.9
71.592500	559.1
71.596250	562.8
71.600000	533.0
71.603750	578.2
71.607500	549.6
71.611250	582.8
71.615000	566.5
71.618750	568.6
71.622500	529.5
71.626250	589.4
71.630000	566.7
71.633750	544.9
71.637500	537.6
71.641250	580.3
71.645000	594.2
71.648750	588.8
71.652500	553.8
71.656250	562.0
71.660000	595.4
71.663750	547.5
71.667500	571.9
71.671250	572.3
71.675000	549.0
71.678750	505.3
71.682500	549.1
71.686250	579.1
71.690000	580.9
71.693750	571.1
71.697500	560.6
71.701250	585.9
71.705000	572.2
71.708750	527.7
71.712500	563.2
71.716250	535.6
71.720000	517.9
71.723750	535.7
71.727500	538.8
71.731250	513.4
71.735000	551.3
71.738750	602.9
71.742500	526.5
71.746250	562.0
71.750000	578.8
71.753750	566.4
71.757500	514.0
71.761250	518.2
71.765000	567.5
71.768750	531.5
71.772500	580.0
71.776250	589.8
71.780000	554.2
71.783750	555.1
71.787500	527.5
71.791250	561.2
71.795000	502.3
71.798750	551.1
71.802500	561.2
71.806250	594.7
71.810000	568.2
71.813750	562.8
71.817500	524.9
71.821250	561.4
71.825000	568.3
71.828750	577.0
71.832500	578.4
71.836250	562.9
71.840000	575.7
71.843750	555.6
71.847500	576.7
71.851250	565.7
71.855000	590.4
71.858750	594.4
71.862500	580.8
71.866250	579.7
71.870000	572.1
71.873750	523.4
71.877500	528.3
71.881250	561.8
71.885000	617.9
71.888750	600.7
71.892500	590.9
71.896250	577.8
71.900000	573.8
71.903750	588.8
71.907500	548.1
71.911250	557.2
71.915000	586.3
71.918750	558.5
71.922500	555.8
71.926250	585.0
71.930000	566.5
71.933750	587.0
71.937500	604.8
71.941250	565.3
71.945000	528.8
71.948750	608.2
71.952500	575.9
71.956250	588.4
71.960000	624.1
71.963750	570.3
71.967500	565.6
71.971250	608.2
71.975000	574.1
71.978750	589.0
71.982500	576.9
71.986250	545.7
71.990000	563.0
71.993750	556.3
71.997500	597.1
72.001250	608.7
72.005000	541.7
72.008750	547.6
72.012500	581.8
72.016250	573.2
72.020000	617.3
72.023750	586.7
72.027500	588.7
72.031250	557.6
72.035000	598.6
72.038750	543.8
72.042500	587.8
72.046250	578.0
72.050000	563.9
72.053750	547.5
72.057500	599.6
72.061250	591.6
72.065000	556.3
72.068750	587.7
72.072500	589.7
72.076250	591.1
72.080000	572.0
72.083750	572.8
72.087500	547.3
72.091250	592.6
72.095000	609.2
72.098750	569.3
72.102500	545.6
72.106250	560.8
72.110000	523.8
72.113750	558.4
72.117500	567.2
72.121250	564.9
72.125000	545.5
72.128750	579.7
72.132500	562.9
72.136250	549.1
72.140000	548.8
72.143750	564.9
72.147500	531.3
72.151250	531.2
72.155000	553.2
72.158750	524.1
72.162500	536.0
72.166250	570.4
72.170000	598.9
72.173750	562.5
72.177500	564.8
72.181250	570.3
72.185000	556.1
72.188750	556.9
72.192500	543.5
72.196250	536.6
72.200000	560.3
72.203750	548.0
72.207500	551.0
72.211250	563.2
72.215000	546.1
72.218750	545.5
72.222500	583.7
72.226250	585.5
72.230000	546.6
72.233750	494.8
72.237500	520.8
72.241250	568.6
72.245000	550.6
72.248750	546.9
72.252500	543.2
72.256250	562.9
72.260000	599.9
72.263750	573.8
72.267500	530.3
72.271250	610.7
72.275000	546.3
72.278750	571.5
72.282500	545.3
72.286250	553.2
72.290000	532.3
72.293750	557.4
72.297500	596.0
72.301250	572.3
72.305000	552.4
72.308750	538.0
72.312500	533.7
72.316250	555.7
72.320000	530.5
72.323750	521.9
72.327500	535.2
72.331250	521.3
72.335000	600.4
72.338750	559.9
72.342500	500.1
72.346250	555.1
72.350000	541.1
72.353750	533.9
72.357500	570.3
72.361250	536.0
72.365000	535.3
72.368750	577.6
72.372500	515.8
72.376250	581.4
72.380000	579.1
72.383750	606.1
72.387500	551.4
72.391250	533.3
72.395000	529.4
72.398750	562.4
72.402500	527.7
72.406250	550.6
72.410000	606.8
72.413750	542.5
72.417500	584.3
72.421250	630.8
72.425000	542.8
72.428750	579.6
72.432500	552.5
72.436250	552.1
72.440000	546.3
72.443750	552.2
72.447500	544.0
72.451250	555.9
72.455000	561.5
72.458750	544.0
72.462500	573.7
72.466250	556.8
72.470000	552.1
72.473750	565.6
72.477500	565.9
72.481250	574.2
72.485000	584.4
72.488750	567.7
72.492500	543.1
72.496250	572.3
72.500000	599.1
72.503750	619.6
72.507500	569.7
72.511250	539.6
72.515000	609.1
72.518750	559.3
72.522500	549.8
72.526250	574.8
72.530000	572.9
72.533750	577.9
72.537500	591.5
72.541250	557.9
72.545000	593.4
72.548750	577.4
72.552500	578.2
72.556250	563.6
72.560000	615.1
72.563750	601.5
72.567500	578.5
72.571250	625.4
72.575000	573.5
72.578750	594.1
72.582500	619.7
72.586250	597.1
72.590000	596.6
72.593750	567.0
72.597500	643.0
72.601250	641.8
72.605000	549.5
72.608750	586.3
72.612500	599.6
72.616250	600.7
72.620000	604.4
72.623750	641.0
72.627500	632.3
72.631250	612.7
72.635000	602.7
72.638750	585.4
72.642500	626.8
72.646250	632.0
72.650000	628.6
72.653750	611.1
72.657500	620.0
72.661250	613.5
72.665000	648.3
72.668750	616.9
72.672500	584.3
72.676250	585.3
72.680000	613.5
72.683750	582.4
72.687500	596.8
72.691250	624.1
72.695000	651.0
72.698750	671.2
72.702500	652.6
72.706250	636.5
72.710000	623.5
72.713750	595.1
72.717500	614.2
72.721250	631.0
72.725000	596.1
72.728750	627.6
72.732500	653.6
72.736250	606.6
72.740000	639.6
72.743750	632.3
72.747500	656.1
72.751250	672.0
72.755000	606.5
72.758750	592.5
72.762500	652.3
72.766250	653.8
72.770000	636.6
72.773750	689.1
72.777500	639.7
72.781250	594.9
72.785000	681.1
72.788750	632.0
72.792500	605.9
72.796250	618.6
72.800000	628.4
72.803750	596.8
72.807500	657.9
72.811250	667.8
72.815000	616.1
72.818750	639.8
72.822500	641.6
72.826250	577.3
72.830000	624.6
72.833750	655.1
72.837500	601.5
72.841250	579.5
72.845000	595.4
72.848750	616.3
72.852500	602.5
72.856250	598.9
72.860000	624.5
72.863750	595.3
72.867500	619.7
72.871250	640.2
72.875000	634.0
72.878750	622.4
72.882500	604.8
72.886250	603.8
72.890000	572.5
72.893750	599.6
72.897500	590.4
72.901250	624.0
72.905000	609.5
72.908750	632.5
72.912500	624.3
72.916250	580.6
72.920000	597.1
72.923750	575.2
72.927500	604.9
72.931250	636.5
72.935000	591.4
72.938750	614.3
72.942500	612.7
72.946250	533.7
72.950000	593.8
72.953750	662.3
72.957500	637.6
72.961250	590.8
72.965000	600.7
72.968750	575.7
72.972500	609.2
72.976250	648.7
72.980000	651.7
72.983750	612.7
72.987500	652.2
72.991250	650.4
72.995000	584.8
72.998750	618.0
73.002500	624.6
73.006250	571.1
73.010000	614.6
73.013750	617.2
73.017500	608.2
73.021250	638.3
73.025000	639.9
73.028750	667.6
73.032500	636.7
73.036250	593.9
73.040000	580.0
73.043750	654.0
73.047500	644.2
73.051250	650.7
73.055000	636.8
73.058750	606.1
73.062500	614.7
73.066250	633.6
73.070000	603.1
73.073750	614.5
73.077500	635.7
73.081250	578.1
73.085000	671.6
73.088750	631.4
73.092500	603.8
73.096250	619.1
73.100000	590.5
73.103750	592.6
73.107500	619.7
73.111250	615.8
73.115000	637.6
73.118750	639.1
73.122500	623.2
73.126250	623.7
73.130000	627.1
73.133750	601.8
73.137500	636.8
73.141250	614.9
73.145000	604.6
73.148750	625.9
73.152500	588.5
73.156250	607.4
73.160000	661.9
73.163750	587.3
73.167500	595.4
73.171250	634.8
73.175000	612.0
73.178750	639.1
73.182500	624.2
73.186250	660.6
73.190000	595.3
73.193750	622.8
73.197500	616.6
73.201250	645.3
73.205000	625.5
73.208750	633.1
73.212500	633.8
73.216250	631.6
73.220000	605.1
73.223750	621.4
73.227500	645.5
73.231250	623.1
73.235000	635.2
73.238750	644.8
73.242500	619.3
73.246250	625.4
73.250000	626.7
73.253750	660.2
73.257500	605.7
73.261250	628.1
73.265000	571.0
73.268750	590.3
73.272500	657.3
73.276250	648.0
73.280000	602.9
73.283750	569.4
73.287500	637.2
73.291250	622.2
73.295000	599.2
73.298750	592.3
73.302500	591.2
73.306250	605.3
73.310000	612.7
73.313750	609.3
73.317500	617.5
73.321250	607.5
73.325000	607.5
73.328750	618.5
73.332500	681.0
73.336250	631.5
73.340000	609.7
73.343750	622.2
73.347500	641.5
73.351250	609.1
73.355000	580.0
73.358750	607.9
73.362500	617.1
73.366250	623.2
73.370000	600.4
73.373750	591.1
73.377500	562.3
73.381250	618.5
73.385000	589.3
73.388750	586.2
73.392500	630.4
73.396250	590.9
73.400000	575.4
73.403750	620.7
73.407500	525.7
73.411250	579.6
73.415000	618.5
73.418750	597.4
73.422500	590.1
73.426250	581.5
73.430000	592.7
73.433750	551.8
73.437500	579.2
73.441250	591.6
73.445000	592.5
73.448750	583.9
73.452500	601.2
73.456250	579.6
73.460000	565.7
73.463750	582.2
73.467500	575.0
73.471250	582.6
73.475000	592.3
73.478750	601.6
73.482500	628.3
73.486250	629.3
73.490000	613.1
73.493750	598.9
73.497500	616.1
73.501250	611.3
73.505000	570.3
73.508750	611.4
73.512500	568.0
73.516250	583.8
73.520000	558.0
73.523750	628.0
73.527500	581.0
73.531250	555.5
73.535000	611.5
73.538750	567.9
73.542500	580.0
73.546250	567.6
73.550000	606.2
73.553750	631.3
73.557500	591.8
73.561250	598.9
73.565000	570.2
73.568750	565.3
73.572500	563.8
73.576250	611.3
73.580000	634.3
73.583750	564.6
73.587500	569.2
73.591250	591.3
73.595000	567.6
73.598750	570.7
73.602500	567.6
73.606250	582.0
73.610000	605.9
73.613750	553.6
73.617500	567.0
73.621250	558.1
73.625000	557.7
73.628750	573.9
73.632500	585.8
73.636250	567.6
73.640000	582.1
73.643750	577.7
73.647500	538.2
73.651250	554.1
73.655000	592.2
73.658750	581.0
73.662500	582.1
73.666250	532.3
73.670000	580.3
73.673750	588.7
73.677500	585.7
73.681250	557.2
73.685000	583.2
73.688750	600.3
73.692500	588.1
73.696250	583.2
73.700000	599.7
73.703750	585.3
73.707500	563.0
73.711250	546.0
73.715000	564.5
73.718750	595.0
73.722500	607.6
73.726250	594.4
73.730000	527.8
73.733750	567.0
73.737500	558.6
73.741250	533.5
73.745000	538.7
73.748750	566.0
73.752500	572.7
73.756250	570.4
73.760000	601.2
73.763750	571.6
73.767500	615.2
73.771250	578.9
73.775000	583.4
73.778750	589.4
73.782500	568.3
73.786250	564.8
73.790000	558.5
73.793750	570.7
73.797500	585.2
73.801250	561.5
73.805000	574.7
73.808750	531.6
73.812500	538.6
73.816250	571.5
73.820000	550.5
73.823750	572.9
73.827500	550.2
73.831250	555.1
73.835000	581.9
73.838750	569.0
73.842500	563.9
73.846250	580.1
73.850000	536.4
73.853750	550.6
73.857500	564.9
73.861250	554.2
73.865000	572.9
73.868750	553.9
73.872500	559.2
73.876250	608.2
73.880000	557.4
73.883750	537.2
73.887500	591.2
73.891250	602.1
73.895000	583.3
73.898750	532.7
73.902500	563.4
73.906250	559.1
73.910000	503.4
73.913750	580.3
73.917500	597.7
73.921250	543.8
73.925000	574.3
73.928750	612.7
73.932500	573.6
73.936250	578.4
73.940000	577.8
73.943750	568.1
73.947500	591.9
73.951250	587.8
73.955000	598.6
73.958750	573.2
73.962500	538.1
73.966250	579.6
73.970000	575.4
73.973750	561.5
73.977500	592.3
73.981250	603.2
73.985000	583.8
73.988750	601.2
73.992500	589.3
73.996250	597.7
74.000000	607.6
74.003750	613.2
74.007500	567.8
74.011250	593.4
74.015000	577.1
74.018750	603.6
74.022500	596.9
74.026250	567.2
74.030000	577.0
74.033750	591.6
74.037500	614.2
74.041250	598.2
74.045000	589.2
74.048750	584.8
74.052500	622.1
74.056250	596.7
74.060000	575.7
74.063750	630.1
74.067500	623.2
74.071250	585.7
74.075000	610.1
74.078750	602.9
74.082500	581.9
74.086250	603.2
74.090000	601.7
74.093750	584.9
74.097500	573.9
74.101250	623.8
74.105000	598.0
74.108750	547.1
74.112500	635.3
74.116250	615.6
74.120000	638.1
74.123750	556.9
74.127500	576.8
74.131250	640.0
74.135000	604.7
74.138750	590.1
74.142500	593.3
74.146250	654.3
74.150000	654.5
74.153750	616.4
74.157500	643.3
74.161250	598.9
74.165000	605.1
74.168750	605.8
74.172500	568.5
74.176250	618.0
74.180000	607.4
74.183750	616.8
74.187500	594.6
74.191250	597.3
74.195000	594.2
74.198750	623.7
74.202500	569.2
74.206250	617.9
74.210000	572.0
74.213750	546.5
74.217500	580.3
74.221250	581.1
74.225000	567.1
74.228750	577.4
74.232500	570.4
74.236250	556.6
74.240000	559.3
74.243750	568.1
74.247500	563.4
74.251250	551.8
74.255000	583.6
74.258750	554.8
74.262500	562.3
74.266250	588.7
74.270000	590.7
74.273750	579.8
74.277500	595.2
74.281250	599.8
74.285000	560.3
74.288750	607.8
74.292500	601.3
74.296250	552.1
74.300000	553.5
74.303750	531.1
74.307500	583.2
74.311250	564.5
74.315000	553.0
74.318750	521.6
74.322500	576.2
74.326250	543.0
74.330000	556.0
74.333750	529.8
74.337500	582.3
74.341250	564.9
74.345000	569.4
74.348750	593.1
74.352500	604.5
74.356250	539.5
74.360000	575.3
74.363750	567.3
74.367500	567.1
74.371250	547.3
74.375000	593.6
74.378750	541.3
74.382500	577.3
74.386250	535.5
74.390000	567.2
74.393750	602.3
74.397500	573.8
74.401250	543.1
74.405000	594.9
74.408750	617.0
74.412500	565.1
74.416250	555.0
74.420000	531.2
74.423750	535.4
74.427500	556.7
74.431250	607.2
74.435000	600.1
74.438750	590.1
74.442500	563.6
74.446250	560.1
74.450000	587.1
74.453750	581.2
74.457500	616.6
74.461250	591.1
74.465000	522.3
74.468750	542.5
74.472500	553.0
74.476250	575.9
74.480000	589.4
74.483750	590.7
74.487500	617.0
74.491250	588.3
74.495000	544.3
74.498750	557.1
74.502500	605.5
74.506250	575.1
74.510000	582.2
74.513750	585.9
74.517500	607.9
74.521250	594.0
74.525000	581.2
74.528750	624.6
74.532500	607.0
74.536250	546.5
74.540000	582.1
74.543750	593.2
74.547500	566.9
74.551250	577.3
74.555000	612.0
74.558750	627.5
74.562500	600.1
74.566250	621.5
74.570000	602.1
74.573750	632.2
74.577500	652.3
74.581250	573.1
74.585000	633.4
74.588750	609.6
74.592500	582.5
74.596250	575.4
74.600000	606.1
74.603750	601.4
74.607500	608.2
74.611250	584.3
74.615000	595.7
74.618750	554.4
74.622500	623.4
74.626250	554.8
74.630000	565.6
74.633750	617.8
74.637500	567.5
74.641250	546.6
74.645000	608.8
74.648750	553.1
74.652500	573.0
74.656250	554.2
74.660000	592.5
74.663750	596.2
74.667500	599.8
74.671250	519.9
74.675000	549.7
74.678750	546.9
74.682500	557.8
74.686250	537.9
74.690000	549.5
74.693750	576.4
74.697500	551.2
74.701250	610.9
74.705000	588.3
74.708750	569.8
74.712500	570.0
74.716250	586.5
74.720000	579.4
74.723750	595.7
74.727500	589.7
74.731250	557.7
74.735000	620.0
74.738750	556.9
74.742500	537.0
74.746250	622.9
74.750000	544.9
74.753750	544.7
74.757500	563.8
74.761250	540.3
74.765000	550.7
74.768750	585.3
74.772500	612.9
74.776250	593.4
74.780000	540.7
74.783750	541.5
74.787500	564.8
74.791250	594.5
74.795000	556.2
74.798750	550.2
74.802500	551.1
74.806250	551.0
74.810000	547.4
74.813750	566.1
74.817500	594.5
74.821250	556.9
74.825000	523.5
74.828750	534.6
74.832500	560.9
74.836250	554.0
74.840000	531.5
74.843750	537.3
74.847500	575.7
74.851250	564.5
74.855000	551.8
74.858750	509.4
74.862500	533.9
74.866250	582.5
74.870000	569.3
74.873750	571.7
74.877500	569.7
74.881250	541.3
74.885000	564.2
74.888750	564.6
74.892500	605.2
74.896250	566.7
74.900000	537.1
74.903750	545.3
74.907500	563.8
74.911250	564.6
74.915000	584.7
74.918750	570.3
74.922500	593.9
74.926250	609.8
74.930000	607.8
74.933750	581.0
74.937500	582.6
74.941250	597.5
74.945000	574.7
74.948750	580.9
74.952500	607.1
74.956250	598.5
74.960000	599.6
74.963750	555.9
74.967500	594.3
74.971250	567.5
74.975000	581.4
74.978750	568.7
74.982500	602.6
74.986250	574.5
74.990000	597.6
74.993750	584.1
74.997500	604.9
75.001250	605.1
75.005000	618.4
75.008750	579.5
75.012500	597.9
75.016250	617.5
75.020000	622.0
75.023750	629.5
75.027500	624.2
75.031250	602.8
75.035000	587.4
75.038750	592.3
75.042500	622.0
75.046250	593.4
75.050000	582.1
75.053750	650.4
75.057500	632.8
75.061250	610.3
75.065000	607.2
75.068750	580.4
75.072500	568.2
75.076250	583.1
75.080000	570.8
75.083750	617.9
75.087500	604.3
75.091250	591.7
75.095000	599.7
75.098750	602.6
75.102500	616.7
75.106250	614.9
75.110000	616.2
75.113750	592.5
75.117500	626.9
75.121250	591.3
75.125000	612.7
75.128750	637.5
75.132500	629.0
75.136250	598.0
75.140000	609.8
75.143750	635.4
75.147500	583.9
75.151250	598.1
75.155000	662.4
75.158750	632.3
75.162500	619.5
75.166250	623.0
75.170000	600.1
75.173750	633.7
75.177500	594.1
75.181250	628.3
75.185000	607.1
75.188750	584.3
75.192500	635.6
75.196250	628.5
75.200000	647.3
75.203750	649.3
75.207500	645.1
75.211250	626.4
75.215000	619.8
75.218750	587.2
75.222500	632.4
75.226250	662.2
75.230000	622.9
75.233750	582.0
75.237500	624.2
75.241250	622.4
75.245000	632.1
75.248750	599.1
75.252500	617.2
75.256250	622.8
75.260000	680.6
75.263750	623.2
75.267500	646.9
75.271250	642.3
75.275000	699.9
75.278750	710.8
75.282500	678.9
75.286250	726.7
75.290000	747.7
75.293750	712.2
75.297500	722.4
75.301250	799.3
75.305000	827.8
75.308750	862.4
75.312500	900.4
75.316250	907.3
75.320000	991.6
75.323750	908.5
75.327500	910.6
75.331250	970.4
75.335000	923.3
75.338750	958.7
75.342500	983.8
75.346250	1027.2
75.350000	988.1
75.353750	939.3
75.357500	963.5
75.361250	885.8
75.365000	900.8
75.368750	856.5
75.372500	798.9
75.376250	797.9
75.380000	760.9
75.383750	744.7
75.387500	743.8
75.391250	692.0
75.395000	697.8
75.398750	692.1
75.402500	712.1
75.406250	682.6
75.410000	670.1
75.413750	683.5
75.417500	652.6
75.421250	645.8
75.425000	622.8
75.428750	634.4
75.432500	648.9
75.436250	648.0
75.440000	631.9
75.443750	620.3
75.447500	612.3
75.451250	615.7
75.455000	621.8
75.458750	637.3
75.462500	618.5
75.466250	683.0
75.470000	624.5
75.473750	604.2
75.477500	576.3
75.481250	576.9
75.485000	603.6
75.488750	595.1
75.492500	633.9
75.496250	608.4
75.500000	653.5
75.503750	619.0
75.507500	618.6
75.511250	643.9
75.515000	643.9
75.518750	614.9
75.522500	551.3
75.526250	628.7
75.530000	574.5
75.533750	572.1
75.537500	644.8
75.541250	655.6
75.545000	590.9
75.548750	611.6
75.552500	547.3
75.556250	612.4
75.560000	665.3
75.563750	580.2
75.567500	581.0
75.571250	592.3
75.575000	580.7
75.578750	534.3
75.582500	615.0
75.586250	604.0
75.590000	561.9
75.593750	556.9
75.597500	598.9
75.601250	652.7
75.605000	528.8
75.608750	580.1
75.612500	583.4
75.616250	614.9
75.620000	595.5
75.623750	585.4
75.627500	579.6
75.631250	589.1
75.635000	541.2
75.638750	587.1
75.642500	587.4
75.646250	566.9
75.650000	541.3
75.653750	603.2
75.657500	520.6
75.661250	583.1
75.665000	568.7
75.668750	603.9
75.672500	573.2
75.676250	599.5
75.680000	574.4
75.683750	588.3
75.687500	559.8
75.691250	502.8
75.695000	561.5
75.698750	568.2
75.702500	511.5
75.706250	634.0
75.710000	580.1
75.713750	598.6
75.717500	564.0
75.721250	557.1
75.725000	623.5
75.728750	545.8
75.732500	581.8
75.736250	582.0
75.740000	587.4
75.743750	581.9
75.747500	540.8
75.751250	555.9
75.755000	605.0
75.758750	609.4
75.762500	602.5
75.766250	581.1
75.770000	589.5
75.773750	578.6
75.777500	578.7
75.781250	625.3
75.785000	554.8
75.788750	598.3
75.792500	588.9
75.796250	578.6
75.800000	549.8
75.803750	599.1
75.807500	608.4
75.811250	658.8
75.815000	563.9
75.818750	597.0
75.822500	566.1
75.826250	568.2
75.830000	582.5
75.833750	588.7
75.837500	539.3
75.841250	572.0
75.845000	572.9
75.848750	541.0
75.852500	555.7
75.856250	598.4
75.860000	555.2
75.863750	602.0
75.867500	551.2
75.871250	606.9
75.875000	539.7
75.878750	598.4
75.882500	574.1
75.886250	585.4
75.890000	552.2
75.893750	566.5
75.897500	608.6
75.901250	605.2
75.905000	576.0
75.908750	547.1
75.912500	567.8
75.916250	542.6
75.920000	568.9
75.923750	604.6
75.927500	550.8
75.931250	623.4
75.935000	555.3
75.938750	528.6
75.942500	557.7
75.946250	587.6
75.950000	545.4
75.953750	540.9
75.957500	602.2
75.961250	571.5
75.965000	578.7
75.968750	584.2
75.972500	567.5
75.976250	576.9
75.980000	541.0
75.983750	604.3
75.987500	597.7
75.991250	569.4
75.995000	536.5
75.998750	599.9
76.002500	564.7
76.006250	600.2
76.010000	533.1
76.013750	589.3
76.017500	585.6
76.021250	571.5
76.025000	650.7
76.028750	634.0
76.032500	619.1
76.036250	552.7
76.040000	625.5
76.043750	598.4
76.047500	549.2
76.051250	605.2
76.055000	653.3
76.058750	647.1
76.062500	599.4
76.066250	618.1
76.070000	630.0
76.073750	628.7
76.077500	585.3
76.081250	594.6
76.085000	620.7
76.088750	580.7
76.092500	580.2
76.096250	604.1
76.100000	587.7
76.103750	595.7
76.107500	552.5
76.111250	518.9
76.115000	590.9
76.118750	586.5
76.122500	542.0
76.126250	512.8
76.130000	566.1
76.133750	599.9
76.137500	561.4
76.141250	558.7
76.145000	601.1
76.148750	524.7
76.152500	572.8
76.156250	597.1
76.160000	625.0
76.163750	581.4
76.167500	556.7
76.171250	561.3
76.175000	582.6
76.178750	599.9
76.182500	575.8
76.186250	554.7
76.190000	598.4
76.193750	612.8
76.197500	564.0
76.201250	579.7
76.205000	627.1
76.208750	576.7
76.212500	584.1
76.216250	558.4
76.220000	536.8
76.223750	575.0
76.227500	569.8
76.231250	550.8
76.235000	581.2
76.238750	639.8
76.242500	623.5
76.246250	612.4
76.250000	616.2
76.253750	606.1
76.257500	592.5
76.261250	558.4
76.265000	577.2
76.268750	539.3
76.272500	555.7
76.276250	592.7
76.280000	601.7
76.283750	565.2
76.287500	620.7
76.291250	544.3
76.295000	587.6
76.298750	588.6
76.302500	617.0
76.306250	577.9
76.310000	558.8
76.313750	579.2
76.317500	562.5
76.321250	600.3
76.325000	597.9
76.328750	602.5
76.332500	594.6
76.336250	569.0
76.340000	555.3
76.343750	593.6
76.347500	598.1
76.351250	594.1
76.355000	569.8
76.358750	579.4
76.362500	577.1
76.366250	561.8
76.370000	524.4
76.373750	590.0
76.377500	554.9
76.381250	573.5
76.385000	585.5
76.388750	579.5
76.392500	587.1
76.396250	558.5
76.400000	579.9
76.403750	582.5
76.407500	588.5
76.411250	601.3
76.415000	569.7
76.418750	541.6
76.422500	586.5
76.426250	582.0
76.430000	575.9
76.433750	556.7
76.437500	562.7
76.441250	566.4
76.445000	561.3
76.448750	570.1
76.452500	548.3
76.456250	514.8
76.460000	538.1
76.463750	570.4
76.467500	558.6
76.471250	557.9
76.475000	519.9
76.478750	542.1
76.482500	533.0
76.486250	521.6
76.490000	562.9
76.493750	561.5
76.497500	562.5
76.501250	571.0
76.505000	571.1
76.508750	546.9
76.512500	555.5
76.516250	553.2
76.520000	515.6
76.523750	575.6
76.527500	581.9
76.531250	544.7
76.535000	503.5
76.538750	516.2
76.542500	551.7
76.546250	577.0
76.550000	597.2
76.553750	580.4
76.557500	555.0
76.561250	506.6
76.565000	525.6
76.568750	535.0
76.572500	556.0
76.576250	565.7
76.580000	557.3
76.583750	554.1
76.587500	551.7
76.591250	546.2
76.595000	545.5
76.598750	554.9
76.602500	563.8
76.606250	539.1
76.610000	606.8
76.613750	570.2
76.617500	506.7
76.621250	558.2
76.625000	572.2
76.628750	569.2
76.632500	571.2
76.636250	562.5
76.640000	542.1
76.643750	544.6
76.647500	543.9
76.651250	561.2
76.655000	558.0
76.658750	571.5
76.662500	568.9
76.666250	574.1
76.670000	558.6
76.673750	545.0
76.677500	527.1
76.681250	497.5
76.685000	524.2
76.688750	590.0
76.692500	538.0
76.696250	562.1
76.700000	566.0
76.703750	561.4
76.707500	531.8
76.711250	546.2
76.715000	561.4
76.718750	555.3
76.722500	569.6
76.726250	563.9
76.730000	589.8
76.733750	575.7
76.737500	577.7
76.741250	518.4
76.745000	582.1
76.748750	562.9
76.752500	550.7
76.756250	573.2
76.760000	568.8
76.763750	542.6
76.767500	601.8
76.771250	589.3
76.775000	601.1
76.778750	589.2
76.782500	584.2
76.786250	574.8
76.790000	613.7
76.793750	602.7
76.797500	590.6
76.801250	566.4
76.805000	643.8
76.808750	589.0
76.812500	586.3
76.816250	580.9
76.820000	580.4
76.823750	554.8
76.827500	597.7
76.831250	627.5
76.835000	599.2
76.838750	580.2
76.842500	583.7
76.846250	597.0
76.850000	614.1
76.853750	575.3
76.857500	632.1
76.861250	619.0
76.865000	588.5
76.868750	590.1
76.872500	576.3
76.876250	590.1
76.880000	581.9
76.883750	572.9
76.887500	577.0
76.891250	568.4
76.895000	609.6
76.898750	566.8
76.902500	571.7
76.906250	580.0
76.910000	580.1
76.913750	571.7
76.917500	598.3
76.921250	614.8
76.925000	631.8
76.928750	596.2
76.932500	617.1
76.936250	594.5
76.940000	571.8
76.943750	616.0
76.947500	608.7
76.951250	586.1
76.955000	594.4
76.958750	585.2
76.962500	596.1
76.966250	580.1
76.970000	599.2
76.973750	566.8
76.977500	602.6
76.981250	581.2
76.985000	548.3
76.988750	569.5
76.992500	557.8
76.996250	581.3
77.000000	587.1
77.003750	559.4
77.007500	593.4
77.011250	588.6
77.015000	559.3
77.018750	581.4
77.022500	596.3
77.026250	557.6
77.030000	580.9
77.033750	598.2
77.037500	623.2
77.041250	595.5
77.045000	547.0
77.048750	536.4
77.052500	568.3
77.056250	581.1
77.060000	615.4
77.063750	594.5
77.067500	585.3
77.071250	617.6
77.075000	602.3
77.078750	597.2
77.082500	563.4
77.086250	576.2
77.090000	569.9
77.093750	592.9
77.097500	538.5
77.101250	551.1
77.105000	579.5
77.108750	616.9
77.112500	645.4
77.116250	585.8
77.120000	587.4
77.123750	528.1
77.127500	579.9
77.131250	591.6
77.135000	588.5
77.138750	569.8
77.142500	641.7
77.146250	608.2
77.150000	612.2
77.153750	582.7
77.157500	586.0
77.161250	578.8
77.165000	591.8
77.168750	609.5
77.172500	648.2
77.176250	659.3
77.180000	641.2
77.183750	589.1
77.187500	648.8
77.191250	631.7
77.195000	617.1
77.198750	630.2
77.202500	590.9
77.206250	643.8
77.210000	637.1
77.213750	570.5
77.217500	644.0
77.221250	649.9
77.225000	602.7
77.228750	623.3
77.232500	630.7
77.236250	675.6
77.240000	632.0
77.243750	589.2
77.247500	606.6
77.251250	556.3
77.255000	628.0
77.258750	596.3
77.262500	551.6
77.266250	557.6
77.270000	674.0
77.273750	603.4
77.277500	606.6
77.281250	568.4
77.285000	535.2
77.288750	597.2
77.292500	654.1
77.296250	579.1
77.300000	590.6
77.303750	620.5
77.307500	632.2
77.311250	629.5
77.315000	606.1
77.318750	608.3
77.322500	577.6
77.326250	585.3
77.330000	587.7
77.333750	607.7
77.337500	572.0
77.341250	582.5
77.345000	590.7
77.348750	592.3
77.352500	597.6
77.356250	607.2
77.360000	628.1
77.363750	600.4
77.367500	602.0
77.371250	571.1
77.375000	547.3
77.378750	587.5
77.382500	599.5
77.386250	579.2
77.390000	573.5
77.393750	581.4
77.397500	576.4
77.401250	578.0
77.405000	570.1
77.408750	593.0
77.412500	578.4
77.416250	590.9
77.420000	587.8
77.423750	591.0
77.427500	612.0
77.431250	603.5
77.435000	656.5
77.438750	594.3
77.442500	567.6
77.446250	574.1
77.450000	585.0
77.453750	581.9
77.457500	604.1
77.461250	619.5
77.465000	642.0
77.468750	616.5
77.472500	630.5
77.476250	579.1
77.480000	614.3
77.483750	615.0
77.487500	577.3
77.491250	607.1
77.495000	613.5
77.498750	608.9
77.502500	597.7
77.506250	587.4
77.510000	577.7
77.513750	641.9
77.517500	629.3
77.521250	657.3
77.525000	631.6
77.528750	601.2
77.532500	620.1
77.536250	637.0
77.540000	602.5
77.543750	584.7
77.547500	599.1
77.551250	624.2
77.555000	605.9
77.558750	651.8
77.562500	599.8
77.566250	623.9
77.570000	616.1
77.573750	580.5
77.577500	605.7
77.581250	598.2
77.585000	614.9
77.588750	634.3
77.592500	628.2
77.596250	631.3
77.600000	570.1
77.603750	602.2
77.607500	614.1
77.611250	579.5
77.615000	591.1
77.618750	563.5
77.622500	584.1
77.626250	663.9
77.630000	606.3
77.633750	585.3
77.637500	595.9
77.641250	594.7
77.645000	581.6
77.648750	603.4
77.652500	604.7
77.656250	591.8
77.660000	577.0
77.663750	575.5
77.667500	586.2
77.671250	601.5
77.675000	577.7
77.678750	562.0
77.682500	627.0
77.686250	617.9
77.690000	638.8
77.693750	634.6
77.697500	601.2
77.701250	597.0
77.705000	597.4
77.708750	596.3
77.712500	550.3
77.716250	567.1
77.720000	590.6
77.723750	584.8
77.727500	594.3
77.731250	601.7
77.735000	589.0
77.738750	579.1
77.742500	574.2
77.746250	542.7
77.750000	585.1
77.753750	607.6
77.757500	566.8
77.761250	583.4
77.765000	560.9
77.768750	559.9
77.772500	561.7
77.776250	534.7
77.780000	546.1
77.783750	583.9
77.787500	616.5
77.791250	550.3
77.795000	570.0
77.798750	547.3
77.802500	546.1
77.806250	574.2
77.810000	587.4
77.813750	573.3
77.817500	583.5
77.821250	595.4
77.825000	579.2
77.828750	548.7
77.832500	582.5
77.836250	574.5
77.840000	551.3
77.843750	561.6
77.847500	583.4
77.851250	572.4
77.855000	543.9
77.858750	550.4
77.862500	549.6
77.866250	543.5
77.870000	545.9
77.873750	565.6
77.877500	554.2
77.881250	560.2
77.885000	586.8
77.888750	553.4
77.892500	621.0
77.896250	595.3
77.900000	549.4
77.903750	541.2
77.907500	568.8
77.911250	574.3
77.915000	569.2
77.918750	588.5
77.922500	532.4
77.926250	554.5
77.930000	577.1
77.933750	532.8
77.937500	567.3
77.941250	551.3
77.945000	556.1
77.948750	594.5
77.952500	589.2
77.956250	561.3
77.960000	630.1
77.963750	582.6
77.967500	527.9
77.971250	537.0
77.975000	568.6
77.978750	603.3
77.982500	551.9
77.986250	593.7
77.990000	591.5
77.993750	559.6
77.997500	571.0
78.001250	576.3
78.005000	554.9
78.008750	536.2
78.012500	569.0
78.016250	551.0
78.020000	559.6
78.023750	565.7
78.027500	560.1
78.031250	558.8
78.035000	555.7
78.038750	561.7
78.042500	575.2
78.046250	552.9
78.050000	564.0
78.053750	550.9
78.057500	546.1
78.061250	509.7
78.065000	538.4
78.068750	554.6
78.072500	560.8
78.076250	555.6
78.080000	596.1
78.083750	590.8
78.087500	513.8
78.091250	540.3
78.095000	548.1
78.098750	541.7
78.102500	554.1
78.106250	552.4
78.110000	558.0
78.113750	532.6
78.117500	558.7
78.121250	550.6
78.125000	550.4
78.128750	543.1
78.132500	520.3
78.136250	537.7
78.140000	553.5
78.143750	561.4
78.147500	592.1
78.151250	581.2
78.155000	502.1
78.158750	578.0
78.162500	579.0
78.166250	559.7
78.170000	552.1
78.173750	582.1
78.177500	542.2
78.181250	558.7
78.185000	551.7
78.188750	550.6
78.192500	526.8
78.196250	520.5
78.200000	561.0
78.203750	555.9
78.207500	574.6
78.211250	570.8
78.215000	559.1
78.218750	563.9
78.222500	585.7
78.226250	578.3
78.230000	595.6
78.233750	527.8
78.237500	549.5
78.241250	558.1
78.245000	533.6
78.248750	585.7
78.252500	542.5
78.256250	598.3
78.260000	512.6
78.263750	547.5
78.267500	549.3
78.271250	562.8
78.275000	529.8
78.278750	561.4
78.282500	567.6
78.286250	576.2
78.290000	553.4
78.293750	549.2
78.297500	570.5
78.301250	563.4
78.305000	555.8
78.308750	557.0
78.312500	528.1
78.316250	539.6
78.320000	527.4
78.323750	565.7
78.327500	538.1
78.331250	537.3
78.335000	556.3
78.338750	583.1
78.342500	531.7
78.346250	569.6
78.350000	549.7
78.353750	562.7
78.357500	538.2
78.361250	549.5
78.365000	548.6
78.368750	536.6
78.372500	587.7
78.376250	616.9
78.380000	544.2
78.383750	618.2
78.387500	557.1
78.391250	586.5
78.395000	584.5
78.398750	666.6
78.402500	569.7
78.406250	618.3
78.410000	561.3
78.413750	552.6
78.417500	585.6
78.421250	579.8
78.425000	543.0
78.428750	581.9
78.432500	626.8
78.436250	568.6
78.440000	577.3
78.443750	565.4
78.447500	530.5
78.451250	546.5
78.455000	548.9
78.458750	546.9
78.462500	563.6
78.466250	583.4
78.470000	540.7
78.473750	549.9
78.477500	575.8
78.481250	543.3
78.485000	560.9
78.488750	527.1
78.492500	522.7
78.496250	530.9
78.500000	559.6
78.503750	533.6
78.507500	581.7
78.511250	547.7
78.515000	504.6
78.518750	564.6
78.522500	523.0
78.526250	530.4
78.530000	514.7
78.533750	596.7
78.537500	562.7
78.541250	551.6
78.545000	528.4
78.548750	531.8
78.552500	579.0
78.556250	537.1
78.560000	550.1
78.563750	566.1
78.567500	521.6
78.571250	516.7
78.575000	555.4
78.578750	518.0
78.582500	543.2
78.586250	544.6
78.590000	543.0
78.593750	543.8
78.597500	559.7
78.601250	555.7
78.605000	545.9
78.608750	585.3
78.612500	532.6
78.616250	518.3
78.620000	522.8
78.623750	530.1
78.627500	561.6
78.631250	554.8
78.635000	506.2
78.638750	546.5
78.642500	542.2
78.646250	552.1
78.650000	575.4
78.653750	564.7
78.657500	543.3
78.661250	575.5
78.665000	577.0
78.668750	544.7
78.672500	526.3
78.676250	560.4
78.680000	545.8
78.683750	535.7
78.687500	551.7
78.691250	556.3
78.695000	528.7
78.698750	551.5
78.702500	537.7
78.706250	554.9
78.710000	602.9
78.713750	556.7
78.717500	555.6
78.721250	567.8
78.725000	543.3
78.728750	544.4
78.732500	547.1
78.736250	565.8
78.740000	529.3
78.743750	561.2
78.747500	545.4
78.751250	566.1
78.755000	606.2
78.758750	542.0
78.762500	528.6
78.766250	522.6
78.770000	552.8
78.773750	564.4
78.777500	551.0
78.781250	561.8
78.785000	598.8
78.788750	596.9
78.792500	542.0
78.796250	564.5
78.800000	560.0
78.803750	532.3
78.807500	582.7
78.811250	557.3
78.815000	551.1
78.818750	575.6
78.822500	566.2
78.826250	507.2
78.830000	547.0
78.833750	573.0
78.837500	569.5
78.841250	586.5
78.845000	573.3
78.848750	545.7
78.852500	557.2
78.856250	570.1
78.860000	529.5
78.863750	565.9
78.867500	584.4
78.871250	540.4
78.875000	586.1
78.878750	596.0
78.882500	587.9
78.886250	565.1
78.890000	578.1
78.893750	537.8
78.897500	579.2
78.901250	574.9
78.905000	546.5
78.908750	539.3
78.912500	563.0
78.916250	566.1
78.920000	568.0
78.923750	556.5
78.927500	574.8
78.931250	571.1
78.935000	539.8
78.938750	565.2
78.942500	533.3
78.946250	556.0
78.950000	513.2
78.953750	543.6
78.957500	525.3
78.961250	520.1
78.965000	530.6
78.968750	553.9
78.972500	575.7
78.976250	564.9
78.980000	556.2
78.983750	549.7
78.987500	547.6
78.991250	571.0
78.995000	537.6
78.998750	547.5
79.002500	559.9
79.006250	593.5
79.010000	570.1
79.013750	550.2
79.017500	575.5
79.021250	511.2
79.025000	558.4
79.028750	569.4
79.032500	519.7
79.036250	547.1
79.040000	539.3
79.043750	579.5
79.047500	542.0
79.051250	562.6
79.055000	573.7
79.058750	529.2
79.062500	547.5
79.066250	571.4
79.070000	570.2
79.073750	534.8
79.077500	568.3
79.081250	521.4
79.085000	489.7
79.088750	524.2
79.092500	570.5
79.096250	548.5
79.100000	523.8
79.103750	530.4
79.107500	511.0
79.111250	534.0
79.115000	521.7
79.118750	567.4
79.122500	570.0
79.126250	540.5
79.130000	519.6
79.133750	539.8
79.137500	533.5
79.141250	519.3
79.145000	556.0
79.148750	548.1
79.152500	531.8
79.156250	530.9
79.160000	530.9
79.163750	524.8
79.167500	492.7
79.171250	500.4
79.175000	510.5
79.178750	549.0
79.182500	542.9
79.186250	518.3
79.190000	552.7
79.193750	558.8
79.197500	598.1
79.201250	539.1
79.205000	544.8
79.208750	532.1
79.212500	528.3
79.216250	549.5
79.220000	562.4
79.223750	540.5
79.227500	525.2
79.231250	537.1
79.235000	568.8
79.238750	513.7
79.242500	485.2
79.246250	518.6
79.250000	569.8
79.253750	528.5
79.257500	541.2
79.261250	558.7
79.265000	544.2
79.268750	531.0
79.272500	587.1
79.276250	581.2
79.280000	543.3
79.283750	515.3
79.287500	546.2
79.291250	526.3
79.295000	532.3
79.298750	575.9
79.302500	539.6
79.306250	557.6
79.310000	553.1
79.313750	557.6
79.317500	559.0
79.321250	575.8
79.325000	529.5
79.328750	539.3
79.332500	552.4
79.336250	528.3
79.340000	530.9
79.343750	554.9
79.347500	527.0
79.351250	531.9
79.355000	554.6
79.358750	534.1
79.362500	537.4
79.366250	532.0
79.370000	544.2
79.373750	568.5
79.377500	527.5
79.381250	568.8
79.385000	596.3
79.388750	529.5
79.392500	526.0
79.396250	520.7
79.400000	520.8
79.403750	521.2
79.407500	571.8
79.411250	533.5
79.415000	559.3
79.418750	583.5
79.422500	576.8
79.426250	547.4
79.430000	531.7
79.433750	553.2
79.437500	565.2
79.441250	557.6
79.445000	559.1
79.448750	535.8
79.452500	539.7
79.456250	533.8
79.460000	529.7
79.463750	545.1
79.467500	531.4
79.471250	521.7
79.475000	536.8
79.478750	551.3
79.482500	538.5
79.486250	556.6
79.490000	537.2
79.493750	533.8
79.497500	559.7
79.501250	503.6
79.505000	531.0
79.508750	537.9
79.512500	535.1
79.516250	550.1
79.520000	528.8
79.523750	576.3
79.527500	569.7
79.531250	520.4
79.535000	540.9
79.538750	512.2
79.542500	537.9
79.546250	562.7
79.550000	539.1
79.553750	510.4
79.557500	576.2
79.561250	549.3
79.565000	538.7
79.568750	535.7
79.572500	536.7
79.576250	558.1
79.580000	561.8
79.583750	552.3
79.587500	534.3
79.591250	506.0
79.595000	542.2
79.598750	498.5
79.602500	554.5
79.606250	515.5
79.610000	535.8
79.613750	532.4
79.617500	542.5
79.621250	548.2
79.625000	564.0
79.628750	559.0
79.632500	572.3
79.636250	573.5
79.640000	535.1
79.643750	539.5
79.647500	574.8
79.651250	553.9
79.655000	533.5
79.658750	594.7
79.662500	578.0
79.666250	584.1
79.670000	530.9
79.673750	540.6
79.677500	531.9
79.681250	520.2
79.685000	544.0
79.688750	527.8
79.692500	565.7
79.696250	599.6
79.700000	556.1
79.703750	543.3
79.707500	551.3
79.711250	562.3
79.715000	612.4
79.718750	526.7
79.722500	565.6
79.726250	578.3
79.730000	530.7
79.733750	590.3
79.737500	564.0
79.741250	549.9
79.745000	584.8
79.748750	555.4
79.752500	539.7
79.756250	554.8
79.760000	533.1
79.763750	548.3
79.767500	520.0
79.771250	511.4
79.775000	534.1
79.778750	531.5
79.782500	573.2
79.786250	540.1
79.790000	547.7
79.793750	588.7
79.797500	547.7
79.801250	541.9
79.805000	545.8
79.808750	554.2
79.812500	576.5
79.816250	580.5
79.820000	563.9
79.823750	567.4
79.827500	548.0
79.831250	571.2
79.835000	584.8
79.838750	547.5
79.842500	583.5
79.846250	576.0
79.850000	548.0
79.853750	535.0
79.857500	561.4
79.861250	530.6
79.865000	543.7
79.868750	582.1
79.872500	575.2
79.876250	549.1
79.880000	556.3
79.883750	528.9
79.887500	522.0
79.891250	521.8
79.895000	561.9
79.898750	605.2
79.902500	585.6
79.906250	557.4
79.910000	526.0
79.913750	533.7
79.917500	544.8
79.921250	513.7
79.925000	571.8
79.928750	549.0
79.932500	558.9
79.936250	551.0
79.940000	562.4
79.943750	539.7
79.947500	539.2
79.951250	522.1
79.955000	520.6
79.958750	571.5
79.962500	569.6
79.966250	551.0
79.970000	558.3
79.973750	581.8
79.977500	521.3
79.981250	543.5
79.985000	568.6
79.988750	566.9
79.992500	568.8
79.996250	570.4
80.000000	535.2
