2.000000	429.5
2.003750	412.6
2.007500	446.2
2.011250	430.9
2.015000	415.5
2.018750	425.9
2.022500	440.1
2.026250	425.8
2.030000	422.6
2.033750	465.0
2.037500	461.3
2.041250	410.4
2.045000	392.3
2.048750	440.1
2.052500	441.4
2.056250	445.5
2.060000	457.6
2.063750	428.7
2.067500	446.8
2.071250	433.0
2.075000	453.5
2.078750	447.9
2.082500	481.7
2.086250	442.7
2.090000	424.5
2.093750	459.4
2.097500	452.7
2.101250	465.5
2.105000	443.7
2.108750	493.3
2.112500	496.8
2.116250	466.0
2.120000	508.3
2.123750	482.1
2.127500	458.2
2.131250	499.8
2.135000	478.8
2.138750	428.3
2.142500	446.8
2.146250	453.8
2.150000	467.8
2.153750	480.4
2.157500	480.4
2.161250	491.4
2.165000	483.2
2.168750	512.2
2.172500	493.3
2.176250	484.1
2.180000	486.6
2.183750	464.2
2.187500	487.3
2.191250	494.2
2.195000	523.3
2.198750	470.4
2.202500	498.5
2.206250	538.4
2.210000	513.9
2.213750	493.1
2.217500	502.3
2.221250	502.6
2.225000	481.4
2.228750	526.7
2.232500	497.9
2.236250	495.0
2.240000	531.7
2.243750	477.9
2.247500	562.6
2.251250	533.2
2.255000	497.6
2.258750	516.1
2.262500	504.5
2.266250	532.7
2.270000	534.9
2.273750	550.0
2.277500	523.5
2.281250	537.7
2.285000	529.5
2.288750	545.1
2.292500	585.7
2.296250	520.7
2.300000	577.2
2.303750	589.5
2.307500	596.7
2.311250	559.8
2.315000	559.1
2.318750	534.8
2.322500	595.7
2.326250	597.2
2.330000	581.2
2.333750	609.6
2.337500	625.4
2.341250	624.1
2.345000	666.1
2.348750	591.4
2.352500	636.1
2.356250	670.7
2.360000	690.2
2.363750	650.8
2.367500	659.0
2.371250	681.7
2.375000	673.0
2.378750	703.8
2.382500	685.7
2.386250	696.1
2.390000	711.5
2.393750	671.7
2.397500	778.0
2.401250	755.5
2.405000	729.5
2.408750	776.4
2.412500	750.3
2.416250	766.6
2.420000	763.0
2.423750	753.3
2.427500	742.6
2.431250	748.9
2.435000	843.0
2.438750	818.7
2.442500	801.3
2.446250	867.4
2.450000	875.2
2.453750	872.8
2.457500	866.0
2.461250	889.1
2.465000	862.7
2.468750	920.2
2.472500	924.3
2.476250	925.4
2.480000	973.3
2.483750	936.3
2.487500	932.3
2.491250	1008.4
2.495000	1015.6
2.498750	1004.6
2.502500	1023.6
2.506250	1062.0
2.510000	1085.3
2.513750	1085.9
2.517500	1107.2
2.521250	1128.3
2.525000	1066.9
2.528750	1152.8
2.532500	1240.9
2.536250	1219.0
2.540000	1194.0
2.543750	1213.7
2.547500	1244.5
2.551250	1231.1
2.555000	1206.8
2.558750	1251.5
2.562500	1278.4
2.566250	1211.9
2.570000	1249.1
2.573750	1249.3
2.577500	1271.2
2.581250	1319.2
2.585000	1278.4
2.588750	1268.7
2.592500	1254.7
2.596250	1212.1
2.600000	1264.7
2.603750	1258.0
2.607500	1280.3
2.611250	1273.7
2.615000	1336.6
2.618750	1275.6
2.622500	1220.3
2.626250	1316.1
2.630000	1315.9
2.633750	1292.4
2.637500	1253.1
2.641250	1308.5
2.645000	1294.9
2.648750	1264.5
2.652500	1286.1
2.656250	1362.1
2.660000	1295.3
2.663750	1278.1
2.667500	1306.3
2.671250	1291.7
2.675000	1260.1
2.678750	1272.1
2.682500	1244.3
2.686250	1324.0
2.690000	1219.8
2.693750	1286.8
2.697500	1330.2
2.701250	1306.4
2.705000	1299.3
2.708750	1248.3
2.712500	1269.0
2.716250	1262.0
2.720000	1298.0
2.723750	1272.6
2.727500	1261.4
2.731250	1297.3
2.735000	1272.0
2.738750	1252.9
2.742500	1253.2
2.746250	1269.2
2.750000	1224.4
2.753750	1265.8
2.757500	1335.2
2.761250	1250.9
2.765000	1321.3
2.768750	1217.7
2.772500	1247.2
2.776250	1294.7
2.780000	1225.3
2.783750	1234.3
2.787500	1229.0
2.791250	1219.9
2.795000	1296.9
2.798750	1224.6
2.802500	1288.2
2.806250	1232.0
2.810000	1214.7
2.813750	1246.1
2.817500	1267.1
2.821250	1235.9
2.825000	1233.6
2.828750	1271.4
2.832500	1220.9
2.836250	1304.9
2.840000	1240.7
2.843750	1226.6
2.847500	1307.7
2.851250	1269.4
2.855000	1262.2
2.858750	1316.8
2.862500	1235.7
2.866250	1195.0
2.870000	1243.0
2.873750	1208.3
2.877500	1290.7
2.881250	1188.6
2.885000	1219.8
2.888750	1204.1
2.892500	1241.7
2.896250	1195.0
2.900000	1223.3
2.903750	1225.4
2.907500	1289.1
2.911250	1190.8
2.915000	1247.3
2.918750	1230.0
2.922500	1241.3
2.926250	1219.9
2.930000	1304.6
2.933750	1266.0
2.937500	1197.3
2.941250	1208.0
2.945000	1216.0
2.948750	1191.5
2.952500	1244.0
2.956250	1240.6
2.960000	1212.5
2.963750	1206.5
2.967500	1252.8
2.971250	1245.1
2.975000	1246.8
2.978750	1232.0
2.982500	1258.9
2.986250	1236.5
2.990000	1253.3
2.993750	1240.4
2.997500	1171.8
3.001250	1192.2
3.005000	1238.6
3.008750	1248.2
3.012500	1178.8
3.016250	1198.7
3.020000	1168.0
3.023750	1272.2
3.027500	1263.1
3.031250	1221.2
3.035000	1223.7
3.038750	1244.4
3.042500	1262.1
3.046250	1205.3
3.050000	1196.6
3.053750	1270.3
3.057500	1182.1
3.061250	1242.3
3.065000	1250.4
3.068750	1287.4
3.072500	1285.2
3.076250	1235.2
3.080000	1170.6
3.083750	1276.0
3.087500	1207.9
3.091250	1209.2
3.095000	1165.9
3.098750	1194.8
3.102500	1267.0
3.106250	1271.5
3.110000	1197.0
3.113750	1212.6
3.117500	1252.2
3.121250	1231.3
3.125000	1243.2
3.128750	1223.9
3.132500	1230.1
3.136250	1294.8
3.140000	1221.7
3.143750	1249.2
3.147500	1196.8
3.151250	1190.7
3.155000	1215.5
3.158750	1183.6
3.162500	1272.8
3.166250	1209.0
3.170000	1280.9
3.173750	1216.5
3.177500	1228.3
3.181250	1246.2
3.185000	1231.7
3.188750	1246.0
3.192500	1213.8
3.196250	1214.0
3.200000	1231.0
3.203750	1219.0
3.207500	1211.3
3.211250	1218.8
3.215000	1196.3
3.218750	1191.6
3.222500	1208.4
3.226250	1213.6
3.230000	1215.7
3.233750	1268.4
3.237500	1282.1
3.241250	1202.3
3.245000	1217.8
3.248750	1251.5
3.252500	1237.6
3.256250	1169.3
3.260000	1250.8
3.263750	1229.1
3.267500	1183.5
3.271250	1226.6
3.275000	1228.8
3.278750	1211.9
3.282500	1218.5
3.286250	1188.6
3.290000	1208.0
3.293750	1219.2
3.297500	1217.7
3.301250	1213.7
3.305000	1267.6
3.308750	1240.8
3.312500	1216.5
3.316250	1143.8
3.320000	1196.9
3.323750	1203.2
3.327500	1198.9
3.331250	1224.4
3.335000	1188.5
3.338750	1213.3
3.342500	1197.7
3.346250	1179.5
3.350000	1176.9
3.353750	1221.2
3.357500	1210.5
3.361250	1187.4
3.365000	1188.1
3.368750	1168.2
3.372500	1194.1
3.376250	1197.0
3.380000	1232.7
3.383750	1195.9
3.387500	1198.6
3.391250	1218.1
3.395000	1176.4
3.398750	1175.1
3.402500	1150.9
3.406250	1168.6
3.410000	1135.8
3.413750	1191.9
3.417500	1261.2
3.421250	1169.0
3.425000	1195.1
3.428750	1249.9
3.432500	1139.5
3.436250	1163.7
3.440000	1170.2
3.443750	1222.9
3.447500	1182.4
3.451250	1215.0
3.455000	1235.2
3.458750	1234.9
3.462500	1250.5
3.466250	1198.4
3.470000	1179.9
3.473750	1199.6
3.477500	1207.5
3.481250	1214.5
3.485000	1195.8
3.488750	1175.7
3.492500	1145.3
3.496250	1227.7
3.500000	1196.0
3.503750	1169.1
3.507500	1205.2
3.511250	1184.1
3.515000	1211.7
3.518750	1255.4
3.522500	1209.1
3.526250	1139.4
3.530000	1225.3
3.533750	1168.8
3.537500	1213.9
3.541250	1216.5
3.545000	1224.5
3.548750	1175.6
3.552500	1219.7
3.556250	1192.4
3.560000	1175.1
3.563750	1200.4
3.567500	1146.8
3.571250	1202.8
3.575000	1193.5
3.578750	1244.2
3.582500	1179.8
3.586250	1188.0
3.590000	1192.9
3.593750	1206.5
3.597500	1262.2
3.601250	1236.0
3.605000	1203.0
3.608750	1178.8
3.612500	1175.2
3.616250	1200.8
3.620000	1210.8
3.623750	1199.0
3.627500	1182.0
3.631250	1150.1
3.635000	1271.8
3.638750	1204.6
3.642500	1155.8
3.646250	1212.1
3.650000	1243.7
3.653750	1200.0
3.657500	1228.1
3.661250	1173.8
3.665000	1184.9
3.668750	1236.4
3.672500	1181.3
3.676250	1168.7
3.680000	1190.5
3.683750	1240.1
3.687500	1213.0
3.691250	1220.7
3.695000	1191.7
3.698750	1153.8
3.702500	1180.6
3.706250	1160.1
3.710000	1200.2
3.713750	1237.2
3.717500	1204.6
3.721250	1197.5
3.725000	1176.9
3.728750	1254.0
3.732500	1196.0
3.736250	1200.1
3.740000	1224.4
3.743750	1135.9
3.747500	1165.1
3.751250	1206.5
3.755000	1221.0
3.758750	1181.4
3.762500	1178.1
3.766250	1182.0
3.770000	1095.5
3.773750	1180.4
3.777500	1203.9
3.781250	1141.0
3.785000	1217.4
3.788750	1182.1
3.792500	1148.6
3.796250	1215.6
3.800000	1248.6
3.803750	1107.1
3.807500	1141.7
3.811250	1194.9
3.815000	1182.0
3.818750	1176.0
3.822500	1154.2
3.826250	1197.1
3.830000	1217.0
3.833750	1223.2
3.837500	1174.4
3.841250	1205.1
3.845000	1228.3
3.848750	1245.2
3.852500	1216.2
3.856250	1207.8
3.860000	1261.6
3.863750	1181.1
3.867500	1180.6
3.871250	1143.1
3.875000	1116.7
3.878750	1189.3
3.882500	1162.2
3.886250	1148.4
3.890000	1150.8
3.893750	1220.3
3.897500	1269.3
3.901250	1229.5
3.905000	1186.7
3.908750	1131.2
3.912500	1208.5
3.916250	1169.2
3.920000	1172.9
3.923750	1153.6
3.927500	1217.0
3.931250	1171.5
3.935000	1125.5
3.938750	1199.7
3.942500	1172.9
3.946250	1137.7
3.950000	1156.5
3.953750	1251.7
3.957500	1180.7
3.961250	1229.6
3.965000	1203.0
3.968750	1191.4
3.972500	1138.4
3.976250	1156.3
3.980000	1194.0
3.983750	1163.9
3.987500	1200.7
3.991250	1263.6
3.995000	1172.2
3.998750	1220.8
4.002500	1244.6
4.006250	1219.0
4.010000	1205.7
4.013750	1170.3
4.017500	1192.2
4.021250	1124.5
4.025000	1164.8
4.028750	1219.1
4.032500	1174.3
4.036250	1145.8
4.040000	1206.1
4.043750	1152.4
4.047500	1197.8
4.051250	1126.9
4.055000	1187.3
4.058750	1206.7
4.062500	1220.4
4.066250	1236.2
4.070000	1152.6
4.073750	1177.5
4.077500	1186.2
4.081250	1153.5
4.085000	1115.4
4.088750	1185.8
4.092500	1167.7
4.096250	1156.5
4.100000	1100.2
4.103750	1164.0
4.107500	1228.3
4.111250	1172.0
4.115000	1155.7
4.118750	1115.2
4.122500	1110.5
4.126250	1168.7
4.130000	1160.3
4.133750	1132.2
4.137500	1193.0
4.141250	1202.3
4.145000	1142.8
4.148750	1182.9
4.152500	1255.3
4.156250	1214.4
4.160000	1152.4
4.163750	1195.0
4.167500	1132.5
4.171250	1125.9
4.175000	1162.3
4.178750	1196.6
4.182500	1153.0
4.186250	1128.9
4.190000	1240.5
4.193750	1209.5
4.197500	1231.4
4.201250	1189.4
4.205000	1189.3
4.208750	1176.6
4.212500	1169.2
4.216250	1179.4
4.220000	1163.7
4.223750	1158.7
4.227500	1251.9
4.231250	1193.5
4.235000	1138.0
4.238750	1107.6
4.242500	1185.3
4.246250	1195.1
4.250000	1153.5
4.253750	1144.9
4.257500	1157.1
4.261250	1159.6
4.265000	1181.8
4.268750	1254.6
4.272500	1163.8
4.276250	1130.0
4.280000	1205.0
4.283750	1188.2
4.287500	1135.4
4.291250	1231.4
4.295000	1206.7
4.298750	1189.0
4.302500	1208.5
4.306250	1165.2
4.310000	1125.2
4.313750	1161.0
4.317500	1197.8
4.321250	1161.5
4.325000	1174.5
4.328750	1148.2
4.332500	1112.2
4.336250	1116.9
4.340000	1184.0
4.343750	1106.8
4.347500	1155.9
4.351250	1153.6
4.355000	1149.5
4.358750	1123.7
4.362500	1168.7
4.366250	1134.3
4.370000	1163.6
4.373750	1181.5
4.377500	1164.1
4.381250	1133.7
4.385000	1139.9
4.388750	1188.8
4.392500	1157.4
4.396250	1221.4
4.400000	1249.4
4.403750	1154.6
4.407500	1194.4
4.411250	1209.2
4.415000	1152.5
4.418750	1186.8
4.422500	1137.4
4.426250	1118.5
4.430000	1189.9
4.433750	1169.1
4.437500	1164.7
4.441250	1178.3
4.445000	1164.3
4.448750	1113.4
4.452500	1211.1
4.456250	1169.7
4.460000	1147.3
4.463750	1175.5
4.467500	1164.6
4.471250	1118.0
4.475000	1140.7
4.478750	1157.7
4.482500	1169.0
4.486250	1129.1
4.490000	1151.9
4.493750	1257.4
4.497500	1160.2
4.501250	1175.5
4.505000	1174.3
4.508750	1151.5
4.512500	1233.4
4.516250	1159.9
4.520000	1149.4
4.523750	1217.6
4.527500	1140.2
4.531250	1125.9
4.535000	1186.6
4.538750	1186.7
4.542500	1190.6
4.546250	1197.9
4.550000	1131.7
4.553750	1133.7
4.557500	1178.6
4.561250	1203.3
4.565000	1163.0
4.568750	1138.6
4.572500	1121.1
4.576250	1168.5
4.580000	1188.0
4.583750	1144.1
4.587500	1149.8
4.591250	1088.8
4.595000	1142.5
4.598750	1196.9
4.602500	1183.6
4.606250	1122.0
4.610000	1179.1
4.613750	1222.0
4.617500	1186.0
4.621250	1129.0
4.625000	1133.8
4.628750	1174.9
4.632500	1160.0
4.636250	1209.5
4.640000	1140.1
4.643750	1163.0
4.647500	1185.9
4.651250	1154.4
4.655000	1140.2
4.658750	1163.6
4.662500	1226.4
4.666250	1237.9
4.670000	1194.2
4.673750	1176.0
4.677500	1178.3
4.681250	1177.1
4.685000	1160.6
4.688750	1161.2
4.692500	1160.0
4.696250	1096.2
4.700000	1119.6
4.703750	1121.7
4.707500	1213.2
4.711250	1232.0
4.715000	1124.7
4.718750	1175.3
4.722500	1205.3
4.726250	1189.2
4.730000	1138.8
4.733750	1167.2
4.737500	1146.4
4.741250	1148.1
4.745000	1176.9
4.748750	1175.3
4.752500	1091.8
4.756250	1150.7
4.760000	1170.0
4.763750	1154.6
4.767500	1186.6
4.771250	1141.4
4.775000	1153.8
4.778750	1163.3
4.782500	1202.6
4.786250	1173.5
4.790000	1213.7
4.793750	1201.5
4.797500	1206.2
4.801250	1200.9
4.805000	1163.9
4.808750	1109.3
4.812500	1141.8
4.816250	1157.6
4.820000	1140.0
4.823750	1194.3
4.827500	1190.5
4.831250	1157.9
4.835000	1160.7
4.838750	1157.5
4.842500	1195.1
4.846250	1210.5
4.850000	1206.1
4.853750	1238.9
4.857500	1083.3
4.861250	1159.6
4.865000	1182.4
4.868750	1179.1
4.872500	1155.0
4.876250	1150.7
4.880000	1147.9
4.883750	1171.3
4.887500	1163.8
4.891250	1163.5
4.895000	1130.3
4.898750	1121.2
4.902500	1128.7
4.906250	1146.1
4.910000	1197.2
4.913750	1137.8
4.917500	1227.7
4.921250	1201.1
4.925000	1149.1
4.928750	1152.4
4.932500	1158.6
4.936250	1165.4
4.940000	1103.0
4.943750	1216.9
4.947500	1181.1
4.951250	1125.1
4.955000	1197.4
4.958750	1163.0
4.962500	1124.2
4.966250	1163.7
4.970000	1059.7
4.973750	1107.6
4.977500	1162.3
4.981250	1178.2
4.985000	1148.9
4.988750	1165.9
4.992500	1182.1
4.996250	1174.0
5.000000	1156.0
5.003750	1183.1
5.007500	1159.8
5.011250	1152.0
5.015000	1171.1
5.018750	1158.3
5.022500	1157.4
5.026250	1171.3
5.030000	1170.4
5.033750	1169.9
5.037500	1152.7
5.041250	1172.4
5.045000	1172.0
5.048750	1154.8
5.052500	1170.2
5.056250	1180.5
5.060000	1212.3
5.063750	1127.3
5.067500	1111.4
5.071250	1153.9
5.075000	1124.2
5.078750	1153.2
5.082500	1227.2
5.086250	1204.2
5.090000	1130.2
5.093750	1163.0
5.097500	1197.2
5.101250	1182.7
5.105000	1202.7
5.108750	1133.7
5.112500	1137.4
5.116250	1193.5
5.120000	1147.3
5.123750	1177.6
5.127500	1181.0
5.131250	1154.8
5.135000	1201.1
5.138750	1144.3
5.142500	1152.0
5.146250	1158.0
5.150000	1218.5
5.153750	1195.4
5.157500	1148.4
5.161250	1132.4
5.165000	1103.7
5.168750	1179.9
5.172500	1160.6
5.176250	1137.0
5.180000	1219.3
5.183750	1153.5
5.187500	1144.2
5.191250	1266.0
5.195000	1171.2
5.198750	1162.5
5.202500	1140.5
5.206250	1172.8
5.210000	1175.5
5.213750	1192.1
5.217500	1139.0
5.221250	1098.1
5.225000	1221.1
5.228750	1189.7
5.232500	1196.7
5.236250	1249.1
5.240000	1210.1
5.243750	1231.5
5.247500	1085.0
5.251250	1146.6
5.255000	1118.9
5.258750	1218.6
5.262500	1171.3
5.266250	1214.9
5.270000	1188.2
5.273750	1137.2
5.277500	1128.3
5.281250	1186.9
5.285000	1140.8
5.288750	1160.1
5.292500	1192.5
5.296250	1150.0
5.300000	1203.3
5.303750	1158.3
5.307500	1188.9
5.311250	1165.3
5.315000	1145.5
5.318750	1218.5
5.322500	1175.6
5.326250	1185.2
5.330000	1129.3
5.333750	1185.5
5.337500	1187.5
5.341250	1205.5
5.345000	1189.7
5.348750	1182.0
5.352500	1237.1
5.356250	1141.9
5.360000	1175.9
5.363750	1112.9
5.367500	1182.9
5.371250	1147.9
5.375000	1148.9
5.378750	1160.5
5.382500	1155.3
5.386250	1151.7
5.390000	1177.6
5.393750	1190.5
5.397500	1136.9
5.401250	1183.8
5.405000	1152.8
5.408750	1163.0
5.412500	1131.9
5.416250	1141.0
5.420000	1132.0
5.423750	1113.1
5.427500	1209.6
5.431250	1141.3
5.435000	1102.9
5.438750	1157.8
5.442500	1159.3
5.446250	1158.6
5.450000	1144.7
5.453750	1198.5
5.457500	1179.1
5.461250	1184.1
5.465000	1162.6
5.468750	1156.6
5.472500	1203.2
5.476250	1183.7
5.480000	1142.2
5.483750	1176.5
5.487500	1138.1
5.491250	1174.0
5.495000	1111.9
5.498750	1139.3
5.502500	1240.4
5.506250	1206.2
5.510000	1154.1
5.513750	1130.9
5.517500	1121.7
5.521250	1174.3
5.525000	1139.3
5.528750	1076.8
5.532500	1222.5
5.536250	1170.9
5.540000	1092.8
5.543750	1203.2
5.547500	1174.5
5.551250	1137.5
5.555000	1071.2
5.558750	1254.9
5.562500	1200.3
5.566250	1156.6
5.570000	1142.0
5.573750	1104.6
5.577500	1214.4
5.581250	1216.4
5.585000	1164.4
5.588750	1232.4
5.592500	1200.7
5.596250	1144.9
5.600000	1190.6
5.603750	1205.6
5.607500	1155.1
5.611250	1092.2
5.615000	1122.4
5.618750	1124.1
5.622500	1187.7
5.626250	1209.9
5.630000	1206.9
5.633750	1204.2
5.637500	1149.4
5.641250	1220.8
5.645000	1122.2
5.648750	1163.0
5.652500	1098.9
5.656250	1162.0
5.660000	1250.6
5.663750	1119.7
5.667500	1214.4
5.671250	1193.2
5.675000	1199.2
5.678750	1146.9
5.682500	1204.6
5.686250	1215.8
5.690000	1267.3
5.693750	1277.3
5.697500	1221.3
5.701250	1306.1
5.705000	1233.6
5.708750	1290.4
5.712500	1234.4
5.716250	1270.7
5.720000	1238.0
5.723750	1203.9
5.727500	1167.6
5.731250	1212.1
5.735000	1220.1
5.738750	1182.0
5.742500	1201.4
5.746250	1157.3
5.750000	1161.5
5.753750	1206.2
5.757500	1184.8
5.761250	1103.9
5.765000	1162.5
5.768750	1187.5
5.772500	1136.7
5.776250	1174.8
5.780000	1185.6
5.783750	1144.0
5.787500	1087.4
5.791250	1161.5
5.795000	1223.8
5.798750	1168.8
5.802500	1149.8
5.806250	1154.6
5.810000	1118.0
5.813750	1122.0
5.817500	1149.6
5.821250	1178.4
5.825000	1162.0
5.828750	1169.9
5.832500	1203.4
5.836250	1167.5
5.840000	1148.7
5.843750	1120.3
5.847500	1110.5
5.851250	1154.9
5.855000	1141.8
5.858750	1136.2
5.862500	1153.8
5.866250	1200.4
5.870000	1200.7
5.873750	1125.3
5.877500	1149.4
5.881250	1173.2
5.885000	1140.0
5.888750	1144.0
5.892500	1194.9
5.896250	1174.2
5.900000	1130.3
5.903750	1132.9
5.907500	1129.1
5.911250	1193.3
5.915000	1197.0
5.918750	1117.9
5.922500	1190.9
5.926250	1161.2
5.930000	1168.3
5.933750	1190.2
5.937500	1194.0
5.941250	1175.7
5.945000	1145.2
5.948750	1192.3
5.952500	1138.5
5.956250	1102.6
5.960000	1105.4
5.963750	1128.6
5.967500	1151.1
5.971250	1121.5
5.975000	1222.6
5.978750	1171.4
5.982500	1063.7
5.986250	1251.9
5.990000	1220.3
5.993750	1169.2
5.997500	1182.8
6.001250	1077.7
6.005000	1083.5
6.008750	1220.1
6.012500	1201.7
6.016250	1180.0
6.020000	1147.8
6.023750	1191.8
6.027500	1266.7
6.031250	1147.6
6.035000	1083.3
6.038750	1203.8
6.042500	1175.4
6.046250	1072.8
6.050000	1079.4
6.053750	1243.4
6.057500	1155.6
6.061250	1140.4
6.065000	1136.2
6.068750	1160.9
6.072500	1191.8
6.076250	1124.0
6.080000	1121.9
6.083750	1118.0
6.087500	1156.8
6.091250	1143.6
6.095000	1182.8
6.098750	1173.3
6.102500	1115.1
6.106250	1167.3
6.110000	1131.9
6.113750	1140.3
6.117500	1153.6
6.121250	1155.2
6.125000	1158.2
6.128750	1148.9
6.132500	1214.5
6.136250	1141.3
6.140000	1149.0
6.143750	1218.7
6.147500	1212.2
6.151250	1202.3
6.155000	1141.1
6.158750	1220.0
6.162500	1166.6
6.166250	1105.7
6.170000	1179.7
6.173750	1193.8
6.177500	1212.3
6.181250	1127.3
6.185000	1158.8
6.188750	1199.2
6.192500	1185.1
6.196250	1212.7
6.200000	1180.2
6.203750	1120.6
6.207500	1203.8
6.211250	1188.7
6.215000	1147.0
6.218750	1193.2
6.222500	1105.8
6.226250	1168.5
6.230000	1240.4
6.233750	1135.5
6.237500	1146.1
6.241250	1173.9
6.245000	1200.0
6.248750	1218.3
6.252500	1194.8
6.256250	1189.2
6.260000	1165.6
6.263750	1212.5
6.267500	1208.9
6.271250	1143.5
6.275000	1130.0
6.278750	1205.6
6.282500	1200.7
6.286250	1161.2
6.290000	1157.4
6.293750	1144.2
6.297500	1127.1
6.301250	1111.7
6.305000	1118.5
6.308750	1182.5
6.312500	1166.5
6.316250	1156.7
6.320000	1187.3
6.323750	1173.3
6.327500	1151.8
6.331250	1126.3
6.335000	1110.1
6.338750	1144.3
6.342500	1187.4
6.346250	1204.9
6.350000	1122.2
6.353750	1121.8
6.357500	1173.8
6.361250	1110.5
6.365000	1174.4
6.368750	1176.5
6.372500	1207.5
6.376250	1149.0
6.380000	1148.5
6.383750	1144.5
6.387500	1180.9
6.391250	1138.4
6.395000	1132.2
6.398750	1236.0
6.402500	1174.5
6.406250	1112.5
6.410000	1154.9
6.413750	1163.7
6.417500	1283.4
6.421250	1112.9
6.425000	1175.2
6.428750	1160.0
6.432500	1186.4
6.436250	1180.7
6.440000	1162.0
6.443750	1113.4
6.447500	1154.5
6.451250	1184.6
6.455000	1184.6
6.458750	1194.5
6.462500	1149.7
6.466250	1123.9
6.470000	1121.6
6.473750	1190.4
6.477500	1164.6
6.481250	1144.3
6.485000	1168.0
6.488750	1221.4
6.492500	1188.8
6.496250	1176.7
6.500000	1159.3
6.503750	1200.3
6.507500	1066.2
6.511250	1165.8
6.515000	1244.2
6.518750	1208.2
6.522500	1165.2
6.526250	1152.8
6.530000	1175.1
6.533750	1134.0
6.537500	1128.7
6.541250	1187.4
6.545000	1159.4
6.548750	1143.3
6.552500	1182.1
6.556250	1208.5
6.560000	1203.7
6.563750	1187.9
6.567500	1225.2
6.571250	1143.9
6.575000	1172.4
6.578750	1206.0
6.582500	1218.4
6.586250	1162.8
6.590000	1138.9
6.593750	1198.3
6.597500	1160.6
6.601250	1138.9
6.605000	1185.2
6.608750	1112.2
6.612500	1218.4
6.616250	1216.4
6.620000	1146.9
6.623750	1180.8
6.627500	1219.2
6.631250	1147.2
6.635000	1184.0
6.638750	1149.9
6.642500	1180.5
6.646250	1178.9
6.650000	1241.2
6.653750	1196.8
6.657500	1169.9
6.661250	1192.8
6.665000	1216.7
6.668750	1178.8
6.672500	1105.8
6.676250	1087.7
6.680000	1181.0
6.683750	1202.7
6.687500	1156.7
6.691250	1179.6
6.695000	1208.1
6.698750	1177.1
6.702500	1140.6
6.706250	1174.5
6.710000	1148.3
6.713750	1154.1
6.717500	1220.4
6.721250	1165.5
6.725000	1182.1
6.728750	1238.5
6.732500	1153.6
6.736250	1256.6
6.740000	1160.3
6.743750	1146.7
6.747500	1201.0
6.751250	1163.9
6.755000	1127.3
6.758750	1177.9
6.762500	1151.3
6.766250	1172.7
6.770000	1149.6
6.773750	1178.9
6.777500	1215.1
6.781250	1242.7
6.785000	1160.8
6.788750	1198.5
6.792500	1155.6
6.796250	1166.5
6.800000	1225.6
6.803750	1175.7
6.807500	1175.0
6.811250	1194.4
6.815000	1143.1
6.818750	1176.3
6.822500	1213.5
6.826250	1170.7
6.830000	1185.3
6.833750	1128.6
6.837500	1123.9
6.841250	1105.6
6.845000	1179.7
6.848750	1253.3
6.852500	1219.5
6.856250	1155.5
6.860000	1228.2
6.863750	1222.0
6.867500	1145.3
6.871250	1125.8
6.875000	1192.4
6.878750	1197.3
6.882500	1155.3
6.886250	1226.0
6.890000	1212.1
6.893750	1197.9
6.897500	1100.7
6.901250	1182.9
6.905000	1160.3
6.908750	1148.8
6.912500	1199.7
6.916250	1197.0
6.920000	1144.3
6.923750	1226.1
6.927500	1193.3
6.931250	1174.9
6.935000	1184.9
6.938750	1172.2
6.942500	1208.6
6.946250	1118.1
6.950000	1196.6
6.953750	1184.3
6.957500	1155.6
6.961250	1177.6
6.965000	1195.5
6.968750	1162.1
6.972500	1131.9
6.976250	1154.5
6.980000	1189.0
6.983750	1165.5
6.987500	1160.2
6.991250	1175.5
6.995000	1167.0
6.998750	1170.2
7.002500	1126.7
7.006250	1161.5
7.010000	1138.5
7.013750	1147.3
7.017500	1165.4
7.021250	1215.9
7.025000	1191.7
7.028750	1119.7
7.032500	1153.1
7.036250	1188.8
7.040000	1135.9
7.043750	1126.3
7.047500	1156.3
7.051250	1102.9
7.055000	1105.5
7.058750	1076.3
7.062500	1148.6
7.066250	1141.6
7.070000	1170.8
7.073750	1118.6
7.077500	1155.3
7.081250	1171.0
7.085000	1131.8
7.088750	1191.6
7.092500	1169.8
7.096250	1186.6
7.100000	1163.6
7.103750	1159.5
7.107500	1162.1
7.111250	1144.3
7.115000	1151.7
7.118750	1128.6
7.122500	1206.6
7.126250	1103.8
7.130000	1150.3
7.133750	1198.1
7.137500	1172.9
7.141250	1205.6
7.145000	1144.7
7.148750	1156.5
7.152500	1161.4
7.156250	1116.7
7.160000	1147.2
7.163750	1132.6
7.167500	1154.1
7.171250	1172.3
7.175000	1174.5
7.178750	1195.7
7.182500	1201.4
7.186250	1169.0
7.190000	1165.9
7.193750	1206.4
7.197500	1188.8
7.201250	1163.6
7.205000	1189.1
7.208750	1186.9
7.212500	1138.0
7.216250	1222.5
7.220000	1219.9
7.223750	1166.1
7.227500	1136.0
7.231250	1142.4
7.235000	1255.1
7.238750	1182.9
7.242500	1112.8
7.246250	1192.8
7.250000	1156.6
7.253750	1165.5
7.257500	1213.0
7.261250	1187.9
7.265000	1204.7
7.268750	1197.3
7.272500	1216.1
7.276250	1217.3
7.280000	1212.1
7.283750	1147.6
7.287500	1174.1
7.291250	1206.7
7.295000	1228.3
7.298750	1157.8
7.302500	1148.7
7.306250	1155.8
7.310000	1199.2
7.313750	1229.9
7.317500	1236.3
7.321250	1178.4
7.325000	1260.2
7.328750	1192.1
7.332500	1144.8
7.336250	1118.9
7.340000	1132.7
7.343750	1169.3
7.347500	1179.0
7.351250	1160.9
7.355000	1193.2
7.358750	1215.7
7.362500	1181.6
7.366250	1181.0
7.370000	1167.8
7.373750	1187.9
7.377500	1184.6
7.381250	1124.5
7.385000	1145.5
7.388750	1176.8
7.392500	1240.2
7.396250	1198.0
7.400000	1095.0
7.403750	1205.6
7.407500	1178.6
7.411250	1161.0
7.415000	1148.6
7.418750	1186.3
7.422500	1178.6
7.426250	1174.2
7.430000	1162.4
7.433750	1134.2
7.437500	1163.4
7.441250	1158.9
7.445000	1180.7
7.448750	1207.1
7.452500	1169.9
7.456250	1118.6
7.460000	1135.0
7.463750	1189.8
7.467500	1182.0
7.471250	1169.4
7.475000	1184.4
7.478750	1196.8
7.482500	1193.9
7.486250	1177.2
7.490000	1180.8
7.493750	1138.8
7.497500	1135.7
7.501250	1138.7
7.505000	1153.1
7.508750	1205.3
7.512500	1182.3
7.516250	1176.1
7.520000	1221.0
7.523750	1220.4
7.527500	1186.9
7.531250	1171.4
7.535000	1114.1
7.538750	1174.6
7.542500	1199.0
7.546250	1172.2
7.550000	1184.2
7.553750	1234.8
7.557500	1204.4
7.561250	1174.4
7.565000	1140.6
7.568750	1194.3
7.572500	1206.4
7.576250	1244.4
7.580000	1227.1
7.583750	1178.0
7.587500	1195.8
7.591250	1169.4
7.595000	1159.4
7.598750	1246.1
7.602500	1173.6
7.606250	1186.2
7.610000	1141.9
7.613750	1187.1
7.617500	1221.1
7.621250	1211.7
7.625000	1152.7
7.628750	1152.9
7.632500	1184.4
7.636250	1218.2
7.640000	1204.7
7.643750	1224.5
7.647500	1228.8
7.651250	1205.5
7.655000	1161.6
7.658750	1137.4
7.662500	1194.9
7.666250	1192.8
7.670000	1229.7
7.673750	1262.2
7.677500	1206.1
7.681250	1162.5
7.685000	1112.6
7.688750	1196.1
7.692500	1208.5
7.696250	1192.9
7.700000	1137.6
7.703750	1107.3
7.707500	1180.3
7.711250	1131.5
7.715000	1140.6
7.718750	1193.4
7.722500	1174.5
7.726250	1187.4
7.730000	1142.5
7.733750	1198.6
7.737500	1222.0
7.741250	1166.7
7.745000	1149.9
7.748750	1200.3
7.752500	1191.8
7.756250	1255.2
7.760000	1182.8
7.763750	1150.7
7.767500	1173.2
7.771250	1143.3
7.775000	1221.4
7.778750	1214.7
7.782500	1207.1
7.786250	1239.9
7.790000	1208.1
7.793750	1139.0
7.797500	1159.8
7.801250	1174.1
7.805000	1173.3
7.808750	1261.5
7.812500	1194.2
7.816250	1217.7
7.820000	1237.8
7.823750	1179.3
7.827500	1213.7
7.831250	1190.9
7.835000	1187.6
7.838750	1193.4
7.842500	1189.0
7.846250	1168.5
7.850000	1204.7
7.853750	1216.5
7.857500	1217.8
7.861250	1208.1
7.865000	1210.1
7.868750	1211.9
7.872500	1204.9
7.876250	1216.8
7.880000	1164.6
7.883750	1172.2
7.887500	1152.3
7.891250	1224.0
7.895000	1169.7
7.898750	1188.8
7.902500	1229.8
7.906250	1198.2
7.910000	1222.1
7.913750	1206.0
7.917500	1195.8
7.921250	1193.2
7.925000	1194.0
7.928750	1240.8
7.932500	1228.4
7.936250	1183.9
7.940000	1233.0
7.943750	1208.0
7.947500	1176.8
7.951250	1287.9
7.955000	1204.9
7.958750	1234.2
7.962500	1215.3
7.966250	1180.1
7.970000	1260.8
7.973750	1320.9
7.977500	1347.3
7.981250	1385.3
7.985000	1380.2
7.988750	1451.7
7.992500	1462.6
7.996250	1496.0
8.000000	1529.8
8.003750	1558.1
8.007500	1482.3
8.011250	1504.9
8.015000	1490.0
8.018750	1420.7
8.022500	1375.4
8.026250	1314.3
8.030000	1233.5
8.033750	1305.7
8.037500	1239.5
8.041250	1258.9
8.045000	1252.3
8.048750	1224.1
8.052500	1225.9
8.056250	1223.4
8.060000	1250.2
8.063750	1282.2
8.067500	1254.7
8.071250	1186.9
8.075000	1201.9
8.078750	1183.1
8.082500	1198.7
8.086250	1236.4
8.090000	1270.7
8.093750	1224.7
8.097500	1281.6
8.101250	1325.3
8.105000	1241.7
8.108750	1284.0
8.112500	1210.3
8.116250	1240.8
8.120000	1196.8
8.123750	1225.9
8.127500	1195.1
8.131250	1155.1
8.135000	1185.4
8.138750	1242.2
8.142500	1214.3
8.146250	1188.9
8.150000	1153.1
8.153750	1275.4
8.157500	1268.1
8.161250	1189.2
8.165000	1197.2
8.168750	1162.6
8.172500	1181.2
8.176250	1205.5
8.180000	1170.9
8.183750	1218.0
8.187500	1185.8
8.191250	1177.8
8.195000	1169.6
8.198750	1199.5
8.202500	1243.0
8.206250	1197.4
8.210000	1259.9
8.213750	1188.6
8.217500	1202.2
8.221250	1214.3
8.225000	1198.8
8.228750	1237.9
8.232500	1220.3
8.236250	1249.3
8.240000	1148.0
8.243750	1154.9
8.247500	1214.1
8.251250	1260.2
8.255000	1237.9
8.258750	1221.6
8.262500	1224.5
8.266250	1231.5
8.270000	1237.9
8.273750	1276.9
8.277500	1168.3
8.281250	1234.8
8.285000	1250.1
8.288750	1197.7
8.292500	1177.1
8.296250	1262.1
8.300000	1244.0
8.303750	1202.9
8.307500	1240.1
8.311250	1175.7
8.315000	1273.4
8.318750	1253.1
8.322500	1225.5
8.326250	1215.3
8.330000	1236.2
8.333750	1238.2
8.337500	1157.7
8.341250	1178.9
8.345000	1242.8
8.348750	1236.5
8.352500	1234.5
8.356250	1230.0
8.360000	1218.1
8.363750	1173.7
8.367500	1262.4
8.371250	1256.5
8.375000	1157.4
8.378750	1196.3
8.382500	1199.6
8.386250	1232.3
8.390000	1224.4
8.393750	1190.8
8.397500	1289.3
8.401250	1214.2
8.405000	1227.5
8.408750	1201.8
8.412500	1190.9
8.416250	1280.0
8.420000	1247.8
8.423750	1273.9
8.427500	1221.4
8.431250	1264.8
8.435000	1213.7
8.438750	1172.4
8.442500	1200.4
8.446250	1202.0
8.450000	1213.6
8.453750	1176.0
8.457500	1175.6
8.461250	1226.1
8.465000	1243.9
8.468750	1248.5
8.472500	1199.8
8.476250	1264.9
8.480000	1230.7
8.483750	1278.5
8.487500	1281.6
8.491250	1251.0
8.495000	1263.2
8.498750	1300.8
8.502500	1265.9
8.506250	1239.2
8.510000	1307.7
8.513750	1292.9
8.517500	1260.0
8.521250	1298.5
8.525000	1270.5
8.528750	1278.9
8.532500	1267.5
8.536250	1301.3
8.540000	1194.0
8.543750	1286.9
8.547500	1205.4
8.551250	1262.7
8.555000	1263.4
8.558750	1268.4
8.562500	1241.1
8.566250	1240.5
8.570000	1268.2
8.573750	1237.8
8.577500	1249.2
8.581250	1318.2
8.585000	1283.1
8.588750	1334.9
8.592500	1265.7
8.596250	1291.1
8.600000	1226.4
8.603750	1360.4
8.607500	1297.8
8.611250	1271.2
8.615000	1266.0
8.618750	1232.3
8.622500	1281.8
8.626250	1280.5
8.630000	1324.9
8.633750	1293.0
8.637500	1259.9
8.641250	1248.5
8.645000	1321.5
8.648750	1301.8
8.652500	1200.5
8.656250	1315.2
8.660000	1326.7
8.663750	1295.3
8.667500	1305.1
8.671250	1269.3
8.675000	1306.9
8.678750	1360.8
8.682500	1322.8
8.686250	1275.7
8.690000	1244.2
8.693750	1374.3
8.697500	1374.8
8.701250	1373.2
8.705000	1309.0
8.708750	1319.5
8.712500	1363.1
8.716250	1361.8
8.720000	1306.2
8.723750	1288.7
8.727500	1318.9
8.731250	1298.3
8.735000	1331.3
8.738750	1373.3
8.742500	1346.0
8.746250	1324.8
8.750000	1408.6
8.753750	1434.5
8.757500	1331.3
8.761250	1407.7
8.765000	1407.6
8.768750	1441.7
8.772500	1353.7
8.776250	1383.3
8.780000	1403.8
8.783750	1412.3
8.787500	1482.6
8.791250	1388.0
8.795000	1399.3
8.798750	1439.6
8.802500	1491.9
8.806250	1470.6
8.810000	1465.8
8.813750	1460.6
8.817500	1502.6
8.821250	1515.5
8.825000	1459.8
8.828750	1506.1
8.832500	1412.7
8.836250	1469.6
8.840000	1549.9
8.843750	1496.7
8.847500	1479.4
8.851250	1538.1
8.855000	1456.8
8.858750	1580.2
8.862500	1646.7
8.866250	1596.6
8.870000	1624.6
8.873750	1652.4
8.877500	1575.3
8.881250	1631.6
8.885000	1698.7
8.888750	1713.6
8.892500	1704.9
8.896250	1766.8
8.900000	1770.7
8.903750	1757.7
8.907500	1820.3
8.911250	1928.1
8.915000	1829.5
8.918750	1878.9
8.922500	1893.5
8.926250	2020.0
8.930000	2023.8
8.933750	2048.1
8.937500	2176.2
8.941250	2094.4
8.945000	2250.3
8.948750	2355.4
8.952500	2470.9
8.956250	2474.0
8.960000	2480.4
8.963750	2605.5
8.967500	2708.2
8.971250	2788.9
8.975000	2899.4
8.978750	3034.8
8.982500	3164.6
8.986250	3322.9
8.990000	3579.1
8.993750	3748.1
8.997500	3925.3
9.001250	4172.6
9.005000	4387.7
9.008750	4520.1
9.012500	4794.3
9.016250	5256.5
9.020000	5443.6
9.023750	5692.4
9.027500	5780.0
9.031250	5979.8
9.035000	6149.2
9.038750	6303.9
9.042500	6353.6
9.046250	6483.2
9.050000	6648.3
9.053750	6509.9
9.057500	6548.2
9.061250	6531.7
9.065000	6593.7
9.068750	6427.0
9.072500	6321.9
9.076250	6179.0
9.080000	6109.4
9.083750	5922.7
9.087500	5706.2
9.091250	5490.9
9.095000	5340.0
9.098750	5217.1
9.102500	5063.8
9.106250	4764.6
9.110000	4581.2
9.113750	4467.1
9.117500	4442.1
9.121250	4143.4
9.125000	3927.3
9.128750	3775.9
9.132500	3776.1
9.136250	3678.9
9.140000	3400.2
9.143750	3283.1
9.147500	3126.6
9.151250	3134.7
9.155000	3019.8
9.158750	2784.4
9.162500	2772.8
9.166250	2730.9
9.170000	2618.2
9.173750	2454.5
9.177500	2434.7
9.181250	2405.0
9.185000	2322.7
9.188750	2193.0
9.192500	2219.7
9.196250	2165.8
9.200000	2098.5
9.203750	2049.0
9.207500	2090.2
9.211250	1913.8
9.215000	1963.5
9.218750	1871.0
9.222500	1878.8
9.226250	1778.5
9.230000	1882.7
9.233750	1881.7
9.237500	1789.2
9.241250	1711.3
9.245000	1774.4
9.248750	1745.5
9.252500	1668.8
9.256250	1651.0
9.260000	1653.4
9.263750	1561.5
9.267500	1593.7
9.271250	1587.4
9.275000	1609.8
9.278750	1564.4
9.282500	1526.7
9.286250	1561.8
9.290000	1625.2
9.293750	1484.2
9.297500	1484.9
9.301250	1474.2
9.305000	1510.8
9.308750	1476.2
9.312500	1436.2
9.316250	1453.6
9.320000	1458.2
9.323750	1466.4
9.327500	1443.2
9.331250	1427.2
9.335000	1498.4
9.338750	1424.4
9.342500	1432.8
9.346250	1447.4
9.350000	1431.0
9.353750	1464.9
9.357500	1451.0
9.361250	1437.0
9.365000	1453.7
9.368750	1392.4
9.372500	1328.2
9.376250	1414.1
9.380000	1352.6
9.383750	1349.2
9.387500	1367.8
9.391250	1339.9
9.395000	1420.0
9.398750	1388.7
9.402500	1370.2
9.406250	1352.9
9.410000	1379.8
9.413750	1375.8
9.417500	1357.5
9.421250	1358.9
9.425000	1321.0
9.428750	1349.5
9.432500	1341.8
9.436250	1384.5
9.440000	1323.2
9.443750	1348.0
9.447500	1310.3
9.451250	1281.6
9.455000	1340.7
9.458750	1388.3
9.462500	1343.8
9.466250	1293.4
9.470000	1345.3
9.473750	1299.6
9.477500	1394.4
9.481250	1308.0
9.485000	1305.7
9.488750	1358.8
9.492500	1325.9
9.496250	1391.8
9.500000	1342.9
9.503750	1361.2
9.507500	1384.2
9.511250	1390.3
9.515000	1306.6
9.518750	1312.7
9.522500	1334.7
9.526250	1304.4
9.530000	1279.9
9.533750	1276.2
9.537500	1307.6
9.541250	1306.2
9.545000	1311.4
9.548750	1327.7
9.552500	1325.1
9.556250	1249.7
9.560000	1382.5
9.563750	1261.3
9.567500	1289.1
9.571250	1247.9
9.575000	1292.7
9.578750	1369.4
9.582500	1379.4
9.586250	1308.7
9.590000	1284.9
9.593750	1251.1
9.597500	1284.6
9.601250	1311.1
9.605000	1297.0
9.608750	1327.5
9.612500	1304.9
9.616250	1280.1
9.620000	1315.4
9.623750	1268.0
9.627500	1295.1
9.631250	1326.6
9.635000	1279.9
9.638750	1242.7
9.642500	1306.4
9.646250	1302.8
9.650000	1339.2
9.653750	1345.2
9.657500	1325.4
9.661250	1279.4
9.665000	1284.9
9.668750	1297.9
9.672500	1309.7
9.676250	1291.5
9.680000	1343.4
9.683750	1322.7
9.687500	1362.0
9.691250	1329.6
9.695000	1285.9
9.698750	1273.5
9.702500	1316.9
9.706250	1278.4
9.710000	1255.6
9.713750	1276.3
9.717500	1266.2
9.721250	1288.8
9.725000	1280.8
9.728750	1287.8
9.732500	1365.5
9.736250	1339.2
9.740000	1268.7
9.743750	1254.1
9.747500	1315.2
9.751250	1285.8
9.755000	1311.7
9.758750	1308.1
9.762500	1296.4
9.766250	1293.8
9.770000	1264.1
9.773750	1262.8
9.777500	1266.6
9.781250	1331.9
9.785000	1279.7
9.788750	1231.7
9.792500	1333.8
9.796250	1363.7
9.800000	1290.1
9.803750	1269.1
9.807500	1283.4
9.811250	1240.6
9.815000	1320.3
9.818750	1232.1
9.822500	1297.2
9.826250	1229.7
9.830000	1298.9
9.833750	1296.8
9.837500	1368.0
9.841250	1338.8
9.845000	1272.2
9.848750	1291.8
9.852500	1256.6
9.856250	1224.8
9.860000	1287.8
9.863750	1265.9
9.867500	1331.0
9.871250	1273.0
9.875000	1310.8
9.878750	1352.3
9.882500	1291.6
9.886250	1266.6
9.890000	1294.4
9.893750	1237.1
9.897500	1293.6
9.901250	1317.3
9.905000	1245.6
9.908750	1334.4
9.912500	1408.2
9.916250	1281.3
9.920000	1323.7
9.923750	1288.4
9.927500	1279.4
9.931250	1321.6
9.935000	1283.5
9.938750	1256.1
9.942500	1259.5
9.946250	1343.2
9.950000	1289.9
9.953750	1280.1
9.957500	1309.3
9.961250	1324.1
9.965000	1325.7
9.968750	1283.6
9.972500	1292.1
9.976250	1306.7
9.980000	1311.9
9.983750	1253.2
9.987500	1258.4
9.991250	1234.7
9.995000	1302.9
9.998750	1270.1
10.002500	1246.8
10.006250	1253.8
10.010000	1312.0
10.013750	1304.0
10.017500	1347.0
10.021250	1237.2
10.025000	1304.0
10.028750	1270.6
10.032500	1311.6
10.036250	1310.3
10.040000	1319.0
10.043750	1349.0
10.047500	1309.6
10.051250	1242.7
10.055000	1339.9
10.058750	1338.0
10.062500	1301.1
10.066250	1259.4
10.070000	1329.3
10.073750	1337.3
10.077500	1353.3
10.081250	1343.2
10.085000	1400.2
10.088750	1414.0
10.092500	1365.5
10.096250	1392.7
10.100000	1434.7
10.103750	1406.6
10.107500	1396.3
10.111250	1359.4
10.115000	1306.1
10.118750	1347.8
10.122500	1334.6
10.126250	1305.3
10.130000	1278.4
10.133750	1286.4
10.137500	1251.1
10.141250	1327.6
10.145000	1354.6
10.148750	1326.7
10.152500	1347.1
10.156250	1337.8
10.160000	1366.3
10.163750	1267.2
10.167500	1337.3
10.171250	1331.0
10.175000	1334.8
10.178750	1276.7
10.182500	1302.3
10.186250	1299.6
10.190000	1401.1
10.193750	1340.2
10.197500	1274.2
10.201250	1357.1
10.205000	1305.4
10.208750	1238.3
10.212500	1335.2
10.216250	1332.5
10.220000	1321.3
10.223750	1330.5
10.227500	1321.0
10.231250	1310.1
10.235000	1340.3
10.238750	1341.6
10.242500	1295.1
10.246250	1335.5
10.250000	1319.7
10.253750	1299.2
10.257500	1294.9
10.261250	1260.9
10.265000	1290.2
10.268750	1306.8
10.272500	1352.9
10.276250	1334.1
10.280000	1353.1
10.283750	1308.7
10.287500	1351.7
10.291250	1302.0
10.295000	1338.5
10.298750	1309.3
10.302500	1327.3
10.306250	1334.2
10.310000	1313.2
10.313750	1326.9
10.317500	1306.6
10.321250	1305.0
10.325000	1355.4
10.328750	1334.0
10.332500	1291.2
10.336250	1322.5
10.340000	1298.3
10.343750	1290.6
10.347500	1353.1
10.351250	1353.0
10.355000	1263.2
10.358750	1323.6
10.362500	1335.7
10.366250	1351.1
10.370000	1359.5
10.373750	1369.0
10.377500	1415.4
10.381250	1273.6
10.385000	1290.1
10.388750	1336.7
10.392500	1321.0
10.396250	1320.2
10.400000	1351.9
10.403750	1346.8
10.407500	1356.0
10.411250	1390.8
10.415000	1328.6
10.418750	1361.6
10.422500	1316.9
10.426250	1280.7
10.430000	1377.8
10.433750	1342.3
10.437500	1325.6
10.441250	1318.7
10.445000	1340.8
10.448750	1375.6
10.452500	1396.1
10.456250	1360.3
10.460000	1331.0
10.463750	1362.3
10.467500	1362.7
10.471250	1343.3
10.475000	1366.7
10.478750	1307.5
10.482500	1347.5
10.486250	1316.8
10.490000	1378.8
10.493750	1397.1
10.497500	1322.5
10.501250	1284.5
10.505000	1346.2
10.508750	1309.5
10.512500	1355.5
10.516250	1353.6
10.520000	1301.7
10.523750	1422.4
10.527500	1400.1
10.531250	1356.7
10.535000	1315.5
10.538750	1333.0
10.542500	1266.7
10.546250	1359.9
10.550000	1359.9
10.553750	1408.2
10.557500	1221.4
10.561250	1309.7
10.565000	1366.3
10.568750	1322.8
10.572500	1381.5
10.576250	1390.7
10.580000	1246.8
10.583750	1280.5
10.587500	1408.8
10.591250	1320.9
10.595000	1287.8
10.598750	1343.7
10.602500	1377.7
10.606250	1316.9
10.610000	1319.2
10.613750	1454.7
10.617500	1367.5
10.621250	1360.4
10.625000	1437.5
10.628750	1350.4
10.632500	1297.7
10.636250	1387.0
10.640000	1349.7
10.643750	1373.2
10.647500	1378.2
10.651250	1457.5
10.655000	1396.9
10.658750	1356.9
10.662500	1324.0
10.666250	1337.8
10.670000	1327.0
10.673750	1409.4
10.677500	1452.9
10.681250	1379.9
10.685000	1337.8
10.688750	1345.8
10.692500	1331.2
10.696250	1379.3
10.700000	1317.1
10.703750	1297.5
10.707500	1403.5
10.711250	1439.4
10.715000	1429.5
10.718750	1398.5
10.722500	1392.2
10.726250	1373.6
10.730000	1371.4
10.733750	1395.9
10.737500	1401.6
10.741250	1371.1
10.745000	1336.2
10.748750	1349.3
10.752500	1397.8
10.756250	1330.0
10.760000	1390.1
10.763750	1374.8
10.767500	1378.7
10.771250	1364.8
10.775000	1321.0
10.778750	1365.5
10.782500	1402.1
10.786250	1297.8
10.790000	1349.5
10.793750	1395.5
10.797500	1426.0
10.801250	1316.3
10.805000	1413.5
10.808750	1329.2
10.812500	1331.2
10.816250	1387.1
10.820000	1396.2
10.823750	1357.2
10.827500	1351.0
10.831250	1408.9
10.835000	1345.9
10.838750	1387.5
10.842500	1320.9
10.846250	1353.5
10.850000	1396.5
10.853750	1331.5
10.857500	1420.6
10.861250	1355.3
10.865000	1294.6
10.868750	1352.1
10.872500	1361.3
10.876250	1366.7
10.880000	1430.0
10.883750	1422.5
10.887500	1378.3
10.891250	1390.0
10.895000	1363.3
10.898750	1402.1
10.902500	1415.2
10.906250	1369.1
10.910000	1363.1
10.913750	1402.2
10.917500	1381.0
10.921250	1345.0
10.925000	1393.9
10.928750	1345.1
10.932500	1361.5
10.936250	1424.2
10.940000	1369.9
10.943750	1391.4
10.947500	1376.0
10.951250	1412.2
10.955000	1430.8
10.958750	1423.6
10.962500	1381.5
10.966250	1417.1
10.970000	1364.5
10.973750	1404.7
10.977500	1298.1
10.981250	1353.7
10.985000	1419.9
10.988750	1409.5
10.992500	1356.1
10.996250	1309.6
11.000000	1500.9
11.003750	1371.0
11.007500	1418.7
11.011250	1435.6
11.015000	1398.1
11.018750	1499.4
11.022500	1438.9
11.026250	1313.0
11.030000	1359.1
11.033750	1382.9
11.037500	1415.0
11.041250	1353.5
11.045000	1427.1
11.048750	1417.0
11.052500	1463.1
11.056250	1393.0
11.060000	1433.2
11.063750	1452.4
11.067500	1348.4
11.071250	1526.8
11.075000	1461.3
11.078750	1350.7
11.082500	1361.4
11.086250	1418.9
11.090000	1383.1
11.093750	1444.0
11.097500	1459.8
11.101250	1435.4
11.105000	1425.4
11.108750	1452.5
11.112500	1451.1
11.116250	1478.0
11.120000	1478.2
11.123750	1413.1
11.127500	1435.2
11.131250	1493.0
11.135000	1348.5
11.138750	1379.9
11.142500	1394.8
11.146250	1400.2
11.150000	1396.3
11.153750	1465.8
11.157500	1390.0
11.161250	1401.2
11.165000	1391.5
11.168750	1443.3
11.172500	1390.2
11.176250	1364.9
11.180000	1391.3
11.183750	1444.3
11.187500	1461.8
11.191250	1445.8
11.195000	1390.5
11.198750	1422.7
11.202500	1366.7
11.206250	1338.4
11.210000	1412.9
11.213750	1393.7
11.217500	1453.2
11.221250	1449.1
11.225000	1454.0
11.228750	1357.2
11.232500	1513.4
11.236250	1425.0
11.240000	1433.8
11.243750	1374.6
11.247500	1471.5
11.251250	1446.2
11.255000	1429.0
11.258750	1450.5
11.262500	1415.9
11.266250	1418.3
11.270000	1381.9
11.273750	1467.2
11.277500	1489.1
11.281250	1505.4
11.285000	1428.5
11.288750	1392.5
11.292500	1424.6
11.296250	1439.7
11.300000	1414.3
11.303750	1343.8
11.307500	1424.3
11.311250	1437.3
11.315000	1401.3
11.318750	1374.4
11.322500	1367.6
11.326250	1493.7
11.330000	1467.5
11.333750	1414.4
11.337500	1372.1
11.341250	1461.1
11.345000	1413.3
11.348750	1415.3
11.352500	1464.6
11.356250	1442.7
11.360000	1474.7
11.363750	1436.6
11.367500	1434.7
11.371250	1480.1
11.375000	1434.9
11.378750	1401.0
11.382500	1488.6
11.386250	1457.7
11.390000	1436.0
11.393750	1492.8
11.397500	1462.9
11.401250	1417.8
11.405000	1404.4
11.408750	1426.2
11.412500	1449.6
11.416250	1398.0
11.420000	1474.4
11.423750	1511.3
11.427500	1471.3
11.431250	1433.3
11.435000	1412.7
11.438750	1407.6
11.442500	1431.8
11.446250	1478.7
11.450000	1439.0
11.453750	1437.0
11.457500	1454.8
11.461250	1443.1
11.465000	1386.4
11.468750	1471.4
11.472500	1531.7
11.476250	1510.9
11.480000	1405.7
11.483750	1467.1
11.487500	1489.7
11.491250	1507.4
11.495000	1435.4
11.498750	1443.4
11.502500	1422.7
11.506250	1470.2
11.510000	1424.6
11.513750	1465.5
11.517500	1419.3
11.521250	1484.9
11.525000	1511.2
11.528750	1500.7
11.532500	1522.2
11.536250	1440.3
11.540000	1433.9
11.543750	1450.5
11.547500	1457.0
11.551250	1487.5
11.555000	1499.1
11.558750	1451.6
11.562500	1410.5
11.566250	1483.2
11.570000	1486.0
11.573750	1506.8
11.577500	1452.5
11.581250	1484.1
11.585000	1465.6
11.588750	1410.0
11.592500	1477.8
11.596250	1523.3
11.600000	1569.3
11.603750	1551.5
11.607500	1480.9
11.611250	1447.7
11.615000	1449.1
11.618750	1429.1
11.622500	1507.3
11.626250	1517.2
11.630000	1447.6
11.633750	1486.9
11.637500	1488.2
11.641250	1496.1
11.645000	1485.7
11.648750	1546.4
11.652500	1500.6
11.656250	1447.4
11.660000	1452.5
11.663750	1445.3
11.667500	1544.1
11.671250	1498.9
11.675000	1441.2
11.678750	1449.4
11.682500	1444.8
11.686250	1515.9
11.690000	1476.4
11.693750	1518.6
11.697500	1574.2
11.701250	1508.1
11.705000	1462.4
11.708750	1456.0
11.712500	1560.6
11.716250	1514.0
11.720000	1480.6
11.723750	1474.8
11.727500	1525.4
11.731250	1536.2
11.735000	1521.5
11.738750	1546.4
11.742500	1504.2
11.746250	1425.2
11.750000	1459.7
11.753750	1532.0
11.757500	1538.5
11.761250	1464.3
11.765000	1511.8
11.768750	1540.4
11.772500	1477.1
11.776250	1507.3
11.780000	1511.4
11.783750	1484.2
11.787500	1485.5
11.791250	1563.4
11.795000	1517.9
11.798750	1437.7
11.802500	1484.1
11.806250	1470.8
11.810000	1575.4
11.813750	1487.0
11.817500	1462.2
11.821250	1572.2
11.825000	1494.4
11.828750	1557.3
11.832500	1483.9
11.836250	1503.2
11.840000	1541.8
11.843750	1500.3
11.847500	1567.5
11.851250	1597.7
11.855000	1517.5
11.858750	1538.6
11.862500	1416.5
11.866250	1425.7
11.870000	1540.1
11.873750	1526.6
11.877500	1533.1
11.881250	1418.9
11.885000	1546.1
11.888750	1504.3
11.892500	1504.8
11.896250	1463.8
11.900000	1500.6
11.903750	1485.8
11.907500	1495.3
11.911250	1529.1
11.915000	1599.7
11.918750	1552.0
11.922500	1603.3
11.926250	1523.8
11.930000	1565.5
11.933750	1515.1
11.937500	1499.2
11.941250	1540.8
11.945000	1551.8
11.948750	1548.3
11.952500	1665.4
11.956250	1579.7
11.960000	1567.5
11.963750	1539.1
11.967500	1570.4
11.971250	1499.5
11.975000	1559.3
11.978750	1522.7
11.982500	1567.0
11.986250	1512.3
11.990000	1546.8
11.993750	1488.0
11.997500	1525.5
12.001250	1564.8
12.005000	1567.5
12.008750	1543.4
12.012500	1541.9
12.016250	1542.7
12.020000	1504.8
12.023750	1498.8
12.027500	1593.9
12.031250	1583.3
12.035000	1556.4
12.038750	1548.7
12.042500	1566.7
12.046250	1554.1
12.050000	1488.5
12.053750	1543.0
12.057500	1592.3
12.061250	1602.4
12.065000	1526.6
12.068750	1626.1
12.072500	1540.7
12.076250	1440.1
12.080000	1561.5
12.083750	1664.9
12.087500	1578.9
12.091250	1573.7
12.095000	1566.3
12.098750	1540.6
12.102500	1524.3
12.106250	1577.3
12.110000	1532.4
12.113750	1581.4
12.117500	1555.2
12.121250	1601.7
12.125000	1561.1
12.128750	1611.5
12.132500	1589.5
12.136250	1620.2
12.140000	1570.7
12.143750	1587.3
12.147500	1521.9
12.151250	1578.2
12.155000	1537.9
12.158750	1573.6
12.162500	1554.5
12.166250	1538.9
12.170000	1608.4
12.173750	1622.0
12.177500	1591.4
12.181250	1493.8
12.185000	1529.5
12.188750	1585.1
12.192500	1614.8
12.196250	1567.5
12.200000	1601.1
12.203750	1636.8
12.207500	1557.1
12.211250	1602.8
12.215000	1573.4
12.218750	1616.4
12.222500	1540.4
12.226250	1641.5
12.230000	1596.4
12.233750	1547.0
12.237500	1549.6
12.241250	1674.0
12.245000	1617.3
12.248750	1528.3
12.252500	1596.2
12.256250	1615.4
12.260000	1614.0
12.263750	1621.6
12.267500	1553.9
12.271250	1595.7
12.275000	1623.5
12.278750	1585.5
12.282500	1612.3
12.286250	1561.8
12.290000	1593.6
12.293750	1584.3
12.297500	1457.8
12.301250	1607.1
12.305000	1561.8
12.308750	1556.4
12.312500	1598.1
12.316250	1541.8
12.320000	1560.0
12.323750	1614.1
12.327500	1589.9
12.331250	1578.9
12.335000	1600.0
12.338750	1663.5
12.342500	1635.2
12.346250	1629.4
12.350000	1591.3
12.353750	1613.6
12.357500	1599.0
12.361250	1566.7
12.365000	1616.4
12.368750	1650.8
12.372500	1605.5
12.376250	1556.4
12.380000	1580.9
12.383750	1649.2
12.387500	1597.4
12.391250	1637.4
12.395000	1595.7
12.398750	1657.2
12.402500	1648.6
12.406250	1641.1
12.410000	1590.5
12.413750	1669.1
12.417500	1570.4
12.421250	1602.2
12.425000	1575.0
12.428750	1638.6
12.432500	1657.8
12.436250	1633.0
12.440000	1630.2
12.443750	1705.3
12.447500	1653.5
12.451250	1549.9
12.455000	1604.2
12.458750	1671.3
12.462500	1572.5
12.466250	1583.9
12.470000	1626.9
12.473750	1633.4
12.477500	1636.3
12.481250	1643.8
12.485000	1655.6
12.488750	1660.4
12.492500	1685.8
12.496250	1625.2
12.500000	1640.1
12.503750	1655.0
12.507500	1641.6
12.511250	1567.3
12.515000	1605.3
12.518750	1700.0
12.522500	1709.9
12.526250	1635.3
12.530000	1560.9
12.533750	1662.9
12.537500	1668.3
12.541250	1671.3
12.545000	1674.7
12.548750	1666.7
12.552500	1657.0
12.556250	1606.7
12.560000	1533.7
12.563750	1627.5
12.567500	1676.6
12.571250	1676.6
12.575000	1590.0
12.578750	1665.9
12.582500	1622.2
12.586250	1637.8
12.590000	1705.3
12.593750	1620.7
12.597500	1622.3
12.601250	1760.2
12.605000	1672.5
12.608750	1684.4
12.612500	1625.9
12.616250	1658.0
12.620000	1682.0
12.623750	1632.9
12.627500	1660.3
12.631250	1722.3
12.635000	1694.6
12.638750	1692.9
12.642500	1629.4
12.646250	1645.4
12.650000	1713.8
12.653750	1703.5
12.657500	1693.3
12.661250	1705.5
12.665000	1733.8
12.668750	1698.1
12.672500	1643.9
12.676250	1626.4
12.680000	1745.1
12.683750	1687.5
12.687500	1737.5
12.691250	1692.5
12.695000	1668.9
12.698750	1659.9
12.702500	1662.3
12.706250	1658.8
12.710000	1715.2
12.713750	1681.8
12.717500	1668.6
12.721250	1711.8
12.725000	1743.2
12.728750	1727.6
12.732500	1769.3
12.736250	1772.4
12.740000	1788.4
12.743750	1678.1
12.747500	1708.3
12.751250	1726.2
12.755000	1775.2
12.758750	1802.5
12.762500	1823.6
12.766250	1790.1
12.770000	1797.2
12.773750	1838.4
12.777500	1842.7
12.781250	1781.3
12.785000	1937.6
12.788750	1921.9
12.792500	1918.4
12.796250	1865.7
12.800000	1855.8
12.803750	1941.8
12.807500	1932.7
12.811250	1883.3
12.815000	1986.5
12.818750	2044.0
12.822500	2048.1
12.826250	1979.4
12.830000	2063.4
12.833750	2161.5
12.837500	2133.4
12.841250	2087.7
12.845000	2080.8
12.848750	2163.4
12.852500	2136.4
12.856250	2137.0
12.860000	2085.6
12.863750	2031.2
12.867500	2083.2
12.871250	2009.9
12.875000	2061.4
12.878750	2089.7
12.882500	2039.7
12.886250	1953.4
12.890000	1987.1
12.893750	2045.5
12.897500	2049.5
12.901250	2042.9
12.905000	2032.4
12.908750	1981.6
12.912500	1882.6
12.916250	1827.7
12.920000	1887.4
12.923750	1903.0
12.927500	1914.8
12.931250	1859.3
12.935000	1911.4
12.938750	1919.2
12.942500	1884.0
12.946250	1881.1
12.950000	1790.1
12.953750	1772.6
12.957500	1816.8
12.961250	1782.8
12.965000	1789.7
12.968750	1783.5
12.972500	1812.3
12.976250	1822.7
12.980000	1769.2
12.983750	1816.6
12.987500	1738.1
12.991250	1694.8
12.995000	1783.3
12.998750	1731.1
13.002500	1702.8
13.006250	1796.2
13.010000	1785.8
13.013750	1761.4
13.017500	1709.9
13.021250	1683.2
13.025000	1696.1
13.028750	1679.5
13.032500	1736.6
13.036250	1761.0
13.040000	1748.2
13.043750	1696.5
13.047500	1686.4
13.051250	1732.1
13.055000	1756.0
13.058750	1700.6
13.062500	1683.8
13.066250	1702.8
13.070000	1735.2
13.073750	1733.2
13.077500	1813.5
13.081250	1751.0
13.085000	1751.5
13.088750	1779.4
13.092500	1831.0
13.096250	1805.2
13.100000	1706.0
13.103750	1660.0
13.107500	1700.1
13.111250	1718.7
13.115000	1694.4
13.118750	1762.0
13.122500	1847.8
13.126250	1750.7
13.130000	1762.4
13.133750	1734.8
13.137500	1758.2
13.141250	1717.1
13.145000	1738.1
13.148750	1823.3
13.152500	1808.1
13.156250	1782.4
13.160000	1851.4
13.163750	1855.3
13.167500	1890.7
13.171250	1819.0
13.175000	1879.4
13.178750	1848.4
13.182500	1758.7
13.186250	1796.6
13.190000	1906.4
13.193750	1778.5
13.197500	1818.5
13.201250	1818.8
13.205000	1720.7
13.208750	1792.4
13.212500	1768.8
13.216250	1755.7
13.220000	1751.8
13.223750	1798.5
13.227500	1789.0
13.231250	1718.8
13.235000	1806.3
13.238750	1812.0
13.242500	1739.2
13.246250	1785.6
13.250000	1717.1
13.253750	1817.5
13.257500	1773.6
13.261250	1709.8
13.265000	1748.6
13.268750	1732.5
13.272500	1722.9
13.276250	1803.7
13.280000	1697.8
13.283750	1725.2
13.287500	1809.3
13.291250	1785.0
13.295000	1688.1
13.298750	1752.4
13.302500	1720.6
13.306250	1661.1
13.310000	1681.3
13.313750	1797.7
13.317500	1806.8
13.321250	1686.3
13.325000	1706.6
13.328750	1679.6
13.332500	1735.9
13.336250	1744.2
13.340000	1723.1
13.343750	1626.3
13.347500	1691.0
13.351250	1772.0
13.355000	1689.7
13.358750	1746.8
13.362500	1764.4
13.366250	1682.7
13.370000	1798.9
13.373750	1648.9
13.377500	1699.0
13.381250	1797.1
13.385000	1789.5
13.388750	1773.9
13.392500	1735.5
13.396250	1802.0
13.400000	1732.2
13.403750	1758.5
13.407500	1728.3
13.411250	1676.3
13.415000	1719.1
13.418750	1685.7
13.422500	1703.7
13.426250	1701.9
13.430000	1802.2
13.433750	1711.7
13.437500	1707.3
13.441250	1696.5
13.445000	1707.7
13.448750	1816.4
13.452500	1853.3
13.456250	1949.1
13.460000	2171.0
13.463750	2494.3
13.467500	2854.1
13.471250	2957.2
13.475000	3121.1
13.478750	2998.4
13.482500	2854.5
13.486250	2612.3
13.490000	2277.7
13.493750	2106.8
13.497500	1955.2
13.501250	1809.8
13.505000	1862.6
13.508750	1728.3
13.512500	1774.3
13.516250	1803.8
13.520000	1738.4
13.523750	1791.1
13.527500	1760.0
13.531250	1736.6
13.535000	1732.4
13.538750	1746.6
13.542500	1735.5
13.546250	1757.5
13.550000	1657.7
13.553750	1736.1
13.557500	1796.3
13.561250	1790.4
13.565000	1737.3
13.568750	1800.2
13.572500	1707.4
13.576250	1753.0
13.580000	1764.4
13.583750	1741.1
13.587500	1721.4
13.591250	1753.2
13.595000	1735.6
13.598750	1736.5
13.602500	1779.8
13.606250	1786.7
13.610000	1816.0
13.613750	1743.3
13.617500	1747.9
13.621250	1777.9
13.625000	1842.9
13.628750	1722.4
13.632500	1765.0
13.636250	1728.5
13.640000	1810.2
13.643750	1871.1
13.647500	1745.2
13.651250	1798.9
13.655000	1792.1
13.658750	1799.4
13.662500	1844.2
13.666250	1773.2
13.670000	1835.2
13.673750	1846.7
13.677500	1815.7
13.681250	1818.2
13.685000	1789.5
13.688750	1800.9
13.692500	1813.7
13.696250	1803.1
13.700000	1835.0
13.703750	1884.2
13.707500	1825.7
13.711250	1840.5
13.715000	1907.0
13.718750	1802.0
13.722500	1821.3
13.726250	1895.0
13.730000	1794.1
13.733750	1940.8
13.737500	1858.2
13.741250	1937.4
13.745000	1946.8
13.748750	1974.0
13.752500	1932.5
13.756250	1907.6
13.760000	1975.3
13.763750	1905.0
13.767500	1916.2
13.771250	1850.9
13.775000	1895.9
13.778750	1898.3
13.782500	1881.3
13.786250	1864.2
13.790000	1856.6
13.793750	1910.9
13.797500	1845.7
13.801250	1899.5
13.805000	1902.5
13.808750	1926.2
13.812500	1851.1
13.816250	1901.8
13.820000	1845.3
13.823750	1886.2
13.827500	1864.2
13.831250	1857.2
13.835000	1820.6
13.838750	1938.9
13.842500	1944.4
13.846250	1886.1
13.850000	1886.5
13.853750	1949.6
13.857500	1844.3
13.861250	1757.1
13.865000	1946.7
13.868750	1927.9
13.872500	1861.2
13.876250	1841.2
13.880000	1935.5
13.883750	1929.9
13.887500	1889.3
13.891250	1908.0
13.895000	1900.6
13.898750	1929.8
13.902500	1935.6
13.906250	1938.1
13.910000	1929.0
13.913750	1896.2
13.917500	1804.6
13.921250	1849.0
13.925000	1841.4
13.928750	1862.3
13.932500	1847.1
13.936250	1892.2
13.940000	1865.3
13.943750	1887.8
13.947500	1817.4
13.951250	1829.0
13.955000	1860.3
13.958750	1865.3
13.962500	1832.0
13.966250	1825.9
13.970000	1844.1
13.973750	1874.9
13.977500	1881.3
13.981250	1866.6
13.985000	1810.3
13.988750	1753.7
13.992500	1860.6
13.996250	1833.7
14.000000	1893.6
14.003750	1824.3
14.007500	1846.0
14.011250	1770.3
14.015000	1831.2
14.018750	1850.7
14.022500	1827.3
14.026250	1877.9
14.030000	1866.8
14.033750	1849.0
14.037500	1812.4
14.041250	1923.8
14.045000	1859.6
14.048750	1796.7
14.052500	1825.6
14.056250	1870.1
14.060000	1827.8
14.063750	1845.7
14.067500	1847.8
14.071250	1848.1
14.075000	1862.9
14.078750	1778.6
14.082500	1804.2
14.086250	1840.3
14.090000	1860.0
14.093750	1796.9
14.097500	1867.7
14.101250	1848.7
14.105000	1938.1
14.108750	1942.6
14.112500	1901.6
14.116250	1879.4
14.120000	1907.3
14.123750	1917.5
14.127500	1866.6
14.131250	1856.6
14.135000	1885.1
14.138750	1795.2
14.142500	1884.2
14.146250	1930.1
14.150000	1829.5
14.153750	1835.9
14.157500	1812.6
14.161250	1864.0
14.165000	1817.8
14.168750	1928.0
14.172500	1906.5
14.176250	1831.3
14.180000	1881.1
14.183750	1925.4
14.187500	1868.9
14.191250	1887.1
14.195000	1897.7
14.198750	1884.2
14.202500	1916.4
14.206250	1860.2
14.210000	1832.2
14.213750	1839.0
14.217500	1891.7
14.221250	1906.1
14.225000	1919.0
14.228750	1852.4
14.232500	1926.4
14.236250	1893.6
14.240000	1897.8
14.243750	1872.8
14.247500	1867.5
14.251250	1838.1
14.255000	1921.3
14.258750	1865.3
14.262500	1897.1
14.266250	1870.2
14.270000	1909.1
14.273750	1871.9
14.277500	1926.6
14.281250	1974.7
14.285000	1957.1
14.288750	1944.1
14.292500	1955.0
14.296250	1934.1
14.300000	1936.7
14.303750	1953.5
14.307500	1870.6
14.311250	1818.2
14.315000	1944.1
14.318750	1912.2
14.322500	1930.6
14.326250	1906.0
14.330000	1929.7
14.333750	1933.4
14.337500	2014.3
14.341250	1947.2
14.345000	1964.0
14.348750	1970.7
14.352500	1959.4
14.356250	1960.0
14.360000	2056.9
14.363750	1905.0
14.367500	1817.3
14.371250	2025.6
14.375000	2001.7
14.378750	1955.7
14.382500	1968.0
14.386250	1907.4
14.390000	1935.1
14.393750	1917.5
14.397500	2037.3
14.401250	1938.1
14.405000	1913.2
14.408750	1896.1
14.412500	1960.6
14.416250	1882.5
14.420000	1904.6
14.423750	1962.2
14.427500	1907.9
14.431250	1890.5
14.435000	1882.3
14.438750	1858.5
14.442500	1919.9
14.446250	1880.7
14.450000	1845.7
14.453750	1872.2
14.457500	1824.9
14.461250	1826.8
14.465000	1883.7
14.468750	1869.9
14.472500	1837.9
14.476250	1826.0
14.480000	1870.2
14.483750	1947.4
14.487500	1869.1
14.491250	1842.3
14.495000	1852.8
14.498750	1860.6
14.502500	1808.2
14.506250	1881.3
14.510000	1859.0
14.513750	1888.2
14.517500	1928.9
14.521250	1793.0
14.525000	1814.6
14.528750	1899.4
14.532500	1899.4
14.536250	1869.0
14.540000	1877.3
14.543750	1852.7
14.547500	1872.3
14.551250	1870.3
14.555000	1892.2
14.558750	1925.1
14.562500	1852.4
14.566250	1890.3
14.570000	1816.3
14.573750	1911.0
14.577500	1917.7
14.581250	1857.0
14.585000	1896.4
14.588750	1965.9
14.592500	1928.1
14.596250	1908.1
14.600000	1817.1
14.603750	1864.9
14.607500	1841.9
14.611250	1901.4
14.615000	1876.8
14.618750	1924.6
14.622500	1882.4
14.626250	1868.6
14.630000	1856.8
14.633750	1869.1
14.637500	1923.4
14.641250	1833.3
14.645000	1883.9
14.648750	1956.2
14.652500	1962.3
14.656250	1900.3
14.660000	1919.9
14.663750	1908.6
14.667500	1893.3
14.671250	1835.5
14.675000	1960.2
14.678750	1904.1
14.682500	1902.0
14.686250	1923.7
14.690000	1927.7
14.693750	1869.6
14.697500	1884.3
14.701250	1784.6
14.705000	1873.3
14.708750	1862.3
14.712500	1924.9
14.716250	1898.4
14.720000	1914.6
14.723750	1834.8
14.727500	1890.0
14.731250	1948.1
14.735000	1836.0
14.738750	1803.4
14.742500	1835.8
14.746250	1842.8
14.750000	1857.9
14.753750	1922.6
14.757500	1898.6
14.761250	1976.3
14.765000	1898.0
14.768750	1875.5
14.772500	1873.0
14.776250	1880.8
14.780000	1941.3
14.783750	1922.1
14.787500	1877.9
14.791250	1960.3
14.795000	1863.1
14.798750	1897.5
14.802500	1840.0
14.806250	1942.2
14.810000	1849.2
14.813750	1935.5
14.817500	1966.4
14.821250	1897.2
14.825000	1895.2
14.828750	1897.4
14.832500	1894.5
14.836250	1923.7
14.840000	1916.2
14.843750	1901.1
14.847500	1883.4
14.851250	1934.1
14.855000	1956.2
14.858750	1922.3
14.862500	1884.2
14.866250	1946.1
14.870000	1906.8
14.873750	1858.9
14.877500	1849.7
14.881250	1913.8
14.885000	1913.8
14.888750	1898.5
14.892500	1986.6
14.896250	1966.2
14.900000	1880.8
14.903750	1890.6
14.907500	1941.4
14.911250	1948.0
14.915000	1854.3
14.918750	2003.5
14.922500	2002.2
14.926250	1877.3
14.930000	1884.2
14.933750	1989.1
14.937500	1961.0
14.941250	1951.6
14.945000	1966.1
14.948750	1987.9
14.952500	2018.5
14.956250	2025.8
14.960000	2019.8
14.963750	1983.3
14.967500	1969.2
14.971250	2044.3
14.975000	1967.1
14.978750	1970.8
14.982500	1923.7
14.986250	1972.5
14.990000	1887.3
14.993750	1917.0
14.997500	1929.0
15.001250	1899.7
15.005000	2002.0
15.008750	1886.9
15.012500	1942.9
15.016250	1915.1
15.020000	1910.2
15.023750	1989.2
15.027500	1967.7
15.031250	1875.4
15.035000	1929.2
15.038750	1921.6
15.042500	1957.5
15.046250	1975.0
15.050000	1969.6
15.053750	1906.3
15.057500	1935.1
15.061250	1983.6
15.065000	1960.9
15.068750	1903.6
15.072500	1988.4
15.076250	2018.9
15.080000	1889.2
15.083750	1976.3
15.087500	1956.4
15.091250	2001.5
15.095000	1941.8
15.098750	1897.8
15.102500	1854.4
15.106250	1916.0
15.110000	1926.3
15.113750	1916.0
15.117500	2012.7
15.121250	1931.3
15.125000	1903.2
15.128750	1940.1
15.132500	1918.5
15.136250	1976.7
15.140000	1971.1
15.143750	2000.4
15.147500	2000.4
15.151250	1963.8
15.155000	1994.5
15.158750	1941.8
15.162500	2038.2
15.166250	1938.5
15.170000	1998.5
15.173750	1947.9
15.177500	1933.4
15.181250	2080.7
15.185000	1950.2
15.188750	1977.3
15.192500	2016.0
15.196250	1960.0
15.200000	2036.7
15.203750	1967.3
15.207500	1961.7
15.211250	2069.4
15.215000	2006.8
15.218750	1946.9
15.222500	1978.5
15.226250	1959.3
15.230000	2041.0
15.233750	1961.1
15.237500	2004.6
15.241250	2102.0
15.245000	2060.3
15.248750	1946.5
15.252500	2015.2
15.256250	2032.3
15.260000	2006.1
15.263750	2054.5
15.267500	2030.3
15.271250	1987.5
15.275000	2053.9
15.278750	2028.3
15.282500	1990.9
15.286250	2099.7
15.290000	2091.2
15.293750	1989.4
15.297500	2080.0
15.301250	2024.9
15.305000	2030.0
15.308750	2137.3
15.312500	2041.4
15.316250	2041.4
15.320000	2104.5
15.323750	2059.8
15.327500	2056.2
15.331250	2152.3
15.335000	2104.9
15.338750	2113.8
15.342500	2113.0
15.346250	2134.6
15.350000	2178.0
15.353750	2125.6
15.357500	2080.4
15.361250	2129.9
15.365000	2250.7
15.368750	2145.5
15.372500	2063.5
15.376250	2172.3
15.380000	2189.0
15.383750	2126.1
15.387500	2107.4
15.391250	2250.7
15.395000	2172.6
15.398750	2150.7
15.402500	2176.1
15.406250	2227.7
15.410000	2139.6
15.413750	2220.4
15.417500	2156.4
15.421250	2190.5
15.425000	2159.2
15.428750	2242.0
15.432500	2166.1
15.436250	2208.2
15.440000	2278.1
15.443750	2324.1
15.447500	2267.6
15.451250	2246.6
15.455000	2300.9
15.458750	2362.6
15.462500	2324.5
15.466250	2300.4
15.470000	2363.5
15.473750	2296.4
15.477500	2374.4
15.481250	2341.2
15.485000	2376.7
15.488750	2374.1
15.492500	2429.6
15.496250	2312.7
15.500000	2341.0
15.503750	2407.0
15.507500	2446.3
15.511250	2646.0
15.515000	2482.6
15.518750	2522.6
15.522500	2623.9
15.526250	2579.3
15.530000	2562.1
15.533750	2650.1
15.537500	2712.3
15.541250	2730.6
15.545000	2727.9
15.548750	2669.3
15.552500	2729.7
15.556250	2801.5
15.560000	2792.6
15.563750	2914.3
15.567500	2917.3
15.571250	2998.0
15.575000	3048.4
15.578750	3077.0
15.582500	3255.2
15.586250	3239.9
15.590000	3237.1
15.593750	3380.6
15.597500	3419.0
15.601250	3467.9
15.605000	3465.2
15.608750	3517.7
15.612500	3671.5
15.616250	3754.3
15.620000	3836.2
15.623750	3919.3
15.627500	4049.6
15.631250	4221.3
15.635000	4283.7
15.638750	4376.9
15.642500	4573.0
15.646250	4620.4
15.650000	4692.0
15.653750	4969.8
15.657500	5211.2
15.661250	5330.7
15.665000	5336.6
15.668750	5612.6
15.672500	5693.2
15.676250	5695.8
15.680000	5825.1
15.683750	5924.4
15.687500	6005.4
15.691250	6066.4
15.695000	6257.6
15.698750	6496.9
15.702500	6471.1
15.706250	6577.9
15.710000	6579.8
15.713750	6806.8
15.717500	6877.9
15.721250	7061.0
15.725000	6992.0
15.728750	7233.6
15.732500	7602.6
15.736250	7633.1
15.740000	7586.7
15.743750	7767.4
15.747500	7848.3
15.751250	7926.6
15.755000	8066.4
15.758750	8039.6
15.762500	8007.5
15.766250	8054.5
15.770000	8056.3
15.773750	7993.7
15.777500	7796.8
15.781250	7736.2
15.785000	7627.0
15.788750	7509.2
15.792500	7319.4
15.796250	7116.4
15.800000	6981.9
15.803750	6955.1
15.807500	6604.8
15.811250	6530.7
15.815000	6280.6
15.818750	5919.6
15.822500	5827.9
15.826250	5546.7
15.830000	5370.0
15.833750	5348.5
15.837500	5045.6
15.841250	4955.3
15.845000	4759.0
15.848750	4548.6
15.852500	4526.8
15.856250	4405.7
15.860000	4190.1
15.863750	4118.8
15.867500	3935.5
15.871250	3864.8
15.875000	3809.1
15.878750	3714.0
15.882500	3652.2
15.886250	3495.0
15.890000	3388.2
15.893750	3382.5
15.897500	3344.7
15.901250	3327.7
15.905000	3253.2
15.908750	3014.2
15.912500	2978.7
15.916250	3032.4
15.920000	2862.1
15.923750	2887.3
15.927500	2897.4
15.931250	2853.2
15.935000	2870.3
15.938750	2820.9
15.942500	2762.8
15.946250	2665.3
15.950000	2746.4
15.953750	2681.1
15.957500	2496.5
15.961250	2617.9
15.965000	2605.7
15.968750	2644.9
15.972500	2528.1
15.976250	2474.6
15.980000	2506.8
15.983750	2585.2
15.987500	2483.4
15.991250	2409.4
15.995000	2473.5
15.998750	2466.9
16.002500	2456.3
16.006250	2315.1
16.010000	2424.0
16.013750	2521.4
16.017500	2456.3
16.021250	2437.7
16.025000	2518.5
16.028750	2517.8
16.032500	2524.5
16.036250	2507.5
16.040000	2543.2
16.043750	2515.7
16.047500	2467.9
16.051250	2449.3
16.055000	2470.4
16.058750	2471.1
16.062500	2410.8
16.066250	2334.5
16.070000	2329.7
16.073750	2366.7
16.077500	2241.2
16.081250	2309.7
16.085000	2253.0
16.088750	2352.1
16.092500	2274.0
16.096250	2304.9
16.100000	2247.6
16.103750	2187.0
16.107500	2260.2
16.111250	2198.2
16.115000	2192.5
16.118750	2336.6
16.122500	2277.0
16.126250	2204.3
16.130000	2221.6
16.133750	2261.0
16.137500	2221.1
16.141250	2226.7
16.145000	2226.0
16.148750	2161.4
16.152500	2197.7
16.156250	2169.8
16.160000	2228.0
16.163750	2156.7
16.167500	2248.2
16.171250	2169.3
16.175000	2098.8
16.178750	2099.4
16.182500	2190.5
16.186250	2211.5
16.190000	2094.3
16.193750	2108.6
16.197500	2173.2
16.201250	2066.3
16.205000	2146.1
16.208750	2222.8
16.212500	2158.5
16.216250	2106.1
16.220000	2175.9
16.223750	2177.8
16.227500	2119.3
16.231250	2161.4
16.235000	2217.1
16.238750	2173.2
16.242500	2271.0
16.246250	2240.6
16.250000	2222.4
16.253750	2276.7
16.257500	2287.1
16.261250	2249.5
16.265000	2253.8
16.268750	2226.6
16.272500	2437.1
16.276250	2291.5
16.280000	2263.2
16.283750	2294.1
16.287500	2369.2
16.291250	2319.1
16.295000	2360.0
16.298750	2433.0
16.302500	2405.6
16.306250	2359.7
16.310000	2461.3
16.313750	2352.1
16.317500	2392.2
16.321250	2372.0
16.325000	2320.8
16.328750	2379.8
16.332500	2288.9
16.336250	2278.9
16.340000	2385.2
16.343750	2322.7
16.347500	2315.1
16.351250	2249.9
16.355000	2275.4
16.358750	2187.8
16.362500	2200.3
16.366250	2158.7
16.370000	2141.0
16.373750	2166.0
16.377500	2148.9
16.381250	2134.2
16.385000	2131.4
16.388750	2072.6
16.392500	2094.4
16.396250	2008.1
16.400000	2107.7
16.403750	2177.5
16.407500	2169.5
16.411250	2170.1
16.415000	2141.7
16.418750	2112.3
16.422500	2143.8
16.426250	2077.7
16.430000	2106.8
16.433750	2152.2
16.437500	2086.1
16.441250	2111.2
16.445000	2091.9
16.448750	2101.4
16.452500	2145.6
16.456250	2092.7
16.460000	2153.8
16.463750	2072.7
16.467500	2112.3
16.471250	2194.0
16.475000	2098.0
16.478750	2096.1
16.482500	2100.4
16.486250	1997.6
16.490000	2097.1
16.493750	2121.7
16.497500	2082.0
16.501250	2091.9
16.505000	2128.6
16.508750	2073.7
16.512500	2045.2
16.516250	2090.5
16.520000	2166.6
16.523750	2187.9
16.527500	2088.5
16.531250	2110.1
16.535000	2126.5
16.538750	2069.3
16.542500	2103.6
16.546250	2108.3
16.550000	2110.3
16.553750	2051.1
16.557500	2086.4
16.561250	2016.1
16.565000	2135.3
16.568750	2066.4
16.572500	2052.0
16.576250	2026.7
16.580000	2110.6
16.583750	2036.6
16.587500	2048.4
16.591250	2118.8
16.595000	2124.0
16.598750	2147.7
16.602500	2106.2
16.606250	2138.6
16.610000	2051.9
16.613750	2117.4
16.617500	2117.9
16.621250	2119.6
16.625000	2115.9
16.628750	2155.9
16.632500	2042.8
16.636250	2025.5
16.640000	2028.9
16.643750	2137.0
16.647500	2082.7
16.651250	2105.7
16.655000	2032.7
16.658750	2040.0
16.662500	2058.1
16.666250	2087.9
16.670000	2072.3
16.673750	2119.6
16.677500	2122.9
16.681250	2074.6
16.685000	2104.6
16.688750	2057.5
16.692500	2133.2
16.696250	2127.8
16.700000	2001.6
16.703750	2047.1
16.707500	2055.2
16.711250	2067.5
16.715000	2109.6
16.718750	2074.3
16.722500	2149.7
16.726250	2102.5
16.730000	2145.8
16.733750	2128.4
16.737500	2142.8
16.741250	2157.0
16.745000	2133.5
16.748750	2094.5
16.752500	2111.3
16.756250	2086.0
16.760000	2091.0
16.763750	2155.4
16.767500	2155.3
16.771250	2090.7
16.775000	2064.5
16.778750	2073.4
16.782500	2120.6
16.786250	2196.3
16.790000	2127.4
16.793750	2108.1
16.797500	2135.5
16.801250	2140.7
16.805000	2160.2
16.808750	2154.3
16.812500	2083.4
16.816250	2048.1
16.820000	2148.6
16.823750	2186.9
16.827500	2108.2
16.831250	2137.8
16.835000	2149.5
16.838750	2161.9
16.842500	2118.9
16.846250	2018.1
16.850000	2124.4
16.853750	2075.3
16.857500	2007.6
16.861250	2076.7
16.865000	2186.8
16.868750	2037.2
16.872500	2069.4
16.876250	2049.2
16.880000	2057.4
16.883750	2096.1
16.887500	2110.7
16.891250	2149.5
16.895000	2199.4
16.898750	2138.1
16.902500	2160.3
16.906250	2082.2
16.910000	2158.0
16.913750	2081.1
16.917500	2151.5
16.921250	2068.7
16.925000	2059.8
16.928750	2060.1
16.932500	2141.3
16.936250	2087.4
16.940000	2177.3
16.943750	2148.1
16.947500	2066.6
16.951250	2064.8
16.955000	2069.2
16.958750	2153.6
16.962500	2142.2
16.966250	2149.7
16.970000	2100.8
16.973750	2164.3
16.977500	2116.2
16.981250	2043.7
16.985000	2140.3
16.988750	2143.9
16.992500	2175.2
16.996250	2061.6
17.000000	2157.4
17.003750	2202.4
17.007500	2187.3
17.011250	2193.4
17.015000	2191.9
17.018750	2132.3
17.022500	2231.3
17.026250	2211.6
17.030000	2187.8
17.033750	2206.6
17.037500	2250.9
17.041250	2218.7
17.045000	2206.5
17.048750	2190.0
17.052500	2138.9
17.056250	2173.9
17.060000	2221.8
17.063750	2153.0
17.067500	2112.4
17.071250	2099.4
17.075000	2163.4
17.078750	2262.2
17.082500	2205.7
17.086250	2214.0
17.090000	2193.1
17.093750	2179.1
17.097500	2190.9
17.101250	2249.7
17.105000	2276.0
17.108750	2240.1
17.112500	2106.7
17.116250	2153.7
17.120000	2243.6
17.123750	2211.1
17.127500	2275.4
17.131250	2241.9
17.135000	2245.5
17.138750	2386.9
17.142500	2368.2
17.146250	2483.3
17.150000	2590.0
17.153750	2851.6
17.157500	3067.8
17.161250	3689.7
17.165000	4667.4
17.168750	6005.4
17.172500	7434.5
17.176250	8628.6
17.180000	9147.4
17.183750	8867.6
17.187500	8099.4
17.191250	6575.7
17.195000	5360.3
17.198750	4129.2
17.202500	3342.3
17.206250	2848.5
17.210000	2575.9
17.213750	2524.8
17.217500	2434.9
17.221250	2401.0
17.225000	2356.9
17.228750	2252.5
17.232500	2307.3
17.236250	2309.4
17.240000	2273.8
17.243750	2224.6
17.247500	2208.6
17.251250	2286.8
17.255000	2229.9
17.258750	2249.6
17.262500	2203.3
17.266250	2167.9
17.270000	2200.0
17.273750	2173.0
17.277500	2221.6
17.281250	2224.1
17.285000	2221.4
17.288750	2154.5
17.292500	2280.8
17.296250	2228.1
17.300000	2175.1
17.303750	2153.5
17.307500	2209.9
17.311250	2180.9
17.315000	2171.7
17.318750	2225.4
17.322500	2188.6
17.326250	2102.8
17.330000	2155.2
17.333750	2243.9
17.337500	2226.3
17.341250	2199.8
17.345000	2157.5
17.348750	2136.9
17.352500	2189.2
17.356250	2229.4
17.360000	2246.4
17.363750	2264.8
17.367500	2208.1
17.371250	2189.8
17.375000	2179.4
17.378750	2248.0
17.382500	2193.1
17.386250	2193.4
17.390000	2310.2
17.393750	2165.4
17.397500	2137.0
17.401250	2226.7
17.405000	2168.3
17.408750	2144.9
17.412500	2150.3
17.416250	2097.0
17.420000	2155.6
17.423750	2152.4
17.427500	2178.1
17.431250	2175.5
17.435000	2282.1
17.438750	2194.0
17.442500	2208.3
17.446250	2197.8
17.450000	2274.5
17.453750	2186.4
17.457500	2155.6
17.461250	2090.8
17.465000	2227.0
17.468750	2267.6
17.472500	2164.5
17.476250	2180.6
17.480000	2350.8
17.483750	2262.5
17.487500	2178.9
17.491250	2157.8
17.495000	2225.4
17.498750	2167.8
17.502500	2201.0
17.506250	2235.7
17.510000	2228.6
17.513750	2115.5
17.517500	2178.5
17.521250	2118.3
17.525000	2233.3
17.528750	2253.5
17.532500	2188.5
17.536250	2251.9
17.540000	2229.2
17.543750	2158.2
17.547500	2198.0
17.551250	2158.5
17.555000	2188.5
17.558750	2271.0
17.562500	2211.7
17.566250	2243.5
17.570000	2236.2
17.573750	2244.0
17.577500	2248.1
17.581250	2194.4
17.585000	2201.6
17.588750	2167.9
17.592500	2202.1
17.596250	2202.2
17.600000	2180.8
17.603750	2190.7
17.607500	2150.2
17.611250	2219.6
17.615000	2299.7
17.618750	2243.7
17.622500	2302.3
17.626250	2321.6
17.630000	2316.8
17.633750	2214.0
17.637500	2221.5
17.641250	2260.1
17.645000	2213.9
17.648750	2233.3
17.652500	2207.3
17.656250	2222.2
17.660000	2234.6
17.663750	2235.5
17.667500	2239.9
17.671250	2231.9
17.675000	2258.1
17.678750	2199.8
17.682500	2232.9
17.686250	2224.6
17.690000	2245.8
17.693750	2244.4
17.697500	2247.6
17.701250	2259.2
17.705000	2178.3
17.708750	2197.2
17.712500	2250.8
17.716250	2243.9
17.720000	2238.4
17.723750	2299.1
17.727500	2295.8
17.731250	2267.4
17.735000	2279.7
17.738750	2285.9
17.742500	2211.7
17.746250	2262.0
17.750000	2270.8
17.753750	2220.1
17.757500	2268.7
17.761250	2231.3
17.765000	2203.0
17.768750	2269.2
17.772500	2239.3
17.776250	2233.5
17.780000	2269.7
17.783750	2310.7
17.787500	2228.7
17.791250	2207.8
17.795000	2248.2
17.798750	2224.1
17.802500	2257.7
17.806250	2316.0
17.810000	2264.5
17.813750	2263.6
17.817500	2246.0
17.821250	2179.2
17.825000	2235.3
17.828750	2219.6
17.832500	2152.7
17.836250	2275.5
17.840000	2312.1
17.843750	2251.5
17.847500	2224.5
17.851250	2227.2
17.855000	2159.2
17.858750	2153.7
17.862500	2186.8
17.866250	2278.7
17.870000	2199.1
17.873750	2175.2
17.877500	2172.6
17.881250	2249.4
17.885000	2227.8
17.888750	2237.4
17.892500	2278.6
17.896250	2165.7
17.900000	2198.9
17.903750	2299.7
17.907500	2301.5
17.911250	2237.4
17.915000	2202.1
17.918750	2255.8
17.922500	2284.0
17.926250	2286.4
17.930000	2300.4
17.933750	2258.8
17.937500	2205.9
17.941250	2235.4
17.945000	2182.8
17.948750	2162.5
17.952500	2225.4
17.956250	2215.8
17.960000	2315.3
17.963750	2270.7
17.967500	2143.4
17.971250	2287.9
17.975000	2284.5
17.978750	2252.3
17.982500	2267.7
17.986250	2297.7
17.990000	2226.0
17.993750	2227.3
17.997500	2344.0
18.001250	2231.1
18.005000	2211.3
18.008750	2289.7
18.012500	2235.1
18.016250	2292.5
18.020000	2327.1
18.023750	2375.6
18.027500	2232.6
18.031250	2360.6
18.035000	2344.2
18.038750	2314.0
18.042500	2340.0
18.046250	2334.5
18.050000	2277.6
18.053750	2223.0
18.057500	2280.5
18.061250	2444.2
18.065000	2295.7
18.068750	2322.6
18.072500	2333.1
18.076250	2341.3
18.080000	2340.0
18.083750	2366.4
18.087500	2325.1
18.091250	2360.7
18.095000	2383.6
18.098750	2303.5
18.102500	2312.7
18.106250	2423.5
18.110000	2277.1
18.113750	2397.2
18.117500	2428.9
18.121250	2388.1
18.125000	2340.1
18.128750	2441.3
18.132500	2362.7
18.136250	2442.0
18.140000	2439.3
18.143750	2509.0
18.147500	2516.4
18.151250	2498.9
18.155000	2433.6
18.158750	2499.8
18.162500	2350.4
18.166250	2495.7
18.170000	2554.8
18.173750	2605.5
18.177500	2553.5
18.181250	2577.5
18.185000	2502.6
18.188750	2593.6
18.192500	2526.1
18.196250	2480.7
18.200000	2580.0
18.203750	2611.8
18.207500	2555.0
18.211250	2593.7
18.215000	2536.5
18.218750	2610.8
18.222500	2592.2
18.226250	2565.4
18.230000	2672.6
18.233750	2550.9
18.237500	2506.3
18.241250	2550.1
18.245000	2613.9
18.248750	2540.6
18.252500	2542.6
18.256250	2561.0
18.260000	2510.6
18.263750	2516.4
18.267500	2427.0
18.271250	2542.1
18.275000	2408.3
18.278750	2530.5
18.282500	2487.4
18.286250	2462.3
18.290000	2439.4
18.293750	2464.3
18.297500	2465.6
18.301250	2470.7
18.305000	2397.4
18.308750	2433.3
18.312500	2413.8
18.316250	2439.8
18.320000	2424.5
18.323750	2431.1
18.327500	2337.8
18.331250	2328.0
18.335000	2346.6
18.338750	2383.5
18.342500	2369.9
18.346250	2247.9
18.350000	2306.8
18.353750	2381.3
18.357500	2316.4
18.361250	2399.6
18.365000	2345.9
18.368750	2379.8
18.372500	2247.3
18.376250	2284.5
18.380000	2277.4
18.383750	2321.3
18.387500	2245.3
18.391250	2296.4
18.395000	2301.2
18.398750	2251.1
18.402500	2307.2
18.406250	2278.9
18.410000	2274.1
18.413750	2393.6
18.417500	2407.1
18.421250	2243.7
18.425000	2283.2
18.428750	2259.1
18.432500	2269.3
18.436250	2312.2
18.440000	2244.5
18.443750	2284.6
18.447500	2248.0
18.451250	2272.6
18.455000	2325.4
18.458750	2259.6
18.462500	2348.9
18.466250	2329.0
18.470000	2170.0
18.473750	2294.1
18.477500	2266.7
18.481250	2253.0
18.485000	2321.8
18.488750	2221.3
18.492500	2196.5
18.496250	2238.2
18.500000	2329.5
18.503750	2330.3
18.507500	2245.3
18.511250	2281.6
18.515000	2303.4
18.518750	2271.8
18.522500	2242.4
18.526250	2292.5
18.530000	2233.2
18.533750	2288.2
18.537500	2256.4
18.541250	2302.2
18.545000	2278.2
18.548750	2268.3
18.552500	2237.3
18.556250	2302.7
18.560000	2215.5
18.563750	2329.6
18.567500	2252.8
18.571250	2197.9
18.575000	2206.8
18.578750	2234.6
18.582500	2278.1
18.586250	2336.7
18.590000	2278.0
18.593750	2238.0
18.597500	2330.4
18.601250	2331.2
18.605000	2333.5
18.608750	2363.7
18.612500	2407.7
18.616250	2263.5
18.620000	2269.6
18.623750	2288.5
18.627500	2256.9
18.631250	2293.1
18.635000	2261.2
18.638750	2281.8
18.642500	2215.9
18.646250	2288.2
18.650000	2274.5
18.653750	2233.2
18.657500	2310.2
18.661250	2262.9
18.665000	2202.8
18.668750	2294.6
18.672500	2306.1
18.676250	2309.1
18.680000	2313.6
18.683750	2266.9
18.687500	2238.4
18.691250	2246.2
18.695000	2269.6
18.698750	2290.5
18.702500	2279.6
18.706250	2250.9
18.710000	2265.3
18.713750	2349.0
18.717500	2353.7
18.721250	2317.0
18.725000	2298.0
18.728750	2296.7
18.732500	2286.3
18.736250	2218.4
18.740000	2177.6
18.743750	2278.7
18.747500	2238.1
18.751250	2259.3
18.755000	2269.8
18.758750	2327.3
18.762500	2239.8
18.766250	2276.7
18.770000	2405.7
18.773750	2259.3
18.777500	2284.9
18.781250	2219.7
18.785000	2222.6
18.788750	2201.4
18.792500	2224.5
18.796250	2247.4
18.800000	2279.8
18.803750	2315.0
18.807500	2190.0
18.811250	2244.0
18.815000	2278.9
18.818750	2242.7
18.822500	2269.8
18.826250	2265.5
18.830000	2284.9
18.833750	2313.5
18.837500	2266.6
18.841250	2281.5
18.845000	2300.3
18.848750	2277.3
18.852500	2208.7
18.856250	2306.7
18.860000	2279.0
18.863750	2232.5
18.867500	2243.3
18.871250	2244.3
18.875000	2304.6
18.878750	2271.9
18.882500	2254.9
18.886250	2222.1
18.890000	2259.0
18.893750	2265.4
18.897500	2287.0
18.901250	2210.9
18.905000	2291.7
18.908750	2402.2
18.912500	2232.1
18.916250	2367.2
18.920000	2283.6
18.923750	2208.9
18.927500	2315.5
18.931250	2281.3
18.935000	2236.6
18.938750	2243.8
18.942500	2307.5
18.946250	2302.1
18.950000	2292.4
18.953750	2250.1
18.957500	2297.1
18.961250	2229.4
18.965000	2212.9
18.968750	2231.1
18.972500	2247.8
18.976250	2288.3
18.980000	2248.4
18.983750	2230.6
18.987500	2253.9
18.991250	2285.2
18.995000	2278.3
18.998750	2298.5
19.002500	2268.6
19.006250	2232.3
19.010000	2213.2
19.013750	2293.4
19.017500	2322.8
19.021250	2275.3
19.025000	2231.9
19.028750	2266.3
19.032500	2334.2
19.036250	2239.1
19.040000	2312.7
19.043750	2222.0
19.047500	2128.9
19.051250	2208.9
19.055000	2217.8
19.058750	2226.2
19.062500	2286.1
19.066250	2212.1
19.070000	2294.3
19.073750	2250.4
19.077500	2199.6
19.081250	2257.2
19.085000	2341.6
19.088750	2244.0
19.092500	2277.9
19.096250	2286.9
19.100000	2288.5
19.103750	2300.3
19.107500	2260.6
19.111250	2207.5
19.115000	2201.3
19.118750	2283.8
19.122500	2310.0
19.126250	2217.9
19.130000	2293.1
19.133750	2324.7
19.137500	2209.0
19.141250	2274.2
19.145000	2275.4
19.148750	2239.7
19.152500	2321.4
19.156250	2267.9
19.160000	2294.6
19.163750	2261.7
19.167500	2247.1
19.171250	2303.0
19.175000	2216.9
19.178750	2225.5
19.182500	2290.9
19.186250	2245.1
19.190000	2246.7
19.193750	2288.9
19.197500	2255.0
19.201250	2239.3
19.205000	2229.2
19.208750	2285.4
19.212500	2266.5
19.216250	2246.3
19.220000	2347.3
19.223750	2283.1
19.227500	2207.2
19.231250	2234.3
19.235000	2307.9
19.238750	2366.1
19.242500	2247.8
19.246250	2184.7
19.250000	2285.7
19.253750	2234.3
19.257500	2274.3
19.261250	2307.4
19.265000	2254.1
19.268750	2216.5
19.272500	2303.0
19.276250	2263.1
19.280000	2214.6
19.283750	2308.9
19.287500	2231.2
19.291250	2307.0
19.295000	2306.4
19.298750	2156.2
19.302500	2297.0
19.306250	2268.4
19.310000	2228.9
19.313750	2263.0
19.317500	2327.9
19.321250	2239.9
19.325000	2216.4
19.328750	2260.8
19.332500	2338.5
19.336250	2310.9
19.340000	2292.9
19.343750	2284.7
19.347500	2307.0
19.351250	2266.6
19.355000	2270.7
19.358750	2228.5
19.362500	2249.8
19.366250	2267.7
19.370000	2186.4
19.373750	2190.4
19.377500	2220.7
19.381250	2242.9
19.385000	2311.2
19.388750	2217.4
19.392500	2243.2
19.396250	2183.2
19.400000	2281.2
19.403750	2271.8
19.407500	2320.2
19.411250	2196.9
19.415000	2200.0
19.418750	2265.1
19.422500	2240.4
19.426250	2273.5
19.430000	2261.6
19.433750	2270.3
19.437500	2289.4
19.441250	2193.7
19.445000	2255.2
19.448750	2233.3
19.452500	2258.7
19.456250	2295.6
19.460000	2332.7
19.463750	2403.6
19.467500	2346.6
19.471250	2295.9
19.475000	2297.9
19.478750	2300.7
19.482500	2260.2
19.486250	2242.3
19.490000	2250.9
19.493750	2269.3
19.497500	2309.6
19.501250	2302.6
19.505000	2336.3
19.508750	2299.1
19.512500	2346.6
19.516250	2282.8
19.520000	2299.4
19.523750	2263.1
19.527500	2323.1
19.531250	2359.6
19.535000	2257.8
19.538750	2374.4
19.542500	2354.0
19.546250	2247.6
19.550000	2289.0
19.553750	2307.6
19.557500	2385.0
19.561250	2385.4
19.565000	2326.0
19.568750	2334.5
19.572500	2356.2
19.576250	2312.7
19.580000	2402.8
19.583750	2369.5
19.587500	2377.8
19.591250	2328.7
19.595000	2227.9
19.598750	2309.5
19.602500	2299.5
19.606250	2289.1
19.610000	2328.1
19.613750	2268.3
19.617500	2331.0
19.621250	2309.9
19.625000	2335.0
19.628750	2372.3
19.632500	2366.7
19.636250	2311.8
19.640000	2298.5
19.643750	2288.6
19.647500	2325.9
19.651250	2378.9
19.655000	2294.7
19.658750	2300.9
19.662500	2235.4
19.666250	2275.5
19.670000	2279.5
19.673750	2338.5
19.677500	2386.5
19.681250	2390.6
19.685000	2440.4
19.688750	2320.3
19.692500	2352.1
19.696250	2362.3
19.700000	2336.9
19.703750	2227.2
19.707500	2249.2
19.711250	2244.0
19.715000	2315.2
19.718750	2316.0
19.722500	2403.2
19.726250	2276.7
19.730000	2280.0
19.733750	2273.8
19.737500	2254.8
19.741250	2238.3
19.745000	2315.6
19.748750	2341.7
19.752500	2334.6
19.756250	2345.5
19.760000	2265.1
19.763750	2224.0
19.767500	2358.3
19.771250	2362.2
19.775000	2379.4
19.778750	2269.6
19.782500	2316.4
19.786250	2298.6
19.790000	2305.2
19.793750	2257.3
19.797500	2311.5
19.801250	2327.3
19.805000	2321.4
19.808750	2246.6
19.812500	2329.0
19.816250	2284.8
19.820000	2315.6
19.823750	2273.0
19.827500	2312.4
19.831250	2326.2
19.835000	2399.7
19.838750	2303.3
19.842500	2279.1
19.846250	2418.2
19.850000	2378.6
19.853750	2224.3
19.857500	2332.0
19.861250	2271.5
19.865000	2293.0
19.868750	2265.0
19.872500	2421.0
19.876250	2382.3
19.880000	2314.9
19.883750	2291.4
19.887500	2278.5
19.891250	2388.8
19.895000	2328.3
19.898750	2357.5
19.902500	2269.3
19.906250	2321.4
19.910000	2300.1
19.913750	2384.3
19.917500	2354.1
19.921250	2346.8
19.925000	2376.1
19.928750	2323.2
19.932500	2364.2
19.936250	2367.5
19.940000	2293.3
19.943750	2357.2
19.947500	2241.7
19.951250	2252.3
19.955000	2311.8
19.958750	2320.2
19.962500	2265.4
19.966250	2359.4
19.970000	2300.7
19.973750	2312.5
19.977500	2302.7
19.981250	2263.0
19.985000	2297.5
19.988750	2346.3
19.992500	2338.3
19.996250	2381.4
20.000000	2282.2
20.003750	2368.7
20.007500	2318.6
20.011250	2366.2
20.015000	2334.8
20.018750	2350.6
20.022500	2336.1
20.026250	2338.0
20.030000	2318.1
20.033750	2331.8
20.037500	2375.3
20.041250	2376.7
20.045000	2341.9
20.048750	2338.1
20.052500	2427.8
20.056250	2307.4
20.060000	2401.2
20.063750	2502.4
20.067500	2384.4
20.071250	2309.0
20.075000	2397.9
20.078750	2410.9
20.082500	2374.9
20.086250	2423.8
20.090000	2479.1
20.093750	2361.4
20.097500	2416.8
20.101250	2328.6
20.105000	2440.0
20.108750	2401.3
20.112500	2459.2
20.116250	2506.5
20.120000	2454.4
20.123750	2470.3
20.127500	2525.2
20.131250	2396.5
20.135000	2373.2
20.138750	2494.7
20.142500	2482.6
20.146250	2417.9
20.150000	2516.5
20.153750	2525.5
20.157500	2484.6
20.161250	2495.2
20.165000	2487.0
20.168750	2606.3
20.172500	2431.7
20.176250	2440.5
20.180000	2525.2
20.183750	2603.1
20.187500	2581.1
20.191250	2534.2
20.195000	2501.5
20.198750	2541.6
20.202500	2593.2
20.206250	2541.6
20.210000	2629.6
20.213750	2700.5
20.217500	2651.5
20.221250	2674.3
20.225000	2665.4
20.228750	2708.9
20.232500	2737.2
20.236250	2715.0
20.240000	2827.7
20.243750	2780.4
20.247500	2751.9
20.251250	2757.2
20.255000	2823.3
20.258750	2857.8
20.262500	2770.9
20.266250	2836.0
20.270000	2926.5
20.273750	2970.5
20.277500	3013.0
20.281250	2948.8
20.285000	3024.8
20.288750	3030.1
20.292500	3140.0
20.296250	3046.0
20.300000	3084.0
20.303750	3095.8
20.307500	3150.3
20.311250	3241.7
20.315000	3241.9
20.318750	3344.6
20.322500	3421.1
20.326250	3454.2
20.330000	3524.2
20.333750	3680.7
20.337500	3626.0
20.341250	3743.5
20.345000	3804.8
20.348750	3770.1
20.352500	4034.9
20.356250	3961.1
20.360000	4083.2
20.363750	4191.8
20.367500	4243.2
20.371250	4261.4
20.375000	4270.3
20.378750	4400.0
20.382500	4437.3
20.386250	4390.9
20.390000	4522.9
20.393750	4577.7
20.397500	4568.4
20.401250	4595.4
20.405000	4603.9
20.408750	4569.3
20.412500	4557.2
20.416250	4515.2
20.420000	4452.2
20.423750	4369.3
20.427500	4264.0
20.431250	4278.9
20.435000	4205.4
20.438750	4122.7
20.442500	4010.2
20.446250	3954.0
20.450000	3886.3
20.453750	3816.4
20.457500	3763.6
20.461250	3688.6
20.465000	3700.0
20.468750	3582.2
20.472500	3370.7
20.476250	3459.2
20.480000	3412.7
20.483750	3374.1
20.487500	3349.0
20.491250	3186.5
20.495000	3266.7
20.498750	3161.4
20.502500	3084.8
20.506250	3030.4
20.510000	2974.6
20.513750	2941.9
20.517500	2944.0
20.521250	2718.3
20.525000	2894.2
20.528750	2798.4
20.532500	2657.2
20.536250	2853.3
20.540000	2795.3
20.543750	2751.0
20.547500	2651.8
20.551250	2651.9
20.555000	2777.5
20.558750	2600.1
20.562500	2538.2
20.566250	2507.4
20.570000	2478.3
20.573750	2663.6
20.577500	2660.2
20.581250	2529.7
20.585000	2598.4
20.588750	2640.5
20.592500	2518.0
20.596250	2462.5
20.600000	2441.4
20.603750	2376.4
20.607500	2525.1
20.611250	2547.4
20.615000	2511.6
20.618750	2408.0
20.622500	2477.8
20.626250	2528.9
20.630000	2335.7
20.633750	2487.7
20.637500	2449.5
20.641250	2331.8
20.645000	2425.2
20.648750	2462.6
20.652500	2391.1
20.656250	2393.9
20.660000	2415.9
20.663750	2285.0
20.667500	2306.6
20.671250	2410.6
20.675000	2384.0
20.678750	2484.2
20.682500	2440.5
20.686250	2465.7
20.690000	2472.2
20.693750	2348.2
20.697500	2384.9
20.701250	2359.1
20.705000	2382.3
20.708750	2395.4
20.712500	2341.7
20.716250	2415.0
20.720000	2319.3
20.723750	2333.0
20.727500	2404.5
20.731250	2345.7
20.735000	2393.3
20.738750	2329.8
20.742500	2422.9
20.746250	2380.4
20.750000	2368.4
20.753750	2398.4
20.757500	2260.5
20.761250	2329.0
20.765000	2279.4
20.768750	2362.3
20.772500	2359.4
20.776250	2311.9
20.780000	2318.3
20.783750	2408.2
20.787500	2413.3
20.791250	2333.2
20.795000	2324.9
20.798750	2458.8
20.802500	2383.8
20.806250	2345.2
20.810000	2434.9
20.813750	2317.1
20.817500	2427.3
20.821250	2404.3
20.825000	2366.0
20.828750	2423.5
20.832500	2342.4
20.836250	2303.8
20.840000	2424.0
20.843750	2376.0
20.847500	2409.6
20.851250	2390.3
20.855000	2454.5
20.858750	2332.3
20.862500	2304.0
20.866250	2368.7
20.870000	2369.4
20.873750	2395.4
20.877500	2400.6
20.881250	2343.3
20.885000	2319.7
20.888750	2443.6
20.892500	2408.5
20.896250	2512.1
20.900000	2458.6
20.903750	2473.1
20.907500	2439.4
20.911250	2543.1
20.915000	2510.8
20.918750	2509.3
20.922500	2544.2
20.926250	2398.4
20.930000	2537.6
20.933750	2544.9
20.937500	2580.9
20.941250	2432.6
20.945000	2486.5
20.948750	2467.8
20.952500	2525.0
20.956250	2584.4
20.960000	2479.0
20.963750	2526.6
20.967500	2546.4
20.971250	2558.0
20.975000	2503.9
20.978750	2432.3
20.982500	2493.0
20.986250	2578.5
20.990000	2459.8
20.993750	2401.2
20.997500	2408.4
21.001250	2481.2
21.005000	2441.4
21.008750	2561.0
21.012500	2569.4
21.016250	2512.1
21.020000	2550.6
21.023750	2388.1
21.027500	2541.8
21.031250	2450.9
21.035000	2457.7
21.038750	2481.7
21.042500	2366.3
21.046250	2353.0
21.050000	2391.7
21.053750	2375.1
21.057500	2291.0
21.061250	2350.8
21.065000	2316.8
21.068750	2426.4
21.072500	2379.8
21.076250	2411.5
21.080000	2388.9
21.083750	2375.1
21.087500	2332.6
21.091250	2344.5
21.095000	2311.0
21.098750	2363.5
21.102500	2412.2
21.106250	2285.4
21.110000	2243.0
21.113750	2171.5
21.117500	2327.5
21.121250	2413.0
21.125000	2418.9
21.128750	2452.1
21.132500	2423.4
21.136250	2233.1
21.140000	2344.1
21.143750	2383.9
21.147500	2358.5
21.151250	2304.4
21.155000	2214.5
21.158750	2331.6
21.162500	2200.8
21.166250	2188.9
21.170000	2331.4
21.173750	2412.1
21.177500	2398.8
21.181250	2365.1
21.185000	2306.3
21.188750	2360.2
21.192500	2248.4
21.196250	2231.5
21.200000	2331.8
21.203750	2290.5
21.207500	2296.6
21.211250	2280.0
21.215000	2273.8
21.218750	2282.7
21.222500	2307.2
21.226250	2305.9
21.230000	2340.2
21.233750	2289.5
21.237500	2236.1
21.241250	2303.8
21.245000	2251.6
21.248750	2256.8
21.252500	2312.1
21.256250	2299.9
21.260000	2308.0
21.263750	2233.5
21.267500	2272.2
21.271250	2194.1
21.275000	2251.6
21.278750	2209.8
21.282500	2287.2
21.286250	2319.7
21.290000	2199.2
21.293750	2280.0
21.297500	2269.7
21.301250	2192.7
21.305000	2241.9
21.308750	2253.1
21.312500	2193.8
21.316250	2235.8
21.320000	2192.5
21.323750	2199.5
21.327500	2197.0
21.331250	2238.5
21.335000	2233.6
21.338750	2290.1
21.342500	2292.9
21.346250	2238.6
21.350000	2226.3
21.353750	2182.3
21.357500	2273.3
21.361250	2241.8
21.365000	2230.9
21.368750	2226.5
21.372500	2303.5
21.376250	2227.4
21.380000	2214.6
21.383750	2251.3
21.387500	2266.6
21.391250	2229.4
21.395000	2301.1
21.398750	2265.1
21.402500	2237.5
21.406250	2212.1
21.410000	2236.3
21.413750	2234.8
21.417500	2227.0
21.421250	2258.0
21.425000	2204.5
21.428750	2257.2
21.432500	2235.6
21.436250	2237.2
21.440000	2197.3
21.443750	2171.7
21.447500	2167.8
21.451250	2291.9
21.455000	2297.3
21.458750	2248.1
21.462500	2312.7
21.466250	2203.4
21.470000	2219.8
21.473750	2255.9
21.477500	2188.3
21.481250	2261.2
21.485000	2312.1
21.488750	2252.2
21.492500	2212.8
21.496250	2210.1
21.500000	2147.6
21.503750	2215.3
21.507500	2245.7
21.511250	2271.5
21.515000	2323.0
21.518750	2269.1
21.522500	2203.5
21.526250	2250.3
21.530000	2209.6
21.533750	2143.0
21.537500	2210.5
21.541250	2300.6
21.545000	2231.1
21.548750	2213.6
21.552500	2308.0
21.556250	2191.0
21.560000	2117.5
21.563750	2232.6
21.567500	2251.5
21.571250	2262.7
21.575000	2190.0
21.578750	2257.1
21.582500	2275.9
21.586250	2171.1
21.590000	2165.0
21.593750	2218.6
21.597500	2303.0
21.601250	2290.1
21.605000	2233.5
21.608750	2170.2
21.612500	2215.9
21.616250	2222.9
21.620000	2196.6
21.623750	2268.3
21.627500	2236.4
21.631250	2252.4
21.635000	2270.4
21.638750	2220.2
21.642500	2193.9
21.646250	2166.7
21.650000	2189.3
21.653750	2126.7
21.657500	2270.3
21.661250	2205.5
21.665000	2276.3
21.668750	2263.6
21.672500	2180.0
21.676250	2213.9
21.680000	2254.6
21.683750	2170.5
21.687500	2259.1
21.691250	2184.1
21.695000	2256.9
21.698750	2167.3
21.702500	2223.6
21.706250	2273.8
21.710000	2232.8
21.713750	2275.5
21.717500	2275.0
21.721250	2214.5
21.725000	2259.5
21.728750	2293.6
21.732500	2265.7
21.736250	2233.7
21.740000	2272.9
21.743750	2234.2
21.747500	2261.2
21.751250	2316.4
21.755000	2218.5
21.758750	2243.5
21.762500	2222.7
21.766250	2274.2
21.770000	2255.0
21.773750	2277.3
21.777500	2303.8
21.781250	2240.1
21.785000	2164.0
21.788750	2253.8
21.792500	2252.7
21.796250	2271.4
21.800000	2311.5
21.803750	2314.2
21.807500	2249.4
21.811250	2246.2
21.815000	2256.8
21.818750	2303.7
21.822500	2274.6
21.826250	2309.1
21.830000	2287.6
21.833750	2275.5
21.837500	2279.5
21.841250	2248.6
21.845000	2328.2
21.848750	2343.2
21.852500	2294.1
21.856250	2228.2
21.860000	2282.3
21.863750	2270.5
21.867500	2224.6
21.871250	2309.8
21.875000	2333.7
21.878750	2301.4
21.882500	2253.2
21.886250	2280.2
21.890000	2397.0
21.893750	2314.1
21.897500	2347.7
21.901250	2433.0
21.905000	2335.4
21.908750	2349.9
21.912500	2372.7
21.916250	2384.6
21.920000	2358.9
21.923750	2374.3
21.927500	2361.0
21.931250	2222.1
21.935000	2367.3
21.938750	2510.9
21.942500	2497.4
21.946250	2291.7
21.950000	2388.5
21.953750	2397.8
21.957500	2414.0
21.961250	2429.4
21.965000	2430.0
21.968750	2469.3
21.972500	2467.4
21.976250	2464.0
21.980000	2463.9
21.983750	2388.7
21.987500	2346.9
21.991250	2440.6
21.995000	2489.3
21.998750	2482.4
22.002500	2518.5
22.006250	2462.9
22.010000	2505.3
22.013750	2416.2
22.017500	2493.8
22.021250	2543.4
22.025000	2442.0
22.028750	2460.1
22.032500	2521.7
22.036250	2503.7
22.040000	2495.8
22.043750	2503.4
22.047500	2474.7
22.051250	2493.7
22.055000	2459.8
22.058750	2529.8
22.062500	2494.4
22.066250	2467.5
22.070000	2579.2
22.073750	2619.6
22.077500	2520.3
22.081250	2497.9
22.085000	2574.2
22.088750	2455.4
22.092500	2518.1
22.096250	2621.4
22.100000	2589.9
22.103750	2540.9
22.107500	2543.9
22.111250	2598.8
22.115000	2569.5
22.118750	2458.2
22.122500	2480.7
22.126250	2597.9
22.130000	2508.8
22.133750	2505.6
22.137500	2520.6
22.141250	2571.9
22.145000	2583.0
22.148750	2586.6
22.152500	2604.2
22.156250	2656.2
22.160000	2586.2
22.163750	2653.4
22.167500	2579.4
22.171250	2612.7
22.175000	2589.6
22.178750	2724.0
22.182500	2583.7
22.186250	2705.7
22.190000	2736.0
22.193750	2706.1
22.197500	2677.7
22.201250	2720.2
22.205000	2747.8
22.208750	2721.6
22.212500	2743.9
22.216250	2837.5
22.220000	2778.9
22.223750	2808.6
22.227500	2825.8
22.231250	2847.3
22.235000	2892.3
22.238750	2906.4
22.242500	2973.6
22.246250	2919.7
22.250000	3014.1
22.253750	3019.7
22.257500	3130.6
22.261250	3098.6
22.265000	3280.7
22.268750	3218.1
22.272500	3221.5
22.276250	3353.5
22.280000	3359.9
22.283750	3454.1
22.287500	3466.6
22.291250	3679.0
22.295000	3558.6
22.298750	3682.3
22.302500	3655.9
22.306250	3994.1
22.310000	3981.1
22.313750	4043.4
22.317500	4266.1
22.321250	4114.2
22.325000	4358.8
22.328750	4311.6
22.332500	4456.1
22.336250	4522.0
22.340000	4542.4
22.343750	4606.8
22.347500	4835.8
22.351250	4900.8
22.355000	5004.0
22.358750	4812.9
22.362500	4799.8
22.366250	5011.8
22.370000	5068.7
22.373750	4962.4
22.377500	4973.1
22.381250	4930.5
22.385000	4975.6
22.388750	4971.2
22.392500	4867.9
22.396250	4814.9
22.400000	4629.0
22.403750	4528.5
22.407500	4273.3
22.411250	4189.5
22.415000	4279.3
22.418750	4108.0
22.422500	4028.3
22.426250	3932.5
22.430000	3834.5
22.433750	3730.1
22.437500	3723.3
22.441250	3525.0
22.445000	3381.8
22.448750	3413.3
22.452500	3316.6
22.456250	3268.0
22.460000	3196.1
22.463750	3073.6
22.467500	2991.6
22.471250	2977.0
22.475000	2935.9
22.478750	2934.3
22.482500	2899.3
22.486250	2937.3
22.490000	2975.4
22.493750	2707.3
22.497500	2709.0
22.501250	2684.2
22.505000	2689.9
22.508750	2691.2
22.512500	2669.4
22.516250	2602.6
22.520000	2597.0
22.523750	2514.4
22.527500	2493.1
22.531250	2493.7
22.535000	2422.6
22.538750	2476.6
22.542500	2382.8
22.546250	2470.0
22.550000	2388.0
22.553750	2416.0
22.557500	2414.7
22.561250	2301.1
22.565000	2375.3
22.568750	2343.6
22.572500	2357.0
22.576250	2268.2
22.580000	2356.3
22.583750	2364.1
22.587500	2367.7
22.591250	2323.6
22.595000	2284.6
22.598750	2225.8
22.602500	2309.2
22.606250	2236.3
22.610000	2249.8
22.613750	2251.1
22.617500	2216.7
22.621250	2166.1
22.625000	2184.1
22.628750	2195.3
22.632500	2241.9
22.636250	2186.6
22.640000	2249.1
22.643750	2205.6
22.647500	2129.7
22.651250	2131.6
22.655000	2168.3
22.658750	2148.2
22.662500	2171.3
22.666250	2109.4
22.670000	2089.1
22.673750	2158.4
22.677500	2095.3
22.681250	2083.0
22.685000	2126.9
22.688750	2159.3
22.692500	2175.2
22.696250	2136.0
22.700000	2091.3
22.703750	2149.2
22.707500	2082.8
22.711250	2110.0
22.715000	2147.5
22.718750	2192.2
22.722500	2103.1
22.726250	2049.6
22.730000	2119.9
22.733750	2093.1
22.737500	2092.9
22.741250	2145.1
22.745000	2028.8
22.748750	2107.4
22.752500	2124.5
22.756250	2137.0
22.760000	2135.1
22.763750	2154.4
22.767500	2114.1
22.771250	2010.5
22.775000	2070.7
22.778750	2109.5
22.782500	2183.6
22.786250	2094.0
22.790000	2082.1
22.793750	2056.2
22.797500	2054.0
22.801250	2076.1
22.805000	2074.4
22.808750	2061.1
22.812500	2082.7
22.816250	2125.8
22.820000	2003.1
22.823750	2003.4
22.827500	2066.8
22.831250	2058.7
22.835000	2028.0
22.838750	2024.4
22.842500	2070.8
22.846250	2060.7
22.850000	2050.4
22.853750	2092.7
22.857500	2064.2
22.861250	2056.7
22.865000	2016.2
22.868750	2043.2
22.872500	2046.1
22.876250	1974.1
22.880000	2050.2
22.883750	2027.3
22.887500	1981.7
22.891250	2026.6
22.895000	2040.2
22.898750	2074.1
22.902500	2062.3
22.906250	2000.8
22.910000	2015.8
22.913750	2048.0
22.917500	1956.0
22.921250	2028.5
22.925000	2001.6
22.928750	1996.0
22.932500	1973.1
22.936250	2032.7
22.940000	2031.9
22.943750	2012.0
22.947500	2054.6
22.951250	1986.8
22.955000	1915.0
22.958750	2070.6
22.962500	2040.3
22.966250	2019.4
22.970000	1970.6
22.973750	1930.6
22.977500	2065.5
22.981250	2033.5
22.985000	2057.0
22.988750	1980.3
22.992500	1933.8
22.996250	1951.6
23.000000	1983.8
23.003750	2034.9
23.007500	1916.2
23.011250	1938.8
23.015000	1946.8
23.018750	2005.8
23.022500	2024.6
23.026250	2050.4
23.030000	2064.7
23.033750	2057.1
23.037500	1989.8
23.041250	2022.7
23.045000	2005.0
23.048750	2047.1
23.052500	2048.5
23.056250	2049.3
23.060000	2032.8
23.063750	1993.1
23.067500	2022.7
23.071250	1988.6
23.075000	2023.0
23.078750	2007.5
23.082500	2052.6
23.086250	2054.1
23.090000	2014.4
23.093750	1976.1
23.097500	1958.9
23.101250	2089.9
23.105000	2023.3
23.108750	1944.0
23.112500	2030.2
23.116250	2048.3
23.120000	2021.9
23.123750	2058.5
23.127500	2046.0
23.131250	2077.7
23.135000	2028.1
23.138750	2051.9
23.142500	1951.6
23.146250	1990.8
23.150000	2016.6
23.153750	2016.3
23.157500	2016.3
23.161250	1964.7
23.165000	2004.5
23.168750	1994.7
23.172500	1950.0
23.176250	2010.7
23.180000	2007.8
23.183750	2001.0
23.187500	1913.7
23.191250	1952.7
23.195000	1973.5
23.198750	1969.4
23.202500	1972.6
23.206250	1990.1
23.210000	1967.7
23.213750	1980.7
23.217500	1965.3
23.221250	1892.3
23.225000	1893.0
23.228750	2055.7
23.232500	1943.7
23.236250	1951.1
23.240000	1940.4
23.243750	1997.0
23.247500	1934.0
23.251250	2017.2
23.255000	2010.2
23.258750	1902.5
23.262500	1941.1
23.266250	1969.4
23.270000	1892.6
23.273750	1944.2
23.277500	1937.1
23.281250	1966.4
23.285000	1872.4
23.288750	1900.0
23.292500	2007.9
23.296250	1891.2
23.300000	1956.1
23.303750	1840.3
23.307500	1900.8
23.311250	1877.1
23.315000	1954.0
23.318750	1984.2
23.322500	1901.4
23.326250	1903.8
23.330000	1878.9
23.333750	1936.8
23.337500	1990.3
23.341250	1934.9
23.345000	1861.2
23.348750	1938.8
23.352500	1898.8
23.356250	1949.7
23.360000	1898.7
23.363750	1917.3
23.367500	1944.0
23.371250	1898.0
23.375000	1897.1
23.378750	1922.2
23.382500	2025.2
23.386250	1935.9
23.390000	1844.4
23.393750	1930.8
23.397500	1873.0
23.401250	1832.0
23.405000	1892.2
23.408750	1867.4
23.412500	1920.9
23.416250	1950.4
23.420000	1943.6
23.423750	2000.2
23.427500	1971.4
23.431250	2094.6
23.435000	2273.4
23.438750	2373.7
23.442500	2406.0
23.446250	2498.8
23.450000	2535.9
23.453750	2457.9
23.457500	2308.6
23.461250	2241.9
23.465000	2104.9
23.468750	2048.8
23.472500	2019.0
23.476250	2030.0
23.480000	1960.2
23.483750	1984.6
23.487500	1905.3
23.491250	1887.1
23.495000	1917.8
23.498750	1936.1
23.502500	1853.9
23.506250	1893.3
23.510000	1887.2
23.513750	1883.7
23.517500	1915.9
23.521250	1889.2
23.525000	1812.2
23.528750	1900.6
23.532500	1828.7
23.536250	1861.3
23.540000	1966.2
23.543750	1991.3
23.547500	1893.2
23.551250	1931.1
23.555000	1865.6
23.558750	1870.9
23.562500	1887.3
23.566250	1921.8
23.570000	1944.0
23.573750	1905.3
23.577500	1865.9
23.581250	1892.8
23.585000	1953.9
23.588750	1850.6
23.592500	1924.4
23.596250	1865.6
23.600000	1938.7
23.603750	1875.3
23.607500	1897.9
23.611250	1793.4
23.615000	1912.8
23.618750	1920.1
23.622500	1904.0
23.626250	1841.9
23.630000	1894.9
23.633750	1888.7
23.637500	1839.0
23.641250	1881.0
23.645000	1801.5
23.648750	1923.3
23.652500	1933.3
23.656250	1883.5
23.660000	1860.9
23.663750	1924.3
23.667500	1853.9
23.671250	1814.0
23.675000	1879.2
23.678750	1922.5
23.682500	1814.5
23.686250	1838.3
23.690000	1974.5
23.693750	1876.6
23.697500	1899.4
23.701250	1880.8
23.705000	1900.8
23.708750	1906.5
23.712500	1848.7
23.716250	1889.4
23.720000	1935.9
23.723750	1961.9
23.727500	1963.8
23.731250	1782.6
23.735000	1829.9
23.738750	1915.0
23.742500	1885.2
23.746250	1839.8
23.750000	1907.6
23.753750	1877.4
23.757500	1937.0
23.761250	1894.6
23.765000	1872.7
23.768750	1880.5
23.772500	1818.5
23.776250	1817.3
23.780000	1872.9
23.783750	1878.0
23.787500	1854.6
23.791250	1848.1
23.795000	1850.9
23.798750	1853.9
23.802500	1812.3
23.806250	1821.3
23.810000	1864.2
23.813750	1894.9
23.817500	1837.1
23.821250	1752.3
23.825000	1816.4
23.828750	1853.4
23.832500	1800.1
23.836250	1852.8
23.840000	1852.4
23.843750	1839.5
23.847500	1893.7
23.851250	1893.8
23.855000	1851.5
23.858750	1858.4
23.862500	1853.4
23.866250	1891.2
23.870000	1883.0
23.873750	1860.4
23.877500	1791.9
23.881250	1868.7
23.885000	1841.6
23.888750	1915.4
23.892500	1891.6
23.896250	1887.2
23.900000	1928.7
23.903750	1851.6
23.907500	1879.7
23.911250	1826.6
23.915000	1812.2
23.918750	1878.4
23.922500	1904.3
23.926250	1886.2
23.930000	1855.6
23.933750	1794.0
23.937500	1892.7
23.941250	1890.3
23.945000	1835.4
23.948750	1846.8
23.952500	1892.6
23.956250	1903.0
23.960000	1860.5
23.963750	1929.4
23.967500	1889.6
23.971250	1876.7
23.975000	1881.0
23.978750	1882.6
23.982500	1923.1
23.986250	1845.0
23.990000	1909.4
23.993750	1826.1
23.997500	1860.4
24.001250	1979.3
24.005000	1901.2
24.008750	1961.9
24.012500	1854.7
24.016250	1880.6
24.020000	1887.6
24.023750	1866.1
24.027500	1901.5
24.031250	1890.1
24.035000	2004.4
24.038750	1947.3
24.042500	1960.0
24.046250	1961.5
24.050000	1905.7
24.053750	1969.2
24.057500	1945.5
24.061250	1955.4
24.065000	2000.4
24.068750	2008.6
24.072500	1966.3
24.076250	1918.6
24.080000	1969.2
24.083750	2065.1
24.087500	2015.1
24.091250	2080.4
24.095000	2072.1
24.098750	1973.5
24.102500	2072.4
24.106250	2047.9
24.110000	1997.8
24.113750	2016.5
24.117500	2137.9
24.121250	2174.9
24.125000	2130.3
24.128750	2139.0
24.132500	2146.3
24.136250	2203.0
24.140000	2050.1
24.143750	2097.0
24.147500	2146.0
24.151250	2176.3
24.155000	2196.7
24.158750	2351.6
24.162500	2260.6
24.166250	2327.0
24.170000	2300.2
24.173750	2272.9
24.177500	2345.5
24.181250	2279.3
24.185000	2154.1
24.188750	2242.0
24.192500	2207.0
24.196250	2197.0
24.200000	2225.9
24.203750	2274.2
24.207500	2267.5
24.211250	2280.4
24.215000	2212.1
24.218750	2158.0
24.222500	2211.0
24.226250	2192.7
24.230000	2084.1
24.233750	2118.9
24.237500	2162.6
24.241250	2078.8
24.245000	2100.2
24.248750	2124.6
24.252500	2061.1
24.256250	2003.9
24.260000	2001.3
24.263750	2015.7
24.267500	1998.9
24.271250	1885.0
24.275000	1918.3
24.278750	1992.8
24.282500	1971.2
24.286250	1921.6
24.290000	1915.5
24.293750	1923.1
24.297500	1860.6
24.301250	1876.3
24.305000	1871.0
24.308750	1821.2
24.312500	1834.2
24.316250	1819.5
24.320000	1842.4
24.323750	1881.1
24.327500	1840.1
24.331250	1743.3
24.335000	1762.0
24.338750	1852.5
24.342500	1873.1
24.346250	1804.2
24.350000	1819.8
24.353750	1770.4
24.357500	1697.4
24.361250	1797.7
24.365000	1783.7
24.368750	1737.5
24.372500	1747.6
24.376250	1836.7
24.380000	1835.7
24.383750	1770.9
24.387500	1741.4
24.391250	1771.5
24.395000	1719.5
24.398750	1743.1
24.402500	1803.5
24.406250	1744.0
24.410000	1835.7
24.413750	1819.7
24.417500	1691.0
24.421250	1749.4
24.425000	1768.3
24.428750	1746.8
24.432500	1793.7
24.436250	1775.4
24.440000	1775.5
24.443750	1816.5
24.447500	1741.1
24.451250	1771.2
24.455000	1715.3
24.458750	1742.4
24.462500	1726.3
24.466250	1747.6
24.470000	1771.5
24.473750	1755.8
24.477500	1665.9
24.481250	1725.1
24.485000	1738.2
24.488750	1706.1
24.492500	1722.5
24.496250	1694.1
24.500000	1625.7
24.503750	1777.3
24.507500	1758.0
24.511250	1704.8
24.515000	1629.4
24.518750	1691.0
24.522500	1703.3
24.526250	1727.2
24.530000	1803.0
24.533750	1694.9
24.537500	1643.9
24.541250	1663.0
24.545000	1704.7
24.548750	1677.9
24.552500	1726.3
24.556250	1725.0
24.560000	1756.7
24.563750	1748.2
24.567500	1690.7
24.571250	1716.4
24.575000	1707.2
24.578750	1702.4
24.582500	1759.0
24.586250	1710.3
24.590000	1802.2
24.593750	1812.6
24.597500	1764.1
24.601250	1760.4
24.605000	1757.6
24.608750	1788.4
24.612500	1816.0
24.616250	1737.0
24.620000	1699.7
24.623750	1728.8
24.627500	1819.2
24.631250	1796.3
24.635000	1775.9
24.638750	1804.4
24.642500	1746.3
24.646250	1785.3
24.650000	1725.8
24.653750	1763.1
24.657500	1696.1
24.661250	1728.3
24.665000	1797.8
24.668750	1729.9
24.672500	1725.6
24.676250	1715.0
24.680000	1724.4
24.683750	1719.1
24.687500	1827.1
24.691250	1727.2
24.695000	1721.1
24.698750	1690.9
24.702500	1751.9
24.706250	1779.6
24.710000	1797.5
24.713750	1757.6
24.717500	1766.7
24.721250	1710.0
24.725000	1851.9
24.728750	1797.5
24.732500	1822.0
24.736250	1717.3
24.740000	1771.6
24.743750	1823.0
24.747500	1720.0
24.751250	1679.5
24.755000	1706.9
24.758750	1770.2
24.762500	1726.3
24.766250	1764.0
24.770000	1673.1
24.773750	1688.1
24.777500	1644.6
24.781250	1651.2
24.785000	1687.4
24.788750	1732.2
24.792500	1705.0
24.796250	1713.9
24.800000	1676.2
24.803750	1620.4
24.807500	1603.7
24.811250	1661.4
24.815000	1791.1
24.818750	1702.5
24.822500	1677.9
24.826250	1666.0
24.830000	1690.8
24.833750	1690.4
24.837500	1604.7
24.841250	1641.0
24.845000	1651.0
24.848750	1645.7
24.852500	1636.0
24.856250	1641.5
24.860000	1659.9
24.863750	1612.3
24.867500	1677.8
24.871250	1692.2
24.875000	1658.6
24.878750	1600.5
24.882500	1711.2
24.886250	1744.4
24.890000	1596.5
24.893750	1627.2
24.897500	1633.6
24.901250	1650.3
24.905000	1638.7
24.908750	1654.6
24.912500	1584.5
24.916250	1622.7
24.920000	1703.2
24.923750	1634.0
24.927500	1707.6
24.931250	1657.7
24.935000	1698.0
24.938750	1654.4
24.942500	1654.3
24.946250	1715.0
24.950000	1629.9
24.953750	1674.8
24.957500	1609.1
24.961250	1579.0
24.965000	1624.2
24.968750	1616.4
24.972500	1696.7
24.976250	1583.5
24.980000	1642.1
24.983750	1608.7
24.987500	1571.4
24.991250	1661.5
24.995000	1587.2
24.998750	1617.8
25.002500	1679.0
25.006250	1707.9
25.010000	1624.0
25.013750	1617.3
25.017500	1611.0
25.021250	1607.4
25.025000	1628.4
25.028750	1665.7
25.032500	1581.6
25.036250	1587.8
25.040000	1585.7
25.043750	1601.5
25.047500	1517.0
25.051250	1594.4
25.055000	1614.8
25.058750	1546.2
25.062500	1602.4
25.066250	1634.7
25.070000	1595.2
25.073750	1676.8
25.077500	1721.3
25.081250	1743.2
25.085000	1603.5
25.088750	1681.4
25.092500	1650.1
25.096250	1627.9
25.100000	1666.6
25.103750	1588.9
25.107500	1650.9
25.111250	1637.4
25.115000	1657.6
25.118750	1629.4
25.122500	1622.4
25.126250	1692.8
25.130000	1727.2
25.133750	1725.2
25.137500	1616.7
25.141250	1694.4
25.145000	1709.4
25.148750	1659.9
25.152500	1695.1
25.156250	1728.7
25.160000	1713.6
25.163750	1800.0
25.167500	1753.3
25.171250	1715.4
25.175000	1778.1
25.178750	1733.4
25.182500	1751.1
25.186250	1628.2
25.190000	1627.8
25.193750	1703.9
25.197500	1597.6
25.201250	1699.7
25.205000	1534.4
25.208750	1586.4
25.212500	1680.0
25.216250	1638.3
25.220000	1704.4
25.223750	1612.8
25.227500	1602.3
25.231250	1662.5
25.235000	1613.8
25.238750	1642.5
25.242500	1641.3
25.246250	1669.4
25.250000	1621.3
25.253750	1610.6
25.257500	1656.8
25.261250	1614.2
25.265000	1658.5
25.268750	1655.7
25.272500	1787.5
25.276250	1785.6
25.280000	1834.7
25.283750	2013.4
25.287500	1887.0
25.291250	1923.2
25.295000	2010.9
25.298750	1989.2
25.302500	2021.7
25.306250	1994.4
25.310000	1830.2
25.313750	1715.5
25.317500	1712.9
25.321250	1774.6
25.325000	1712.2
25.328750	1649.1
25.332500	1638.8
25.336250	1649.7
25.340000	1606.0
25.343750	1601.2
25.347500	1696.5
25.351250	1573.1
25.355000	1574.0
25.358750	1641.5
25.362500	1647.7
25.366250	1611.0
25.370000	1627.1
25.373750	1620.5
25.377500	1610.8
25.381250	1645.1
25.385000	1580.6
25.388750	1641.1
25.392500	1580.9
25.396250	1533.5
25.400000	1600.9
25.403750	1574.5
25.407500	1628.7
25.411250	1602.6
25.415000	1566.5
25.418750	1547.9
25.422500	1580.2
25.426250	1552.3
25.430000	1549.8
25.433750	1549.3
25.437500	1547.9
25.441250	1565.1
25.445000	1572.6
25.448750	1604.7
25.452500	1646.3
25.456250	1539.9
25.460000	1607.1
25.463750	1633.5
25.467500	1519.7
25.471250	1560.1
25.475000	1578.9
25.478750	1576.9
25.482500	1637.3
25.486250	1613.5
25.490000	1580.6
25.493750	1570.8
25.497500	1554.5
25.501250	1626.5
25.505000	1622.8
25.508750	1638.4
25.512500	1646.5
25.516250	1644.6
25.520000	1564.9
25.523750	1598.2
25.527500	1610.6
25.531250	1563.3
25.535000	1583.6
25.538750	1604.3
25.542500	1616.7
25.546250	1579.3
25.550000	1597.7
25.553750	1583.7
25.557500	1532.9
25.561250	1641.0
25.565000	1551.4
25.568750	1570.4
25.572500	1674.8
25.576250	1588.1
25.580000	1542.1
25.583750	1648.4
25.587500	1607.7
25.591250	1531.0
25.595000	1615.0
25.598750	1611.3
25.602500	1569.4
25.606250	1598.4
25.610000	1576.8
25.613750	1563.8
25.617500	1623.9
25.621250	1678.9
25.625000	1568.7
25.628750	1577.6
25.632500	1578.5
25.636250	1500.0
25.640000	1569.1
25.643750	1610.7
25.647500	1597.0
25.651250	1576.5
25.655000	1573.2
25.658750	1537.7
25.662500	1525.9
25.666250	1518.1
25.670000	1517.0
25.673750	1497.2
25.677500	1504.3
25.681250	1531.5
25.685000	1630.7
25.688750	1678.8
25.692500	1603.5
25.696250	1604.1
25.700000	1656.4
25.703750	1608.1
25.707500	1580.0
25.711250	1623.6
25.715000	1589.9
25.718750	1538.9
25.722500	1612.3
25.726250	1563.0
25.730000	1526.2
25.733750	1588.1
25.737500	1559.5
25.741250	1549.1
25.745000	1526.9
25.748750	1536.7
25.752500	1564.0
25.756250	1555.1
25.760000	1549.0
25.763750	1598.3
25.767500	1531.8
25.771250	1524.5
25.775000	1625.9
25.778750	1650.5
25.782500	1678.4
25.786250	1769.4
25.790000	1792.1
25.793750	1753.4
25.797500	1702.5
25.801250	1787.8
25.805000	1724.7
25.808750	1679.1
25.812500	1714.3
25.816250	1659.5
25.820000	1641.2
25.823750	1633.2
25.827500	1602.8
25.831250	1558.6
25.835000	1557.2
25.838750	1647.8
25.842500	1610.5
25.846250	1496.4
25.850000	1563.8
25.853750	1592.0
25.857500	1555.5
25.861250	1615.7
25.865000	1600.9
25.868750	1549.7
25.872500	1519.6
25.876250	1577.3
25.880000	1551.4
25.883750	1587.6
25.887500	1617.3
25.891250	1577.2
25.895000	1562.3
25.898750	1545.2
25.902500	1571.2
25.906250	1533.2
25.910000	1518.9
25.913750	1594.1
25.917500	1604.6
25.921250	1546.3
25.925000	1513.0
25.928750	1512.9
25.932500	1493.3
25.936250	1513.4
25.940000	1566.0
25.943750	1564.2
25.947500	1575.9
25.951250	1525.3
25.955000	1514.9
25.958750	1530.7
25.962500	1559.3
25.966250	1519.0
25.970000	1478.2
25.973750	1497.6
25.977500	1534.2
25.981250	1520.5
25.985000	1572.2
25.988750	1600.1
25.992500	1420.4
25.996250	1512.0
26.000000	1560.4
26.003750	1533.2
26.007500	1443.5
26.011250	1525.0
26.015000	1508.5
26.018750	1477.6
26.022500	1482.8
26.026250	1476.7
26.030000	1503.8
26.033750	1426.4
26.037500	1585.5
26.041250	1550.2
26.045000	1519.9
26.048750	1486.2
26.052500	1587.9
26.056250	1589.7
26.060000	1448.7
26.063750	1627.2
26.067500	1599.7
26.071250	1604.2
26.075000	1485.1
26.078750	1514.9
26.082500	1602.3
26.086250	1593.1
26.090000	1540.6
26.093750	1608.8
26.097500	1546.4
26.101250	1459.8
26.105000	1504.5
26.108750	1545.6
26.112500	1567.3
26.116250	1512.5
26.120000	1483.3
26.123750	1656.6
26.127500	1616.3
26.131250	1451.5
26.135000	1500.6
26.138750	1559.8
26.142500	1605.7
26.146250	1537.7
26.150000	1488.6
26.153750	1574.6
26.157500	1490.2
26.161250	1510.8
26.165000	1586.1
26.168750	1595.8
26.172500	1570.6
26.176250	1554.7
26.180000	1606.8
26.183750	1648.5
26.187500	1532.6
26.191250	1529.2
26.195000	1520.8
26.198750	1585.2
26.202500	1565.4
26.206250	1487.7
26.210000	1546.3
26.213750	1569.9
26.217500	1532.8
26.221250	1524.7
26.225000	1576.7
26.228750	1577.2
26.232500	1522.1
26.236250	1539.6
26.240000	1536.5
26.243750	1556.5
26.247500	1564.6
26.251250	1594.7
26.255000	1510.0
26.258750	1513.0
26.262500	1537.0
26.266250	1524.4
26.270000	1600.2
26.273750	1566.6
26.277500	1458.3
26.281250	1513.8
26.285000	1488.5
26.288750	1477.3
26.292500	1506.8
26.296250	1591.9
26.300000	1588.8
26.303750	1475.0
26.307500	1537.6
26.311250	1496.2
26.315000	1538.2
26.318750	1507.0
26.322500	1504.0
26.326250	1557.1
26.330000	1543.7
26.333750	1568.5
26.337500	1517.4
26.341250	1541.5
26.345000	1499.5
26.348750	1588.7
26.352500	1478.6
26.356250	1550.9
26.360000	1451.3
26.363750	1519.6
26.367500	1515.2
26.371250	1534.7
26.375000	1521.9
26.378750	1504.6
26.382500	1485.4
26.386250	1449.2
26.390000	1503.2
26.393750	1549.6
26.397500	1457.5
26.401250	1515.7
26.405000	1488.1
26.408750	1559.4
26.412500	1501.2
26.416250	1522.1
26.420000	1468.5
26.423750	1567.3
26.427500	1500.6
26.431250	1474.7
26.435000	1473.6
26.438750	1518.8
26.442500	1515.8
26.446250	1504.6
26.450000	1460.5
26.453750	1493.2
26.457500	1579.9
26.461250	1568.5
26.465000	1486.4
26.468750	1475.8
26.472500	1482.8
26.476250	1549.2
26.480000	1531.9
26.483750	1523.0
26.487500	1571.7
26.491250	1519.4
26.495000	1514.0
26.498750	1539.7
26.502500	1561.6
26.506250	1539.1
26.510000	1443.9
26.513750	1439.0
26.517500	1412.8
26.521250	1574.4
26.525000	1530.4
26.528750	1496.4
26.532500	1538.5
26.536250	1515.2
26.540000	1553.1
26.543750	1507.9
26.547500	1490.0
26.551250	1554.4
26.555000	1549.5
26.558750	1492.6
26.562500	1640.4
26.566250	1532.8
26.570000	1487.1
26.573750	1548.4
26.577500	1453.3
26.581250	1550.6
26.585000	1527.1
26.588750	1516.0
26.592500	1506.4
26.596250	1476.9
26.600000	1467.6
26.603750	1551.6
26.607500	1470.5
26.611250	1558.4
26.615000	1560.4
26.618750	1459.3
26.622500	1524.9
26.626250	1597.0
26.630000	1551.8
26.633750	1524.1
26.637500	1480.8
26.641250	1498.2
26.645000	1614.7
26.648750	1460.8
26.652500	1521.0
26.656250	1489.3
26.660000	1509.9
26.663750	1517.9
26.667500	1541.6
26.671250	1481.3
26.675000	1536.6
26.678750	1461.5
26.682500	1476.8
26.686250	1549.5
26.690000	1496.5
26.693750	1471.4
26.697500	1500.9
26.701250	1489.8
26.705000	1566.9
26.708750	1540.6
26.712500	1477.7
26.716250	1460.9
26.720000	1541.9
26.723750	1524.0
26.727500	1598.8
26.731250	1554.1
26.735000	1539.8
26.738750	1535.3
26.742500	1434.6
26.746250	1522.7
26.750000	1398.9
26.753750	1499.1
26.757500	1447.6
26.761250	1445.0
26.765000	1603.6
26.768750	1551.1
26.772500	1488.9
26.776250	1522.9
26.780000	1494.2
26.783750	1455.6
26.787500	1557.9
26.791250	1496.6
26.795000	1493.2
26.798750	1501.7
26.802500	1506.5
26.806250	1532.7
26.810000	1476.4
26.813750	1532.5
26.817500	1542.3
26.821250	1532.6
26.825000	1499.9
26.828750	1492.1
26.832500	1411.3
26.836250	1500.8
26.840000	1509.3
26.843750	1469.8
26.847500	1496.1
26.851250	1477.1
26.855000	1445.8
26.858750	1520.9
26.862500	1518.0
26.866250	1470.7
26.870000	1495.7
26.873750	1533.5
26.877500	1449.3
26.881250	1476.8
26.885000	1483.4
26.888750	1513.2
26.892500	1478.8
26.896250	1451.6
26.900000	1543.1
26.903750	1502.2
26.907500	1448.6
26.911250	1479.2
26.915000	1502.3
26.918750	1444.5
26.922500	1515.0
26.926250	1537.0
26.930000	1484.3
26.933750	1503.3
26.937500	1469.3
26.941250	1503.8
26.945000	1499.7
26.948750	1445.8
26.952500	1528.6
26.956250	1531.3
26.960000	1492.0
26.963750	1526.9
26.967500	1512.8
26.971250	1500.9
26.975000	1476.8
26.978750	1533.1
26.982500	1481.1
26.986250	1491.7
26.990000	1616.3
26.993750	1555.3
26.997500	1459.4
27.001250	1532.7
27.005000	1578.0
27.008750	1522.6
27.012500	1563.2
27.016250	1595.1
27.020000	1557.4
27.023750	1550.3
27.027500	1519.8
27.031250	1559.3
27.035000	1624.3
27.038750	1640.6
27.042500	1553.4
27.046250	1627.4
27.050000	1666.4
27.053750	1598.3
27.057500	1547.6
27.061250	1606.9
27.065000	1634.7
27.068750	1597.1
27.072500	1569.6
27.076250	1649.7
27.080000	1681.0
27.083750	1697.5
27.087500	1631.2
27.091250	1649.2
27.095000	1729.0
27.098750	1685.6
27.102500	1662.5
27.106250	1656.5
27.110000	1683.8
27.113750	1677.2
27.117500	1799.5
27.121250	1898.4
27.125000	1859.0
27.128750	1884.5
27.132500	1956.5
27.136250	1931.9
27.140000	2030.2
27.143750	2010.1
27.147500	2009.8
27.151250	1934.3
27.155000	1855.5
27.158750	1900.1
27.162500	1875.4
27.166250	1935.2
27.170000	1881.5
27.173750	1727.3
27.177500	1824.3
27.181250	1908.5
27.185000	1857.3
27.188750	1902.2
27.192500	1829.4
27.196250	1832.1
27.200000	1893.7
27.203750	1984.0
27.207500	1889.9
27.211250	1940.6
27.215000	1951.7
27.218750	1964.8
27.222500	2023.6
27.226250	1933.3
27.230000	1854.3
27.233750	1967.7
27.237500	1980.5
27.241250	2022.5
27.245000	2033.9
27.248750	2033.5
27.252500	2051.1
27.256250	2112.3
27.260000	2072.2
27.263750	2128.5
27.267500	2107.1
27.271250	2066.2
27.275000	2130.3
27.278750	2221.7
27.282500	2275.4
27.286250	2264.0
27.290000	2290.3
27.293750	2279.2
27.297500	2234.9
27.301250	2284.3
27.305000	2302.6
27.308750	2299.3
27.312500	2282.7
27.316250	2321.0
27.320000	2305.5
27.323750	2340.2
27.327500	2413.5
27.331250	2358.6
27.335000	2348.5
27.338750	2361.0
27.342500	2411.6
27.346250	2426.9
27.350000	2394.6
27.353750	2341.5
27.357500	2378.7
27.361250	2524.8
27.365000	2537.8
27.368750	2517.1
27.372500	2449.4
27.376250	2532.9
27.380000	2629.4
27.383750	2555.8
27.387500	2535.1
27.391250	2561.8
27.395000	2605.7
27.398750	2682.4
27.402500	2760.9
27.406250	2691.9
27.410000	2712.4
27.413750	2742.4
27.417500	2869.3
27.421250	2781.0
27.425000	2783.1
27.428750	2918.5
27.432500	2960.4
27.436250	2961.2
27.440000	3123.4
27.443750	3108.4
27.447500	3109.8
27.451250	3147.7
27.455000	3143.6
27.458750	3193.9
27.462500	3353.0
27.466250	3202.3
27.470000	3283.0
27.473750	3425.8
27.477500	3311.1
27.481250	3338.3
27.485000	3378.9
27.488750	3325.1
27.492500	3397.0
27.496250	3318.8
27.500000	3447.6
27.503750	3447.6
27.507500	3320.2
27.511250	3147.0
27.515000	3198.8
27.518750	3193.8
27.522500	3157.7
27.526250	3202.3
27.530000	3103.6
27.533750	3099.9
27.537500	3021.5
27.541250	2848.7
27.545000	2957.7
27.548750	2781.8
27.552500	2749.0
27.556250	2650.5
27.560000	2661.2
27.563750	2573.5
27.567500	2601.0
27.571250	2489.2
27.575000	2385.5
27.578750	2345.6
27.582500	2392.6
27.586250	2269.9
27.590000	2257.1
27.593750	2242.8
27.597500	2149.3
27.601250	2073.0
27.605000	2054.5
27.608750	2040.3
27.612500	1986.8
27.616250	2017.5
27.620000	1977.3
27.623750	1885.6
27.627500	1924.7
27.631250	1863.6
27.635000	1723.7
27.638750	1830.3
27.642500	1790.5
27.646250	1816.5
27.650000	1763.4
27.653750	1750.1
27.657500	1655.1
27.661250	1648.6
27.665000	1665.9
27.668750	1692.9
27.672500	1568.9
27.676250	1652.1
27.680000	1645.2
27.683750	1655.2
27.687500	1594.4
27.691250	1529.4
27.695000	1626.8
27.698750	1603.5
27.702500	1648.8
27.706250	1610.9
27.710000	1559.6
27.713750	1571.4
27.717500	1656.6
27.721250	1613.6
27.725000	1613.9
27.728750	1545.1
27.732500	1533.8
27.736250	1495.4
27.740000	1536.8
27.743750	1485.0
27.747500	1532.2
27.751250	1567.2
27.755000	1573.6
27.758750	1507.3
27.762500	1509.3
27.766250	1437.3
27.770000	1475.9
27.773750	1472.5
27.777500	1576.7
27.781250	1506.7
27.785000	1474.8
27.788750	1421.7
27.792500	1449.0
27.796250	1460.3
27.800000	1385.2
27.803750	1479.3
27.807500	1556.6
27.811250	1429.8
27.815000	1447.9
27.818750	1462.7
27.822500	1437.1
27.826250	1461.7
27.830000	1474.1
27.833750	1435.7
27.837500	1435.9
27.841250	1408.8
27.845000	1420.9
27.848750	1475.1
27.852500	1508.1
27.856250	1494.6
27.860000	1482.3
27.863750	1348.7
27.867500	1464.5
27.871250	1505.3
27.875000	1454.5
27.878750	1440.8
27.882500	1444.5
27.886250	1459.5
27.890000	1441.4
27.893750	1423.1
27.897500	1470.1
27.901250	1502.4
27.905000	1478.1
27.908750	1448.5
27.912500	1464.5
27.916250	1451.7
27.920000	1505.3
27.923750	1468.7
27.927500	1439.4
27.931250	1536.5
27.935000	1426.8
27.938750	1456.4
27.942500	1518.2
27.946250	1477.0
27.950000	1476.7
27.953750	1439.5
27.957500	1484.4
27.961250	1494.1
27.965000	1505.4
27.968750	1475.6
27.972500	1490.5
27.976250	1500.3
27.980000	1563.0
27.983750	1495.6
27.987500	1549.7
27.991250	1562.3
27.995000	1557.0
27.998750	1580.8
28.002500	1568.9
28.006250	1546.4
28.010000	1630.1
28.013750	1586.4
28.017500	1662.4
28.021250	1592.2
28.025000	1639.8
28.028750	1699.2
28.032500	1777.9
28.036250	1804.3
28.040000	1851.6
28.043750	1883.6
28.047500	1888.4
28.051250	2029.3
28.055000	2237.4
28.058750	2156.9
28.062500	2320.7
28.066250	2463.4
28.070000	2714.3
28.073750	3086.2
28.077500	3548.3
28.081250	4109.5
28.085000	4856.5
28.088750	5307.4
28.092500	6164.7
28.096250	6768.8
28.100000	7289.1
28.103750	7488.9
28.107500	7541.5
28.111250	7422.9
28.115000	7052.7
28.118750	6223.3
28.122500	5423.6
28.126250	4532.8
28.130000	3887.9
28.133750	3334.9
28.137500	2930.4
28.141250	2679.6
28.145000	2465.0
28.148750	2184.2
28.152500	2166.8
28.156250	2053.4
28.160000	1876.9
28.163750	1828.0
28.167500	1797.3
28.171250	1733.1
28.175000	1721.6
28.178750	1634.7
28.182500	1634.8
28.186250	1582.2
28.190000	1558.1
28.193750	1558.6
28.197500	1541.7
28.201250	1598.8
28.205000	1473.3
28.208750	1524.1
28.212500	1480.2
28.216250	1507.9
28.220000	1536.8
28.223750	1500.0
28.227500	1412.5
28.231250	1495.5
28.235000	1428.4
28.238750	1444.2
28.242500	1439.9
28.246250	1424.9
28.250000	1413.5
28.253750	1422.5
28.257500	1353.7
28.261250	1370.6
28.265000	1392.8
28.268750	1400.1
28.272500	1343.3
28.276250	1425.3
28.280000	1389.6
28.283750	1400.4
28.287500	1402.2
28.291250	1432.1
28.295000	1360.6
28.298750	1402.2
28.302500	1381.0
28.306250	1374.2
28.310000	1407.8
28.313750	1417.0
28.317500	1359.6
28.321250	1324.3
28.325000	1298.8
28.328750	1376.1
28.332500	1345.9
28.336250	1307.3
28.340000	1392.8
28.343750	1365.7
28.347500	1351.0
28.351250	1375.6
28.355000	1320.4
28.358750	1390.7
28.362500	1392.5
28.366250	1330.6
28.370000	1324.8
28.373750	1328.7
28.377500	1340.4
28.381250	1352.8
28.385000	1339.7
28.388750	1329.4
28.392500	1317.1
28.396250	1351.5
28.400000	1370.1
28.403750	1300.7
28.407500	1324.1
28.411250	1258.8
28.415000	1279.8
28.418750	1332.9
28.422500	1248.4
28.426250	1309.1
28.430000	1340.2
28.433750	1373.5
28.437500	1390.1
28.441250	1280.8
28.445000	1311.5
28.448750	1267.2
28.452500	1295.4
28.456250	1321.1
28.460000	1333.2
28.463750	1336.4
28.467500	1333.1
28.471250	1350.3
28.475000	1276.0
28.478750	1258.9
28.482500	1311.2
28.486250	1244.4
28.490000	1251.7
28.493750	1343.8
28.497500	1294.7
28.501250	1297.3
28.505000	1341.9
28.508750	1285.7
28.512500	1366.5
28.516250	1300.2
28.520000	1325.3
28.523750	1288.5
28.527500	1260.9
28.531250	1262.3
28.535000	1273.8
28.538750	1306.9
28.542500	1313.6
28.546250	1285.7
28.550000	1303.7
28.553750	1340.4
28.557500	1345.9
28.561250	1274.0
28.565000	1326.3
28.568750	1279.8
28.572500	1261.2
28.576250	1214.4
28.580000	1214.8
28.583750	1301.3
28.587500	1340.2
28.591250	1245.3
28.595000	1295.4
28.598750	1292.0
28.602500	1270.9
28.606250	1310.0
28.610000	1297.3
28.613750	1324.7
28.617500	1302.4
28.621250	1295.2
28.625000	1289.4
28.628750	1297.4
28.632500	1316.6
28.636250	1321.7
28.640000	1286.6
28.643750	1241.4
28.647500	1271.0
28.651250	1336.1
28.655000	1309.4
28.658750	1306.8
28.662500	1267.8
28.666250	1272.3
28.670000	1254.8
28.673750	1249.4
28.677500	1280.8
28.681250	1242.5
28.685000	1291.8
28.688750	1280.3
28.692500	1233.8
28.696250	1303.3
28.700000	1306.0
28.703750	1316.1
28.707500	1282.5
28.711250	1360.2
28.715000	1328.0
28.718750	1247.7
28.722500	1332.5
28.726250	1305.8
28.730000	1257.2
28.733750	1277.9
28.737500	1201.8
28.741250	1236.0
28.745000	1221.1
28.748750	1318.7
28.752500	1343.7
28.756250	1263.4
28.760000	1258.4
28.763750	1306.3
28.767500	1282.6
28.771250	1267.4
28.775000	1230.2
28.778750	1236.4
28.782500	1226.0
28.786250	1283.5
28.790000	1249.5
28.793750	1251.5
28.797500	1251.1
28.801250	1317.6
28.805000	1320.0
28.808750	1262.8
28.812500	1293.3
28.816250	1316.8
28.820000	1285.2
28.823750	1278.2
28.827500	1196.1
28.831250	1238.5
28.835000	1224.1
28.838750	1298.8
28.842500	1263.1
28.846250	1275.0
28.850000	1309.4
28.853750	1231.5
28.857500	1233.5
28.861250	1291.1
28.865000	1246.3
28.868750	1233.7
28.872500	1259.7
28.876250	1226.0
28.880000	1235.2
28.883750	1231.5
28.887500	1292.2
28.891250	1275.6
28.895000	1266.1
28.898750	1242.5
28.902500	1266.9
28.906250	1266.3
28.910000	1276.0
28.913750	1255.5
28.917500	1353.1
28.921250	1259.6
28.925000	1256.9
28.928750	1319.6
28.932500	1210.8
28.936250	1292.4
28.940000	1321.6
28.943750	1307.5
28.947500	1368.3
28.951250	1306.6
28.955000	1305.3
28.958750	1291.3
28.962500	1289.5
28.966250	1315.7
28.970000	1290.7
28.973750	1230.4
28.977500	1342.7
28.981250	1363.4
28.985000	1299.7
28.988750	1309.5
28.992500	1292.3
28.996250	1334.4
29.000000	1303.0
29.003750	1327.2
29.007500	1330.5
29.011250	1289.6
29.015000	1307.4
29.018750	1293.4
29.022500	1306.2
29.026250	1273.1
29.030000	1245.0
29.033750	1339.8
29.037500	1289.1
29.041250	1341.7
29.045000	1338.5
29.048750	1319.1
29.052500	1277.7
29.056250	1290.4
29.060000	1243.5
29.063750	1260.6
29.067500	1235.3
29.071250	1309.4
29.075000	1362.1
29.078750	1249.2
29.082500	1326.2
29.086250	1316.1
29.090000	1291.0
29.093750	1260.6
29.097500	1273.6
29.101250	1278.6
29.105000	1220.3
29.108750	1275.5
29.112500	1340.3
29.116250	1305.3
29.120000	1219.6
29.123750	1205.5
29.127500	1219.4
29.131250	1223.8
29.135000	1296.6
29.138750	1292.7
29.142500	1226.2
29.146250	1229.7
29.150000	1214.5
29.153750	1233.8
29.157500	1234.5
29.161250	1273.8
29.165000	1268.2
29.168750	1216.3
29.172500	1217.6
29.176250	1263.6
29.180000	1271.2
29.183750	1286.6
29.187500	1220.5
29.191250	1281.5
29.195000	1294.0
29.198750	1339.5
29.202500	1331.5
29.206250	1400.2
29.210000	1369.0
29.213750	1358.1
29.217500	1381.8
29.221250	1427.9
29.225000	1349.8
29.228750	1344.8
29.232500	1379.8
29.236250	1225.4
29.240000	1262.1
29.243750	1253.3
29.247500	1241.2
29.251250	1215.5
29.255000	1265.8
29.258750	1232.2
29.262500	1248.4
29.266250	1282.6
29.270000	1217.7
29.273750	1246.6
29.277500	1261.9
29.281250	1230.8
29.285000	1319.2
29.288750	1262.2
29.292500	1180.8
29.296250	1204.9
29.300000	1242.0
29.303750	1245.9
29.307500	1166.9
29.311250	1229.6
29.315000	1174.4
29.318750	1224.8
29.322500	1188.3
29.326250	1200.9
29.330000	1182.9
29.333750	1155.6
29.337500	1184.5
29.341250	1210.5
29.345000	1180.9
29.348750	1168.8
29.352500	1200.8
29.356250	1231.5
29.360000	1228.3
29.363750	1265.2
29.367500	1187.2
29.371250	1238.7
29.375000	1203.8
29.378750	1205.3
29.382500	1190.7
29.386250	1143.1
29.390000	1138.9
29.393750	1193.7
29.397500	1250.6
29.401250	1199.8
29.405000	1172.0
29.408750	1223.5
29.412500	1224.8
29.416250	1156.5
29.420000	1185.8
29.423750	1187.9
29.427500	1178.9
29.431250	1132.4
29.435000	1155.5
29.438750	1183.9
29.442500	1178.7
29.446250	1291.6
29.450000	1222.3
29.453750	1242.7
29.457500	1199.1
29.461250	1204.4
29.465000	1166.9
29.468750	1126.5
29.472500	1176.3
29.476250	1276.5
29.480000	1139.5
29.483750	1135.7
29.487500	1205.0
29.491250	1162.7
29.495000	1172.1
29.498750	1204.8
29.502500	1122.5
29.506250	1204.0
29.510000	1158.2
29.513750	1135.1
29.517500	1214.8
29.521250	1207.6
29.525000	1213.2
29.528750	1192.0
29.532500	1225.5
29.536250	1199.9
29.540000	1128.9
29.543750	1172.4
29.547500	1209.6
29.551250	1199.9
29.555000	1180.8
29.558750	1190.5
29.562500	1215.1
29.566250	1228.7
29.570000	1165.0
29.573750	1210.6
29.577500	1134.0
29.581250	1171.3
29.585000	1181.0
29.588750	1165.6
29.592500	1187.1
29.596250	1214.3
29.600000	1126.5
29.603750	1154.6
29.607500	1221.1
29.611250	1217.4
29.615000	1233.5
29.618750	1234.1
29.622500	1098.0
29.626250	1124.3
29.630000	1145.4
29.633750	1185.6
29.637500	1218.6
29.641250	1213.7
29.645000	1211.9
29.648750	1187.8
29.652500	1121.2
29.656250	1182.4
29.660000	1158.9
29.663750	1188.1
29.667500	1161.2
29.671250	1202.1
29.675000	1163.7
29.678750	1174.0
29.682500	1177.0
29.686250	1242.2
29.690000	1213.0
29.693750	1167.3
29.697500	1212.7
29.701250	1230.9
29.705000	1165.2
29.708750	1134.8
29.712500	1173.2
29.716250	1142.9
29.720000	1165.3
29.723750	1120.6
29.727500	1196.8
29.731250	1227.7
29.735000	1144.1
29.738750	1160.3
29.742500	1162.3
29.746250	1123.8
29.750000	1231.1
29.753750	1207.3
29.757500	1176.5
29.761250	1127.9
29.765000	1173.1
29.768750	1144.2
29.772500	1131.8
29.776250	1179.3
29.780000	1178.2
29.783750	1172.8
29.787500	1171.5
29.791250	1191.3
29.795000	1187.9
29.798750	1142.6
29.802500	1111.1
29.806250	1157.7
29.810000	1174.2
29.813750	1086.9
29.817500	1192.1
29.821250	1178.1
29.825000	1183.5
29.828750	1150.1
29.832500	1188.6
29.836250	1211.1
29.840000	1153.9
29.843750	1157.1
29.847500	1101.2
29.851250	1168.0
29.855000	1158.9
29.858750	1163.7
29.862500	1145.6
29.866250	1156.2
29.870000	1101.0
29.873750	1141.8
29.877500	1136.1
29.881250	1175.4
29.885000	1154.8
29.888750	1193.8
29.892500	1140.3
29.896250	1151.4
29.900000	1144.0
29.903750	1215.0
29.907500	1170.1
29.911250	1154.4
29.915000	1139.0
29.918750	1109.2
29.922500	1151.9
29.926250	1119.2
29.930000	1108.0
29.933750	1114.8
29.937500	1157.5
29.941250	1154.0
29.945000	1135.5
29.948750	1180.6
29.952500	1184.7
29.956250	1197.3
29.960000	1095.7
29.963750	1134.1
29.967500	1158.1
29.971250	1129.4
29.975000	1169.1
29.978750	1161.7
29.982500	1166.5
29.986250	1151.6
29.990000	1112.7
29.993750	1103.7
29.997500	1229.1
30.001250	1173.6
30.005000	1149.1
30.008750	1134.6
30.012500	1110.9
30.016250	1094.2
30.020000	1152.7
30.023750	1155.4
30.027500	1157.5
30.031250	1133.9
30.035000	1102.4
30.038750	1124.9
30.042500	1134.1
30.046250	1170.7
30.050000	1159.2
30.053750	1071.5
30.057500	1128.6
30.061250	1090.5
30.065000	1092.0
30.068750	1100.3
30.072500	1074.6
30.076250	1089.4
30.080000	1120.0
30.083750	1140.6
30.087500	1151.7
30.091250	1183.1
30.095000	1179.6
30.098750	1122.5
30.102500	1154.4
30.106250	1143.9
30.110000	1154.8
30.113750	1183.5
30.117500	1112.9
30.121250	1167.5
30.125000	1164.5
30.128750	1146.7
30.132500	1120.1
30.136250	1201.5
30.140000	1184.0
30.143750	1193.2
30.147500	1134.5
30.151250	1114.9
30.155000	1101.0
30.158750	1155.8
30.162500	1153.7
30.166250	1139.6
30.170000	1103.9
30.173750	1194.9
30.177500	1216.9
30.181250	1156.8
30.185000	1126.4
30.188750	1166.9
30.192500	1164.0
30.196250	1180.5
30.200000	1169.8
30.203750	1107.9
30.207500	1156.1
30.211250	1172.5
30.215000	1161.9
30.218750	1156.9
30.222500	1156.6
30.226250	1107.1
30.230000	1186.7
30.233750	1183.6
30.237500	1200.2
30.241250	1127.4
30.245000	1123.8
30.248750	1112.2
30.252500	1114.0
30.256250	1156.1
30.260000	1187.0
30.263750	1185.8
30.267500	1191.7
30.271250	1141.9
30.275000	1102.1
30.278750	1139.4
30.282500	1171.9
30.286250	1137.0
30.290000	1206.9
30.293750	1162.5
30.297500	1162.8
30.301250	1140.5
30.305000	1137.9
30.308750	1117.6
30.312500	1179.3
30.316250	1162.8
30.320000	1151.1
30.323750	1146.7
30.327500	1230.7
30.331250	1150.1
30.335000	1151.5
30.338750	1191.8
30.342500	1143.3
30.346250	1184.8
30.350000	1156.3
30.353750	1152.1
30.357500	1234.1
30.361250	1202.4
30.365000	1189.9
30.368750	1176.8
30.372500	1218.1
30.376250	1246.5
30.380000	1202.3
30.383750	1184.3
30.387500	1173.7
30.391250	1251.4
30.395000	1289.1
30.398750	1241.5
30.402500	1220.7
30.406250	1222.3
30.410000	1202.2
30.413750	1205.9
30.417500	1224.5
30.421250	1283.7
30.425000	1230.8
30.428750	1180.8
30.432500	1257.9
30.436250	1232.5
30.440000	1241.7
30.443750	1272.9
30.447500	1280.6
30.451250	1229.5
30.455000	1196.3
30.458750	1295.1
30.462500	1248.1
30.466250	1234.1
30.470000	1275.1
30.473750	1255.3
30.477500	1265.2
30.481250	1299.5
30.485000	1276.3
30.488750	1226.4
30.492500	1248.2
30.496250	1270.4
30.500000	1268.7
30.503750	1279.2
30.507500	1234.8
30.511250	1216.6
30.515000	1275.9
30.518750	1376.9
30.522500	1306.2
30.526250	1274.4
30.530000	1246.4
30.533750	1265.2
30.537500	1300.8
30.541250	1246.7
30.545000	1290.7
30.548750	1235.7
30.552500	1234.9
30.556250	1270.0
30.560000	1326.5
30.563750	1211.2
30.567500	1256.0
30.571250	1286.7
30.575000	1245.7
30.578750	1260.4
30.582500	1245.0
30.586250	1153.9
30.590000	1177.9
30.593750	1222.1
30.597500	1281.9
30.601250	1175.5
30.605000	1194.3
30.608750	1145.7
30.612500	1257.4
30.616250	1305.7
30.620000	1228.3
30.623750	1114.7
30.627500	1259.3
30.631250	1101.1
30.635000	1150.3
30.638750	1155.8
30.642500	1162.1
30.646250	1166.0
30.650000	1092.2
30.653750	1095.6
30.657500	1122.9
30.661250	1174.7
30.665000	1138.3
30.668750	1087.0
30.672500	1055.5
30.676250	1085.9
30.680000	1091.3
30.683750	1032.3
30.687500	1167.3
30.691250	1105.2
30.695000	1121.7
30.698750	1141.1
30.702500	1145.4
30.706250	1104.8
30.710000	1129.3
30.713750	1156.7
30.717500	1109.2
30.721250	1117.3
30.725000	1118.8
30.728750	1095.4
30.732500	1141.1
30.736250	1078.2
30.740000	1083.8
30.743750	1130.5
30.747500	1112.0
30.751250	1097.1
30.755000	1103.6
30.758750	1193.5
30.762500	1063.6
30.766250	1079.2
30.770000	1161.8
30.773750	1082.1
30.777500	1153.0
30.781250	1120.6
30.785000	1069.1
30.788750	1065.0
30.792500	1114.8
30.796250	1095.8
30.800000	1078.8
30.803750	1103.9
30.807500	1162.1
30.811250	1046.5
30.815000	1092.6
30.818750	1125.8
30.822500	1053.9
30.826250	1036.8
30.830000	1091.4
30.833750	1088.0
30.837500	1043.9
30.841250	1086.1
30.845000	1140.3
30.848750	1095.7
30.852500	1111.1
30.856250	1067.9
30.860000	1097.0
30.863750	1106.7
30.867500	1084.3
30.871250	1127.6
30.875000	1203.7
30.878750	1113.0
30.882500	1101.3
30.886250	1087.0
30.890000	1127.4
30.893750	1060.3
30.897500	1080.4
30.901250	1134.1
30.905000	1053.4
30.908750	1051.6
30.912500	1117.6
30.916250	1075.7
30.920000	1102.0
30.923750	1088.9
30.927500	1100.5
30.931250	1091.2
30.935000	1149.8
30.938750	1161.8
30.942500	1145.6
30.946250	1095.0
30.950000	1124.6
30.953750	1116.5
30.957500	1088.4
30.961250	1086.2
30.965000	1068.1
30.968750	1073.7
30.972500	1046.9
30.976250	1104.4
30.980000	1177.3
30.983750	1194.0
30.987500	1091.3
30.991250	1088.5
30.995000	1156.3
30.998750	1204.4
31.002500	1087.6
31.006250	1111.3
31.010000	1092.0
31.013750	1123.4
31.017500	1006.9
31.021250	1064.1
31.025000	1127.7
31.028750	1040.3
31.032500	1120.8
31.036250	1133.7
31.040000	1124.6
31.043750	1112.1
31.047500	1072.9
31.051250	1058.5
31.055000	1023.8
31.058750	1080.8
31.062500	1109.3
31.066250	1105.5
31.070000	1123.1
31.073750	1056.3
31.077500	1086.8
31.081250	1150.5
31.085000	1134.2
31.088750	1155.6
31.092500	1144.5
31.096250	1090.7
31.100000	1173.7
31.103750	1087.9
31.107500	1129.1
31.111250	1032.0
31.115000	1021.9
31.118750	1089.2
31.122500	1073.5
31.126250	1059.3
31.130000	1161.4
31.133750	1088.7
31.137500	1003.1
31.141250	1143.8
31.145000	1030.0
31.148750	1018.6
31.152500	1088.2
31.156250	977.6
31.160000	1057.2
31.163750	1103.1
31.167500	1050.1
31.171250	1027.1
31.175000	1151.4
31.178750	1105.7
31.182500	1127.4
31.186250	1101.0
31.190000	1076.4
31.193750	1113.3
31.197500	1118.7
31.201250	1105.8
31.205000	1080.5
31.208750	1090.8
31.212500	1053.3
31.216250	1059.4
31.220000	1058.5
31.223750	1076.7
31.227500	1071.1
31.231250	1073.3
31.235000	1136.2
31.238750	1096.7
31.242500	1116.6
31.246250	1118.6
31.250000	1114.7
31.253750	1059.3
31.257500	1050.4
31.261250	1047.5
31.265000	1094.2
31.268750	1009.1
31.272500	1064.1
31.276250	1031.9
31.280000	1006.1
31.283750	1066.2
31.287500	1103.9
31.291250	1128.5
31.295000	1074.9
31.298750	1108.8
31.302500	1070.7
31.306250	1091.5
31.310000	1162.4
31.313750	1103.1
31.317500	1068.1
31.321250	1083.0
31.325000	1098.7
31.328750	1079.7
31.332500	1097.8
31.336250	1045.4
31.340000	1060.8
31.343750	1061.3
31.347500	1062.7
31.351250	1098.8
31.355000	1065.8
31.358750	1109.4
31.362500	1100.9
31.366250	1038.9
31.370000	1045.3
31.373750	1083.9
31.377500	1076.5
31.381250	1074.7
31.385000	991.7
31.388750	1125.6
31.392500	1073.3
31.396250	1101.3
31.400000	1081.3
31.403750	1086.3
31.407500	1026.1
31.411250	1072.9
31.415000	1107.0
31.418750	1072.4
31.422500	1097.2
31.426250	1039.0
31.430000	1175.3
31.433750	1109.9
31.437500	1083.3
31.441250	993.9
31.445000	1077.0
31.448750	1069.4
31.452500	1101.5
31.456250	1114.0
31.460000	1003.6
31.463750	1051.7
31.467500	1088.2
31.471250	1113.1
31.475000	1116.5
31.478750	1038.8
31.482500	1117.5
31.486250	1091.2
31.490000	1070.3
31.493750	1100.0
31.497500	1073.5
31.501250	1074.8
31.505000	1016.7
31.508750	1087.7
31.512500	1075.4
31.516250	1057.0
31.520000	1081.4
31.523750	1088.8
31.527500	1107.1
31.531250	1058.3
31.535000	1109.1
31.538750	1131.7
31.542500	1139.8
31.546250	1134.0
31.550000	1050.6
31.553750	1081.3
31.557500	1041.5
31.561250	1116.4
31.565000	1116.8
31.568750	1056.9
31.572500	1075.8
31.576250	1105.2
31.580000	1019.2
31.583750	1000.9
31.587500	1137.6
31.591250	1073.2
31.595000	1099.3
31.598750	1114.1
31.602500	1061.0
31.606250	1093.3
31.610000	1141.5
31.613750	1117.1
31.617500	1124.3
31.621250	1107.7
31.625000	1106.6
31.628750	1124.5
31.632500	1157.9
31.636250	1105.1
31.640000	1111.8
31.643750	1097.0
31.647500	1095.7
31.651250	1143.4
31.655000	1120.2
31.658750	1075.7
31.662500	1113.4
31.666250	1074.1
31.670000	1159.2
31.673750	1155.8
31.677500	1172.7
31.681250	1141.0
31.685000	1173.8
31.688750	1180.4
31.692500	1139.5
31.696250	1108.2
31.700000	1214.7
31.703750	1182.4
31.707500	1210.9
31.711250	1192.2
31.715000	1178.7
31.718750	1130.8
31.722500	1199.2
31.726250	1237.1
31.730000	1245.9
31.733750	1231.3
31.737500	1227.7
31.741250	1209.3
31.745000	1287.8
31.748750	1250.3
31.752500	1263.0
31.756250	1235.8
31.760000	1285.0
31.763750	1303.4
31.767500	1296.6
31.771250	1290.7
31.775000	1269.5
31.778750	1372.1
31.782500	1327.3
31.786250	1346.1
31.790000	1390.1
31.793750	1344.3
31.797500	1377.3
31.801250	1362.1
31.805000	1403.5
31.808750	1416.7
31.812500	1394.3
31.816250	1356.4
31.820000	1431.9
31.823750	1458.2
31.827500	1474.6
31.831250	1402.7
31.835000	1397.5
31.838750	1445.1
31.842500	1497.0
31.846250	1512.1
31.850000	1568.4
31.853750	1548.8
31.857500	1559.2
31.861250	1599.8
31.865000	1745.1
31.868750	1765.1
31.872500	1927.6
31.876250	2044.8
31.880000	2067.8
31.883750	2034.0
31.887500	2028.8
31.891250	2140.5
31.895000	2121.4
31.898750	2036.4
31.902500	1952.6
31.906250	1866.2
31.910000	1681.2
31.913750	1612.5
31.917500	1500.5
31.921250	1399.2
31.925000	1362.0
31.928750	1256.2
31.932500	1320.0
31.936250	1339.8
31.940000	1343.7
31.943750	1230.7
31.947500	1257.1
31.951250	1226.3
31.955000	1308.4
31.958750	1183.1
31.962500	1259.7
31.966250	1202.8
31.970000	1198.8
31.973750	1158.8
31.977500	1146.8
31.981250	1220.5
31.985000	1181.8
31.988750	1201.3
31.992500	1129.6
31.996250	1143.3
32.000000	1108.3
32.003750	1161.5
32.007500	1164.7
32.011250	1169.2
32.015000	1190.8
32.018750	1132.9
32.022500	1135.8
32.026250	1114.4
32.030000	1134.0
32.033750	1167.2
32.037500	1126.7
32.041250	1063.3
32.045000	1141.4
32.048750	1141.5
32.052500	1120.8
32.056250	1103.8
32.060000	1097.9
32.063750	1108.6
32.067500	1090.2
32.071250	1102.9
32.075000	1083.5
32.078750	1038.6
32.082500	1077.2
32.086250	1109.7
32.090000	1082.0
32.093750	1101.7
32.097500	1099.5
32.101250	1125.6
32.105000	1119.0
32.108750	1123.4
32.112500	1089.8
32.116250	1085.2
32.120000	1089.6
32.123750	1071.7
32.127500	1045.5
32.131250	1070.3
32.135000	1011.2
32.138750	1085.4
32.142500	1051.4
32.146250	1061.4
32.150000	1104.4
32.153750	1081.9
32.157500	1083.9
32.161250	1048.7
32.165000	1057.0
32.168750	1080.6
32.172500	1092.2
32.176250	1079.0
32.180000	1062.5
32.183750	1085.2
32.187500	1084.0
32.191250	1111.7
32.195000	1073.4
32.198750	1069.2
32.202500	1123.5
32.206250	1090.5
32.210000	1121.9
32.213750	1121.7
32.217500	1110.1
32.221250	1061.8
32.225000	1050.5
32.228750	1013.7
32.232500	1009.5
32.236250	1023.9
32.240000	1029.0
32.243750	1034.3
32.247500	1059.7
32.251250	1031.0
32.255000	1048.3
32.258750	1018.0
32.262500	1022.4
32.266250	1052.4
32.270000	1056.9
32.273750	1060.9
32.277500	1010.4
32.281250	1035.5
32.285000	1062.0
32.288750	1007.5
32.292500	1044.5
32.296250	1097.5
32.300000	1052.3
32.303750	970.0
32.307500	1037.6
32.311250	1047.1
32.315000	1068.3
32.318750	1077.6
32.322500	1062.1
32.326250	1031.7
32.330000	1003.1
32.333750	1057.5
32.337500	1054.6
32.341250	1047.5
32.345000	1059.3
32.348750	1027.1
32.352500	987.0
32.356250	1036.3
32.360000	1041.1
32.363750	1075.5
32.367500	1054.1
32.371250	1040.0
32.375000	1088.6
32.378750	1043.9
32.382500	999.8
32.386250	1030.4
32.390000	1054.8
32.393750	1103.2
32.397500	1055.5
32.401250	1068.3
32.405000	1093.4
32.408750	1038.8
32.412500	1055.1
32.416250	1037.1
32.420000	978.5
32.423750	1045.9
32.427500	1059.4
32.431250	1023.6
32.435000	1052.7
32.438750	1037.2
32.442500	1023.6
32.446250	991.2
32.450000	1064.9
32.453750	1039.4
32.457500	1010.8
32.461250	1049.2
32.465000	1028.1
32.468750	1052.4
32.472500	1071.0
32.476250	1055.0
32.480000	982.5
32.483750	1046.2
32.487500	972.5
32.491250	982.7
32.495000	1064.0
32.498750	1086.4
32.502500	1038.4
32.506250	1044.3
32.510000	1050.7
32.513750	1073.8
32.517500	1029.1
32.521250	1015.8
32.525000	1084.9
32.528750	1026.2
32.532500	1042.1
32.536250	1061.0
32.540000	1011.9
32.543750	1087.0
32.547500	1119.9
32.551250	1100.4
32.555000	1078.8
32.558750	1111.1
32.562500	1070.8
32.566250	990.0
32.570000	1077.8
32.573750	1005.7
32.577500	1059.2
32.581250	1071.4
32.585000	1088.1
32.588750	1074.0
32.592500	1041.7
32.596250	1010.2
32.600000	1079.9
32.603750	1057.9
32.607500	1087.6
32.611250	1025.0
32.615000	1069.2
32.618750	1070.0
32.622500	1071.6
32.626250	1039.4
32.630000	1087.1
32.633750	1088.7
32.637500	1039.0
32.641250	1049.5
32.645000	1019.1
32.648750	1078.7
32.652500	1114.1
32.656250	1068.2
32.660000	1096.0
32.663750	1145.4
32.667500	1050.3
32.671250	1052.6
32.675000	1054.4
32.678750	1106.5
32.682500	1117.7
32.686250	1109.9
32.690000	1130.8
32.693750	1124.2
32.697500	1084.1
32.701250	1124.1
32.705000	1096.5
32.708750	1132.7
32.712500	1186.0
32.716250	1083.8
32.720000	1126.8
32.723750	1072.1
32.727500	1118.4
32.731250	1122.4
32.735000	1159.6
32.738750	1142.1
32.742500	1100.8
32.746250	1133.3
32.750000	1136.9
32.753750	1140.6
32.757500	1123.0
32.761250	1083.0
32.765000	1157.9
32.768750	1142.1
32.772500	1155.7
32.776250	1091.8
32.780000	1155.7
32.783750	1168.5
32.787500	1142.8
32.791250	1173.7
32.795000	1139.1
32.798750	1152.1
32.802500	1259.4
32.806250	1213.8
32.810000	1184.7
32.813750	1210.9
32.817500	1211.7
32.821250	1185.9
32.825000	1184.7
32.828750	1199.3
32.832500	1226.4
32.836250	1228.7
32.840000	1224.6
32.843750	1253.3
32.847500	1318.5
32.851250	1276.8
32.855000	1266.5
32.858750	1284.9
32.862500	1255.2
32.866250	1220.0
32.870000	1225.7
32.873750	1256.2
32.877500	1238.5
32.881250	1204.5
32.885000	1290.1
32.888750	1275.5
32.892500	1305.6
32.896250	1282.2
32.900000	1259.9
32.903750	1291.2
32.907500	1333.1
32.911250	1276.9
32.915000	1312.7
32.918750	1269.6
32.922500	1356.7
32.926250	1256.8
32.930000	1289.7
32.933750	1279.4
32.937500	1301.0
32.941250	1326.4
32.945000	1364.2
32.948750	1327.7
32.952500	1275.4
32.956250	1287.7
32.960000	1317.9
32.963750	1310.0
32.967500	1354.5
32.971250	1336.0
32.975000	1402.4
32.978750	1375.9
32.982500	1305.4
32.986250	1292.9
32.990000	1389.8
32.993750	1289.5
32.997500	1385.4
33.001250	1318.2
33.005000	1317.8
33.008750	1374.8
33.012500	1389.6
33.016250	1356.7
33.020000	1384.8
33.023750	1375.4
33.027500	1377.6
33.031250	1401.1
33.035000	1364.3
33.038750	1434.5
33.042500	1419.8
33.046250	1390.2
33.050000	1439.8
33.053750	1325.2
33.057500	1404.5
33.061250	1434.0
33.065000	1338.2
33.068750	1478.7
33.072500	1412.6
33.076250	1411.9
33.080000	1440.7
33.083750	1511.6
33.087500	1519.6
33.091250	1508.0
33.095000	1470.3
33.098750	1523.1
33.102500	1605.4
33.106250	1584.6
33.110000	1517.4
33.113750	1580.5
33.117500	1640.2
33.121250	1592.3
33.125000	1611.7
33.128750	1615.0
33.132500	1661.4
33.136250	1552.2
33.140000	1648.0
33.143750	1652.2
33.147500	1749.1
33.151250	1712.5
33.155000	1645.0
33.158750	1725.6
33.162500	1732.9
33.166250	1832.6
33.170000	1801.0
33.173750	1822.4
33.177500	1757.5
33.181250	1746.5
33.185000	1735.0
33.188750	1746.1
33.192500	1702.4
33.196250	1740.8
33.200000	1690.2
33.203750	1762.6
33.207500	1739.9
33.211250	1754.7
33.215000	1768.8
33.218750	1715.9
33.222500	1711.9
33.226250	1747.5
33.230000	1698.6
33.233750	1567.7
33.237500	1595.6
33.241250	1562.3
33.245000	1589.2
33.248750	1572.5
33.252500	1424.1
33.256250	1453.3
33.260000	1470.1
33.263750	1467.4
33.267500	1434.1
33.271250	1450.0
33.275000	1482.0
33.278750	1473.0
33.282500	1342.8
33.286250	1398.8
33.290000	1413.2
33.293750	1338.3
33.297500	1326.5
33.301250	1320.2
33.305000	1269.4
33.308750	1225.0
33.312500	1314.5
33.316250	1219.4
33.320000	1195.9
33.323750	1244.5
33.327500	1149.6
33.331250	1243.8
33.335000	1242.7
33.338750	1160.3
33.342500	1147.6
33.346250	1118.9
33.350000	1093.5
33.353750	1054.8
33.357500	1083.6
33.361250	1147.9
33.365000	1080.2
33.368750	1113.1
33.372500	1134.0
33.376250	1083.6
33.380000	1109.2
33.383750	1078.1
33.387500	1092.6
33.391250	1091.1
33.395000	1062.7
33.398750	1139.3
33.402500	1090.0
33.406250	1077.9
33.410000	1018.9
33.413750	1031.0
33.417500	1051.8
33.421250	1061.3
33.425000	1014.7
33.428750	1077.3
33.432500	1104.4
33.436250	1079.7
33.440000	1048.5
33.443750	1061.6
33.447500	1035.4
33.451250	1029.1
33.455000	1031.2
33.458750	1010.7
33.462500	990.2
33.466250	1032.3
33.470000	1036.1
33.473750	1021.4
33.477500	1008.7
33.481250	978.9
33.485000	1023.2
33.488750	1063.7
33.492500	1083.6
33.496250	1027.8
33.500000	1037.8
33.503750	995.7
33.507500	1016.3
33.511250	988.6
33.515000	985.6
33.518750	1002.3
33.522500	997.2
33.526250	1041.7
33.530000	1051.3
33.533750	1061.4
33.537500	1070.5
33.541250	1002.9
33.545000	1011.0
33.548750	1078.2
33.552500	1036.7
33.556250	1006.6
33.560000	969.6
33.563750	1017.7
33.567500	1048.7
33.571250	1044.6
33.575000	1037.6
33.578750	997.2
33.582500	1022.9
33.586250	1039.8
33.590000	981.2
33.593750	1028.5
33.597500	1022.4
33.601250	964.1
33.605000	977.6
33.608750	1016.4
33.612500	1018.0
33.616250	987.5
33.620000	1001.1
33.623750	975.9
33.627500	1002.7
33.631250	1001.6
33.635000	997.6
33.638750	1022.5
33.642500	1021.5
33.646250	1027.9
33.650000	1025.6
33.653750	1005.7
33.657500	1002.7
33.661250	965.3
33.665000	991.8
33.668750	993.4
33.672500	1002.3
33.676250	1012.9
33.680000	1009.0
33.683750	970.5
33.687500	986.4
33.691250	1001.2
33.695000	1012.5
33.698750	1027.6
33.702500	1028.8
33.706250	996.7
33.710000	1009.2
33.713750	970.5
33.717500	932.5
33.721250	953.3
33.725000	1041.6
33.728750	982.0
33.732500	959.5
33.736250	1005.6
33.740000	958.0
33.743750	997.6
33.747500	1012.7
33.751250	1025.1
33.755000	960.7
33.758750	946.2
33.762500	1016.7
33.766250	992.4
33.770000	944.6
33.773750	999.7
33.777500	1036.1
33.781250	989.9
33.785000	964.2
33.788750	981.4
33.792500	998.1
33.796250	955.1
33.800000	967.7
33.803750	1012.7
33.807500	975.2
33.811250	980.8
33.815000	1023.6
33.818750	1003.6
33.822500	975.3
33.826250	1011.6
33.830000	997.0
33.833750	977.7
33.837500	1031.3
33.841250	1011.2
33.845000	1009.4
33.848750	1007.9
33.852500	1026.9
33.856250	955.6
33.860000	938.3
33.863750	984.1
33.867500	964.3
33.871250	996.8
33.875000	958.2
33.878750	982.7
33.882500	1023.7
33.886250	966.6
33.890000	1041.2
33.893750	999.0
33.897500	977.3
33.901250	979.3
33.905000	931.5
33.908750	934.0
33.912500	1032.7
33.916250	975.9
33.920000	982.4
33.923750	923.7
33.927500	979.0
33.931250	954.8
33.935000	966.8
33.938750	1000.5
33.942500	990.5
33.946250	1020.1
33.950000	988.9
33.953750	1004.4
33.957500	969.2
33.961250	986.8
33.965000	1044.4
33.968750	948.9
33.972500	972.1
33.976250	974.6
33.980000	979.5
33.983750	1018.5
33.987500	974.4
33.991250	1000.5
33.995000	955.0
33.998750	998.2
34.002500	1024.4
34.006250	1023.9
34.010000	1030.3
34.013750	994.6
34.017500	991.8
34.021250	989.2
34.025000	1026.2
34.028750	991.8
34.032500	985.5
34.036250	960.5
34.040000	971.8
34.043750	1076.4
34.047500	1009.8
34.051250	1020.1
34.055000	1043.7
34.058750	989.2
34.062500	960.4
34.066250	1005.6
34.070000	1015.9
34.073750	994.6
34.077500	1020.2
34.081250	983.2
34.085000	1000.7
34.088750	985.2
34.092500	1023.8
34.096250	1029.4
34.100000	1037.7
34.103750	981.9
34.107500	992.7
34.111250	996.1
34.115000	1004.8
34.118750	1066.0
34.122500	1036.2
34.126250	983.1
34.130000	981.2
34.133750	995.2
34.137500	998.9
34.141250	997.0
34.145000	1010.4
34.148750	1000.7
34.152500	972.1
34.156250	969.2
34.160000	1023.4
34.163750	990.3
34.167500	979.5
34.171250	1000.2
34.175000	1035.2
34.178750	928.7
34.182500	964.6
34.186250	1011.3
34.190000	952.3
34.193750	937.2
34.197500	1013.7
34.201250	977.8
34.205000	956.1
34.208750	990.5
34.212500	988.1
34.216250	988.7
34.220000	958.8
34.223750	954.3
34.227500	972.6
34.231250	957.6
34.235000	953.4
34.238750	984.3
34.242500	962.2
34.246250	978.7
34.250000	1019.3
34.253750	1028.9
34.257500	1003.8
34.261250	983.5
34.265000	1022.0
34.268750	987.8
34.272500	974.7
34.276250	972.4
34.280000	1001.4
34.283750	1022.7
34.287500	1015.4
34.291250	935.0
34.295000	1005.0
34.298750	933.8
34.302500	983.9
34.306250	958.4
34.310000	943.4
34.313750	944.5
34.317500	996.2
34.321250	972.4
34.325000	946.3
34.328750	859.1
34.332500	901.4
34.336250	965.3
34.340000	977.5
34.343750	968.7
34.347500	973.4
34.351250	980.3
34.355000	1002.4
34.358750	982.5
34.362500	952.8
34.366250	982.5
34.370000	979.3
34.373750	983.9
34.377500	951.6
34.381250	968.2
34.385000	959.1
34.388750	964.8
34.392500	988.3
34.396250	921.8
34.400000	918.3
34.403750	976.4
34.407500	1012.2
34.411250	975.0
34.415000	951.2
34.418750	1017.7
34.422500	988.8
34.426250	953.7
34.430000	1032.4
34.433750	1007.7
34.437500	1053.0
34.441250	997.9
34.445000	939.3
34.448750	965.1
34.452500	993.2
34.456250	1002.0
34.460000	956.7
34.463750	965.1
34.467500	977.4
34.471250	909.0
34.475000	997.9
34.478750	965.4
34.482500	961.1
34.486250	918.5
34.490000	942.6
34.493750	951.7
34.497500	922.0
34.501250	929.0
34.505000	952.3
34.508750	962.2
34.512500	996.3
34.516250	938.6
34.520000	935.3
34.523750	946.7
34.527500	980.3
34.531250	1014.1
34.535000	1013.6
34.538750	971.3
34.542500	973.4
34.546250	919.4
34.550000	956.1
34.553750	961.5
34.557500	976.0
34.561250	945.2
34.565000	976.6
34.568750	959.2
34.572500	987.0
34.576250	982.8
34.580000	902.9
34.583750	988.0
34.587500	1000.6
34.591250	990.3
34.595000	943.8
34.598750	959.5
34.602500	992.1
34.606250	1010.8
34.610000	1043.4
34.613750	997.8
34.617500	942.7
34.621250	962.0
34.625000	960.8
34.628750	948.0
34.632500	977.8
34.636250	1037.3
34.640000	1019.1
34.643750	981.9
34.647500	957.0
34.651250	1026.6
34.655000	999.1
34.658750	989.8
34.662500	960.5
34.666250	951.1
34.670000	997.1
34.673750	1037.5
34.677500	1029.1
34.681250	959.7
34.685000	934.0
34.688750	925.5
34.692500	956.5
34.696250	1035.5
34.700000	1015.8
34.703750	958.4
34.707500	945.2
34.711250	1004.8
34.715000	1046.7
34.718750	963.1
34.722500	982.2
34.726250	932.3
34.730000	1002.5
34.733750	1006.2
34.737500	1053.8
34.741250	1131.9
34.745000	1179.7
34.748750	1126.8
34.752500	1189.1
34.756250	1244.2
34.760000	1218.3
34.763750	1186.9
34.767500	1180.8
34.771250	1175.1
34.775000	1132.9
34.778750	1160.6
34.782500	1115.6
34.786250	1017.7
34.790000	1092.1
34.793750	1104.2
34.797500	1060.1
34.801250	1033.8
34.805000	1040.8
34.808750	998.7
34.812500	1023.6
34.816250	1030.4
34.820000	1023.7
34.823750	1035.7
34.827500	1023.5
34.831250	1080.3
34.835000	1006.6
34.838750	1027.8
34.842500	1061.4
34.846250	1053.4
34.850000	1014.5
34.853750	982.7
34.857500	1034.9
34.861250	1028.8
34.865000	1025.4
34.868750	1055.2
34.872500	1012.7
34.876250	1002.4
34.880000	1021.6
34.883750	1034.2
34.887500	1006.4
34.891250	951.5
34.895000	980.7
34.898750	974.4
34.902500	1007.8
34.906250	1038.5
34.910000	1001.8
34.913750	976.6
34.917500	988.7
34.921250	999.8
34.925000	1000.7
34.928750	1023.1
34.932500	985.3
34.936250	1009.2
34.940000	1007.6
34.943750	992.1
34.947500	952.7
34.951250	976.4
34.955000	999.8
34.958750	968.5
34.962500	963.4
34.966250	1050.7
34.970000	966.1
34.973750	1014.9
34.977500	1021.6
34.981250	989.9
34.985000	1007.0
34.988750	1001.1
34.992500	969.4
34.996250	975.1
35.000000	1009.7
35.003750	980.6
35.007500	1052.5
35.011250	980.0
35.015000	971.9
35.018750	1066.5
35.022500	1047.9
35.026250	1051.7
35.030000	1083.3
35.033750	1047.7
35.037500	1054.5
35.041250	1054.3
35.045000	1072.3
35.048750	1117.8
35.052500	1125.6
35.056250	1069.4
35.060000	1032.0
35.063750	1061.1
35.067500	1054.3
35.071250	1046.5
35.075000	1009.9
35.078750	978.0
35.082500	1034.5
35.086250	1035.4
35.090000	1046.1
35.093750	1043.9
35.097500	969.5
35.101250	1010.0
35.105000	1005.6
35.108750	938.3
35.112500	964.2
35.116250	940.8
35.120000	1031.6
35.123750	933.2
35.127500	958.3
35.131250	984.6
35.135000	992.0
35.138750	1012.5
35.142500	992.4
35.146250	958.5
35.150000	957.7
35.153750	1003.7
35.157500	1019.1
35.161250	1006.0
35.165000	986.7
35.168750	930.1
35.172500	950.2
35.176250	1001.2
35.180000	1017.0
35.183750	1005.9
35.187500	980.4
35.191250	977.1
35.195000	1060.2
35.198750	1049.9
35.202500	990.5
35.206250	995.6
35.210000	967.8
35.213750	1009.6
35.217500	1020.2
35.221250	1023.6
35.225000	985.6
35.228750	964.3
35.232500	1011.0
35.236250	974.2
35.240000	964.5
35.243750	956.3
35.247500	1009.3
35.251250	967.4
35.255000	1001.9
35.258750	981.9
35.262500	946.6
35.266250	985.9
35.270000	1016.3
35.273750	985.7
35.277500	993.3
35.281250	994.1
35.285000	978.4
35.288750	929.4
35.292500	980.5
35.296250	1047.7
35.300000	1015.2
35.303750	975.6
35.307500	1056.7
35.311250	1019.8
35.315000	981.0
35.318750	1014.8
35.322500	1014.3
35.326250	988.0
35.330000	980.2
35.333750	959.6
35.337500	1024.3
35.341250	1015.6
35.345000	1020.6
35.348750	1008.1
35.352500	995.3
35.356250	994.6
35.360000	981.1
35.363750	1035.2
35.367500	1052.5
35.371250	1048.7
35.375000	971.5
35.378750	968.6
35.382500	942.3
35.386250	974.6
35.390000	1027.7
35.393750	1014.7
35.397500	975.6
35.401250	952.9
35.405000	1015.2
35.408750	1044.8
35.412500	1029.8
35.416250	987.2
35.420000	1001.6
35.423750	980.5
35.427500	1013.9
35.431250	974.4
35.435000	943.4
35.438750	949.6
35.442500	938.2
35.446250	982.9
35.450000	972.7
35.453750	1017.9
35.457500	1013.6
35.461250	1017.3
35.465000	989.6
35.468750	973.8
35.472500	989.4
35.476250	995.7
35.480000	955.6
35.483750	1000.7
35.487500	954.2
35.491250	970.6
35.495000	988.3
35.498750	992.3
35.502500	989.7
35.506250	1082.8
35.510000	996.4
35.513750	1054.9
35.517500	1042.9
35.521250	1000.3
35.525000	1023.5
35.528750	995.0
35.532500	1012.5
35.536250	1045.3
35.540000	1041.4
35.543750	1015.9
35.547500	940.3
35.551250	1031.5
35.555000	1034.2
35.558750	992.9
35.562500	979.1
35.566250	939.0
35.570000	994.2
35.573750	1071.1
35.577500	968.3
35.581250	1022.7
35.585000	1010.7
35.588750	1019.0
35.592500	985.2
35.596250	955.0
35.600000	1072.5
35.603750	1015.8
35.607500	1000.4
35.611250	1004.1
35.615000	1102.4
35.618750	1059.5
35.622500	1057.3
35.626250	1055.4
35.630000	938.0
35.633750	978.3
35.637500	905.9
35.641250	1011.5
35.645000	1106.3
35.648750	1080.6
35.652500	999.4
35.656250	1062.9
35.660000	1021.2
35.663750	1045.3
35.667500	1021.3
35.671250	1043.0
35.675000	969.7
35.678750	1003.3
35.682500	1091.3
35.686250	965.3
35.690000	1053.6
35.693750	979.5
35.697500	1031.7
35.701250	1093.8
35.705000	1054.1
35.708750	1081.6
35.712500	1056.4
35.716250	1042.9
35.720000	1057.0
35.723750	1034.3
35.727500	1056.5
35.731250	1052.1
35.735000	1069.4
35.738750	1072.3
35.742500	1034.2
35.746250	1052.0
35.750000	1007.9
35.753750	1033.8
35.757500	1076.4
35.761250	1081.1
35.765000	1068.1
35.768750	1051.4
35.772500	1046.3
35.776250	1015.5
35.780000	1066.3
35.783750	997.4
35.787500	1041.0
35.791250	1042.7
35.795000	1035.5
35.798750	992.5
35.802500	1017.6
35.806250	969.2
35.810000	976.3
35.813750	975.6
35.817500	988.5
35.821250	1045.6
35.825000	1013.9
35.828750	992.8
35.832500	934.3
35.836250	999.5
35.840000	1009.5
35.843750	1006.1
35.847500	1031.5
35.851250	1051.6
35.855000	1024.2
35.858750	975.3
35.862500	1015.4
35.866250	938.9
35.870000	1031.2
35.873750	1035.8
35.877500	923.0
35.881250	987.0
35.885000	1008.1
35.888750	976.6
35.892500	999.9
35.896250	927.8
35.900000	945.8
35.903750	1025.8
35.907500	973.6
35.911250	999.1
35.915000	999.3
35.918750	933.8
35.922500	983.3
35.926250	976.5
35.930000	969.0
35.933750	933.3
35.937500	886.0
35.941250	870.5
35.945000	969.2
35.948750	1035.3
35.952500	927.2
35.956250	936.2
35.960000	962.1
35.963750	926.8
35.967500	930.7
35.971250	1017.2
35.975000	929.2
35.978750	1038.0
35.982500	1015.8
35.986250	1019.4
35.990000	978.3
35.993750	931.4
35.997500	949.8
36.001250	950.2
36.005000	979.7
36.008750	964.0
36.012500	937.1
36.016250	920.7
36.020000	953.0
36.023750	954.0
36.027500	974.6
36.031250	945.2
36.035000	945.3
36.038750	979.1
36.042500	913.6
36.046250	928.1
36.050000	962.9
36.053750	902.9
36.057500	903.4
36.061250	906.0
36.065000	951.1
36.068750	969.5
36.072500	914.2
36.076250	893.6
36.080000	982.0
36.083750	1006.4
36.087500	911.7
36.091250	895.4
36.095000	904.0
36.098750	945.2
36.102500	958.6
36.106250	961.7
36.110000	902.7
36.113750	914.7
36.117500	973.7
36.121250	884.9
36.125000	899.4
36.128750	943.9
36.132500	947.1
36.136250	942.2
36.140000	948.6
36.143750	959.9
36.147500	960.2
36.151250	1025.2
36.155000	1047.9
36.158750	996.5
36.162500	975.1
36.166250	1005.9
36.170000	1044.3
36.173750	1012.9
36.177500	979.2
36.181250	978.6
36.185000	972.0
36.188750	1004.2
36.192500	966.1
36.196250	967.6
36.200000	971.0
36.203750	1016.0
36.207500	920.6
36.211250	927.6
36.215000	988.8
36.218750	973.9
36.222500	914.5
36.226250	985.6
36.230000	1062.0
36.233750	1012.9
36.237500	959.5
36.241250	946.1
36.245000	920.8
36.248750	1017.5
36.252500	989.1
36.256250	950.0
36.260000	896.8
36.263750	947.3
36.267500	981.3
36.271250	961.6
36.275000	991.7
36.278750	956.3
36.282500	951.0
36.286250	955.9
36.290000	933.9
36.293750	938.1
36.297500	948.0
36.301250	928.6
36.305000	950.1
36.308750	949.4
36.312500	969.0
36.316250	957.4
36.320000	997.8
36.323750	955.5
36.327500	1008.0
36.331250	959.3
36.335000	989.0
36.338750	931.8
36.342500	936.8
36.346250	909.2
36.350000	909.7
36.353750	996.4
36.357500	1042.2
36.361250	1038.9
36.365000	989.1
36.368750	929.1
36.372500	996.1
36.376250	986.4
36.380000	885.2
36.383750	940.3
36.387500	949.6
36.391250	992.8
36.395000	973.1
36.398750	981.1
36.402500	995.3
36.406250	1011.4
36.410000	985.0
36.413750	967.2
36.417500	1024.6
36.421250	1021.0
36.425000	946.7
36.428750	999.5
36.432500	1054.3
36.436250	1019.5
36.440000	984.8
36.443750	1008.0
36.447500	996.2
36.451250	1015.7
36.455000	1043.3
36.458750	1022.5
36.462500	986.3
36.466250	1008.3
36.470000	1033.4
36.473750	1015.7
36.477500	959.4
36.481250	974.0
36.485000	1011.4
36.488750	1000.4
36.492500	1015.7
36.496250	997.0
36.500000	1048.4
36.503750	1076.8
36.507500	994.2
36.511250	1013.4
36.515000	1015.2
36.518750	1011.8
36.522500	1020.4
36.526250	1047.5
36.530000	1042.7
36.533750	1145.8
36.537500	1069.9
36.541250	1095.0
36.545000	1144.5
36.548750	1104.9
36.552500	1039.4
36.556250	1053.2
36.560000	1124.0
36.563750	1117.3
36.567500	1153.4
36.571250	1155.1
36.575000	1134.2
36.578750	1096.7
36.582500	1199.0
36.586250	1130.3
36.590000	1132.4
36.593750	1138.8
36.597500	1155.3
36.601250	1081.3
36.605000	1085.9
36.608750	1174.6
36.612500	1181.9
36.616250	1185.3
36.620000	1212.4
36.623750	1169.9
36.627500	1162.7
36.631250	1147.5
36.635000	1268.2
36.638750	1177.5
36.642500	1195.8
36.646250	1207.0
36.650000	1192.0
36.653750	1186.1
36.657500	1241.4
36.661250	1186.5
36.665000	1231.4
36.668750	1230.4
36.672500	1226.8
36.676250	1269.4
36.680000	1243.1
36.683750	1254.4
36.687500	1308.3
36.691250	1326.6
36.695000	1274.0
36.698750	1310.7
36.702500	1331.0
36.706250	1260.6
36.710000	1339.8
36.713750	1305.2
36.717500	1364.3
36.721250	1334.2
36.725000	1286.9
36.728750	1334.9
36.732500	1303.1
36.736250	1385.9
36.740000	1370.3
36.743750	1283.5
36.747500	1266.1
36.751250	1292.0
36.755000	1346.5
36.758750	1380.2
36.762500	1315.0
36.766250	1305.7
36.770000	1297.2
36.773750	1420.1
36.777500	1366.3
36.781250	1324.9
36.785000	1347.9
36.788750	1291.5
36.792500	1319.5
36.796250	1336.6
36.800000	1382.6
36.803750	1351.9
36.807500	1345.0
36.811250	1345.0
36.815000	1340.3
36.818750	1456.2
36.822500	1499.5
36.826250	1382.8
36.830000	1359.7
36.833750	1448.3
36.837500	1398.7
36.841250	1405.0
36.845000	1427.8
36.848750	1412.1
36.852500	1413.1
36.856250	1417.5
36.860000	1392.9
36.863750	1462.6
36.867500	1473.2
36.871250	1460.5
36.875000	1475.4
36.878750	1523.7
36.882500	1485.4
36.886250	1466.2
36.890000	1474.3
36.893750	1547.4
36.897500	1571.1
36.901250	1538.0
36.905000	1587.7
36.908750	1636.7
36.912500	1585.1
36.916250	1563.4
36.920000	1636.0
36.923750	1597.6
36.927500	1614.6
36.931250	1622.5
36.935000	1605.9
36.938750	1646.3
36.942500	1571.4
36.946250	1630.4
36.950000	1653.9
36.953750	1592.4
36.957500	1621.5
36.961250	1657.8
36.965000	1576.4
36.968750	1673.1
36.972500	1692.5
36.976250	1654.3
36.980000	1588.2
36.983750	1537.3
36.987500	1570.4
36.991250	1493.3
36.995000	1555.5
36.998750	1554.1
37.002500	1518.9
37.006250	1468.2
37.010000	1431.3
37.013750	1502.9
37.017500	1489.9
37.021250	1373.7
37.025000	1383.1
37.028750	1409.5
37.032500	1372.7
37.036250	1386.4
37.040000	1378.9
37.043750	1390.7
37.047500	1272.5
37.051250	1314.3
37.055000	1278.4
37.058750	1327.9
37.062500	1204.2
37.066250	1227.3
37.070000	1190.0
37.073750	1165.3
37.077500	1131.8
37.081250	1195.3
37.085000	1122.7
37.088750	1133.1
37.092500	1114.3
37.096250	1153.6
37.100000	1100.9
37.103750	1196.3
37.107500	1140.9
37.111250	1090.9
37.115000	1135.1
37.118750	1120.9
37.122500	1091.2
37.126250	1081.0
37.130000	1063.0
37.133750	1076.1
37.137500	1034.9
37.141250	1092.0
37.145000	1098.3
37.148750	1072.9
37.152500	1060.7
37.156250	1047.0
37.160000	987.2
37.163750	1060.1
37.167500	1040.8
37.171250	1058.2
37.175000	1070.3
37.178750	1039.6
37.182500	1030.4
37.186250	1054.8
37.190000	1004.7
37.193750	1016.2
37.197500	1016.8
37.201250	963.2
37.205000	982.6
37.208750	1053.8
37.212500	984.4
37.216250	991.6
37.220000	1028.8
37.223750	977.2
37.227500	969.2
37.231250	937.1
37.235000	997.5
37.238750	980.2
37.242500	1013.8
37.246250	1003.6
37.250000	931.0
37.253750	994.8
37.257500	975.7
37.261250	938.2
37.265000	996.0
37.268750	907.2
37.272500	930.2
37.276250	990.9
37.280000	959.9
37.283750	941.4
37.287500	930.6
37.291250	984.5
37.295000	957.4
37.298750	953.6
37.302500	998.9
37.306250	992.2
37.310000	953.0
37.313750	954.0
37.317500	960.1
37.321250	908.3
37.325000	908.0
37.328750	904.5
37.332500	935.7
37.336250	990.6
37.340000	974.6
37.343750	930.4
37.347500	961.6
37.351250	979.4
37.355000	951.3
37.358750	953.7
37.362500	1012.0
37.366250	1006.5
37.370000	955.5
37.373750	924.6
37.377500	904.6
37.381250	972.7
37.385000	940.9
37.388750	960.6
37.392500	919.1
37.396250	943.0
37.400000	946.2
37.403750	906.1
37.407500	926.1
37.411250	938.6
37.415000	974.9
37.418750	938.7
37.422500	923.6
37.426250	933.7
37.430000	921.5
37.433750	914.1
37.437500	935.5
37.441250	938.4
37.445000	959.7
37.448750	945.1
37.452500	969.9
37.456250	1010.6
37.460000	957.4
37.463750	958.6
37.467500	926.9
37.471250	970.6
37.475000	923.4
37.478750	886.6
37.482500	959.2
37.486250	993.6
37.490000	993.5
37.493750	971.9
37.497500	993.7
37.501250	880.9
37.505000	955.5
37.508750	939.5
37.512500	931.5
37.516250	1004.2
37.520000	942.7
37.523750	954.1
37.527500	968.5
37.531250	954.6
37.535000	986.0
37.538750	909.5
37.542500	971.1
37.546250	952.0
37.550000	928.0
37.553750	962.6
37.557500	988.2
37.561250	926.5
37.565000	904.0
37.568750	971.5
37.572500	954.3
37.576250	913.6
37.580000	928.5
37.583750	1003.6
37.587500	966.0
37.591250	1012.0
37.595000	989.7
37.598750	942.0
37.602500	999.0
37.606250	965.9
37.610000	998.0
37.613750	1024.8
37.617500	962.3
37.621250	950.9
37.625000	969.1
37.628750	1003.3
37.632500	957.5
37.636250	935.1
37.640000	964.2
37.643750	1005.4
37.647500	1004.4
37.651250	1032.5
37.655000	972.9
37.658750	951.0
37.662500	942.0
37.666250	959.9
37.670000	986.6
37.673750	981.9
37.677500	983.9
37.681250	976.7
37.685000	1018.7
37.688750	1023.9
37.692500	941.6
37.696250	947.8
37.700000	993.8
37.703750	966.9
37.707500	952.5
37.711250	999.7
37.715000	991.5
37.718750	997.6
37.722500	983.6
37.726250	1021.2
37.730000	1034.2
37.733750	1010.4
37.737500	1064.6
37.741250	1086.2
37.745000	1013.3
37.748750	1073.0
37.752500	1054.9
37.756250	1069.0
37.760000	1110.9
37.763750	1203.7
37.767500	1252.1
37.771250	1300.9
37.775000	1357.3
37.778750	1447.6
37.782500	1435.2
37.786250	1500.3
37.790000	1555.6
37.793750	1532.9
37.797500	1547.8
37.801250	1535.3
37.805000	1483.3
37.808750	1464.6
37.812500	1353.9
37.816250	1229.7
37.820000	1148.8
37.823750	1104.7
37.827500	1089.5
37.831250	1083.7
37.835000	1096.5
37.838750	1073.6
37.842500	1050.1
37.846250	956.5
37.850000	1054.1
37.853750	1075.0
37.857500	1039.5
37.861250	1082.5
37.865000	1010.7
37.868750	1023.6
37.872500	1057.9
37.876250	1071.6
37.880000	1039.7
37.883750	1058.0
37.887500	1063.6
37.891250	1067.3
37.895000	1081.1
37.898750	1073.2
37.902500	1048.0
37.906250	1064.6
37.910000	1121.8
37.913750	1115.5
37.917500	1086.9
37.921250	1073.2
37.925000	1127.5
37.928750	1087.7
37.932500	1148.2
37.936250	1145.1
37.940000	1104.3
37.943750	1156.0
37.947500	1136.0
37.951250	1078.0
37.955000	1167.0
37.958750	1164.6
37.962500	1184.5
37.966250	1209.9
37.970000	1125.8
37.973750	1163.7
37.977500	1147.5
37.981250	1130.0
37.985000	1225.7
37.988750	1239.2
37.992500	1297.6
37.996250	1269.4
38.000000	1252.2
38.003750	1270.9
38.007500	1365.7
38.011250	1264.7
38.015000	1320.2
38.018750	1307.4
38.022500	1373.5
38.026250	1352.7
38.030000	1391.5
38.033750	1399.5
38.037500	1446.3
38.041250	1454.6
38.045000	1475.6
38.048750	1379.6
38.052500	1463.9
38.056250	1400.5
38.060000	1523.6
38.063750	1457.7
38.067500	1500.2
38.071250	1537.7
38.075000	1534.2
38.078750	1535.9
38.082500	1620.5
38.086250	1543.8
38.090000	1539.9
38.093750	1578.8
38.097500	1614.5
38.101250	1533.5
38.105000	1629.0
38.108750	1604.9
38.112500	1600.1
38.116250	1591.0
38.120000	1614.9
38.123750	1591.1
38.127500	1583.6
38.131250	1503.6
38.135000	1577.4
38.138750	1618.2
38.142500	1647.9
38.146250	1577.8
38.150000	1603.1
38.153750	1662.6
38.157500	1551.2
38.161250	1589.6
38.165000	1518.3
38.168750	1447.3
38.172500	1548.5
38.176250	1474.2
38.180000	1565.4
38.183750	1473.6
38.187500	1489.3
38.191250	1449.6
38.195000	1396.7
38.198750	1388.6
38.202500	1390.7
38.206250	1374.2
38.210000	1358.5
38.213750	1434.2
38.217500	1339.2
38.221250	1281.7
38.225000	1193.6
38.228750	1247.0
38.232500	1221.5
38.236250	1197.0
38.240000	1269.2
38.243750	1224.7
38.247500	1136.2
38.251250	1160.7
38.255000	1179.0
38.258750	1170.3
38.262500	1171.0
38.266250	1192.9
38.270000	1129.3
38.273750	1154.2
38.277500	1116.3
38.281250	1176.6
38.285000	1128.5
38.288750	1088.3
38.292500	1063.5
38.296250	1084.2
38.300000	1050.6
38.303750	1092.8
38.307500	1094.5
38.311250	1085.0
38.315000	1079.6
38.318750	1036.5
38.322500	1099.0
38.326250	1080.2
38.330000	1060.6
38.333750	1078.8
38.337500	1030.5
38.341250	1016.5
38.345000	1060.8
38.348750	1114.8
38.352500	1022.9
38.356250	1049.4
38.360000	1003.6
38.363750	999.2
38.367500	955.7
38.371250	1069.7
38.375000	1010.9
38.378750	1012.4
38.382500	967.5
38.386250	1055.7
38.390000	1023.1
38.393750	1023.9
38.397500	993.0
38.401250	998.4
38.405000	993.4
38.408750	999.4
38.412500	970.6
38.416250	969.1
38.420000	935.6
38.423750	1016.7
38.427500	997.6
38.431250	1030.4
38.435000	1007.9
38.438750	983.2
38.442500	1026.2
38.446250	993.5
38.450000	1008.8
38.453750	995.2
38.457500	922.4
38.461250	957.6
38.465000	975.0
38.468750	949.1
38.472500	958.8
38.476250	977.7
38.480000	1003.4
38.483750	970.8
38.487500	973.9
38.491250	931.9
38.495000	936.5
38.498750	989.7
38.502500	965.1
38.506250	955.5
38.510000	1010.5
38.513750	1001.1
38.517500	956.9
38.521250	1030.7
38.525000	1001.6
38.528750	1004.2
38.532500	998.6
38.536250	998.7
38.540000	978.8
38.543750	957.3
38.547500	980.4
38.551250	958.0
38.555000	991.1
38.558750	974.5
38.562500	1036.2
38.566250	996.9
38.570000	971.1
38.573750	981.0
38.577500	994.6
38.581250	980.4
38.585000	989.8
38.588750	1002.6
38.592500	982.7
38.596250	961.0
38.600000	1023.7
38.603750	967.0
38.607500	1011.1
38.611250	982.6
38.615000	1013.3
38.618750	978.9
38.622500	992.7
38.626250	956.7
38.630000	1032.3
38.633750	1006.6
38.637500	992.6
38.641250	1037.0
38.645000	973.4
38.648750	947.8
38.652500	956.5
38.656250	1005.7
38.660000	1042.2
38.663750	993.8
38.667500	1045.9
38.671250	968.2
38.675000	1010.8
38.678750	1001.4
38.682500	971.0
38.686250	994.1
38.690000	1007.4
38.693750	1059.5
38.697500	998.2
38.701250	973.0
38.705000	940.0
38.708750	997.6
38.712500	1071.5
38.716250	1037.9
38.720000	1044.3
38.723750	976.6
38.727500	1011.5
38.731250	1058.5
38.735000	1091.8
38.738750	1039.1
38.742500	1016.3
38.746250	1048.0
38.750000	1048.4
38.753750	1051.9
38.757500	998.1
38.761250	1000.4
38.765000	1054.5
38.768750	1001.9
38.772500	1032.8
38.776250	989.6
38.780000	1036.5
38.783750	1055.4
38.787500	1044.2
38.791250	1029.4
38.795000	1070.5
38.798750	1053.4
38.802500	1057.5
38.806250	1018.2
38.810000	1032.6
38.813750	1045.1
38.817500	1053.1
38.821250	1083.8
38.825000	1105.0
38.828750	1053.9
38.832500	1027.5
38.836250	1033.5
38.840000	1112.3
38.843750	1134.6
38.847500	1066.4
38.851250	1054.5
38.855000	1015.8
38.858750	1064.5
38.862500	1097.1
38.866250	1064.5
38.870000	1069.0
38.873750	1047.0
38.877500	1083.9
38.881250	1123.4
38.885000	1108.4
38.888750	1092.1
38.892500	1061.2
38.896250	1123.3
38.900000	1073.3
38.903750	1116.5
38.907500	1108.7
38.911250	1159.1
38.915000	1074.7
38.918750	1105.7
38.922500	1105.8
38.926250	1078.3
38.930000	1082.4
38.933750	1118.2
38.937500	1137.6
38.941250	1103.2
38.945000	1139.9
38.948750	1100.1
38.952500	1145.8
38.956250	1172.2
38.960000	1159.0
38.963750	1151.5
38.967500	1177.3
38.971250	1149.1
38.975000	1137.8
38.978750	1156.3
38.982500	1169.2
38.986250	1125.2
38.990000	1130.4
38.993750	1100.9
38.997500	1167.6
39.001250	1174.3
39.005000	1175.1
39.008750	1201.5
39.012500	1127.0
39.016250	1143.9
39.020000	1127.1
39.023750	1188.9
39.027500	1233.6
39.031250	1130.3
39.035000	1162.3
39.038750	1135.9
39.042500	1164.2
39.046250	1149.9
39.050000	1151.5
39.053750	1187.6
39.057500	1137.1
39.061250	1089.8
39.065000	1130.1
39.068750	1122.4
39.072500	1184.9
39.076250	1167.1
39.080000	1120.1
39.083750	1227.7
39.087500	1149.0
39.091250	1144.1
39.095000	1149.3
39.098750	1143.9
39.102500	1186.6
39.106250	1200.3
39.110000	1176.7
39.113750	1171.3
39.117500	1194.9
39.121250	1236.5
39.125000	1197.1
39.128750	1128.9
39.132500	1188.2
39.136250	1227.6
39.140000	1246.9
39.143750	1213.6
39.147500	1206.9
39.151250	1246.1
39.155000	1262.4
39.158750	1281.9
39.162500	1241.8
39.166250	1233.7
39.170000	1265.4
39.173750	1332.7
39.177500	1326.2
39.181250	1302.0
39.185000	1336.9
39.188750	1340.8
39.192500	1346.9
39.196250	1346.8
39.200000	1379.8
39.203750	1416.5
39.207500	1439.8
39.211250	1413.7
39.215000	1460.0
39.218750	1494.5
39.222500	1452.6
39.226250	1477.9
39.230000	1430.3
39.233750	1475.4
39.237500	1492.1
39.241250	1436.5
39.245000	1489.6
39.248750	1475.7
39.252500	1422.8
39.256250	1409.7
39.260000	1421.3
39.263750	1451.7
39.267500	1479.7
39.271250	1510.7
39.275000	1445.2
39.278750	1441.1
39.282500	1451.3
39.286250	1429.5
39.290000	1518.6
39.293750	1491.1
39.297500	1451.2
39.301250	1466.5
39.305000	1425.8
39.308750	1459.5
39.312500	1422.7
39.316250	1377.2
39.320000	1325.9
39.323750	1330.1
39.327500	1360.9
39.331250	1343.1
39.335000	1302.2
39.338750	1363.5
39.342500	1360.6
39.346250	1340.6
39.350000	1226.2
39.353750	1232.8
39.357500	1176.8
39.361250	1275.8
39.365000	1231.8
39.368750	1163.9
39.372500	1208.4
39.376250	1164.0
39.380000	1214.0
39.383750	1137.0
39.387500	1175.6
39.391250	1188.8
39.395000	1149.4
39.398750	1129.5
39.402500	1156.8
39.406250	1132.9
39.410000	1117.4
39.413750	1133.6
39.417500	1127.7
39.421250	1091.8
39.425000	1068.4
39.428750	1098.0
39.432500	1055.0
39.436250	1140.8
39.440000	1017.7
39.443750	1011.3
39.447500	1030.0
39.451250	1016.5
39.455000	1063.3
39.458750	1035.1
39.462500	1019.9
39.466250	1065.8
39.470000	1036.7
39.473750	943.4
39.477500	1003.1
39.481250	984.1
39.485000	1019.3
39.488750	1003.8
39.492500	998.8
39.496250	1029.0
39.500000	990.9
39.503750	1008.3
39.507500	951.3
39.511250	1009.2
39.515000	987.1
39.518750	1030.7
39.522500	1006.0
39.526250	977.8
39.530000	1009.9
39.533750	1016.9
39.537500	967.2
39.541250	993.6
39.545000	969.6
39.548750	960.5
39.552500	945.7
39.556250	911.4
39.560000	990.8
39.563750	989.0
39.567500	988.5
39.571250	992.4
39.575000	954.5
39.578750	1022.9
39.582500	984.5
39.586250	991.4
39.590000	1002.9
39.593750	968.9
39.597500	972.5
39.601250	979.4
39.605000	936.5
39.608750	954.5
39.612500	964.4
39.616250	928.1
39.620000	969.7
39.623750	910.8
39.627500	976.4
39.631250	1032.7
39.635000	978.9
39.638750	940.0
39.642500	1010.5
39.646250	973.1
39.650000	1008.4
39.653750	975.9
39.657500	977.6
39.661250	944.7
39.665000	941.8
39.668750	950.9
39.672500	983.9
39.676250	981.2
39.680000	934.9
39.683750	958.5
39.687500	980.1
39.691250	1009.8
39.695000	967.8
39.698750	912.4
39.702500	984.4
39.706250	988.6
39.710000	974.0
39.713750	976.6
39.717500	979.4
39.721250	943.9
39.725000	970.3
39.728750	970.0
39.732500	1012.2
39.736250	995.5
39.740000	953.6
39.743750	978.3
39.747500	1021.7
39.751250	1029.9
39.755000	985.3
39.758750	942.5
39.762500	992.9
39.766250	915.0
39.770000	1037.0
39.773750	907.9
39.777500	947.9
39.781250	923.4
39.785000	928.3
39.788750	958.8
39.792500	944.7
39.796250	1002.8
39.800000	1011.6
39.803750	973.8
39.807500	969.2
39.811250	992.0
39.815000	947.2
39.818750	1000.7
39.822500	1044.8
39.826250	1007.2
39.830000	966.3
39.833750	1012.2
39.837500	954.7
39.841250	1003.5
39.845000	1073.1
39.848750	992.1
39.852500	998.6
39.856250	991.9
39.860000	963.1
39.863750	958.2
39.867500	965.0
39.871250	991.1
39.875000	974.3
39.878750	1008.8
39.882500	993.6
39.886250	1023.7
39.890000	970.6
39.893750	1007.5
39.897500	992.9
39.901250	997.4
39.905000	1020.9
39.908750	973.4
39.912500	949.5
39.916250	1027.6
39.920000	1007.8
39.923750	1004.4
39.927500	982.5
39.931250	993.1
39.935000	1005.3
39.938750	999.8
39.942500	995.0
39.946250	948.7
39.950000	1003.1
39.953750	967.8
39.957500	1052.5
39.961250	1036.0
39.965000	1014.0
39.968750	1038.7
39.972500	1040.0
39.976250	1013.2
39.980000	1020.5
39.983750	1021.7
39.987500	1084.8
39.991250	1042.3
39.995000	1019.9
39.998750	997.6
40.002500	1028.9
40.006250	1033.8
40.010000	1026.3
40.013750	1046.9
40.017500	988.1
40.021250	1051.8
40.025000	1034.2
40.028750	1076.1
40.032500	1054.9
40.036250	1063.7
40.040000	1089.4
40.043750	1012.8
40.047500	1051.2
40.051250	1019.0
40.055000	1083.6
40.058750	1036.2
40.062500	1068.9
40.066250	1095.1
40.070000	1038.2
40.073750	1073.8
40.077500	1116.4
40.081250	1107.5
40.085000	1077.3
40.088750	1159.6
40.092500	1070.5
40.096250	1083.8
40.100000	1072.4
40.103750	1112.0
40.107500	1070.3
40.111250	1143.3
40.115000	1104.6
40.118750	1046.5
40.122500	1023.2
40.126250	1121.4
40.130000	1149.7
40.133750	1077.4
40.137500	1036.0
40.141250	1090.2
40.145000	1114.7
40.148750	1075.0
40.152500	1085.6
40.156250	1112.8
40.160000	1069.5
40.163750	1073.5
40.167500	1081.5
40.171250	1069.1
40.175000	1097.3
40.178750	1071.4
40.182500	1113.6
40.186250	1152.7
40.190000	1148.2
40.193750	1170.2
40.197500	1170.6
40.201250	1165.1
40.205000	1251.7
40.208750	1233.2
40.212500	1241.4
40.216250	1208.7
40.220000	1228.0
40.223750	1252.2
40.227500	1230.6
40.231250	1230.2
40.235000	1198.0
40.238750	1183.6
40.242500	1189.5
40.246250	1108.1
40.250000	1122.3
40.253750	1124.2
40.257500	1114.4
40.261250	1153.1
40.265000	1119.1
40.268750	1158.1
40.272500	1128.8
40.276250	1197.1
40.280000	1148.2
40.283750	1171.3
40.287500	1139.0
40.291250	1209.1
40.295000	1166.4
40.298750	1194.6
40.302500	1172.0
40.306250	1177.0
40.310000	1189.4
40.313750	1229.3
40.317500	1227.5
40.321250	1193.7
40.325000	1225.3
40.328750	1221.9
40.332500	1322.6
40.336250	1313.8
40.340000	1265.2
40.343750	1213.6
40.347500	1229.1
40.351250	1238.3
40.355000	1302.9
40.358750	1252.0
40.362500	1215.9
40.366250	1276.3
40.370000	1309.6
40.373750	1283.2
40.377500	1284.0
40.381250	1317.1
40.385000	1291.9
40.388750	1286.2
40.392500	1292.6
40.396250	1287.4
40.400000	1332.7
40.403750	1223.4
40.407500	1219.0
40.411250	1259.5
40.415000	1260.8
40.418750	1291.2
40.422500	1250.5
40.426250	1265.6
40.430000	1257.3
40.433750	1308.3
40.437500	1255.0
40.441250	1213.2
40.445000	1218.2
40.448750	1213.2
40.452500	1180.5
40.456250	1220.3
40.460000	1184.9
40.463750	1185.0
40.467500	1207.7
40.471250	1222.4
40.475000	1133.0
40.478750	1108.5
40.482500	1131.5
40.486250	1114.7
40.490000	1135.7
40.493750	1106.0
40.497500	1094.3
40.501250	1110.4
40.505000	1082.5
40.508750	1078.0
40.512500	1057.9
40.516250	1025.9
40.520000	1069.4
40.523750	1101.8
40.527500	1054.8
40.531250	989.4
40.535000	1047.4
40.538750	1013.2
40.542500	1010.2
40.546250	997.9
40.550000	976.1
40.553750	1044.4
40.557500	1027.6
40.561250	1002.9
40.565000	1018.6
40.568750	983.7
40.572500	896.9
40.576250	980.1
40.580000	995.5
40.583750	941.4
40.587500	1031.4
40.591250	1006.7
40.595000	955.1
40.598750	998.2
40.602500	1059.1
40.606250	970.1
40.610000	943.0
40.613750	908.0
40.617500	941.8
40.621250	1017.3
40.625000	981.9
40.628750	959.1
40.632500	973.5
40.636250	889.6
40.640000	902.7
40.643750	972.6
40.647500	961.5
40.651250	904.6
40.655000	914.6
40.658750	907.2
40.662500	948.8
40.666250	961.7
40.670000	958.7
40.673750	903.8
40.677500	910.5
40.681250	927.0
40.685000	946.3
40.688750	951.5
40.692500	925.4
40.696250	794.9
40.700000	885.7
40.703750	931.5
40.707500	935.8
40.711250	959.9
40.715000	910.8
40.718750	880.7
40.722500	905.3
40.726250	945.7
40.730000	916.4
40.733750	886.4
40.737500	902.9
40.741250	871.1
40.745000	891.6
40.748750	922.6
40.752500	899.1
40.756250	881.7
40.760000	887.6
40.763750	934.5
40.767500	872.3
40.771250	862.7
40.775000	950.8
40.778750	925.2
40.782500	903.4
40.786250	913.5
40.790000	920.2
40.793750	906.5
40.797500	918.1
40.801250	895.7
40.805000	916.1
40.808750	931.2
40.812500	951.5
40.816250	935.3
40.820000	919.1
40.823750	901.5
40.827500	908.2
40.831250	892.5
40.835000	930.5
40.838750	920.4
40.842500	951.1
40.846250	911.2
40.850000	892.9
40.853750	904.0
40.857500	918.8
40.861250	917.0
40.865000	907.4
40.868750	831.9
40.872500	875.1
40.876250	894.8
40.880000	901.9
40.883750	917.8
40.887500	921.2
40.891250	914.2
40.895000	876.5
40.898750	913.0
40.902500	863.5
40.906250	932.3
40.910000	909.5
40.913750	882.1
40.917500	902.2
40.921250	925.6
40.925000	896.6
40.928750	859.3
40.932500	908.7
40.936250	908.7
40.940000	899.1
40.943750	876.2
40.947500	948.3
40.951250	908.2
40.955000	879.1
40.958750	839.2
40.962500	865.9
40.966250	881.8
40.970000	876.7
40.973750	889.8
40.977500	911.5
40.981250	924.1
40.985000	880.1
40.988750	898.4
40.992500	931.1
40.996250	951.9
41.000000	954.3
41.003750	940.6
41.007500	900.2
41.011250	853.2
41.015000	900.5
41.018750	864.4
41.022500	897.8
41.026250	868.9
41.030000	795.8
41.033750	850.8
41.037500	889.9
41.041250	901.1
41.045000	873.5
41.048750	889.5
41.052500	910.7
41.056250	884.6
41.060000	839.2
41.063750	856.2
41.067500	871.5
41.071250	918.4
41.075000	897.8
41.078750	927.3
41.082500	925.5
41.086250	878.3
41.090000	970.0
41.093750	961.7
41.097500	915.5
41.101250	852.3
41.105000	830.0
41.108750	839.2
41.112500	833.5
41.116250	863.6
41.120000	918.2
41.123750	929.5
41.127500	857.1
41.131250	815.8
41.135000	892.2
41.138750	878.2
41.142500	887.5
41.146250	941.2
41.150000	893.6
41.153750	831.8
41.157500	903.4
41.161250	953.9
41.165000	889.7
41.168750	832.4
41.172500	855.3
41.176250	876.7
41.180000	926.6
41.183750	897.9
41.187500	932.8
41.191250	962.0
41.195000	938.6
41.198750	956.1
41.202500	934.8
41.206250	934.5
41.210000	919.5
41.213750	931.9
41.217500	926.2
41.221250	928.1
41.225000	997.9
41.228750	927.9
41.232500	867.7
41.236250	931.2
41.240000	904.8
41.243750	887.6
41.247500	877.2
41.251250	924.1
41.255000	900.8
41.258750	871.0
41.262500	887.8
41.266250	883.1
41.270000	870.3
41.273750	900.0
41.277500	919.7
41.281250	933.2
41.285000	901.1
41.288750	897.9
41.292500	886.2
41.296250	906.0
41.300000	916.6
41.303750	967.6
41.307500	908.5
41.311250	911.1
41.315000	942.3
41.318750	884.4
41.322500	939.9
41.326250	894.1
41.330000	897.9
41.333750	930.6
41.337500	858.2
41.341250	907.7
41.345000	859.9
41.348750	925.1
41.352500	974.9
41.356250	925.4
41.360000	909.6
41.363750	927.1
41.367500	909.3
41.371250	938.5
41.375000	908.9
41.378750	931.1
41.382500	923.7
41.386250	966.8
41.390000	942.8
41.393750	928.6
41.397500	914.6
41.401250	974.5
41.405000	927.0
41.408750	930.2
41.412500	941.9
41.416250	917.8
41.420000	935.2
41.423750	918.6
41.427500	919.6
41.431250	945.4
41.435000	963.0
41.438750	956.3
41.442500	937.1
41.446250	962.6
41.450000	962.8
41.453750	976.7
41.457500	985.8
41.461250	1006.2
41.465000	971.8
41.468750	1002.5
41.472500	939.7
41.476250	980.9
41.480000	968.5
41.483750	938.7
41.487500	987.9
41.491250	974.0
41.495000	941.9
41.498750	1023.8
41.502500	1038.5
41.506250	959.1
41.510000	1003.7
41.513750	972.0
41.517500	930.9
41.521250	1011.1
41.525000	930.2
41.528750	956.3
41.532500	970.0
41.536250	945.7
41.540000	978.3
41.543750	996.8
41.547500	990.8
41.551250	955.6
41.555000	982.5
41.558750	969.4
41.562500	958.2
41.566250	980.4
41.570000	954.7
41.573750	980.0
41.577500	947.2
41.581250	883.7
41.585000	926.0
41.588750	877.9
41.592500	910.2
41.596250	938.8
41.600000	901.8
41.603750	937.5
41.607500	924.7
41.611250	914.4
41.615000	976.7
41.618750	887.5
41.622500	956.8
41.626250	907.9
41.630000	892.2
41.633750	959.9
41.637500	901.2
41.641250	913.2
41.645000	975.8
41.648750	908.8
41.652500	880.5
41.656250	884.9
41.660000	869.7
41.663750	924.1
41.667500	907.8
41.671250	880.6
41.675000	937.8
41.678750	916.6
41.682500	904.1
41.686250	854.1
41.690000	895.0
41.693750	889.8
41.697500	952.2
41.701250	959.5
41.705000	899.4
41.708750	857.9
41.712500	875.5
41.716250	874.9
41.720000	912.2
41.723750	929.7
41.727500	914.9
41.731250	942.7
41.735000	898.2
41.738750	868.4
41.742500	861.1
41.746250	900.0
41.750000	914.7
41.753750	858.8
41.757500	893.6
41.761250	892.9
41.765000	869.0
41.768750	885.0
41.772500	911.6
41.776250	899.3
41.780000	874.6
41.783750	901.5
41.787500	899.9
41.791250	935.2
41.795000	959.3
41.798750	865.1
41.802500	832.0
41.806250	882.0
41.810000	896.0
41.813750	913.3
41.817500	881.3
41.821250	864.8
41.825000	847.0
41.828750	856.0
41.832500	931.0
41.836250	849.3
41.840000	871.5
41.843750	876.0
41.847500	868.9
41.851250	868.2
41.855000	871.1
41.858750	869.3
41.862500	873.4
41.866250	882.6
41.870000	894.1
41.873750	858.8
41.877500	870.5
41.881250	915.9
41.885000	859.3
41.888750	881.5
41.892500	862.3
41.896250	910.1
41.900000	920.0
41.903750	881.1
41.907500	889.1
41.911250	914.0
41.915000	892.0
41.918750	897.8
41.922500	925.0
41.926250	899.4
41.930000	892.1
41.933750	887.4
41.937500	873.5
41.941250	860.6
41.945000	874.9
41.948750	931.5
41.952500	892.6
41.956250	905.0
41.960000	871.4
41.963750	887.2
41.967500	851.8
41.971250	877.6
41.975000	915.8
41.978750	880.9
41.982500	873.3
41.986250	881.5
41.990000	826.7
41.993750	892.0
41.997500	887.2
42.001250	915.2
42.005000	889.2
42.008750	889.1
42.012500	909.9
42.016250	879.7
42.020000	884.8
42.023750	881.5
42.027500	885.0
42.031250	883.7
42.035000	894.1
42.038750	904.3
42.042500	898.1
42.046250	880.9
42.050000	897.8
42.053750	885.7
42.057500	847.3
42.061250	926.8
42.065000	889.7
42.068750	849.5
42.072500	848.5
42.076250	875.1
42.080000	882.2
42.083750	858.4
42.087500	867.0
42.091250	897.3
42.095000	923.2
42.098750	913.7
42.102500	930.2
42.106250	888.8
42.110000	901.7
42.113750	938.8
42.117500	933.1
42.121250	889.7
42.125000	893.2
42.128750	871.8
42.132500	957.0
42.136250	992.4
42.140000	916.2
42.143750	885.5
42.147500	891.0
42.151250	971.8
42.155000	914.3
42.158750	940.4
42.162500	968.6
42.166250	903.3
42.170000	957.1
42.173750	924.3
42.177500	894.1
42.181250	910.3
42.185000	906.9
42.188750	863.1
42.192500	963.8
42.196250	912.7
42.200000	940.6
42.203750	939.1
42.207500	933.9
42.211250	901.5
42.215000	886.8
42.218750	907.5
42.222500	911.5
42.226250	953.8
42.230000	887.9
42.233750	899.0
42.237500	880.9
42.241250	968.6
42.245000	907.8
42.248750	948.2
42.252500	980.6
42.256250	880.2
42.260000	916.4
42.263750	948.6
42.267500	926.7
42.271250	945.8
42.275000	966.0
42.278750	910.6
42.282500	951.5
42.286250	942.7
42.290000	939.6
42.293750	980.6
42.297500	924.1
42.301250	980.4
42.305000	990.3
42.308750	1006.7
42.312500	1045.8
42.316250	996.7
42.320000	1016.8
42.323750	1024.8
42.327500	1055.7
42.331250	1138.4
42.335000	1149.8
42.338750	1148.6
42.342500	1226.2
42.346250	1204.3
42.350000	1167.3
42.353750	1220.3
42.357500	1271.6
42.361250	1246.4
42.365000	1274.8
42.368750	1209.8
42.372500	1193.3
42.376250	1207.9
42.380000	1141.1
42.383750	1081.3
42.387500	1047.7
42.391250	1044.7
42.395000	1009.9
42.398750	1021.5
42.402500	1051.2
42.406250	1017.3
42.410000	1061.3
42.413750	1030.7
42.417500	1083.3
42.421250	1049.9
42.425000	1036.5
42.428750	1035.4
42.432500	1050.7
42.436250	1031.8
42.440000	1075.9
42.443750	1070.3
42.447500	1063.2
42.451250	1089.8
42.455000	1121.3
42.458750	1065.1
42.462500	1082.7
42.466250	1070.9
42.470000	1103.2
42.473750	1104.3
42.477500	1051.5
42.481250	1106.7
42.485000	1124.5
42.488750	1105.1
42.492500	1147.9
42.496250	1104.4
42.500000	1077.0
42.503750	1172.2
42.507500	1169.8
42.511250	1120.8
42.515000	1137.6
42.518750	1143.1
42.522500	1190.2
42.526250	1180.5
42.530000	1152.1
42.533750	1156.8
42.537500	1139.1
42.541250	1250.6
42.545000	1245.0
42.548750	1272.8
42.552500	1234.0
42.556250	1294.5
42.560000	1201.4
42.563750	1239.6
42.567500	1290.4
42.571250	1282.4
42.575000	1383.3
42.578750	1400.1
42.582500	1481.5
42.586250	1539.6
42.590000	1522.6
42.593750	1487.9
42.597500	1504.9
42.601250	1556.4
42.605000	1532.8
42.608750	1433.2
42.612500	1498.2
42.616250	1454.0
42.620000	1366.6
42.623750	1341.4
42.627500	1285.6
42.631250	1249.2
42.635000	1227.6
42.638750	1179.2
42.642500	1209.9
42.646250	1209.5
42.650000	1217.7
42.653750	1217.1
42.657500	1237.4
42.661250	1221.9
42.665000	1228.1
42.668750	1204.7
42.672500	1221.6
42.676250	1232.2
42.680000	1141.4
42.683750	1286.8
42.687500	1266.1
42.691250	1168.7
42.695000	1160.4
42.698750	1161.6
42.702500	1092.5
42.706250	1023.2
42.710000	1098.1
42.713750	1021.6
42.717500	1046.6
42.721250	1041.5
42.725000	972.0
42.728750	961.2
42.732500	1027.1
42.736250	1017.3
42.740000	1038.0
42.743750	1045.3
42.747500	962.0
42.751250	959.4
42.755000	1020.2
42.758750	961.9
42.762500	966.8
42.766250	992.9
42.770000	993.4
42.773750	990.6
42.777500	912.9
42.781250	964.2
42.785000	979.0
42.788750	989.7
42.792500	1026.9
42.796250	1022.4
42.800000	992.3
42.803750	948.7
42.807500	991.7
42.811250	1014.2
42.815000	930.9
42.818750	962.9
42.822500	904.1
42.826250	948.1
42.830000	1020.9
42.833750	967.0
42.837500	980.7
42.841250	938.0
42.845000	905.8
42.848750	919.0
42.852500	956.3
42.856250	961.5
42.860000	927.5
42.863750	949.3
42.867500	930.5
42.871250	988.8
42.875000	963.0
42.878750	924.2
42.882500	956.3
42.886250	968.6
42.890000	970.7
42.893750	900.1
42.897500	940.6
42.901250	947.2
42.905000	1026.1
42.908750	952.8
42.912500	923.9
42.916250	987.4
42.920000	959.7
42.923750	986.7
42.927500	987.8
42.931250	942.2
42.935000	927.9
42.938750	996.8
42.942500	971.0
42.946250	894.1
42.950000	1033.1
42.953750	990.1
42.957500	982.2
42.961250	961.6
42.965000	1028.1
42.968750	988.2
42.972500	965.9
42.976250	1003.2
42.980000	939.7
42.983750	955.1
42.987500	982.7
42.991250	937.4
42.995000	974.8
42.998750	979.0
43.002500	970.9
43.006250	969.1
43.010000	999.2
43.013750	993.7
43.017500	892.5
43.021250	1026.1
43.025000	1010.2
43.028750	968.4
43.032500	966.4
43.036250	980.9
43.040000	1012.9
43.043750	1010.3
43.047500	984.5
43.051250	1034.1
43.055000	1007.1
43.058750	1025.7
43.062500	1075.5
43.066250	1007.2
43.070000	1066.3
43.073750	997.0
43.077500	1000.8
43.081250	1012.7
43.085000	1088.1
43.088750	995.3
43.092500	1034.4
43.096250	1030.7
43.100000	1042.8
43.103750	1024.8
43.107500	1088.5
43.111250	1008.8
43.115000	1096.2
43.118750	1094.1
43.122500	1046.0
43.126250	1035.7
43.130000	1034.5
43.133750	1034.5
43.137500	1065.1
43.141250	1068.4
43.145000	1070.0
43.148750	1063.4
43.152500	1066.7
43.156250	1123.5
43.160000	1101.2
43.163750	1098.0
43.167500	1127.5
43.171250	1100.0
43.175000	1054.3
43.178750	1098.9
43.182500	1134.8
43.186250	1028.0
43.190000	1124.1
43.193750	1041.0
43.197500	1046.6
43.201250	1105.8
43.205000	1100.3
43.208750	1170.7
43.212500	1133.0
43.216250	1083.4
43.220000	1065.8
43.223750	1117.3
43.227500	1098.1
43.231250	1031.3
43.235000	1158.9
43.238750	1115.7
43.242500	1072.0
43.246250	1090.9
43.250000	1141.0
43.253750	1084.2
43.257500	1109.4
43.261250	1076.3
43.265000	1047.8
43.268750	1123.7
43.272500	1054.5
43.276250	1050.4
43.280000	1092.7
43.283750	1111.9
43.287500	1092.6
43.291250	1084.2
43.295000	1049.1
43.298750	1108.9
43.302500	1057.5
43.306250	544.7
43.310000	1091.0
43.313750	1099.6
43.317500	1109.1
43.321250	1068.8
43.325000	1112.7
43.328750	1104.7
43.332500	1107.7
43.336250	1107.2
43.340000	1037.9
43.343750	1047.1
43.347500	1095.9
43.351250	1102.3
43.355000	1050.9
43.358750	1127.5
43.362500	1118.5
43.366250	1046.2
43.370000	1072.0
43.373750	1078.4
43.377500	1135.4
43.381250	1132.0
43.385000	1129.0
43.388750	1134.7
43.392500	1098.9
43.396250	1085.5
43.400000	1142.3
43.403750	1114.1
43.407500	1086.6
43.411250	1107.8
43.415000	1088.2
43.418750	1175.9
43.422500	1107.2
43.426250	1171.5
43.430000	1152.7
43.433750	1155.8
43.437500	1071.2
43.441250	1139.2
43.445000	1108.6
43.448750	1115.0
43.452500	1117.4
43.456250	1151.5
43.460000	1163.6
43.463750	1171.5
43.467500	1166.1
43.471250	1151.2
43.475000	1094.8
43.478750	1204.5
43.482500	1184.3
43.486250	1163.5
43.490000	1201.6
43.493750	1192.0
43.497500	1183.7
43.501250	1223.1
43.505000	1235.3
43.508750	1255.8
43.512500	1224.9
43.516250	1208.6
43.520000	1234.7
43.523750	1286.6
43.527500	1276.2
43.531250	1260.4
43.535000	1311.7
43.538750	1256.1
43.542500	1339.8
43.546250	1297.8
43.550000	1231.1
43.553750	1304.6
43.557500	1271.6
43.561250	1334.9
43.565000	1308.9
43.568750	1354.4
43.572500	1388.3
43.576250	1343.9
43.580000	1376.1
43.583750	1378.0
43.587500	1379.8
43.591250	1383.2
43.595000	1355.0
43.598750	1348.5
43.602500	1421.6
43.606250	1503.0
43.610000	1389.5
43.613750	1387.9
43.617500	1451.8
43.621250	1412.7
43.625000	1353.2
43.628750	1344.6
43.632500	1394.0
43.636250	1395.1
43.640000	1420.1
43.643750	1424.4
43.647500	1356.0
43.651250	1351.8
43.655000	1359.0
43.658750	1282.3
43.662500	1329.9
43.666250	1358.0
43.670000	1257.5
43.673750	1292.2
43.677500	1311.8
43.681250	1301.1
43.685000	1247.4
43.688750	1275.5
43.692500	1254.5
43.696250	1288.4
43.700000	1259.7
43.703750	1237.1
43.707500	1240.5
43.711250	1196.9
43.715000	1169.2
43.718750	1151.7
43.722500	1164.8
43.726250	1206.1
43.730000	1168.6
43.733750	1247.8
43.737500	1207.9
43.741250	1116.2
43.745000	1104.2
43.748750	1143.4
43.752500	1114.9
43.756250	1075.4
43.760000	1069.0
43.763750	1128.8
43.767500	1130.4
43.771250	1051.9
43.775000	1173.4
43.778750	904.1
43.782500	708.4
43.786250	1200.0
43.790000	1066.6
43.793750	1000.8
43.797500	1069.5
43.801250	1036.7
43.805000	1015.9
43.808750	1041.0
43.812500	1014.9
43.816250	992.0
43.820000	1040.4
43.823750	962.7
43.827500	985.9
43.831250	963.6
43.835000	951.2
43.838750	1020.7
43.842500	1016.0
43.846250	985.0
43.850000	1031.0
43.853750	998.7
43.857500	974.3
43.861250	992.9
43.865000	961.6
43.868750	911.6
43.872500	929.7
43.876250	1008.4
43.880000	950.6
43.883750	941.0
43.887500	987.7
43.891250	969.2
43.895000	958.5
43.898750	986.6
43.902500	933.7
43.906250	978.3
43.910000	998.6
43.913750	915.7
43.917500	1008.6
43.921250	945.0
43.925000	929.3
43.928750	921.5
43.932500	944.8
43.936250	937.3
43.940000	934.6
43.943750	948.0
43.947500	949.7
43.951250	969.5
43.955000	929.9
43.958750	945.5
43.962500	1010.2
43.966250	897.1
43.970000	911.5
43.973750	924.5
43.977500	941.7
43.981250	946.6
43.985000	924.7
43.988750	913.7
43.992500	917.8
43.996250	986.9
44.000000	960.6
44.003750	944.9
44.007500	920.8
44.011250	875.6
44.015000	970.5
44.018750	898.4
44.022500	842.3
44.026250	883.1
44.030000	970.9
44.033750	977.3
44.037500	946.5
44.041250	911.3
44.045000	979.3
44.048750	970.7
44.052500	958.4
44.056250	946.3
44.060000	944.9
44.063750	923.9
44.067500	873.9
44.071250	928.5
44.075000	952.5
44.078750	950.9
44.082500	928.1
44.086250	959.8
44.090000	954.0
44.093750	918.2
44.097500	933.7
44.101250	959.8
44.105000	928.3
44.108750	877.8
44.112500	923.7
44.116250	922.6
44.120000	890.2
44.123750	940.6
44.127500	948.7
44.131250	903.1
44.135000	888.6
44.138750	910.8
44.142500	911.2
44.146250	933.0
44.150000	939.9
44.153750	923.4
44.157500	900.8
44.161250	930.5
44.165000	926.8
44.168750	902.4
44.172500	912.4
44.176250	983.3
44.180000	914.8
44.183750	921.9
44.187500	978.2
44.191250	917.9
44.195000	897.6
44.198750	945.0
44.202500	939.0
44.206250	934.2
44.210000	922.3
44.213750	900.0
44.217500	932.7
44.221250	975.3
44.225000	905.7
44.228750	883.9
44.232500	898.0
44.236250	945.7
44.240000	932.6
44.243750	954.7
44.247500	930.9
44.251250	903.8
44.255000	888.1
44.258750	974.6
44.262500	948.8
44.266250	989.0
44.270000	937.7
44.273750	937.5
44.277500	920.9
44.281250	955.6
44.285000	958.0
44.288750	908.7
44.292500	892.0
44.296250	918.6
44.300000	868.8
44.303750	914.8
44.307500	911.6
44.311250	881.5
44.315000	933.8
44.318750	922.8
44.322500	910.8
44.326250	947.3
44.330000	973.2
44.333750	899.5
44.337500	960.2
44.341250	938.9
44.345000	854.8
44.348750	968.4
44.352500	948.0
44.356250	907.7
44.360000	955.0
44.363750	952.4
44.367500	916.5
44.371250	892.0
44.375000	936.5
44.378750	943.8
44.382500	926.1
44.386250	986.5
44.390000	949.7
44.393750	927.2
44.397500	935.2
44.401250	956.2
44.405000	912.0
44.408750	937.5
44.412500	862.0
44.416250	926.9
44.420000	932.6
44.423750	886.4
44.427500	930.7
44.431250	959.5
44.435000	945.2
44.438750	964.5
44.442500	929.4
44.446250	974.8
44.450000	960.0
44.453750	935.6
44.457500	949.7
44.461250	976.6
44.465000	930.1
44.468750	952.8
44.472500	972.9
44.476250	927.8
44.480000	976.8
44.483750	995.8
44.487500	922.8
44.491250	928.7
44.495000	953.8
44.498750	935.2
44.502500	998.8
44.506250	983.0
44.510000	1012.8
44.513750	1003.2
44.517500	985.0
44.521250	994.0
44.525000	959.9
44.528750	972.1
44.532500	957.6
44.536250	981.8
44.540000	955.3
44.543750	983.0
44.547500	1002.3
44.551250	1063.4
44.555000	1046.9
44.558750	1005.3
44.562500	1005.9
44.566250	1018.8
44.570000	1011.4
44.573750	1049.4
44.577500	1100.0
44.581250	1044.7
44.585000	1056.0
44.588750	1060.5
44.592500	1078.5
44.596250	1037.4
44.600000	1003.0
44.603750	1033.3
44.607500	1064.4
44.611250	1033.6
44.615000	1066.3
44.618750	1035.1
44.622500	1034.5
44.626250	1084.1
44.630000	1082.8
44.633750	1093.8
44.637500	1125.3
44.641250	1070.1
44.645000	1077.6
44.648750	1118.4
44.652500	1033.8
44.656250	998.0
44.660000	1048.8
44.663750	1102.6
44.667500	1137.8
44.671250	1100.3
44.675000	1075.5
44.678750	1147.8
44.682500	1098.0
44.686250	1072.4
44.690000	1092.0
44.693750	1059.2
44.697500	1053.5
44.701250	1106.2
44.705000	1095.1
44.708750	1120.9
44.712500	1075.1
44.716250	1045.3
44.720000	1046.5
44.723750	1048.6
44.727500	1025.8
44.731250	999.6
44.735000	998.0
44.738750	1078.2
44.742500	990.6
44.746250	1056.0
44.750000	991.8
44.753750	998.9
44.757500	1067.6
44.761250	1032.9
44.765000	976.3
44.768750	1029.3
44.772500	1002.9
44.776250	1015.3
44.780000	921.0
44.783750	1028.7
44.787500	970.3
44.791250	963.8
44.795000	989.0
44.798750	961.7
44.802500	945.9
44.806250	938.2
44.810000	963.6
44.813750	978.4
44.817500	990.4
44.821250	961.0
44.825000	938.7
44.828750	909.4
44.832500	932.6
44.836250	970.5
44.840000	1020.6
44.843750	940.3
44.847500	910.5
44.851250	950.6
44.855000	943.6
44.858750	922.3
44.862500	983.5
44.866250	871.4
44.870000	926.9
44.873750	896.1
44.877500	956.0
44.881250	968.1
44.885000	960.2
44.888750	902.3
44.892500	961.7
44.896250	955.7
44.900000	907.5
44.903750	911.4
44.907500	904.8
44.911250	936.2
44.915000	950.3
44.918750	933.7
44.922500	895.4
44.926250	923.9
44.930000	923.1
44.933750	974.2
44.937500	947.0
44.941250	887.2
44.945000	931.1
44.948750	963.7
44.952500	927.6
44.956250	925.8
44.960000	876.4
44.963750	904.1
44.967500	921.5
44.971250	898.4
44.975000	924.7
44.978750	939.8
44.982500	944.5
44.986250	933.2
44.990000	927.8
44.993750	959.5
44.997500	876.2
45.001250	916.1
45.005000	877.7
45.008750	877.3
45.012500	942.0
45.016250	938.7
45.020000	889.3
45.023750	909.5
45.027500	906.8
45.031250	902.2
45.035000	926.3
45.038750	956.7
45.042500	900.9
45.046250	906.1
45.050000	917.0
45.053750	916.8
45.057500	907.5
45.061250	900.3
45.065000	892.4
45.068750	913.4
45.072500	908.7
45.076250	892.2
45.080000	879.6
45.083750	845.3
45.087500	894.1
45.091250	910.9
45.095000	890.3
45.098750	910.7
45.102500	896.7
45.106250	858.1
45.110000	875.8
45.113750	888.7
45.117500	891.8
45.121250	866.5
45.125000	906.0
45.128750	841.0
45.132500	868.4
45.136250	872.8
45.140000	847.3
45.143750	865.0
45.147500	879.7
45.151250	926.3
45.155000	876.5
45.158750	901.3
45.162500	902.7
45.166250	922.8
45.170000	917.6
45.173750	852.0
45.177500	862.2
45.181250	868.4
45.185000	929.9
45.188750	891.6
45.192500	930.3
45.196250	906.9
45.200000	857.3
45.203750	865.8
45.207500	877.0
45.211250	929.6
45.215000	895.1
45.218750	874.6
45.222500	865.1
45.226250	877.1
45.230000	872.7
45.233750	860.8
45.237500	913.7
45.241250	899.7
45.245000	873.8
45.248750	928.7
45.252500	922.6
45.256250	873.4
45.260000	920.7
45.263750	922.0
45.267500	920.1
45.271250	862.9
45.275000	862.1
45.278750	946.2
45.282500	904.3
45.286250	918.7
45.290000	899.6
45.293750	896.5
45.297500	875.8
45.301250	902.6
45.305000	913.5
45.308750	979.0
45.312500	924.6
45.316250	912.8
45.320000	908.8
45.323750	924.3
45.327500	902.2
45.331250	925.1
45.335000	892.1
45.338750	868.7
45.342500	900.8
45.346250	891.4
45.350000	907.9
45.353750	859.6
45.357500	871.7
45.361250	915.5
45.365000	879.4
45.368750	930.9
45.372500	901.0
45.376250	918.7
45.380000	902.9
45.383750	877.4
45.387500	878.5
45.391250	910.0
45.395000	939.9
45.398750	899.6
45.402500	905.4
45.406250	862.6
45.410000	901.1
45.413750	855.9
45.417500	886.1
45.421250	927.5
45.425000	886.2
45.428750	926.8
45.432500	910.6
45.436250	925.2
45.440000	936.1
45.443750	890.0
45.447500	906.8
45.451250	915.4
45.455000	923.7
45.458750	929.8
45.462500	911.6
45.466250	922.8
45.470000	993.1
45.473750	927.0
45.477500	910.7
45.481250	888.5
45.485000	944.9
45.488750	958.5
45.492500	966.6
45.496250	958.3
45.500000	955.5
45.503750	982.8
45.507500	911.0
45.511250	964.3
45.515000	965.2
45.518750	959.2
45.522500	966.3
45.526250	946.0
45.530000	1019.8
45.533750	1056.2
45.537500	971.7
45.541250	966.5
45.545000	1024.7
45.548750	1039.4
45.552500	939.9
45.556250	1026.3
45.560000	988.0
45.563750	1002.0
45.567500	994.2
45.571250	1033.5
45.575000	990.5
45.578750	961.9
45.582500	1001.5
45.586250	968.7
45.590000	1096.2
45.593750	1016.5
45.597500	1079.1
45.601250	1083.9
45.605000	1014.2
45.608750	1008.5
45.612500	1066.6
45.616250	1060.6
45.620000	1018.7
45.623750	1144.3
45.627500	1101.2
45.631250	1235.6
45.635000	1187.9
45.638750	1127.5
45.642500	1167.0
45.646250	1089.3
45.650000	1147.6
45.653750	1093.4
45.657500	1200.4
45.661250	1225.1
45.665000	1188.1
45.668750	1155.0
45.672500	1028.5
45.676250	1062.0
45.680000	1063.5
45.683750	1003.2
45.687500	1139.2
45.691250	1016.7
45.695000	972.1
45.698750	1014.5
45.702500	1044.6
45.706250	1040.9
45.710000	1015.4
45.713750	1008.4
45.717500	1011.6
45.721250	983.6
45.725000	991.3
45.728750	997.8
45.732500	1022.5
45.736250	1008.9
45.740000	949.5
45.743750	1013.1
45.747500	998.5
45.751250	984.1
45.755000	967.9
45.758750	979.7
45.762500	983.6
45.766250	974.1
45.770000	979.9
45.773750	956.7
45.777500	931.9
45.781250	944.5
45.785000	931.8
45.788750	970.0
45.792500	953.0
45.796250	969.7
45.800000	972.1
45.803750	990.1
45.807500	946.3
45.811250	946.5
45.815000	938.7
45.818750	974.7
45.822500	933.4
45.826250	963.8
45.830000	923.8
45.833750	876.4
45.837500	894.5
45.841250	908.3
45.845000	929.5
45.848750	937.0
45.852500	843.8
45.856250	910.5
45.860000	861.4
45.863750	856.1
45.867500	914.9
45.871250	873.2
45.875000	879.4
45.878750	861.9
45.882500	875.3
45.886250	881.4
45.890000	836.4
45.893750	880.0
45.897500	944.4
45.901250	879.0
45.905000	898.2
45.908750	863.6
45.912500	846.5
45.916250	847.4
45.920000	870.0
45.923750	869.3
45.927500	896.0
45.931250	871.5
45.935000	888.3
45.938750	873.2
45.942500	902.1
45.946250	901.2
45.950000	847.6
45.953750	882.1
45.957500	891.8
45.961250	856.4
45.965000	902.4
45.968750	908.1
45.972500	841.1
45.976250	859.6
45.980000	868.4
45.983750	864.0
45.987500	854.4
45.991250	847.6
45.995000	863.8
45.998750	855.1
46.002500	875.9
46.006250	948.1
46.010000	939.6
46.013750	848.1
46.017500	846.1
46.021250	859.2
46.025000	915.1
46.028750	903.0
46.032500	845.7
46.036250	926.3
46.040000	943.3
46.043750	909.8
46.047500	940.1
46.051250	931.7
46.055000	916.7
46.058750	929.0
46.062500	939.8
46.066250	837.5
46.070000	835.1
46.073750	904.6
46.077500	902.9
46.081250	893.7
46.085000	906.1
46.088750	861.8
46.092500	875.2
46.096250	810.4
46.100000	893.6
46.103750	903.9
46.107500	854.5
46.111250	820.0
46.115000	906.2
46.118750	961.6
46.122500	955.8
46.126250	890.1
46.130000	870.9
46.133750	867.6
46.137500	907.3
46.141250	907.2
46.145000	813.0
46.148750	951.7
46.152500	916.4
46.156250	903.1
46.160000	945.7
46.163750	887.9
46.167500	858.2
46.171250	951.4
46.175000	924.7
46.178750	873.6
46.182500	901.7
46.186250	924.4
46.190000	907.7
46.193750	910.7
46.197500	893.3
46.201250	886.0
46.205000	944.1
46.208750	909.6
46.212500	934.4
46.216250	890.5
46.220000	915.7
46.223750	948.2
46.227500	862.6
46.231250	931.4
46.235000	908.3
46.238750	953.4
46.242500	898.0
46.246250	865.5
46.250000	897.5
46.253750	889.6
46.257500	905.7
46.261250	910.1
46.265000	910.0
46.268750	933.2
46.272500	930.4
46.276250	874.5
46.280000	901.1
46.283750	845.7
46.287500	843.5
46.291250	866.4
46.295000	921.2
46.298750	936.8
46.302500	924.3
46.306250	925.6
46.310000	913.2
46.313750	873.4
46.317500	893.8
46.321250	907.9
46.325000	881.9
46.328750	883.0
46.332500	911.7
46.336250	836.5
46.340000	914.5
46.343750	894.1
46.347500	869.5
46.351250	888.4
46.355000	895.6
46.358750	888.4
46.362500	895.5
46.366250	882.0
46.370000	879.9
46.373750	931.4
46.377500	882.9
46.381250	854.7
46.385000	918.6
46.388750	893.5
46.392500	915.5
46.396250	904.4
46.400000	917.0
46.403750	909.4
46.407500	856.0
46.411250	881.2
46.415000	862.0
46.418750	949.3
46.422500	925.8
46.426250	892.4
46.430000	904.8
46.433750	866.5
46.437500	863.9
46.441250	944.5
46.445000	958.0
46.448750	928.8
46.452500	926.1
46.456250	956.3
46.460000	911.9
46.463750	887.2
46.467500	935.3
46.471250	980.0
46.475000	912.6
46.478750	924.2
46.482500	888.7
46.486250	953.1
46.490000	968.5
46.493750	919.1
46.497500	983.2
46.501250	962.2
46.505000	959.4
46.508750	933.8
46.512500	957.2
46.516250	932.4
46.520000	920.2
46.523750	971.1
46.527500	1020.3
46.531250	960.1
46.535000	932.1
46.538750	999.2
46.542500	996.8
46.546250	875.9
46.550000	926.3
46.553750	991.0
46.557500	942.9
46.561250	976.6
46.565000	1019.7
46.568750	950.4
46.572500	959.2
46.576250	977.4
46.580000	987.3
46.583750	947.2
46.587500	984.0
46.591250	992.0
46.595000	1049.3
46.598750	1057.2
46.602500	1035.3
46.606250	961.3
46.610000	1028.8
46.613750	1016.2
46.617500	1058.1
46.621250	1099.5
46.625000	1030.4
46.628750	1093.5
46.632500	1090.3
46.636250	1075.6
46.640000	1143.6
46.643750	1144.5
46.647500	1179.4
46.651250	1205.8
46.655000	1141.7
46.658750	1245.9
46.662500	1263.7
46.666250	1290.1
46.670000	1401.2
46.673750	1376.5
46.677500	1461.2
46.681250	1576.5
46.685000	1701.0
46.688750	1925.5
46.692500	2081.1
46.696250	2235.3
46.700000	2445.1
46.703750	2554.4
46.707500	2615.2
46.711250	2684.2
46.715000	2808.0
46.718750	2759.5
46.722500	2775.7
46.726250	2686.8
46.730000	2562.1
46.733750	2520.6
46.737500	2368.9
46.741250	2181.9
46.745000	1916.6
46.748750	1681.2
46.752500	1521.8
46.756250	1433.6
46.760000	1323.4
46.763750	1273.1
46.767500	1281.4
46.771250	1234.8
46.775000	1199.3
46.778750	1125.5
46.782500	1106.4
46.786250	1104.3
46.790000	1074.0
46.793750	1072.3
46.797500	1004.6
46.801250	1016.3
46.805000	1019.0
46.808750	971.3
46.812500	1008.8
46.816250	1050.6
46.820000	1003.0
46.823750	1072.9
46.827500	1048.8
46.831250	1021.6
46.835000	1065.4
46.838750	1071.5
46.842500	1058.1
46.846250	1035.6
46.850000	1056.0
46.853750	1042.3
46.857500	1082.4
46.861250	1086.6
46.865000	1014.0
46.868750	975.5
46.872500	995.2
46.876250	963.4
46.880000	880.8
46.883750	907.1
46.887500	820.2
46.891250	844.3
46.895000	855.9
46.898750	867.1
46.902500	863.8
46.906250	851.0
46.910000	867.4
46.913750	900.0
46.917500	872.0
46.921250	883.5
46.925000	855.4
46.928750	907.6
46.932500	899.5
46.936250	865.2
46.940000	882.9
46.943750	881.6
46.947500	842.5
46.951250	809.5
46.955000	851.1
46.958750	862.2
46.962500	879.3
46.966250	872.5
46.970000	907.8
46.973750	834.3
46.977500	813.9
46.981250	903.6
46.985000	910.7
46.988750	872.9
46.992500	891.8
46.996250	821.8
47.000000	858.8
47.003750	881.2
47.007500	839.7
47.011250	847.3
47.015000	899.9
47.018750	867.2
47.022500	867.1
47.026250	852.7
47.030000	850.6
47.033750	852.1
47.037500	804.7
47.041250	819.9
47.045000	878.6
47.048750	868.7
47.052500	851.2
47.056250	843.6
47.060000	808.5
47.063750	882.4
47.067500	868.8
47.071250	885.5
47.075000	880.9
47.078750	848.3
47.082500	821.3
47.086250	769.3
47.090000	853.8
47.093750	886.2
47.097500	830.0
47.101250	842.6
47.105000	857.9
47.108750	868.7
47.112500	846.1
47.116250	840.6
47.120000	884.2
47.123750	891.0
47.127500	849.2
47.131250	868.4
47.135000	858.5
47.138750	837.1
47.142500	825.6
47.146250	835.7
47.150000	925.5
47.153750	824.0
47.157500	858.4
47.161250	885.3
47.165000	819.3
47.168750	822.1
47.172500	821.4
47.176250	872.5
47.180000	865.2
47.183750	854.2
47.187500	867.3
47.191250	841.8
47.195000	812.8
47.198750	886.2
47.202500	824.1
47.206250	837.7
47.210000	849.3
47.213750	852.2
47.217500	862.2
47.221250	829.0
47.225000	837.4
47.228750	875.9
47.232500	865.1
47.236250	841.6
47.240000	824.8
47.243750	828.9
47.247500	813.0
47.251250	836.6
47.255000	839.5
47.258750	825.8
47.262500	849.8
47.266250	843.1
47.270000	837.4
47.273750	839.9
47.277500	887.4
47.281250	855.4
47.285000	807.9
47.288750	847.2
47.292500	821.4
47.296250	891.7
47.300000	874.6
47.303750	836.6
47.307500	894.0
47.311250	836.4
47.315000	844.3
47.318750	836.0
47.322500	868.1
47.326250	826.8
47.330000	833.3
47.333750	823.4
47.337500	839.4
47.341250	836.0
47.345000	835.9
47.348750	820.6
47.352500	832.2
47.356250	823.5
47.360000	857.6
47.363750	803.4
47.367500	814.6
47.371250	853.6
47.375000	831.2
47.378750	845.6
47.382500	853.5
47.386250	850.4
47.390000	857.4
47.393750	839.0
47.397500	877.8
47.401250	801.2
47.405000	782.7
47.408750	786.2
47.412500	812.6
47.416250	829.8
47.420000	873.7
47.423750	803.0
47.427500	789.3
47.431250	775.2
47.435000	787.0
47.438750	846.2
47.442500	854.1
47.446250	808.4
47.450000	845.3
47.453750	841.6
47.457500	856.6
47.461250	840.5
47.465000	819.8
47.468750	858.7
47.472500	905.4
47.476250	825.5
47.480000	820.1
47.483750	826.6
47.487500	822.4
47.491250	838.2
47.495000	826.8
47.498750	782.6
47.502500	831.8
47.506250	833.1
47.510000	851.9
47.513750	842.1
47.517500	858.4
47.521250	864.0
47.525000	819.0
47.528750	861.8
47.532500	870.3
47.536250	850.6
47.540000	851.1
47.543750	832.4
47.547500	870.0
47.551250	854.8
47.555000	826.6
47.558750	836.1
47.562500	891.7
47.566250	849.2
47.570000	826.7
47.573750	874.1
47.577500	853.6
47.581250	823.4
47.585000	900.0
47.588750	859.7
47.592500	880.7
47.596250	936.5
47.600000	846.8
47.603750	872.3
47.607500	876.7
47.611250	882.1
47.615000	860.7
47.618750	859.8
47.622500	860.8
47.626250	859.3
47.630000	819.0
47.633750	883.3
47.637500	888.1
47.641250	818.8
47.645000	870.0
47.648750	859.5
47.652500	850.9
47.656250	813.3
47.660000	819.2
47.663750	806.9
47.667500	824.0
47.671250	874.0
47.675000	855.8
47.678750	819.9
47.682500	832.9
47.686250	852.6
47.690000	887.2
47.693750	848.5
47.697500	809.8
47.701250	848.8
47.705000	834.2
47.708750	863.0
47.712500	841.7
47.716250	844.6
47.720000	888.0
47.723750	899.4
47.727500	844.9
47.731250	839.0
47.735000	875.8
47.738750	844.5
47.742500	821.2
47.746250	871.7
47.750000	818.6
47.753750	907.9
47.757500	853.5
47.761250	852.6
47.765000	861.8
47.768750	894.5
47.772500	887.4
47.776250	873.9
47.780000	844.8
47.783750	865.5
47.787500	869.4
47.791250	828.0
47.795000	864.8
47.798750	869.3
47.802500	770.1
47.806250	825.4
47.810000	802.1
47.813750	872.9
47.817500	848.5
47.821250	930.8
47.825000	825.3
47.828750	886.2
47.832500	846.1
47.836250	919.6
47.840000	876.9
47.843750	896.9
47.847500	861.1
47.851250	882.4
47.855000	865.7
47.858750	855.6
47.862500	898.9
47.866250	867.5
47.870000	848.6
47.873750	859.8
47.877500	895.5
47.881250	871.1
47.885000	904.1
47.888750	861.5
47.892500	848.6
47.896250	903.1
47.900000	908.4
47.903750	882.1
47.907500	874.4
47.911250	897.9
47.915000	853.8
47.918750	854.4
47.922500	889.4
47.926250	942.0
47.930000	908.5
47.933750	986.4
47.937500	904.2
47.941250	935.9
47.945000	996.2
47.948750	966.1
47.952500	920.0
47.956250	964.8
47.960000	951.9
47.963750	958.6
47.967500	958.3
47.971250	980.5
47.975000	985.2
47.978750	976.8
47.982500	912.9
47.986250	934.2
47.990000	866.2
47.993750	828.3
47.997500	885.4
48.001250	938.9
48.005000	906.0
48.008750	952.2
48.012500	965.5
48.016250	888.4
48.020000	906.7
48.023750	911.8
48.027500	917.4
48.031250	880.9
48.035000	878.1
48.038750	958.1
48.042500	920.5
48.046250	883.5
48.050000	839.1
48.053750	911.7
48.057500	899.4
48.061250	930.5
48.065000	891.6
48.068750	886.4
48.072500	946.5
48.076250	923.7
48.080000	947.2
48.083750	982.3
48.087500	931.6
48.091250	916.9
48.095000	967.6
48.098750	927.7
48.102500	985.4
48.106250	911.0
48.110000	979.7
48.113750	927.3
48.117500	919.2
48.121250	967.6
48.125000	930.3
48.128750	910.3
48.132500	940.2
48.136250	993.3
48.140000	933.8
48.143750	931.7
48.147500	960.6
48.151250	960.6
48.155000	945.3
48.158750	949.9
48.162500	976.4
48.166250	938.9
48.170000	957.8
48.173750	965.9
48.177500	919.0
48.181250	957.6
48.185000	908.4
48.188750	932.6
48.192500	948.8
48.196250	970.9
48.200000	984.9
48.203750	984.9
48.207500	946.1
48.211250	981.6
48.215000	986.3
48.218750	966.6
48.222500	928.3
48.226250	981.6
48.230000	959.9
48.233750	913.5
48.237500	958.1
48.241250	983.0
48.245000	903.3
48.248750	981.6
48.252500	919.7
48.256250	925.5
48.260000	952.3
48.263750	936.5
48.267500	953.9
48.271250	932.1
48.275000	990.1
48.278750	977.8
48.282500	945.6
48.286250	956.8
48.290000	924.9
48.293750	933.0
48.297500	919.0
48.301250	954.4
48.305000	957.0
48.308750	1012.9
48.312500	993.1
48.316250	973.8
48.320000	960.4
48.323750	925.1
48.327500	963.3
48.331250	996.4
48.335000	946.1
48.338750	966.0
48.342500	939.3
48.346250	965.2
48.350000	980.7
48.353750	951.3
48.357500	961.9
48.361250	986.1
48.365000	1004.9
48.368750	968.4
48.372500	976.5
48.376250	992.9
48.380000	1016.7
48.383750	956.0
48.387500	969.1
48.391250	1008.6
48.395000	1020.2
48.398750	1028.7
48.402500	950.6
48.406250	1011.6
48.410000	1012.9
48.413750	1030.8
48.417500	1003.5
48.421250	979.7
48.425000	1003.0
48.428750	1029.3
48.432500	988.7
48.436250	1019.9
48.440000	1028.8
48.443750	1071.2
48.447500	1010.9
48.451250	1038.3
48.455000	1048.5
48.458750	1039.3
48.462500	1078.1
48.466250	1042.3
48.470000	1058.0
48.473750	1040.9
48.477500	1054.4
48.481250	1094.5
48.485000	1114.3
48.488750	1092.1
48.492500	1105.5
48.496250	1103.5
48.500000	1096.0
48.503750	1138.5
48.507500	1121.5
48.511250	1081.7
48.515000	1152.9
48.518750	1155.7
48.522500	1094.2
48.526250	1075.6
48.530000	1069.1
48.533750	1092.7
48.537500	1111.3
48.541250	1168.7
48.545000	1204.3
48.548750	1126.5
48.552500	1162.8
48.556250	1192.8
48.560000	1146.0
48.563750	1145.5
48.567500	1171.7
48.571250	1253.3
48.575000	1197.9
48.578750	1254.4
48.582500	1212.5
48.586250	1176.9
48.590000	1199.6
48.593750	1249.0
48.597500	1180.5
48.601250	1191.5
48.605000	1254.1
48.608750	1271.2
48.612500	1225.8
48.616250	1187.9
48.620000	1221.9
48.623750	1248.8
48.627500	1257.9
48.631250	1233.7
48.635000	1207.1
48.638750	1224.5
48.642500	1270.3
48.646250	1189.2
48.650000	1208.7
48.653750	1199.9
48.657500	1198.4
48.661250	1199.2
48.665000	1181.9
48.668750	1185.0
48.672500	1122.5
48.676250	1117.7
48.680000	1156.5
48.683750	1147.2
48.687500	1123.3
48.691250	1127.7
48.695000	1089.8
48.698750	1088.7
48.702500	1053.4
48.706250	1074.6
48.710000	1056.4
48.713750	1048.0
48.717500	1095.8
48.721250	1036.4
48.725000	1068.4
48.728750	992.5
48.732500	971.6
48.736250	982.1
48.740000	959.9
48.743750	945.0
48.747500	956.9
48.751250	958.2
48.755000	947.6
48.758750	983.2
48.762500	974.7
48.766250	940.9
48.770000	881.7
48.773750	936.3
48.777500	931.9
48.781250	879.1
48.785000	932.0
48.788750	963.3
48.792500	870.9
48.796250	876.1
48.800000	936.4
48.803750	916.0
48.807500	869.5
48.811250	894.6
48.815000	846.5
48.818750	874.1
48.822500	884.1
48.826250	872.2
48.830000	884.3
48.833750	881.1
48.837500	887.4
48.841250	872.6
48.845000	875.5
48.848750	852.9
48.852500	808.7
48.856250	857.5
48.860000	871.7
48.863750	846.9
48.867500	883.7
48.871250	869.3
48.875000	865.4
48.878750	858.7
48.882500	832.0
48.886250	861.4
48.890000	850.7
48.893750	883.3
48.897500	872.7
48.901250	877.7
48.905000	846.9
48.908750	850.8
48.912500	852.6
48.916250	829.8
48.920000	888.2
48.923750	902.7
48.927500	821.0
48.931250	846.5
48.935000	837.5
48.938750	847.4
48.942500	852.1
48.946250	852.8
48.950000	854.9
48.953750	811.7
48.957500	904.0
48.961250	834.1
48.965000	814.0
48.968750	856.0
48.972500	809.1
48.976250	811.2
48.980000	868.2
48.983750	860.5
48.987500	855.0
48.991250	784.0
48.995000	855.8
48.998750	823.8
49.002500	834.1
49.006250	819.2
49.010000	813.1
49.013750	823.6
49.017500	832.4
49.021250	847.1
49.025000	823.7
49.028750	832.5
49.032500	808.3
49.036250	838.7
49.040000	806.9
49.043750	779.7
49.047500	870.7
49.051250	899.7
49.055000	813.9
49.058750	870.4
49.062500	819.7
49.066250	795.3
49.070000	801.7
49.073750	842.2
49.077500	798.9
49.081250	884.8
49.085000	812.7
49.088750	823.5
49.092500	863.1
49.096250	838.6
49.100000	832.3
49.103750	828.3
49.107500	814.1
49.111250	854.6
49.115000	803.2
49.118750	813.7
49.122500	846.6
49.126250	848.4
49.130000	801.2
49.133750	807.6
49.137500	876.5
49.141250	875.2
49.145000	873.7
49.148750	853.1
49.152500	878.1
49.156250	850.8
49.160000	902.0
49.163750	874.7
49.167500	931.6
49.171250	902.3
49.175000	925.4
49.178750	988.7
49.182500	923.0
49.186250	1002.0
49.190000	923.6
49.193750	951.9
49.197500	917.0
49.201250	937.3
49.205000	941.2
49.208750	941.2
49.212500	886.1
49.216250	871.9
49.220000	858.1
49.223750	861.1
49.227500	871.8
49.231250	886.3
49.235000	868.2
49.238750	827.2
49.242500	864.2
49.246250	799.6
49.250000	814.6
49.253750	820.4
49.257500	824.9
49.261250	803.9
49.265000	863.7
49.268750	874.6
49.272500	826.5
49.276250	853.8
49.280000	779.9
49.283750	826.9
49.287500	764.4
49.291250	831.7
49.295000	858.8
49.298750	824.9
49.302500	842.2
49.306250	792.1
49.310000	840.4
49.313750	803.1
49.317500	817.7
49.321250	855.3
49.325000	880.1
49.328750	848.9
49.332500	856.9
49.336250	856.3
49.340000	830.4
49.343750	797.7
49.347500	765.1
49.351250	804.2
49.355000	806.0
49.358750	827.4
49.362500	853.2
49.366250	819.4
49.370000	850.2
49.373750	849.4
49.377500	836.0
49.381250	858.2
49.385000	855.8
49.388750	800.5
49.392500	844.0
49.396250	836.9
49.400000	855.0
49.403750	807.4
49.407500	806.1
49.411250	776.1
49.415000	873.9
49.418750	859.6
49.422500	810.9
49.426250	842.2
49.430000	845.2
49.433750	899.3
49.437500	801.1
49.441250	787.8
49.445000	881.8
49.448750	828.7
49.452500	854.5
49.456250	861.7
49.460000	841.8
49.463750	824.9
49.467500	883.9
49.471250	883.0
49.475000	885.5
49.478750	839.8
49.482500	916.8
49.486250	870.2
49.490000	883.0
49.493750	806.1
49.497500	832.3
49.501250	878.3
49.505000	841.7
49.508750	853.1
49.512500	882.1
49.516250	831.7
49.520000	888.5
49.523750	870.7
49.527500	872.7
49.531250	851.9
49.535000	865.8
49.538750	879.5
49.542500	863.6
49.546250	905.9
49.550000	893.3
49.553750	888.5
49.557500	856.6
49.561250	921.0
49.565000	842.9
49.568750	874.3
49.572500	850.9
49.576250	861.6
49.580000	884.6
49.583750	865.7
49.587500	853.0
49.591250	835.5
49.595000	869.0
49.598750	846.3
49.602500	827.2
49.606250	881.4
49.610000	890.2
49.613750	870.5
49.617500	814.9
49.621250	862.2
49.625000	849.1
49.628750	837.0
49.632500	903.5
49.636250	849.1
49.640000	799.1
49.643750	847.2
49.647500	806.0
49.651250	785.7
49.655000	842.0
49.658750	857.7
49.662500	828.5
49.666250	815.0
49.670000	846.4
49.673750	858.2
49.677500	805.9
49.681250	797.9
49.685000	820.6
49.688750	805.5
49.692500	801.8
49.696250	834.6
49.700000	772.2
49.703750	792.5
49.707500	756.3
49.711250	806.6
49.715000	809.6
49.718750	806.7
49.722500	785.6
49.726250	779.8
49.730000	845.8
49.733750	808.1
49.737500	766.8
49.741250	809.7
49.745000	823.5
49.748750	829.0
49.752500	777.0
49.756250	778.1
49.760000	780.7
49.763750	750.9
49.767500	795.1
49.771250	784.5
49.775000	789.6
49.778750	764.3
49.782500	762.5
49.786250	799.9
49.790000	756.4
49.793750	742.9
49.797500	801.4
49.801250	745.2
49.805000	767.0
49.808750	760.6
49.812500	774.9
49.816250	775.8
49.820000	798.2
49.823750	761.4
49.827500	725.3
49.831250	721.6
49.835000	753.2
49.838750	782.1
49.842500	794.6
49.846250	786.0
49.850000	796.4
49.853750	788.5
49.857500	801.4
49.861250	769.6
49.865000	741.6
49.868750	825.1
49.872500	863.1
49.876250	842.3
49.880000	862.7
49.883750	851.3
49.887500	834.7
49.891250	832.0
49.895000	878.7
49.898750	877.1
49.902500	871.0
49.906250	900.7
49.910000	882.4
49.913750	897.8
49.917500	858.2
49.921250	831.1
49.925000	849.0
49.928750	841.8
49.932500	794.0
49.936250	811.7
49.940000	737.4
49.943750	765.6
49.947500	800.7
49.951250	784.3
49.955000	741.8
49.958750	778.7
49.962500	762.8
49.966250	713.9
49.970000	792.4
49.973750	788.2
49.977500	746.2
49.981250	760.7
49.985000	803.1
49.988750	784.4
49.992500	752.0
49.996250	780.9
50.000000	781.6
50.003750	780.7
50.007500	805.3
50.011250	809.4
50.015000	839.6
50.018750	803.0
50.022500	829.7
50.026250	860.0
50.030000	867.7
50.033750	886.0
50.037500	915.3
50.041250	883.9
50.045000	895.8
50.048750	881.2
50.052500	907.2
50.056250	914.0
50.060000	914.9
50.063750	835.5
50.067500	866.3
50.071250	823.0
50.075000	838.9
50.078750	808.7
50.082500	767.4
50.086250	792.2
50.090000	818.4
50.093750	779.0
50.097500	799.2
50.101250	798.5
50.105000	741.3
50.108750	782.5
50.112500	781.9
50.116250	731.5
50.120000	733.8
50.123750	800.8
50.127500	815.4
50.131250	766.1
50.135000	746.0
50.138750	812.1
50.142500	763.2
50.146250	780.3
50.150000	716.8
50.153750	766.3
50.157500	772.5
50.161250	826.7
50.165000	778.6
50.168750	821.7
50.172500	806.2
50.176250	781.7
50.180000	786.7
50.183750	752.3
50.187500	803.1
50.191250	777.0
50.195000	808.5
50.198750	812.4
50.202500	811.8
50.206250	784.0
50.210000	758.9
50.213750	789.7
50.217500	787.7
50.221250	749.8
50.225000	783.5
50.228750	810.3
50.232500	807.5
50.236250	786.7
50.240000	790.6
50.243750	815.8
50.247500	800.0
50.251250	814.7
50.255000	781.2
50.258750	785.4
50.262500	816.4
50.266250	809.2
50.270000	785.6
50.273750	875.6
50.277500	799.6
50.281250	794.0
50.285000	809.1
50.288750	790.0
50.292500	777.2
50.296250	812.7
50.300000	864.6
50.303750	839.2
50.307500	785.0
50.311250	797.3
50.315000	788.6
50.318750	824.1
50.322500	834.3
50.326250	808.3
50.330000	798.1
50.333750	808.5
50.337500	862.2
50.341250	830.2
50.345000	824.9
50.348750	788.8
50.352500	803.2
50.356250	879.7
50.360000	839.8
50.363750	828.8
50.367500	832.7
50.371250	827.7
50.375000	838.5
50.378750	884.7
50.382500	856.4
50.386250	872.1
50.390000	855.8
50.393750	866.9
50.397500	802.0
50.401250	826.0
50.405000	893.0
50.408750	880.6
50.412500	860.5
50.416250	893.5
50.420000	915.6
50.423750	939.2
50.427500	853.3
50.431250	914.5
50.435000	911.4
50.438750	926.0
50.442500	904.5
50.446250	906.3
50.450000	880.2
50.453750	901.7
50.457500	954.8
50.461250	966.1
50.465000	893.2
50.468750	907.1
50.472500	926.1
50.476250	939.4
50.480000	927.8
50.483750	871.8
50.487500	922.3
50.491250	953.3
50.495000	902.4
50.498750	899.7
50.502500	911.1
50.506250	889.2
50.510000	994.1
50.513750	894.7
50.517500	932.9
50.521250	944.6
50.525000	994.3
50.528750	967.6
50.532500	968.2
50.536250	949.1
50.540000	896.7
50.543750	997.7
50.547500	867.7
50.551250	964.5
50.555000	943.7
50.558750	867.9
50.562500	854.0
50.566250	921.9
50.570000	948.1
50.573750	902.2
50.577500	907.7
50.581250	948.3
50.585000	844.7
50.588750	835.7
50.592500	869.3
50.596250	900.6
50.600000	818.4
50.603750	861.5
50.607500	838.5
50.611250	843.7
50.615000	853.9
50.618750	854.3
50.622500	838.0
50.626250	837.0
50.630000	797.1
50.633750	860.6
50.637500	768.7
50.641250	862.5
50.645000	887.4
50.648750	819.1
50.652500	761.5
50.656250	818.8
50.660000	782.7
50.663750	763.1
50.667500	852.2
50.671250	753.2
50.675000	782.8
50.678750	819.6
50.682500	816.1
50.686250	804.6
50.690000	730.7
50.693750	711.4
50.697500	681.0
50.701250	784.3
50.705000	784.5
50.708750	785.4
50.712500	737.6
50.716250	739.8
50.720000	769.0
50.723750	794.8
50.727500	737.0
50.731250	755.7
50.735000	753.1
50.738750	765.5
50.742500	765.0
50.746250	762.9
50.750000	768.0
50.753750	731.8
50.757500	748.6
50.761250	793.0
50.765000	701.1
50.768750	792.3
50.772500	786.8
50.776250	708.4
50.780000	720.8
50.783750	714.0
50.787500	795.3
50.791250	712.7
50.795000	717.8
50.798750	714.8
50.802500	721.7
50.806250	763.8
50.810000	745.0
50.813750	722.5
50.817500	750.0
50.821250	780.8
50.825000	731.9
50.828750	761.0
50.832500	711.0
50.836250	714.9
50.840000	723.5
50.843750	775.0
50.847500	752.3
50.851250	725.3
50.855000	743.4
50.858750	716.7
50.862500	781.9
50.866250	702.1
50.870000	706.2
50.873750	719.7
50.877500	737.5
50.881250	681.1
50.885000	717.4
50.888750	779.7
50.892500	751.1
50.896250	691.7
50.900000	706.1
50.903750	757.4
50.907500	715.2
50.911250	744.4
50.915000	709.0
50.918750	724.0
50.922500	688.9
50.926250	759.5
50.930000	714.6
50.933750	758.8
50.937500	816.4
50.941250	748.8
50.945000	675.2
50.948750	691.3
50.952500	691.2
50.956250	697.1
50.960000	714.6
50.963750	750.1
50.967500	694.8
50.971250	705.4
50.975000	730.7
50.978750	737.2
50.982500	684.1
50.986250	730.4
50.990000	741.7
50.993750	695.6
50.997500	718.4
51.001250	690.6
51.005000	762.5
51.008750	760.5
51.012500	620.2
51.016250	679.8
51.020000	709.8
51.023750	677.7
51.027500	629.3
51.031250	638.2
51.035000	694.5
51.038750	701.3
51.042500	650.0
51.046250	708.9
51.050000	736.1
51.053750	668.0
51.057500	687.6
51.061250	679.9
51.065000	698.8
51.068750	682.2
51.072500	673.8
51.076250	637.8
51.080000	683.7
51.083750	706.6
51.087500	786.2
51.091250	672.2
51.095000	682.3
51.098750	669.1
51.102500	662.8
51.106250	697.2
51.110000	705.7
51.113750	676.9
51.117500	735.3
51.121250	645.9
51.125000	680.9
51.128750	717.7
51.132500	723.3
51.136250	708.8
51.140000	728.8
51.143750	709.8
51.147500	704.6
51.151250	679.5
51.155000	722.4
51.158750	749.5
51.162500	764.6
51.166250	713.9
51.170000	659.0
51.173750	690.5
51.177500	700.6
51.181250	752.4
51.185000	717.6
51.188750	661.6
51.192500	665.3
51.196250	726.9
51.200000	788.3
51.203750	696.4
51.207500	710.9
51.211250	704.3
51.215000	684.9
51.218750	693.1
51.222500	701.8
51.226250	661.4
51.230000	758.5
51.233750	717.4
51.237500	705.3
51.241250	690.9
51.245000	719.1
51.248750	716.5
51.252500	731.6
51.256250	740.1
51.260000	746.7
51.263750	723.6
51.267500	677.0
51.271250	706.3
51.275000	693.5
51.278750	757.9
51.282500	760.0
51.286250	761.8
51.290000	783.5
51.293750	797.2
51.297500	839.4
51.301250	804.4
51.305000	763.3
51.308750	766.4
51.312500	764.7
51.316250	768.5
51.320000	772.8
51.323750	767.9
51.327500	740.4
51.331250	777.6
51.335000	730.1
51.338750	732.7
51.342500	706.5
51.346250	749.5
51.350000	728.7
51.353750	713.2
51.357500	761.5
51.361250	721.2
51.365000	701.5
51.368750	697.2
51.372500	655.9
51.376250	728.2
51.380000	676.9
51.383750	707.3
51.387500	715.0
51.391250	724.9
51.395000	733.4
51.398750	702.3
51.402500	713.2
51.406250	750.4
51.410000	748.3
51.413750	713.9
51.417500	689.2
51.421250	709.7
51.425000	718.2
51.428750	720.8
51.432500	683.5
51.436250	710.3
51.440000	724.6
51.443750	732.4
51.447500	675.7
51.451250	659.2
51.455000	691.2
51.458750	705.2
51.462500	702.3
51.466250	685.8
51.470000	702.2
51.473750	709.5
51.477500	712.2
51.481250	736.9
51.485000	667.0
51.488750	698.9
51.492500	709.9
51.496250	732.3
51.500000	716.2
51.503750	704.6
51.507500	710.6
51.511250	708.2
51.515000	716.4
51.518750	735.7
51.522500	700.1
51.526250	707.3
51.530000	695.6
51.533750	698.8
51.537500	701.1
51.541250	701.0
51.545000	690.2
51.548750	676.0
51.552500	675.2
51.556250	660.3
51.560000	675.3
51.563750	677.5
51.567500	692.1
51.571250	728.4
51.575000	655.2
51.578750	725.3
51.582500	754.3
51.586250	669.6
51.590000	678.9
51.593750	722.2
51.597500	705.7
51.601250	668.1
51.605000	730.3
51.608750	744.4
51.612500	701.8
51.616250	723.2
51.620000	688.0
51.623750	676.4
51.627500	721.9
51.631250	713.6
51.635000	723.2
51.638750	715.4
51.642500	658.2
51.646250	659.8
51.650000	706.6
51.653750	676.2
51.657500	690.9
51.661250	736.4
51.665000	710.3
51.668750	734.7
51.672500	724.9
51.676250	707.6
51.680000	712.7
51.683750	706.8
51.687500	728.9
51.691250	694.6
51.695000	724.8
51.698750	696.5
51.702500	701.2
51.706250	750.9
51.710000	697.5
51.713750	725.9
51.717500	669.3
51.721250	723.7
51.725000	682.0
51.728750	695.2
51.732500	659.3
51.736250	713.6
51.740000	731.6
51.743750	692.2
51.747500	661.3
51.751250	679.4
51.755000	702.2
51.758750	733.1
51.762500	728.6
51.766250	764.0
51.770000	689.4
51.773750	711.2
51.777500	739.2
51.781250	698.1
51.785000	708.3
51.788750	684.0
51.792500	702.3
51.796250	712.5
51.800000	738.8
51.803750	722.2
51.807500	742.3
51.811250	721.0
51.815000	707.2
51.818750	712.9
51.822500	703.6
51.826250	720.7
51.830000	711.9
51.833750	695.4
51.837500	712.7
51.841250	725.4
51.845000	681.6
51.848750	670.6
51.852500	732.6
51.856250	720.9
51.860000	742.7
51.863750	753.0
51.867500	741.3
51.871250	715.6
51.875000	724.6
51.878750	724.4
51.882500	766.4
51.886250	727.2
51.890000	729.6
51.893750	747.1
51.897500	711.2
51.901250	757.5
51.905000	694.2
51.908750	708.8
51.912500	733.3
51.916250	765.8
51.920000	740.6
51.923750	760.9
51.927500	685.6
51.931250	752.1
51.935000	782.1
51.938750	748.4
51.942500	692.3
51.946250	704.8
51.950000	742.8
51.953750	713.8
51.957500	700.6
51.961250	726.7
51.965000	699.3
51.968750	728.7
51.972500	718.0
51.976250	732.4
51.980000	755.7
51.983750	746.5
51.987500	713.0
51.991250	757.0
51.995000	763.1
51.998750	772.7
52.002500	685.5
52.006250	670.1
52.010000	755.1
52.013750	708.8
52.017500	698.9
52.021250	808.1
52.025000	703.5
52.028750	755.4
52.032500	707.9
52.036250	709.2
52.040000	710.2
52.043750	749.1
52.047500	717.3
52.051250	689.6
52.055000	702.5
52.058750	715.2
52.062500	724.2
52.066250	752.9
52.070000	715.4
52.073750	725.0
52.077500	689.1
52.081250	755.1
52.085000	730.6
52.088750	747.8
52.092500	755.0
52.096250	740.5
52.100000	766.3
52.103750	726.4
52.107500	715.0
52.111250	765.3
52.115000	752.8
52.118750	754.1
52.122500	761.6
52.126250	752.2
52.130000	733.3
52.133750	816.6
52.137500	765.6
52.141250	801.6
52.145000	760.4
52.148750	786.8
52.152500	751.6
52.156250	755.0
52.160000	740.4
52.163750	743.7
52.167500	762.6
52.171250	780.3
52.175000	757.8
52.178750	767.6
52.182500	781.7
52.186250	760.8
52.190000	756.7
52.193750	747.7
52.197500	768.2
52.201250	834.0
52.205000	766.4
52.208750	838.8
52.212500	768.9
52.216250	729.2
52.220000	791.4
52.223750	789.2
52.227500	752.4
52.231250	772.3
52.235000	794.5
52.238750	813.6
52.242500	799.9
52.246250	822.1
52.250000	784.9
52.253750	785.8
52.257500	803.5
52.261250	815.8
52.265000	774.2
52.268750	777.0
52.272500	791.8
52.276250	812.9
52.280000	808.3
52.283750	792.2
52.287500	810.9
52.291250	836.8
52.295000	737.2
52.298750	774.2
52.302500	777.5
52.306250	880.2
52.310000	822.8
52.313750	832.1
52.317500	782.1
52.321250	758.5
52.325000	790.0
52.328750	810.0
52.332500	808.6
52.336250	806.2
52.340000	804.6
52.343750	799.9
52.347500	818.9
52.351250	824.5
52.355000	792.9
52.358750	780.0
52.362500	813.3
52.366250	800.8
52.370000	843.0
52.373750	829.7
52.377500	833.7
52.381250	816.6
52.385000	819.1
52.388750	821.5
52.392500	805.9
52.396250	774.5
52.400000	779.9
52.403750	794.2
52.407500	828.9
52.411250	770.4
52.415000	805.0
52.418750	808.3
52.422500	750.3
52.426250	765.6
52.430000	778.4
52.433750	784.0
52.437500	778.2
52.441250	734.6
52.445000	779.2
52.448750	790.0
52.452500	719.6
52.456250	762.2
52.460000	753.7
52.463750	768.9
52.467500	760.5
52.471250	772.0
52.475000	724.7
52.478750	739.5
52.482500	805.2
52.486250	746.1
52.490000	691.4
52.493750	725.1
52.497500	767.6
52.501250	698.3
52.505000	705.8
52.508750	745.3
52.512500	727.7
52.516250	692.2
52.520000	706.4
52.523750	745.8
52.527500	680.3
52.531250	719.5
52.535000	749.5
52.538750	748.8
52.542500	734.8
52.546250	764.1
52.550000	694.4
52.553750	711.9
52.557500	664.7
52.561250	693.7
52.565000	705.5
52.568750	711.7
52.572500	705.7
52.576250	646.2
52.580000	739.2
52.583750	684.3
52.587500	676.6
52.591250	707.4
52.595000	666.8
52.598750	706.5
52.602500	705.1
52.606250	680.0
52.610000	691.3
52.613750	701.5
52.617500	671.1
52.621250	712.4
52.625000	692.3
52.628750	708.7
52.632500	714.8
52.636250	699.3
52.640000	694.3
52.643750	660.6
52.647500	645.0
52.651250	720.0
52.655000	732.4
52.658750	696.5
52.662500	678.4
52.666250	694.1
52.670000	672.3
52.673750	698.0
52.677500	661.2
52.681250	698.1
52.685000	712.5
52.688750	649.9
52.692500	672.4
52.696250	642.7
52.700000	655.1
52.703750	681.9
52.707500	676.2
52.711250	698.5
52.715000	703.8
52.718750	713.0
52.722500	652.3
52.726250	652.2
52.730000	691.4
52.733750	680.2
52.737500	682.7
52.741250	664.4
52.745000	684.1
52.748750	659.7
52.752500	689.4
52.756250	704.6
52.760000	682.4
52.763750	665.5
52.767500	718.4
52.771250	678.3
52.775000	683.5
52.778750	683.0
52.782500	676.6
52.786250	677.7
52.790000	628.1
52.793750	703.8
52.797500	687.3
52.801250	664.8
52.805000	661.3
52.808750	701.9
52.812500	709.4
52.816250	673.6
52.820000	645.3
52.823750	638.6
52.827500	680.8
52.831250	651.0
52.835000	676.3
52.838750	639.4
52.842500	627.1
52.846250	625.6
52.850000	644.3
52.853750	670.1
52.857500	692.2
52.861250	670.0
52.865000	638.3
52.868750	652.9
52.872500	671.3
52.876250	699.8
52.880000	675.5
52.883750	680.2
52.887500	650.4
52.891250	688.2
52.895000	710.3
52.898750	707.3
52.902500	650.6
52.906250	681.0
52.910000	691.7
52.913750	686.4
52.917500	655.1
52.921250	679.1
52.925000	656.9
52.928750	639.0
52.932500	697.3
52.936250	654.4
52.940000	641.9
52.943750	708.5
52.947500	677.6
52.951250	674.9
52.955000	676.9
52.958750	640.8
52.962500	648.9
52.966250	670.8
52.970000	680.6
52.973750	679.2
52.977500	647.8
52.981250	710.6
52.985000	679.4
52.988750	704.6
52.992500	709.8
52.996250	677.2
53.000000	696.9
53.003750	670.7
53.007500	661.5
53.011250	694.7
53.015000	678.0
53.018750	692.8
53.022500	667.0
53.026250	680.1
53.030000	677.3
53.033750	679.7
53.037500	699.4
53.041250	688.4
53.045000	632.2
53.048750	653.8
53.052500	668.9
53.056250	653.8
53.060000	684.8
53.063750	680.1
53.067500	666.3
53.071250	632.5
53.075000	698.2
53.078750	694.0
53.082500	681.7
53.086250	688.2
53.090000	668.9
53.093750	631.8
53.097500	676.4
53.101250	658.6
53.105000	663.6
53.108750	665.7
53.112500	689.6
53.116250	692.7
53.120000	716.2
53.123750	711.3
53.127500	683.3
53.131250	721.6
53.135000	695.8
53.138750	653.4
53.142500	714.2
53.146250	703.1
53.150000	666.5
53.153750	675.2
53.157500	680.1
53.161250	645.8
53.165000	673.0
53.168750	661.4
53.172500	693.3
53.176250	646.3
53.180000	719.1
53.183750	739.6
53.187500	658.2
53.191250	683.6
53.195000	679.9
53.198750	670.2
53.202500	691.1
53.206250	732.2
53.210000	741.1
53.213750	741.8
53.217500	674.6
53.221250	713.5
53.225000	733.1
53.228750	739.6
53.232500	740.0
53.236250	693.2
53.240000	718.9
53.243750	663.8
53.247500	681.5
53.251250	720.2
53.255000	732.2
53.258750	686.4
53.262500	728.3
53.266250	733.1
53.270000	683.4
53.273750	657.7
53.277500	670.6
53.281250	717.3
53.285000	677.3
53.288750	677.2
53.292500	684.7
53.296250	703.2
53.300000	716.0
53.303750	677.0
53.307500	694.8
53.311250	702.0
53.315000	688.4
53.318750	686.6
53.322500	698.1
53.326250	726.2
53.330000	690.1
53.333750	684.5
53.337500	702.5
53.341250	680.9
53.345000	676.5
53.348750	708.3
53.352500	698.0
53.356250	679.8
53.360000	655.3
53.363750	662.0
53.367500	646.9
53.371250	689.5
53.375000	680.2
53.378750	669.1
53.382500	684.7
53.386250	696.1
53.390000	682.7
53.393750	683.6
53.397500	660.3
53.401250	671.4
53.405000	675.3
53.408750	651.3
53.412500	695.3
53.416250	698.1
53.420000	667.0
53.423750	663.1
53.427500	692.5
53.431250	663.9
53.435000	680.3
53.438750	690.2
53.442500	691.4
53.446250	703.3
53.450000	674.4
53.453750	640.3
53.457500	693.3
53.461250	646.5
53.465000	689.4
53.468750	669.7
53.472500	658.4
53.476250	679.3
53.480000	654.9
53.483750	646.1
53.487500	726.2
53.491250	669.9
53.495000	669.6
53.498750	660.7
53.502500	672.8
53.506250	685.7
53.510000	711.0
53.513750	626.0
53.517500	690.4
53.521250	707.8
53.525000	649.2
53.528750	604.7
53.532500	640.0
53.536250	669.4
53.540000	666.7
53.543750	655.8
53.547500	628.7
53.551250	673.9
53.555000	698.0
53.558750	635.8
53.562500	669.2
53.566250	639.2
53.570000	681.5
53.573750	680.0
53.577500	650.9
53.581250	673.4
53.585000	676.0
53.588750	661.5
53.592500	688.5
53.596250	643.6
53.600000	675.8
53.603750	684.6
53.607500	691.7
53.611250	666.5
53.615000	703.4
53.618750	703.3
53.622500	733.8
53.626250	652.4
53.630000	642.9
53.633750	667.0
53.637500	664.4
53.641250	684.8
53.645000	674.0
53.648750	675.4
53.652500	661.4
53.656250	694.5
53.660000	645.0
53.663750	722.9
53.667500	683.2
53.671250	665.9
53.675000	693.4
53.678750	709.0
53.682500	721.3
53.686250	674.2
53.690000	664.8
53.693750	644.3
53.697500	676.7
53.701250	664.4
53.705000	703.1
53.708750	653.7
53.712500	685.0
53.716250	725.9
53.720000	692.0
53.723750	679.2
53.727500	705.3
53.731250	667.8
53.735000	649.6
53.738750	704.8
53.742500	698.3
53.746250	657.0
53.750000	728.7
53.753750	677.3
53.757500	694.0
53.761250	653.4
53.765000	647.8
53.768750	722.5
53.772500	715.2
53.776250	678.4
53.780000	671.3
53.783750	716.1
53.787500	701.5
53.791250	703.9
53.795000	683.8
53.798750	647.5
53.802500	687.5
53.806250	681.4
53.810000	709.9
53.813750	708.8
53.817500	695.6
53.821250	651.4
53.825000	687.0
53.828750	664.0
53.832500	689.0
53.836250	637.6
53.840000	694.2
53.843750	704.0
53.847500	702.2
53.851250	661.0
53.855000	651.5
53.858750	652.2
53.862500	691.1
53.866250	698.9
53.870000	669.1
53.873750	694.9
53.877500	653.1
53.881250	672.2
53.885000	730.9
53.888750	705.4
53.892500	713.8
53.896250	707.7
53.900000	674.5
53.903750	665.7
53.907500	680.3
53.911250	675.3
53.915000	685.5
53.918750	685.0
53.922500	706.7
53.926250	703.0
53.930000	716.2
53.933750	730.7
53.937500	714.7
53.941250	738.7
53.945000	726.0
53.948750	664.7
53.952500	695.5
53.956250	778.9
53.960000	739.2
53.963750	699.8
53.967500	715.7
53.971250	729.2
53.975000	743.0
53.978750	724.7
53.982500	739.1
53.986250	744.3
53.990000	751.0
53.993750	731.4
53.997500	773.9
54.001250	718.2
54.005000	728.9
54.008750	774.4
54.012500	780.1
54.016250	763.4
54.020000	771.3
54.023750	722.3
54.027500	749.2
54.031250	745.5
54.035000	750.1
54.038750	789.7
54.042500	820.9
54.046250	745.4
54.050000	717.0
54.053750	792.6
54.057500	814.7
54.061250	745.6
54.065000	786.9
54.068750	786.5
54.072500	788.2
54.076250	782.4
54.080000	778.8
54.083750	763.7
54.087500	788.6
54.091250	751.4
54.095000	790.4
54.098750	801.1
54.102500	806.5
54.106250	813.0
54.110000	833.7
54.113750	770.0
54.117500	778.8
54.121250	827.1
54.125000	794.5
54.128750	801.1
54.132500	801.7
54.136250	831.8
54.140000	837.4
54.143750	768.7
54.147500	798.2
54.151250	831.3
54.155000	807.7
54.158750	814.2
54.162500	795.6
54.166250	841.5
54.170000	766.1
54.173750	789.8
54.177500	843.7
54.181250	775.2
54.185000	768.3
54.188750	761.7
54.192500	782.6
54.196250	811.5
54.200000	802.4
54.203750	831.6
54.207500	832.9
54.211250	772.1
54.215000	792.2
54.218750	771.4
54.222500	781.9
54.226250	791.2
54.230000	783.1
54.233750	746.4
54.237500	781.8
54.241250	763.5
54.245000	703.4
54.248750	754.5
54.252500	741.3
54.256250	757.6
54.260000	734.7
54.263750	721.3
54.267500	753.0
54.271250	761.4
54.275000	687.3
54.278750	680.0
54.282500	724.5
54.286250	727.2
54.290000	721.1
54.293750	722.4
54.297500	750.4
54.301250	706.8
54.305000	711.1
54.308750	733.5
54.312500	755.2
54.316250	713.2
54.320000	672.1
54.323750	684.0
54.327500	739.3
54.331250	732.1
54.335000	709.9
54.338750	706.4
54.342500	718.3
54.346250	675.7
54.350000	736.5
54.353750	673.3
54.357500	679.2
54.361250	692.9
54.365000	664.8
54.368750	692.8
54.372500	685.1
54.376250	674.3
54.380000	710.7
54.383750	650.9
54.387500	703.9
54.391250	673.9
54.395000	675.7
54.398750	707.9
54.402500	692.0
54.406250	671.9
54.410000	624.2
54.413750	698.0
54.417500	681.9
54.421250	645.0
54.425000	622.0
54.428750	686.5
54.432500	705.7
54.436250	657.2
54.440000	678.1
54.443750	678.7
54.447500	709.7
54.451250	695.9
54.455000	638.6
54.458750	664.7
54.462500	672.0
54.466250	683.1
54.470000	685.4
54.473750	627.9
54.477500	643.6
54.481250	655.4
54.485000	667.8
54.488750	664.0
54.492500	673.5
54.496250	658.9
54.500000	624.0
54.503750	636.5
54.507500	627.8
54.511250	673.0
54.515000	662.5
54.518750	647.0
54.522500	660.4
54.526250	605.6
54.530000	643.4
54.533750	677.5
54.537500	676.6
54.541250	662.2
54.545000	622.4
54.548750	661.9
54.552500	659.0
54.556250	685.1
54.560000	656.2
54.563750	688.5
54.567500	661.6
54.571250	672.9
54.575000	666.6
54.578750	707.2
54.582500	679.0
54.586250	648.6
54.590000	640.3
54.593750	657.2
54.597500	652.0
54.601250	618.3
54.605000	711.9
54.608750	652.1
54.612500	682.8
54.616250	728.7
54.620000	663.9
54.623750	685.8
54.627500	728.7
54.631250	657.1
54.635000	653.2
54.638750	685.7
54.642500	672.4
54.646250	672.3
54.650000	674.0
54.653750	645.0
54.657500	660.6
54.661250	671.4
54.665000	677.7
54.668750	634.8
54.672500	625.7
54.676250	679.0
54.680000	676.3
54.683750	681.0
54.687500	713.6
54.691250	700.0
54.695000	687.6
54.698750	700.7
54.702500	673.0
54.706250	693.5
54.710000	713.9
54.713750	638.0
54.717500	663.9
54.721250	652.7
54.725000	668.4
54.728750	637.1
54.732500	666.9
54.736250	684.6
54.740000	628.5
54.743750	656.1
54.747500	642.8
54.751250	689.4
54.755000	687.3
54.758750	679.4
54.762500	666.8
54.766250	681.0
54.770000	650.1
54.773750	628.7
54.777500	663.8
54.781250	688.7
54.785000	666.7
54.788750	630.8
54.792500	677.1
54.796250	653.8
54.800000	664.9
54.803750	671.5
54.807500	708.3
54.811250	679.5
54.815000	647.1
54.818750	654.6
54.822500	693.5
54.826250	703.0
54.830000	701.3
54.833750	729.1
54.837500	637.7
54.841250	633.4
54.845000	647.9
54.848750	674.7
54.852500	664.0
54.856250	694.5
54.860000	691.9
54.863750	679.1
54.867500	693.4
54.871250	670.0
54.875000	709.8
54.878750	659.7
54.882500	672.3
54.886250	673.6
54.890000	715.6
54.893750	692.5
54.897500	694.6
54.901250	698.9
54.905000	711.6
54.908750	703.5
54.912500	694.7
54.916250	691.4
54.920000	697.2
54.923750	699.1
54.927500	675.4
54.931250	785.4
54.935000	733.0
54.938750	717.4
54.942500	722.8
54.946250	713.5
54.950000	740.8
54.953750	780.6
54.957500	759.8
54.961250	806.8
54.965000	800.8
54.968750	820.2
54.972500	839.5
54.976250	855.7
54.980000	809.5
54.983750	797.1
54.987500	778.4
54.991250	828.9
54.995000	819.7
54.998750	757.1
55.002500	833.8
55.006250	778.4
55.010000	764.8
55.013750	765.2
55.017500	749.1
55.021250	745.7
55.025000	738.1
55.028750	796.7
55.032500	735.2
55.036250	725.2
55.040000	755.5
55.043750	766.8
55.047500	719.9
55.051250	730.9
55.055000	724.6
55.058750	713.3
55.062500	643.9
55.066250	718.9
55.070000	735.4
55.073750	749.6
55.077500	683.9
55.081250	698.0
55.085000	704.7
55.088750	686.0
55.092500	660.2
55.096250	727.6
55.100000	701.1
55.103750	720.2
55.107500	697.9
55.111250	711.8
55.115000	720.6
55.118750	692.6
55.122500	694.2
55.126250	717.0
55.130000	680.0
55.133750	719.4
55.137500	758.4
55.141250	712.9
55.145000	716.9
55.148750	678.0
55.152500	682.7
55.156250	694.8
55.160000	663.2
55.163750	681.4
55.167500	666.6
55.171250	682.1
55.175000	652.7
55.178750	727.6
55.182500	697.9
55.186250	688.3
55.190000	713.9
55.193750	657.5
55.197500	670.6
55.201250	638.1
55.205000	681.3
55.208750	726.0
55.212500	668.4
55.216250	664.4
55.220000	701.9
55.223750	675.7
55.227500	662.2
55.231250	705.1
55.235000	633.5
55.238750	652.2
55.242500	688.8
55.246250	709.5
55.250000	647.1
55.253750	646.7
55.257500	684.8
55.261250	632.2
55.265000	694.0
55.268750	650.1
55.272500	655.5
55.276250	676.8
55.280000	677.6
55.283750	708.9
55.287500	693.0
55.291250	669.5
55.295000	721.2
55.298750	673.6
55.302500	732.9
55.306250	752.0
55.310000	686.0
55.313750	693.3
55.317500	712.5
55.321250	746.2
55.325000	717.1
55.328750	751.9
55.332500	775.5
55.336250	788.2
55.340000	790.5
55.343750	743.9
55.347500	840.2
55.351250	842.9
55.355000	823.1
55.358750	861.3
55.362500	907.5
55.366250	941.1
55.370000	978.1
55.373750	1087.8
55.377500	1058.5
55.381250	1193.0
55.385000	1205.0
55.388750	1338.9
55.392500	1350.4
55.396250	1391.1
55.400000	1454.3
55.403750	1382.7
55.407500	1424.6
55.411250	1439.7
55.415000	1503.5
55.418750	1498.0
55.422500	1459.3
55.426250	1394.5
55.430000	1300.6
55.433750	1282.4
55.437500	1119.2
55.441250	1050.8
55.445000	944.8
55.448750	887.0
55.452500	880.2
55.456250	934.4
55.460000	832.0
55.463750	851.7
55.467500	790.1
55.471250	804.4
55.475000	752.4
55.478750	768.4
55.482500	743.0
55.486250	755.0
55.490000	688.5
55.493750	683.1
55.497500	675.3
55.501250	747.0
55.505000	733.2
55.508750	616.3
55.512500	650.2
55.516250	684.9
55.520000	671.7
55.523750	701.5
55.527500	707.4
55.531250	641.1
55.535000	579.4
55.538750	629.6
55.542500	656.5
55.546250	597.3
55.550000	688.9
55.553750	697.6
55.557500	637.0
55.561250	658.9
55.565000	634.8
55.568750	612.6
55.572500	623.5
55.576250	636.9
55.580000	622.1
55.583750	607.8
55.587500	618.3
55.591250	652.8
55.595000	656.9
55.598750	641.7
55.602500	663.6
55.606250	675.7
55.610000	609.2
55.613750	600.9
55.617500	647.2
55.621250	699.8
55.625000	696.6
55.628750	617.6
55.632500	632.1
55.636250	652.2
55.640000	679.8
55.643750	678.6
55.647500	639.7
55.651250	653.9
55.655000	651.6
55.658750	610.8
55.662500	622.7
55.666250	691.6
55.670000	666.0
55.673750	598.5
55.677500	650.2
55.681250	670.8
55.685000	680.1
55.688750	686.7
55.692500	630.0
55.696250	623.0
55.700000	659.6
55.703750	676.6
55.707500	637.4
55.711250	644.3
55.715000	667.4
55.718750	614.2
55.722500	622.2
55.726250	664.5
55.730000	668.3
55.733750	631.3
55.737500	619.5
55.741250	630.3
55.745000	616.4
55.748750	619.8
55.752500	648.6
55.756250	661.1
55.760000	630.3
55.763750	613.7
55.767500	663.4
55.771250	647.8
55.775000	638.8
55.778750	670.8
55.782500	651.3
55.786250	667.9
55.790000	678.5
55.793750	690.2
55.797500	678.9
55.801250	608.9
55.805000	605.2
55.808750	636.7
55.812500	625.7
55.816250	611.2
55.820000	667.4
55.823750	657.3
55.827500	653.8
55.831250	675.6
55.835000	658.2
55.838750	663.8
55.842500	654.3
55.846250	672.4
55.850000	662.3
55.853750	651.0
55.857500	695.8
55.861250	653.0
55.865000	626.2
55.868750	658.2
55.872500	661.8
55.876250	637.5
55.880000	648.9
55.883750	628.4
55.887500	646.9
55.891250	675.9
55.895000	660.8
55.898750	630.9
55.902500	644.6
55.906250	675.1
55.910000	621.8
55.913750	659.4
55.917500	647.6
55.921250	647.7
55.925000	656.5
55.928750	615.1
55.932500	665.5
55.936250	663.5
55.940000	667.8
55.943750	669.1
55.947500	664.9
55.951250	663.9
55.955000	660.8
55.958750	654.8
55.962500	645.1
55.966250	650.2
55.970000	643.6
55.973750	601.9
55.977500	653.8
55.981250	654.0
55.985000	692.6
55.988750	658.6
55.992500	600.6
55.996250	682.0
56.000000	644.8
56.003750	611.0
56.007500	613.6
56.011250	647.2
56.015000	687.0
56.018750	646.5
56.022500	663.0
56.026250	625.0
56.030000	595.3
56.033750	677.4
56.037500	658.7
56.041250	631.7
56.045000	650.1
56.048750	681.5
56.052500	635.8
56.056250	645.8
56.060000	664.0
56.063750	685.4
56.067500	678.6
56.071250	695.0
56.075000	649.2
56.078750	574.0
56.082500	604.5
56.086250	654.9
56.090000	637.5
56.093750	640.1
56.097500	607.0
56.101250	584.2
56.105000	627.4
56.108750	621.9
56.112500	629.0
56.116250	589.6
56.120000	567.3
56.123750	576.9
56.127500	608.1
56.131250	662.8
56.135000	678.6
56.138750	650.5
56.142500	650.5
56.146250	608.0
56.150000	673.0
56.153750	663.0
56.157500	654.5
56.161250	610.7
56.165000	622.7
56.168750	616.2
56.172500	648.2
56.176250	610.7
56.180000	634.0
56.183750	682.5
56.187500	646.5
56.191250	636.3
56.195000	642.2
56.198750	618.6
56.202500	653.8
56.206250	610.7
56.210000	643.1
56.213750	642.7
56.217500	637.6
56.221250	630.2
56.225000	626.7
56.228750	651.0
56.232500	630.5
56.236250	604.9
56.240000	629.9
56.243750	613.8
56.247500	651.9
56.251250	644.6
56.255000	598.8
56.258750	619.6
56.262500	659.2
56.266250	675.0
56.270000	633.6
56.273750	671.8
56.277500	682.4
56.281250	662.5
56.285000	656.8
56.288750	643.0
56.292500	622.7
56.296250	658.8
56.300000	650.4
56.303750	613.2
56.307500	646.2
56.311250	652.8
56.315000	617.3
56.318750	575.7
56.322500	623.0
56.326250	653.6
56.330000	671.9
56.333750	641.5
56.337500	631.8
56.341250	632.4
56.345000	599.6
56.348750	621.1
56.352500	671.7
56.356250	660.4
56.360000	609.8
56.363750	626.4
56.367500	641.7
56.371250	585.0
56.375000	613.0
56.378750	642.0
56.382500	635.1
56.386250	636.6
56.390000	655.5
56.393750	640.5
56.397500	647.7
56.401250	651.1
56.405000	625.9
56.408750	622.3
56.412500	622.4
56.416250	650.5
56.420000	619.0
56.423750	630.8
56.427500	648.0
56.431250	630.4
56.435000	640.8
56.438750	608.5
56.442500	667.3
56.446250	665.4
56.450000	696.8
56.453750	593.5
56.457500	616.6
56.461250	610.5
56.465000	641.0
56.468750	670.4
56.472500	672.5
56.476250	619.9
56.480000	615.0
56.483750	639.3
56.487500	632.1
56.491250	653.2
56.495000	665.7
56.498750	631.0
56.502500	648.4
56.506250	602.4
56.510000	618.7
56.513750	656.7
56.517500	623.5
56.521250	644.0
56.525000	602.6
56.528750	642.7
56.532500	664.3
56.536250	612.7
56.540000	621.9
56.543750	649.8
56.547500	616.4
56.551250	611.6
56.555000	626.2
56.558750	674.9
56.562500	678.0
56.566250	650.6
56.570000	647.1
56.573750	622.1
56.577500	627.9
56.581250	652.0
56.585000	656.5
56.588750	654.0
56.592500	623.3
56.596250	689.4
56.600000	671.8
56.603750	645.2
56.607500	641.3
56.611250	637.9
56.615000	604.3
56.618750	611.5
56.622500	673.4
56.626250	682.5
56.630000	722.3
56.633750	677.9
56.637500	625.7
56.641250	641.8
56.645000	698.1
56.648750	640.8
56.652500	681.6
56.656250	639.7
56.660000	669.0
56.663750	629.2
56.667500	676.3
56.671250	658.0
56.675000	667.5
56.678750	682.2
56.682500	712.8
56.686250	683.4
56.690000	663.3
56.693750	678.5
56.697500	675.0
56.701250	640.4
56.705000	651.2
56.708750	646.9
56.712500	679.0
56.716250	691.7
56.720000	693.2
56.723750	642.5
56.727500	637.1
56.731250	660.1
56.735000	637.9
56.738750	639.3
56.742500	696.7
56.746250	673.4
56.750000	666.9
56.753750	656.7
56.757500	697.7
56.761250	664.7
56.765000	697.8
56.768750	721.1
56.772500	680.8
56.776250	654.7
56.780000	627.6
56.783750	665.3
56.787500	680.8
56.791250	651.5
56.795000	646.7
56.798750	643.9
56.802500	641.5
56.806250	621.1
56.810000	676.9
56.813750	657.7
56.817500	690.6
56.821250	714.2
56.825000	705.7
56.828750	650.6
56.832500	720.2
56.836250	686.1
56.840000	683.8
56.843750	690.6
56.847500	621.5
56.851250	666.7
56.855000	667.1
56.858750	659.2
56.862500	675.7
56.866250	648.8
56.870000	596.6
56.873750	654.4
56.877500	654.6
56.881250	630.9
56.885000	664.2
56.888750	686.4
56.892500	668.8
56.896250	618.8
56.900000	651.8
56.903750	725.2
56.907500	662.2
56.911250	643.6
56.915000	703.4
56.918750	689.7
56.922500	686.0
56.926250	731.1
56.930000	725.7
56.933750	686.6
56.937500	739.8
56.941250	709.0
56.945000	717.7
56.948750	695.8
56.952500	711.0
56.956250	702.6
56.960000	712.1
56.963750	722.8
56.967500	734.0
56.971250	685.8
56.975000	702.6
56.978750	666.4
56.982500	643.7
56.986250	675.2
56.990000	689.2
56.993750	672.4
56.997500	670.5
57.001250	640.0
57.005000	622.9
57.008750	659.5
57.012500	656.4
57.016250	671.0
57.020000	632.6
57.023750	624.9
57.027500	655.9
57.031250	635.7
57.035000	641.5
57.038750	666.8
57.042500	640.9
57.046250	618.2
57.050000	586.7
57.053750	617.3
57.057500	628.0
57.061250	631.0
57.065000	669.3
57.068750	693.5
57.072500	661.5
57.076250	669.1
57.080000	662.3
57.083750	620.6
57.087500	620.9
57.091250	645.6
57.095000	649.2
57.098750	623.3
57.102500	679.6
57.106250	628.9
57.110000	650.9
57.113750	703.3
57.117500	684.7
57.121250	630.7
57.125000	675.8
57.128750	640.8
57.132500	655.4
57.136250	682.4
57.140000	664.0
57.143750	655.1
57.147500	614.2
57.151250	673.6
57.155000	635.7
57.158750	649.4
57.162500	652.8
57.166250	637.8
57.170000	644.4
57.173750	623.7
57.177500	649.6
57.181250	626.0
57.185000	626.9
57.188750	616.3
57.192500	622.4
57.196250	613.6
57.200000	642.8
57.203750	666.9
57.207500	633.4
57.211250	642.4
57.215000	619.3
57.218750	614.2
57.222500	648.8
57.226250	619.4
57.230000	608.7
57.233750	603.8
57.237500	610.4
57.241250	643.6
57.245000	626.1
57.248750	632.7
57.252500	641.3
57.256250	640.1
57.260000	640.7
57.263750	658.2
57.267500	635.2
57.271250	633.8
57.275000	646.8
57.278750	632.5
57.282500	669.8
57.286250	628.8
57.290000	642.8
57.293750	638.1
57.297500	619.6
57.301250	674.6
57.305000	647.2
57.308750	609.5
57.312500	661.2
57.316250	616.3
57.320000	653.4
57.323750	614.2
57.327500	612.2
57.331250	607.7
57.335000	622.6
57.338750	654.6
57.342500	637.3
57.346250	686.9
57.350000	640.3
57.353750	628.2
57.357500	628.4
57.361250	613.6
57.365000	667.8
57.368750	672.7
57.372500	662.4
57.376250	659.8
57.380000	644.9
57.383750	598.2
57.387500	622.7
57.391250	623.0
57.395000	620.3
57.398750	643.5
57.402500	616.5
57.406250	625.5
57.410000	647.7
57.413750	622.6
57.417500	624.0
57.421250	604.6
57.425000	636.1
57.428750	661.0
57.432500	627.2
57.436250	641.1
57.440000	613.2
57.443750	623.1
57.447500	597.7
57.451250	615.0
57.455000	613.1
57.458750	629.0
57.462500	615.0
57.466250	643.6
57.470000	638.7
57.473750	682.0
57.477500	638.5
57.481250	675.4
57.485000	658.0
57.488750	642.4
57.492500	620.3
57.496250	629.0
57.500000	620.8
57.503750	681.0
57.507500	631.2
57.511250	642.3
57.515000	659.6
57.518750	606.5
57.522500	613.9
57.526250	670.8
57.530000	651.4
57.533750	667.5
57.537500	625.6
57.541250	616.2
57.545000	605.9
57.548750	663.8
57.552500	640.3
57.556250	648.4
57.560000	651.0
57.563750	653.6
57.567500	638.8
57.571250	663.2
57.575000	634.2
57.578750	675.1
57.582500	631.6
57.586250	672.6
57.590000	653.9
57.593750	662.0
57.597500	673.4
57.601250	706.1
57.605000	658.2
57.608750	657.7
57.612500	646.8
57.616250	638.2
57.620000	648.5
57.623750	682.6
57.627500	609.5
57.631250	656.2
57.635000	662.5
57.638750	671.6
57.642500	621.5
57.646250	658.9
57.650000	694.5
57.653750	630.3
57.657500	623.7
57.661250	622.9
57.665000	642.0
57.668750	641.3
57.672500	700.5
57.676250	647.1
57.680000	682.6
57.683750	674.6
57.687500	667.7
57.691250	667.9
57.695000	671.2
57.698750	682.5
57.702500	688.4
57.706250	705.2
57.710000	693.6
57.713750	694.4
57.717500	675.4
57.721250	728.6
57.725000	683.5
57.728750	691.1
57.732500	716.6
57.736250	699.7
57.740000	682.8
57.743750	690.3
57.747500	690.4
57.751250	672.2
57.755000	647.0
57.758750	683.6
57.762500	648.5
57.766250	668.7
57.770000	708.5
57.773750	672.0
57.777500	599.4
57.781250	677.7
57.785000	649.7
57.788750	656.4
57.792500	656.3
57.796250	596.6
57.800000	599.4
57.803750	663.0
57.807500	624.6
57.811250	638.4
57.815000	641.8
57.818750	640.2
57.822500	621.2
57.826250	656.9
57.830000	624.2
57.833750	611.9
57.837500	600.6
57.841250	645.8
57.845000	627.5
57.848750	651.3
57.852500	617.4
57.856250	661.3
57.860000	622.2
57.863750	595.7
57.867500	636.5
57.871250	632.8
57.875000	648.5
57.878750	598.2
57.882500	664.4
57.886250	681.1
57.890000	651.2
57.893750	624.2
57.897500	611.6
57.901250	646.0
57.905000	633.8
57.908750	625.3
57.912500	641.1
57.916250	635.5
57.920000	600.4
57.923750	646.0
57.927500	604.2
57.931250	643.2
57.935000	690.2
57.938750	621.1
57.942500	685.6
57.946250	617.2
57.950000	600.5
57.953750	622.0
57.957500	618.0
57.961250	616.1
57.965000	645.0
57.968750	654.6
57.972500	630.5
57.976250	660.1
57.980000	635.4
57.983750	617.1
57.987500	637.2
57.991250	617.2
57.995000	616.9
57.998750	587.2
58.002500	638.1
58.006250	612.5
58.010000	662.4
58.013750	633.9
58.017500	633.5
58.021250	630.8
58.025000	695.4
58.028750	639.1
58.032500	629.1
58.036250	645.0
58.040000	661.0
58.043750	672.0
58.047500	684.6
58.051250	685.4
58.055000	666.9
58.058750	651.0
58.062500	640.6
58.066250	655.4
58.070000	629.7
58.073750	600.1
58.077500	688.8
58.081250	639.3
58.085000	617.9
58.088750	626.3
58.092500	650.7
58.096250	679.3
58.100000	692.5
58.103750	670.9
58.107500	647.9
58.111250	660.2
58.115000	666.2
58.118750	644.9
58.122500	607.1
58.126250	680.3
58.130000	638.1
58.133750	723.3
58.137500	650.0
58.141250	663.9
58.145000	662.2
58.148750	641.0
58.152500	633.3
58.156250	644.7
58.160000	631.2
58.163750	653.7
58.167500	639.3
58.171250	643.8
58.175000	687.9
58.178750	684.6
58.182500	711.2
58.186250	705.8
58.190000	641.5
58.193750	658.3
58.197500	695.7
58.201250	710.3
58.205000	713.4
58.208750	707.0
58.212500	685.8
58.216250	718.8
58.220000	630.9
58.223750	665.8
58.227500	704.3
58.231250	702.2
58.235000	690.4
58.238750	748.2
58.242500	686.2
58.246250	708.2
58.250000	688.5
58.253750	652.8
58.257500	668.8
58.261250	729.8
58.265000	707.0
58.268750	723.1
58.272500	696.7
58.276250	690.8
58.280000	736.1
58.283750	678.8
58.287500	644.9
58.291250	707.0
58.295000	737.7
58.298750	745.5
58.302500	706.4
58.306250	668.1
58.310000	666.4
58.313750	689.9
58.317500	715.0
58.321250	770.7
58.325000	714.0
58.328750	705.6
58.332500	727.5
58.336250	705.5
58.340000	671.0
58.343750	712.2
58.347500	750.6
58.351250	733.7
58.355000	738.1
58.358750	774.0
58.362500	688.2
58.366250	742.0
58.370000	726.5
58.373750	784.5
58.377500	720.4
58.381250	728.0
58.385000	725.8
58.388750	728.3
58.392500	784.2
58.396250	787.4
58.400000	789.4
58.403750	754.4
58.407500	733.6
58.411250	744.7
58.415000	728.3
58.418750	812.6
58.422500	782.1
58.426250	784.8
58.430000	747.0
58.433750	769.6
58.437500	784.0
58.441250	788.8
58.445000	784.9
58.448750	773.5
58.452500	785.4
58.456250	775.2
58.460000	787.4
58.463750	784.2
58.467500	761.3
58.471250	753.7
58.475000	756.1
58.478750	777.6
58.482500	777.8
58.486250	754.7
58.490000	748.1
58.493750	782.5
58.497500	768.2
58.501250	775.4
58.505000	778.7
58.508750	814.4
58.512500	773.5
58.516250	753.7
58.520000	729.7
58.523750	722.2
58.527500	740.4
58.531250	752.3
58.535000	763.0
58.538750	778.9
58.542500	737.3
58.546250	687.5
58.550000	746.2
58.553750	706.6
58.557500	748.9
58.561250	804.7
58.565000	740.1
58.568750	715.2
58.572500	736.9
58.576250	747.6
58.580000	683.7
58.583750	652.5
58.587500	700.4
58.591250	715.2
58.595000	728.9
58.598750	697.4
58.602500	682.0
58.606250	705.6
58.610000	653.8
58.613750	719.4
58.617500	722.1
58.621250	682.0
58.625000	692.8
58.628750	719.9
58.632500	701.3
58.636250	740.1
58.640000	681.6
58.643750	677.6
58.647500	674.9
58.651250	686.8
58.655000	713.2
58.658750	681.3
58.662500	638.7
58.666250	691.9
58.670000	629.8
58.673750	655.1
58.677500	705.0
58.681250	664.3
58.685000	677.2
58.688750	691.8
58.692500	677.4
58.696250	686.2
58.700000	690.2
58.703750	636.1
58.707500	688.1
58.711250	692.8
58.715000	688.8
58.718750	652.3
58.722500	644.7
58.726250	626.2
58.730000	633.7
58.733750	642.3
58.737500	660.5
58.741250	606.0
58.745000	647.6
58.748750	624.7
58.752500	647.9
58.756250	683.8
58.760000	615.2
58.763750	655.1
58.767500	672.1
58.771250	616.9
58.775000	619.5
58.778750	640.0
58.782500	651.2
58.786250	685.7
58.790000	675.6
58.793750	657.1
58.797500	640.4
58.801250	653.6
58.805000	661.8
58.808750	676.1
58.812500	629.5
58.816250	660.1
58.820000	649.3
58.823750	596.7
58.827500	655.6
58.831250	667.3
58.835000	626.9
58.838750	632.1
58.842500	655.2
58.846250	661.0
58.850000	605.7
58.853750	624.2
58.857500	638.8
58.861250	640.1
58.865000	680.8
58.868750	690.5
58.872500	692.3
58.876250	685.6
58.880000	683.6
58.883750	697.5
58.887500	666.0
58.891250	645.5
58.895000	639.8
58.898750	679.2
58.902500	654.2
58.906250	660.3
58.910000	696.2
58.913750	688.6
58.917500	699.3
58.921250	705.1
58.925000	712.9
58.928750	658.4
58.932500	692.5
58.936250	662.8
58.940000	707.8
58.943750	674.7
58.947500	679.2
58.951250	707.8
58.955000	675.3
58.958750	674.6
58.962500	650.2
58.966250	626.2
58.970000	674.1
58.973750	645.5
58.977500	662.4
58.981250	648.5
58.985000	629.1
58.988750	639.2
58.992500	645.9
58.996250	648.9
59.000000	653.7
59.003750	643.1
59.007500	631.6
59.011250	679.3
59.015000	612.9
59.018750	612.1
59.022500	617.7
59.026250	642.6
59.030000	652.9
59.033750	644.0
59.037500	673.9
59.041250	636.4
59.045000	625.4
59.048750	659.0
59.052500	677.7
59.056250	626.6
59.060000	629.7
59.063750	684.8
59.067500	619.5
59.071250	660.0
59.075000	616.0
59.078750	626.2
59.082500	627.4
59.086250	677.5
59.090000	688.7
59.093750	661.6
59.097500	664.3
59.101250	638.1
59.105000	666.0
59.108750	663.2
59.112500	657.5
59.116250	630.0
59.120000	655.8
59.123750	636.3
59.127500	675.9
59.131250	690.6
59.135000	693.9
59.138750	662.1
59.142500	662.6
59.146250	651.6
59.150000	611.6
59.153750	664.4
59.157500	672.1
59.161250	665.9
59.165000	655.6
59.168750	710.9
59.172500	697.2
59.176250	674.2
59.180000	665.2
59.183750	672.4
59.187500	639.6
59.191250	659.9
59.195000	641.9
59.198750	691.4
59.202500	629.0
59.206250	624.8
59.210000	666.9
59.213750	652.4
59.217500	674.6
59.221250	691.7
59.225000	631.5
59.228750	712.3
59.232500	701.6
59.236250	657.2
59.240000	648.8
59.243750	675.1
59.247500	673.6
59.251250	668.8
59.255000	659.8
59.258750	691.0
59.262500	701.6
59.266250	683.6
59.270000	632.7
59.273750	650.1
59.277500	661.8
59.281250	633.4
59.285000	672.7
59.288750	683.7
59.292500	655.8
59.296250	712.6
59.300000	733.4
59.303750	706.4
59.307500	702.5
59.311250	654.6
59.315000	717.4
59.318750	686.4
59.322500	658.6
59.326250	631.3
59.330000	638.9
59.333750	694.6
59.337500	660.6
59.341250	645.5
59.345000	660.2
59.348750	681.8
59.352500	703.9
59.356250	690.4
59.360000	663.0
59.363750	666.2
59.367500	671.1
59.371250	683.6
59.375000	683.6
59.378750	647.2
59.382500	677.1
59.386250	656.0
59.390000	598.3
59.393750	654.5
59.397500	648.8
59.401250	640.4
59.405000	667.2
59.408750	639.0
59.412500	614.0
59.416250	621.8
59.420000	715.2
59.423750	642.8
59.427500	657.7
59.431250	669.0
59.435000	664.6
59.438750	659.4
59.442500	647.6
59.446250	699.0
59.450000	724.1
59.453750	618.9
59.457500	641.1
59.461250	661.3
59.465000	624.5
59.468750	618.1
59.472500	649.2
59.476250	668.6
59.480000	680.3
59.483750	623.5
59.487500	676.7
59.491250	668.6
59.495000	629.5
59.498750	658.3
59.502500	623.6
59.506250	626.3
59.510000	669.2
59.513750	651.9
59.517500	616.7
59.521250	649.4
59.525000	626.7
59.528750	612.4
59.532500	668.8
59.536250	649.1
59.540000	629.6
59.543750	650.8
59.547500	614.5
59.551250	626.9
59.555000	683.5
59.558750	652.0
59.562500	624.0
59.566250	606.9
59.570000	672.2
59.573750	655.9
59.577500	690.4
59.581250	674.5
59.585000	614.5
59.588750	638.1
59.592500	679.3
59.596250	606.9
59.600000	636.4
59.603750	630.9
59.607500	658.7
59.611250	632.7
59.615000	653.3
59.618750	706.5
59.622500	672.1
59.626250	654.1
59.630000	619.6
59.633750	595.2
59.637500	662.3
59.641250	649.8
59.645000	678.5
59.648750	675.0
59.652500	671.6
59.656250	675.6
59.660000	654.8
59.663750	662.1
59.667500	686.5
59.671250	652.8
59.675000	632.1
59.678750	631.6
59.682500	668.9
59.686250	661.1
59.690000	622.9
59.693750	624.2
59.697500	662.1
59.701250	659.8
59.705000	655.2
59.708750	617.1
59.712500	639.2
59.716250	637.1
59.720000	650.9
59.723750	625.8
59.727500	644.8
59.731250	665.1
59.735000	678.6
59.738750	606.4
59.742500	606.9
59.746250	602.9
59.750000	641.9
59.753750	694.9
59.757500	640.1
59.761250	639.1
59.765000	633.1
59.768750	683.7
59.772500	636.2
59.776250	624.0
59.780000	679.8
59.783750	642.4
59.787500	626.0
59.791250	630.5
59.795000	685.7
59.798750	659.0
59.802500	671.4
59.806250	643.3
59.810000	655.9
59.813750	663.6
59.817500	645.2
59.821250	643.7
59.825000	676.8
59.828750	624.0
59.832500	640.8
59.836250	705.6
59.840000	689.2
59.843750	659.0
59.847500	712.0
59.851250	678.6
59.855000	673.4
59.858750	663.2
59.862500	707.7
59.866250	681.9
59.870000	655.5
59.873750	645.3
59.877500	646.7
59.881250	663.9
59.885000	653.8
59.888750	622.4
59.892500	662.5
59.896250	658.3
59.900000	681.5
59.903750	685.1
59.907500	646.8
59.911250	670.2
59.915000	754.3
59.918750	703.3
59.922500	663.3
59.926250	645.8
59.930000	662.5
59.933750	693.2
59.937500	666.6
59.941250	709.7
59.945000	676.1
59.948750	669.8
59.952500	682.2
59.956250	647.2
59.960000	703.5
59.963750	649.7
59.967500	673.7
59.971250	730.8
59.975000	715.2
59.978750	702.7
59.982500	709.9
59.986250	683.1
59.990000	725.8
59.993750	679.1
59.997500	686.5
60.001250	722.7
60.005000	721.0
60.008750	674.1
60.012500	704.9
60.016250	720.4
60.020000	737.7
60.023750	660.9
60.027500	738.0
60.031250	674.2
60.035000	720.4
60.038750	693.4
60.042500	721.3
60.046250	726.2
60.050000	748.7
60.053750	712.3
60.057500	761.3
60.061250	700.0
60.065000	702.8
60.068750	756.9
60.072500	742.7
60.076250	721.8
60.080000	713.7
60.083750	758.5
60.087500	743.2
60.091250	748.1
60.095000	740.4
60.098750	732.1
60.102500	706.5
60.106250	777.1
60.110000	761.7
60.113750	761.0
60.117500	702.4
60.121250	697.4
60.125000	749.9
60.128750	772.9
60.132500	772.5
60.136250	756.8
60.140000	753.4
60.143750	798.9
60.147500	779.8
60.151250	781.0
60.155000	748.4
60.158750	741.6
60.162500	778.0
60.166250	696.4
60.170000	731.6
60.173750	752.2
60.177500	730.4
60.181250	758.4
60.185000	751.8
60.188750	696.6
60.192500	688.5
60.196250	724.9
60.200000	730.1
60.203750	692.0
60.207500	740.4
60.211250	778.9
60.215000	697.4
60.218750	646.8
60.222500	682.6
60.226250	760.1
60.230000	696.1
60.233750	702.1
60.237500	689.4
60.241250	635.3
60.245000	688.0
60.248750	711.0
60.252500	677.4
60.256250	666.9
60.260000	703.8
60.263750	718.8
60.267500	664.2
60.271250	672.0
60.275000	713.6
60.278750	673.4
60.282500	674.4
60.286250	699.7
60.290000	643.3
60.293750	657.1
60.297500	669.1
60.301250	714.3
60.305000	691.0
60.308750	659.6
60.312500	624.6
60.316250	634.6
60.320000	644.1
60.323750	623.3
60.327500	643.5
60.331250	634.4
60.335000	648.4
60.338750	609.6
60.342500	599.6
60.346250	647.0
60.350000	614.7
60.353750	610.2
60.357500	593.9
60.361250	618.0
60.365000	633.2
60.368750	614.5
60.372500	630.5
60.376250	621.6
60.380000	616.2
60.383750	624.8
60.387500	621.2
60.391250	606.7
60.395000	623.3
60.398750	627.0
60.402500	581.4
60.406250	629.0
60.410000	594.9
60.413750	599.0
60.417500	622.6
60.421250	649.1
60.425000	609.5
60.428750	612.3
60.432500	597.4
60.436250	588.8
60.440000	621.4
60.443750	591.8
60.447500	624.8
60.451250	638.1
60.455000	609.8
60.458750	589.0
60.462500	554.7
60.466250	609.6
60.470000	585.1
60.473750	593.8
60.477500	573.4
60.481250	606.3
60.485000	588.0
60.488750	580.5
60.492500	582.6
60.496250	611.1
60.500000	617.2
60.503750	592.5
60.507500	629.4
60.511250	561.9
60.515000	601.6
60.518750	585.8
60.522500	551.6
60.526250	635.2
60.530000	566.2
60.533750	621.9
60.537500	578.8
60.541250	575.3
60.545000	599.2
60.548750	560.6
60.552500	550.1
60.556250	632.6
60.560000	614.8
60.563750	623.0
60.567500	626.4
60.571250	603.2
60.575000	628.1
60.578750	596.9
60.582500	621.9
60.586250	674.4
60.590000	630.7
60.593750	657.4
60.597500	625.6
60.601250	596.4
60.605000	595.7
60.608750	621.7
60.612500	636.8
60.616250	568.1
60.620000	623.6
60.623750	633.3
60.627500	662.6
60.631250	628.1
60.635000	578.1
60.638750	610.2
60.642500	695.1
60.646250	606.3
60.650000	587.1
60.653750	612.2
60.657500	614.3
60.661250	638.6
60.665000	584.1
60.668750	525.4
60.672500	636.8
60.676250	664.5
60.680000	603.4
60.683750	649.9
60.687500	657.9
60.691250	574.6
60.695000	659.9
60.698750	589.4
60.702500	611.1
60.706250	640.3
60.710000	610.1
60.713750	630.5
60.717500	616.7
60.721250	604.8
60.725000	626.2
60.728750	640.6
60.732500	596.0
60.736250	636.6
60.740000	637.7
60.743750	606.5
60.747500	659.0
60.751250	632.8
60.755000	581.1
60.758750	599.6
60.762500	601.8
60.766250	673.8
60.770000	616.4
60.773750	606.1
60.777500	659.0
60.781250	597.3
60.785000	590.1
60.788750	588.2
60.792500	598.0
60.796250	628.5
60.800000	580.2
60.803750	633.4
60.807500	653.6
60.811250	615.0
60.815000	618.3
60.818750	642.2
60.822500	610.3
60.826250	668.4
60.830000	702.0
60.833750	673.4
60.837500	629.8
60.841250	621.2
60.845000	649.8
60.848750	626.1
60.852500	545.9
60.856250	651.9
60.860000	595.9
60.863750	617.3
60.867500	607.5
60.871250	614.1
60.875000	623.0
60.878750	627.3
60.882500	657.4
60.886250	602.2
60.890000	644.8
60.893750	693.1
60.897500	632.5
60.901250	630.5
60.905000	623.0
60.908750	660.0
60.912500	622.8
60.916250	639.8
60.920000	640.9
60.923750	606.6
60.927500	696.8
60.931250	646.5
60.935000	645.4
60.938750	644.7
60.942500	605.9
60.946250	612.3
60.950000	633.0
60.953750	674.0
60.957500	656.1
60.961250	606.3
60.965000	654.6
60.968750	638.5
60.972500	617.5
60.976250	632.8
60.980000	684.1
60.983750	668.7
60.987500	628.8
60.991250	684.9
60.995000	649.2
60.998750	635.2
61.002500	683.2
61.006250	618.2
61.010000	606.4
61.013750	654.0
61.017500	621.8
61.021250	591.4
61.025000	636.7
61.028750	640.6
61.032500	585.6
61.036250	578.7
61.040000	656.5
61.043750	620.3
61.047500	630.6
61.051250	660.0
61.055000	619.3
61.058750	623.9
61.062500	573.1
61.066250	622.7
61.070000	586.6
61.073750	620.7
61.077500	634.5
61.081250	621.7
61.085000	720.3
61.088750	608.6
61.092500	629.4
61.096250	595.5
61.100000	589.9
61.103750	665.1
61.107500	608.8
61.111250	665.6
61.115000	604.3
61.118750	635.4
61.122500	606.4
61.126250	591.0
61.130000	634.3
61.133750	563.6
61.137500	568.8
61.141250	553.4
61.145000	630.5
61.148750	593.3
61.152500	630.0
61.156250	524.3
61.160000	617.7
61.163750	565.1
61.167500	618.9
61.171250	611.0
61.175000	584.7
61.178750	586.0
61.182500	601.1
61.186250	603.6
61.190000	594.9
61.193750	593.6
61.197500	608.7
61.201250	616.4
61.205000	580.2
61.208750	608.5
61.212500	613.6
61.216250	585.7
61.220000	530.6
61.223750	611.1
61.227500	648.4
61.231250	596.6
61.235000	582.6
61.238750	613.6
61.242500	608.3
61.246250	600.3
61.250000	560.7
61.253750	605.0
61.257500	613.0
61.261250	587.2
61.265000	607.2
61.268750	564.4
61.272500	554.6
61.276250	608.7
61.280000	594.6
61.283750	605.1
61.287500	586.6
61.291250	594.6
61.295000	601.1
61.298750	583.2
61.302500	558.8
61.306250	608.5
61.310000	601.8
61.313750	572.2
61.317500	567.5
61.321250	651.9
61.325000	585.2
61.328750	568.2
61.332500	587.3
61.336250	607.1
61.340000	617.7
61.343750	586.6
61.347500	601.9
61.351250	611.7
61.355000	600.3
61.358750	611.1
61.362500	595.8
61.366250	592.9
61.370000	630.6
61.373750	602.6
61.377500	575.6
61.381250	593.5
61.385000	570.1
61.388750	622.1
61.392500	619.6
61.396250	617.8
61.400000	596.8
61.403750	590.4
61.407500	630.7
61.411250	579.9
61.415000	594.3
61.418750	614.3
61.422500	571.3
61.426250	547.5
61.430000	592.1
61.433750	580.1
61.437500	579.2
61.441250	598.5
61.445000	598.4
61.448750	605.1
61.452500	602.0
61.456250	575.3
61.460000	582.6
61.463750	631.4
61.467500	568.0
61.471250	594.1
61.475000	595.2
61.478750	609.3
61.482500	576.3
61.486250	580.2
61.490000	611.9
61.493750	595.6
61.497500	609.8
61.501250	615.6
61.505000	615.9
61.508750	628.9
61.512500	639.4
61.516250	650.1
61.520000	575.5
61.523750	590.6
61.527500	592.4
61.531250	578.8
61.535000	596.0
61.538750	584.4
61.542500	581.3
61.546250	595.7
61.550000	587.7
61.553750	602.9
61.557500	580.0
61.561250	551.3
61.565000	589.5
61.568750	617.8
61.572500	597.5
61.576250	567.8
61.580000	570.3
61.583750	603.8
61.587500	607.2
61.591250	619.1
61.595000	578.0
61.598750	580.6
61.602500	567.7
61.606250	611.8
61.610000	566.1
61.613750	570.5
61.617500	588.7
61.621250	586.0
61.625000	588.5
61.628750	613.9
61.632500	593.9
61.636250	553.1
61.640000	565.0
61.643750	586.5
61.647500	583.5
61.651250	559.8
61.655000	549.1
61.658750	597.4
61.662500	636.9
61.666250	593.7
61.670000	578.4
61.673750	582.9
61.677500	603.7
61.681250	625.6
61.685000	591.7
61.688750	597.0
61.692500	584.8
61.696250	604.4
61.700000	624.5
61.703750	572.2
61.707500	577.5
61.711250	595.7
61.715000	633.6
61.718750	581.9
61.722500	606.1
61.726250	595.5
61.730000	609.3
61.733750	563.6
61.737500	559.6
61.741250	602.7
61.745000	642.9
61.748750	580.3
61.752500	575.1
61.756250	603.4
61.760000	591.1
61.763750	585.5
61.767500	603.8
61.771250	585.0
61.775000	600.1
61.778750	603.4
61.782500	594.9
61.786250	552.1
61.790000	611.2
61.793750	606.1
61.797500	606.5
61.801250	558.3
61.805000	602.0
61.808750	583.3
61.812500	607.1
61.816250	578.9
61.820000	626.7
61.823750	639.8
61.827500	611.9
61.831250	592.7
61.835000	627.6
61.838750	611.6
61.842500	557.9
61.846250	597.1
61.850000	629.4
61.853750	646.5
61.857500	639.5
61.861250	582.0
61.865000	584.6
61.868750	621.9
61.872500	590.8
61.876250	618.0
61.880000	570.0
61.883750	577.5
61.887500	599.7
61.891250	599.8
61.895000	561.6
61.898750	610.1
61.902500	617.8
61.906250	622.4
61.910000	594.7
61.913750	565.4
61.917500	585.4
61.921250	551.9
61.925000	561.7
61.928750	587.3
61.932500	585.4
61.936250	558.1
61.940000	566.4
61.943750	546.9
61.947500	570.7
61.951250	590.4
61.955000	597.1
61.958750	596.4
61.962500	600.2
61.966250	561.5
61.970000	576.7
61.973750	585.2
61.977500	568.2
61.981250	531.7
61.985000	590.0
61.988750	593.0
61.992500	586.4
61.996250	595.2
62.000000	602.9
62.003750	609.4
62.007500	573.8
62.011250	607.9
62.015000	621.0
62.018750	560.6
62.022500	570.6
62.026250	591.4
62.030000	604.9
62.033750	588.0
62.037500	596.1
62.041250	581.3
62.045000	589.5
62.048750	560.6
62.052500	593.0
62.056250	610.2
62.060000	611.8
62.063750	602.1
62.067500	588.3
62.071250	581.5
62.075000	614.5
62.078750	544.9
62.082500	590.7
62.086250	610.9
62.090000	601.2
62.093750	605.2
62.097500	644.9
62.101250	584.3
62.105000	575.1
62.108750	619.2
62.112500	578.3
62.116250	580.9
62.120000	577.2
62.123750	588.8
62.127500	540.4
62.131250	586.7
62.135000	594.0
62.138750	572.4
62.142500	615.1
62.146250	560.7
62.150000	551.5
62.153750	588.8
62.157500	584.5
62.161250	554.1
62.165000	625.9
62.168750	551.7
62.172500	563.9
62.176250	619.6
62.180000	601.9
62.183750	589.5
62.187500	568.0
62.191250	607.2
62.195000	592.2
62.198750	604.4
62.202500	635.4
62.206250	612.6
62.210000	578.4
62.213750	567.2
62.217500	603.2
62.221250	579.8
62.225000	609.8
62.228750	612.4
62.232500	616.9
62.236250	600.0
62.240000	569.0
62.243750	567.9
62.247500	603.9
62.251250	568.3
62.255000	560.2
62.258750	564.9
62.262500	578.3
62.266250	601.0
62.270000	616.9
62.273750	590.1
62.277500	596.9
62.281250	634.8
62.285000	615.4
62.288750	580.9
62.292500	628.3
62.296250	615.2
62.300000	619.6
62.303750	571.7
62.307500	582.0
62.311250	570.5
62.315000	652.6
62.318750	571.7
62.322500	597.9
62.326250	634.3
62.330000	580.5
62.333750	600.6
62.337500	629.5
62.341250	645.0
62.345000	589.2
62.348750	596.4
62.352500	576.7
62.356250	600.0
62.360000	629.1
62.363750	590.5
62.367500	577.1
62.371250	602.2
62.375000	592.1
62.378750	572.0
62.382500	602.3
62.386250	600.2
62.390000	603.1
62.393750	588.0
62.397500	599.2
62.401250	628.1
62.405000	602.4
62.408750	614.3
62.412500	586.1
62.416250	638.4
62.420000	618.8
62.423750	634.5
62.427500	612.0
62.431250	587.3
62.435000	583.6
62.438750	601.6
62.442500	627.1
62.446250	625.5
62.450000	600.9
62.453750	558.2
62.457500	595.2
62.461250	640.7
62.465000	566.7
62.468750	605.2
62.472500	605.4
62.476250	599.6
62.480000	627.7
62.483750	620.6
62.487500	608.6
62.491250	607.1
62.495000	626.8
62.498750	627.5
62.502500	667.9
62.506250	620.4
62.510000	628.7
62.513750	654.4
62.517500	566.5
62.521250	611.0
62.525000	595.0
62.528750	614.5
62.532500	684.5
62.536250	630.7
62.540000	604.8
62.543750	607.7
62.547500	591.5
62.551250	634.5
62.555000	620.9
62.558750	693.1
62.562500	635.9
62.566250	625.3
62.570000	632.4
62.573750	621.7
62.577500	649.6
62.581250	656.8
62.585000	662.0
62.588750	658.7
62.592500	714.8
62.596250	681.9
62.600000	695.3
62.603750	676.2
62.607500	642.5
62.611250	703.3
62.615000	702.5
62.618750	691.8
62.622500	700.8
62.626250	695.2
62.630000	674.1
62.633750	628.6
62.637500	684.8
62.641250	654.0
62.645000	672.2
62.648750	651.6
62.652500	628.7
62.656250	671.6
62.660000	704.7
62.663750	578.6
62.667500	625.8
62.671250	610.4
62.675000	656.8
62.678750	584.3
62.682500	616.2
62.686250	589.0
62.690000	652.2
62.693750	586.0
62.697500	616.9
62.701250	579.5
62.705000	590.5
62.708750	632.3
62.712500	634.0
62.716250	614.3
62.720000	612.1
62.723750	583.2
62.727500	586.8
62.731250	585.0
62.735000	622.4
62.738750	591.5
62.742500	564.6
62.746250	574.9
62.750000	576.8
62.753750	599.1
62.757500	602.1
62.761250	643.1
62.765000	600.4
62.768750	605.1
62.772500	621.3
62.776250	595.5
62.780000	576.1
62.783750	609.9
62.787500	666.3
62.791250	617.7
62.795000	613.1
62.798750	597.1
62.802500	595.9
62.806250	604.1
62.810000	608.6
62.813750	577.7
62.817500	565.5
62.821250	554.1
62.825000	571.2
62.828750	613.2
62.832500	610.6
62.836250	565.4
62.840000	571.2
62.843750	610.7
62.847500	566.1
62.851250	578.3
62.855000	598.4
62.858750	566.4
62.862500	563.1
62.866250	560.2
62.870000	562.9
62.873750	575.2
62.877500	598.9
62.881250	590.5
62.885000	565.2
62.888750	629.2
62.892500	575.9
62.896250	556.0
62.900000	591.0
62.903750	606.7
62.907500	543.7
62.911250	590.0
62.915000	586.3
62.918750	591.0
62.922500	584.2
62.926250	561.5
62.930000	590.0
62.933750	573.7
62.937500	595.2
62.941250	566.8
62.945000	578.2
62.948750	604.8
62.952500	601.2
62.956250	588.4
62.960000	583.6
62.963750	536.8
62.967500	582.0
62.971250	587.3
62.975000	598.2
62.978750	536.4
62.982500	539.3
62.986250	591.0
62.990000	583.4
62.993750	585.4
62.997500	589.9
63.001250	584.3
63.005000	587.7
63.008750	557.7
63.012500	570.2
63.016250	575.5
63.020000	651.6
63.023750	575.6
63.027500	573.0
63.031250	579.3
63.035000	558.2
63.038750	596.5
63.042500	604.4
63.046250	586.5
63.050000	587.5
63.053750	603.2
63.057500	604.3
63.061250	577.4
63.065000	568.7
63.068750	599.0
63.072500	610.6
63.076250	596.7
63.080000	582.7
63.083750	598.1
63.087500	584.1
63.091250	587.4
63.095000	544.1
63.098750	558.5
63.102500	604.3
63.106250	601.6
63.110000	582.4
63.113750	549.1
63.117500	595.4
63.121250	622.5
63.125000	599.0
63.128750	591.0
63.132500	595.2
63.136250	561.0
63.140000	605.1
63.143750	584.6
63.147500	565.4
63.151250	604.0
63.155000	613.6
63.158750	585.0
63.162500	576.2
63.166250	569.7
63.170000	584.9
63.173750	574.3
63.177500	563.5
63.181250	571.4
63.185000	571.8
63.188750	553.3
63.192500	604.8
63.196250	593.1
63.200000	563.1
63.203750	593.0
63.207500	568.6
63.211250	541.5
63.215000	580.3
63.218750	612.1
63.222500	622.8
63.226250	581.0
63.230000	577.6
63.233750	575.1
63.237500	586.0
63.241250	612.9
63.245000	564.5
63.248750	582.9
63.252500	602.8
63.256250	570.8
63.260000	582.6
63.263750	593.3
63.267500	568.8
63.271250	558.7
63.275000	578.7
63.278750	598.9
63.282500	547.5
63.286250	556.4
63.290000	593.1
63.293750	574.4
63.297500	590.1
63.301250	568.4
63.305000	585.9
63.308750	551.8
63.312500	596.8
63.316250	609.8
63.320000	574.7
63.323750	603.0
63.327500	621.4
63.331250	585.0
63.335000	585.6
63.338750	587.1
63.342500	542.8
63.346250	585.7
63.350000	583.8
63.353750	571.5
63.357500	578.7
63.361250	545.6
63.365000	548.2
63.368750	588.9
63.372500	611.6
63.376250	569.6
63.380000	541.9
63.383750	614.7
63.387500	617.0
63.391250	577.3
63.395000	544.1
63.398750	572.7
63.402500	578.1
63.406250	572.7
63.410000	591.0
63.413750	568.3
63.417500	582.9
63.421250	569.5
63.425000	589.3
63.428750	570.5
63.432500	568.2
63.436250	588.0
63.440000	587.1
63.443750	575.2
63.447500	559.1
63.451250	544.8
63.455000	593.0
63.458750	580.2
63.462500	551.0
63.466250	600.1
63.470000	588.3
63.473750	569.4
63.477500	555.2
63.481250	558.7
63.485000	586.2
63.488750	554.1
63.492500	582.2
63.496250	598.0
63.500000	591.7
63.503750	570.8
63.507500	608.8
63.511250	607.9
63.515000	580.7
63.518750	524.4
63.522500	568.4
63.526250	607.6
63.530000	561.7
63.533750	562.0
63.537500	572.5
63.541250	540.5
63.545000	568.0
63.548750	566.6
63.552500	570.4
63.556250	582.2
63.560000	552.6
63.563750	566.2
63.567500	589.5
63.571250	600.1
63.575000	616.7
63.578750	565.1
63.582500	536.4
63.586250	563.6
63.590000	539.7
63.593750	604.6
63.597500	594.0
63.601250	579.7
63.605000	569.5
63.608750	582.1
63.612500	618.9
63.616250	574.1
63.620000	559.4
63.623750	596.8
63.627500	592.4
63.631250	564.1
63.635000	562.2
63.638750	602.0
63.642500	578.1
63.646250	578.1
63.650000	579.1
63.653750	582.0
63.657500	575.6
63.661250	597.6
63.665000	603.6
63.668750	615.8
63.672500	534.3
63.676250	574.5
63.680000	617.3
63.683750	634.0
63.687500	555.4
63.691250	547.2
63.695000	593.8
63.698750	610.3
63.702500	603.9
63.706250	585.8
63.710000	609.4
63.713750	608.3
63.717500	591.8
63.721250	609.0
63.725000	589.7
63.728750	628.9
63.732500	542.3
63.736250	567.4
63.740000	587.2
63.743750	584.2
63.747500	560.7
63.751250	621.2
63.755000	577.1
63.758750	573.2
63.762500	584.1
63.766250	597.5
63.770000	602.7
63.773750	628.8
63.777500	594.7
63.781250	596.4
63.785000	556.3
63.788750	608.1
63.792500	616.9
63.796250	584.8
63.800000	604.9
63.803750	641.3
63.807500	620.0
63.811250	593.6
63.815000	589.8
63.818750	547.1
63.822500	603.7
63.826250	588.2
63.830000	578.0
63.833750	567.0
63.837500	604.4
63.841250	566.8
63.845000	611.9
63.848750	571.3
63.852500	599.8
63.856250	574.9
63.860000	547.9
63.863750	605.8
63.867500	557.7
63.871250	553.0
63.875000	556.3
63.878750	551.9
63.882500	563.2
63.886250	634.9
63.890000	599.4
63.893750	554.4
63.897500	619.6
63.901250	574.6
63.905000	564.4
63.908750	569.5
63.912500	582.5
63.916250	575.3
63.920000	544.4
63.923750	538.4
63.927500	564.0
63.931250	575.5
63.935000	596.0
63.938750	607.2
63.942500	580.9
63.946250	577.7
63.950000	587.2
63.953750	603.9
63.957500	586.9
63.961250	549.2
63.965000	575.6
63.968750	595.3
63.972500	586.4
63.976250	578.2
63.980000	558.8
63.983750	542.5
63.987500	572.8
63.991250	569.2
63.995000	573.7
63.998750	596.6
64.002500	564.3
64.006250	546.3
64.010000	560.3
64.013750	596.3
64.017500	563.9
64.021250	594.4
64.025000	535.5
64.028750	596.2
64.032500	540.9
64.036250	612.5
64.040000	627.2
64.043750	584.2
64.047500	564.9
64.051250	622.4
64.055000	576.0
64.058750	567.4
64.062500	586.3
64.066250	609.7
64.070000	605.0
64.073750	621.0
64.077500	617.0
64.081250	579.0
64.085000	586.9
64.088750	608.0
64.092500	628.5
64.096250	586.4
64.100000	566.0
64.103750	635.6
64.107500	625.0
64.111250	583.2
64.115000	584.5
64.118750	632.6
64.122500	649.8
64.126250	650.8
64.130000	597.9
64.133750	608.8
64.137500	620.8
64.141250	591.9
64.145000	618.5
64.148750	643.5
64.152500	605.3
64.156250	631.1
64.160000	617.1
64.163750	601.7
64.167500	603.1
64.171250	625.5
64.175000	583.2
64.178750	596.7
64.182500	588.8
64.186250	617.0
64.190000	618.8
64.193750	606.9
64.197500	570.4
64.201250	594.5
64.205000	600.8
64.208750	617.1
64.212500	573.4
64.216250	615.7
64.220000	595.4
64.223750	611.1
64.227500	628.4
64.231250	577.1
64.235000	624.4
64.238750	597.0
64.242500	591.8
64.246250	641.4
64.250000	598.3
64.253750	571.7
64.257500	612.3
64.261250	652.1
64.265000	606.3
64.268750	580.1
64.272500	608.8
64.276250	662.8
64.280000	558.3
64.283750	590.8
64.287500	586.5
64.291250	547.5
64.295000	588.4
64.298750	614.7
64.302500	605.3
64.306250	626.0
64.310000	555.5
64.313750	602.5
64.317500	616.2
64.321250	575.0
64.325000	632.0
64.328750	623.8
64.332500	551.4
64.336250	552.2
64.340000	560.2
64.343750	571.6
64.347500	592.7
64.351250	585.7
64.355000	562.2
64.358750	596.2
64.362500	592.3
64.366250	569.5
64.370000	608.5
64.373750	617.2
64.377500	541.8
64.381250	572.3
64.385000	615.6
64.388750	544.2
64.392500	589.0
64.396250	558.7
64.400000	565.8
64.403750	606.3
64.407500	606.5
64.411250	589.3
64.415000	582.5
64.418750	565.9
64.422500	555.8
64.426250	607.8
64.430000	577.9
64.433750	553.5
64.437500	547.5
64.441250	542.9
64.445000	513.2
64.448750	537.5
64.452500	529.0
64.456250	562.5
64.460000	552.8
64.463750	601.3
64.467500	567.8
64.471250	581.8
64.475000	549.3
64.478750	560.2
64.482500	601.6
64.486250	617.5
64.490000	579.9
64.493750	541.6
64.497500	587.2
64.501250	557.4
64.505000	558.5
64.508750	585.9
64.512500	526.9
64.516250	572.9
64.520000	564.7
64.523750	573.6
64.527500	558.0
64.531250	564.0
64.535000	572.0
64.538750	505.5
64.542500	555.7
64.546250	578.7
64.550000	583.5
64.553750	560.1
64.557500	528.6
64.561250	578.3
64.565000	551.3
64.568750	542.6
64.572500	557.7
64.576250	520.7
64.580000	564.8
64.583750	537.8
64.587500	601.8
64.591250	578.5
64.595000	576.2
64.598750	585.1
64.602500	569.8
64.606250	550.5
64.610000	562.5
64.613750	568.3
64.617500	516.0
64.621250	541.9
64.625000	601.5
64.628750	556.5
64.632500	566.7
64.636250	564.8
64.640000	583.9
64.643750	565.4
64.647500	536.8
64.651250	559.4
64.655000	564.1
64.658750	570.9
64.662500	577.8
64.666250	550.4
64.670000	564.1
64.673750	543.3
64.677500	552.3
64.681250	603.1
64.685000	587.5
64.688750	560.0
64.692500	551.7
64.696250	557.5
64.700000	547.4
64.703750	579.9
64.707500	548.1
64.711250	536.1
64.715000	557.3
64.718750	546.5
64.722500	533.2
64.726250	580.8
64.730000	564.1
64.733750	574.6
64.737500	536.2
64.741250	524.8
64.745000	575.9
64.748750	544.1
64.752500	506.6
64.756250	562.0
64.760000	532.5
64.763750	566.6
64.767500	607.3
64.771250	598.9
64.775000	545.0
64.778750	510.6
64.782500	541.5
64.786250	567.4
64.790000	529.6
64.793750	553.1
64.797500	520.3
64.801250	497.5
64.805000	537.0
64.808750	519.7
64.812500	540.4
64.816250	567.3
64.820000	577.6
64.823750	568.1
64.827500	536.7
64.831250	542.6
64.835000	536.0
64.838750	559.5
64.842500	534.8
64.846250	511.5
64.850000	535.7
64.853750	543.9
64.857500	606.7
64.861250	569.0
64.865000	535.4
64.868750	554.7
64.872500	561.7
64.876250	534.1
64.880000	566.8
64.883750	527.0
64.887500	546.4
64.891250	559.0
64.895000	550.4
64.898750	566.1
64.902500	577.5
64.906250	559.7
64.910000	492.8
64.913750	552.4
64.917500	563.7
64.921250	539.6
64.925000	562.5
64.928750	557.0
64.932500	516.8
64.936250	538.9
64.940000	587.6
64.943750	546.6
64.947500	577.4
64.951250	549.7
64.955000	536.3
64.958750	545.8
64.962500	592.0
64.966250	534.5
64.970000	547.1
64.973750	561.2
64.977500	601.2
64.981250	619.9
64.985000	527.5
64.988750	526.1
64.992500	550.3
64.996250	581.7
65.000000	576.2
65.003750	535.7
65.007500	531.8
65.011250	539.5
65.015000	552.1
65.018750	561.4
65.022500	560.3
65.026250	554.2
65.030000	551.1
65.033750	543.2
65.037500	506.0
65.041250	521.0
65.045000	596.3
65.048750	554.2
65.052500	587.1
65.056250	570.6
65.060000	546.3
65.063750	582.6
65.067500	572.1
65.071250	590.4
65.075000	557.2
65.078750	537.7
65.082500	587.0
65.086250	574.4
65.090000	535.3
65.093750	561.0
65.097500	565.4
65.101250	549.6
65.105000	524.1
65.108750	585.8
65.112500	564.4
65.116250	556.9
65.120000	542.4
65.123750	559.6
65.127500	596.1
65.131250	547.2
65.135000	573.3
65.138750	556.6
65.142500	543.7
65.146250	527.6
65.150000	531.4
65.153750	554.0
65.157500	540.2
65.161250	560.9
65.165000	542.6
65.168750	530.0
65.172500	568.7
65.176250	549.5
65.180000	576.9
65.183750	590.4
65.187500	546.7
65.191250	538.9
65.195000	562.2
65.198750	577.5
65.202500	565.0
65.206250	539.9
65.210000	550.3
65.213750	572.9
65.217500	534.7
65.221250	534.9
65.225000	553.2
65.228750	565.1
65.232500	534.0
65.236250	522.1
65.240000	519.5
65.243750	524.1
65.247500	565.0
65.251250	559.8
65.255000	529.5
65.258750	546.0
65.262500	563.8
65.266250	563.6
65.270000	554.3
65.273750	515.3
65.277500	527.0
65.281250	507.7
65.285000	508.6
65.288750	550.7
65.292500	550.1
65.296250	550.1
65.300000	568.6
65.303750	552.4
65.307500	552.4
65.311250	551.1
65.315000	526.5
65.318750	540.2
65.322500	548.6
65.326250	556.9
65.330000	559.1
65.333750	529.5
65.337500	569.0
65.341250	544.4
65.345000	517.6
65.348750	584.1
65.352500	541.3
65.356250	538.5
65.360000	550.1
65.363750	548.1
65.367500	582.4
65.371250	562.8
65.375000	543.5
65.378750	530.8
65.382500	527.1
65.386250	521.1
65.390000	537.9
65.393750	551.6
65.397500	541.1
65.401250	558.5
65.405000	581.6
65.408750	562.0
65.412500	545.7
65.416250	578.9
65.420000	536.1
65.423750	580.0
65.427500	579.5
65.431250	573.6
65.435000	551.7
65.438750	575.1
65.442500	575.0
65.446250	577.8
65.450000	567.0
65.453750	554.5
65.457500	554.4
65.461250	544.1
65.465000	570.9
65.468750	510.3
65.472500	568.1
65.476250	565.9
65.480000	570.3
65.483750	572.1
65.487500	558.3
65.491250	559.0
65.495000	555.8
65.498750	563.4
65.502500	564.6
65.506250	563.7
65.510000	542.1
65.513750	564.1
65.517500	568.2
65.521250	593.7
65.525000	496.0
65.528750	578.1
65.532500	542.0
65.536250	512.0
65.540000	527.8
65.543750	636.0
65.547500	564.1
65.551250	629.7
65.555000	602.3
65.558750	576.5
65.562500	549.4
65.566250	612.7
65.570000	484.3
65.573750	589.1
65.577500	542.4
65.581250	589.6
65.585000	556.3
65.588750	576.2
65.592500	539.6
65.596250	597.9
65.600000	539.0
65.603750	564.9
65.607500	570.8
65.611250	558.6
65.615000	625.8
65.618750	554.8
65.622500	525.1
65.626250	583.5
65.630000	604.4
65.633750	500.4
65.637500	530.6
65.641250	595.7
65.645000	559.3
65.648750	570.6
65.652500	572.6
65.656250	507.5
65.660000	589.0
65.663750	586.7
65.667500	592.3
65.671250	575.5
65.675000	595.9
65.678750	533.2
65.682500	620.0
65.686250	566.5
65.690000	581.8
65.693750	550.2
65.697500	583.7
65.701250	555.2
65.705000	615.0
65.708750	549.8
65.712500	585.2
65.716250	610.4
65.720000	600.5
65.723750	586.4
65.727500	580.0
65.731250	558.1
65.735000	589.8
65.738750	511.5
65.742500	529.5
65.746250	619.9
65.750000	540.3
65.753750	601.5
65.757500	588.4
65.761250	564.6
65.765000	572.7
65.768750	549.3
65.772500	551.2
65.776250	569.6
65.780000	568.7
65.783750	550.6
65.787500	595.1
65.791250	637.1
65.795000	605.8
65.798750	554.5
65.802500	553.3
65.806250	589.2
65.810000	568.2
65.813750	600.0
65.817500	599.2
65.821250	589.7
65.825000	654.7
65.828750	558.0
65.832500	561.4
65.836250	605.5
65.840000	583.2
65.843750	543.1
65.847500	593.2
65.851250	572.0
65.855000	600.3
65.858750	618.2
65.862500	581.2
65.866250	579.5
65.870000	608.5
65.873750	576.5
65.877500	589.0
65.881250	617.4
65.885000	582.2
65.888750	593.3
65.892500	562.8
65.896250	594.9
65.900000	585.1
65.903750	586.9
65.907500	553.4
65.911250	584.3
65.915000	590.1
65.918750	548.5
65.922500	564.1
65.926250	564.6
65.930000	565.3
65.933750	542.3
65.937500	607.6
65.941250	635.8
65.945000	563.7
65.948750	551.9
65.952500	555.5
65.956250	592.9
65.960000	583.8
65.963750	551.3
65.967500	575.9
65.971250	551.3
65.975000	557.8
65.978750	580.7
65.982500	568.3
65.986250	518.6
65.990000	504.8
65.993750	587.1
65.997500	597.9
66.001250	586.1
66.005000	617.8
66.008750	595.2
66.012500	602.3
66.016250	562.8
66.020000	626.5
66.023750	595.8
66.027500	587.7
66.031250	619.2
66.035000	596.5
66.038750	604.4
66.042500	580.8
66.046250	571.1
66.050000	642.9
66.053750	622.4
66.057500	580.5
66.061250	568.5
66.065000	612.1
66.068750	625.7
66.072500	637.7
66.076250	655.7
66.080000	661.5
66.083750	617.6
66.087500	620.3
66.091250	623.2
66.095000	643.4
66.098750	684.8
66.102500	644.4
66.106250	633.1
66.110000	622.4
66.113750	605.7
66.117500	644.8
66.121250	630.3
66.125000	649.9
66.128750	606.8
66.132500	560.2
66.136250	636.0
66.140000	638.8
66.143750	574.9
66.147500	606.7
66.151250	520.3
66.155000	517.2
66.158750	565.9
66.162500	583.4
66.166250	611.3
66.170000	559.8
66.173750	555.9
66.177500	567.8
66.181250	585.1
66.185000	578.1
66.188750	576.2
66.192500	523.5
66.196250	541.9
66.200000	539.4
66.203750	586.5
66.207500	577.8
66.211250	602.2
66.215000	552.4
66.218750	553.7
66.222500	548.1
66.226250	615.4
66.230000	574.2
66.233750	551.4
66.237500	557.0
66.241250	556.8
66.245000	598.8
66.248750	544.5
66.252500	543.1
66.256250	574.6
66.260000	575.9
66.263750	563.2
66.267500	543.9
66.271250	584.2
66.275000	569.0
66.278750	599.7
66.282500	588.8
66.286250	566.7
66.290000	572.5
66.293750	598.0
66.297500	601.9
66.301250	573.4
66.305000	534.0
66.308750	565.6
66.312500	578.6
66.316250	569.0
66.320000	549.7
66.323750	559.4
66.327500	563.7
66.331250	544.4
66.335000	535.3
66.338750	545.7
66.342500	565.8
66.346250	553.8
66.350000	559.3
66.353750	580.6
66.357500	564.2
66.361250	535.6
66.365000	560.5
66.368750	515.1
66.372500	553.1
66.376250	555.1
66.380000	584.7
66.383750	612.7
66.387500	570.5
66.391250	589.1
66.395000	552.4
66.398750	591.4
66.402500	567.4
66.406250	574.3
66.410000	579.3
66.413750	615.3
66.417500	563.6
66.421250	587.9
66.425000	568.2
66.428750	592.8
66.432500	549.5
66.436250	597.9
66.440000	570.2
66.443750	567.8
66.447500	562.6
66.451250	541.8
66.455000	595.7
66.458750	578.6
66.462500	579.6
66.466250	589.1
66.470000	585.3
66.473750	564.6
66.477500	565.3
66.481250	594.2
66.485000	590.1
66.488750	596.3
66.492500	594.6
66.496250	649.1
66.500000	608.4
66.503750	622.6
66.507500	591.6
66.511250	599.6
66.515000	613.1
66.518750	604.3
66.522500	584.7
66.526250	610.5
66.530000	561.8
66.533750	604.4
66.537500	589.4
66.541250	592.2
66.545000	608.8
66.548750	610.1
66.552500	597.8
66.556250	624.0
66.560000	615.3
66.563750	624.3
66.567500	599.9
66.571250	611.3
66.575000	609.5
66.578750	579.6
66.582500	625.2
66.586250	591.5
66.590000	571.4
66.593750	633.8
66.597500	576.1
66.601250	579.8
66.605000	660.4
66.608750	613.1
66.612500	629.0
66.616250	620.3
66.620000	596.0
66.623750	640.2
66.627500	603.3
66.631250	610.8
66.635000	614.6
66.638750	644.3
66.642500	595.2
66.646250	588.4
66.650000	644.5
66.653750	638.4
66.657500	581.1
66.661250	584.1
66.665000	614.2
66.668750	628.5
66.672500	587.3
66.676250	604.9
66.680000	619.4
66.683750	586.9
66.687500	594.2
66.691250	581.5
66.695000	563.3
66.698750	592.0
66.702500	600.6
66.706250	556.6
66.710000	576.5
66.713750	549.8
66.717500	569.9
66.721250	612.2
66.725000	602.1
66.728750	571.6
66.732500	594.0
66.736250	555.0
66.740000	605.6
66.743750	577.6
66.747500	548.4
66.751250	536.3
66.755000	565.8
66.758750	540.8
66.762500	578.1
66.766250	529.4
66.770000	558.5
66.773750	557.8
66.777500	560.4
66.781250	596.2
66.785000	581.4
66.788750	615.6
66.792500	612.3
66.796250	575.9
66.800000	560.3
66.803750	612.4
66.807500	561.7
66.811250	552.9
66.815000	565.3
66.818750	543.5
66.822500	517.5
66.826250	552.0
66.830000	552.7
66.833750	566.4
66.837500	596.5
66.841250	557.4
66.845000	546.9
66.848750	577.1
66.852500	572.4
66.856250	579.6
66.860000	563.1
66.863750	551.3
66.867500	531.3
66.871250	563.9
66.875000	544.1
66.878750	584.5
66.882500	570.3
66.886250	539.1
66.890000	556.9
66.893750	601.8
66.897500	554.3
66.901250	562.4
66.905000	591.7
66.908750	587.7
66.912500	550.5
66.916250	566.3
66.920000	578.9
66.923750	582.7
66.927500	546.5
66.931250	579.4
66.935000	580.0
66.938750	519.3
66.942500	535.3
66.946250	582.4
66.950000	541.4
66.953750	541.1
66.957500	529.8
66.961250	579.5
66.965000	552.3
66.968750	595.4
66.972500	549.0
66.976250	534.6
66.980000	534.2
66.983750	588.5
66.987500	544.2
66.991250	533.2
66.995000	549.0
66.998750	543.1
67.002500	544.5
67.006250	546.2
67.010000	558.2
67.013750	606.6
67.017500	570.9
67.021250	569.9
67.025000	554.1
67.028750	550.1
67.032500	574.1
67.036250	541.5
67.040000	573.2
67.043750	550.1
67.047500	581.3
67.051250	546.4
67.055000	570.7
67.058750	573.4
67.062500	513.7
67.066250	562.5
67.070000	589.8
67.073750	587.4
67.077500	547.0
67.081250	560.2
67.085000	536.1
67.088750	553.8
67.092500	544.8
67.096250	537.4
67.100000	593.4
67.103750	583.9
67.107500	546.2
67.111250	579.6
67.115000	550.5
67.118750	546.8
67.122500	534.8
67.126250	565.1
67.130000	567.9
67.133750	547.6
67.137500	557.9
67.141250	558.5
67.145000	533.0
67.148750	558.1
67.152500	574.9
67.156250	588.4
67.160000	557.5
67.163750	633.0
67.167500	547.4
67.171250	550.3
67.175000	564.6
67.178750	557.9
67.182500	554.0
67.186250	560.8
67.190000	555.5
67.193750	564.5
67.197500	563.2
67.201250	561.5
67.205000	547.7
67.208750	576.5
67.212500	568.8
67.216250	564.4
67.220000	557.8
67.223750	549.8
67.227500	536.0
67.231250	572.7
67.235000	631.1
67.238750	583.8
67.242500	565.9
67.246250	547.4
67.250000	555.6
67.253750	548.0
67.257500	566.7
67.261250	547.8
67.265000	584.2
67.268750	554.0
67.272500	552.7
67.276250	594.9
67.280000	570.3
67.283750	561.1
67.287500	568.3
67.291250	594.1
67.295000	570.4
67.298750	568.0
67.302500	569.8
67.306250	558.7
67.310000	563.5
67.313750	575.8
67.317500	571.1
67.321250	583.6
67.325000	574.8
67.328750	607.5
67.332500	560.1
67.336250	592.9
67.340000	620.4
67.343750	614.2
67.347500	603.7
67.351250	523.2
67.355000	550.7
67.358750	573.8
67.362500	615.3
67.366250	601.4
67.370000	601.6
67.373750	562.7
67.377500	559.5
67.381250	584.5
67.385000	577.5
67.388750	592.0
67.392500	569.7
67.396250	558.1
67.400000	539.9
67.403750	577.0
67.407500	585.3
67.411250	554.2
67.415000	615.7
67.418750	553.7
67.422500	564.1
67.426250	583.1
67.430000	603.4
67.433750	566.5
67.437500	551.6
67.441250	573.5
67.445000	574.4
67.448750	571.3
67.452500	589.0
67.456250	554.7
67.460000	610.5
67.463750	539.1
67.467500	534.4
67.471250	594.2
67.475000	582.5
67.478750	577.8
67.482500	554.5
67.486250	558.5
67.490000	581.3
67.493750	554.9
67.497500	561.2
67.501250	573.7
67.505000	551.2
67.508750	521.5
67.512500	583.3
67.516250	575.1
67.520000	509.0
67.523750	551.4
67.527500	569.0
67.531250	574.7
67.535000	562.1
67.538750	555.0
67.542500	562.2
67.546250	591.2
67.550000	556.7
67.553750	559.9
67.557500	534.4
67.561250	530.2
67.565000	559.6
67.568750	559.8
67.572500	538.4
67.576250	540.5
67.580000	570.1
67.583750	568.6
67.587500	547.0
67.591250	521.9
67.595000	521.3
67.598750	556.2
67.602500	533.9
67.606250	543.3
67.610000	525.6
67.613750	535.3
67.617500	556.4
67.621250	560.6
67.625000	570.8
67.628750	580.5
67.632500	601.2
67.636250	602.1
67.640000	550.5
67.643750	560.7
67.647500	621.7
67.651250	574.3
67.655000	537.1
67.658750	607.8
67.662500	562.3
67.666250	594.4
67.670000	603.6
67.673750	596.8
67.677500	570.5
67.681250	540.0
67.685000	563.4
67.688750	552.0
67.692500	574.9
67.696250	545.7
67.700000	537.2
67.703750	526.0
67.707500	574.6
67.711250	558.8
67.715000	557.6
67.718750	537.4
67.722500	556.5
67.726250	553.2
67.730000	520.5
67.733750	554.8
67.737500	522.6
67.741250	541.1
67.745000	534.3
67.748750	528.6
67.752500	533.2
67.756250	527.9
67.760000	571.6
67.763750	585.4
67.767500	530.1
67.771250	530.7
67.775000	499.1
67.778750	537.6
67.782500	568.0
67.786250	555.2
67.790000	504.5
67.793750	522.8
67.797500	535.1
67.801250	524.3
67.805000	511.0
67.808750	573.2
67.812500	549.6
67.816250	562.6
67.820000	539.7
67.823750	537.6
67.827500	545.7
67.831250	503.0
67.835000	515.9
67.838750	520.4
67.842500	547.7
67.846250	565.0
67.850000	530.6
67.853750	556.8
67.857500	550.7
67.861250	506.5
67.865000	558.5
67.868750	552.8
67.872500	559.6
67.876250	583.7
67.880000	556.1
67.883750	537.0
67.887500	536.6
67.891250	524.9
67.895000	528.8
67.898750	532.4
67.902500	533.9
67.906250	534.3
67.910000	554.6
67.913750	578.7
67.917500	533.6
67.921250	522.5
67.925000	535.9
67.928750	533.0
67.932500	562.2
67.936250	542.5
67.940000	546.1
67.943750	582.9
67.947500	541.5
67.951250	522.3
67.955000	525.5
67.958750	553.2
67.962500	554.8
67.966250	534.3
67.970000	544.8
67.973750	538.0
67.977500	528.7
67.981250	540.7
67.985000	537.6
67.988750	558.1
67.992500	519.3
67.996250	527.8
68.000000	558.4
68.003750	524.5
68.007500	558.6
68.011250	530.9
68.015000	536.7
68.018750	568.4
68.022500	548.0
68.026250	545.6
68.030000	548.1
68.033750	535.5
68.037500	499.4
68.041250	540.2
68.045000	509.8
68.048750	524.9
68.052500	526.8
68.056250	532.9
68.060000	554.5
68.063750	556.1
68.067500	554.3
68.071250	570.8
68.075000	569.8
68.078750	536.7
68.082500	570.7
68.086250	539.2
68.090000	593.6
68.093750	570.6
68.097500	555.9
68.101250	533.1
68.105000	575.1
68.108750	580.9
68.112500	560.0
68.116250	570.9
68.120000	605.6
68.123750	552.5
68.127500	590.1
68.131250	618.2
68.135000	566.6
68.138750	609.9
68.142500	598.6
68.146250	588.5
68.150000	586.8
68.153750	597.2
68.157500	624.2
68.161250	587.0
68.165000	635.0
68.168750	659.8
68.172500	653.3
68.176250	617.7
68.180000	693.6
68.183750	717.4
68.187500	696.2
68.191250	728.2
68.195000	724.0
68.198750	700.3
68.202500	773.7
68.206250	746.3
68.210000	724.4
68.213750	708.7
68.217500	716.3
68.221250	688.1
68.225000	735.9
68.228750	676.4
68.232500	690.6
68.236250	719.2
68.240000	687.8
68.243750	659.2
68.247500	653.7
68.251250	617.2
68.255000	583.2
68.258750	603.3
68.262500	566.3
68.266250	607.7
68.270000	577.4
68.273750	559.0
68.277500	557.3
68.281250	578.7
68.285000	635.8
68.288750	570.7
68.292500	568.9
68.296250	561.9
68.300000	557.0
68.303750	528.1
68.307500	572.4
68.311250	588.1
68.315000	559.6
68.318750	571.6
68.322500	573.3
68.326250	572.2
68.330000	591.5
68.333750	534.3
68.337500	579.9
68.341250	557.4
68.345000	549.3
68.348750	576.2
68.352500	557.3
68.356250	603.6
68.360000	564.5
68.363750	609.1
68.367500	545.3
68.371250	555.7
68.375000	527.9
68.378750	562.2
68.382500	567.9
68.386250	574.1
68.390000	595.3
68.393750	557.1
68.397500	560.5
68.401250	522.1
68.405000	554.8
68.408750	579.4
68.412500	572.9
68.416250	530.9
68.420000	522.4
68.423750	556.8
68.427500	530.5
68.431250	550.7
68.435000	492.7
68.438750	551.8
68.442500	551.3
68.446250	573.2
68.450000	573.4
68.453750	541.8
68.457500	552.2
68.461250	522.1
68.465000	517.2
68.468750	499.8
68.472500	567.1
68.476250	515.9
68.480000	484.2
68.483750	537.4
68.487500	534.2
68.491250	496.9
68.495000	520.0
68.498750	546.5
68.502500	518.3
68.506250	532.8
68.510000	550.3
68.513750	508.1
68.517500	514.5
68.521250	551.9
68.525000	550.2
68.528750	544.2
68.532500	534.2
68.536250	529.0
68.540000	560.8
68.543750	528.8
68.547500	501.7
68.551250	545.1
68.555000	550.2
68.558750	543.8
68.562500	551.3
68.566250	577.4
68.570000	539.7
68.573750	567.7
68.577500	541.6
68.581250	521.1
68.585000	498.2
68.588750	587.2
68.592500	588.6
68.596250	536.6
68.600000	578.3
68.603750	554.9
68.607500	533.3
68.611250	613.2
68.615000	541.0
68.618750	533.8
68.622500	545.9
68.626250	620.1
68.630000	571.9
68.633750	543.2
68.637500	560.2
68.641250	534.4
68.645000	560.2
68.648750	563.9
68.652500	548.4
68.656250	567.6
68.660000	537.5
68.663750	557.7
68.667500	556.4
68.671250	524.6
68.675000	557.3
68.678750	528.7
68.682500	534.0
68.686250	566.9
68.690000	511.0
68.693750	564.1
68.697500	545.4
68.701250	539.0
68.705000	577.4
68.708750	577.5
68.712500	586.2
68.716250	595.2
68.720000	562.0
68.723750	526.2
68.727500	515.1
68.731250	546.4
68.735000	547.8
68.738750	562.4
68.742500	583.3
68.746250	576.3
68.750000	564.9
68.753750	540.0
68.757500	560.8
68.761250	586.8
68.765000	570.5
68.768750	510.9
68.772500	528.9
68.776250	566.8
68.780000	549.9
68.783750	530.6
68.787500	591.4
68.791250	557.5
68.795000	558.2
68.798750	534.1
68.802500	515.3
68.806250	610.1
68.810000	567.6
68.813750	516.7
68.817500	544.7
68.821250	514.8
68.825000	540.3
68.828750	588.7
68.832500	577.8
68.836250	555.0
68.840000	548.3
68.843750	511.5
68.847500	521.2
68.851250	554.6
68.855000	549.1
68.858750	498.1
68.862500	529.6
68.866250	552.2
68.870000	516.0
68.873750	538.6
68.877500	551.9
68.881250	570.7
68.885000	615.9
68.888750	548.2
68.892500	567.2
68.896250	573.3
68.900000	548.2
68.903750	533.1
68.907500	549.2
68.911250	571.1
68.915000	572.9
68.918750	573.6
68.922500	564.0
68.926250	530.5
68.930000	530.8
68.933750	566.5
68.937500	541.3
68.941250	563.0
68.945000	587.1
68.948750	575.2
68.952500	538.0
68.956250	512.0
68.960000	549.7
68.963750	552.4
68.967500	567.7
68.971250	520.4
68.975000	532.1
68.978750	559.6
68.982500	535.4
68.986250	567.3
68.990000	577.5
68.993750	562.5
68.997500	535.5
69.001250	574.7
69.005000	550.9
69.008750	538.8
69.012500	537.7
69.016250	515.5
69.020000	525.4
69.023750	562.5
69.027500	581.7
69.031250	545.9
69.035000	563.7
69.038750	540.2
69.042500	562.0
69.046250	581.6
69.050000	552.9
69.053750	551.5
69.057500	582.6
69.061250	558.7
69.065000	531.1
69.068750	546.5
69.072500	548.0
69.076250	552.6
69.080000	553.5
69.083750	576.0
69.087500	562.0
69.091250	572.2
69.095000	555.6
69.098750	546.1
69.102500	539.0
69.106250	564.4
69.110000	534.6
69.113750	564.9
69.117500	564.7
69.121250	561.2
69.125000	545.6
69.128750	530.0
69.132500	538.3
69.136250	579.1
69.140000	549.7
69.143750	569.9
69.147500	557.6
69.151250	510.6
69.155000	556.8
69.158750	537.8
69.162500	546.5
69.166250	541.9
69.170000	585.0
69.173750	611.6
69.177500	515.0
69.181250	551.9
69.185000	558.1
69.188750	568.3
69.192500	560.5
69.196250	562.4
69.200000	546.7
69.203750	547.2
69.207500	540.5
69.211250	529.0
69.215000	484.0
69.218750	508.5
69.222500	516.5
69.226250	503.2
69.230000	514.0
69.233750	541.6
69.237500	546.9
69.241250	575.2
69.245000	548.6
69.248750	528.9
69.252500	568.9
69.256250	561.2
69.260000	509.7
69.263750	522.6
69.267500	576.0
69.271250	555.0
69.275000	567.3
69.278750	543.9
69.282500	536.0
69.286250	544.5
69.290000	569.9
69.293750	550.3
69.297500	573.5
69.301250	578.7
69.305000	578.1
69.308750	547.9
69.312500	511.2
69.316250	529.8
69.320000	542.8
69.323750	545.6
69.327500	567.4
69.331250	544.8
69.335000	549.4
69.338750	568.4
69.342500	513.1
69.346250	549.8
69.350000	564.1
69.353750	554.7
69.357500	557.7
69.361250	555.4
69.365000	548.1
69.368750	525.4
69.372500	514.9
69.376250	534.7
69.380000	521.3
69.383750	541.1
69.387500	527.2
69.391250	544.8
69.395000	491.4
69.398750	517.0
69.402500	537.3
69.406250	538.9
69.410000	530.4
69.413750	550.9
69.417500	515.0
69.421250	540.4
69.425000	565.5
69.428750	541.8
69.432500	516.3
69.436250	510.6
69.440000	489.4
69.443750	520.1
69.447500	528.7
69.451250	532.5
69.455000	508.8
69.458750	528.5
69.462500	528.3
69.466250	539.7
69.470000	535.5
69.473750	489.7
69.477500	529.5
69.481250	497.1
69.485000	564.2
69.488750	532.5
69.492500	503.8
69.496250	532.9
69.500000	530.5
69.503750	515.9
69.507500	545.0
69.511250	557.7
69.515000	544.7
69.518750	562.4
69.522500	514.4
69.526250	523.7
69.530000	534.9
69.533750	559.2
69.537500	574.5
69.541250	526.9
69.545000	602.0
69.548750	551.7
69.552500	524.8
69.556250	513.9
69.560000	569.7
69.563750	593.6
69.567500	546.2
69.571250	524.0
69.575000	527.9
69.578750	515.3
69.582500	572.5
69.586250	555.7
69.590000	521.5
69.593750	522.6
69.597500	560.4
69.601250	537.1
69.605000	529.8
69.608750	519.9
69.612500	556.6
69.616250	484.8
69.620000	538.6
69.623750	524.8
69.627500	511.2
69.631250	540.7
69.635000	582.5
69.638750	527.5
69.642500	533.4
69.646250	538.0
69.650000	550.9
69.653750	521.3
69.657500	532.8
69.661250	530.7
69.665000	549.4
69.668750	563.9
69.672500	538.0
69.676250	512.0
69.680000	546.6
69.683750	524.8
69.687500	533.4
69.691250	520.0
69.695000	485.1
69.698750	515.5
69.702500	532.5
69.706250	526.2
69.710000	533.6
69.713750	554.6
69.717500	553.9
69.721250	519.0
69.725000	529.0
69.728750	525.2
69.732500	542.7
69.736250	574.6
69.740000	545.1
69.743750	570.2
69.747500	547.2
69.751250	576.4
69.755000	545.0
69.758750	506.5
69.762500	519.6
69.766250	554.7
69.770000	592.4
69.773750	556.0
69.777500	519.0
69.781250	535.8
69.785000	570.1
69.788750	516.4
69.792500	523.1
69.796250	544.9
69.800000	515.8
69.803750	559.0
69.807500	538.4
69.811250	525.8
69.815000	585.7
69.818750	541.8
69.822500	525.3
69.826250	505.2
69.830000	528.5
69.833750	512.3
69.837500	536.8
69.841250	547.9
69.845000	572.9
69.848750	537.4
69.852500	539.6
69.856250	517.0
69.860000	539.6
69.863750	553.5
69.867500	494.9
69.871250	490.6
69.875000	515.3
69.878750	528.0
69.882500	536.6
69.886250	516.7
69.890000	531.9
69.893750	531.2
69.897500	523.9
69.901250	553.9
69.905000	524.7
69.908750	513.3
69.912500	556.4
69.916250	528.8
69.920000	544.2
69.923750	557.7
69.927500	521.9
69.931250	539.5
69.935000	505.4
69.938750	547.2
69.942500	541.6
69.946250	538.4
69.950000	560.0
69.953750	560.9
69.957500	554.9
69.961250	541.5
69.965000	513.4
69.968750	527.7
69.972500	528.7
69.976250	556.6
69.980000	523.9
69.983750	541.5
69.987500	601.8
69.991250	573.9
69.995000	532.2
69.998750	557.8
70.002500	522.6
70.006250	527.0
70.010000	517.2
70.013750	504.7
70.017500	556.4
70.021250	545.9
70.025000	570.2
70.028750	537.3
70.032500	535.8
70.036250	517.8
70.040000	527.7
70.043750	495.4
70.047500	557.5
70.051250	524.6
70.055000	540.1
70.058750	532.9
70.062500	524.7
70.066250	547.0
70.070000	510.8
70.073750	535.3
70.077500	530.7
70.081250	532.1
70.085000	536.9
70.088750	555.2
70.092500	507.2
70.096250	514.3
70.100000	539.8
70.103750	515.1
70.107500	556.3
70.111250	523.5
70.115000	560.3
70.118750	540.2
70.122500	538.1
70.126250	551.2
70.130000	534.3
70.133750	487.7
70.137500	526.8
70.141250	522.0
70.145000	537.2
70.148750	549.6
70.152500	566.5
70.156250	510.6
70.160000	490.2
70.163750	546.8
70.167500	569.0
70.171250	543.4
70.175000	539.8
70.178750	540.4
70.182500	541.2
70.186250	585.6
70.190000	547.8
70.193750	559.9
70.197500	513.8
70.201250	506.9
70.205000	559.4
70.208750	547.7
70.212500	522.0
70.216250	553.9
70.220000	532.0
70.223750	557.5
70.227500	552.4
70.231250	528.5
70.235000	522.8
70.238750	537.0
70.242500	543.7
70.246250	566.5
70.250000	510.9
70.253750	544.0
70.257500	544.9
70.261250	511.1
70.265000	535.3
70.268750	575.3
70.272500	535.7
70.276250	553.3
70.280000	545.3
70.283750	573.2
70.287500	559.8
70.291250	564.8
70.295000	532.3
70.298750	546.9
70.302500	557.4
70.306250	540.5
70.310000	558.9
70.313750	553.3
70.317500	545.7
70.321250	550.0
70.325000	506.9
70.328750	499.6
70.332500	556.0
70.336250	544.0
70.340000	581.9
70.343750	587.1
70.347500	516.3
70.351250	557.9
70.355000	542.9
70.358750	575.6
70.362500	576.1
70.366250	520.1
70.370000	568.0
70.373750	528.0
70.377500	557.5
70.381250	610.4
70.385000	539.2
70.388750	561.9
70.392500	584.6
70.396250	571.3
70.400000	554.8
70.403750	567.1
70.407500	564.6
70.411250	546.4
70.415000	569.9
70.418750	576.3
70.422500	553.3
70.426250	589.1
70.430000	545.9
70.433750	601.3
70.437500	560.7
70.441250	502.3
70.445000	547.1
70.448750	547.2
70.452500	601.8
70.456250	519.8
70.460000	559.1
70.463750	572.4
70.467500	533.5
70.471250	590.5
70.475000	546.8
70.478750	544.1
70.482500	585.7
70.486250	573.2
70.490000	545.9
70.493750	578.2
70.497500	576.6
70.501250	526.3
70.505000	558.3
70.508750	559.3
70.512500	533.0
70.516250	573.9
70.520000	572.7
70.523750	545.5
70.527500	564.4
70.531250	601.3
70.535000	578.0
70.538750	529.6
70.542500	537.2
70.546250	553.2
70.550000	594.0
70.553750	530.2
70.557500	512.7
70.561250	589.1
70.565000	579.8
70.568750	565.6
70.572500	553.9
70.576250	559.9
70.580000	581.0
70.583750	568.2
70.587500	509.5
70.591250	537.8
70.595000	569.2
70.598750	516.8
70.602500	538.6
70.606250	535.6
70.610000	524.7
70.613750	542.0
70.617500	510.4
70.621250	508.2
70.625000	519.4
70.628750	533.7
70.632500	542.3
70.636250	549.0
70.640000	608.5
70.643750	578.4
70.647500	535.9
70.651250	493.6
70.655000	508.8
70.658750	587.7
70.662500	574.7
70.666250	551.2
70.670000	520.0
70.673750	563.4
70.677500	536.9
70.681250	566.6
70.685000	594.9
70.688750	489.8
70.692500	551.2
70.696250	555.0
70.700000	566.8
70.703750	551.1
70.707500	547.2
70.711250	565.5
70.715000	520.5
70.718750	562.1
70.722500	554.0
70.726250	508.9
70.730000	576.6
70.733750	542.6
70.737500	544.4
70.741250	543.8
70.745000	527.4
70.748750	531.3
70.752500	531.7
70.756250	538.4
70.760000	544.4
70.763750	531.0
70.767500	570.0
70.771250	571.4
70.775000	598.5
70.778750	545.3
70.782500	539.8
70.786250	540.9
70.790000	574.6
70.793750	539.5
70.797500	543.8
70.801250	575.2
70.805000	535.2
70.808750	541.7
70.812500	564.3
70.816250	581.9
70.820000	567.5
70.823750	530.0
70.827500	539.9
70.831250	556.9
70.835000	575.4
70.838750	556.1
70.842500	538.5
70.846250	529.0
70.850000	576.3
70.853750	548.1
70.857500	484.6
70.861250	554.9
70.865000	608.7
70.868750	547.3
70.872500	542.7
70.876250	538.1
70.880000	536.5
70.883750	543.4
70.887500	555.0
70.891250	570.4
70.895000	559.9
70.898750	552.9
70.902500	540.1
70.906250	566.4
70.910000	521.7
70.913750	550.7
70.917500	510.5
70.921250	519.7
70.925000	531.1
70.928750	562.3
70.932500	586.8
70.936250	583.6
70.940000	580.1
70.943750	533.2
70.947500	546.8
70.951250	549.2
70.955000	565.0
70.958750	560.0
70.962500	538.7
70.966250	553.5
70.970000	531.1
70.973750	569.2
70.977500	580.1
70.981250	559.2
70.985000	507.8
70.988750	602.4
70.992500	596.7
70.996250	538.2
71.000000	605.5
71.003750	589.1
71.007500	535.4
71.011250	575.6
71.015000	573.2
71.018750	561.9
71.022500	588.7
71.026250	587.7
71.030000	527.8
71.033750	578.6
71.037500	584.7
71.041250	557.7
71.045000	578.1
71.048750	537.2
71.052500	527.6
71.056250	573.4
71.060000	553.4
71.063750	593.3
71.067500	613.9
71.071250	562.7
71.075000	534.5
71.078750	580.6
71.082500	585.9
71.086250	557.3
71.090000	566.3
71.093750	552.0
71.097500	548.2
71.101250	582.7
71.105000	567.6
71.108750	509.8
71.112500	622.4
71.116250	588.9
71.120000	582.1
71.123750	590.2
71.127500	525.9
71.131250	613.1
71.135000	589.1
71.138750	577.5
71.142500	594.0
71.146250	654.9
71.150000	643.1
71.153750	590.9
71.157500	546.4
71.161250	608.1
71.165000	634.3
71.168750	565.7
71.172500	639.9
71.176250	644.2
71.180000	578.4
71.183750	597.6
71.187500	602.4
71.191250	608.1
71.195000	559.4
71.198750	561.6
71.202500	584.9
71.206250	601.0
71.210000	619.4
71.213750	598.6
71.217500	581.3
71.221250	592.2
71.225000	586.7
71.228750	591.5
71.232500	606.4
71.236250	574.8
71.240000	586.9
71.243750	552.5
71.247500	585.3
71.251250	592.5
71.255000	608.3
71.258750	594.1
71.262500	588.6
71.266250	575.6
71.270000	589.6
71.273750	591.3
71.277500	602.9
71.281250	615.4
71.285000	592.7
71.288750	580.5
71.292500	562.7
71.296250	543.1
71.300000	554.1
71.303750	619.9
71.307500	586.5
71.311250	560.6
71.315000	579.9
71.318750	579.8
71.322500	611.3
71.326250	576.9
71.330000	573.8
71.333750	560.7
71.337500	606.1
71.341250	572.3
71.345000	535.7
71.348750	587.3
71.352500	606.9
71.356250	588.0
71.360000	570.6
71.363750	566.4
71.367500	581.5
71.371250	561.9
71.375000	619.4
71.378750	587.7
71.382500	566.3
71.386250	558.7
71.390000	541.8
71.393750	565.6
71.397500	530.0
71.401250	583.5
71.405000	579.6
71.408750	583.3
71.412500	533.4
71.416250	567.6
71.420000	590.5
71.423750	591.6
71.427500	570.8
71.431250	558.4
71.435000	559.4
71.438750	541.7
71.442500	557.1
71.446250	548.7
71.450000	560.6
71.453750	567.0
71.457500	562.6
71.461250	524.3
71.465000	548.2
71.468750	522.9
71.472500	542.8
71.476250	547.0
71.480000	528.7
71.483750	548.5
71.487500	546.1
71.491250	526.8
71.495000	597.1
71.498750	547.0
71.502500	567.6
71.506250	573.2
71.510000	512.7
71.513750	511.6
71.517500	533.2
71.521250	551.5
71.525000	533.3
71.528750	477.8
71.532500	533.4
71.536250	570.7
71.540000	572.2
71.543750	502.8
71.547500	534.1
71.551250	502.1
71.555000	552.8
71.558750	583.6
71.562500	562.4
71.566250	557.6
71.570000	553.2
71.573750	521.3
71.577500	569.9
71.581250	573.1
71.585000	577.1
71.588750	523.8
71.592500	525.6
71.596250	588.9
71.600000	539.3
71.603750	536.6
71.607500	572.8
71.611250	545.5
71.615000	547.5
71.618750	572.1
71.622500	545.5
71.626250	577.3
71.630000	538.7
71.633750	502.5
71.637500	556.3
71.641250	528.1
71.645000	536.4
71.648750	547.5
71.652500	504.2
71.656250	523.8
71.660000	533.5
71.663750	572.5
71.667500	555.5
71.671250	579.0
71.675000	584.2
71.678750	592.9
71.682500	496.7
71.686250	547.2
71.690000	525.3
71.693750	555.9
71.697500	575.8
71.701250	561.1
71.705000	558.5
71.708750	510.5
71.712500	565.1
71.716250	545.3
71.720000	551.2
71.723750	584.0
71.727500	536.6
71.731250	514.6
71.735000	576.2
71.738750	566.9
71.742500	537.8
71.746250	558.7
71.750000	552.1
71.753750	519.6
71.757500	549.3
71.761250	568.1
71.765000	556.3
71.768750	565.4
71.772500	515.4
71.776250	578.8
71.780000	580.1
71.783750	569.8
71.787500	571.1
71.791250	578.5
71.795000	572.5
71.798750	585.1
71.802500	540.3
71.806250	563.7
71.810000	552.1
71.813750	572.9
71.817500	566.8
71.821250	570.5
71.825000	612.4
71.828750	541.3
71.832500	571.6
71.836250	612.5
71.840000	562.2
71.843750	552.4
71.847500	565.9
71.851250	541.8
71.855000	572.4
71.858750	573.3
71.862500	584.3
71.866250	563.0
71.870000	594.8
71.873750	590.2
71.877500	557.0
71.881250	592.0
71.885000	558.8
71.888750	553.5
71.892500	531.4
71.896250	580.7
71.900000	550.1
71.903750	545.5
71.907500	610.5
71.911250	550.2
71.915000	558.1
71.918750	566.8
71.922500	524.5
71.926250	568.4
71.930000	566.2
71.933750	559.4
71.937500	599.7
71.941250	546.6
71.945000	584.3
71.948750	564.9
71.952500	577.5
71.956250	558.2
71.960000	601.7
71.963750	561.9
71.967500	543.2
71.971250	591.1
71.975000	556.4
71.978750	563.8
71.982500	561.2
71.986250	569.3
71.990000	573.2
71.993750	541.9
71.997500	582.8
72.001250	584.8
72.005000	562.1
72.008750	530.4
72.012500	559.2
72.016250	622.6
72.020000	586.7
72.023750	519.6
72.027500	508.8
72.031250	545.2
72.035000	558.1
72.038750	579.0
72.042500	606.5
72.046250	569.9
72.050000	552.0
72.053750	584.9
72.057500	566.2
72.061250	532.8
72.065000	547.6
72.068750	565.0
72.072500	568.7
72.076250	592.3
72.080000	569.8
72.083750	564.3
72.087500	534.0
72.091250	535.0
72.095000	514.9
72.098750	576.4
72.102500	566.5
72.106250	542.8
72.110000	568.6
72.113750	550.7
72.117500	532.6
72.121250	555.0
72.125000	546.2
72.128750	560.5
72.132500	538.9
72.136250	507.5
72.140000	539.7
72.143750	576.3
72.147500	569.3
72.151250	526.0
72.155000	519.8
72.158750	547.6
72.162500	551.5
72.166250	523.3
72.170000	512.1
72.173750	545.7
72.177500	557.4
72.181250	574.6
72.185000	515.7
72.188750	523.0
72.192500	545.5
72.196250	523.2
72.200000	535.9
72.203750	569.8
72.207500	561.4
72.211250	527.3
72.215000	506.7
72.218750	538.0
72.222500	543.7
72.226250	518.5
72.230000	564.2
72.233750	543.5
72.237500	464.5
72.241250	485.4
72.245000	493.6
72.248750	511.8
72.252500	571.9
72.256250	518.5
72.260000	523.9
72.263750	513.5
72.267500	522.3
72.271250	525.8
72.275000	543.9
72.278750	540.9
72.282500	540.8
72.286250	545.4
72.290000	581.4
72.293750	572.8
72.297500	566.4
72.301250	543.5
72.305000	539.5
72.308750	553.6
72.312500	526.9
72.316250	541.2
72.320000	538.7
72.323750	500.6
72.327500	539.6
72.331250	545.6
72.335000	508.4
72.338750	584.8
72.342500	561.5
72.346250	541.1
72.350000	556.7
72.353750	546.2
72.357500	532.2
72.361250	515.3
72.365000	532.1
72.368750	540.9
72.372500	550.6
72.376250	512.9
72.380000	567.3
72.383750	559.3
72.387500	532.1
72.391250	546.8
72.395000	541.7
72.398750	525.5
72.402500	527.6
72.406250	522.9
72.410000	528.8
72.413750	534.2
72.417500	551.6
72.421250	507.7
72.425000	507.0
72.428750	553.0
72.432500	569.4
72.436250	571.8
72.440000	531.9
72.443750	519.1
72.447500	523.0
72.451250	528.0
72.455000	555.8
72.458750	518.6
72.462500	534.0
72.466250	525.5
72.470000	502.9
72.473750	526.0
72.477500	550.7
72.481250	538.3
72.485000	572.2
72.488750	513.2
72.492500	526.0
72.496250	554.5
72.500000	539.6
72.503750	528.7
72.507500	531.1
72.511250	534.8
72.515000	523.4
72.518750	554.4
72.522500	541.5
72.526250	477.9
72.530000	540.7
72.533750	512.0
72.537500	535.4
72.541250	562.2
72.545000	534.5
72.548750	518.2
72.552500	534.3
72.556250	494.3
72.560000	517.6
72.563750	556.2
72.567500	554.3
72.571250	537.4
72.575000	528.0
72.578750	544.7
72.582500	562.3
72.586250	550.1
72.590000	513.4
72.593750	536.8
72.597500	527.5
72.601250	529.7
72.605000	534.6
72.608750	518.7
72.612500	511.7
72.616250	519.1
72.620000	557.3
72.623750	519.6
72.627500	516.4
72.631250	556.3
72.635000	521.9
72.638750	539.7
72.642500	546.5
72.646250	529.3
72.650000	541.9
72.653750	529.8
72.657500	576.5
72.661250	578.7
72.665000	540.7
72.668750	542.1
72.672500	529.4
72.676250	517.3
72.680000	589.3
72.683750	581.0
72.687500	530.8
72.691250	556.9
72.695000	556.1
72.698750	507.5
72.702500	519.9
72.706250	551.8
72.710000	509.2
72.713750	497.6
72.717500	513.9
72.721250	552.8
72.725000	538.3
72.728750	546.3
72.732500	553.4
72.736250	572.2
72.740000	572.5
72.743750	517.5
72.747500	543.9
72.751250	558.0
72.755000	503.4
72.758750	546.8
72.762500	529.5
72.766250	595.4
72.770000	550.4
72.773750	543.3
72.777500	527.0
72.781250	528.5
72.785000	545.4
72.788750	538.6
72.792500	582.8
72.796250	564.0
72.800000	533.1
72.803750	517.3
72.807500	550.4
72.811250	525.2
72.815000	549.9
72.818750	519.4
72.822500	579.8
72.826250	565.8
72.830000	570.5
72.833750	541.3
72.837500	519.6
72.841250	501.3
72.845000	546.0
72.848750	553.2
72.852500	538.5
72.856250	523.9
72.860000	518.2
72.863750	518.5
72.867500	558.1
72.871250	523.8
72.875000	513.7
72.878750	515.2
72.882500	544.2
72.886250	519.9
72.890000	532.1
72.893750	526.7
72.897500	534.3
72.901250	544.4
72.905000	540.6
72.908750	549.3
72.912500	555.5
72.916250	555.0
72.920000	501.2
72.923750	518.1
72.927500	496.9
72.931250	540.1
72.935000	561.3
72.938750	524.2
72.942500	586.3
72.946250	567.9
72.950000	538.6
72.953750	551.4
72.957500	556.1
72.961250	530.2
72.965000	557.9
72.968750	528.3
72.972500	536.6
72.976250	552.5
72.980000	515.0
72.983750	533.6
72.987500	520.6
72.991250	551.7
72.995000	537.5
72.998750	543.9
73.002500	555.7
73.006250	535.9
73.010000	497.0
73.013750	531.6
73.017500	555.6
73.021250	553.9
73.025000	554.3
73.028750	556.2
73.032500	519.6
73.036250	504.5
73.040000	535.2
73.043750	523.0
73.047500	566.8
73.051250	513.8
73.055000	579.0
73.058750	498.1
73.062500	544.0
73.066250	557.5
73.070000	571.4
73.073750	535.0
73.077500	530.3
73.081250	540.5
73.085000	523.9
73.088750	571.0
73.092500	503.1
73.096250	585.7
73.100000	548.5
73.103750	556.3
73.107500	568.1
73.111250	579.3
73.115000	524.4
73.118750	527.1
73.122500	532.7
73.126250	524.2
73.130000	553.9
73.133750	541.5
73.137500	586.2
73.141250	570.9
73.145000	547.6
73.148750	539.7
73.152500	539.3
73.156250	586.3
73.160000	543.9
73.163750	568.8
73.167500	534.4
73.171250	531.1
73.175000	536.3
73.178750	549.4
73.182500	565.0
73.186250	606.5
73.190000	564.4
73.193750	552.7
73.197500	569.4
73.201250	552.0
73.205000	560.0
73.208750	562.2
73.212500	533.4
73.216250	544.9
73.220000	556.9
73.223750	553.6
73.227500	598.5
73.231250	582.3
73.235000	590.2
73.238750	569.0
73.242500	551.5
73.246250	579.6
73.250000	562.6
73.253750	563.7
73.257500	564.4
73.261250	565.7
73.265000	531.2
73.268750	543.3
73.272500	552.7
73.276250	548.2
73.280000	558.2
73.283750	530.8
73.287500	568.7
73.291250	560.6
73.295000	543.1
73.298750	515.5
73.302500	606.7
73.306250	621.0
73.310000	592.4
73.313750	580.5
73.317500	609.4
73.321250	616.9
73.325000	554.7
73.328750	572.3
73.332500	552.9
73.336250	565.6
73.340000	535.3
73.343750	575.2
73.347500	613.0
73.351250	599.7
73.355000	555.2
73.358750	560.6
73.362500	574.0
73.366250	579.6
73.370000	585.3
73.373750	544.2
73.377500	555.6
73.381250	636.5
73.385000	596.6
73.388750	562.6
73.392500	595.5
73.396250	618.8
73.400000	587.5
73.403750	574.8
73.407500	588.8
73.411250	598.1
73.415000	598.1
73.418750	636.4
73.422500	584.2
73.426250	554.6
73.430000	579.4
73.433750	600.5
73.437500	589.5
73.441250	604.8
73.445000	559.6
73.448750	593.7
73.452500	621.3
73.456250	568.4
73.460000	576.4
73.463750	570.0
73.467500	557.6
73.471250	578.2
73.475000	560.2
73.478750	584.4
73.482500	583.0
73.486250	555.9
73.490000	582.5
73.493750	547.0
73.497500	570.6
73.501250	609.6
73.505000	606.5
73.508750	614.2
73.512500	597.6
73.516250	529.1
73.520000	567.7
73.523750	571.4
73.527500	621.2
73.531250	575.5
73.535000	579.9
73.538750	550.1
73.542500	566.4
73.546250	569.8
73.550000	594.0
73.553750	612.2
73.557500	614.7
73.561250	603.1
73.565000	543.5
73.568750	595.1
73.572500	551.9
73.576250	529.9
73.580000	601.1
73.583750	537.6
73.587500	576.2
73.591250	588.4
73.595000	559.4
73.598750	584.9
73.602500	561.4
73.606250	535.7
73.610000	604.6
73.613750	620.2
73.617500	561.0
73.621250	551.9
73.625000	588.5
73.628750	604.8
73.632500	572.8
73.636250	593.5
73.640000	543.8
73.643750	564.4
73.647500	607.5
73.651250	545.6
73.655000	560.5
73.658750	574.2
73.662500	569.0
73.666250	551.9
73.670000	576.0
73.673750	567.7
73.677500	519.9
73.681250	550.0
73.685000	576.4
73.688750	538.7
73.692500	543.9
73.696250	555.1
73.700000	541.2
73.703750	576.3
73.707500	571.8
73.711250	524.3
73.715000	517.9
73.718750	542.6
73.722500	554.1
73.726250	566.1
73.730000	542.2
73.733750	566.5
73.737500	552.6
73.741250	546.1
73.745000	543.2
73.748750	533.0
73.752500	552.3
73.756250	571.6
73.760000	541.7
73.763750	593.5
73.767500	556.3
73.771250	525.6
73.775000	561.0
73.778750	557.7
73.782500	560.7
73.786250	528.2
73.790000	543.2
73.793750	488.9
73.797500	532.1
73.801250	568.1
73.805000	533.1
73.808750	502.0
73.812500	504.4
73.816250	561.0
73.820000	532.2
73.823750	514.2
73.827500	573.6
73.831250	532.9
73.835000	524.0
73.838750	560.3
73.842500	513.8
73.846250	524.8
73.850000	570.2
73.853750	507.9
73.857500	562.3
73.861250	562.7
73.865000	546.4
73.868750	547.2
73.872500	549.8
73.876250	534.4
73.880000	535.4
73.883750	566.3
73.887500	572.1
73.891250	561.0
73.895000	549.4
73.898750	525.3
73.902500	552.2
73.906250	567.3
73.910000	569.0
73.913750	523.7
73.917500	525.1
73.921250	530.9
73.925000	534.2
73.928750	537.6
73.932500	556.7
73.936250	538.5
73.940000	536.8
73.943750	555.1
73.947500	529.4
73.951250	555.4
73.955000	565.9
73.958750	522.9
73.962500	557.7
73.966250	548.9
73.970000	548.9
73.973750	545.1
73.977500	527.9
73.981250	559.8
73.985000	528.2
73.988750	558.4
73.992500	521.0
73.996250	554.7
74.000000	599.6
74.003750	594.5
74.007500	569.0
74.011250	540.1
74.015000	576.6
74.018750	596.1
74.022500	560.4
74.026250	532.1
74.030000	556.2
74.033750	614.8
74.037500	585.3
74.041250	611.2
74.045000	613.9
74.048750	537.2
74.052500	561.7
74.056250	607.7
74.060000	565.6
74.063750	565.3
74.067500	563.6
74.071250	599.8
74.075000	573.8
74.078750	590.2
74.082500	556.8
74.086250	566.4
74.090000	589.3
74.093750	589.4
74.097500	536.1
74.101250	590.0
74.105000	566.5
74.108750	551.4
74.112500	514.6
74.116250	567.4
74.120000	548.6
74.123750	589.7
74.127500	566.3
74.131250	555.9
74.135000	551.3
74.138750	556.9
74.142500	555.6
74.146250	541.5
74.150000	614.6
74.153750	584.6
74.157500	552.3
74.161250	534.8
74.165000	560.6
74.168750	552.8
74.172500	584.6
74.176250	565.9
74.180000	526.0
74.183750	561.2
74.187500	536.2
74.191250	546.4
74.195000	589.5
74.198750	562.4
74.202500	570.7
74.206250	564.8
74.210000	529.7
74.213750	556.4
74.217500	575.4
74.221250	615.7
74.225000	554.3
74.228750	561.1
74.232500	600.7
74.236250	594.6
74.240000	581.4
74.243750	559.9
74.247500	566.7
74.251250	578.7
74.255000	541.9
74.258750	566.4
74.262500	587.1
74.266250	537.5
74.270000	593.5
74.273750	581.1
74.277500	525.9
74.281250	600.5
74.285000	596.4
74.288750	539.5
74.292500	571.0
74.296250	612.8
74.300000	564.1
74.303750	530.1
74.307500	552.8
74.311250	610.8
74.315000	576.7
74.318750	583.2
74.322500	559.3
74.326250	547.6
74.330000	571.2
74.333750	565.2
74.337500	612.9
74.341250	576.9
74.345000	534.1
74.348750	543.2
74.352500	535.0
74.356250	545.0
74.360000	552.5
74.363750	536.7
74.367500	536.4
74.371250	561.5
74.375000	596.4
74.378750	544.9
74.382500	536.1
74.386250	551.7
74.390000	549.5
74.393750	547.2
74.397500	531.9
74.401250	548.7
74.405000	541.7
74.408750	581.7
74.412500	523.3
74.416250	613.4
74.420000	523.3
74.423750	551.4
74.427500	519.4
74.431250	536.7
74.435000	613.7
74.438750	559.8
74.442500	599.3
74.446250	557.7
74.450000	569.8
74.453750	549.1
74.457500	553.1
74.461250	562.6
74.465000	548.9
74.468750	568.5
74.472500	561.2
74.476250	548.6
74.480000	545.6
74.483750	555.2
74.487500	526.5
74.491250	538.4
74.495000	526.4
74.498750	517.0
74.502500	532.9
74.506250	499.4
74.510000	493.6
74.513750	531.2
74.517500	562.2
74.521250	513.5
74.525000	568.9
74.528750	516.9
74.532500	556.0
74.536250	512.3
74.540000	535.7
74.543750	524.2
74.547500	523.9
74.551250	537.1
74.555000	513.3
74.558750	533.1
74.562500	520.4
74.566250	541.7
74.570000	527.6
74.573750	500.8
74.577500	535.6
74.581250	539.5
74.585000	565.5
74.588750	532.1
74.592500	539.5
74.596250	548.4
74.600000	539.0
74.603750	559.8
74.607500	574.9
74.611250	527.2
74.615000	532.3
74.618750	548.5
74.622500	528.8
74.626250	537.9
74.630000	535.7
74.633750	541.3
74.637500	523.7
74.641250	543.5
74.645000	554.8
74.648750	555.8
74.652500	533.8
74.656250	551.7
74.660000	553.2
74.663750	510.3
74.667500	537.0
74.671250	477.2
74.675000	515.9
74.678750	546.5
74.682500	532.2
74.686250	565.8
74.690000	541.2
74.693750	521.7
74.697500	560.8
74.701250	529.8
74.705000	518.4
74.708750	582.9
74.712500	530.6
74.716250	525.6
74.720000	554.3
74.723750	536.6
74.727500	534.4
74.731250	560.3
74.735000	516.8
74.738750	564.5
74.742500	564.7
74.746250	531.0
74.750000	512.3
74.753750	490.5
74.757500	520.8
74.761250	525.2
74.765000	532.8
74.768750	530.1
74.772500	536.2
74.776250	548.7
74.780000	505.7
74.783750	577.8
74.787500	564.1
74.791250	496.6
74.795000	510.3
74.798750	525.5
74.802500	528.3
74.806250	515.9
74.810000	531.2
74.813750	538.8
74.817500	564.3
74.821250	532.1
74.825000	500.1
74.828750	524.8
74.832500	513.8
74.836250	523.8
74.840000	580.4
74.843750	534.2
74.847500	542.6
74.851250	552.7
74.855000	527.0
74.858750	538.8
74.862500	568.0
74.866250	581.1
74.870000	571.0
74.873750	524.0
74.877500	529.3
74.881250	523.1
74.885000	533.0
74.888750	532.1
74.892500	534.3
74.896250	544.5
74.900000	521.8
74.903750	567.2
74.907500	544.3
74.911250	558.7
74.915000	548.2
74.918750	562.4
74.922500	539.2
74.926250	543.7
74.930000	567.0
74.933750	572.2
74.937500	569.3
74.941250	556.8
74.945000	537.3
74.948750	553.1
74.952500	549.4
74.956250	578.6
74.960000	517.5
74.963750	551.9
74.967500	524.8
74.971250	537.8
74.975000	549.7
74.978750	532.6
74.982500	528.4
74.986250	519.4
74.990000	547.4
74.993750	555.9
74.997500	557.5
75.001250	564.0
75.005000	534.8
75.008750	525.1
75.012500	533.5
75.016250	547.4
75.020000	569.9
75.023750	542.4
75.027500	546.6
75.031250	537.2
75.035000	547.4
75.038750	543.5
75.042500	572.4
75.046250	524.1
75.050000	571.2
75.053750	558.9
75.057500	542.5
75.061250	579.5
75.065000	517.8
75.068750	539.7
75.072500	615.4
75.076250	566.8
75.080000	552.6
75.083750	544.5
75.087500	545.8
75.091250	517.5
75.095000	569.8
75.098750	556.5
75.102500	570.8
75.106250	586.5
75.110000	539.7
75.113750	525.9
75.117500	564.3
75.121250	534.8
75.125000	555.0
75.128750	570.1
75.132500	558.5
75.136250	547.2
75.140000	538.4
75.143750	545.2
75.147500	531.0
75.151250	563.6
75.155000	577.4
75.158750	547.3
75.162500	548.6
75.166250	535.4
75.170000	545.9
75.173750	599.7
75.177500	590.7
75.181250	523.4
75.185000	553.8
75.188750	558.3
75.192500	558.7
75.196250	569.2
75.200000	520.1
75.203750	518.5
75.207500	557.6
75.211250	613.0
75.215000	567.0
75.218750	526.9
75.222500	533.2
75.226250	578.3
75.230000	551.6
75.233750	552.0
75.237500	563.7
75.241250	548.2
75.245000	587.9
75.248750	582.3
75.252500	611.0
75.256250	611.7
75.260000	618.1
75.263750	627.5
75.267500	617.5
75.271250	622.0
75.275000	689.1
75.278750	702.2
75.282500	710.4
75.286250	729.6
75.290000	700.5
75.293750	800.5
75.297500	764.8
75.301250	805.9
75.305000	808.9
75.308750	838.9
75.312500	849.4
75.316250	859.4
75.320000	881.4
75.323750	886.8
75.327500	881.3
75.331250	831.6
75.335000	867.8
75.338750	835.5
75.342500	802.0
75.346250	804.3
75.350000	791.8
75.353750	772.8
75.357500	792.2
75.361250	702.0
75.365000	690.9
75.368750	662.3
75.372500	649.3
75.376250	613.5
75.380000	636.4
75.383750	595.1
75.387500	614.1
75.391250	572.0
75.395000	575.5
75.398750	597.1
75.402500	563.6
75.406250	544.6
75.410000	545.1
75.413750	588.1
75.417500	563.9
75.421250	547.6
75.425000	603.1
75.428750	571.8
75.432500	551.3
75.436250	548.6
75.440000	504.5
75.443750	550.6
75.447500	507.9
75.451250	514.0
75.455000	549.3
75.458750	532.7
75.462500	498.3
75.466250	544.6
75.470000	530.0
75.473750	506.2
75.477500	539.9
75.481250	539.3
75.485000	547.1
75.488750	556.7
75.492500	544.6
75.496250	523.5
75.500000	491.2
75.503750	500.8
75.507500	537.4
75.511250	547.0
75.515000	555.7
75.518750	524.4
75.522500	474.6
75.526250	520.4
75.530000	557.0
75.533750	520.3
75.537500	595.2
75.541250	526.0
75.545000	576.5
75.548750	541.0
75.552500	553.3
75.556250	462.7
75.560000	500.9
75.563750	527.8
75.567500	527.1
75.571250	526.9
75.575000	488.3
75.578750	506.3
75.582500	467.8
75.586250	552.2
75.590000	543.0
75.593750	542.9
75.597500	563.9
75.601250	509.4
75.605000	513.3
75.608750	487.2
75.612500	546.0
75.616250	542.7
75.620000	503.3
75.623750	507.5
75.627500	576.2
75.631250	476.4
75.635000	535.0
75.638750	543.1
75.642500	502.7
75.646250	472.5
75.650000	507.2
75.653750	511.6
75.657500	539.0
75.661250	520.0
75.665000	500.6
75.668750	526.7
75.672500	502.1
75.676250	555.4
75.680000	544.2
75.683750	514.3
75.687500	499.8
75.691250	530.5
75.695000	495.8
75.698750	540.1
75.702500	516.7
75.706250	505.8
75.710000	582.9
75.713750	539.5
75.717500	540.2
75.721250	485.1
75.725000	532.7
75.728750	520.7
75.732500	477.7
75.736250	529.7
75.740000	522.9
75.743750	550.2
75.747500	485.2
75.751250	551.3
75.755000	568.5
75.758750	575.1
75.762500	545.5
75.766250	491.3
75.770000	525.4
75.773750	502.4
75.777500	524.2
75.781250	538.7
75.785000	546.5
75.788750	539.3
75.792500	529.5
75.796250	570.6
75.800000	535.2
75.803750	528.9
75.807500	527.3
75.811250	538.4
75.815000	547.0
75.818750	579.8
75.822500	589.5
75.826250	543.0
75.830000	530.9
75.833750	554.3
75.837500	557.8
75.841250	564.2
75.845000	489.1
75.848750	523.7
75.852500	508.8
75.856250	554.3
75.860000	510.6
75.863750	588.7
75.867500	581.7
75.871250	542.7
75.875000	552.6
75.878750	544.4
75.882500	551.7
75.886250	569.8
75.890000	528.5
75.893750	587.6
75.897500	552.7
75.901250	548.4
75.905000	584.9
75.908750	568.6
75.912500	581.1
75.916250	569.5
75.920000	513.3
75.923750	524.2
75.927500	574.2
75.931250	530.2
75.935000	537.2
75.938750	545.9
75.942500	550.4
75.946250	539.7
75.950000	497.7
75.953750	511.5
75.957500	562.2
75.961250	552.3
75.965000	566.7
75.968750	553.0
75.972500	547.3
75.976250	525.8
75.980000	511.5
75.983750	502.6
75.987500	558.9
75.991250	541.4
75.995000	508.9
75.998750	502.3
76.002500	441.3
76.006250	539.3
76.010000	544.1
76.013750	543.5
76.017500	513.3
76.021250	573.3
76.025000	490.3
76.028750	519.0
76.032500	480.6
76.036250	490.5
76.040000	549.2
76.043750	535.1
76.047500	568.7
76.051250	482.1
76.055000	456.9
76.058750	530.8
76.062500	503.2
76.066250	534.5
76.070000	577.1
76.073750	583.7
76.077500	478.2
76.081250	513.4
76.085000	533.7
76.088750	490.4
76.092500	540.0
76.096250	524.1
76.100000	537.0
76.103750	542.5
76.107500	534.1
76.111250	608.6
76.115000	578.1
76.118750	511.8
76.122500	510.8
76.126250	528.9
76.130000	519.4
76.133750	595.4
76.137500	550.7
76.141250	524.1
76.145000	512.1
76.148750	493.1
76.152500	476.0
76.156250	548.4
76.160000	544.8
76.163750	553.6
76.167500	543.7
76.171250	554.2
76.175000	558.1
76.178750	526.2
76.182500	508.2
76.186250	546.0
76.190000	537.2
76.193750	549.7
76.197500	531.0
76.201250	492.6
76.205000	507.0
76.208750	551.4
76.212500	525.1
76.216250	510.4
76.220000	495.1
76.223750	547.0
76.227500	519.9
76.231250	515.5
76.235000	569.3
76.238750	541.7
76.242500	548.4
76.246250	532.2
76.250000	511.9
76.253750	535.4
76.257500	554.4
76.261250	551.7
76.265000	514.7
76.268750	521.7
76.272500	507.0
76.276250	551.3
76.280000	550.5
76.283750	565.4
76.287500	521.6
76.291250	525.6
76.295000	519.9
76.298750	520.0
76.302500	566.2
76.306250	537.6
76.310000	489.5
76.313750	520.3
76.317500	532.7
76.321250	554.6
76.325000	571.0
76.328750	529.7
76.332500	523.8
76.336250	536.6
76.340000	540.5
76.343750	498.0
76.347500	540.0
76.351250	548.3
76.355000	529.7
76.358750	555.9
76.362500	544.5
76.366250	522.1
76.370000	509.7
76.373750	523.9
76.377500	527.1
76.381250	555.2
76.385000	503.8
76.388750	531.0
76.392500	548.4
76.396250	507.0
76.400000	518.8
76.403750	527.6
76.407500	564.8
76.411250	525.1
76.415000	507.3
76.418750	535.4
76.422500	545.6
76.426250	501.2
76.430000	548.8
76.433750	575.6
76.437500	566.6
76.441250	541.1
76.445000	572.6
76.448750	528.1
76.452500	521.3
76.456250	529.8
76.460000	531.0
76.463750	504.2
76.467500	551.6
76.471250	579.0
76.475000	543.8
76.478750	494.4
76.482500	525.9
76.486250	509.8
76.490000	537.3
76.493750	526.6
76.497500	509.7
76.501250	536.2
76.505000	554.3
76.508750	566.8
76.512500	515.0
76.516250	540.0
76.520000	503.3
76.523750	532.4
76.527500	501.0
76.531250	530.1
76.535000	550.3
76.538750	526.4
76.542500	567.3
76.546250	538.1
76.550000	550.5
76.553750	569.8
76.557500	554.2
76.561250	540.6
76.565000	534.0
76.568750	524.0
76.572500	508.7
76.576250	512.2
76.580000	550.0
76.583750	541.9
76.587500	538.8
76.591250	526.0
76.595000	574.1
76.598750	553.8
76.602500	541.0
76.606250	514.4
76.610000	485.2
76.613750	522.1
76.617500	525.6
76.621250	475.6
76.625000	536.3
76.628750	505.1
76.632500	571.7
76.636250	551.2
76.640000	535.4
76.643750	541.6
76.647500	545.7
76.651250	525.7
76.655000	519.7
76.658750	559.5
76.662500	565.3
76.666250	517.9
76.670000	529.8
76.673750	500.4
76.677500	515.7
76.681250	539.4
76.685000	539.5
76.688750	548.7
76.692500	518.0
76.696250	533.3
76.700000	531.8
76.703750	537.3
76.707500	539.9
76.711250	534.2
76.715000	535.4
76.718750	532.0
76.722500	578.8
76.726250	551.1
76.730000	541.8
76.733750	533.3
76.737500	574.7
76.741250	531.3
76.745000	554.4
76.748750	563.6
76.752500	561.4
76.756250	502.2
76.760000	533.7
76.763750	526.0
76.767500	525.5
76.771250	521.2
76.775000	506.4
76.778750	505.7
76.782500	570.0
76.786250	577.8
76.790000	551.1
76.793750	536.0
76.797500	543.2
76.801250	508.6
76.805000	516.0
76.808750	512.6
76.812500	471.8
76.816250	539.2
76.820000	527.6
76.823750	514.3
76.827500	504.2
76.831250	513.5
76.835000	562.0
76.838750	530.9
76.842500	515.6
76.846250	527.0
76.850000	521.7
76.853750	532.8
76.857500	557.7
76.861250	504.4
76.865000	495.7
76.868750	515.0
76.872500	530.6
76.876250	460.5
76.880000	510.4
76.883750	537.6
76.887500	527.6
76.891250	497.6
76.895000	538.9
76.898750	546.3
76.902500	512.3
76.906250	518.4
76.910000	535.0
76.913750	518.1
76.917500	541.9
76.921250	528.4
76.925000	520.2
76.928750	492.6
76.932500	571.1
76.936250	515.8
76.940000	546.9
76.943750	536.7
76.947500	517.4
76.951250	527.4
76.955000	548.2
76.958750	531.8
76.962500	502.3
76.966250	526.3
76.970000	542.7
76.973750	536.8
76.977500	539.3
76.981250	510.5
76.985000	533.2
76.988750	557.0
76.992500	507.4
76.996250	512.6
77.000000	515.3
77.003750	490.1
77.007500	498.0
77.011250	489.1
77.015000	497.7
77.018750	508.2
77.022500	511.5
77.026250	527.6
77.030000	536.3
77.033750	546.9
77.037500	553.2
77.041250	540.8
77.045000	506.6
77.048750	528.7
77.052500	542.6
77.056250	484.3
77.060000	535.2
77.063750	500.7
77.067500	527.7
77.071250	525.0
77.075000	541.8
77.078750	540.2
77.082500	556.5
77.086250	474.0
77.090000	513.0
77.093750	532.0
77.097500	518.0
77.101250	528.0
77.105000	557.0
77.108750	535.1
77.112500	540.3
77.116250	518.5
77.120000	513.8
77.123750	522.3
77.127500	521.4
77.131250	514.4
77.135000	510.2
77.138750	462.3
77.142500	519.0
77.146250	566.8
77.150000	483.4
77.153750	552.9
77.157500	523.5
77.161250	509.3
77.165000	522.5
77.168750	490.1
77.172500	524.3
77.176250	546.7
77.180000	540.9
77.183750	530.8
77.187500	536.4
77.191250	501.5
77.195000	532.0
77.198750	548.6
77.202500	536.0
77.206250	552.0
77.210000	517.6
77.213750	516.7
77.217500	516.9
77.221250	539.9
77.225000	522.1
77.228750	515.7
77.232500	541.7
77.236250	522.6
77.240000	534.2
77.243750	570.8
77.247500	540.5
77.251250	510.0
77.255000	505.5
77.258750	546.6
77.262500	508.3
77.266250	516.5
77.270000	520.7
77.273750	515.6
77.277500	531.0
77.281250	546.8
77.285000	517.1
77.288750	497.1
77.292500	512.0
77.296250	570.7
77.300000	560.7
77.303750	490.9
77.307500	507.2
77.311250	515.5
77.315000	536.3
77.318750	525.1
77.322500	545.1
77.326250	513.2
77.330000	510.1
77.333750	514.3
77.337500	539.9
77.341250	530.9
77.345000	495.4
77.348750	553.0
77.352500	524.7
77.356250	507.6
77.360000	504.2
77.363750	510.3
77.367500	491.9
77.371250	544.7
77.375000	475.7
77.378750	499.1
77.382500	504.5
77.386250	518.3
77.390000	515.1
77.393750	509.8
77.397500	543.8
77.401250	506.1
77.405000	522.1
77.408750	530.4
77.412500	514.0
77.416250	559.5
77.420000	549.4
77.423750	542.6
77.427500	522.4
77.431250	545.7
77.435000	548.0
77.438750	541.6
77.442500	568.6
77.446250	516.7
77.450000	521.6
77.453750	563.4
77.457500	538.1
77.461250	495.6
77.465000	526.3
77.468750	462.7
77.472500	520.3
77.476250	482.4
77.480000	550.4
77.483750	529.6
77.487500	532.9
77.491250	546.6
77.495000	551.7
77.498750	495.0
77.502500	522.7
77.506250	494.5
77.510000	541.4
77.513750	517.6
77.517500	522.3
77.521250	543.5
77.525000	551.1
77.528750	550.6
77.532500	571.7
77.536250	555.4
77.540000	510.8
77.543750	553.4
77.547500	561.5
77.551250	500.1
77.555000	527.2
77.558750	565.3
77.562500	552.3
77.566250	518.2
77.570000	534.9
77.573750	538.2
77.577500	515.2
77.581250	581.2
77.585000	566.4
77.588750	550.9
77.592500	534.3
77.596250	546.8
77.600000	544.4
77.603750	527.7
77.607500	539.3
77.611250	492.3
77.615000	512.5
77.618750	567.6
77.622500	553.9
77.626250	545.2
77.630000	515.9
77.633750	553.5
77.637500	584.6
77.641250	531.4
77.645000	488.5
77.648750	550.9
77.652500	521.8
77.656250	549.3
77.660000	550.1
77.663750	552.6
77.667500	551.5
77.671250	525.1
77.675000	576.7
77.678750	525.0
77.682500	496.3
77.686250	524.6
77.690000	551.2
77.693750	520.1
77.697500	579.2
77.701250	539.5
77.705000	522.9
77.708750	567.7
77.712500	490.8
77.716250	524.7
77.720000	520.4
77.723750	545.7
77.727500	502.5
77.731250	500.1
77.735000	535.8
77.738750	528.2
77.742500	571.5
77.746250	549.8
77.750000	532.9
77.753750	537.5
77.757500	545.5
77.761250	558.0
77.765000	523.3
77.768750	545.2
77.772500	554.5
77.776250	551.9
77.780000	550.8
77.783750	566.8
77.787500	503.4
77.791250	567.4
77.795000	533.9
77.798750	513.2
77.802500	544.2
77.806250	543.0
77.810000	522.0
77.813750	533.8
77.817500	532.8
77.821250	527.3
77.825000	532.4
77.828750	526.7
77.832500	546.0
77.836250	539.2
77.840000	561.1
77.843750	554.4
77.847500	523.5
77.851250	573.7
77.855000	541.3
77.858750	542.8
77.862500	545.4
77.866250	572.1
77.870000	544.4
77.873750	549.2
77.877500	537.8
77.881250	527.8
77.885000	574.5
77.888750	549.6
77.892500	549.8
77.896250	550.6
77.900000	563.8
77.903750	539.6
77.907500	545.4
77.911250	536.4
77.915000	521.7
77.918750	568.4
77.922500	567.4
77.926250	554.9
77.930000	539.8
77.933750	558.3
77.937500	577.2
77.941250	504.1
77.945000	522.4
77.948750	554.9
77.952500	568.5
77.956250	535.0
77.960000	519.7
77.963750	542.6
77.967500	517.3
77.971250	522.7
77.975000	547.1
77.978750	553.1
77.982500	527.7
77.986250	513.5
77.990000	524.8
77.993750	531.5
77.997500	553.8
78.001250	536.9
78.005000	539.8
78.008750	557.6
78.012500	555.7
78.016250	506.5
78.020000	543.5
78.023750	555.4
78.027500	504.4
78.031250	556.1
78.035000	578.6
78.038750	543.7
78.042500	548.1
78.046250	513.2
78.050000	529.9
78.053750	534.0
78.057500	531.6
78.061250	554.1
78.065000	545.2
78.068750	567.4
78.072500	503.2
78.076250	524.4
78.080000	550.1
78.083750	538.3
78.087500	549.5
78.091250	540.9
78.095000	545.4
78.098750	553.9
78.102500	549.2
78.106250	532.9
78.110000	557.0
78.113750	532.7
78.117500	488.7
78.121250	544.7
78.125000	555.4
78.128750	509.4
78.132500	537.2
78.136250	540.9
78.140000	506.4
78.143750	527.6
78.147500	549.0
78.151250	551.0
78.155000	534.2
78.158750	501.3
78.162500	530.1
78.166250	524.4
78.170000	574.7
78.173750	549.5
78.177500	567.7
78.181250	571.7
78.185000	556.7
78.188750	558.7
78.192500	557.8
78.196250	545.5
78.200000	552.0
78.203750	540.0
78.207500	529.4
78.211250	559.9
78.215000	541.5
78.218750	578.5
78.222500	549.4
78.226250	533.2
78.230000	555.2
78.233750	598.6
78.237500	552.9
78.241250	534.2
78.245000	554.0
78.248750	609.4
78.252500	526.8
78.256250	545.7
78.260000	551.9
78.263750	522.4
78.267500	549.9
78.271250	540.3
78.275000	515.6
78.278750	557.9
78.282500	555.9
78.286250	588.7
78.290000	539.0
78.293750	512.1
78.297500	577.8
78.301250	520.7
78.305000	544.9
78.308750	573.3
78.312500	512.4
78.316250	517.9
78.320000	496.8
78.323750	519.8
78.327500	531.3
78.331250	521.4
78.335000	527.3
78.338750	539.5
78.342500	541.9
78.346250	513.7
78.350000	549.9
78.353750	523.3
78.357500	551.5
78.361250	523.8
78.365000	515.2
78.368750	531.1
78.372500	512.7
78.376250	525.2
78.380000	524.4
78.383750	591.4
78.387500	542.0
78.391250	543.4
78.395000	540.7
78.398750	520.3
78.402500	483.3
78.406250	509.9
78.410000	523.7
78.413750	506.1
78.417500	500.8
78.421250	524.3
78.425000	522.6
78.428750	510.2
78.432500	523.7
78.436250	525.4
78.440000	517.5
78.443750	554.5
78.447500	483.5
78.451250	537.3
78.455000	557.9
78.458750	543.3
78.462500	520.5
78.466250	522.3
78.470000	494.0
78.473750	529.4
78.477500	550.2
78.481250	492.5
78.485000	551.6
78.488750	544.4
78.492500	507.2
78.496250	536.9
78.500000	531.1
78.503750	526.8
78.507500	515.8
78.511250	559.0
78.515000	551.1
78.518750	536.8
78.522500	543.2
78.526250	530.9
78.530000	527.2
78.533750	524.4
78.537500	520.4
78.541250	540.0
78.545000	514.8
78.548750	563.8
78.552500	538.4
78.556250	524.6
78.560000	506.4
78.563750	525.3
78.567500	520.8
78.571250	503.7
78.575000	557.6
78.578750	558.5
78.582500	524.1
78.586250	528.0
78.590000	524.9
78.593750	555.1
78.597500	519.7
78.601250	549.4
78.605000	511.3
78.608750	534.4
78.612500	497.0
78.616250	477.1
78.620000	522.4
78.623750	563.9
78.627500	567.3
78.631250	561.2
78.635000	517.5
78.638750	515.3
78.642500	549.8
78.646250	554.2
78.650000	516.4
78.653750	503.8
78.657500	543.5
78.661250	523.2
78.665000	537.7
78.668750	576.5
78.672500	525.1
78.676250	528.6
78.680000	509.4
78.683750	547.7
78.687500	530.0
78.691250	552.0
78.695000	512.7
78.698750	534.5
78.702500	522.4
78.706250	569.7
78.710000	520.5
78.713750	547.6
78.717500	536.7
78.721250	549.3
78.725000	510.7
78.728750	506.8
78.732500	543.9
78.736250	534.3
78.740000	528.5
78.743750	511.5
78.747500	522.5
78.751250	536.0
78.755000	541.9
78.758750	514.8
78.762500	566.1
78.766250	558.3
78.770000	521.0
78.773750	552.2
78.777500	517.9
78.781250	522.6
78.785000	545.5
78.788750	551.7
78.792500	521.2
78.796250	536.2
78.800000	531.6
78.803750	530.4
78.807500	514.5
78.811250	468.2
78.815000	525.8
78.818750	525.3
78.822500	521.8
78.826250	555.4
78.830000	538.0
78.833750	507.7
78.837500	541.5
78.841250	532.5
78.845000	518.9
78.848750	499.5
78.852500	518.1
78.856250	542.3
78.860000	519.1
78.863750	500.6
78.867500	503.5
78.871250	505.9
78.875000	520.0
78.878750	532.9
78.882500	533.8
78.886250	540.1
78.890000	559.6
78.893750	524.3
78.897500	535.2
78.901250	566.2
78.905000	540.5
78.908750	528.4
78.912500	547.1
78.916250	511.7
78.920000	514.6
78.923750	514.3
78.927500	508.8
78.931250	530.4
78.935000	553.3
78.938750	507.7
78.942500	513.4
78.946250	549.9
78.950000	561.1
78.953750	555.6
78.957500	532.4
78.961250	544.7
78.965000	532.6
78.968750	530.6
78.972500	482.2
78.976250	507.4
78.980000	504.4
78.983750	472.8
78.987500	524.5
78.991250	521.7
78.995000	541.8
78.998750	532.7
79.002500	514.9
79.006250	547.8
79.010000	521.6
79.013750	516.5
79.017500	495.4
79.021250	491.6
79.025000	530.7
79.028750	519.6
79.032500	517.3
79.036250	543.8
79.040000	504.9
79.043750	532.6
79.047500	521.0
79.051250	535.9
79.055000	505.7
79.058750	504.1
79.062500	546.5
79.066250	521.9
79.070000	528.7
79.073750	546.3
79.077500	505.4
79.081250	512.3
79.085000	524.4
79.088750	523.6
79.092500	529.1
79.096250	519.6
79.100000	519.5
79.103750	500.0
79.107500	532.7
79.111250	529.5
79.115000	510.4
79.118750	580.1
79.122500	526.9
79.126250	542.5
79.130000	545.0
79.133750	540.9
79.137500	497.2
79.141250	515.1
79.145000	526.1
79.148750	524.8
79.152500	555.9
79.156250	533.7
79.160000	570.3
79.163750	559.2
79.167500	503.1
79.171250	527.9
79.175000	519.4
79.178750	541.0
79.182500	548.5
79.186250	552.3
79.190000	529.0
79.193750	502.8
79.197500	516.6
79.201250	532.0
79.205000	519.1
79.208750	523.1
79.212500	550.8
79.216250	538.5
79.220000	528.6
79.223750	543.0
79.227500	521.1
79.231250	534.4
79.235000	533.0
79.238750	522.1
79.242500	500.8
79.246250	516.8
79.250000	520.5
79.253750	470.3
79.257500	539.7
79.261250	542.8
79.265000	518.5
79.268750	536.0
79.272500	499.5
79.276250	511.4
79.280000	509.3
79.283750	534.2
79.287500	559.9
79.291250	523.1
79.295000	535.4
79.298750	562.0
79.302500	550.1
79.306250	534.7
79.310000	555.6
79.313750	519.7
79.317500	482.2
79.321250	535.0
79.325000	519.2
79.328750	508.0
79.332500	569.7
79.336250	568.1
79.340000	505.8
79.343750	543.1
79.347500	549.9
79.351250	527.1
79.355000	550.5
79.358750	508.0
79.362500	539.2
79.366250	517.7
79.370000	527.8
79.373750	540.1
79.377500	537.8
79.381250	524.5
79.385000	520.6
79.388750	584.7
79.392500	545.4
79.396250	525.3
79.400000	534.3
79.403750	537.2
79.407500	521.8
79.411250	499.6
79.415000	520.0
79.418750	507.7
79.422500	514.1
79.426250	523.3
79.430000	528.8
79.433750	565.3
79.437500	523.5
79.441250	523.2
79.445000	516.2
79.448750	522.0
79.452500	507.8
79.456250	519.7
79.460000	502.7
79.463750	518.4
79.467500	539.2
79.471250	541.3
79.475000	562.1
79.478750	517.3
79.482500	490.2
79.486250	475.8
79.490000	517.6
79.493750	540.2
79.497500	548.7
79.501250	537.0
79.505000	556.5
79.508750	526.4
79.512500	512.3
79.516250	486.5
79.520000	498.0
79.523750	551.7
79.527500	543.6
79.531250	551.7
79.535000	529.4
79.538750	524.2
79.542500	535.8
79.546250	545.6
79.550000	520.2
79.553750	543.1
79.557500	538.7
79.561250	488.1
79.565000	529.1
79.568750	541.6
79.572500	513.5
79.576250	552.2
79.580000	535.7
79.583750	515.3
79.587500	523.4
79.591250	531.0
79.595000	541.7
79.598750	510.2
79.602500	563.9
79.606250	534.3
79.610000	540.7
79.613750	542.3
79.617500	565.7
79.621250	565.3
79.625000	491.4
79.628750	503.4
79.632500	526.9
79.636250	545.3
79.640000	531.1
79.643750	537.2
79.647500	537.6
79.651250	526.2
79.655000	536.3
79.658750	550.7
79.662500	534.5
79.666250	525.3
79.670000	512.9
79.673750	510.2
79.677500	532.2
79.681250	504.0
79.685000	503.8
79.688750	524.0
79.692500	556.7
79.696250	526.5
79.700000	534.9
79.703750	540.4
79.707500	527.0
79.711250	524.8
79.715000	546.0
79.718750	561.5
79.722500	562.8
79.726250	541.0
79.730000	527.2
79.733750	556.1
79.737500	556.4
79.741250	527.8
79.745000	536.6
79.748750	554.9
79.752500	511.0
79.756250	530.5
79.760000	532.8
79.763750	519.5
79.767500	539.2
79.771250	498.1
79.775000	490.3
79.778750	509.9
79.782500	507.0
79.786250	492.7
79.790000	483.1
79.793750	503.0
79.797500	531.9
79.801250	515.5
79.805000	565.3
79.808750	591.0
79.812500	562.0
79.816250	491.6
79.820000	514.0
79.823750	517.7
79.827500	537.7
79.831250	523.4
79.835000	524.3
79.838750	508.5
79.842500	499.1
79.846250	539.1
79.850000	504.9
79.853750	503.2
79.857500	529.1
79.861250	556.4
79.865000	540.0
79.868750	510.8
79.872500	535.7
79.876250	557.9
79.880000	535.1
79.883750	519.3
79.887500	536.1
79.891250	486.1
79.895000	531.1
79.898750	522.9
79.902500	515.8
79.906250	536.8
79.910000	540.5
79.913750	522.9
79.917500	557.5
79.921250	579.6
79.925000	548.1
79.928750	507.9
79.932500	497.8
79.936250	544.3
79.940000	510.7
79.943750	492.4
79.947500	519.0
79.951250	516.6
79.955000	529.9
79.958750	527.3
79.962500	520.0
79.966250	555.0
79.970000	539.8
79.973750	525.5
79.977500	552.9
79.981250	569.9
79.985000	569.1
79.988750	525.1
79.992500	524.8
79.996250	533.7
80.000000	536.6
