2.000000	423.3
2.003750	434.7
2.007500	433.3
2.011250	448.8
2.015000	472.6
2.018750	428.7
2.022500	437.6
2.026250	479.8
2.030000	416.0
2.033750	463.2
2.037500	488.3
2.041250	481.6
2.045000	465.3
2.048750	446.1
2.052500	439.5
2.056250	447.8
2.060000	465.9
2.063750	500.0
2.067500	468.2
2.071250	445.1
2.075000	460.5
2.078750	463.8
2.082500	485.8
2.086250	502.1
2.090000	440.8
2.093750	469.4
2.097500	483.9
2.101250	496.1
2.105000	477.1
2.108750	463.7
2.112500	443.7
2.116250	482.9
2.120000	479.1
2.123750	496.4
2.127500	489.3
2.131250	474.9
2.135000	507.3
2.138750	514.0
2.142500	476.5
2.146250	461.0
2.150000	460.5
2.153750	501.3
2.157500	542.0
2.161250	506.0
2.165000	510.8
2.168750	502.9
2.172500	523.5
2.176250	524.6
2.180000	510.8
2.183750	515.7
2.187500	510.4
2.191250	490.7
2.195000	475.5
2.198750	477.9
2.202500	486.5
2.206250	516.9
2.210000	517.0
2.213750	493.3
2.217500	488.3
2.221250	512.2
2.225000	483.5
2.228750	547.5
2.232500	543.3
2.236250	483.1
2.240000	507.7
2.243750	506.9
2.247500	530.6
2.251250	496.1
2.255000	528.7
2.258750	484.8
2.262500	529.9
2.266250	515.0
2.270000	528.4
2.273750	538.8
2.277500	532.1
2.281250	547.2
2.285000	572.0
2.288750	575.9
2.292500	546.8
2.296250	567.7
2.300000	588.5
2.303750	598.4
2.307500	579.4
2.311250	544.6
2.315000	563.5
2.318750	534.5
2.322500	551.1
2.326250	555.7
2.330000	593.6
2.333750	612.8
2.337500	589.7
2.341250	620.1
2.345000	582.4
2.348750	618.6
2.352500	598.1
2.356250	581.3
2.360000	627.0
2.363750	638.8
2.367500	605.5
2.371250	614.6
2.375000	659.4
2.378750	632.2
2.382500	628.9
2.386250	638.2
2.390000	644.5
2.393750	673.0
2.397500	686.3
2.401250	598.6
2.405000	710.3
2.408750	714.7
2.412500	663.9
2.416250	694.2
2.420000	708.0
2.423750	769.8
2.427500	729.0
2.431250	701.3
2.435000	741.0
2.438750	718.7
2.442500	715.5
2.446250	720.4
2.450000	766.8
2.453750	807.5
2.457500	778.1
2.461250	767.2
2.465000	802.6
2.468750	827.5
2.472500	810.0
2.476250	808.2
2.480000	848.5
2.483750	820.8
2.487500	815.8
2.491250	833.1
2.495000	819.0
2.498750	854.2
2.502500	836.1
2.506250	919.7
2.510000	895.1
2.513750	931.1
2.517500	943.4
2.521250	1008.1
2.525000	978.5
2.528750	967.2
2.532500	1010.8
2.536250	980.5
2.540000	927.6
2.543750	983.5
2.547500	1003.2
2.551250	1028.3
2.555000	997.9
2.558750	1017.7
2.562500	1047.3
2.566250	1033.2
2.570000	1030.1
2.573750	1025.5
2.577500	995.4
2.581250	1081.5
2.585000	1049.5
2.588750	1039.6
2.592500	1057.3
2.596250	1013.8
2.600000	1089.4
2.603750	1038.4
2.607500	1081.3
2.611250	1060.6
2.615000	1067.2
2.618750	1062.1
2.622500	1084.1
2.626250	1023.2
2.630000	1061.7
2.633750	1037.3
2.637500	1042.8
2.641250	995.8
2.645000	1033.0
2.648750	1049.4
2.652500	1039.8
2.656250	1065.8
2.660000	1020.9
2.663750	1075.2
2.667500	1094.1
2.671250	1033.9
2.675000	1059.4
2.678750	1058.1
2.682500	978.7
2.686250	1054.1
2.690000	1063.2
2.693750	1066.5
2.697500	992.0
2.701250	1037.4
2.705000	1113.8
2.708750	982.1
2.712500	1068.4
2.716250	1036.2
2.720000	1073.7
2.723750	1058.3
2.727500	1027.6
2.731250	1007.0
2.735000	1015.2
2.738750	1099.8
2.742500	1031.4
2.746250	1084.9
2.750000	1133.2
2.753750	1003.0
2.757500	1039.7
2.761250	1067.6
2.765000	973.4
2.768750	995.6
2.772500	1013.7
2.776250	1059.9
2.780000	1016.5
2.783750	1004.3
2.787500	1035.3
2.791250	1012.5
2.795000	1004.8
2.798750	1087.1
2.802500	1007.0
2.806250	1032.4
2.810000	1017.8
2.813750	985.0
2.817500	1035.7
2.821250	1017.2
2.825000	941.6
2.828750	1044.7
2.832500	1026.2
2.836250	1053.7
2.840000	1027.0
2.843750	1061.1
2.847500	1049.3
2.851250	1037.3
2.855000	1050.7
2.858750	1016.2
2.862500	1014.0
2.866250	1011.2
2.870000	1031.6
2.873750	1059.6
2.877500	1070.0
2.881250	953.7
2.885000	1051.9
2.888750	1064.5
2.892500	954.9
2.896250	1028.4
2.900000	1062.1
2.903750	1047.8
2.907500	1055.0
2.911250	1059.4
2.915000	966.3
2.918750	1046.3
2.922500	1006.1
2.926250	957.9
2.930000	1001.1
2.933750	1042.5
2.937500	1081.2
2.941250	967.5
2.945000	991.3
2.948750	993.2
2.952500	1013.3
2.956250	1022.5
2.960000	1031.2
2.963750	1036.8
2.967500	1038.9
2.971250	1003.2
2.975000	1000.3
2.978750	1051.1
2.982500	1087.3
2.986250	1040.2
2.990000	1021.5
2.993750	1041.4
2.997500	1038.9
3.001250	1018.8
3.005000	970.0
3.008750	1038.8
3.012500	1030.6
3.016250	1020.4
3.020000	962.1
3.023750	981.4
3.027500	1003.1
3.031250	1013.9
3.035000	994.2
3.038750	1044.6
3.042500	1029.7
3.046250	942.6
3.050000	1011.0
3.053750	1030.4
3.057500	1018.5
3.061250	1032.4
3.065000	1020.4
3.068750	1098.5
3.072500	1024.6
3.076250	987.2
3.080000	1016.5
3.083750	1004.5
3.087500	968.5
3.091250	986.4
3.095000	956.8
3.098750	990.2
3.102500	1011.3
3.106250	1002.2
3.110000	1007.7
3.113750	1035.2
3.117500	1061.2
3.121250	1045.7
3.125000	1027.0
3.128750	1008.8
3.132500	1047.1
3.136250	1080.6
3.140000	1013.7
3.143750	1002.8
3.147500	1013.0
3.151250	1021.0
3.155000	946.4
3.158750	967.5
3.162500	1078.9
3.166250	1051.4
3.170000	1025.0
3.173750	999.7
3.177500	951.6
3.181250	949.9
3.185000	1035.5
3.188750	1002.8
3.192500	998.9
3.196250	973.2
3.200000	1017.8
3.203750	1046.9
3.207500	1007.5
3.211250	978.3
3.215000	1023.1
3.218750	992.7
3.222500	997.8
3.226250	1023.9
3.230000	1044.2
3.233750	1028.7
3.237500	983.8
3.241250	1015.6
3.245000	1074.4
3.248750	1000.8
3.252500	1020.7
3.256250	1046.6
3.260000	1064.1
3.263750	1037.2
3.267500	962.7
3.271250	981.9
3.275000	1017.8
3.278750	1010.4
3.282500	1062.0
3.286250	1059.5
3.290000	1037.8
3.293750	1044.7
3.297500	1059.0
3.301250	1025.9
3.305000	992.9
3.308750	994.2
3.312500	1004.2
3.316250	1024.7
3.320000	970.8
3.323750	979.4
3.327500	1062.7
3.331250	1059.2
3.335000	1013.0
3.338750	1043.2
3.342500	1008.7
3.346250	1024.5
3.350000	987.0
3.353750	1012.3
3.357500	1023.2
3.361250	969.7
3.365000	1010.2
3.368750	1031.6
3.372500	980.4
3.376250	954.9
3.380000	983.4
3.383750	1006.7
3.387500	951.2
3.391250	1012.6
3.395000	1071.7
3.398750	1013.8
3.402500	1002.9
3.406250	1018.9
3.410000	1017.6
3.413750	1031.8
3.417500	1014.6
3.421250	1030.5
3.425000	1051.5
3.428750	977.8
3.432500	992.9
3.436250	971.9
3.440000	991.7
3.443750	996.8
3.447500	1026.3
3.451250	1016.7
3.455000	1040.9
3.458750	1030.5
3.462500	1033.2
3.466250	1000.2
3.470000	1018.8
3.473750	1045.0
3.477500	1004.7
3.481250	1008.5
3.485000	1028.4
3.488750	979.0
3.492500	985.8
3.496250	983.0
3.500000	1017.1
3.503750	1033.0
3.507500	1019.0
3.511250	1071.7
3.515000	1050.7
3.518750	998.8
3.522500	1017.9
3.526250	1027.7
3.530000	973.6
3.533750	1019.5
3.537500	1031.0
3.541250	912.9
3.545000	995.3
3.548750	946.9
3.552500	1019.0
3.556250	1106.8
3.560000	1027.3
3.563750	1031.2
3.567500	989.1
3.571250	1006.6
3.575000	1031.4
3.578750	1037.3
3.582500	1003.0
3.586250	996.6
3.590000	1048.5
3.593750	1013.9
3.597500	1090.0
3.601250	1024.3
3.605000	977.3
3.608750	1056.4
3.612500	1063.8
3.616250	1036.0
3.620000	1069.5
3.623750	1061.6
3.627500	980.5
3.631250	1013.5
3.635000	1009.7
3.638750	1005.4
3.642500	1035.3
3.646250	979.9
3.650000	978.5
3.653750	1017.8
3.657500	1046.3
3.661250	1048.8
3.665000	999.9
3.668750	999.7
3.672500	1021.0
3.676250	1021.2
3.680000	1019.8
3.683750	974.2
3.687500	1028.3
3.691250	979.2
3.695000	975.8
3.698750	982.2
3.702500	1011.5
3.706250	1075.2
3.710000	1042.4
3.713750	1034.0
3.717500	1048.7
3.721250	1024.2
3.725000	1041.2
3.728750	1031.5
3.732500	943.5
3.736250	1064.5
3.740000	1031.3
3.743750	1032.5
3.747500	1038.5
3.751250	1041.7
3.755000	986.7
3.758750	987.5
3.762500	1053.8
3.766250	1012.2
3.770000	1006.9
3.773750	979.5
3.777500	1025.6
3.781250	1048.8
3.785000	1064.0
3.788750	1076.4
3.792500	1051.7
3.796250	1025.4
3.800000	1088.2
3.803750	948.9
3.807500	1041.9
3.811250	1026.2
3.815000	998.0
3.818750	1079.5
3.822500	1019.0
3.826250	993.0
3.830000	1063.5
3.833750	1037.7
3.837500	1020.5
3.841250	1070.8
3.845000	1011.6
3.848750	1016.0
3.852500	1018.4
3.856250	1017.7
3.860000	1034.5
3.863750	963.0
3.867500	994.9
3.871250	1027.6
3.875000	1048.9
3.878750	1022.3
3.882500	1022.4
3.886250	984.0
3.890000	1044.4
3.893750	1027.7
3.897500	1024.9
3.901250	1033.2
3.905000	1038.2
3.908750	1052.9
3.912500	999.3
3.916250	1028.2
3.920000	1025.8
3.923750	981.6
3.927500	995.6
3.931250	1013.9
3.935000	1049.0
3.938750	1057.3
3.942500	1047.3
3.946250	1064.2
3.950000	1011.0
3.953750	1073.2
3.957500	1033.1
3.961250	1080.7
3.965000	1061.7
3.968750	1059.4
3.972500	1019.6
3.976250	1038.0
3.980000	988.9
3.983750	1058.1
3.987500	1021.9
3.991250	1030.4
3.995000	1032.8
3.998750	997.7
4.002500	1059.8
4.006250	1005.2
4.010000	988.1
4.013750	1044.7
4.017500	1018.3
4.021250	1007.0
4.025000	1095.4
4.028750	1028.3
4.032500	1049.8
4.036250	1003.1
4.040000	1042.8
4.043750	1070.0
4.047500	1037.5
4.051250	1053.7
4.055000	1060.4
4.058750	1021.5
4.062500	1041.2
4.066250	1051.0
4.070000	1041.3
4.073750	1018.2
4.077500	1042.7
4.081250	1012.7
4.085000	985.4
4.088750	1083.2
4.092500	1054.1
4.096250	1078.7
4.100000	1025.6
4.103750	978.8
4.107500	1032.3
4.111250	990.4
4.115000	1050.2
4.118750	1047.7
4.122500	995.5
4.126250	1023.5
4.130000	1062.8
4.133750	1052.4
4.137500	981.9
4.141250	971.1
4.145000	939.5
4.148750	1044.7
4.152500	1032.7
4.156250	1017.6
4.160000	1055.6
4.163750	1027.1
4.167500	1034.8
4.171250	999.9
4.175000	1041.9
4.178750	1030.8
4.182500	1004.0
4.186250	1032.1
4.190000	1077.0
4.193750	990.9
4.197500	1060.6
4.201250	1020.8
4.205000	1017.4
4.208750	1052.2
4.212500	985.5
4.216250	1011.1
4.220000	1050.2
4.223750	1055.3
4.227500	1071.5
4.231250	988.3
4.235000	1038.9
4.238750	1014.1
4.242500	958.9
4.246250	1028.4
4.250000	1069.8
4.253750	1037.5
4.257500	1073.6
4.261250	1056.1
4.265000	1021.1
4.268750	1013.2
4.272500	1056.0
4.276250	1009.2
4.280000	992.4
4.283750	1054.9
4.287500	1030.1
4.291250	1060.3
4.295000	1071.5
4.298750	984.3
4.302500	1045.1
4.306250	1057.1
4.310000	1061.8
4.313750	1038.7
4.317500	1044.7
4.321250	1036.0
4.325000	1062.6
4.328750	1041.0
4.332500	1095.6
4.336250	1060.2
4.340000	1000.1
4.343750	994.7
4.347500	1134.5
4.351250	1021.3
4.355000	1036.9
4.358750	1000.0
4.362500	1028.2
4.366250	1011.5
4.370000	988.6
4.373750	985.3
4.377500	1005.2
4.381250	1041.1
4.385000	994.5
4.388750	979.1
4.392500	1018.1
4.396250	1061.9
4.400000	1057.7
4.403750	1019.9
4.407500	1069.6
4.411250	1059.9
4.415000	1044.1
4.418750	999.8
4.422500	1052.7
4.426250	1000.4
4.430000	1004.6
4.433750	1058.3
4.437500	1041.1
4.441250	1017.2
4.445000	1046.5
4.448750	1027.8
4.452500	1007.5
4.456250	1037.5
4.460000	1012.6
4.463750	1068.0
4.467500	1077.7
4.471250	1008.0
4.475000	1024.3
4.478750	971.0
4.482500	1041.5
4.486250	1059.5
4.490000	1041.2
4.493750	1033.6
4.497500	1060.9
4.501250	1029.9
4.505000	992.1
4.508750	1044.1
4.512500	1063.4
4.516250	1027.4
4.520000	1084.7
4.523750	1104.9
4.527500	1026.8
4.531250	988.5
4.535000	1019.8
4.538750	1035.3
4.542500	1024.3
4.546250	1062.8
4.550000	1021.4
4.553750	987.1
4.557500	1006.0
4.561250	1078.4
4.565000	995.5
4.568750	1032.4
4.572500	1079.9
4.576250	1041.2
4.580000	1055.4
4.583750	1058.2
4.587500	1019.0
4.591250	1041.0
4.595000	1052.5
4.598750	1061.8
4.602500	1043.9
4.606250	1057.0
4.610000	1066.2
4.613750	1027.0
4.617500	1027.9
4.621250	1042.3
4.625000	1052.9
4.628750	1089.8
4.632500	1042.1
4.636250	1058.8
4.640000	1105.7
4.643750	1041.6
4.647500	1036.2
4.651250	1038.8
4.655000	1048.0
4.658750	1042.2
4.662500	1108.5
4.666250	1044.5
4.670000	1018.8
4.673750	1103.5
4.677500	1046.2
4.681250	1075.1
4.685000	1036.0
4.688750	1019.9
4.692500	1059.0
4.696250	1010.1
4.700000	1079.4
4.703750	1052.1
4.707500	1066.1
4.711250	1001.5
4.715000	1012.2
4.718750	1039.4
4.722500	1034.7
4.726250	976.6
4.730000	1018.9
4.733750	1053.1
4.737500	1117.3
4.741250	1081.7
4.745000	1076.7
4.748750	1014.0
4.752500	1021.8
4.756250	1040.0
4.760000	1033.0
4.763750	1038.0
4.767500	1024.3
4.771250	1104.9
4.775000	1026.2
4.778750	1053.1
4.782500	1064.4
4.786250	1015.0
4.790000	1009.8
4.793750	1029.5
4.797500	1063.2
4.801250	1036.4
4.805000	1073.3
4.808750	1058.5
4.812500	1034.2
4.816250	1052.3
4.820000	993.9
4.823750	987.6
4.827500	1027.4
4.831250	1068.8
4.835000	1033.5
4.838750	1087.3
4.842500	1065.9
4.846250	1072.0
4.850000	1042.0
4.853750	1009.3
4.857500	1030.4
4.861250	1057.2
4.865000	1013.6
4.868750	1069.3
4.872500	1100.5
4.876250	1033.0
4.880000	1057.1
4.883750	1079.9
4.887500	1069.2
4.891250	1012.9
4.895000	996.1
4.898750	1059.1
4.902500	1067.4
4.906250	1011.8
4.910000	1081.7
4.913750	1033.7
4.917500	1038.4
4.921250	1085.6
4.925000	1046.4
4.928750	1033.9
4.932500	994.7
4.936250	1019.4
4.940000	1014.8
4.943750	1036.1
4.947500	1077.9
4.951250	1074.5
4.955000	1012.7
4.958750	1035.4
4.962500	1037.6
4.966250	976.3
4.970000	995.9
4.973750	1044.3
4.977500	1060.9
4.981250	1029.1
4.985000	1006.4
4.988750	1059.1
4.992500	1048.5
4.996250	1055.1
5.000000	1047.5
5.003750	1075.8
5.007500	1057.0
5.011250	1028.4
5.015000	1091.9
5.018750	1102.1
5.022500	1056.3
5.026250	1064.0
5.030000	1056.3
5.033750	1079.0
5.037500	1023.2
5.041250	1001.4
5.045000	1129.1
5.048750	1048.6
5.052500	1025.6
5.056250	1074.5
5.060000	1010.7
5.063750	1004.3
5.067500	1024.0
5.071250	1035.7
5.075000	1094.4
5.078750	1045.1
5.082500	1037.8
5.086250	1089.9
5.090000	1038.1
5.093750	1018.4
5.097500	1036.6
5.101250	976.5
5.105000	972.3
5.108750	1035.4
5.112500	1053.4
5.116250	1029.5
5.120000	1051.0
5.123750	1012.5
5.127500	1027.8
5.131250	1075.2
5.135000	1015.6
5.138750	1056.0
5.142500	1053.6
5.146250	1072.8
5.150000	1086.5
5.153750	1031.9
5.157500	1086.5
5.161250	1044.7
5.165000	1092.3
5.168750	1038.0
5.172500	1050.4
5.176250	1075.1
5.180000	1025.5
5.183750	1074.6
5.187500	1074.0
5.191250	1045.1
5.195000	1078.1
5.198750	1076.5
5.202500	1038.8
5.206250	1036.1
5.210000	1061.6
5.213750	1010.2
5.217500	1085.3
5.221250	1078.6
5.225000	1045.6
5.228750	1052.9
5.232500	1044.4
5.236250	1026.6
5.240000	1031.8
5.243750	1131.0
5.247500	1026.0
5.251250	1106.1
5.255000	1041.1
5.258750	1014.4
5.262500	992.9
5.266250	1093.1
5.270000	1090.5
5.273750	971.1
5.277500	1025.0
5.281250	1094.2
5.285000	1082.5
5.288750	1049.1
5.292500	1042.3
5.296250	1032.9
5.300000	959.7
5.303750	1050.8
5.307500	1037.2
5.311250	1028.3
5.315000	1007.1
5.318750	999.4
5.322500	1078.5
5.326250	1061.5
5.330000	1071.4
5.333750	1042.6
5.337500	1045.4
5.341250	992.8
5.345000	1064.9
5.348750	1033.5
5.352500	1006.1
5.356250	1080.5
5.360000	1084.8
5.363750	1029.8
5.367500	1008.7
5.371250	1105.1
5.375000	1081.7
5.378750	1041.4
5.382500	1048.4
5.386250	1098.6
5.390000	1023.8
5.393750	1060.0
5.397500	1005.9
5.401250	1079.2
5.405000	1060.2
5.408750	1072.8
5.412500	1023.7
5.416250	1063.9
5.420000	1060.4
5.423750	1065.4
5.427500	1029.3
5.431250	1073.3
5.435000	1054.0
5.438750	1024.7
5.442500	1011.9
5.446250	1069.1
5.450000	1059.9
5.453750	1101.7
5.457500	1026.9
5.461250	1085.3
5.465000	1044.2
5.468750	1039.0
5.472500	1055.6
5.476250	1030.9
5.480000	1024.5
5.483750	1017.8
5.487500	1021.6
5.491250	1009.4
5.495000	1074.9
5.498750	1017.8
5.502500	1044.2
5.506250	1113.7
5.510000	1042.3
5.513750	1066.0
5.517500	1057.3
5.521250	1108.6
5.525000	1010.6
5.528750	1063.5
5.532500	1117.2
5.536250	1129.8
5.540000	971.8
5.543750	1019.5
5.547500	1082.1
5.551250	1040.0
5.555000	1028.9
5.558750	1020.4
5.562500	1086.4
5.566250	1041.7
5.570000	1038.0
5.573750	980.1
5.577500	1075.4
5.581250	1036.6
5.585000	1050.4
5.588750	997.5
5.592500	1095.0
5.596250	1089.1
5.600000	1010.3
5.603750	1067.7
5.607500	1076.5
5.611250	1111.6
5.615000	1047.7
5.618750	1092.5
5.622500	1069.4
5.626250	1122.6
5.630000	1077.7
5.633750	1116.7
5.637500	1157.6
5.641250	1046.5
5.645000	1141.6
5.648750	1113.7
5.652500	1056.8
5.656250	1023.5
5.660000	1105.8
5.663750	1160.2
5.667500	1062.9
5.671250	1054.3
5.675000	1095.7
5.678750	1066.9
5.682500	1154.7
5.686250	1140.6
5.690000	1076.4
5.693750	1138.7
5.697500	1172.5
5.701250	1163.1
5.705000	1118.2
5.708750	1154.4
5.712500	1183.3
5.716250	1218.5
5.720000	1167.0
5.723750	1183.9
5.727500	1163.1
5.731250	1115.9
5.735000	1108.6
5.738750	1085.4
5.742500	1058.2
5.746250	1113.8
5.750000	1085.1
5.753750	1089.7
5.757500	1065.1
5.761250	1047.9
5.765000	1103.2
5.768750	1091.3
5.772500	1099.5
5.776250	1041.6
5.780000	1066.0
5.783750	1144.7
5.787500	1097.0
5.791250	1059.1
5.795000	1071.4
5.798750	1110.7
5.802500	992.1
5.806250	1031.3
5.810000	1063.3
5.813750	1049.1
5.817500	1028.6
5.821250	1080.4
5.825000	1034.2
5.828750	1082.0
5.832500	1027.0
5.836250	1014.2
5.840000	1041.2
5.843750	1077.2
5.847500	1086.5
5.851250	1095.0
5.855000	1058.7
5.858750	1082.8
5.862500	1034.2
5.866250	1022.0
5.870000	1073.7
5.873750	1065.5
5.877500	1085.0
5.881250	1099.2
5.885000	1087.4
5.888750	1045.3
5.892500	985.7
5.896250	1032.4
5.900000	1104.6
5.903750	1072.5
5.907500	1103.4
5.911250	1037.2
5.915000	1029.8
5.918750	1090.2
5.922500	1056.3
5.926250	1138.6
5.930000	1086.1
5.933750	1080.6
5.937500	1103.3
5.941250	1101.3
5.945000	1098.1
5.948750	1079.1
5.952500	1097.4
5.956250	1045.6
5.960000	1029.1
5.963750	1146.6
5.967500	1075.1
5.971250	1041.2
5.975000	1090.2
5.978750	1035.5
5.982500	1057.6
5.986250	1035.9
5.990000	1130.1
5.993750	1051.6
5.997500	1083.3
6.001250	1104.4
6.005000	1062.6
6.008750	1049.4
6.012500	1101.0
6.016250	1097.6
6.020000	1003.7
6.023750	1062.2
6.027500	1026.8
6.031250	1026.1
6.035000	1031.7
6.038750	1105.2
6.042500	1119.9
6.046250	1014.0
6.050000	1056.9
6.053750	1136.3
6.057500	1150.1
6.061250	1056.8
6.065000	982.9
6.068750	1063.3
6.072500	1093.9
6.076250	1125.9
6.080000	1141.6
6.083750	1105.2
6.087500	1008.8
6.091250	1028.0
6.095000	1033.7
6.098750	1121.6
6.102500	1176.7
6.106250	1020.9
6.110000	937.6
6.113750	1061.5
6.117500	1087.5
6.121250	1067.9
6.125000	1058.0
6.128750	1095.6
6.132500	1119.7
6.136250	1079.6
6.140000	1098.3
6.143750	1077.1
6.147500	1078.5
6.151250	1078.7
6.155000	1021.7
6.158750	951.5
6.162500	1080.9
6.166250	1002.5
6.170000	1054.9
6.173750	1059.6
6.177500	1032.9
6.181250	1081.0
6.185000	1066.5
6.188750	1065.5
6.192500	1087.8
6.196250	1047.8
6.200000	1048.4
6.203750	1101.0
6.207500	1093.1
6.211250	1086.4
6.215000	1064.7
6.218750	1061.4
6.222500	1071.7
6.226250	1098.0
6.230000	1067.0
6.233750	1056.2
6.237500	1086.4
6.241250	1097.7
6.245000	1087.6
6.248750	1130.8
6.252500	1096.1
6.256250	1099.1
6.260000	1053.0
6.263750	1063.0
6.267500	1047.9
6.271250	1077.2
6.275000	1043.1
6.278750	1032.7
6.282500	1043.4
6.286250	1091.9
6.290000	1068.9
6.293750	1043.8
6.297500	1069.9
6.301250	1059.0
6.305000	1031.3
6.308750	1086.1
6.312500	1136.3
6.316250	1072.1
6.320000	1044.9
6.323750	1040.5
6.327500	1059.8
6.331250	1040.8
6.335000	1073.4
6.338750	1050.3
6.342500	1021.4
6.346250	1095.8
6.350000	1056.9
6.353750	1064.5
6.357500	1073.8
6.361250	1059.9
6.365000	1088.4
6.368750	1055.1
6.372500	991.0
6.376250	1067.2
6.380000	1057.8
6.383750	1070.8
6.387500	1079.5
6.391250	1081.4
6.395000	1044.6
6.398750	1036.7
6.402500	1051.4
6.406250	1041.0
6.410000	1109.5
6.413750	1086.2
6.417500	1073.4
6.421250	1037.5
6.425000	1124.5
6.428750	1094.2
6.432500	1076.5
6.436250	1070.8
6.440000	1064.4
6.443750	1041.4
6.447500	1058.5
6.451250	1064.6
6.455000	1060.4
6.458750	988.1
6.462500	1080.9
6.466250	1046.5
6.470000	1073.4
6.473750	1046.3
6.477500	1024.4
6.481250	1048.1
6.485000	1078.5
6.488750	1037.0
6.492500	1045.1
6.496250	1072.6
6.500000	1068.0
6.503750	1089.0
6.507500	1100.3
6.511250	1057.8
6.515000	1077.9
6.518750	1074.6
6.522500	1035.0
6.526250	1022.5
6.530000	1050.2
6.533750	1065.5
6.537500	1057.4
6.541250	1150.9
6.545000	1100.4
6.548750	1078.1
6.552500	1106.5
6.556250	1102.8
6.560000	1160.0
6.563750	1094.6
6.567500	1029.1
6.571250	1054.0
6.575000	1105.7
6.578750	1090.8
6.582500	1066.7
6.586250	1142.2
6.590000	1095.0
6.593750	1067.9
6.597500	1062.6
6.601250	1088.8
6.605000	1071.5
6.608750	1089.3
6.612500	1079.8
6.616250	1046.4
6.620000	1099.2
6.623750	1074.7
6.627500	1071.8
6.631250	1108.3
6.635000	1028.5
6.638750	1083.3
6.642500	1114.5
6.646250	1063.4
6.650000	1055.3
6.653750	1093.2
6.657500	1072.8
6.661250	1118.0
6.665000	1093.3
6.668750	1033.3
6.672500	1022.4
6.676250	1063.4
6.680000	1030.0
6.683750	1067.5
6.687500	1063.7
6.691250	1064.4
6.695000	1069.9
6.698750	1114.2
6.702500	1036.6
6.706250	1072.5
6.710000	1188.0
6.713750	1077.8
6.717500	1116.8
6.721250	1114.9
6.725000	1069.3
6.728750	1072.1
6.732500	1110.7
6.736250	1161.9
6.740000	1069.4
6.743750	1122.2
6.747500	1070.7
6.751250	1057.2
6.755000	1074.1
6.758750	1072.9
6.762500	1045.6
6.766250	1106.3
6.770000	1038.4
6.773750	1100.7
6.777500	1163.4
6.781250	1086.7
6.785000	1125.4
6.788750	1078.8
6.792500	1066.0
6.796250	1094.3
6.800000	1105.7
6.803750	1062.2
6.807500	1084.9
6.811250	1090.5
6.815000	1097.2
6.818750	1060.3
6.822500	1099.8
6.826250	1064.9
6.830000	1081.2
6.833750	1048.9
6.837500	1075.5
6.841250	1101.3
6.845000	1067.0
6.848750	1066.0
6.852500	1055.3
6.856250	1079.1
6.860000	1117.5
6.863750	1065.5
6.867500	1128.0
6.871250	1044.0
6.875000	1065.7
6.878750	1136.3
6.882500	1070.4
6.886250	1089.5
6.890000	1045.0
6.893750	1085.1
6.897500	1058.5
6.901250	996.5
6.905000	1081.0
6.908750	1064.9
6.912500	1053.7
6.916250	1069.8
6.920000	1070.1
6.923750	1062.1
6.927500	1107.9
6.931250	1112.7
6.935000	1042.8
6.938750	1084.4
6.942500	1136.2
6.946250	1070.5
6.950000	1133.7
6.953750	1135.6
6.957500	1081.4
6.961250	1093.6
6.965000	1139.1
6.968750	1120.5
6.972500	1087.7
6.976250	1089.1
6.980000	1077.0
6.983750	1006.0
6.987500	1081.5
6.991250	1062.1
6.995000	1097.7
6.998750	1102.3
7.002500	1098.7
7.006250	1108.1
7.010000	1099.2
7.013750	1051.7
7.017500	1120.1
7.021250	1055.5
7.025000	1066.4
7.028750	1086.6
7.032500	1033.3
7.036250	1071.6
7.040000	1034.7
7.043750	1028.2
7.047500	1070.3
7.051250	1059.8
7.055000	1071.3
7.058750	1101.0
7.062500	1045.1
7.066250	1063.5
7.070000	1119.9
7.073750	1077.3
7.077500	1078.6
7.081250	1091.5
7.085000	1067.1
7.088750	1114.9
7.092500	1072.1
7.096250	1124.9
7.100000	1061.2
7.103750	1035.5
7.107500	1097.3
7.111250	1064.5
7.115000	1105.6
7.118750	1149.3
7.122500	1146.2
7.126250	1081.9
7.130000	1065.4
7.133750	1071.4
7.137500	1149.4
7.141250	1080.4
7.145000	1105.2
7.148750	1134.2
7.152500	1088.0
7.156250	1060.6
7.160000	1096.3
7.163750	1080.5
7.167500	1050.0
7.171250	1094.1
7.175000	1106.8
7.178750	1109.9
7.182500	1083.4
7.186250	1085.5
7.190000	1094.0
7.193750	1063.5
7.197500	1152.6
7.201250	1123.8
7.205000	1166.6
7.208750	1123.8
7.212500	1054.7
7.216250	1098.3
7.220000	1084.2
7.223750	1096.7
7.227500	1113.8
7.231250	1058.2
7.235000	1128.9
7.238750	1131.7
7.242500	1123.3
7.246250	1046.8
7.250000	1104.5
7.253750	1107.8
7.257500	1091.9
7.261250	1120.6
7.265000	1109.7
7.268750	1096.3
7.272500	1163.0
7.276250	1127.5
7.280000	1101.1
7.283750	1087.7
7.287500	1076.3
7.291250	1116.0
7.295000	1068.3
7.298750	1082.3
7.302500	1101.2
7.306250	1115.3
7.310000	1070.5
7.313750	1167.4
7.317500	1086.9
7.321250	1098.9
7.325000	1157.7
7.328750	1086.4
7.332500	1161.3
7.336250	1167.4
7.340000	1119.5
7.343750	1075.7
7.347500	1114.1
7.351250	1036.5
7.355000	1064.4
7.358750	1096.2
7.362500	1092.0
7.366250	1088.0
7.370000	1091.8
7.373750	1101.9
7.377500	1059.8
7.381250	1091.6
7.385000	1094.5
7.388750	1105.6
7.392500	1147.0
7.396250	1160.9
7.400000	1093.6
7.403750	1099.1
7.407500	1120.6
7.411250	1074.9
7.415000	1126.5
7.418750	1135.7
7.422500	1107.5
7.426250	1107.3
7.430000	1042.6
7.433750	1097.1
7.437500	1154.2
7.441250	1152.5
7.445000	1113.7
7.448750	1102.0
7.452500	1164.4
7.456250	1093.9
7.460000	1083.5
7.463750	1084.0
7.467500	1115.5
7.471250	1080.6
7.475000	1140.1
7.478750	1104.5
7.482500	1161.6
7.486250	1149.9
7.490000	1064.5
7.493750	1111.0
7.497500	1121.6
7.501250	1086.8
7.505000	1120.0
7.508750	1124.5
7.512500	1113.2
7.516250	1107.6
7.520000	1108.9
7.523750	1087.4
7.527500	1113.9
7.531250	1114.3
7.535000	1097.4
7.538750	1049.4
7.542500	1044.4
7.546250	1149.1
7.550000	1093.9
7.553750	1135.3
7.557500	1191.4
7.561250	1089.2
7.565000	1076.7
7.568750	1170.6
7.572500	1158.4
7.576250	1150.0
7.580000	1203.3
7.583750	1114.4
7.587500	1165.9
7.591250	1131.6
7.595000	1115.7
7.598750	1144.4
7.602500	1117.7
7.606250	1141.0
7.610000	1108.4
7.613750	1130.1
7.617500	1121.5
7.621250	1138.5
7.625000	1179.1
7.628750	1151.5
7.632500	1076.5
7.636250	1165.2
7.640000	1127.9
7.643750	1122.1
7.647500	1085.1
7.651250	1152.0
7.655000	1200.3
7.658750	1174.5
7.662500	1109.0
7.666250	1113.3
7.670000	1161.9
7.673750	1187.2
7.677500	1220.7
7.681250	1128.7
7.685000	1119.4
7.688750	1190.2
7.692500	1204.3
7.696250	1140.2
7.700000	1213.6
7.703750	1175.6
7.707500	1153.3
7.711250	1185.5
7.715000	1107.4
7.718750	1155.5
7.722500	1199.7
7.726250	1187.0
7.730000	1229.0
7.733750	1188.5
7.737500	1251.9
7.741250	1177.0
7.745000	1194.6
7.748750	1114.7
7.752500	1181.1
7.756250	1255.7
7.760000	1230.0
7.763750	1232.1
7.767500	1183.0
7.771250	1175.7
7.775000	1240.9
7.778750	1316.5
7.782500	1228.4
7.786250	1203.7
7.790000	1238.8
7.793750	1262.5
7.797500	1225.9
7.801250	1257.9
7.805000	1298.6
7.808750	1230.7
7.812500	1299.6
7.816250	1314.2
7.820000	1251.5
7.823750	1343.7
7.827500	1365.3
7.831250	1399.2
7.835000	1367.2
7.838750	1350.3
7.842500	1342.3
7.846250	1357.9
7.850000	1363.4
7.853750	1387.8
7.857500	1390.6
7.861250	1427.9
7.865000	1438.1
7.868750	1474.6
7.872500	1522.5
7.876250	1516.7
7.880000	1517.0
7.883750	1529.5
7.887500	1545.0
7.891250	1581.3
7.895000	1564.9
7.898750	1619.3
7.902500	1677.2
7.906250	1707.1
7.910000	1673.1
7.913750	1713.7
7.917500	1797.0
7.921250	1930.1
7.925000	1908.2
7.928750	1920.6
7.932500	2053.8
7.936250	2102.2
7.940000	2127.4
7.943750	2300.5
7.947500	2412.4
7.951250	2566.9
7.955000	2650.3
7.958750	2804.9
7.962500	2939.2
7.966250	3184.3
7.970000	3527.4
7.973750	3753.0
7.977500	4167.1
7.981250	4596.4
7.985000	5091.4
7.988750	5729.2
7.992500	6688.3
7.996250	7436.8
8.000000	8408.9
8.003750	9627.4
8.007500	10593.8
8.011250	11763.0
8.015000	12611.0
8.018750	13308.8
8.022500	12903.0
8.026250	12247.0
8.030000	11119.2
8.033750	9897.2
8.037500	8659.9
8.041250	7471.4
8.045000	6502.2
8.048750	5739.2
8.052500	4958.4
8.056250	4393.5
8.060000	3931.5
8.063750	3608.1
8.067500	3196.2
8.071250	2961.0
8.075000	2709.3
8.078750	2496.6
8.082500	2402.3
8.086250	2331.1
8.090000	2128.8
8.093750	2044.3
8.097500	1957.9
8.101250	1883.0
8.105000	1812.2
8.108750	1845.4
8.112500	1748.9
8.116250	1676.8
8.120000	1656.4
8.123750	1586.1
8.127500	1602.5
8.131250	1534.2
8.135000	1605.0
8.138750	1563.9
8.142500	1435.7
8.146250	1444.1
8.150000	1412.0
8.153750	1450.0
8.157500	1421.1
8.161250	1392.0
8.165000	1383.7
8.168750	1356.9
8.172500	1332.1
8.176250	1348.4
8.180000	1419.0
8.183750	1344.2
8.187500	1282.6
8.191250	1312.6
8.195000	1258.8
8.198750	1327.5
8.202500	1249.3
8.206250	1266.0
8.210000	1225.1
8.213750	1309.4
8.217500	1246.6
8.221250	1198.8
8.225000	1132.5
8.228750	1201.2
8.232500	1220.8
8.236250	1208.8
8.240000	1251.4
8.243750	1184.0
8.247500	1191.0
8.251250	1206.1
8.255000	1193.6
8.258750	1148.4
8.262500	1184.3
8.266250	1227.4
8.270000	1184.7
8.273750	1201.6
8.277500	1175.7
8.281250	1135.6
8.285000	1167.2
8.288750	1149.2
8.292500	1175.1
8.296250	1115.2
8.300000	1155.1
8.303750	1176.2
8.307500	1173.1
8.311250	1135.3
8.315000	1091.2
8.318750	1165.3
8.322500	1119.6
8.326250	1136.3
8.330000	1059.3
8.333750	1171.2
8.337500	1115.3
8.341250	1116.6
8.345000	1123.3
8.348750	1154.0
8.352500	1133.8
8.356250	1166.9
8.360000	1099.2
8.363750	1169.0
8.367500	1090.1
8.371250	1115.5
8.375000	1058.4
8.378750	1074.7
8.382500	1082.6
8.386250	1108.2
8.390000	1153.2
8.393750	1111.2
8.397500	1123.5
8.401250	1132.9
8.405000	1157.9
8.408750	1064.7
8.412500	1109.6
8.416250	1091.6
8.420000	1128.5
8.423750	1084.7
8.427500	1117.2
8.431250	1088.6
8.435000	1083.8
8.438750	1106.8
8.442500	1150.2
8.446250	1091.4
8.450000	1062.8
8.453750	1129.1
8.457500	1106.1
8.461250	1055.9
8.465000	1093.6
8.468750	1158.1
8.472500	1096.6
8.476250	1034.2
8.480000	1103.3
8.483750	1127.0
8.487500	1115.3
8.491250	1039.1
8.495000	1072.4
8.498750	1098.1
8.502500	1145.1
8.506250	1133.1
8.510000	1131.5
8.513750	1155.1
8.517500	1084.0
8.521250	1095.2
8.525000	1107.6
8.528750	1124.6
8.532500	1152.0
8.536250	1123.2
8.540000	1070.1
8.543750	1121.2
8.547500	1119.6
8.551250	1085.8
8.555000	1066.7
8.558750	1064.8
8.562500	1080.6
8.566250	1110.5
8.570000	1086.9
8.573750	1130.7
8.577500	1092.1
8.581250	1073.2
8.585000	1093.7
8.588750	1090.5
8.592500	1074.6
8.596250	1098.8
8.600000	1121.0
8.603750	1061.1
8.607500	1100.6
8.611250	1107.2
8.615000	1111.6
8.618750	1086.0
8.622500	1090.8
8.626250	1087.4
8.630000	1114.5
8.633750	1057.6
8.637500	1056.2
8.641250	1084.6
8.645000	1078.8
8.648750	1129.7
8.652500	1074.5
8.656250	1050.4
8.660000	1106.8
8.663750	1079.0
8.667500	1083.8
8.671250	1061.1
8.675000	1108.1
8.678750	1076.2
8.682500	1028.8
8.686250	1087.2
8.690000	1097.9
8.693750	1094.0
8.697500	1066.5
8.701250	1115.4
8.705000	1080.9
8.708750	1025.3
8.712500	1047.4
8.716250	1081.5
8.720000	1076.8
8.723750	1076.9
8.727500	1099.7
8.731250	1065.6
8.735000	1059.2
8.738750	1029.1
8.742500	1075.5
8.746250	1069.3
8.750000	1081.9
8.753750	1084.3
8.757500	1075.1
8.761250	1164.9
8.765000	1059.0
8.768750	1062.0
8.772500	1133.0
8.776250	1062.5
8.780000	1053.9
8.783750	1072.9
8.787500	1059.9
8.791250	1078.9
8.795000	1053.0
8.798750	1109.1
8.802500	1094.6
8.806250	1084.6
8.810000	1115.4
8.813750	1113.5
8.817500	1073.0
8.821250	1049.7
8.825000	1111.8
8.828750	1129.0
8.832500	1045.0
8.836250	1016.9
8.840000	1086.0
8.843750	1081.5
8.847500	1086.9
8.851250	1030.3
8.855000	1051.4
8.858750	1070.9
8.862500	1032.4
8.866250	1126.4
8.870000	1089.4
8.873750	1048.3
8.877500	1089.6
8.881250	1084.3
8.885000	1057.0
8.888750	1079.5
8.892500	1083.0
8.896250	1094.7
8.900000	1048.7
8.903750	1099.7
8.907500	1067.7
8.911250	1060.0
8.915000	1096.7
8.918750	1106.1
8.922500	1087.8
8.926250	1059.7
8.930000	1082.0
8.933750	1065.1
8.937500	1070.4
8.941250	1090.1
8.945000	1122.4
8.948750	1025.0
8.952500	1037.4
8.956250	1024.0
8.960000	1062.6
8.963750	1094.7
8.967500	1101.4
8.971250	1095.3
8.975000	1030.2
8.978750	1045.0
8.982500	1059.1
8.986250	1067.1
8.990000	1094.5
8.993750	1065.6
8.997500	1049.4
9.001250	1030.9
9.005000	1114.0
9.008750	1133.8
9.012500	1068.6
9.016250	1071.6
9.020000	1130.5
9.023750	1145.9
9.027500	1062.9
9.031250	1031.3
9.035000	1053.4
9.038750	1122.6
9.042500	1099.0
9.046250	1098.3
9.050000	1064.0
9.053750	1064.5
9.057500	1087.7
9.061250	1095.2
9.065000	1113.5
9.068750	1114.6
9.072500	1090.3
9.076250	1082.1
9.080000	1119.3
9.083750	1108.5
9.087500	1075.7
9.091250	1087.0
9.095000	1121.6
9.098750	1071.7
9.102500	1077.5
9.106250	1064.8
9.110000	1044.0
9.113750	1033.3
9.117500	1091.3
9.121250	1110.2
9.125000	1112.9
9.128750	1096.9
9.132500	1052.9
9.136250	1044.3
9.140000	1045.6
9.143750	1036.6
9.147500	1060.8
9.151250	1074.1
9.155000	1087.7
9.158750	1062.9
9.162500	1060.5
9.166250	1107.0
9.170000	1064.9
9.173750	1054.5
9.177500	1056.4
9.181250	1099.1
9.185000	1065.6
9.188750	1066.2
9.192500	1097.7
9.196250	1109.0
9.200000	1098.0
9.203750	1073.3
9.207500	1083.5
9.211250	1076.2
9.215000	1140.7
9.218750	1112.2
9.222500	1029.7
9.226250	1063.5
9.230000	1095.9
9.233750	1094.8
9.237500	1125.0
9.241250	1077.4
9.245000	1075.7
9.248750	1058.3
9.252500	1093.8
9.256250	1114.5
9.260000	1072.8
9.263750	1057.3
9.267500	1036.5
9.271250	1086.2
9.275000	1134.8
9.278750	1126.8
9.282500	1106.7
9.286250	1060.7
9.290000	1050.4
9.293750	1079.8
9.297500	1142.6
9.301250	1074.9
9.305000	1031.0
9.308750	1066.9
9.312500	1064.8
9.316250	1066.6
9.320000	1074.2
9.323750	1137.8
9.327500	1103.4
9.331250	1076.5
9.335000	1080.7
9.338750	1044.5
9.342500	1059.3
9.346250	1098.9
9.350000	1129.2
9.353750	1115.3
9.357500	1144.2
9.361250	1035.1
9.365000	1105.3
9.368750	1058.3
9.372500	1088.1
9.376250	1098.9
9.380000	1078.6
9.383750	1050.7
9.387500	1095.0
9.391250	1085.8
9.395000	1078.5
9.398750	1123.2
9.402500	1086.7
9.406250	1051.0
9.410000	1020.2
9.413750	1067.8
9.417500	1078.7
9.421250	1059.3
9.425000	1073.6
9.428750	1099.8
9.432500	1053.7
9.436250	1042.7
9.440000	1140.3
9.443750	1052.3
9.447500	1086.0
9.451250	1062.8
9.455000	1063.2
9.458750	1065.7
9.462500	1107.4
9.466250	1090.1
9.470000	1083.7
9.473750	1040.0
9.477500	1128.3
9.481250	1086.0
9.485000	1119.8
9.488750	1099.0
9.492500	1079.7
9.496250	1104.8
9.500000	1096.6
9.503750	1022.2
9.507500	1186.6
9.511250	1142.8
9.515000	1079.7
9.518750	1030.5
9.522500	1054.7
9.526250	1079.8
9.530000	1044.0
9.533750	1047.7
9.537500	1062.6
9.541250	1053.1
9.545000	1110.3
9.548750	1102.5
9.552500	1099.2
9.556250	1088.3
9.560000	1039.2
9.563750	1160.4
9.567500	1146.3
9.571250	1050.0
9.575000	1123.3
9.578750	1091.4
9.582500	1073.4
9.586250	1123.0
9.590000	1105.8
9.593750	1073.1
9.597500	1094.8
9.601250	1093.8
9.605000	1110.3
9.608750	1108.2
9.612500	1060.8
9.616250	1127.8
9.620000	1119.2
9.623750	1088.9
9.627500	1152.8
9.631250	1106.8
9.635000	1096.6
9.638750	1157.6
9.642500	1119.8
9.646250	1047.1
9.650000	1160.9
9.653750	1088.7
9.657500	1114.7
9.661250	1079.5
9.665000	1069.2
9.668750	1099.7
9.672500	1094.5
9.676250	1105.8
9.680000	1127.4
9.683750	1145.7
9.687500	1076.9
9.691250	1088.0
9.695000	1070.7
9.698750	1104.1
9.702500	1149.1
9.706250	1085.4
9.710000	1060.1
9.713750	1129.8
9.717500	1061.9
9.721250	1045.0
9.725000	1058.2
9.728750	1109.3
9.732500	1127.4
9.736250	1085.6
9.740000	1053.9
9.743750	1085.1
9.747500	1150.9
9.751250	1082.1
9.755000	1052.8
9.758750	1117.6
9.762500	1120.7
9.766250	1116.8
9.770000	1089.0
9.773750	1061.4
9.777500	1119.7
9.781250	1035.0
9.785000	1080.1
9.788750	1128.3
9.792500	1104.3
9.796250	1088.2
9.800000	1115.6
9.803750	1053.7
9.807500	1125.4
9.811250	1156.8
9.815000	1151.8
9.818750	1121.4
9.822500	1111.3
9.826250	1112.1
9.830000	1124.7
9.833750	1088.5
9.837500	1057.5
9.841250	1096.4
9.845000	1133.0
9.848750	1131.7
9.852500	1107.7
9.856250	1099.2
9.860000	1074.3
9.863750	1118.5
9.867500	1083.4
9.871250	1086.3
9.875000	1105.3
9.878750	1084.4
9.882500	1125.8
9.886250	1069.5
9.890000	1086.8
9.893750	1072.2
9.897500	1128.3
9.901250	1082.9
9.905000	1100.5
9.908750	1064.9
9.912500	1078.3
9.916250	1106.1
9.920000	1101.4
9.923750	1107.6
9.927500	1085.9
9.931250	1054.6
9.935000	1088.1
9.938750	1166.3
9.942500	1143.2
9.946250	1071.2
9.950000	1134.4
9.953750	1168.4
9.957500	1101.7
9.961250	1112.0
9.965000	1091.8
9.968750	1065.2
9.972500	1072.9
9.976250	1134.6
9.980000	1114.0
9.983750	1139.2
9.987500	1067.2
9.991250	1119.4
9.995000	1096.7
9.998750	1150.6
10.002500	1178.1
10.006250	1019.3
10.010000	1119.0
10.013750	1147.3
10.017500	1139.6
10.021250	1057.0
10.025000	1176.2
10.028750	1171.4
10.032500	1157.9
10.036250	1174.8
10.040000	1151.4
10.043750	1169.9
10.047500	1109.8
10.051250	1155.7
10.055000	1126.4
10.058750	1132.5
10.062500	1166.1
10.066250	1134.5
10.070000	1140.5
10.073750	1201.7
10.077500	1198.0
10.081250	1216.2
10.085000	1250.1
10.088750	1238.2
10.092500	1247.2
10.096250	1232.1
10.100000	1267.5
10.103750	1271.7
10.107500	1301.8
10.111250	1325.4
10.115000	1234.6
10.118750	1318.2
10.122500	1252.8
10.126250	1220.9
10.130000	1161.1
10.133750	1120.9
10.137500	1200.4
10.141250	1237.4
10.145000	1183.4
10.148750	1171.0
10.152500	1111.8
10.156250	1117.1
10.160000	1153.1
10.163750	1124.2
10.167500	1086.3
10.171250	1118.6
10.175000	1183.7
10.178750	1185.8
10.182500	1117.1
10.186250	1181.0
10.190000	1151.7
10.193750	1088.5
10.197500	1164.8
10.201250	1169.1
10.205000	1193.2
10.208750	1191.9
10.212500	1132.1
10.216250	1117.5
10.220000	1157.9
10.223750	1127.2
10.227500	1087.9
10.231250	1171.8
10.235000	1109.0
10.238750	1173.5
10.242500	1150.6
10.246250	1149.5
10.250000	1136.9
10.253750	1101.6
10.257500	1116.9
10.261250	1067.0
10.265000	1101.6
10.268750	1155.3
10.272500	1134.7
10.276250	1139.5
10.280000	1154.2
10.283750	1114.7
10.287500	1102.3
10.291250	1144.3
10.295000	1151.6
10.298750	1107.6
10.302500	1138.8
10.306250	1172.1
10.310000	1183.6
10.313750	1129.3
10.317500	1102.1
10.321250	1139.0
10.325000	1123.0
10.328750	1038.5
10.332500	1124.6
10.336250	1117.4
10.340000	1114.4
10.343750	1200.8
10.347500	1160.0
10.351250	1124.5
10.355000	1113.2
10.358750	1196.0
10.362500	1174.1
10.366250	1133.6
10.370000	1116.0
10.373750	1106.0
10.377500	1076.8
10.381250	1095.0
10.385000	1110.3
10.388750	1135.2
10.392500	1140.8
10.396250	1127.6
10.400000	1071.5
10.403750	1140.7
10.407500	1149.0
10.411250	1149.1
10.415000	1150.5
10.418750	1124.7
10.422500	1096.0
10.426250	1151.7
10.430000	1188.8
10.433750	1186.6
10.437500	1153.0
10.441250	1196.3
10.445000	1130.1
10.448750	1065.0
10.452500	1080.6
10.456250	1163.0
10.460000	1133.7
10.463750	1096.0
10.467500	1121.9
10.471250	1108.1
10.475000	1134.2
10.478750	1175.8
10.482500	1103.2
10.486250	1119.1
10.490000	1186.7
10.493750	1145.0
10.497500	1161.7
10.501250	1231.5
10.505000	1089.0
10.508750	1156.9
10.512500	1165.6
10.516250	1140.7
10.520000	1125.8
10.523750	1124.3
10.527500	1156.9
10.531250	1176.8
10.535000	1127.8
10.538750	1130.6
10.542500	1224.8
10.546250	1195.2
10.550000	1110.4
10.553750	1149.0
10.557500	1151.5
10.561250	1144.7
10.565000	1080.0
10.568750	1170.3
10.572500	1173.1
10.576250	1157.8
10.580000	1127.8
10.583750	1164.9
10.587500	1201.2
10.591250	1232.5
10.595000	1269.9
10.598750	1228.3
10.602500	1167.0
10.606250	1196.0
10.610000	1163.8
10.613750	1211.7
10.617500	1177.7
10.621250	1098.5
10.625000	1080.1
10.628750	1159.1
10.632500	1125.1
10.636250	1135.7
10.640000	1138.5
10.643750	1109.6
10.647500	1149.1
10.651250	1187.1
10.655000	1229.1
10.658750	1098.0
10.662500	1095.1
10.666250	1142.5
10.670000	1130.1
10.673750	1176.9
10.677500	1135.4
10.681250	1137.5
10.685000	1095.1
10.688750	1112.5
10.692500	1204.8
10.696250	1180.2
10.700000	1151.6
10.703750	1214.9
10.707500	1199.9
10.711250	1157.9
10.715000	1207.5
10.718750	1153.0
10.722500	1152.9
10.726250	1131.9
10.730000	1129.7
10.733750	1191.0
10.737500	1162.3
10.741250	1224.2
10.745000	1188.7
10.748750	1135.1
10.752500	1130.0
10.756250	1190.8
10.760000	1195.3
10.763750	1173.5
10.767500	1099.4
10.771250	1200.0
10.775000	1163.4
10.778750	1162.0
10.782500	1189.6
10.786250	1174.2
10.790000	1185.5
10.793750	1183.0
10.797500	1190.9
10.801250	1195.7
10.805000	1206.4
10.808750	1173.6
10.812500	1142.1
10.816250	1141.8
10.820000	1093.7
10.823750	1187.3
10.827500	1214.9
10.831250	1154.4
10.835000	1130.1
10.838750	1159.3
10.842500	1165.7
10.846250	1189.4
10.850000	1127.1
10.853750	1210.7
10.857500	1171.1
10.861250	1222.5
10.865000	1155.5
10.868750	1198.4
10.872500	1174.2
10.876250	1214.4
10.880000	1174.6
10.883750	1139.2
10.887500	1196.1
10.891250	1112.5
10.895000	1244.5
10.898750	1202.4
10.902500	1110.2
10.906250	1146.5
10.910000	1178.0
10.913750	1154.4
10.917500	1240.6
10.921250	1138.1
10.925000	1126.0
10.928750	1188.7
10.932500	1122.1
10.936250	1161.6
10.940000	1154.0
10.943750	1200.5
10.947500	1230.5
10.951250	1202.6
10.955000	1126.9
10.958750	1191.7
10.962500	1183.9
10.966250	1223.7
10.970000	1204.1
10.973750	1128.5
10.977500	1180.2
10.981250	1188.6
10.985000	1173.1
10.988750	1204.2
10.992500	1169.9
10.996250	1208.1
11.000000	1224.8
11.003750	1197.4
11.007500	1167.8
11.011250	1178.2
11.015000	1219.6
11.018750	1229.1
11.022500	1216.8
11.026250	1075.1
11.030000	1208.0
11.033750	1221.5
11.037500	1183.8
11.041250	1166.9
11.045000	1131.1
11.048750	1235.3
11.052500	1244.4
11.056250	1257.1
11.060000	1175.1
11.063750	1218.3
11.067500	1311.7
11.071250	1242.4
11.075000	1190.0
11.078750	1118.8
11.082500	1161.4
11.086250	1101.8
11.090000	1251.6
11.093750	1258.9
11.097500	1260.8
11.101250	1167.0
11.105000	1245.0
11.108750	1157.6
11.112500	1216.6
11.116250	1197.5
11.120000	1231.2
11.123750	1223.6
11.127500	1156.6
11.131250	1242.0
11.135000	1232.2
11.138750	1159.7
11.142500	1177.6
11.146250	1249.5
11.150000	1158.3
11.153750	1177.7
11.157500	1197.7
11.161250	1109.2
11.165000	1187.9
11.168750	1277.6
11.172500	1226.0
11.176250	1148.1
11.180000	1212.4
11.183750	1200.9
11.187500	1190.2
11.191250	1241.1
11.195000	1208.9
11.198750	1172.8
11.202500	1226.1
11.206250	1273.8
11.210000	1219.8
11.213750	1189.7
11.217500	1136.4
11.221250	1164.7
11.225000	1227.4
11.228750	1244.7
11.232500	1191.0
11.236250	1167.6
11.240000	1239.3
11.243750	1194.5
11.247500	1210.8
11.251250	1257.7
11.255000	1290.2
11.258750	1255.3
11.262500	1211.2
11.266250	1239.8
11.270000	1248.6
11.273750	1231.5
11.277500	1160.6
11.281250	1208.8
11.285000	1265.7
11.288750	1243.7
11.292500	1154.0
11.296250	1233.2
11.300000	1237.3
11.303750	1230.9
11.307500	1226.0
11.311250	1198.7
11.315000	1284.5
11.318750	1261.9
11.322500	1281.0
11.326250	1244.7
11.330000	1215.5
11.333750	1223.3
11.337500	1204.9
11.341250	1200.6
11.345000	1249.1
11.348750	1235.4
11.352500	1205.4
11.356250	1252.2
11.360000	1173.3
11.363750	1224.6
11.367500	1265.0
11.371250	1296.2
11.375000	1234.7
11.378750	1221.0
11.382500	1203.1
11.386250	1235.3
11.390000	1224.0
11.393750	1258.7
11.397500	1193.7
11.401250	1242.9
11.405000	1215.8
11.408750	1234.6
11.412500	1206.2
11.416250	1226.4
11.420000	1210.2
11.423750	1277.3
11.427500	1199.4
11.431250	1227.3
11.435000	1318.3
11.438750	1246.2
11.442500	1274.4
11.446250	1277.0
11.450000	1237.4
11.453750	1244.4
11.457500	1280.3
11.461250	1285.8
11.465000	1227.1
11.468750	1232.0
11.472500	1257.1
11.476250	1261.6
11.480000	1229.9
11.483750	1187.7
11.487500	1224.1
11.491250	1187.8
11.495000	1256.0
11.498750	1241.0
11.502500	1292.8
11.506250	1261.4
11.510000	1168.7
11.513750	1237.9
11.517500	1242.9
11.521250	1214.9
11.525000	1249.1
11.528750	1292.3
11.532500	1300.4
11.536250	1250.7
11.540000	1215.9
11.543750	1279.5
11.547500	1243.1
11.551250	1224.5
11.555000	1261.9
11.558750	1230.3
11.562500	1275.8
11.566250	1250.2
11.570000	1263.5
11.573750	1271.0
11.577500	1284.4
11.581250	1220.4
11.585000	1287.5
11.588750	1308.8
11.592500	1215.0
11.596250	1237.1
11.600000	1207.2
11.603750	1330.5
11.607500	1248.0
11.611250	1275.3
11.615000	1258.6
11.618750	1220.7
11.622500	1235.0
11.626250	1313.7
11.630000	1215.9
11.633750	1228.2
11.637500	1296.3
11.641250	1291.7
11.645000	1251.7
11.648750	1296.0
11.652500	1235.6
11.656250	1251.8
11.660000	1228.0
11.663750	1254.4
11.667500	1286.3
11.671250	1252.7
11.675000	1268.0
11.678750	1244.0
11.682500	1279.5
11.686250	1290.2
11.690000	1267.5
11.693750	1331.4
11.697500	1202.2
11.701250	1274.6
11.705000	1257.1
11.708750	1267.2
11.712500	1285.4
11.716250	1237.9
11.720000	1268.6
11.723750	1293.5
11.727500	1256.7
11.731250	1318.1
11.735000	1329.7
11.738750	1309.6
11.742500	1279.3
11.746250	1258.4
11.750000	1284.1
11.753750	1324.4
11.757500	1323.9
11.761250	1254.8
11.765000	1291.7
11.768750	1247.5
11.772500	1276.5
11.776250	1305.3
11.780000	1325.1
11.783750	1271.9
11.787500	1292.2
11.791250	1251.6
11.795000	1324.9
11.798750	1277.8
11.802500	1267.9
11.806250	1335.4
11.810000	1272.5
11.813750	1307.3
11.817500	1261.3
11.821250	1251.4
11.825000	1364.6
11.828750	1364.9
11.832500	1277.6
11.836250	1348.9
11.840000	1397.8
11.843750	1411.7
11.847500	1382.3
11.851250	1432.3
11.855000	1430.7
11.858750	1386.9
11.862500	1367.1
11.866250	1370.5
11.870000	1382.7
11.873750	1344.1
11.877500	1315.1
11.881250	1302.3
11.885000	1277.7
11.888750	1391.8
11.892500	1275.3
11.896250	1266.3
11.900000	1290.9
11.903750	1368.6
11.907500	1343.5
11.911250	1314.3
11.915000	1290.2
11.918750	1279.9
11.922500	1320.1
11.926250	1313.4
11.930000	1310.0
11.933750	1323.0
11.937500	1282.3
11.941250	1322.3
11.945000	1254.3
11.948750	1326.8
11.952500	1313.3
11.956250	1299.6
11.960000	1273.8
11.963750	1337.5
11.967500	1321.6
11.971250	1328.9
11.975000	1305.8
11.978750	1413.3
11.982500	1330.5
11.986250	1370.8
11.990000	1274.8
11.993750	1327.1
11.997500	1319.4
12.001250	1293.8
12.005000	1336.6
12.008750	1305.2
12.012500	1314.4
12.016250	1325.3
12.020000	1297.5
12.023750	1330.2
12.027500	1303.2
12.031250	1329.0
12.035000	1378.9
12.038750	1280.7
12.042500	1360.1
12.046250	1383.4
12.050000	1346.8
12.053750	1316.2
12.057500	1313.5
12.061250	1339.6
12.065000	1351.1
12.068750	1325.3
12.072500	1360.9
12.076250	1337.2
12.080000	1307.7
12.083750	1307.9
12.087500	1357.3
12.091250	1328.4
12.095000	1358.3
12.098750	1333.4
12.102500	1288.4
12.106250	1350.3
12.110000	1311.1
12.113750	1334.8
12.117500	1284.3
12.121250	1332.1
12.125000	1325.1
12.128750	1339.5
12.132500	1352.7
12.136250	1393.9
12.140000	1314.6
12.143750	1391.9
12.147500	1410.5
12.151250	1423.2
12.155000	1283.9
12.158750	1300.2
12.162500	1363.0
12.166250	1386.1
12.170000	1352.1
12.173750	1358.7
12.177500	1253.2
12.181250	1342.2
12.185000	1358.4
12.188750	1360.1
12.192500	1361.9
12.196250	1371.7
12.200000	1378.1
12.203750	1363.8
12.207500	1331.9
12.211250	1316.5
12.215000	1389.9
12.218750	1319.9
12.222500	1324.4
12.226250	1303.4
12.230000	1301.1
12.233750	1314.9
12.237500	1303.7
12.241250	1406.1
12.245000	1386.5
12.248750	1392.1
12.252500	1355.0
12.256250	1302.2
12.260000	1329.0
12.263750	1394.4
12.267500	1393.1
12.271250	1326.8
12.275000	1283.9
12.278750	1385.0
12.282500	1400.7
12.286250	1349.8
12.290000	1359.0
12.293750	1371.5
12.297500	1367.8
12.301250	1410.9
12.305000	1347.7
12.308750	1321.7
12.312500	1348.8
12.316250	1328.2
12.320000	1316.9
12.323750	1343.6
12.327500	1364.2
12.331250	1318.0
12.335000	1321.1
12.338750	1415.2
12.342500	1393.6
12.346250	1344.4
12.350000	1379.4
12.353750	1377.0
12.357500	1357.2
12.361250	1357.5
12.365000	1387.0
12.368750	1364.2
12.372500	1315.5
12.376250	1405.9
12.380000	1346.6
12.383750	1355.6
12.387500	1398.8
12.391250	1366.5
12.395000	1362.6
12.398750	1355.4
12.402500	1335.5
12.406250	1441.8
12.410000	1373.5
12.413750	1343.6
12.417500	1372.4
12.421250	1352.3
12.425000	1399.0
12.428750	1381.3
12.432500	1369.1
12.436250	1424.1
12.440000	1359.8
12.443750	1436.9
12.447500	1423.8
12.451250	1354.3
12.455000	1447.7
12.458750	1414.0
12.462500	1443.0
12.466250	1360.3
12.470000	1378.2
12.473750	1379.2
12.477500	1383.9
12.481250	1337.3
12.485000	1380.9
12.488750	1427.4
12.492500	1467.0
12.496250	1414.6
12.500000	1445.2
12.503750	1384.8
12.507500	1404.2
12.511250	1425.0
12.515000	1441.1
12.518750	1409.4
12.522500	1392.5
12.526250	1385.1
12.530000	1345.2
12.533750	1390.6
12.537500	1376.7
12.541250	1331.5
12.545000	1376.2
12.548750	1391.9
12.552500	1373.1
12.556250	1494.9
12.560000	1461.9
12.563750	1354.8
12.567500	1372.4
12.571250	1432.5
12.575000	1480.6
12.578750	1441.4
12.582500	1419.2
12.586250	1432.6
12.590000	1420.3
12.593750	1405.3
12.597500	1387.6
12.601250	1397.1
12.605000	1389.8
12.608750	1397.8
12.612500	1416.1
12.616250	1403.5
12.620000	1402.5
12.623750	1384.8
12.627500	1407.7
12.631250	1389.6
12.635000	1386.0
12.638750	1397.0
12.642500	1343.1
12.646250	1401.0
12.650000	1419.7
12.653750	1425.2
12.657500	1415.8
12.661250	1454.8
12.665000	1477.9
12.668750	1467.4
12.672500	1393.0
12.676250	1456.6
12.680000	1430.2
12.683750	1436.2
12.687500	1398.7
12.691250	1441.0
12.695000	1467.9
12.698750	1425.9
12.702500	1358.5
12.706250	1474.8
12.710000	1486.0
12.713750	1497.8
12.717500	1455.5
12.721250	1370.5
12.725000	1438.8
12.728750	1473.6
12.732500	1425.6
12.736250	1474.7
12.740000	1426.1
12.743750	1467.8
12.747500	1503.7
12.751250	1486.5
12.755000	1466.7
12.758750	1537.9
12.762500	1533.4
12.766250	1520.4
12.770000	1503.2
12.773750	1567.6
12.777500	1604.2
12.781250	1598.6
12.785000	1584.4
12.788750	1632.7
12.792500	1683.5
12.796250	1731.2
12.800000	1650.6
12.803750	1680.0
12.807500	1803.3
12.811250	1831.0
12.815000	1966.3
12.818750	2099.6
12.822500	2195.2
12.826250	2339.8
12.830000	2796.3
12.833750	3307.9
12.837500	3954.4
12.841250	4513.7
12.845000	4817.0
12.848750	5146.5
12.852500	5138.4
12.856250	4821.0
12.860000	4361.6
12.863750	3910.9
12.867500	3571.8
12.871250	3305.8
12.875000	2952.1
12.878750	2793.6
12.882500	2720.1
12.886250	2653.3
12.890000	2567.6
12.893750	2460.4
12.897500	2326.9
12.901250	2298.5
12.905000	2370.8
12.908750	2372.7
12.912500	2311.5
12.916250	2191.8
12.920000	2182.9
12.923750	2159.6
12.927500	2095.6
12.931250	2116.3
12.935000	2166.6
12.938750	2136.6
12.942500	2136.1
12.946250	2088.1
12.950000	2077.3
12.953750	2033.7
12.957500	2027.3
12.961250	2060.6
12.965000	2081.6
12.968750	2006.0
12.972500	1988.7
12.976250	1972.5
12.980000	1968.3
12.983750	1985.8
12.987500	1965.9
12.991250	1951.3
12.995000	2052.1
12.998750	2016.2
13.002500	1972.2
13.006250	2052.5
13.010000	1952.1
13.013750	1973.1
13.017500	2013.0
13.021250	2017.7
13.025000	2006.5
13.028750	2027.3
13.032500	2019.2
13.036250	2071.4
13.040000	1996.9
13.043750	1984.4
13.047500	2070.1
13.051250	2091.0
13.055000	2090.2
13.058750	2028.8
13.062500	2125.4
13.066250	2061.9
13.070000	2053.5
13.073750	2030.0
13.077500	2048.9
13.081250	2092.9
13.085000	2128.2
13.088750	2125.1
13.092500	2104.0
13.096250	2234.7
13.100000	2259.6
13.103750	2324.6
13.107500	2339.8
13.111250	2338.8
13.115000	2336.4
13.118750	2387.0
13.122500	2479.8
13.126250	2647.6
13.130000	2802.7
13.133750	3003.9
13.137500	3110.0
13.141250	3204.3
13.145000	3701.7
13.148750	3976.6
13.152500	4382.8
13.156250	5082.3
13.160000	5817.2
13.163750	6736.6
13.167500	7563.4
13.171250	7905.0
13.175000	7792.7
13.178750	7587.6
13.182500	7023.8
13.186250	6252.2
13.190000	5431.9
13.193750	4815.4
13.197500	4242.5
13.201250	3821.5
13.205000	3629.2
13.208750	3367.1
13.212500	3143.3
13.216250	3038.1
13.220000	2953.9
13.223750	2892.4
13.227500	2806.3
13.231250	2713.0
13.235000	2566.9
13.238750	2627.5
13.242500	2556.5
13.246250	2449.0
13.250000	2539.6
13.253750	2370.1
13.257500	2332.7
13.261250	2347.1
13.265000	2252.3
13.268750	2252.9
13.272500	2219.7
13.276250	2173.7
13.280000	2251.1
13.283750	2197.3
13.287500	2207.4
13.291250	2161.0
13.295000	2214.0
13.298750	2133.6
13.302500	2099.5
13.306250	2124.3
13.310000	2147.5
13.313750	2219.4
13.317500	2112.7
13.321250	2027.1
13.325000	2076.5
13.328750	2072.0
13.332500	2066.1
13.336250	2059.8
13.340000	2065.1
13.343750	2117.0
13.347500	2001.5
13.351250	2104.2
13.355000	2025.2
13.358750	2033.6
13.362500	2070.9
13.366250	2100.0
13.370000	2069.5
13.373750	2029.2
13.377500	2009.5
13.381250	2031.0
13.385000	2061.6
13.388750	2008.8
13.392500	2008.5
13.396250	1909.0
13.400000	2038.9
13.403750	2018.6
13.407500	1995.1
13.411250	1991.0
13.415000	2014.5
13.418750	2046.3
13.422500	2010.3
13.426250	2015.2
13.430000	2027.7
13.433750	1987.2
13.437500	2025.6
13.441250	1960.8
13.445000	1986.4
13.448750	2043.3
13.452500	2036.6
13.456250	1943.4
13.460000	2108.4
13.463750	2118.1
13.467500	1987.5
13.471250	2135.5
13.475000	2222.9
13.478750	2302.6
13.482500	2461.6
13.486250	2694.8
13.490000	3025.1
13.493750	3342.0
13.497500	3561.1
13.501250	3567.7
13.505000	3304.7
13.508750	3098.3
13.512500	2881.9
13.516250	2538.4
13.520000	2256.2
13.523750	2225.5
13.527500	2055.1
13.531250	2134.5
13.535000	2037.1
13.538750	2143.5
13.542500	2055.2
13.546250	2019.6
13.550000	2075.7
13.553750	2016.2
13.557500	1983.3
13.561250	2082.3
13.565000	2038.6
13.568750	2037.0
13.572500	2004.1
13.576250	2022.0
13.580000	2042.5
13.583750	2051.6
13.587500	2026.2
13.591250	2037.2
13.595000	2090.5
13.598750	2062.6
13.602500	2104.4
13.606250	2064.2
13.610000	2018.1
13.613750	2061.7
13.617500	2152.5
13.621250	2065.8
13.625000	2120.2
13.628750	2065.4
13.632500	2144.1
13.636250	2055.7
13.640000	2156.7
13.643750	2127.5
13.647500	2129.5
13.651250	2264.7
13.655000	2171.7
13.658750	2228.0
13.662500	2280.1
13.666250	2253.3
13.670000	2344.6
13.673750	2323.5
13.677500	2401.2
13.681250	2433.7
13.685000	2509.8
13.688750	2484.6
13.692500	2503.6
13.696250	2686.2
13.700000	2739.6
13.703750	2886.1
13.707500	3135.0
13.711250	3256.5
13.715000	3607.0
13.718750	3740.9
13.722500	4150.8
13.726250	4599.6
13.730000	5136.5
13.733750	5637.2
13.737500	5954.6
13.741250	6381.8
13.745000	6541.5
13.748750	6208.7
13.752500	5854.1
13.756250	5428.3
13.760000	5000.3
13.763750	4568.1
13.767500	4224.8
13.771250	3896.9
13.775000	3614.4
13.778750	3452.6
13.782500	3310.0
13.786250	3215.4
13.790000	2982.9
13.793750	2887.0
13.797500	2858.4
13.801250	2947.1
13.805000	2870.8
13.808750	2707.9
13.812500	2676.5
13.816250	2673.4
13.820000	2620.4
13.823750	2609.6
13.827500	2566.0
13.831250	2620.8
13.835000	2417.8
13.838750	2494.8
13.842500	2647.7
13.846250	2557.6
13.850000	2561.7
13.853750	2541.8
13.857500	2622.1
13.861250	2536.3
13.865000	2596.5
13.868750	2588.9
13.872500	2660.3
13.876250	2590.3
13.880000	2716.4
13.883750	2825.0
13.887500	2949.8
13.891250	3188.9
13.895000	3181.4
13.898750	3356.9
13.902500	3575.0
13.906250	3742.4
13.910000	3937.3
13.913750	4036.4
13.917500	3920.5
13.921250	3758.0
13.925000	3586.2
13.928750	3385.1
13.932500	3114.2
13.936250	2902.1
13.940000	2732.1
13.943750	2703.0
13.947500	2604.9
13.951250	2387.0
13.955000	2298.7
13.958750	2334.1
13.962500	2250.4
13.966250	2247.6
13.970000	2183.2
13.973750	2249.1
13.977500	2093.5
13.981250	2138.9
13.985000	2071.3
13.988750	2030.0
13.992500	2011.3
13.996250	1991.2
14.000000	2081.6
14.003750	2000.9
14.007500	1981.1
14.011250	2037.2
14.015000	1999.6
14.018750	1993.0
14.022500	1989.2
14.026250	1982.4
14.030000	2043.7
14.033750	1923.2
14.037500	1940.3
14.041250	1944.2
14.045000	1884.5
14.048750	1921.6
14.052500	1942.0
14.056250	1882.1
14.060000	1907.6
14.063750	1900.6
14.067500	1957.4
14.071250	1933.1
14.075000	1966.4
14.078750	1921.4
14.082500	1934.0
14.086250	2021.6
14.090000	1932.0
14.093750	1950.4
14.097500	1954.0
14.101250	1984.1
14.105000	1978.7
14.108750	1884.9
14.112500	1918.9
14.116250	1863.2
14.120000	1878.7
14.123750	1911.3
14.127500	1881.0
14.131250	1841.8
14.135000	1955.7
14.138750	1938.9
14.142500	1856.5
14.146250	1869.2
14.150000	1903.8
14.153750	1927.2
14.157500	1875.2
14.161250	1856.9
14.165000	1886.3
14.168750	1883.8
14.172500	1877.6
14.176250	1858.6
14.180000	1929.8
14.183750	1877.1
14.187500	1842.7
14.191250	1875.4
14.195000	1896.7
14.198750	1907.9
14.202500	1945.6
14.206250	1821.9
14.210000	1844.5
14.213750	1944.6
14.217500	1881.4
14.221250	1822.6
14.225000	1803.1
14.228750	1857.3
14.232500	1856.2
14.236250	1870.4
14.240000	1885.4
14.243750	1905.3
14.247500	1875.6
14.251250	1970.8
14.255000	1868.0
14.258750	1838.5
14.262500	1946.5
14.266250	1965.1
14.270000	1883.0
14.273750	1944.3
14.277500	1987.3
14.281250	1943.1
14.285000	1990.7
14.288750	2024.4
14.292500	2048.2
14.296250	1999.8
14.300000	2040.3
14.303750	2050.5
14.307500	1943.3
14.311250	1883.8
14.315000	1948.4
14.318750	1988.1
14.322500	1919.4
14.326250	1878.4
14.330000	1860.9
14.333750	1969.6
14.337500	1908.3
14.341250	1900.4
14.345000	1870.0
14.348750	1839.0
14.352500	1806.5
14.356250	1850.5
14.360000	1914.2
14.363750	1920.9
14.367500	1916.9
14.371250	1856.3
14.375000	1868.1
14.378750	1912.9
14.382500	1827.0
14.386250	1859.4
14.390000	1892.2
14.393750	2018.6
14.397500	1865.5
14.401250	1829.1
14.405000	1903.6
14.408750	1834.1
14.412500	1819.4
14.416250	1772.0
14.420000	1872.9
14.423750	1892.7
14.427500	1861.1
14.431250	1834.9
14.435000	1902.4
14.438750	1846.7
14.442500	1815.4
14.446250	1810.8
14.450000	1816.8
14.453750	1859.3
14.457500	1886.5
14.461250	1770.4
14.465000	1826.7
14.468750	1845.7
14.472500	1852.7
14.476250	1842.6
14.480000	1812.9
14.483750	1891.0
14.487500	1762.8
14.491250	1806.4
14.495000	1894.7
14.498750	1871.2
14.502500	1842.1
14.506250	1819.8
14.510000	1853.7
14.513750	1868.7
14.517500	1892.0
14.521250	1840.7
14.525000	1828.4
14.528750	1826.4
14.532500	1806.6
14.536250	1853.3
14.540000	1851.1
14.543750	1933.9
14.547500	1869.4
14.551250	1831.5
14.555000	1824.1
14.558750	1837.7
14.562500	1867.9
14.566250	1829.1
14.570000	1825.3
14.573750	1846.9
14.577500	1850.1
14.581250	1886.0
14.585000	1888.4
14.588750	1903.0
14.592500	1869.0
14.596250	1866.2
14.600000	1824.2
14.603750	1822.0
14.607500	1855.6
14.611250	1812.1
14.615000	1906.0
14.618750	1924.8
14.622500	1844.9
14.626250	1785.3
14.630000	1843.3
14.633750	1834.7
14.637500	1869.8
14.641250	1903.8
14.645000	1830.4
14.648750	1798.4
14.652500	1861.7
14.656250	1920.5
14.660000	1896.1
14.663750	1830.3
14.667500	1853.8
14.671250	1847.8
14.675000	1857.4
14.678750	1846.9
14.682500	1833.1
14.686250	1858.3
14.690000	1895.7
14.693750	1802.8
14.697500	1860.4
14.701250	1905.7
14.705000	1847.7
14.708750	1889.4
14.712500	1921.8
14.716250	1879.7
14.720000	1930.6
14.723750	1879.3
14.727500	1858.4
14.731250	1849.8
14.735000	1960.9
14.738750	1888.1
14.742500	1948.1
14.746250	1936.6
14.750000	1905.9
14.753750	1920.5
14.757500	1888.3
14.761250	1935.3
14.765000	1958.7
14.768750	1916.2
14.772500	1909.2
14.776250	1903.3
14.780000	1910.9
14.783750	1990.8
14.787500	1971.6
14.791250	1943.6
14.795000	1943.2
14.798750	1985.9
14.802500	1942.5
14.806250	1881.5
14.810000	1933.4
14.813750	1988.8
14.817500	2003.8
14.821250	1987.7
14.825000	1969.7
14.828750	1922.1
14.832500	2019.7
14.836250	2062.2
14.840000	2106.1
14.843750	2066.9
14.847500	2058.2
14.851250	2051.3
14.855000	2098.3
14.858750	2085.2
14.862500	2149.8
14.866250	2154.8
14.870000	2139.9
14.873750	2212.3
14.877500	2178.4
14.881250	2156.2
14.885000	2222.1
14.888750	2213.2
14.892500	2317.5
14.896250	2275.9
14.900000	2357.8
14.903750	2416.0
14.907500	2448.6
14.911250	2465.8
14.915000	2590.3
14.918750	2630.5
14.922500	2749.7
14.926250	2806.6
14.930000	2997.7
14.933750	3048.4
14.937500	3240.7
14.941250	3518.0
14.945000	3756.1
14.948750	3947.1
14.952500	4119.2
14.956250	4174.1
14.960000	4266.9
14.963750	4163.3
14.967500	4040.8
14.971250	3872.7
14.975000	3630.0
14.978750	3453.2
14.982500	3189.8
14.986250	2984.6
14.990000	2747.3
14.993750	2616.7
14.997500	2523.2
15.001250	2449.6
15.005000	2309.1
15.008750	2329.6
15.012500	2164.1
15.016250	2247.4
15.020000	2234.5
15.023750	2074.0
15.027500	2105.2
15.031250	2148.1
15.035000	2053.8
15.038750	2043.3
15.042500	2028.6
15.046250	2007.2
15.050000	1984.2
15.053750	1946.6
15.057500	1964.3
15.061250	1938.4
15.065000	1942.8
15.068750	1916.6
15.072500	1937.9
15.076250	1949.4
15.080000	1905.1
15.083750	1956.8
15.087500	1972.9
15.091250	1960.0
15.095000	1982.2
15.098750	1905.6
15.102500	1941.6
15.106250	1854.5
15.110000	1895.8
15.113750	1939.7
15.117500	1903.2
15.121250	1931.0
15.125000	1832.7
15.128750	1915.9
15.132500	1929.2
15.136250	1827.1
15.140000	1900.4
15.143750	1892.4
15.147500	1787.5
15.151250	1876.1
15.155000	1879.1
15.158750	1821.4
15.162500	1829.2
15.166250	1888.1
15.170000	1887.0
15.173750	1853.8
15.177500	1788.6
15.181250	1863.1
15.185000	1943.7
15.188750	1827.9
15.192500	1800.9
15.196250	1881.5
15.200000	1868.4
15.203750	1943.3
15.207500	1898.4
15.211250	1963.1
15.215000	1971.7
15.218750	1858.9
15.222500	1826.3
15.226250	1849.3
15.230000	1817.7
15.233750	1816.2
15.237500	1906.2
15.241250	1922.4
15.245000	1884.0
15.248750	1885.7
15.252500	1889.6
15.256250	1854.1
15.260000	1892.9
15.263750	1858.3
15.267500	1861.6
15.271250	1843.7
15.275000	1872.5
15.278750	1867.1
15.282500	1893.1
15.286250	1838.0
15.290000	1945.6
15.293750	1922.9
15.297500	1884.0
15.301250	1928.7
15.305000	1922.1
15.308750	1952.2
15.312500	2065.7
15.316250	2033.1
15.320000	2011.4
15.323750	2081.5
15.327500	2117.9
15.331250	2146.3
15.335000	2289.1
15.338750	2348.5
15.342500	2308.2
15.346250	2517.7
15.350000	2713.1
15.353750	2633.3
15.357500	2829.6
15.361250	2856.4
15.365000	2896.6
15.368750	2843.6
15.372500	2845.2
15.376250	2803.9
15.380000	2798.2
15.383750	2633.2
15.387500	2568.0
15.391250	2406.3
15.395000	2443.3
15.398750	2282.9
15.402500	2278.7
15.406250	2191.6
15.410000	2208.2
15.413750	2115.0
15.417500	2067.9
15.421250	2089.5
15.425000	2119.1
15.428750	2026.2
15.432500	2146.0
15.436250	2011.8
15.440000	1991.0
15.443750	1907.4
15.447500	2001.2
15.451250	1903.6
15.455000	2010.3
15.458750	1957.7
15.462500	1975.0
15.466250	1973.5
15.470000	1990.3
15.473750	1969.4
15.477500	1960.4
15.481250	1879.1
15.485000	1994.9
15.488750	1909.4
15.492500	1913.4
15.496250	1900.5
15.500000	1963.6
15.503750	1889.1
15.507500	1912.2
15.511250	1909.3
15.515000	1900.5
15.518750	1859.9
15.522500	1944.7
15.526250	1861.5
15.530000	1954.3
15.533750	1983.0
15.537500	1914.7
15.541250	1902.3
15.545000	1867.5
15.548750	1892.5
15.552500	1959.2
15.556250	1862.4
15.560000	1884.9
15.563750	1855.9
15.567500	1863.1
15.571250	1870.4
15.575000	1887.6
15.578750	1817.6
15.582500	1855.1
15.586250	1990.1
15.590000	1848.5
15.593750	1790.3
15.597500	1896.8
15.601250	1934.8
15.605000	1841.6
15.608750	1848.6
15.612500	1947.4
15.616250	1903.4
15.620000	1870.2
15.623750	1876.1
15.627500	1804.0
15.631250	1869.1
15.635000	1784.9
15.638750	1896.0
15.642500	1920.3
15.646250	1822.1
15.650000	1881.0
15.653750	1809.8
15.657500	1879.2
15.661250	2063.3
15.665000	1927.3
15.668750	1841.7
15.672500	1954.5
15.676250	1973.3
15.680000	1886.2
15.683750	1831.9
15.687500	1867.0
15.691250	1869.4
15.695000	1863.4
15.698750	1895.2
15.702500	1872.2
15.706250	1930.0
15.710000	1817.3
15.713750	1890.1
15.717500	1841.0
15.721250	1901.2
15.725000	1900.8
15.728750	1873.6
15.732500	1911.1
15.736250	1823.2
15.740000	1888.6
15.743750	1877.9
15.747500	1844.9
15.751250	1987.8
15.755000	1984.9
15.758750	1936.9
15.762500	1908.5
15.766250	1946.0
15.770000	1967.9
15.773750	1906.6
15.777500	1911.0
15.781250	1862.2
15.785000	1982.6
15.788750	1936.6
15.792500	1978.0
15.796250	1964.0
15.800000	1919.7
15.803750	1976.1
15.807500	1920.4
15.811250	1959.6
15.815000	1950.9
15.818750	1930.8
15.822500	1861.1
15.826250	1927.3
15.830000	1980.5
15.833750	1929.7
15.837500	1961.2
15.841250	2020.5
15.845000	2006.5
15.848750	1944.9
15.852500	1956.8
15.856250	1948.7
15.860000	1968.7
15.863750	2044.4
15.867500	1934.0
15.871250	1924.6
15.875000	2004.3
15.878750	2026.2
15.882500	2053.0
15.886250	2040.0
15.890000	2023.6
15.893750	1966.2
15.897500	2040.8
15.901250	2091.1
15.905000	2000.2
15.908750	2036.0
15.912500	2059.6
15.916250	2042.7
15.920000	2077.1
15.923750	2088.4
15.927500	2113.7
15.931250	2131.2
15.935000	2058.1
15.938750	2144.5
15.942500	2087.9
15.946250	2177.8
15.950000	2180.1
15.953750	2172.7
15.957500	2202.2
15.961250	2220.7
15.965000	2289.7
15.968750	2284.4
15.972500	2350.6
15.976250	2395.5
15.980000	2401.0
15.983750	2375.2
15.987500	2491.0
15.991250	2452.7
15.995000	2415.5
15.998750	2585.9
16.002500	2642.9
16.006250	2707.3
16.010000	2884.4
16.013750	2879.6
16.017500	3053.4
16.021250	3141.7
16.025000	3110.3
16.028750	3358.2
16.032500	3620.5
16.036250	3716.6
16.040000	4087.0
16.043750	4367.8
16.047500	4609.1
16.051250	5069.1
16.055000	5444.9
16.058750	5868.9
16.062500	6982.4
16.066250	7668.8
16.070000	8380.6
16.073750	9161.0
16.077500	9932.8
16.081250	10128.4
16.085000	10072.4
16.088750	9851.9
16.092500	9302.7
16.096250	8502.6
16.100000	7667.9
16.103750	6976.4
16.107500	6174.9
16.111250	5595.5
16.115000	5114.0
16.118750	4390.0
16.122500	4143.1
16.126250	3975.5
16.130000	3821.0
16.133750	3530.3
16.137500	3393.0
16.141250	3222.3
16.145000	3022.5
16.148750	3044.4
16.152500	2843.7
16.156250	2849.6
16.160000	2774.3
16.163750	2726.7
16.167500	2711.6
16.171250	2569.7
16.175000	2519.6
16.178750	2506.0
16.182500	2505.8
16.186250	2380.4
16.190000	2424.4
16.193750	2303.6
16.197500	2265.6
16.201250	2323.7
16.205000	2270.0
16.208750	2218.0
16.212500	2244.4
16.216250	2375.1
16.220000	2221.6
16.223750	2322.2
16.227500	2302.9
16.231250	2228.9
16.235000	2204.6
16.238750	2230.7
16.242500	2163.7
16.246250	2187.5
16.250000	2209.6
16.253750	2178.7
16.257500	2177.3
16.261250	2183.8
16.265000	2199.7
16.268750	2193.1
16.272500	2236.2
16.276250	2244.7
16.280000	2244.6
16.283750	2264.5
16.287500	2280.2
16.291250	2234.1
16.295000	2325.9
16.298750	2323.1
16.302500	2270.6
16.306250	2341.4
16.310000	2342.8
16.313750	2384.1
16.317500	2353.0
16.321250	2284.8
16.325000	2359.7
16.328750	2356.6
16.332500	2241.0
16.336250	2275.2
16.340000	2340.0
16.343750	2263.8
16.347500	2224.1
16.351250	2212.5
16.355000	2113.8
16.358750	2171.6
16.362500	2174.8
16.366250	2087.9
16.370000	2096.6
16.373750	2148.0
16.377500	2119.4
16.381250	1997.6
16.385000	2186.1
16.388750	2133.2
16.392500	2082.0
16.396250	2009.8
16.400000	2037.0
16.403750	2007.6
16.407500	2053.7
16.411250	2069.6
16.415000	2021.3
16.418750	2120.9
16.422500	2140.3
16.426250	2059.6
16.430000	2020.8
16.433750	2040.2
16.437500	2114.3
16.441250	2083.4
16.445000	2037.8
16.448750	2033.4
16.452500	2051.6
16.456250	2134.5
16.460000	2161.4
16.463750	2127.3
16.467500	2072.8
16.471250	2029.6
16.475000	2149.8
16.478750	2012.6
16.482500	2030.3
16.486250	2029.7
16.490000	2024.5
16.493750	1987.1
16.497500	2037.6
16.501250	1999.3
16.505000	2034.9
16.508750	2006.8
16.512500	2013.3
16.516250	1985.6
16.520000	1995.2
16.523750	2042.8
16.527500	2018.3
16.531250	1937.3
16.535000	2040.8
16.538750	2024.1
16.542500	1993.3
16.546250	1993.5
16.550000	2011.9
16.553750	1989.0
16.557500	2031.3
16.561250	1971.7
16.565000	1975.3
16.568750	1997.9
16.572500	2005.6
16.576250	1979.6
16.580000	1950.6
16.583750	1980.9
16.587500	2049.2
16.591250	2033.6
16.595000	1929.8
16.598750	2006.9
16.602500	2018.5
16.606250	1949.5
16.610000	1973.8
16.613750	1968.6
16.617500	2000.9
16.621250	1979.9
16.625000	1922.8
16.628750	1984.0
16.632500	2062.9
16.636250	1997.0
16.640000	2035.7
16.643750	1974.9
16.647500	1974.2
16.651250	2052.6
16.655000	2047.5
16.658750	1923.3
16.662500	1941.3
16.666250	1995.3
16.670000	2020.1
16.673750	2027.3
16.677500	2034.1
16.681250	2034.5
16.685000	2059.7
16.688750	1908.0
16.692500	1945.6
16.696250	2042.5
16.700000	2048.6
16.703750	1974.2
16.707500	1986.6
16.711250	1870.2
16.715000	2006.0
16.718750	2024.2
16.722500	2017.9
16.726250	2017.3
16.730000	2013.4
16.733750	2072.5
16.737500	2041.0
16.741250	2031.0
16.745000	2009.6
16.748750	1978.5
16.752500	2095.6
16.756250	2149.3
16.760000	2041.9
16.763750	1972.1
16.767500	2077.9
16.771250	2039.3
16.775000	2078.2
16.778750	2033.3
16.782500	2128.0
16.786250	2047.4
16.790000	2054.6
16.793750	2127.4
16.797500	2088.8
16.801250	2078.6
16.805000	2100.1
16.808750	2075.2
16.812500	2106.5
16.816250	2111.3
16.820000	2207.3
16.823750	2223.5
16.827500	2207.8
16.831250	2138.1
16.835000	2205.6
16.838750	2117.9
16.842500	2154.5
16.846250	2177.4
16.850000	2188.2
16.853750	2232.0
16.857500	2201.0
16.861250	2109.9
16.865000	2189.3
16.868750	2155.2
16.872500	2139.4
16.876250	2107.7
16.880000	2103.0
16.883750	2153.7
16.887500	2104.8
16.891250	2074.3
16.895000	2053.9
16.898750	2098.2
16.902500	2195.6
16.906250	2054.6
16.910000	2084.4
16.913750	2136.2
16.917500	2181.6
16.921250	2127.6
16.925000	2160.0
16.928750	2169.1
16.932500	2184.3
16.936250	2194.3
16.940000	2221.5
16.943750	2147.5
16.947500	2231.9
16.951250	2183.4
16.955000	2219.2
16.958750	2252.0
16.962500	2223.6
16.966250	2217.5
16.970000	2361.1
16.973750	2270.1
16.977500	2342.6
16.981250	2290.7
16.985000	2293.1
16.988750	2305.8
16.992500	2271.3
16.996250	2310.4
17.000000	2373.0
17.003750	2421.6
17.007500	2462.8
17.011250	2532.9
17.015000	2543.5
17.018750	2674.4
17.022500	2776.8
17.026250	2753.5
17.030000	2955.6
17.033750	2920.3
17.037500	3039.8
17.041250	3164.4
17.045000	3198.0
17.048750	3312.9
17.052500	3355.1
17.056250	3240.9
17.060000	3210.7
17.063750	3093.7
17.067500	3005.9
17.071250	2894.0
17.075000	2739.3
17.078750	2744.3
17.082500	2732.9
17.086250	2628.5
17.090000	2541.8
17.093750	2510.4
17.097500	2473.7
17.101250	2482.7
17.105000	2367.1
17.108750	2302.7
17.112500	2346.2
17.116250	2371.9
17.120000	2319.4
17.123750	2238.3
17.127500	2173.2
17.131250	2218.7
17.135000	2352.4
17.138750	2272.3
17.142500	2355.4
17.146250	2309.8
17.150000	2331.9
17.153750	2268.5
17.157500	2262.7
17.161250	2261.1
17.165000	2288.2
17.168750	2374.9
17.172500	2509.5
17.176250	2631.6
17.180000	2868.1
17.183750	3223.3
17.187500	3897.0
17.191250	4954.2
17.195000	6616.1
17.198750	7959.9
17.202500	9058.2
17.206250	9608.3
17.210000	9556.1
17.213750	8917.8
17.217500	7394.0
17.221250	6029.5
17.225000	4511.7
17.228750	3401.0
17.232500	2911.7
17.236250	2638.0
17.240000	2488.2
17.243750	2342.4
17.247500	2242.0
17.251250	2185.6
17.255000	2177.8
17.258750	2132.4
17.262500	2152.9
17.266250	2103.0
17.270000	2212.6
17.273750	2190.7
17.277500	2153.0
17.281250	2110.6
17.285000	2110.4
17.288750	2053.1
17.292500	2127.2
17.296250	2114.2
17.300000	2092.3
17.303750	2153.4
17.307500	2131.4
17.311250	2030.6
17.315000	2032.1
17.318750	2117.2
17.322500	2057.0
17.326250	2078.4
17.330000	2127.8
17.333750	2164.2
17.337500	2060.9
17.341250	2137.3
17.345000	2104.4
17.348750	2056.7
17.352500	2113.6
17.356250	2160.5
17.360000	2069.7
17.363750	2160.1
17.367500	2130.7
17.371250	2140.3
17.375000	2085.4
17.378750	2046.7
17.382500	2120.5
17.386250	2074.3
17.390000	2120.3
17.393750	2037.9
17.397500	2163.0
17.401250	2105.5
17.405000	2106.2
17.408750	2127.8
17.412500	2110.9
17.416250	2042.1
17.420000	1990.8
17.423750	2063.2
17.427500	2092.3
17.431250	2074.9
17.435000	2043.0
17.438750	2063.3
17.442500	2113.1
17.446250	2062.9
17.450000	2095.7
17.453750	2120.0
17.457500	2068.0
17.461250	2034.6
17.465000	2065.6
17.468750	2116.0
17.472500	2152.6
17.476250	2077.1
17.480000	2111.4
17.483750	2073.4
17.487500	2070.3
17.491250	2058.7
17.495000	2080.5
17.498750	2055.8
17.502500	2157.1
17.506250	2151.8
17.510000	2115.2
17.513750	2144.6
17.517500	2144.6
17.521250	2117.8
17.525000	2138.7
17.528750	2211.5
17.532500	2108.2
17.536250	2116.8
17.540000	2159.7
17.543750	2126.2
17.547500	2178.3
17.551250	2096.7
17.555000	2114.8
17.558750	2173.9
17.562500	2107.3
17.566250	2076.9
17.570000	2110.9
17.573750	2032.2
17.577500	2063.4
17.581250	2089.9
17.585000	2110.5
17.588750	2135.0
17.592500	2161.6
17.596250	2058.8
17.600000	2210.9
17.603750	2138.2
17.607500	2111.0
17.611250	2220.6
17.615000	2165.9
17.618750	2157.5
17.622500	2092.9
17.626250	2081.8
17.630000	2177.8
17.633750	2198.0
17.637500	2146.5
17.641250	2133.3
17.645000	2076.4
17.648750	2144.5
17.652500	2191.7
17.656250	2193.1
17.660000	2200.3
17.663750	2144.5
17.667500	2140.5
17.671250	2130.7
17.675000	2136.9
17.678750	2087.0
17.682500	2091.2
17.686250	2149.6
17.690000	2171.5
17.693750	2183.8
17.697500	2084.8
17.701250	2200.7
17.705000	2175.7
17.708750	2177.8
17.712500	2199.5
17.716250	2204.8
17.720000	2155.2
17.723750	2176.6
17.727500	2189.3
17.731250	2204.5
17.735000	2096.5
17.738750	2181.8
17.742500	2182.6
17.746250	2174.9
17.750000	2087.2
17.753750	2122.9
17.757500	2211.9
17.761250	2222.8
17.765000	2172.8
17.768750	2156.9
17.772500	2218.3
17.776250	2190.0
17.780000	2135.0
17.783750	2195.8
17.787500	2203.8
17.791250	2182.3
17.795000	2186.9
17.798750	2166.2
17.802500	2157.4
17.806250	2191.2
17.810000	2209.4
17.813750	2193.7
17.817500	2156.5
17.821250	2206.2
17.825000	2178.9
17.828750	2186.5
17.832500	2152.1
17.836250	2133.5
17.840000	2117.8
17.843750	2187.1
17.847500	2210.7
17.851250	2145.0
17.855000	2167.8
17.858750	2215.8
17.862500	2204.9
17.866250	2135.1
17.870000	2188.2
17.873750	2225.2
17.877500	2245.2
17.881250	2194.2
17.885000	2231.3
17.888750	2244.7
17.892500	2133.1
17.896250	2202.8
17.900000	2154.4
17.903750	2193.4
17.907500	2243.3
17.911250	2269.5
17.915000	2247.0
17.918750	2194.9
17.922500	2235.1
17.926250	2193.0
17.930000	2217.9
17.933750	2262.4
17.937500	2144.8
17.941250	2149.7
17.945000	2198.0
17.948750	2183.3
17.952500	2146.0
17.956250	2205.0
17.960000	2145.8
17.963750	2271.0
17.967500	2203.2
17.971250	2191.1
17.975000	2186.0
17.978750	2231.1
17.982500	2189.1
17.986250	2301.0
17.990000	2174.8
17.993750	2194.9
17.997500	2191.9
18.001250	2228.3
18.005000	2215.4
18.008750	2144.4
18.012500	2180.1
18.016250	2200.9
18.020000	2196.4
18.023750	2269.3
18.027500	2251.9
18.031250	2278.5
18.035000	2278.0
18.038750	2318.0
18.042500	2200.7
18.046250	2325.4
18.050000	2249.9
18.053750	2229.4
18.057500	2242.7
18.061250	2164.5
18.065000	2183.3
18.068750	2331.9
18.072500	2276.0
18.076250	2276.3
18.080000	2246.5
18.083750	2367.7
18.087500	2302.8
18.091250	2294.5
18.095000	2307.5
18.098750	2271.6
18.102500	2294.5
18.106250	2183.8
18.110000	2171.8
18.113750	2289.7
18.117500	2243.6
18.121250	2250.3
18.125000	2220.7
18.128750	2274.7
18.132500	2268.3
18.136250	2285.3
18.140000	2218.0
18.143750	2378.9
18.147500	2300.1
18.151250	2303.1
18.155000	2314.8
18.158750	2271.7
18.162500	2270.6
18.166250	2255.5
18.170000	2217.4
18.173750	2301.6
18.177500	2370.6
18.181250	2391.5
18.185000	2360.9
18.188750	2409.9
18.192500	2382.7
18.196250	2445.6
18.200000	2297.9
18.203750	2332.3
18.207500	2383.2
18.211250	2432.1
18.215000	2312.1
18.218750	2371.7
18.222500	2441.9
18.226250	2433.6
18.230000	2529.2
18.233750	2449.4
18.237500	2471.8
18.241250	2479.0
18.245000	2562.4
18.248750	2708.5
18.252500	2542.9
18.256250	2579.1
18.260000	2570.3
18.263750	2589.3
18.267500	2543.2
18.271250	2595.1
18.275000	2476.8
18.278750	2523.9
18.282500	2430.1
18.286250	2500.6
18.290000	2494.3
18.293750	2426.6
18.297500	2407.5
18.301250	2433.3
18.305000	2297.2
18.308750	2441.5
18.312500	2408.5
18.316250	2423.6
18.320000	2336.1
18.323750	2366.0
18.327500	2300.4
18.331250	2350.4
18.335000	2389.5
18.338750	2427.0
18.342500	2344.7
18.346250	2410.1
18.350000	2277.5
18.353750	2389.5
18.357500	2308.9
18.361250	2410.3
18.365000	2279.6
18.368750	2275.6
18.372500	2333.1
18.376250	2331.1
18.380000	2363.1
18.383750	2262.7
18.387500	2268.0
18.391250	2360.5
18.395000	2362.1
18.398750	2432.8
18.402500	2372.8
18.406250	2428.6
18.410000	2325.4
18.413750	2422.8
18.417500	2332.6
18.421250	2298.1
18.425000	2382.1
18.428750	2421.4
18.432500	2361.1
18.436250	2358.9
18.440000	2432.8
18.443750	2434.3
18.447500	2396.4
18.451250	2287.5
18.455000	2366.8
18.458750	2345.0
18.462500	2349.6
18.466250	2483.4
18.470000	2416.4
18.473750	2410.1
18.477500	2331.1
18.481250	2414.3
18.485000	2429.6
18.488750	2418.9
18.492500	2489.1
18.496250	2437.2
18.500000	2444.5
18.503750	2482.1
18.507500	2499.1
18.511250	2402.8
18.515000	2454.6
18.518750	2513.0
18.522500	2598.8
18.526250	2628.6
18.530000	2605.9
18.533750	2729.8
18.537500	2726.6
18.541250	2695.2
18.545000	2656.9
18.548750	2754.2
18.552500	2517.4
18.556250	2641.4
18.560000	2731.9
18.563750	2634.5
18.567500	2583.9
18.571250	2605.2
18.575000	2614.3
18.578750	2482.3
18.582500	2477.8
18.586250	2598.8
18.590000	2483.8
18.593750	2423.3
18.597500	2443.5
18.601250	2475.1
18.605000	2391.1
18.608750	2499.9
18.612500	2468.5
18.616250	2460.4
18.620000	2496.0
18.623750	2458.0
18.627500	2313.5
18.631250	2418.6
18.635000	2467.3
18.638750	2403.9
18.642500	2422.0
18.646250	2392.1
18.650000	2431.8
18.653750	2396.2
18.657500	2404.7
18.661250	2389.7
18.665000	2408.1
18.668750	2429.3
18.672500	2403.1
18.676250	2402.8
18.680000	2409.5
18.683750	2449.4
18.687500	2396.6
18.691250	2436.2
18.695000	2384.4
18.698750	2403.2
18.702500	2309.3
18.706250	2430.8
18.710000	2364.6
18.713750	2362.2
18.717500	2355.8
18.721250	2455.5
18.725000	2372.0
18.728750	2401.9
18.732500	2408.4
18.736250	2416.1
18.740000	2473.0
18.743750	2522.7
18.747500	2398.6
18.751250	2369.4
18.755000	2354.3
18.758750	2298.3
18.762500	2341.9
18.766250	2385.9
18.770000	2336.8
18.773750	2352.7
18.777500	2387.9
18.781250	2374.2
18.785000	2382.7
18.788750	2435.1
18.792500	2508.3
18.796250	2350.5
18.800000	2243.0
18.803750	2350.9
18.807500	2356.7
18.811250	2338.8
18.815000	2290.1
18.818750	2344.9
18.822500	2389.9
18.826250	2367.7
18.830000	2441.3
18.833750	2491.1
18.837500	2400.5
18.841250	2515.1
18.845000	2445.4
18.848750	2372.3
18.852500	2324.5
18.856250	2401.3
18.860000	2304.1
18.863750	2328.8
18.867500	2350.0
18.871250	2345.4
18.875000	2336.4
18.878750	2404.8
18.882500	2353.4
18.886250	2339.9
18.890000	2354.7
18.893750	2402.1
18.897500	2391.1
18.901250	2363.4
18.905000	2381.7
18.908750	2374.1
18.912500	2429.7
18.916250	2453.0
18.920000	2453.8
18.923750	2423.4
18.927500	2350.7
18.931250	2486.6
18.935000	2413.0
18.938750	2365.6
18.942500	2351.2
18.946250	2306.4
18.950000	2345.8
18.953750	2362.1
18.957500	2338.4
18.961250	2378.5
18.965000	2431.1
18.968750	2391.7
18.972500	2365.6
18.976250	2331.5
18.980000	2422.7
18.983750	2406.6
18.987500	2408.4
18.991250	2395.6
18.995000	2273.5
18.998750	2395.2
19.002500	2398.4
19.006250	2468.4
19.010000	2390.9
19.013750	2356.6
19.017500	2424.4
19.021250	2405.4
19.025000	2396.2
19.028750	2370.1
19.032500	2373.5
19.036250	2426.5
19.040000	2366.8
19.043750	2362.9
19.047500	2474.5
19.051250	2475.2
19.055000	2331.6
19.058750	2388.0
19.062500	2468.5
19.066250	2330.9
19.070000	2357.6
19.073750	2351.3
19.077500	2453.5
19.081250	2375.1
19.085000	2419.1
19.088750	2381.4
19.092500	2362.7
19.096250	2363.4
19.100000	2399.3
19.103750	2393.3
19.107500	2400.2
19.111250	2348.0
19.115000	2385.4
19.118750	2374.4
19.122500	2368.3
19.126250	2372.1
19.130000	2411.2
19.133750	2470.2
19.137500	2419.0
19.141250	2365.2
19.145000	2467.1
19.148750	2406.5
19.152500	2398.3
19.156250	2489.4
19.160000	2416.6
19.163750	2343.2
19.167500	2367.2
19.171250	2396.8
19.175000	2435.8
19.178750	2436.1
19.182500	2479.5
19.186250	2355.3
19.190000	2358.5
19.193750	2440.5
19.197500	2410.3
19.201250	2501.9
19.205000	2387.3
19.208750	2368.6
19.212500	2415.4
19.216250	2381.8
19.220000	2377.9
19.223750	2478.2
19.227500	2414.7
19.231250	2367.4
19.235000	2495.9
19.238750	2464.3
19.242500	2378.5
19.246250	2363.0
19.250000	2479.6
19.253750	2384.3
19.257500	2414.0
19.261250	2437.6
19.265000	2401.8
19.268750	2417.8
19.272500	2488.0
19.276250	2400.4
19.280000	2343.4
19.283750	2503.8
19.287500	2459.9
19.291250	2383.4
19.295000	2391.3
19.298750	2453.7
19.302500	2403.1
19.306250	2329.3
19.310000	2449.1
19.313750	2379.5
19.317500	2371.5
19.321250	2427.0
19.325000	2360.8
19.328750	2409.3
19.332500	2376.4
19.336250	2302.4
19.340000	2457.9
19.343750	2505.0
19.347500	2426.6
19.351250	2329.8
19.355000	2380.4
19.358750	2359.1
19.362500	2397.4
19.366250	2250.1
19.370000	2370.9
19.373750	2458.2
19.377500	2416.8
19.381250	2371.0
19.385000	2315.8
19.388750	2375.5
19.392500	2446.6
19.396250	2378.0
19.400000	2429.9
19.403750	2356.1
19.407500	2426.8
19.411250	2422.9
19.415000	2444.3
19.418750	2437.7
19.422500	2413.8
19.426250	2424.2
19.430000	2404.3
19.433750	2399.1
19.437500	2337.1
19.441250	2409.5
19.445000	2450.6
19.448750	2393.9
19.452500	2379.0
19.456250	2437.2
19.460000	2342.8
19.463750	2441.3
19.467500	2438.0
19.471250	2499.5
19.475000	2463.1
19.478750	2356.9
19.482500	2398.9
19.486250	2440.4
19.490000	2489.4
19.493750	2379.5
19.497500	2355.8
19.501250	2420.4
19.505000	2377.7
19.508750	2418.7
19.512500	2403.1
19.516250	2490.3
19.520000	2471.8
19.523750	2498.0
19.527500	2436.4
19.531250	2429.2
19.535000	2476.2
19.538750	2457.6
19.542500	2501.0
19.546250	2473.4
19.550000	2475.8
19.553750	2437.8
19.557500	2565.5
19.561250	2566.1
19.565000	2493.5
19.568750	2567.7
19.572500	2566.6
19.576250	2493.5
19.580000	2527.2
19.583750	2500.6
19.587500	2522.0
19.591250	2556.2
19.595000	2542.9
19.598750	2498.7
19.602500	2583.1
19.606250	2628.0
19.610000	2613.3
19.613750	2513.4
19.617500	2559.9
19.621250	2516.4
19.625000	2499.3
19.628750	2476.6
19.632500	2488.1
19.636250	2399.1
19.640000	2550.0
19.643750	2515.8
19.647500	2471.8
19.651250	2546.7
19.655000	2481.1
19.658750	2363.6
19.662500	2308.4
19.666250	2383.8
19.670000	2466.5
19.673750	2433.0
19.677500	2379.9
19.681250	2451.0
19.685000	2426.3
19.688750	2326.8
19.692500	2452.1
19.696250	2491.7
19.700000	2463.3
19.703750	2350.8
19.707500	2407.4
19.711250	2408.7
19.715000	2460.9
19.718750	2373.6
19.722500	2475.6
19.726250	2468.7
19.730000	2406.9
19.733750	2378.3
19.737500	2389.6
19.741250	2371.1
19.745000	2418.5
19.748750	2391.1
19.752500	2438.0
19.756250	2425.1
19.760000	2325.7
19.763750	2332.0
19.767500	2335.9
19.771250	2329.5
19.775000	2417.8
19.778750	2497.8
19.782500	2318.9
19.786250	2370.8
19.790000	2440.2
19.793750	2452.7
19.797500	2405.0
19.801250	2405.4
19.805000	2436.1
19.808750	2429.6
19.812500	2421.1
19.816250	2473.7
19.820000	2361.3
19.823750	2425.4
19.827500	2435.4
19.831250	2350.7
19.835000	2385.9
19.838750	2326.5
19.842500	2406.7
19.846250	2388.4
19.850000	2372.1
19.853750	2363.5
19.857500	2349.9
19.861250	2329.7
19.865000	2389.0
19.868750	2369.3
19.872500	2358.2
19.876250	2455.0
19.880000	2425.5
19.883750	2438.3
19.887500	2450.9
19.891250	2380.7
19.895000	2366.4
19.898750	2314.9
19.902500	2336.8
19.906250	2385.3
19.910000	2398.3
19.913750	2404.0
19.917500	2440.6
19.921250	2391.1
19.925000	2393.4
19.928750	2360.9
19.932500	2422.6
19.936250	2409.2
19.940000	2454.3
19.943750	2361.9
19.947500	2360.7
19.951250	2361.9
19.955000	2455.9
19.958750	2418.3
19.962500	2345.8
19.966250	2364.2
19.970000	2358.4
19.973750	2414.0
19.977500	2414.6
19.981250	2464.3
19.985000	2343.9
19.988750	2322.8
19.992500	2367.1
19.996250	2406.4
20.000000	2325.9
20.003750	2316.9
20.007500	2342.6
20.011250	2319.4
20.015000	2452.4
20.018750	2420.7
20.022500	2365.6
20.026250	2430.7
20.030000	2370.9
20.033750	2475.3
20.037500	2478.5
20.041250	2313.8
20.045000	2444.4
20.048750	2307.7
20.052500	2458.8
20.056250	2449.3
20.060000	2388.9
20.063750	2344.0
20.067500	2330.9
20.071250	2372.4
20.075000	2411.9
20.078750	2413.7
20.082500	2378.2
20.086250	2466.9
20.090000	2411.3
20.093750	2308.2
20.097500	2372.0
20.101250	2314.8
20.105000	2402.7
20.108750	2385.1
20.112500	2348.3
20.116250	2385.8
20.120000	2381.3
20.123750	2375.7
20.127500	2350.2
20.131250	2363.4
20.135000	2333.0
20.138750	2446.4
20.142500	2408.1
20.146250	2405.7
20.150000	2443.2
20.153750	2428.3
20.157500	2363.5
20.161250	2383.0
20.165000	2403.9
20.168750	2370.6
20.172500	2418.4
20.176250	2316.7
20.180000	2393.9
20.183750	2328.7
20.187500	2372.7
20.191250	2333.9
20.195000	2214.8
20.198750	2342.2
20.202500	2414.2
20.206250	2340.1
20.210000	2419.4
20.213750	2460.2
20.217500	2429.0
20.221250	2272.2
20.225000	2323.3
20.228750	2361.0
20.232500	2352.7
20.236250	2347.6
20.240000	2461.1
20.243750	2392.7
20.247500	2349.2
20.251250	2448.5
20.255000	2368.1
20.258750	2461.0
20.262500	2490.7
20.266250	2367.5
20.270000	2411.7
20.273750	2411.8
20.277500	2422.3
20.281250	2361.7
20.285000	2379.1
20.288750	2397.5
20.292500	2494.4
20.296250	2448.1
20.300000	2410.3
20.303750	2415.4
20.307500	2455.7
20.311250	2411.3
20.315000	2413.8
20.318750	2368.9
20.322500	2464.6
20.326250	2471.9
20.330000	2350.7
20.333750	2452.4
20.337500	2444.5
20.341250	2400.3
20.345000	2376.1
20.348750	2430.4
20.352500	2486.4
20.356250	2448.9
20.360000	2405.9
20.363750	2373.5
20.367500	2339.7
20.371250	2377.4
20.375000	2399.6
20.378750	2471.1
20.382500	2374.1
20.386250	2325.4
20.390000	2345.3
20.393750	2360.2
20.397500	2449.0
20.401250	2400.4
20.405000	2287.5
20.408750	2285.9
20.412500	2422.0
20.416250	2352.5
20.420000	2325.2
20.423750	2322.7
20.427500	2321.9
20.431250	2330.3
20.435000	2345.8
20.438750	2335.6
20.442500	2389.6
20.446250	2385.5
20.450000	2291.4
20.453750	2316.2
20.457500	2290.7
20.461250	2281.4
20.465000	2304.1
20.468750	2309.2
20.472500	2323.2
20.476250	2335.8
20.480000	2369.9
20.483750	2390.3
20.487500	2400.1
20.491250	2367.3
20.495000	2346.5
20.498750	2285.6
20.502500	2282.9
20.506250	2367.2
20.510000	2333.6
20.513750	2282.5
20.517500	2373.1
20.521250	2323.8
20.525000	2361.8
20.528750	2451.8
20.532500	2384.1
20.536250	2247.7
20.540000	2264.7
20.543750	2271.0
20.547500	2304.6
20.551250	2410.0
20.555000	2362.6
20.558750	2289.3
20.562500	2332.6
20.566250	2262.2
20.570000	2317.6
20.573750	2361.6
20.577500	2240.0
20.581250	2286.8
20.585000	2207.4
20.588750	2284.4
20.592500	2353.0
20.596250	2282.2
20.600000	2245.8
20.603750	2309.2
20.607500	2418.5
20.611250	2374.9
20.615000	2325.6
20.618750	2257.5
20.622500	2239.8
20.626250	2268.1
20.630000	2300.1
20.633750	2343.6
20.637500	2410.1
20.641250	2394.3
20.645000	2366.2
20.648750	2349.0
20.652500	2307.2
20.656250	2336.1
20.660000	2307.9
20.663750	2245.1
20.667500	2291.8
20.671250	2419.9
20.675000	2397.0
20.678750	2320.1
20.682500	2216.9
20.686250	2204.6
20.690000	2212.2
20.693750	2316.1
20.697500	2344.2
20.701250	2265.0
20.705000	2238.7
20.708750	2339.6
20.712500	2332.8
20.716250	2323.8
20.720000	2323.2
20.723750	2354.3
20.727500	2448.0
20.731250	2346.2
20.735000	2291.6
20.738750	2275.5
20.742500	2249.8
20.746250	2333.1
20.750000	2277.9
20.753750	2308.4
20.757500	2333.7
20.761250	2224.0
20.765000	2300.2
20.768750	2223.7
20.772500	2303.4
20.776250	2297.5
20.780000	2384.2
20.783750	2342.2
20.787500	2333.8
20.791250	2407.2
20.795000	2301.4
20.798750	2320.9
20.802500	2253.5
20.806250	2236.3
20.810000	2303.5
20.813750	2326.6
20.817500	2348.2
20.821250	2357.3
20.825000	2304.9
20.828750	2395.0
20.832500	2413.8
20.836250	2307.0
20.840000	2305.2
20.843750	2336.1
20.847500	2280.4
20.851250	2382.0
20.855000	2316.3
20.858750	2288.1
20.862500	2249.1
20.866250	2293.3
20.870000	2325.8
20.873750	2311.2
20.877500	2285.4
20.881250	2323.5
20.885000	2450.3
20.888750	2375.9
20.892500	2319.4
20.896250	2325.0
20.900000	2426.6
20.903750	2523.1
20.907500	2525.2
20.911250	2511.2
20.915000	2514.0
20.918750	2557.3
20.922500	2552.5
20.926250	2610.5
20.930000	2639.0
20.933750	2591.3
20.937500	2677.8
20.941250	2635.6
20.945000	2653.3
20.948750	2587.4
20.952500	2533.3
20.956250	2593.3
20.960000	2564.9
20.963750	2467.3
20.967500	2368.0
20.971250	2409.2
20.975000	2325.1
20.978750	2381.7
20.982500	2401.0
20.986250	2299.6
20.990000	2333.7
20.993750	2302.5
20.997500	2343.3
21.001250	2416.0
21.005000	2214.7
21.008750	2359.4
21.012500	2410.3
21.016250	2375.1
21.020000	2373.4
21.023750	2328.0
21.027500	2374.3
21.031250	2195.7
21.035000	2289.4
21.038750	2217.7
21.042500	2314.4
21.046250	2298.5
21.050000	2205.1
21.053750	2237.4
21.057500	2256.7
21.061250	2340.7
21.065000	2235.4
21.068750	2248.4
21.072500	2288.1
21.076250	2207.7
21.080000	2152.7
21.083750	2160.8
21.087500	2255.5
21.091250	2222.4
21.095000	2170.9
21.098750	2294.9
21.102500	2191.9
21.106250	2151.2
21.110000	2225.7
21.113750	2064.4
21.117500	2115.1
21.121250	2238.2
21.125000	2149.7
21.128750	2153.5
21.132500	2253.6
21.136250	2137.5
21.140000	2242.7
21.143750	2290.6
21.147500	2132.2
21.151250	2224.3
21.155000	2229.8
21.158750	2125.9
21.162500	2193.2
21.166250	2263.9
21.170000	2224.5
21.173750	2222.9
21.177500	2152.8
21.181250	2270.0
21.185000	2272.5
21.188750	2216.4
21.192500	2225.9
21.196250	2240.0
21.200000	2201.1
21.203750	2239.5
21.207500	2200.5
21.211250	2153.9
21.215000	2161.7
21.218750	2183.4
21.222500	2178.6
21.226250	2137.1
21.230000	2245.3
21.233750	2253.5
21.237500	2159.6
21.241250	2148.8
21.245000	2245.8
21.248750	2131.1
21.252500	2185.9
21.256250	2216.6
21.260000	2232.9
21.263750	2202.0
21.267500	2126.3
21.271250	2190.0
21.275000	2238.3
21.278750	2198.1
21.282500	2172.2
21.286250	2171.2
21.290000	2096.8
21.293750	2170.9
21.297500	2178.8
21.301250	2186.9
21.305000	2164.0
21.308750	2129.7
21.312500	2212.5
21.316250	2141.0
21.320000	2198.5
21.323750	2162.2
21.327500	2198.8
21.331250	2150.0
21.335000	2127.2
21.338750	2127.4
21.342500	2207.8
21.346250	2152.6
21.350000	2142.4
21.353750	2186.3
21.357500	2065.4
21.361250	2177.5
21.365000	2172.7
21.368750	2207.6
21.372500	2126.5
21.376250	2056.5
21.380000	2113.2
21.383750	2126.5
21.387500	2138.9
21.391250	2139.7
21.395000	2166.7
21.398750	2157.6
21.402500	2161.2
21.406250	2103.2
21.410000	2093.4
21.413750	2131.7
21.417500	2143.6
21.421250	2154.5
21.425000	2130.7
21.428750	2216.8
21.432500	2092.6
21.436250	2131.4
21.440000	2133.9
21.443750	2030.1
21.447500	2086.7
21.451250	2109.2
21.455000	2153.1
21.458750	2139.3
21.462500	2156.0
21.466250	2148.8
21.470000	2132.8
21.473750	2122.9
21.477500	2081.3
21.481250	2082.2
21.485000	2135.3
21.488750	2138.0
21.492500	2152.5
21.496250	2130.0
21.500000	2106.3
21.503750	2143.8
21.507500	2192.3
21.511250	2166.1
21.515000	2146.3
21.518750	2107.7
21.522500	2099.4
21.526250	2095.2
21.530000	2115.0
21.533750	2165.9
21.537500	2109.4
21.541250	2076.3
21.545000	2074.8
21.548750	2070.5
21.552500	2100.7
21.556250	2150.6
21.560000	2139.9
21.563750	2077.2
21.567500	2164.9
21.571250	2138.8
21.575000	2162.6
21.578750	2110.0
21.582500	2044.4
21.586250	2100.8
21.590000	2044.8
21.593750	2105.7
21.597500	2149.1
21.601250	2158.7
21.605000	2088.1
21.608750	1997.6
21.612500	2078.7
21.616250	2063.1
21.620000	2051.1
21.623750	2020.8
21.627500	2143.9
21.631250	2106.1
21.635000	2141.3
21.638750	2086.1
21.642500	2030.2
21.646250	2070.0
21.650000	2112.2
21.653750	2152.1
21.657500	2095.7
21.661250	2098.7
21.665000	2062.6
21.668750	2065.2
21.672500	2075.3
21.676250	2044.8
21.680000	2098.5
21.683750	2112.9
21.687500	2071.8
21.691250	2082.8
21.695000	2042.0
21.698750	2109.7
21.702500	2091.0
21.706250	2029.0
21.710000	2063.4
21.713750	2089.8
21.717500	2103.8
21.721250	2123.6
21.725000	1993.0
21.728750	2010.3
21.732500	2183.2
21.736250	2046.4
21.740000	2088.3
21.743750	2128.4
21.747500	2087.5
21.751250	2090.9
21.755000	2115.8
21.758750	2063.8
21.762500	2102.6
21.766250	2091.3
21.770000	2071.9
21.773750	2115.3
21.777500	2040.2
21.781250	1954.2
21.785000	2050.1
21.788750	2102.4
21.792500	2061.5
21.796250	2084.4
21.800000	2051.5
21.803750	2028.4
21.807500	2104.6
21.811250	2116.4
21.815000	1992.9
21.818750	2064.1
21.822500	2040.5
21.826250	2092.9
21.830000	2059.3
21.833750	2055.4
21.837500	2052.8
21.841250	2012.9
21.845000	2138.2
21.848750	2111.4
21.852500	2016.9
21.856250	2046.7
21.860000	2078.5
21.863750	2129.8
21.867500	2133.6
21.871250	2057.4
21.875000	1984.8
21.878750	2088.1
21.882500	2016.8
21.886250	1997.3
21.890000	2048.8
21.893750	1989.8
21.897500	2035.4
21.901250	2050.0
21.905000	2061.3
21.908750	2065.8
21.912500	1979.1
21.916250	2025.4
21.920000	2095.6
21.923750	2020.4
21.927500	2021.7
21.931250	2030.2
21.935000	2032.9
21.938750	2047.8
21.942500	2052.9
21.946250	2062.7
21.950000	2093.7
21.953750	1992.8
21.957500	1981.8
21.961250	2038.1
21.965000	2001.3
21.968750	1945.4
21.972500	1967.7
21.976250	2055.8
21.980000	2021.3
21.983750	1926.1
21.987500	2006.0
21.991250	2055.4
21.995000	1988.3
21.998750	2001.9
22.002500	2001.7
22.006250	2040.1
22.010000	1962.5
22.013750	1925.4
22.017500	2060.7
22.021250	1985.8
22.025000	1963.9
22.028750	2084.1
22.032500	1985.8
22.036250	2045.8
22.040000	2023.8
22.043750	2021.4
22.047500	2075.4
22.051250	2099.1
22.055000	2058.7
22.058750	2020.8
22.062500	2056.7
22.066250	1982.0
22.070000	2036.4
22.073750	2034.5
22.077500	2011.7
22.081250	2082.6
22.085000	1985.9
22.088750	2004.2
22.092500	1972.8
22.096250	2013.4
22.100000	2019.7
22.103750	1952.0
22.107500	1978.4
22.111250	2002.0
22.115000	2123.7
22.118750	1951.6
22.122500	2006.2
22.126250	2011.3
22.130000	1961.8
22.133750	2023.0
22.137500	2091.5
22.141250	2016.5
22.145000	1981.6
22.148750	1929.6
22.152500	2029.5
22.156250	1957.0
22.160000	2069.3
22.163750	2057.5
22.167500	1937.6
22.171250	1937.2
22.175000	1936.0
22.178750	2001.2
22.182500	1911.0
22.186250	1940.6
22.190000	1938.6
22.193750	2013.4
22.197500	2080.9
22.201250	1994.8
22.205000	1939.9
22.208750	1948.0
22.212500	2025.4
22.216250	2013.8
22.220000	2059.5
22.223750	2008.5
22.227500	2012.1
22.231250	1972.4
22.235000	1981.5
22.238750	2028.1
22.242500	2009.8
22.246250	2007.1
22.250000	2003.9
22.253750	1991.7
22.257500	2038.1
22.261250	1944.8
22.265000	1969.5
22.268750	2032.4
22.272500	1967.5
22.276250	2055.7
22.280000	2110.0
22.283750	2122.9
22.287500	2088.9
22.291250	2059.0
22.295000	2057.9
22.298750	1988.6
22.302500	2049.5
22.306250	2005.1
22.310000	1964.7
22.313750	1997.4
22.317500	2001.1
22.321250	2052.0
22.325000	2025.5
22.328750	2025.6
22.332500	2089.6
22.336250	2034.9
22.340000	2052.8
22.343750	1984.6
22.347500	2048.2
22.351250	2009.4
22.355000	1977.1
22.358750	2065.4
22.362500	2068.1
22.366250	2096.0
22.370000	2006.9
22.373750	2022.5
22.377500	2035.7
22.381250	2115.8
22.385000	2037.9
22.388750	2023.6
22.392500	2014.6
22.396250	2046.9
22.400000	2141.7
22.403750	2054.0
22.407500	2058.4
22.411250	2051.6
22.415000	2160.0
22.418750	2182.1
22.422500	2139.6
22.426250	2139.7
22.430000	2282.9
22.433750	2260.6
22.437500	2383.5
22.441250	2311.6
22.445000	2383.8
22.448750	2480.2
22.452500	2586.9
22.456250	2677.4
22.460000	2867.5
22.463750	3059.5
22.467500	3261.9
22.471250	3562.4
22.475000	3727.7
22.478750	3988.9
22.482500	4091.4
22.486250	4077.5
22.490000	4119.6
22.493750	4112.6
22.497500	4163.0
22.501250	4043.5
22.505000	4203.9
22.508750	3824.6
22.512500	3774.1
22.516250	3650.3
22.520000	3528.1
22.523750	3139.3
22.527500	3028.3
22.531250	2821.2
22.535000	2671.9
22.538750	2590.5
22.542500	2566.5
22.546250	2461.9
22.550000	2573.5
22.553750	2548.8
22.557500	2546.4
22.561250	2535.8
22.565000	2483.3
22.568750	2657.4
22.572500	2666.1
22.576250	2648.3
22.580000	2786.6
22.583750	2990.5
22.587500	3017.5
22.591250	3107.9
22.595000	3135.4
22.598750	3279.7
22.602500	3291.6
22.606250	3182.9
22.610000	3160.6
22.613750	3028.5
22.617500	2867.5
22.621250	2685.1
22.625000	2543.5
22.628750	2538.5
22.632500	2454.2
22.636250	2286.2
22.640000	2243.5
22.643750	2276.0
22.647500	2196.3
22.651250	2252.7
22.655000	2234.1
22.658750	2143.1
22.662500	2080.0
22.666250	2161.9
22.670000	2160.1
22.673750	2195.2
22.677500	2208.8
22.681250	2136.1
22.685000	2106.0
22.688750	2138.4
22.692500	2078.4
22.696250	2135.1
22.700000	2099.3
22.703750	2178.3
22.707500	2142.8
22.711250	2200.6
22.715000	2221.5
22.718750	2177.8
22.722500	2185.8
22.726250	2284.3
22.730000	2365.6
22.733750	2445.1
22.737500	2406.1
22.741250	2559.6
22.745000	2649.5
22.748750	2702.7
22.752500	2899.4
22.756250	3126.2
22.760000	3355.0
22.763750	3494.8
22.767500	3766.8
22.771250	3856.0
22.775000	3869.2
22.778750	3828.6
22.782500	3843.1
22.786250	3703.3
22.790000	3468.8
22.793750	3336.5
22.797500	3175.3
22.801250	3054.8
22.805000	2839.9
22.808750	2683.5
22.812500	2517.7
22.816250	2426.0
22.820000	2419.3
22.823750	2366.2
22.827500	2260.0
22.831250	2247.7
22.835000	2188.8
22.838750	2155.3
22.842500	2242.0
22.846250	2164.4
22.850000	2189.1
22.853750	2272.8
22.857500	2183.5
22.861250	2187.2
22.865000	2137.4
22.868750	2111.9
22.872500	2192.8
22.876250	2130.7
22.880000	2111.3
22.883750	2144.1
22.887500	2154.9
22.891250	2159.3
22.895000	2140.0
22.898750	2102.3
22.902500	2223.6
22.906250	2220.3
22.910000	2192.5
22.913750	2256.7
22.917500	2203.3
22.921250	2268.2
22.925000	2236.5
22.928750	2196.3
22.932500	2230.6
22.936250	2202.2
22.940000	2141.7
22.943750	2191.5
22.947500	2169.8
22.951250	2109.2
22.955000	2031.8
22.958750	2056.1
22.962500	2040.0
22.966250	2154.6
22.970000	2146.1
22.973750	2131.0
22.977500	2119.8
22.981250	2084.0
22.985000	2099.5
22.988750	2120.1
22.992500	2156.9
22.996250	2093.2
23.000000	2125.8
23.003750	2145.5
23.007500	2181.9
23.011250	2102.6
23.015000	2119.7
23.018750	2163.3
23.022500	2178.9
23.026250	2261.8
23.030000	2224.1
23.033750	2323.9
23.037500	2364.4
23.041250	2297.2
23.045000	2326.4
23.048750	2405.2
23.052500	2429.2
23.056250	2485.6
23.060000	2601.6
23.063750	2729.2
23.067500	2817.6
23.071250	2899.5
23.075000	3080.2
23.078750	3353.9
23.082500	3451.2
23.086250	3579.4
23.090000	3756.4
23.093750	3885.7
23.097500	4007.8
23.101250	3969.9
23.105000	4050.4
23.108750	3937.7
23.112500	3774.2
23.116250	3929.1
23.120000	3784.3
23.123750	3660.1
23.127500	3673.1
23.131250	3754.9
23.135000	3769.1
23.138750	3643.5
23.142500	3859.3
23.146250	3879.4
23.150000	4061.9
23.153750	4085.5
23.157500	4007.5
23.161250	3950.5
23.165000	3834.4
23.168750	3698.3
23.172500	3650.5
23.176250	3402.4
23.180000	3132.7
23.183750	2948.0
23.187500	2837.0
23.191250	2685.9
23.195000	2565.2
23.198750	2568.6
23.202500	2430.4
23.206250	2363.0
23.210000	2314.1
23.213750	2356.5
23.217500	2343.5
23.221250	2184.6
23.225000	2153.7
23.228750	2200.4
23.232500	2146.3
23.236250	2133.0
23.240000	2114.6
23.243750	2153.2
23.247500	2081.5
23.251250	1990.5
23.255000	1948.1
23.258750	2025.6
23.262500	2009.1
23.266250	1887.8
23.270000	1981.6
23.273750	1957.5
23.277500	1908.2
23.281250	1949.1
23.285000	1961.5
23.288750	1954.4
23.292500	1902.3
23.296250	1937.5
23.300000	1876.3
23.303750	1939.2
23.307500	1940.1
23.311250	1900.0
23.315000	1893.6
23.318750	1848.0
23.322500	1976.4
23.326250	1876.5
23.330000	1910.2
23.333750	1890.8
23.337500	1889.3
23.341250	1968.3
23.345000	1958.2
23.348750	1847.9
23.352500	1819.2
23.356250	1880.9
23.360000	1832.9
23.363750	1867.8
23.367500	1886.7
23.371250	1920.2
23.375000	1811.1
23.378750	1883.8
23.382500	1765.5
23.386250	1767.2
23.390000	1806.5
23.393750	1794.0
23.397500	1884.5
23.401250	1783.2
23.405000	1807.6
23.408750	1815.5
23.412500	1897.0
23.416250	1865.9
23.420000	1816.2
23.423750	1849.2
23.427500	1772.8
23.431250	1827.8
23.435000	1843.6
23.438750	1843.3
23.442500	1913.7
23.446250	1918.6
23.450000	1867.2
23.453750	1882.2
23.457500	1828.8
23.461250	1901.4
23.465000	1853.4
23.468750	1991.1
23.472500	2000.2
23.476250	2151.3
23.480000	2193.7
23.483750	2312.1
23.487500	2413.6
23.491250	2470.7
23.495000	2451.9
23.498750	2314.3
23.502500	2315.5
23.506250	2234.1
23.510000	2078.5
23.513750	1882.3
23.517500	1852.6
23.521250	1860.4
23.525000	1799.4
23.528750	1866.6
23.532500	1859.8
23.536250	1770.0
23.540000	1855.3
23.543750	1833.7
23.547500	1944.5
23.551250	1755.3
23.555000	1826.8
23.558750	1803.2
23.562500	1694.7
23.566250	1854.9
23.570000	1818.8
23.573750	1819.7
23.577500	1781.8
23.581250	1866.7
23.585000	1781.2
23.588750	1852.1
23.592500	1867.8
23.596250	1818.4
23.600000	1789.9
23.603750	1839.4
23.607500	1808.0
23.611250	1789.0
23.615000	1812.8
23.618750	1809.6
23.622500	1847.1
23.626250	1838.1
23.630000	1799.1
23.633750	1852.7
23.637500	1826.6
23.641250	1840.3
23.645000	1830.4
23.648750	1809.0
23.652500	1867.4
23.656250	1767.8
23.660000	1824.1
23.663750	1923.3
23.667500	1798.2
23.671250	1778.7
23.675000	1809.2
23.678750	1755.1
23.682500	1799.7
23.686250	1847.8
23.690000	1894.3
23.693750	1830.9
23.697500	1845.7
23.701250	1832.0
23.705000	1842.6
23.708750	1884.6
23.712500	1816.3
23.716250	1835.3
23.720000	1774.1
23.723750	1739.1
23.727500	1789.0
23.731250	1787.7
23.735000	1816.3
23.738750	1739.7
23.742500	1803.7
23.746250	1737.8
23.750000	1776.5
23.753750	1801.2
23.757500	1814.1
23.761250	1823.4
23.765000	1816.2
23.768750	1794.1
23.772500	1823.3
23.776250	1806.8
23.780000	1677.6
23.783750	1747.0
23.787500	1737.4
23.791250	1787.7
23.795000	1822.9
23.798750	1747.9
23.802500	1725.2
23.806250	1658.5
23.810000	1755.8
23.813750	1776.4
23.817500	1829.2
23.821250	1794.4
23.825000	1731.3
23.828750	1744.5
23.832500	1752.4
23.836250	1768.1
23.840000	1785.1
23.843750	1761.4
23.847500	1716.7
23.851250	1764.0
23.855000	1766.6
23.858750	1726.4
23.862500	1781.9
23.866250	1723.9
23.870000	1763.9
23.873750	1767.0
23.877500	1725.3
23.881250	1766.7
23.885000	1761.4
23.888750	1720.2
23.892500	1738.8
23.896250	1742.7
23.900000	1734.0
23.903750	1749.7
23.907500	1710.8
23.911250	1713.6
23.915000	1746.1
23.918750	1741.8
23.922500	1810.4
23.926250	1741.7
23.930000	1756.7
23.933750	1725.9
23.937500	1793.2
23.941250	1850.1
23.945000	1763.1
23.948750	1716.1
23.952500	1792.2
23.956250	1834.0
23.960000	1780.3
23.963750	1713.2
23.967500	1747.8
23.971250	1793.6
23.975000	1855.3
23.978750	1709.2
23.982500	1719.8
23.986250	1757.7
23.990000	1752.6
23.993750	1750.6
23.997500	1764.6
24.001250	1673.6
24.005000	1700.0
24.008750	1780.7
24.012500	1777.4
24.016250	1685.3
24.020000	1719.6
24.023750	1710.2
24.027500	1711.8
24.031250	1831.6
24.035000	1855.4
24.038750	1814.3
24.042500	1747.8
24.046250	1754.8
24.050000	1793.9
24.053750	1776.6
24.057500	1755.9
24.061250	1719.3
24.065000	1831.2
24.068750	1700.3
24.072500	1774.2
24.076250	1875.9
24.080000	1852.6
24.083750	1722.1
24.087500	1752.0
24.091250	1872.2
24.095000	1827.6
24.098750	1858.5
24.102500	1812.1
24.106250	1794.9
24.110000	1855.3
24.113750	1858.4
24.117500	1829.3
24.121250	1853.8
24.125000	1763.1
24.128750	1820.2
24.132500	1902.9
24.136250	1868.7
24.140000	1930.4
24.143750	1869.0
24.147500	1846.3
24.151250	1883.6
24.155000	1953.8
24.158750	1960.5
24.162500	1911.5
24.166250	1909.0
24.170000	2057.0
24.173750	2066.7
24.177500	2006.5
24.181250	1976.3
24.185000	2052.1
24.188750	2212.1
24.192500	2178.8
24.196250	2249.9
24.200000	2341.7
24.203750	2386.1
24.207500	2523.6
24.211250	2701.7
24.215000	2628.5
24.218750	2698.7
24.222500	2828.8
24.226250	2743.8
24.230000	2686.2
24.233750	2702.1
24.237500	2614.0
24.241250	2553.2
24.245000	2505.9
24.248750	2268.8
24.252500	2140.0
24.256250	2100.7
24.260000	2107.4
24.263750	2119.0
24.267500	2059.5
24.271250	1974.4
24.275000	1935.0
24.278750	1979.2
24.282500	1928.9
24.286250	1898.8
24.290000	1897.7
24.293750	1875.4
24.297500	1869.6
24.301250	1869.4
24.305000	1832.7
24.308750	1857.3
24.312500	1840.4
24.316250	1808.8
24.320000	1883.4
24.323750	1853.7
24.327500	1842.2
24.331250	1879.9
24.335000	1853.2
24.338750	1850.8
24.342500	1871.6
24.346250	1785.9
24.350000	1788.3
24.353750	1754.7
24.357500	1829.7
24.361250	1911.9
24.365000	1853.7
24.368750	1827.6
24.372500	1824.5
24.376250	1770.2
24.380000	1787.6
24.383750	1824.3
24.387500	1876.3
24.391250	1807.8
24.395000	1793.6
24.398750	1802.2
24.402500	1722.0
24.406250	1752.5
24.410000	1722.7
24.413750	1784.7
24.417500	1783.2
24.421250	1801.4
24.425000	1809.8
24.428750	1825.0
24.432500	1909.5
24.436250	1872.9
24.440000	1789.2
24.443750	1858.5
24.447500	1849.3
24.451250	1862.0
24.455000	1810.3
24.458750	1837.3
24.462500	1843.2
24.466250	1843.3
24.470000	1850.4
24.473750	1819.4
24.477500	1840.0
24.481250	1859.2
24.485000	1887.6
24.488750	1951.3
24.492500	1978.1
24.496250	1929.5
24.500000	1888.5
24.503750	1932.6
24.507500	1905.2
24.511250	2002.7
24.515000	1930.8
24.518750	2031.6
24.522500	2053.0
24.526250	2046.5
24.530000	2117.5
24.533750	2080.8
24.537500	2113.5
24.541250	2120.1
24.545000	2181.5
24.548750	2154.6
24.552500	2186.1
24.556250	2227.3
24.560000	2314.9
24.563750	2431.5
24.567500	2532.6
24.571250	2599.4
24.575000	2551.3
24.578750	2758.7
24.582500	2826.5
24.586250	3049.7
24.590000	3136.7
24.593750	3292.3
24.597500	3488.5
24.601250	3703.2
24.605000	3973.4
24.608750	4235.2
24.612500	4436.3
24.616250	4557.0
24.620000	4711.5
24.623750	4752.6
24.627500	4636.8
24.631250	4762.3
24.635000	4564.0
24.638750	4430.7
24.642500	4299.5
24.646250	4250.6
24.650000	4179.3
24.653750	4044.0
24.657500	4049.7
24.661250	3851.7
24.665000	3886.3
24.668750	3849.6
24.672500	3823.8
24.676250	3879.1
24.680000	3874.0
24.683750	3775.1
24.687500	3878.0
24.691250	3942.7
24.695000	3939.1
24.698750	3931.5
24.702500	4014.5
24.706250	4056.4
24.710000	4083.9
24.713750	4285.3
24.717500	4297.7
24.721250	4491.1
24.725000	4523.6
24.728750	4557.7
24.732500	4621.3
24.736250	4592.0
24.740000	4465.6
24.743750	4451.1
24.747500	4344.4
24.751250	4148.2
24.755000	3935.9
24.758750	3621.9
24.762500	3435.4
24.766250	3228.0
24.770000	3003.3
24.773750	2782.8
24.777500	2720.0
24.781250	2545.5
24.785000	2477.3
24.788750	2534.0
24.792500	2386.2
24.796250	2330.8
24.800000	2333.4
24.803750	2341.5
24.807500	2273.7
24.811250	2214.4
24.815000	2168.9
24.818750	2124.8
24.822500	2132.0
24.826250	2017.1
24.830000	2074.6
24.833750	2042.3
24.837500	2067.0
24.841250	2014.2
24.845000	2018.9
24.848750	2027.8
24.852500	1993.9
24.856250	2016.8
24.860000	1945.1
24.863750	1904.3
24.867500	1966.1
24.871250	1880.1
24.875000	1907.6
24.878750	1930.9
24.882500	1879.1
24.886250	1918.5
24.890000	1964.2
24.893750	1863.7
24.897500	1862.4
24.901250	1885.0
24.905000	1803.0
24.908750	1814.0
24.912500	1799.2
24.916250	1920.7
24.920000	1894.0
24.923750	1860.3
24.927500	1752.6
24.931250	1817.6
24.935000	1806.6
24.938750	1884.1
24.942500	1794.6
24.946250	1876.2
24.950000	1778.2
24.953750	1796.1
24.957500	1919.5
24.961250	1859.1
24.965000	1795.3
24.968750	1835.7
24.972500	1816.0
24.976250	1814.1
24.980000	1767.6
24.983750	1860.9
24.987500	1926.9
24.991250	1873.7
24.995000	1847.1
24.998750	1882.6
25.002500	1871.6
25.006250	1892.9
25.010000	1871.4
25.013750	1853.6
25.017500	1899.8
25.021250	1866.6
25.025000	1909.5
25.028750	1917.6
25.032500	1982.6
25.036250	1996.7
25.040000	1926.9
25.043750	2001.9
25.047500	1968.1
25.051250	2015.3
25.055000	2029.3
25.058750	2011.0
25.062500	1956.8
25.066250	2071.6
25.070000	2003.6
25.073750	1999.0
25.077500	2020.9
25.081250	2052.1
25.085000	2078.0
25.088750	2106.5
25.092500	2097.9
25.096250	2100.8
25.100000	2050.4
25.103750	2106.1
25.107500	2179.1
25.111250	2131.9
25.115000	2163.6
25.118750	2246.3
25.122500	2325.1
25.126250	2377.4
25.130000	2438.1
25.133750	2427.4
25.137500	2460.4
25.141250	2623.1
25.145000	2640.8
25.148750	2721.7
25.152500	2879.0
25.156250	2997.8
25.160000	3133.2
25.163750	3223.3
25.167500	3426.2
25.171250	3472.4
25.175000	3762.3
25.178750	3983.7
25.182500	4162.0
25.186250	4486.8
25.190000	4633.6
25.193750	4617.5
25.197500	4725.4
25.201250	4710.0
25.205000	4577.8
25.208750	4436.4
25.212500	4384.2
25.216250	4204.9
25.220000	3820.4
25.223750	3642.0
25.227500	3445.9
25.231250	3214.9
25.235000	3076.0
25.238750	2912.6
25.242500	2814.6
25.246250	2600.6
25.250000	2576.0
25.253750	2504.7
25.257500	2419.5
25.261250	2334.8
25.265000	2410.8
25.268750	2288.1
25.272500	2232.7
25.276250	2202.3
25.280000	2135.3
25.283750	2053.0
25.287500	2058.7
25.291250	2035.3
25.295000	1981.7
25.298750	2024.0
25.302500	2014.4
25.306250	2023.7
25.310000	2027.0
25.313750	2165.4
25.317500	2194.2
25.321250	2254.9
25.325000	2277.9
25.328750	2282.1
25.332500	2265.9
25.336250	2202.7
25.340000	2115.4
25.343750	2041.7
25.347500	1926.0
25.351250	1858.6
25.355000	1806.1
25.358750	1809.1
25.362500	1747.2
25.366250	1671.2
25.370000	1721.5
25.373750	1741.0
25.377500	1666.6
25.381250	1682.7
25.385000	1718.7
25.388750	1787.7
25.392500	1790.3
25.396250	1605.0
25.400000	1679.5
25.403750	1632.9
25.407500	1655.9
25.411250	1703.1
25.415000	1607.2
25.418750	1649.8
25.422500	1640.0
25.426250	1727.8
25.430000	1622.1
25.433750	1660.8
25.437500	1683.7
25.441250	1689.5
25.445000	1646.3
25.448750	1685.0
25.452500	1649.6
25.456250	1684.6
25.460000	1660.1
25.463750	1679.7
25.467500	1702.3
25.471250	1701.8
25.475000	1706.9
25.478750	1733.8
25.482500	1700.8
25.486250	1644.4
25.490000	1687.2
25.493750	1668.8
25.497500	1646.1
25.501250	1671.6
25.505000	1638.4
25.508750	1572.3
25.512500	1573.9
25.516250	1681.4
25.520000	1624.4
25.523750	1681.4
25.527500	1649.7
25.531250	1644.0
25.535000	1651.4
25.538750	1618.7
25.542500	1742.3
25.546250	1719.9
25.550000	1617.5
25.553750	1653.9
25.557500	1641.5
25.561250	1675.7
25.565000	1667.4
25.568750	1735.8
25.572500	1663.0
25.576250	1630.3
25.580000	1730.1
25.583750	1619.8
25.587500	1678.3
25.591250	1736.5
25.595000	1747.5
25.598750	1792.9
25.602500	1779.7
25.606250	1639.6
25.610000	1611.4
25.613750	1788.2
25.617500	1771.4
25.621250	1661.8
25.625000	1789.1
25.628750	1677.8
25.632500	1777.1
25.636250	1851.7
25.640000	1736.6
25.643750	1807.5
25.647500	1746.6
25.651250	1744.1
25.655000	1838.4
25.658750	1878.6
25.662500	1939.4
25.666250	1944.5
25.670000	2001.4
25.673750	2000.2
25.677500	1903.9
25.681250	1901.4
25.685000	1936.0
25.688750	1857.9
25.692500	1866.4
25.696250	1917.1
25.700000	1902.0
25.703750	1839.3
25.707500	1781.1
25.711250	1794.2
25.715000	1755.4
25.718750	1700.2
25.722500	1710.8
25.726250	1731.9
25.730000	1791.6
25.733750	1712.7
25.737500	1705.4
25.741250	1734.0
25.745000	1613.1
25.748750	1698.6
25.752500	1679.6
25.756250	1659.3
25.760000	1681.3
25.763750	1712.5
25.767500	1660.7
25.771250	1607.7
25.775000	1655.6
25.778750	1632.1
25.782500	1645.1
25.786250	1641.9
25.790000	1628.1
25.793750	1657.9
25.797500	1619.5
25.801250	1641.8
25.805000	1637.0
25.808750	1619.6
25.812500	1667.6
25.816250	1698.2
25.820000	1672.2
25.823750	1742.0
25.827500	1737.9
25.831250	1822.5
25.835000	1904.3
25.838750	1839.8
25.842500	1904.8
25.846250	1900.4
25.850000	1905.3
25.853750	1875.2
25.857500	1803.2
25.861250	1775.5
25.865000	1760.4
25.868750	1744.2
25.872500	1730.8
25.876250	1706.5
25.880000	1651.5
25.883750	1665.1
25.887500	1697.6
25.891250	1641.5
25.895000	1571.1
25.898750	1604.0
25.902500	1625.1
25.906250	1675.9
25.910000	1658.4
25.913750	1653.5
25.917500	1649.5
25.921250	1665.1
25.925000	1615.3
25.928750	1665.0
25.932500	1647.5
25.936250	1680.0
25.940000	1584.4
25.943750	1568.4
25.947500	1662.1
25.951250	1644.7
25.955000	1643.6
25.958750	1654.7
25.962500	1667.1
25.966250	1700.9
25.970000	1665.0
25.973750	1716.2
25.977500	1622.6
25.981250	1657.0
25.985000	1660.6
25.988750	1645.6
25.992500	1663.2
25.996250	1693.9
26.000000	1618.3
26.003750	1639.9
26.007500	1665.1
26.011250	1769.5
26.015000	1732.0
26.018750	1703.7
26.022500	1678.7
26.026250	1714.1
26.030000	1727.3
26.033750	1804.5
26.037500	1708.5
26.041250	1709.3
26.045000	1751.7
26.048750	1828.4
26.052500	1770.3
26.056250	1733.6
26.060000	1728.6
26.063750	1848.5
26.067500	1781.1
26.071250	1655.2
26.075000	1634.9
26.078750	1663.6
26.082500	1598.6
26.086250	1616.0
26.090000	1684.3
26.093750	1718.9
26.097500	1650.7
26.101250	1617.4
26.105000	1587.7
26.108750	1663.9
26.112500	1677.8
26.116250	1513.1
26.120000	1556.6
26.123750	1614.6
26.127500	1586.0
26.131250	1565.0
26.135000	1514.1
26.138750	1640.2
26.142500	1647.3
26.146250	1610.4
26.150000	1663.1
26.153750	1618.0
26.157500	1568.2
26.161250	1712.2
26.165000	1685.2
26.168750	1633.5
26.172500	1596.0
26.176250	1631.4
26.180000	1641.1
26.183750	1710.9
26.187500	1617.9
26.191250	1584.1
26.195000	1584.3
26.198750	1615.6
26.202500	1657.8
26.206250	1670.6
26.210000	1648.5
26.213750	1704.0
26.217500	1610.7
26.221250	1679.1
26.225000	1645.1
26.228750	1688.2
26.232500	1681.5
26.236250	1649.4
26.240000	1709.5
26.243750	1748.3
26.247500	1664.2
26.251250	1786.8
26.255000	1670.2
26.258750	1657.2
26.262500	1745.9
26.266250	1776.2
26.270000	1675.6
26.273750	1706.9
26.277500	1719.0
26.281250	1741.2
26.285000	1718.6
26.288750	1713.4
26.292500	1720.6
26.296250	1797.8
26.300000	1777.7
26.303750	1822.9
26.307500	1861.2
26.311250	1838.5
26.315000	1825.4
26.318750	1926.3
26.322500	1925.2
26.326250	1891.7
26.330000	1888.6
26.333750	1859.2
26.337500	1855.7
26.341250	1779.4
26.345000	1829.6
26.348750	1821.8
26.352500	1803.7
26.356250	1786.9
26.360000	1821.8
26.363750	1844.0
26.367500	1786.7
26.371250	1754.0
26.375000	1804.7
26.378750	1807.8
26.382500	1803.9
26.386250	1810.1
26.390000	1838.8
26.393750	1745.3
26.397500	1792.6
26.401250	1829.6
26.405000	1806.6
26.408750	1785.0
26.412500	1827.6
26.416250	1840.4
26.420000	1790.8
26.423750	1713.7
26.427500	1834.2
26.431250	1776.7
26.435000	1812.5
26.438750	1759.9
26.442500	1787.7
26.446250	1853.9
26.450000	1835.8
26.453750	1803.8
26.457500	1805.8
26.461250	1907.4
26.465000	1836.8
26.468750	1895.4
26.472500	1937.5
26.476250	1827.7
26.480000	1859.3
26.483750	1862.5
26.487500	1784.1
26.491250	1737.0
26.495000	1706.2
26.498750	1801.6
26.502500	1804.9
26.506250	1763.9
26.510000	1739.2
26.513750	1788.9
26.517500	1733.0
26.521250	1742.7
26.525000	1779.7
26.528750	1708.6
26.532500	1797.0
26.536250	1707.1
26.540000	1660.3
26.543750	1684.0
26.547500	1574.2
26.551250	1715.3
26.555000	1697.7
26.558750	1646.9
26.562500	1604.3
26.566250	1677.7
26.570000	1686.8
26.573750	1662.8
26.577500	1631.8
26.581250	1663.3
26.585000	1694.7
26.588750	1699.8
26.592500	1671.5
26.596250	1712.0
26.600000	1727.1
26.603750	1666.9
26.607500	1650.8
26.611250	1648.2
26.615000	1691.6
26.618750	1642.5
26.622500	1669.3
26.626250	1688.1
26.630000	1695.2
26.633750	1664.1
26.637500	1715.9
26.641250	1742.6
26.645000	1772.8
26.648750	1701.2
26.652500	1682.5
26.656250	1657.6
26.660000	1643.2
26.663750	1698.0
26.667500	1696.7
26.671250	1702.0
26.675000	1655.7
26.678750	1671.6
26.682500	1625.3
26.686250	1687.8
26.690000	1614.9
26.693750	1633.5
26.697500	1661.8
26.701250	1683.0
26.705000	1672.6
26.708750	1677.8
26.712500	1679.9
26.716250	1625.6
26.720000	1581.7
26.723750	1589.7
26.727500	1614.5
26.731250	1600.9
26.735000	1612.4
26.738750	1644.5
26.742500	1597.2
26.746250	1542.9
26.750000	1619.8
26.753750	1554.8
26.757500	1637.0
26.761250	1587.1
26.765000	1515.5
26.768750	1659.6
26.772500	1593.8
26.776250	1645.9
26.780000	1600.6
26.783750	1567.8
26.787500	1571.6
26.791250	1618.0
26.795000	1696.8
26.798750	1612.1
26.802500	1623.6
26.806250	1598.3
26.810000	1599.5
26.813750	1626.7
26.817500	1612.3
26.821250	1589.5
26.825000	1576.3
26.828750	1579.4
26.832500	1624.7
26.836250	1642.1
26.840000	1647.2
26.843750	1625.0
26.847500	1688.9
26.851250	1687.1
26.855000	1552.8
26.858750	1576.5
26.862500	1620.2
26.866250	1614.4
26.870000	1634.2
26.873750	1617.0
26.877500	1592.3
26.881250	1656.9
26.885000	1595.5
26.888750	1576.6
26.892500	1590.8
26.896250	1653.8
26.900000	1532.0
26.903750	1618.8
26.907500	1673.5
26.911250	1580.9
26.915000	1651.7
26.918750	1548.6
26.922500	1529.7
26.926250	1608.1
26.930000	1597.1
26.933750	1593.6
26.937500	1521.3
26.941250	1545.3
26.945000	1584.2
26.948750	1664.5
26.952500	1637.7
26.956250	1617.4
26.960000	1583.4
26.963750	1581.2
26.967500	1577.8
26.971250	1539.6
26.975000	1640.5
26.978750	1594.4
26.982500	1569.4
26.986250	1608.1
26.990000	1619.3
26.993750	1652.6
26.997500	1620.6
27.001250	1619.1
27.005000	1610.4
27.008750	1581.8
27.012500	1552.0
27.016250	1623.3
27.020000	1595.9
27.023750	1583.7
27.027500	1620.3
27.031250	1613.5
27.035000	1539.6
27.038750	1616.4
27.042500	1612.4
27.046250	1555.9
27.050000	1668.0
27.053750	1686.8
27.057500	1692.5
27.061250	1676.0
27.065000	1599.5
27.068750	1622.6
27.072500	1589.5
27.076250	1618.0
27.080000	1640.2
27.083750	1669.8
27.087500	1631.5
27.091250	1597.3
27.095000	1586.3
27.098750	1591.3
27.102500	1629.6
27.106250	1610.8
27.110000	1551.0
27.113750	1586.5
27.117500	1577.7
27.121250	1653.5
27.125000	1646.4
27.128750	1730.6
27.132500	1683.3
27.136250	1649.7
27.140000	1668.6
27.143750	1687.6
27.147500	1675.6
27.151250	1713.7
27.155000	1701.1
27.158750	1747.2
27.162500	1787.7
27.166250	1796.7
27.170000	1807.1
27.173750	1859.3
27.177500	1945.7
27.181250	1920.2
27.185000	1924.2
27.188750	1971.8
27.192500	1913.8
27.196250	1964.2
27.200000	1920.5
27.203750	1914.0
27.207500	1870.0
27.211250	1783.8
27.215000	1687.7
27.218750	1617.6
27.222500	1664.5
27.226250	1628.0
27.230000	1638.5
27.233750	1575.6
27.237500	1573.5
27.241250	1625.4
27.245000	1602.3
27.248750	1636.0
27.252500	1666.1
27.256250	1649.9
27.260000	1654.5
27.263750	1596.1
27.267500	1636.4
27.271250	1650.2
27.275000	1592.0
27.278750	1597.9
27.282500	1589.3
27.286250	1610.1
27.290000	1631.3
27.293750	1613.9
27.297500	1655.4
27.301250	1617.8
27.305000	1550.8
27.308750	1616.9
27.312500	1609.8
27.316250	1606.9
27.320000	1573.1
27.323750	1634.0
27.327500	1638.3
27.331250	1634.3
27.335000	1649.7
27.338750	1606.9
27.342500	1635.4
27.346250	1638.2
27.350000	1656.8
27.353750	1635.8
27.357500	1635.1
27.361250	1630.2
27.365000	1633.5
27.368750	1609.0
27.372500	1635.5
27.376250	1558.3
27.380000	1562.9
27.383750	1576.0
27.387500	1553.6
27.391250	1562.9
27.395000	1525.6
27.398750	1602.2
27.402500	1535.4
27.406250	1576.0
27.410000	1599.7
27.413750	1576.6
27.417500	1581.1
27.421250	1653.7
27.425000	1571.6
27.428750	1513.4
27.432500	1498.9
27.436250	1581.6
27.440000	1547.8
27.443750	1536.6
27.447500	1529.7
27.451250	1507.8
27.455000	1564.8
27.458750	1534.9
27.462500	1565.9
27.466250	1563.2
27.470000	1522.6
27.473750	1525.5
27.477500	1560.6
27.481250	1582.0
27.485000	1612.9
27.488750	1551.3
27.492500	1572.3
27.496250	1625.2
27.500000	1493.6
27.503750	1529.1
27.507500	1517.4
27.511250	1575.7
27.515000	1521.2
27.518750	1528.7
27.522500	1552.5
27.526250	1536.1
27.530000	1542.8
27.533750	1588.2
27.537500	1595.8
27.541250	1503.5
27.545000	1507.0
27.548750	1519.5
27.552500	1547.8
27.556250	1504.0
27.560000	1581.1
27.563750	1603.1
27.567500	1505.8
27.571250	1527.6
27.575000	1588.8
27.578750	1548.7
27.582500	1562.4
27.586250	1637.0
27.590000	1565.2
27.593750	1513.8
27.597500	1559.2
27.601250	1543.8
27.605000	1488.2
27.608750	1564.9
27.612500	1541.6
27.616250	1534.7
27.620000	1542.2
27.623750	1566.3
27.627500	1579.6
27.631250	1582.7
27.635000	1550.2
27.638750	1531.4
27.642500	1593.0
27.646250	1622.8
27.650000	1589.3
27.653750	1614.3
27.657500	1627.3
27.661250	1580.1
27.665000	1622.0
27.668750	1644.5
27.672500	1566.5
27.676250	1515.0
27.680000	1595.7
27.683750	1590.2
27.687500	1599.4
27.691250	1588.7
27.695000	1582.2
27.698750	1564.1
27.702500	1527.8
27.706250	1539.7
27.710000	1557.3
27.713750	1597.7
27.717500	1623.1
27.721250	1589.5
27.725000	1591.9
27.728750	1526.7
27.732500	1523.8
27.736250	1566.0
27.740000	1582.2
27.743750	1603.0
27.747500	1588.7
27.751250	1571.9
27.755000	1646.8
27.758750	1557.8
27.762500	1550.4
27.766250	1629.9
27.770000	1603.9
27.773750	1563.6
27.777500	1551.5
27.781250	1575.4
27.785000	1595.3
27.788750	1525.4
27.792500	1572.7
27.796250	1557.1
27.800000	1524.3
27.803750	1594.5
27.807500	1573.5
27.811250	1580.0
27.815000	1571.6
27.818750	1530.9
27.822500	1527.2
27.826250	1596.9
27.830000	1608.5
27.833750	1511.3
27.837500	1570.4
27.841250	1552.3
27.845000	1614.9
27.848750	1563.7
27.852500	1585.6
27.856250	1505.7
27.860000	1615.2
27.863750	1566.9
27.867500	1581.5
27.871250	1668.1
27.875000	1561.6
27.878750	1600.9
27.882500	1585.8
27.886250	1618.5
27.890000	1668.2
27.893750	1590.8
27.897500	1658.0
27.901250	1599.7
27.905000	1649.9
27.908750	1600.6
27.912500	1550.2
27.916250	1566.3
27.920000	1598.0
27.923750	1607.3
27.927500	1572.6
27.931250	1631.0
27.935000	1618.2
27.938750	1648.3
27.942500	1523.2
27.946250	1573.4
27.950000	1594.4
27.953750	1609.2
27.957500	1639.5
27.961250	1638.0
27.965000	1716.2
27.968750	1730.4
27.972500	1621.9
27.976250	1682.7
27.980000	1678.8
27.983750	1718.5
27.987500	1645.3
27.991250	1640.8
27.995000	1789.8
27.998750	1708.9
28.002500	1775.4
28.006250	1776.1
28.010000	1768.2
28.013750	1868.9
28.017500	1841.9
28.021250	1838.6
28.025000	1936.3
28.028750	2006.9
28.032500	1949.5
28.036250	2027.2
28.040000	2074.3
28.043750	2095.3
28.047500	2239.8
28.051250	2200.3
28.055000	2307.9
28.058750	2347.6
28.062500	2546.7
28.066250	2658.2
28.070000	2743.4
28.073750	2990.8
28.077500	3281.5
28.081250	3728.6
28.085000	4133.1
28.088750	4713.5
28.092500	5660.9
28.096250	6344.4
28.100000	6969.7
28.103750	7614.5
28.107500	8037.6
28.111250	8144.3
28.115000	8248.2
28.118750	7785.3
28.122500	7167.5
28.126250	6262.7
28.130000	5297.7
28.133750	4479.0
28.137500	3830.7
28.141250	3243.2
28.145000	3009.2
28.148750	2715.9
28.152500	2567.5
28.156250	2318.6
28.160000	2266.0
28.163750	2198.7
28.167500	2089.7
28.171250	1954.7
28.175000	1992.6
28.178750	1939.9
28.182500	1873.6
28.186250	1902.2
28.190000	1849.2
28.193750	1774.5
28.197500	1869.0
28.201250	1767.3
28.205000	1732.5
28.208750	1732.4
28.212500	1686.4
28.216250	1697.2
28.220000	1685.0
28.223750	1721.5
28.227500	1703.6
28.231250	1688.0
28.235000	1622.5
28.238750	1665.6
28.242500	1669.6
28.246250	1623.0
28.250000	1627.3
28.253750	1616.1
28.257500	1673.3
28.261250	1659.7
28.265000	1622.5
28.268750	1588.9
28.272500	1609.9
28.276250	1599.5
28.280000	1700.9
28.283750	1638.5
28.287500	1618.5
28.291250	1698.5
28.295000	1590.1
28.298750	1542.8
28.302500	1580.2
28.306250	1640.5
28.310000	1601.2
28.313750	1566.8
28.317500	1551.5
28.321250	1582.5
28.325000	1561.3
28.328750	1562.6
28.332500	1532.3
28.336250	1566.6
28.340000	1502.4
28.343750	1536.8
28.347500	1547.2
28.351250	1550.6
28.355000	1562.2
28.358750	1652.1
28.362500	1549.0
28.366250	1575.3
28.370000	1557.0
28.373750	1494.6
28.377500	1560.5
28.381250	1517.9
28.385000	1537.0
28.388750	1484.2
28.392500	1539.3
28.396250	1567.8
28.400000	1562.8
28.403750	1480.1
28.407500	1587.2
28.411250	1570.2
28.415000	1514.2
28.418750	1507.1
28.422500	1509.6
28.426250	1540.6
28.430000	1545.6
28.433750	1480.2
28.437500	1492.8
28.441250	1461.6
28.445000	1557.3
28.448750	1576.6
28.452500	1535.1
28.456250	1554.8
28.460000	1544.9
28.463750	1443.0
28.467500	1452.3
28.471250	1479.4
28.475000	1522.7
28.478750	1554.6
28.482500	1506.2
28.486250	1521.1
28.490000	1529.1
28.493750	1489.6
28.497500	1494.3
28.501250	1458.3
28.505000	1480.5
28.508750	1469.4
28.512500	1502.9
28.516250	1531.5
28.520000	1469.4
28.523750	1495.3
28.527500	1478.2
28.531250	1488.3
28.535000	1534.0
28.538750	1516.4
28.542500	1466.3
28.546250	1456.0
28.550000	1456.2
28.553750	1576.0
28.557500	1467.1
28.561250	1478.3
28.565000	1555.0
28.568750	1508.5
28.572500	1492.5
28.576250	1523.1
28.580000	1465.4
28.583750	1492.2
28.587500	1514.0
28.591250	1433.5
28.595000	1485.4
28.598750	1525.5
28.602500	1525.7
28.606250	1505.3
28.610000	1467.2
28.613750	1444.9
28.617500	1569.4
28.621250	1495.5
28.625000	1529.4
28.628750	1525.1
28.632500	1500.0
28.636250	1481.7
28.640000	1524.0
28.643750	1494.7
28.647500	1458.1
28.651250	1532.0
28.655000	1541.1
28.658750	1493.1
28.662500	1445.8
28.666250	1441.6
28.670000	1467.0
28.673750	1517.2
28.677500	1467.4
28.681250	1485.9
28.685000	1540.5
28.688750	1494.2
28.692500	1478.6
28.696250	1500.5
28.700000	1496.2
28.703750	1464.8
28.707500	1475.1
28.711250	1504.7
28.715000	1471.7
28.718750	1529.5
28.722500	1535.7
28.726250	1437.6
28.730000	1465.9
28.733750	1518.9
28.737500	1512.0
28.741250	1554.4
28.745000	1463.6
28.748750	1467.5
28.752500	1503.9
28.756250	1548.8
28.760000	1500.2
28.763750	1565.2
28.767500	1580.8
28.771250	1509.2
28.775000	1515.7
28.778750	1506.4
28.782500	1574.6
28.786250	1515.9
28.790000	1473.0
28.793750	1538.5
28.797500	1432.1
28.801250	1474.6
28.805000	1557.1
28.808750	1570.0
28.812500	1549.7
28.816250	1531.8
28.820000	1518.0
28.823750	1509.2
28.827500	1502.3
28.831250	1563.8
28.835000	1514.6
28.838750	1500.2
28.842500	1487.0
28.846250	1527.6
28.850000	1590.1
28.853750	1556.7
28.857500	1569.0
28.861250	1585.3
28.865000	1592.5
28.868750	1594.7
28.872500	1591.7
28.876250	1553.8
28.880000	1526.1
28.883750	1570.0
28.887500	1608.5
28.891250	1607.6
28.895000	1592.5
28.898750	1626.7
28.902500	1633.6
28.906250	1565.0
28.910000	1656.6
28.913750	1652.3
28.917500	1584.0
28.921250	1611.5
28.925000	1576.1
28.928750	1639.4
28.932500	1681.1
28.936250	1706.5
28.940000	1632.8
28.943750	1685.0
28.947500	1664.2
28.951250	1722.0
28.955000	1745.1
28.958750	1709.6
28.962500	1787.5
28.966250	1871.1
28.970000	1881.8
28.973750	1914.0
28.977500	1907.4
28.981250	1959.6
28.985000	2038.8
28.988750	2166.4
28.992500	2171.4
28.996250	2193.4
29.000000	2262.9
29.003750	2264.4
29.007500	2298.8
29.011250	2197.9
29.015000	2178.4
29.018750	2211.2
29.022500	2184.8
29.026250	2192.6
29.030000	2133.4
29.033750	2052.2
29.037500	2055.3
29.041250	2112.4
29.045000	2036.4
29.048750	2027.8
29.052500	1993.3
29.056250	2024.0
29.060000	1932.3
29.063750	2029.5
29.067500	1948.8
29.071250	1991.2
29.075000	1985.3
29.078750	1979.6
29.082500	1994.8
29.086250	1930.8
29.090000	1937.1
29.093750	2032.0
29.097500	1974.8
29.101250	1995.6
29.105000	1993.7
29.108750	1985.0
29.112500	1947.6
29.116250	2017.4
29.120000	1914.8
29.123750	1949.2
29.127500	1954.6
29.131250	2065.7
29.135000	2098.3
29.138750	2018.4
29.142500	2023.5
29.146250	2032.9
29.150000	1930.1
29.153750	2065.3
29.157500	1985.2
29.161250	2129.0
29.165000	2176.0
29.168750	2137.0
29.172500	2179.8
29.176250	2151.5
29.180000	2178.9
29.183750	2163.5
29.187500	2192.2
29.191250	2139.5
29.195000	2095.5
29.198750	2017.6
29.202500	1944.2
29.206250	1950.2
29.210000	2007.5
29.213750	1860.9
29.217500	1875.2
29.221250	1853.5
29.225000	1828.6
29.228750	1703.3
29.232500	1761.8
29.236250	1750.9
29.240000	1723.7
29.243750	1774.4
29.247500	1737.4
29.251250	1857.6
29.255000	1721.9
29.258750	1828.7
29.262500	1908.4
29.266250	1844.9
29.270000	1819.7
29.273750	1822.1
29.277500	1796.8
29.281250	1796.9
29.285000	1632.7
29.288750	1648.3
29.292500	1567.1
29.296250	1601.0
29.300000	1592.2
29.303750	1611.6
29.307500	1550.0
29.311250	1477.7
29.315000	1485.7
29.318750	1467.7
29.322500	1548.4
29.326250	1523.3
29.330000	1473.4
29.333750	1537.5
29.337500	1538.4
29.341250	1585.5
29.345000	1461.5
29.348750	1523.8
29.352500	1516.6
29.356250	1493.6
29.360000	1557.4
29.363750	1514.9
29.367500	1519.2
29.371250	1535.3
29.375000	1541.9
29.378750	1541.8
29.382500	1375.3
29.386250	1488.4
29.390000	1478.9
29.393750	1457.8
29.397500	1387.1
29.401250	1439.7
29.405000	1420.3
29.408750	1488.5
29.412500	1495.2
29.416250	1492.3
29.420000	1476.1
29.423750	1500.5
29.427500	1481.3
29.431250	1487.6
29.435000	1348.2
29.438750	1442.6
29.442500	1465.0
29.446250	1415.2
29.450000	1400.7
29.453750	1474.4
29.457500	1430.2
29.461250	1453.4
29.465000	1458.7
29.468750	1398.5
29.472500	1469.8
29.476250	1409.2
29.480000	1401.7
29.483750	1426.5
29.487500	1437.2
29.491250	1475.1
29.495000	1441.1
29.498750	1463.8
29.502500	1453.4
29.506250	1406.9
29.510000	1453.3
29.513750	1424.9
29.517500	1450.1
29.521250	1540.5
29.525000	1362.6
29.528750	1426.1
29.532500	1413.9
29.536250	1437.5
29.540000	1417.7
29.543750	1404.3
29.547500	1428.3
29.551250	1509.2
29.555000	1499.9
29.558750	1440.6
29.562500	1403.4
29.566250	1436.8
29.570000	1470.6
29.573750	1512.8
29.577500	1399.2
29.581250	1472.3
29.585000	1436.1
29.588750	1476.9
29.592500	1497.3
29.596250	1522.1
29.600000	1449.8
29.603750	1393.1
29.607500	1477.1
29.611250	1472.2
29.615000	1474.8
29.618750	1444.9
29.622500	1412.6
29.626250	1386.3
29.630000	1475.0
29.633750	1510.1
29.637500	1470.2
29.641250	1537.6
29.645000	1475.6
29.648750	1530.4
29.652500	1609.3
29.656250	1545.3
29.660000	1538.0
29.663750	1573.2
29.667500	1622.5
29.671250	1621.9
29.675000	1612.0
29.678750	1656.6
29.682500	1576.6
29.686250	1620.9
29.690000	1622.9
29.693750	1659.9
29.697500	1532.6
29.701250	1577.0
29.705000	1557.0
29.708750	1593.7
29.712500	1574.2
29.716250	1498.7
29.720000	1502.7
29.723750	1507.3
29.727500	1574.1
29.731250	1495.7
29.735000	1488.2
29.738750	1471.6
29.742500	1457.8
29.746250	1450.0
29.750000	1488.3
29.753750	1506.3
29.757500	1434.9
29.761250	1444.2
29.765000	1443.2
29.768750	1421.0
29.772500	1465.1
29.776250	1461.4
29.780000	1497.7
29.783750	1549.0
29.787500	1517.6
29.791250	1443.0
29.795000	1439.0
29.798750	1543.8
29.802500	1551.2
29.806250	1503.7
29.810000	1523.1
29.813750	1537.0
29.817500	1515.9
29.821250	1536.9
29.825000	1513.5
29.828750	1509.5
29.832500	1600.6
29.836250	1554.2
29.840000	1627.5
29.843750	1592.0
29.847500	1639.0
29.851250	1612.3
29.855000	1651.8
29.858750	1664.9
29.862500	1678.5
29.866250	1718.6
29.870000	1704.6
29.873750	1775.0
29.877500	1781.4
29.881250	1868.6
29.885000	1837.8
29.888750	1850.1
29.892500	1873.0
29.896250	1884.2
29.900000	1866.1
29.903750	1836.1
29.907500	1869.8
29.911250	1877.8
29.915000	1898.9
29.918750	1783.6
29.922500	1759.7
29.926250	1764.2
29.930000	1665.3
29.933750	1630.4
29.937500	1609.1
29.941250	1606.4
29.945000	1554.3
29.948750	1563.2
29.952500	1671.9
29.956250	1603.7
29.960000	1501.5
29.963750	1482.6
29.967500	1494.3
29.971250	1537.3
29.975000	1483.4
29.978750	1412.4
29.982500	1509.9
29.986250	1456.8
29.990000	1477.7
29.993750	1430.0
29.997500	1491.8
30.001250	1438.4
30.005000	1444.4
30.008750	1476.9
30.012500	1410.1
30.016250	1360.1
30.020000	1458.2
30.023750	1401.7
30.027500	1398.1
30.031250	1363.7
30.035000	1426.4
30.038750	1429.8
30.042500	1410.9
30.046250	1477.6
30.050000	1424.0
30.053750	1400.5
30.057500	1405.4
30.061250	1391.7
30.065000	1417.4
30.068750	1501.7
30.072500	1409.6
30.076250	1361.4
30.080000	1408.7
30.083750	1438.3
30.087500	1404.5
30.091250	1427.9
30.095000	1430.2
30.098750	1513.0
30.102500	1431.1
30.106250	1434.8
30.110000	1369.6
30.113750	1365.5
30.117500	1357.5
30.121250	1368.8
30.125000	1380.1
30.128750	1456.2
30.132500	1388.2
30.136250	1426.1
30.140000	1462.4
30.143750	1444.4
30.147500	1515.7
30.151250	1493.2
30.155000	1457.3
30.158750	1489.5
30.162500	1485.0
30.166250	1525.4
30.170000	1536.6
30.173750	1575.0
30.177500	1518.5
30.181250	1518.7
30.185000	1550.4
30.188750	1536.0
30.192500	1541.5
30.196250	1500.5
30.200000	1549.0
30.203750	1593.1
30.207500	1522.0
30.211250	1518.8
30.215000	1481.8
30.218750	1368.9
30.222500	1400.5
30.226250	1453.3
30.230000	1410.7
30.233750	1409.3
30.237500	1345.9
30.241250	1385.6
30.245000	1378.1
30.248750	1357.8
30.252500	1401.3
30.256250	1464.5
30.260000	1413.6
30.263750	1389.7
30.267500	1335.4
30.271250	1339.3
30.275000	1381.4
30.278750	1415.4
30.282500	1348.7
30.286250	1415.1
30.290000	1412.4
30.293750	1354.7
30.297500	1372.2
30.301250	1385.1
30.305000	1439.1
30.308750	1425.7
30.312500	1366.8
30.316250	1408.1
30.320000	1383.3
30.323750	1374.2
30.327500	1439.1
30.331250	1359.4
30.335000	1361.6
30.338750	1381.3
30.342500	1372.5
30.346250	1324.7
30.350000	1348.8
30.353750	1344.9
30.357500	1378.8
30.361250	1420.2
30.365000	1392.0
30.368750	1369.2
30.372500	1330.2
30.376250	1389.6
30.380000	1313.7
30.383750	1383.9
30.387500	1375.4
30.391250	1347.4
30.395000	1374.8
30.398750	1443.3
30.402500	1357.8
30.406250	1308.9
30.410000	1397.7
30.413750	1390.4
30.417500	1381.3
30.421250	1344.4
30.425000	1385.0
30.428750	1301.0
30.432500	1348.7
30.436250	1375.4
30.440000	1322.4
30.443750	1406.0
30.447500	1354.0
30.451250	1364.6
30.455000	1388.7
30.458750	1365.5
30.462500	1360.9
30.466250	1395.9
30.470000	1401.5
30.473750	1371.8
30.477500	1407.9
30.481250	1451.7
30.485000	1437.1
30.488750	1346.4
30.492500	1368.7
30.496250	1388.5
30.500000	1381.2
30.503750	1344.0
30.507500	1452.2
30.511250	1594.6
30.515000	1386.5
30.518750	1377.0
30.522500	1485.6
30.526250	1420.0
30.530000	1561.4
30.533750	1538.4
30.537500	1433.4
30.541250	1518.5
30.545000	1505.6
30.548750	1601.1
30.552500	1648.6
30.556250	1635.6
30.560000	1603.5
30.563750	1637.5
30.567500	1613.3
30.571250	1709.7
30.575000	1646.9
30.578750	1702.7
30.582500	1723.8
30.586250	1732.6
30.590000	1623.3
30.593750	1668.5
30.597500	1529.7
30.601250	1572.7
30.605000	1513.9
30.608750	1481.9
30.612500	1527.3
30.616250	1468.7
30.620000	1509.5
30.623750	1389.8
30.627500	1454.4
30.631250	1456.4
30.635000	1483.1
30.638750	1445.5
30.642500	1533.5
30.646250	1525.9
30.650000	1357.8
30.653750	1451.5
30.657500	1405.8
30.661250	1403.4
30.665000	1451.9
30.668750	1358.6
30.672500	1347.8
30.676250	1451.9
30.680000	1480.8
30.683750	1403.3
30.687500	1289.8
30.691250	1384.1
30.695000	1466.3
30.698750	1349.8
30.702500	1342.1
30.706250	1361.6
30.710000	1424.2
30.713750	1359.2
30.717500	1334.4
30.721250	1295.4
30.725000	1317.8
30.728750	1347.0
30.732500	1292.1
30.736250	1283.2
30.740000	1295.4
30.743750	1331.4
30.747500	1269.3
30.751250	1273.2
30.755000	1314.0
30.758750	1361.9
30.762500	1334.3
30.766250	1279.2
30.770000	1244.9
30.773750	1285.4
30.777500	1301.1
30.781250	1237.0
30.785000	1274.1
30.788750	1313.3
30.792500	1264.1
30.796250	1314.5
30.800000	1233.8
30.803750	1283.9
30.807500	1267.4
30.811250	1264.0
30.815000	1264.6
30.818750	1269.7
30.822500	1286.0
30.826250	1315.4
30.830000	1280.6
30.833750	1263.5
30.837500	1335.4
30.841250	1312.2
30.845000	1337.5
30.848750	1284.6
30.852500	1291.5
30.856250	1316.4
30.860000	1251.4
30.863750	1316.3
30.867500	1237.0
30.871250	1249.4
30.875000	1266.0
30.878750	1280.7
30.882500	1300.1
30.886250	1310.3
30.890000	1312.9
30.893750	1234.9
30.897500	1231.0
30.901250	1257.4
30.905000	1304.2
30.908750	1283.4
30.912500	1306.5
30.916250	1270.4
30.920000	1276.2
30.923750	1248.7
30.927500	1263.8
30.931250	1246.1
30.935000	1229.1
30.938750	1307.5
30.942500	1329.6
30.946250	1325.0
30.950000	1344.4
30.953750	1327.8
30.957500	1292.5
30.961250	1289.9
30.965000	1314.2
30.968750	1329.7
30.972500	1353.7
30.976250	1284.8
30.980000	1313.8
30.983750	1332.1
30.987500	1372.2
30.991250	1328.5
30.995000	1382.5
30.998750	1390.8
31.002500	1398.4
31.006250	1443.7
31.010000	1433.5
31.013750	1459.8
31.017500	1350.4
31.021250	1485.2
31.025000	1369.9
31.028750	1390.4
31.032500	1366.6
31.036250	1348.2
31.040000	1350.6
31.043750	1318.7
31.047500	1306.0
31.051250	1283.1
31.055000	1205.3
31.058750	1216.0
31.062500	1299.0
31.066250	1312.9
31.070000	1251.6
31.073750	1188.5
31.077500	1208.9
31.081250	1289.6
31.085000	1217.4
31.088750	1346.9
31.092500	1344.9
31.096250	1259.5
31.100000	1244.9
31.103750	1258.0
31.107500	1251.6
31.111250	1262.7
31.115000	1311.9
31.118750	1265.6
31.122500	1236.9
31.126250	1254.2
31.130000	1279.1
31.133750	1275.4
31.137500	1192.2
31.141250	1292.2
31.145000	1197.6
31.148750	1175.4
31.152500	1257.1
31.156250	1197.0
31.160000	1202.4
31.163750	1244.5
31.167500	1196.9
31.171250	1124.1
31.175000	1277.5
31.178750	1225.1
31.182500	1240.1
31.186250	1262.7
31.190000	1243.9
31.193750	1238.3
31.197500	1197.8
31.201250	1236.5
31.205000	1240.5
31.208750	1284.9
31.212500	1218.1
31.216250	1252.3
31.220000	1224.7
31.223750	1211.4
31.227500	1272.9
31.231250	1206.0
31.235000	1270.8
31.238750	1233.8
31.242500	1246.5
31.246250	1241.2
31.250000	1192.4
31.253750	1183.0
31.257500	1185.2
31.261250	1232.5
31.265000	1241.3
31.268750	1185.0
31.272500	1225.3
31.276250	1247.1
31.280000	1211.6
31.283750	1212.2
31.287500	1246.5
31.291250	1244.2
31.295000	1269.1
31.298750	1262.3
31.302500	1261.5
31.306250	1253.9
31.310000	1226.1
31.313750	1235.5
31.317500	1228.9
31.321250	1284.2
31.325000	1238.3
31.328750	1213.6
31.332500	1310.8
31.336250	1254.4
31.340000	1232.6
31.343750	1233.9
31.347500	1238.0
31.351250	1231.5
31.355000	1302.8
31.358750	1313.2
31.362500	1279.7
31.366250	1272.7
31.370000	1246.5
31.373750	1302.0
31.377500	1301.6
31.381250	1316.6
31.385000	1274.2
31.388750	1273.9
31.392500	1283.0
31.396250	1312.4
31.400000	1360.1
31.403750	1327.8
31.407500	1374.5
31.411250	1346.1
31.415000	1308.6
31.418750	1346.0
31.422500	1381.6
31.426250	1357.3
31.430000	1386.0
31.433750	1450.2
31.437500	1412.0
31.441250	1362.0
31.445000	1390.4
31.448750	1396.9
31.452500	1314.8
31.456250	1366.2
31.460000	1407.9
31.463750	1378.9
31.467500	1333.8
31.471250	1358.6
31.475000	1383.4
31.478750	1393.3
31.482500	1361.7
31.486250	1376.2
31.490000	1363.5
31.493750	1358.0
31.497500	1429.5
31.501250	1328.0
31.505000	1336.4
31.508750	1376.7
31.512500	1367.9
31.516250	1373.6
31.520000	1388.8
31.523750	1395.3
31.527500	1388.2
31.531250	1382.6
31.535000	1444.1
31.538750	1420.3
31.542500	1469.7
31.546250	1497.2
31.550000	1472.7
31.553750	1465.6
31.557500	1497.4
31.561250	1480.2
31.565000	1524.6
31.568750	1549.0
31.572500	1504.7
31.576250	1601.8
31.580000	1573.2
31.583750	1491.3
31.587500	1462.6
31.591250	1533.2
31.595000	1531.8
31.598750	1513.9
31.602500	1465.4
31.606250	1478.1
31.610000	1472.0
31.613750	1444.4
31.617500	1436.0
31.621250	1454.0
31.625000	1405.6
31.628750	1358.3
31.632500	1376.3
31.636250	1404.3
31.640000	1397.6
31.643750	1366.5
31.647500	1340.9
31.651250	1396.1
31.655000	1343.8
31.658750	1277.0
31.662500	1336.5
31.666250	1272.1
31.670000	1280.6
31.673750	1262.0
31.677500	1256.0
31.681250	1297.4
31.685000	1192.7
31.688750	1210.4
31.692500	1198.1
31.696250	1288.8
31.700000	1293.8
31.703750	1215.5
31.707500	1201.8
31.711250	1153.4
31.715000	1193.4
31.718750	1221.1
31.722500	1116.4
31.726250	1189.0
31.730000	1193.0
31.733750	1148.2
31.737500	1203.8
31.741250	1217.8
31.745000	1136.9
31.748750	1211.1
31.752500	1220.1
31.756250	1140.0
31.760000	1205.0
31.763750	1160.0
31.767500	1139.7
31.771250	1139.4
31.775000	1147.5
31.778750	1132.7
31.782500	1177.4
31.786250	1182.6
31.790000	1146.2
31.793750	1146.6
31.797500	1124.1
31.801250	1192.4
31.805000	1126.5
31.808750	1125.0
31.812500	1148.1
31.816250	1128.2
31.820000	1118.5
31.823750	1182.0
31.827500	1131.0
31.831250	1120.0
31.835000	1086.5
31.838750	1112.8
31.842500	1169.4
31.846250	1129.7
31.850000	1167.5
31.853750	1103.6
31.857500	1138.7
31.861250	1124.1
31.865000	1147.3
31.868750	1126.4
31.872500	1192.2
31.876250	1169.3
31.880000	1183.5
31.883750	1127.1
31.887500	1125.7
31.891250	1188.1
31.895000	1204.2
31.898750	1224.8
31.902500	1205.7
31.906250	1212.6
31.910000	1377.4
31.913750	1443.0
31.917500	1568.9
31.921250	1684.5
31.925000	1817.6
31.928750	1927.5
31.932500	1901.6
31.936250	1914.4
31.940000	1924.2
31.943750	1912.5
31.947500	1911.6
31.951250	1739.2
31.955000	1594.6
31.958750	1494.8
31.962500	1350.3
31.966250	1257.0
31.970000	1215.4
31.973750	1206.9
31.977500	1259.0
31.981250	1179.6
31.985000	1150.9
31.988750	1142.6
31.992500	1115.3
31.996250	1147.3
32.000000	1167.0
32.003750	1163.6
32.007500	1137.5
32.011250	1136.5
32.015000	1175.7
32.018750	1198.9
32.022500	1160.0
32.026250	1136.9
32.030000	1102.6
32.033750	1120.1
32.037500	1177.8
32.041250	1191.6
32.045000	1172.9
32.048750	1145.6
32.052500	1216.3
32.056250	1172.1
32.060000	1164.8
32.063750	1210.4
32.067500	1258.5
32.071250	1179.2
32.075000	1136.7
32.078750	1201.0
32.082500	1204.8
32.086250	1176.4
32.090000	1198.7
32.093750	1206.7
32.097500	1208.9
32.101250	1138.4
32.105000	1146.1
32.108750	1207.9
32.112500	1225.3
32.116250	1224.1
32.120000	1148.6
32.123750	1171.5
32.127500	1131.4
32.131250	1128.4
32.135000	1180.8
32.138750	1165.8
32.142500	1140.2
32.146250	1110.8
32.150000	1141.8
32.153750	1151.4
32.157500	1184.3
32.161250	1103.5
32.165000	1096.8
32.168750	1163.4
32.172500	1141.5
32.176250	1099.4
32.180000	1154.9
32.183750	1119.1
32.187500	1088.7
32.191250	1071.8
32.195000	1069.1
32.198750	1158.1
32.202500	1112.1
32.206250	1146.1
32.210000	1155.5
32.213750	1115.5
32.217500	1120.4
32.221250	1093.9
32.225000	1080.8
32.228750	1097.1
32.232500	1085.9
32.236250	1076.6
32.240000	1073.5
32.243750	1112.8
32.247500	1114.5
32.251250	1131.5
32.255000	1145.1
32.258750	1175.5
32.262500	1132.0
32.266250	1129.8
32.270000	1130.0
32.273750	1116.9
32.277500	1121.8
32.281250	1124.7
32.285000	1083.6
32.288750	1144.4
32.292500	1107.8
32.296250	1162.3
32.300000	1073.4
32.303750	1098.9
32.307500	1126.7
32.311250	1064.9
32.315000	1116.8
32.318750	1124.2
32.322500	1091.1
32.326250	1080.5
32.330000	1070.9
32.333750	1146.7
32.337500	1111.7
32.341250	1080.4
32.345000	1079.0
32.348750	1098.1
32.352500	1085.3
32.356250	1071.1
32.360000	1094.7
32.363750	1120.4
32.367500	1132.9
32.371250	1087.5
32.375000	1065.5
32.378750	1099.9
32.382500	1139.1
32.386250	1108.1
32.390000	1157.3
32.393750	1140.9
32.397500	1125.7
32.401250	1155.1
32.405000	1179.5
32.408750	1173.1
32.412500	1136.1
32.416250	1134.4
32.420000	1181.1
32.423750	1197.1
32.427500	1195.3
32.431250	1251.5
32.435000	1183.2
32.438750	1274.9
32.442500	1285.8
32.446250	1243.6
32.450000	1283.0
32.453750	1347.3
32.457500	1389.8
32.461250	1440.6
32.465000	1449.3
32.468750	1443.8
32.472500	1483.2
32.476250	1496.5
32.480000	1572.2
32.483750	1551.9
32.487500	1550.7
32.491250	1590.8
32.495000	1514.7
32.498750	1557.0
32.502500	1485.2
32.506250	1507.0
32.510000	1433.4
32.513750	1440.9
32.517500	1353.4
32.521250	1290.2
32.525000	1206.7
32.528750	1251.7
32.532500	1228.8
32.536250	1203.8
32.540000	1191.1
32.543750	1196.8
32.547500	1222.7
32.551250	1118.0
32.555000	1202.4
32.558750	1153.0
32.562500	1143.5
32.566250	1136.3
32.570000	1157.6
32.573750	1075.4
32.577500	1063.9
32.581250	1095.0
32.585000	1144.1
32.588750	1061.8
32.592500	1071.4
32.596250	1157.9
32.600000	1132.8
32.603750	1074.8
32.607500	1090.6
32.611250	1098.5
32.615000	1095.4
32.618750	1159.3
32.622500	1068.9
32.626250	1065.4
32.630000	1061.9
32.633750	1098.6
32.637500	1058.9
32.641250	1027.3
32.645000	1075.6
32.648750	1062.8
32.652500	1062.4
32.656250	1019.6
32.660000	1071.3
32.663750	1059.0
32.667500	1050.4
32.671250	1062.6
32.675000	1060.2
32.678750	1120.7
32.682500	1036.3
32.686250	1107.4
32.690000	1024.2
32.693750	1066.2
32.697500	1051.1
32.701250	1038.0
32.705000	1086.8
32.708750	1073.3
32.712500	1059.0
32.716250	1038.5
32.720000	992.6
32.723750	1028.6
32.727500	1055.3
32.731250	1089.2
32.735000	1086.4
32.738750	1046.1
32.742500	1014.8
32.746250	994.1
32.750000	1001.6
32.753750	1080.2
32.757500	1067.9
32.761250	1058.4
32.765000	1048.9
32.768750	1027.5
32.772500	1025.1
32.776250	1011.5
32.780000	1064.1
32.783750	1024.1
32.787500	1064.3
32.791250	1011.4
32.795000	1056.1
32.798750	1031.7
32.802500	1004.4
32.806250	1024.4
32.810000	1050.8
32.813750	1015.5
32.817500	1025.6
32.821250	1035.1
32.825000	1022.8
32.828750	1024.3
32.832500	1087.1
32.836250	1070.0
32.840000	1069.2
32.843750	1040.5
32.847500	1068.0
32.851250	1048.4
32.855000	1024.2
32.858750	1050.2
32.862500	1085.9
32.866250	1000.2
32.870000	1009.3
32.873750	1030.8
32.877500	1037.7
32.881250	1054.5
32.885000	1031.7
32.888750	1016.4
32.892500	1063.2
32.896250	1072.2
32.900000	1042.8
32.903750	1008.7
32.907500	1023.8
32.911250	1040.4
32.915000	1029.3
32.918750	1007.9
32.922500	999.4
32.926250	1016.4
32.930000	1017.8
32.933750	998.5
32.937500	1018.9
32.941250	1024.1
32.945000	973.5
32.948750	1041.7
32.952500	978.5
32.956250	1073.4
32.960000	995.6
32.963750	1009.7
32.967500	1068.5
32.971250	1038.8
32.975000	980.3
32.978750	1018.1
32.982500	1055.8
32.986250	1053.8
32.990000	1025.0
32.993750	967.4
32.997500	1005.8
33.001250	1005.3
33.005000	975.8
33.008750	981.3
33.012500	1041.5
33.016250	1046.7
33.020000	1080.8
33.023750	986.7
33.027500	1055.2
33.031250	995.3
33.035000	1063.1
33.038750	1068.0
33.042500	1030.5
33.046250	1080.7
33.050000	1007.8
33.053750	1086.5
33.057500	1026.0
33.061250	1023.3
33.065000	988.9
33.068750	1001.9
33.072500	990.4
33.076250	983.8
33.080000	991.5
33.083750	1053.9
33.087500	1079.5
33.091250	994.0
33.095000	1019.4
33.098750	1022.1
33.102500	1023.1
33.106250	1075.2
33.110000	970.4
33.113750	1025.2
33.117500	1014.4
33.121250	1021.7
33.125000	1041.3
33.128750	1027.3
33.132500	1005.1
33.136250	1030.6
33.140000	1082.3
33.143750	1022.0
33.147500	1000.9
33.151250	1027.7
33.155000	1019.0
33.158750	1033.2
33.162500	1018.4
33.166250	1044.0
33.170000	1006.3
33.173750	1061.2
33.177500	1016.7
33.181250	1065.3
33.185000	1088.2
33.188750	1046.4
33.192500	1001.5
33.196250	1040.6
33.200000	1032.3
33.203750	992.6
33.207500	986.0
33.211250	1009.0
33.215000	1071.0
33.218750	1004.3
33.222500	1078.3
33.226250	1038.9
33.230000	1012.7
33.233750	1046.1
33.237500	1065.3
33.241250	1006.9
33.245000	963.9
33.248750	1105.5
33.252500	1089.7
33.256250	1040.2
33.260000	1044.1
33.263750	1059.2
33.267500	1063.5
33.271250	1062.8
33.275000	1059.3
33.278750	1007.9
33.282500	1043.0
33.286250	981.1
33.290000	1018.0
33.293750	1027.6
33.297500	977.3
33.301250	1039.7
33.305000	1017.5
33.308750	985.3
33.312500	1014.5
33.316250	1048.2
33.320000	976.1
33.323750	1022.8
33.327500	1048.5
33.331250	1004.1
33.335000	1021.4
33.338750	1015.9
33.342500	1003.9
33.346250	986.2
33.350000	1009.0
33.353750	950.7
33.357500	952.9
33.361250	1014.5
33.365000	1001.3
33.368750	999.2
33.372500	1063.6
33.376250	997.5
33.380000	943.5
33.383750	1016.1
33.387500	1013.8
33.391250	948.9
33.395000	984.9
33.398750	1015.7
33.402500	1044.4
33.406250	1007.2
33.410000	976.7
33.413750	969.4
33.417500	982.3
33.421250	991.1
33.425000	960.8
33.428750	988.9
33.432500	960.7
33.436250	993.7
33.440000	1011.4
33.443750	979.9
33.447500	1007.4
33.451250	947.7
33.455000	963.2
33.458750	976.1
33.462500	971.1
33.466250	988.6
33.470000	1007.0
33.473750	948.9
33.477500	964.1
33.481250	967.2
33.485000	991.2
33.488750	1013.0
33.492500	976.1
33.496250	975.5
33.500000	990.5
33.503750	943.6
33.507500	969.3
33.511250	1012.6
33.515000	934.8
33.518750	966.9
33.522500	957.5
33.526250	985.0
33.530000	1031.9
33.533750	975.7
33.537500	996.2
33.541250	1032.9
33.545000	1027.9
33.548750	1024.6
33.552500	1036.6
33.556250	980.2
33.560000	1058.7
33.563750	1002.7
33.567500	972.6
33.571250	970.1
33.575000	1054.3
33.578750	982.8
33.582500	955.2
33.586250	1003.0
33.590000	965.5
33.593750	934.9
33.597500	986.4
33.601250	1027.4
33.605000	979.2
33.608750	1033.0
33.612500	961.7
33.616250	996.9
33.620000	1003.6
33.623750	1017.8
33.627500	1030.9
33.631250	985.9
33.635000	985.5
33.638750	998.9
33.642500	1023.6
33.646250	997.7
33.650000	1013.4
33.653750	982.7
33.657500	999.2
33.661250	990.6
33.665000	995.9
33.668750	1019.0
33.672500	977.3
33.676250	1014.7
33.680000	1009.9
33.683750	984.0
33.687500	976.4
33.691250	985.4
33.695000	1081.6
33.698750	1064.1
33.702500	975.1
33.706250	965.8
33.710000	971.3
33.713750	1018.0
33.717500	1009.4
33.721250	997.7
33.725000	1006.5
33.728750	1013.5
33.732500	1016.1
33.736250	1050.4
33.740000	986.1
33.743750	958.3
33.747500	958.8
33.751250	995.2
33.755000	1027.2
33.758750	1001.7
33.762500	969.0
33.766250	980.9
33.770000	997.8
33.773750	934.3
33.777500	984.5
33.781250	1015.4
33.785000	997.7
33.788750	993.8
33.792500	996.4
33.796250	938.4
33.800000	988.4
33.803750	1005.6
33.807500	981.4
33.811250	967.8
33.815000	923.6
33.818750	1009.3
33.822500	991.0
33.826250	972.6
33.830000	1000.7
33.833750	993.0
33.837500	991.3
33.841250	959.2
33.845000	962.1
33.848750	937.7
33.852500	973.1
33.856250	979.4
33.860000	951.2
33.863750	1019.3
33.867500	1004.4
33.871250	1012.0
33.875000	962.2
33.878750	936.6
33.882500	1010.7
33.886250	1017.0
33.890000	1037.6
33.893750	1003.6
33.897500	986.6
33.901250	997.1
33.905000	1032.4
33.908750	965.2
33.912500	1035.3
33.916250	1038.9
33.920000	1077.1
33.923750	1024.0
33.927500	989.3
33.931250	970.3
33.935000	1001.3
33.938750	1060.8
33.942500	1044.9
33.946250	1000.8
33.950000	1071.8
33.953750	1076.3
33.957500	1013.0
33.961250	1079.1
33.965000	1025.3
33.968750	1035.1
33.972500	1030.1
33.976250	1060.5
33.980000	1063.7
33.983750	1055.1
33.987500	1032.2
33.991250	1028.7
33.995000	1105.4
33.998750	1118.6
34.002500	1088.3
34.006250	1090.4
34.010000	1145.4
34.013750	1157.4
34.017500	1095.1
34.021250	1166.9
34.025000	1152.5
34.028750	1161.5
34.032500	1168.5
34.036250	1176.1
34.040000	1179.3
34.043750	1116.3
34.047500	1169.1
34.051250	1167.2
34.055000	1136.8
34.058750	1128.0
34.062500	1165.5
34.066250	1107.6
34.070000	1070.0
34.073750	1096.4
34.077500	1098.9
34.081250	1092.0
34.085000	1016.3
34.088750	1056.9
34.092500	1082.4
34.096250	1119.0
34.100000	1058.1
34.103750	1046.5
34.107500	1045.7
34.111250	1065.3
34.115000	1039.5
34.118750	1009.7
34.122500	1052.9
34.126250	1072.2
34.130000	1062.6
34.133750	1003.9
34.137500	963.1
34.141250	1034.9
34.145000	1058.4
34.148750	970.6
34.152500	1068.8
34.156250	1072.1
34.160000	992.5
34.163750	1032.1
34.167500	1048.7
34.171250	1010.0
34.175000	1031.9
34.178750	1028.0
34.182500	1010.1
34.186250	1015.5
34.190000	1003.5
34.193750	1005.7
34.197500	1010.0
34.201250	995.2
34.205000	1007.9
34.208750	986.1
34.212500	1011.3
34.216250	1036.8
34.220000	996.8
34.223750	1033.3
34.227500	991.3
34.231250	1019.7
34.235000	995.0
34.238750	1012.6
34.242500	960.2
34.246250	985.3
34.250000	1013.6
34.253750	1060.0
34.257500	968.5
34.261250	990.3
34.265000	940.0
34.268750	1034.9
34.272500	997.5
34.276250	1017.4
34.280000	1009.9
34.283750	979.7
34.287500	1031.0
34.291250	1033.4
34.295000	942.7
34.298750	1024.9
34.302500	972.4
34.306250	936.4
34.310000	983.9
34.313750	1006.3
34.317500	997.7
34.321250	992.8
34.325000	1018.6
34.328750	1028.2
34.332500	1015.6
34.336250	1008.5
34.340000	1010.7
34.343750	1005.4
34.347500	1039.8
34.351250	1111.2
34.355000	1031.1
34.358750	1029.7
34.362500	1011.3
34.366250	971.8
34.370000	1060.7
34.373750	1044.7
34.377500	1129.1
34.381250	1090.7
34.385000	1103.4
34.388750	1093.5
34.392500	1121.1
34.396250	1135.8
34.400000	1176.2
34.403750	1277.7
34.407500	1272.3
34.411250	1288.2
34.415000	1306.6
34.418750	1322.6
34.422500	1339.0
34.426250	1327.9
34.430000	1315.2
34.433750	1267.3
34.437500	1371.9
34.441250	1278.2
34.445000	1203.8
34.448750	1192.1
34.452500	1213.0
34.456250	1239.0
34.460000	1292.4
34.463750	1274.5
34.467500	1264.4
34.471250	1282.0
34.475000	1218.4
34.478750	1238.0
34.482500	1260.0
34.486250	1239.8
34.490000	1316.5
34.493750	1274.6
34.497500	1337.5
34.501250	1333.6
34.505000	1262.2
34.508750	1275.5
34.512500	1302.7
34.516250	1292.2
34.520000	1244.0
34.523750	1210.9
34.527500	1212.3
34.531250	1182.9
34.535000	1262.1
34.538750	1190.7
34.542500	1220.0
34.546250	1193.2
34.550000	1153.1
34.553750	1227.8
34.557500	1274.1
34.561250	1127.7
34.565000	1183.6
34.568750	1197.5
34.572500	1186.8
34.576250	1197.2
34.580000	1163.9
34.583750	1123.8
34.587500	1281.5
34.591250	1301.9
34.595000	1311.0
34.598750	1292.9
34.602500	1312.1
34.606250	1332.3
34.610000	1428.1
34.613750	1437.9
34.617500	1453.4
34.621250	1426.8
34.625000	1477.0
34.628750	1504.3
34.632500	1504.9
34.636250	1443.4
34.640000	1437.0
34.643750	1447.5
34.647500	1426.2
34.651250	1482.0
34.655000	1411.3
34.658750	1364.5
34.662500	1289.3
34.666250	1295.3
34.670000	1330.6
34.673750	1332.9
34.677500	1246.9
34.681250	1245.0
34.685000	1229.1
34.688750	1209.5
34.692500	1142.0
34.696250	1217.1
34.700000	1174.0
34.703750	1226.2
34.707500	1188.1
34.711250	1149.7
34.715000	1165.1
34.718750	1105.6
34.722500	1122.3
34.726250	1164.4
34.730000	1198.2
34.733750	1156.4
34.737500	1171.4
34.741250	1190.1
34.745000	1171.9
34.748750	1130.6
34.752500	1254.2
34.756250	1272.4
34.760000	1184.4
34.763750	1222.5
34.767500	1256.7
34.771250	1288.7
34.775000	1277.6
34.778750	1275.0
34.782500	1362.1
34.786250	1390.1
34.790000	1449.0
34.793750	1440.1
34.797500	1515.9
34.801250	1539.8
34.805000	1531.4
34.808750	1586.1
34.812500	1686.2
34.816250	1730.8
34.820000	1764.5
34.823750	1826.6
34.827500	1761.1
34.831250	1781.6
34.835000	1830.9
34.838750	1788.9
34.842500	1820.0
34.846250	1848.2
34.850000	1858.9
34.853750	1920.9
34.857500	1942.2
34.861250	1940.0
34.865000	1948.4
34.868750	1931.0
34.872500	1992.1
34.876250	2049.5
34.880000	1989.7
34.883750	2055.6
34.887500	2138.4
34.891250	2055.0
34.895000	2074.5
34.898750	2039.9
34.902500	2099.2
34.906250	2124.9
34.910000	2038.1
34.913750	1986.5
34.917500	1922.5
34.921250	1929.8
34.925000	1896.1
34.928750	1864.3
34.932500	1756.7
34.936250	1692.9
34.940000	1767.8
34.943750	1746.2
34.947500	1677.2
34.951250	1714.4
34.955000	1616.5
34.958750	1652.8
34.962500	1587.1
34.966250	1557.2
34.970000	1634.3
34.973750	1622.5
34.977500	1597.9
34.981250	1660.4
34.985000	1618.4
34.988750	1620.8
34.992500	1648.1
34.996250	1660.4
35.000000	1651.8
35.003750	1735.0
35.007500	1738.3
35.011250	1685.1
35.015000	1718.3
35.018750	1643.5
35.022500	1772.7
35.026250	1826.3
35.030000	1765.5
35.033750	1749.6
35.037500	1802.3
35.041250	1821.2
35.045000	1880.3
35.048750	1905.6
35.052500	1918.7
35.056250	1920.8
35.060000	1925.9
35.063750	1983.2
35.067500	1988.2
35.071250	1946.9
35.075000	1990.3
35.078750	2059.0
35.082500	2010.7
35.086250	1993.2
35.090000	2010.1
35.093750	1947.9
35.097500	1939.2
35.101250	1844.8
35.105000	1780.6
35.108750	1652.6
35.112500	1647.6
35.116250	1611.0
35.120000	1604.3
35.123750	1586.2
35.127500	1541.3
35.131250	1487.1
35.135000	1375.9
35.138750	1480.3
35.142500	1497.0
35.146250	1386.6
35.150000	1397.4
35.153750	1425.7
35.157500	1431.1
35.161250	1407.2
35.165000	1412.2
35.168750	1385.2
35.172500	1384.1
35.176250	1450.5
35.180000	1438.3
35.183750	1419.2
35.187500	1425.4
35.191250	1436.1
35.195000	1469.8
35.198750	1435.1
35.202500	1423.9
35.206250	1435.7
35.210000	1462.7
35.213750	1439.2
35.217500	1415.4
35.221250	1365.2
35.225000	1349.7
35.228750	1365.8
35.232500	1365.2
35.236250	1363.4
35.240000	1294.6
35.243750	1291.9
35.247500	1258.3
35.251250	1270.7
35.255000	1316.3
35.258750	1242.6
35.262500	1265.9
35.266250	1232.8
35.270000	1211.3
35.273750	1247.8
35.277500	1278.7
35.281250	1336.3
35.285000	1299.5
35.288750	1332.1
35.292500	1259.5
35.296250	1339.5
35.300000	1396.9
35.303750	1387.7
35.307500	1312.8
35.311250	1436.0
35.315000	1450.6
35.318750	1391.1
35.322500	1414.6
35.326250	1423.3
35.330000	1468.4
35.333750	1394.0
35.337500	1381.1
35.341250	1330.2
35.345000	1274.2
35.348750	1271.9
35.352500	1227.4
35.356250	1224.6
35.360000	1181.1
35.363750	1224.8
35.367500	1142.9
35.371250	1126.0
35.375000	1111.4
35.378750	1100.3
35.382500	1120.9
35.386250	1132.1
35.390000	1174.6
35.393750	1100.8
35.397500	1055.4
35.401250	1113.6
35.405000	1023.1
35.408750	1074.8
35.412500	1057.8
35.416250	1091.5
35.420000	1101.5
35.423750	1107.7
35.427500	1071.4
35.431250	1046.7
35.435000	1049.2
35.438750	1040.0
35.442500	1063.8
35.446250	1048.2
35.450000	1088.7
35.453750	1093.5
35.457500	1089.2
35.461250	1048.1
35.465000	1009.2
35.468750	1064.5
35.472500	1017.6
35.476250	1068.4
35.480000	1036.1
35.483750	1015.4
35.487500	1034.1
35.491250	1068.2
35.495000	1031.6
35.498750	1002.6
35.502500	1017.0
35.506250	1050.6
35.510000	1053.6
35.513750	998.7
35.517500	1072.7
35.521250	1091.2
35.525000	951.9
35.528750	1013.0
35.532500	1019.7
35.536250	1063.7
35.540000	1101.0
35.543750	1106.7
35.547500	1016.3
35.551250	1096.6
35.555000	1066.0
35.558750	1023.0
35.562500	1116.7
35.566250	1111.1
35.570000	1024.3
35.573750	1107.4
35.577500	1133.5
35.581250	1032.7
35.585000	1060.3
35.588750	1061.3
35.592500	1100.9
35.596250	1074.0
35.600000	1027.2
35.603750	1043.5
35.607500	1049.3
35.611250	1113.0
35.615000	1093.2
35.618750	1157.2
35.622500	1176.9
35.626250	1202.0
35.630000	1141.0
35.633750	1156.8
35.637500	1140.1
35.641250	1147.1
35.645000	1159.0
35.648750	1112.8
35.652500	1137.1
35.656250	1185.9
35.660000	1174.2
35.663750	1186.6
35.667500	1030.5
35.671250	1076.7
35.675000	1119.1
35.678750	1155.5
35.682500	1119.1
35.686250	1140.8
35.690000	1227.2
35.693750	1218.4
35.697500	1163.2
35.701250	1145.6
35.705000	1135.5
35.708750	1093.1
35.712500	1190.4
35.716250	1188.3
35.720000	1173.5
35.723750	1179.6
35.727500	1163.4
35.731250	1161.6
35.735000	1174.8
35.738750	1105.7
35.742500	1058.6
35.746250	1120.5
35.750000	1157.4
35.753750	1151.7
35.757500	1118.9
35.761250	1045.5
35.765000	1063.8
35.768750	1054.5
35.772500	1130.4
35.776250	1178.3
35.780000	1138.7
35.783750	1077.4
35.787500	1090.2
35.791250	1064.9
35.795000	1114.9
35.798750	1097.0
35.802500	1123.8
35.806250	1126.5
35.810000	1099.5
35.813750	1086.7
35.817500	1124.7
35.821250	1103.9
35.825000	1176.9
35.828750	1216.5
35.832500	1145.5
35.836250	1146.3
35.840000	1143.1
35.843750	1141.8
35.847500	1135.5
35.851250	1132.6
35.855000	1183.7
35.858750	1179.4
35.862500	1194.4
35.866250	1229.7
35.870000	1250.2
35.873750	1258.9
35.877500	1254.2
35.881250	1192.7
35.885000	1244.3
35.888750	1259.2
35.892500	1246.6
35.896250	1338.3
35.900000	1301.2
35.903750	1325.6
35.907500	1420.0
35.911250	1411.0
35.915000	1433.4
35.918750	1443.0
35.922500	1526.0
35.926250	1549.8
35.930000	1553.9
35.933750	1586.8
35.937500	1681.8
35.941250	1730.3
35.945000	1734.2
35.948750	1779.9
35.952500	1752.6
35.956250	1897.4
35.960000	1849.4
35.963750	1884.3
35.967500	1807.5
35.971250	1921.1
35.975000	1887.8
35.978750	1833.3
35.982500	1745.0
35.986250	1672.0
35.990000	1799.9
35.993750	1737.2
35.997500	1669.5
36.001250	1594.1
36.005000	1432.5
36.008750	1467.2
36.012500	1486.2
36.016250	1412.9
36.020000	1374.4
36.023750	1315.6
36.027500	1258.2
36.031250	1198.6
36.035000	1267.7
36.038750	1247.0
36.042500	1205.3
36.046250	1260.7
36.050000	1182.9
36.053750	1143.0
36.057500	1231.3
36.061250	1155.5
36.065000	1141.8
36.068750	1164.9
36.072500	1085.7
36.076250	1131.0
36.080000	1077.8
36.083750	1127.6
36.087500	1091.3
36.091250	979.3
36.095000	1036.5
36.098750	1091.0
36.102500	1080.2
36.106250	1065.5
36.110000	1048.3
36.113750	1048.2
36.117500	1100.2
36.121250	1039.1
36.125000	1023.3
36.128750	1060.1
36.132500	1035.2
36.136250	1062.8
36.140000	1063.7
36.143750	965.7
36.147500	1023.1
36.151250	1095.1
36.155000	1014.9
36.158750	988.2
36.162500	1048.3
36.166250	1043.4
36.170000	982.0
36.173750	973.5
36.177500	1001.2
36.181250	1018.2
36.185000	940.0
36.188750	1009.7
36.192500	1045.4
36.196250	978.5
36.200000	1002.0
36.203750	1041.6
36.207500	1015.2
36.211250	992.9
36.215000	1007.1
36.218750	997.0
36.222500	1072.3
36.226250	1045.8
36.230000	1085.0
36.233750	1081.8
36.237500	1042.4
36.241250	1075.0
36.245000	1042.7
36.248750	1133.0
36.252500	1061.0
36.256250	992.3
36.260000	1001.1
36.263750	1059.5
36.267500	1080.9
36.271250	1044.2
36.275000	1063.9
36.278750	1103.5
36.282500	1079.0
36.286250	1091.7
36.290000	1091.5
36.293750	1069.9
36.297500	1045.2
36.301250	1062.1
36.305000	1037.4
36.308750	1032.7
36.312500	1066.4
36.316250	1009.2
36.320000	1024.2
36.323750	1080.4
36.327500	996.8
36.331250	985.8
36.335000	988.3
36.338750	1017.9
36.342500	950.1
36.346250	951.3
36.350000	920.0
36.353750	929.6
36.357500	997.6
36.361250	955.7
36.365000	961.5
36.368750	945.4
36.372500	952.6
36.376250	961.1
36.380000	936.4
36.383750	931.2
36.387500	904.0
36.391250	963.3
36.395000	980.0
36.398750	886.4
36.402500	936.9
36.406250	933.3
36.410000	911.4
36.413750	924.9
36.417500	844.6
36.421250	926.9
36.425000	966.7
36.428750	980.3
36.432500	992.3
36.436250	960.5
36.440000	951.2
36.443750	972.9
36.447500	941.9
36.451250	931.0
36.455000	908.6
36.458750	917.9
36.462500	930.0
36.466250	941.1
36.470000	950.8
36.473750	965.9
36.477500	939.1
36.481250	999.8
36.485000	954.0
36.488750	963.4
36.492500	976.7
36.496250	929.9
36.500000	944.5
36.503750	969.0
36.507500	982.8
36.511250	970.0
36.515000	941.1
36.518750	921.4
36.522500	938.4
36.526250	934.1
36.530000	920.2
36.533750	890.2
36.537500	996.7
36.541250	933.1
36.545000	966.5
36.548750	959.1
36.552500	931.7
36.556250	958.5
36.560000	978.7
36.563750	1018.0
36.567500	989.8
36.571250	963.6
36.575000	981.3
36.578750	1035.4
36.582500	1031.3
36.586250	1025.5
36.590000	1012.0
36.593750	1009.8
36.597500	1000.0
36.601250	1013.7
36.605000	1054.9
36.608750	1022.0
36.612500	999.7
36.616250	1026.4
36.620000	1003.3
36.623750	989.6
36.627500	968.6
36.631250	990.7
36.635000	1049.4
36.638750	1016.0
36.642500	1004.2
36.646250	1010.2
36.650000	933.0
36.653750	954.9
36.657500	968.9
36.661250	990.2
36.665000	1057.7
36.668750	1023.6
36.672500	1053.2
36.676250	1079.5
36.680000	1062.4
36.683750	1051.5
36.687500	1058.4
36.691250	997.4
36.695000	1072.6
36.698750	1084.4
36.702500	1049.3
36.706250	1075.5
36.710000	1121.7
36.713750	1095.5
36.717500	1108.1
36.721250	1134.9
36.725000	1182.5
36.728750	1116.2
36.732500	1193.7
36.736250	1263.9
36.740000	1192.1
36.743750	1261.5
36.747500	1247.0
36.751250	1184.1
36.755000	1334.9
36.758750	1330.0
36.762500	1293.1
36.766250	1370.7
36.770000	1263.3
36.773750	1258.0
36.777500	1285.6
36.781250	1294.7
36.785000	1232.0
36.788750	1250.8
36.792500	1190.1
36.796250	1165.9
36.800000	1199.9
36.803750	1219.7
36.807500	1187.1
36.811250	1140.0
36.815000	1165.0
36.818750	1128.3
36.822500	1064.7
36.826250	1048.6
36.830000	1025.5
36.833750	1058.5
36.837500	1117.0
36.841250	1111.8
36.845000	1004.8
36.848750	1057.0
36.852500	1052.0
36.856250	1008.1
36.860000	993.4
36.863750	1045.9
36.867500	937.1
36.871250	939.2
36.875000	1011.3
36.878750	1010.0
36.882500	973.4
36.886250	1017.9
36.890000	983.1
36.893750	988.6
36.897500	956.9
36.901250	929.2
36.905000	927.5
36.908750	975.0
36.912500	972.9
36.916250	942.9
36.920000	916.8
36.923750	940.0
36.927500	937.6
36.931250	953.7
36.935000	962.8
36.938750	952.9
36.942500	887.5
36.946250	985.3
36.950000	961.5
36.953750	974.7
36.957500	912.5
36.961250	933.7
36.965000	975.6
36.968750	928.0
36.972500	930.7
36.976250	935.2
36.980000	915.3
36.983750	943.5
36.987500	979.4
36.991250	892.4
36.995000	970.3
36.998750	953.1
37.002500	974.1
37.006250	940.1
37.010000	921.1
37.013750	937.6
37.017500	952.8
37.021250	911.4
37.025000	912.7
37.028750	900.0
37.032500	978.2
37.036250	910.6
37.040000	980.6
37.043750	965.5
37.047500	940.7
37.051250	977.6
37.055000	996.2
37.058750	976.6
37.062500	926.5
37.066250	964.8
37.070000	948.5
37.073750	1005.0
37.077500	1008.7
37.081250	978.7
37.085000	937.9
37.088750	973.7
37.092500	965.0
37.096250	928.0
37.100000	958.0
37.103750	960.0
37.107500	948.2
37.111250	926.6
37.115000	890.8
37.118750	921.0
37.122500	986.1
37.126250	947.7
37.130000	924.2
37.133750	920.7
37.137500	905.1
37.141250	946.7
37.145000	914.4
37.148750	970.4
37.152500	920.0
37.156250	931.6
37.160000	935.4
37.163750	927.8
37.167500	938.7
37.171250	916.9
37.175000	873.7
37.178750	919.8
37.182500	961.9
37.186250	879.0
37.190000	900.8
37.193750	945.2
37.197500	881.4
37.201250	951.1
37.205000	973.2
37.208750	909.8
37.212500	910.5
37.216250	959.6
37.220000	924.5
37.223750	927.7
37.227500	952.0
37.231250	928.3
37.235000	921.5
37.238750	944.9
37.242500	958.2
37.246250	904.8
37.250000	897.6
37.253750	936.1
37.257500	892.8
37.261250	871.0
37.265000	914.1
37.268750	894.4
37.272500	900.2
37.276250	932.4
37.280000	917.4
37.283750	886.3
37.287500	884.8
37.291250	956.7
37.295000	953.5
37.298750	920.1
37.302500	936.0
37.306250	940.6
37.310000	876.4
37.313750	931.1
37.317500	960.2
37.321250	940.6
37.325000	895.4
37.328750	922.8
37.332500	947.6
37.336250	941.2
37.340000	920.5
37.343750	922.5
37.347500	912.8
37.351250	914.0
37.355000	910.6
37.358750	975.1
37.362500	943.1
37.366250	984.4
37.370000	967.4
37.373750	955.6
37.377500	980.8
37.381250	944.2
37.385000	921.5
37.388750	902.8
37.392500	962.0
37.396250	936.2
37.400000	897.6
37.403750	901.8
37.407500	908.5
37.411250	905.6
37.415000	942.8
37.418750	939.5
37.422500	886.9
37.426250	912.7
37.430000	977.9
37.433750	931.0
37.437500	1006.8
37.441250	963.5
37.445000	932.0
37.448750	903.1
37.452500	890.4
37.456250	943.9
37.460000	937.4
37.463750	921.4
37.467500	951.4
37.471250	976.5
37.475000	982.3
37.478750	950.6
37.482500	996.8
37.486250	989.9
37.490000	919.5
37.493750	932.6
37.497500	926.4
37.501250	974.2
37.505000	1005.3
37.508750	1017.4
37.512500	1001.2
37.516250	944.9
37.520000	965.2
37.523750	1035.5
37.527500	1021.1
37.531250	1018.4
37.535000	1019.9
37.538750	1049.2
37.542500	981.8
37.546250	1088.0
37.550000	1049.5
37.553750	1029.0
37.557500	1044.4
37.561250	1055.2
37.565000	1111.2
37.568750	1094.5
37.572500	1100.2
37.576250	1101.8
37.580000	1126.0
37.583750	1183.4
37.587500	1150.4
37.591250	1155.7
37.595000	1191.2
37.598750	1137.2
37.602500	1146.6
37.606250	1200.5
37.610000	1204.3
37.613750	1177.8
37.617500	1256.2
37.621250	1142.3
37.625000	1146.3
37.628750	1140.5
37.632500	1165.5
37.636250	1150.3
37.640000	1051.8
37.643750	1111.1
37.647500	1121.6
37.651250	1042.4
37.655000	1076.0
37.658750	1058.2
37.662500	1073.5
37.666250	1092.1
37.670000	1060.0
37.673750	1091.7
37.677500	1132.4
37.681250	1004.6
37.685000	1058.1
37.688750	1095.6
37.692500	1052.0
37.696250	1080.8
37.700000	1078.0
37.703750	1065.7
37.707500	1100.3
37.711250	1119.3
37.715000	1127.6
37.718750	1131.2
37.722500	1123.5
37.726250	1147.3
37.730000	1117.8
37.733750	1145.6
37.737500	1221.4
37.741250	1178.2
37.745000	1203.7
37.748750	1229.2
37.752500	1198.1
37.756250	1266.3
37.760000	1274.3
37.763750	1268.7
37.767500	1315.2
37.771250	1279.1
37.775000	1298.7
37.778750	1298.2
37.782500	1264.4
37.786250	1256.1
37.790000	1283.3
37.793750	1330.3
37.797500	1236.9
37.801250	1220.9
37.805000	1289.4
37.808750	1213.8
37.812500	1231.0
37.816250	1258.8
37.820000	1286.2
37.823750	1253.2
37.827500	1239.1
37.831250	1294.9
37.835000	1388.7
37.838750	1449.1
37.842500	1476.5
37.846250	1556.9
37.850000	1687.2
37.853750	1736.3
37.857500	1730.2
37.861250	1734.8
37.865000	1700.3
37.868750	1736.6
37.872500	1662.1
37.876250	1557.6
37.880000	1605.4
37.883750	1472.4
37.887500	1376.5
37.891250	1295.4
37.895000	1207.1
37.898750	1190.1
37.902500	1139.2
37.906250	1210.0
37.910000	1152.3
37.913750	1118.4
37.917500	1113.1
37.921250	1154.8
37.925000	1191.7
37.928750	1136.2
37.932500	1156.2
37.936250	1112.9
37.940000	1153.7
37.943750	1110.9
37.947500	1132.5
37.951250	1132.9
37.955000	1150.4
37.958750	1196.4
37.962500	1162.7
37.966250	1167.6
37.970000	1253.6
37.973750	1168.7
37.977500	1210.8
37.981250	1254.0
37.985000	1231.1
37.988750	1211.2
37.992500	1190.7
37.996250	1178.0
38.000000	1185.2
38.003750	1159.9
38.007500	1140.2
38.011250	1150.4
38.015000	1158.5
38.018750	1122.9
38.022500	1100.8
38.026250	1089.9
38.030000	1025.7
38.033750	1107.5
38.037500	993.7
38.041250	1031.0
38.045000	1056.5
38.048750	1026.4
38.052500	1038.2
38.056250	1002.4
38.060000	1013.9
38.063750	1011.0
38.067500	986.8
38.071250	975.3
38.075000	984.6
38.078750	1019.2
38.082500	921.0
38.086250	962.9
38.090000	986.5
38.093750	994.4
38.097500	1011.5
38.101250	940.4
38.105000	986.7
38.108750	988.9
38.112500	921.4
38.116250	918.1
38.120000	959.5
38.123750	960.1
38.127500	952.8
38.131250	992.5
38.135000	952.7
38.138750	973.9
38.142500	1031.3
38.146250	1052.3
38.150000	967.4
38.153750	1000.0
38.157500	1034.6
38.161250	969.0
38.165000	963.3
38.168750	938.6
38.172500	935.8
38.176250	970.3
38.180000	982.5
38.183750	935.2
38.187500	968.2
38.191250	967.8
38.195000	928.8
38.198750	959.8
38.202500	908.8
38.206250	948.0
38.210000	950.7
38.213750	972.8
38.217500	956.8
38.221250	930.6
38.225000	963.8
38.228750	904.2
38.232500	887.6
38.236250	876.9
38.240000	934.0
38.243750	928.7
38.247500	988.3
38.251250	926.7
38.255000	887.6
38.258750	913.9
38.262500	972.3
38.266250	863.8
38.270000	947.7
38.273750	928.4
38.277500	953.4
38.281250	954.0
38.285000	958.8
38.288750	944.5
38.292500	905.8
38.296250	881.9
38.300000	913.7
38.303750	876.6
38.307500	863.8
38.311250	947.3
38.315000	924.6
38.318750	939.0
38.322500	940.8
38.326250	929.1
38.330000	918.0
38.333750	899.8
38.337500	828.9
38.341250	945.3
38.345000	901.8
38.348750	854.5
38.352500	917.2
38.356250	954.7
38.360000	918.0
38.363750	896.3
38.367500	886.1
38.371250	892.0
38.375000	877.7
38.378750	893.6
38.382500	914.7
38.386250	888.7
38.390000	863.5
38.393750	890.4
38.397500	916.2
38.401250	888.9
38.405000	881.1
38.408750	912.2
38.412500	940.3
38.416250	900.2
38.420000	957.0
38.423750	913.1
38.427500	844.1
38.431250	887.9
38.435000	932.9
38.438750	951.4
38.442500	942.0
38.446250	870.5
38.450000	895.7
38.453750	870.2
38.457500	930.1
38.461250	900.6
38.465000	862.9
38.468750	955.0
38.472500	923.3
38.476250	959.8
38.480000	874.2
38.483750	894.1
38.487500	905.6
38.491250	864.4
38.495000	866.8
38.498750	928.4
38.502500	890.0
38.506250	872.9
38.510000	954.1
38.513750	963.4
38.517500	891.8
38.521250	890.5
38.525000	868.1
38.528750	911.1
38.532500	926.2
38.536250	978.0
38.540000	932.5
38.543750	934.8
38.547500	924.5
38.551250	960.7
38.555000	957.5
38.558750	973.1
38.562500	972.3
38.566250	966.1
38.570000	904.5
38.573750	943.5
38.577500	943.6
38.581250	935.6
38.585000	946.0
38.588750	964.1
38.592500	973.7
38.596250	968.7
38.600000	966.9
38.603750	923.3
38.607500	926.5
38.611250	921.1
38.615000	945.0
38.618750	899.1
38.622500	936.5
38.626250	947.1
38.630000	891.1
38.633750	1006.0
38.637500	950.9
38.641250	931.2
38.645000	957.0
38.648750	934.2
38.652500	958.4
38.656250	1014.3
38.660000	915.3
38.663750	928.4
38.667500	972.0
38.671250	940.6
38.675000	892.0
38.678750	958.7
38.682500	957.2
38.686250	913.8
38.690000	916.9
38.693750	947.3
38.697500	944.7
38.701250	980.9
38.705000	950.9
38.708750	866.9
38.712500	945.7
38.716250	956.4
38.720000	981.4
38.723750	939.7
38.727500	916.5
38.731250	949.2
38.735000	956.2
38.738750	939.7
38.742500	958.2
38.746250	955.6
38.750000	933.5
38.753750	948.7
38.757500	920.3
38.761250	947.4
38.765000	952.9
38.768750	929.4
38.772500	936.1
38.776250	944.4
38.780000	973.9
38.783750	962.1
38.787500	906.7
38.791250	948.4
38.795000	977.2
38.798750	963.2
38.802500	953.7
38.806250	1008.1
38.810000	976.2
38.813750	978.7
38.817500	941.4
38.821250	908.6
38.825000	902.0
38.828750	895.6
38.832500	941.0
38.836250	933.6
38.840000	914.1
38.843750	957.3
38.847500	920.0
38.851250	944.6
38.855000	942.6
38.858750	947.9
38.862500	928.1
38.866250	935.6
38.870000	944.4
38.873750	962.8
38.877500	926.2
38.881250	938.3
38.885000	934.2
38.888750	890.3
38.892500	936.7
38.896250	891.9
38.900000	920.8
38.903750	949.2
38.907500	942.2
38.911250	926.5
38.915000	936.8
38.918750	929.1
38.922500	926.5
38.926250	943.2
38.930000	930.6
38.933750	980.8
38.937500	966.2
38.941250	958.3
38.945000	935.0
38.948750	934.6
38.952500	951.1
38.956250	969.2
38.960000	933.3
38.963750	931.6
38.967500	945.4
38.971250	1004.4
38.975000	972.2
38.978750	960.3
38.982500	925.7
38.986250	932.9
38.990000	988.1
38.993750	940.7
38.997500	987.0
39.001250	967.9
39.005000	1000.8
39.008750	1043.1
39.012500	971.0
39.016250	973.7
39.020000	981.8
39.023750	1045.0
39.027500	954.1
39.031250	966.0
39.035000	1006.1
39.038750	1006.7
39.042500	1009.2
39.046250	976.1
39.050000	1014.5
39.053750	1027.8
39.057500	1028.4
39.061250	1030.9
39.065000	1028.7
39.068750	1046.7
39.072500	1015.7
39.076250	1039.7
39.080000	1046.3
39.083750	1043.8
39.087500	1081.8
39.091250	1032.0
39.095000	1004.1
39.098750	1023.0
39.102500	1043.2
39.106250	1050.9
39.110000	1079.5
39.113750	1060.9
39.117500	1124.6
39.121250	1131.2
39.125000	1170.6
39.128750	1140.6
39.132500	1134.8
39.136250	1202.6
39.140000	1212.7
39.143750	1207.3
39.147500	1263.5
39.151250	1341.5
39.155000	1393.5
39.158750	1408.2
39.162500	1448.0
39.166250	1515.9
39.170000	1526.8
39.173750	1656.0
39.177500	1781.8
39.181250	1890.6
39.185000	2011.0
39.188750	2155.3
39.192500	2282.9
39.196250	2593.0
39.200000	2766.0
39.203750	2981.4
39.207500	3291.1
39.211250	3443.0
39.215000	3723.0
39.218750	3709.1
39.222500	3911.9
39.226250	3891.3
39.230000	3777.1
39.233750	3757.8
39.237500	3663.4
39.241250	3457.2
39.245000	3187.1
39.248750	3050.0
39.252500	2750.4
39.256250	2598.1
39.260000	2499.1
39.263750	2343.0
39.267500	2223.4
39.271250	2225.0
39.275000	2191.6
39.278750	2286.6
39.282500	2273.4
39.286250	2332.9
39.290000	2465.4
39.293750	2535.6
39.297500	2579.9
39.301250	2528.1
39.305000	2619.3
39.308750	2521.8
39.312500	2588.9
39.316250	2570.4
39.320000	2535.6
39.323750	2468.2
39.327500	2327.0
39.331250	2151.4
39.335000	1982.6
39.338750	1856.6
39.342500	1728.6
39.346250	1584.4
39.350000	1536.7
39.353750	1490.9
39.357500	1395.0
39.361250	1330.6
39.365000	1241.3
39.368750	1203.4
39.372500	1283.9
39.376250	1221.9
39.380000	1173.2
39.383750	1130.4
39.387500	1115.0
39.391250	1038.9
39.395000	1086.4
39.398750	1015.9
39.402500	1080.2
39.406250	1127.3
39.410000	1033.3
39.413750	1119.3
39.417500	1090.5
39.421250	1039.8
39.425000	1000.9
39.428750	989.4
39.432500	984.6
39.436250	977.7
39.440000	955.3
39.443750	951.8
39.447500	972.9
39.451250	1006.4
39.455000	990.0
39.458750	979.3
39.462500	983.1
39.466250	1028.3
39.470000	965.5
39.473750	918.9
39.477500	959.4
39.481250	952.2
39.485000	957.7
39.488750	953.0
39.492500	984.7
39.496250	1011.7
39.500000	964.5
39.503750	948.7
39.507500	933.5
39.511250	883.4
39.515000	972.1
39.518750	1006.3
39.522500	918.7
39.526250	896.1
39.530000	930.0
39.533750	955.0
39.537500	926.0
39.541250	1033.9
39.545000	940.2
39.548750	957.1
39.552500	959.3
39.556250	939.3
39.560000	979.3
39.563750	973.8
39.567500	966.5
39.571250	953.8
39.575000	948.5
39.578750	966.3
39.582500	994.6
39.586250	968.7
39.590000	895.5
39.593750	978.3
39.597500	923.1
39.601250	982.5
39.605000	1001.6
39.608750	926.9
39.612500	903.0
39.616250	998.6
39.620000	962.6
39.623750	952.8
39.627500	944.1
39.631250	967.7
39.635000	958.4
39.638750	954.2
39.642500	995.0
39.646250	992.3
39.650000	917.5
39.653750	960.9
39.657500	970.1
39.661250	978.9
39.665000	964.8
39.668750	961.9
39.672500	966.3
39.676250	986.2
39.680000	1023.2
39.683750	976.6
39.687500	934.0
39.691250	965.6
39.695000	923.5
39.698750	982.1
39.702500	943.7
39.706250	994.8
39.710000	964.0
39.713750	955.3
39.717500	988.8
39.721250	1001.4
39.725000	993.4
39.728750	923.8
39.732500	1017.1
39.736250	976.7
39.740000	930.6
39.743750	983.4
39.747500	1022.1
39.751250	974.8
39.755000	1003.3
39.758750	1009.0
39.762500	1052.3
39.766250	1035.9
39.770000	1083.6
39.773750	1115.9
39.777500	1037.5
39.781250	1068.0
39.785000	1108.9
39.788750	1090.6
39.792500	1100.3
39.796250	1129.8
39.800000	1053.6
39.803750	1143.2
39.807500	1139.0
39.811250	1066.9
39.815000	1090.7
39.818750	1123.0
39.822500	1085.4
39.826250	1193.0
39.830000	1119.2
39.833750	1156.6
39.837500	1105.8
39.841250	1154.6
39.845000	1079.5
39.848750	1097.6
39.852500	1141.2
39.856250	1104.6
39.860000	1091.3
39.863750	1061.5
39.867500	1058.0
39.871250	1041.6
39.875000	1080.0
39.878750	1057.8
39.882500	1052.6
39.886250	973.9
39.890000	1005.8
39.893750	1012.5
39.897500	1010.4
39.901250	1052.1
39.905000	1047.0
39.908750	1034.6
39.912500	988.1
39.916250	987.8
39.920000	948.4
39.923750	961.0
39.927500	957.4
39.931250	920.3
39.935000	999.3
39.938750	981.8
39.942500	966.3
39.946250	971.0
39.950000	1009.7
39.953750	1075.6
39.957500	1039.1
39.961250	1000.8
39.965000	970.2
39.968750	999.8
39.972500	1019.7
39.976250	1038.2
39.980000	1050.4
39.983750	1028.7
39.987500	1021.5
39.991250	1023.8
39.995000	1031.3
39.998750	1022.5
40.002500	1004.6
40.006250	1010.7
40.010000	990.7
40.013750	1032.7
40.017500	982.5
40.021250	1007.7
40.025000	995.1
40.028750	976.3
40.032500	1012.7
40.036250	985.4
40.040000	977.1
40.043750	994.2
40.047500	977.4
40.051250	1009.7
40.055000	1031.6
40.058750	1055.1
40.062500	1072.6
40.066250	1014.8
40.070000	1016.1
40.073750	1048.1
40.077500	1093.8
40.081250	1077.7
40.085000	1077.5
40.088750	1076.5
40.092500	1115.5
40.096250	1165.0
40.100000	1107.6
40.103750	1177.7
40.107500	1238.3
40.111250	1163.4
40.115000	1190.3
40.118750	1242.0
40.122500	1239.8
40.126250	1260.3
40.130000	1264.8
40.133750	1282.2
40.137500	1192.0
40.141250	1286.5
40.145000	1227.7
40.148750	1299.7
40.152500	1194.9
40.156250	1204.7
40.160000	1252.0
40.163750	1185.9
40.167500	1165.5
40.171250	1188.2
40.175000	1128.5
40.178750	1153.6
40.182500	1142.7
40.186250	1097.5
40.190000	1102.5
40.193750	1116.6
40.197500	1181.3
40.201250	1147.5
40.205000	1067.8
40.208750	1125.7
40.212500	1160.5
40.216250	1183.3
40.220000	1179.2
40.223750	1179.8
40.227500	1212.5
40.231250	1169.5
40.235000	1217.1
40.238750	1179.9
40.242500	1210.7
40.246250	1208.7
40.250000	1200.6
40.253750	1238.8
40.257500	1197.6
40.261250	1270.8
40.265000	1306.0
40.268750	1254.5
40.272500	1209.9
40.276250	1170.6
40.280000	1226.3
40.283750	1169.7
40.287500	1120.5
40.291250	1118.7
40.295000	1139.3
40.298750	1137.9
40.302500	1115.2
40.306250	1093.5
40.310000	1139.2
40.313750	1133.0
40.317500	1113.3
40.321250	1168.7
40.325000	1118.8
40.328750	1139.6
40.332500	1191.6
40.336250	1215.2
40.340000	1200.8
40.343750	1183.8
40.347500	1268.1
40.351250	1278.4
40.355000	1175.5
40.358750	1186.1
40.362500	1190.9
40.366250	1171.6
40.370000	1165.1
40.373750	1229.8
40.377500	1247.4
40.381250	1223.0
40.385000	1196.4
40.388750	1166.9
40.392500	1160.2
40.396250	1187.0
40.400000	1230.8
40.403750	1136.0
40.407500	1133.1
40.411250	1175.0
40.415000	1097.9
40.418750	1124.5
40.422500	1100.3
40.426250	1067.6
40.430000	1083.8
40.433750	1088.9
40.437500	1064.2
40.441250	1082.7
40.445000	1001.1
40.448750	1056.9
40.452500	1010.4
40.456250	998.8
40.460000	1007.9
40.463750	1028.5
40.467500	1036.2
40.471250	981.2
40.475000	980.3
40.478750	1000.9
40.482500	1002.3
40.486250	1039.3
40.490000	1026.6
40.493750	974.9
40.497500	1059.6
40.501250	1035.9
40.505000	995.2
40.508750	1056.6
40.512500	1079.3
40.516250	1034.1
40.520000	1062.4
40.523750	1004.7
40.527500	1101.5
40.531250	1051.4
40.535000	1056.9
40.538750	1109.4
40.542500	1083.5
40.546250	1033.0
40.550000	1095.5
40.553750	1130.8
40.557500	1030.1
40.561250	1074.0
40.565000	1123.8
40.568750	1001.6
40.572500	1048.4
40.576250	1043.7
40.580000	964.4
40.583750	1017.7
40.587500	971.8
40.591250	929.9
40.595000	1011.0
40.598750	956.9
40.602500	907.4
40.606250	988.7
40.610000	974.6
40.613750	956.9
40.617500	1011.2
40.621250	1035.5
40.625000	998.7
40.628750	971.4
40.632500	1025.1
40.636250	974.1
40.640000	966.3
40.643750	967.4
40.647500	911.8
40.651250	957.9
40.655000	988.9
40.658750	938.6
40.662500	904.2
40.666250	965.7
40.670000	928.4
40.673750	898.2
40.677500	955.4
40.681250	990.5
40.685000	979.1
40.688750	920.8
40.692500	920.3
40.696250	946.6
40.700000	916.4
40.703750	965.2
40.707500	934.3
40.711250	910.2
40.715000	944.8
40.718750	902.2
40.722500	911.2
40.726250	952.5
40.730000	914.6
40.733750	918.5
40.737500	967.2
40.741250	945.8
40.745000	938.7
40.748750	930.5
40.752500	964.1
40.756250	991.7
40.760000	988.3
40.763750	931.9
40.767500	941.2
40.771250	964.9
40.775000	911.8
40.778750	925.4
40.782500	924.8
40.786250	908.1
40.790000	868.5
40.793750	873.5
40.797500	933.7
40.801250	961.4
40.805000	900.0
40.808750	947.4
40.812500	963.3
40.816250	938.4
40.820000	948.9
40.823750	984.3
40.827500	947.7
40.831250	924.2
40.835000	933.3
40.838750	963.5
40.842500	942.2
40.846250	948.5
40.850000	997.9
40.853750	984.5
40.857500	989.2
40.861250	944.7
40.865000	941.1
40.868750	972.2
40.872500	953.5
40.876250	927.2
40.880000	948.8
40.883750	1041.9
40.887500	988.2
40.891250	1045.7
40.895000	1062.9
40.898750	1040.1
40.902500	1080.8
40.906250	1105.0
40.910000	1076.7
40.913750	1099.3
40.917500	1101.2
40.921250	1047.9
40.925000	1098.1
40.928750	1101.0
40.932500	1124.7
40.936250	1115.8
40.940000	1055.0
40.943750	1142.8
40.947500	1098.4
40.951250	1107.6
40.955000	1090.7
40.958750	994.3
40.962500	1024.9
40.966250	1003.2
40.970000	1053.6
40.973750	1011.5
40.977500	995.3
40.981250	1021.5
40.985000	913.3
40.988750	963.4
40.992500	938.4
40.996250	897.0
41.000000	920.4
41.003750	948.0
41.007500	928.7
41.011250	941.5
41.015000	997.3
41.018750	910.6
41.022500	890.8
41.026250	935.7
41.030000	929.3
41.033750	936.7
41.037500	848.6
41.041250	873.4
41.045000	979.7
41.048750	937.3
41.052500	933.8
41.056250	952.9
41.060000	902.8
41.063750	871.5
41.067500	895.9
41.071250	949.8
41.075000	945.4
41.078750	916.0
41.082500	943.9
41.086250	953.4
41.090000	909.7
41.093750	916.8
41.097500	850.1
41.101250	880.6
41.105000	939.4
41.108750	880.4
41.112500	893.0
41.116250	976.2
41.120000	910.3
41.123750	887.8
41.127500	929.3
41.131250	904.0
41.135000	875.4
41.138750	872.3
41.142500	881.3
41.146250	912.6
41.150000	906.0
41.153750	841.6
41.157500	936.3
41.161250	908.7
41.165000	910.7
41.168750	886.9
41.172500	875.5
41.176250	902.6
41.180000	919.2
41.183750	955.3
41.187500	893.1
41.191250	934.2
41.195000	901.0
41.198750	959.2
41.202500	913.5
41.206250	914.9
41.210000	912.8
41.213750	960.3
41.217500	861.0
41.221250	934.1
41.225000	943.1
41.228750	899.3
41.232500	964.1
41.236250	942.4
41.240000	964.3
41.243750	948.9
41.247500	941.4
41.251250	913.3
41.255000	904.1
41.258750	978.8
41.262500	923.3
41.266250	967.2
41.270000	972.1
41.273750	963.5
41.277500	933.7
41.281250	933.0
41.285000	983.2
41.288750	957.0
41.292500	925.2
41.296250	961.0
41.300000	930.0
41.303750	922.6
41.307500	923.8
41.311250	992.6
41.315000	940.5
41.318750	924.6
41.322500	976.3
41.326250	942.8
41.330000	1018.5
41.333750	960.9
41.337500	938.7
41.341250	995.7
41.345000	1025.2
41.348750	979.9
41.352500	1002.9
41.356250	1004.7
41.360000	1012.8
41.363750	977.7
41.367500	951.4
41.371250	1053.1
41.375000	988.4
41.378750	933.4
41.382500	1000.8
41.386250	978.4
41.390000	904.9
41.393750	910.2
41.397500	959.5
41.401250	986.8
41.405000	922.9
41.408750	947.4
41.412500	982.5
41.416250	933.8
41.420000	926.7
41.423750	914.7
41.427500	973.7
41.431250	943.1
41.435000	891.5
41.438750	924.5
41.442500	846.4
41.446250	912.0
41.450000	913.4
41.453750	914.3
41.457500	926.5
41.461250	903.0
41.465000	926.7
41.468750	935.6
41.472500	931.9
41.476250	927.8
41.480000	965.4
41.483750	924.1
41.487500	932.2
41.491250	933.7
41.495000	916.8
41.498750	892.5
41.502500	914.7
41.506250	901.9
41.510000	930.2
41.513750	946.8
41.517500	929.8
41.521250	899.0
41.525000	983.0
41.528750	914.4
41.532500	933.5
41.536250	939.0
41.540000	898.3
41.543750	893.7
41.547500	881.1
41.551250	887.6
41.555000	953.9
41.558750	918.9
41.562500	920.6
41.566250	990.5
41.570000	921.1
41.573750	984.5
41.577500	1000.3
41.581250	939.4
41.585000	942.6
41.588750	953.6
41.592500	956.8
41.596250	903.4
41.600000	988.2
41.603750	969.9
41.607500	940.8
41.611250	958.4
41.615000	996.2
41.618750	958.1
41.622500	961.5
41.626250	907.7
41.630000	1013.2
41.633750	954.6
41.637500	947.9
41.641250	969.8
41.645000	956.9
41.648750	962.2
41.652500	1012.6
41.656250	1005.7
41.660000	1063.2
41.663750	1039.2
41.667500	971.8
41.671250	996.4
41.675000	1045.6
41.678750	1047.5
41.682500	1048.5
41.686250	1086.1
41.690000	1023.7
41.693750	1046.2
41.697500	1050.5
41.701250	1075.1
41.705000	1035.1
41.708750	1082.6
41.712500	965.2
41.716250	1008.5
41.720000	1024.5
41.723750	1027.7
41.727500	954.8
41.731250	995.3
41.735000	981.3
41.738750	970.9
41.742500	975.5
41.746250	910.9
41.750000	947.7
41.753750	1004.9
41.757500	993.1
41.761250	983.9
41.765000	951.5
41.768750	954.0
41.772500	951.8
41.776250	930.5
41.780000	987.2
41.783750	1015.9
41.787500	966.8
41.791250	934.7
41.795000	962.0
41.798750	905.1
41.802500	925.8
41.806250	913.4
41.810000	942.2
41.813750	959.8
41.817500	964.1
41.821250	963.2
41.825000	930.5
41.828750	898.7
41.832500	940.0
41.836250	966.8
41.840000	929.2
41.843750	938.0
41.847500	957.5
41.851250	943.7
41.855000	994.5
41.858750	973.0
41.862500	1029.0
41.866250	993.3
41.870000	950.3
41.873750	955.4
41.877500	952.0
41.881250	956.1
41.885000	969.0
41.888750	1010.9
41.892500	991.7
41.896250	988.0
41.900000	1003.0
41.903750	1029.6
41.907500	960.6
41.911250	973.9
41.915000	974.5
41.918750	981.6
41.922500	1068.4
41.926250	973.6
41.930000	966.6
41.933750	985.7
41.937500	1004.5
41.941250	1004.7
41.945000	949.3
41.948750	991.7
41.952500	977.6
41.956250	1021.1
41.960000	1011.1
41.963750	962.1
41.967500	984.1
41.971250	1017.8
41.975000	971.1
41.978750	989.7
41.982500	1008.9
41.986250	970.3
41.990000	1009.2
41.993750	957.2
41.997500	953.8
42.001250	978.9
42.005000	1000.8
42.008750	981.8
42.012500	1002.4
42.016250	1009.9
42.020000	990.8
42.023750	1008.0
42.027500	1036.3
42.031250	1000.9
42.035000	1068.4
42.038750	1081.4
42.042500	1014.4
42.046250	1063.7
42.050000	1061.5
42.053750	1094.0
42.057500	1064.5
42.061250	1140.2
42.065000	1044.7
42.068750	1063.6
42.072500	1107.1
42.076250	1067.5
42.080000	1051.8
42.083750	1089.1
42.087500	1136.5
42.091250	1052.1
42.095000	1051.8
42.098750	1092.7
42.102500	1119.9
42.106250	1066.8
42.110000	1116.0
42.113750	1059.4
42.117500	1081.4
42.121250	1103.5
42.125000	1060.0
42.128750	1043.7
42.132500	1049.0
42.136250	1076.4
42.140000	1137.5
42.143750	1139.1
42.147500	1091.7
42.151250	1173.8
42.155000	1106.5
42.158750	1097.8
42.162500	1100.4
42.166250	1087.2
42.170000	1148.9
42.173750	1151.2
42.177500	1135.0
42.181250	1067.3
42.185000	1140.7
42.188750	1097.0
42.192500	1061.4
42.196250	1064.3
42.200000	1038.9
42.203750	1058.8
42.207500	1020.5
42.211250	1047.5
42.215000	1003.6
42.218750	1028.9
42.222500	1046.5
42.226250	995.4
42.230000	970.5
42.233750	996.2
42.237500	1030.1
42.241250	960.1
42.245000	939.5
42.248750	945.4
42.252500	1010.3
42.256250	964.8
42.260000	961.1
42.263750	926.5
42.267500	948.2
42.271250	951.8
42.275000	924.4
42.278750	920.4
42.282500	941.4
42.286250	982.6
42.290000	938.9
42.293750	942.3
42.297500	961.3
42.301250	965.8
42.305000	936.6
42.308750	939.8
42.312500	936.5
42.316250	924.6
42.320000	938.0
42.323750	971.0
42.327500	941.4
42.331250	908.3
42.335000	915.1
42.338750	950.1
42.342500	912.2
42.346250	936.9
42.350000	908.3
42.353750	910.1
42.357500	911.8
42.361250	928.7
42.365000	939.1
42.368750	911.3
42.372500	966.7
42.376250	939.4
42.380000	927.6
42.383750	983.4
42.387500	1002.9
42.391250	965.9
42.395000	1024.7
42.398750	1093.9
42.402500	1074.9
42.406250	1090.6
42.410000	1149.6
42.413750	1170.1
42.417500	1199.8
42.421250	1207.1
42.425000	1182.8
42.428750	1233.3
42.432500	1258.1
42.436250	1191.5
42.440000	1187.7
42.443750	1154.7
42.447500	1123.5
42.451250	1118.3
42.455000	1042.5
42.458750	1034.5
42.462500	1029.8
42.466250	975.6
42.470000	1007.0
42.473750	975.1
42.477500	907.0
42.481250	979.9
42.485000	966.9
42.488750	936.8
42.492500	956.5
42.496250	915.2
42.500000	935.4
42.503750	943.8
42.507500	901.6
42.511250	950.3
42.515000	938.5
42.518750	960.6
42.522500	929.5
42.526250	966.2
42.530000	975.5
42.533750	910.3
42.537500	979.8
42.541250	988.7
42.545000	995.6
42.548750	963.2
42.552500	915.8
42.556250	1032.4
42.560000	1035.5
42.563750	987.8
42.567500	1043.4
42.571250	1027.3
42.575000	1026.5
42.578750	1027.4
42.582500	1035.0
42.586250	1091.0
42.590000	1109.9
42.593750	1097.0
42.597500	1090.0
42.601250	1094.7
42.605000	1130.1
42.608750	1123.3
42.612500	1139.4
42.616250	1191.2
42.620000	1134.8
42.623750	1191.2
42.627500	1189.1
42.631250	1269.7
42.635000	1299.0
42.638750	1291.7
42.642500	1383.2
42.646250	1451.8
42.650000	1468.6
42.653750	1474.6
42.657500	1463.7
42.661250	1498.3
42.665000	1533.9
42.668750	1427.7
42.672500	1454.1
42.676250	1328.2
42.680000	1210.8
42.683750	1239.2
42.687500	1189.2
42.691250	1112.3
42.695000	1104.6
42.698750	1097.8
42.702500	1080.2
42.706250	1077.1
42.710000	1076.2
42.713750	1086.8
42.717500	1091.3
42.721250	1024.0
42.725000	1103.8
42.728750	1112.6
42.732500	1128.9
42.736250	1127.0
42.740000	1170.9
42.743750	1222.6
42.747500	1202.7
42.751250	1170.7
42.755000	1201.4
42.758750	1171.9
42.762500	1196.8
42.766250	1213.1
42.770000	1195.6
42.773750	1204.0
42.777500	1152.5
42.781250	1093.0
42.785000	1139.1
42.788750	1067.6
42.792500	1060.5
42.796250	1000.0
42.800000	1058.2
42.803750	1091.3
42.807500	1001.9
42.811250	1038.9
42.815000	1038.1
42.818750	1049.7
42.822500	1025.6
42.826250	999.8
42.830000	1003.6
42.833750	1037.6
42.837500	1026.9
42.841250	1076.2
42.845000	1052.5
42.848750	1050.0
42.852500	1020.9
42.856250	1033.3
42.860000	1061.5
42.863750	1075.1
42.867500	1024.1
42.871250	1101.3
42.875000	1087.2
42.878750	1026.8
42.882500	1032.0
42.886250	1027.2
42.890000	989.3
42.893750	980.4
42.897500	1029.0
42.901250	964.3
42.905000	996.5
42.908750	1004.5
42.912500	1017.3
42.916250	1010.4
42.920000	1064.6
42.923750	968.2
42.927500	1015.4
42.931250	976.3
42.935000	925.9
42.938750	974.1
42.942500	951.8
42.946250	954.8
42.950000	995.6
42.953750	923.1
42.957500	1007.3
42.961250	987.4
42.965000	1005.7
42.968750	948.5
42.972500	937.6
42.976250	926.5
42.980000	974.8
42.983750	925.8
42.987500	934.7
42.991250	961.0
42.995000	978.9
42.998750	1019.0
43.002500	932.0
43.006250	899.8
43.010000	964.2
43.013750	982.1
43.017500	986.3
43.021250	995.5
43.025000	966.5
43.028750	991.8
43.032500	961.6
43.036250	941.1
43.040000	932.3
43.043750	939.5
43.047500	975.4
43.051250	976.4
43.055000	914.9
43.058750	964.1
43.062500	909.4
43.066250	986.3
43.070000	1010.7
43.073750	969.9
43.077500	1018.4
43.081250	980.2
43.085000	921.1
43.088750	981.2
43.092500	992.8
43.096250	1011.5
43.100000	974.9
43.103750	947.2
43.107500	1050.3
43.111250	1002.0
43.115000	973.0
43.118750	965.0
43.122500	924.7
43.126250	974.0
43.130000	1024.7
43.133750	998.5
43.137500	993.8
43.141250	943.2
43.145000	957.6
43.148750	948.5
43.152500	988.5
43.156250	972.2
43.160000	951.9
43.163750	977.5
43.167500	971.9
43.171250	970.5
43.175000	970.4
43.178750	941.3
43.182500	983.2
43.186250	997.2
43.190000	968.6
43.193750	1029.6
43.197500	995.6
43.201250	1000.8
43.205000	1037.4
43.208750	946.2
43.212500	1022.6
43.216250	993.7
43.220000	1022.5
43.223750	980.7
43.227500	934.5
43.231250	981.3
43.235000	988.4
43.238750	1004.1
43.242500	1006.2
43.246250	1035.3
43.250000	971.5
43.253750	928.1
43.257500	951.9
43.261250	907.6
43.265000	1012.5
43.268750	955.2
43.272500	908.4
43.276250	903.4
43.280000	963.5
43.283750	921.5
43.287500	938.5
43.291250	913.5
43.295000	953.6
43.298750	963.3
43.302500	928.0
43.306250	464.9
43.310000	945.7
43.313750	977.2
43.317500	921.9
43.321250	888.3
43.325000	964.7
43.328750	908.3
43.332500	950.9
43.336250	951.7
43.340000	894.6
43.343750	933.7
43.347500	931.8
43.351250	946.5
43.355000	1003.5
43.358750	976.9
43.362500	964.8
43.366250	944.3
43.370000	978.9
43.373750	962.7
43.377500	994.2
43.381250	975.5
43.385000	955.7
43.388750	951.1
43.392500	940.4
43.396250	931.5
43.400000	952.1
43.403750	985.4
43.407500	964.7
43.411250	1010.8
43.415000	1069.9
43.418750	964.9
43.422500	993.5
43.426250	1036.0
43.430000	967.6
43.433750	959.3
43.437500	964.3
43.441250	973.3
43.445000	984.0
43.448750	989.6
43.452500	1027.7
43.456250	994.0
43.460000	1001.7
43.463750	979.8
43.467500	974.4
43.471250	939.3
43.475000	985.9
43.478750	986.3
43.482500	914.3
43.486250	886.1
43.490000	969.6
43.493750	981.7
43.497500	957.7
43.501250	903.2
43.505000	848.9
43.508750	916.1
43.512500	990.1
43.516250	943.5
43.520000	891.1
43.523750	863.0
43.527500	955.8
43.531250	965.2
43.535000	921.5
43.538750	932.8
43.542500	930.2
43.546250	905.9
43.550000	900.1
43.553750	876.8
43.557500	938.5
43.561250	921.9
43.565000	887.3
43.568750	928.8
43.572500	901.1
43.576250	924.7
43.580000	990.7
43.583750	889.5
43.587500	925.7
43.591250	966.3
43.595000	930.2
43.598750	916.8
43.602500	931.3
43.606250	932.1
43.610000	921.7
43.613750	886.5
43.617500	950.7
43.621250	939.1
43.625000	984.7
43.628750	1010.6
43.632500	916.6
43.636250	974.6
43.640000	924.1
43.643750	962.4
43.647500	945.1
43.651250	964.8
43.655000	978.5
43.658750	925.8
43.662500	956.5
43.666250	984.1
43.670000	961.1
43.673750	937.2
43.677500	955.1
43.681250	947.4
43.685000	1032.8
43.688750	1006.5
43.692500	968.0
43.696250	1007.0
43.700000	1013.8
43.703750	1024.6
43.707500	1057.9
43.711250	1068.0
43.715000	1031.0
43.718750	1050.7
43.722500	1091.2
43.726250	1120.5
43.730000	1138.8
43.733750	1092.4
43.737500	1116.2
43.741250	1128.8
43.745000	1141.3
43.748750	1156.4
43.752500	1199.0
43.756250	1209.7
43.760000	1251.9
43.763750	1248.2
43.767500	1274.4
43.771250	1303.4
43.775000	1337.3
43.778750	1012.5
43.782500	876.4
43.786250	1485.1
43.790000	1377.4
43.793750	1400.5
43.797500	1427.1
43.801250	1445.1
43.805000	1414.4
43.808750	1495.9
43.812500	1459.6
43.816250	1458.3
43.820000	1464.8
43.823750	1470.7
43.827500	1479.0
43.831250	1447.3
43.835000	1385.5
43.838750	1306.4
43.842500	1295.9
43.846250	1262.4
43.850000	1214.5
43.853750	1256.1
43.857500	1272.9
43.861250	1228.9
43.865000	1146.9
43.868750	1125.1
43.872500	1166.5
43.876250	1129.6
43.880000	1067.8
43.883750	1124.2
43.887500	1127.2
43.891250	1075.2
43.895000	1055.8
43.898750	1033.6
43.902500	1039.4
43.906250	993.0
43.910000	973.5
43.913750	1001.4
43.917500	1027.5
43.921250	1015.0
43.925000	937.5
43.928750	942.8
43.932500	994.0
43.936250	1037.2
43.940000	1004.4
43.943750	991.4
43.947500	961.7
43.951250	908.6
43.955000	947.9
43.958750	954.1
43.962500	910.5
43.966250	955.9
43.970000	958.6
43.973750	936.5
43.977500	947.3
43.981250	973.2
43.985000	944.4
43.988750	926.5
43.992500	892.0
43.996250	928.6
44.000000	935.6
44.003750	911.8
44.007500	925.2
44.011250	871.3
44.015000	884.7
44.018750	868.1
44.022500	927.6
44.026250	869.6
44.030000	888.3
44.033750	944.0
44.037500	891.9
44.041250	870.7
44.045000	897.7
44.048750	893.1
44.052500	892.5
44.056250	915.8
44.060000	880.0
44.063750	877.6
44.067500	895.7
44.071250	914.5
44.075000	876.0
44.078750	846.2
44.082500	876.3
44.086250	919.6
44.090000	897.7
44.093750	889.2
44.097500	851.9
44.101250	915.0
44.105000	870.5
44.108750	884.9
44.112500	878.1
44.116250	896.7
44.120000	880.7
44.123750	881.5
44.127500	911.9
44.131250	885.8
44.135000	889.9
44.138750	917.2
44.142500	826.3
44.146250	931.5
44.150000	881.4
44.153750	842.0
44.157500	879.7
44.161250	864.7
44.165000	863.7
44.168750	866.2
44.172500	911.3
44.176250	862.5
44.180000	894.4
44.183750	882.1
44.187500	861.5
44.191250	848.0
44.195000	879.7
44.198750	887.7
44.202500	881.0
44.206250	830.2
44.210000	878.2
44.213750	858.5
44.217500	834.3
44.221250	891.7
44.225000	815.5
44.228750	878.0
44.232500	870.7
44.236250	880.2
44.240000	817.0
44.243750	863.4
44.247500	884.3
44.251250	870.4
44.255000	897.9
44.258750	900.0
44.262500	907.6
44.266250	890.7
44.270000	861.8
44.273750	877.4
44.277500	848.5
44.281250	892.4
44.285000	886.1
44.288750	850.7
44.292500	886.3
44.296250	907.2
44.300000	831.5
44.303750	917.9
44.307500	897.9
44.311250	907.0
44.315000	872.0
44.318750	884.9
44.322500	875.0
44.326250	837.7
44.330000	888.5
44.333750	885.9
44.337500	915.2
44.341250	935.8
44.345000	824.1
44.348750	873.6
44.352500	873.2
44.356250	888.7
44.360000	886.5
44.363750	811.5
44.367500	838.4
44.371250	854.8
44.375000	847.3
44.378750	853.4
44.382500	907.3
44.386250	857.0
44.390000	844.6
44.393750	883.4
44.397500	889.8
44.401250	886.0
44.405000	886.6
44.408750	919.2
44.412500	909.4
44.416250	906.9
44.420000	864.5
44.423750	926.7
44.427500	847.2
44.431250	865.1
44.435000	825.3
44.438750	871.3
44.442500	881.2
44.446250	907.5
44.450000	882.6
44.453750	865.1
44.457500	882.9
44.461250	898.0
44.465000	903.7
44.468750	899.6
44.472500	877.0
44.476250	855.6
44.480000	902.0
44.483750	872.1
44.487500	878.0
44.491250	866.6
44.495000	849.1
44.498750	881.3
44.502500	913.4
44.506250	890.6
44.510000	883.9
44.513750	847.3
44.517500	889.2
44.521250	868.9
44.525000	881.4
44.528750	858.2
44.532500	932.7
44.536250	895.5
44.540000	878.4
44.543750	929.5
44.547500	893.5
44.551250	854.2
44.555000	899.9
44.558750	840.6
44.562500	894.7
44.566250	911.3
44.570000	845.4
44.573750	865.9
44.577500	896.7
44.581250	873.7
44.585000	831.9
44.588750	918.4
44.592500	958.7
44.596250	883.5
44.600000	898.2
44.603750	858.4
44.607500	902.6
44.611250	884.3
44.615000	890.7
44.618750	871.4
44.622500	851.1
44.626250	855.9
44.630000	915.2
44.633750	925.5
44.637500	855.8
44.641250	900.5
44.645000	892.1
44.648750	932.6
44.652500	897.5
44.656250	939.1
44.660000	957.2
44.663750	910.0
44.667500	914.5
44.671250	955.9
44.675000	890.0
44.678750	835.9
44.682500	931.3
44.686250	896.5
44.690000	884.1
44.693750	912.0
44.697500	929.6
44.701250	879.2
44.705000	898.8
44.708750	902.0
44.712500	901.8
44.716250	939.6
44.720000	879.3
44.723750	920.7
44.727500	936.9
44.731250	851.2
44.735000	942.4
44.738750	947.1
44.742500	898.1
44.746250	942.6
44.750000	950.0
44.753750	915.9
44.757500	895.5
44.761250	994.5
44.765000	897.1
44.768750	940.9
44.772500	941.8
44.776250	955.1
44.780000	933.1
44.783750	956.6
44.787500	952.9
44.791250	1003.8
44.795000	964.7
44.798750	1025.6
44.802500	1039.6
44.806250	986.9
44.810000	970.5
44.813750	950.7
44.817500	1007.3
44.821250	1052.5
44.825000	988.4
44.828750	1115.4
44.832500	1005.8
44.836250	1069.6
44.840000	1075.7
44.843750	1091.0
44.847500	1028.7
44.851250	1169.8
44.855000	1107.9
44.858750	1110.6
44.862500	1194.5
44.866250	1162.0
44.870000	1222.4
44.873750	1299.6
44.877500	1203.1
44.881250	1325.4
44.885000	1271.8
44.888750	1289.3
44.892500	1268.8
44.896250	1352.1
44.900000	1343.4
44.903750	1396.7
44.907500	1373.3
44.911250	1318.7
44.915000	1357.9
44.918750	1251.0
44.922500	1298.7
44.926250	1254.1
44.930000	1254.1
44.933750	1260.3
44.937500	1300.9
44.941250	1208.9
44.945000	1211.0
44.948750	1199.7
44.952500	1255.6
44.956250	1210.3
44.960000	1241.1
44.963750	1239.9
44.967500	1197.9
44.971250	1154.8
44.975000	1189.2
44.978750	1171.2
44.982500	1188.6
44.986250	1224.7
44.990000	1158.6
44.993750	1096.1
44.997500	1177.3
45.001250	1218.0
45.005000	1214.5
45.008750	1174.4
45.012500	1135.6
45.016250	1134.0
45.020000	1091.4
45.023750	1146.0
45.027500	1187.1
45.031250	1183.1
45.035000	1162.1
45.038750	1159.2
45.042500	1180.1
45.046250	1169.5
45.050000	1159.2
45.053750	1174.3
45.057500	1158.3
45.061250	1201.0
45.065000	1179.9
45.068750	1165.6
45.072500	1231.5
45.076250	1200.2
45.080000	1186.4
45.083750	1226.8
45.087500	1215.2
45.091250	1177.6
45.095000	1211.5
45.098750	1229.3
45.102500	1262.6
45.106250	1198.4
45.110000	1223.7
45.113750	1240.3
45.117500	1278.2
45.121250	1315.0
45.125000	1299.3
45.128750	1298.8
45.132500	1341.0
45.136250	1303.4
45.140000	1296.0
45.143750	1302.4
45.147500	1274.1
45.151250	1282.5
45.155000	1327.7
45.158750	1215.9
45.162500	1274.0
45.166250	1258.1
45.170000	1181.4
45.173750	1213.4
45.177500	1170.4
45.181250	1121.1
45.185000	1156.5
45.188750	1173.4
45.192500	1122.8
45.196250	1084.8
45.200000	1039.1
45.203750	1063.8
45.207500	1067.9
45.211250	1069.9
45.215000	1042.5
45.218750	1040.5
45.222500	1031.9
45.226250	1029.8
45.230000	1000.2
45.233750	933.5
45.237500	975.1
45.241250	1012.9
45.245000	908.3
45.248750	941.7
45.252500	910.7
45.256250	972.8
45.260000	1006.4
45.263750	933.5
45.267500	919.2
45.271250	976.3
45.275000	935.8
45.278750	878.2
45.282500	929.7
45.286250	933.4
45.290000	892.2
45.293750	929.4
45.297500	895.5
45.301250	903.5
45.305000	883.0
45.308750	880.1
45.312500	888.6
45.316250	916.3
45.320000	893.5
45.323750	920.8
45.327500	917.5
45.331250	875.0
45.335000	985.5
45.338750	918.0
45.342500	875.1
45.346250	934.4
45.350000	904.0
45.353750	858.8
45.357500	895.3
45.361250	920.1
45.365000	893.9
45.368750	910.3
45.372500	870.7
45.376250	834.8
45.380000	849.2
45.383750	884.3
45.387500	867.8
45.391250	915.7
45.395000	895.8
45.398750	852.0
45.402500	855.4
45.406250	879.1
45.410000	825.2
45.413750	871.5
45.417500	899.2
45.421250	880.6
45.425000	881.7
45.428750	861.3
45.432500	905.9
45.436250	889.8
45.440000	872.7
45.443750	901.7
45.447500	929.7
45.451250	888.9
45.455000	894.4
45.458750	909.2
45.462500	915.4
45.466250	907.9
45.470000	923.3
45.473750	878.3
45.477500	887.6
45.481250	906.3
45.485000	939.1
45.488750	951.9
45.492500	963.8
45.496250	950.8
45.500000	970.5
45.503750	1023.8
45.507500	1009.0
45.511250	1063.5
45.515000	1125.9
45.518750	1063.4
45.522500	1071.2
45.526250	1154.5
45.530000	1204.5
45.533750	1120.4
45.537500	1128.8
45.541250	1233.1
45.545000	1300.7
45.548750	1350.8
45.552500	1360.4
45.556250	1303.9
45.560000	1298.1
45.563750	1221.4
45.567500	1187.7
45.571250	1125.1
45.575000	1082.1
45.578750	998.0
45.582500	1090.3
45.586250	996.0
45.590000	1049.0
45.593750	1002.7
45.597500	984.9
45.601250	986.4
45.605000	918.9
45.608750	940.1
45.612500	973.5
45.616250	1001.7
45.620000	917.5
45.623750	966.1
45.627500	993.5
45.631250	906.2
45.635000	918.2
45.638750	985.0
45.642500	926.3
45.646250	858.3
45.650000	951.0
45.653750	899.7
45.657500	933.8
45.661250	895.1
45.665000	900.9
45.668750	973.8
45.672500	1050.1
45.676250	1024.0
45.680000	1095.2
45.683750	1005.1
45.687500	1122.4
45.691250	1093.4
45.695000	1141.6
45.698750	1112.7
45.702500	1056.0
45.706250	1096.4
45.710000	1096.5
45.713750	1064.0
45.717500	1086.6
45.721250	1081.7
45.725000	1049.0
45.728750	1068.1
45.732500	1023.1
45.736250	1045.5
45.740000	1074.2
45.743750	1059.0
45.747500	1086.4
45.751250	1100.8
45.755000	1071.4
45.758750	1083.8
45.762500	1150.9
45.766250	1165.5
45.770000	1176.4
45.773750	1241.1
45.777500	1306.7
45.781250	1322.2
45.785000	1275.8
45.788750	1341.1
45.792500	1443.9
45.796250	1432.8
45.800000	1456.2
45.803750	1513.0
45.807500	1521.1
45.811250	1480.3
45.815000	1529.7
45.818750	1540.0
45.822500	1489.0
45.826250	1547.3
45.830000	1574.8
45.833750	1466.2
45.837500	1574.4
45.841250	1540.0
45.845000	1472.6
45.848750	1481.1
45.852500	1395.7
45.856250	1383.0
45.860000	1383.1
45.863750	1384.7
45.867500	1303.9
45.871250	1307.9
45.875000	1324.2
45.878750	1269.6
45.882500	1256.7
45.886250	1223.5
45.890000	1246.4
45.893750	1235.4
45.897500	1195.3
45.901250	1250.0
45.905000	1236.8
45.908750	1197.6
45.912500	1250.1
45.916250	1212.2
45.920000	1255.4
45.923750	1183.8
45.927500	1175.0
45.931250	1255.4
45.935000	1175.4
45.938750	1109.3
45.942500	1140.7
45.946250	1169.1
45.950000	1152.5
45.953750	1125.1
45.957500	1114.1
45.961250	1117.2
45.965000	1100.8
45.968750	1069.9
45.972500	1021.5
45.976250	1077.8
45.980000	1034.1
45.983750	1038.6
45.987500	1112.3
45.991250	1003.8
45.995000	1004.4
45.998750	973.3
46.002500	976.3
46.006250	1006.7
46.010000	963.3
46.013750	939.8
46.017500	913.5
46.021250	945.4
46.025000	894.9
46.028750	891.5
46.032500	892.3
46.036250	863.0
46.040000	865.1
46.043750	972.9
46.047500	1007.3
46.051250	947.7
46.055000	916.0
46.058750	857.7
46.062500	910.5
46.066250	937.0
46.070000	917.8
46.073750	943.4
46.077500	926.0
46.081250	950.4
46.085000	1008.6
46.088750	1008.9
46.092500	987.7
46.096250	973.6
46.100000	910.0
46.103750	931.7
46.107500	999.0
46.111250	948.7
46.115000	933.5
46.118750	1011.7
46.122500	997.9
46.126250	961.2
46.130000	966.7
46.133750	1087.4
46.137500	1062.3
46.141250	1008.4
46.145000	993.2
46.148750	985.9
46.152500	965.8
46.156250	993.7
46.160000	995.4
46.163750	1006.7
46.167500	968.7
46.171250	952.4
46.175000	930.4
46.178750	891.8
46.182500	889.0
46.186250	884.0
46.190000	903.3
46.193750	935.3
46.197500	942.3
46.201250	928.2
46.205000	941.8
46.208750	914.9
46.212500	934.2
46.216250	876.1
46.220000	859.5
46.223750	888.4
46.227500	885.7
46.231250	909.4
46.235000	849.8
46.238750	867.8
46.242500	871.6
46.246250	867.8
46.250000	873.7
46.253750	837.9
46.257500	875.7
46.261250	871.4
46.265000	852.3
46.268750	900.2
46.272500	892.4
46.276250	898.2
46.280000	873.9
46.283750	877.8
46.287500	870.1
46.291250	801.2
46.295000	873.1
46.298750	840.7
46.302500	896.2
46.306250	858.8
46.310000	884.8
46.313750	847.8
46.317500	937.7
46.321250	860.2
46.325000	893.9
46.328750	888.6
46.332500	860.0
46.336250	895.9
46.340000	978.5
46.343750	855.8
46.347500	872.3
46.351250	882.5
46.355000	899.1
46.358750	877.5
46.362500	902.9
46.366250	909.2
46.370000	899.3
46.373750	885.6
46.377500	868.8
46.381250	860.8
46.385000	874.9
46.388750	928.2
46.392500	891.2
46.396250	929.2
46.400000	928.1
46.403750	928.8
46.407500	932.8
46.411250	970.7
46.415000	894.6
46.418750	949.4
46.422500	950.6
46.426250	936.2
46.430000	973.8
46.433750	967.0
46.437500	947.2
46.441250	1005.2
46.445000	935.9
46.448750	1005.5
46.452500	1007.1
46.456250	992.1
46.460000	1012.2
46.463750	1040.5
46.467500	1057.3
46.471250	1032.7
46.475000	1115.6
46.478750	1103.5
46.482500	1112.7
46.486250	1101.8
46.490000	1098.2
46.493750	1187.2
46.497500	1215.2
46.501250	1244.3
46.505000	1242.8
46.508750	1280.1
46.512500	1254.0
46.516250	1282.4
46.520000	1284.6
46.523750	1317.8
46.527500	1326.6
46.531250	1256.0
46.535000	1207.1
46.538750	1319.2
46.542500	1226.2
46.546250	1202.1
46.550000	1164.4
46.553750	1160.4
46.557500	1169.1
46.561250	1106.0
46.565000	1132.1
46.568750	1090.7
46.572500	1037.3
46.576250	1048.9
46.580000	1080.6
46.583750	1122.4
46.587500	1075.3
46.591250	1089.4
46.595000	1060.3
46.598750	1033.9
46.602500	1028.8
46.606250	1127.8
46.610000	1101.7
46.613750	1025.4
46.617500	1043.9
46.621250	1092.9
46.625000	1107.5
46.628750	1104.5
46.632500	1051.9
46.636250	1081.1
46.640000	1090.9
46.643750	1159.2
46.647500	1070.3
46.651250	1122.9
46.655000	1159.8
46.658750	1153.3
46.662500	1267.7
46.666250	1282.6
46.670000	1261.8
46.673750	1255.7
46.677500	1261.0
46.681250	1359.8
46.685000	1469.9
46.688750	1543.3
46.692500	1612.6
46.696250	1918.6
46.700000	2029.4
46.703750	2205.7
46.707500	2408.6
46.711250	2456.4
46.715000	2571.9
46.718750	2749.8
46.722500	2813.2
46.726250	2803.0
46.730000	2864.5
46.733750	2836.7
46.737500	2778.2
46.741250	2678.7
46.745000	2462.9
46.748750	2212.0
46.752500	2033.7
46.756250	1843.5
46.760000	1629.3
46.763750	1533.8
46.767500	1467.5
46.771250	1371.1
46.775000	1266.3
46.778750	1238.8
46.782500	1202.9
46.786250	1173.0
46.790000	1131.8
46.793750	1066.0
46.797500	1167.3
46.801250	1131.9
46.805000	1027.9
46.808750	1095.3
46.812500	1106.1
46.816250	1088.2
46.820000	1029.3
46.823750	1045.3
46.827500	1020.3
46.831250	1008.6
46.835000	969.4
46.838750	1007.2
46.842500	1020.8
46.846250	972.9
46.850000	990.0
46.853750	955.7
46.857500	929.5
46.861250	950.5
46.865000	949.7
46.868750	967.7
46.872500	998.6
46.876250	967.9
46.880000	967.3
46.883750	963.5
46.887500	956.1
46.891250	930.4
46.895000	1008.9
46.898750	1048.2
46.902500	970.2
46.906250	1048.6
46.910000	1065.7
46.913750	1054.4
46.917500	1079.9
46.921250	1079.8
46.925000	1120.6
46.928750	1072.6
46.932500	1118.1
46.936250	1032.9
46.940000	1033.2
46.943750	1096.1
46.947500	1014.6
46.951250	1021.4
46.955000	999.6
46.958750	936.5
46.962500	979.7
46.966250	950.8
46.970000	907.0
46.973750	904.1
46.977500	925.2
46.981250	882.8
46.985000	894.6
46.988750	880.4
46.992500	902.7
46.996250	846.0
47.000000	892.7
47.003750	902.0
47.007500	907.1
47.011250	957.4
47.015000	902.4
47.018750	913.6
47.022500	900.4
47.026250	880.4
47.030000	926.1
47.033750	915.5
47.037500	910.0
47.041250	900.4
47.045000	891.4
47.048750	927.0
47.052500	892.2
47.056250	913.2
47.060000	888.9
47.063750	863.9
47.067500	890.1
47.071250	926.4
47.075000	907.4
47.078750	896.2
47.082500	935.1
47.086250	889.6
47.090000	964.2
47.093750	889.2
47.097500	875.8
47.101250	922.6
47.105000	932.0
47.108750	912.5
47.112500	897.8
47.116250	982.8
47.120000	976.6
47.123750	976.4
47.127500	962.3
47.131250	982.1
47.135000	1009.1
47.138750	1030.9
47.142500	995.5
47.146250	985.6
47.150000	1018.1
47.153750	1059.5
47.157500	1054.1
47.161250	1063.8
47.165000	1124.7
47.168750	1157.8
47.172500	1087.7
47.176250	1141.4
47.180000	1154.8
47.183750	1186.5
47.187500	1177.1
47.191250	1266.1
47.195000	1219.5
47.198750	1251.6
47.202500	1253.6
47.206250	1235.4
47.210000	1260.8
47.213750	1243.1
47.217500	1244.4
47.221250	1192.9
47.225000	1225.7
47.228750	1178.2
47.232500	1188.2
47.236250	1169.9
47.240000	1135.8
47.243750	1108.8
47.247500	1133.2
47.251250	1158.3
47.255000	1184.3
47.258750	1192.5
47.262500	1214.5
47.266250	1174.7
47.270000	1187.8
47.273750	1192.2
47.277500	1188.1
47.281250	1174.4
47.285000	1094.9
47.288750	1131.2
47.292500	1214.1
47.296250	1199.0
47.300000	1185.0
47.303750	1161.7
47.307500	1180.1
47.311250	1243.1
47.315000	1196.2
47.318750	1228.2
47.322500	1275.1
47.326250	1220.7
47.330000	1252.3
47.333750	1227.8
47.337500	1222.6
47.341250	1270.2
47.345000	1245.9
47.348750	1222.4
47.352500	1189.5
47.356250	1239.9
47.360000	1239.3
47.363750	1150.7
47.367500	1107.8
47.371250	1138.3
47.375000	1083.6
47.378750	1084.7
47.382500	1058.7
47.386250	1026.7
47.390000	1059.2
47.393750	1016.3
47.397500	951.8
47.401250	1066.7
47.405000	1013.9
47.408750	1010.3
47.412500	1051.1
47.416250	1033.2
47.420000	996.0
47.423750	1028.6
47.427500	1028.9
47.431250	1069.4
47.435000	1080.1
47.438750	1054.3
47.442500	1080.3
47.446250	1127.0
47.450000	1061.7
47.453750	1080.9
47.457500	1120.7
47.461250	1033.4
47.465000	1096.5
47.468750	1071.8
47.472500	1003.6
47.476250	1078.5
47.480000	1063.3
47.483750	1080.2
47.487500	1087.6
47.491250	1079.4
47.495000	1073.6
47.498750	1104.0
47.502500	1075.3
47.506250	982.7
47.510000	1005.7
47.513750	1039.1
47.517500	1054.2
47.521250	1094.9
47.525000	1056.8
47.528750	1089.0
47.532500	1063.8
47.536250	1103.0
47.540000	1057.3
47.543750	1032.9
47.547500	1119.6
47.551250	1124.1
47.555000	1099.9
47.558750	1128.9
47.562500	1074.0
47.566250	1152.3
47.570000	1131.3
47.573750	1171.9
47.577500	1158.7
47.581250	1163.7
47.585000	1191.6
47.588750	1156.6
47.592500	1209.4
47.596250	1219.6
47.600000	1214.2
47.603750	1232.0
47.607500	1223.1
47.611250	1241.3
47.615000	1241.9
47.618750	1282.3
47.622500	1245.3
47.626250	1379.7
47.630000	1359.0
47.633750	1311.7
47.637500	1317.4
47.641250	1297.6
47.645000	1335.1
47.648750	1276.8
47.652500	1258.5
47.656250	1291.8
47.660000	1272.0
47.663750	1284.8
47.667500	1281.5
47.671250	1358.3
47.675000	1240.2
47.678750	1246.8
47.682500	1304.5
47.686250	1262.8
47.690000	1249.7
47.693750	1266.6
47.697500	1219.0
47.701250	1236.8
47.705000	1263.3
47.708750	1245.7
47.712500	1221.9
47.716250	1188.5
47.720000	1185.0
47.723750	1242.9
47.727500	1149.7
47.731250	1116.9
47.735000	1164.0
47.738750	1157.9
47.742500	1129.3
47.746250	1121.5
47.750000	1118.9
47.753750	1208.2
47.757500	1186.7
47.761250	1187.9
47.765000	1191.8
47.768750	1170.5
47.772500	1108.6
47.776250	1165.6
47.780000	1199.6
47.783750	1196.1
47.787500	1169.3
47.791250	1138.7
47.795000	1135.3
47.798750	1183.7
47.802500	1125.6
47.806250	1165.0
47.810000	1142.3
47.813750	1181.5
47.817500	1117.6
47.821250	1122.8
47.825000	1067.5
47.828750	1064.3
47.832500	1038.6
47.836250	1043.3
47.840000	972.5
47.843750	1038.5
47.847500	1051.4
47.851250	970.3
47.855000	1064.1
47.858750	986.9
47.862500	1000.6
47.866250	1044.9
47.870000	1024.5
47.873750	933.7
47.877500	1003.2
47.881250	1010.5
47.885000	1030.3
47.888750	1012.8
47.892500	965.0
47.896250	1002.8
47.900000	1018.8
47.903750	1025.7
47.907500	994.5
47.911250	1022.9
47.915000	1017.8
47.918750	992.6
47.922500	1027.0
47.926250	1092.9
47.930000	1059.6
47.933750	1050.7
47.937500	1051.4
47.941250	1064.6
47.945000	995.5
47.948750	1063.0
47.952500	1105.2
47.956250	1049.0
47.960000	1039.4
47.963750	1091.1
47.967500	1088.1
47.971250	1143.4
47.975000	1072.9
47.978750	1074.7
47.982500	1060.7
47.986250	1124.9
47.990000	1063.2
47.993750	1039.2
47.997500	1065.3
48.001250	996.9
48.005000	1008.5
48.008750	1007.3
48.012500	1020.3
48.016250	1090.0
48.020000	1032.0
48.023750	1042.2
48.027500	998.1
48.031250	1034.8
48.035000	1005.1
48.038750	1039.5
48.042500	1056.7
48.046250	1082.7
48.050000	1015.2
48.053750	1024.6
48.057500	1099.4
48.061250	1082.0
48.065000	1028.1
48.068750	1047.3
48.072500	963.8
48.076250	1050.1
48.080000	1029.2
48.083750	916.2
48.087500	1029.4
48.091250	956.7
48.095000	958.2
48.098750	969.6
48.102500	956.3
48.106250	957.5
48.110000	981.3
48.113750	886.8
48.117500	899.4
48.121250	998.7
48.125000	920.4
48.128750	905.2
48.132500	907.7
48.136250	869.8
48.140000	907.9
48.143750	898.8
48.147500	931.5
48.151250	889.2
48.155000	871.2
48.158750	930.6
48.162500	943.0
48.166250	921.8
48.170000	902.2
48.173750	884.6
48.177500	936.6
48.181250	958.3
48.185000	933.7
48.188750	898.1
48.192500	927.1
48.196250	907.6
48.200000	911.5
48.203750	929.6
48.207500	924.5
48.211250	971.2
48.215000	953.9
48.218750	941.8
48.222500	931.0
48.226250	958.6
48.230000	982.2
48.233750	966.1
48.237500	937.7
48.241250	979.0
48.245000	990.1
48.248750	963.5
48.252500	1023.2
48.256250	959.6
48.260000	992.5
48.263750	968.4
48.267500	887.8
48.271250	922.9
48.275000	955.8
48.278750	949.9
48.282500	963.7
48.286250	966.0
48.290000	908.3
48.293750	955.2
48.297500	940.4
48.301250	960.6
48.305000	958.8
48.308750	942.0
48.312500	919.4
48.316250	920.8
48.320000	964.2
48.323750	903.6
48.327500	909.8
48.331250	932.1
48.335000	913.5
48.338750	878.4
48.342500	954.1
48.346250	930.3
48.350000	893.6
48.353750	903.7
48.357500	912.9
48.361250	928.0
48.365000	884.1
48.368750	932.0
48.372500	920.7
48.376250	925.9
48.380000	922.7
48.383750	890.6
48.387500	888.4
48.391250	942.4
48.395000	919.6
48.398750	894.8
48.402500	935.9
48.406250	942.9
48.410000	957.6
48.413750	955.8
48.417500	951.3
48.421250	956.0
48.425000	1011.8
48.428750	1036.4
48.432500	989.9
48.436250	984.1
48.440000	975.8
48.443750	997.6
48.447500	947.8
48.451250	949.8
48.455000	983.6
48.458750	926.2
48.462500	953.0
48.466250	963.6
48.470000	956.6
48.473750	976.6
48.477500	896.6
48.481250	905.5
48.485000	925.6
48.488750	935.0
48.492500	930.2
48.496250	931.1
48.500000	900.6
48.503750	929.5
48.507500	920.0
48.511250	919.1
48.515000	872.3
48.518750	892.3
48.522500	899.2
48.526250	854.4
48.530000	849.9
48.533750	866.8
48.537500	866.9
48.541250	876.8
48.545000	879.7
48.548750	887.3
48.552500	868.9
48.556250	905.3
48.560000	918.6
48.563750	890.0
48.567500	900.3
48.571250	931.1
48.575000	865.6
48.578750	891.5
48.582500	911.1
48.586250	896.2
48.590000	863.9
48.593750	881.4
48.597500	916.6
48.601250	930.2
48.605000	899.2
48.608750	897.5
48.612500	933.1
48.616250	902.9
48.620000	853.9
48.623750	903.4
48.627500	940.5
48.631250	935.0
48.635000	934.7
48.638750	906.0
48.642500	985.2
48.646250	946.7
48.650000	874.7
48.653750	885.0
48.657500	933.3
48.661250	912.7
48.665000	905.9
48.668750	954.6
48.672500	976.0
48.676250	928.1
48.680000	912.0
48.683750	896.5
48.687500	911.9
48.691250	926.9
48.695000	905.2
48.698750	873.6
48.702500	882.3
48.706250	837.8
48.710000	832.2
48.713750	887.7
48.717500	895.5
48.721250	877.5
48.725000	854.2
48.728750	879.1
48.732500	904.3
48.736250	846.3
48.740000	866.6
48.743750	892.4
48.747500	908.9
48.751250	857.4
48.755000	873.5
48.758750	891.0
48.762500	925.7
48.766250	886.9
48.770000	886.3
48.773750	929.3
48.777500	911.8
48.781250	892.3
48.785000	936.4
48.788750	858.9
48.792500	886.9
48.796250	854.6
48.800000	932.1
48.803750	857.6
48.807500	910.3
48.811250	842.4
48.815000	877.1
48.818750	840.9
48.822500	860.0
48.826250	841.0
48.830000	847.4
48.833750	823.5
48.837500	837.4
48.841250	858.0
48.845000	837.1
48.848750	826.2
48.852500	809.2
48.856250	872.0
48.860000	946.8
48.863750	886.4
48.867500	869.7
48.871250	870.4
48.875000	892.8
48.878750	872.6
48.882500	865.0
48.886250	892.1
48.890000	909.8
48.893750	846.9
48.897500	887.9
48.901250	865.3
48.905000	871.8
48.908750	925.5
48.912500	845.3
48.916250	909.5
48.920000	880.9
48.923750	854.4
48.927500	916.0
48.931250	869.3
48.935000	906.6
48.938750	863.0
48.942500	885.0
48.946250	884.6
48.950000	940.7
48.953750	938.9
48.957500	878.1
48.961250	899.2
48.965000	955.2
48.968750	869.0
48.972500	888.6
48.976250	945.4
48.980000	901.9
48.983750	880.2
48.987500	927.6
48.991250	881.0
48.995000	901.2
48.998750	862.2
49.002500	878.3
49.006250	894.0
49.010000	903.7
49.013750	888.3
49.017500	905.0
49.021250	914.9
49.025000	907.8
49.028750	881.9
49.032500	869.1
49.036250	904.5
49.040000	843.1
49.043750	860.0
49.047500	879.0
49.051250	913.7
49.055000	885.9
49.058750	857.4
49.062500	915.6
49.066250	883.6
49.070000	911.4
49.073750	868.9
49.077500	907.2
49.081250	880.5
49.085000	920.4
49.088750	879.4
49.092500	885.5
49.096250	901.3
49.100000	932.0
49.103750	878.2
49.107500	924.2
49.111250	872.9
49.115000	911.2
49.118750	943.0
49.122500	915.0
49.126250	923.5
49.130000	944.4
49.133750	980.7
49.137500	974.7
49.141250	1002.1
49.145000	976.1
49.148750	950.0
49.152500	961.3
49.156250	921.1
49.160000	938.5
49.163750	980.1
49.167500	958.7
49.171250	970.8
49.175000	967.6
49.178750	1078.8
49.182500	1090.2
49.186250	1035.7
49.190000	1038.3
49.193750	1023.7
49.197500	988.7
49.201250	1072.2
49.205000	1047.4
49.208750	1070.3
49.212500	1088.3
49.216250	1031.0
49.220000	1067.4
49.223750	1017.2
49.227500	1053.5
49.231250	1041.7
49.235000	1077.1
49.238750	1085.9
49.242500	1028.0
49.246250	1011.6
49.250000	1043.1
49.253750	1076.2
49.257500	1129.1
49.261250	1099.8
49.265000	1049.4
49.268750	1096.9
49.272500	1075.6
49.276250	1121.7
49.280000	1083.0
49.283750	1074.9
49.287500	1012.6
49.291250	956.7
49.295000	950.5
49.298750	974.4
49.302500	947.9
49.306250	896.5
49.310000	942.5
49.313750	955.8
49.317500	945.4
49.321250	938.7
49.325000	916.0
49.328750	956.9
49.332500	943.2
49.336250	911.9
49.340000	967.5
49.343750	917.6
49.347500	917.5
49.351250	868.1
49.355000	925.2
49.358750	891.8
49.362500	898.2
49.366250	904.7
49.370000	905.6
49.373750	886.3
49.377500	914.0
49.381250	884.2
49.385000	899.1
49.388750	916.1
49.392500	890.9
49.396250	866.3
49.400000	886.2
49.403750	895.3
49.407500	869.1
49.411250	895.9
49.415000	898.6
49.418750	863.1
49.422500	898.3
49.426250	890.4
49.430000	918.5
49.433750	914.8
49.437500	902.5
49.441250	894.0
49.445000	886.0
49.448750	933.8
49.452500	884.5
49.456250	878.2
49.460000	894.5
49.463750	855.8
49.467500	903.4
49.471250	901.1
49.475000	942.8
49.478750	852.8
49.482500	864.4
49.486250	900.8
49.490000	871.4
49.493750	794.5
49.497500	866.1
49.501250	890.5
49.505000	827.5
49.508750	841.0
49.512500	862.2
49.516250	851.0
49.520000	889.5
49.523750	874.7
49.527500	849.5
49.531250	868.8
49.535000	867.4
49.538750	875.9
49.542500	837.3
49.546250	840.6
49.550000	870.6
49.553750	845.4
49.557500	884.8
49.561250	885.9
49.565000	837.5
49.568750	925.1
49.572500	881.5
49.576250	888.3
49.580000	926.7
49.583750	928.8
49.587500	928.4
49.591250	938.9
49.595000	976.1
49.598750	941.1
49.602500	976.6
49.606250	974.0
49.610000	1000.1
49.613750	1010.8
49.617500	934.3
49.621250	978.6
49.625000	945.3
49.628750	938.5
49.632500	952.2
49.636250	912.3
49.640000	959.8
49.643750	945.4
49.647500	859.5
49.651250	880.1
49.655000	874.7
49.658750	837.9
49.662500	850.6
49.666250	868.3
49.670000	825.2
49.673750	800.4
49.677500	831.7
49.681250	857.9
49.685000	817.1
49.688750	840.7
49.692500	876.7
49.696250	810.2
49.700000	827.0
49.703750	801.4
49.707500	803.8
49.711250	845.6
49.715000	842.1
49.718750	802.4
49.722500	800.1
49.726250	817.0
49.730000	772.7
49.733750	774.0
49.737500	779.5
49.741250	762.4
49.745000	771.7
49.748750	824.4
49.752500	835.7
49.756250	832.8
49.760000	849.9
49.763750	787.6
49.767500	814.2
49.771250	847.8
49.775000	788.5
49.778750	754.4
49.782500	797.4
49.786250	846.9
49.790000	808.0
49.793750	835.9
49.797500	803.8
49.801250	820.1
49.805000	788.0
49.808750	774.0
49.812500	825.1
49.816250	859.9
49.820000	796.2
49.823750	814.6
49.827500	814.1
49.831250	749.9
49.835000	780.3
49.838750	777.8
49.842500	765.5
49.846250	837.4
49.850000	834.6
49.853750	781.1
49.857500	762.1
49.861250	816.1
49.865000	777.5
49.868750	760.8
49.872500	823.0
49.876250	766.1
49.880000	796.8
49.883750	804.3
49.887500	840.2
49.891250	774.3
49.895000	833.6
49.898750	833.5
49.902500	812.4
49.906250	859.0
49.910000	814.0
49.913750	816.3
49.917500	820.6
49.921250	826.5
49.925000	806.6
49.928750	861.4
49.932500	843.1
49.936250	825.0
49.940000	902.6
49.943750	862.8
49.947500	891.6
49.951250	910.3
49.955000	894.2
49.958750	907.5
49.962500	914.5
49.966250	936.1
49.970000	906.9
49.973750	964.7
49.977500	969.1
49.981250	947.9
49.985000	948.1
49.988750	927.8
49.992500	886.0
49.996250	862.5
50.000000	932.1
50.003750	882.3
50.007500	849.6
50.011250	872.5
50.015000	826.9
50.018750	824.1
50.022500	840.7
50.026250	777.6
50.030000	852.3
50.033750	848.6
50.037500	816.9
50.041250	876.8
50.045000	841.1
50.048750	809.3
50.052500	858.7
50.056250	805.8
50.060000	882.1
50.063750	814.4
50.067500	799.9
50.071250	885.1
50.075000	843.8
50.078750	770.6
50.082500	818.4
50.086250	873.7
50.090000	847.9
50.093750	849.2
50.097500	822.4
50.101250	892.5
50.105000	854.5
50.108750	869.4
50.112500	867.2
50.116250	903.1
50.120000	927.9
50.123750	947.2
50.127500	933.0
50.131250	954.9
50.135000	938.7
50.138750	948.6
50.142500	974.0
50.146250	982.5
50.150000	940.8
50.153750	931.7
50.157500	904.0
50.161250	920.9
50.165000	925.3
50.168750	907.2
50.172500	846.1
50.176250	878.2
50.180000	853.6
50.183750	818.2
50.187500	829.5
50.191250	810.5
50.195000	841.6
50.198750	834.6
50.202500	773.3
50.206250	799.7
50.210000	729.9
50.213750	843.0
50.217500	812.2
50.221250	799.1
50.225000	845.6
50.228750	838.7
50.232500	820.2
50.236250	829.2
50.240000	804.9
50.243750	845.2
50.247500	860.0
50.251250	836.6
50.255000	858.3
50.258750	839.3
50.262500	819.6
50.266250	834.0
50.270000	865.3
50.273750	838.7
50.277500	806.2
50.281250	809.7
50.285000	850.6
50.288750	832.7
50.292500	839.2
50.296250	832.9
50.300000	865.5
50.303750	806.9
50.307500	851.4
50.311250	839.5
50.315000	858.7
50.318750	838.6
50.322500	836.7
50.326250	817.7
50.330000	817.4
50.333750	821.9
50.337500	813.8
50.341250	832.5
50.345000	786.5
50.348750	789.9
50.352500	803.4
50.356250	826.3
50.360000	838.8
50.363750	801.7
50.367500	780.4
50.371250	835.6
50.375000	819.0
50.378750	798.5
50.382500	834.7
50.386250	817.9
50.390000	790.9
50.393750	846.2
50.397500	817.9
50.401250	815.0
50.405000	829.3
50.408750	807.2
50.412500	820.5
50.416250	781.4
50.420000	822.9
50.423750	843.7
50.427500	784.4
50.431250	790.3
50.435000	850.8
50.438750	841.7
50.442500	812.9
50.446250	773.7
50.450000	797.1
50.453750	837.0
50.457500	869.6
50.461250	797.5
50.465000	819.5
50.468750	848.3
50.472500	853.0
50.476250	814.4
50.480000	870.3
50.483750	840.8
50.487500	862.9
50.491250	885.5
50.495000	861.1
50.498750	834.3
50.502500	867.2
50.506250	836.3
50.510000	774.7
50.513750	871.3
50.517500	862.0
50.521250	894.4
50.525000	883.5
50.528750	855.6
50.532500	856.7
50.536250	905.7
50.540000	833.8
50.543750	861.6
50.547500	767.8
50.551250	842.5
50.555000	872.1
50.558750	871.8
50.562500	733.9
50.566250	761.9
50.570000	803.9
50.573750	829.9
50.577500	850.1
50.581250	823.8
50.585000	878.2
50.588750	800.3
50.592500	882.3
50.596250	939.2
50.600000	812.0
50.603750	934.7
50.607500	883.6
50.611250	849.8
50.615000	877.4
50.618750	867.7
50.622500	803.0
50.626250	925.7
50.630000	900.5
50.633750	823.6
50.637500	803.6
50.641250	840.0
50.645000	897.0
50.648750	892.5
50.652500	875.6
50.656250	807.1
50.660000	754.4
50.663750	773.4
50.667500	778.7
50.671250	839.0
50.675000	872.7
50.678750	824.6
50.682500	796.1
50.686250	805.4
50.690000	828.6
50.693750	892.9
50.697500	812.3
50.701250	853.1
50.705000	852.9
50.708750	826.2
50.712500	803.7
50.716250	763.1
50.720000	773.6
50.723750	814.2
50.727500	855.7
50.731250	881.3
50.735000	792.1
50.738750	778.9
50.742500	796.1
50.746250	849.1
50.750000	797.3
50.753750	792.9
50.757500	804.8
50.761250	820.3
50.765000	834.2
50.768750	822.3
50.772500	819.9
50.776250	858.7
50.780000	812.6
50.783750	798.9
50.787500	806.4
50.791250	775.4
50.795000	818.4
50.798750	801.8
50.802500	801.1
50.806250	778.5
50.810000	825.1
50.813750	807.7
50.817500	713.7
50.821250	826.7
50.825000	815.9
50.828750	717.3
50.832500	821.3
50.836250	785.6
50.840000	784.5
50.843750	743.9
50.847500	782.0
50.851250	786.9
50.855000	808.6
50.858750	749.7
50.862500	766.5
50.866250	759.7
50.870000	738.0
50.873750	731.6
50.877500	780.3
50.881250	788.0
50.885000	799.4
50.888750	744.0
50.892500	776.8
50.896250	806.2
50.900000	757.1
50.903750	760.9
50.907500	734.7
50.911250	748.6
50.915000	817.5
50.918750	756.4
50.922500	757.0
50.926250	773.0
50.930000	784.0
50.933750	759.2
50.937500	789.1
50.941250	765.9
50.945000	800.4
50.948750	753.0
50.952500	785.4
50.956250	817.1
50.960000	747.0
50.963750	724.0
50.967500	788.1
50.971250	788.6
50.975000	761.4
50.978750	752.9
50.982500	760.5
50.986250	772.2
50.990000	775.4
50.993750	695.0
50.997500	696.0
51.001250	776.7
51.005000	803.5
51.008750	742.4
51.012500	763.7
51.016250	805.3
51.020000	758.9
51.023750	817.8
51.027500	791.8
51.031250	696.6
51.035000	813.6
51.038750	681.0
51.042500	757.2
51.046250	784.8
51.050000	756.6
51.053750	756.0
51.057500	820.6
51.061250	717.9
51.065000	752.9
51.068750	840.4
51.072500	778.1
51.076250	749.6
51.080000	790.0
51.083750	825.7
51.087500	833.6
51.091250	748.9
51.095000	723.7
51.098750	699.8
51.102500	726.6
51.106250	738.9
51.110000	679.3
51.113750	777.6
51.117500	824.7
51.121250	759.8
51.125000	750.4
51.128750	737.4
51.132500	746.5
51.136250	729.5
51.140000	769.6
51.143750	745.4
51.147500	773.2
51.151250	702.9
51.155000	682.1
51.158750	801.7
51.162500	796.9
51.166250	793.1
51.170000	801.1
51.173750	751.9
51.177500	790.5
51.181250	789.3
51.185000	791.7
51.188750	789.4
51.192500	798.3
51.196250	848.8
51.200000	750.7
51.203750	773.1
51.207500	790.0
51.211250	770.2
51.215000	832.2
51.218750	742.2
51.222500	721.3
51.226250	736.1
51.230000	807.4
51.233750	771.8
51.237500	743.6
51.241250	805.6
51.245000	751.0
51.248750	751.7
51.252500	767.2
51.256250	806.5
51.260000	791.3
51.263750	740.3
51.267500	785.3
51.271250	776.7
51.275000	739.4
51.278750	805.2
51.282500	789.1
51.286250	796.8
51.290000	729.2
51.293750	735.9
51.297500	753.0
51.301250	727.6
51.305000	765.2
51.308750	778.3
51.312500	761.5
51.316250	726.0
51.320000	782.8
51.323750	767.1
51.327500	740.1
51.331250	737.7
51.335000	718.7
51.338750	768.6
51.342500	762.2
51.346250	731.7
51.350000	741.4
51.353750	777.8
51.357500	753.6
51.361250	777.7
51.365000	772.6
51.368750	806.5
51.372500	762.8
51.376250	763.9
51.380000	826.2
51.383750	797.8
51.387500	870.0
51.391250	830.5
51.395000	883.5
51.398750	874.8
51.402500	810.1
51.406250	820.5
51.410000	841.7
51.413750	864.1
51.417500	777.7
51.421250	838.7
51.425000	832.3
51.428750	805.8
51.432500	770.0
51.436250	813.1
51.440000	810.0
51.443750	790.4
51.447500	761.8
51.451250	782.4
51.455000	784.3
51.458750	727.2
51.462500	779.7
51.466250	735.5
51.470000	757.2
51.473750	747.1
51.477500	760.8
51.481250	732.4
51.485000	771.1
51.488750	696.9
51.492500	709.9
51.496250	730.7
51.500000	681.5
51.503750	711.6
51.507500	707.8
51.511250	763.7
51.515000	762.3
51.518750	713.2
51.522500	749.9
51.526250	738.5
51.530000	738.3
51.533750	705.6
51.537500	727.9
51.541250	730.5
51.545000	733.0
51.548750	718.1
51.552500	698.1
51.556250	728.5
51.560000	704.2
51.563750	746.6
51.567500	726.2
51.571250	720.2
51.575000	723.5
51.578750	731.9
51.582500	772.1
51.586250	716.1
51.590000	767.3
51.593750	742.1
51.597500	744.1
51.601250	756.7
51.605000	730.5
51.608750	733.7
51.612500	727.3
51.616250	693.1
51.620000	737.1
51.623750	735.7
51.627500	676.1
51.631250	714.0
51.635000	741.6
51.638750	732.8
51.642500	660.2
51.646250	771.0
51.650000	743.4
51.653750	721.5
51.657500	709.8
51.661250	761.7
51.665000	711.2
51.668750	786.8
51.672500	747.8
51.676250	712.8
51.680000	752.7
51.683750	711.3
51.687500	781.7
51.691250	752.5
51.695000	737.8
51.698750	705.4
51.702500	723.0
51.706250	767.5
51.710000	714.8
51.713750	790.1
51.717500	788.2
51.721250	734.9
51.725000	728.6
51.728750	773.4
51.732500	775.3
51.736250	770.1
51.740000	775.2
51.743750	769.4
51.747500	746.5
51.751250	754.8
51.755000	748.7
51.758750	752.2
51.762500	728.8
51.766250	740.4
51.770000	737.7
51.773750	692.6
51.777500	681.1
51.781250	731.5
51.785000	727.9
51.788750	777.2
51.792500	733.8
51.796250	724.6
51.800000	762.2
51.803750	744.3
51.807500	738.7
51.811250	727.7
51.815000	747.3
51.818750	717.7
51.822500	751.1
51.826250	739.7
51.830000	699.1
51.833750	721.8
51.837500	734.3
51.841250	742.4
51.845000	783.5
51.848750	754.0
51.852500	695.6
51.856250	724.7
51.860000	755.0
51.863750	724.1
51.867500	756.7
51.871250	744.5
51.875000	734.7
51.878750	745.3
51.882500	699.4
51.886250	762.0
51.890000	758.7
51.893750	749.8
51.897500	762.8
51.901250	751.2
51.905000	755.9
51.908750	720.9
51.912500	725.8
51.916250	745.6
51.920000	740.7
51.923750	725.7
51.927500	743.8
51.931250	770.4
51.935000	803.9
51.938750	805.2
51.942500	771.4
51.946250	700.3
51.950000	729.9
51.953750	727.2
51.957500	753.3
51.961250	732.5
51.965000	775.9
51.968750	758.7
51.972500	747.7
51.976250	733.2
51.980000	794.5
51.983750	762.3
51.987500	760.5
51.991250	818.4
51.995000	761.2
51.998750	734.5
52.002500	787.3
52.006250	832.1
52.010000	748.1
52.013750	805.4
52.017500	748.9
52.021250	755.7
52.025000	758.0
52.028750	806.8
52.032500	751.0
52.036250	768.0
52.040000	752.6
52.043750	740.7
52.047500	774.8
52.051250	773.6
52.055000	752.2
52.058750	823.1
52.062500	738.9
52.066250	720.1
52.070000	678.4
52.073750	745.4
52.077500	800.0
52.081250	789.3
52.085000	723.1
52.088750	717.5
52.092500	763.5
52.096250	803.6
52.100000	696.8
52.103750	733.4
52.107500	748.5
52.111250	731.4
52.115000	746.2
52.118750	756.2
52.122500	766.1
52.126250	736.1
52.130000	739.0
52.133750	736.2
52.137500	750.6
52.141250	772.4
52.145000	745.7
52.148750	767.3
52.152500	734.3
52.156250	761.2
52.160000	793.5
52.163750	768.1
52.167500	746.0
52.171250	790.1
52.175000	734.0
52.178750	739.6
52.182500	701.8
52.186250	710.7
52.190000	748.1
52.193750	738.7
52.197500	752.9
52.201250	772.1
52.205000	770.9
52.208750	723.2
52.212500	772.6
52.216250	777.8
52.220000	744.9
52.223750	787.7
52.227500	719.0
52.231250	723.7
52.235000	760.3
52.238750	734.2
52.242500	745.0
52.246250	741.8
52.250000	808.9
52.253750	712.0
52.257500	761.1
52.261250	783.5
52.265000	720.2
52.268750	746.9
52.272500	757.8
52.276250	714.7
52.280000	751.5
52.283750	721.9
52.287500	728.5
52.291250	759.1
52.295000	784.8
52.298750	763.9
52.302500	713.1
52.306250	716.7
52.310000	729.1
52.313750	695.3
52.317500	719.5
52.321250	700.7
52.325000	729.1
52.328750	671.5
52.332500	761.6
52.336250	705.7
52.340000	706.9
52.343750	735.4
52.347500	732.9
52.351250	739.2
52.355000	699.6
52.358750	730.3
52.362500	731.8
52.366250	737.4
52.370000	676.3
52.373750	705.3
52.377500	707.0
52.381250	698.4
52.385000	668.0
52.388750	695.6
52.392500	726.0
52.396250	715.3
52.400000	670.3
52.403750	700.3
52.407500	679.1
52.411250	735.8
52.415000	684.5
52.418750	699.6
52.422500	729.4
52.426250	698.4
52.430000	702.6
52.433750	689.4
52.437500	691.4
52.441250	716.7
52.445000	716.3
52.448750	769.3
52.452500	703.3
52.456250	729.4
52.460000	735.7
52.463750	720.3
52.467500	731.8
52.471250	781.8
52.475000	698.3
52.478750	720.6
52.482500	739.2
52.486250	725.9
52.490000	712.1
52.493750	740.8
52.497500	712.0
52.501250	718.5
52.505000	718.2
52.508750	769.7
52.512500	726.0
52.516250	748.3
52.520000	706.3
52.523750	715.0
52.527500	765.7
52.531250	735.5
52.535000	714.1
52.538750	740.3
52.542500	721.0
52.546250	737.4
52.550000	750.9
52.553750	727.8
52.557500	749.2
52.561250	740.5
52.565000	720.9
52.568750	747.7
52.572500	740.6
52.576250	708.6
52.580000	762.3
52.583750	737.3
52.587500	731.0
52.591250	737.7
52.595000	712.9
52.598750	745.5
52.602500	746.8
52.606250	750.1
52.610000	757.4
52.613750	742.5
52.617500	761.0
52.621250	748.9
52.625000	702.4
52.628750	760.8
52.632500	763.3
52.636250	730.0
52.640000	768.6
52.643750	804.5
52.647500	750.6
52.651250	713.5
52.655000	788.1
52.658750	768.7
52.662500	824.3
52.666250	806.2
52.670000	773.5
52.673750	769.5
52.677500	748.8
52.681250	767.4
52.685000	801.9
52.688750	753.7
52.692500	792.1
52.696250	753.8
52.700000	787.8
52.703750	806.0
52.707500	774.0
52.711250	793.4
52.715000	772.5
52.718750	818.9
52.722500	765.7
52.726250	761.5
52.730000	838.6
52.733750	844.3
52.737500	831.7
52.741250	868.5
52.745000	858.2
52.748750	871.8
52.752500	891.0
52.756250	856.1
52.760000	848.4
52.763750	845.8
52.767500	864.2
52.771250	830.4
52.775000	856.3
52.778750	855.0
52.782500	896.3
52.786250	832.1
52.790000	797.8
52.793750	837.8
52.797500	880.1
52.801250	831.5
52.805000	809.2
52.808750	801.0
52.812500	779.7
52.816250	790.6
52.820000	812.1
52.823750	834.8
52.827500	772.8
52.831250	755.3
52.835000	768.1
52.838750	765.8
52.842500	807.6
52.846250	759.6
52.850000	810.0
52.853750	840.2
52.857500	793.2
52.861250	702.5
52.865000	732.8
52.868750	723.9
52.872500	732.1
52.876250	773.6
52.880000	744.3
52.883750	736.0
52.887500	738.1
52.891250	746.1
52.895000	693.0
52.898750	710.1
52.902500	724.4
52.906250	755.8
52.910000	716.8
52.913750	707.9
52.917500	692.5
52.921250	710.1
52.925000	721.0
52.928750	718.2
52.932500	744.5
52.936250	715.3
52.940000	718.6
52.943750	708.2
52.947500	721.1
52.951250	721.4
52.955000	705.4
52.958750	678.0
52.962500	709.1
52.966250	721.4
52.970000	706.7
52.973750	704.7
52.977500	723.1
52.981250	682.4
52.985000	705.1
52.988750	704.9
52.992500	745.9
52.996250	721.2
53.000000	703.8
53.003750	691.1
53.007500	685.7
53.011250	722.2
53.015000	720.5
53.018750	689.7
53.022500	680.3
53.026250	691.0
53.030000	710.9
53.033750	708.3
53.037500	724.1
53.041250	669.3
53.045000	647.9
53.048750	676.6
53.052500	735.1
53.056250	700.2
53.060000	697.4
53.063750	679.9
53.067500	716.5
53.071250	686.7
53.075000	663.5
53.078750	717.4
53.082500	685.0
53.086250	698.3
53.090000	701.9
53.093750	711.3
53.097500	667.3
53.101250	675.6
53.105000	683.4
53.108750	760.4
53.112500	749.3
53.116250	730.2
53.120000	755.8
53.123750	723.7
53.127500	782.2
53.131250	741.4
53.135000	704.3
53.138750	756.9
53.142500	745.8
53.146250	731.9
53.150000	688.6
53.153750	751.9
53.157500	742.1
53.161250	742.4
53.165000	745.4
53.168750	706.8
53.172500	734.2
53.176250	722.8
53.180000	753.3
53.183750	698.2
53.187500	723.2
53.191250	680.5
53.195000	700.7
53.198750	740.0
53.202500	753.2
53.206250	718.8
53.210000	712.3
53.213750	741.2
53.217500	735.3
53.221250	708.0
53.225000	748.6
53.228750	734.8
53.232500	728.4
53.236250	716.8
53.240000	745.3
53.243750	730.1
53.247500	700.5
53.251250	766.8
53.255000	796.5
53.258750	738.4
53.262500	709.2
53.266250	730.4
53.270000	748.1
53.273750	762.3
53.277500	722.0
53.281250	750.3
53.285000	706.0
53.288750	732.8
53.292500	731.0
53.296250	712.1
53.300000	760.9
53.303750	736.8
53.307500	738.7
53.311250	738.3
53.315000	753.0
53.318750	704.7
53.322500	771.9
53.326250	798.2
53.330000	789.2
53.333750	742.4
53.337500	770.0
53.341250	742.7
53.345000	795.9
53.348750	746.7
53.352500	754.9
53.356250	724.2
53.360000	776.9
53.363750	787.6
53.367500	757.8
53.371250	764.3
53.375000	763.0
53.378750	733.3
53.382500	743.0
53.386250	767.8
53.390000	752.8
53.393750	675.3
53.397500	774.9
53.401250	765.7
53.405000	760.5
53.408750	744.5
53.412500	737.6
53.416250	707.2
53.420000	719.1
53.423750	736.2
53.427500	732.6
53.431250	739.7
53.435000	722.2
53.438750	698.6
53.442500	694.4
53.446250	699.7
53.450000	711.4
53.453750	721.3
53.457500	712.7
53.461250	714.5
53.465000	712.2
53.468750	709.4
53.472500	689.4
53.476250	667.1
53.480000	745.8
53.483750	681.0
53.487500	728.5
53.491250	668.0
53.495000	693.6
53.498750	745.1
53.502500	723.2
53.506250	696.4
53.510000	719.9
53.513750	731.2
53.517500	746.5
53.521250	719.8
53.525000	671.1
53.528750	720.4
53.532500	706.4
53.536250	715.6
53.540000	750.2
53.543750	734.6
53.547500	700.8
53.551250	760.2
53.555000	704.0
53.558750	667.0
53.562500	776.0
53.566250	693.2
53.570000	757.7
53.573750	726.4
53.577500	742.6
53.581250	740.1
53.585000	719.9
53.588750	691.4
53.592500	713.9
53.596250	695.8
53.600000	743.8
53.603750	720.6
53.607500	748.6
53.611250	717.9
53.615000	726.4
53.618750	712.7
53.622500	645.1
53.626250	682.4
53.630000	701.2
53.633750	706.1
53.637500	660.8
53.641250	673.3
53.645000	726.8
53.648750	684.9
53.652500	708.2
53.656250	702.5
53.660000	662.5
53.663750	622.5
53.667500	654.1
53.671250	664.9
53.675000	676.2
53.678750	652.4
53.682500	691.3
53.686250	688.4
53.690000	638.8
53.693750	690.2
53.697500	665.5
53.701250	673.1
53.705000	661.7
53.708750	638.3
53.712500	700.9
53.716250	714.8
53.720000	617.2
53.723750	707.8
53.727500	711.3
53.731250	655.6
53.735000	683.2
53.738750	656.4
53.742500	683.0
53.746250	668.5
53.750000	695.3
53.753750	681.6
53.757500	679.0
53.761250	677.8
53.765000	705.5
53.768750	681.9
53.772500	675.5
53.776250	705.6
53.780000	681.6
53.783750	665.7
53.787500	661.3
53.791250	653.6
53.795000	668.8
53.798750	642.1
53.802500	671.6
53.806250	678.4
53.810000	692.9
53.813750	686.9
53.817500	694.8
53.821250	698.8
53.825000	691.4
53.828750	656.4
53.832500	728.1
53.836250	670.0
53.840000	676.1
53.843750	651.2
53.847500	680.4
53.851250	650.4
53.855000	661.7
53.858750	679.1
53.862500	689.0
53.866250	697.0
53.870000	696.7
53.873750	670.4
53.877500	672.6
53.881250	646.3
53.885000	656.4
53.888750	693.0
53.892500	701.6
53.896250	640.8
53.900000	643.0
53.903750	690.9
53.907500	720.3
53.911250	683.0
53.915000	680.7
53.918750	621.7
53.922500	656.3
53.926250	659.2
53.930000	654.2
53.933750	692.2
53.937500	693.6
53.941250	639.1
53.945000	687.4
53.948750	689.4
53.952500	683.9
53.956250	642.2
53.960000	689.8
53.963750	718.9
53.967500	678.9
53.971250	631.5
53.975000	672.0
53.978750	678.3
53.982500	689.6
53.986250	713.9
53.990000	660.7
53.993750	680.2
53.997500	707.0
54.001250	699.4
54.005000	685.2
54.008750	670.9
54.012500	709.4
54.016250	658.2
54.020000	701.8
54.023750	692.9
54.027500	672.3
54.031250	713.9
54.035000	735.1
54.038750	683.8
54.042500	728.4
54.046250	720.9
54.050000	672.0
54.053750	673.5
54.057500	689.2
54.061250	701.9
54.065000	722.6
54.068750	704.3
54.072500	704.6
54.076250	739.0
54.080000	720.3
54.083750	670.4
54.087500	733.8
54.091250	711.1
54.095000	706.8
54.098750	724.9
54.102500	691.3
54.106250	700.5
54.110000	731.0
54.113750	700.9
54.117500	742.5
54.121250	725.9
54.125000	733.2
54.128750	781.1
54.132500	742.0
54.136250	763.2
54.140000	744.5
54.143750	761.3
54.147500	769.0
54.151250	784.3
54.155000	796.9
54.158750	775.2
54.162500	749.0
54.166250	796.0
54.170000	766.4
54.173750	714.0
54.177500	741.7
54.181250	774.1
54.185000	798.2
54.188750	835.7
54.192500	776.6
54.196250	765.9
54.200000	772.0
54.203750	757.7
54.207500	752.8
54.211250	779.9
54.215000	807.6
54.218750	768.0
54.222500	807.3
54.226250	784.3
54.230000	716.5
54.233750	731.4
54.237500	744.6
54.241250	757.7
54.245000	753.9
54.248750	674.2
54.252500	690.2
54.256250	743.6
54.260000	768.5
54.263750	717.8
54.267500	708.4
54.271250	730.8
54.275000	751.1
54.278750	693.7
54.282500	722.3
54.286250	715.1
54.290000	730.8
54.293750	789.0
54.297500	753.8
54.301250	729.9
54.305000	687.8
54.308750	722.5
54.312500	716.2
54.316250	747.4
54.320000	710.9
54.323750	731.5
54.327500	737.9
54.331250	741.8
54.335000	733.1
54.338750	706.7
54.342500	735.4
54.346250	742.1
54.350000	772.9
54.353750	707.5
54.357500	694.2
54.361250	703.2
54.365000	685.9
54.368750	692.0
54.372500	729.1
54.376250	762.2
54.380000	705.8
54.383750	735.4
54.387500	711.8
54.391250	716.0
54.395000	707.1
54.398750	739.7
54.402500	722.4
54.406250	741.7
54.410000	771.3
54.413750	778.6
54.417500	780.3
54.421250	791.9
54.425000	768.0
54.428750	711.2
54.432500	704.6
54.436250	735.6
54.440000	757.9
54.443750	728.5
54.447500	741.1
54.451250	767.6
54.455000	774.7
54.458750	781.7
54.462500	785.1
54.466250	788.3
54.470000	774.3
54.473750	814.9
54.477500	780.3
54.481250	770.2
54.485000	776.3
54.488750	795.6
54.492500	802.6
54.496250	793.7
54.500000	789.6
54.503750	793.5
54.507500	751.7
54.511250	726.9
54.515000	781.2
54.518750	744.0
54.522500	726.2
54.526250	763.1
54.530000	729.3
54.533750	717.3
54.537500	753.5
54.541250	731.5
54.545000	734.1
54.548750	713.2
54.552500	693.5
54.556250	689.7
54.560000	720.4
54.563750	703.6
54.567500	685.1
54.571250	714.1
54.575000	691.6
54.578750	693.7
54.582500	713.9
54.586250	693.1
54.590000	697.8
54.593750	718.4
54.597500	697.3
54.601250	727.0
54.605000	720.2
54.608750	719.0
54.612500	707.5
54.616250	697.4
54.620000	709.6
54.623750	687.1
54.627500	667.7
54.631250	666.9
54.635000	679.1
54.638750	697.8
54.642500	664.0
54.646250	691.4
54.650000	733.6
54.653750	712.6
54.657500	642.5
54.661250	734.3
54.665000	730.8
54.668750	684.9
54.672500	669.3
54.676250	699.5
54.680000	667.7
54.683750	673.8
54.687500	690.2
54.691250	694.6
54.695000	711.5
54.698750	771.3
54.702500	718.7
54.706250	743.2
54.710000	714.7
54.713750	721.7
54.717500	673.5
54.721250	670.8
54.725000	712.8
54.728750	679.5
54.732500	750.1
54.736250	744.7
54.740000	742.0
54.743750	702.2
54.747500	779.3
54.751250	770.4
54.755000	766.3
54.758750	732.9
54.762500	720.7
54.766250	775.7
54.770000	777.8
54.773750	693.8
54.777500	737.1
54.781250	712.4
54.785000	692.2
54.788750	687.2
54.792500	730.8
54.796250	718.2
54.800000	675.6
54.803750	738.5
54.807500	751.2
54.811250	698.3
54.815000	726.3
54.818750	793.8
54.822500	734.3
54.826250	748.4
54.830000	697.2
54.833750	724.2
54.837500	684.7
54.841250	722.5
54.845000	709.9
54.848750	722.0
54.852500	716.7
54.856250	725.7
54.860000	702.1
54.863750	687.7
54.867500	731.9
54.871250	689.0
54.875000	733.3
54.878750	709.7
54.882500	721.4
54.886250	717.5
54.890000	742.2
54.893750	697.4
54.897500	681.7
54.901250	701.4
54.905000	697.8
54.908750	688.5
54.912500	705.3
54.916250	702.5
54.920000	694.7
54.923750	696.3
54.927500	707.5
54.931250	702.5
54.935000	736.5
54.938750	753.1
54.942500	699.0
54.946250	710.9
54.950000	726.2
54.953750	745.5
54.957500	718.9
54.961250	812.8
54.965000	761.1
54.968750	685.7
54.972500	735.2
54.976250	742.8
54.980000	743.6
54.983750	749.8
54.987500	737.9
54.991250	746.5
54.995000	722.7
54.998750	758.3
55.002500	721.2
55.006250	719.1
55.010000	779.8
55.013750	743.0
55.017500	706.9
55.021250	741.0
55.025000	711.5
55.028750	765.8
55.032500	797.1
55.036250	815.2
55.040000	798.3
55.043750	804.9
55.047500	771.8
55.051250	791.1
55.055000	834.8
55.058750	882.3
55.062500	851.6
55.066250	870.2
55.070000	854.4
55.073750	853.5
55.077500	876.9
55.081250	856.8
55.085000	878.6
55.088750	898.5
55.092500	899.2
55.096250	908.0
55.100000	873.1
55.103750	803.8
55.107500	832.1
55.111250	794.0
55.115000	784.3
55.118750	805.7
55.122500	770.1
55.126250	728.3
55.130000	727.4
55.133750	722.9
55.137500	704.1
55.141250	721.9
55.145000	733.9
55.148750	716.3
55.152500	699.7
55.156250	697.7
55.160000	713.9
55.163750	724.5
55.167500	692.2
55.171250	785.8
55.175000	743.3
55.178750	684.5
55.182500	702.3
55.186250	658.0
55.190000	678.8
55.193750	670.4
55.197500	675.9
55.201250	730.9
55.205000	702.5
55.208750	689.6
55.212500	685.1
55.216250	704.6
55.220000	719.8
55.223750	728.7
55.227500	683.4
55.231250	713.5
55.235000	677.1
55.238750	692.1
55.242500	668.5
55.246250	725.7
55.250000	687.7
55.253750	656.1
55.257500	693.6
55.261250	676.0
55.265000	684.7
55.268750	671.7
55.272500	681.5
55.276250	724.0
55.280000	745.8
55.283750	717.2
55.287500	693.3
55.291250	699.9
55.295000	713.5
55.298750	694.2
55.302500	701.8
55.306250	748.6
55.310000	721.5
55.313750	724.9
55.317500	761.8
55.321250	737.5
55.325000	725.8
55.328750	776.3
55.332500	732.1
55.336250	710.8
55.340000	802.2
55.343750	807.9
55.347500	749.4
55.351250	830.3
55.355000	837.5
55.358750	809.3
55.362500	837.4
55.366250	858.2
55.370000	876.2
55.373750	931.4
55.377500	994.3
55.381250	1006.0
55.385000	1088.0
55.388750	1158.0
55.392500	1224.0
55.396250	1269.6
55.400000	1370.9
55.403750	1449.4
55.407500	1462.3
55.411250	1474.5
55.415000	1500.8
55.418750	1535.0
55.422500	1560.5
55.426250	1559.1
55.430000	1545.3
55.433750	1506.5
55.437500	1475.2
55.441250	1425.3
55.445000	1295.1
55.448750	1250.0
55.452500	1066.9
55.456250	1030.2
55.460000	1043.5
55.463750	921.6
55.467500	884.5
55.471250	861.3
55.475000	872.4
55.478750	825.5
55.482500	793.1
55.486250	794.4
55.490000	767.1
55.493750	771.5
55.497500	797.3
55.501250	752.4
55.505000	696.3
55.508750	681.2
55.512500	664.4
55.516250	718.7
55.520000	730.4
55.523750	730.0
55.527500	735.8
55.531250	712.4
55.535000	665.4
55.538750	715.1
55.542500	744.9
55.546250	689.6
55.550000	705.6
55.553750	711.8
55.557500	685.0
55.561250	707.1
55.565000	706.9
55.568750	676.7
55.572500	609.3
55.576250	617.4
55.580000	674.3
55.583750	627.1
55.587500	677.9
55.591250	734.6
55.595000	675.6
55.598750	704.0
55.602500	699.1
55.606250	646.9
55.610000	683.3
55.613750	649.5
55.617500	653.3
55.621250	709.6
55.625000	687.9
55.628750	671.3
55.632500	699.9
55.636250	704.6
55.640000	709.8
55.643750	675.2
55.647500	672.8
55.651250	721.3
55.655000	676.2
55.658750	604.6
55.662500	639.8
55.666250	666.0
55.670000	653.1
55.673750	722.7
55.677500	653.5
55.681250	619.6
55.685000	633.2
55.688750	629.2
55.692500	681.6
55.696250	669.4
55.700000	673.6
55.703750	695.5
55.707500	680.2
55.711250	668.7
55.715000	670.4
55.718750	638.6
55.722500	635.6
55.726250	649.0
55.730000	694.5
55.733750	672.3
55.737500	655.1
55.741250	672.2
55.745000	685.1
55.748750	674.9
55.752500	641.5
55.756250	648.8
55.760000	660.9
55.763750	657.9
55.767500	679.8
55.771250	649.7
55.775000	630.4
55.778750	651.5
55.782500	663.3
55.786250	660.1
55.790000	640.1
55.793750	666.6
55.797500	642.8
55.801250	657.7
55.805000	662.8
55.808750	634.1
55.812500	623.8
55.816250	641.9
55.820000	680.2
55.823750	667.5
55.827500	666.5
55.831250	645.1
55.835000	595.3
55.838750	644.5
55.842500	632.9
55.846250	604.4
55.850000	622.7
55.853750	646.2
55.857500	666.7
55.861250	595.3
55.865000	625.4
55.868750	681.6
55.872500	661.7
55.876250	648.3
55.880000	650.1
55.883750	617.3
55.887500	642.2
55.891250	620.4
55.895000	636.2
55.898750	647.2
55.902500	632.9
55.906250	650.3
55.910000	664.8
55.913750	653.4
55.917500	643.9
55.921250	659.4
55.925000	643.2
55.928750	656.6
55.932500	684.2
55.936250	635.3
55.940000	672.0
55.943750	658.9
55.947500	631.1
55.951250	617.2
55.955000	669.1
55.958750	657.0
55.962500	611.3
55.966250	633.9
55.970000	621.2
55.973750	648.7
55.977500	676.4
55.981250	651.0
55.985000	665.4
55.988750	613.7
55.992500	645.7
55.996250	684.0
56.000000	659.0
56.003750	630.1
56.007500	661.2
56.011250	666.4
56.015000	683.3
56.018750	647.4
56.022500	662.5
56.026250	646.4
56.030000	647.3
56.033750	667.4
56.037500	682.1
56.041250	662.3
56.045000	696.6
56.048750	712.3
56.052500	738.8
56.056250	641.6
56.060000	658.6
56.063750	680.0
56.067500	659.3
56.071250	684.5
56.075000	671.2
56.078750	684.9
56.082500	693.6
56.086250	670.0
56.090000	661.6
56.093750	657.0
56.097500	636.7
56.101250	702.6
56.105000	716.0
56.108750	736.5
56.112500	660.1
56.116250	650.5
56.120000	682.3
56.123750	683.1
56.127500	676.9
56.131250	714.1
56.135000	675.9
56.138750	615.3
56.142500	638.2
56.146250	647.9
56.150000	648.2
56.153750	657.7
56.157500	670.8
56.161250	634.3
56.165000	614.6
56.168750	681.9
56.172500	638.1
56.176250	653.3
56.180000	662.3
56.183750	651.4
56.187500	643.8
56.191250	678.1
56.195000	677.3
56.198750	694.2
56.202500	679.6
56.206250	652.3
56.210000	638.5
56.213750	641.8
56.217500	655.5
56.221250	674.8
56.225000	619.6
56.228750	658.9
56.232500	602.7
56.236250	639.2
56.240000	683.9
56.243750	682.4
56.247500	620.3
56.251250	624.4
56.255000	668.0
56.258750	676.8
56.262500	665.6
56.266250	664.4
56.270000	712.7
56.273750	663.0
56.277500	675.4
56.281250	703.1
56.285000	650.6
56.288750	667.8
56.292500	668.5
56.296250	644.0
56.300000	712.7
56.303750	664.9
56.307500	676.7
56.311250	654.0
56.315000	636.6
56.318750	656.4
56.322500	645.7
56.326250	652.6
56.330000	651.0
56.333750	673.1
56.337500	702.4
56.341250	678.0
56.345000	704.6
56.348750	698.9
56.352500	717.3
56.356250	677.0
56.360000	719.9
56.363750	688.9
56.367500	723.0
56.371250	698.9
56.375000	713.2
56.378750	740.2
56.382500	676.1
56.386250	715.2
56.390000	715.0
56.393750	651.7
56.397500	715.3
56.401250	732.7
56.405000	721.5
56.408750	690.2
56.412500	707.7
56.416250	699.2
56.420000	759.6
56.423750	683.8
56.427500	694.2
56.431250	679.2
56.435000	681.4
56.438750	683.6
56.442500	702.1
56.446250	668.7
56.450000	637.4
56.453750	693.7
56.457500	730.7
56.461250	715.1
56.465000	665.0
56.468750	665.9
56.472500	696.8
56.476250	664.0
56.480000	675.2
56.483750	668.2
56.487500	719.2
56.491250	646.2
56.495000	684.9
56.498750	650.0
56.502500	664.1
56.506250	662.2
56.510000	667.8
56.513750	694.2
56.517500	666.1
56.521250	653.0
56.525000	674.1
56.528750	693.8
56.532500	655.7
56.536250	633.1
56.540000	671.1
56.543750	633.9
56.547500	658.6
56.551250	677.9
56.555000	675.4
56.558750	615.6
56.562500	642.9
56.566250	625.4
56.570000	635.2
56.573750	647.8
56.577500	630.4
56.581250	653.4
56.585000	691.8
56.588750	679.3
56.592500	629.3
56.596250	680.8
56.600000	688.3
56.603750	676.4
56.607500	665.6
56.611250	664.4
56.615000	624.5
56.618750	634.1
56.622500	655.8
56.626250	658.2
56.630000	688.4
56.633750	672.3
56.637500	666.2
56.641250	649.8
56.645000	631.5
56.648750	645.8
56.652500	713.8
56.656250	699.4
56.660000	681.0
56.663750	642.4
56.667500	607.6
56.671250	630.8
56.675000	697.9
56.678750	673.7
56.682500	627.4
56.686250	682.4
56.690000	689.4
56.693750	718.4
56.697500	689.6
56.701250	585.0
56.705000	647.1
56.708750	689.4
56.712500	623.5
56.716250	633.2
56.720000	692.7
56.723750	661.3
56.727500	684.9
56.731250	687.9
56.735000	696.7
56.738750	688.5
56.742500	703.6
56.746250	679.2
56.750000	729.1
56.753750	637.1
56.757500	662.5
56.761250	686.5
56.765000	689.9
56.768750	719.6
56.772500	697.3
56.776250	697.4
56.780000	679.4
56.783750	678.9
56.787500	702.0
56.791250	660.6
56.795000	688.2
56.798750	674.5
56.802500	713.5
56.806250	709.1
56.810000	718.3
56.813750	710.7
56.817500	677.7
56.821250	712.5
56.825000	780.2
56.828750	716.3
56.832500	721.5
56.836250	698.6
56.840000	738.4
56.843750	674.3
56.847500	677.4
56.851250	735.8
56.855000	703.1
56.858750	693.4
56.862500	664.1
56.866250	671.9
56.870000	684.2
56.873750	642.4
56.877500	717.1
56.881250	663.3
56.885000	681.7
56.888750	656.4
56.892500	671.5
56.896250	661.3
56.900000	669.1
56.903750	671.0
56.907500	661.3
56.911250	680.6
56.915000	677.7
56.918750	674.9
56.922500	655.0
56.926250	643.2
56.930000	687.6
56.933750	686.7
56.937500	668.1
56.941250	658.5
56.945000	688.8
56.948750	681.8
56.952500	683.4
56.956250	672.6
56.960000	712.9
56.963750	712.5
56.967500	694.0
56.971250	663.6
56.975000	689.6
56.978750	731.1
56.982500	738.9
56.986250	713.5
56.990000	756.9
56.993750	744.7
56.997500	731.2
57.001250	723.5
57.005000	791.4
57.008750	809.1
57.012500	757.0
57.016250	773.6
57.020000	797.5
57.023750	763.5
57.027500	749.6
57.031250	776.4
57.035000	756.9
57.038750	768.0
57.042500	717.3
57.046250	689.4
57.050000	737.2
57.053750	743.7
57.057500	729.6
57.061250	714.6
57.065000	704.9
57.068750	660.0
57.072500	699.9
57.076250	702.8
57.080000	694.6
57.083750	653.8
57.087500	681.4
57.091250	691.7
57.095000	668.1
57.098750	685.0
57.102500	669.0
57.106250	663.1
57.110000	697.7
57.113750	686.7
57.117500	672.9
57.121250	680.4
57.125000	673.2
57.128750	663.6
57.132500	660.4
57.136250	644.5
57.140000	675.6
57.143750	694.6
57.147500	700.8
57.151250	683.3
57.155000	644.6
57.158750	647.6
57.162500	697.9
57.166250	698.3
57.170000	686.8
57.173750	672.2
57.177500	650.6
57.181250	680.6
57.185000	682.1
57.188750	666.9
57.192500	664.3
57.196250	714.6
57.200000	708.3
57.203750	687.9
57.207500	706.6
57.211250	686.3
57.215000	709.5
57.218750	704.5
57.222500	693.1
57.226250	682.6
57.230000	673.8
57.233750	704.1
57.237500	703.1
57.241250	756.3
57.245000	722.4
57.248750	719.2
57.252500	726.7
57.256250	716.6
57.260000	736.4
57.263750	735.1
57.267500	731.1
57.271250	755.3
57.275000	698.5
57.278750	674.1
57.282500	676.7
57.286250	696.8
57.290000	670.1
57.293750	659.3
57.297500	705.5
57.301250	700.4
57.305000	675.6
57.308750	680.9
57.312500	650.0
57.316250	651.2
57.320000	678.8
57.323750	660.7
57.327500	667.0
57.331250	675.2
57.335000	644.7
57.338750	641.8
57.342500	706.0
57.346250	677.1
57.350000	642.8
57.353750	669.8
57.357500	641.4
57.361250	626.0
57.365000	657.2
57.368750	644.5
57.372500	666.5
57.376250	636.7
57.380000	672.2
57.383750	682.6
57.387500	663.5
57.391250	671.9
57.395000	659.0
57.398750	659.6
57.402500	664.8
57.406250	647.3
57.410000	647.8
57.413750	677.2
57.417500	646.0
57.421250	648.7
57.425000	651.3
57.428750	650.2
57.432500	645.5
57.436250	668.0
57.440000	660.6
57.443750	660.3
57.447500	656.0
57.451250	691.1
57.455000	643.0
57.458750	682.6
57.462500	644.1
57.466250	657.3
57.470000	684.8
57.473750	647.5
57.477500	645.8
57.481250	631.2
57.485000	686.9
57.488750	672.9
57.492500	582.0
57.496250	680.0
57.500000	686.8
57.503750	662.6
57.507500	671.6
57.511250	658.6
57.515000	682.9
57.518750	679.9
57.522500	649.2
57.526250	687.6
57.530000	733.7
57.533750	693.8
57.537500	659.9
57.541250	717.2
57.545000	680.0
57.548750	693.7
57.552500	722.4
57.556250	676.0
57.560000	660.2
57.563750	672.1
57.567500	676.5
57.571250	667.0
57.575000	636.5
57.578750	632.5
57.582500	660.1
57.586250	652.2
57.590000	703.0
57.593750	699.6
57.597500	665.4
57.601250	665.0
57.605000	648.5
57.608750	658.3
57.612500	644.7
57.616250	684.4
57.620000	682.4
57.623750	628.5
57.627500	675.8
57.631250	658.0
57.635000	660.6
57.638750	661.3
57.642500	663.5
57.646250	652.3
57.650000	685.1
57.653750	665.8
57.657500	653.8
57.661250	637.3
57.665000	643.6
57.668750	665.3
57.672500	672.8
57.676250	706.3
57.680000	700.9
57.683750	618.8
57.687500	624.6
57.691250	597.4
57.695000	633.5
57.698750	679.8
57.702500	648.7
57.706250	658.4
57.710000	677.2
57.713750	659.7
57.717500	700.0
57.721250	664.4
57.725000	637.4
57.728750	710.6
57.732500	664.0
57.736250	626.6
57.740000	672.2
57.743750	704.1
57.747500	677.1
57.751250	646.2
57.755000	646.5
57.758750	667.4
57.762500	673.1
57.766250	726.9
57.770000	690.5
57.773750	688.3
57.777500	694.7
57.781250	679.2
57.785000	710.3
57.788750	716.1
57.792500	704.9
57.796250	732.5
57.800000	766.8
57.803750	791.2
57.807500	702.2
57.811250	734.2
57.815000	779.3
57.818750	757.4
57.822500	731.0
57.826250	728.1
57.830000	751.2
57.833750	774.9
57.837500	699.3
57.841250	711.1
57.845000	673.4
57.848750	712.5
57.852500	665.2
57.856250	700.1
57.860000	656.6
57.863750	659.9
57.867500	687.3
57.871250	710.2
57.875000	682.4
57.878750	660.6
57.882500	679.8
57.886250	703.5
57.890000	668.2
57.893750	692.6
57.897500	668.1
57.901250	711.1
57.905000	659.4
57.908750	672.1
57.912500	658.7
57.916250	691.1
57.920000	680.3
57.923750	698.8
57.927500	679.5
57.931250	637.7
57.935000	709.1
57.938750	736.0
57.942500	673.8
57.946250	717.4
57.950000	630.2
57.953750	684.6
57.957500	684.3
57.961250	707.9
57.965000	661.7
57.968750	615.5
57.972500	701.7
57.976250	643.9
57.980000	624.9
57.983750	653.5
57.987500	657.0
57.991250	630.7
57.995000	638.7
57.998750	697.5
58.002500	667.5
58.006250	635.1
58.010000	640.6
58.013750	669.0
58.017500	650.2
58.021250	617.0
58.025000	665.2
58.028750	672.5
58.032500	673.6
58.036250	695.3
58.040000	702.1
58.043750	635.9
58.047500	684.2
58.051250	682.9
58.055000	630.9
58.058750	664.5
58.062500	648.2
58.066250	606.5
58.070000	684.6
58.073750	695.7
58.077500	643.3
58.081250	663.9
58.085000	664.5
58.088750	689.1
58.092500	657.6
58.096250	670.7
58.100000	634.8
58.103750	646.6
58.107500	656.9
58.111250	679.0
58.115000	679.8
58.118750	671.2
58.122500	667.8
58.126250	687.5
58.130000	660.4
58.133750	700.8
58.137500	638.7
58.141250	640.7
58.145000	640.7
58.148750	678.9
58.152500	644.7
58.156250	670.4
58.160000	620.7
58.163750	663.8
58.167500	671.4
58.171250	664.2
58.175000	676.1
58.178750	643.4
58.182500	653.1
58.186250	666.1
58.190000	653.8
58.193750	644.4
58.197500	690.5
58.201250	652.9
58.205000	659.0
58.208750	682.2
58.212500	649.6
58.216250	652.4
58.220000	676.8
58.223750	688.6
58.227500	674.9
58.231250	737.9
58.235000	676.3
58.238750	701.4
58.242500	650.1
58.246250	675.2
58.250000	712.1
58.253750	707.8
58.257500	715.0
58.261250	681.9
58.265000	636.5
58.268750	662.3
58.272500	672.4
58.276250	677.6
58.280000	710.3
58.283750	715.0
58.287500	729.9
58.291250	702.7
58.295000	754.4
58.298750	713.8
58.302500	706.8
58.306250	684.1
58.310000	642.1
58.313750	694.6
58.317500	723.5
58.321250	697.1
58.325000	692.5
58.328750	684.2
58.332500	654.8
58.336250	690.3
58.340000	637.7
58.343750	608.2
58.347500	676.3
58.351250	674.2
58.355000	672.1
58.358750	659.5
58.362500	697.5
58.366250	679.2
58.370000	677.6
58.373750	670.8
58.377500	708.8
58.381250	629.2
58.385000	632.8
58.388750	635.1
58.392500	670.8
58.396250	638.0
58.400000	655.8
58.403750	661.7
58.407500	691.6
58.411250	706.8
58.415000	727.9
58.418750	688.2
58.422500	695.5
58.426250	670.2
58.430000	652.6
58.433750	651.9
58.437500	642.7
58.441250	676.4
58.445000	654.7
58.448750	649.0
58.452500	648.8
58.456250	654.3
58.460000	719.0
58.463750	704.5
58.467500	682.6
58.471250	713.8
58.475000	686.5
58.478750	704.6
58.482500	704.6
58.486250	719.9
58.490000	706.9
58.493750	693.7
58.497500	665.2
58.501250	630.9
58.505000	643.4
58.508750	658.4
58.512500	696.7
58.516250	727.7
58.520000	736.5
58.523750	674.2
58.527500	684.4
58.531250	683.0
58.535000	673.5
58.538750	683.9
58.542500	700.6
58.546250	666.8
58.550000	667.0
58.553750	637.9
58.557500	697.1
58.561250	677.1
58.565000	684.0
58.568750	693.8
58.572500	704.7
58.576250	698.4
58.580000	678.0
58.583750	695.2
58.587500	709.1
58.591250	712.2
58.595000	711.5
58.598750	718.5
58.602500	699.4
58.606250	684.9
58.610000	716.2
58.613750	696.7
58.617500	698.2
58.621250	701.6
58.625000	720.9
58.628750	692.8
58.632500	714.0
58.636250	679.6
58.640000	675.0
58.643750	720.0
58.647500	705.3
58.651250	726.7
58.655000	668.0
58.658750	716.4
58.662500	688.8
58.666250	651.3
58.670000	667.8
58.673750	661.2
58.677500	652.8
58.681250	690.8
58.685000	685.6
58.688750	718.9
58.692500	663.1
58.696250	626.4
58.700000	694.6
58.703750	702.8
58.707500	672.0
58.711250	648.6
58.715000	652.8
58.718750	683.1
58.722500	648.0
58.726250	711.3
58.730000	685.1
58.733750	607.6
58.737500	658.1
58.741250	620.6
58.745000	622.1
58.748750	655.2
58.752500	635.3
58.756250	687.6
58.760000	672.6
58.763750	660.2
58.767500	648.7
58.771250	646.4
58.775000	674.1
58.778750	570.6
58.782500	613.7
58.786250	647.0
58.790000	659.5
58.793750	614.0
58.797500	640.4
58.801250	648.6
58.805000	658.5
58.808750	631.2
58.812500	660.8
58.816250	661.7
58.820000	637.5
58.823750	633.2
58.827500	657.2
58.831250	700.3
58.835000	668.6
58.838750	653.7
58.842500	673.8
58.846250	696.0
58.850000	701.8
58.853750	675.9
58.857500	683.9
58.861250	700.8
58.865000	709.1
58.868750	627.6
58.872500	677.7
58.876250	708.3
58.880000	673.0
58.883750	736.1
58.887500	687.0
58.891250	672.1
58.895000	700.2
58.898750	742.1
58.902500	750.8
58.906250	686.1
58.910000	698.9
58.913750	682.7
58.917500	690.6
58.921250	744.7
58.925000	687.4
58.928750	696.0
58.932500	653.6
58.936250	687.3
58.940000	687.3
58.943750	715.0
58.947500	698.9
58.951250	682.6
58.955000	691.5
58.958750	660.0
58.962500	677.3
58.966250	682.3
58.970000	711.2
58.973750	689.3
58.977500	695.4
58.981250	698.8
58.985000	638.6
58.988750	672.7
58.992500	727.7
58.996250	705.5
59.000000	671.5
59.003750	746.1
59.007500	712.3
59.011250	709.3
59.015000	728.0
59.018750	701.2
59.022500	729.6
59.026250	689.0
59.030000	740.2
59.033750	763.3
59.037500	785.9
59.041250	737.4
59.045000	781.0
59.048750	764.4
59.052500	744.0
59.056250	715.5
59.060000	745.5
59.063750	710.9
59.067500	703.4
59.071250	692.6
59.075000	717.1
59.078750	774.1
59.082500	738.3
59.086250	692.6
59.090000	685.1
59.093750	679.2
59.097500	681.6
59.101250	680.0
59.105000	660.5
59.108750	709.4
59.112500	688.1
59.116250	695.1
59.120000	715.8
59.123750	726.8
59.127500	722.7
59.131250	701.8
59.135000	685.2
59.138750	693.6
59.142500	668.7
59.146250	706.3
59.150000	669.6
59.153750	660.0
59.157500	664.8
59.161250	714.2
59.165000	666.8
59.168750	716.1
59.172500	715.4
59.176250	671.1
59.180000	679.4
59.183750	646.7
59.187500	657.3
59.191250	628.8
59.195000	671.9
59.198750	711.7
59.202500	667.2
59.206250	625.1
59.210000	679.4
59.213750	680.6
59.217500	657.1
59.221250	714.6
59.225000	640.9
59.228750	645.7
59.232500	657.4
59.236250	692.0
59.240000	649.2
59.243750	683.2
59.247500	683.6
59.251250	649.3
59.255000	625.4
59.258750	661.2
59.262500	642.0
59.266250	617.4
59.270000	671.2
59.273750	602.8
59.277500	710.1
59.281250	668.3
59.285000	664.3
59.288750	663.5
59.292500	671.7
59.296250	645.7
59.300000	629.0
59.303750	653.8
59.307500	626.3
59.311250	594.7
59.315000	629.2
59.318750	650.1
59.322500	653.7
59.326250	628.9
59.330000	692.3
59.333750	619.8
59.337500	622.4
59.341250	646.0
59.345000	668.9
59.348750	653.7
59.352500	639.2
59.356250	631.0
59.360000	640.8
59.363750	627.8
59.367500	618.7
59.371250	628.8
59.375000	676.6
59.378750	628.8
59.382500	630.7
59.386250	622.2
59.390000	666.3
59.393750	635.9
59.397500	617.1
59.401250	664.4
59.405000	604.2
59.408750	630.1
59.412500	646.7
59.416250	642.9
59.420000	628.3
59.423750	612.6
59.427500	614.1
59.431250	603.3
59.435000	611.7
59.438750	609.3
59.442500	644.6
59.446250	616.2
59.450000	625.6
59.453750	620.8
59.457500	640.2
59.461250	648.7
59.465000	627.0
59.468750	626.2
59.472500	604.3
59.476250	600.4
59.480000	617.4
59.483750	617.8
59.487500	587.1
59.491250	665.8
59.495000	616.9
59.498750	625.3
59.502500	608.7
59.506250	584.4
59.510000	644.5
59.513750	603.3
59.517500	620.6
59.521250	589.9
59.525000	623.8
59.528750	584.7
59.532500	616.5
59.536250	627.2
59.540000	617.7
59.543750	586.6
59.547500	607.3
59.551250	595.4
59.555000	614.0
59.558750	613.9
59.562500	655.9
59.566250	613.0
59.570000	666.3
59.573750	690.3
59.577500	667.2
59.581250	636.7
59.585000	667.2
59.588750	633.9
59.592500	658.3
59.596250	641.2
59.600000	614.0
59.603750	620.7
59.607500	618.2
59.611250	663.4
59.615000	595.5
59.618750	620.8
59.622500	653.7
59.626250	643.5
59.630000	609.8
59.633750	611.7
59.637500	659.7
59.641250	678.2
59.645000	650.6
59.648750	633.7
59.652500	663.4
59.656250	679.3
59.660000	678.9
59.663750	693.7
59.667500	644.2
59.671250	617.0
59.675000	692.5
59.678750	669.5
59.682500	715.8
59.686250	629.7
59.690000	640.7
59.693750	675.7
59.697500	685.9
59.701250	717.9
59.705000	688.1
59.708750	680.9
59.712500	646.6
59.716250	691.2
59.720000	683.6
59.723750	672.8
59.727500	689.7
59.731250	717.6
59.735000	707.4
59.738750	640.4
59.742500	682.0
59.746250	674.5
59.750000	663.4
59.753750	713.1
59.757500	661.0
59.761250	690.0
59.765000	693.9
59.768750	685.0
59.772500	656.5
59.776250	673.4
59.780000	614.9
59.783750	660.9
59.787500	642.6
59.791250	635.1
59.795000	695.7
59.798750	657.9
59.802500	679.1
59.806250	611.7
59.810000	683.7
59.813750	636.4
59.817500	607.7
59.821250	660.0
59.825000	648.9
59.828750	666.1
59.832500	641.1
59.836250	673.2
59.840000	664.1
59.843750	631.9
59.847500	649.2
59.851250	624.9
59.855000	662.0
59.858750	642.9
59.862500	619.1
59.866250	645.8
59.870000	631.7
59.873750	608.9
59.877500	621.4
59.881250	650.9
59.885000	678.1
59.888750	651.7
59.892500	625.2
59.896250	607.0
59.900000	668.5
59.903750	673.7
59.907500	620.8
59.911250	660.9
59.915000	660.9
59.918750	641.4
59.922500	627.4
59.926250	642.7
59.930000	650.3
59.933750	634.0
59.937500	674.8
59.941250	657.3
59.945000	674.2
59.948750	614.2
59.952500	610.7
59.956250	648.7
59.960000	628.8
59.963750	639.5
59.967500	658.3
59.971250	589.2
59.975000	655.4
59.978750	686.9
59.982500	628.1
59.986250	690.2
59.990000	696.2
59.993750	666.3
59.997500	650.3
60.001250	673.5
60.005000	660.2
60.008750	619.8
60.012500	636.7
60.016250	649.5
60.020000	624.0
60.023750	630.3
60.027500	639.6
60.031250	678.2
60.035000	647.9
60.038750	676.3
60.042500	675.5
60.046250	597.6
60.050000	643.1
60.053750	680.0
60.057500	642.3
60.061250	637.7
60.065000	680.3
60.068750	636.6
60.072500	689.6
60.076250	681.9
60.080000	682.0
60.083750	667.8
60.087500	648.9
60.091250	636.9
60.095000	679.1
60.098750	664.6
60.102500	689.6
60.106250	727.1
60.110000	678.7
60.113750	704.4
60.117500	729.2
60.121250	679.9
60.125000	698.2
60.128750	687.6
60.132500	638.4
60.136250	706.6
60.140000	701.1
60.143750	708.9
60.147500	632.5
60.151250	677.0
60.155000	677.1
60.158750	681.1
60.162500	671.3
60.166250	639.9
60.170000	678.0
60.173750	673.3
60.177500	666.0
60.181250	625.8
60.185000	694.1
60.188750	676.4
60.192500	682.7
60.196250	649.2
60.200000	649.2
60.203750	644.3
60.207500	673.8
60.211250	641.5
60.215000	660.5
60.218750	693.6
60.222500	672.4
60.226250	670.5
60.230000	660.5
60.233750	668.5
60.237500	677.3
60.241250	631.0
60.245000	622.8
60.248750	663.6
60.252500	672.9
60.256250	657.3
60.260000	614.5
60.263750	623.2
60.267500	657.5
60.271250	684.8
60.275000	654.6
60.278750	664.3
60.282500	630.3
60.286250	645.6
60.290000	653.5
60.293750	662.5
60.297500	607.9
60.301250	631.4
60.305000	639.6
60.308750	636.8
60.312500	633.4
60.316250	621.0
60.320000	631.0
60.323750	671.0
60.327500	633.2
60.331250	625.2
60.335000	659.4
60.338750	626.9
60.342500	639.6
60.346250	651.6
60.350000	625.1
60.353750	643.6
60.357500	676.3
60.361250	685.7
60.365000	636.8
60.368750	604.6
60.372500	645.7
60.376250	633.0
60.380000	637.2
60.383750	629.4
60.387500	616.4
60.391250	634.7
60.395000	629.4
60.398750	629.4
60.402500	628.0
60.406250	662.3
60.410000	652.3
60.413750	646.8
60.417500	601.7
60.421250	671.4
60.425000	693.0
60.428750	655.6
60.432500	646.0
60.436250	622.1
60.440000	670.1
60.443750	652.4
60.447500	645.5
60.451250	612.2
60.455000	633.2
60.458750	633.0
60.462500	633.1
60.466250	688.8
60.470000	663.3
60.473750	659.8
60.477500	654.6
60.481250	646.9
60.485000	662.7
60.488750	624.2
60.492500	644.8
60.496250	634.1
60.500000	616.8
60.503750	669.6
60.507500	620.4
60.511250	675.4
60.515000	622.5
60.518750	644.4
60.522500	697.2
60.526250	638.4
60.530000	620.5
60.533750	643.2
60.537500	688.7
60.541250	687.6
60.545000	675.2
60.548750	662.8
60.552500	601.3
60.556250	560.6
60.560000	633.1
60.563750	650.9
60.567500	680.8
60.571250	669.3
60.575000	663.2
60.578750	614.7
60.582500	623.4
60.586250	598.7
60.590000	615.1
60.593750	689.2
60.597500	659.3
60.601250	686.2
60.605000	643.8
60.608750	644.7
60.612500	704.7
60.616250	680.3
60.620000	689.4
60.623750	665.5
60.627500	653.2
60.631250	670.5
60.635000	646.7
60.638750	631.3
60.642500	685.7
60.646250	641.8
60.650000	613.0
60.653750	620.6
60.657500	594.1
60.661250	666.8
60.665000	683.5
60.668750	595.0
60.672500	658.7
60.676250	715.8
60.680000	664.4
60.683750	680.4
60.687500	702.6
60.691250	680.1
60.695000	684.6
60.698750	675.0
60.702500	654.4
60.706250	714.6
60.710000	697.4
60.713750	694.5
60.717500	720.2
60.721250	650.0
60.725000	683.8
60.728750	659.2
60.732500	609.8
60.736250	687.4
60.740000	654.1
60.743750	648.1
60.747500	674.3
60.751250	652.5
60.755000	652.1
60.758750	680.6
60.762500	640.2
60.766250	619.3
60.770000	665.6
60.773750	663.8
60.777500	586.3
60.781250	656.6
60.785000	643.4
60.788750	606.9
60.792500	617.5
60.796250	604.8
60.800000	635.5
60.803750	626.1
60.807500	640.7
60.811250	608.1
60.815000	640.4
60.818750	655.7
60.822500	631.9
60.826250	660.6
60.830000	652.2
60.833750	642.2
60.837500	674.6
60.841250	639.9
60.845000	671.2
60.848750	639.8
60.852500	632.0
60.856250	670.7
60.860000	674.4
60.863750	661.4
60.867500	619.9
60.871250	656.9
60.875000	649.6
60.878750	687.6
60.882500	711.0
60.886250	621.0
60.890000	641.4
60.893750	700.1
60.897500	704.0
60.901250	675.1
60.905000	651.6
60.908750	658.9
60.912500	643.0
60.916250	671.5
60.920000	661.9
60.923750	665.2
60.927500	663.4
60.931250	661.0
60.935000	639.1
60.938750	645.7
60.942500	645.9
60.946250	615.9
60.950000	660.4
60.953750	622.3
60.957500	643.4
60.961250	670.8
60.965000	662.7
60.968750	655.6
60.972500	637.6
60.976250	641.8
60.980000	669.3
60.983750	654.8
60.987500	702.0
60.991250	700.0
60.995000	679.1
60.998750	652.4
61.002500	656.6
61.006250	723.0
61.010000	703.9
61.013750	662.7
61.017500	567.8
61.021250	602.5
61.025000	609.1
61.028750	704.7
61.032500	657.4
61.036250	687.4
61.040000	594.9
61.043750	686.8
61.047500	625.0
61.051250	571.5
61.055000	642.1
61.058750	615.6
61.062500	643.3
61.066250	615.1
61.070000	624.6
61.073750	724.2
61.077500	615.8
61.081250	680.7
61.085000	584.9
61.088750	677.8
61.092500	631.0
61.096250	697.5
61.100000	658.3
61.103750	672.2
61.107500	652.8
61.111250	657.0
61.115000	675.9
61.118750	696.5
61.122500	669.4
61.126250	625.6
61.130000	688.5
61.133750	662.3
61.137500	633.2
61.141250	670.7
61.145000	649.0
61.148750	625.6
61.152500	589.7
61.156250	725.1
61.160000	638.0
61.163750	685.2
61.167500	652.9
61.171250	662.1
61.175000	639.5
61.178750	642.9
61.182500	605.2
61.186250	657.6
61.190000	648.7
61.193750	638.9
61.197500	635.9
61.201250	657.6
61.205000	645.1
61.208750	621.4
61.212500	673.1
61.216250	678.0
61.220000	629.6
61.223750	676.4
61.227500	660.3
61.231250	651.7
61.235000	675.0
61.238750	664.9
61.242500	674.0
61.246250	650.9
61.250000	635.7
61.253750	631.8
61.257500	706.8
61.261250	628.1
61.265000	647.0
61.268750	647.6
61.272500	651.9
61.276250	678.2
61.280000	693.5
61.283750	669.0
61.287500	629.2
61.291250	608.4
61.295000	642.4
61.298750	655.8
61.302500	663.7
61.306250	632.9
61.310000	645.5
61.313750	720.1
61.317500	630.4
61.321250	674.9
61.325000	670.1
61.328750	583.4
61.332500	609.8
61.336250	611.8
61.340000	664.0
61.343750	620.1
61.347500	649.4
61.351250	642.7
61.355000	616.9
61.358750	648.8
61.362500	647.3
61.366250	614.5
61.370000	635.5
61.373750	627.4
61.377500	649.0
61.381250	637.3
61.385000	644.7
61.388750	618.9
61.392500	604.5
61.396250	658.3
61.400000	622.7
61.403750	610.1
61.407500	681.9
61.411250	661.9
61.415000	646.4
61.418750	628.4
61.422500	635.2
61.426250	616.9
61.430000	618.6
61.433750	606.0
61.437500	577.5
61.441250	662.2
61.445000	645.4
61.448750	607.6
61.452500	581.6
61.456250	616.2
61.460000	713.2
61.463750	629.0
61.467500	653.1
61.471250	623.5
61.475000	638.7
61.478750	646.6
61.482500	639.9
61.486250	646.3
61.490000	617.4
61.493750	614.1
61.497500	617.4
61.501250	653.5
61.505000	653.0
61.508750	594.3
61.512500	612.4
61.516250	625.4
61.520000	670.0
61.523750	644.8
61.527500	648.8
61.531250	635.8
61.535000	598.7
61.538750	599.8
61.542500	586.6
61.546250	571.8
61.550000	630.3
61.553750	644.3
61.557500	609.4
61.561250	638.9
61.565000	654.2
61.568750	619.4
61.572500	599.8
61.576250	619.6
61.580000	659.5
61.583750	616.0
61.587500	643.5
61.591250	618.6
61.595000	662.1
61.598750	649.7
61.602500	651.7
61.606250	667.8
61.610000	636.7
61.613750	699.1
61.617500	636.1
61.621250	678.2
61.625000	681.3
61.628750	669.3
61.632500	638.6
61.636250	655.0
61.640000	646.3
61.643750	692.4
61.647500	720.6
61.651250	738.5
61.655000	696.1
61.658750	710.1
61.662500	701.1
61.666250	686.7
61.670000	704.3
61.673750	717.9
61.677500	741.3
61.681250	712.0
61.685000	703.2
61.688750	698.7
61.692500	715.0
61.696250	735.0
61.700000	747.6
61.703750	708.9
61.707500	705.6
61.711250	708.6
61.715000	730.4
61.718750	705.2
61.722500	694.3
61.726250	717.5
61.730000	750.8
61.733750	722.6
61.737500	667.9
61.741250	728.9
61.745000	695.9
61.748750	658.3
61.752500	694.0
61.756250	657.9
61.760000	672.5
61.763750	673.4
61.767500	684.4
61.771250	648.0
61.775000	670.6
61.778750	713.6
61.782500	646.4
61.786250	653.0
61.790000	663.6
61.793750	648.7
61.797500	687.2
61.801250	654.2
61.805000	684.6
61.808750	692.9
61.812500	688.6
61.816250	725.7
61.820000	733.9
61.823750	658.7
61.827500	681.7
61.831250	707.9
61.835000	723.8
61.838750	710.1
61.842500	719.8
61.846250	730.7
61.850000	711.6
61.853750	748.6
61.857500	739.8
61.861250	720.7
61.865000	708.7
61.868750	706.1
61.872500	744.1
61.876250	657.4
61.880000	701.4
61.883750	710.2
61.887500	709.4
61.891250	707.7
61.895000	737.7
61.898750	665.2
61.902500	641.6
61.906250	659.5
61.910000	639.0
61.913750	667.0
61.917500	685.4
61.921250	672.7
61.925000	663.9
61.928750	645.6
61.932500	699.6
61.936250	668.6
61.940000	659.9
61.943750	644.3
61.947500	627.9
61.951250	660.9
61.955000	643.5
61.958750	624.3
61.962500	621.9
61.966250	613.2
61.970000	611.8
61.973750	618.0
61.977500	652.9
61.981250	623.2
61.985000	611.9
61.988750	652.2
61.992500	657.6
61.996250	578.3
62.000000	603.2
62.003750	613.3
62.007500	630.3
62.011250	624.3
62.015000	603.5
62.018750	634.9
62.022500	651.3
62.026250	631.6
62.030000	622.0
62.033750	643.3
62.037500	632.5
62.041250	626.8
62.045000	631.2
62.048750	644.4
62.052500	641.2
62.056250	623.0
62.060000	612.3
62.063750	624.0
62.067500	654.1
62.071250	632.1
62.075000	612.1
62.078750	657.5
62.082500	646.3
62.086250	628.0
62.090000	677.5
62.093750	654.8
62.097500	632.7
62.101250	642.8
62.105000	644.9
62.108750	647.7
62.112500	650.8
62.116250	622.7
62.120000	642.1
62.123750	692.9
62.127500	684.0
62.131250	683.1
62.135000	645.5
62.138750	628.7
62.142500	621.8
62.146250	635.0
62.150000	650.0
62.153750	622.7
62.157500	651.2
62.161250	646.9
62.165000	649.2
62.168750	635.6
62.172500	654.6
62.176250	651.8
62.180000	589.2
62.183750	649.3
62.187500	664.8
62.191250	603.4
62.195000	673.5
62.198750	681.6
62.202500	631.5
62.206250	672.3
62.210000	632.2
62.213750	646.2
62.217500	652.6
62.221250	683.5
62.225000	604.8
62.228750	643.3
62.232500	676.6
62.236250	589.4
62.240000	612.4
62.243750	627.1
62.247500	656.6
62.251250	685.6
62.255000	616.2
62.258750	645.9
62.262500	645.7
62.266250	634.4
62.270000	610.8
62.273750	608.3
62.277500	607.7
62.281250	638.4
62.285000	618.8
62.288750	660.1
62.292500	602.7
62.296250	635.5
62.300000	647.0
62.303750	640.5
62.307500	633.3
62.311250	616.8
62.315000	598.4
62.318750	640.8
62.322500	631.4
62.326250	669.0
62.330000	652.4
62.333750	617.5
62.337500	636.1
62.341250	673.4
62.345000	649.2
62.348750	636.4
62.352500	643.7
62.356250	622.6
62.360000	631.2
62.363750	609.9
62.367500	582.9
62.371250	666.7
62.375000	660.2
62.378750	613.4
62.382500	664.5
62.386250	666.8
62.390000	647.2
62.393750	637.6
62.397500	711.5
62.401250	677.9
62.405000	660.7
62.408750	679.1
62.412500	667.8
62.416250	700.5
62.420000	675.2
62.423750	641.6
62.427500	730.6
62.431250	717.2
62.435000	767.4
62.438750	736.0
62.442500	685.4
62.446250	684.9
62.450000	710.9
62.453750	690.3
62.457500	694.0
62.461250	709.0
62.465000	717.2
62.468750	643.7
62.472500	690.2
62.476250	735.0
62.480000	719.6
62.483750	675.0
62.487500	722.6
62.491250	721.9
62.495000	714.7
62.498750	691.4
62.502500	677.9
62.506250	684.1
62.510000	729.3
62.513750	677.9
62.517500	682.4
62.521250	698.3
62.525000	716.9
62.528750	717.6
62.532500	676.1
62.536250	683.0
62.540000	697.4
62.543750	737.0
62.547500	693.5
62.551250	722.1
62.555000	763.5
62.558750	727.0
62.562500	686.2
62.566250	723.0
62.570000	708.9
62.573750	623.7
62.577500	689.3
62.581250	645.5
62.585000	696.1
62.588750	675.1
62.592500	666.8
62.596250	636.4
62.600000	628.9
62.603750	626.4
62.607500	625.1
62.611250	671.3
62.615000	614.5
62.618750	633.6
62.622500	607.9
62.626250	629.9
62.630000	621.4
62.633750	620.7
62.637500	671.9
62.641250	675.6
62.645000	675.7
62.648750	627.1
62.652500	671.7
62.656250	636.2
62.660000	604.6
62.663750	666.0
62.667500	652.3
62.671250	658.2
62.675000	659.5
62.678750	657.2
62.682500	678.7
62.686250	622.6
62.690000	666.3
62.693750	654.9
62.697500	617.1
62.701250	682.5
62.705000	700.0
62.708750	662.8
62.712500	710.6
62.716250	701.3
62.720000	693.1
62.723750	711.5
62.727500	711.3
62.731250	694.5
62.735000	759.8
62.738750	727.7
62.742500	720.5
62.746250	768.2
62.750000	758.9
62.753750	767.8
62.757500	734.8
62.761250	721.6
62.765000	704.9
62.768750	778.8
62.772500	754.0
62.776250	744.8
62.780000	793.3
62.783750	734.7
62.787500	778.4
62.791250	763.9
62.795000	772.1
62.798750	721.6
62.802500	740.1
62.806250	735.2
62.810000	704.7
62.813750	719.7
62.817500	762.1
62.821250	720.5
62.825000	735.1
62.828750	742.7
62.832500	706.2
62.836250	717.5
62.840000	679.9
62.843750	720.2
62.847500	689.6
62.851250	719.5
62.855000	723.1
62.858750	711.5
62.862500	724.0
62.866250	710.8
62.870000	698.5
62.873750	696.5
62.877500	699.3
62.881250	700.0
62.885000	658.2
62.888750	697.8
62.892500	686.8
62.896250	668.6
62.900000	744.3
62.903750	697.1
62.907500	734.3
62.911250	661.9
62.915000	730.0
62.918750	714.6
62.922500	686.5
62.926250	720.1
62.930000	703.3
62.933750	657.6
62.937500	694.5
62.941250	702.0
62.945000	667.3
62.948750	663.6
62.952500	663.0
62.956250	635.0
62.960000	660.8
62.963750	653.5
62.967500	671.1
62.971250	651.4
62.975000	690.3
62.978750	631.6
62.982500	631.4
62.986250	625.4
62.990000	627.8
62.993750	631.8
62.997500	658.2
63.001250	610.4
63.005000	650.1
63.008750	651.2
63.012500	628.9
63.016250	617.6
63.020000	618.3
63.023750	651.1
63.027500	698.1
63.031250	651.5
63.035000	639.6
63.038750	635.2
63.042500	619.4
63.046250	620.4
63.050000	644.5
63.053750	646.0
63.057500	621.4
63.061250	650.5
63.065000	635.2
63.068750	624.8
63.072500	609.7
63.076250	689.2
63.080000	676.4
63.083750	597.8
63.087500	633.0
63.091250	660.6
63.095000	623.5
63.098750	608.8
63.102500	651.6
63.106250	640.7
63.110000	626.3
63.113750	633.3
63.117500	680.1
63.121250	647.7
63.125000	620.5
63.128750	610.3
63.132500	696.9
63.136250	643.0
63.140000	622.8
63.143750	681.7
63.147500	626.1
63.151250	665.4
63.155000	647.3
63.158750	667.8
63.162500	710.7
63.166250	641.6
63.170000	709.3
63.173750	687.9
63.177500	739.3
63.181250	715.5
63.185000	667.4
63.188750	735.6
63.192500	730.8
63.196250	743.0
63.200000	721.8
63.203750	760.0
63.207500	750.8
63.211250	706.2
63.215000	699.7
63.218750	746.9
63.222500	743.0
63.226250	720.3
63.230000	713.4
63.233750	744.3
63.237500	776.2
63.241250	747.8
63.245000	745.6
63.248750	726.0
63.252500	741.4
63.256250	702.8
63.260000	720.5
63.263750	745.7
63.267500	675.0
63.271250	663.3
63.275000	739.2
63.278750	681.7
63.282500	640.7
63.286250	676.5
63.290000	702.4
63.293750	699.6
63.297500	677.1
63.301250	670.2
63.305000	665.1
63.308750	664.4
63.312500	665.6
63.316250	650.1
63.320000	650.3
63.323750	651.3
63.327500	647.1
63.331250	694.3
63.335000	642.4
63.338750	627.4
63.342500	600.2
63.346250	635.5
63.350000	634.8
63.353750	611.4
63.357500	588.4
63.361250	614.8
63.365000	594.8
63.368750	627.5
63.372500	637.7
63.376250	664.8
63.380000	637.1
63.383750	581.6
63.387500	621.1
63.391250	588.4
63.395000	580.9
63.398750	627.6
63.402500	651.8
63.406250	602.2
63.410000	639.2
63.413750	623.9
63.417500	597.8
63.421250	631.7
63.425000	582.9
63.428750	586.6
63.432500	627.0
63.436250	620.6
63.440000	598.2
63.443750	594.1
63.447500	584.2
63.451250	596.2
63.455000	604.9
63.458750	597.1
63.462500	592.8
63.466250	624.7
63.470000	603.1
63.473750	606.3
63.477500	636.2
63.481250	632.4
63.485000	593.1
63.488750	649.9
63.492500	629.1
63.496250	565.5
63.500000	634.6
63.503750	584.1
63.507500	562.7
63.511250	625.1
63.515000	624.2
63.518750	591.2
63.522500	600.4
63.526250	625.2
63.530000	630.1
63.533750	618.1
63.537500	620.5
63.541250	657.7
63.545000	619.2
63.548750	611.7
63.552500	616.2
63.556250	612.3
63.560000	610.1
63.563750	677.1
63.567500	682.1
63.571250	679.2
63.575000	693.2
63.578750	601.3
63.582500	601.8
63.586250	642.4
63.590000	620.0
63.593750	624.3
63.597500	615.9
63.601250	653.4
63.605000	623.1
63.608750	672.7
63.612500	618.7
63.616250	650.5
63.620000	680.4
63.623750	645.4
63.627500	673.5
63.631250	691.2
63.635000	681.0
63.638750	649.2
63.642500	694.8
63.646250	652.2
63.650000	682.5
63.653750	673.4
63.657500	654.8
63.661250	674.8
63.665000	655.2
63.668750	635.2
63.672500	616.4
63.676250	680.6
63.680000	717.8
63.683750	672.1
63.687500	648.9
63.691250	638.2
63.695000	629.9
63.698750	690.2
63.702500	683.4
63.706250	637.1
63.710000	644.8
63.713750	636.4
63.717500	626.5
63.721250	655.6
63.725000	675.7
63.728750	628.7
63.732500	653.1
63.736250	677.6
63.740000	653.9
63.743750	615.0
63.747500	686.3
63.751250	633.0
63.755000	673.9
63.758750	674.1
63.762500	621.9
63.766250	672.8
63.770000	682.6
63.773750	672.8
63.777500	643.0
63.781250	574.5
63.785000	640.7
63.788750	649.2
63.792500	645.3
63.796250	660.6
63.800000	671.4
63.803750	636.7
63.807500	638.0
63.811250	636.8
63.815000	636.3
63.818750	676.9
63.822500	648.5
63.826250	663.5
63.830000	634.3
63.833750	687.3
63.837500	662.6
63.841250	693.6
63.845000	614.6
63.848750	682.1
63.852500	646.8
63.856250	673.7
63.860000	668.1
63.863750	655.2
63.867500	626.4
63.871250	658.4
63.875000	657.0
63.878750	631.9
63.882500	659.9
63.886250	650.0
63.890000	656.0
63.893750	625.2
63.897500	631.8
63.901250	662.0
63.905000	611.4
63.908750	602.4
63.912500	678.0
63.916250	631.1
63.920000	579.7
63.923750	653.0
63.927500	651.5
63.931250	663.1
63.935000	660.7
63.938750	576.4
63.942500	653.2
63.946250	619.7
63.950000	649.5
63.953750	637.2
63.957500	647.3
63.961250	605.7
63.965000	638.8
63.968750	634.8
63.972500	604.3
63.976250	610.2
63.980000	645.1
63.983750	619.5
63.987500	617.3
63.991250	647.0
63.995000	605.4
63.998750	609.6
64.002500	665.3
64.006250	628.4
64.010000	641.5
64.013750	656.2
64.017500	651.9
64.021250	588.4
64.025000	603.3
64.028750	652.1
64.032500	595.8
64.036250	569.0
64.040000	614.4
64.043750	583.8
64.047500	582.8
64.051250	595.3
64.055000	612.0
64.058750	626.7
64.062500	597.7
64.066250	616.3
64.070000	619.8
64.073750	589.0
64.077500	583.8
64.081250	585.3
64.085000	567.9
64.088750	623.5
64.092500	627.9
64.096250	583.0
64.100000	612.4
64.103750	611.7
64.107500	611.5
64.111250	625.2
64.115000	584.4
64.118750	608.4
64.122500	592.7
64.126250	564.1
64.130000	604.0
64.133750	614.4
64.137500	578.7
64.141250	590.2
64.145000	635.4
64.148750	602.9
64.152500	571.6
64.156250	585.3
64.160000	589.2
64.163750	603.3
64.167500	590.6
64.171250	605.7
64.175000	558.3
64.178750	587.3
64.182500	597.6
64.186250	572.9
64.190000	625.4
64.193750	634.6
64.197500	544.4
64.201250	574.5
64.205000	578.6
64.208750	563.8
64.212500	549.3
64.216250	595.0
64.220000	577.0
64.223750	563.9
64.227500	555.7
64.231250	561.3
64.235000	618.5
64.238750	589.6
64.242500	561.4
64.246250	566.2
64.250000	566.0
64.253750	590.4
64.257500	592.2
64.261250	596.9
64.265000	602.3
64.268750	578.2
64.272500	618.0
64.276250	580.0
64.280000	612.5
64.283750	615.2
64.287500	558.6
64.291250	550.9
64.295000	562.3
64.298750	598.8
64.302500	549.5
64.306250	584.8
64.310000	601.6
64.313750	568.8
64.317500	583.5
64.321250	604.1
64.325000	554.1
64.328750	617.8
64.332500	639.3
64.336250	585.5
64.340000	614.5
64.343750	553.2
64.347500	599.5
64.351250	581.8
64.355000	585.4
64.358750	607.9
64.362500	625.7
64.366250	569.8
64.370000	585.1
64.373750	601.4
64.377500	572.3
64.381250	626.8
64.385000	599.6
64.388750	589.3
64.392500	589.7
64.396250	567.9
64.400000	571.7
64.403750	566.9
64.407500	604.7
64.411250	630.1
64.415000	620.7
64.418750	547.3
64.422500	572.9
64.426250	580.1
64.430000	574.2
64.433750	540.8
64.437500	607.5
64.441250	597.0
64.445000	601.0
64.448750	579.8
64.452500	607.2
64.456250	604.5
64.460000	560.1
64.463750	586.1
64.467500	614.1
64.471250	588.6
64.475000	578.8
64.478750	588.8
64.482500	613.3
64.486250	620.9
64.490000	553.4
64.493750	580.7
64.497500	581.3
64.501250	629.2
64.505000	607.6
64.508750	563.2
64.512500	562.5
64.516250	619.7
64.520000	626.3
64.523750	563.8
64.527500	581.1
64.531250	619.4
64.535000	598.5
64.538750	608.2
64.542500	565.9
64.546250	576.0
64.550000	602.2
64.553750	628.6
64.557500	594.0
64.561250	578.5
64.565000	586.7
64.568750	628.6
64.572500	608.1
64.576250	602.6
64.580000	607.8
64.583750	626.3
64.587500	623.7
64.591250	608.8
64.595000	590.8
64.598750	610.4
64.602500	636.1
64.606250	610.2
64.610000	609.4
64.613750	609.6
64.617500	596.1
64.621250	607.8
64.625000	545.6
64.628750	592.2
64.632500	601.4
64.636250	576.5
64.640000	597.5
64.643750	606.1
64.647500	568.7
64.651250	593.9
64.655000	594.2
64.658750	596.2
64.662500	571.9
64.666250	606.9
64.670000	599.9
64.673750	610.4
64.677500	576.1
64.681250	563.9
64.685000	581.8
64.688750	588.0
64.692500	578.9
64.696250	609.2
64.700000	625.8
64.703750	620.9
64.707500	562.4
64.711250	584.7
64.715000	567.2
64.718750	592.8
64.722500	570.9
64.726250	591.8
64.730000	624.8
64.733750	577.0
64.737500	595.4
64.741250	604.7
64.745000	572.0
64.748750	562.9
64.752500	558.5
64.756250	601.2
64.760000	595.1
64.763750	593.1
64.767500	597.6
64.771250	605.3
64.775000	609.8
64.778750	597.4
64.782500	638.6
64.786250	614.0
64.790000	558.5
64.793750	581.7
64.797500	579.9
64.801250	566.1
64.805000	591.7
64.808750	640.3
64.812500	598.0
64.816250	581.3
64.820000	592.9
64.823750	603.0
64.827500	564.5
64.831250	600.3
64.835000	567.8
64.838750	575.3
64.842500	543.4
64.846250	597.1
64.850000	595.0
64.853750	579.1
64.857500	604.8
64.861250	606.4
64.865000	571.4
64.868750	578.2
64.872500	598.7
64.876250	587.2
64.880000	628.8
64.883750	571.5
64.887500	556.6
64.891250	580.9
64.895000	591.5
64.898750	593.7
64.902500	525.5
64.906250	552.0
64.910000	532.4
64.913750	568.6
64.917500	628.1
64.921250	614.7
64.925000	608.3
64.928750	598.1
64.932500	629.3
64.936250	571.0
64.940000	577.2
64.943750	596.5
64.947500	596.2
64.951250	597.5
64.955000	587.8
64.958750	601.8
64.962500	542.8
64.966250	587.5
64.970000	618.6
64.973750	598.2
64.977500	585.4
64.981250	584.9
64.985000	543.1
64.988750	558.6
64.992500	571.5
64.996250	589.4
65.000000	604.5
65.003750	608.3
65.007500	577.0
65.011250	562.1
65.015000	588.7
65.018750	602.6
65.022500	575.5
65.026250	606.7
65.030000	571.6
65.033750	570.2
65.037500	579.4
65.041250	547.8
65.045000	602.0
65.048750	624.4
65.052500	585.9
65.056250	584.9
65.060000	601.6
65.063750	609.3
65.067500	570.7
65.071250	626.6
65.075000	608.5
65.078750	575.0
65.082500	613.2
65.086250	616.5
65.090000	592.4
65.093750	599.8
65.097500	613.7
65.101250	639.4
65.105000	610.5
65.108750	592.1
65.112500	632.3
65.116250	612.0
65.120000	538.7
65.123750	590.0
65.127500	600.2
65.131250	572.6
65.135000	573.0
65.138750	531.0
65.142500	610.0
65.146250	616.7
65.150000	579.3
65.153750	636.0
65.157500	571.1
65.161250	584.9
65.165000	632.0
65.168750	570.2
65.172500	615.6
65.176250	630.7
65.180000	598.5
65.183750	612.6
65.187500	618.7
65.191250	632.1
65.195000	605.8
65.198750	604.0
65.202500	604.0
65.206250	565.8
65.210000	582.3
65.213750	659.9
65.217500	621.8
65.221250	590.4
65.225000	582.7
65.228750	616.4
65.232500	611.6
65.236250	581.8
65.240000	600.4
65.243750	619.9
65.247500	602.7
65.251250	573.9
65.255000	610.2
65.258750	576.7
65.262500	572.9
65.266250	579.4
65.270000	603.3
65.273750	594.3
65.277500	589.7
65.281250	622.7
65.285000	568.8
65.288750	569.0
65.292500	584.2
65.296250	573.1
65.300000	588.4
65.303750	548.1
65.307500	573.6
65.311250	593.7
65.315000	595.1
65.318750	592.2
65.322500	559.3
65.326250	560.7
65.330000	558.2
65.333750	548.9
65.337500	582.5
65.341250	561.4
65.345000	582.0
65.348750	571.9
65.352500	571.2
65.356250	558.6
65.360000	566.0
65.363750	605.6
65.367500	586.4
65.371250	571.9
65.375000	576.1
65.378750	557.6
65.382500	568.2
65.386250	563.6
65.390000	586.4
65.393750	569.8
65.397500	594.1
65.401250	591.4
65.405000	594.2
65.408750	548.8
65.412500	554.8
65.416250	540.3
65.420000	588.1
65.423750	610.6
65.427500	578.9
65.431250	555.6
65.435000	542.0
65.438750	560.5
65.442500	575.9
65.446250	576.7
65.450000	520.8
65.453750	556.4
65.457500	619.7
65.461250	594.3
65.465000	576.1
65.468750	579.8
65.472500	598.3
65.476250	561.4
65.480000	550.1
65.483750	581.5
65.487500	524.6
65.491250	569.9
65.495000	581.7
65.498750	575.9
65.502500	550.0
65.506250	579.8
65.510000	551.8
65.513750	566.4
65.517500	616.2
65.521250	621.9
65.525000	603.9
65.528750	602.0
65.532500	614.0
65.536250	574.0
65.540000	566.0
65.543750	540.1
65.547500	527.9
65.551250	579.5
65.555000	626.1
65.558750	576.5
65.562500	579.5
65.566250	616.2
65.570000	568.2
65.573750	599.7
65.577500	570.8
65.581250	544.2
65.585000	545.9
65.588750	555.5
65.592500	576.1
65.596250	558.1
65.600000	579.4
65.603750	571.5
65.607500	515.8
65.611250	578.6
65.615000	577.7
65.618750	611.5
65.622500	585.3
65.626250	555.0
65.630000	535.7
65.633750	564.9
65.637500	599.1
65.641250	665.2
65.645000	566.2
65.648750	595.4
65.652500	551.4
65.656250	570.7
65.660000	591.5
65.663750	657.3
65.667500	595.2
65.671250	550.3
65.675000	649.5
65.678750	516.2
65.682500	616.2
65.686250	568.4
65.690000	605.2
65.693750	602.1
65.697500	572.8
65.701250	538.1
65.705000	543.7
65.708750	610.2
65.712500	602.4
65.716250	578.3
65.720000	570.1
65.723750	577.8
65.727500	595.0
65.731250	566.7
65.735000	588.1
65.738750	591.0
65.742500	568.7
65.746250	593.4
65.750000	631.3
65.753750	619.8
65.757500	643.8
65.761250	607.3
65.765000	605.9
65.768750	594.9
65.772500	605.9
65.776250	615.4
65.780000	582.1
65.783750	596.0
65.787500	615.0
65.791250	600.4
65.795000	575.3
65.798750	578.8
65.802500	607.1
65.806250	580.8
65.810000	603.9
65.813750	601.1
65.817500	616.8
65.821250	591.9
65.825000	628.4
65.828750	610.0
65.832500	640.0
65.836250	603.3
65.840000	606.1
65.843750	627.7
65.847500	612.6
65.851250	602.0
65.855000	613.3
65.858750	622.2
65.862500	579.9
65.866250	557.8
65.870000	576.2
65.873750	632.6
65.877500	612.8
65.881250	570.6
65.885000	611.5
65.888750	620.3
65.892500	624.3
65.896250	588.0
65.900000	564.4
65.903750	618.9
65.907500	599.0
65.911250	597.4
65.915000	603.5
65.918750	559.4
65.922500	609.6
65.926250	638.3
65.930000	597.1
65.933750	590.4
65.937500	620.6
65.941250	591.5
65.945000	581.0
65.948750	616.2
65.952500	609.8
65.956250	623.0
65.960000	639.6
65.963750	610.1
65.967500	590.8
65.971250	598.8
65.975000	674.7
65.978750	615.1
65.982500	610.1
65.986250	647.1
65.990000	678.5
65.993750	611.1
65.997500	635.7
66.001250	646.2
66.005000	603.9
66.008750	636.7
66.012500	664.0
66.016250	619.1
66.020000	619.8
66.023750	647.9
66.027500	605.5
66.031250	630.2
66.035000	648.3
66.038750	606.0
66.042500	569.4
66.046250	592.9
66.050000	640.8
66.053750	622.3
66.057500	661.2
66.061250	725.7
66.065000	627.5
66.068750	602.4
66.072500	665.7
66.076250	666.5
66.080000	623.7
66.083750	669.0
66.087500	631.6
66.091250	588.2
66.095000	619.0
66.098750	614.8
66.102500	581.7
66.106250	608.2
66.110000	672.2
66.113750	668.1
66.117500	641.6
66.121250	620.6
66.125000	617.5
66.128750	655.2
66.132500	664.4
66.136250	651.0
66.140000	637.7
66.143750	604.3
66.147500	643.6
66.151250	676.8
66.155000	692.0
66.158750	649.1
66.162500	592.1
66.166250	618.4
66.170000	682.7
66.173750	673.2
66.177500	665.3
66.181250	647.5
66.185000	658.4
66.188750	699.1
66.192500	665.9
66.196250	619.0
66.200000	657.7
66.203750	649.3
66.207500	633.2
66.211250	678.7
66.215000	681.9
66.218750	639.9
66.222500	591.5
66.226250	690.9
66.230000	683.6
66.233750	636.8
66.237500	695.0
66.241250	659.1
66.245000	595.2
66.248750	666.7
66.252500	633.2
66.256250	666.9
66.260000	667.2
66.263750	719.6
66.267500	675.9
66.271250	597.2
66.275000	606.7
66.278750	608.9
66.282500	660.0
66.286250	637.1
66.290000	630.2
66.293750	665.1
66.297500	619.2
66.301250	647.8
66.305000	609.4
66.308750	632.7
66.312500	569.4
66.316250	577.1
66.320000	603.8
66.323750	607.5
66.327500	629.8
66.331250	621.0
66.335000	606.5
66.338750	646.3
66.342500	629.0
66.346250	609.7
66.350000	561.9
66.353750	610.8
66.357500	615.2
66.361250	596.9
66.365000	641.3
66.368750	587.1
66.372500	565.6
66.376250	585.5
66.380000	593.5
66.383750	628.7
66.387500	630.6
66.391250	577.3
66.395000	579.2
66.398750	577.5
66.402500	594.4
66.406250	597.7
66.410000	586.0
66.413750	608.4
66.417500	571.0
66.421250	556.6
66.425000	599.7
66.428750	575.6
66.432500	575.5
66.436250	526.8
66.440000	600.1
66.443750	571.2
66.447500	574.0
66.451250	594.6
66.455000	564.1
66.458750	599.5
66.462500	585.6
66.466250	563.4
66.470000	562.9
66.473750	552.2
66.477500	584.4
66.481250	616.4
66.485000	638.6
66.488750	588.0
66.492500	585.4
66.496250	641.1
66.500000	592.8
66.503750	588.0
66.507500	594.1
66.511250	586.1
66.515000	577.2
66.518750	594.7
66.522500	582.1
66.526250	621.6
66.530000	549.8
66.533750	585.8
66.537500	565.5
66.541250	584.3
66.545000	582.3
66.548750	575.9
66.552500	564.4
66.556250	561.5
66.560000	559.3
66.563750	576.5
66.567500	566.6
66.571250	617.9
66.575000	582.2
66.578750	599.2
66.582500	538.9
66.586250	564.5
66.590000	563.0
66.593750	547.9
66.597500	597.3
66.601250	604.3
66.605000	599.1
66.608750	556.8
66.612500	578.2
66.616250	588.7
66.620000	593.2
66.623750	607.3
66.627500	598.3
66.631250	556.9
66.635000	554.9
66.638750	602.2
66.642500	602.0
66.646250	618.8
66.650000	554.0
66.653750	555.1
66.657500	567.9
66.661250	592.4
66.665000	594.3
66.668750	585.8
66.672500	610.2
66.676250	557.8
66.680000	577.9
66.683750	552.0
66.687500	557.0
66.691250	606.4
66.695000	588.4
66.698750	554.3
66.702500	605.1
66.706250	623.2
66.710000	600.6
66.713750	563.7
66.717500	564.5
66.721250	583.3
66.725000	574.6
66.728750	646.7
66.732500	564.4
66.736250	622.4
66.740000	583.1
66.743750	641.6
66.747500	598.5
66.751250	601.8
66.755000	606.4
66.758750	577.3
66.762500	610.4
66.766250	578.7
66.770000	559.9
66.773750	598.0
66.777500	614.7
66.781250	606.6
66.785000	602.8
66.788750	592.8
66.792500	586.1
66.796250	614.6
66.800000	567.9
66.803750	590.5
66.807500	557.3
66.811250	580.3
66.815000	560.2
66.818750	615.4
66.822500	592.6
66.826250	564.9
66.830000	588.1
66.833750	563.6
66.837500	568.6
66.841250	590.1
66.845000	563.1
66.848750	570.0
66.852500	590.5
66.856250	566.8
66.860000	591.6
66.863750	581.1
66.867500	581.3
66.871250	633.9
66.875000	597.0
66.878750	591.3
66.882500	556.9
66.886250	598.1
66.890000	560.1
66.893750	576.2
66.897500	575.9
66.901250	573.0
66.905000	532.0
66.908750	587.0
66.912500	588.0
66.916250	612.7
66.920000	592.4
66.923750	566.1
66.927500	645.8
66.931250	650.5
66.935000	587.6
66.938750	530.3
66.942500	573.6
66.946250	548.4
66.950000	543.4
66.953750	556.5
66.957500	567.6
66.961250	634.0
66.965000	595.4
66.968750	594.6
66.972500	593.8
66.976250	562.4
66.980000	577.0
66.983750	537.7
66.987500	573.6
66.991250	579.3
66.995000	593.7
66.998750	549.3
67.002500	543.9
67.006250	554.8
67.010000	584.6
67.013750	585.5
67.017500	568.1
67.021250	599.8
67.025000	582.1
67.028750	591.9
67.032500	589.4
67.036250	592.7
67.040000	641.4
67.043750	575.5
67.047500	614.9
67.051250	563.8
67.055000	589.2
67.058750	585.2
67.062500	566.3
67.066250	606.0
67.070000	581.4
67.073750	595.6
67.077500	559.7
67.081250	559.3
67.085000	602.9
67.088750	563.6
67.092500	600.7
67.096250	568.8
67.100000	565.4
67.103750	608.1
67.107500	558.6
67.111250	644.7
67.115000	555.7
67.118750	575.6
67.122500	573.8
67.126250	608.0
67.130000	549.1
67.133750	513.6
67.137500	578.1
67.141250	622.0
67.145000	571.6
67.148750	577.7
67.152500	608.7
67.156250	573.4
67.160000	601.8
67.163750	579.4
67.167500	567.3
67.171250	577.5
67.175000	552.7
67.178750	532.0
67.182500	581.3
67.186250	574.6
67.190000	576.9
67.193750	611.9
67.197500	568.9
67.201250	577.9
67.205000	552.6
67.208750	537.3
67.212500	554.1
67.216250	585.9
67.220000	563.9
67.223750	616.4
67.227500	610.0
67.231250	613.7
67.235000	567.5
67.238750	542.8
67.242500	579.4
67.246250	573.3
67.250000	560.6
67.253750	575.0
67.257500	566.5
67.261250	611.9
67.265000	585.2
67.268750	543.3
67.272500	527.4
67.276250	579.9
67.280000	585.5
67.283750	575.7
67.287500	541.4
67.291250	555.3
67.295000	556.9
67.298750	560.1
67.302500	572.4
67.306250	566.9
67.310000	553.9
67.313750	557.5
67.317500	565.5
67.321250	584.1
67.325000	563.1
67.328750	543.3
67.332500	587.6
67.336250	531.6
67.340000	543.7
67.343750	574.2
67.347500	527.3
67.351250	542.8
67.355000	573.2
67.358750	585.3
67.362500	602.8
67.366250	526.0
67.370000	538.0
67.373750	563.7
67.377500	563.1
67.381250	549.5
67.385000	578.8
67.388750	564.1
67.392500	587.1
67.396250	576.2
67.400000	530.4
67.403750	552.2
67.407500	565.3
67.411250	544.7
67.415000	619.8
67.418750	589.1
67.422500	530.0
67.426250	544.7
67.430000	579.2
67.433750	567.5
67.437500	589.1
67.441250	593.3
67.445000	585.6
67.448750	538.1
67.452500	527.5
67.456250	522.9
67.460000	574.2
67.463750	585.4
67.467500	595.0
67.471250	568.7
67.475000	599.4
67.478750	565.1
67.482500	559.5
67.486250	590.9
67.490000	607.9
67.493750	558.9
67.497500	542.1
67.501250	566.3
67.505000	588.2
67.508750	564.3
67.512500	574.4
67.516250	582.2
67.520000	587.5
67.523750	580.6
67.527500	598.2
67.531250	604.9
67.535000	568.0
67.538750	601.4
67.542500	576.7
67.546250	594.8
67.550000	623.9
67.553750	652.4
67.557500	640.0
67.561250	568.0
67.565000	612.8
67.568750	624.1
67.572500	616.9
67.576250	642.7
67.580000	626.0
67.583750	671.4
67.587500	706.8
67.591250	654.6
67.595000	648.8
67.598750	646.8
67.602500	646.4
67.606250	642.3
67.610000	627.1
67.613750	674.4
67.617500	667.9
67.621250	632.2
67.625000	664.3
67.628750	653.0
67.632500	669.2
67.636250	689.5
67.640000	644.2
67.643750	623.4
67.647500	609.7
67.651250	640.6
67.655000	648.9
67.658750	648.5
67.662500	662.3
67.666250	638.7
67.670000	653.6
67.673750	663.6
67.677500	621.5
67.681250	603.6
67.685000	645.5
67.688750	627.8
67.692500	625.0
67.696250	660.0
67.700000	648.1
67.703750	663.0
67.707500	624.8
67.711250	630.6
67.715000	654.6
67.718750	639.1
67.722500	693.5
67.726250	691.7
67.730000	678.2
67.733750	654.1
67.737500	634.2
67.741250	678.1
67.745000	648.6
67.748750	648.3
67.752500	680.8
67.756250	655.9
67.760000	656.5
67.763750	673.9
67.767500	647.4
67.771250	663.5
67.775000	692.1
67.778750	649.8
67.782500	656.1
67.786250	604.9
67.790000	621.6
67.793750	624.0
67.797500	616.4
67.801250	624.5
67.805000	649.6
67.808750	675.2
67.812500	667.4
67.816250	634.3
67.820000	650.3
67.823750	673.1
67.827500	636.7
67.831250	631.5
67.835000	655.8
67.838750	679.3
67.842500	676.7
67.846250	632.3
67.850000	618.9
67.853750	635.6
67.857500	641.4
67.861250	661.3
67.865000	648.1
67.868750	659.7
67.872500	643.5
67.876250	645.0
67.880000	634.0
67.883750	631.1
67.887500	724.3
67.891250	678.2
67.895000	646.9
67.898750	655.6
67.902500	650.5
67.906250	635.0
67.910000	624.4
67.913750	618.9
67.917500	675.7
67.921250	643.3
67.925000	643.7
67.928750	686.3
67.932500	664.3
67.936250	579.3
67.940000	625.4
67.943750	608.4
67.947500	633.0
67.951250	645.6
67.955000	647.2
67.958750	652.7
67.962500	688.0
67.966250	691.3
67.970000	674.9
67.973750	654.0
67.977500	674.4
67.981250	695.0
67.985000	667.0
67.988750	680.5
67.992500	716.2
67.996250	696.5
68.000000	728.7
68.003750	706.3
68.007500	726.3
68.011250	719.0
68.015000	694.1
68.018750	728.8
68.022500	748.9
68.026250	675.6
68.030000	711.9
68.033750	723.1
68.037500	717.3
68.041250	682.8
68.045000	694.4
68.048750	716.1
68.052500	665.6
68.056250	690.4
68.060000	667.5
68.063750	639.5
68.067500	669.8
68.071250	732.1
68.075000	677.9
68.078750	659.1
68.082500	692.1
68.086250	654.7
68.090000	616.8
68.093750	639.9
68.097500	674.1
68.101250	623.3
68.105000	664.7
68.108750	612.2
68.112500	637.3
68.116250	636.2
68.120000	613.5
68.123750	610.2
68.127500	621.2
68.131250	627.1
68.135000	608.9
68.138750	661.8
68.142500	603.8
68.146250	622.5
68.150000	678.3
68.153750	663.4
68.157500	670.0
68.161250	662.7
68.165000	656.5
68.168750	693.6
68.172500	679.0
68.176250	653.5
68.180000	698.9
68.183750	746.6
68.187500	717.2
68.191250	743.6
68.195000	760.9
68.198750	775.9
68.202500	811.1
68.206250	854.6
68.210000	840.9
68.213750	823.7
68.217500	790.3
68.221250	859.2
68.225000	816.5
68.228750	856.9
68.232500	815.7
68.236250	820.5
68.240000	802.7
68.243750	818.4
68.247500	758.0
68.251250	805.2
68.255000	817.0
68.258750	787.1
68.262500	696.1
68.266250	747.2
68.270000	673.4
68.273750	669.5
68.277500	758.0
68.281250	718.6
68.285000	684.5
68.288750	635.9
68.292500	696.5
68.296250	662.7
68.300000	648.8
68.303750	684.1
68.307500	638.0
68.311250	614.3
68.315000	670.6
68.318750	631.7
68.322500	677.8
68.326250	655.2
68.330000	656.8
68.333750	659.0
68.337500	614.6
68.341250	624.3
68.345000	661.3
68.348750	655.1
68.352500	594.0
68.356250	628.1
68.360000	647.6
68.363750	609.1
68.367500	617.6
68.371250	597.1
68.375000	645.2
68.378750	613.1
68.382500	629.5
68.386250	627.3
68.390000	627.6
68.393750	571.4
68.397500	630.7
68.401250	626.5
68.405000	609.4
68.408750	600.6
68.412500	633.2
68.416250	624.7
68.420000	639.0
68.423750	604.7
68.427500	615.9
68.431250	649.6
68.435000	612.4
68.438750	628.1
68.442500	612.0
68.446250	617.4
68.450000	623.8
68.453750	642.7
68.457500	636.5
68.461250	641.3
68.465000	653.6
68.468750	606.5
68.472500	600.3
68.476250	636.4
68.480000	617.3
68.483750	623.8
68.487500	657.9
68.491250	615.4
68.495000	659.2
68.498750	592.9
68.502500	614.2
68.506250	643.9
68.510000	631.0
68.513750	599.5
68.517500	616.4
68.521250	567.0
68.525000	623.8
68.528750	584.3
68.532500	550.2
68.536250	609.9
68.540000	652.1
68.543750	617.7
68.547500	611.2
68.551250	623.4
68.555000	589.0
68.558750	617.5
68.562500	585.4
68.566250	618.7
68.570000	619.3
68.573750	591.3
68.577500	624.8
68.581250	623.6
68.585000	611.3
68.588750	591.2
68.592500	621.2
68.596250	594.6
68.600000	624.9
68.603750	614.4
68.607500	620.7
68.611250	618.1
68.615000	612.0
68.618750	639.0
68.622500	615.0
68.626250	613.6
68.630000	623.4
68.633750	579.7
68.637500	657.4
68.641250	677.2
68.645000	622.3
68.648750	671.2
68.652500	634.3
68.656250	643.4
68.660000	645.4
68.663750	623.6
68.667500	626.4
68.671250	628.9
68.675000	639.8
68.678750	645.0
68.682500	648.1
68.686250	646.8
68.690000	657.8
68.693750	633.5
68.697500	615.6
68.701250	642.5
68.705000	651.4
68.708750	679.3
68.712500	631.7
68.716250	643.0
68.720000	628.6
68.723750	617.6
68.727500	617.2
68.731250	595.7
68.735000	652.3
68.738750	612.9
68.742500	629.1
68.746250	610.8
68.750000	611.2
68.753750	621.0
68.757500	599.1
68.761250	558.5
68.765000	586.2
68.768750	602.6
68.772500	610.0
68.776250	611.3
68.780000	647.7
68.783750	608.7
68.787500	605.1
68.791250	609.2
68.795000	626.6
68.798750	633.4
68.802500	598.0
68.806250	569.9
68.810000	603.6
68.813750	634.8
68.817500	599.0
68.821250	611.9
68.825000	578.2
68.828750	615.2
68.832500	594.2
68.836250	591.2
68.840000	612.3
68.843750	602.2
68.847500	585.8
68.851250	585.5
68.855000	552.5
68.858750	569.2
68.862500	589.9
68.866250	612.7
68.870000	589.3
68.873750	573.9
68.877500	582.7
68.881250	590.3
68.885000	578.9
68.888750	570.0
68.892500	621.7
68.896250	594.5
68.900000	578.1
68.903750	553.2
68.907500	557.3
68.911250	514.8
68.915000	563.5
68.918750	603.3
68.922500	566.6
68.926250	630.3
68.930000	582.6
68.933750	528.8
68.937500	576.9
68.941250	586.4
68.945000	564.9
68.948750	546.1
68.952500	599.2
68.956250	572.1
68.960000	566.2
68.963750	517.0
68.967500	524.0
68.971250	565.6
68.975000	601.4
68.978750	571.3
68.982500	552.2
68.986250	531.7
68.990000	560.6
68.993750	585.0
68.997500	545.4
69.001250	599.1
69.005000	525.5
69.008750	543.6
69.012500	580.0
69.016250	543.8
69.020000	540.2
69.023750	522.5
69.027500	552.7
69.031250	550.4
69.035000	572.7
69.038750	535.4
69.042500	554.6
69.046250	584.6
69.050000	579.1
69.053750	553.5
69.057500	543.1
69.061250	548.9
69.065000	537.8
69.068750	547.5
69.072500	582.8
69.076250	522.4
69.080000	541.7
69.083750	567.4
69.087500	555.3
69.091250	547.6
69.095000	567.6
69.098750	568.1
69.102500	540.0
69.106250	562.0
69.110000	551.6
69.113750	565.7
69.117500	578.2
69.121250	592.5
69.125000	571.8
69.128750	590.2
69.132500	564.1
69.136250	549.3
69.140000	585.5
69.143750	603.2
69.147500	534.4
69.151250	541.2
69.155000	559.1
69.158750	562.0
69.162500	605.7
69.166250	558.3
69.170000	558.7
69.173750	575.8
69.177500	589.7
69.181250	602.4
69.185000	563.2
69.188750	535.8
69.192500	545.9
69.196250	573.9
69.200000	541.7
69.203750	579.7
69.207500	540.9
69.211250	564.0
69.215000	527.3
69.218750	550.7
69.222500	545.6
69.226250	516.3
69.230000	540.4
69.233750	553.9
69.237500	556.0
69.241250	564.0
69.245000	551.5
69.248750	538.4
69.252500	514.8
69.256250	536.9
69.260000	555.9
69.263750	578.9
69.267500	544.7
69.271250	567.4
69.275000	552.2
69.278750	558.6
69.282500	582.6
69.286250	586.4
69.290000	556.6
69.293750	594.3
69.297500	562.5
69.301250	559.4
69.305000	526.9
69.308750	543.2
69.312500	564.6
69.316250	552.1
69.320000	562.3
69.323750	632.0
69.327500	551.6
69.331250	539.1
69.335000	585.1
69.338750	553.0
69.342500	555.1
69.346250	555.2
69.350000	557.2
69.353750	555.4
69.357500	587.9
69.361250	574.5
69.365000	595.9
69.368750	537.2
69.372500	564.8
69.376250	557.2
69.380000	588.7
69.383750	607.7
69.387500	564.9
69.391250	565.4
69.395000	573.6
69.398750	550.6
69.402500	608.1
69.406250	611.0
69.410000	589.4
69.413750	606.3
69.417500	629.2
69.421250	600.9
69.425000	588.7
69.428750	562.2
69.432500	577.9
69.436250	594.2
69.440000	580.1
69.443750	611.8
69.447500	594.2
69.451250	568.0
69.455000	604.8
69.458750	592.3
69.462500	600.7
69.466250	631.7
69.470000	600.8
69.473750	602.0
69.477500	612.2
69.481250	611.2
69.485000	580.6
69.488750	632.2
69.492500	592.4
69.496250	587.7
69.500000	586.2
69.503750	625.1
69.507500	578.0
69.511250	582.3
69.515000	605.8
69.518750	564.1
69.522500	601.8
69.526250	591.5
69.530000	627.8
69.533750	632.3
69.537500	600.0
69.541250	615.5
69.545000	571.9
69.548750	606.3
69.552500	616.6
69.556250	616.1
69.560000	598.5
69.563750	599.2
69.567500	592.4
69.571250	606.0
69.575000	596.6
69.578750	588.1
69.582500	623.1
69.586250	593.1
69.590000	574.6
69.593750	582.2
69.597500	593.7
69.601250	643.5
69.605000	579.2
69.608750	587.7
69.612500	620.8
69.616250	629.6
69.620000	556.2
69.623750	618.2
69.627500	656.7
69.631250	578.2
69.635000	573.1
69.638750	577.2
69.642500	588.9
69.646250	616.5
69.650000	589.5
69.653750	618.9
69.657500	602.8
69.661250	616.0
69.665000	614.7
69.668750	620.9
69.672500	593.2
69.676250	634.4
69.680000	625.7
69.683750	560.3
69.687500	577.6
69.691250	599.7
69.695000	609.3
69.698750	608.9
69.702500	579.3
69.706250	572.2
69.710000	592.4
69.713750	560.9
69.717500	542.0
69.721250	571.4
69.725000	546.2
69.728750	581.1
69.732500	570.1
69.736250	565.4
69.740000	587.3
69.743750	581.9
69.747500	573.6
69.751250	608.8
69.755000	560.2
69.758750	565.1
69.762500	584.0
69.766250	563.9
69.770000	553.8
69.773750	566.9
69.777500	578.5
69.781250	594.4
69.785000	578.1
69.788750	569.7
69.792500	536.3
69.796250	550.2
69.800000	560.6
69.803750	535.8
69.807500	534.6
69.811250	572.2
69.815000	569.9
69.818750	585.5
69.822500	546.4
69.826250	590.3
69.830000	566.5
69.833750	573.8
69.837500	569.0
69.841250	562.4
69.845000	519.1
69.848750	541.2
69.852500	533.2
69.856250	561.6
69.860000	604.5
69.863750	537.7
69.867500	582.6
69.871250	572.1
69.875000	581.7
69.878750	532.1
69.882500	539.2
69.886250	549.4
69.890000	533.8
69.893750	550.6
69.897500	556.4
69.901250	557.7
69.905000	549.5
69.908750	519.8
69.912500	559.2
69.916250	568.9
69.920000	547.6
69.923750	511.3
69.927500	558.7
69.931250	583.4
69.935000	537.1
69.938750	560.3
69.942500	561.1
69.946250	534.6
69.950000	547.0
69.953750	544.6
69.957500	538.1
69.961250	591.2
69.965000	555.8
69.968750	588.9
69.972500	575.4
69.976250	566.3
69.980000	549.2
69.983750	559.6
69.987500	571.6
69.991250	541.8
69.995000	539.0
69.998750	572.6
70.002500	560.4
70.006250	545.1
70.010000	548.6
70.013750	521.6
70.017500	544.9
70.021250	513.8
70.025000	539.3
70.028750	544.4
70.032500	577.2
70.036250	554.4
70.040000	574.2
70.043750	551.9
70.047500	564.3
70.051250	550.5
70.055000	596.3
70.058750	571.6
70.062500	563.1
70.066250	577.0
70.070000	564.5
70.073750	565.0
70.077500	540.2
70.081250	572.7
70.085000	545.0
70.088750	534.0
70.092500	548.2
70.096250	564.3
70.100000	558.1
70.103750	551.1
70.107500	585.9
70.111250	610.3
70.115000	571.9
70.118750	516.4
70.122500	534.6
70.126250	522.6
70.130000	532.2
70.133750	585.3
70.137500	515.5
70.141250	573.9
70.145000	569.2
70.148750	541.6
70.152500	572.1
70.156250	554.4
70.160000	580.6
70.163750	541.9
70.167500	531.4
70.171250	553.2
70.175000	600.9
70.178750	546.0
70.182500	556.4
70.186250	597.4
70.190000	545.0
70.193750	543.5
70.197500	575.1
70.201250	563.1
70.205000	576.5
70.208750	571.4
70.212500	547.6
70.216250	539.9
70.220000	533.4
70.223750	551.3
70.227500	600.4
70.231250	552.0
70.235000	512.6
70.238750	520.7
70.242500	553.6
70.246250	566.5
70.250000	569.6
70.253750	570.8
70.257500	601.0
70.261250	570.9
70.265000	543.1
70.268750	560.6
70.272500	562.8
70.276250	563.0
70.280000	548.7
70.283750	553.0
70.287500	593.0
70.291250	567.3
70.295000	553.1
70.298750	552.0
70.302500	524.7
70.306250	561.3
70.310000	608.3
70.313750	565.4
70.317500	531.9
70.321250	557.8
70.325000	596.8
70.328750	577.8
70.332500	551.2
70.336250	563.2
70.340000	535.2
70.343750	553.0
70.347500	562.7
70.351250	539.2
70.355000	540.1
70.358750	553.5
70.362500	549.4
70.366250	574.2
70.370000	565.5
70.373750	536.4
70.377500	578.8
70.381250	593.9
70.385000	550.4
70.388750	533.5
70.392500	552.4
70.396250	560.1
70.400000	603.4
70.403750	577.0
70.407500	540.0
70.411250	571.0
70.415000	564.6
70.418750	585.8
70.422500	525.6
70.426250	544.7
70.430000	551.3
70.433750	570.8
70.437500	519.1
70.441250	545.0
70.445000	522.2
70.448750	575.7
70.452500	566.1
70.456250	576.0
70.460000	548.5
70.463750	551.6
70.467500	570.1
70.471250	559.7
70.475000	553.4
70.478750	554.5
70.482500	563.9
70.486250	585.1
70.490000	565.8
70.493750	541.7
70.497500	551.1
70.501250	568.2
70.505000	549.9
70.508750	525.2
70.512500	557.4
70.516250	581.2
70.520000	559.4
70.523750	572.9
70.527500	568.3
70.531250	567.1
70.535000	566.5
70.538750	541.4
70.542500	514.7
70.546250	569.3
70.550000	603.1
70.553750	553.3
70.557500	550.3
70.561250	551.2
70.565000	512.3
70.568750	532.2
70.572500	531.6
70.576250	573.6
70.580000	569.2
70.583750	561.1
70.587500	574.2
70.591250	552.0
70.595000	599.7
70.598750	585.8
70.602500	582.1
70.606250	581.5
70.610000	490.1
70.613750	514.5
70.617500	547.3
70.621250	517.7
70.625000	521.8
70.628750	518.5
70.632500	588.3
70.636250	546.6
70.640000	524.0
70.643750	526.9
70.647500	516.8
70.651250	542.8
70.655000	546.1
70.658750	547.8
70.662500	543.9
70.666250	548.1
70.670000	540.2
70.673750	583.9
70.677500	564.8
70.681250	557.4
70.685000	565.7
70.688750	529.3
70.692500	592.5
70.696250	562.8
70.700000	537.5
70.703750	545.0
70.707500	542.6
70.711250	563.3
70.715000	560.0
70.718750	553.6
70.722500	552.2
70.726250	591.0
70.730000	581.7
70.733750	566.0
70.737500	546.2
70.741250	530.9
70.745000	564.2
70.748750	552.3
70.752500	528.6
70.756250	573.4
70.760000	582.0
70.763750	611.5
70.767500	598.4
70.771250	547.7
70.775000	568.9
70.778750	564.9
70.782500	588.5
70.786250	557.2
70.790000	538.2
70.793750	552.1
70.797500	542.1
70.801250	556.7
70.805000	596.4
70.808750	571.1
70.812500	565.0
70.816250	558.0
70.820000	567.5
70.823750	571.2
70.827500	525.6
70.831250	547.4
70.835000	555.3
70.838750	558.4
70.842500	567.0
70.846250	554.1
70.850000	537.6
70.853750	540.1
70.857500	553.2
70.861250	594.6
70.865000	518.9
70.868750	504.0
70.872500	550.1
70.876250	524.5
70.880000	554.9
70.883750	555.1
70.887500	521.2
70.891250	567.9
70.895000	552.1
70.898750	560.3
70.902500	522.7
70.906250	529.6
70.910000	546.9
70.913750	591.3
70.917500	581.1
70.921250	557.2
70.925000	578.1
70.928750	556.9
70.932500	542.7
70.936250	561.7
70.940000	571.6
70.943750	567.2
70.947500	598.2
70.951250	562.1
70.955000	550.5
70.958750	559.2
70.962500	557.5
70.966250	554.6
70.970000	553.4
70.973750	605.8
70.977500	598.7
70.981250	540.2
70.985000	603.5
70.988750	611.9
70.992500	646.0
70.996250	612.5
71.000000	568.7
71.003750	597.9
71.007500	583.9
71.011250	631.9
71.015000	614.3
71.018750	577.9
71.022500	607.1
71.026250	578.5
71.030000	590.2
71.033750	640.0
71.037500	539.7
71.041250	574.0
71.045000	604.9
71.048750	594.5
71.052500	596.8
71.056250	610.8
71.060000	651.7
71.063750	620.3
71.067500	623.8
71.071250	644.9
71.075000	606.4
71.078750	581.5
71.082500	565.4
71.086250	608.8
71.090000	576.9
71.093750	573.8
71.097500	586.9
71.101250	589.6
71.105000	618.8
71.108750	593.3
71.112500	604.0
71.116250	636.5
71.120000	602.3
71.123750	564.7
71.127500	556.1
71.131250	600.3
71.135000	622.1
71.138750	650.4
71.142500	654.4
71.146250	620.6
71.150000	644.8
71.153750	640.3
71.157500	646.8
71.161250	687.4
71.165000	676.8
71.168750	624.9
71.172500	613.2
71.176250	666.5
71.180000	681.7
71.183750	648.1
71.187500	635.8
71.191250	697.8
71.195000	663.2
71.198750	674.6
71.202500	680.1
71.206250	642.9
71.210000	609.4
71.213750	661.9
71.217500	702.8
71.221250	648.7
71.225000	649.4
71.228750	596.7
71.232500	651.5
71.236250	656.8
71.240000	621.5
71.243750	680.9
71.247500	675.7
71.251250	678.1
71.255000	642.7
71.258750	579.2
71.262500	573.0
71.266250	594.3
71.270000	604.8
71.273750	654.3
71.277500	620.4
71.281250	597.7
71.285000	623.8
71.288750	599.4
71.292500	562.2
71.296250	611.2
71.300000	590.7
71.303750	534.1
71.307500	613.0
71.311250	547.6
71.315000	575.3
71.318750	593.5
71.322500	554.5
71.326250	564.6
71.330000	610.4
71.333750	584.2
71.337500	555.8
71.341250	563.2
71.345000	588.7
71.348750	592.6
71.352500	567.8
71.356250	582.3
71.360000	560.5
71.363750	529.2
71.367500	514.1
71.371250	574.1
71.375000	564.1
71.378750	566.3
71.382500	550.1
71.386250	524.6
71.390000	499.1
71.393750	549.8
71.397500	561.1
71.401250	559.0
71.405000	544.7
71.408750	568.6
71.412500	594.2
71.416250	570.7
71.420000	579.8
71.423750	570.0
71.427500	567.9
71.431250	553.5
71.435000	552.9
71.438750	534.9
71.442500	570.6
71.446250	562.8
71.450000	575.9
71.453750	585.6
71.457500	562.6
71.461250	576.4
71.465000	529.5
71.468750	535.5
71.472500	605.4
71.476250	564.0
71.480000	555.2
71.483750	575.4
71.487500	574.5
71.491250	563.2
71.495000	573.9
71.498750	499.4
71.502500	541.1
71.506250	608.4
71.510000	583.4
71.513750	558.9
71.517500	556.5
71.521250	605.5
71.525000	553.6
71.528750	585.0
71.532500	570.4
71.536250	591.1
71.540000	571.0
71.543750	539.2
71.547500	510.5
71.551250	539.6
71.555000	578.2
71.558750	551.8
71.562500	575.0
71.566250	618.0
71.570000	532.8
71.573750	509.5
71.577500	553.2
71.581250	567.0
71.585000	567.1
71.588750	555.9
71.592500	562.2
71.596250	581.6
71.600000	600.9
71.603750	572.4
71.607500	588.6
71.611250	574.6
71.615000	595.5
71.618750	558.1
71.622500	561.0
71.626250	573.4
71.630000	544.8
71.633750	582.0
71.637500	579.9
71.641250	529.9
71.645000	551.6
71.648750	557.4
71.652500	588.9
71.656250	570.6
71.660000	593.3
71.663750	570.8
71.667500	557.0
71.671250	598.8
71.675000	568.3
71.678750	566.7
71.682500	611.0
71.686250	574.1
71.690000	580.1
71.693750	573.2
71.697500	554.8
71.701250	565.3
71.705000	562.7
71.708750	556.1
71.712500	531.1
71.716250	540.1
71.720000	549.6
71.723750	546.2
71.727500	514.3
71.731250	576.9
71.735000	570.7
71.738750	556.2
71.742500	560.7
71.746250	552.1
71.750000	571.0
71.753750	563.1
71.757500	549.0
71.761250	561.6
71.765000	575.6
71.768750	583.0
71.772500	535.2
71.776250	567.3
71.780000	533.1
71.783750	554.1
71.787500	584.3
71.791250	555.7
71.795000	558.3
71.798750	554.5
71.802500	533.2
71.806250	595.9
71.810000	567.0
71.813750	582.8
71.817500	554.9
71.821250	540.7
71.825000	555.7
71.828750	578.8
71.832500	549.0
71.836250	581.0
71.840000	540.4
71.843750	563.4
71.847500	591.5
71.851250	534.0
71.855000	560.5
71.858750	577.9
71.862500	587.0
71.866250	535.8
71.870000	592.0
71.873750	611.9
71.877500	570.6
71.881250	573.9
71.885000	573.3
71.888750	578.4
71.892500	583.7
71.896250	598.3
71.900000	572.2
71.903750	623.2
71.907500	591.5
71.911250	564.5
71.915000	566.4
71.918750	596.5
71.922500	588.4
71.926250	611.9
71.930000	534.7
71.933750	597.8
71.937500	594.3
71.941250	598.3
71.945000	559.0
71.948750	582.0
71.952500	588.9
71.956250	586.9
71.960000	623.0
71.963750	586.3
71.967500	562.0
71.971250	580.3
71.975000	586.7
71.978750	612.2
71.982500	586.3
71.986250	595.4
71.990000	600.0
71.993750	555.8
71.997500	568.2
72.001250	586.4
72.005000	589.1
72.008750	588.5
72.012500	576.2
72.016250	561.2
72.020000	579.6
72.023750	567.4
72.027500	578.7
72.031250	535.7
72.035000	558.3
72.038750	592.6
72.042500	579.8
72.046250	555.4
72.050000	588.0
72.053750	577.9
72.057500	545.9
72.061250	568.2
72.065000	598.0
72.068750	546.1
72.072500	591.5
72.076250	546.0
72.080000	606.2
72.083750	552.5
72.087500	580.1
72.091250	593.9
72.095000	573.0
72.098750	578.7
72.102500	558.3
72.106250	558.9
72.110000	572.2
72.113750	604.0
72.117500	609.6
72.121250	556.0
72.125000	566.2
72.128750	548.5
72.132500	587.1
72.136250	581.1
72.140000	566.5
72.143750	527.0
72.147500	566.2
72.151250	559.4
72.155000	592.1
72.158750	527.0
72.162500	575.9
72.166250	587.7
72.170000	559.0
72.173750	565.8
72.177500	559.6
72.181250	562.6
72.185000	535.4
72.188750	572.0
72.192500	590.2
72.196250	547.0
72.200000	543.4
72.203750	552.4
72.207500	497.8
72.211250	556.2
72.215000	575.7
72.218750	567.0
72.222500	581.1
72.226250	528.0
72.230000	509.0
72.233750	568.5
72.237500	598.1
72.241250	549.3
72.245000	556.4
72.248750	581.1
72.252500	587.9
72.256250	583.8
72.260000	596.1
72.263750	580.1
72.267500	569.7
72.271250	530.8
72.275000	496.8
72.278750	544.3
72.282500	557.2
72.286250	560.6
72.290000	570.7
72.293750	549.9
72.297500	534.8
72.301250	555.6
72.305000	560.3
72.308750	558.7
72.312500	548.3
72.316250	547.0
72.320000	566.0
72.323750	566.1
72.327500	596.3
72.331250	558.8
72.335000	564.3
72.338750	588.9
72.342500	532.6
72.346250	540.4
72.350000	539.4
72.353750	548.7
72.357500	572.3
72.361250	616.5
72.365000	593.0
72.368750	555.4
72.372500	556.2
72.376250	578.1
72.380000	554.2
72.383750	570.7
72.387500	540.3
72.391250	535.3
72.395000	524.8
72.398750	551.2
72.402500	515.6
72.406250	570.5
72.410000	568.8
72.413750	552.2
72.417500	549.7
72.421250	522.2
72.425000	560.8
72.428750	574.4
72.432500	551.5
72.436250	568.5
72.440000	560.2
72.443750	563.2
72.447500	562.0
72.451250	558.1
72.455000	577.5
72.458750	586.6
72.462500	587.2
72.466250	576.7
72.470000	543.5
72.473750	506.1
72.477500	568.4
72.481250	597.2
72.485000	562.9
72.488750	541.5
72.492500	564.5
72.496250	554.9
72.500000	558.0
72.503750	558.0
72.507500	531.6
72.511250	576.2
72.515000	593.1
72.518750	556.3
72.522500	562.0
72.526250	577.1
72.530000	590.1
72.533750	586.3
72.537500	558.3
72.541250	602.2
72.545000	586.3
72.548750	585.1
72.552500	606.4
72.556250	594.0
72.560000	565.4
72.563750	550.3
72.567500	588.7
72.571250	624.1
72.575000	614.5
72.578750	625.4
72.582500	623.9
72.586250	586.4
72.590000	607.0
72.593750	597.9
72.597500	598.3
72.601250	629.9
72.605000	612.4
72.608750	587.8
72.612500	565.7
72.616250	616.0
72.620000	602.6
72.623750	568.0
72.627500	601.0
72.631250	610.0
72.635000	600.4
72.638750	625.7
72.642500	607.9
72.646250	621.2
72.650000	640.2
72.653750	614.6
72.657500	589.8
72.661250	585.6
72.665000	579.6
72.668750	576.1
72.672500	613.4
72.676250	619.7
72.680000	649.2
72.683750	610.6
72.687500	609.7
72.691250	628.9
72.695000	627.7
72.698750	640.7
72.702500	663.0
72.706250	641.2
72.710000	633.9
72.713750	642.2
72.717500	625.9
72.721250	594.1
72.725000	593.3
72.728750	637.5
72.732500	632.5
72.736250	663.3
72.740000	602.6
72.743750	621.3
72.747500	632.1
72.751250	630.5
72.755000	633.4
72.758750	622.1
72.762500	625.9
72.766250	668.8
72.770000	650.7
72.773750	682.1
72.777500	598.0
72.781250	600.4
72.785000	643.7
72.788750	639.7
72.792500	633.0
72.796250	650.7
72.800000	646.7
72.803750	612.1
72.807500	599.5
72.811250	640.9
72.815000	618.0
72.818750	628.5
72.822500	626.7
72.826250	621.7
72.830000	640.2
72.833750	646.7
72.837500	586.6
72.841250	595.0
72.845000	639.3
72.848750	593.3
72.852500	633.6
72.856250	617.8
72.860000	627.0
72.863750	621.3
72.867500	582.3
72.871250	574.2
72.875000	609.1
72.878750	571.7
72.882500	567.5
72.886250	609.0
72.890000	590.5
72.893750	625.6
72.897500	632.8
72.901250	589.0
72.905000	612.5
72.908750	627.6
72.912500	599.6
72.916250	611.1
72.920000	631.0
72.923750	608.9
72.927500	597.1
72.931250	577.1
72.935000	607.6
72.938750	615.6
72.942500	673.7
72.946250	629.7
72.950000	624.7
72.953750	607.4
72.957500	582.0
72.961250	660.0
72.965000	616.0
72.968750	604.2
72.972500	598.1
72.976250	651.5
72.980000	637.4
72.983750	581.3
72.987500	623.0
72.991250	621.4
72.995000	630.3
72.998750	582.8
73.002500	572.3
73.006250	645.4
73.010000	663.3
73.013750	641.4
73.017500	575.5
73.021250	648.0
73.025000	654.5
73.028750	644.2
73.032500	605.7
73.036250	603.6
73.040000	638.1
73.043750	606.1
73.047500	615.4
73.051250	608.5
73.055000	662.4
73.058750	632.2
73.062500	645.2
73.066250	615.0
73.070000	612.1
73.073750	670.2
73.077500	629.9
73.081250	640.3
73.085000	594.3
73.088750	589.9
73.092500	615.4
73.096250	658.8
73.100000	604.4
73.103750	645.0
73.107500	595.9
73.111250	635.2
73.115000	626.9
73.118750	608.3
73.122500	652.4
73.126250	625.2
73.130000	659.5
73.133750	585.7
73.137500	603.2
73.141250	605.4
73.145000	671.2
73.148750	652.4
73.152500	619.7
73.156250	616.3
73.160000	614.1
73.163750	629.8
73.167500	618.2
73.171250	636.7
73.175000	629.7
73.178750	644.3
73.182500	624.6
73.186250	631.3
73.190000	634.0
73.193750	617.3
73.197500	615.3
73.201250	647.7
73.205000	625.2
73.208750	606.1
73.212500	618.2
73.216250	602.1
73.220000	597.6
73.223750	578.8
73.227500	635.0
73.231250	595.5
73.235000	567.3
73.238750	650.2
73.242500	584.3
73.246250	611.6
73.250000	597.8
73.253750	620.6
73.257500	654.5
73.261250	590.2
73.265000	595.9
73.268750	623.6
73.272500	614.6
73.276250	594.6
73.280000	609.7
73.283750	651.7
73.287500	636.0
73.291250	601.7
73.295000	610.1
73.298750	610.0
73.302500	592.5
73.306250	656.3
73.310000	641.6
73.313750	644.5
73.317500	603.1
73.321250	616.2
73.325000	608.9
73.328750	605.7
73.332500	592.6
73.336250	585.7
73.340000	576.9
73.343750	557.8
73.347500	642.1
73.351250	622.5
73.355000	564.8
73.358750	625.7
73.362500	612.5
73.366250	620.2
73.370000	613.6
73.373750	611.5
73.377500	588.2
73.381250	618.5
73.385000	594.2
73.388750	616.6
73.392500	624.5
73.396250	617.8
73.400000	625.8
73.403750	623.7
73.407500	571.7
73.411250	628.1
73.415000	610.9
73.418750	603.9
73.422500	594.4
73.426250	585.5
73.430000	549.7
73.433750	618.0
73.437500	598.8
73.441250	575.7
73.445000	549.8
73.448750	625.4
73.452500	544.2
73.456250	631.9
73.460000	594.5
73.463750	576.8
73.467500	598.6
73.471250	609.2
73.475000	604.9
73.478750	591.2
73.482500	626.3
73.486250	582.5
73.490000	644.6
73.493750	608.0
73.497500	578.4
73.501250	584.5
73.505000	596.0
73.508750	563.3
73.512500	603.6
73.516250	576.5
73.520000	567.8
73.523750	598.7
73.527500	551.6
73.531250	543.1
73.535000	566.3
73.538750	634.1
73.542500	625.3
73.546250	580.0
73.550000	558.1
73.553750	580.4
73.557500	568.8
73.561250	592.1
73.565000	555.2
73.568750	593.9
73.572500	586.7
73.576250	568.3
73.580000	571.0
73.583750	562.7
73.587500	582.1
73.591250	575.3
73.595000	580.1
73.598750	561.7
73.602500	575.7
73.606250	556.0
73.610000	580.7
73.613750	582.1
73.617500	540.7
73.621250	585.5
73.625000	577.4
73.628750	576.9
73.632500	567.8
73.636250	580.4
73.640000	568.0
73.643750	596.4
73.647500	602.3
73.651250	496.5
73.655000	558.7
73.658750	596.2
73.662500	582.2
73.666250	556.0
73.670000	542.7
73.673750	588.7
73.677500	599.0
73.681250	594.1
73.685000	601.7
73.688750	617.8
73.692500	577.9
73.696250	586.7
73.700000	559.3
73.703750	572.0
73.707500	595.3
73.711250	551.8
73.715000	599.1
73.718750	562.9
73.722500	531.1
73.726250	537.7
73.730000	588.8
73.733750	566.4
73.737500	538.5
73.741250	573.7
73.745000	577.7
73.748750	563.9
73.752500	562.8
73.756250	552.7
73.760000	566.1
73.763750	544.7
73.767500	558.4
73.771250	567.4
73.775000	560.6
73.778750	555.6
73.782500	540.8
73.786250	546.3
73.790000	578.2
73.793750	574.4
73.797500	600.7
73.801250	533.7
73.805000	594.0
73.808750	576.7
73.812500	549.4
73.816250	585.2
73.820000	539.2
73.823750	527.9
73.827500	539.7
73.831250	548.0
73.835000	536.0
73.838750	570.5
73.842500	557.1
73.846250	554.8
73.850000	549.9
73.853750	563.3
73.857500	552.6
73.861250	585.1
73.865000	548.7
73.868750	562.9
73.872500	593.2
73.876250	607.0
73.880000	578.4
73.883750	558.2
73.887500	580.3
73.891250	574.3
73.895000	582.8
73.898750	571.1
73.902500	552.6
73.906250	570.4
73.910000	557.7
73.913750	512.3
73.917500	553.4
73.921250	588.4
73.925000	578.1
73.928750	581.8
73.932500	552.7
73.936250	560.8
73.940000	607.8
73.943750	604.1
73.947500	592.9
73.951250	556.5
73.955000	594.1
73.958750	612.8
73.962500	568.9
73.966250	606.6
73.970000	623.8
73.973750	568.1
73.977500	588.2
73.981250	586.3
73.985000	560.8
73.988750	548.7
73.992500	627.3
73.996250	560.0
74.000000	599.3
74.003750	602.0
74.007500	581.1
74.011250	546.7
74.015000	552.1
74.018750	575.5
74.022500	543.1
74.026250	604.1
74.030000	610.1
74.033750	603.9
74.037500	555.5
74.041250	593.1
74.045000	610.9
74.048750	603.4
74.052500	604.4
74.056250	553.0
74.060000	557.3
74.063750	591.7
74.067500	582.2
74.071250	616.1
74.075000	564.7
74.078750	570.2
74.082500	614.6
74.086250	598.7
74.090000	611.3
74.093750	600.2
74.097500	670.4
74.101250	582.3
74.105000	566.9
74.108750	584.3
74.112500	619.9
74.116250	638.1
74.120000	626.9
74.123750	601.6
74.127500	605.3
74.131250	680.6
74.135000	634.9
74.138750	591.2
74.142500	642.6
74.146250	645.5
74.150000	616.3
74.153750	627.9
74.157500	612.8
74.161250	596.2
74.165000	550.5
74.168750	603.1
74.172500	645.5
74.176250	590.3
74.180000	585.5
74.183750	614.8
74.187500	541.5
74.191250	560.7
74.195000	596.4
74.198750	593.1
74.202500	594.0
74.206250	608.1
74.210000	559.5
74.213750	620.1
74.217500	600.1
74.221250	595.2
74.225000	575.5
74.228750	568.2
74.232500	633.7
74.236250	580.9
74.240000	580.8
74.243750	611.3
74.247500	575.1
74.251250	594.2
74.255000	534.6
74.258750	559.1
74.262500	563.8
74.266250	556.5
74.270000	630.9
74.273750	560.5
74.277500	608.7
74.281250	564.8
74.285000	562.0
74.288750	545.1
74.292500	560.2
74.296250	562.7
74.300000	594.9
74.303750	566.4
74.307500	568.3
74.311250	628.3
74.315000	582.5
74.318750	542.2
74.322500	555.4
74.326250	588.2
74.330000	572.5
74.333750	568.6
74.337500	572.9
74.341250	598.7
74.345000	631.1
74.348750	610.8
74.352500	561.1
74.356250	535.7
74.360000	565.4
74.363750	594.6
74.367500	542.1
74.371250	633.0
74.375000	618.8
74.378750	604.0
74.382500	598.3
74.386250	608.2
74.390000	593.6
74.393750	592.0
74.397500	597.5
74.401250	552.6
74.405000	549.2
74.408750	583.3
74.412500	594.8
74.416250	545.9
74.420000	584.4
74.423750	594.4
74.427500	546.9
74.431250	580.8
74.435000	621.7
74.438750	590.5
74.442500	567.3
74.446250	598.1
74.450000	595.3
74.453750	554.6
74.457500	602.6
74.461250	591.7
74.465000	539.1
74.468750	580.3
74.472500	564.6
74.476250	520.1
74.480000	591.9
74.483750	601.1
74.487500	595.8
74.491250	569.6
74.495000	599.6
74.498750	626.4
74.502500	566.0
74.506250	598.2
74.510000	569.4
74.513750	590.3
74.517500	581.7
74.521250	586.4
74.525000	566.1
74.528750	613.8
74.532500	624.1
74.536250	593.4
74.540000	623.6
74.543750	606.6
74.547500	591.5
74.551250	594.7
74.555000	611.2
74.558750	618.4
74.562500	638.7
74.566250	581.9
74.570000	587.6
74.573750	628.9
74.577500	596.4
74.581250	584.7
74.585000	620.4
74.588750	632.8
74.592500	601.9
74.596250	600.9
74.600000	615.6
74.603750	611.7
74.607500	619.1
74.611250	577.4
74.615000	606.0
74.618750	602.0
74.622500	599.0
74.626250	587.9
74.630000	549.0
74.633750	602.4
74.637500	617.5
74.641250	558.5
74.645000	556.7
74.648750	559.2
74.652500	575.8
74.656250	517.7
74.660000	552.4
74.663750	600.5
74.667500	588.4
74.671250	571.7
74.675000	532.2
74.678750	569.5
74.682500	615.0
74.686250	572.0
74.690000	575.4
74.693750	582.7
74.697500	603.9
74.701250	552.9
74.705000	534.4
74.708750	545.3
74.712500	605.6
74.716250	586.3
74.720000	607.6
74.723750	555.0
74.727500	565.9
74.731250	538.2
74.735000	583.1
74.738750	592.7
74.742500	577.9
74.746250	583.3
74.750000	589.6
74.753750	600.6
74.757500	514.1
74.761250	548.1
74.765000	623.8
74.768750	568.2
74.772500	582.5
74.776250	572.5
74.780000	561.6
74.783750	510.9
74.787500	558.2
74.791250	549.4
74.795000	552.2
74.798750	562.5
74.802500	537.5
74.806250	573.0
74.810000	560.0
74.813750	557.8
74.817500	534.7
74.821250	539.9
74.825000	538.0
74.828750	535.2
74.832500	550.6
74.836250	510.1
74.840000	555.3
74.843750	544.7
74.847500	595.9
74.851250	561.6
74.855000	608.9
74.858750	594.0
74.862500	547.6
74.866250	550.3
74.870000	578.4
74.873750	561.4
74.877500	573.1
74.881250	596.6
74.885000	602.5
74.888750	544.7
74.892500	548.5
74.896250	600.5
74.900000	580.0
74.903750	529.0
74.907500	570.3
74.911250	536.3
74.915000	534.2
74.918750	562.8
74.922500	616.0
74.926250	579.7
74.930000	572.5
74.933750	629.4
74.937500	632.5
74.941250	600.9
74.945000	566.4
74.948750	568.8
74.952500	610.6
74.956250	563.1
74.960000	599.5
74.963750	636.5
74.967500	628.8
74.971250	589.6
74.975000	555.1
74.978750	582.4
74.982500	576.8
74.986250	570.1
74.990000	580.8
74.993750	577.6
74.997500	573.7
75.001250	606.9
75.005000	589.0
75.008750	583.2
75.012500	601.6
75.016250	579.9
75.020000	609.6
75.023750	589.7
75.027500	593.6
75.031250	566.5
75.035000	583.9
75.038750	620.9
75.042500	581.3
75.046250	589.6
75.050000	588.6
75.053750	608.9
75.057500	576.6
75.061250	594.0
75.065000	618.3
75.068750	603.8
75.072500	611.3
75.076250	588.0
75.080000	616.7
75.083750	614.2
75.087500	604.0
75.091250	608.2
75.095000	622.1
75.098750	637.5
75.102500	649.2
75.106250	597.4
75.110000	620.9
75.113750	611.7
75.117500	582.2
75.121250	636.7
75.125000	623.0
75.128750	607.6
75.132500	579.4
75.136250	603.3
75.140000	611.0
75.143750	604.4
75.147500	601.5
75.151250	594.5
75.155000	606.1
75.158750	628.3
75.162500	602.4
75.166250	636.3
75.170000	647.2
75.173750	624.3
75.177500	617.7
75.181250	607.6
75.185000	612.4
75.188750	648.8
75.192500	617.4
75.196250	622.3
75.200000	620.0
75.203750	631.6
75.207500	619.1
75.211250	596.4
75.215000	612.9
75.218750	606.4
75.222500	616.3
75.226250	636.6
75.230000	651.7
75.233750	612.5
75.237500	656.3
75.241250	620.2
75.245000	634.2
75.248750	656.1
75.252500	646.5
75.256250	608.5
75.260000	685.0
75.263750	613.0
75.267500	640.5
75.271250	688.0
75.275000	681.9
75.278750	697.6
75.282500	676.2
75.286250	684.7
75.290000	763.0
75.293750	767.2
75.297500	796.5
75.301250	812.2
75.305000	814.1
75.308750	873.3
75.312500	806.3
75.316250	899.4
75.320000	921.6
75.323750	930.2
75.327500	968.9
75.331250	942.0
75.335000	923.3
75.338750	925.1
75.342500	930.7
75.346250	969.9
75.350000	949.9
75.353750	944.9
75.357500	930.9
75.361250	912.7
75.365000	895.3
75.368750	842.2
75.372500	783.1
75.376250	814.3
75.380000	744.1
75.383750	780.2
75.387500	731.2
75.391250	763.2
75.395000	711.3
75.398750	658.1
75.402500	668.8
75.406250	676.5
75.410000	652.0
75.413750	689.9
75.417500	693.7
75.421250	654.7
75.425000	650.9
75.428750	600.8
75.432500	667.6
75.436250	650.7
75.440000	627.7
75.443750	603.3
75.447500	626.3
75.451250	634.6
75.455000	617.7
75.458750	650.4
75.462500	561.6
75.466250	576.8
75.470000	592.2
75.473750	625.3
75.477500	621.5
75.481250	639.3
75.485000	621.5
75.488750	618.3
75.492500	630.5
75.496250	605.4
75.500000	597.2
75.503750	601.2
75.507500	583.7
75.511250	620.6
75.515000	682.1
75.518750	614.0
75.522500	606.7
75.526250	631.7
75.530000	615.5
75.533750	591.6
75.537500	606.5
75.541250	597.5
75.545000	602.2
75.548750	661.6
75.552500	628.8
75.556250	541.8
75.560000	609.7
75.563750	581.1
75.567500	575.2
75.571250	605.1
75.575000	579.3
75.578750	536.5
75.582500	563.9
75.586250	615.1
75.590000	608.0
75.593750	616.8
75.597500	620.8
75.601250	634.3
75.605000	529.5
75.608750	587.4
75.612500	649.8
75.616250	595.0
75.620000	572.3
75.623750	554.8
75.627500	559.5
75.631250	617.7
75.635000	549.7
75.638750	571.2
75.642500	608.8
75.646250	537.1
75.650000	518.6
75.653750	543.9
75.657500	628.3
75.661250	612.4
75.665000	546.0
75.668750	649.0
75.672500	601.0
75.676250	583.9
75.680000	559.2
75.683750	609.5
75.687500	508.7
75.691250	555.5
75.695000	528.3
75.698750	555.6
75.702500	529.7
75.706250	517.2
75.710000	607.5
75.713750	612.8
75.717500	576.5
75.721250	577.9
75.725000	530.9
75.728750	574.5
75.732500	592.7
75.736250	553.2
75.740000	572.0
75.743750	583.9
75.747500	599.1
75.751250	597.2
75.755000	581.7
75.758750	547.0
75.762500	574.4
75.766250	614.9
75.770000	530.0
75.773750	580.4
75.777500	606.0
75.781250	562.3
75.785000	628.8
75.788750	624.9
75.792500	568.8
75.796250	529.0
75.800000	590.7
75.803750	619.7
75.807500	601.7
75.811250	624.3
75.815000	572.2
75.818750	569.3
75.822500	587.6
75.826250	575.8
75.830000	580.6
75.833750	565.9
75.837500	556.1
75.841250	569.1
75.845000	575.5
75.848750	590.9
75.852500	614.9
75.856250	553.1
75.860000	562.2
75.863750	588.0
75.867500	560.3
75.871250	580.8
75.875000	574.7
75.878750	602.2
75.882500	570.3
75.886250	512.4
75.890000	519.9
75.893750	567.0
75.897500	583.1
75.901250	599.3
75.905000	601.2
75.908750	579.2
75.912500	562.8
75.916250	602.6
75.920000	545.8
75.923750	609.0
75.927500	556.9
75.931250	526.4
75.935000	557.2
75.938750	546.0
75.942500	564.8
75.946250	579.3
75.950000	574.6
75.953750	566.9
75.957500	565.5
75.961250	574.1
75.965000	544.9
75.968750	571.1
75.972500	566.5
75.976250	553.7
75.980000	586.3
75.983750	564.2
75.987500	581.6
75.991250	524.6
75.995000	654.3
75.998750	572.0
76.002500	540.4
76.006250	622.0
76.010000	607.2
76.013750	547.2
76.017500	593.8
76.021250	538.2
76.025000	550.4
76.028750	562.8
76.032500	606.2
76.036250	609.4
76.040000	567.3
76.043750	563.2
76.047500	582.6
76.051250	642.3
76.055000	622.9
76.058750	603.1
76.062500	615.1
76.066250	649.4
76.070000	587.9
76.073750	602.9
76.077500	626.8
76.081250	610.4
76.085000	638.4
76.088750	608.5
76.092500	622.0
76.096250	663.1
76.100000	605.9
76.103750	570.2
76.107500	581.3
76.111250	554.4
76.115000	650.0
76.118750	625.1
76.122500	582.8
76.126250	579.2
76.130000	595.8
76.133750	641.6
76.137500	604.1
76.141250	630.1
76.145000	522.8
76.148750	565.2
76.152500	609.8
76.156250	590.8
76.160000	610.9
76.163750	600.4
76.167500	598.4
76.171250	585.2
76.175000	619.5
76.178750	650.1
76.182500	567.0
76.186250	530.8
76.190000	563.9
76.193750	619.2
76.197500	562.6
76.201250	570.6
76.205000	560.4
76.208750	585.9
76.212500	570.4
76.216250	586.5
76.220000	592.2
76.223750	552.1
76.227500	571.5
76.231250	600.4
76.235000	576.5
76.238750	613.4
76.242500	625.9
76.246250	584.8
76.250000	581.0
76.253750	616.1
76.257500	574.9
76.261250	583.5
76.265000	584.6
76.268750	540.9
76.272500	590.7
76.276250	569.5
76.280000	604.0
76.283750	613.3
76.287500	561.8
76.291250	614.9
76.295000	627.9
76.298750	588.2
76.302500	583.4
76.306250	574.4
76.310000	561.0
76.313750	606.8
76.317500	593.6
76.321250	600.7
76.325000	609.3
76.328750	574.5
76.332500	570.7
76.336250	574.8
76.340000	551.4
76.343750	556.1
76.347500	554.3
76.351250	584.4
76.355000	554.0
76.358750	572.0
76.362500	561.9
76.366250	565.3
76.370000	544.1
76.373750	574.7
76.377500	585.5
76.381250	561.6
76.385000	550.8
76.388750	546.0
76.392500	571.5
76.396250	563.8
76.400000	546.6
76.403750	508.2
76.407500	546.3
76.411250	544.5
76.415000	546.5
76.418750	600.1
76.422500	567.3
76.426250	551.9
76.430000	560.3
76.433750	556.5
76.437500	557.4
76.441250	543.1
76.445000	517.4
76.448750	526.0
76.452500	538.3
76.456250	557.1
76.460000	593.3
76.463750	529.3
76.467500	553.5
76.471250	535.9
76.475000	568.6
76.478750	556.7
76.482500	534.0
76.486250	586.2
76.490000	529.4
76.493750	549.4
76.497500	560.9
76.501250	551.5
76.505000	542.1
76.508750	552.5
76.512500	539.7
76.516250	542.2
76.520000	554.2
76.523750	562.1
76.527500	562.8
76.531250	571.8
76.535000	570.1
76.538750	521.0
76.542500	540.5
76.546250	526.7
76.550000	523.5
76.553750	569.1
76.557500	575.6
76.561250	522.8
76.565000	550.4
76.568750	576.7
76.572500	573.9
76.576250	518.4
76.580000	503.7
76.583750	546.5
76.587500	542.2
76.591250	559.2
76.595000	539.6
76.598750	561.4
76.602500	579.3
76.606250	585.3
76.610000	547.5
76.613750	547.9
76.617500	533.6
76.621250	559.3
76.625000	578.6
76.628750	535.6
76.632500	545.2
76.636250	548.8
76.640000	595.5
76.643750	595.7
76.647500	538.6
76.651250	541.9
76.655000	554.1
76.658750	534.9
76.662500	536.4
76.666250	544.3
76.670000	545.8
76.673750	565.8
76.677500	556.4
76.681250	561.4
76.685000	572.3
76.688750	523.6
76.692500	559.7
76.696250	543.3
76.700000	561.9
76.703750	536.6
76.707500	565.7
76.711250	542.9
76.715000	564.4
76.718750	601.1
76.722500	580.7
76.726250	553.1
76.730000	616.1
76.733750	569.5
76.737500	589.3
76.741250	578.9
76.745000	612.2
76.748750	604.1
76.752500	578.0
76.756250	572.1
76.760000	552.8
76.763750	561.0
76.767500	567.1
76.771250	555.0
76.775000	588.7
76.778750	568.7
76.782500	625.8
76.786250	589.7
76.790000	604.8
76.793750	607.0
76.797500	570.4
76.801250	581.9
76.805000	565.6
76.808750	611.9
76.812500	604.8
76.816250	596.3
76.820000	558.1
76.823750	571.5
76.827500	605.6
76.831250	567.0
76.835000	555.5
76.838750	574.4
76.842500	587.3
76.846250	600.6
76.850000	562.6
76.853750	566.8
76.857500	558.5
76.861250	569.3
76.865000	607.9
76.868750	609.3
76.872500	593.1
76.876250	561.6
76.880000	588.3
76.883750	564.4
76.887500	608.6
76.891250	575.3
76.895000	596.8
76.898750	577.7
76.902500	571.8
76.906250	611.0
76.910000	589.8
76.913750	581.9
76.917500	612.1
76.921250	600.6
76.925000	605.7
76.928750	604.4
76.932500	591.9
76.936250	548.1
76.940000	573.7
76.943750	601.1
76.947500	563.8
76.951250	578.3
76.955000	579.0
76.958750	629.2
76.962500	598.4
76.966250	592.4
76.970000	587.7
76.973750	611.2
76.977500	588.9
76.981250	555.0
76.985000	583.0
76.988750	553.7
76.992500	584.6
76.996250	572.3
77.000000	547.5
77.003750	578.7
77.007500	540.8
77.011250	569.3
77.015000	586.6
77.018750	602.4
77.022500	621.9
77.026250	568.6
77.030000	548.3
77.033750	597.4
77.037500	569.1
77.041250	563.6
77.045000	561.1
77.048750	557.2
77.052500	577.5
77.056250	583.6
77.060000	528.8
77.063750	573.4
77.067500	565.6
77.071250	577.1
77.075000	555.9
77.078750	546.8
77.082500	570.1
77.086250	621.4
77.090000	631.2
77.093750	591.1
77.097500	612.7
77.101250	549.7
77.105000	599.0
77.108750	587.5
77.112500	625.8
77.116250	637.8
77.120000	613.9
77.123750	604.4
77.127500	583.3
77.131250	542.0
77.135000	597.2
77.138750	630.2
77.142500	591.9
77.146250	575.3
77.150000	604.4
77.153750	607.5
77.157500	576.7
77.161250	616.8
77.165000	582.8
77.168750	621.1
77.172500	667.9
77.176250	644.5
77.180000	642.2
77.183750	602.9
77.187500	612.7
77.191250	613.7
77.195000	599.7
77.198750	600.4
77.202500	630.9
77.206250	639.2
77.210000	637.2
77.213750	586.3
77.217500	615.2
77.221250	646.7
77.225000	597.9
77.228750	614.6
77.232500	617.6
77.236250	575.3
77.240000	609.0
77.243750	612.2
77.247500	608.0
77.251250	571.3
77.255000	597.4
77.258750	619.2
77.262500	602.7
77.266250	567.6
77.270000	587.3
77.273750	593.7
77.277500	640.1
77.281250	579.2
77.285000	584.3
77.288750	594.8
77.292500	628.7
77.296250	564.4
77.300000	634.3
77.303750	599.9
77.307500	577.4
77.311250	612.5
77.315000	577.1
77.318750	619.4
77.322500	576.4
77.326250	615.8
77.330000	590.7
77.333750	582.9
77.337500	542.6
77.341250	588.8
77.345000	594.3
77.348750	604.0
77.352500	597.3
77.356250	573.7
77.360000	604.7
77.363750	575.4
77.367500	562.2
77.371250	595.9
77.375000	592.7
77.378750	584.5
77.382500	573.6
77.386250	568.0
77.390000	592.9
77.393750	603.9
77.397500	631.1
77.401250	579.7
77.405000	595.4
77.408750	641.9
77.412500	585.5
77.416250	612.5
77.420000	618.2
77.423750	542.4
77.427500	606.9
77.431250	631.7
77.435000	588.1
77.438750	609.0
77.442500	562.3
77.446250	606.7
77.450000	595.9
77.453750	559.7
77.457500	580.1
77.461250	572.5
77.465000	625.7
77.468750	589.2
77.472500	657.5
77.476250	601.3
77.480000	592.2
77.483750	633.8
77.487500	630.8
77.491250	628.5
77.495000	557.6
77.498750	592.6
77.502500	639.2
77.506250	610.7
77.510000	604.7
77.513750	616.4
77.517500	629.5
77.521250	587.2
77.525000	616.0
77.528750	653.9
77.532500	617.8
77.536250	615.5
77.540000	657.8
77.543750	620.0
77.547500	629.5
77.551250	598.7
77.555000	626.1
77.558750	611.1
77.562500	605.6
77.566250	551.9
77.570000	589.9
77.573750	580.9
77.577500	578.3
77.581250	598.8
77.585000	591.8
77.588750	621.0
77.592500	629.2
77.596250	617.3
77.600000	604.4
77.603750	588.5
77.607500	577.5
77.611250	605.6
77.615000	583.1
77.618750	587.0
77.622500	550.9
77.626250	599.4
77.630000	627.3
77.633750	572.9
77.637500	579.4
77.641250	568.9
77.645000	601.2
77.648750	637.4
77.652500	571.5
77.656250	589.5
77.660000	608.5
77.663750	587.3
77.667500	594.0
77.671250	588.2
77.675000	572.8
77.678750	623.2
77.682500	609.3
77.686250	597.7
77.690000	557.1
77.693750	592.5
77.697500	637.4
77.701250	597.4
77.705000	604.2
77.708750	609.1
77.712500	629.2
77.716250	582.1
77.720000	564.6
77.723750	584.7
77.727500	532.2
77.731250	552.9
77.735000	557.8
77.738750	563.2
77.742500	592.9
77.746250	543.8
77.750000	540.7
77.753750	599.7
77.757500	593.8
77.761250	606.1
77.765000	593.0
77.768750	584.4
77.772500	585.9
77.776250	564.1
77.780000	562.6
77.783750	588.3
77.787500	618.8
77.791250	564.2
77.795000	589.3
77.798750	582.7
77.802500	570.1
77.806250	574.2
77.810000	531.1
77.813750	555.8
77.817500	594.6
77.821250	571.9
77.825000	576.2
77.828750	583.4
77.832500	575.3
77.836250	544.7
77.840000	530.9
77.843750	561.8
77.847500	599.7
77.851250	559.2
77.855000	525.0
77.858750	523.6
77.862500	530.6
77.866250	597.5
77.870000	552.8
77.873750	506.9
77.877500	547.2
77.881250	537.8
77.885000	532.8
77.888750	575.6
77.892500	555.6
77.896250	573.2
77.900000	568.4
77.903750	570.8
77.907500	538.0
77.911250	557.6
77.915000	601.3
77.918750	594.6
77.922500	563.2
77.926250	577.9
77.930000	549.7
77.933750	553.4
77.937500	552.3
77.941250	599.6
77.945000	578.3
77.948750	553.2
77.952500	559.8
77.956250	552.1
77.960000	550.5
77.963750	550.1
77.967500	598.5
77.971250	556.2
77.975000	584.4
77.978750	565.7
77.982500	586.0
77.986250	601.2
77.990000	575.8
77.993750	555.3
77.997500	558.1
78.001250	592.9
78.005000	590.7
78.008750	596.1
78.012500	570.5
78.016250	544.8
78.020000	549.9
78.023750	538.8
78.027500	511.3
78.031250	558.8
78.035000	582.2
78.038750	570.4
78.042500	568.3
78.046250	578.2
78.050000	563.4
78.053750	517.4
78.057500	561.8
78.061250	507.4
78.065000	524.6
78.068750	545.6
78.072500	543.9
78.076250	518.7
78.080000	538.1
78.083750	552.6
78.087500	567.8
78.091250	545.4
78.095000	539.4
78.098750	556.6
78.102500	563.0
78.106250	583.1
78.110000	570.9
78.113750	545.1
78.117500	550.3
78.121250	538.0
78.125000	522.4
78.128750	524.2
78.132500	577.8
78.136250	593.2
78.140000	549.8
78.143750	540.8
78.147500	585.0
78.151250	578.6
78.155000	553.2
78.158750	510.0
78.162500	543.4
78.166250	536.5
78.170000	585.7
78.173750	581.5
78.177500	511.1
78.181250	530.7
78.185000	541.0
78.188750	520.1
78.192500	545.1
78.196250	532.5
78.200000	554.9
78.203750	545.8
78.207500	573.4
78.211250	579.6
78.215000	558.9
78.218750	598.3
78.222500	583.4
78.226250	562.3
78.230000	501.7
78.233750	541.7
78.237500	540.0
78.241250	527.2
78.245000	569.3
78.248750	568.8
78.252500	573.4
78.256250	572.2
78.260000	546.8
78.263750	585.4
78.267500	595.4
78.271250	610.6
78.275000	575.0
78.278750	533.4
78.282500	612.0
78.286250	520.8
78.290000	540.0
78.293750	573.0
78.297500	541.6
78.301250	587.1
78.305000	591.1
78.308750	587.0
78.312500	537.7
78.316250	528.6
78.320000	560.0
78.323750	603.6
78.327500	575.6
78.331250	574.7
78.335000	516.7
78.338750	509.0
78.342500	586.4
78.346250	587.8
78.350000	582.0
78.353750	517.5
78.357500	552.6
78.361250	575.5
78.365000	606.4
78.368750	570.6
78.372500	584.7
78.376250	591.9
78.380000	608.2
78.383750	587.6
78.387500	594.0
78.391250	600.6
78.395000	595.4
78.398750	597.3
78.402500	578.2
78.406250	577.3
78.410000	588.0
78.413750	605.7
78.417500	542.1
78.421250	557.9
78.425000	579.6
78.428750	601.8
78.432500	578.1
78.436250	560.5
78.440000	568.2
78.443750	562.2
78.447500	552.2
78.451250	525.2
78.455000	579.5
78.458750	586.7
78.462500	529.3
78.466250	566.7
78.470000	508.3
78.473750	565.8
78.477500	524.5
78.481250	543.5
78.485000	579.6
78.488750	534.9
78.492500	595.5
78.496250	586.8
78.500000	533.9
78.503750	536.1
78.507500	595.6
78.511250	580.0
78.515000	573.7
78.518750	506.9
78.522500	557.2
78.526250	587.6
78.530000	512.4
78.533750	548.7
78.537500	524.7
78.541250	524.8
78.545000	547.6
78.548750	511.5
78.552500	514.5
78.556250	583.3
78.560000	570.2
78.563750	532.2
78.567500	579.6
78.571250	586.3
78.575000	511.2
78.578750	547.8
78.582500	531.3
78.586250	505.7
78.590000	545.5
78.593750	523.0
78.597500	545.8
78.601250	541.4
78.605000	548.7
78.608750	557.2
78.612500	547.7
78.616250	557.1
78.620000	524.9
78.623750	551.1
78.627500	537.1
78.631250	576.0
78.635000	519.8
78.638750	545.8
78.642500	605.5
78.646250	573.9
78.650000	529.9
78.653750	563.8
78.657500	548.9
78.661250	568.4
78.665000	563.8
78.668750	549.4
78.672500	540.6
78.676250	543.2
78.680000	605.1
78.683750	552.9
78.687500	572.8
78.691250	541.2
78.695000	559.4
78.698750	583.8
78.702500	560.6
78.706250	547.1
78.710000	546.6
78.713750	582.1
78.717500	590.9
78.721250	519.0
78.725000	595.6
78.728750	592.3
78.732500	536.8
78.736250	542.2
78.740000	531.4
78.743750	574.0
78.747500	562.4
78.751250	542.7
78.755000	535.1
78.758750	564.9
78.762500	550.4
78.766250	561.6
78.770000	578.9
78.773750	588.1
78.777500	568.3
78.781250	551.5
78.785000	529.5
78.788750	545.0
78.792500	563.0
78.796250	556.5
78.800000	600.8
78.803750	556.3
78.807500	549.0
78.811250	562.9
78.815000	570.3
78.818750	587.1
78.822500	551.2
78.826250	589.9
78.830000	588.0
78.833750	552.7
78.837500	566.8
78.841250	584.4
78.845000	566.1
78.848750	592.8
78.852500	543.9
78.856250	518.5
78.860000	566.5
78.863750	596.8
78.867500	584.9
78.871250	546.0
78.875000	562.4
78.878750	596.8
78.882500	545.2
78.886250	543.4
78.890000	560.6
78.893750	509.6
78.897500	511.6
78.901250	575.6
78.905000	540.2
78.908750	581.4
78.912500	532.1
78.916250	584.0
78.920000	522.4
78.923750	540.3
78.927500	569.2
78.931250	539.0
78.935000	565.1
78.938750	533.7
78.942500	533.7
78.946250	551.0
78.950000	529.2
78.953750	521.6
78.957500	542.7
78.961250	517.2
78.965000	536.2
78.968750	567.5
78.972500	536.6
78.976250	542.9
78.980000	555.6
78.983750	587.6
78.987500	551.0
78.991250	521.9
78.995000	555.6
78.998750	567.8
79.002500	598.1
79.006250	591.6
79.010000	522.4
79.013750	580.9
79.017500	576.6
79.021250	557.5
79.025000	564.9
79.028750	568.9
79.032500	557.9
79.036250	513.7
79.040000	525.6
79.043750	546.0
79.047500	535.4
79.051250	525.1
79.055000	530.8
79.058750	544.0
79.062500	549.4
79.066250	522.4
79.070000	513.4
79.073750	553.7
79.077500	545.3
79.081250	494.5
79.085000	534.3
79.088750	566.0
79.092500	539.4
79.096250	568.0
79.100000	555.8
79.103750	539.0
79.107500	512.5
79.111250	502.0
79.115000	565.2
79.118750	540.2
79.122500	552.3
79.126250	557.0
79.130000	530.7
79.133750	541.7
79.137500	550.7
79.141250	522.2
79.145000	518.1
79.148750	528.7
79.152500	519.7
79.156250	568.9
79.160000	557.6
79.163750	515.0
79.167500	517.5
79.171250	508.1
79.175000	558.7
79.178750	558.2
79.182500	543.1
79.186250	529.3
79.190000	513.2
79.193750	503.2
79.197500	516.2
79.201250	555.3
79.205000	550.7
79.208750	505.4
79.212500	527.9
79.216250	545.9
79.220000	540.7
79.223750	542.1
79.227500	543.2
79.231250	514.8
79.235000	539.5
79.238750	559.2
79.242500	561.3
79.246250	571.6
79.250000	569.6
79.253750	541.6
79.257500	547.7
79.261250	579.2
79.265000	563.9
79.268750	584.8
79.272500	583.5
79.276250	557.0
79.280000	552.1
79.283750	558.1
79.287500	569.1
79.291250	544.9
79.295000	526.5
79.298750	529.7
79.302500	537.7
79.306250	570.6
79.310000	575.5
79.313750	562.8
79.317500	546.0
79.321250	583.4
79.325000	509.0
79.328750	556.0
79.332500	569.2
79.336250	562.0
79.340000	540.8
79.343750	512.3
79.347500	559.9
79.351250	515.8
79.355000	520.4
79.358750	582.7
79.362500	551.5
79.366250	567.2
79.370000	565.3
79.373750	538.6
79.377500	564.1
79.381250	543.4
79.385000	550.2
79.388750	533.1
79.392500	535.4
79.396250	540.9
79.400000	520.0
79.403750	520.3
79.407500	544.0
79.411250	510.8
79.415000	510.0
79.418750	500.8
79.422500	529.7
79.426250	578.2
79.430000	516.7
79.433750	526.4
79.437500	530.9
79.441250	576.1
79.445000	553.5
79.448750	534.4
79.452500	541.5
79.456250	551.1
79.460000	552.0
79.463750	554.1
79.467500	559.4
79.471250	549.6
79.475000	556.7
79.478750	522.2
79.482500	538.4
79.486250	554.1
79.490000	537.6
79.493750	539.1
79.497500	515.4
79.501250	534.1
79.505000	542.6
79.508750	531.8
79.512500	541.8
79.516250	523.8
79.520000	522.5
79.523750	503.6
79.527500	564.8
79.531250	540.6
79.535000	573.0
79.538750	598.9
79.542500	525.4
79.546250	551.7
79.550000	531.8
79.553750	546.5
79.557500	535.0
79.561250	510.8
79.565000	552.0
79.568750	570.2
79.572500	552.6
79.576250	529.2
79.580000	535.8
79.583750	549.8
79.587500	568.0
79.591250	544.2
79.595000	515.7
79.598750	513.3
79.602500	539.4
79.606250	524.7
79.610000	570.8
79.613750	561.2
79.617500	516.4
79.621250	564.7
79.625000	508.2
79.628750	546.9
79.632500	557.3
79.636250	494.1
79.640000	475.2
79.643750	559.9
79.647500	545.7
79.651250	565.8
79.655000	543.3
79.658750	569.2
79.662500	547.9
79.666250	519.3
79.670000	572.7
79.673750	551.5
79.677500	544.0
79.681250	557.6
79.685000	580.8
79.688750	564.6
79.692500	555.0
79.696250	549.0
79.700000	546.2
79.703750	548.8
79.707500	529.3
79.711250	531.1
79.715000	571.5
79.718750	564.7
79.722500	557.6
79.726250	561.9
79.730000	538.3
79.733750	559.1
79.737500	554.4
79.741250	525.0
79.745000	568.6
79.748750	549.3
79.752500	553.1
79.756250	565.9
79.760000	524.0
79.763750	588.9
79.767500	589.0
79.771250	575.0
79.775000	582.6
79.778750	544.8
79.782500	532.4
79.786250	565.8
79.790000	579.6
79.793750	565.5
79.797500	556.6
79.801250	587.1
79.805000	555.7
79.808750	560.9
79.812500	557.7
79.816250	604.1
79.820000	558.9
79.823750	547.6
79.827500	555.0
79.831250	553.3
79.835000	540.2
79.838750	580.6
79.842500	587.3
79.846250	594.2
79.850000	535.0
79.853750	544.0
79.857500	601.0
79.861250	570.3
79.865000	516.9
79.868750	519.3
79.872500	578.7
79.876250	541.7
79.880000	595.1
79.883750	584.1
79.887500	540.0
79.891250	582.0
79.895000	560.7
79.898750	597.2
79.902500	586.8
79.906250	579.6
79.910000	538.7
79.913750	541.7
79.917500	565.8
79.921250	526.2
79.925000	563.6
79.928750	532.7
79.932500	545.9
79.936250	548.8
79.940000	576.6
79.943750	554.8
79.947500	579.6
79.951250	530.0
79.955000	589.4
79.958750	567.4
79.962500	527.6
79.966250	553.5
79.970000	578.8
79.973750	556.9
79.977500	561.1
79.981250	561.7
79.985000	546.8
79.988750	545.5
79.992500	529.6
79.996250	534.6
80.000000	540.1
