2.000000	432.8
2.003750	418.9
2.007500	412.1
2.011250	453.1
2.015000	448.9
2.018750	406.4
2.022500	401.3
2.026250	420.6
2.030000	462.3
2.033750	449.0
2.037500	432.0
2.041250	424.0
2.045000	438.3
2.048750	409.2
2.052500	436.3
2.056250	427.5
2.060000	466.0
2.063750	459.5
2.067500	453.6
2.071250	462.6
2.075000	489.7
2.078750	464.6
2.082500	440.8
2.086250	435.2
2.090000	425.8
2.093750	488.3
2.097500	482.6
2.101250	450.5
2.105000	457.2
2.108750	488.2
2.112500	481.5
2.116250	441.6
2.120000	465.1
2.123750	496.5
2.127500	505.9
2.131250	476.6
2.135000	486.2
2.138750	491.2
2.142500	462.3
2.146250	464.5
2.150000	483.2
2.153750	474.6
2.157500	482.8
2.161250	508.4
2.165000	488.1
2.168750	517.6
2.172500	495.2
2.176250	510.9
2.180000	490.0
2.183750	510.2
2.187500	534.4
2.191250	479.7
2.195000	496.7
2.198750	532.4
2.202500	519.7
2.206250	504.2
2.210000	498.2
2.213750	484.0
2.217500	525.5
2.221250	487.3
2.225000	466.4
2.228750	541.4
2.232500	533.4
2.236250	536.6
2.240000	541.8
2.243750	525.5
2.247500	531.8
2.251250	535.8
2.255000	521.6
2.258750	479.3
2.262500	487.0
2.266250	518.9
2.270000	533.0
2.273750	531.4
2.277500	581.2
2.281250	599.9
2.285000	528.3
2.288750	557.4
2.292500	549.1
2.296250	539.8
2.300000	583.9
2.303750	632.7
2.307500	583.5
2.311250	546.4
2.315000	560.2
2.318750	595.8
2.322500	636.2
2.326250	560.6
2.330000	637.4
2.333750	648.3
2.337500	620.1
2.341250	622.0
2.345000	682.2
2.348750	642.6
2.352500	645.0
2.356250	676.0
2.360000	699.7
2.363750	696.2
2.367500	673.8
2.371250	693.6
2.375000	687.8
2.378750	783.1
2.382500	690.4
2.386250	726.9
2.390000	796.0
2.393750	787.0
2.397500	772.7
2.401250	768.3
2.405000	786.4
2.408750	805.6
2.412500	845.4
2.416250	803.4
2.420000	804.2
2.423750	836.9
2.427500	870.9
2.431250	843.6
2.435000	916.9
2.438750	879.1
2.442500	901.4
2.446250	930.7
2.450000	968.9
2.453750	983.0
2.457500	957.0
2.461250	939.2
2.465000	972.6
2.468750	1006.3
2.472500	1000.6
2.476250	1084.7
2.480000	1039.5
2.483750	1045.9
2.487500	1094.2
2.491250	1177.3
2.495000	1175.2
2.498750	1230.1
2.502500	1183.5
2.506250	1177.3
2.510000	1280.4
2.513750	1242.7
2.517500	1242.3
2.521250	1303.5
2.525000	1283.5
2.528750	1350.0
2.532500	1339.2
2.536250	1389.3
2.540000	1498.6
2.543750	1346.5
2.547500	1369.2
2.551250	1442.2
2.555000	1372.0
2.558750	1410.9
2.562500	1346.5
2.566250	1434.7
2.570000	1446.1
2.573750	1501.9
2.577500	1442.6
2.581250	1495.5
2.585000	1472.9
2.588750	1428.5
2.592500	1433.8
2.596250	1390.9
2.600000	1467.1
2.603750	1441.6
2.607500	1439.7
2.611250	1447.1
2.615000	1465.3
2.618750	1476.4
2.622500	1517.2
2.626250	1436.6
2.630000	1509.2
2.633750	1426.6
2.637500	1472.3
2.641250	1370.7
2.645000	1463.0
2.648750	1491.0
2.652500	1514.9
2.656250	1453.4
2.660000	1434.2
2.663750	1396.2
2.667500	1420.5
2.671250	1431.2
2.675000	1440.6
2.678750	1458.1
2.682500	1483.6
2.686250	1444.5
2.690000	1463.9
2.693750	1513.5
2.697500	1453.7
2.701250	1456.0
2.705000	1473.1
2.708750	1461.2
2.712500	1462.8
2.716250	1396.9
2.720000	1461.2
2.723750	1467.6
2.727500	1413.1
2.731250	1395.6
2.735000	1404.3
2.738750	1440.4
2.742500	1504.1
2.746250	1451.1
2.750000	1453.4
2.753750	1433.6
2.757500	1504.5
2.761250	1471.7
2.765000	1468.0
2.768750	1353.3
2.772500	1450.0
2.776250	1406.7
2.780000	1409.4
2.783750	1439.5
2.787500	1434.4
2.791250	1440.0
2.795000	1416.1
2.798750	1400.1
2.802500	1435.2
2.806250	1453.4
2.810000	1434.8
2.813750	1351.5
2.817500	1409.9
2.821250	1435.8
2.825000	1419.2
2.828750	1488.2
2.832500	1364.8
2.836250	1394.4
2.840000	1430.4
2.843750	1406.7
2.847500	1333.4
2.851250	1478.2
2.855000	1461.7
2.858750	1387.9
2.862500	1431.1
2.866250	1385.4
2.870000	1422.9
2.873750	1354.5
2.877500	1432.7
2.881250	1446.9
2.885000	1356.7
2.888750	1374.6
2.892500	1423.7
2.896250	1394.6
2.900000	1361.0
2.903750	1435.5
2.907500	1437.5
2.911250	1389.8
2.915000	1433.3
2.918750	1388.9
2.922500	1347.8
2.926250	1377.8
2.930000	1387.0
2.933750	1409.2
2.937500	1462.1
2.941250	1453.1
2.945000	1434.4
2.948750	1485.6
2.952500	1404.5
2.956250	1410.9
2.960000	1421.9
2.963750	1395.9
2.967500	1411.1
2.971250	1444.8
2.975000	1426.0
2.978750	1386.0
2.982500	1380.2
2.986250	1370.2
2.990000	1446.0
2.993750	1432.1
2.997500	1492.6
3.001250	1475.1
3.005000	1407.6
3.008750	1380.1
3.012500	1422.7
3.016250	1390.4
3.020000	1392.5
3.023750	1369.7
3.027500	1406.2
3.031250	1476.6
3.035000	1372.1
3.038750	1388.6
3.042500	1394.4
3.046250	1377.0
3.050000	1380.5
3.053750	1445.1
3.057500	1391.9
3.061250	1418.8
3.065000	1366.2
3.068750	1367.1
3.072500	1414.3
3.076250	1402.2
3.080000	1400.7
3.083750	1420.8
3.087500	1390.0
3.091250	1406.2
3.095000	1383.7
3.098750	1386.0
3.102500	1458.8
3.106250	1390.1
3.110000	1406.2
3.113750	1393.9
3.117500	1467.8
3.121250	1407.1
3.125000	1407.1
3.128750	1415.2
3.132500	1401.2
3.136250	1321.4
3.140000	1343.3
3.143750	1405.0
3.147500	1371.4
3.151250	1373.5
3.155000	1409.4
3.158750	1357.5
3.162500	1427.2
3.166250	1366.2
3.170000	1356.8
3.173750	1345.8
3.177500	1301.5
3.181250	1365.7
3.185000	1299.8
3.188750	1333.1
3.192500	1355.0
3.196250	1390.4
3.200000	1368.6
3.203750	1411.4
3.207500	1365.6
3.211250	1401.4
3.215000	1428.7
3.218750	1441.6
3.222500	1376.2
3.226250	1346.9
3.230000	1372.1
3.233750	1325.7
3.237500	1310.6
3.241250	1334.9
3.245000	1314.4
3.248750	1390.1
3.252500	1286.6
3.256250	1339.8
3.260000	1360.5
3.263750	1363.9
3.267500	1301.5
3.271250	1313.6
3.275000	1385.8
3.278750	1345.7
3.282500	1319.1
3.286250	1332.8
3.290000	1381.6
3.293750	1369.6
3.297500	1398.7
3.301250	1396.6
3.305000	1339.9
3.308750	1293.4
3.312500	1333.3
3.316250	1324.0
3.320000	1360.2
3.323750	1303.4
3.327500	1396.7
3.331250	1390.5
3.335000	1346.7
3.338750	1288.7
3.342500	1356.1
3.346250	1364.5
3.350000	1285.3
3.353750	1369.7
3.357500	1416.4
3.361250	1361.4
3.365000	1348.5
3.368750	1360.5
3.372500	1312.2
3.376250	1322.4
3.380000	1396.6
3.383750	1433.6
3.387500	1344.7
3.391250	1367.5
3.395000	1342.7
3.398750	1329.1
3.402500	1309.6
3.406250	1331.9
3.410000	1407.9
3.413750	1315.2
3.417500	1265.8
3.421250	1314.4
3.425000	1300.2
3.428750	1304.9
3.432500	1317.4
3.436250	1358.8
3.440000	1332.2
3.443750	1274.3
3.447500	1308.2
3.451250	1376.1
3.455000	1307.1
3.458750	1330.5
3.462500	1351.6
3.466250	1379.7
3.470000	1371.2
3.473750	1374.7
3.477500	1424.7
3.481250	1328.4
3.485000	1323.7
3.488750	1300.2
3.492500	1342.8
3.496250	1311.6
3.500000	1285.1
3.503750	1298.6
3.507500	1338.3
3.511250	1323.3
3.515000	1306.1
3.518750	1293.2
3.522500	1271.2
3.526250	1257.3
3.530000	1310.8
3.533750	1352.9
3.537500	1332.2
3.541250	1326.3
3.545000	1359.8
3.548750	1363.9
3.552500	1346.8
3.556250	1354.2
3.560000	1344.9
3.563750	1329.0
3.567500	1389.4
3.571250	1334.6
3.575000	1280.0
3.578750	1302.1
3.582500	1336.5
3.586250	1350.7
3.590000	1299.8
3.593750	1327.4
3.597500	1308.8
3.601250	1296.8
3.605000	1293.9
3.608750	1304.6
3.612500	1301.5
3.616250	1363.4
3.620000	1285.2
3.623750	1270.2
3.627500	1309.4
3.631250	1311.3
3.635000	1298.6
3.638750	1288.6
3.642500	1312.9
3.646250	1350.1
3.650000	1374.1
3.653750	1377.7
3.657500	1304.2
3.661250	1316.1
3.665000	1296.1
3.668750	1302.3
3.672500	1322.5
3.676250	1346.5
3.680000	1364.2
3.683750	1345.2
3.687500	1282.1
3.691250	1253.5
3.695000	1334.1
3.698750	1293.7
3.702500	1322.9
3.706250	1371.6
3.710000	1360.8
3.713750	1328.7
3.717500	1325.3
3.721250	1365.9
3.725000	1327.9
3.728750	1298.5
3.732500	1332.3
3.736250	1332.6
3.740000	1251.5
3.743750	1279.5
3.747500	1308.5
3.751250	1310.4
3.755000	1353.4
3.758750	1304.6
3.762500	1277.8
3.766250	1315.2
3.770000	1243.9
3.773750	1311.9
3.777500	1299.3
3.781250	1293.6
3.785000	1322.2
3.788750	1333.9
3.792500	1306.8
3.796250	1316.6
3.800000	1268.3
3.803750	1263.1
3.807500	1294.1
3.811250	1264.3
3.815000	1275.8
3.818750	1304.8
3.822500	1330.8
3.826250	1276.5
3.830000	1240.5
3.833750	1335.1
3.837500	1359.8
3.841250	1334.5
3.845000	1303.2
3.848750	1295.3
3.852500	1339.8
3.856250	1350.7
3.860000	1331.5
3.863750	1285.8
3.867500	1290.7
3.871250	1332.3
3.875000	1356.0
3.878750	1302.4
3.882500	1305.5
3.886250	1276.7
3.890000	1382.5
3.893750	1308.9
3.897500	1318.6
3.901250	1312.4
3.905000	1246.8
3.908750	1306.2
3.912500	1273.6
3.916250	1299.3
3.920000	1268.3
3.923750	1292.1
3.927500	1321.6
3.931250	1327.5
3.935000	1221.0
3.938750	1248.7
3.942500	1318.6
3.946250	1275.0
3.950000	1319.7
3.953750	1321.0
3.957500	1288.0
3.961250	1288.5
3.965000	1300.6
3.968750	1285.9
3.972500	1222.8
3.976250	1363.5
3.980000	1293.3
3.983750	1300.7
3.987500	1296.4
3.991250	1300.2
3.995000	1320.0
3.998750	1277.0
4.002500	1357.0
4.006250	1298.9
4.010000	1288.8
4.013750	1242.0
4.017500	1281.4
4.021250	1316.5
4.025000	1318.8
4.028750	1301.9
4.032500	1307.7
4.036250	1298.1
4.040000	1272.8
4.043750	1331.5
4.047500	1307.2
4.051250	1259.8
4.055000	1312.1
4.058750	1291.7
4.062500	1316.8
4.066250	1277.0
4.070000	1294.1
4.073750	1267.1
4.077500	1292.4
4.081250	1262.2
4.085000	1249.0
4.088750	1227.9
4.092500	1261.3
4.096250	1308.9
4.100000	1333.5
4.103750	1328.7
4.107500	1358.6
4.111250	1273.1
4.115000	1267.2
4.118750	1323.5
4.122500	1233.2
4.126250	1242.5
4.130000	1283.4
4.133750	1270.7
4.137500	1294.5
4.141250	1283.7
4.145000	1247.0
4.148750	1338.3
4.152500	1250.5
4.156250	1341.4
4.160000	1317.4
4.163750	1342.9
4.167500	1267.9
4.171250	1271.6
4.175000	1279.8
4.178750	1336.1
4.182500	1256.9
4.186250	1211.6
4.190000	1245.9
4.193750	1268.0
4.197500	1290.5
4.201250	1301.1
4.205000	1289.2
4.208750	1264.2
4.212500	1357.2
4.216250	1327.9
4.220000	1241.1
4.223750	1244.0
4.227500	1309.6
4.231250	1250.3
4.235000	1277.7
4.238750	1293.3
4.242500	1266.5
4.246250	1293.2
4.250000	1318.6
4.253750	1259.8
4.257500	1282.0
4.261250	1335.7
4.265000	1251.2
4.268750	1311.8
4.272500	1264.1
4.276250	1238.4
4.280000	1296.6
4.283750	1307.7
4.287500	1262.8
4.291250	1256.8
4.295000	1274.6
4.298750	1306.3
4.302500	1299.9
4.306250	1345.4
4.310000	1300.6
4.313750	1263.3
4.317500	1312.7
4.321250	1253.9
4.325000	1206.8
4.328750	1218.7
4.332500	1351.7
4.336250	1280.7
4.340000	1301.3
4.343750	1281.1
4.347500	1297.1
4.351250	1281.2
4.355000	1293.7
4.358750	1199.0
4.362500	1268.3
4.366250	1293.6
4.370000	1254.7
4.373750	1266.3
4.377500	1304.7
4.381250	1262.9
4.385000	1225.7
4.388750	1295.4
4.392500	1261.7
4.396250	1237.9
4.400000	1280.8
4.403750	1196.7
4.407500	1225.3
4.411250	1260.4
4.415000	1301.0
4.418750	1287.5
4.422500	1200.0
4.426250	1259.0
4.430000	1257.2
4.433750	1207.8
4.437500	1289.1
4.441250	1257.2
4.445000	1194.3
4.448750	1212.9
4.452500	1293.1
4.456250	1253.1
4.460000	1233.8
4.463750	1295.8
4.467500	1246.7
4.471250	1264.1
4.475000	1306.8
4.478750	1285.6
4.482500	1230.1
4.486250	1273.4
4.490000	1198.7
4.493750	1205.8
4.497500	1285.8
4.501250	1241.2
4.505000	1284.2
4.508750	1242.8
4.512500	1212.8
4.516250	1194.0
4.520000	1302.2
4.523750	1283.6
4.527500	1228.1
4.531250	1244.2
4.535000	1289.2
4.538750	1190.0
4.542500	1278.8
4.546250	1242.4
4.550000	1248.4
4.553750	1273.3
4.557500	1277.8
4.561250	1246.5
4.565000	1300.1
4.568750	1307.4
4.572500	1314.1
4.576250	1253.9
4.580000	1306.0
4.583750	1268.4
4.587500	1301.4
4.591250	1282.6
4.595000	1231.3
4.598750	1317.7
4.602500	1313.5
4.606250	1271.9
4.610000	1241.8
4.613750	1245.2
4.617500	1253.5
4.621250	1317.7
4.625000	1252.8
4.628750	1258.8
4.632500	1260.9
4.636250	1250.9
4.640000	1248.9
4.643750	1259.9
4.647500	1293.5
4.651250	1274.7
4.655000	1275.7
4.658750	1236.9
4.662500	1213.8
4.666250	1272.4
4.670000	1241.0
4.673750	1260.9
4.677500	1324.5
4.681250	1226.4
4.685000	1213.1
4.688750	1257.1
4.692500	1265.9
4.696250	1318.4
4.700000	1313.0
4.703750	1251.9
4.707500	1276.8
4.711250	1252.1
4.715000	1253.8
4.718750	1238.0
4.722500	1236.2
4.726250	1243.8
4.730000	1212.7
4.733750	1194.2
4.737500	1190.5
4.741250	1241.6
4.745000	1255.4
4.748750	1290.5
4.752500	1268.7
4.756250	1248.6
4.760000	1226.7
4.763750	1219.1
4.767500	1290.1
4.771250	1277.8
4.775000	1228.9
4.778750	1249.9
4.782500	1168.6
4.786250	1259.5
4.790000	1254.7
4.793750	1171.5
4.797500	1198.4
4.801250	1260.1
4.805000	1230.0
4.808750	1213.5
4.812500	1225.3
4.816250	1205.2
4.820000	1213.6
4.823750	1187.2
4.827500	1215.6
4.831250	1247.7
4.835000	1162.6
4.838750	1203.6
4.842500	1242.4
4.846250	1299.9
4.850000	1226.7
4.853750	1240.4
4.857500	1233.8
4.861250	1235.5
4.865000	1239.1
4.868750	1228.1
4.872500	1284.1
4.876250	1291.1
4.880000	1154.3
4.883750	1194.4
4.887500	1247.2
4.891250	1205.3
4.895000	1210.6
4.898750	1224.7
4.902500	1231.2
4.906250	1200.1
4.910000	1231.3
4.913750	1214.3
4.917500	1218.0
4.921250	1253.5
4.925000	1249.7
4.928750	1244.6
4.932500	1209.0
4.936250	1193.5
4.940000	1250.8
4.943750	1163.9
4.947500	1164.5
4.951250	1193.5
4.955000	1237.4
4.958750	1249.8
4.962500	1225.2
4.966250	1268.2
4.970000	1271.8
4.973750	1224.3
4.977500	1183.6
4.981250	1253.6
4.985000	1233.9
4.988750	1188.2
4.992500	1235.6
4.996250	1251.2
5.000000	1257.2
5.003750	1204.8
5.007500	1221.1
5.011250	1242.1
5.015000	1213.9
5.018750	1247.9
5.022500	1257.6
5.026250	1253.5
5.030000	1187.5
5.033750	1250.1
5.037500	1301.0
5.041250	1196.6
5.045000	1236.8
5.048750	1249.6
5.052500	1205.7
5.056250	1267.6
5.060000	1244.0
5.063750	1256.9
5.067500	1230.0
5.071250	1236.2
5.075000	1283.2
5.078750	1257.2
5.082500	1197.2
5.086250	1237.3
5.090000	1214.6
5.093750	1245.0
5.097500	1219.2
5.101250	1257.1
5.105000	1247.0
5.108750	1250.5
5.112500	1196.2
5.116250	1248.6
5.120000	1195.8
5.123750	1221.4
5.127500	1219.3
5.131250	1246.7
5.135000	1252.4
5.138750	1205.6
5.142500	1214.6
5.146250	1255.9
5.150000	1264.9
5.153750	1259.8
5.157500	1191.9
5.161250	1173.3
5.165000	1237.8
5.168750	1215.5
5.172500	1251.0
5.176250	1240.1
5.180000	1220.0
5.183750	1279.9
5.187500	1188.1
5.191250	1237.1
5.195000	1293.3
5.198750	1258.7
5.202500	1235.3
5.206250	1228.8
5.210000	1242.6
5.213750	1190.9
5.217500	1197.4
5.221250	1233.1
5.225000	1262.8
5.228750	1275.4
5.232500	1244.0
5.236250	1223.6
5.240000	1227.2
5.243750	1241.8
5.247500	1215.9
5.251250	1249.6
5.255000	1303.8
5.258750	1276.7
5.262500	1227.7
5.266250	1298.1
5.270000	1208.5
5.273750	1191.6
5.277500	1204.4
5.281250	1239.4
5.285000	1220.0
5.288750	1239.6
5.292500	1216.4
5.296250	1263.1
5.300000	1228.0
5.303750	1166.2
5.307500	1228.5
5.311250	1261.8
5.315000	1170.5
5.318750	1209.9
5.322500	1264.5
5.326250	1211.9
5.330000	1192.7
5.333750	1169.6
5.337500	1218.4
5.341250	1215.3
5.345000	1215.3
5.348750	1211.7
5.352500	1208.9
5.356250	1263.4
5.360000	1170.0
5.363750	1193.5
5.367500	1205.3
5.371250	1209.3
5.375000	1287.1
5.378750	1234.2
5.382500	1193.6
5.386250	1210.7
5.390000	1236.4
5.393750	1240.3
5.397500	1297.6
5.401250	1215.0
5.405000	1246.7
5.408750	1228.9
5.412500	1227.1
5.416250	1221.7
5.420000	1209.1
5.423750	1221.9
5.427500	1252.9
5.431250	1223.2
5.435000	1173.8
5.438750	1275.0
5.442500	1235.6
5.446250	1290.6
5.450000	1247.2
5.453750	1207.6
5.457500	1219.1
5.461250	1183.4
5.465000	1185.2
5.468750	1211.3
5.472500	1189.5
5.476250	1193.4
5.480000	1255.9
5.483750	1256.8
5.487500	1212.0
5.491250	1241.2
5.495000	1237.8
5.498750	1316.1
5.502500	1201.3
5.506250	1204.8
5.510000	1212.6
5.513750	1172.7
5.517500	1287.1
5.521250	1222.7
5.525000	1232.0
5.528750	1243.6
5.532500	1264.0
5.536250	1151.2
5.540000	1194.5
5.543750	1211.1
5.547500	1202.3
5.551250	1201.9
5.555000	1227.6
5.558750	1240.2
5.562500	1212.7
5.566250	1201.4
5.570000	1228.2
5.573750	1232.6
5.577500	1230.1
5.581250	1313.7
5.585000	1199.8
5.588750	1104.7
5.592500	1233.2
5.596250	1250.5
5.600000	1267.5
5.603750	1177.9
5.607500	1108.4
5.611250	1177.6
5.615000	1229.5
5.618750	1194.4
5.622500	1186.7
5.626250	1185.8
5.630000	1195.9
5.633750	1209.3
5.637500	1269.7
5.641250	1225.7
5.645000	1258.8
5.648750	1229.7
5.652500	1167.7
5.656250	1273.2
5.660000	1237.6
5.663750	1262.5
5.667500	1209.1
5.671250	1239.4
5.675000	1336.4
5.678750	1234.7
5.682500	1313.0
5.686250	1337.8
5.690000	1307.4
5.693750	1305.9
5.697500	1280.1
5.701250	1263.7
5.705000	1210.5
5.708750	1303.7
5.712500	1303.5
5.716250	1305.8
5.720000	1326.4
5.723750	1287.6
5.727500	1223.7
5.731250	1251.1
5.735000	1247.5
5.738750	1265.3
5.742500	1245.6
5.746250	1272.2
5.750000	1204.5
5.753750	1244.2
5.757500	1255.7
5.761250	1219.5
5.765000	1215.6
5.768750	1229.6
5.772500	1220.3
5.776250	1209.7
5.780000	1189.5
5.783750	1236.4
5.787500	1179.7
5.791250	1186.0
5.795000	1182.9
5.798750	1178.5
5.802500	1161.5
5.806250	1181.3
5.810000	1229.0
5.813750	1187.2
5.817500	1214.2
5.821250	1198.8
5.825000	1200.7
5.828750	1192.3
5.832500	1218.8
5.836250	1130.2
5.840000	1142.5
5.843750	1244.8
5.847500	1189.7
5.851250	1256.8
5.855000	1222.2
5.858750	1236.3
5.862500	1145.7
5.866250	1221.9
5.870000	1239.7
5.873750	1161.8
5.877500	1203.1
5.881250	1210.2
5.885000	1156.7
5.888750	1182.3
5.892500	1151.6
5.896250	1233.3
5.900000	1303.0
5.903750	1233.0
5.907500	1166.6
5.911250	1190.6
5.915000	1212.6
5.918750	1239.5
5.922500	1183.0
5.926250	1229.2
5.930000	1197.1
5.933750	1214.2
5.937500	1190.7
5.941250	1170.6
5.945000	1154.3
5.948750	1228.8
5.952500	1264.1
5.956250	1216.6
5.960000	1193.8
5.963750	1289.4
5.967500	1275.5
5.971250	1189.8
5.975000	1126.6
5.978750	1216.7
5.982500	1197.6
5.986250	1253.9
5.990000	1205.0
5.993750	1182.4
5.997500	1265.8
6.001250	1309.8
6.005000	1207.1
6.008750	1130.7
6.012500	1166.9
6.016250	1197.4
6.020000	1207.5
6.023750	1178.8
6.027500	1120.2
6.031250	1113.7
6.035000	1160.5
6.038750	1184.4
6.042500	1128.7
6.046250	1181.0
6.050000	1191.5
6.053750	1258.4
6.057500	1274.7
6.061250	1177.6
6.065000	1218.1
6.068750	1264.6
6.072500	1195.1
6.076250	1231.3
6.080000	1288.5
6.083750	1261.4
6.087500	1149.0
6.091250	1210.9
6.095000	1239.0
6.098750	1275.1
6.102500	1278.9
6.106250	1225.8
6.110000	1186.0
6.113750	1140.1
6.117500	1133.4
6.121250	1199.0
6.125000	1226.4
6.128750	1140.9
6.132500	1181.9
6.136250	1312.4
6.140000	1237.9
6.143750	1176.4
6.147500	1276.2
6.151250	1273.7
6.155000	1262.2
6.158750	1219.9
6.162500	1212.9
6.166250	1226.0
6.170000	1213.0
6.173750	1161.6
6.177500	1205.8
6.181250	1225.1
6.185000	1132.2
6.188750	1112.4
6.192500	1189.9
6.196250	1179.3
6.200000	1201.4
6.203750	1191.4
6.207500	1251.0
6.211250	1170.3
6.215000	1178.9
6.218750	1181.0
6.222500	1190.8
6.226250	1256.3
6.230000	1181.6
6.233750	1221.2
6.237500	1234.1
6.241250	1159.1
6.245000	1176.1
6.248750	1206.2
6.252500	1223.2
6.256250	1238.6
6.260000	1244.9
6.263750	1232.3
6.267500	1224.8
6.271250	1194.4
6.275000	1189.8
6.278750	1249.4
6.282500	1180.4
6.286250	1194.9
6.290000	1149.1
6.293750	1157.4
6.297500	1152.1
6.301250	1240.5
6.305000	1228.7
6.308750	1189.3
6.312500	1195.0
6.316250	1185.4
6.320000	1247.3
6.323750	1154.3
6.327500	1229.4
6.331250	1230.6
6.335000	1231.8
6.338750	1183.0
6.342500	1151.4
6.346250	1218.8
6.350000	1160.8
6.353750	1166.8
6.357500	1167.7
6.361250	1260.9
6.365000	1225.3
6.368750	1235.4
6.372500	1189.4
6.376250	1169.0
6.380000	1216.8
6.383750	1178.9
6.387500	1190.6
6.391250	1196.7
6.395000	1156.3
6.398750	1172.2
6.402500	1231.5
6.406250	1209.5
6.410000	1200.1
6.413750	1193.8
6.417500	1227.6
6.421250	1235.8
6.425000	1207.6
6.428750	1215.5
6.432500	1205.1
6.436250	1189.3
6.440000	1230.4
6.443750	1174.1
6.447500	1183.1
6.451250	1195.4
6.455000	1178.8
6.458750	1159.9
6.462500	1155.5
6.466250	1226.8
6.470000	1191.2
6.473750	1220.7
6.477500	1178.5
6.481250	1190.6
6.485000	1255.4
6.488750	1180.1
6.492500	1165.2
6.496250	1125.9
6.500000	1176.6
6.503750	1112.5
6.507500	1170.4
6.511250	1213.7
6.515000	1218.7
6.518750	1209.5
6.522500	1233.4
6.526250	1227.2
6.530000	1214.7
6.533750	1241.2
6.537500	1200.1
6.541250	1165.1
6.545000	1248.1
6.548750	1139.2
6.552500	1195.7
6.556250	1201.3
6.560000	1243.2
6.563750	1223.6
6.567500	1122.8
6.571250	1172.2
6.575000	1267.3
6.578750	1238.1
6.582500	1208.7
6.586250	1243.4
6.590000	1168.4
6.593750	1175.8
6.597500	1181.4
6.601250	1181.7
6.605000	1186.5
6.608750	1240.1
6.612500	1233.8
6.616250	1211.6
6.620000	1211.9
6.623750	1203.3
6.627500	1168.0
6.631250	1166.5
6.635000	1180.7
6.638750	1217.5
6.642500	1208.3
6.646250	1162.1
6.650000	1217.2
6.653750	1195.2
6.657500	1286.1
6.661250	1237.1
6.665000	1266.1
6.668750	1173.2
6.672500	1179.4
6.676250	1150.1
6.680000	1165.4
6.683750	1171.0
6.687500	1238.0
6.691250	1241.4
6.695000	1211.8
6.698750	1159.7
6.702500	1208.8
6.706250	1137.4
6.710000	1179.8
6.713750	1229.4
6.717500	1200.9
6.721250	1174.2
6.725000	1208.3
6.728750	1202.7
6.732500	1207.9
6.736250	1264.4
6.740000	1192.0
6.743750	1219.2
6.747500	1197.1
6.751250	1261.1
6.755000	1183.2
6.758750	1240.4
6.762500	1159.9
6.766250	1164.3
6.770000	1218.5
6.773750	1112.2
6.777500	1198.5
6.781250	1200.0
6.785000	1155.7
6.788750	1160.1
6.792500	1232.3
6.796250	1161.7
6.800000	1208.8
6.803750	1267.9
6.807500	1233.5
6.811250	1181.5
6.815000	1172.2
6.818750	1211.0
6.822500	1244.4
6.826250	1237.2
6.830000	1174.8
6.833750	1109.7
6.837500	1202.2
6.841250	1201.6
6.845000	1186.6
6.848750	1163.2
6.852500	1188.3
6.856250	1136.9
6.860000	1219.1
6.863750	1241.7
6.867500	1256.1
6.871250	1256.4
6.875000	1218.2
6.878750	1202.0
6.882500	1218.9
6.886250	1194.3
6.890000	1172.6
6.893750	1168.5
6.897500	1165.6
6.901250	1264.0
6.905000	1236.1
6.908750	1230.1
6.912500	1233.6
6.916250	1158.6
6.920000	1263.7
6.923750	1243.9
6.927500	1213.5
6.931250	1251.0
6.935000	1159.9
6.938750	1220.0
6.942500	1257.1
6.946250	1150.6
6.950000	1264.5
6.953750	1203.8
6.957500	1160.7
6.961250	1156.3
6.965000	1170.9
6.968750	1199.4
6.972500	1148.0
6.976250	1201.1
6.980000	1191.9
6.983750	1204.1
6.987500	1216.3
6.991250	1172.2
6.995000	1231.2
6.998750	1201.0
7.002500	1221.5
7.006250	1215.9
7.010000	1204.8
7.013750	1176.7
7.017500	1212.7
7.021250	1127.7
7.025000	1230.6
7.028750	1160.5
7.032500	1186.4
7.036250	1220.4
7.040000	1149.8
7.043750	1222.3
7.047500	1178.3
7.051250	1181.3
7.055000	1178.8
7.058750	1215.3
7.062500	1182.5
7.066250	1186.8
7.070000	1150.9
7.073750	1132.1
7.077500	1176.5
7.081250	1205.1
7.085000	1148.0
7.088750	1223.5
7.092500	1244.5
7.096250	1189.1
7.100000	1199.4
7.103750	1183.6
7.107500	1265.6
7.111250	1190.3
7.115000	1241.1
7.118750	1228.7
7.122500	1188.8
7.126250	1165.7
7.130000	1186.7
7.133750	1207.8
7.137500	1277.0
7.141250	1207.7
7.145000	1284.7
7.148750	1183.5
7.152500	1139.9
7.156250	1195.9
7.160000	1178.8
7.163750	1172.4
7.167500	1199.9
7.171250	1203.9
7.175000	1207.5
7.178750	1240.5
7.182500	1248.9
7.186250	1230.3
7.190000	1173.6
7.193750	1163.0
7.197500	1127.2
7.201250	1270.7
7.205000	1266.9
7.208750	1145.2
7.212500	1230.4
7.216250	1260.6
7.220000	1247.3
7.223750	1135.4
7.227500	1188.3
7.231250	1261.6
7.235000	1207.4
7.238750	1229.9
7.242500	1206.0
7.246250	1232.7
7.250000	1211.5
7.253750	1178.0
7.257500	1178.3
7.261250	1197.0
7.265000	1185.1
7.268750	1165.0
7.272500	1236.8
7.276250	1227.1
7.280000	1156.7
7.283750	1202.9
7.287500	1178.1
7.291250	1181.7
7.295000	1191.3
7.298750	1206.5
7.302500	1242.5
7.306250	1193.2
7.310000	1198.4
7.313750	1165.4
7.317500	1187.9
7.321250	1162.2
7.325000	1205.7
7.328750	1175.1
7.332500	1205.2
7.336250	1209.4
7.340000	1282.7
7.343750	1186.5
7.347500	1274.0
7.351250	1248.2
7.355000	1238.4
7.358750	1209.7
7.362500	1244.9
7.366250	1176.4
7.370000	1172.0
7.373750	1212.1
7.377500	1209.6
7.381250	1181.7
7.385000	1190.7
7.388750	1203.1
7.392500	1255.7
7.396250	1189.4
7.400000	1160.0
7.403750	1226.0
7.407500	1199.9
7.411250	1135.7
7.415000	1178.8
7.418750	1189.5
7.422500	1232.6
7.426250	1162.6
7.430000	1168.4
7.433750	1239.2
7.437500	1181.4
7.441250	1202.9
7.445000	1207.2
7.448750	1224.7
7.452500	1226.0
7.456250	1173.1
7.460000	1189.0
7.463750	1214.5
7.467500	1195.9
7.471250	1168.9
7.475000	1160.9
7.478750	1124.2
7.482500	1159.7
7.486250	1147.6
7.490000	1189.2
7.493750	1186.7
7.497500	1203.6
7.501250	1218.4
7.505000	1198.9
7.508750	1201.8
7.512500	1167.9
7.516250	1180.9
7.520000	1175.5
7.523750	1140.8
7.527500	1184.3
7.531250	1230.9
7.535000	1256.1
7.538750	1152.9
7.542500	1123.8
7.546250	1179.0
7.550000	1235.1
7.553750	1246.7
7.557500	1214.7
7.561250	1151.0
7.565000	1252.6
7.568750	1114.2
7.572500	1189.1
7.576250	1251.7
7.580000	1233.3
7.583750	1286.2
7.587500	1215.2
7.591250	1170.5
7.595000	1156.7
7.598750	1194.2
7.602500	1234.9
7.606250	1159.4
7.610000	1171.1
7.613750	1294.6
7.617500	1170.8
7.621250	1142.7
7.625000	1198.2
7.628750	1180.2
7.632500	1143.8
7.636250	1194.4
7.640000	1189.7
7.643750	1140.4
7.647500	1156.8
7.651250	1157.4
7.655000	1135.4
7.658750	1177.1
7.662500	1206.0
7.666250	1203.0
7.670000	1203.5
7.673750	1226.8
7.677500	1207.9
7.681250	1210.8
7.685000	1239.1
7.688750	1239.4
7.692500	1182.4
7.696250	1112.5
7.700000	1181.5
7.703750	1252.0
7.707500	1204.5
7.711250	1167.9
7.715000	1223.2
7.718750	1163.5
7.722500	1188.0
7.726250	1182.7
7.730000	1285.3
7.733750	1238.9
7.737500	1242.4
7.741250	1217.3
7.745000	1236.1
7.748750	1222.6
7.752500	1226.6
7.756250	1214.5
7.760000	1225.3
7.763750	1244.4
7.767500	1232.3
7.771250	1219.7
7.775000	1145.7
7.778750	1160.0
7.782500	1180.5
7.786250	1193.3
7.790000	1166.4
7.793750	1229.6
7.797500	1192.1
7.801250	1219.3
7.805000	1222.7
7.808750	1225.3
7.812500	1214.2
7.816250	1202.5
7.820000	1121.9
7.823750	1164.0
7.827500	1163.8
7.831250	1177.8
7.835000	1150.9
7.838750	1188.2
7.842500	1267.3
7.846250	1182.2
7.850000	1187.0
7.853750	1177.8
7.857500	1182.1
7.861250	1237.8
7.865000	1182.1
7.868750	1216.0
7.872500	1214.4
7.876250	1195.7
7.880000	1163.0
7.883750	1220.4
7.887500	1234.7
7.891250	1191.4
7.895000	1167.9
7.898750	1199.6
7.902500	1202.9
7.906250	1210.8
7.910000	1259.0
7.913750	1263.4
7.917500	1253.0
7.921250	1218.4
7.925000	1245.4
7.928750	1201.1
7.932500	1128.0
7.936250	1204.3
7.940000	1210.9
7.943750	1211.3
7.947500	1223.8
7.951250	1260.9
7.955000	1188.2
7.958750	1222.5
7.962500	1241.2
7.966250	1272.5
7.970000	1239.6
7.973750	1227.1
7.977500	1246.5
7.981250	1287.9
7.985000	1275.4
7.988750	1285.8
7.992500	1283.6
7.996250	1316.8
8.000000	1334.5
8.003750	1342.6
8.007500	1338.1
8.011250	1294.5
8.015000	1284.4
8.018750	1260.7
8.022500	1289.1
8.026250	1359.5
8.030000	1192.2
8.033750	1188.4
8.037500	1220.5
8.041250	1264.3
8.045000	1279.5
8.048750	1201.6
8.052500	1178.8
8.056250	1215.6
8.060000	1188.3
8.063750	1260.9
8.067500	1182.8
8.071250	1200.4
8.075000	1193.6
8.078750	1267.9
8.082500	1260.5
8.086250	1265.1
8.090000	1195.1
8.093750	1253.8
8.097500	1213.8
8.101250	1232.3
8.105000	1241.8
8.108750	1201.3
8.112500	1192.6
8.116250	1205.4
8.120000	1209.6
8.123750	1280.4
8.127500	1189.0
8.131250	1209.2
8.135000	1233.1
8.138750	1202.9
8.142500	1183.7
8.146250	1191.8
8.150000	1180.2
8.153750	1201.4
8.157500	1152.1
8.161250	1243.0
8.165000	1199.5
8.168750	1245.7
8.172500	1258.7
8.176250	1164.6
8.180000	1260.0
8.183750	1266.2
8.187500	1256.0
8.191250	1241.1
8.195000	1236.3
8.198750	1223.2
8.202500	1251.2
8.206250	1224.1
8.210000	1187.2
8.213750	1282.3
8.217500	1210.2
8.221250	1179.5
8.225000	1232.1
8.228750	1239.8
8.232500	1236.1
8.236250	1225.7
8.240000	1237.4
8.243750	1246.9
8.247500	1195.6
8.251250	1231.5
8.255000	1205.6
8.258750	1254.1
8.262500	1222.8
8.266250	1241.4
8.270000	1205.2
8.273750	1178.2
8.277500	1135.5
8.281250	1212.8
8.285000	1241.1
8.288750	1237.9
8.292500	1295.6
8.296250	1265.7
8.300000	1282.2
8.303750	1247.0
8.307500	1256.2
8.311250	1264.3
8.315000	1189.6
8.318750	1277.6
8.322500	1246.0
8.326250	1246.3
8.330000	1227.3
8.333750	1189.4
8.337500	1153.3
8.341250	1199.6
8.345000	1167.6
8.348750	1210.4
8.352500	1229.3
8.356250	1207.6
8.360000	1220.5
8.363750	1230.4
8.367500	1267.4
8.371250	1243.1
8.375000	1247.8
8.378750	1224.4
8.382500	1210.3
8.386250	1240.2
8.390000	1198.1
8.393750	1214.8
8.397500	1258.6
8.401250	1246.9
8.405000	1246.5
8.408750	1251.6
8.412500	1258.3
8.416250	1205.6
8.420000	1231.9
8.423750	1256.2
8.427500	1231.9
8.431250	1295.8
8.435000	1245.9
8.438750	1268.9
8.442500	1259.9
8.446250	1270.3
8.450000	1243.9
8.453750	1279.8
8.457500	1283.1
8.461250	1274.2
8.465000	1271.8
8.468750	1220.5
8.472500	1261.3
8.476250	1228.9
8.480000	1234.1
8.483750	1214.3
8.487500	1215.4
8.491250	1278.8
8.495000	1255.5
8.498750	1314.5
8.502500	1276.4
8.506250	1256.1
8.510000	1213.3
8.513750	1243.8
8.517500	1240.5
8.521250	1189.8
8.525000	1239.9
8.528750	1313.5
8.532500	1274.1
8.536250	1230.7
8.540000	1289.6
8.543750	1281.3
8.547500	1240.3
8.551250	1298.5
8.555000	1205.6
8.558750	1285.7
8.562500	1248.7
8.566250	1234.0
8.570000	1283.7
8.573750	1325.8
8.577500	1273.6
8.581250	1232.1
8.585000	1263.6
8.588750	1332.8
8.592500	1333.0
8.596250	1276.7
8.600000	1320.2
8.603750	1302.7
8.607500	1314.6
8.611250	1263.8
8.615000	1254.6
8.618750	1297.9
8.622500	1272.6
8.626250	1265.9
8.630000	1297.3
8.633750	1284.4
8.637500	1221.2
8.641250	1313.8
8.645000	1307.2
8.648750	1363.2
8.652500	1315.4
8.656250	1354.0
8.660000	1331.3
8.663750	1268.2
8.667500	1317.1
8.671250	1297.0
8.675000	1332.1
8.678750	1296.9
8.682500	1237.3
8.686250	1287.0
8.690000	1318.7
8.693750	1285.0
8.697500	1338.9
8.701250	1323.6
8.705000	1351.5
8.708750	1321.0
8.712500	1324.5
8.716250	1361.2
8.720000	1353.5
8.723750	1375.3
8.727500	1336.1
8.731250	1390.3
8.735000	1375.4
8.738750	1411.0
8.742500	1380.4
8.746250	1326.9
8.750000	1383.3
8.753750	1423.0
8.757500	1378.3
8.761250	1423.3
8.765000	1420.4
8.768750	1460.9
8.772500	1364.2
8.776250	1387.5
8.780000	1356.1
8.783750	1419.3
8.787500	1414.7
8.791250	1427.7
8.795000	1432.6
8.798750	1457.6
8.802500	1445.7
8.806250	1434.5
8.810000	1408.4
8.813750	1464.4
8.817500	1456.0
8.821250	1478.9
8.825000	1486.1
8.828750	1453.6
8.832500	1466.3
8.836250	1520.2
8.840000	1546.8
8.843750	1567.5
8.847500	1561.0
8.851250	1552.6
8.855000	1535.5
8.858750	1584.0
8.862500	1633.1
8.866250	1619.8
8.870000	1616.0
8.873750	1663.0
8.877500	1736.9
8.881250	1753.0
8.885000	1722.3
8.888750	1706.8
8.892500	1770.4
8.896250	1758.4
8.900000	1796.2
8.903750	1865.3
8.907500	1854.3
8.911250	1886.5
8.915000	1885.0
8.918750	1908.1
8.922500	1970.1
8.926250	2048.0
8.930000	2125.0
8.933750	2111.4
8.937500	2097.0
8.941250	2251.6
8.945000	2238.2
8.948750	2287.0
8.952500	2412.7
8.956250	2482.6
8.960000	2606.6
8.963750	2655.5
8.967500	2758.8
8.971250	2918.2
8.975000	2984.1
8.978750	3193.5
8.982500	3456.7
8.986250	3534.9
8.990000	3757.6
8.993750	3978.7
8.997500	4275.4
9.001250	4455.6
9.005000	4671.0
9.008750	4826.7
9.012500	5140.1
9.016250	5416.9
9.020000	5715.7
9.023750	5824.0
9.027500	6078.8
9.031250	6247.3
9.035000	6337.3
9.038750	6451.0
9.042500	6787.6
9.046250	6735.8
9.050000	6531.9
9.053750	6487.8
9.057500	6552.0
9.061250	6543.1
9.065000	6448.7
9.068750	6374.5
9.072500	6162.3
9.076250	6043.6
9.080000	6020.3
9.083750	5719.6
9.087500	5547.8
9.091250	5380.6
9.095000	5138.6
9.098750	4990.8
9.102500	4937.5
9.106250	4782.8
9.110000	4635.3
9.113750	4401.8
9.117500	4235.5
9.121250	4015.5
9.125000	3907.8
9.128750	3730.0
9.132500	3656.4
9.136250	3408.6
9.140000	3346.4
9.143750	3205.6
9.147500	3024.8
9.151250	3080.9
9.155000	2936.0
9.158750	2772.6
9.162500	2680.4
9.166250	2614.6
9.170000	2508.9
9.173750	2453.7
9.177500	2406.5
9.181250	2377.5
9.185000	2236.9
9.188750	2123.2
9.192500	2117.5
9.196250	2165.7
9.200000	2075.1
9.203750	2079.3
9.207500	2032.2
9.211250	1989.0
9.215000	1964.5
9.218750	1902.2
9.222500	1787.6
9.226250	1788.6
9.230000	1785.3
9.233750	1772.7
9.237500	1698.0
9.241250	1737.6
9.245000	1752.9
9.248750	1705.1
9.252500	1632.8
9.256250	1637.1
9.260000	1653.0
9.263750	1638.0
9.267500	1569.6
9.271250	1625.9
9.275000	1542.4
9.278750	1521.8
9.282500	1470.3
9.286250	1510.9
9.290000	1535.9
9.293750	1482.0
9.297500	1509.2
9.301250	1526.4
9.305000	1445.0
9.308750	1449.8
9.312500	1486.3
9.316250	1414.6
9.320000	1488.3
9.323750	1469.4
9.327500	1414.3
9.331250	1376.2
9.335000	1447.6
9.338750	1439.8
9.342500	1444.1
9.346250	1378.8
9.350000	1460.9
9.353750	1424.4
9.357500	1458.2
9.361250	1383.6
9.365000	1370.4
9.368750	1361.1
9.372500	1421.1
9.376250	1367.3
9.380000	1344.5
9.383750	1336.4
9.387500	1372.9
9.391250	1338.8
9.395000	1415.7
9.398750	1368.6
9.402500	1360.5
9.406250	1305.4
9.410000	1342.3
9.413750	1314.9
9.417500	1342.2
9.421250	1369.2
9.425000	1327.6
9.428750	1348.7
9.432500	1348.6
9.436250	1391.0
9.440000	1338.6
9.443750	1277.7
9.447500	1295.3
9.451250	1371.7
9.455000	1264.0
9.458750	1270.4
9.462500	1323.7
9.466250	1315.2
9.470000	1325.4
9.473750	1352.9
9.477500	1318.6
9.481250	1321.7
9.485000	1348.1
9.488750	1372.0
9.492500	1284.8
9.496250	1269.6
9.500000	1331.3
9.503750	1331.7
9.507500	1320.3
9.511250	1367.1
9.515000	1352.7
9.518750	1316.3
9.522500	1276.3
9.526250	1245.3
9.530000	1264.6
9.533750	1334.9
9.537500	1312.1
9.541250	1321.4
9.545000	1340.0
9.548750	1292.1
9.552500	1342.7
9.556250	1359.9
9.560000	1383.3
9.563750	1295.4
9.567500	1303.4
9.571250	1332.6
9.575000	1274.2
9.578750	1278.2
9.582500	1345.5
9.586250	1377.3
9.590000	1269.4
9.593750	1326.6
9.597500	1296.5
9.601250	1274.2
9.605000	1379.3
9.608750	1323.2
9.612500	1337.3
9.616250	1299.4
9.620000	1375.9
9.623750	1336.5
9.627500	1282.2
9.631250	1317.9
9.635000	1330.4
9.638750	1286.4
9.642500	1285.2
9.646250	1281.6
9.650000	1248.8
9.653750	1280.3
9.657500	1365.2
9.661250	1346.1
9.665000	1341.5
9.668750	1322.3
9.672500	1297.5
9.676250	1292.6
9.680000	1354.5
9.683750	1308.2
9.687500	1359.9
9.691250	1299.0
9.695000	1251.2
9.698750	1316.9
9.702500	1344.6
9.706250	1278.5
9.710000	1294.4
9.713750	1295.1
9.717500	1306.2
9.721250	1288.5
9.725000	1320.0
9.728750	1273.1
9.732500	1291.6
9.736250	1336.3
9.740000	1264.9
9.743750	1265.6
9.747500	1274.9
9.751250	1343.5
9.755000	1383.3
9.758750	1286.4
9.762500	1313.5
9.766250	1285.1
9.770000	1263.3
9.773750	1255.4
9.777500	1328.5
9.781250	1287.2
9.785000	1281.6
9.788750	1304.3
9.792500	1304.2
9.796250	1265.4
9.800000	1286.7
9.803750	1262.6
9.807500	1266.5
9.811250	1249.6
9.815000	1309.3
9.818750	1275.1
9.822500	1315.5
9.826250	1327.3
9.830000	1297.3
9.833750	1304.9
9.837500	1286.3
9.841250	1302.2
9.845000	1289.6
9.848750	1344.3
9.852500	1367.1
9.856250	1246.4
9.860000	1292.4
9.863750	1371.7
9.867500	1315.0
9.871250	1280.3
9.875000	1319.2
9.878750	1283.2
9.882500	1284.0
9.886250	1303.6
9.890000	1264.0
9.893750	1283.0
9.897500	1290.5
9.901250	1269.0
9.905000	1312.7
9.908750	1321.8
9.912500	1274.3
9.916250	1212.5
9.920000	1288.3
9.923750	1350.7
9.927500	1322.3
9.931250	1313.8
9.935000	1295.5
9.938750	1326.3
9.942500	1324.3
9.946250	1310.5
9.950000	1347.0
9.953750	1252.1
9.957500	1307.0
9.961250	1229.5
9.965000	1323.7
9.968750	1279.1
9.972500	1250.9
9.976250	1270.1
9.980000	1262.0
9.983750	1245.9
9.987500	1291.3
9.991250	1244.4
9.995000	1262.1
9.998750	1241.2
10.002500	1297.4
10.006250	1298.0
10.010000	1293.0
10.013750	1252.4
10.017500	1280.0
10.021250	1296.2
10.025000	1349.3
10.028750	1336.1
10.032500	1334.2
10.036250	1302.1
10.040000	1281.0
10.043750	1335.9
10.047500	1292.0
10.051250	1259.9
10.055000	1282.2
10.058750	1362.6
10.062500	1283.0
10.066250	1337.4
10.070000	1344.7
10.073750	1318.8
10.077500	1353.7
10.081250	1364.7
10.085000	1325.3
10.088750	1345.5
10.092500	1436.4
10.096250	1411.6
10.100000	1331.6
10.103750	1385.5
10.107500	1430.7
10.111250	1348.6
10.115000	1323.1
10.118750	1319.8
10.122500	1398.0
10.126250	1388.0
10.130000	1381.8
10.133750	1326.2
10.137500	1332.2
10.141250	1293.8
10.145000	1321.2
10.148750	1362.7
10.152500	1273.6
10.156250	1265.2
10.160000	1343.0
10.163750	1272.1
10.167500	1354.9
10.171250	1330.9
10.175000	1324.7
10.178750	1300.9
10.182500	1325.1
10.186250	1327.6
10.190000	1359.6
10.193750	1372.6
10.197500	1281.9
10.201250	1321.4
10.205000	1334.1
10.208750	1387.8
10.212500	1303.1
10.216250	1301.6
10.220000	1298.2
10.223750	1332.0
10.227500	1271.0
10.231250	1290.6
10.235000	1317.3
10.238750	1300.7
10.242500	1269.0
10.246250	1335.9
10.250000	1352.8
10.253750	1403.7
10.257500	1315.3
10.261250	1329.9
10.265000	1286.1
10.268750	1309.1
10.272500	1304.7
10.276250	1342.2
10.280000	1293.7
10.283750	1368.6
10.287500	1282.8
10.291250	1326.4
10.295000	1307.3
10.298750	1346.0
10.302500	1400.4
10.306250	1413.2
10.310000	1337.4
10.313750	1316.1
10.317500	1301.5
10.321250	1315.6
10.325000	1265.2
10.328750	1295.7
10.332500	1364.1
10.336250	1307.8
10.340000	1331.0
10.343750	1298.6
10.347500	1291.4
10.351250	1336.8
10.355000	1398.5
10.358750	1369.9
10.362500	1348.3
10.366250	1273.4
10.370000	1309.9
10.373750	1290.2
10.377500	1327.1
10.381250	1304.4
10.385000	1258.6
10.388750	1343.5
10.392500	1305.3
10.396250	1319.0
10.400000	1371.8
10.403750	1292.4
10.407500	1333.4
10.411250	1340.9
10.415000	1308.7
10.418750	1396.7
10.422500	1324.0
10.426250	1305.1
10.430000	1281.5
10.433750	1330.6
10.437500	1309.0
10.441250	1364.6
10.445000	1312.2
10.448750	1331.6
10.452500	1332.1
10.456250	1404.0
10.460000	1392.6
10.463750	1391.8
10.467500	1367.5
10.471250	1421.4
10.475000	1362.2
10.478750	1413.1
10.482500	1444.3
10.486250	1395.8
10.490000	1395.3
10.493750	1404.0
10.497500	1330.0
10.501250	1302.8
10.505000	1328.3
10.508750	1294.8
10.512500	1331.7
10.516250	1281.5
10.520000	1362.9
10.523750	1320.5
10.527500	1270.5
10.531250	1241.2
10.535000	1272.7
10.538750	1331.1
10.542500	1352.2
10.546250	1330.4
10.550000	1311.1
10.553750	1380.1
10.557500	1352.7
10.561250	1393.4
10.565000	1464.5
10.568750	1332.7
10.572500	1362.4
10.576250	1347.2
10.580000	1426.5
10.583750	1425.8
10.587500	1340.6
10.591250	1404.2
10.595000	1382.8
10.598750	1373.6
10.602500	1302.1
10.606250	1280.8
10.610000	1321.1
10.613750	1331.5
10.617500	1298.7
10.621250	1365.2
10.625000	1288.3
10.628750	1319.4
10.632500	1304.3
10.636250	1365.5
10.640000	1312.6
10.643750	1290.7
10.647500	1330.2
10.651250	1398.3
10.655000	1396.2
10.658750	1391.2
10.662500	1311.5
10.666250	1302.8
10.670000	1414.1
10.673750	1462.0
10.677500	1369.4
10.681250	1442.5
10.685000	1430.7
10.688750	1381.4
10.692500	1378.0
10.696250	1354.3
10.700000	1358.7
10.703750	1354.6
10.707500	1307.4
10.711250	1393.6
10.715000	1346.4
10.718750	1374.5
10.722500	1381.4
10.726250	1315.7
10.730000	1320.6
10.733750	1361.7
10.737500	1324.7
10.741250	1412.2
10.745000	1338.2
10.748750	1381.5
10.752500	1383.0
10.756250	1338.1
10.760000	1321.6
10.763750	1325.8
10.767500	1370.3
10.771250	1408.3
10.775000	1372.7
10.778750	1387.3
10.782500	1459.6
10.786250	1383.6
10.790000	1392.8
10.793750	1423.7
10.797500	1300.1
10.801250	1320.5
10.805000	1296.1
10.808750	1347.4
10.812500	1330.3
10.816250	1385.9
10.820000	1397.3
10.823750	1314.7
10.827500	1330.7
10.831250	1413.6
10.835000	1363.6
10.838750	1357.7
10.842500	1393.4
10.846250	1318.6
10.850000	1376.9
10.853750	1361.6
10.857500	1406.0
10.861250	1403.0
10.865000	1357.0
10.868750	1392.0
10.872500	1338.1
10.876250	1318.1
10.880000	1366.3
10.883750	1428.3
10.887500	1408.1
10.891250	1393.2
10.895000	1368.9
10.898750	1396.5
10.902500	1393.3
10.906250	1380.2
10.910000	1408.5
10.913750	1426.1
10.917500	1392.1
10.921250	1396.1
10.925000	1330.5
10.928750	1324.8
10.932500	1372.2
10.936250	1344.3
10.940000	1459.2
10.943750	1405.6
10.947500	1423.3
10.951250	1415.5
10.955000	1411.6
10.958750	1371.6
10.962500	1334.4
10.966250	1372.5
10.970000	1354.3
10.973750	1340.3
10.977500	1460.8
10.981250	1373.5
10.985000	1440.1
10.988750	1296.5
10.992500	1410.2
10.996250	1333.5
11.000000	1430.0
11.003750	1412.1
11.007500	1383.3
11.011250	1404.2
11.015000	1405.1
11.018750	1405.6
11.022500	1315.8
11.026250	1422.8
11.030000	1513.6
11.033750	1403.4
11.037500	1422.9
11.041250	1478.2
11.045000	1408.9
11.048750	1410.6
11.052500	1387.2
11.056250	1418.4
11.060000	1395.5
11.063750	1396.6
11.067500	1402.1
11.071250	1394.0
11.075000	1428.5
11.078750	1372.7
11.082500	1434.0
11.086250	1317.1
11.090000	1404.3
11.093750	1351.5
11.097500	1252.3
11.101250	1434.4
11.105000	1384.4
11.108750	1327.5
11.112500	1538.3
11.116250	1389.9
11.120000	1396.0
11.123750	1371.5
11.127500	1402.0
11.131250	1353.4
11.135000	1386.2
11.138750	1447.9
11.142500	1378.3
11.146250	1447.3
11.150000	1348.5
11.153750	1345.7
11.157500	1486.3
11.161250	1414.1
11.165000	1416.5
11.168750	1423.8
11.172500	1367.5
11.176250	1438.2
11.180000	1414.1
11.183750	1392.5
11.187500	1418.2
11.191250	1417.6
11.195000	1473.3
11.198750	1349.7
11.202500	1408.5
11.206250	1435.0
11.210000	1460.9
11.213750	1424.8
11.217500	1426.8
11.221250	1462.7
11.225000	1439.1
11.228750	1422.5
11.232500	1406.8
11.236250	1462.2
11.240000	1413.0
11.243750	1441.6
11.247500	1416.5
11.251250	1531.3
11.255000	1462.4
11.258750	1422.2
11.262500	1429.0
11.266250	1435.8
11.270000	1355.7
11.273750	1472.1
11.277500	1450.7
11.281250	1468.9
11.285000	1388.7
11.288750	1415.5
11.292500	1381.9
11.296250	1395.0
11.300000	1412.2
11.303750	1404.6
11.307500	1480.3
11.311250	1516.7
11.315000	1394.1
11.318750	1418.6
11.322500	1417.8
11.326250	1397.4
11.330000	1402.5
11.333750	1454.1
11.337500	1409.2
11.341250	1429.0
11.345000	1394.3
11.348750	1386.4
11.352500	1466.6
11.356250	1373.8
11.360000	1422.5
11.363750	1418.0
11.367500	1386.8
11.371250	1376.6
11.375000	1418.4
11.378750	1456.8
11.382500	1440.2
11.386250	1436.3
11.390000	1485.6
11.393750	1512.0
11.397500	1477.2
11.401250	1449.3
11.405000	1445.5
11.408750	1444.6
11.412500	1466.7
11.416250	1472.5
11.420000	1443.3
11.423750	1469.9
11.427500	1406.8
11.431250	1463.1
11.435000	1497.4
11.438750	1515.5
11.442500	1481.7
11.446250	1483.0
11.450000	1491.5
11.453750	1470.7
11.457500	1418.4
11.461250	1446.5
11.465000	1460.4
11.468750	1440.7
11.472500	1457.4
11.476250	1425.2
11.480000	1476.4
11.483750	1503.9
11.487500	1497.4
11.491250	1421.0
11.495000	1442.3
11.498750	1540.5
11.502500	1420.0
11.506250	1457.2
11.510000	1485.4
11.513750	1492.8
11.517500	1495.0
11.521250	1507.1
11.525000	1431.2
11.528750	1482.7
11.532500	1445.9
11.536250	1472.8
11.540000	1475.8
11.543750	1450.0
11.547500	1497.5
11.551250	1569.4
11.555000	1489.5
11.558750	1427.6
11.562500	1466.9
11.566250	1462.4
11.570000	1492.4
11.573750	1490.4
11.577500	1456.0
11.581250	1475.1
11.585000	1424.1
11.588750	1410.5
11.592500	1418.7
11.596250	1416.5
11.600000	1494.6
11.603750	1495.1
11.607500	1467.4
11.611250	1449.5
11.615000	1449.1
11.618750	1419.2
11.622500	1476.2
11.626250	1471.1
11.630000	1497.2
11.633750	1468.2
11.637500	1459.5
11.641250	1487.4
11.645000	1496.6
11.648750	1451.1
11.652500	1445.0
11.656250	1486.8
11.660000	1476.1
11.663750	1509.0
11.667500	1448.7
11.671250	1499.5
11.675000	1496.6
11.678750	1469.7
11.682500	1521.4
11.686250	1497.7
11.690000	1494.5
11.693750	1483.6
11.697500	1518.5
11.701250	1467.6
11.705000	1494.4
11.708750	1503.9
11.712500	1524.1
11.716250	1542.8
11.720000	1527.8
11.723750	1546.4
11.727500	1491.7
11.731250	1472.2
11.735000	1436.9
11.738750	1461.2
11.742500	1557.8
11.746250	1527.2
11.750000	1483.4
11.753750	1502.0
11.757500	1471.0
11.761250	1467.1
11.765000	1441.3
11.768750	1485.2
11.772500	1532.2
11.776250	1507.6
11.780000	1474.0
11.783750	1584.2
11.787500	1459.8
11.791250	1472.1
11.795000	1530.3
11.798750	1458.2
11.802500	1531.8
11.806250	1496.1
11.810000	1518.1
11.813750	1515.3
11.817500	1477.9
11.821250	1503.3
11.825000	1520.3
11.828750	1557.4
11.832500	1531.7
11.836250	1462.0
11.840000	1473.3
11.843750	1504.0
11.847500	1554.4
11.851250	1467.1
11.855000	1548.0
11.858750	1587.7
11.862500	1481.5
11.866250	1572.4
11.870000	1553.8
11.873750	1523.2
11.877500	1454.3
11.881250	1469.9
11.885000	1583.8
11.888750	1499.8
11.892500	1507.3
11.896250	1450.6
11.900000	1493.2
11.903750	1521.9
11.907500	1490.9
11.911250	1484.2
11.915000	1560.5
11.918750	1572.1
11.922500	1515.3
11.926250	1510.4
11.930000	1493.8
11.933750	1501.5
11.937500	1590.2
11.941250	1523.2
11.945000	1532.1
11.948750	1523.8
11.952500	1522.4
11.956250	1542.0
11.960000	1518.4
11.963750	1544.9
11.967500	1485.5
11.971250	1503.2
11.975000	1492.2
11.978750	1599.9
11.982500	1491.9
11.986250	1523.8
11.990000	1515.8
11.993750	1495.6
11.997500	1565.0
12.001250	1553.4
12.005000	1503.0
12.008750	1498.0
12.012500	1580.4
12.016250	1513.3
12.020000	1480.0
12.023750	1542.7
12.027500	1573.2
12.031250	1503.5
12.035000	1591.9
12.038750	1536.2
12.042500	1464.2
12.046250	1505.7
12.050000	1492.7
12.053750	1523.4
12.057500	1521.9
12.061250	1489.8
12.065000	1561.1
12.068750	1574.8
12.072500	1631.6
12.076250	1536.2
12.080000	1607.3
12.083750	1606.2
12.087500	1526.0
12.091250	1534.5
12.095000	1574.2
12.098750	1564.7
12.102500	1518.6
12.106250	1591.3
12.110000	1569.1
12.113750	1519.1
12.117500	1596.2
12.121250	1526.0
12.125000	1576.8
12.128750	1576.1
12.132500	1555.1
12.136250	1581.7
12.140000	1444.4
12.143750	1549.4
12.147500	1564.2
12.151250	1542.9
12.155000	1566.6
12.158750	1545.5
12.162500	1585.1
12.166250	1552.1
12.170000	1562.1
12.173750	1549.4
12.177500	1554.3
12.181250	1606.2
12.185000	1597.4
12.188750	1626.6
12.192500	1557.9
12.196250	1518.1
12.200000	1588.0
12.203750	1599.0
12.207500	1522.3
12.211250	1543.0
12.215000	1567.1
12.218750	1537.4
12.222500	1610.9
12.226250	1581.7
12.230000	1563.5
12.233750	1518.6
12.237500	1585.2
12.241250	1612.5
12.245000	1613.9
12.248750	1649.2
12.252500	1552.1
12.256250	1488.0
12.260000	1571.2
12.263750	1562.9
12.267500	1602.9
12.271250	1614.1
12.275000	1553.3
12.278750	1585.6
12.282500	1553.5
12.286250	1610.8
12.290000	1560.6
12.293750	1629.8
12.297500	1587.3
12.301250	1633.0
12.305000	1584.9
12.308750	1612.2
12.312500	1691.7
12.316250	1650.0
12.320000	1583.6
12.323750	1597.5
12.327500	1605.1
12.331250	1557.1
12.335000	1639.0
12.338750	1683.1
12.342500	1565.4
12.346250	1515.8
12.350000	1579.8
12.353750	1638.3
12.357500	1615.6
12.361250	1571.1
12.365000	1631.3
12.368750	1615.0
12.372500	1534.1
12.376250	1567.3
12.380000	1554.9
12.383750	1564.0
12.387500	1541.6
12.391250	1613.2
12.395000	1565.5
12.398750	1649.5
12.402500	1638.3
12.406250	1591.6
12.410000	1573.2
12.413750	1583.0
12.417500	1625.1
12.421250	1652.4
12.425000	1723.2
12.428750	1657.6
12.432500	1587.4
12.436250	1563.6
12.440000	1578.5
12.443750	1608.1
12.447500	1575.6
12.451250	1624.1
12.455000	1544.7
12.458750	1574.8
12.462500	1581.5
12.466250	1665.7
12.470000	1587.5
12.473750	1569.0
12.477500	1539.8
12.481250	1539.4
12.485000	1631.9
12.488750	1649.0
12.492500	1558.2
12.496250	1658.9
12.500000	1616.8
12.503750	1559.2
12.507500	1623.6
12.511250	1634.0
12.515000	1620.4
12.518750	1589.3
12.522500	1590.0
12.526250	1639.5
12.530000	1619.7
12.533750	1666.1
12.537500	1617.9
12.541250	1634.0
12.545000	1686.6
12.548750	1614.3
12.552500	1612.9
12.556250	1644.6
12.560000	1625.5
12.563750	1513.5
12.567500	1554.3
12.571250	1624.0
12.575000	1698.2
12.578750	1642.3
12.582500	1566.9
12.586250	1622.9
12.590000	1607.2
12.593750	1656.3
12.597500	1604.6
12.601250	1620.4
12.605000	1667.1
12.608750	1675.8
12.612500	1684.5
12.616250	1665.5
12.620000	1687.5
12.623750	1675.9
12.627500	1668.3
12.631250	1715.2
12.635000	1645.4
12.638750	1639.3
12.642500	1675.6
12.646250	1642.2
12.650000	1647.9
12.653750	1646.4
12.657500	1593.9
12.661250	1615.6
12.665000	1685.1
12.668750	1730.7
12.672500	1685.7
12.676250	1679.3
12.680000	1663.5
12.683750	1661.4
12.687500	1651.0
12.691250	1680.6
12.695000	1689.6
12.698750	1706.4
12.702500	1653.8
12.706250	1666.9
12.710000	1724.1
12.713750	1705.0
12.717500	1737.6
12.721250	1732.8
12.725000	1708.7
12.728750	1665.3
12.732500	1717.4
12.736250	1726.3
12.740000	1765.0
12.743750	1769.7
12.747500	1740.6
12.751250	1638.1
12.755000	1751.9
12.758750	1828.0
12.762500	1780.6
12.766250	1811.7
12.770000	1833.8
12.773750	1807.0
12.777500	1811.4
12.781250	1845.3
12.785000	1869.0
12.788750	1828.5
12.792500	1883.5
12.796250	1957.0
12.800000	1909.1
12.803750	1958.1
12.807500	1972.9
12.811250	2021.8
12.815000	1924.0
12.818750	1940.2
12.822500	2027.7
12.826250	2008.6
12.830000	2010.2
12.833750	2015.1
12.837500	2012.4
12.841250	2104.1
12.845000	2117.5
12.848750	2045.6
12.852500	2087.8
12.856250	2101.4
12.860000	2047.6
12.863750	2160.6
12.867500	2116.6
12.871250	2006.3
12.875000	2074.3
12.878750	2043.2
12.882500	2010.2
12.886250	2091.2
12.890000	1997.1
12.893750	1957.8
12.897500	1957.6
12.901250	2036.6
12.905000	1998.1
12.908750	1958.2
12.912500	1931.8
12.916250	1947.1
12.920000	1877.8
12.923750	1836.4
12.927500	1857.3
12.931250	1881.7
12.935000	1891.3
12.938750	1908.1
12.942500	1895.4
12.946250	1842.4
12.950000	1807.2
12.953750	1814.1
12.957500	1822.0
12.961250	1765.6
12.965000	1783.6
12.968750	1783.0
12.972500	1746.2
12.976250	1848.2
12.980000	1812.0
12.983750	1717.0
12.987500	1665.4
12.991250	1694.4
12.995000	1751.6
12.998750	1746.1
13.002500	1727.3
13.006250	1736.0
13.010000	1712.9
13.013750	1737.3
13.017500	1734.4
13.021250	1706.8
13.025000	1758.5
13.028750	1742.0
13.032500	1675.2
13.036250	1618.4
13.040000	1717.4
13.043750	1753.3
13.047500	1754.9
13.051250	1678.5
13.055000	1657.9
13.058750	1726.6
13.062500	1695.2
13.066250	1656.0
13.070000	1638.3
13.073750	1706.8
13.077500	1770.8
13.081250	1779.1
13.085000	1727.5
13.088750	1658.6
13.092500	1632.5
13.096250	1717.2
13.100000	1787.6
13.103750	1750.0
13.107500	1722.8
13.111250	1720.2
13.115000	1731.9
13.118750	1688.0
13.122500	1707.6
13.126250	1693.3
13.130000	1729.1
13.133750	1669.0
13.137500	1724.7
13.141250	1740.0
13.145000	1664.9
13.148750	1680.9
13.152500	1661.7
13.156250	1698.5
13.160000	1649.4
13.163750	1751.0
13.167500	1662.8
13.171250	1745.0
13.175000	1728.5
13.178750	1726.5
13.182500	1704.0
13.186250	1750.3
13.190000	1734.5
13.193750	1744.4
13.197500	1742.3
13.201250	1685.1
13.205000	1737.0
13.208750	1657.9
13.212500	1668.2
13.216250	1724.4
13.220000	1674.1
13.223750	1736.6
13.227500	1748.0
13.231250	1702.9
13.235000	1640.2
13.238750	1687.1
13.242500	1635.0
13.246250	1728.7
13.250000	1716.3
13.253750	1659.2
13.257500	1629.0
13.261250	1714.2
13.265000	1699.0
13.268750	1732.1
13.272500	1747.3
13.276250	1789.0
13.280000	1685.4
13.283750	1674.3
13.287500	1696.9
13.291250	1679.0
13.295000	1648.8
13.298750	1619.7
13.302500	1737.2
13.306250	1706.4
13.310000	1675.1
13.313750	1716.6
13.317500	1646.4
13.321250	1658.4
13.325000	1656.6
13.328750	1707.6
13.332500	1714.8
13.336250	1679.8
13.340000	1791.1
13.343750	1649.5
13.347500	1710.5
13.351250	1766.6
13.355000	1729.0
13.358750	1695.3
13.362500	1723.2
13.366250	1620.4
13.370000	1653.3
13.373750	1729.7
13.377500	1662.2
13.381250	1715.8
13.385000	1720.7
13.388750	1693.6
13.392500	1740.2
13.396250	1681.0
13.400000	1619.1
13.403750	1666.7
13.407500	1747.9
13.411250	1723.6
13.415000	1751.1
13.418750	1658.2
13.422500	1719.7
13.426250	1737.2
13.430000	1673.7
13.433750	1711.7
13.437500	1695.0
13.441250	1739.1
13.445000	1782.5
13.448750	1820.5
13.452500	1874.3
13.456250	1891.8
13.460000	2149.0
13.463750	2423.2
13.467500	2752.6
13.471250	2965.9
13.475000	2908.7
13.478750	2967.1
13.482500	2831.0
13.486250	2502.4
13.490000	2298.2
13.493750	2058.0
13.497500	1801.1
13.501250	1854.9
13.505000	1771.6
13.508750	1719.0
13.512500	1747.8
13.516250	1772.5
13.520000	1686.3
13.523750	1710.3
13.527500	1759.0
13.531250	1754.8
13.535000	1679.5
13.538750	1693.4
13.542500	1687.3
13.546250	1762.0
13.550000	1772.1
13.553750	1717.1
13.557500	1732.2
13.561250	1702.5
13.565000	1784.4
13.568750	1737.8
13.572500	1753.2
13.576250	1757.7
13.580000	1761.8
13.583750	1741.8
13.587500	1724.1
13.591250	1777.0
13.595000	1719.3
13.598750	1710.0
13.602500	1779.4
13.606250	1697.0
13.610000	1703.9
13.613750	1714.5
13.617500	1707.2
13.621250	1736.4
13.625000	1764.6
13.628750	1766.5
13.632500	1742.6
13.636250	1771.8
13.640000	1804.4
13.643750	1731.9
13.647500	1746.3
13.651250	1762.8
13.655000	1713.9
13.658750	1766.6
13.662500	1800.3
13.666250	1818.1
13.670000	1789.7
13.673750	1769.0
13.677500	1781.3
13.681250	1833.1
13.685000	1832.8
13.688750	1721.6
13.692500	1782.9
13.696250	1746.9
13.700000	1804.5
13.703750	1832.7
13.707500	1811.2
13.711250	1755.6
13.715000	1822.7
13.718750	1758.6
13.722500	1774.4
13.726250	1747.0
13.730000	1830.7
13.733750	1779.1
13.737500	1811.6
13.741250	1800.3
13.745000	1811.1
13.748750	1850.1
13.752500	1867.1
13.756250	1809.3
13.760000	1788.4
13.763750	1811.5
13.767500	1869.9
13.771250	1897.9
13.775000	1824.3
13.778750	1885.1
13.782500	1836.3
13.786250	1857.4
13.790000	1949.5
13.793750	1837.9
13.797500	1908.8
13.801250	1845.6
13.805000	1792.6
13.808750	1832.3
13.812500	1944.5
13.816250	1922.4
13.820000	1874.9
13.823750	1843.5
13.827500	1890.8
13.831250	1889.2
13.835000	1897.2
13.838750	1859.4
13.842500	1899.6
13.846250	1923.0
13.850000	1845.1
13.853750	1831.0
13.857500	1893.1
13.861250	1826.5
13.865000	1892.0
13.868750	1833.0
13.872500	1908.3
13.876250	1844.6
13.880000	1842.5
13.883750	1785.8
13.887500	1809.1
13.891250	1848.7
13.895000	1895.8
13.898750	1916.5
13.902500	1859.7
13.906250	1867.8
13.910000	1869.6
13.913750	1829.2
13.917500	1864.7
13.921250	1825.6
13.925000	1773.3
13.928750	1885.6
13.932500	1862.1
13.936250	1837.2
13.940000	1871.4
13.943750	1873.2
13.947500	1884.8
13.951250	1838.9
13.955000	1817.3
13.958750	1782.2
13.962500	1874.4
13.966250	1863.5
13.970000	1765.3
13.973750	1825.8
13.977500	1789.3
13.981250	1857.1
13.985000	1825.5
13.988750	1922.3
13.992500	1873.1
13.996250	1838.9
14.000000	1881.4
14.003750	1884.6
14.007500	1871.8
14.011250	1852.7
14.015000	1897.9
14.018750	1832.2
14.022500	1840.8
14.026250	1863.6
14.030000	1869.9
14.033750	1846.5
14.037500	1833.5
14.041250	1876.3
14.045000	1872.9
14.048750	1858.6
14.052500	1828.7
14.056250	1812.1
14.060000	1787.4
14.063750	1779.1
14.067500	1827.5
14.071250	1823.0
14.075000	1812.8
14.078750	1818.8
14.082500	1819.3
14.086250	1811.7
14.090000	1792.8
14.093750	1800.4
14.097500	1858.8
14.101250	1877.9
14.105000	1903.2
14.108750	1821.9
14.112500	1828.3
14.116250	1785.4
14.120000	1850.5
14.123750	1867.8
14.127500	1807.0
14.131250	1709.5
14.135000	1801.9
14.138750	1871.9
14.142500	1773.8
14.146250	1883.9
14.150000	1825.2
14.153750	1849.5
14.157500	1819.4
14.161250	1811.9
14.165000	1856.9
14.168750	1843.1
14.172500	1854.1
14.176250	1963.7
14.180000	1882.0
14.183750	1843.3
14.187500	1833.6
14.191250	1811.9
14.195000	1822.7
14.198750	1871.1
14.202500	1917.1
14.206250	1825.3
14.210000	1870.0
14.213750	1861.2
14.217500	1899.4
14.221250	1854.0
14.225000	1886.9
14.228750	1888.1
14.232500	1902.9
14.236250	1877.3
14.240000	1846.8
14.243750	1886.0
14.247500	1845.6
14.251250	1901.8
14.255000	1878.8
14.258750	1893.9
14.262500	1856.2
14.266250	1882.6
14.270000	1884.2
14.273750	1865.9
14.277500	1976.4
14.281250	1940.9
14.285000	1983.7
14.288750	1902.3
14.292500	1844.8
14.296250	1834.0
14.300000	1876.1
14.303750	1926.8
14.307500	1865.1
14.311250	1912.3
14.315000	1933.2
14.318750	1917.3
14.322500	1972.6
14.326250	1950.3
14.330000	1940.3
14.333750	1991.5
14.337500	1978.8
14.341250	1866.4
14.345000	1956.7
14.348750	1913.4
14.352500	1927.7
14.356250	1901.9
14.360000	1964.5
14.363750	1991.3
14.367500	2021.4
14.371250	1908.1
14.375000	1860.4
14.378750	1932.7
14.382500	1978.3
14.386250	1900.6
14.390000	1960.2
14.393750	1974.3
14.397500	1962.6
14.401250	1980.9
14.405000	1974.7
14.408750	1956.8
14.412500	1896.3
14.416250	1956.4
14.420000	1922.3
14.423750	1919.8
14.427500	1901.7
14.431250	1873.5
14.435000	1865.2
14.438750	1924.2
14.442500	1932.7
14.446250	1909.8
14.450000	1847.7
14.453750	1957.4
14.457500	1939.6
14.461250	1875.0
14.465000	1888.2
14.468750	1823.0
14.472500	1869.9
14.476250	1835.8
14.480000	1829.4
14.483750	1901.3
14.487500	1819.1
14.491250	1819.9
14.495000	1813.1
14.498750	1801.6
14.502500	1848.0
14.506250	1854.8
14.510000	1893.6
14.513750	1870.0
14.517500	1823.9
14.521250	1840.3
14.525000	1815.6
14.528750	1831.8
14.532500	1782.5
14.536250	1868.7
14.540000	1887.0
14.543750	1798.3
14.547500	1832.9
14.551250	1827.8
14.555000	1867.5
14.558750	1781.0
14.562500	1834.7
14.566250	1842.3
14.570000	1883.1
14.573750	1869.4
14.577500	1875.5
14.581250	1835.7
14.585000	1918.7
14.588750	1841.7
14.592500	1829.5
14.596250	1870.4
14.600000	1878.0
14.603750	1897.9
14.607500	1806.7
14.611250	1862.3
14.615000	1920.3
14.618750	1828.5
14.622500	1795.3
14.626250	1855.1
14.630000	1940.1
14.633750	1854.5
14.637500	1799.2
14.641250	1901.9
14.645000	1896.7
14.648750	1872.1
14.652500	1943.0
14.656250	1836.6
14.660000	1824.5
14.663750	1858.6
14.667500	1884.0
14.671250	1892.9
14.675000	1786.2
14.678750	1951.1
14.682500	1881.8
14.686250	1852.9
14.690000	1886.9
14.693750	1838.7
14.697500	1861.5
14.701250	1856.1
14.705000	1848.5
14.708750	1823.3
14.712500	1930.2
14.716250	1941.0
14.720000	1938.1
14.723750	1956.1
14.727500	1912.5
14.731250	1850.2
14.735000	1876.8
14.738750	1892.9
14.742500	1890.6
14.746250	1979.0
14.750000	1955.0
14.753750	1860.8
14.757500	1886.3
14.761250	1940.7
14.765000	2004.0
14.768750	1879.3
14.772500	1816.5
14.776250	1857.1
14.780000	1928.5
14.783750	1871.2
14.787500	1854.4
14.791250	1908.4
14.795000	1936.4
14.798750	1928.9
14.802500	1878.8
14.806250	1893.8
14.810000	1891.9
14.813750	1903.8
14.817500	1838.5
14.821250	1910.4
14.825000	1899.2
14.828750	1793.3
14.832500	1827.9
14.836250	1883.6
14.840000	1861.0
14.843750	1880.7
14.847500	1893.6
14.851250	1912.2
14.855000	1949.7
14.858750	1929.1
14.862500	1851.8
14.866250	1876.9
14.870000	1828.9
14.873750	1873.8
14.877500	1817.9
14.881250	1878.6
14.885000	1845.9
14.888750	1886.9
14.892500	1939.5
14.896250	1948.1
14.900000	1884.3
14.903750	1880.3
14.907500	1897.9
14.911250	1903.6
14.915000	1907.9
14.918750	1908.5
14.922500	1870.9
14.926250	1818.4
14.930000	1898.2
14.933750	1861.2
14.937500	1883.4
14.941250	1964.8
14.945000	1864.8
14.948750	1867.1
14.952500	1924.3
14.956250	1930.1
14.960000	1895.3
14.963750	1967.5
14.967500	1960.2
14.971250	1898.0
14.975000	1941.5
14.978750	1860.8
14.982500	1859.0
14.986250	1886.7
14.990000	2011.1
14.993750	1870.6
14.997500	1907.2
15.001250	1977.1
15.005000	1822.1
15.008750	1973.7
15.012500	1960.2
15.016250	1932.5
15.020000	1931.2
15.023750	1924.9
15.027500	2072.0
15.031250	1921.3
15.035000	1966.2
15.038750	1901.9
15.042500	1908.9
15.046250	1946.8
15.050000	1950.3
15.053750	1866.7
15.057500	1833.6
15.061250	1871.5
15.065000	1897.7
15.068750	1919.4
15.072500	1975.2
15.076250	2009.8
15.080000	1897.0
15.083750	2010.0
15.087500	1974.2
15.091250	1905.5
15.095000	2036.0
15.098750	1829.7
15.102500	1885.1
15.106250	1911.5
15.110000	1977.4
15.113750	1897.5
15.117500	1859.9
15.121250	1920.7
15.125000	1919.4
15.128750	1975.6
15.132500	1980.0
15.136250	1951.2
15.140000	1904.6
15.143750	1965.0
15.147500	1954.7
15.151250	2000.5
15.155000	1950.3
15.158750	1967.6
15.162500	1925.9
15.166250	2022.4
15.170000	1932.8
15.173750	2000.7
15.177500	1870.6
15.181250	1924.5
15.185000	1977.9
15.188750	1956.7
15.192500	1948.2
15.196250	2017.3
15.200000	1977.5
15.203750	2006.4
15.207500	2061.6
15.211250	1996.8
15.215000	2037.1
15.218750	2030.4
15.222500	2061.4
15.226250	2000.3
15.230000	1951.8
15.233750	1865.3
15.237500	2032.5
15.241250	1972.1
15.245000	1995.2
15.248750	1976.9
15.252500	1975.1
15.256250	2029.0
15.260000	2016.1
15.263750	1988.9
15.267500	2045.7
15.271250	1979.1
15.275000	2082.0
15.278750	2114.6
15.282500	2004.6
15.286250	2007.1
15.290000	2044.0
15.293750	1970.4
15.297500	1983.8
15.301250	2022.4
15.305000	1995.0
15.308750	2016.7
15.312500	2111.2
15.316250	2106.3
15.320000	2056.3
15.323750	2122.4
15.327500	2048.5
15.331250	2042.9
15.335000	2068.1
15.338750	2023.6
15.342500	2135.8
15.346250	2067.9
15.350000	2119.1
15.353750	2070.5
15.357500	2155.7
15.361250	2129.9
15.365000	2080.9
15.368750	2063.8
15.372500	2075.8
15.376250	2130.8
15.380000	2028.3
15.383750	2089.1
15.387500	2031.4
15.391250	2182.3
15.395000	2143.6
15.398750	2201.0
15.402500	2128.2
15.406250	2130.7
15.410000	2123.8
15.413750	2123.5
15.417500	2163.4
15.421250	2153.2
15.425000	2265.3
15.428750	2221.6
15.432500	2176.7
15.436250	2280.2
15.440000	2198.2
15.443750	2278.5
15.447500	2327.0
15.451250	2299.6
15.455000	2234.9
15.458750	2291.0
15.462500	2257.2
15.466250	2323.8
15.470000	2247.4
15.473750	2280.7
15.477500	2382.1
15.481250	2357.7
15.485000	2302.4
15.488750	2377.2
15.492500	2364.3
15.496250	2260.1
15.500000	2443.9
15.503750	2482.7
15.507500	2413.7
15.511250	2393.1
15.515000	2343.5
15.518750	2529.7
15.522500	2578.2
15.526250	2570.2
15.530000	2590.9
15.533750	2651.7
15.537500	2666.1
15.541250	2804.2
15.545000	2837.2
15.548750	2860.7
15.552500	2836.6
15.556250	2797.3
15.560000	2904.4
15.563750	2963.3
15.567500	3081.6
15.571250	3066.2
15.575000	3146.0
15.578750	3183.9
15.582500	3051.5
15.586250	3266.0
15.590000	3307.3
15.593750	3505.6
15.597500	3539.9
15.601250	3520.8
15.605000	3708.8
15.608750	3731.2
15.612500	3902.9
15.616250	3928.8
15.620000	4068.9
15.623750	4167.4
15.627500	4261.4
15.631250	4305.4
15.635000	4358.4
15.638750	4670.1
15.642500	4703.7
15.646250	4864.5
15.650000	5127.0
15.653750	5168.7
15.657500	5374.6
15.661250	5583.2
15.665000	5706.0
15.668750	5739.6
15.672500	5798.6
15.676250	5859.8
15.680000	5830.4
15.683750	6017.3
15.687500	6287.8
15.691250	6393.4
15.695000	6321.6
15.698750	6488.3
15.702500	6506.5
15.706250	6614.4
15.710000	6649.4
15.713750	6882.2
15.717500	6933.0
15.721250	7035.9
15.725000	7090.3
15.728750	7132.2
15.732500	7331.0
15.736250	7360.3
15.740000	7408.8
15.743750	7721.4
15.747500	7635.6
15.751250	7655.2
15.755000	7653.4
15.758750	7703.1
15.762500	7786.6
15.766250	7599.3
15.770000	7686.6
15.773750	7661.3
15.777500	7471.1
15.781250	7369.7
15.785000	7246.1
15.788750	7119.5
15.792500	7081.0
15.796250	6963.8
15.800000	6531.5
15.803750	6718.9
15.807500	6409.5
15.811250	6086.7
15.815000	6028.5
15.818750	5721.9
15.822500	5431.3
15.826250	5343.3
15.830000	5126.7
15.833750	5061.6
15.837500	4877.2
15.841250	4722.0
15.845000	4524.6
15.848750	4258.2
15.852500	4129.8
15.856250	4074.5
15.860000	3968.4
15.863750	3792.3
15.867500	3763.0
15.871250	3704.1
15.875000	3508.7
15.878750	3482.6
15.882500	3354.1
15.886250	3306.8
15.890000	3193.4
15.893750	3141.6
15.897500	3071.0
15.901250	3084.8
15.905000	2936.8
15.908750	2986.6
15.912500	2856.0
15.916250	2841.8
15.920000	2799.1
15.923750	2771.7
15.927500	2727.6
15.931250	2783.4
15.935000	2737.7
15.938750	2661.6
15.942500	2546.4
15.946250	2542.3
15.950000	2610.1
15.953750	2632.1
15.957500	2480.6
15.961250	2462.4
15.965000	2442.2
15.968750	2489.3
15.972500	2493.3
15.976250	2400.3
15.980000	2548.6
15.983750	2624.5
15.987500	2392.6
15.991250	2391.0
15.995000	2333.2
15.998750	2421.5
16.002500	2283.3
16.006250	2299.2
16.010000	2307.7
16.013750	2386.1
16.017500	2292.5
16.021250	2333.6
16.025000	2242.2
16.028750	2462.7
16.032500	2457.3
16.036250	2444.7
16.040000	2454.3
16.043750	2328.5
16.047500	2457.2
16.051250	2234.5
16.055000	2210.9
16.058750	2170.5
16.062500	2179.3
16.066250	2277.3
16.070000	2277.0
16.073750	2350.4
16.077500	2311.1
16.081250	2283.0
16.085000	2293.9
16.088750	2299.1
16.092500	2331.0
16.096250	2209.3
16.100000	2339.1
16.103750	2222.8
16.107500	2118.0
16.111250	2156.2
16.115000	2143.7
16.118750	2221.1
16.122500	2196.1
16.126250	2060.6
16.130000	2167.8
16.133750	2171.7
16.137500	2152.9
16.141250	2146.7
16.145000	2179.5
16.148750	2219.0
16.152500	2164.2
16.156250	2159.0
16.160000	2212.3
16.163750	2194.9
16.167500	2106.0
16.171250	2192.5
16.175000	2179.6
16.178750	2151.8
16.182500	2175.4
16.186250	2155.5
16.190000	2144.3
16.193750	2146.5
16.197500	2069.1
16.201250	2096.5
16.205000	2172.5
16.208750	2119.5
16.212500	2053.2
16.216250	2121.9
16.220000	2218.0
16.223750	2225.4
16.227500	2177.0
16.231250	2147.0
16.235000	2249.6
16.238750	2181.8
16.242500	2259.9
16.246250	2190.8
16.250000	2302.3
16.253750	2253.2
16.257500	2217.7
16.261250	2240.7
16.265000	2247.8
16.268750	2246.6
16.272500	2388.3
16.276250	2282.9
16.280000	2281.0
16.283750	2301.8
16.287500	2412.3
16.291250	2395.6
16.295000	2436.4
16.298750	2436.8
16.302500	2287.5
16.306250	2448.4
16.310000	2318.1
16.313750	2428.9
16.317500	2462.0
16.321250	2375.2
16.325000	2381.9
16.328750	2258.4
16.332500	2232.6
16.336250	2319.3
16.340000	2347.3
16.343750	2299.6
16.347500	2223.9
16.351250	2210.9
16.355000	2148.6
16.358750	2143.6
16.362500	2182.6
16.366250	2114.2
16.370000	2185.0
16.373750	2190.5
16.377500	2084.7
16.381250	2143.8
16.385000	2119.4
16.388750	2094.0
16.392500	2140.9
16.396250	2054.7
16.400000	2109.3
16.403750	2138.7
16.407500	2107.9
16.411250	2082.6
16.415000	2146.7
16.418750	2071.3
16.422500	2155.1
16.426250	2179.4
16.430000	2097.6
16.433750	2128.1
16.437500	2180.5
16.441250	2219.5
16.445000	2200.5
16.448750	2082.0
16.452500	2122.1
16.456250	2135.0
16.460000	2080.2
16.463750	2141.9
16.467500	2152.2
16.471250	2133.2
16.475000	2092.6
16.478750	2151.5
16.482500	2049.0
16.486250	1996.8
16.490000	1955.2
16.493750	2185.3
16.497500	2119.4
16.501250	2031.8
16.505000	2036.6
16.508750	2005.1
16.512500	2024.4
16.516250	2017.0
16.520000	2058.1
16.523750	2042.6
16.527500	2085.1
16.531250	2082.2
16.535000	2044.1
16.538750	2048.9
16.542500	2056.5
16.546250	2086.4
16.550000	2135.1
16.553750	2123.8
16.557500	2016.5
16.561250	2119.4
16.565000	2083.7
16.568750	2077.6
16.572500	2166.5
16.576250	2098.0
16.580000	2097.9
16.583750	2102.7
16.587500	2107.3
16.591250	2048.5
16.595000	2150.5
16.598750	2018.6
16.602500	2028.5
16.606250	2046.0
16.610000	2022.3
16.613750	2085.9
16.617500	2097.4
16.621250	2017.1
16.625000	2042.7
16.628750	2116.7
16.632500	2081.0
16.636250	2048.6
16.640000	2188.7
16.643750	2124.6
16.647500	2084.2
16.651250	2083.5
16.655000	2139.6
16.658750	2123.9
16.662500	2131.2
16.666250	2033.5
16.670000	2157.9
16.673750	2081.3
16.677500	2131.9
16.681250	2073.1
16.685000	2061.0
16.688750	2133.9
16.692500	2101.0
16.696250	2079.4
16.700000	2068.8
16.703750	2121.9
16.707500	2125.7
16.711250	2021.4
16.715000	2097.6
16.718750	2023.7
16.722500	2096.3
16.726250	2134.0
16.730000	2136.1
16.733750	2130.4
16.737500	2166.9
16.741250	2162.0
16.745000	2117.5
16.748750	2124.0
16.752500	2171.0
16.756250	2072.9
16.760000	2100.0
16.763750	2063.5
16.767500	2189.3
16.771250	2095.2
16.775000	2118.7
16.778750	2125.8
16.782500	2120.2
16.786250	2057.7
16.790000	2102.0
16.793750	2045.2
16.797500	2163.5
16.801250	2081.6
16.805000	2059.6
16.808750	2091.7
16.812500	2113.6
16.816250	2117.8
16.820000	2142.8
16.823750	2142.9
16.827500	2135.0
16.831250	2113.2
16.835000	2125.8
16.838750	2069.8
16.842500	2134.7
16.846250	2069.6
16.850000	2132.8
16.853750	2115.0
16.857500	2057.6
16.861250	2119.0
16.865000	2151.1
16.868750	2135.2
16.872500	2112.9
16.876250	2050.4
16.880000	2169.8
16.883750	2147.8
16.887500	2105.8
16.891250	2102.9
16.895000	2116.1
16.898750	2115.0
16.902500	2117.6
16.906250	2078.0
16.910000	2120.3
16.913750	2076.3
16.917500	2042.6
16.921250	2024.5
16.925000	2138.8
16.928750	2129.9
16.932500	1996.6
16.936250	2074.9
16.940000	2146.8
16.943750	2116.3
16.947500	2150.6
16.951250	2126.5
16.955000	2088.1
16.958750	2186.5
16.962500	2112.1
16.966250	2151.5
16.970000	2087.0
16.973750	2084.6
16.977500	2209.1
16.981250	2128.4
16.985000	2073.2
16.988750	2130.7
16.992500	2110.1
16.996250	2146.6
17.000000	2058.8
17.003750	2056.9
17.007500	2164.3
17.011250	2147.3
17.015000	2217.0
17.018750	2176.3
17.022500	2168.6
17.026250	2122.7
17.030000	2226.8
17.033750	2134.1
17.037500	2199.6
17.041250	2061.6
17.045000	2120.4
17.048750	2159.0
17.052500	2141.1
17.056250	2111.6
17.060000	2198.5
17.063750	2162.2
17.067500	2221.4
17.071250	2224.1
17.075000	2224.6
17.078750	2167.2
17.082500	2231.4
17.086250	2177.0
17.090000	2198.4
17.093750	2244.7
17.097500	2191.1
17.101250	2248.6
17.105000	2251.2
17.108750	2166.6
17.112500	2262.8
17.116250	2211.5
17.120000	2279.7
17.123750	2212.2
17.127500	2263.1
17.131250	2242.7
17.135000	2248.1
17.138750	2326.0
17.142500	2406.0
17.146250	2478.3
17.150000	2652.0
17.153750	2758.4
17.157500	3006.4
17.161250	3505.5
17.165000	4693.6
17.168750	5804.5
17.172500	7272.7
17.176250	8483.3
17.180000	8971.3
17.183750	8839.2
17.187500	8010.2
17.191250	6602.1
17.195000	5281.9
17.198750	4197.8
17.202500	3258.7
17.206250	2877.3
17.210000	2631.7
17.213750	2457.9
17.217500	2380.9
17.221250	2378.4
17.225000	2223.3
17.228750	2281.8
17.232500	2237.3
17.236250	2172.6
17.240000	2253.9
17.243750	2295.0
17.247500	2158.1
17.251250	2319.7
17.255000	2177.8
17.258750	2189.5
17.262500	2289.7
17.266250	2137.9
17.270000	2195.1
17.273750	2216.9
17.277500	2204.4
17.281250	2168.3
17.285000	2138.3
17.288750	2107.0
17.292500	2128.3
17.296250	2142.0
17.300000	2251.1
17.303750	2227.0
17.307500	2222.2
17.311250	2153.6
17.315000	2202.8
17.318750	2181.7
17.322500	2200.9
17.326250	2210.0
17.330000	2157.9
17.333750	2246.4
17.337500	2224.4
17.341250	2186.9
17.345000	2190.9
17.348750	2185.3
17.352500	2188.9
17.356250	2214.2
17.360000	2269.4
17.363750	2265.1
17.367500	2211.8
17.371250	2257.0
17.375000	2235.3
17.378750	2283.9
17.382500	2187.8
17.386250	2162.4
17.390000	2181.5
17.393750	2193.2
17.397500	2228.8
17.401250	2244.9
17.405000	2209.4
17.408750	2146.4
17.412500	2208.5
17.416250	2217.4
17.420000	2192.8
17.423750	2157.4
17.427500	2270.7
17.431250	2166.6
17.435000	2162.1
17.438750	2178.3
17.442500	2218.8
17.446250	2234.7
17.450000	2166.7
17.453750	2221.9
17.457500	2164.0
17.461250	2123.5
17.465000	2263.0
17.468750	2150.3
17.472500	2154.2
17.476250	2212.8
17.480000	2164.5
17.483750	2145.5
17.487500	2207.2
17.491250	2247.5
17.495000	2190.9
17.498750	2163.8
17.502500	2231.0
17.506250	2157.1
17.510000	2232.3
17.513750	2209.8
17.517500	2202.5
17.521250	2253.1
17.525000	2207.3
17.528750	2126.0
17.532500	2118.8
17.536250	2134.3
17.540000	2181.4
17.543750	2250.5
17.547500	2243.5
17.551250	2176.8
17.555000	2224.6
17.558750	2298.7
17.562500	2198.3
17.566250	2117.6
17.570000	2252.4
17.573750	2231.2
17.577500	2261.0
17.581250	2221.7
17.585000	2202.7
17.588750	2179.0
17.592500	2275.3
17.596250	2345.0
17.600000	2197.4
17.603750	2285.6
17.607500	2262.0
17.611250	2161.8
17.615000	2264.6
17.618750	2195.2
17.622500	2242.6
17.626250	2343.3
17.630000	2244.8
17.633750	2174.1
17.637500	2267.5
17.641250	2243.6
17.645000	2225.4
17.648750	2226.2
17.652500	2241.7
17.656250	2215.8
17.660000	2206.5
17.663750	2249.4
17.667500	2263.3
17.671250	2251.6
17.675000	2157.9
17.678750	2146.5
17.682500	2238.4
17.686250	2215.6
17.690000	2272.2
17.693750	2231.5
17.697500	2199.0
17.701250	2301.0
17.705000	2258.4
17.708750	2261.5
17.712500	2221.7
17.716250	2271.7
17.720000	2194.7
17.723750	2278.0
17.727500	2268.0
17.731250	2151.7
17.735000	2247.8
17.738750	2293.8
17.742500	2353.9
17.746250	2315.0
17.750000	2182.7
17.753750	2188.3
17.757500	2216.9
17.761250	2291.4
17.765000	2264.5
17.768750	2240.5
17.772500	2176.4
17.776250	2222.9
17.780000	2170.7
17.783750	2130.9
17.787500	2242.5
17.791250	2259.5
17.795000	2291.5
17.798750	2204.1
17.802500	2198.5
17.806250	2198.7
17.810000	2197.4
17.813750	2248.9
17.817500	2297.3
17.821250	2250.9
17.825000	2152.1
17.828750	2184.8
17.832500	2200.9
17.836250	2300.8
17.840000	2215.7
17.843750	2208.0
17.847500	2267.6
17.851250	2329.5
17.855000	2279.1
17.858750	2278.4
17.862500	2246.9
17.866250	2258.4
17.870000	2242.9
17.873750	2299.4
17.877500	2329.5
17.881250	2230.3
17.885000	2202.4
17.888750	2288.2
17.892500	2248.1
17.896250	2271.2
17.900000	2287.5
17.903750	2238.0
17.907500	2335.4
17.911250	2308.1
17.915000	2255.9
17.918750	2265.4
17.922500	2245.2
17.926250	2166.9
17.930000	2241.7
17.933750	2274.1
17.937500	2235.8
17.941250	2338.1
17.945000	2281.2
17.948750	2235.6
17.952500	2274.0
17.956250	2271.5
17.960000	2263.7
17.963750	2215.6
17.967500	2316.7
17.971250	2225.6
17.975000	2224.9
17.978750	2251.4
17.982500	2250.6
17.986250	2253.1
17.990000	2275.6
17.993750	2293.2
17.997500	2255.2
18.001250	2287.1
18.005000	2266.3
18.008750	2288.9
18.012500	2282.5
18.016250	2299.9
18.020000	2238.7
18.023750	2366.4
18.027500	2325.5
18.031250	2375.6
18.035000	2238.3
18.038750	2209.7
18.042500	2423.8
18.046250	2459.4
18.050000	2280.2
18.053750	2324.1
18.057500	2341.0
18.061250	2342.4
18.065000	2285.0
18.068750	2382.6
18.072500	2314.0
18.076250	2395.1
18.080000	2363.9
18.083750	2349.1
18.087500	2357.2
18.091250	2452.6
18.095000	2420.9
18.098750	2414.7
18.102500	2392.0
18.106250	2428.1
18.110000	2406.6
18.113750	2397.4
18.117500	2428.7
18.121250	2412.4
18.125000	2373.7
18.128750	2531.3
18.132500	2405.8
18.136250	2538.2
18.140000	2494.1
18.143750	2549.7
18.147500	2552.1
18.151250	2539.4
18.155000	2539.9
18.158750	2466.4
18.162500	2554.1
18.166250	2493.5
18.170000	2576.4
18.173750	2558.9
18.177500	2595.7
18.181250	2536.7
18.185000	2612.1
18.188750	2534.6
18.192500	2604.6
18.196250	2661.5
18.200000	2564.9
18.203750	2710.9
18.207500	2620.3
18.211250	2667.6
18.215000	2589.0
18.218750	2677.1
18.222500	2609.2
18.226250	2657.6
18.230000	2552.0
18.233750	2719.5
18.237500	2670.3
18.241250	2652.8
18.245000	2570.9
18.248750	2631.7
18.252500	2631.5
18.256250	2570.5
18.260000	2558.2
18.263750	2519.0
18.267500	2492.4
18.271250	2557.3
18.275000	2534.0
18.278750	2603.6
18.282500	2482.3
18.286250	2470.4
18.290000	2385.1
18.293750	2448.3
18.297500	2394.5
18.301250	2464.6
18.305000	2387.0
18.308750	2409.9
18.312500	2399.5
18.316250	2415.3
18.320000	2469.5
18.323750	2400.1
18.327500	2354.7
18.331250	2384.7
18.335000	2462.9
18.338750	2336.1
18.342500	2513.9
18.346250	2424.0
18.350000	2339.3
18.353750	2442.2
18.357500	2309.1
18.361250	2401.3
18.365000	2257.8
18.368750	2242.4
18.372500	2369.2
18.376250	2238.4
18.380000	2323.1
18.383750	2312.8
18.387500	2283.7
18.391250	2263.3
18.395000	2254.8
18.398750	2290.7
18.402500	2296.8
18.406250	2278.3
18.410000	2261.0
18.413750	2378.2
18.417500	2252.2
18.421250	2180.5
18.425000	2276.6
18.428750	2275.8
18.432500	2240.6
18.436250	2294.4
18.440000	2351.0
18.443750	2274.0
18.447500	2238.2
18.451250	2271.7
18.455000	2300.4
18.458750	2296.9
18.462500	2265.5
18.466250	2289.4
18.470000	2332.5
18.473750	2285.1
18.477500	2261.7
18.481250	2360.2
18.485000	2275.1
18.488750	2262.3
18.492500	2228.0
18.496250	2333.3
18.500000	2243.9
18.503750	2302.1
18.507500	2285.8
18.511250	2242.3
18.515000	2260.4
18.518750	2274.4
18.522500	2274.8
18.526250	2299.2
18.530000	2234.6
18.533750	2274.0
18.537500	2291.2
18.541250	2326.4
18.545000	2280.4
18.548750	2243.1
18.552500	2241.1
18.556250	2345.1
18.560000	2301.2
18.563750	2299.6
18.567500	2173.0
18.571250	2302.3
18.575000	2327.8
18.578750	2305.6
18.582500	2273.6
18.586250	2296.0
18.590000	2238.2
18.593750	2213.6
18.597500	2297.8
18.601250	2311.3
18.605000	2260.6
18.608750	2258.9
18.612500	2343.6
18.616250	2309.1
18.620000	2307.6
18.623750	2342.3
18.627500	2311.5
18.631250	2417.5
18.635000	2276.5
18.638750	2267.4
18.642500	2307.1
18.646250	2236.5
18.650000	2320.0
18.653750	2299.7
18.657500	2309.5
18.661250	2342.3
18.665000	2270.1
18.668750	2248.5
18.672500	2359.5
18.676250	2311.6
18.680000	2265.7
18.683750	2363.4
18.687500	2250.3
18.691250	2345.1
18.695000	2323.5
18.698750	2330.1
18.702500	2279.5
18.706250	2288.2
18.710000	2299.4
18.713750	2276.5
18.717500	2276.9
18.721250	2323.6
18.725000	2293.6
18.728750	2391.4
18.732500	2284.5
18.736250	2325.7
18.740000	2245.8
18.743750	2362.6
18.747500	2325.5
18.751250	2299.7
18.755000	2252.9
18.758750	2290.4
18.762500	2284.8
18.766250	2328.0
18.770000	2348.6
18.773750	2329.3
18.777500	2309.4
18.781250	2246.6
18.785000	2242.1
18.788750	2336.1
18.792500	2264.7
18.796250	2268.8
18.800000	2243.2
18.803750	2318.6
18.807500	2206.8
18.811250	2347.4
18.815000	2331.1
18.818750	2175.5
18.822500	2239.8
18.826250	2300.5
18.830000	2172.7
18.833750	2190.2
18.837500	2285.9
18.841250	2320.3
18.845000	2314.3
18.848750	2316.8
18.852500	2268.5
18.856250	2248.0
18.860000	2273.9
18.863750	2322.0
18.867500	2264.7
18.871250	2311.0
18.875000	2291.3
18.878750	2281.6
18.882500	2247.4
18.886250	2264.0
18.890000	2283.4
18.893750	2161.5
18.897500	2239.0
18.901250	2358.3
18.905000	2373.0
18.908750	2322.0
18.912500	2305.6
18.916250	2186.5
18.920000	2250.1
18.923750	2296.8
18.927500	2318.2
18.931250	2302.3
18.935000	2318.0
18.938750	2228.4
18.942500	2340.8
18.946250	2284.1
18.950000	2262.7
18.953750	2282.4
18.957500	2182.3
18.961250	2198.6
18.965000	2269.0
18.968750	2421.2
18.972500	2321.8
18.976250	2195.1
18.980000	2230.1
18.983750	2289.6
18.987500	2263.2
18.991250	2206.8
18.995000	2202.8
18.998750	2262.1
19.002500	2236.7
19.006250	2238.3
19.010000	2248.1
19.013750	2361.6
19.017500	2196.5
19.021250	2121.1
19.025000	2204.5
19.028750	2276.4
19.032500	2366.8
19.036250	2283.2
19.040000	2254.5
19.043750	2297.9
19.047500	2261.6
19.051250	2255.6
19.055000	2307.5
19.058750	2290.6
19.062500	2203.8
19.066250	2354.9
19.070000	2339.0
19.073750	2305.9
19.077500	2286.5
19.081250	2238.0
19.085000	2278.1
19.088750	2236.6
19.092500	2247.6
19.096250	2350.8
19.100000	2317.3
19.103750	2259.0
19.107500	2291.8
19.111250	2319.8
19.115000	2293.4
19.118750	2244.7
19.122500	2297.3
19.126250	2348.3
19.130000	2381.6
19.133750	2351.4
19.137500	2316.6
19.141250	2325.7
19.145000	2346.1
19.148750	2399.3
19.152500	2241.8
19.156250	2271.0
19.160000	2296.9
19.163750	2289.6
19.167500	2327.3
19.171250	2290.9
19.175000	2210.7
19.178750	2325.9
19.182500	2353.1
19.186250	2241.7
19.190000	2264.6
19.193750	2310.3
19.197500	2345.9
19.201250	2327.6
19.205000	2251.1
19.208750	2285.8
19.212500	2371.1
19.216250	2288.3
19.220000	2259.6
19.223750	2267.7
19.227500	2280.1
19.231250	2251.0
19.235000	2233.8
19.238750	2307.4
19.242500	2314.5
19.246250	2281.0
19.250000	2288.3
19.253750	2325.9
19.257500	2370.1
19.261250	2267.1
19.265000	2287.4
19.268750	2326.2
19.272500	2276.1
19.276250	2372.2
19.280000	2259.4
19.283750	2209.3
19.287500	2277.9
19.291250	2277.5
19.295000	2286.2
19.298750	2285.2
19.302500	2298.5
19.306250	2281.2
19.310000	2390.8
19.313750	2256.7
19.317500	2271.7
19.321250	2289.2
19.325000	2244.4
19.328750	2347.6
19.332500	2332.6
19.336250	2284.3
19.340000	2288.1
19.343750	2258.7
19.347500	2337.7
19.351250	2313.7
19.355000	2263.8
19.358750	2165.5
19.362500	2203.3
19.366250	2309.3
19.370000	2320.3
19.373750	2320.4
19.377500	2282.5
19.381250	2271.4
19.385000	2288.1
19.388750	2338.5
19.392500	2342.4
19.396250	2229.6
19.400000	2308.7
19.403750	2308.3
19.407500	2215.4
19.411250	2252.8
19.415000	2270.1
19.418750	2351.2
19.422500	2339.0
19.426250	2276.6
19.430000	2325.0
19.433750	2247.9
19.437500	2272.7
19.441250	2386.0
19.445000	2302.3
19.448750	2322.7
19.452500	2363.8
19.456250	2258.3
19.460000	2233.1
19.463750	2239.7
19.467500	2366.7
19.471250	2302.3
19.475000	2334.1
19.478750	2376.2
19.482500	2327.4
19.486250	2264.6
19.490000	2324.9
19.493750	2256.1
19.497500	2235.7
19.501250	2215.5
19.505000	2285.3
19.508750	2248.4
19.512500	2259.3
19.516250	2254.2
19.520000	2317.3
19.523750	2273.7
19.527500	2355.5
19.531250	2382.2
19.535000	2293.7
19.538750	2310.6
19.542500	2355.6
19.546250	2396.1
19.550000	2366.7
19.553750	2360.7
19.557500	2385.1
19.561250	2316.1
19.565000	2294.0
19.568750	2357.8
19.572500	2417.6
19.576250	2348.1
19.580000	2296.1
19.583750	2348.8
19.587500	2318.4
19.591250	2270.6
19.595000	2275.1
19.598750	2439.2
19.602500	2421.5
19.606250	2359.6
19.610000	2306.4
19.613750	2311.7
19.617500	2416.7
19.621250	2339.6
19.625000	2276.5
19.628750	2276.5
19.632500	2350.1
19.636250	2309.9
19.640000	2343.6
19.643750	2223.6
19.647500	2269.2
19.651250	2327.2
19.655000	2332.7
19.658750	2320.6
19.662500	2374.1
19.666250	2270.7
19.670000	2331.9
19.673750	2264.4
19.677500	2436.4
19.681250	2347.9
19.685000	2285.5
19.688750	2292.4
19.692500	2277.0
19.696250	2333.6
19.700000	2254.0
19.703750	2308.1
19.707500	2359.8
19.711250	2211.3
19.715000	2297.5
19.718750	2304.2
19.722500	2302.6
19.726250	2344.1
19.730000	2342.6
19.733750	2301.3
19.737500	2342.8
19.741250	2277.5
19.745000	2316.6
19.748750	2333.7
19.752500	2346.9
19.756250	2347.6
19.760000	2349.7
19.763750	2397.6
19.767500	2301.6
19.771250	2356.7
19.775000	2359.7
19.778750	2237.6
19.782500	2390.7
19.786250	2273.7
19.790000	2285.9
19.793750	2329.7
19.797500	2318.5
19.801250	2275.8
19.805000	2307.8
19.808750	2325.4
19.812500	2297.4
19.816250	2333.9
19.820000	2367.0
19.823750	2289.3
19.827500	2303.1
19.831250	2346.5
19.835000	2355.8
19.838750	2251.2
19.842500	2277.2
19.846250	2428.2
19.850000	2240.5
19.853750	2264.2
19.857500	2327.5
19.861250	2363.4
19.865000	2354.4
19.868750	2286.7
19.872500	2336.3
19.876250	2250.5
19.880000	2249.6
19.883750	2314.6
19.887500	2383.2
19.891250	2263.2
19.895000	2331.4
19.898750	2353.9
19.902500	2251.6
19.906250	2356.6
19.910000	2350.9
19.913750	2326.2
19.917500	2273.0
19.921250	2337.1
19.925000	2319.0
19.928750	2308.7
19.932500	2309.2
19.936250	2348.9
19.940000	2358.5
19.943750	2265.7
19.947500	2247.9
19.951250	2358.2
19.955000	2342.7
19.958750	2280.9
19.962500	2383.3
19.966250	2338.7
19.970000	2383.3
19.973750	2405.5
19.977500	2429.7
19.981250	2391.4
19.985000	2303.5
19.988750	2388.4
19.992500	2406.8
19.996250	2238.8
20.000000	2376.4
20.003750	2440.0
20.007500	2436.5
20.011250	2356.5
20.015000	2294.4
20.018750	2429.7
20.022500	2385.2
20.026250	2387.3
20.030000	2370.3
20.033750	2429.1
20.037500	2455.1
20.041250	2417.6
20.045000	2379.1
20.048750	2397.1
20.052500	2365.8
20.056250	2313.9
20.060000	2409.2
20.063750	2389.5
20.067500	2328.4
20.071250	2443.3
20.075000	2462.4
20.078750	2493.5
20.082500	2456.6
20.086250	2440.4
20.090000	2509.6
20.093750	2485.3
20.097500	2544.4
20.101250	2405.8
20.105000	2492.0
20.108750	2419.4
20.112500	2484.4
20.116250	2467.7
20.120000	2458.7
20.123750	2403.2
20.127500	2460.2
20.131250	2470.0
20.135000	2602.1
20.138750	2527.5
20.142500	2585.3
20.146250	2537.2
20.150000	2579.2
20.153750	2554.6
20.157500	2600.5
20.161250	2451.0
20.165000	2553.8
20.168750	2567.5
20.172500	2581.6
20.176250	2544.8
20.180000	2514.9
20.183750	2581.3
20.187500	2548.1
20.191250	2666.6
20.195000	2744.0
20.198750	2627.8
20.202500	2641.7
20.206250	2641.1
20.210000	2684.4
20.213750	2758.0
20.217500	2675.7
20.221250	2748.6
20.225000	2799.1
20.228750	2805.3
20.232500	2737.1
20.236250	2784.9
20.240000	2806.4
20.243750	2721.6
20.247500	2867.5
20.251250	2910.3
20.255000	2965.5
20.258750	2911.0
20.262500	2993.0
20.266250	2991.4
20.270000	3027.2
20.273750	3014.7
20.277500	3090.9
20.281250	3116.5
20.285000	3155.8
20.288750	3247.6
20.292500	3232.4
20.296250	3264.6
20.300000	3275.3
20.303750	3399.4
20.307500	3353.6
20.311250	3351.6
20.315000	3447.0
20.318750	3512.7
20.322500	3517.3
20.326250	3631.4
20.330000	3676.6
20.333750	3838.8
20.337500	3928.4
20.341250	3934.5
20.345000	3819.7
20.348750	4031.0
20.352500	3973.4
20.356250	4226.8
20.360000	4267.8
20.363750	4300.4
20.367500	4373.9
20.371250	4402.7
20.375000	4387.2
20.378750	4525.1
20.382500	4618.2
20.386250	4585.1
20.390000	4511.4
20.393750	4657.1
20.397500	4595.3
20.401250	4580.1
20.405000	4734.7
20.408750	4582.8
20.412500	4553.6
20.416250	4432.3
20.420000	4517.4
20.423750	4392.9
20.427500	4430.9
20.431250	4392.5
20.435000	4146.9
20.438750	4055.2
20.442500	4004.8
20.446250	3993.9
20.450000	3900.0
20.453750	3975.8
20.457500	3900.5
20.461250	3668.6
20.465000	3588.8
20.468750	3598.0
20.472500	3442.2
20.476250	3387.6
20.480000	3297.5
20.483750	3300.0
20.487500	3252.5
20.491250	3222.8
20.495000	3157.2
20.498750	3011.8
20.502500	3107.0
20.506250	2954.9
20.510000	2983.3
20.513750	2894.4
20.517500	2812.5
20.521250	2861.3
20.525000	2741.0
20.528750	2818.5
20.532500	2766.3
20.536250	2593.7
20.540000	2767.1
20.543750	2761.4
20.547500	2715.4
20.551250	2667.1
20.555000	2687.0
20.558750	2646.3
20.562500	2607.9
20.566250	2637.8
20.570000	2551.3
20.573750	2498.0
20.577500	2516.2
20.581250	2441.5
20.585000	2463.7
20.588750	2642.4
20.592500	2577.1
20.596250	2442.1
20.600000	2467.7
20.603750	2449.1
20.607500	2408.8
20.611250	2422.6
20.615000	2424.5
20.618750	2316.9
20.622500	2409.7
20.626250	2442.7
20.630000	2408.3
20.633750	2337.8
20.637500	2216.4
20.641250	2401.0
20.645000	2377.8
20.648750	2394.0
20.652500	2361.9
20.656250	2343.6
20.660000	2360.6
20.663750	2456.8
20.667500	2433.9
20.671250	2387.3
20.675000	2383.0
20.678750	2350.7
20.682500	2467.9
20.686250	2459.0
20.690000	2505.7
20.693750	2328.3
20.697500	2338.0
20.701250	2427.2
20.705000	2351.8
20.708750	2337.2
20.712500	2342.7
20.716250	2319.8
20.720000	2329.9
20.723750	2393.1
20.727500	2358.2
20.731250	2387.5
20.735000	2381.1
20.738750	2286.6
20.742500	2365.6
20.746250	2447.6
20.750000	2300.7
20.753750	2392.3
20.757500	2321.4
20.761250	2370.9
20.765000	2340.3
20.768750	2329.4
20.772500	2309.9
20.776250	2359.5
20.780000	2358.4
20.783750	2322.2
20.787500	2357.2
20.791250	2240.4
20.795000	2335.8
20.798750	2384.5
20.802500	2360.1
20.806250	2326.4
20.810000	2348.3
20.813750	2387.2
20.817500	2308.6
20.821250	2355.3
20.825000	2359.5
20.828750	2448.6
20.832500	2372.9
20.836250	2338.4
20.840000	2298.8
20.843750	2377.4
20.847500	2389.5
20.851250	2392.4
20.855000	2389.1
20.858750	2420.8
20.862500	2405.0
20.866250	2448.3
20.870000	2433.6
20.873750	2458.5
20.877500	2398.8
20.881250	2391.7
20.885000	2447.5
20.888750	2480.7
20.892500	2329.2
20.896250	2525.8
20.900000	2447.6
20.903750	2415.1
20.907500	2461.6
20.911250	2571.8
20.915000	2558.9
20.918750	2468.3
20.922500	2541.7
20.926250	2493.4
20.930000	2609.1
20.933750	2609.8
20.937500	2514.7
20.941250	2497.8
20.945000	2447.8
20.948750	2471.6
20.952500	2531.2
20.956250	2507.7
20.960000	2577.3
20.963750	2551.4
20.967500	2630.5
20.971250	2542.1
20.975000	2526.4
20.978750	2662.5
20.982500	2624.8
20.986250	2504.9
20.990000	2550.6
20.993750	2530.2
20.997500	2389.9
21.001250	2493.0
21.005000	2490.9
21.008750	2525.8
21.012500	2490.9
21.016250	2583.8
21.020000	2497.5
21.023750	2528.2
21.027500	2522.1
21.031250	2322.5
21.035000	2411.0
21.038750	2599.0
21.042500	2549.8
21.046250	2505.0
21.050000	2437.3
21.053750	2405.2
21.057500	2393.9
21.061250	2374.5
21.065000	2360.3
21.068750	2364.1
21.072500	2376.1
21.076250	2467.9
21.080000	2323.1
21.083750	2362.7
21.087500	2388.2
21.091250	2400.2
21.095000	2253.8
21.098750	2408.1
21.102500	2399.5
21.106250	2385.6
21.110000	2360.7
21.113750	2469.9
21.117500	2380.9
21.121250	2415.5
21.125000	2385.6
21.128750	2308.7
21.132500	2505.3
21.136250	2207.7
21.140000	2302.2
21.143750	2319.9
21.147500	2193.9
21.151250	2333.9
21.155000	2303.9
21.158750	2361.2
21.162500	2349.2
21.166250	2436.0
21.170000	2273.6
21.173750	2286.8
21.177500	2345.6
21.181250	2282.4
21.185000	2321.7
21.188750	2342.7
21.192500	2314.3
21.196250	2263.0
21.200000	2303.1
21.203750	2288.7
21.207500	2235.8
21.211250	2351.1
21.215000	2297.5
21.218750	2289.0
21.222500	2336.8
21.226250	2276.9
21.230000	2294.4
21.233750	2349.7
21.237500	2242.5
21.241250	2296.6
21.245000	2168.1
21.248750	2274.7
21.252500	2372.4
21.256250	2324.8
21.260000	2305.9
21.263750	2207.2
21.267500	2225.1
21.271250	2292.5
21.275000	2261.0
21.278750	2244.6
21.282500	2362.3
21.286250	2239.4
21.290000	2348.4
21.293750	2313.4
21.297500	2253.0
21.301250	2281.9
21.305000	2201.8
21.308750	2225.9
21.312500	2323.3
21.316250	2189.9
21.320000	2236.2
21.323750	2271.9
21.327500	2357.7
21.331250	2255.9
21.335000	2221.2
21.338750	2191.7
21.342500	2257.5
21.346250	2276.9
21.350000	2250.8
21.353750	2247.4
21.357500	2240.9
21.361250	2225.0
21.365000	2239.7
21.368750	2231.4
21.372500	2187.0
21.376250	2254.0
21.380000	2304.1
21.383750	2311.7
21.387500	2274.1
21.391250	2273.8
21.395000	2222.9
21.398750	2230.5
21.402500	2289.9
21.406250	2328.7
21.410000	2254.7
21.413750	2274.0
21.417500	2302.3
21.421250	2249.3
21.425000	2264.8
21.428750	2203.6
21.432500	2185.6
21.436250	2192.7
21.440000	2236.6
21.443750	2190.8
21.447500	2195.9
21.451250	2242.2
21.455000	2230.9
21.458750	2289.3
21.462500	2260.9
21.466250	2194.3
21.470000	2232.0
21.473750	2277.8
21.477500	2203.6
21.481250	2228.4
21.485000	2233.6
21.488750	2195.3
21.492500	2207.2
21.496250	2166.8
21.500000	2206.6
21.503750	2266.7
21.507500	2223.4
21.511250	2232.8
21.515000	2273.0
21.518750	2301.9
21.522500	2182.2
21.526250	2208.5
21.530000	2209.6
21.533750	2209.2
21.537500	2186.6
21.541250	2237.6
21.545000	2230.1
21.548750	2211.8
21.552500	2263.1
21.556250	2169.2
21.560000	2190.5
21.563750	2225.5
21.567500	2267.5
21.571250	2223.5
21.575000	2237.9
21.578750	2156.3
21.582500	2253.2
21.586250	2233.2
21.590000	2147.6
21.593750	2254.9
21.597500	2285.6
21.601250	2240.2
21.605000	2297.9
21.608750	2216.1
21.612500	2192.9
21.616250	2195.6
21.620000	2291.7
21.623750	2335.2
21.627500	2214.3
21.631250	2223.3
21.635000	2241.1
21.638750	2298.0
21.642500	2194.9
21.646250	2186.5
21.650000	2215.7
21.653750	2178.7
21.657500	2201.7
21.661250	2270.9
21.665000	2224.6
21.668750	2244.1
21.672500	2253.8
21.676250	2224.8
21.680000	2269.4
21.683750	2277.7
21.687500	2241.3
21.691250	2179.1
21.695000	2243.9
21.698750	2159.8
21.702500	2221.0
21.706250	2194.6
21.710000	2273.5
21.713750	2215.6
21.717500	2217.0
21.721250	2194.2
21.725000	2263.5
21.728750	2230.0
21.732500	2227.0
21.736250	2231.8
21.740000	2176.6
21.743750	2226.4
21.747500	2289.7
21.751250	2235.8
21.755000	2221.1
21.758750	2199.6
21.762500	2232.0
21.766250	2292.3
21.770000	2256.3
21.773750	2277.0
21.777500	2251.1
21.781250	2239.5
21.785000	2196.3
21.788750	2260.9
21.792500	2274.8
21.796250	2264.0
21.800000	2269.6
21.803750	2339.7
21.807500	2337.5
21.811250	2267.1
21.815000	2285.2
21.818750	2358.6
21.822500	2275.6
21.826250	2302.4
21.830000	2321.8
21.833750	2236.3
21.837500	2284.0
21.841250	2328.4
21.845000	2353.4
21.848750	2282.6
21.852500	2344.1
21.856250	2152.5
21.860000	2329.0
21.863750	2327.0
21.867500	2449.2
21.871250	2364.8
21.875000	2300.8
21.878750	2266.5
21.882500	2358.9
21.886250	2381.1
21.890000	2266.2
21.893750	2312.3
21.897500	2392.6
21.901250	2336.8
21.905000	2359.2
21.908750	2312.6
21.912500	2362.9
21.916250	2365.4
21.920000	2385.2
21.923750	2421.9
21.927500	2385.9
21.931250	2348.3
21.935000	2335.5
21.938750	2353.4
21.942500	2355.2
21.946250	2419.0
21.950000	2439.7
21.953750	2409.4
21.957500	2428.8
21.961250	2475.0
21.965000	2410.0
21.968750	2427.6
21.972500	2411.4
21.976250	2313.0
21.980000	2457.9
21.983750	2442.9
21.987500	2492.1
21.991250	2420.2
21.995000	2529.7
21.998750	2540.4
22.002500	2429.5
22.006250	2444.2
22.010000	2526.6
22.013750	2551.3
22.017500	2467.2
22.021250	2493.8
22.025000	2507.7
22.028750	2573.7
22.032500	2498.8
22.036250	2478.9
22.040000	2520.7
22.043750	2598.4
22.047500	2586.3
22.051250	2532.6
22.055000	2558.8
22.058750	2563.7
22.062500	2531.6
22.066250	2589.3
22.070000	2603.6
22.073750	2620.3
22.077500	2555.4
22.081250	2615.6
22.085000	2633.7
22.088750	2577.5
22.092500	2547.8
22.096250	2700.7
22.100000	2540.2
22.103750	2664.7
22.107500	2661.6
22.111250	2584.3
22.115000	2623.0
22.118750	2660.3
22.122500	2649.1
22.126250	2606.6
22.130000	2715.7
22.133750	2653.8
22.137500	2623.6
22.141250	2711.6
22.145000	2669.1
22.148750	2658.2
22.152500	2638.8
22.156250	2648.9
22.160000	2705.5
22.163750	2696.5
22.167500	2707.3
22.171250	2691.4
22.175000	2718.8
22.178750	2698.6
22.182500	2744.6
22.186250	2734.0
22.190000	2808.0
22.193750	2892.7
22.197500	2777.9
22.201250	2874.0
22.205000	2884.2
22.208750	2914.5
22.212500	2970.4
22.216250	2990.2
22.220000	2989.2
22.223750	2923.1
22.227500	2994.6
22.231250	3047.3
22.235000	3015.6
22.238750	3116.2
22.242500	3110.0
22.246250	3086.7
22.250000	3130.0
22.253750	3257.7
22.257500	3270.3
22.261250	3173.4
22.265000	3334.6
22.268750	3414.4
22.272500	3451.4
22.276250	3437.5
22.280000	3600.0
22.283750	3620.6
22.287500	3779.6
22.291250	3791.7
22.295000	3865.0
22.298750	3849.8
22.302500	3979.9
22.306250	4135.8
22.310000	4252.5
22.313750	4320.5
22.317500	4307.6
22.321250	4463.7
22.325000	4457.8
22.328750	4560.0
22.332500	4682.2
22.336250	4553.9
22.340000	4926.2
22.343750	4791.2
22.347500	4908.9
22.351250	4865.4
22.355000	5031.8
22.358750	5092.7
22.362500	5056.6
22.366250	4948.8
22.370000	4980.3
22.373750	4903.8
22.377500	4829.9
22.381250	4660.1
22.385000	4648.9
22.388750	4615.8
22.392500	4553.8
22.396250	4561.4
22.400000	4387.7
22.403750	4392.0
22.407500	4214.0
22.411250	4177.8
22.415000	4037.5
22.418750	3917.1
22.422500	3797.3
22.426250	3757.0
22.430000	3721.1
22.433750	3634.5
22.437500	3526.6
22.441250	3324.3
22.445000	3279.0
22.448750	3181.7
22.452500	3175.1
22.456250	3017.4
22.460000	3102.0
22.463750	3000.7
22.467500	2972.4
22.471250	2937.8
22.475000	2859.7
22.478750	2817.0
22.482500	2745.7
22.486250	2728.2
22.490000	2732.5
22.493750	2696.7
22.497500	2609.9
22.501250	2662.2
22.505000	2657.9
22.508750	2547.9
22.512500	2591.1
22.516250	2552.3
22.520000	2424.5
22.523750	2497.7
22.527500	2521.9
22.531250	2374.8
22.535000	2378.7
22.538750	2304.4
22.542500	2452.7
22.546250	2425.3
22.550000	2400.0
22.553750	2371.5
22.557500	2348.1
22.561250	2275.6
22.565000	2273.4
22.568750	2306.4
22.572500	2315.3
22.576250	2350.8
22.580000	2257.6
22.583750	2270.3
22.587500	2281.2
22.591250	2226.9
22.595000	2170.9
22.598750	2233.5
22.602500	2302.7
22.606250	2218.1
22.610000	2262.2
22.613750	2266.8
22.617500	2221.8
22.621250	2174.9
22.625000	2237.5
22.628750	2252.5
22.632500	2169.7
22.636250	2180.2
22.640000	2114.2
22.643750	2078.6
22.647500	2225.5
22.651250	2143.2
22.655000	2101.2
22.658750	2139.3
22.662500	2216.8
22.666250	2157.4
22.670000	2144.5
22.673750	2138.1
22.677500	2123.8
22.681250	2110.7
22.685000	2071.2
22.688750	2178.1
22.692500	2160.9
22.696250	2104.2
22.700000	2083.0
22.703750	2155.5
22.707500	2199.6
22.711250	2148.3
22.715000	2039.2
22.718750	2099.9
22.722500	2028.7
22.726250	2094.4
22.730000	2031.4
22.733750	2083.1
22.737500	2090.2
22.741250	2031.8
22.745000	2103.0
22.748750	2226.2
22.752500	2150.4
22.756250	2004.3
22.760000	2079.3
22.763750	2091.7
22.767500	2068.9
22.771250	2078.1
22.775000	2129.5
22.778750	2103.6
22.782500	2056.4
22.786250	1999.4
22.790000	2043.4
22.793750	2137.7
22.797500	2133.4
22.801250	2060.0
22.805000	2034.5
22.808750	2033.2
22.812500	2018.4
22.816250	2024.4
22.820000	2047.6
22.823750	2090.1
22.827500	2032.3
22.831250	1992.8
22.835000	2032.8
22.838750	1996.6
22.842500	2101.0
22.846250	2008.1
22.850000	2079.3
22.853750	2065.9
22.857500	2005.2
22.861250	1916.8
22.865000	1930.9
22.868750	2005.8
22.872500	1974.6
22.876250	1955.2
22.880000	1997.1
22.883750	1985.9
22.887500	2056.5
22.891250	2055.6
22.895000	2001.7
22.898750	2015.5
22.902500	1993.5
22.906250	2026.4
22.910000	2037.4
22.913750	2021.8
22.917500	1978.5
22.921250	1985.4
22.925000	1923.2
22.928750	1891.6
22.932500	2025.9
22.936250	2083.3
22.940000	1977.5
22.943750	1990.3
22.947500	2045.5
22.951250	1941.7
22.955000	2019.9
22.958750	2056.9
22.962500	1914.3
22.966250	2005.9
22.970000	1972.7
22.973750	2006.2
22.977500	2001.0
22.981250	1952.8
22.985000	1969.0
22.988750	2014.3
22.992500	2028.3
22.996250	1973.2
23.000000	1970.4
23.003750	1917.3
23.007500	2046.9
23.011250	1978.7
23.015000	1978.8
23.018750	2005.0
23.022500	1925.8
23.026250	1990.0
23.030000	2052.1
23.033750	2022.0
23.037500	1988.4
23.041250	2040.9
23.045000	2022.9
23.048750	1981.8
23.052500	1907.3
23.056250	1947.1
23.060000	1952.7
23.063750	1987.0
23.067500	1976.7
23.071250	1968.8
23.075000	1926.0
23.078750	2038.8
23.082500	1943.9
23.086250	2004.9
23.090000	1963.8
23.093750	1956.0
23.097500	1958.5
23.101250	1986.9
23.105000	1985.7
23.108750	1954.6
23.112500	1946.7
23.116250	2080.3
23.120000	2032.7
23.123750	2011.2
23.127500	1956.6
23.131250	2007.3
23.135000	2020.2
23.138750	1991.4
23.142500	2034.6
23.146250	1956.5
23.150000	1925.8
23.153750	1941.3
23.157500	1942.3
23.161250	1953.8
23.165000	1976.3
23.168750	2000.3
23.172500	1970.6
23.176250	1989.7
23.180000	1998.0
23.183750	1885.9
23.187500	1988.1
23.191250	2017.9
23.195000	1972.3
23.198750	1933.6
23.202500	2028.7
23.206250	1927.4
23.210000	1912.0
23.213750	1904.4
23.217500	1899.3
23.221250	1887.9
23.225000	1910.4
23.228750	1891.0
23.232500	1872.1
23.236250	1934.2
23.240000	1959.7
23.243750	1965.2
23.247500	1955.6
23.251250	1970.5
23.255000	1942.8
23.258750	1940.6
23.262500	1958.9
23.266250	1946.0
23.270000	1989.0
23.273750	1895.6
23.277500	1963.4
23.281250	1989.3
23.285000	1965.5
23.288750	1837.2
23.292500	1901.8
23.296250	1986.2
23.300000	1952.0
23.303750	1845.7
23.307500	1897.2
23.311250	1958.7
23.315000	1976.8
23.318750	1914.6
23.322500	1854.9
23.326250	1906.0
23.330000	1977.8
23.333750	1940.8
23.337500	1914.8
23.341250	1881.9
23.345000	1911.5
23.348750	1929.7
23.352500	1907.3
23.356250	1836.8
23.360000	1917.1
23.363750	1885.8
23.367500	1890.6
23.371250	1940.5
23.375000	1944.8
23.378750	1865.6
23.382500	1819.1
23.386250	1875.0
23.390000	1844.9
23.393750	1897.4
23.397500	1884.8
23.401250	1939.5
23.405000	1898.9
23.408750	1962.3
23.412500	1851.5
23.416250	1879.0
23.420000	2049.1
23.423750	2008.7
23.427500	2024.0
23.431250	2139.0
23.435000	2177.3
23.438750	2296.5
23.442500	2351.1
23.446250	2289.8
23.450000	2330.0
23.453750	2383.2
23.457500	2302.0
23.461250	2223.8
23.465000	2129.6
23.468750	2124.2
23.472500	2036.7
23.476250	1991.6
23.480000	1953.4
23.483750	1939.0
23.487500	1938.6
23.491250	1953.1
23.495000	1913.6
23.498750	1905.2
23.502500	1800.2
23.506250	1901.3
23.510000	1929.6
23.513750	1916.2
23.517500	1945.1
23.521250	1748.1
23.525000	1804.7
23.528750	1854.6
23.532500	1884.9
23.536250	1952.0
23.540000	1896.4
23.543750	1901.2
23.547500	1924.9
23.551250	1880.8
23.555000	1927.5
23.558750	1892.5
23.562500	1910.2
23.566250	1894.0
23.570000	1880.6
23.573750	1831.1
23.577500	1931.0
23.581250	1909.6
23.585000	1869.2
23.588750	1871.7
23.592500	1923.8
23.596250	2045.8
23.600000	1887.1
23.603750	1950.5
23.607500	1862.2
23.611250	1887.6
23.615000	1893.9
23.618750	1829.4
23.622500	1926.5
23.626250	1859.6
23.630000	1879.1
23.633750	2002.7
23.637500	1889.1
23.641250	1822.5
23.645000	1802.8
23.648750	1901.6
23.652500	1877.9
23.656250	1902.1
23.660000	1853.2
23.663750	1835.0
23.667500	1866.5
23.671250	1887.4
23.675000	1920.3
23.678750	1880.5
23.682500	1953.7
23.686250	1984.2
23.690000	1938.6
23.693750	1942.7
23.697500	1926.7
23.701250	1873.8
23.705000	1888.8
23.708750	1850.6
23.712500	1883.1
23.716250	1837.7
23.720000	1899.5
23.723750	1867.8
23.727500	1927.6
23.731250	1973.6
23.735000	1776.0
23.738750	1884.6
23.742500	1873.9
23.746250	1884.2
23.750000	1859.9
23.753750	1940.8
23.757500	1918.8
23.761250	1869.3
23.765000	1811.5
23.768750	1800.2
23.772500	1856.7
23.776250	1849.2
23.780000	1887.3
23.783750	1825.9
23.787500	1830.3
23.791250	1806.1
23.795000	1853.9
23.798750	1838.4
23.802500	1832.9
23.806250	1816.9
23.810000	1832.2
23.813750	1848.3
23.817500	1868.4
23.821250	1862.2
23.825000	1898.6
23.828750	1876.2
23.832500	1872.3
23.836250	1946.3
23.840000	1914.7
23.843750	1897.8
23.847500	1865.0
23.851250	1844.1
23.855000	1823.0
23.858750	1850.0
23.862500	1854.1
23.866250	1870.0
23.870000	1873.6
23.873750	1812.9
23.877500	1855.8
23.881250	1934.9
23.885000	1896.7
23.888750	1781.4
23.892500	1817.8
23.896250	1921.5
23.900000	1831.9
23.903750	1837.3
23.907500	1913.7
23.911250	1861.6
23.915000	1853.0
23.918750	1909.3
23.922500	1843.5
23.926250	1950.5
23.930000	1882.3
23.933750	1899.5
23.937500	1868.7
23.941250	1861.8
23.945000	1867.9
23.948750	1860.0
23.952500	1925.8
23.956250	1844.9
23.960000	1893.9
23.963750	1850.6
23.967500	1890.7
23.971250	1881.1
23.975000	1874.5
23.978750	1881.2
23.982500	1829.2
23.986250	1888.9
23.990000	1939.1
23.993750	1884.5
23.997500	1841.4
24.001250	1817.8
24.005000	1931.6
24.008750	1902.5
24.012500	1900.2
24.016250	1934.8
24.020000	1998.6
24.023750	1971.0
24.027500	1890.2
24.031250	1911.9
24.035000	1954.3
24.038750	1966.5
24.042500	1942.5
24.046250	1958.7
24.050000	2001.3
24.053750	2014.5
24.057500	2050.3
24.061250	1967.4
24.065000	1903.4
24.068750	1918.4
24.072500	1923.0
24.076250	1950.0
24.080000	2020.1
24.083750	1952.2
24.087500	1978.6
24.091250	1973.4
24.095000	1989.4
24.098750	2049.1
24.102500	2064.9
24.106250	2041.8
24.110000	2051.3
24.113750	2024.1
24.117500	2019.3
24.121250	2080.1
24.125000	2088.5
24.128750	2126.9
24.132500	2158.2
24.136250	2223.7
24.140000	2059.1
24.143750	2196.3
24.147500	2188.3
24.151250	2171.5
24.155000	2189.9
24.158750	2188.8
24.162500	2221.0
24.166250	2243.7
24.170000	2155.1
24.173750	2238.4
24.177500	2231.7
24.181250	2206.0
24.185000	2201.6
24.188750	2269.2
24.192500	2262.5
24.196250	2202.1
24.200000	2215.6
24.203750	2225.8
24.207500	2208.0
24.211250	2176.0
24.215000	2141.9
24.218750	2111.3
24.222500	2091.8
24.226250	2108.7
24.230000	2124.7
24.233750	2055.7
24.237500	2073.8
24.241250	2032.7
24.245000	1998.7
24.248750	1973.2
24.252500	1998.7
24.256250	1985.8
24.260000	1938.8
24.263750	1954.2
24.267500	1956.1
24.271250	1945.4
24.275000	1939.4
24.278750	1937.4
24.282500	1867.1
24.286250	1882.4
24.290000	1903.6
24.293750	1915.3
24.297500	1893.2
24.301250	1827.8
24.305000	1769.3
24.308750	1890.4
24.312500	1856.5
24.316250	1804.9
24.320000	1833.0
24.323750	1764.4
24.327500	1724.6
24.331250	1686.6
24.335000	1815.4
24.338750	1799.8
24.342500	1773.8
24.346250	1753.5
24.350000	1838.3
24.353750	1732.3
24.357500	1793.1
24.361250	1817.1
24.365000	1727.5
24.368750	1779.3
24.372500	1767.2
24.376250	1835.6
24.380000	1847.9
24.383750	1798.5
24.387500	1773.2
24.391250	1710.3
24.395000	1728.6
24.398750	1771.9
24.402500	1802.1
24.406250	1719.7
24.410000	1770.8
24.413750	1804.5
24.417500	1750.5
24.421250	1724.4
24.425000	1723.2
24.428750	1722.1
24.432500	1721.8
24.436250	1739.1
24.440000	1693.5
24.443750	1726.1
24.447500	1775.5
24.451250	1736.0
24.455000	1674.8
24.458750	1752.2
24.462500	1721.8
24.466250	1676.9
24.470000	1658.7
24.473750	1691.9
24.477500	1742.6
24.481250	1711.8
24.485000	1667.8
24.488750	1749.0
24.492500	1718.8
24.496250	1695.0
24.500000	1685.0
24.503750	1706.8
24.507500	1714.3
24.511250	1685.6
24.515000	1672.8
24.518750	1662.4
24.522500	1753.5
24.526250	1636.6
24.530000	1703.6
24.533750	1735.3
24.537500	1672.3
24.541250	1756.9
24.545000	1763.8
24.548750	1741.7
24.552500	1703.8
24.556250	1708.2
24.560000	1668.2
24.563750	1688.3
24.567500	1729.8
24.571250	1745.8
24.575000	1712.7
24.578750	1760.2
24.582500	1727.6
24.586250	1672.8
24.590000	1694.7
24.593750	1786.3
24.597500	1783.5
24.601250	1751.5
24.605000	1771.0
24.608750	1820.5
24.612500	1729.9
24.616250	1686.9
24.620000	1695.4
24.623750	1762.3
24.627500	1709.4
24.631250	1654.1
24.635000	1768.0
24.638750	1745.2
24.642500	1754.6
24.646250	1724.6
24.650000	1740.3
24.653750	1717.4
24.657500	1716.2
24.661250	1739.7
24.665000	1701.7
24.668750	1696.4
24.672500	1782.4
24.676250	1777.9
24.680000	1723.6
24.683750	1594.4
24.687500	1626.9
24.691250	1701.4
24.695000	1696.1
24.698750	1780.9
24.702500	1781.2
24.706250	1655.2
24.710000	1660.6
24.713750	1699.5
24.717500	1788.1
24.721250	1776.9
24.725000	1725.3
24.728750	1661.1
24.732500	1699.7
24.736250	1680.7
24.740000	1661.4
24.743750	1653.8
24.747500	1739.4
24.751250	1724.1
24.755000	1708.5
24.758750	1641.3
24.762500	1741.7
24.766250	1660.0
24.770000	1697.5
24.773750	1735.2
24.777500	1643.6
24.781250	1634.1
24.785000	1638.8
24.788750	1664.5
24.792500	1700.4
24.796250	1704.2
24.800000	1635.5
24.803750	1614.0
24.807500	1667.7
24.811250	1628.8
24.815000	1610.4
24.818750	1657.7
24.822500	1711.1
24.826250	1682.6
24.830000	1691.3
24.833750	1676.0
24.837500	1721.3
24.841250	1733.5
24.845000	1667.0
24.848750	1650.4
24.852500	1692.1
24.856250	1649.4
24.860000	1591.4
24.863750	1570.3
24.867500	1589.7
24.871250	1699.3
24.875000	1633.8
24.878750	1699.3
24.882500	1618.7
24.886250	1687.4
24.890000	1707.4
24.893750	1676.0
24.897500	1659.0
24.901250	1665.0
24.905000	1632.4
24.908750	1619.7
24.912500	1628.4
24.916250	1739.8
24.920000	1693.3
24.923750	1584.3
24.927500	1646.7
24.931250	1629.3
24.935000	1687.0
24.938750	1725.3
24.942500	1636.3
24.946250	1572.3
24.950000	1671.7
24.953750	1627.8
24.957500	1647.7
24.961250	1651.0
24.965000	1617.5
24.968750	1691.3
24.972500	1587.8
24.976250	1554.7
24.980000	1672.8
24.983750	1625.3
24.987500	1652.3
24.991250	1643.6
24.995000	1630.7
24.998750	1586.2
25.002500	1652.5
25.006250	1630.1
25.010000	1617.5
25.013750	1619.9
25.017500	1557.1
25.021250	1601.4
25.025000	1594.9
25.028750	1557.8
25.032500	1628.5
25.036250	1616.3
25.040000	1585.0
25.043750	1671.3
25.047500	1650.6
25.051250	1648.6
25.055000	1639.1
25.058750	1597.9
25.062500	1627.5
25.066250	1604.8
25.070000	1542.8
25.073750	1546.4
25.077500	1643.0
25.081250	1663.4
25.085000	1665.3
25.088750	1650.7
25.092500	1617.0
25.096250	1586.8
25.100000	1592.9
25.103750	1715.3
25.107500	1577.8
25.111250	1600.3
25.115000	1672.0
25.118750	1649.6
25.122500	1647.8
25.126250	1660.0
25.130000	1598.4
25.133750	1679.6
25.137500	1618.3
25.141250	1600.1
25.145000	1685.3
25.148750	1703.9
25.152500	1650.2
25.156250	1660.4
25.160000	1632.7
25.163750	1704.6
25.167500	1651.7
25.171250	1681.4
25.175000	1613.1
25.178750	1614.6
25.182500	1636.9
25.186250	1645.8
25.190000	1557.7
25.193750	1654.7
25.197500	1621.7
25.201250	1582.4
25.205000	1608.1
25.208750	1648.3
25.212500	1635.2
25.216250	1655.3
25.220000	1678.6
25.223750	1681.7
25.227500	1630.3
25.231250	1668.6
25.235000	1541.7
25.238750	1625.1
25.242500	1567.2
25.246250	1667.2
25.250000	1716.1
25.253750	1591.1
25.257500	1595.2
25.261250	1675.9
25.265000	1648.3
25.268750	1648.8
25.272500	1795.2
25.276250	1756.5
25.280000	1837.8
25.283750	1887.2
25.287500	1869.5
25.291250	1930.5
25.295000	2026.3
25.298750	1981.5
25.302500	2001.8
25.306250	1962.0
25.310000	1845.2
25.313750	1792.7
25.317500	1712.9
25.321250	1689.6
25.325000	1678.2
25.328750	1712.7
25.332500	1613.5
25.336250	1618.7
25.340000	1633.7
25.343750	1539.7
25.347500	1546.8
25.351250	1529.6
25.355000	1573.3
25.358750	1592.1
25.362500	1556.9
25.366250	1618.5
25.370000	1619.6
25.373750	1576.2
25.377500	1549.6
25.381250	1533.7
25.385000	1615.3
25.388750	1657.2
25.392500	1643.4
25.396250	1589.4
25.400000	1577.6
25.403750	1493.5
25.407500	1568.7
25.411250	1653.6
25.415000	1654.4
25.418750	1660.5
25.422500	1579.9
25.426250	1538.4
25.430000	1580.8
25.433750	1530.7
25.437500	1557.6
25.441250	1590.7
25.445000	1521.2
25.448750	1592.0
25.452500	1609.9
25.456250	1592.2
25.460000	1614.9
25.463750	1576.8
25.467500	1574.4
25.471250	1627.4
25.475000	1559.5
25.478750	1665.1
25.482500	1627.2
25.486250	1679.4
25.490000	1520.8
25.493750	1550.0
25.497500	1614.3
25.501250	1687.1
25.505000	1581.2
25.508750	1549.5
25.512500	1587.4
25.516250	1640.5
25.520000	1568.5
25.523750	1619.5
25.527500	1563.1
25.531250	1547.1
25.535000	1637.3
25.538750	1676.4
25.542500	1554.6
25.546250	1515.2
25.550000	1643.9
25.553750	1598.0
25.557500	1585.5
25.561250	1613.7
25.565000	1520.6
25.568750	1649.9
25.572500	1603.8
25.576250	1517.4
25.580000	1645.1
25.583750	1673.2
25.587500	1568.1
25.591250	1528.8
25.595000	1631.1
25.598750	1622.8
25.602500	1589.5
25.606250	1606.9
25.610000	1526.1
25.613750	1572.2
25.617500	1661.0
25.621250	1578.9
25.625000	1648.7
25.628750	1613.7
25.632500	1552.9
25.636250	1630.8
25.640000	1549.3
25.643750	1431.0
25.647500	1566.4
25.651250	1647.1
25.655000	1602.9
25.658750	1560.9
25.662500	1550.2
25.666250	1577.9
25.670000	1499.6
25.673750	1577.1
25.677500	1669.7
25.681250	1582.8
25.685000	1567.5
25.688750	1571.4
25.692500	1477.8
25.696250	1530.8
25.700000	1631.3
25.703750	1559.5
25.707500	1494.2
25.711250	1565.5
25.715000	1579.5
25.718750	1557.7
25.722500	1557.6
25.726250	1546.5
25.730000	1565.9
25.733750	1579.6
25.737500	1611.4
25.741250	1563.8
25.745000	1552.5
25.748750	1581.5
25.752500	1541.4
25.756250	1546.8
25.760000	1607.9
25.763750	1614.5
25.767500	1547.7
25.771250	1572.8
25.775000	1665.2
25.778750	1641.7
25.782500	1630.2
25.786250	1721.5
25.790000	1661.4
25.793750	1712.8
25.797500	1760.8
25.801250	1742.1
25.805000	1718.8
25.808750	1691.0
25.812500	1704.3
25.816250	1681.1
25.820000	1594.7
25.823750	1587.3
25.827500	1562.1
25.831250	1613.9
25.835000	1654.3
25.838750	1517.3
25.842500	1512.5
25.846250	1529.0
25.850000	1490.7
25.853750	1583.0
25.857500	1589.3
25.861250	1603.1
25.865000	1612.9
25.868750	1537.0
25.872500	1531.6
25.876250	1585.2
25.880000	1576.0
25.883750	1578.9
25.887500	1506.2
25.891250	1563.5
25.895000	1570.2
25.898750	1522.1
25.902500	1567.8
25.906250	1590.3
25.910000	1549.7
25.913750	1560.1
25.917500	1511.7
25.921250	1483.2
25.925000	1567.4
25.928750	1592.5
25.932500	1573.3
25.936250	1564.4
25.940000	1557.3
25.943750	1572.3
25.947500	1584.4
25.951250	1570.7
25.955000	1578.7
25.958750	1596.0
25.962500	1534.5
25.966250	1527.8
25.970000	1492.1
25.973750	1533.8
25.977500	1469.7
25.981250	1403.0
25.985000	1439.8
25.988750	1468.2
25.992500	1562.1
25.996250	1467.9
26.000000	1560.7
26.003750	1466.2
26.007500	1434.2
26.011250	1506.7
26.015000	1464.8
26.018750	1582.3
26.022500	1588.5
26.026250	1462.8
26.030000	1466.3
26.033750	1521.0
26.037500	1462.6
26.041250	1570.2
26.045000	1596.2
26.048750	1499.3
26.052500	1550.7
26.056250	1534.0
26.060000	1502.4
26.063750	1513.8
26.067500	1443.1
26.071250	1485.4
26.075000	1548.2
26.078750	1581.6
26.082500	1546.9
26.086250	1495.6
26.090000	1456.6
26.093750	1489.2
26.097500	1446.8
26.101250	1525.1
26.105000	1537.7
26.108750	1514.2
26.112500	1547.0
26.116250	1682.1
26.120000	1569.1
26.123750	1514.3
26.127500	1414.4
26.131250	1432.4
26.135000	1473.0
26.138750	1481.0
26.142500	1589.4
26.146250	1560.3
26.150000	1544.4
26.153750	1577.6
26.157500	1542.5
26.161250	1572.2
26.165000	1484.9
26.168750	1523.4
26.172500	1557.0
26.176250	1517.6
26.180000	1547.5
26.183750	1588.7
26.187500	1563.5
26.191250	1518.3
26.195000	1638.2
26.198750	1517.4
26.202500	1532.3
26.206250	1522.1
26.210000	1473.2
26.213750	1578.8
26.217500	1596.2
26.221250	1557.6
26.225000	1500.5
26.228750	1470.3
26.232500	1531.5
26.236250	1517.1
26.240000	1505.5
26.243750	1467.7
26.247500	1427.7
26.251250	1567.8
26.255000	1520.3
26.258750	1507.8
26.262500	1577.7
26.266250	1613.3
26.270000	1531.4
26.273750	1591.8
26.277500	1552.8
26.281250	1540.4
26.285000	1542.6
26.288750	1511.7
26.292500	1513.1
26.296250	1549.8
26.300000	1519.6
26.303750	1499.8
26.307500	1485.2
26.311250	1562.0
26.315000	1524.6
26.318750	1521.4
26.322500	1512.0
26.326250	1467.3
26.330000	1537.7
26.333750	1491.5
26.337500	1479.1
26.341250	1488.1
26.345000	1468.4
26.348750	1535.9
26.352500	1534.6
26.356250	1491.2
26.360000	1506.3
26.363750	1545.8
26.367500	1539.4
26.371250	1512.4
26.375000	1497.6
26.378750	1511.8
26.382500	1513.5
26.386250	1482.7
26.390000	1486.1
26.393750	1507.4
26.397500	1519.9
26.401250	1491.2
26.405000	1492.1
26.408750	1482.0
26.412500	1512.9
26.416250	1483.1
26.420000	1488.5
26.423750	1539.0
26.427500	1458.1
26.431250	1557.8
26.435000	1521.4
26.438750	1541.9
26.442500	1555.2
26.446250	1525.8
26.450000	1507.1
26.453750	1475.6
26.457500	1484.0
26.461250	1503.2
26.465000	1604.3
26.468750	1519.8
26.472500	1537.0
26.476250	1490.5
26.480000	1444.0
26.483750	1557.1
26.487500	1586.9
26.491250	1578.4
26.495000	1506.4
26.498750	1470.5
26.502500	1507.1
26.506250	1520.0
26.510000	1524.3
26.513750	1415.9
26.517500	1525.2
26.521250	1577.7
26.525000	1490.2
26.528750	1509.5
26.532500	1520.7
26.536250	1547.7
26.540000	1471.5
26.543750	1486.8
26.547500	1568.8
26.551250	1487.0
26.555000	1510.0
26.558750	1600.9
26.562500	1551.2
26.566250	1498.5
26.570000	1498.5
26.573750	1494.5
26.577500	1523.4
26.581250	1573.4
26.585000	1506.5
26.588750	1425.8
26.592500	1505.4
26.596250	1576.7
26.600000	1502.5
26.603750	1534.1
26.607500	1533.5
26.611250	1517.3
26.615000	1511.8
26.618750	1479.7
26.622500	1484.6
26.626250	1523.9
26.630000	1523.6
26.633750	1516.1
26.637500	1483.5
26.641250	1473.1
26.645000	1518.9
26.648750	1457.3
26.652500	1430.7
26.656250	1446.9
26.660000	1569.2
26.663750	1497.9
26.667500	1511.8
26.671250	1475.6
26.675000	1561.0
26.678750	1491.8
26.682500	1502.0
26.686250	1516.8
26.690000	1481.8
26.693750	1487.9
26.697500	1491.9
26.701250	1455.5
26.705000	1483.2
26.708750	1438.4
26.712500	1456.6
26.716250	1492.6
26.720000	1535.2
26.723750	1571.0
26.727500	1549.6
26.731250	1489.6
26.735000	1489.5
26.738750	1481.2
26.742500	1498.7
26.746250	1507.7
26.750000	1540.7
26.753750	1505.2
26.757500	1479.5
26.761250	1463.0
26.765000	1450.1
26.768750	1500.8
26.772500	1449.3
26.776250	1439.8
26.780000	1450.4
26.783750	1471.2
26.787500	1521.8
26.791250	1498.6
26.795000	1480.2
26.798750	1477.6
26.802500	1460.2
26.806250	1538.0
26.810000	1568.0
26.813750	1514.9
26.817500	1568.0
26.821250	1490.5
26.825000	1447.8
26.828750	1550.1
26.832500	1507.1
26.836250	1530.9
26.840000	1511.0
26.843750	1516.2
26.847500	1475.7
26.851250	1477.0
26.855000	1418.3
26.858750	1472.9
26.862500	1462.7
26.866250	1533.9
26.870000	1494.1
26.873750	1493.8
26.877500	1586.8
26.881250	1511.9
26.885000	1557.1
26.888750	1507.2
26.892500	1569.6
26.896250	1511.7
26.900000	1487.3
26.903750	1538.6
26.907500	1534.2
26.911250	1557.0
26.915000	1508.7
26.918750	1489.4
26.922500	1530.8
26.926250	1472.2
26.930000	1508.0
26.933750	1487.3
26.937500	1533.2
26.941250	1601.7
26.945000	1494.5
26.948750	1512.5
26.952500	1499.2
26.956250	1475.1
26.960000	1537.9
26.963750	1456.7
26.967500	1470.9
26.971250	1561.0
26.975000	1537.7
26.978750	1498.7
26.982500	1506.5
26.986250	1530.5
26.990000	1551.7
26.993750	1566.8
26.997500	1558.2
27.001250	1594.1
27.005000	1550.8
27.008750	1540.3
27.012500	1555.8
27.016250	1600.5
27.020000	1575.1
27.023750	1530.6
27.027500	1556.2
27.031250	1578.1
27.035000	1588.5
27.038750	1658.3
27.042500	1575.7
27.046250	1655.3
27.050000	1629.9
27.053750	1588.3
27.057500	1602.8
27.061250	1600.0
27.065000	1576.0
27.068750	1620.0
27.072500	1645.1
27.076250	1695.0
27.080000	1588.6
27.083750	1623.9
27.087500	1622.1
27.091250	1560.2
27.095000	1626.7
27.098750	1692.5
27.102500	1699.1
27.106250	1674.3
27.110000	1742.9
27.113750	1720.4
27.117500	1708.9
27.121250	1789.5
27.125000	1830.8
27.128750	1944.2
27.132500	1994.9
27.136250	1925.7
27.140000	2025.9
27.143750	2015.9
27.147500	2030.3
27.151250	2060.9
27.155000	1986.8
27.158750	1859.6
27.162500	1855.0
27.166250	1868.1
27.170000	1878.6
27.173750	1904.1
27.177500	1854.0
27.181250	1900.4
27.185000	1920.6
27.188750	1877.9
27.192500	1846.0
27.196250	1796.1
27.200000	1929.0
27.203750	1949.9
27.207500	1940.1
27.211250	1932.3
27.215000	1950.7
27.218750	2021.7
27.222500	1928.5
27.226250	1999.5
27.230000	2054.6
27.233750	2066.4
27.237500	2084.2
27.241250	2043.6
27.245000	2037.4
27.248750	2128.6
27.252500	2172.6
27.256250	2085.6
27.260000	2134.2
27.263750	2156.2
27.267500	2139.1
27.271250	2224.4
27.275000	2175.1
27.278750	2193.6
27.282500	2255.1
27.286250	2297.2
27.290000	2269.3
27.293750	2285.9
27.297500	2258.1
27.301250	2348.7
27.305000	2364.0
27.308750	2290.9
27.312500	2350.4
27.316250	2392.3
27.320000	2405.9
27.323750	2445.7
27.327500	2503.8
27.331250	2456.4
27.335000	2391.4
27.338750	2446.9
27.342500	2443.1
27.346250	2417.2
27.350000	2451.6
27.353750	2460.1
27.357500	2491.2
27.361250	2554.5
27.365000	2574.4
27.368750	2564.3
27.372500	2512.6
27.376250	2562.1
27.380000	2556.3
27.383750	2572.1
27.387500	2658.8
27.391250	2630.0
27.395000	2658.7
27.398750	2728.9
27.402500	2672.5
27.406250	2758.9
27.410000	2853.2
27.413750	2827.6
27.417500	2814.6
27.421250	2967.1
27.425000	2874.2
27.428750	2900.4
27.432500	2897.7
27.436250	2996.8
27.440000	3011.6
27.443750	2968.7
27.447500	3068.0
27.451250	3005.8
27.455000	3103.6
27.458750	3133.1
27.462500	3156.3
27.466250	3209.7
27.470000	3259.4
27.473750	3158.3
27.477500	3245.8
27.481250	3254.3
27.485000	3325.2
27.488750	3188.1
27.492500	3207.6
27.496250	3242.5
27.500000	3074.7
27.503750	3119.6
27.507500	3120.5
27.511250	3063.8
27.515000	3091.2
27.518750	3003.8
27.522500	2986.9
27.526250	2969.3
27.530000	2912.5
27.533750	2887.6
27.537500	2809.0
27.541250	2726.5
27.545000	2631.0
27.548750	2617.8
27.552500	2578.3
27.556250	2603.1
27.560000	2593.0
27.563750	2380.9
27.567500	2364.2
27.571250	2388.1
27.575000	2231.2
27.578750	2181.1
27.582500	2231.7
27.586250	2079.9
27.590000	2077.4
27.593750	2103.1
27.597500	2099.9
27.601250	1991.4
27.605000	1955.9
27.608750	1968.0
27.612500	1915.0
27.616250	1956.8
27.620000	1868.3
27.623750	1816.8
27.627500	1847.5
27.631250	1668.7
27.635000	1771.1
27.638750	1701.3
27.642500	1786.8
27.646250	1634.8
27.650000	1653.3
27.653750	1668.4
27.657500	1690.2
27.661250	1641.6
27.665000	1649.9
27.668750	1523.9
27.672500	1571.5
27.676250	1554.0
27.680000	1631.8
27.683750	1647.2
27.687500	1543.9
27.691250	1564.2
27.695000	1504.5
27.698750	1490.0
27.702500	1524.5
27.706250	1542.4
27.710000	1506.1
27.713750	1506.1
27.717500	1525.0
27.721250	1512.5
27.725000	1504.0
27.728750	1489.3
27.732500	1509.5
27.736250	1496.8
27.740000	1555.0
27.743750	1502.7
27.747500	1508.1
27.751250	1486.6
27.755000	1425.1
27.758750	1526.5
27.762500	1492.9
27.766250	1496.4
27.770000	1537.0
27.773750	1484.1
27.777500	1469.6
27.781250	1392.6
27.785000	1431.0
27.788750	1434.1
27.792500	1472.5
27.796250	1478.5
27.800000	1430.3
27.803750	1459.9
27.807500	1434.2
27.811250	1429.2
27.815000	1488.8
27.818750	1525.6
27.822500	1382.8
27.826250	1473.1
27.830000	1409.6
27.833750	1413.8
27.837500	1460.6
27.841250	1452.4
27.845000	1417.8
27.848750	1395.4
27.852500	1489.3
27.856250	1414.2
27.860000	1472.1
27.863750	1469.1
27.867500	1436.2
27.871250	1445.0
27.875000	1377.2
27.878750	1466.9
27.882500	1502.2
27.886250	1377.9
27.890000	1426.2
27.893750	1423.2
27.897500	1426.9
27.901250	1440.8
27.905000	1433.4
27.908750	1430.8
27.912500	1482.6
27.916250	1422.0
27.920000	1451.3
27.923750	1426.4
27.927500	1452.1
27.931250	1467.0
27.935000	1513.9
27.938750	1414.4
27.942500	1446.4
27.946250	1415.2
27.950000	1514.1
27.953750	1434.6
27.957500	1505.7
27.961250	1475.8
27.965000	1528.2
27.968750	1485.7
27.972500	1501.5
27.976250	1467.6
27.980000	1514.7
27.983750	1539.4
27.987500	1480.0
27.991250	1602.9
27.995000	1494.2
27.998750	1546.2
28.002500	1581.8
28.006250	1531.1
28.010000	1626.3
28.013750	1598.4
28.017500	1678.8
28.021250	1623.3
28.025000	1629.0
28.028750	1667.4
28.032500	1727.2
28.036250	1787.4
28.040000	1800.5
28.043750	1876.3
28.047500	1949.6
28.051250	2021.9
28.055000	2098.4
28.058750	2268.4
28.062500	2373.4
28.066250	2410.0
28.070000	2730.2
28.073750	3018.1
28.077500	3458.4
28.081250	4004.5
28.085000	4615.5
28.088750	5345.1
28.092500	6108.0
28.096250	6787.2
28.100000	7099.5
28.103750	7380.0
28.107500	7441.6
28.111250	7484.5
28.115000	7009.2
28.118750	6282.5
28.122500	5420.3
28.126250	4608.9
28.130000	3790.3
28.133750	3366.9
28.137500	2915.9
28.141250	2630.4
28.145000	2369.3
28.148750	2249.6
28.152500	2240.0
28.156250	2050.3
28.160000	1918.1
28.163750	1857.3
28.167500	1800.1
28.171250	1741.0
28.175000	1652.5
28.178750	1713.5
28.182500	1608.9
28.186250	1550.3
28.190000	1543.4
28.193750	1521.9
28.197500	1578.4
28.201250	1545.0
28.205000	1575.7
28.208750	1495.7
28.212500	1532.5
28.216250	1491.7
28.220000	1527.6
28.223750	1502.4
28.227500	1496.3
28.231250	1490.4
28.235000	1449.4
28.238750	1456.1
28.242500	1481.4
28.246250	1432.8
28.250000	1408.9
28.253750	1412.8
28.257500	1419.8
28.261250	1397.8
28.265000	1430.6
28.268750	1406.1
28.272500	1365.0
28.276250	1401.5
28.280000	1353.1
28.283750	1356.9
28.287500	1445.5
28.291250	1341.0
28.295000	1397.6
28.298750	1408.1
28.302500	1371.7
28.306250	1324.6
28.310000	1317.8
28.313750	1340.8
28.317500	1343.4
28.321250	1400.8
28.325000	1434.0
28.328750	1356.1
28.332500	1352.5
28.336250	1314.0
28.340000	1381.1
28.343750	1402.1
28.347500	1300.0
28.351250	1322.2
28.355000	1287.2
28.358750	1300.7
28.362500	1357.3
28.366250	1289.7
28.370000	1332.9
28.373750	1334.7
28.377500	1359.3
28.381250	1373.3
28.385000	1270.4
28.388750	1315.7
28.392500	1288.2
28.396250	1257.8
28.400000	1297.4
28.403750	1369.8
28.407500	1373.8
28.411250	1271.2
28.415000	1288.9
28.418750	1344.1
28.422500	1351.5
28.426250	1336.8
28.430000	1389.4
28.433750	1351.6
28.437500	1285.5
28.441250	1292.3
28.445000	1303.9
28.448750	1290.7
28.452500	1312.4
28.456250	1324.5
28.460000	1296.2
28.463750	1288.4
28.467500	1331.8
28.471250	1268.0
28.475000	1315.2
28.478750	1302.1
28.482500	1329.3
28.486250	1292.6
28.490000	1266.0
28.493750	1366.1
28.497500	1326.1
28.501250	1278.9
28.505000	1276.3
28.508750	1275.2
28.512500	1322.0
28.516250	1311.6
28.520000	1336.1
28.523750	1229.8
28.527500	1275.7
28.531250	1356.4
28.535000	1301.9
28.538750	1239.2
28.542500	1257.7
28.546250	1264.3
28.550000	1339.2
28.553750	1342.7
28.557500	1274.8
28.561250	1288.1
28.565000	1285.1
28.568750	1272.7
28.572500	1333.4
28.576250	1341.5
28.580000	1271.0
28.583750	1256.6
28.587500	1234.5
28.591250	1287.1
28.595000	1242.3
28.598750	1259.1
28.602500	1262.0
28.606250	1324.0
28.610000	1319.0
28.613750	1256.4
28.617500	1288.8
28.621250	1340.3
28.625000	1292.8
28.628750	1263.7
28.632500	1295.0
28.636250	1221.9
28.640000	1250.7
28.643750	1281.5
28.647500	1243.1
28.651250	1266.1
28.655000	1315.4
28.658750	1314.0
28.662500	1309.8
28.666250	1289.9
28.670000	1267.1
28.673750	1302.8
28.677500	1275.9
28.681250	1272.1
28.685000	1261.2
28.688750	1227.8
28.692500	1236.4
28.696250	1220.1
28.700000	1276.6
28.703750	1292.2
28.707500	1336.1
28.711250	1336.4
28.715000	1279.3
28.718750	1259.3
28.722500	1291.5
28.726250	1283.1
28.730000	1211.4
28.733750	1277.9
28.737500	1273.1
28.741250	1239.5
28.745000	1265.5
28.748750	1290.8
28.752500	1325.1
28.756250	1263.6
28.760000	1215.0
28.763750	1249.0
28.767500	1261.0
28.771250	1268.8
28.775000	1267.4
28.778750	1258.8
28.782500	1297.0
28.786250	1240.3
28.790000	1302.8
28.793750	1311.7
28.797500	1261.9
28.801250	1304.0
28.805000	1315.6
28.808750	1273.8
28.812500	1187.5
28.816250	1241.7
28.820000	1266.4
28.823750	1299.1
28.827500	1318.8
28.831250	1301.7
28.835000	1302.2
28.838750	1296.8
28.842500	1307.8
28.846250	1270.7
28.850000	1255.9
28.853750	1311.2
28.857500	1288.9
28.861250	1208.4
28.865000	1224.4
28.868750	1283.9
28.872500	1248.4
28.876250	1300.6
28.880000	1278.8
28.883750	1238.9
28.887500	1278.3
28.891250	1315.6
28.895000	1254.4
28.898750	1301.3
28.902500	1261.9
28.906250	1305.6
28.910000	1359.6
28.913750	1313.6
28.917500	1318.0
28.921250	1279.2
28.925000	1252.5
28.928750	1339.9
28.932500	1337.5
28.936250	1317.1
28.940000	1249.1
28.943750	1319.7
28.947500	1255.8
28.951250	1309.8
28.955000	1239.5
28.958750	1224.6
28.962500	1263.4
28.966250	1304.9
28.970000	1285.6
28.973750	1424.8
28.977500	1367.9
28.981250	1401.1
28.985000	1343.1
28.988750	1332.4
28.992500	1324.4
28.996250	1327.3
29.000000	1311.5
29.003750	1265.8
29.007500	1297.4
29.011250	1267.8
29.015000	1350.5
29.018750	1308.8
29.022500	1260.7
29.026250	1341.5
29.030000	1360.6
29.033750	1293.0
29.037500	1306.5
29.041250	1255.8
29.045000	1285.9
29.048750	1349.3
29.052500	1291.5
29.056250	1258.2
29.060000	1269.8
29.063750	1258.4
29.067500	1267.0
29.071250	1197.9
29.075000	1243.8
29.078750	1258.8
29.082500	1315.4
29.086250	1268.6
29.090000	1194.7
29.093750	1290.3
29.097500	1277.7
29.101250	1243.7
29.105000	1245.9
29.108750	1308.4
29.112500	1301.2
29.116250	1267.3
29.120000	1160.5
29.123750	1265.1
29.127500	1251.5
29.131250	1264.9
29.135000	1354.4
29.138750	1244.7
29.142500	1215.3
29.146250	1233.8
29.150000	1239.3
29.153750	1263.7
29.157500	1221.0
29.161250	1233.2
29.165000	1224.8
29.168750	1258.7
29.172500	1263.7
29.176250	1254.3
29.180000	1275.6
29.183750	1273.7
29.187500	1241.1
29.191250	1312.2
29.195000	1359.3
29.198750	1348.7
29.202500	1354.7
29.206250	1384.8
29.210000	1407.3
29.213750	1425.7
29.217500	1345.9
29.221250	1399.1
29.225000	1414.4
29.228750	1340.8
29.232500	1275.5
29.236250	1316.1
29.240000	1250.3
29.243750	1220.0
29.247500	1218.0
29.251250	1205.9
29.255000	1206.3
29.258750	1268.6
29.262500	1228.3
29.266250	1264.2
29.270000	1236.6
29.273750	1209.8
29.277500	1170.5
29.281250	1166.1
29.285000	1193.8
29.288750	1260.2
29.292500	1193.7
29.296250	1182.0
29.300000	1213.8
29.303750	1218.6
29.307500	1165.7
29.311250	1249.5
29.315000	1220.8
29.318750	1178.9
29.322500	1195.6
29.326250	1195.6
29.330000	1218.5
29.333750	1207.5
29.337500	1165.3
29.341250	1175.3
29.345000	1156.8
29.348750	1235.1
29.352500	1179.9
29.356250	1192.2
29.360000	1220.2
29.363750	1181.4
29.367500	1210.8
29.371250	1165.2
29.375000	1140.5
29.378750	1209.2
29.382500	1212.6
29.386250	1209.3
29.390000	1172.1
29.393750	1215.2
29.397500	1202.9
29.401250	1245.7
29.405000	1161.2
29.408750	1169.2
29.412500	1258.6
29.416250	1209.1
29.420000	1165.8
29.423750	1197.9
29.427500	1190.7
29.431250	1214.3
29.435000	1243.7
29.438750	1178.5
29.442500	1168.3
29.446250	1197.8
29.450000	1169.5
29.453750	1182.6
29.457500	1200.4
29.461250	1220.9
29.465000	1171.6
29.468750	1176.6
29.472500	1227.6
29.476250	1179.6
29.480000	1155.5
29.483750	1211.4
29.487500	1219.3
29.491250	1177.0
29.495000	1143.1
29.498750	1213.8
29.502500	1133.2
29.506250	1201.8
29.510000	1216.2
29.513750	1193.0
29.517500	1184.7
29.521250	1173.5
29.525000	1191.7
29.528750	1194.1
29.532500	1169.4
29.536250	1303.0
29.540000	1167.7
29.543750	1160.5
29.547500	1210.7
29.551250	1187.1
29.555000	1130.7
29.558750	1181.4
29.562500	1139.3
29.566250	1246.0
29.570000	1171.8
29.573750	1133.5
29.577500	1128.4
29.581250	1162.9
29.585000	1151.5
29.588750	1212.9
29.592500	1149.2
29.596250	1216.8
29.600000	1146.7
29.603750	1231.0
29.607500	1140.3
29.611250	1121.7
29.615000	1145.7
29.618750	1205.0
29.622500	1202.1
29.626250	1215.6
29.630000	1208.0
29.633750	1205.9
29.637500	1189.0
29.641250	1195.7
29.645000	1173.7
29.648750	1199.4
29.652500	1188.8
29.656250	1177.0
29.660000	1123.7
29.663750	1230.1
29.667500	1119.1
29.671250	1160.8
29.675000	1193.1
29.678750	1165.3
29.682500	1155.7
29.686250	1183.0
29.690000	1167.4
29.693750	1152.7
29.697500	1159.3
29.701250	1170.9
29.705000	1173.0
29.708750	1201.4
29.712500	1174.2
29.716250	1191.1
29.720000	1112.9
29.723750	1256.6
29.727500	1178.1
29.731250	1157.9
29.735000	1166.0
29.738750	1221.7
29.742500	1178.9
29.746250	1214.2
29.750000	1180.6
29.753750	1166.8
29.757500	1110.5
29.761250	1204.0
29.765000	1138.7
29.768750	1217.2
29.772500	1204.1
29.776250	1204.9
29.780000	1169.2
29.783750	1136.6
29.787500	1147.5
29.791250	1196.1
29.795000	1086.8
29.798750	1145.2
29.802500	1123.2
29.806250	1116.3
29.810000	1194.6
29.813750	1230.2
29.817500	1197.1
29.821250	1118.5
29.825000	1166.0
29.828750	1192.4
29.832500	1146.9
29.836250	1162.2
29.840000	1198.1
29.843750	1203.0
29.847500	1147.7
29.851250	1151.7
29.855000	1149.1
29.858750	1143.7
29.862500	1125.8
29.866250	1128.1
29.870000	1150.1
29.873750	1145.2
29.877500	1144.2
29.881250	1167.7
29.885000	1159.3
29.888750	1133.0
29.892500	1092.3
29.896250	1153.3
29.900000	1159.3
29.903750	1154.0
29.907500	1215.8
29.911250	1191.1
29.915000	1124.7
29.918750	1138.5
29.922500	1174.3
29.926250	1125.9
29.930000	1088.9
29.933750	1182.7
29.937500	1172.1
29.941250	1160.5
29.945000	1105.9
29.948750	1122.1
29.952500	1074.6
29.956250	1147.1
29.960000	1166.4
29.963750	1144.3
29.967500	1134.1
29.971250	1193.0
29.975000	1129.4
29.978750	1144.1
29.982500	1123.4
29.986250	1175.4
29.990000	1136.2
29.993750	1096.3
29.997500	1161.0
30.001250	1203.0
30.005000	1136.7
30.008750	1143.4
30.012500	1206.8
30.016250	1127.8
30.020000	1198.7
30.023750	1140.5
30.027500	1096.0
30.031250	1096.0
30.035000	1130.3
30.038750	1116.3
30.042500	1120.3
30.046250	1089.3
30.050000	1163.8
30.053750	1126.9
30.057500	1083.5
30.061250	1147.8
30.065000	1141.6
30.068750	1174.6
30.072500	1118.5
30.076250	1156.7
30.080000	1110.7
30.083750	1166.1
30.087500	1169.2
30.091250	1136.6
30.095000	1113.0
30.098750	1200.1
30.102500	1164.3
30.106250	1165.7
30.110000	1130.1
30.113750	1136.6
30.117500	1181.4
30.121250	1168.4
30.125000	1101.7
30.128750	1107.3
30.132500	1112.1
30.136250	1131.9
30.140000	1152.2
30.143750	1180.8
30.147500	1134.9
30.151250	1136.9
30.155000	1129.9
30.158750	1147.8
30.162500	1143.2
30.166250	1168.7
30.170000	1150.8
30.173750	1104.9
30.177500	1176.7
30.181250	1179.2
30.185000	1178.7
30.188750	1179.7
30.192500	1152.5
30.196250	1135.2
30.200000	1201.5
30.203750	1167.1
30.207500	1140.3
30.211250	1119.8
30.215000	1147.5
30.218750	1216.6
30.222500	1152.5
30.226250	1156.3
30.230000	1091.9
30.233750	1136.4
30.237500	1129.3
30.241250	1149.0
30.245000	1117.1
30.248750	1181.4
30.252500	1128.7
30.256250	1141.1
30.260000	1164.5
30.263750	1111.3
30.267500	1212.9
30.271250	1228.3
30.275000	1222.4
30.278750	1214.3
30.282500	1147.4
30.286250	1141.2
30.290000	1131.5
30.293750	1134.7
30.297500	1200.6
30.301250	1173.5
30.305000	1186.6
30.308750	1106.7
30.312500	1170.5
30.316250	1180.3
30.320000	1151.4
30.323750	1200.5
30.327500	1215.7
30.331250	1209.1
30.335000	1234.2
30.338750	1131.4
30.342500	1210.2
30.346250	1278.8
30.350000	1151.7
30.353750	1193.1
30.357500	1218.9
30.361250	1218.9
30.365000	1296.1
30.368750	1273.5
30.372500	1199.4
30.376250	1260.3
30.380000	1233.8
30.383750	1264.0
30.387500	1210.4
30.391250	1215.6
30.395000	1265.2
30.398750	1262.1
30.402500	1239.7
30.406250	1235.6
30.410000	1197.3
30.413750	1330.5
30.417500	1237.9
30.421250	1237.2
30.425000	1286.5
30.428750	1171.5
30.432500	1231.3
30.436250	1277.1
30.440000	1238.2
30.443750	1224.5
30.447500	1301.7
30.451250	1224.2
30.455000	1209.6
30.458750	1244.9
30.462500	1273.9
30.466250	1289.5
30.470000	1250.7
30.473750	1243.8
30.477500	1248.0
30.481250	1250.0
30.485000	1253.5
30.488750	1221.9
30.492500	1231.8
30.496250	1329.0
30.500000	1248.4
30.503750	1203.9
30.507500	1284.5
30.511250	1267.5
30.515000	1241.7
30.518750	1178.8
30.522500	1284.4
30.526250	1316.8
30.530000	1256.6
30.533750	1220.4
30.537500	1312.4
30.541250	1280.1
30.545000	1303.8
30.548750	1307.2
30.552500	1327.1
30.556250	1307.2
30.560000	1309.3
30.563750	1182.8
30.567500	1275.4
30.571250	1232.4
30.575000	1277.2
30.578750	1225.3
30.582500	1232.8
30.586250	1253.0
30.590000	1246.8
30.593750	1116.8
30.597500	1210.7
30.601250	1171.7
30.605000	1183.5
30.608750	1259.6
30.612500	1243.7
30.616250	1137.6
30.620000	1236.6
30.623750	1221.9
30.627500	1213.5
30.631250	1161.1
30.635000	1164.5
30.638750	1184.9
30.642500	1148.7
30.646250	1189.6
30.650000	1129.1
30.653750	1130.4
30.657500	1131.2
30.661250	1079.9
30.665000	1066.4
30.668750	1087.0
30.672500	1164.6
30.676250	1145.0
30.680000	1173.6
30.683750	1162.2
30.687500	1184.6
30.691250	1059.2
30.695000	1074.4
30.698750	1148.0
30.702500	1203.0
30.706250	1139.7
30.710000	1097.8
30.713750	1083.4
30.717500	1085.1
30.721250	1168.3
30.725000	1114.3
30.728750	1120.3
30.732500	1170.9
30.736250	1124.9
30.740000	1118.0
30.743750	1089.2
30.747500	1040.7
30.751250	1140.7
30.755000	1121.6
30.758750	1109.3
30.762500	1062.9
30.766250	1118.3
30.770000	1130.4
30.773750	1142.7
30.777500	1120.5
30.781250	1149.5
30.785000	1172.3
30.788750	1074.6
30.792500	1091.1
30.796250	1069.8
30.800000	1096.0
30.803750	1071.1
30.807500	1090.6
30.811250	1077.6
30.815000	1037.6
30.818750	1055.7
30.822500	1111.0
30.826250	1090.6
30.830000	1107.6
30.833750	1169.3
30.837500	1093.9
30.841250	1096.0
30.845000	1115.2
30.848750	1096.3
30.852500	1093.0
30.856250	1070.4
30.860000	1109.4
30.863750	1121.7
30.867500	1126.8
30.871250	1105.1
30.875000	1118.6
30.878750	1093.3
30.882500	1094.9
30.886250	1029.0
30.890000	1059.6
30.893750	1059.3
30.897500	1130.9
30.901250	1083.8
30.905000	1101.3
30.908750	1119.0
30.912500	1063.1
30.916250	1024.4
30.920000	1129.5
30.923750	1076.6
30.927500	1064.5
30.931250	1064.7
30.935000	1129.9
30.938750	1090.8
30.942500	1078.0
30.946250	1093.5
30.950000	1063.7
30.953750	1049.6
30.957500	1129.5
30.961250	1088.6
30.965000	1127.4
30.968750	1108.2
30.972500	1059.2
30.976250	1126.3
30.980000	1101.2
30.983750	1078.5
30.987500	1075.3
30.991250	1139.6
30.995000	1102.9
30.998750	1071.4
31.002500	1116.2
31.006250	1139.1
31.010000	1120.2
31.013750	1140.9
31.017500	1071.9
31.021250	1144.4
31.025000	1125.7
31.028750	1120.7
31.032500	1090.1
31.036250	1091.0
31.040000	1171.0
31.043750	1098.1
31.047500	1066.5
31.051250	1078.9
31.055000	1093.2
31.058750	1077.2
31.062500	1067.3
31.066250	1144.0
31.070000	1129.6
31.073750	1144.3
31.077500	1131.0
31.081250	1053.7
31.085000	1052.6
31.088750	1017.8
31.092500	1104.0
31.096250	1160.9
31.100000	1052.7
31.103750	1086.2
31.107500	1122.3
31.111250	1172.3
31.115000	1139.1
31.118750	1075.3
31.122500	1094.2
31.126250	1100.2
31.130000	1125.3
31.133750	1132.1
31.137500	1102.4
31.141250	1056.0
31.145000	1125.7
31.148750	1071.5
31.152500	1022.1
31.156250	1120.7
31.160000	1114.6
31.163750	1119.6
31.167500	1093.3
31.171250	1109.9
31.175000	1072.6
31.178750	1087.8
31.182500	1095.3
31.186250	1018.6
31.190000	1019.3
31.193750	1045.8
31.197500	1100.0
31.201250	1057.3
31.205000	1016.4
31.208750	1117.7
31.212500	1116.2
31.216250	1007.8
31.220000	1017.8
31.223750	1106.6
31.227500	1121.4
31.231250	1142.0
31.235000	1108.8
31.238750	1091.4
31.242500	1162.2
31.246250	1114.2
31.250000	1060.3
31.253750	1054.8
31.257500	1148.5
31.261250	1096.2
31.265000	1066.8
31.268750	1089.1
31.272500	1089.9
31.276250	1134.5
31.280000	1073.3
31.283750	1077.3
31.287500	1026.9
31.291250	1021.8
31.295000	1099.5
31.298750	1079.6
31.302500	1044.7
31.306250	1111.2
31.310000	1107.6
31.313750	1075.7
31.317500	1030.1
31.321250	1098.1
31.325000	1139.0
31.328750	1082.3
31.332500	1113.3
31.336250	1064.1
31.340000	1060.4
31.343750	1092.2
31.347500	1093.2
31.351250	1033.0
31.355000	1080.1
31.358750	1045.7
31.362500	1002.1
31.366250	1118.8
31.370000	1087.8
31.373750	1145.3
31.377500	1096.4
31.381250	1028.3
31.385000	1052.4
31.388750	1189.2
31.392500	1089.0
31.396250	1061.7
31.400000	1098.3
31.403750	1099.4
31.407500	1126.3
31.411250	1045.4
31.415000	1115.0
31.418750	1133.4
31.422500	1093.0
31.426250	1114.6
31.430000	1099.3
31.433750	1120.3
31.437500	1068.8
31.441250	1021.8
31.445000	1106.6
31.448750	1081.0
31.452500	1072.4
31.456250	1087.3
31.460000	1093.3
31.463750	1082.1
31.467500	1061.0
31.471250	1023.9
31.475000	1070.4
31.478750	1045.3
31.482500	1052.5
31.486250	1066.6
31.490000	1055.4
31.493750	1059.9
31.497500	1079.3
31.501250	1012.0
31.505000	1050.6
31.508750	1114.2
31.512500	1095.1
31.516250	1031.1
31.520000	1102.5
31.523750	1123.1
31.527500	1078.4
31.531250	1056.6
31.535000	1076.7
31.538750	1140.1
31.542500	1094.9
31.546250	1100.2
31.550000	1132.9
31.553750	1105.6
31.557500	1107.8
31.561250	1096.7
31.565000	1099.6
31.568750	1116.1
31.572500	1099.2
31.576250	1065.6
31.580000	1112.2
31.583750	1167.0
31.587500	1139.1
31.591250	1118.3
31.595000	1122.9
31.598750	1093.9
31.602500	1110.2
31.606250	1097.8
31.610000	1065.4
31.613750	1086.6
31.617500	1143.2
31.621250	1135.7
31.625000	1110.7
31.628750	1136.2
31.632500	1186.8
31.636250	1115.4
31.640000	1183.5
31.643750	1185.5
31.647500	1112.5
31.651250	1135.1
31.655000	1164.5
31.658750	1086.0
31.662500	1108.3
31.666250	1154.9
31.670000	1169.0
31.673750	1164.1
31.677500	1220.8
31.681250	1165.4
31.685000	1176.5
31.688750	1121.6
31.692500	1148.9
31.696250	1229.7
31.700000	1210.9
31.703750	1203.0
31.707500	1220.0
31.711250	1213.1
31.715000	1186.9
31.718750	1200.1
31.722500	1208.0
31.726250	1296.7
31.730000	1300.8
31.733750	1312.3
31.737500	1241.0
31.741250	1201.9
31.745000	1346.5
31.748750	1228.9
31.752500	1216.4
31.756250	1301.8
31.760000	1334.6
31.763750	1306.1
31.767500	1312.3
31.771250	1295.0
31.775000	1352.6
31.778750	1283.0
31.782500	1285.6
31.786250	1280.1
31.790000	1311.0
31.793750	1361.1
31.797500	1380.3
31.801250	1347.2
31.805000	1395.1
31.808750	1351.0
31.812500	1385.7
31.816250	1378.2
31.820000	1416.9
31.823750	1365.1
31.827500	1369.6
31.831250	1441.9
31.835000	1409.0
31.838750	1413.7
31.842500	1479.8
31.846250	1437.3
31.850000	1442.4
31.853750	1496.3
31.857500	1471.9
31.861250	1537.9
31.865000	1646.3
31.868750	1750.4
31.872500	1828.8
31.876250	1946.9
31.880000	1884.0
31.883750	2042.3
31.887500	2053.6
31.891250	2022.9
31.895000	2012.9
31.898750	1996.0
31.902500	1931.0
31.906250	1744.1
31.910000	1676.7
31.913750	1539.3
31.917500	1423.8
31.921250	1383.1
31.925000	1315.0
31.928750	1348.2
31.932500	1263.3
31.936250	1239.2
31.940000	1214.5
31.943750	1294.4
31.947500	1261.1
31.951250	1165.9
31.955000	1163.4
31.958750	1186.0
31.962500	1262.0
31.966250	1168.5
31.970000	1123.1
31.973750	1134.2
31.977500	1138.9
31.981250	1100.0
31.985000	1207.6
31.988750	1121.5
31.992500	1132.3
31.996250	1171.2
32.000000	1168.3
32.003750	1121.1
32.007500	1089.1
32.011250	1074.9
32.015000	1128.9
32.018750	1121.3
32.022500	1089.7
32.026250	1103.7
32.030000	1154.5
32.033750	1049.7
32.037500	1140.3
32.041250	1122.4
32.045000	1100.9
32.048750	1127.6
32.052500	1077.9
32.056250	1085.1
32.060000	1116.5
32.063750	1125.9
32.067500	1105.4
32.071250	1127.3
32.075000	1086.5
32.078750	1067.5
32.082500	1147.5
32.086250	1100.3
32.090000	1078.5
32.093750	1076.6
32.097500	1048.9
32.101250	1109.3
32.105000	1104.2
32.108750	1089.4
32.112500	1108.6
32.116250	1074.5
32.120000	1076.6
32.123750	1082.5
32.127500	1059.7
32.131250	1104.8
32.135000	1074.3
32.138750	1113.4
32.142500	1086.5
32.146250	1103.0
32.150000	1105.1
32.153750	1106.9
32.157500	1158.8
32.161250	1062.3
32.165000	1027.2
32.168750	1088.3
32.172500	1117.6
32.176250	1040.9
32.180000	1060.2
32.183750	1067.8
32.187500	1045.5
32.191250	975.8
32.195000	1076.2
32.198750	1089.6
32.202500	1095.6
32.206250	1082.0
32.210000	1048.4
32.213750	1063.3
32.217500	1090.5
32.221250	1023.8
32.225000	1016.9
32.228750	1085.4
32.232500	1023.0
32.236250	1052.5
32.240000	1094.0
32.243750	1093.6
32.247500	1063.2
32.251250	1034.8
32.255000	1020.5
32.258750	993.2
32.262500	1078.9
32.266250	1077.4
32.270000	1040.9
32.273750	1047.0
32.277500	1074.8
32.281250	1016.9
32.285000	1036.9
32.288750	1030.0
32.292500	1014.1
32.296250	1033.9
32.300000	1081.0
32.303750	1081.6
32.307500	1022.8
32.311250	1038.1
32.315000	1033.6
32.318750	1070.0
32.322500	1028.9
32.326250	1098.6
32.330000	1092.8
32.333750	1058.0
32.337500	1061.0
32.341250	1041.4
32.345000	1086.2
32.348750	1112.0
32.352500	1064.4
32.356250	1062.0
32.360000	1049.0
32.363750	1044.8
32.367500	1072.0
32.371250	1067.5
32.375000	1072.4
32.378750	1038.8
32.382500	1067.3
32.386250	1057.4
32.390000	1058.9
32.393750	1062.4
32.397500	1031.3
32.401250	1077.6
32.405000	1034.8
32.408750	1010.4
32.412500	1047.9
32.416250	1008.7
32.420000	1086.4
32.423750	1059.0
32.427500	1031.9
32.431250	1100.2
32.435000	1044.9
32.438750	1030.8
32.442500	1061.4
32.446250	1095.2
32.450000	1077.2
32.453750	1031.5
32.457500	1064.4
32.461250	1044.1
32.465000	1076.0
32.468750	1041.4
32.472500	1034.1
32.476250	1045.9
32.480000	1080.3
32.483750	1105.5
32.487500	1043.5
32.491250	1049.6
32.495000	1099.2
32.498750	1078.4
32.502500	1006.8
32.506250	1010.5
32.510000	1058.8
32.513750	1010.7
32.517500	1056.5
32.521250	1012.8
32.525000	1058.3
32.528750	1020.3
32.532500	1005.5
32.536250	1030.7
32.540000	1010.2
32.543750	1043.7
32.547500	1031.1
32.551250	1071.3
32.555000	1022.9
32.558750	1091.3
32.562500	1007.0
32.566250	1012.6
32.570000	1106.1
32.573750	1090.5
32.577500	1001.1
32.581250	1085.3
32.585000	1077.7
32.588750	1108.8
32.592500	1057.1
32.596250	1055.7
32.600000	1075.8
32.603750	1112.9
32.607500	1061.6
32.611250	1034.0
32.615000	1113.7
32.618750	1044.0
32.622500	1059.0
32.626250	1073.6
32.630000	1085.6
32.633750	1065.9
32.637500	1064.6
32.641250	1079.6
32.645000	1046.8
32.648750	1069.5
32.652500	1086.2
32.656250	1094.6
32.660000	1090.8
32.663750	1084.6
32.667500	1076.7
32.671250	1079.1
32.675000	1111.0
32.678750	1081.4
32.682500	1110.1
32.686250	1150.4
32.690000	1147.3
32.693750	1091.7
32.697500	1159.8
32.701250	1100.5
32.705000	1143.5
32.708750	1086.8
32.712500	1143.2
32.716250	1074.5
32.720000	1110.2
32.723750	1139.3
32.727500	1153.7
32.731250	1144.6
32.735000	1081.2
32.738750	1083.6
32.742500	1149.3
32.746250	1155.5
32.750000	1182.9
32.753750	1137.6
32.757500	1128.7
32.761250	1125.8
32.765000	1194.1
32.768750	1137.0
32.772500	1168.4
32.776250	1191.0
32.780000	1206.1
32.783750	1164.1
32.787500	1212.6
32.791250	1231.2
32.795000	1134.4
32.798750	1184.1
32.802500	1209.1
32.806250	1208.5
32.810000	1226.6
32.813750	1187.6
32.817500	1225.6
32.821250	1275.7
32.825000	1278.1
32.828750	1212.4
32.832500	1182.8
32.836250	1205.5
32.840000	1288.8
32.843750	1198.8
32.847500	1263.3
32.851250	1301.2
32.855000	1289.6
32.858750	1269.9
32.862500	1267.6
32.866250	1314.4
32.870000	1308.1
32.873750	1274.7
32.877500	1262.0
32.881250	1266.0
32.885000	1367.5
32.888750	1302.4
32.892500	1338.4
32.896250	1345.9
32.900000	1407.0
32.903750	1302.7
32.907500	1346.2
32.911250	1326.5
32.915000	1303.2
32.918750	1348.3
32.922500	1375.4
32.926250	1374.1
32.930000	1400.4
32.933750	1330.5
32.937500	1321.2
32.941250	1407.6
32.945000	1319.1
32.948750	1319.9
32.952500	1329.9
32.956250	1393.7
32.960000	1435.9
32.963750	1405.0
32.967500	1380.9
32.971250	1379.4
32.975000	1388.9
32.978750	1345.4
32.982500	1437.8
32.986250	1400.2
32.990000	1390.2
32.993750	1364.0
32.997500	1326.8
33.001250	1382.9
33.005000	1384.8
33.008750	1399.9
33.012500	1395.2
33.016250	1382.0
33.020000	1440.0
33.023750	1350.7
33.027500	1371.2
33.031250	1437.4
33.035000	1449.8
33.038750	1412.2
33.042500	1482.5
33.046250	1490.5
33.050000	1392.9
33.053750	1385.5
33.057500	1501.4
33.061250	1505.9
33.065000	1488.6
33.068750	1494.0
33.072500	1487.3
33.076250	1414.0
33.080000	1554.2
33.083750	1500.3
33.087500	1500.0
33.091250	1580.0
33.095000	1530.1
33.098750	1539.8
33.102500	1615.6
33.106250	1567.3
33.110000	1590.8
33.113750	1575.2
33.117500	1592.4
33.121250	1633.9
33.125000	1731.1
33.128750	1601.0
33.132500	1686.5
33.136250	1682.0
33.140000	1701.3
33.143750	1751.8
33.147500	1686.1
33.151250	1727.4
33.155000	1668.9
33.158750	1701.7
33.162500	1675.3
33.166250	1764.4
33.170000	1730.0
33.173750	1743.3
33.177500	1748.6
33.181250	1697.3
33.185000	1737.0
33.188750	1690.8
33.192500	1762.4
33.196250	1707.5
33.200000	1670.1
33.203750	1731.5
33.207500	1641.3
33.211250	1587.4
33.215000	1758.8
33.218750	1632.6
33.222500	1620.4
33.226250	1600.0
33.230000	1555.0
33.233750	1570.4
33.237500	1551.5
33.241250	1473.5
33.245000	1555.3
33.248750	1506.1
33.252500	1433.5
33.256250	1435.3
33.260000	1492.1
33.263750	1433.3
33.267500	1392.0
33.271250	1420.7
33.275000	1354.3
33.278750	1320.1
33.282500	1349.9
33.286250	1351.0
33.290000	1309.5
33.293750	1310.5
33.297500	1256.6
33.301250	1287.0
33.305000	1244.2
33.308750	1213.9
33.312500	1183.2
33.316250	1186.6
33.320000	1186.7
33.323750	1139.6
33.327500	1142.7
33.331250	1163.5
33.335000	1107.8
33.338750	1116.0
33.342500	1203.6
33.346250	1138.7
33.350000	1101.9
33.353750	1073.7
33.357500	1049.3
33.361250	1039.2
33.365000	1088.3
33.368750	1036.3
33.372500	1076.9
33.376250	1153.3
33.380000	1067.8
33.383750	1057.9
33.387500	1067.0
33.391250	1051.1
33.395000	1069.3
33.398750	1078.6
33.402500	1060.0
33.406250	1016.3
33.410000	1012.5
33.413750	1050.2
33.417500	1057.7
33.421250	979.9
33.425000	1086.2
33.428750	1074.0
33.432500	1066.1
33.436250	1050.7
33.440000	1054.6
33.443750	1044.3
33.447500	1041.8
33.451250	1041.7
33.455000	973.2
33.458750	1016.1
33.462500	1009.7
33.466250	1017.1
33.470000	1038.1
33.473750	1067.6
33.477500	982.6
33.481250	1033.9
33.485000	1069.7
33.488750	982.5
33.492500	982.0
33.496250	1065.3
33.500000	1023.0
33.503750	987.9
33.507500	986.0
33.511250	996.4
33.515000	1010.3
33.518750	984.9
33.522500	1016.8
33.526250	1035.4
33.530000	1049.9
33.533750	1046.6
33.537500	990.4
33.541250	1037.6
33.545000	1029.4
33.548750	1058.2
33.552500	1081.4
33.556250	1030.1
33.560000	1048.4
33.563750	1012.8
33.567500	1051.3
33.571250	1033.3
33.575000	983.3
33.578750	1023.9
33.582500	1076.4
33.586250	1051.5
33.590000	1044.4
33.593750	969.0
33.597500	1025.4
33.601250	1031.7
33.605000	1002.0
33.608750	990.5
33.612500	1012.1
33.616250	984.3
33.620000	1019.3
33.623750	1025.7
33.627500	1012.3
33.631250	1043.5
33.635000	1006.3
33.638750	984.5
33.642500	917.0
33.646250	1032.4
33.650000	1043.2
33.653750	1002.2
33.657500	1007.7
33.661250	1012.8
33.665000	1015.5
33.668750	974.1
33.672500	990.4
33.676250	945.7
33.680000	978.6
33.683750	987.9
33.687500	942.5
33.691250	1007.9
33.695000	997.3
33.698750	1012.5
33.702500	1035.4
33.706250	1034.7
33.710000	1014.7
33.713750	953.4
33.717500	965.0
33.721250	1030.0
33.725000	1024.7
33.728750	1010.3
33.732500	996.0
33.736250	1022.6
33.740000	989.4
33.743750	982.5
33.747500	1027.1
33.751250	987.4
33.755000	969.8
33.758750	1038.1
33.762500	1002.7
33.766250	1005.8
33.770000	1019.7
33.773750	1024.2
33.777500	982.2
33.781250	979.2
33.785000	963.6
33.788750	981.6
33.792500	987.9
33.796250	1054.1
33.800000	1030.5
33.803750	1003.0
33.807500	1032.9
33.811250	1024.1
33.815000	1007.4
33.818750	1042.6
33.822500	979.6
33.826250	949.9
33.830000	1039.5
33.833750	1004.9
33.837500	987.9
33.841250	963.0
33.845000	1001.1
33.848750	1004.6
33.852500	996.4
33.856250	990.8
33.860000	957.1
33.863750	988.8
33.867500	1043.6
33.871250	1006.4
33.875000	990.4
33.878750	1010.9
33.882500	978.6
33.886250	960.2
33.890000	1034.2
33.893750	961.9
33.897500	967.0
33.901250	973.9
33.905000	969.8
33.908750	996.3
33.912500	999.9
33.916250	976.2
33.920000	988.0
33.923750	1037.4
33.927500	1027.6
33.931250	1020.1
33.935000	973.0
33.938750	946.1
33.942500	997.3
33.946250	962.6
33.950000	957.9
33.953750	966.1
33.957500	973.2
33.961250	944.8
33.965000	988.0
33.968750	1006.9
33.972500	977.9
33.976250	961.6
33.980000	967.5
33.983750	976.3
33.987500	954.7
33.991250	962.7
33.995000	989.2
33.998750	1026.0
34.002500	987.6
34.006250	1017.7
34.010000	1032.1
34.013750	964.8
34.017500	1034.1
34.021250	1006.8
34.025000	943.0
34.028750	976.2
34.032500	1016.7
34.036250	1001.5
34.040000	1019.0
34.043750	969.2
34.047500	975.1
34.051250	989.6
34.055000	1049.2
34.058750	1031.6
34.062500	1018.6
34.066250	1006.7
34.070000	1012.6
34.073750	1003.8
34.077500	985.5
34.081250	1021.3
34.085000	1036.1
34.088750	991.9
34.092500	997.1
34.096250	984.0
34.100000	984.5
34.103750	990.9
34.107500	978.3
34.111250	1001.8
34.115000	1064.6
34.118750	1024.1
34.122500	1002.0
34.126250	1025.4
34.130000	1015.8
34.133750	983.1
34.137500	975.6
34.141250	973.0
34.145000	1033.6
34.148750	1014.8
34.152500	958.0
34.156250	1003.4
34.160000	959.7
34.163750	963.2
34.167500	973.3
34.171250	992.3
34.175000	974.9
34.178750	1078.5
34.182500	1020.4
34.186250	1009.6
34.190000	1026.0
34.193750	1012.1
34.197500	1042.2
34.201250	998.3
34.205000	990.4
34.208750	1036.2
34.212500	989.5
34.216250	959.8
34.220000	1016.5
34.223750	976.1
34.227500	1041.2
34.231250	1013.3
34.235000	981.7
34.238750	956.1
34.242500	1018.3
34.246250	931.6
34.250000	1031.7
34.253750	1006.4
34.257500	956.3
34.261250	971.5
34.265000	965.2
34.268750	993.4
34.272500	1006.9
34.276250	970.6
34.280000	1014.0
34.283750	968.2
34.287500	1004.9
34.291250	996.8
34.295000	977.6
34.298750	987.9
34.302500	991.1
34.306250	976.3
34.310000	984.5
34.313750	953.5
34.317500	932.6
34.321250	1008.9
34.325000	1013.7
34.328750	1019.6
34.332500	933.4
34.336250	971.1
34.340000	1003.6
34.343750	1022.1
34.347500	946.0
34.351250	908.9
34.355000	949.0
34.358750	944.2
34.362500	984.3
34.366250	1016.4
34.370000	954.0
34.373750	964.8
34.377500	984.5
34.381250	945.4
34.385000	960.5
34.388750	951.6
34.392500	983.6
34.396250	941.5
34.400000	947.8
34.403750	926.3
34.407500	995.6
34.411250	999.2
34.415000	988.4
34.418750	1003.9
34.422500	986.7
34.426250	965.3
34.430000	987.1
34.433750	932.0
34.437500	963.6
34.441250	946.0
34.445000	973.1
34.448750	950.8
34.452500	989.0
34.456250	927.9
34.460000	967.4
34.463750	1003.5
34.467500	944.1
34.471250	934.4
34.475000	959.5
34.478750	975.4
34.482500	936.9
34.486250	960.8
34.490000	953.0
34.493750	980.3
34.497500	975.8
34.501250	1021.1
34.505000	968.5
34.508750	941.3
34.512500	957.1
34.516250	914.3
34.520000	921.7
34.523750	956.4
34.527500	976.2
34.531250	974.3
34.535000	948.4
34.538750	978.0
34.542500	955.6
34.546250	955.5
34.550000	917.9
34.553750	929.6
34.557500	952.0
34.561250	1009.0
34.565000	968.0
34.568750	967.4
34.572500	976.7
34.576250	1010.2
34.580000	948.1
34.583750	876.0
34.587500	1009.0
34.591250	938.1
34.595000	967.9
34.598750	989.7
34.602500	942.3
34.606250	981.6
34.610000	1004.8
34.613750	999.0
34.617500	978.5
34.621250	948.6
34.625000	989.0
34.628750	993.5
34.632500	1032.1
34.636250	1030.4
34.640000	1046.1
34.643750	920.0
34.647500	984.4
34.651250	1023.7
34.655000	966.3
34.658750	986.9
34.662500	1000.9
34.666250	964.8
34.670000	1002.7
34.673750	1034.9
34.677500	995.7
34.681250	991.2
34.685000	956.1
34.688750	1004.5
34.692500	969.5
34.696250	940.2
34.700000	926.0
34.703750	1022.9
34.707500	1036.0
34.711250	984.8
34.715000	992.5
34.718750	992.2
34.722500	1015.1
34.726250	1049.6
34.730000	1063.2
34.733750	1063.0
34.737500	1112.0
34.741250	1091.9
34.745000	1107.3
34.748750	1214.1
34.752500	1225.3
34.756250	1231.6
34.760000	1175.0
34.763750	1245.4
34.767500	1200.9
34.771250	1180.5
34.775000	1164.0
34.778750	1102.5
34.782500	1104.8
34.786250	1079.8
34.790000	1095.1
34.793750	1008.3
34.797500	1004.7
34.801250	1065.8
34.805000	1007.6
34.808750	1047.4
34.812500	1050.8
34.816250	997.7
34.820000	1032.0
34.823750	1042.6
34.827500	1087.0
34.831250	1087.9
34.835000	1064.3
34.838750	980.4
34.842500	964.9
34.846250	999.0
34.850000	1031.2
34.853750	1013.9
34.857500	1028.8
34.861250	1008.4
34.865000	1027.2
34.868750	950.4
34.872500	966.6
34.876250	991.6
34.880000	987.5
34.883750	1037.4
34.887500	1036.6
34.891250	985.6
34.895000	969.0
34.898750	1006.5
34.902500	1002.9
34.906250	1006.4
34.910000	991.9
34.913750	1007.0
34.917500	1027.6
34.921250	999.7
34.925000	997.6
34.928750	991.0
34.932500	986.8
34.936250	1000.1
34.940000	993.4
34.943750	980.8
34.947500	951.7
34.951250	968.3
34.955000	980.2
34.958750	1001.3
34.962500	973.4
34.966250	983.7
34.970000	1008.9
34.973750	976.4
34.977500	1016.9
34.981250	945.9
34.985000	1006.7
34.988750	974.4
34.992500	978.9
34.996250	964.2
35.000000	1028.2
35.003750	985.5
35.007500	985.4
35.011250	1000.6
35.015000	1041.3
35.018750	1024.6
35.022500	1023.3
35.026250	1056.5
35.030000	1040.4
35.033750	1047.1
35.037500	1068.9
35.041250	1122.8
35.045000	1027.0
35.048750	1072.0
35.052500	1134.1
35.056250	1029.0
35.060000	1038.9
35.063750	1086.4
35.067500	1036.9
35.071250	1014.0
35.075000	1011.4
35.078750	957.7
35.082500	988.7
35.086250	996.1
35.090000	1001.4
35.093750	973.0
35.097500	992.2
35.101250	1007.1
35.105000	1022.6
35.108750	962.6
35.112500	980.3
35.116250	1013.3
35.120000	931.2
35.123750	917.6
35.127500	968.4
35.131250	981.0
35.135000	1049.4
35.138750	1001.1
35.142500	972.2
35.146250	938.0
35.150000	973.1
35.153750	992.1
35.157500	967.4
35.161250	957.9
35.165000	956.0
35.168750	982.7
35.172500	979.9
35.176250	953.5
35.180000	957.8
35.183750	966.9
35.187500	961.5
35.191250	967.9
35.195000	999.7
35.198750	977.3
35.202500	1035.0
35.206250	1059.0
35.210000	979.7
35.213750	969.1
35.217500	971.4
35.221250	980.7
35.225000	958.6
35.228750	948.7
35.232500	992.7
35.236250	998.0
35.240000	973.9
35.243750	952.2
35.247500	982.0
35.251250	1037.0
35.255000	964.9
35.258750	981.1
35.262500	946.9
35.266250	967.6
35.270000	1034.2
35.273750	982.3
35.277500	989.3
35.281250	989.3
35.285000	1011.7
35.288750	994.9
35.292500	964.9
35.296250	984.0
35.300000	1048.6
35.303750	981.8
35.307500	981.4
35.311250	959.5
35.315000	983.5
35.318750	975.2
35.322500	1017.7
35.326250	980.8
35.330000	957.3
35.333750	1043.8
35.337500	1037.7
35.341250	965.5
35.345000	997.1
35.348750	1040.8
35.352500	1043.7
35.356250	995.0
35.360000	960.9
35.363750	966.8
35.367500	966.4
35.371250	994.2
35.375000	1020.0
35.378750	980.8
35.382500	985.4
35.386250	1004.0
35.390000	1032.3
35.393750	990.9
35.397500	1048.6
35.401250	1000.9
35.405000	986.0
35.408750	1001.9
35.412500	1016.2
35.416250	1050.8
35.420000	994.2
35.423750	1049.5
35.427500	989.8
35.431250	1016.1
35.435000	1050.1
35.438750	1017.7
35.442500	963.2
35.446250	1052.6
35.450000	988.8
35.453750	1019.8
35.457500	1055.0
35.461250	1011.3
35.465000	1055.7
35.468750	1069.1
35.472500	1059.8
35.476250	1032.0
35.480000	985.8
35.483750	1061.1
35.487500	1078.1
35.491250	1021.9
35.495000	972.1
35.498750	1071.0
35.502500	1075.6
35.506250	1016.5
35.510000	1077.5
35.513750	954.6
35.517500	999.6
35.521250	1069.3
35.525000	936.3
35.528750	1055.0
35.532500	1062.5
35.536250	1012.6
35.540000	1012.0
35.543750	969.3
35.547500	958.0
35.551250	1031.5
35.555000	1007.4
35.558750	1015.0
35.562500	1071.0
35.566250	989.2
35.570000	1017.0
35.573750	1032.4
35.577500	1070.2
35.581250	1027.6
35.585000	1046.6
35.588750	1032.0
35.592500	1013.3
35.596250	1046.0
35.600000	990.3
35.603750	1009.4
35.607500	871.4
35.611250	1047.3
35.615000	1066.7
35.618750	1126.1
35.622500	983.6
35.626250	1011.5
35.630000	1049.5
35.633750	1034.8
35.637500	1006.9
35.641250	969.5
35.645000	972.4
35.648750	1099.9
35.652500	1040.7
35.656250	1031.6
35.660000	987.8
35.663750	993.2
35.667500	1065.1
35.671250	1066.1
35.675000	987.2
35.678750	1052.6
35.682500	1066.0
35.686250	1062.1
35.690000	1099.1
35.693750	1034.0
35.697500	1036.5
35.701250	1058.9
35.705000	1042.8
35.708750	1025.2
35.712500	1061.7
35.716250	1040.5
35.720000	1057.3
35.723750	1069.6
35.727500	1086.2
35.731250	1062.7
35.735000	1045.5
35.738750	1056.5
35.742500	1018.3
35.746250	1025.0
35.750000	1032.2
35.753750	1035.9
35.757500	1040.3
35.761250	1089.0
35.765000	1032.3
35.768750	1044.9
35.772500	1048.9
35.776250	1060.1
35.780000	1056.5
35.783750	1004.8
35.787500	959.4
35.791250	1015.8
35.795000	1023.7
35.798750	1038.5
35.802500	1025.5
35.806250	1041.2
35.810000	1038.3
35.813750	986.7
35.817500	1032.3
35.821250	1051.6
35.825000	984.7
35.828750	1003.2
35.832500	1017.8
35.836250	1009.9
35.840000	974.2
35.843750	963.7
35.847500	1002.4
35.851250	988.9
35.855000	1000.0
35.858750	961.5
35.862500	978.5
35.866250	996.4
35.870000	1030.5
35.873750	968.8
35.877500	908.3
35.881250	993.8
35.885000	1001.3
35.888750	967.1
35.892500	995.9
35.896250	955.2
35.900000	997.9
35.903750	1004.8
35.907500	1031.0
35.911250	990.8
35.915000	964.9
35.918750	932.4
35.922500	951.4
35.926250	943.7
35.930000	945.3
35.933750	950.4
35.937500	952.7
35.941250	952.3
35.945000	997.6
35.948750	969.6
35.952500	963.1
35.956250	938.1
35.960000	981.7
35.963750	985.0
35.967500	950.2
35.971250	1009.4
35.975000	933.9
35.978750	842.5
35.982500	952.1
35.986250	976.9
35.990000	974.1
35.993750	1005.0
35.997500	915.7
36.001250	920.5
36.005000	985.0
36.008750	907.0
36.012500	902.7
36.016250	918.8
36.020000	828.3
36.023750	967.9
36.027500	992.7
36.031250	990.7
36.035000	965.8
36.038750	963.6
36.042500	943.5
36.046250	895.7
36.050000	983.1
36.053750	981.8
36.057500	927.8
36.061250	992.2
36.065000	1009.3
36.068750	996.1
36.072500	921.7
36.076250	928.6
36.080000	988.6
36.083750	973.5
36.087500	957.8
36.091250	945.8
36.095000	966.8
36.098750	976.2
36.102500	924.1
36.106250	910.7
36.110000	939.1
36.113750	909.4
36.117500	1032.9
36.121250	1032.2
36.125000	935.9
36.128750	986.0
36.132500	972.7
36.136250	961.7
36.140000	932.3
36.143750	944.6
36.147500	1033.0
36.151250	968.3
36.155000	949.8
36.158750	970.5
36.162500	923.9
36.166250	920.2
36.170000	959.5
36.173750	978.4
36.177500	975.7
36.181250	968.3
36.185000	975.5
36.188750	927.9
36.192500	934.9
36.196250	987.1
36.200000	987.6
36.203750	920.9
36.207500	973.6
36.211250	970.9
36.215000	975.1
36.218750	949.9
36.222500	901.9
36.226250	988.0
36.230000	961.7
36.233750	978.9
36.237500	984.3
36.241250	920.9
36.245000	1012.6
36.248750	926.6
36.252500	994.9
36.256250	927.6
36.260000	976.6
36.263750	917.8
36.267500	935.3
36.271250	979.2
36.275000	982.6
36.278750	979.9
36.282500	965.7
36.286250	984.8
36.290000	993.8
36.293750	979.3
36.297500	920.5
36.301250	1005.2
36.305000	959.1
36.308750	936.3
36.312500	1004.1
36.316250	996.4
36.320000	972.7
36.323750	937.0
36.327500	983.4
36.331250	951.2
36.335000	973.1
36.338750	983.4
36.342500	967.8
36.346250	998.1
36.350000	935.2
36.353750	963.7
36.357500	980.6
36.361250	993.1
36.365000	968.0
36.368750	978.4
36.372500	995.5
36.376250	999.2
36.380000	1004.5
36.383750	982.1
36.387500	974.2
36.391250	989.9
36.395000	981.1
36.398750	1003.3
36.402500	1004.5
36.406250	938.6
36.410000	991.8
36.413750	1024.9
36.417500	1036.4
36.421250	1006.3
36.425000	980.8
36.428750	963.5
36.432500	1011.6
36.436250	1021.6
36.440000	1074.0
36.443750	968.7
36.447500	990.3
36.451250	1013.2
36.455000	1013.8
36.458750	974.1
36.462500	1048.0
36.466250	1057.0
36.470000	1044.0
36.473750	1046.0
36.477500	992.1
36.481250	1005.9
36.485000	1065.7
36.488750	1069.5
36.492500	1028.3
36.496250	1051.6
36.500000	1032.6
36.503750	1048.2
36.507500	1085.2
36.511250	1072.8
36.515000	1075.8
36.518750	1088.0
36.522500	1081.4
36.526250	1061.5
36.530000	1096.4
36.533750	1116.6
36.537500	1114.4
36.541250	1115.4
36.545000	1175.5
36.548750	1059.3
36.552500	1144.6
36.556250	1143.3
36.560000	1143.3
36.563750	1151.5
36.567500	1127.2
36.571250	1175.2
36.575000	1129.5
36.578750	1190.2
36.582500	1185.1
36.586250	1095.1
36.590000	1187.9
36.593750	1200.0
36.597500	1190.1
36.601250	1172.1
36.605000	1230.0
36.608750	1240.6
36.612500	1211.7
36.616250	1175.9
36.620000	1208.5
36.623750	1205.8
36.627500	1255.4
36.631250	1217.9
36.635000	1240.9
36.638750	1289.3
36.642500	1237.4
36.646250	1272.7
36.650000	1288.1
36.653750	1241.0
36.657500	1305.4
36.661250	1225.5
36.665000	1331.2
36.668750	1302.2
36.672500	1293.1
36.676250	1287.8
36.680000	1269.0
36.683750	1339.1
36.687500	1370.6
36.691250	1302.6
36.695000	1386.3
36.698750	1334.2
36.702500	1311.1
36.706250	1343.0
36.710000	1322.0
36.713750	1327.7
36.717500	1392.5
36.721250	1384.6
36.725000	1359.3
36.728750	1374.5
36.732500	1342.4
36.736250	1353.2
36.740000	1393.8
36.743750	1428.5
36.747500	1353.2
36.751250	1383.6
36.755000	1430.5
36.758750	1394.0
36.762500	1342.7
36.766250	1370.7
36.770000	1399.7
36.773750	1392.5
36.777500	1435.3
36.781250	1371.1
36.785000	1373.9
36.788750	1392.5
36.792500	1389.9
36.796250	1420.0
36.800000	1357.6
36.803750	1378.4
36.807500	1409.8
36.811250	1434.2
36.815000	1425.9
36.818750	1382.6
36.822500	1452.0
36.826250	1393.1
36.830000	1420.8
36.833750	1425.2
36.837500	1406.2
36.841250	1479.5
36.845000	1518.0
36.848750	1483.3
36.852500	1466.0
36.856250	1499.0
36.860000	1521.1
36.863750	1498.1
36.867500	1426.5
36.871250	1500.2
36.875000	1494.6
36.878750	1557.1
36.882500	1525.6
36.886250	1534.9
36.890000	1533.4
36.893750	1590.4
36.897500	1552.1
36.901250	1540.7
36.905000	1567.2
36.908750	1522.2
36.912500	1595.1
36.916250	1571.3
36.920000	1626.6
36.923750	1617.9
36.927500	1615.0
36.931250	1653.1
36.935000	1618.4
36.938750	1598.7
36.942500	1594.7
36.946250	1657.3
36.950000	1673.9
36.953750	1622.0
36.957500	1567.2
36.961250	1596.6
36.965000	1582.8
36.968750	1632.2
36.972500	1615.2
36.976250	1574.8
36.980000	1588.5
36.983750	1496.1
36.987500	1509.5
36.991250	1458.7
36.995000	1501.3
36.998750	1512.1
37.002500	1482.8
37.006250	1521.3
37.010000	1463.9
37.013750	1379.1
37.017500	1425.0
37.021250	1410.9
37.025000	1372.7
37.028750	1306.5
37.032500	1262.0
37.036250	1318.4
37.040000	1318.7
37.043750	1252.0
37.047500	1203.7
37.051250	1291.7
37.055000	1281.3
37.058750	1190.0
37.062500	1247.1
37.066250	1210.1
37.070000	1261.7
37.073750	1194.4
37.077500	1159.8
37.081250	1175.8
37.085000	1174.0
37.088750	1127.9
37.092500	1214.2
37.096250	1100.7
37.100000	1107.0
37.103750	1083.2
37.107500	1082.4
37.111250	1129.6
37.115000	1132.4
37.118750	1067.6
37.122500	1011.0
37.126250	1123.5
37.130000	1147.6
37.133750	1040.4
37.137500	1012.0
37.141250	1030.5
37.145000	1035.8
37.148750	1043.6
37.152500	1097.2
37.156250	1055.3
37.160000	1032.7
37.163750	1051.6
37.167500	1022.1
37.171250	1009.4
37.175000	984.9
37.178750	977.6
37.182500	1026.7
37.186250	1021.0
37.190000	996.9
37.193750	993.0
37.197500	1052.2
37.201250	999.4
37.205000	1000.9
37.208750	1012.3
37.212500	1014.3
37.216250	953.6
37.220000	978.6
37.223750	1014.7
37.227500	971.7
37.231250	1020.9
37.235000	1021.0
37.238750	1038.7
37.242500	1050.2
37.246250	934.2
37.250000	958.1
37.253750	1007.3
37.257500	950.7
37.261250	960.6
37.265000	988.8
37.268750	972.4
37.272500	935.8
37.276250	946.5
37.280000	957.4
37.283750	917.1
37.287500	955.2
37.291250	938.2
37.295000	941.7
37.298750	967.4
37.302500	944.8
37.306250	963.8
37.310000	984.4
37.313750	960.4
37.317500	945.9
37.321250	968.6
37.325000	919.5
37.328750	950.3
37.332500	952.2
37.336250	969.7
37.340000	1011.8
37.343750	976.5
37.347500	970.7
37.351250	1011.8
37.355000	949.9
37.358750	954.4
37.362500	931.1
37.366250	937.5
37.370000	945.7
37.373750	969.7
37.377500	973.4
37.381250	907.7
37.385000	938.6
37.388750	917.9
37.392500	982.6
37.396250	997.9
37.400000	927.1
37.403750	957.0
37.407500	992.1
37.411250	964.0
37.415000	968.3
37.418750	924.4
37.422500	963.2
37.426250	986.5
37.430000	921.4
37.433750	960.8
37.437500	989.8
37.441250	973.1
37.445000	1006.7
37.448750	944.7
37.452500	943.7
37.456250	945.5
37.460000	981.9
37.463750	1017.2
37.467500	939.8
37.471250	921.6
37.475000	945.2
37.478750	974.7
37.482500	955.7
37.486250	985.0
37.490000	934.1
37.493750	948.7
37.497500	954.7
37.501250	916.9
37.505000	972.9
37.508750	911.8
37.512500	912.3
37.516250	939.8
37.520000	900.4
37.523750	924.6
37.527500	940.1
37.531250	971.4
37.535000	985.9
37.538750	962.1
37.542500	954.2
37.546250	970.0
37.550000	982.6
37.553750	962.6
37.557500	949.7
37.561250	977.1
37.565000	983.3
37.568750	958.3
37.572500	956.0
37.576250	995.1
37.580000	976.5
37.583750	963.1
37.587500	964.8
37.591250	963.3
37.595000	954.8
37.598750	962.1
37.602500	1022.5
37.606250	964.7
37.610000	992.3
37.613750	961.0
37.617500	973.8
37.621250	959.6
37.625000	995.8
37.628750	978.4
37.632500	1009.3
37.636250	1026.1
37.640000	974.2
37.643750	996.1
37.647500	957.8
37.651250	955.1
37.655000	955.0
37.658750	907.4
37.662500	960.3
37.666250	989.3
37.670000	986.1
37.673750	940.2
37.677500	968.4
37.681250	995.6
37.685000	1009.5
37.688750	997.2
37.692500	1062.4
37.696250	1011.9
37.700000	988.2
37.703750	984.8
37.707500	962.2
37.711250	1058.0
37.715000	1004.9
37.718750	1015.1
37.722500	1029.5
37.726250	1038.7
37.730000	1046.3
37.733750	1045.1
37.737500	1050.7
37.741250	1017.6
37.745000	1038.8
37.748750	1040.0
37.752500	1092.5
37.756250	1067.9
37.760000	1132.8
37.763750	1211.3
37.767500	1242.0
37.771250	1320.9
37.775000	1357.4
37.778750	1423.9
37.782500	1509.2
37.786250	1540.1
37.790000	1532.6
37.793750	1558.3
37.797500	1508.9
37.801250	1488.5
37.805000	1505.2
37.808750	1416.4
37.812500	1375.7
37.816250	1263.0
37.820000	1223.4
37.823750	1119.1
37.827500	1048.1
37.831250	1072.6
37.835000	1020.5
37.838750	1065.0
37.842500	1104.1
37.846250	1028.4
37.850000	1047.0
37.853750	1078.9
37.857500	1116.3
37.861250	1132.6
37.865000	1055.6
37.868750	1054.4
37.872500	1149.8
37.876250	1106.6
37.880000	1114.2
37.883750	1093.3
37.887500	1038.5
37.891250	1134.3
37.895000	1153.6
37.898750	1144.8
37.902500	1081.6
37.906250	1149.1
37.910000	1164.2
37.913750	1139.5
37.917500	1129.6
37.921250	1131.3
37.925000	1135.4
37.928750	1151.4
37.932500	1141.0
37.936250	1141.1
37.940000	1160.3
37.943750	1184.8
37.947500	1154.1
37.951250	1143.4
37.955000	1180.2
37.958750	1175.1
37.962500	1223.9
37.966250	1213.3
37.970000	1181.4
37.973750	1280.1
37.977500	1200.8
37.981250	1244.5
37.985000	1254.5
37.988750	1233.0
37.992500	1301.7
37.996250	1236.3
38.000000	1359.4
38.003750	1301.0
38.007500	1298.8
38.011250	1319.3
38.015000	1330.7
38.018750	1334.5
38.022500	1313.5
38.026250	1340.8
38.030000	1394.4
38.033750	1434.0
38.037500	1392.6
38.041250	1360.1
38.045000	1500.6
38.048750	1409.1
38.052500	1457.5
38.056250	1475.7
38.060000	1430.5
38.063750	1488.6
38.067500	1588.3
38.071250	1535.9
38.075000	1544.7
38.078750	1528.1
38.082500	1556.8
38.086250	1427.7
38.090000	1474.6
38.093750	1581.7
38.097500	1496.1
38.101250	1562.7
38.105000	1551.7
38.108750	1512.9
38.112500	1565.7
38.116250	1582.5
38.120000	1586.9
38.123750	1567.2
38.127500	1475.9
38.131250	1539.3
38.135000	1528.2
38.138750	1408.0
38.142500	1536.6
38.146250	1509.5
38.150000	1495.3
38.153750	1512.4
38.157500	1507.0
38.161250	1464.7
38.165000	1466.9
38.168750	1521.8
38.172500	1482.7
38.176250	1413.0
38.180000	1438.0
38.183750	1394.4
38.187500	1348.2
38.191250	1420.4
38.195000	1393.7
38.198750	1336.9
38.202500	1346.2
38.206250	1338.4
38.210000	1289.1
38.213750	1324.3
38.217500	1262.1
38.221250	1277.9
38.225000	1299.4
38.228750	1240.0
38.232500	1221.4
38.236250	1159.0
38.240000	1207.1
38.243750	1227.7
38.247500	1157.2
38.251250	1211.0
38.255000	1211.0
38.258750	1113.2
38.262500	1198.8
38.266250	1142.9
38.270000	1160.9
38.273750	1193.7
38.277500	1152.3
38.281250	1122.7
38.285000	1102.2
38.288750	1085.5
38.292500	1152.5
38.296250	1055.4
38.300000	1080.7
38.303750	1016.6
38.307500	1104.8
38.311250	1048.0
38.315000	1030.0
38.318750	1054.1
38.322500	1085.1
38.326250	1025.9
38.330000	1018.1
38.333750	1029.8
38.337500	1011.7
38.341250	1005.6
38.345000	1043.6
38.348750	1038.4
38.352500	1058.4
38.356250	979.7
38.360000	1002.9
38.363750	1029.7
38.367500	1048.7
38.371250	1041.0
38.375000	1018.6
38.378750	1002.5
38.382500	1015.7
38.386250	987.2
38.390000	1003.4
38.393750	1054.7
38.397500	1009.1
38.401250	983.4
38.405000	1026.2
38.408750	1003.0
38.412500	980.0
38.416250	971.1
38.420000	998.9
38.423750	1007.7
38.427500	1005.2
38.431250	980.1
38.435000	966.3
38.438750	1041.3
38.442500	1003.7
38.446250	972.9
38.450000	948.5
38.453750	1038.6
38.457500	969.3
38.461250	946.6
38.465000	985.9
38.468750	989.3
38.472500	990.8
38.476250	957.3
38.480000	1012.8
38.483750	951.2
38.487500	971.0
38.491250	997.5
38.495000	970.9
38.498750	958.9
38.502500	1004.0
38.506250	946.8
38.510000	1022.9
38.513750	961.9
38.517500	964.1
38.521250	1010.0
38.525000	1059.9
38.528750	973.7
38.532500	1003.6
38.536250	974.9
38.540000	977.1
38.543750	1030.3
38.547500	1006.8
38.551250	969.5
38.555000	983.4
38.558750	989.0
38.562500	996.1
38.566250	995.8
38.570000	930.6
38.573750	976.2
38.577500	999.0
38.581250	969.3
38.585000	944.7
38.588750	948.8
38.592500	1016.3
38.596250	966.6
38.600000	987.5
38.603750	988.2
38.607500	1025.2
38.611250	1012.2
38.615000	1040.9
38.618750	969.7
38.622500	965.2
38.626250	1004.8
38.630000	1022.8
38.633750	1012.7
38.637500	1009.7
38.641250	973.0
38.645000	1004.0
38.648750	1050.4
38.652500	1032.6
38.656250	980.2
38.660000	981.7
38.663750	1022.6
38.667500	976.5
38.671250	1037.5
38.675000	1005.2
38.678750	948.6
38.682500	1037.2
38.686250	1049.6
38.690000	1018.7
38.693750	1024.2
38.697500	977.1
38.701250	1014.7
38.705000	1014.9
38.708750	1008.7
38.712500	1017.2
38.716250	998.3
38.720000	1030.4
38.723750	1002.0
38.727500	1037.6
38.731250	1030.7
38.735000	1065.6
38.738750	1035.3
38.742500	954.0
38.746250	1001.7
38.750000	1057.5
38.753750	1061.1
38.757500	1074.0
38.761250	1020.1
38.765000	1036.2
38.768750	989.7
38.772500	1013.5
38.776250	1025.1
38.780000	1015.2
38.783750	1015.5
38.787500	974.6
38.791250	992.7
38.795000	1028.1
38.798750	1041.5
38.802500	1015.1
38.806250	1104.1
38.810000	1059.9
38.813750	1028.7
38.817500	1046.1
38.821250	1041.3
38.825000	1071.2
38.828750	1028.9
38.832500	1056.0
38.836250	1087.8
38.840000	1070.7
38.843750	1106.0
38.847500	1136.2
38.851250	1129.5
38.855000	1130.0
38.858750	1052.1
38.862500	1087.0
38.866250	1052.0
38.870000	1070.3
38.873750	1117.8
38.877500	1075.7
38.881250	1120.3
38.885000	1130.5
38.888750	1099.5
38.892500	1182.0
38.896250	1163.0
38.900000	1084.0
38.903750	1145.8
38.907500	1104.9
38.911250	1115.1
38.915000	1165.3
38.918750	1142.7
38.922500	1082.1
38.926250	1077.1
38.930000	1128.6
38.933750	1154.4
38.937500	1088.5
38.941250	1123.2
38.945000	1167.6
38.948750	1162.2
38.952500	1201.4
38.956250	1198.5
38.960000	1199.0
38.963750	1047.0
38.967500	1119.4
38.971250	1137.3
38.975000	1151.2
38.978750	1128.2
38.982500	1101.3
38.986250	1155.7
38.990000	1118.8
38.993750	1176.5
38.997500	1161.2
39.001250	1183.0
39.005000	1177.7
39.008750	1176.0
39.012500	1161.0
39.016250	1138.0
39.020000	1177.8
39.023750	1158.2
39.027500	1180.7
39.031250	1179.4
39.035000	1184.9
39.038750	1194.0
39.042500	1161.4
39.046250	1162.0
39.050000	1184.2
39.053750	1157.2
39.057500	1183.4
39.061250	1236.0
39.065000	1249.6
39.068750	1224.4
39.072500	1194.5
39.076250	1179.4
39.080000	1201.8
39.083750	1145.5
39.087500	1239.7
39.091250	1191.9
39.095000	1190.4
39.098750	1178.7
39.102500	1147.5
39.106250	1219.1
39.110000	1195.5
39.113750	1175.3
39.117500	1224.4
39.121250	1243.4
39.125000	1248.0
39.128750	1227.0
39.132500	1218.7
39.136250	1225.2
39.140000	1220.2
39.143750	1258.4
39.147500	1255.5
39.151250	1273.8
39.155000	1235.5
39.158750	1276.8
39.162500	1263.8
39.166250	1259.7
39.170000	1281.3
39.173750	1295.3
39.177500	1340.0
39.181250	1312.5
39.185000	1285.3
39.188750	1307.0
39.192500	1330.6
39.196250	1365.4
39.200000	1380.3
39.203750	1387.3
39.207500	1411.8
39.211250	1389.7
39.215000	1441.5
39.218750	1457.9
39.222500	1482.7
39.226250	1463.4
39.230000	1420.1
39.233750	1404.7
39.237500	1409.6
39.241250	1425.6
39.245000	1392.1
39.248750	1418.6
39.252500	1367.5
39.256250	1447.2
39.260000	1420.6
39.263750	1458.1
39.267500	1410.9
39.271250	1475.2
39.275000	1450.3
39.278750	1388.9
39.282500	1435.6
39.286250	1417.4
39.290000	1449.5
39.293750	1326.3
39.297500	1368.7
39.301250	1333.0
39.305000	1386.6
39.308750	1372.4
39.312500	1341.5
39.316250	1321.4
39.320000	1325.6
39.323750	1381.8
39.327500	1294.7
39.331250	1301.2
39.335000	1271.7
39.338750	1275.4
39.342500	1251.1
39.346250	1249.2
39.350000	1163.7
39.353750	1206.7
39.357500	1209.0
39.361250	1183.3
39.365000	1133.9
39.368750	1147.3
39.372500	1147.8
39.376250	1162.9
39.380000	1193.6
39.383750	1169.6
39.387500	1113.4
39.391250	1119.2
39.395000	1122.6
39.398750	1076.1
39.402500	1094.4
39.406250	1117.4
39.410000	1108.4
39.413750	1049.8
39.417500	1064.8
39.421250	1092.3
39.425000	1105.1
39.428750	1084.4
39.432500	1073.9
39.436250	1051.1
39.440000	1043.0
39.443750	1028.6
39.447500	1002.1
39.451250	1019.5
39.455000	1033.9
39.458750	1049.4
39.462500	1099.5
39.466250	992.1
39.470000	1016.9
39.473750	1067.9
39.477500	972.0
39.481250	961.1
39.485000	1031.9
39.488750	932.6
39.492500	964.8
39.496250	1005.0
39.500000	993.4
39.503750	988.8
39.507500	951.3
39.511250	965.6
39.515000	947.2
39.518750	963.3
39.522500	946.4
39.526250	1013.8
39.530000	1019.8
39.533750	1024.3
39.537500	964.4
39.541250	942.3
39.545000	940.7
39.548750	991.9
39.552500	967.1
39.556250	1000.5
39.560000	942.1
39.563750	926.3
39.567500	992.3
39.571250	1003.6
39.575000	968.6
39.578750	1002.1
39.582500	946.5
39.586250	956.5
39.590000	975.2
39.593750	935.9
39.597500	958.1
39.601250	991.5
39.605000	990.2
39.608750	956.3
39.612500	927.8
39.616250	942.2
39.620000	947.2
39.623750	949.1
39.627500	909.5
39.631250	942.4
39.635000	1018.1
39.638750	989.3
39.642500	960.9
39.646250	958.9
39.650000	898.4
39.653750	980.9
39.657500	927.8
39.661250	974.9
39.665000	977.9
39.668750	979.4
39.672500	966.4
39.676250	960.1
39.680000	963.1
39.683750	968.8
39.687500	1006.3
39.691250	964.8
39.695000	965.7
39.698750	964.0
39.702500	946.8
39.706250	1049.5
39.710000	969.7
39.713750	915.9
39.717500	960.9
39.721250	987.3
39.725000	942.7
39.728750	919.9
39.732500	938.1
39.736250	982.9
39.740000	957.4
39.743750	977.7
39.747500	923.6
39.751250	963.4
39.755000	978.7
39.758750	941.0
39.762500	1025.5
39.766250	1007.3
39.770000	1005.0
39.773750	996.8
39.777500	966.4
39.781250	1014.4
39.785000	1013.8
39.788750	948.6
39.792500	941.4
39.796250	969.4
39.800000	957.4
39.803750	970.5
39.807500	1007.1
39.811250	955.5
39.815000	987.0
39.818750	915.4
39.822500	986.1
39.826250	986.2
39.830000	965.2
39.833750	937.0
39.837500	994.9
39.841250	964.8
39.845000	993.1
39.848750	1005.9
39.852500	984.1
39.856250	978.3
39.860000	946.7
39.863750	975.2
39.867500	975.3
39.871250	991.6
39.875000	1002.3
39.878750	1036.0
39.882500	1038.1
39.886250	946.9
39.890000	1002.2
39.893750	986.2
39.897500	1000.8
39.901250	989.2
39.905000	973.1
39.908750	1004.3
39.912500	972.6
39.916250	983.4
39.920000	1066.3
39.923750	1062.5
39.927500	993.5
39.931250	960.0
39.935000	989.1
39.938750	1030.5
39.942500	1053.3
39.946250	997.8
39.950000	1016.2
39.953750	1030.3
39.957500	962.5
39.961250	1003.9
39.965000	1044.8
39.968750	1036.6
39.972500	982.1
39.976250	1084.6
39.980000	972.1
39.983750	1022.4
39.987500	1059.9
39.991250	1006.1
39.995000	993.7
39.998750	1070.8
40.002500	1073.3
40.006250	1067.6
40.010000	1032.5
40.013750	1006.5
40.017500	1064.9
40.021250	1091.3
40.025000	1083.0
40.028750	1086.2
40.032500	1055.6
40.036250	1092.4
40.040000	1060.4
40.043750	1095.9
40.047500	1067.8
40.051250	1112.9
40.055000	1114.5
40.058750	1100.9
40.062500	1090.7
40.066250	1082.8
40.070000	1096.7
40.073750	1037.1
40.077500	1058.9
40.081250	1064.9
40.085000	1074.5
40.088750	1136.1
40.092500	1139.3
40.096250	1113.3
40.100000	1090.7
40.103750	1083.8
40.107500	1111.0
40.111250	1145.4
40.115000	1031.5
40.118750	1084.2
40.122500	1122.2
40.126250	1122.5
40.130000	1053.0
40.133750	1060.9
40.137500	1091.1
40.141250	1068.5
40.145000	1054.7
40.148750	1103.7
40.152500	1122.4
40.156250	1049.2
40.160000	1083.3
40.163750	1093.3
40.167500	1154.6
40.171250	1108.9
40.175000	1132.5
40.178750	1157.5
40.182500	1073.0
40.186250	1161.0
40.190000	1170.7
40.193750	1200.6
40.197500	1196.0
40.201250	1147.4
40.205000	1182.7
40.208750	1233.5
40.212500	1220.6
40.216250	1228.4
40.220000	1206.2
40.223750	1215.0
40.227500	1234.6
40.231250	1155.7
40.235000	1224.7
40.238750	1177.8
40.242500	1234.8
40.246250	1141.0
40.250000	1154.0
40.253750	1115.7
40.257500	1087.8
40.261250	1142.9
40.265000	1171.4
40.268750	1218.8
40.272500	1211.2
40.276250	1185.2
40.280000	1169.5
40.283750	1135.5
40.287500	1153.5
40.291250	1202.2
40.295000	1201.8
40.298750	1151.5
40.302500	1168.6
40.306250	1193.8
40.310000	1152.2
40.313750	1197.5
40.317500	1223.0
40.321250	1174.4
40.325000	1166.8
40.328750	1205.9
40.332500	1271.8
40.336250	1249.6
40.340000	1214.0
40.343750	1251.7
40.347500	1258.0
40.351250	1260.0
40.355000	1208.5
40.358750	1223.7
40.362500	1306.6
40.366250	1223.5
40.370000	1231.2
40.373750	1241.1
40.377500	1280.4
40.381250	1317.7
40.385000	1258.4
40.388750	1330.1
40.392500	1311.9
40.396250	1216.8
40.400000	1213.8
40.403750	1295.1
40.407500	1299.4
40.411250	1202.8
40.415000	1172.2
40.418750	1231.7
40.422500	1214.5
40.426250	1291.4
40.430000	1224.3
40.433750	1176.2
40.437500	1162.2
40.441250	1194.9
40.445000	1204.8
40.448750	1166.8
40.452500	1202.7
40.456250	1255.6
40.460000	1176.2
40.463750	1126.4
40.467500	1100.9
40.471250	1174.0
40.475000	1146.1
40.478750	1110.9
40.482500	1109.2
40.486250	1062.0
40.490000	1064.2
40.493750	1058.6
40.497500	1096.4
40.501250	1060.2
40.505000	1104.1
40.508750	1074.5
40.512500	936.0
40.516250	1028.7
40.520000	1091.2
40.523750	1017.7
40.527500	1057.4
40.531250	1009.2
40.535000	1022.1
40.538750	1086.2
40.542500	966.7
40.546250	984.9
40.550000	1062.5
40.553750	1032.6
40.557500	965.6
40.561250	968.8
40.565000	1032.9
40.568750	978.5
40.572500	936.6
40.576250	924.3
40.580000	987.7
40.583750	900.7
40.587500	941.4
40.591250	974.0
40.595000	944.0
40.598750	952.1
40.602500	977.5
40.606250	938.2
40.610000	922.9
40.613750	971.3
40.617500	910.0
40.621250	915.7
40.625000	998.6
40.628750	885.2
40.632500	924.9
40.636250	962.8
40.640000	865.0
40.643750	893.9
40.647500	909.5
40.651250	951.7
40.655000	881.1
40.658750	963.0
40.662500	894.1
40.666250	871.5
40.670000	932.3
40.673750	933.6
40.677500	891.7
40.681250	890.2
40.685000	878.0
40.688750	914.9
40.692500	904.6
40.696250	981.1
40.700000	987.2
40.703750	908.7
40.707500	916.2
40.711250	932.5
40.715000	925.3
40.718750	893.4
40.722500	923.4
40.726250	919.1
40.730000	932.6
40.733750	927.6
40.737500	915.2
40.741250	913.0
40.745000	910.6
40.748750	923.8
40.752500	910.1
40.756250	862.7
40.760000	871.0
40.763750	898.5
40.767500	871.8
40.771250	893.5
40.775000	926.5
40.778750	939.0
40.782500	884.1
40.786250	929.0
40.790000	921.9
40.793750	892.6
40.797500	868.1
40.801250	921.7
40.805000	908.5
40.808750	879.2
40.812500	926.9
40.816250	890.8
40.820000	862.0
40.823750	937.8
40.827500	917.9
40.831250	895.1
40.835000	886.1
40.838750	885.6
40.842500	894.7
40.846250	862.4
40.850000	893.4
40.853750	909.0
40.857500	888.2
40.861250	890.1
40.865000	884.8
40.868750	891.5
40.872500	857.1
40.876250	831.1
40.880000	881.3
40.883750	873.3
40.887500	913.1
40.891250	875.2
40.895000	871.4
40.898750	871.2
40.902500	898.8
40.906250	929.7
40.910000	861.6
40.913750	911.7
40.917500	910.3
40.921250	916.8
40.925000	854.6
40.928750	836.7
40.932500	901.5
40.936250	865.9
40.940000	858.7
40.943750	907.8
40.947500	882.6
40.951250	853.4
40.955000	870.3
40.958750	900.9
40.962500	903.8
40.966250	855.1
40.970000	899.1
40.973750	895.0
40.977500	957.1
40.981250	899.3
40.985000	864.2
40.988750	926.1
40.992500	905.4
40.996250	937.9
41.000000	909.2
41.003750	857.2
41.007500	876.2
41.011250	879.9
41.015000	892.9
41.018750	864.6
41.022500	853.1
41.026250	876.6
41.030000	917.6
41.033750	925.4
41.037500	908.0
41.041250	895.7
41.045000	857.8
41.048750	899.9
41.052500	897.2
41.056250	837.4
41.060000	869.3
41.063750	897.9
41.067500	805.1
41.071250	881.4
41.075000	906.6
41.078750	909.2
41.082500	854.7
41.086250	802.7
41.090000	877.2
41.093750	907.4
41.097500	878.3
41.101250	883.8
41.105000	920.7
41.108750	959.0
41.112500	867.6
41.116250	826.7
41.120000	883.4
41.123750	912.8
41.127500	939.8
41.131250	860.4
41.135000	813.1
41.138750	867.6
41.142500	943.1
41.146250	959.5
41.150000	879.1
41.153750	886.6
41.157500	839.5
41.161250	881.6
41.165000	983.0
41.168750	922.3
41.172500	931.0
41.176250	895.6
41.180000	912.1
41.183750	888.2
41.187500	879.9
41.191250	922.4
41.195000	927.6
41.198750	921.2
41.202500	926.4
41.206250	915.7
41.210000	889.0
41.213750	940.8
41.217500	913.8
41.221250	944.3
41.225000	952.0
41.228750	933.8
41.232500	945.6
41.236250	951.7
41.240000	911.0
41.243750	905.3
41.247500	904.6
41.251250	919.2
41.255000	911.3
41.258750	928.9
41.262500	918.4
41.266250	907.3
41.270000	864.1
41.273750	875.9
41.277500	959.8
41.281250	916.3
41.285000	911.5
41.288750	925.3
41.292500	911.5
41.296250	910.4
41.300000	923.2
41.303750	913.3
41.307500	933.1
41.311250	966.6
41.315000	886.7
41.318750	904.4
41.322500	891.2
41.326250	904.5
41.330000	931.9
41.333750	900.7
41.337500	880.4
41.341250	894.2
41.345000	892.4
41.348750	925.2
41.352500	912.3
41.356250	920.6
41.360000	871.8
41.363750	902.9
41.367500	963.4
41.371250	914.7
41.375000	915.6
41.378750	931.2
41.382500	967.6
41.386250	928.4
41.390000	948.4
41.393750	965.3
41.397500	957.8
41.401250	958.8
41.405000	943.2
41.408750	948.8
41.412500	917.7
41.416250	925.1
41.420000	967.6
41.423750	956.7
41.427500	929.4
41.431250	930.9
41.435000	932.6
41.438750	1012.9
41.442500	925.8
41.446250	949.5
41.450000	930.2
41.453750	941.4
41.457500	975.4
41.461250	970.1
41.465000	964.8
41.468750	985.9
41.472500	957.6
41.476250	969.9
41.480000	1014.8
41.483750	953.2
41.487500	955.1
41.491250	983.4
41.495000	873.3
41.498750	927.5
41.502500	972.2
41.506250	970.1
41.510000	897.9
41.513750	992.6
41.517500	903.2
41.521250	927.1
41.525000	971.9
41.528750	991.2
41.532500	988.7
41.536250	945.3
41.540000	951.3
41.543750	946.3
41.547500	908.5
41.551250	943.4
41.555000	907.6
41.558750	963.3
41.562500	937.8
41.566250	912.0
41.570000	953.1
41.573750	968.0
41.577500	909.6
41.581250	888.3
41.585000	930.8
41.588750	923.1
41.592500	934.8
41.596250	953.6
41.600000	952.0
41.603750	922.2
41.607500	922.8
41.611250	936.0
41.615000	890.4
41.618750	960.9
41.622500	892.1
41.626250	873.1
41.630000	892.1
41.633750	864.9
41.637500	842.8
41.641250	916.4
41.645000	901.6
41.648750	903.7
41.652500	879.0
41.656250	875.2
41.660000	876.0
41.663750	862.8
41.667500	867.4
41.671250	870.0
41.675000	870.1
41.678750	930.7
41.682500	914.1
41.686250	937.7
41.690000	873.3
41.693750	919.8
41.697500	892.6
41.701250	915.0
41.705000	933.2
41.708750	904.6
41.712500	899.4
41.716250	899.1
41.720000	851.3
41.723750	849.3
41.727500	889.9
41.731250	920.1
41.735000	870.9
41.738750	857.1
41.742500	916.3
41.746250	842.7
41.750000	964.0
41.753750	867.7
41.757500	858.4
41.761250	864.0
41.765000	887.4
41.768750	841.3
41.772500	885.4
41.776250	846.5
41.780000	896.1
41.783750	910.6
41.787500	871.2
41.791250	852.4
41.795000	893.1
41.798750	865.6
41.802500	870.7
41.806250	913.1
41.810000	925.5
41.813750	875.9
41.817500	871.0
41.821250	900.5
41.825000	906.9
41.828750	887.3
41.832500	846.7
41.836250	892.3
41.840000	924.9
41.843750	937.0
41.847500	884.5
41.851250	861.0
41.855000	886.5
41.858750	887.8
41.862500	858.7
41.866250	896.5
41.870000	881.9
41.873750	826.6
41.877500	885.2
41.881250	869.8
41.885000	856.0
41.888750	856.4
41.892500	885.9
41.896250	936.0
41.900000	886.1
41.903750	850.6
41.907500	835.8
41.911250	908.2
41.915000	854.1
41.918750	839.5
41.922500	890.2
41.926250	874.6
41.930000	854.1
41.933750	933.8
41.937500	872.9
41.941250	895.3
41.945000	873.7
41.948750	853.5
41.952500	878.3
41.956250	882.9
41.960000	868.9
41.963750	906.9
41.967500	884.0
41.971250	893.0
41.975000	941.4
41.978750	888.4
41.982500	901.3
41.986250	886.7
41.990000	887.4
41.993750	939.0
41.997500	853.8
42.001250	886.3
42.005000	916.2
42.008750	895.4
42.012500	871.0
42.016250	886.2
42.020000	902.3
42.023750	922.4
42.027500	912.8
42.031250	918.9
42.035000	898.8
42.038750	914.3
42.042500	920.7
42.046250	884.4
42.050000	885.5
42.053750	886.6
42.057500	892.4
42.061250	834.2
42.065000	886.1
42.068750	918.4
42.072500	900.1
42.076250	886.2
42.080000	919.5
42.083750	925.4
42.087500	943.1
42.091250	906.4
42.095000	892.7
42.098750	920.8
42.102500	908.4
42.106250	910.4
42.110000	892.0
42.113750	917.3
42.117500	879.8
42.121250	880.1
42.125000	919.7
42.128750	932.3
42.132500	915.9
42.136250	907.7
42.140000	886.1
42.143750	921.6
42.147500	894.1
42.151250	883.0
42.155000	942.4
42.158750	951.4
42.162500	941.3
42.166250	925.4
42.170000	889.3
42.173750	884.2
42.177500	927.2
42.181250	920.0
42.185000	890.3
42.188750	899.1
42.192500	912.7
42.196250	903.1
42.200000	930.2
42.203750	907.9
42.207500	857.0
42.211250	914.3
42.215000	944.8
42.218750	853.5
42.222500	926.4
42.226250	988.9
42.230000	926.7
42.233750	918.6
42.237500	973.1
42.241250	933.5
42.245000	935.9
42.248750	917.4
42.252500	907.3
42.256250	985.2
42.260000	989.6
42.263750	979.3
42.267500	948.3
42.271250	930.6
42.275000	932.7
42.278750	984.5
42.282500	979.8
42.286250	945.4
42.290000	947.0
42.293750	982.2
42.297500	968.4
42.301250	984.6
42.305000	1018.7
42.308750	1003.9
42.312500	1046.4
42.316250	1039.7
42.320000	1055.8
42.323750	1096.8
42.327500	1043.6
42.331250	1149.1
42.335000	1108.1
42.338750	1147.4
42.342500	1219.9
42.346250	1201.6
42.350000	1229.0
42.353750	1253.7
42.357500	1234.7
42.361250	1242.1
42.365000	1270.4
42.368750	1226.4
42.372500	1235.1
42.376250	1189.6
42.380000	1117.4
42.383750	1133.6
42.387500	1132.0
42.391250	1072.4
42.395000	1075.1
42.398750	1094.1
42.402500	1028.6
42.406250	1036.6
42.410000	999.3
42.413750	1052.3
42.417500	1008.0
42.421250	1032.1
42.425000	1048.6
42.428750	1131.5
42.432500	1117.1
42.436250	1072.3
42.440000	1073.8
42.443750	1064.9
42.447500	1084.8
42.451250	1090.5
42.455000	1068.3
42.458750	1092.0
42.462500	1104.4
42.466250	1125.8
42.470000	1061.1
42.473750	1091.0
42.477500	1164.8
42.481250	1139.6
42.485000	1106.6
42.488750	1080.8
42.492500	1111.8
42.496250	1133.9
42.500000	1116.9
42.503750	1115.5
42.507500	1153.8
42.511250	1105.8
42.515000	1157.6
42.518750	1138.4
42.522500	1171.4
42.526250	1181.5
42.530000	1205.2
42.533750	1150.1
42.537500	1117.8
42.541250	1157.0
42.545000	1161.8
42.548750	1179.8
42.552500	1225.2
42.556250	1199.1
42.560000	1189.1
42.563750	1313.6
42.567500	1317.7
42.571250	1283.1
42.575000	1303.3
42.578750	1402.0
42.582500	1388.3
42.586250	1434.6
42.590000	1506.4
42.593750	1481.7
42.597500	1459.7
42.601250	1511.3
42.605000	1478.8
42.608750	1429.7
42.612500	1482.1
42.616250	1418.2
42.620000	1292.1
42.623750	1329.2
42.627500	1220.8
42.631250	1173.1
42.635000	1161.8
42.638750	1134.0
42.642500	1195.0
42.646250	1190.8
42.650000	1200.7
42.653750	1220.5
42.657500	1210.8
42.661250	1249.2
42.665000	1197.0
42.668750	1251.4
42.672500	1252.3
42.676250	1233.2
42.680000	1225.2
42.683750	1165.9
42.687500	1102.6
42.691250	1118.2
42.695000	1106.0
42.698750	1161.0
42.702500	1058.5
42.706250	1046.5
42.710000	1000.7
42.713750	1082.4
42.717500	990.2
42.721250	1026.0
42.725000	995.7
42.728750	967.6
42.732500	1013.2
42.736250	974.8
42.740000	1017.8
42.743750	951.3
42.747500	950.4
42.751250	990.0
42.755000	972.2
42.758750	946.7
42.762500	997.7
42.766250	963.7
42.770000	912.5
42.773750	930.3
42.777500	975.2
42.781250	938.3
42.785000	959.9
42.788750	935.3
42.792500	942.4
42.796250	960.1
42.800000	944.3
42.803750	990.2
42.807500	944.4
42.811250	940.3
42.815000	997.2
42.818750	931.9
42.822500	997.6
42.826250	948.3
42.830000	934.9
42.833750	944.8
42.837500	961.9
42.841250	976.7
42.845000	954.4
42.848750	947.5
42.852500	999.9
42.856250	995.2
42.860000	996.1
42.863750	953.1
42.867500	932.7
42.871250	935.6
42.875000	926.5
42.878750	928.3
42.882500	918.7
42.886250	943.9
42.890000	972.8
42.893750	964.6
42.897500	972.4
42.901250	958.2
42.905000	954.8
42.908750	933.8
42.912500	942.0
42.916250	974.7
42.920000	964.3
42.923750	926.3
42.927500	902.8
42.931250	947.1
42.935000	967.8
42.938750	995.9
42.942500	945.8
42.946250	968.0
42.950000	994.1
42.953750	952.4
42.957500	922.6
42.961250	950.2
42.965000	952.9
42.968750	956.5
42.972500	980.5
42.976250	972.4
42.980000	965.9
42.983750	930.2
42.987500	942.3
42.991250	999.6
42.995000	999.3
42.998750	965.6
43.002500	936.7
43.006250	960.5
43.010000	976.4
43.013750	981.7
43.017500	972.2
43.021250	995.2
43.025000	1001.5
43.028750	993.1
43.032500	996.8
43.036250	1025.0
43.040000	1028.3
43.043750	1023.0
43.047500	1093.5
43.051250	1041.3
43.055000	993.3
43.058750	1054.7
43.062500	1016.1
43.066250	1056.8
43.070000	977.0
43.073750	1038.0
43.077500	1105.8
43.081250	1068.3
43.085000	989.7
43.088750	1110.8
43.092500	1082.2
43.096250	1038.7
43.100000	1033.8
43.103750	1074.2
43.107500	1108.8
43.111250	1113.3
43.115000	1118.0
43.118750	1105.4
43.122500	1114.5
43.126250	1057.2
43.130000	1068.5
43.133750	1068.3
43.137500	1086.3
43.141250	1101.1
43.145000	1098.6
43.148750	1107.9
43.152500	1138.5
43.156250	1111.3
43.160000	1127.6
43.163750	1086.1
43.167500	1106.0
43.171250	1140.7
43.175000	1122.4
43.178750	1107.3
43.182500	1097.3
43.186250	1149.2
43.190000	1128.5
43.193750	1119.1
43.197500	1095.1
43.201250	1136.3
43.205000	1132.4
43.208750	1088.2
43.212500	1053.5
43.216250	1167.5
43.220000	1103.6
43.223750	1135.2
43.227500	1124.7
43.231250	1161.7
43.235000	1146.0
43.238750	1100.8
43.242500	1104.9
43.246250	1128.0
43.250000	1146.0
43.253750	1152.9
43.257500	1131.5
43.261250	1149.7
43.265000	1205.0
43.268750	1087.2
43.272500	1077.7
43.276250	1091.6
43.280000	1145.9
43.283750	1146.9
43.287500	1122.9
43.291250	1157.7
43.295000	1084.5
43.298750	1151.1
43.302500	1066.9
43.306250	551.7
43.310000	1095.0
43.313750	1112.3
43.317500	1118.7
43.321250	1174.1
43.325000	1116.4
43.328750	1120.6
43.332500	1094.1
43.336250	1109.0
43.340000	1098.1
43.343750	1114.1
43.347500	1101.2
43.351250	1102.8
43.355000	1092.0
43.358750	1120.4
43.362500	1165.4
43.366250	1128.4
43.370000	1106.9
43.373750	1069.7
43.377500	1089.7
43.381250	1119.5
43.385000	1123.2
43.388750	1135.8
43.392500	1180.0
43.396250	1149.8
43.400000	1169.0
43.403750	1116.5
43.407500	1091.5
43.411250	1129.4
43.415000	1119.8
43.418750	1148.5
43.422500	1123.7
43.426250	1090.2
43.430000	1099.7
43.433750	1141.2
43.437500	1223.8
43.441250	1156.9
43.445000	1163.6
43.448750	1170.0
43.452500	1143.6
43.456250	1196.0
43.460000	1197.7
43.463750	1139.2
43.467500	1235.4
43.471250	1224.8
43.475000	1256.6
43.478750	1258.2
43.482500	1194.2
43.486250	1190.6
43.490000	1258.9
43.493750	1210.3
43.497500	1192.5
43.501250	1271.9
43.505000	1293.8
43.508750	1270.2
43.512500	1263.6
43.516250	1237.3
43.520000	1241.1
43.523750	1228.7
43.527500	1288.6
43.531250	1266.6
43.535000	1293.9
43.538750	1292.5
43.542500	1281.8
43.546250	1341.5
43.550000	1289.8
43.553750	1354.8
43.557500	1339.5
43.561250	1362.0
43.565000	1371.6
43.568750	1382.3
43.572500	1310.9
43.576250	1397.7
43.580000	1342.8
43.583750	1334.5
43.587500	1363.3
43.591250	1356.2
43.595000	1361.9
43.598750	1337.2
43.602500	1364.3
43.606250	1380.0
43.610000	1352.2
43.613750	1347.1
43.617500	1335.8
43.621250	1355.4
43.625000	1329.3
43.628750	1385.6
43.632500	1353.5
43.636250	1385.5
43.640000	1337.3
43.643750	1349.9
43.647500	1377.7
43.651250	1331.8
43.655000	1315.8
43.658750	1356.2
43.662500	1337.1
43.666250	1324.7
43.670000	1326.6
43.673750	1336.0
43.677500	1302.4
43.681250	1290.8
43.685000	1270.4
43.688750	1257.9
43.692500	1233.9
43.696250	1216.4
43.700000	1293.3
43.703750	1230.3
43.707500	1211.0
43.711250	1187.0
43.715000	1144.5
43.718750	1179.2
43.722500	1180.4
43.726250	1143.8
43.730000	1202.9
43.733750	1167.2
43.737500	1177.9
43.741250	1083.0
43.745000	1055.9
43.748750	1086.3
43.752500	1114.7
43.756250	1195.5
43.760000	1057.9
43.763750	1094.0
43.767500	1147.0
43.771250	1053.3
43.775000	1188.4
43.778750	881.1
43.782500	664.9
43.786250	1114.6
43.790000	1009.1
43.793750	1044.2
43.797500	1031.4
43.801250	1069.5
43.805000	1050.0
43.808750	1016.2
43.812500	979.2
43.816250	1016.5
43.820000	1047.2
43.823750	1002.9
43.827500	940.6
43.831250	1002.9
43.835000	993.1
43.838750	969.9
43.842500	970.7
43.846250	948.7
43.850000	971.6
43.853750	996.3
43.857500	1034.3
43.861250	971.8
43.865000	981.6
43.868750	962.6
43.872500	942.1
43.876250	933.2
43.880000	924.2
43.883750	987.2
43.887500	935.2
43.891250	912.6
43.895000	951.8
43.898750	947.8
43.902500	947.0
43.906250	990.5
43.910000	940.2
43.913750	992.6
43.917500	921.1
43.921250	971.5
43.925000	944.2
43.928750	912.6
43.932500	992.4
43.936250	975.2
43.940000	935.6
43.943750	965.5
43.947500	942.2
43.951250	926.0
43.955000	890.0
43.958750	934.5
43.962500	940.6
43.966250	948.6
43.970000	981.1
43.973750	978.6
43.977500	945.1
43.981250	932.0
43.985000	909.9
43.988750	962.8
43.992500	925.1
43.996250	869.4
44.000000	881.9
44.003750	916.5
44.007500	892.0
44.011250	895.6
44.015000	862.6
44.018750	942.5
44.022500	992.8
44.026250	955.0
44.030000	961.8
44.033750	994.7
44.037500	946.9
44.041250	962.6
44.045000	936.0
44.048750	901.2
44.052500	903.0
44.056250	887.5
44.060000	949.7
44.063750	928.1
44.067500	1028.3
44.071250	932.6
44.075000	890.3
44.078750	936.8
44.082500	918.0
44.086250	908.4
44.090000	978.9
44.093750	908.8
44.097500	925.1
44.101250	1008.5
44.105000	937.4
44.108750	908.3
44.112500	967.2
44.116250	939.0
44.120000	955.9
44.123750	936.8
44.127500	949.9
44.131250	902.8
44.135000	888.1
44.138750	901.2
44.142500	912.6
44.146250	899.8
44.150000	937.5
44.153750	993.0
44.157500	952.6
44.161250	931.4
44.165000	894.2
44.168750	948.1
44.172500	943.7
44.176250	944.6
44.180000	908.1
44.183750	902.8
44.187500	939.7
44.191250	928.2
44.195000	918.0
44.198750	898.3
44.202500	952.9
44.206250	851.5
44.210000	933.4
44.213750	932.8
44.217500	901.8
44.221250	919.5
44.225000	955.1
44.228750	974.5
44.232500	879.0
44.236250	939.0
44.240000	954.0
44.243750	949.7
44.247500	975.2
44.251250	961.9
44.255000	921.4
44.258750	895.5
44.262500	926.0
44.266250	927.7
44.270000	908.7
44.273750	958.3
44.277500	926.4
44.281250	904.9
44.285000	947.5
44.288750	917.7
44.292500	945.9
44.296250	943.6
44.300000	935.1
44.303750	920.0
44.307500	938.6
44.311250	923.0
44.315000	926.0
44.318750	895.6
44.322500	907.7
44.326250	954.4
44.330000	915.0
44.333750	961.3
44.337500	930.8
44.341250	915.4
44.345000	917.3
44.348750	967.5
44.352500	929.5
44.356250	960.7
44.360000	950.6
44.363750	922.7
44.367500	984.7
44.371250	944.3
44.375000	921.8
44.378750	926.0
44.382500	938.1
44.386250	926.1
44.390000	907.0
44.393750	1016.5
44.397500	926.5
44.401250	969.3
44.405000	896.5
44.408750	914.6
44.412500	931.4
44.416250	955.7
44.420000	972.0
44.423750	958.2
44.427500	1000.7
44.431250	941.6
44.435000	936.3
44.438750	951.1
44.442500	993.0
44.446250	1008.5
44.450000	982.3
44.453750	958.0
44.457500	959.7
44.461250	974.7
44.465000	949.2
44.468750	973.0
44.472500	914.2
44.476250	958.9
44.480000	985.1
44.483750	956.3
44.487500	983.9
44.491250	981.2
44.495000	951.2
44.498750	923.4
44.502500	976.7
44.506250	1046.0
44.510000	997.8
44.513750	1050.0
44.517500	995.9
44.521250	1040.8
44.525000	1022.9
44.528750	1043.6
44.532500	978.0
44.536250	996.8
44.540000	1015.5
44.543750	996.1
44.547500	1109.7
44.551250	1105.2
44.555000	1010.1
44.558750	1051.1
44.562500	1078.4
44.566250	976.1
44.570000	1024.8
44.573750	1033.8
44.577500	998.8
44.581250	1057.8
44.585000	1099.0
44.588750	1075.1
44.592500	1061.2
44.596250	1097.9
44.600000	1054.1
44.603750	1058.7
44.607500	1092.9
44.611250	1139.2
44.615000	1030.2
44.618750	1098.5
44.622500	1151.0
44.626250	1092.8
44.630000	1055.9
44.633750	1156.4
44.637500	1034.7
44.641250	1093.5
44.645000	1117.5
44.648750	1094.1
44.652500	1078.3
44.656250	1075.0
44.660000	1035.4
44.663750	1102.9
44.667500	1102.4
44.671250	1048.2
44.675000	1059.1
44.678750	1071.6
44.682500	1082.3
44.686250	1046.0
44.690000	1064.1
44.693750	1099.2
44.697500	1082.0
44.701250	1062.1
44.705000	1015.4
44.708750	1096.6
44.712500	1025.2
44.716250	986.1
44.720000	1059.2
44.723750	1040.0
44.727500	1070.5
44.731250	1055.6
44.735000	1008.4
44.738750	1045.3
44.742500	1023.5
44.746250	1003.7
44.750000	988.3
44.753750	1024.6
44.757500	966.3
44.761250	1049.5
44.765000	1029.3
44.768750	954.1
44.772500	983.7
44.776250	970.4
44.780000	981.9
44.783750	987.1
44.787500	958.9
44.791250	953.8
44.795000	939.4
44.798750	916.1
44.802500	930.4
44.806250	963.5
44.810000	920.6
44.813750	891.7
44.817500	957.4
44.821250	913.4
44.825000	905.4
44.828750	921.2
44.832500	881.5
44.836250	897.5
44.840000	920.9
44.843750	962.5
44.847500	899.2
44.851250	905.1
44.855000	939.9
44.858750	913.8
44.862500	971.9
44.866250	952.4
44.870000	900.2
44.873750	923.1
44.877500	899.6
44.881250	890.2
44.885000	901.1
44.888750	870.6
44.892500	891.0
44.896250	911.9
44.900000	916.6
44.903750	912.6
44.907500	924.9
44.911250	922.9
44.915000	937.4
44.918750	910.5
44.922500	910.4
44.926250	943.1
44.930000	876.5
44.933750	904.3
44.937500	893.6
44.941250	909.5
44.945000	922.8
44.948750	924.5
44.952500	936.4
44.956250	888.5
44.960000	863.1
44.963750	915.8
44.967500	926.8
44.971250	871.9
44.975000	870.0
44.978750	889.1
44.982500	900.0
44.986250	881.9
44.990000	969.1
44.993750	927.0
44.997500	898.5
45.001250	931.1
45.005000	918.9
45.008750	956.5
45.012500	902.7
45.016250	877.1
45.020000	897.1
45.023750	932.9
45.027500	850.0
45.031250	935.8
45.035000	924.7
45.038750	930.1
45.042500	897.7
45.046250	849.4
45.050000	894.5
45.053750	951.9
45.057500	950.7
45.061250	928.1
45.065000	872.9
45.068750	868.5
45.072500	889.4
45.076250	946.3
45.080000	917.7
45.083750	909.7
45.087500	901.1
45.091250	920.5
45.095000	877.8
45.098750	905.7
45.102500	938.2
45.106250	845.7
45.110000	911.0
45.113750	964.2
45.117500	953.4
45.121250	876.9
45.125000	959.7
45.128750	886.0
45.132500	935.3
45.136250	926.3
45.140000	929.8
45.143750	905.7
45.147500	874.6
45.151250	874.6
45.155000	908.2
45.158750	902.7
45.162500	874.8
45.166250	862.2
45.170000	862.9
45.173750	910.8
45.177500	923.0
45.181250	893.6
45.185000	872.4
45.188750	861.8
45.192500	901.0
45.196250	854.2
45.200000	848.6
45.203750	912.9
45.207500	904.6
45.211250	882.4
45.215000	956.9
45.218750	904.0
45.222500	867.0
45.226250	868.9
45.230000	862.7
45.233750	885.1
45.237500	964.0
45.241250	906.6
45.245000	843.2
45.248750	944.9
45.252500	912.4
45.256250	884.5
45.260000	876.7
45.263750	942.7
45.267500	915.3
45.271250	857.5
45.275000	875.5
45.278750	899.1
45.282500	894.0
45.286250	855.8
45.290000	906.7
45.293750	862.5
45.297500	846.9
45.301250	888.4
45.305000	847.0
45.308750	887.5
45.312500	950.9
45.316250	914.6
45.320000	940.0
45.323750	933.3
45.327500	877.9
45.331250	929.8
45.335000	945.0
45.338750	921.0
45.342500	910.7
45.346250	922.2
45.350000	909.6
45.353750	927.4
45.357500	934.8
45.361250	943.1
45.365000	918.6
45.368750	924.7
45.372500	899.8
45.376250	958.6
45.380000	906.1
45.383750	958.7
45.387500	930.2
45.391250	920.2
45.395000	914.3
45.398750	942.2
45.402500	940.0
45.406250	890.1
45.410000	908.5
45.413750	881.5
45.417500	866.7
45.421250	960.3
45.425000	945.7
45.428750	945.7
45.432500	906.0
45.436250	910.4
45.440000	989.6
45.443750	935.0
45.447500	945.6
45.451250	945.3
45.455000	925.4
45.458750	964.0
45.462500	917.5
45.466250	901.2
45.470000	985.4
45.473750	992.0
45.477500	967.5
45.481250	914.4
45.485000	882.1
45.488750	924.7
45.492500	909.7
45.496250	978.9
45.500000	926.6
45.503750	953.6
45.507500	1010.4
45.511250	993.1
45.515000	987.6
45.518750	925.5
45.522500	928.3
45.526250	952.9
45.530000	979.3
45.533750	932.0
45.537500	954.7
45.541250	957.0
45.545000	950.1
45.548750	958.2
45.552500	981.1
45.556250	1004.9
45.560000	973.0
45.563750	1040.6
45.567500	1017.4
45.571250	986.6
45.575000	971.3
45.578750	1056.6
45.582500	1031.1
45.586250	982.2
45.590000	1041.8
45.593750	1074.2
45.597500	1111.7
45.601250	1019.2
45.605000	958.3
45.608750	1024.6
45.612500	1050.5
45.616250	1002.4
45.620000	1092.3
45.623750	1169.6
45.627500	1106.3
45.631250	1127.7
45.635000	1078.1
45.638750	1039.2
45.642500	1099.9
45.646250	1084.5
45.650000	1183.1
45.653750	1203.3
45.657500	1163.2
45.661250	1111.5
45.665000	1192.5
45.668750	1075.2
45.672500	1108.4
45.676250	1048.6
45.680000	1081.6
45.683750	1027.3
45.687500	972.9
45.691250	977.6
45.695000	955.6
45.698750	1036.9
45.702500	991.2
45.706250	1011.5
45.710000	977.2
45.713750	1003.5
45.717500	970.0
45.721250	981.9
45.725000	967.8
45.728750	950.9
45.732500	1009.6
45.736250	968.1
45.740000	994.4
45.743750	962.9
45.747500	950.6
45.751250	944.1
45.755000	974.1
45.758750	994.0
45.762500	956.4
45.766250	923.4
45.770000	889.3
45.773750	904.6
45.777500	913.6
45.781250	980.1
45.785000	960.9
45.788750	945.4
45.792500	968.7
45.796250	941.9
45.800000	903.6
45.803750	966.7
45.807500	910.2
45.811250	914.4
45.815000	931.2
45.818750	909.8
45.822500	916.7
45.826250	896.1
45.830000	923.7
45.833750	876.1
45.837500	899.2
45.841250	961.0
45.845000	903.5
45.848750	867.4
45.852500	852.8
45.856250	852.8
45.860000	869.0
45.863750	891.7
45.867500	922.8
45.871250	867.5
45.875000	923.0
45.878750	885.5
45.882500	906.4
45.886250	895.9
45.890000	878.0
45.893750	863.6
45.897500	897.0
45.901250	881.4
45.905000	895.4
45.908750	871.5
45.912500	897.9
45.916250	858.1
45.920000	828.0
45.923750	874.9
45.927500	911.6
45.931250	878.9
45.935000	930.5
45.938750	858.9
45.942500	857.8
45.946250	917.0
45.950000	916.4
45.953750	901.3
45.957500	897.2
45.961250	942.6
45.965000	841.9
45.968750	884.3
45.972500	854.0
45.976250	842.5
45.980000	895.3
45.983750	877.7
45.987500	812.7
45.991250	875.8
45.995000	886.8
45.998750	883.5
46.002500	947.2
46.006250	867.3
46.010000	875.4
46.013750	914.1
46.017500	884.7
46.021250	883.7
46.025000	865.4
46.028750	847.8
46.032500	871.2
46.036250	924.2
46.040000	873.7
46.043750	896.3
46.047500	892.3
46.051250	898.2
46.055000	908.1
46.058750	912.9
46.062500	929.3
46.066250	896.9
46.070000	879.3
46.073750	906.0
46.077500	887.0
46.081250	932.4
46.085000	977.8
46.088750	934.1
46.092500	859.4
46.096250	830.7
46.100000	837.3
46.103750	933.5
46.107500	839.0
46.111250	856.4
46.115000	845.5
46.118750	934.4
46.122500	889.6
46.126250	907.8
46.130000	955.0
46.133750	957.2
46.137500	937.6
46.141250	897.3
46.145000	931.1
46.148750	899.7
46.152500	899.2
46.156250	884.2
46.160000	939.6
46.163750	916.5
46.167500	921.1
46.171250	915.1
46.175000	909.3
46.178750	933.2
46.182500	930.6
46.186250	880.2
46.190000	901.5
46.193750	928.3
46.197500	859.1
46.201250	908.9
46.205000	953.8
46.208750	915.3
46.212500	877.7
46.216250	914.1
46.220000	943.3
46.223750	900.3
46.227500	880.9
46.231250	897.9
46.235000	865.0
46.238750	885.6
46.242500	876.4
46.246250	859.4
46.250000	913.8
46.253750	896.9
46.257500	971.8
46.261250	962.4
46.265000	892.4
46.268750	900.7
46.272500	913.2
46.276250	876.9
46.280000	872.9
46.283750	900.9
46.287500	927.2
46.291250	900.8
46.295000	928.0
46.298750	896.6
46.302500	926.7
46.306250	888.2
46.310000	908.9
46.313750	884.4
46.317500	894.3
46.321250	926.1
46.325000	893.9
46.328750	887.3
46.332500	910.5
46.336250	966.1
46.340000	908.7
46.343750	870.5
46.347500	875.2
46.351250	881.3
46.355000	917.5
46.358750	872.0
46.362500	889.0
46.366250	850.5
46.370000	929.0
46.373750	888.8
46.377500	911.3
46.381250	915.1
46.385000	918.9
46.388750	935.8
46.392500	933.6
46.396250	880.6
46.400000	944.0
46.403750	929.0
46.407500	901.2
46.411250	933.6
46.415000	935.5
46.418750	923.3
46.422500	949.0
46.426250	982.7
46.430000	964.9
46.433750	933.3
46.437500	943.5
46.441250	935.2
46.445000	920.3
46.448750	907.2
46.452500	882.3
46.456250	940.4
46.460000	945.1
46.463750	931.3
46.467500	883.5
46.471250	906.8
46.475000	888.1
46.478750	964.4
46.482500	975.9
46.486250	956.3
46.490000	992.7
46.493750	948.0
46.497500	956.3
46.501250	930.3
46.505000	973.6
46.508750	976.9
46.512500	966.7
46.516250	946.9
46.520000	962.0
46.523750	971.9
46.527500	942.1
46.531250	1002.7
46.535000	960.1
46.538750	939.9
46.542500	933.5
46.546250	994.9
46.550000	976.3
46.553750	977.6
46.557500	972.1
46.561250	979.4
46.565000	957.7
46.568750	993.1
46.572500	975.4
46.576250	948.5
46.580000	1034.5
46.583750	1022.6
46.587500	1025.4
46.591250	1046.9
46.595000	1060.6
46.598750	1002.4
46.602500	1077.6
46.606250	1067.3
46.610000	1064.2
46.613750	994.5
46.617500	1003.5
46.621250	1105.4
46.625000	1101.1
46.628750	1108.5
46.632500	1120.7
46.636250	1072.6
46.640000	1056.9
46.643750	1150.5
46.647500	1121.8
46.651250	1096.6
46.655000	1261.9
46.658750	1237.0
46.662500	1235.7
46.666250	1267.5
46.670000	1368.7
46.673750	1409.0
46.677500	1495.8
46.681250	1611.7
46.685000	1698.5
46.688750	1832.2
46.692500	2019.1
46.696250	2175.3
46.700000	2323.8
46.703750	2448.2
46.707500	2607.4
46.711250	2663.7
46.715000	2682.7
46.718750	2598.2
46.722500	2666.5
46.726250	2673.8
46.730000	2592.2
46.733750	2466.8
46.737500	2400.5
46.741250	2217.4
46.745000	1877.8
46.748750	1785.9
46.752500	1629.7
46.756250	1394.1
46.760000	1344.6
46.763750	1308.7
46.767500	1204.8
46.771250	1180.1
46.775000	1215.0
46.778750	1125.8
46.782500	1094.3
46.786250	1100.3
46.790000	1030.0
46.793750	1020.6
46.797500	1044.8
46.801250	1019.8
46.805000	1024.9
46.808750	982.7
46.812500	1049.7
46.816250	1016.0
46.820000	974.1
46.823750	1013.8
46.827500	1044.8
46.831250	1041.6
46.835000	1024.5
46.838750	1022.3
46.842500	1068.2
46.846250	1066.9
46.850000	1110.6
46.853750	1062.3
46.857500	1019.1
46.861250	1047.6
46.865000	1058.5
46.868750	1024.4
46.872500	964.2
46.876250	962.1
46.880000	910.1
46.883750	882.1
46.887500	924.4
46.891250	889.8
46.895000	899.6
46.898750	862.9
46.902500	906.6
46.906250	913.1
46.910000	864.5
46.913750	888.1
46.917500	887.6
46.921250	870.6
46.925000	851.0
46.928750	884.8
46.932500	899.3
46.936250	876.7
46.940000	905.4
46.943750	894.5
46.947500	861.0
46.951250	802.0
46.955000	876.2
46.958750	827.7
46.962500	885.4
46.966250	874.8
46.970000	920.5
46.973750	874.8
46.977500	843.1
46.981250	836.1
46.985000	852.4
46.988750	835.4
46.992500	876.6
46.996250	838.9
47.000000	849.3
47.003750	855.8
47.007500	873.0
47.011250	808.2
47.015000	866.7
47.018750	835.5
47.022500	852.4
47.026250	840.7
47.030000	825.7
47.033750	826.0
47.037500	849.7
47.041250	853.0
47.045000	812.2
47.048750	824.5
47.052500	853.6
47.056250	829.6
47.060000	873.3
47.063750	838.7
47.067500	876.1
47.071250	846.7
47.075000	844.9
47.078750	859.4
47.082500	872.1
47.086250	838.2
47.090000	863.3
47.093750	833.5
47.097500	809.3
47.101250	831.3
47.105000	816.0
47.108750	813.0
47.112500	869.9
47.116250	842.2
47.120000	801.5
47.123750	829.2
47.127500	861.4
47.131250	862.9
47.135000	822.2
47.138750	880.0
47.142500	876.9
47.146250	853.2
47.150000	829.2
47.153750	819.1
47.157500	857.1
47.161250	884.3
47.165000	810.7
47.168750	863.5
47.172500	830.6
47.176250	804.3
47.180000	824.4
47.183750	837.1
47.187500	886.5
47.191250	832.5
47.195000	788.3
47.198750	841.2
47.202500	844.4
47.206250	842.2
47.210000	839.7
47.213750	880.1
47.217500	851.5
47.221250	830.8
47.225000	775.3
47.228750	847.3
47.232500	910.9
47.236250	808.6
47.240000	795.5
47.243750	798.4
47.247500	772.6
47.251250	851.3
47.255000	850.1
47.258750	816.0
47.262500	840.1
47.266250	830.6
47.270000	817.7
47.273750	833.3
47.277500	815.1
47.281250	812.2
47.285000	829.8
47.288750	816.1
47.292500	828.4
47.296250	859.1
47.300000	832.2
47.303750	867.4
47.307500	836.2
47.311250	850.0
47.315000	871.0
47.318750	918.3
47.322500	795.0
47.326250	825.3
47.330000	810.5
47.333750	851.7
47.337500	896.4
47.341250	879.7
47.345000	796.9
47.348750	796.5
47.352500	828.5
47.356250	826.4
47.360000	853.4
47.363750	880.1
47.367500	859.2
47.371250	836.4
47.375000	844.9
47.378750	887.7
47.382500	803.6
47.386250	810.2
47.390000	870.8
47.393750	843.6
47.397500	824.0
47.401250	849.1
47.405000	821.5
47.408750	820.7
47.412500	839.7
47.416250	797.9
47.420000	821.8
47.423750	830.7
47.427500	896.8
47.431250	883.1
47.435000	832.2
47.438750	857.0
47.442500	866.3
47.446250	814.5
47.450000	828.1
47.453750	837.4
47.457500	819.1
47.461250	854.6
47.465000	823.5
47.468750	869.9
47.472500	833.6
47.476250	816.6
47.480000	793.3
47.483750	851.0
47.487500	821.2
47.491250	864.2
47.495000	849.7
47.498750	832.4
47.502500	872.1
47.506250	893.9
47.510000	817.1
47.513750	839.2
47.517500	850.7
47.521250	832.2
47.525000	883.8
47.528750	875.5
47.532500	818.9
47.536250	840.9
47.540000	850.3
47.543750	828.2
47.547500	791.7
47.551250	869.3
47.555000	858.9
47.558750	814.6
47.562500	828.8
47.566250	826.1
47.570000	823.7
47.573750	945.5
47.577500	887.9
47.581250	866.1
47.585000	864.4
47.588750	863.2
47.592500	853.7
47.596250	914.7
47.600000	865.7
47.603750	862.3
47.607500	919.4
47.611250	857.9
47.615000	835.7
47.618750	877.9
47.622500	902.1
47.626250	859.1
47.630000	873.4
47.633750	812.4
47.637500	877.2
47.641250	845.6
47.645000	847.6
47.648750	817.9
47.652500	849.5
47.656250	830.7
47.660000	824.6
47.663750	871.5
47.667500	845.8
47.671250	877.2
47.675000	850.5
47.678750	849.7
47.682500	871.7
47.686250	811.2
47.690000	841.1
47.693750	812.6
47.697500	825.9
47.701250	887.7
47.705000	874.2
47.708750	826.4
47.712500	856.5
47.716250	865.9
47.720000	867.8
47.723750	839.7
47.727500	862.9
47.731250	851.9
47.735000	820.2
47.738750	825.1
47.742500	849.4
47.746250	854.5
47.750000	838.4
47.753750	819.8
47.757500	822.1
47.761250	869.7
47.765000	864.9
47.768750	870.0
47.772500	823.2
47.776250	842.4
47.780000	815.8
47.783750	859.1
47.787500	804.9
47.791250	847.5
47.795000	882.9
47.798750	855.6
47.802500	854.2
47.806250	831.8
47.810000	826.6
47.813750	842.4
47.817500	883.6
47.821250	881.2
47.825000	860.5
47.828750	825.4
47.832500	864.0
47.836250	851.0
47.840000	892.0
47.843750	869.6
47.847500	833.1
47.851250	856.7
47.855000	855.5
47.858750	890.6
47.862500	845.2
47.866250	846.0
47.870000	851.3
47.873750	807.2
47.877500	859.7
47.881250	927.9
47.885000	837.0
47.888750	812.9
47.892500	880.1
47.896250	919.4
47.900000	862.4
47.903750	906.7
47.907500	866.1
47.911250	861.1
47.915000	922.1
47.918750	892.5
47.922500	919.5
47.926250	899.8
47.930000	972.4
47.933750	930.9
47.937500	996.2
47.941250	915.3
47.945000	937.2
47.948750	1016.7
47.952500	989.2
47.956250	975.0
47.960000	999.3
47.963750	974.9
47.967500	1026.1
47.971250	963.0
47.975000	914.8
47.978750	924.9
47.982500	922.3
47.986250	919.4
47.990000	935.2
47.993750	979.3
47.997500	921.2
48.001250	914.8
48.005000	894.1
48.008750	940.4
48.012500	899.4
48.016250	977.1
48.020000	928.3
48.023750	869.1
48.027500	868.8
48.031250	894.6
48.035000	911.1
48.038750	937.0
48.042500	929.1
48.046250	925.0
48.050000	926.4
48.053750	950.9
48.057500	991.8
48.061250	903.0
48.065000	910.2
48.068750	960.8
48.072500	956.9
48.076250	902.7
48.080000	949.0
48.083750	989.5
48.087500	925.5
48.091250	893.9
48.095000	954.4
48.098750	965.9
48.102500	953.1
48.106250	917.3
48.110000	976.2
48.113750	984.4
48.117500	945.7
48.121250	923.9
48.125000	917.5
48.128750	902.4
48.132500	970.4
48.136250	964.7
48.140000	973.8
48.143750	923.4
48.147500	984.6
48.151250	927.9
48.155000	941.3
48.158750	938.6
48.162500	954.9
48.166250	972.6
48.170000	974.8
48.173750	959.0
48.177500	975.5
48.181250	974.3
48.185000	932.0
48.188750	880.3
48.192500	959.5
48.196250	989.8
48.200000	966.5
48.203750	942.8
48.207500	954.0
48.211250	932.4
48.215000	962.7
48.218750	1002.4
48.222500	994.3
48.226250	962.3
48.230000	1002.7
48.233750	1029.9
48.237500	965.2
48.241250	963.7
48.245000	943.4
48.248750	945.1
48.252500	1005.3
48.256250	974.0
48.260000	943.4
48.263750	1005.4
48.267500	976.9
48.271250	947.4
48.275000	934.7
48.278750	948.9
48.282500	921.9
48.286250	981.9
48.290000	996.9
48.293750	1010.0
48.297500	972.6
48.301250	997.9
48.305000	932.4
48.308750	897.5
48.312500	941.5
48.316250	972.0
48.320000	956.3
48.323750	1008.6
48.327500	992.8
48.331250	1013.5
48.335000	977.6
48.338750	989.2
48.342500	1007.7
48.346250	971.4
48.350000	943.3
48.353750	950.6
48.357500	1001.7
48.361250	1005.8
48.365000	1047.1
48.368750	960.6
48.372500	954.0
48.376250	1003.4
48.380000	1000.5
48.383750	958.4
48.387500	975.7
48.391250	991.5
48.395000	1002.9
48.398750	957.1
48.402500	944.6
48.406250	1029.1
48.410000	1000.5
48.413750	997.5
48.417500	989.2
48.421250	969.0
48.425000	1018.5
48.428750	1051.9
48.432500	1050.9
48.436250	991.7
48.440000	1023.6
48.443750	1041.3
48.447500	1038.3
48.451250	985.2
48.455000	1060.9
48.458750	1115.9
48.462500	1140.0
48.466250	1073.6
48.470000	1035.9
48.473750	1041.5
48.477500	1064.0
48.481250	1061.2
48.485000	1090.6
48.488750	1142.7
48.492500	1165.1
48.496250	1115.4
48.500000	1119.2
48.503750	1110.3
48.507500	1136.2
48.511250	1091.2
48.515000	1121.7
48.518750	1116.0
48.522500	1162.8
48.526250	1183.4
48.530000	1170.7
48.533750	1191.7
48.537500	1123.4
48.541250	1170.7
48.545000	1162.9
48.548750	1144.3
48.552500	1190.4
48.556250	1201.4
48.560000	1182.8
48.563750	1137.9
48.567500	1180.8
48.571250	1191.6
48.575000	1205.8
48.578750	1215.3
48.582500	1178.6
48.586250	1132.2
48.590000	1146.5
48.593750	1178.6
48.597500	1172.8
48.601250	1164.7
48.605000	1188.3
48.608750	1237.7
48.612500	1242.9
48.616250	1201.2
48.620000	1171.8
48.623750	1161.3
48.627500	1180.3
48.631250	1188.7
48.635000	1141.9
48.638750	1188.1
48.642500	1177.6
48.646250	1140.5
48.650000	1118.9
48.653750	1170.8
48.657500	1146.7
48.661250	1169.6
48.665000	1175.1
48.668750	1135.2
48.672500	1137.1
48.676250	1106.5
48.680000	1066.1
48.683750	1060.1
48.687500	1084.0
48.691250	1109.5
48.695000	1032.8
48.698750	1000.6
48.702500	1081.9
48.706250	1047.9
48.710000	1081.1
48.713750	1077.4
48.717500	1013.8
48.721250	1000.1
48.725000	980.6
48.728750	970.5
48.732500	978.6
48.736250	963.3
48.740000	952.9
48.743750	951.3
48.747500	885.8
48.751250	930.5
48.755000	972.4
48.758750	931.0
48.762500	899.4
48.766250	934.7
48.770000	873.1
48.773750	860.7
48.777500	874.7
48.781250	930.8
48.785000	909.8
48.788750	894.2
48.792500	870.5
48.796250	849.7
48.800000	840.4
48.803750	843.3
48.807500	810.4
48.811250	859.3
48.815000	894.6
48.818750	869.9
48.822500	863.2
48.826250	871.7
48.830000	878.2
48.833750	881.8
48.837500	876.2
48.841250	899.9
48.845000	809.5
48.848750	836.6
48.852500	854.7
48.856250	825.6
48.860000	864.5
48.863750	916.5
48.867500	843.3
48.871250	826.9
48.875000	887.1
48.878750	832.6
48.882500	817.8
48.886250	876.5
48.890000	860.8
48.893750	856.7
48.897500	853.6
48.901250	820.6
48.905000	814.9
48.908750	790.3
48.912500	843.7
48.916250	795.9
48.920000	859.7
48.923750	786.1
48.927500	782.6
48.931250	832.3
48.935000	868.2
48.938750	829.8
48.942500	795.6
48.946250	827.7
48.950000	877.3
48.953750	824.1
48.957500	822.9
48.961250	789.6
48.965000	833.6
48.968750	856.9
48.972500	875.1
48.976250	829.2
48.980000	815.7
48.983750	850.0
48.987500	806.8
48.991250	811.1
48.995000	827.2
48.998750	836.7
49.002500	834.0
49.006250	817.7
49.010000	804.9
49.013750	826.1
49.017500	859.3
49.021250	825.4
49.025000	822.3
49.028750	817.6
49.032500	823.1
49.036250	820.5
49.040000	834.4
49.043750	801.6
49.047500	832.9
49.051250	817.3
49.055000	815.5
49.058750	823.1
49.062500	883.4
49.066250	830.3
49.070000	789.9
49.073750	838.2
49.077500	773.7
49.081250	809.5
49.085000	865.5
49.088750	829.9
49.092500	868.4
49.096250	839.0
49.100000	834.2
49.103750	789.8
49.107500	835.7
49.111250	801.9
49.115000	765.1
49.118750	826.8
49.122500	806.9
49.126250	794.5
49.130000	835.9
49.133750	859.2
49.137500	820.9
49.141250	843.6
49.145000	853.8
49.148750	886.2
49.152500	835.6
49.156250	814.8
49.160000	824.4
49.163750	849.1
49.167500	855.0
49.171250	951.0
49.175000	991.1
49.178750	951.1
49.182500	947.5
49.186250	975.8
49.190000	970.4
49.193750	888.8
49.197500	941.5
49.201250	995.3
49.205000	917.9
49.208750	853.0
49.212500	896.3
49.216250	878.3
49.220000	895.4
49.223750	872.5
49.227500	874.9
49.231250	899.3
49.235000	855.6
49.238750	854.5
49.242500	854.0
49.246250	822.4
49.250000	907.1
49.253750	850.3
49.257500	889.4
49.261250	903.6
49.265000	876.8
49.268750	879.4
49.272500	936.3
49.276250	875.2
49.280000	854.8
49.283750	853.8
49.287500	872.2
49.291250	843.3
49.295000	880.1
49.298750	827.3
49.302500	841.2
49.306250	822.9
49.310000	843.1
49.313750	810.3
49.317500	839.6
49.321250	836.2
49.325000	844.1
49.328750	813.3
49.332500	839.3
49.336250	867.6
49.340000	816.4
49.343750	840.5
49.347500	851.1
49.351250	808.9
49.355000	791.7
49.358750	844.1
49.362500	806.2
49.366250	861.8
49.370000	805.8
49.373750	868.7
49.377500	815.9
49.381250	816.2
49.385000	857.4
49.388750	850.5
49.392500	881.1
49.396250	891.3
49.400000	852.7
49.403750	847.5
49.407500	853.8
49.411250	823.8
49.415000	844.7
49.418750	792.1
49.422500	831.1
49.426250	862.4
49.430000	867.8
49.433750	817.6
49.437500	855.2
49.441250	897.6
49.445000	831.7
49.448750	827.1
49.452500	844.7
49.456250	866.2
49.460000	913.4
49.463750	851.6
49.467500	854.1
49.471250	882.7
49.475000	913.0
49.478750	881.3
49.482500	874.0
49.486250	898.1
49.490000	884.9
49.493750	870.6
49.497500	891.4
49.501250	860.7
49.505000	860.6
49.508750	852.3
49.512500	846.9
49.516250	903.3
49.520000	890.0
49.523750	819.6
49.527500	862.3
49.531250	815.3
49.535000	909.5
49.538750	900.3
49.542500	923.0
49.546250	887.7
49.550000	843.9
49.553750	860.8
49.557500	872.7
49.561250	830.0
49.565000	809.9
49.568750	844.9
49.572500	858.7
49.576250	886.3
49.580000	901.1
49.583750	844.5
49.587500	884.3
49.591250	858.9
49.595000	883.8
49.598750	849.5
49.602500	863.3
49.606250	909.4
49.610000	859.6
49.613750	790.4
49.617500	895.3
49.621250	886.0
49.625000	855.3
49.628750	889.6
49.632500	843.7
49.636250	795.4
49.640000	856.4
49.643750	826.4
49.647500	845.1
49.651250	836.3
49.655000	844.5
49.658750	829.6
49.662500	814.5
49.666250	828.9
49.670000	810.2
49.673750	770.8
49.677500	854.6
49.681250	829.6
49.685000	836.6
49.688750	827.2
49.692500	857.4
49.696250	782.3
49.700000	768.6
49.703750	773.2
49.707500	818.2
49.711250	803.3
49.715000	785.0
49.718750	850.2
49.722500	780.1
49.726250	765.7
49.730000	805.8
49.733750	806.7
49.737500	762.8
49.741250	764.7
49.745000	749.3
49.748750	792.4
49.752500	815.4
49.756250	761.4
49.760000	759.0
49.763750	768.9
49.767500	809.7
49.771250	789.9
49.775000	785.7
49.778750	790.9
49.782500	748.5
49.786250	759.5
49.790000	796.5
49.793750	792.4
49.797500	779.3
49.801250	733.9
49.805000	761.1
49.808750	744.0
49.812500	768.7
49.816250	778.9
49.820000	842.3
49.823750	771.4
49.827500	783.0
49.831250	776.5
49.835000	718.1
49.838750	793.3
49.842500	794.5
49.846250	777.5
49.850000	803.9
49.853750	797.2
49.857500	755.9
49.861250	819.2
49.865000	830.6
49.868750	799.0
49.872500	855.1
49.876250	831.3
49.880000	815.4
49.883750	843.6
49.887500	848.1
49.891250	845.5
49.895000	883.6
49.898750	875.9
49.902500	861.5
49.906250	862.0
49.910000	892.7
49.913750	884.8
49.917500	867.0
49.921250	860.7
49.925000	879.0
49.928750	816.8
49.932500	805.7
49.936250	787.1
49.940000	792.4
49.943750	784.7
49.947500	797.3
49.951250	809.7
49.955000	803.7
49.958750	776.1
49.962500	780.3
49.966250	785.3
49.970000	772.3
49.973750	749.2
49.977500	748.5
49.981250	767.4
49.985000	780.3
49.988750	783.5
49.992500	743.5
49.996250	763.2
50.000000	805.1
50.003750	785.7
50.007500	788.9
50.011250	765.8
50.015000	829.9
50.018750	859.2
50.022500	890.5
50.026250	879.9
50.030000	852.7
50.033750	885.3
50.037500	871.7
50.041250	893.0
50.045000	931.7
50.048750	878.6
50.052500	859.2
50.056250	898.8
50.060000	898.2
50.063750	853.7
50.067500	911.0
50.071250	834.4
50.075000	782.9
50.078750	795.9
50.082500	795.7
50.086250	827.0
50.090000	836.2
50.093750	841.6
50.097500	766.8
50.101250	758.5
50.105000	783.8
50.108750	841.6
50.112500	787.8
50.116250	753.8
50.120000	772.8
50.123750	728.0
50.127500	761.4
50.131250	748.2
50.135000	795.8
50.138750	798.2
50.142500	753.0
50.146250	747.3
50.150000	794.3
50.153750	842.9
50.157500	764.9
50.161250	775.5
50.165000	787.7
50.168750	767.3
50.172500	814.5
50.176250	765.6
50.180000	783.8
50.183750	788.4
50.187500	768.6
50.191250	808.4
50.195000	821.1
50.198750	767.7
50.202500	834.8
50.206250	786.5
50.210000	776.2
50.213750	804.2
50.217500	833.3
50.221250	816.8
50.225000	823.2
50.228750	836.8
50.232500	802.9
50.236250	790.6
50.240000	785.0
50.243750	793.2
50.247500	796.0
50.251250	772.1
50.255000	780.3
50.258750	813.6
50.262500	788.3
50.266250	855.4
50.270000	819.5
50.273750	797.4
50.277500	798.0
50.281250	818.4
50.285000	854.1
50.288750	826.3
50.292500	866.4
50.296250	798.8
50.300000	784.1
50.303750	824.9
50.307500	827.3
50.311250	831.2
50.315000	860.2
50.318750	857.4
50.322500	837.9
50.326250	794.3
50.330000	816.5
50.333750	854.1
50.337500	870.3
50.341250	887.6
50.345000	889.5
50.348750	849.7
50.352500	887.9
50.356250	871.4
50.360000	842.1
50.363750	835.2
50.367500	838.5
50.371250	844.8
50.375000	855.7
50.378750	834.9
50.382500	910.9
50.386250	906.6
50.390000	875.8
50.393750	873.5
50.397500	917.1
50.401250	898.2
50.405000	895.2
50.408750	879.6
50.412500	878.7
50.416250	883.3
50.420000	934.6
50.423750	928.1
50.427500	890.3
50.431250	925.8
50.435000	925.5
50.438750	902.0
50.442500	878.0
50.446250	897.1
50.450000	892.8
50.453750	910.4
50.457500	933.2
50.461250	919.4
50.465000	930.6
50.468750	934.1
50.472500	952.2
50.476250	900.8
50.480000	943.1
50.483750	881.6
50.487500	906.0
50.491250	911.1
50.495000	921.1
50.498750	899.0
50.502500	870.4
50.506250	939.1
50.510000	865.7
50.513750	832.5
50.517500	891.5
50.521250	946.5
50.525000	943.7
50.528750	934.1
50.532500	962.8
50.536250	987.3
50.540000	895.8
50.543750	948.2
50.547500	893.5
50.551250	870.2
50.555000	924.2
50.558750	946.0
50.562500	898.0
50.566250	904.0
50.570000	914.0
50.573750	929.9
50.577500	920.4
50.581250	838.0
50.585000	909.5
50.588750	877.1
50.592500	803.7
50.596250	889.4
50.600000	856.7
50.603750	838.5
50.607500	809.7
50.611250	861.3
50.615000	843.3
50.618750	809.1
50.622500	872.3
50.626250	800.4
50.630000	877.8
50.633750	886.8
50.637500	862.6
50.641250	831.9
50.645000	770.6
50.648750	817.0
50.652500	879.8
50.656250	825.5
50.660000	756.8
50.663750	789.1
50.667500	854.1
50.671250	866.7
50.675000	831.0
50.678750	757.0
50.682500	734.8
50.686250	769.9
50.690000	760.8
50.693750	859.3
50.697500	765.2
50.701250	783.3
50.705000	792.5
50.708750	789.4
50.712500	722.0
50.716250	748.4
50.720000	760.0
50.723750	751.7
50.727500	771.6
50.731250	787.9
50.735000	760.8
50.738750	735.7
50.742500	748.4
50.746250	754.4
50.750000	749.6
50.753750	772.1
50.757500	745.2
50.761250	768.0
50.765000	756.4
50.768750	775.8
50.772500	728.7
50.776250	776.7
50.780000	754.8
50.783750	745.5
50.787500	717.5
50.791250	727.3
50.795000	749.0
50.798750	688.9
50.802500	691.9
50.806250	751.4
50.810000	707.1
50.813750	759.9
50.817500	725.3
50.821250	727.0
50.825000	777.6
50.828750	754.5
50.832500	754.8
50.836250	715.3
50.840000	750.5
50.843750	740.5
50.847500	703.2
50.851250	741.8
50.855000	726.3
50.858750	702.2
50.862500	756.1
50.866250	710.6
50.870000	701.1
50.873750	717.7
50.877500	772.4
50.881250	730.9
50.885000	739.0
50.888750	747.5
50.892500	733.3
50.896250	738.6
50.900000	750.6
50.903750	743.5
50.907500	741.5
50.911250	719.2
50.915000	697.8
50.918750	672.4
50.922500	697.3
50.926250	635.0
50.930000	726.5
50.933750	754.6
50.937500	742.9
50.941250	740.3
50.945000	729.3
50.948750	703.2
50.952500	778.3
50.956250	724.6
50.960000	695.4
50.963750	734.3
50.967500	744.0
50.971250	735.9
50.975000	714.6
50.978750	663.9
50.982500	768.4
50.986250	714.8
50.990000	703.6
50.993750	721.7
50.997500	723.7
51.001250	721.6
51.005000	771.9
51.008750	741.4
51.012500	694.7
51.016250	710.5
51.020000	718.7
51.023750	715.1
51.027500	691.9
51.031250	770.6
51.035000	727.1
51.038750	676.8
51.042500	699.2
51.046250	705.8
51.050000	721.3
51.053750	680.5
51.057500	709.2
51.061250	663.2
51.065000	734.3
51.068750	788.1
51.072500	747.8
51.076250	738.5
51.080000	714.4
51.083750	749.4
51.087500	744.5
51.091250	704.7
51.095000	760.0
51.098750	738.1
51.102500	748.7
51.106250	709.5
51.110000	700.8
51.113750	707.6
51.117500	718.0
51.121250	658.6
51.125000	643.6
51.128750	694.0
51.132500	686.7
51.136250	709.1
51.140000	726.6
51.143750	667.5
51.147500	716.8
51.151250	695.0
51.155000	687.5
51.158750	756.7
51.162500	764.5
51.166250	704.7
51.170000	758.5
51.173750	715.5
51.177500	683.9
51.181250	738.9
51.185000	698.8
51.188750	756.7
51.192500	718.1
51.196250	695.5
51.200000	722.6
51.203750	669.9
51.207500	696.3
51.211250	733.4
51.215000	689.1
51.218750	727.3
51.222500	720.5
51.226250	718.7
51.230000	687.1
51.233750	704.3
51.237500	729.8
51.241250	696.3
51.245000	685.2
51.248750	720.3
51.252500	722.8
51.256250	698.2
51.260000	708.9
51.263750	690.6
51.267500	725.5
51.271250	740.7
51.275000	709.3
51.278750	701.9
51.282500	761.8
51.286250	744.4
51.290000	799.5
51.293750	798.2
51.297500	785.1
51.301250	764.8
51.305000	765.2
51.308750	817.8
51.312500	798.6
51.316250	847.5
51.320000	820.6
51.323750	813.9
51.327500	784.9
51.331250	760.5
51.335000	774.0
51.338750	767.8
51.342500	755.8
51.346250	769.6
51.350000	721.1
51.353750	724.5
51.357500	638.3
51.361250	728.5
51.365000	726.1
51.368750	673.6
51.372500	685.1
51.376250	714.0
51.380000	695.3
51.383750	691.1
51.387500	727.1
51.391250	730.2
51.395000	682.7
51.398750	731.3
51.402500	665.2
51.406250	725.8
51.410000	686.3
51.413750	732.8
51.417500	696.9
51.421250	719.7
51.425000	757.2
51.428750	752.5
51.432500	677.0
51.436250	706.8
51.440000	685.1
51.443750	720.2
51.447500	721.6
51.451250	731.0
51.455000	679.7
51.458750	703.5
51.462500	673.3
51.466250	671.2
51.470000	674.3
51.473750	705.3
51.477500	661.7
51.481250	689.7
51.485000	716.6
51.488750	720.4
51.492500	733.2
51.496250	728.1
51.500000	712.6
51.503750	710.9
51.507500	683.4
51.511250	708.2
51.515000	736.4
51.518750	700.5
51.522500	786.4
51.526250	696.7
51.530000	670.4
51.533750	702.1
51.537500	685.0
51.541250	715.4
51.545000	685.9
51.548750	702.9
51.552500	750.3
51.556250	714.2
51.560000	759.8
51.563750	682.3
51.567500	677.5
51.571250	699.0
51.575000	734.8
51.578750	718.6
51.582500	705.7
51.586250	728.4
51.590000	677.9
51.593750	736.1
51.597500	713.0
51.601250	688.5
51.605000	756.2
51.608750	727.1
51.612500	637.4
51.616250	710.1
51.620000	715.4
51.623750	691.8
51.627500	704.1
51.631250	691.7
51.635000	653.6
51.638750	709.2
51.642500	755.9
51.646250	658.7
51.650000	682.1
51.653750	684.0
51.657500	680.1
51.661250	675.5
51.665000	718.0
51.668750	702.8
51.672500	709.1
51.676250	711.8
51.680000	685.4
51.683750	731.7
51.687500	700.7
51.691250	691.2
51.695000	687.4
51.698750	716.4
51.702500	694.0
51.706250	714.5
51.710000	699.7
51.713750	710.0
51.717500	670.7
51.721250	694.7
51.725000	705.5
51.728750	697.9
51.732500	728.9
51.736250	713.1
51.740000	731.7
51.743750	690.0
51.747500	706.0
51.751250	753.3
51.755000	702.7
51.758750	717.8
51.762500	682.1
51.766250	703.8
51.770000	692.4
51.773750	740.3
51.777500	734.7
51.781250	746.1
51.785000	742.4
51.788750	688.0
51.792500	724.5
51.796250	756.3
51.800000	646.9
51.803750	663.0
51.807500	757.2
51.811250	742.4
51.815000	748.7
51.818750	728.1
51.822500	702.6
51.826250	765.0
51.830000	715.5
51.833750	729.5
51.837500	668.9
51.841250	682.2
51.845000	732.8
51.848750	720.9
51.852500	713.0
51.856250	724.9
51.860000	741.0
51.863750	733.3
51.867500	753.0
51.871250	689.4
51.875000	673.1
51.878750	735.5
51.882500	741.2
51.886250	742.5
51.890000	705.6
51.893750	728.8
51.897500	681.3
51.901250	745.5
51.905000	664.2
51.908750	700.7
51.912500	721.4
51.916250	745.3
51.920000	680.2
51.923750	728.6
51.927500	694.8
51.931250	741.9
51.935000	752.7
51.938750	750.0
51.942500	792.9
51.946250	705.3
51.950000	735.6
51.953750	748.3
51.957500	749.8
51.961250	738.5
51.965000	683.0
51.968750	697.1
51.972500	754.7
51.976250	749.7
51.980000	743.3
51.983750	724.4
51.987500	768.4
51.991250	769.2
51.995000	706.9
51.998750	729.5
52.002500	765.4
52.006250	786.0
52.010000	741.5
52.013750	681.4
52.017500	761.8
52.021250	769.3
52.025000	696.8
52.028750	715.0
52.032500	729.6
52.036250	750.0
52.040000	733.1
52.043750	763.2
52.047500	722.4
52.051250	714.5
52.055000	697.9
52.058750	706.5
52.062500	747.0
52.066250	733.1
52.070000	712.8
52.073750	733.8
52.077500	711.1
52.081250	768.2
52.085000	763.0
52.088750	735.4
52.092500	764.4
52.096250	775.3
52.100000	746.0
52.103750	735.3
52.107500	709.7
52.111250	758.0
52.115000	788.4
52.118750	773.3
52.122500	748.0
52.126250	768.3
52.130000	742.9
52.133750	755.6
52.137500	751.0
52.141250	739.7
52.145000	755.4
52.148750	755.6
52.152500	737.9
52.156250	750.7
52.160000	793.7
52.163750	765.2
52.167500	768.7
52.171250	752.8
52.175000	781.0
52.178750	751.0
52.182500	738.7
52.186250	782.3
52.190000	798.6
52.193750	791.3
52.197500	794.4
52.201250	778.5
52.205000	767.6
52.208750	810.9
52.212500	748.8
52.216250	740.7
52.220000	765.9
52.223750	778.8
52.227500	821.0
52.231250	762.7
52.235000	807.9
52.238750	773.5
52.242500	822.5
52.246250	783.3
52.250000	778.8
52.253750	800.8
52.257500	787.3
52.261250	763.8
52.265000	801.7
52.268750	777.2
52.272500	817.2
52.276250	805.0
52.280000	839.5
52.283750	797.8
52.287500	779.7
52.291250	823.6
52.295000	795.7
52.298750	810.4
52.302500	782.5
52.306250	783.4
52.310000	786.0
52.313750	837.5
52.317500	844.5
52.321250	728.8
52.325000	796.0
52.328750	816.4
52.332500	823.9
52.336250	834.2
52.340000	754.5
52.343750	822.1
52.347500	809.8
52.351250	780.6
52.355000	825.1
52.358750	812.3
52.362500	816.7
52.366250	798.7
52.370000	826.8
52.373750	780.7
52.377500	801.1
52.381250	809.0
52.385000	775.1
52.388750	781.1
52.392500	788.5
52.396250	800.3
52.400000	792.6
52.403750	798.7
52.407500	774.7
52.411250	758.4
52.415000	738.4
52.418750	769.4
52.422500	728.6
52.426250	775.3
52.430000	769.2
52.433750	766.2
52.437500	762.9
52.441250	760.5
52.445000	741.9
52.448750	788.7
52.452500	700.0
52.456250	730.8
52.460000	687.9
52.463750	725.4
52.467500	743.4
52.471250	785.0
52.475000	736.7
52.478750	727.8
52.482500	722.1
52.486250	662.4
52.490000	739.1
52.493750	729.1
52.497500	705.2
52.501250	712.9
52.505000	682.4
52.508750	719.4
52.512500	731.4
52.516250	755.4
52.520000	654.7
52.523750	701.1
52.527500	729.8
52.531250	685.0
52.535000	689.6
52.538750	716.7
52.542500	732.3
52.546250	691.6
52.550000	677.5
52.553750	714.7
52.557500	687.8
52.561250	681.8
52.565000	712.3
52.568750	699.6
52.572500	699.9
52.576250	682.0
52.580000	692.3
52.583750	649.2
52.587500	677.6
52.591250	694.1
52.595000	671.4
52.598750	720.2
52.602500	717.6
52.606250	723.8
52.610000	673.4
52.613750	665.6
52.617500	673.6
52.621250	736.3
52.625000	713.7
52.628750	745.2
52.632500	704.2
52.636250	690.0
52.640000	693.4
52.643750	696.2
52.647500	686.6
52.651250	689.8
52.655000	665.1
52.658750	697.2
52.662500	684.5
52.666250	708.0
52.670000	692.9
52.673750	698.9
52.677500	703.9
52.681250	703.7
52.685000	708.8
52.688750	642.6
52.692500	664.4
52.696250	653.0
52.700000	680.8
52.703750	662.4
52.707500	684.7
52.711250	686.1
52.715000	680.9
52.718750	702.9
52.722500	679.9
52.726250	673.1
52.730000	674.2
52.733750	632.5
52.737500	651.9
52.741250	651.4
52.745000	688.5
52.748750	720.6
52.752500	681.9
52.756250	635.3
52.760000	662.0
52.763750	679.2
52.767500	698.5
52.771250	662.3
52.775000	663.3
52.778750	678.9
52.782500	656.2
52.786250	711.1
52.790000	690.2
52.793750	678.7
52.797500	657.3
52.801250	679.7
52.805000	690.8
52.808750	715.1
52.812500	708.8
52.816250	657.6
52.820000	697.3
52.823750	704.7
52.827500	719.3
52.831250	707.1
52.835000	690.2
52.838750	677.5
52.842500	674.9
52.846250	696.9
52.850000	689.1
52.853750	653.7
52.857500	643.9
52.861250	642.7
52.865000	688.0
52.868750	689.5
52.872500	647.3
52.876250	707.0
52.880000	697.1
52.883750	654.6
52.887500	706.9
52.891250	670.4
52.895000	669.0
52.898750	669.7
52.902500	692.0
52.906250	659.4
52.910000	707.6
52.913750	695.4
52.917500	707.8
52.921250	662.5
52.925000	667.2
52.928750	688.1
52.932500	712.2
52.936250	726.0
52.940000	732.6
52.943750	701.0
52.947500	676.3
52.951250	675.2
52.955000	664.3
52.958750	640.7
52.962500	668.1
52.966250	689.8
52.970000	726.6
52.973750	675.3
52.977500	680.5
52.981250	687.2
52.985000	666.9
52.988750	643.1
52.992500	654.2
52.996250	650.6
53.000000	658.9
53.003750	672.5
53.007500	691.5
53.011250	711.5
53.015000	717.5
53.018750	673.8
53.022500	666.2
53.026250	682.5
53.030000	676.6
53.033750	651.7
53.037500	658.2
53.041250	674.5
53.045000	642.3
53.048750	683.1
53.052500	678.8
53.056250	678.2
53.060000	694.4
53.063750	682.2
53.067500	736.6
53.071250	690.5
53.075000	706.7
53.078750	651.1
53.082500	674.6
53.086250	661.1
53.090000	675.1
53.093750	648.0
53.097500	673.5
53.101250	693.8
53.105000	660.0
53.108750	698.2
53.112500	670.7
53.116250	698.9
53.120000	687.3
53.123750	687.3
53.127500	702.2
53.131250	672.4
53.135000	672.9
53.138750	717.8
53.142500	697.2
53.146250	661.4
53.150000	717.1
53.153750	683.1
53.157500	714.4
53.161250	685.4
53.165000	656.4
53.168750	731.1
53.172500	686.8
53.176250	704.2
53.180000	685.6
53.183750	682.5
53.187500	710.1
53.191250	692.8
53.195000	740.8
53.198750	676.0
53.202500	707.0
53.206250	738.1
53.210000	735.0
53.213750	716.4
53.217500	683.2
53.221250	652.1
53.225000	700.2
53.228750	726.9
53.232500	706.7
53.236250	727.4
53.240000	747.3
53.243750	704.7
53.247500	730.5
53.251250	702.5
53.255000	716.5
53.258750	731.7
53.262500	718.8
53.266250	711.0
53.270000	699.2
53.273750	734.5
53.277500	735.4
53.281250	697.2
53.285000	712.2
53.288750	683.4
53.292500	730.2
53.296250	739.2
53.300000	712.1
53.303750	673.9
53.307500	724.6
53.311250	745.9
53.315000	718.8
53.318750	693.7
53.322500	667.7
53.326250	652.2
53.330000	657.0
53.333750	693.4
53.337500	667.7
53.341250	676.9
53.345000	675.7
53.348750	750.8
53.352500	692.9
53.356250	664.1
53.360000	677.5
53.363750	714.9
53.367500	638.4
53.371250	633.6
53.375000	638.3
53.378750	693.3
53.382500	677.2
53.386250	668.9
53.390000	613.6
53.393750	678.9
53.397500	715.1
53.401250	636.7
53.405000	715.8
53.408750	675.3
53.412500	645.6
53.416250	670.6
53.420000	690.6
53.423750	635.6
53.427500	650.8
53.431250	661.1
53.435000	691.6
53.438750	696.7
53.442500	677.2
53.446250	673.7
53.450000	687.5
53.453750	657.6
53.457500	678.1
53.461250	702.1
53.465000	681.6
53.468750	696.4
53.472500	712.1
53.476250	674.8
53.480000	618.9
53.483750	652.9
53.487500	639.0
53.491250	640.9
53.495000	679.1
53.498750	658.5
53.502500	625.7
53.506250	646.0
53.510000	670.0
53.513750	682.5
53.517500	690.8
53.521250	693.8
53.525000	720.6
53.528750	665.7
53.532500	722.8
53.536250	700.8
53.540000	724.8
53.543750	664.4
53.547500	680.0
53.551250	638.0
53.555000	643.8
53.558750	679.5
53.562500	687.3
53.566250	658.7
53.570000	725.6
53.573750	656.4
53.577500	644.3
53.581250	702.2
53.585000	667.4
53.588750	663.0
53.592500	722.0
53.596250	719.3
53.600000	643.7
53.603750	665.2
53.607500	647.7
53.611250	648.5
53.615000	676.1
53.618750	676.1
53.622500	688.0
53.626250	667.7
53.630000	703.4
53.633750	666.3
53.637500	657.7
53.641250	659.5
53.645000	646.6
53.648750	653.4
53.652500	729.8
53.656250	683.2
53.660000	663.8
53.663750	671.7
53.667500	666.6
53.671250	719.8
53.675000	724.0
53.678750	655.9
53.682500	645.1
53.686250	704.6
53.690000	648.9
53.693750	667.7
53.697500	699.5
53.701250	662.1
53.705000	687.9
53.708750	681.2
53.712500	690.9
53.716250	682.4
53.720000	689.7
53.723750	671.5
53.727500	676.8
53.731250	677.1
53.735000	707.8
53.738750	696.2
53.742500	680.6
53.746250	735.1
53.750000	724.9
53.753750	695.5
53.757500	717.0
53.761250	758.5
53.765000	737.2
53.768750	706.7
53.772500	688.3
53.776250	655.5
53.780000	708.1
53.783750	709.9
53.787500	683.8
53.791250	673.9
53.795000	704.4
53.798750	693.5
53.802500	682.5
53.806250	703.6
53.810000	733.3
53.813750	747.7
53.817500	713.9
53.821250	681.8
53.825000	689.0
53.828750	679.1
53.832500	676.8
53.836250	704.2
53.840000	713.6
53.843750	692.1
53.847500	694.8
53.851250	727.2
53.855000	710.4
53.858750	685.7
53.862500	714.0
53.866250	712.2
53.870000	734.5
53.873750	662.1
53.877500	671.8
53.881250	733.9
53.885000	725.6
53.888750	675.1
53.892500	748.8
53.896250	697.4
53.900000	712.0
53.903750	719.6
53.907500	698.7
53.911250	740.7
53.915000	721.5
53.918750	778.4
53.922500	709.5
53.926250	694.9
53.930000	758.3
53.933750	758.7
53.937500	779.3
53.941250	716.2
53.945000	725.7
53.948750	691.8
53.952500	705.7
53.956250	723.8
53.960000	688.5
53.963750	683.6
53.967500	718.4
53.971250	739.7
53.975000	735.3
53.978750	703.2
53.982500	768.7
53.986250	777.9
53.990000	729.5
53.993750	706.5
53.997500	799.1
54.001250	716.0
54.005000	719.1
54.008750	791.4
54.012500	796.3
54.016250	760.5
54.020000	794.7
54.023750	790.6
54.027500	764.2
54.031250	757.5
54.035000	819.7
54.038750	774.4
54.042500	752.1
54.046250	767.6
54.050000	745.1
54.053750	764.2
54.057500	758.0
54.061250	808.0
54.065000	763.3
54.068750	764.1
54.072500	812.9
54.076250	770.5
54.080000	783.8
54.083750	790.3
54.087500	791.8
54.091250	739.7
54.095000	806.8
54.098750	778.6
54.102500	787.5
54.106250	817.1
54.110000	766.8
54.113750	836.8
54.117500	787.7
54.121250	767.3
54.125000	759.6
54.128750	771.8
54.132500	798.2
54.136250	802.3
54.140000	791.7
54.143750	819.0
54.147500	811.8
54.151250	800.5
54.155000	812.8
54.158750	782.4
54.162500	813.7
54.166250	818.6
54.170000	807.3
54.173750	767.9
54.177500	796.1
54.181250	815.9
54.185000	819.9
54.188750	802.6
54.192500	813.1
54.196250	743.7
54.200000	734.4
54.203750	796.4
54.207500	775.5
54.211250	777.2
54.215000	781.6
54.218750	784.4
54.222500	789.4
54.226250	728.1
54.230000	746.3
54.233750	737.3
54.237500	741.8
54.241250	723.1
54.245000	710.1
54.248750	721.5
54.252500	787.5
54.256250	718.0
54.260000	712.8
54.263750	726.5
54.267500	770.0
54.271250	777.1
54.275000	725.0
54.278750	745.8
54.282500	756.6
54.286250	745.8
54.290000	725.6
54.293750	709.2
54.297500	710.7
54.301250	707.9
54.305000	700.0
54.308750	735.9
54.312500	680.8
54.316250	669.1
54.320000	686.5
54.323750	743.5
54.327500	694.1
54.331250	667.2
54.335000	715.9
54.338750	761.5
54.342500	690.7
54.346250	664.1
54.350000	636.2
54.353750	651.5
54.357500	686.0
54.361250	665.0
54.365000	692.2
54.368750	673.7
54.372500	671.7
54.376250	672.8
54.380000	689.2
54.383750	686.3
54.387500	644.3
54.391250	673.1
54.395000	659.0
54.398750	694.3
54.402500	671.4
54.406250	653.1
54.410000	666.2
54.413750	701.3
54.417500	680.3
54.421250	674.3
54.425000	655.4
54.428750	732.6
54.432500	695.7
54.436250	709.6
54.440000	666.1
54.443750	662.1
54.447500	672.4
54.451250	684.2
54.455000	700.4
54.458750	677.7
54.462500	613.8
54.466250	666.9
54.470000	727.4
54.473750	718.0
54.477500	680.5
54.481250	632.4
54.485000	653.2
54.488750	656.8
54.492500	670.4
54.496250	635.1
54.500000	653.4
54.503750	697.8
54.507500	669.6
54.511250	686.3
54.515000	711.3
54.518750	639.9
54.522500	647.5
54.526250	678.2
54.530000	675.4
54.533750	675.1
54.537500	657.6
54.541250	667.3
54.545000	644.4
54.548750	692.0
54.552500	673.8
54.556250	676.0
54.560000	677.7
54.563750	661.0
54.567500	632.3
54.571250	673.7
54.575000	659.7
54.578750	661.0
54.582500	645.8
54.586250	651.8
54.590000	690.2
54.593750	697.6
54.597500	718.9
54.601250	711.7
54.605000	693.5
54.608750	635.7
54.612500	644.5
54.616250	675.3
54.620000	668.6
54.623750	677.1
54.627500	671.3
54.631250	723.9
54.635000	619.2
54.638750	614.2
54.642500	657.2
54.646250	650.9
54.650000	641.9
54.653750	655.0
54.657500	664.6
54.661250	698.6
54.665000	701.5
54.668750	680.9
54.672500	634.5
54.676250	627.9
54.680000	644.7
54.683750	715.7
54.687500	642.9
54.691250	692.1
54.695000	645.3
54.698750	660.0
54.702500	703.9
54.706250	687.1
54.710000	659.2
54.713750	676.8
54.717500	686.0
54.721250	658.2
54.725000	660.4
54.728750	686.1
54.732500	661.5
54.736250	677.9
54.740000	618.0
54.743750	649.4
54.747500	660.9
54.751250	733.2
54.755000	683.7
54.758750	736.5
54.762500	715.0
54.766250	720.3
54.770000	648.9
54.773750	652.2
54.777500	675.8
54.781250	666.2
54.785000	665.4
54.788750	712.3
54.792500	695.7
54.796250	688.0
54.800000	675.5
54.803750	646.5
54.807500	681.2
54.811250	700.3
54.815000	696.1
54.818750	698.1
54.822500	716.2
54.826250	728.3
54.830000	708.7
54.833750	670.0
54.837500	672.5
54.841250	667.9
54.845000	655.0
54.848750	684.7
54.852500	689.3
54.856250	614.9
54.860000	676.0
54.863750	731.7
54.867500	676.5
54.871250	712.8
54.875000	650.8
54.878750	645.6
54.882500	686.9
54.886250	692.9
54.890000	687.0
54.893750	723.5
54.897500	702.5
54.901250	684.2
54.905000	637.1
54.908750	690.5
54.912500	697.8
54.916250	742.2
54.920000	700.8
54.923750	700.7
54.927500	707.0
54.931250	675.1
54.935000	718.4
54.938750	726.3
54.942500	785.3
54.946250	790.0
54.950000	739.0
54.953750	750.6
54.957500	779.9
54.961250	784.1
54.965000	773.9
54.968750	840.6
54.972500	804.5
54.976250	814.2
54.980000	817.7
54.983750	772.9
54.987500	831.3
54.991250	823.2
54.995000	823.1
54.998750	824.4
55.002500	765.1
55.006250	764.6
55.010000	707.5
55.013750	764.3
55.017500	733.8
55.021250	695.3
55.025000	738.2
55.028750	746.7
55.032500	739.6
55.036250	744.5
55.040000	681.8
55.043750	762.4
55.047500	709.4
55.051250	704.3
55.055000	702.5
55.058750	711.6
55.062500	698.0
55.066250	698.0
55.070000	667.2
55.073750	717.1
55.077500	665.8
55.081250	713.9
55.085000	723.0
55.088750	735.4
55.092500	709.3
55.096250	705.7
55.100000	638.3
55.103750	675.5
55.107500	704.2
55.111250	695.3
55.115000	667.9
55.118750	717.7
55.122500	695.8
55.126250	729.4
55.130000	681.6
55.133750	707.5
55.137500	685.6
55.141250	655.9
55.145000	692.5
55.148750	651.1
55.152500	682.2
55.156250	681.4
55.160000	671.1
55.163750	706.1
55.167500	660.0
55.171250	663.5
55.175000	650.8
55.178750	700.4
55.182500	694.6
55.186250	627.3
55.190000	694.9
55.193750	661.7
55.197500	618.8
55.201250	649.9
55.205000	662.1
55.208750	615.1
55.212500	670.9
55.216250	652.8
55.220000	641.7
55.223750	694.5
55.227500	728.9
55.231250	656.5
55.235000	690.9
55.238750	703.0
55.242500	689.7
55.246250	675.0
55.250000	649.1
55.253750	668.6
55.257500	689.7
55.261250	708.0
55.265000	662.5
55.268750	696.6
55.272500	679.1
55.276250	656.9
55.280000	698.1
55.283750	716.8
55.287500	665.1
55.291250	687.0
55.295000	652.7
55.298750	680.3
55.302500	715.7
55.306250	730.9
55.310000	699.9
55.313750	679.0
55.317500	670.8
55.321250	731.2
55.325000	744.9
55.328750	751.8
55.332500	749.3
55.336250	768.3
55.340000	779.5
55.343750	775.7
55.347500	783.4
55.351250	788.1
55.355000	835.1
55.358750	870.2
55.362500	856.9
55.366250	916.4
55.370000	997.6
55.373750	1035.0
55.377500	1075.8
55.381250	1124.8
55.385000	1187.7
55.388750	1268.3
55.392500	1332.2
55.396250	1346.4
55.400000	1341.6
55.403750	1443.9
55.407500	1446.4
55.411250	1420.3
55.415000	1442.3
55.418750	1449.4
55.422500	1446.9
55.426250	1403.6
55.430000	1265.6
55.433750	1271.3
55.437500	1175.5
55.441250	1101.5
55.445000	975.4
55.448750	901.3
55.452500	877.0
55.456250	828.3
55.460000	831.3
55.463750	764.5
55.467500	781.2
55.471250	744.5
55.475000	739.4
55.478750	739.0
55.482500	726.7
55.486250	728.8
55.490000	740.7
55.493750	694.7
55.497500	715.6
55.501250	720.8
55.505000	708.9
55.508750	690.2
55.512500	695.4
55.516250	700.4
55.520000	687.6
55.523750	696.9
55.527500	658.3
55.531250	669.3
55.535000	630.7
55.538750	615.9
55.542500	709.8
55.546250	706.2
55.550000	642.3
55.553750	679.4
55.557500	646.4
55.561250	647.9
55.565000	709.0
55.568750	645.2
55.572500	635.8
55.576250	658.8
55.580000	668.3
55.583750	669.4
55.587500	709.2
55.591250	746.7
55.595000	678.8
55.598750	631.4
55.602500	713.1
55.606250	709.0
55.610000	654.9
55.613750	679.0
55.617500	668.5
55.621250	661.6
55.625000	606.9
55.628750	653.1
55.632500	664.3
55.636250	584.7
55.640000	677.2
55.643750	639.3
55.647500	668.9
55.651250	705.4
55.655000	654.3
55.658750	679.5
55.662500	668.8
55.666250	641.0
55.670000	637.9
55.673750	657.3
55.677500	687.4
55.681250	720.6
55.685000	653.9
55.688750	646.1
55.692500	667.0
55.696250	669.1
55.700000	694.4
55.703750	660.4
55.707500	641.7
55.711250	683.0
55.715000	674.5
55.718750	620.7
55.722500	645.9
55.726250	648.9
55.730000	622.5
55.733750	659.2
55.737500	631.9
55.741250	615.8
55.745000	646.1
55.748750	685.7
55.752500	650.7
55.756250	645.0
55.760000	667.7
55.763750	674.5
55.767500	654.2
55.771250	665.2
55.775000	676.1
55.778750	614.4
55.782500	634.4
55.786250	684.6
55.790000	658.0
55.793750	644.6
55.797500	660.3
55.801250	648.0
55.805000	687.1
55.808750	637.4
55.812500	639.1
55.816250	664.3
55.820000	616.1
55.823750	619.8
55.827500	633.4
55.831250	620.4
55.835000	654.6
55.838750	628.3
55.842500	627.9
55.846250	664.9
55.850000	631.0
55.853750	648.1
55.857500	662.8
55.861250	638.5
55.865000	651.7
55.868750	684.6
55.872500	637.0
55.876250	636.7
55.880000	657.9
55.883750	630.4
55.887500	654.9
55.891250	669.2
55.895000	624.1
55.898750	654.8
55.902500	673.1
55.906250	651.7
55.910000	676.7
55.913750	643.2
55.917500	647.8
55.921250	666.5
55.925000	621.0
55.928750	648.7
55.932500	646.8
55.936250	641.8
55.940000	671.9
55.943750	708.4
55.947500	652.8
55.951250	658.7
55.955000	692.7
55.958750	690.9
55.962500	698.1
55.966250	710.8
55.970000	685.6
55.973750	663.3
55.977500	663.1
55.981250	680.4
55.985000	646.9
55.988750	679.9
55.992500	686.2
55.996250	691.7
56.000000	711.7
56.003750	626.5
56.007500	622.4
56.011250	669.2
56.015000	667.9
56.018750	644.4
56.022500	682.4
56.026250	609.8
56.030000	668.2
56.033750	630.3
56.037500	632.1
56.041250	630.5
56.045000	636.1
56.048750	642.3
56.052500	656.6
56.056250	664.7
56.060000	639.7
56.063750	694.0
56.067500	745.3
56.071250	638.8
56.075000	642.7
56.078750	675.2
56.082500	624.4
56.086250	600.7
56.090000	647.5
56.093750	637.0
56.097500	656.0
56.101250	631.3
56.105000	625.3
56.108750	663.7
56.112500	613.4
56.116250	668.1
56.120000	669.6
56.123750	640.1
56.127500	643.3
56.131250	628.8
56.135000	594.9
56.138750	651.1
56.142500	652.9
56.146250	678.5
56.150000	631.8
56.153750	630.0
56.157500	659.7
56.161250	651.0
56.165000	690.9
56.168750	661.8
56.172500	639.6
56.176250	661.6
56.180000	634.0
56.183750	665.4
56.187500	660.8
56.191250	631.5
56.195000	643.5
56.198750	659.3
56.202500	652.4
56.206250	620.1
56.210000	645.0
56.213750	609.1
56.217500	619.6
56.221250	684.8
56.225000	619.5
56.228750	649.1
56.232500	619.1
56.236250	631.3
56.240000	652.0
56.243750	656.6
56.247500	644.9
56.251250	658.0
56.255000	669.1
56.258750	627.7
56.262500	666.2
56.266250	623.2
56.270000	620.9
56.273750	599.4
56.277500	628.8
56.281250	662.3
56.285000	681.3
56.288750	634.0
56.292500	637.3
56.296250	667.5
56.300000	633.3
56.303750	658.7
56.307500	678.5
56.311250	619.8
56.315000	621.4
56.318750	624.8
56.322500	639.9
56.326250	677.5
56.330000	717.4
56.333750	638.8
56.337500	638.0
56.341250	662.2
56.345000	632.9
56.348750	618.0
56.352500	604.6
56.356250	673.2
56.360000	656.6
56.363750	644.6
56.367500	646.4
56.371250	612.6
56.375000	642.0
56.378750	676.4
56.382500	646.6
56.386250	656.6
56.390000	667.4
56.393750	609.8
56.397500	650.6
56.401250	602.5
56.405000	680.3
56.408750	621.2
56.412500	647.0
56.416250	630.0
56.420000	653.3
56.423750	624.0
56.427500	647.3
56.431250	627.7
56.435000	610.4
56.438750	613.9
56.442500	642.9
56.446250	604.6
56.450000	673.1
56.453750	659.8
56.457500	638.1
56.461250	615.6
56.465000	657.2
56.468750	634.6
56.472500	656.7
56.476250	649.9
56.480000	655.5
56.483750	623.8
56.487500	680.9
56.491250	636.2
56.495000	648.4
56.498750	644.9
56.502500	691.8
56.506250	655.1
56.510000	668.2
56.513750	637.1
56.517500	647.5
56.521250	669.8
56.525000	717.5
56.528750	641.9
56.532500	606.2
56.536250	657.3
56.540000	667.9
56.543750	634.3
56.547500	665.2
56.551250	663.7
56.555000	674.2
56.558750	695.4
56.562500	676.1
56.566250	688.5
56.570000	625.5
56.573750	619.1
56.577500	652.7
56.581250	657.8
56.585000	642.9
56.588750	661.1
56.592500	653.1
56.596250	635.2
56.600000	620.9
56.603750	669.3
56.607500	677.7
56.611250	677.4
56.615000	667.5
56.618750	673.5
56.622500	616.1
56.626250	629.0
56.630000	649.5
56.633750	644.9
56.637500	691.8
56.641250	670.2
56.645000	675.9
56.648750	648.3
56.652500	691.7
56.656250	650.2
56.660000	707.3
56.663750	640.3
56.667500	624.5
56.671250	669.6
56.675000	648.4
56.678750	625.4
56.682500	666.0
56.686250	681.5
56.690000	681.2
56.693750	657.6
56.697500	724.9
56.701250	658.3
56.705000	682.4
56.708750	643.5
56.712500	661.5
56.716250	654.4
56.720000	664.5
56.723750	651.0
56.727500	708.8
56.731250	645.2
56.735000	649.9
56.738750	658.2
56.742500	728.7
56.746250	726.3
56.750000	638.0
56.753750	656.3
56.757500	653.5
56.761250	615.4
56.765000	683.0
56.768750	660.8
56.772500	668.7
56.776250	661.3
56.780000	688.2
56.783750	641.0
56.787500	679.8
56.791250	696.9
56.795000	667.6
56.798750	656.2
56.802500	661.9
56.806250	662.0
56.810000	668.6
56.813750	691.0
56.817500	621.9
56.821250	655.6
56.825000	685.3
56.828750	665.5
56.832500	661.7
56.836250	672.9
56.840000	622.2
56.843750	641.9
56.847500	623.9
56.851250	625.0
56.855000	674.0
56.858750	660.8
56.862500	619.2
56.866250	643.2
56.870000	653.6
56.873750	623.7
56.877500	663.4
56.881250	644.1
56.885000	604.8
56.888750	633.2
56.892500	650.5
56.896250	699.7
56.900000	673.8
56.903750	632.1
56.907500	620.4
56.911250	651.4
56.915000	698.9
56.918750	674.9
56.922500	684.7
56.926250	666.4
56.930000	724.1
56.933750	675.7
56.937500	725.0
56.941250	679.3
56.945000	712.2
56.948750	688.0
56.952500	709.6
56.956250	694.2
56.960000	744.4
56.963750	677.5
56.967500	739.9
56.971250	774.9
56.975000	740.2
56.978750	700.0
56.982500	705.8
56.986250	698.1
56.990000	617.0
56.993750	579.2
56.997500	662.3
57.001250	636.0
57.005000	639.3
57.008750	636.3
57.012500	647.8
57.016250	593.5
57.020000	595.3
57.023750	669.3
57.027500	646.4
57.031250	659.3
57.035000	610.5
57.038750	632.2
57.042500	672.7
57.046250	670.1
57.050000	677.5
57.053750	605.4
57.057500	649.4
57.061250	620.4
57.065000	652.6
57.068750	670.2
57.072500	695.2
57.076250	707.1
57.080000	679.5
57.083750	668.6
57.087500	652.4
57.091250	641.2
57.095000	684.4
57.098750	607.0
57.102500	639.3
57.106250	696.3
57.110000	646.9
57.113750	694.1
57.117500	672.1
57.121250	676.7
57.125000	661.5
57.128750	672.3
57.132500	686.6
57.136250	612.3
57.140000	657.3
57.143750	646.6
57.147500	655.8
57.151250	661.9
57.155000	624.1
57.158750	671.1
57.162500	680.0
57.166250	708.5
57.170000	619.7
57.173750	631.3
57.177500	624.2
57.181250	635.9
57.185000	670.7
57.188750	677.7
57.192500	651.3
57.196250	632.9
57.200000	621.1
57.203750	663.1
57.207500	645.2
57.211250	625.8
57.215000	680.5
57.218750	664.4
57.222500	658.9
57.226250	651.2
57.230000	607.2
57.233750	619.1
57.237500	658.4
57.241250	624.0
57.245000	606.7
57.248750	594.6
57.252500	650.1
57.256250	617.6
57.260000	656.7
57.263750	624.8
57.267500	609.7
57.271250	622.2
57.275000	655.0
57.278750	645.4
57.282500	633.6
57.286250	595.5
57.290000	633.1
57.293750	688.8
57.297500	630.5
57.301250	649.1
57.305000	658.9
57.308750	650.6
57.312500	615.6
57.316250	625.3
57.320000	646.8
57.323750	642.7
57.327500	645.9
57.331250	627.8
57.335000	603.9
57.338750	587.1
57.342500	640.8
57.346250	648.4
57.350000	582.5
57.353750	611.8
57.357500	637.2
57.361250	623.2
57.365000	653.4
57.368750	646.0
57.372500	631.2
57.376250	622.6
57.380000	664.7
57.383750	653.9
57.387500	642.1
57.391250	644.2
57.395000	593.9
57.398750	619.6
57.402500	654.2
57.406250	665.4
57.410000	646.1
57.413750	641.6
57.417500	668.5
57.421250	641.8
57.425000	608.6
57.428750	617.1
57.432500	638.7
57.436250	695.9
57.440000	661.0
57.443750	635.7
57.447500	656.7
57.451250	658.3
57.455000	669.9
57.458750	646.1
57.462500	641.0
57.466250	645.7
57.470000	650.7
57.473750	623.1
57.477500	643.2
57.481250	654.0
57.485000	635.0
57.488750	629.9
57.492500	650.5
57.496250	625.8
57.500000	640.7
57.503750	614.0
57.507500	644.1
57.511250	665.7
57.515000	672.4
57.518750	668.3
57.522500	645.7
57.526250	633.2
57.530000	655.0
57.533750	628.7
57.537500	647.3
57.541250	651.4
57.545000	646.3
57.548750	619.2
57.552500	678.8
57.556250	679.8
57.560000	642.8
57.563750	639.8
57.567500	651.7
57.571250	605.2
57.575000	648.3
57.578750	663.3
57.582500	657.2
57.586250	668.5
57.590000	619.1
57.593750	661.5
57.597500	686.2
57.601250	626.9
57.605000	634.3
57.608750	562.3
57.612500	611.2
57.616250	652.1
57.620000	651.8
57.623750	663.4
57.627500	657.8
57.631250	668.2
57.635000	654.4
57.638750	653.6
57.642500	651.7
57.646250	654.1
57.650000	690.4
57.653750	634.0
57.657500	617.7
57.661250	637.1
57.665000	606.0
57.668750	657.9
57.672500	631.2
57.676250	632.7
57.680000	695.0
57.683750	672.2
57.687500	643.8
57.691250	647.7
57.695000	682.4
57.698750	672.3
57.702500	632.7
57.706250	659.0
57.710000	695.0
57.713750	692.4
57.717500	681.1
57.721250	683.7
57.725000	684.7
57.728750	693.1
57.732500	699.8
57.736250	689.5
57.740000	729.7
57.743750	695.0
57.747500	688.4
57.751250	704.8
57.755000	690.1
57.758750	694.7
57.762500	644.3
57.766250	658.3
57.770000	655.8
57.773750	658.9
57.777500	710.5
57.781250	636.9
57.785000	653.8
57.788750	641.8
57.792500	639.9
57.796250	669.0
57.800000	621.0
57.803750	640.0
57.807500	610.4
57.811250	652.4
57.815000	652.4
57.818750	650.8
57.822500	666.6
57.826250	673.1
57.830000	658.7
57.833750	621.9
57.837500	603.1
57.841250	605.9
57.845000	658.6
57.848750	590.1
57.852500	612.0
57.856250	630.0
57.860000	627.2
57.863750	631.4
57.867500	631.1
57.871250	653.9
57.875000	648.0
57.878750	650.2
57.882500	645.4
57.886250	667.4
57.890000	626.3
57.893750	626.6
57.897500	615.2
57.901250	636.8
57.905000	685.1
57.908750	663.0
57.912500	642.8
57.916250	643.6
57.920000	627.5
57.923750	648.6
57.927500	625.1
57.931250	624.5
57.935000	630.5
57.938750	645.0
57.942500	595.5
57.946250	606.7
57.950000	623.1
57.953750	642.1
57.957500	652.6
57.961250	632.9
57.965000	627.2
57.968750	636.3
57.972500	642.6
57.976250	635.8
57.980000	615.4
57.983750	661.1
57.987500	680.2
57.991250	626.3
57.995000	631.3
57.998750	635.7
58.002500	638.6
58.006250	652.4
58.010000	644.3
58.013750	618.7
58.017500	670.3
58.021250	642.3
58.025000	654.9
58.028750	632.8
58.032500	662.2
58.036250	596.8
58.040000	665.1
58.043750	651.2
58.047500	697.7
58.051250	634.9
58.055000	645.0
58.058750	651.3
58.062500	634.9
58.066250	704.2
58.070000	677.4
58.073750	685.8
58.077500	647.0
58.081250	667.4
58.085000	676.4
58.088750	697.8
58.092500	678.0
58.096250	643.0
58.100000	688.4
58.103750	678.3
58.107500	678.9
58.111250	686.8
58.115000	659.6
58.118750	657.0
58.122500	708.9
58.126250	683.4
58.130000	649.9
58.133750	697.7
58.137500	673.8
58.141250	695.2
58.145000	746.6
58.148750	720.3
58.152500	665.5
58.156250	684.0
58.160000	697.0
58.163750	687.7
58.167500	703.9
58.171250	692.9
58.175000	668.8
58.178750	714.7
58.182500	682.1
58.186250	720.0
58.190000	690.8
58.193750	682.5
58.197500	697.6
58.201250	709.8
58.205000	689.7
58.208750	737.9
58.212500	706.1
58.216250	747.6
58.220000	695.7
58.223750	726.2
58.227500	737.2
58.231250	666.8
58.235000	676.6
58.238750	677.3
58.242500	712.9
58.246250	699.3
58.250000	727.7
58.253750	724.5
58.257500	703.0
58.261250	708.2
58.265000	658.0
58.268750	728.9
58.272500	694.5
58.276250	722.1
58.280000	663.8
58.283750	737.9
58.287500	691.2
58.291250	705.7
58.295000	746.6
58.298750	732.3
58.302500	722.0
58.306250	727.0
58.310000	705.2
58.313750	734.6
58.317500	756.0
58.321250	717.5
58.325000	677.5
58.328750	683.9
58.332500	688.0
58.336250	744.1
58.340000	762.2
58.343750	749.9
58.347500	727.3
58.351250	766.7
58.355000	736.3
58.358750	782.9
58.362500	709.7
58.366250	676.5
58.370000	715.0
58.373750	755.9
58.377500	768.1
58.381250	753.8
58.385000	755.6
58.388750	717.5
58.392500	735.0
58.396250	735.6
58.400000	747.1
58.403750	749.2
58.407500	720.5
58.411250	737.0
58.415000	727.2
58.418750	746.0
58.422500	788.5
58.426250	762.7
58.430000	761.1
58.433750	714.0
58.437500	793.4
58.441250	792.4
58.445000	786.7
58.448750	758.6
58.452500	751.1
58.456250	773.7
58.460000	715.9
58.463750	725.8
58.467500	716.3
58.471250	783.9
58.475000	775.4
58.478750	789.0
58.482500	755.7
58.486250	734.3
58.490000	726.5
58.493750	779.0
58.497500	735.5
58.501250	786.7
58.505000	720.4
58.508750	711.5
58.512500	715.0
58.516250	801.4
58.520000	711.1
58.523750	741.8
58.527500	744.5
58.531250	721.5
58.535000	762.0
58.538750	747.3
58.542500	734.9
58.546250	712.8
58.550000	755.2
58.553750	717.8
58.557500	743.9
58.561250	735.9
58.565000	695.6
58.568750	732.7
58.572500	712.3
58.576250	710.3
58.580000	735.1
58.583750	746.1
58.587500	731.3
58.591250	698.7
58.595000	700.1
58.598750	733.9
58.602500	664.8
58.606250	715.5
58.610000	692.3
58.613750	706.4
58.617500	738.3
58.621250	700.5
58.625000	689.2
58.628750	667.8
58.632500	717.8
58.636250	665.2
58.640000	702.8
58.643750	685.6
58.647500	633.4
58.651250	676.2
58.655000	659.9
58.658750	678.3
58.662500	654.3
58.666250	616.3
58.670000	641.7
58.673750	673.1
58.677500	650.6
58.681250	675.5
58.685000	713.6
58.688750	656.7
58.692500	650.0
58.696250	677.6
58.700000	682.2
58.703750	669.9
58.707500	658.5
58.711250	679.2
58.715000	656.4
58.718750	699.4
58.722500	661.7
58.726250	650.5
58.730000	662.9
58.733750	649.4
58.737500	642.3
58.741250	636.8
58.745000	624.8
58.748750	618.4
58.752500	677.5
58.756250	645.3
58.760000	632.4
58.763750	629.0
58.767500	683.3
58.771250	659.9
58.775000	663.0
58.778750	673.9
58.782500	669.5
58.786250	672.9
58.790000	659.0
58.793750	691.2
58.797500	656.6
58.801250	639.4
58.805000	613.4
58.808750	670.8
58.812500	710.8
58.816250	680.6
58.820000	625.5
58.823750	630.5
58.827500	655.5
58.831250	639.1
58.835000	669.3
58.838750	647.0
58.842500	666.8
58.846250	657.9
58.850000	632.9
58.853750	666.3
58.857500	674.6
58.861250	645.4
58.865000	610.0
58.868750	635.1
58.872500	613.2
58.876250	643.7
58.880000	684.8
58.883750	678.4
58.887500	631.9
58.891250	627.6
58.895000	690.2
58.898750	668.4
58.902500	678.8
58.906250	656.5
58.910000	664.0
58.913750	693.3
58.917500	712.9
58.921250	661.9
58.925000	675.1
58.928750	658.5
58.932500	661.9
58.936250	678.7
58.940000	732.1
58.943750	691.6
58.947500	697.0
58.951250	666.1
58.955000	650.2
58.958750	675.1
58.962500	686.1
58.966250	662.0
58.970000	650.0
58.973750	659.5
58.977500	639.9
58.981250	662.7
58.985000	667.8
58.988750	677.5
58.992500	682.6
58.996250	624.0
59.000000	608.9
59.003750	682.4
59.007500	668.7
59.011250	630.0
59.015000	630.0
59.018750	641.6
59.022500	664.2
59.026250	647.8
59.030000	646.5
59.033750	649.7
59.037500	625.6
59.041250	654.7
59.045000	649.4
59.048750	687.5
59.052500	663.9
59.056250	633.1
59.060000	639.3
59.063750	657.8
59.067500	683.2
59.071250	633.2
59.075000	640.4
59.078750	651.5
59.082500	662.6
59.086250	694.6
59.090000	658.7
59.093750	626.0
59.097500	658.4
59.101250	611.6
59.105000	632.4
59.108750	644.7
59.112500	668.0
59.116250	655.6
59.120000	692.7
59.123750	648.5
59.127500	593.8
59.131250	675.4
59.135000	645.9
59.138750	615.2
59.142500	663.0
59.146250	645.4
59.150000	638.6
59.153750	614.6
59.157500	648.5
59.161250	634.8
59.165000	656.0
59.168750	657.4
59.172500	649.4
59.176250	639.6
59.180000	661.1
59.183750	642.7
59.187500	632.9
59.191250	659.1
59.195000	638.1
59.198750	657.2
59.202500	659.2
59.206250	652.0
59.210000	687.5
59.213750	670.7
59.217500	699.6
59.221250	649.7
59.225000	641.9
59.228750	634.4
59.232500	675.3
59.236250	685.9
59.240000	678.3
59.243750	695.8
59.247500	686.9
59.251250	612.0
59.255000	663.4
59.258750	685.8
59.262500	653.0
59.266250	666.5
59.270000	700.9
59.273750	630.7
59.277500	656.8
59.281250	656.5
59.285000	698.3
59.288750	650.0
59.292500	721.4
59.296250	644.0
59.300000	621.4
59.303750	637.5
59.307500	661.1
59.311250	661.1
59.315000	643.4
59.318750	663.2
59.322500	703.4
59.326250	646.3
59.330000	701.9
59.333750	719.5
59.337500	676.4
59.341250	674.0
59.345000	727.1
59.348750	714.4
59.352500	664.3
59.356250	651.7
59.360000	652.9
59.363750	654.0
59.367500	657.1
59.371250	649.2
59.375000	664.0
59.378750	653.8
59.382500	661.2
59.386250	661.7
59.390000	683.5
59.393750	632.4
59.397500	667.3
59.401250	667.4
59.405000	653.3
59.408750	611.8
59.412500	687.1
59.416250	628.3
59.420000	657.2
59.423750	666.6
59.427500	664.0
59.431250	655.4
59.435000	673.8
59.438750	567.5
59.442500	612.9
59.446250	638.5
59.450000	607.0
59.453750	622.8
59.457500	650.7
59.461250	661.8
59.465000	596.0
59.468750	658.3
59.472500	617.3
59.476250	619.4
59.480000	681.1
59.483750	659.5
59.487500	664.9
59.491250	620.0
59.495000	638.7
59.498750	713.4
59.502500	641.0
59.506250	615.6
59.510000	662.4
59.513750	648.7
59.517500	666.6
59.521250	608.7
59.525000	619.2
59.528750	628.5
59.532500	609.9
59.536250	648.8
59.540000	660.0
59.543750	639.3
59.547500	688.9
59.551250	615.2
59.555000	679.5
59.558750	655.6
59.562500	672.5
59.566250	610.8
59.570000	626.2
59.573750	652.1
59.577500	643.0
59.581250	637.3
59.585000	646.5
59.588750	660.8
59.592500	637.1
59.596250	606.5
59.600000	596.7
59.603750	609.5
59.607500	636.6
59.611250	666.9
59.615000	628.0
59.618750	639.3
59.622500	645.8
59.626250	680.4
59.630000	645.4
59.633750	663.4
59.637500	630.5
59.641250	607.5
59.645000	651.4
59.648750	612.5
59.652500	624.5
59.656250	646.3
59.660000	668.1
59.663750	636.6
59.667500	675.4
59.671250	646.5
59.675000	681.8
59.678750	642.3
59.682500	665.1
59.686250	643.0
59.690000	642.3
59.693750	624.3
59.697500	675.4
59.701250	616.2
59.705000	662.4
59.708750	656.2
59.712500	677.2
59.716250	648.3
59.720000	670.9
59.723750	628.9
59.727500	612.1
59.731250	634.4
59.735000	622.1
59.738750	616.4
59.742500	676.8
59.746250	677.7
59.750000	647.3
59.753750	640.7
59.757500	660.7
59.761250	675.9
59.765000	660.0
59.768750	654.7
59.772500	688.6
59.776250	653.2
59.780000	624.2
59.783750	623.5
59.787500	691.0
59.791250	662.0
59.795000	674.5
59.798750	645.7
59.802500	657.8
59.806250	632.0
59.810000	611.8
59.813750	660.5
59.817500	657.0
59.821250	676.3
59.825000	696.5
59.828750	668.7
59.832500	689.1
59.836250	646.1
59.840000	678.5
59.843750	692.6
59.847500	645.8
59.851250	625.5
59.855000	661.8
59.858750	675.3
59.862500	646.6
59.866250	654.8
59.870000	676.6
59.873750	672.3
59.877500	677.8
59.881250	677.7
59.885000	692.9
59.888750	664.0
59.892500	701.7
59.896250	640.0
59.900000	684.5
59.903750	713.8
59.907500	752.9
59.911250	680.1
59.915000	687.5
59.918750	708.1
59.922500	717.2
59.926250	691.8
59.930000	660.0
59.933750	692.2
59.937500	635.2
59.941250	694.7
59.945000	671.7
59.948750	643.9
59.952500	641.6
59.956250	689.4
59.960000	706.0
59.963750	675.8
59.967500	675.3
59.971250	645.6
59.975000	675.5
59.978750	705.4
59.982500	679.2
59.986250	628.8
59.990000	680.1
59.993750	712.7
59.997500	719.7
60.001250	699.1
60.005000	690.1
60.008750	695.9
60.012500	770.0
60.016250	742.1
60.020000	717.7
60.023750	711.1
60.027500	697.6
60.031250	729.3
60.035000	724.4
60.038750	694.7
60.042500	711.2
60.046250	666.2
60.050000	767.3
60.053750	736.4
60.057500	729.8
60.061250	760.3
60.065000	744.0
60.068750	754.5
60.072500	759.2
60.076250	731.7
60.080000	771.1
60.083750	729.2
60.087500	763.5
60.091250	771.3
60.095000	718.5
60.098750	726.3
60.102500	772.6
60.106250	696.5
60.110000	725.9
60.113750	719.2
60.117500	690.7
60.121250	708.9
60.125000	739.6
60.128750	744.6
60.132500	743.8
60.136250	737.3
60.140000	731.6
60.143750	782.9
60.147500	776.0
60.151250	764.3
60.155000	776.4
60.158750	787.7
60.162500	767.7
60.166250	739.8
60.170000	723.2
60.173750	685.2
60.177500	734.7
60.181250	672.7
60.185000	685.1
60.188750	704.8
60.192500	709.6
60.196250	681.4
60.200000	675.6
60.203750	706.3
60.207500	744.3
60.211250	667.4
60.215000	684.0
60.218750	700.5
60.222500	679.5
60.226250	693.7
60.230000	646.0
60.233750	706.8
60.237500	686.9
60.241250	674.5
60.245000	696.0
60.248750	669.1
60.252500	676.6
60.256250	656.7
60.260000	659.9
60.263750	652.7
60.267500	664.1
60.271250	714.2
60.275000	662.9
60.278750	647.2
60.282500	627.4
60.286250	662.7
60.290000	671.5
60.293750	653.1
60.297500	635.8
60.301250	622.3
60.305000	622.3
60.308750	643.1
60.312500	654.8
60.316250	672.2
60.320000	654.8
60.323750	607.3
60.327500	644.3
60.331250	625.8
60.335000	612.8
60.338750	618.1
60.342500	625.4
60.346250	607.5
60.350000	611.5
60.353750	640.2
60.357500	612.2
60.361250	637.1
60.365000	610.7
60.368750	567.5
60.372500	605.6
60.376250	607.9
60.380000	588.0
60.383750	601.1
60.387500	593.0
60.391250	574.8
60.395000	621.0
60.398750	627.8
60.402500	597.0
60.406250	629.8
60.410000	609.3
60.413750	596.0
60.417500	606.0
60.421250	609.4
60.425000	556.2
60.428750	577.2
60.432500	601.8
60.436250	574.7
60.440000	624.3
60.443750	596.5
60.447500	593.1
60.451250	579.7
60.455000	599.1
60.458750	597.3
60.462500	606.8
60.466250	639.8
60.470000	630.7
60.473750	630.0
60.477500	588.6
60.481250	617.4
60.485000	639.6
60.488750	593.1
60.492500	593.1
60.496250	639.4
60.500000	606.1
60.503750	635.2
60.507500	601.5
60.511250	590.8
60.515000	565.8
60.518750	568.3
60.522500	586.7
60.526250	627.9
60.530000	613.5
60.533750	612.5
60.537500	605.2
60.541250	604.2
60.545000	630.7
60.548750	616.5
60.552500	608.8
60.556250	602.9
60.560000	666.4
60.563750	579.1
60.567500	630.0
60.571250	616.0
60.575000	667.7
60.578750	629.7
60.582500	648.3
60.586250	653.3
60.590000	620.8
60.593750	666.4
60.597500	613.6
60.601250	641.9
60.605000	605.9
60.608750	639.8
60.612500	638.5
60.616250	621.2
60.620000	630.6
60.623750	647.2
60.627500	608.0
60.631250	611.2
60.635000	641.0
60.638750	667.3
60.642500	723.6
60.646250	631.2
60.650000	583.3
60.653750	611.1
60.657500	654.1
60.661250	637.6
60.665000	584.8
60.668750	588.4
60.672500	628.3
60.676250	638.3
60.680000	586.6
60.683750	592.6
60.687500	691.8
60.691250	590.8
60.695000	623.6
60.698750	634.9
60.702500	635.0
60.706250	615.2
60.710000	620.3
60.713750	621.5
60.717500	652.2
60.721250	601.1
60.725000	577.6
60.728750	593.5
60.732500	618.0
60.736250	671.4
60.740000	657.0
60.743750	632.6
60.747500	624.8
60.751250	655.5
60.755000	649.7
60.758750	661.6
60.762500	676.4
60.766250	664.1
60.770000	642.0
60.773750	661.1
60.777500	624.1
60.781250	618.7
60.785000	635.1
60.788750	682.2
60.792500	650.8
60.796250	645.0
60.800000	609.3
60.803750	620.6
60.807500	565.5
60.811250	637.9
60.815000	612.9
60.818750	635.3
60.822500	607.5
60.826250	635.8
60.830000	608.0
60.833750	640.1
60.837500	615.8
60.841250	642.6
60.845000	606.1
60.848750	593.8
60.852500	591.9
60.856250	604.1
60.860000	634.0
60.863750	640.6
60.867500	625.5
60.871250	590.5
60.875000	631.4
60.878750	669.8
60.882500	643.8
60.886250	614.1
60.890000	604.1
60.893750	618.0
60.897500	607.3
60.901250	621.1
60.905000	587.5
60.908750	595.3
60.912500	627.3
60.916250	615.8
60.920000	604.4
60.923750	647.8
60.927500	627.6
60.931250	619.5
60.935000	634.7
60.938750	601.4
60.942500	634.7
60.946250	630.3
60.950000	628.8
60.953750	645.1
60.957500	580.4
60.961250	666.1
60.965000	608.8
60.968750	634.3
60.972500	622.3
60.976250	654.6
60.980000	584.8
60.983750	697.9
60.987500	628.1
60.991250	613.6
60.995000	622.0
60.998750	617.6
61.002500	517.5
61.006250	620.5
61.010000	728.9
61.013750	668.1
61.017500	603.2
61.021250	585.7
61.025000	602.0
61.028750	615.9
61.032500	541.1
61.036250	561.4
61.040000	676.6
61.043750	631.3
61.047500	612.9
61.051250	631.8
61.055000	553.0
61.058750	584.7
61.062500	648.7
61.066250	581.7
61.070000	574.5
61.073750	552.2
61.077500	585.7
61.081250	603.3
61.085000	590.6
61.088750	603.1
61.092500	579.6
61.096250	597.4
61.100000	579.5
61.103750	542.2
61.107500	631.7
61.111250	662.6
61.115000	596.2
61.118750	614.0
61.122500	576.9
61.126250	568.0
61.130000	607.3
61.133750	599.5
61.137500	601.9
61.141250	588.8
61.145000	592.7
61.148750	623.9
61.152500	556.6
61.156250	565.8
61.160000	527.4
61.163750	626.1
61.167500	551.4
61.171250	622.4
61.175000	604.2
61.178750	585.1
61.182500	575.0
61.186250	562.6
61.190000	619.2
61.193750	563.6
61.197500	588.1
61.201250	561.3
61.205000	573.4
61.208750	588.1
61.212500	606.7
61.216250	604.3
61.220000	590.6
61.223750	621.8
61.227500	590.3
61.231250	553.8
61.235000	619.5
61.238750	590.1
61.242500	588.4
61.246250	590.4
61.250000	605.0
61.253750	596.3
61.257500	578.7
61.261250	598.3
61.265000	568.2
61.268750	624.3
61.272500	552.3
61.276250	555.5
61.280000	611.8
61.283750	597.8
61.287500	566.3
61.291250	588.1
61.295000	607.3
61.298750	594.4
61.302500	570.5
61.306250	599.5
61.310000	611.6
61.313750	547.5
61.317500	595.1
61.321250	595.3
61.325000	598.8
61.328750	586.7
61.332500	602.9
61.336250	588.6
61.340000	557.7
61.343750	580.4
61.347500	603.6
61.351250	578.2
61.355000	606.4
61.358750	557.1
61.362500	592.3
61.366250	568.1
61.370000	637.3
61.373750	613.5
61.377500	629.7
61.381250	604.9
61.385000	536.1
61.388750	558.0
61.392500	621.6
61.396250	601.4
61.400000	593.4
61.403750	593.8
61.407500	610.8
61.411250	622.8
61.415000	547.6
61.418750	593.0
61.422500	578.5
61.426250	587.1
61.430000	589.2
61.433750	593.9
61.437500	569.7
61.441250	613.2
61.445000	607.0
61.448750	608.7
61.452500	576.7
61.456250	612.7
61.460000	598.1
61.463750	603.4
61.467500	602.0
61.471250	571.9
61.475000	600.5
61.478750	575.7
61.482500	588.3
61.486250	606.1
61.490000	601.4
61.493750	627.3
61.497500	619.9
61.501250	579.5
61.505000	638.7
61.508750	635.6
61.512500	634.0
61.516250	613.0
61.520000	610.2
61.523750	613.0
61.527500	612.5
61.531250	630.5
61.535000	629.6
61.538750	577.5
61.542500	610.5
61.546250	648.2
61.550000	577.3
61.553750	620.0
61.557500	581.9
61.561250	573.0
61.565000	588.8
61.568750	627.8
61.572500	601.5
61.576250	601.8
61.580000	612.3
61.583750	592.9
61.587500	594.4
61.591250	593.2
61.595000	545.0
61.598750	553.7
61.602500	602.7
61.606250	583.7
61.610000	556.8
61.613750	565.2
61.617500	609.7
61.621250	585.6
61.625000	563.0
61.628750	599.2
61.632500	592.0
61.636250	582.7
61.640000	594.8
61.643750	583.2
61.647500	620.3
61.651250	589.4
61.655000	606.6
61.658750	600.1
61.662500	605.6
61.666250	585.5
61.670000	587.5
61.673750	617.2
61.677500	562.8
61.681250	587.3
61.685000	631.0
61.688750	607.0
61.692500	593.8
61.696250	562.1
61.700000	594.4
61.703750	628.0
61.707500	588.0
61.711250	592.0
61.715000	611.8
61.718750	640.7
61.722500	603.4
61.726250	646.9
61.730000	595.0
61.733750	569.8
61.737500	601.4
61.741250	590.6
61.745000	604.4
61.748750	581.1
61.752500	588.5
61.756250	571.1
61.760000	583.9
61.763750	597.2
61.767500	599.4
61.771250	604.3
61.775000	560.8
61.778750	597.8
61.782500	575.8
61.786250	624.3
61.790000	616.4
61.793750	558.9
61.797500	570.9
61.801250	605.1
61.805000	596.7
61.808750	587.6
61.812500	604.5
61.816250	569.9
61.820000	609.4
61.823750	597.8
61.827500	596.5
61.831250	607.4
61.835000	601.9
61.838750	585.3
61.842500	586.7
61.846250	606.9
61.850000	558.9
61.853750	580.4
61.857500	590.4
61.861250	579.7
61.865000	604.8
61.868750	544.0
61.872500	564.3
61.876250	601.1
61.880000	557.7
61.883750	555.3
61.887500	530.4
61.891250	579.4
61.895000	589.7
61.898750	585.9
61.902500	608.9
61.906250	605.8
61.910000	592.9
61.913750	553.2
61.917500	535.2
61.921250	569.7
61.925000	587.2
61.928750	636.9
61.932500	603.8
61.936250	571.9
61.940000	549.5
61.943750	556.2
61.947500	589.0
61.951250	609.7
61.955000	599.6
61.958750	584.5
61.962500	613.0
61.966250	568.3
61.970000	583.3
61.973750	564.0
61.977500	551.7
61.981250	573.1
61.985000	584.8
61.988750	581.3
61.992500	581.6
61.996250	599.4
62.000000	640.0
62.003750	585.5
62.007500	582.9
62.011250	582.0
62.015000	613.5
62.018750	576.5
62.022500	613.0
62.026250	588.0
62.030000	582.0
62.033750	574.3
62.037500	586.2
62.041250	636.1
62.045000	606.1
62.048750	578.1
62.052500	556.6
62.056250	585.3
62.060000	571.5
62.063750	570.4
62.067500	600.3
62.071250	581.9
62.075000	597.4
62.078750	589.3
62.082500	599.3
62.086250	553.2
62.090000	560.9
62.093750	577.1
62.097500	580.8
62.101250	587.9
62.105000	569.8
62.108750	584.7
62.112500	549.7
62.116250	590.3
62.120000	627.7
62.123750	636.7
62.127500	592.2
62.131250	626.7
62.135000	607.7
62.138750	618.8
62.142500	577.4
62.146250	564.0
62.150000	593.1
62.153750	592.1
62.157500	647.4
62.161250	637.2
62.165000	580.3
62.168750	591.4
62.172500	617.3
62.176250	607.8
62.180000	586.8
62.183750	612.2
62.187500	623.5
62.191250	560.8
62.195000	617.0
62.198750	603.1
62.202500	590.4
62.206250	572.1
62.210000	592.9
62.213750	544.2
62.217500	544.1
62.221250	598.3
62.225000	604.2
62.228750	599.7
62.232500	596.2
62.236250	583.2
62.240000	605.5
62.243750	602.7
62.247500	629.6
62.251250	603.5
62.255000	608.1
62.258750	619.4
62.262500	605.1
62.266250	548.0
62.270000	583.2
62.273750	599.3
62.277500	596.1
62.281250	571.9
62.285000	622.8
62.288750	600.9
62.292500	638.4
62.296250	574.3
62.300000	592.3
62.303750	603.0
62.307500	581.9
62.311250	607.4
62.315000	618.2
62.318750	611.3
62.322500	586.2
62.326250	605.1
62.330000	625.5
62.333750	597.0
62.337500	610.2
62.341250	574.6
62.345000	626.5
62.348750	592.8
62.352500	623.8
62.356250	608.3
62.360000	586.5
62.363750	618.9
62.367500	605.6
62.371250	610.6
62.375000	614.7
62.378750	599.3
62.382500	582.6
62.386250	584.1
62.390000	590.0
62.393750	577.7
62.397500	598.5
62.401250	588.2
62.405000	625.1
62.408750	606.6
62.412500	601.8
62.416250	635.8
62.420000	638.9
62.423750	596.4
62.427500	602.5
62.431250	608.9
62.435000	592.0
62.438750	633.9
62.442500	634.8
62.446250	617.5
62.450000	588.6
62.453750	612.8
62.457500	629.0
62.461250	599.4
62.465000	634.3
62.468750	607.7
62.472500	625.5
62.476250	587.4
62.480000	621.0
62.483750	620.5
62.487500	626.2
62.491250	601.9
62.495000	607.7
62.498750	629.2
62.502500	604.8
62.506250	591.8
62.510000	589.1
62.513750	576.9
62.517500	629.8
62.521250	670.9
62.525000	637.6
62.528750	613.9
62.532500	619.1
62.536250	620.9
62.540000	645.4
62.543750	625.9
62.547500	658.3
62.551250	618.5
62.555000	670.2
62.558750	634.9
62.562500	635.5
62.566250	613.1
62.570000	647.0
62.573750	636.4
62.577500	660.7
62.581250	618.4
62.585000	612.3
62.588750	640.5
62.592500	674.1
62.596250	653.8
62.600000	701.7
62.603750	616.3
62.607500	683.3
62.611250	679.6
62.615000	652.1
62.618750	649.3
62.622500	669.3
62.626250	675.3
62.630000	688.0
62.633750	636.7
62.637500	636.5
62.641250	643.5
62.645000	601.4
62.648750	615.8
62.652500	616.3
62.656250	615.9
62.660000	620.9
62.663750	610.3
62.667500	635.9
62.671250	601.9
62.675000	586.0
62.678750	621.3
62.682500	614.9
62.686250	633.7
62.690000	614.2
62.693750	590.4
62.697500	600.0
62.701250	629.8
62.705000	613.9
62.708750	597.4
62.712500	575.6
62.716250	644.5
62.720000	594.7
62.723750	593.0
62.727500	606.8
62.731250	595.9
62.735000	607.0
62.738750	587.6
62.742500	611.9
62.746250	598.5
62.750000	595.9
62.753750	625.2
62.757500	600.0
62.761250	557.4
62.765000	535.1
62.768750	581.7
62.772500	608.5
62.776250	581.5
62.780000	607.8
62.783750	612.0
62.787500	623.1
62.791250	561.4
62.795000	603.1
62.798750	610.6
62.802500	594.5
62.806250	575.0
62.810000	546.3
62.813750	578.2
62.817500	597.5
62.821250	621.4
62.825000	564.7
62.828750	588.7
62.832500	564.7
62.836250	616.2
62.840000	598.4
62.843750	565.0
62.847500	605.0
62.851250	623.9
62.855000	556.0
62.858750	608.3
62.862500	577.0
62.866250	563.2
62.870000	582.1
62.873750	570.3
62.877500	588.1
62.881250	554.2
62.885000	589.1
62.888750	619.2
62.892500	541.9
62.896250	591.2
62.900000	564.4
62.903750	571.0
62.907500	618.5
62.911250	549.3
62.915000	560.5
62.918750	543.5
62.922500	536.7
62.926250	601.6
62.930000	576.0
62.933750	566.1
62.937500	588.5
62.941250	515.1
62.945000	595.4
62.948750	586.2
62.952500	615.7
62.956250	571.0
62.960000	570.2
62.963750	557.9
62.967500	568.8
62.971250	554.5
62.975000	537.5
62.978750	597.3
62.982500	594.7
62.986250	565.5
62.990000	566.8
62.993750	592.4
62.997500	583.8
63.001250	558.6
63.005000	573.2
63.008750	551.2
63.012500	552.2
63.016250	540.9
63.020000	589.6
63.023750	560.1
63.027500	556.8
63.031250	581.8
63.035000	586.2
63.038750	589.3
63.042500	576.8
63.046250	608.7
63.050000	581.8
63.053750	593.7
63.057500	610.1
63.061250	532.9
63.065000	569.3
63.068750	586.3
63.072500	583.2
63.076250	565.6
63.080000	579.1
63.083750	576.3
63.087500	581.6
63.091250	597.6
63.095000	600.7
63.098750	586.9
63.102500	589.8
63.106250	585.1
63.110000	595.1
63.113750	573.2
63.117500	591.1
63.121250	561.6
63.125000	591.6
63.128750	571.8
63.132500	594.8
63.136250	591.7
63.140000	597.8
63.143750	586.8
63.147500	550.0
63.151250	563.1
63.155000	597.5
63.158750	547.3
63.162500	565.3
63.166250	567.4
63.170000	547.4
63.173750	587.4
63.177500	550.4
63.181250	611.7
63.185000	598.5
63.188750	550.9
63.192500	578.1
63.196250	599.2
63.200000	579.2
63.203750	585.8
63.207500	627.0
63.211250	585.8
63.215000	592.6
63.218750	556.8
63.222500	619.1
63.226250	627.0
63.230000	586.7
63.233750	577.2
63.237500	585.5
63.241250	573.6
63.245000	566.1
63.248750	564.0
63.252500	542.6
63.256250	584.1
63.260000	553.9
63.263750	566.4
63.267500	562.7
63.271250	582.8
63.275000	588.4
63.278750	567.4
63.282500	580.9
63.286250	596.4
63.290000	598.3
63.293750	570.4
63.297500	568.6
63.301250	566.9
63.305000	611.1
63.308750	569.4
63.312500	538.4
63.316250	583.5
63.320000	619.7
63.323750	591.6
63.327500	584.1
63.331250	571.6
63.335000	570.4
63.338750	576.9
63.342500	637.4
63.346250	604.0
63.350000	565.7
63.353750	592.9
63.357500	602.6
63.361250	578.0
63.365000	582.2
63.368750	550.6
63.372500	561.3
63.376250	593.0
63.380000	583.1
63.383750	594.0
63.387500	554.2
63.391250	574.8
63.395000	617.4
63.398750	576.4
63.402500	591.4
63.406250	607.9
63.410000	593.0
63.413750	596.1
63.417500	557.5
63.421250	567.9
63.425000	569.2
63.428750	556.8
63.432500	623.4
63.436250	600.3
63.440000	624.7
63.443750	600.0
63.447500	568.3
63.451250	590.0
63.455000	619.3
63.458750	573.7
63.462500	585.1
63.466250	578.1
63.470000	610.4
63.473750	593.1
63.477500	579.7
63.481250	580.0
63.485000	573.7
63.488750	576.9
63.492500	569.1
63.496250	561.7
63.500000	550.4
63.503750	585.8
63.507500	555.2
63.511250	564.1
63.515000	586.7
63.518750	573.8
63.522500	588.7
63.526250	558.3
63.530000	553.8
63.533750	567.6
63.537500	557.4
63.541250	565.1
63.545000	575.4
63.548750	529.3
63.552500	565.5
63.556250	575.3
63.560000	603.6
63.563750	606.1
63.567500	578.9
63.571250	583.6
63.575000	535.9
63.578750	591.5
63.582500	587.6
63.586250	605.5
63.590000	573.0
63.593750	593.5
63.597500	611.5
63.601250	631.6
63.605000	584.4
63.608750	573.1
63.612500	629.9
63.616250	592.7
63.620000	553.3
63.623750	569.9
63.627500	590.1
63.631250	570.0
63.635000	560.3
63.638750	612.9
63.642500	589.4
63.646250	578.7
63.650000	584.0
63.653750	561.6
63.657500	590.6
63.661250	581.1
63.665000	568.4
63.668750	588.0
63.672500	605.4
63.676250	585.4
63.680000	582.0
63.683750	584.6
63.687500	586.4
63.691250	607.3
63.695000	563.6
63.698750	584.8
63.702500	562.1
63.706250	567.7
63.710000	605.2
63.713750	618.7
63.717500	586.4
63.721250	563.9
63.725000	595.3
63.728750	588.7
63.732500	556.1
63.736250	598.5
63.740000	581.7
63.743750	543.4
63.747500	578.5
63.751250	590.6
63.755000	561.6
63.758750	583.3
63.762500	536.0
63.766250	563.2
63.770000	599.2
63.773750	578.2
63.777500	567.7
63.781250	559.3
63.785000	619.4
63.788750	607.8
63.792500	580.6
63.796250	593.4
63.800000	586.9
63.803750	576.0
63.807500	572.1
63.811250	574.9
63.815000	581.4
63.818750	572.1
63.822500	553.6
63.826250	548.9
63.830000	594.2
63.833750	614.5
63.837500	576.6
63.841250	576.2
63.845000	574.6
63.848750	617.0
63.852500	571.4
63.856250	596.7
63.860000	563.3
63.863750	572.9
63.867500	550.4
63.871250	574.2
63.875000	618.6
63.878750	580.5
63.882500	576.6
63.886250	581.5
63.890000	604.0
63.893750	566.3
63.897500	580.4
63.901250	611.0
63.905000	595.7
63.908750	572.4
63.912500	610.8
63.916250	549.5
63.920000	618.8
63.923750	601.7
63.927500	592.5
63.931250	533.0
63.935000	600.3
63.938750	568.5
63.942500	587.1
63.946250	591.1
63.950000	568.2
63.953750	586.4
63.957500	596.7
63.961250	595.4
63.965000	611.1
63.968750	613.4
63.972500	606.7
63.976250	580.3
63.980000	589.8
63.983750	589.0
63.987500	597.9
63.991250	608.5
63.995000	617.3
63.998750	589.8
64.002500	578.7
64.006250	594.4
64.010000	602.1
64.013750	593.8
64.017500	609.1
64.021250	588.9
64.025000	592.0
64.028750	581.1
64.032500	579.2
64.036250	604.4
64.040000	565.2
64.043750	635.3
64.047500	585.9
64.051250	535.2
64.055000	577.1
64.058750	652.5
64.062500	613.9
64.066250	623.8
64.070000	590.0
64.073750	558.8
64.077500	582.8
64.081250	622.1
64.085000	557.1
64.088750	586.1
64.092500	554.2
64.096250	621.7
64.100000	646.7
64.103750	627.4
64.107500	633.5
64.111250	603.0
64.115000	595.0
64.118750	585.0
64.122500	624.6
64.126250	571.8
64.130000	597.5
64.133750	613.6
64.137500	648.0
64.141250	642.4
64.145000	647.9
64.148750	603.0
64.152500	583.7
64.156250	588.1
64.160000	586.7
64.163750	645.1
64.167500	621.9
64.171250	622.6
64.175000	600.5
64.178750	633.0
64.182500	585.2
64.186250	559.2
64.190000	614.2
64.193750	639.8
64.197500	637.7
64.201250	620.8
64.205000	577.3
64.208750	586.5
64.212500	635.2
64.216250	608.1
64.220000	605.7
64.223750	643.6
64.227500	608.7
64.231250	583.8
64.235000	597.2
64.238750	594.6
64.242500	604.7
64.246250	592.1
64.250000	612.6
64.253750	614.6
64.257500	625.7
64.261250	588.4
64.265000	580.2
64.268750	585.4
64.272500	606.0
64.276250	616.4
64.280000	564.2
64.283750	642.5
64.287500	585.6
64.291250	617.3
64.295000	648.6
64.298750	576.3
64.302500	616.3
64.306250	573.9
64.310000	553.6
64.313750	591.0
64.317500	531.2
64.321250	561.1
64.325000	614.0
64.328750	615.9
64.332500	598.7
64.336250	609.0
64.340000	577.7
64.343750	586.3
64.347500	597.5
64.351250	604.4
64.355000	548.2
64.358750	581.6
64.362500	600.6
64.366250	580.1
64.370000	575.3
64.373750	569.2
64.377500	559.2
64.381250	590.9
64.385000	556.3
64.388750	589.0
64.392500	573.3
64.396250	606.1
64.400000	559.8
64.403750	580.5
64.407500	544.5
64.411250	563.4
64.415000	572.0
64.418750	570.0
64.422500	540.5
64.426250	617.4
64.430000	550.2
64.433750	567.2
64.437500	586.4
64.441250	560.9
64.445000	583.5
64.448750	592.3
64.452500	573.5
64.456250	548.0
64.460000	539.0
64.463750	569.2
64.467500	555.5
64.471250	534.9
64.475000	562.9
64.478750	554.7
64.482500	552.5
64.486250	558.3
64.490000	611.6
64.493750	603.7
64.497500	571.2
64.501250	530.5
64.505000	551.9
64.508750	554.9
64.512500	543.9
64.516250	583.5
64.520000	555.5
64.523750	565.6
64.527500	582.3
64.531250	534.8
64.535000	552.4
64.538750	558.6
64.542500	568.3
64.546250	558.7
64.550000	543.3
64.553750	584.5
64.557500	555.3
64.561250	529.9
64.565000	554.5
64.568750	562.1
64.572500	562.3
64.576250	546.0
64.580000	593.7
64.583750	553.3
64.587500	599.9
64.591250	565.7
64.595000	543.9
64.598750	591.5
64.602500	591.0
64.606250	561.2
64.610000	540.4
64.613750	522.5
64.617500	550.7
64.621250	548.8
64.625000	568.9
64.628750	572.8
64.632500	556.1
64.636250	581.2
64.640000	564.3
64.643750	540.4
64.647500	535.8
64.651250	574.3
64.655000	557.8
64.658750	560.9
64.662500	580.0
64.666250	583.0
64.670000	578.8
64.673750	546.7
64.677500	543.2
64.681250	585.4
64.685000	590.7
64.688750	570.4
64.692500	571.6
64.696250	550.8
64.700000	550.3
64.703750	527.0
64.707500	546.3
64.711250	568.8
64.715000	551.2
64.718750	577.5
64.722500	535.9
64.726250	556.2
64.730000	525.4
64.733750	575.9
64.737500	552.1
64.741250	554.2
64.745000	552.9
64.748750	517.2
64.752500	568.9
64.756250	543.6
64.760000	552.0
64.763750	570.3
64.767500	574.3
64.771250	585.4
64.775000	525.1
64.778750	521.3
64.782500	534.1
64.786250	535.2
64.790000	573.3
64.793750	558.4
64.797500	558.1
64.801250	570.9
64.805000	574.8
64.808750	563.9
64.812500	517.7
64.816250	525.3
64.820000	526.4
64.823750	531.5
64.827500	564.7
64.831250	550.2
64.835000	554.1
64.838750	553.5
64.842500	542.3
64.846250	562.8
64.850000	568.2
64.853750	541.5
64.857500	578.0
64.861250	572.9
64.865000	555.9
64.868750	526.1
64.872500	552.0
64.876250	591.9
64.880000	570.8
64.883750	552.2
64.887500	548.9
64.891250	540.0
64.895000	575.1
64.898750	554.2
64.902500	557.2
64.906250	548.0
64.910000	559.1
64.913750	526.8
64.917500	551.9
64.921250	497.7
64.925000	505.9
64.928750	583.8
64.932500	594.5
64.936250	534.4
64.940000	546.1
64.943750	576.0
64.947500	566.6
64.951250	536.8
64.955000	541.2
64.958750	543.4
64.962500	569.6
64.966250	570.9
64.970000	552.7
64.973750	523.2
64.977500	523.9
64.981250	554.5
64.985000	537.9
64.988750	525.5
64.992500	543.0
64.996250	493.7
65.000000	541.8
65.003750	606.2
65.007500	590.4
65.011250	560.6
65.015000	562.1
65.018750	552.1
65.022500	556.0
65.026250	543.8
65.030000	549.2
65.033750	527.4
65.037500	586.3
65.041250	589.1
65.045000	567.5
65.048750	559.6
65.052500	539.7
65.056250	525.2
65.060000	494.9
65.063750	551.3
65.067500	581.5
65.071250	542.3
65.075000	542.6
65.078750	558.8
65.082500	566.6
65.086250	539.7
65.090000	538.1
65.093750	551.2
65.097500	558.6
65.101250	576.9
65.105000	552.3
65.108750	574.7
65.112500	550.8
65.116250	514.7
65.120000	557.4
65.123750	569.4
65.127500	527.6
65.131250	547.0
65.135000	573.9
65.138750	574.0
65.142500	562.7
65.146250	555.3
65.150000	558.7
65.153750	563.0
65.157500	526.6
65.161250	523.7
65.165000	569.9
65.168750	555.0
65.172500	573.6
65.176250	561.4
65.180000	524.8
65.183750	565.2
65.187500	531.5
65.191250	590.2
65.195000	590.8
65.198750	550.6
65.202500	591.3
65.206250	562.6
65.210000	546.7
65.213750	539.4
65.217500	565.8
65.221250	559.3
65.225000	578.5
65.228750	510.7
65.232500	551.3
65.236250	525.1
65.240000	538.6
65.243750	561.1
65.247500	523.9
65.251250	536.7
65.255000	547.3
65.258750	560.9
65.262500	542.3
65.266250	572.9
65.270000	572.8
65.273750	540.4
65.277500	544.5
65.281250	569.8
65.285000	575.1
65.288750	562.0
65.292500	534.4
65.296250	552.0
65.300000	540.5
65.303750	555.1
65.307500	569.4
65.311250	559.3
65.315000	532.8
65.318750	525.5
65.322500	554.9
65.326250	553.6
65.330000	540.5
65.333750	537.3
65.337500	580.0
65.341250	607.7
65.345000	557.2
65.348750	534.8
65.352500	548.2
65.356250	539.1
65.360000	551.6
65.363750	513.9
65.367500	545.9
65.371250	550.3
65.375000	522.3
65.378750	554.9
65.382500	570.9
65.386250	537.6
65.390000	545.6
65.393750	552.1
65.397500	543.0
65.401250	575.6
65.405000	571.3
65.408750	546.7
65.412500	544.4
65.416250	505.2
65.420000	549.2
65.423750	580.5
65.427500	567.5
65.431250	572.4
65.435000	564.9
65.438750	556.7
65.442500	545.6
65.446250	571.4
65.450000	551.8
65.453750	520.9
65.457500	537.2
65.461250	543.2
65.465000	543.4
65.468750	566.7
65.472500	532.6
65.476250	576.0
65.480000	542.7
65.483750	556.3
65.487500	546.7
65.491250	559.1
65.495000	538.5
65.498750	543.6
65.502500	551.8
65.506250	530.3
65.510000	586.2
65.513750	562.0
65.517500	586.0
65.521250	560.1
65.525000	628.2
65.528750	611.8
65.532500	562.0
65.536250	596.0
65.540000	544.0
65.543750	593.9
65.547500	556.2
65.551250	546.2
65.555000	505.8
65.558750	571.6
65.562500	569.6
65.566250	637.7
65.570000	586.9
65.573750	548.4
65.577500	530.1
65.581250	552.8
65.585000	608.1
65.588750	571.6
65.592500	635.7
65.596250	564.0
65.600000	532.0
65.603750	560.0
65.607500	624.8
65.611250	537.0
65.615000	585.0
65.618750	562.2
65.622500	600.8
65.626250	593.3
65.630000	565.9
65.633750	566.3
65.637500	498.3
65.641250	611.3
65.645000	513.8
65.648750	596.1
65.652500	596.4
65.656250	547.4
65.660000	546.5
65.663750	591.8
65.667500	604.1
65.671250	548.7
65.675000	577.5
65.678750	545.4
65.682500	544.7
65.686250	528.1
65.690000	606.1
65.693750	622.3
65.697500	615.8
65.701250	565.2
65.705000	570.8
65.708750	564.4
65.712500	552.6
65.716250	542.0
65.720000	574.7
65.723750	579.4
65.727500	589.0
65.731250	539.9
65.735000	593.2
65.738750	574.9
65.742500	587.0
65.746250	585.6
65.750000	576.5
65.753750	590.6
65.757500	546.2
65.761250	591.4
65.765000	555.7
65.768750	531.1
65.772500	611.5
65.776250	566.9
65.780000	609.5
65.783750	598.0
65.787500	590.8
65.791250	600.3
65.795000	623.8
65.798750	575.7
65.802500	608.4
65.806250	588.4
65.810000	579.2
65.813750	564.0
65.817500	562.9
65.821250	612.1
65.825000	569.1
65.828750	612.2
65.832500	593.7
65.836250	567.1
65.840000	571.6
65.843750	579.0
65.847500	603.8
65.851250	622.5
65.855000	565.7
65.858750	621.4
65.862500	634.0
65.866250	540.6
65.870000	599.7
65.873750	559.0
65.877500	573.7
65.881250	622.0
65.885000	618.8
65.888750	566.5
65.892500	598.4
65.896250	578.2
65.900000	605.9
65.903750	593.7
65.907500	571.8
65.911250	570.1
65.915000	584.4
65.918750	541.5
65.922500	537.7
65.926250	563.5
65.930000	596.5
65.933750	628.5
65.937500	568.6
65.941250	522.2
65.945000	539.8
65.948750	543.8
65.952500	534.7
65.956250	573.8
65.960000	557.4
65.963750	573.0
65.967500	567.1
65.971250	589.7
65.975000	565.6
65.978750	558.9
65.982500	564.8
65.986250	534.5
65.990000	545.8
65.993750	570.3
65.997500	598.5
66.001250	526.4
66.005000	584.1
66.008750	577.3
66.012500	553.3
66.016250	590.9
66.020000	619.9
66.023750	577.7
66.027500	547.7
66.031250	631.1
66.035000	628.7
66.038750	608.1
66.042500	590.0
66.046250	601.9
66.050000	609.8
66.053750	583.3
66.057500	650.4
66.061250	644.4
66.065000	661.7
66.068750	586.7
66.072500	649.6
66.076250	591.9
66.080000	579.4
66.083750	665.8
66.087500	610.5
66.091250	598.2
66.095000	568.2
66.098750	576.2
66.102500	575.1
66.106250	571.6
66.110000	604.0
66.113750	601.6
66.117500	553.6
66.121250	552.8
66.125000	563.9
66.128750	559.2
66.132500	556.8
66.136250	631.0
66.140000	662.6
66.143750	602.6
66.147500	540.1
66.151250	573.3
66.155000	625.8
66.158750	611.0
66.162500	546.6
66.166250	574.6
66.170000	590.9
66.173750	570.5
66.177500	533.3
66.181250	561.9
66.185000	545.4
66.188750	592.9
66.192500	590.4
66.196250	615.1
66.200000	561.8
66.203750	553.5
66.207500	590.2
66.211250	523.9
66.215000	554.8
66.218750	573.4
66.222500	553.7
66.226250	582.4
66.230000	587.2
66.233750	585.2
66.237500	558.1
66.241250	545.7
66.245000	594.2
66.248750	634.1
66.252500	570.5
66.256250	552.7
66.260000	581.1
66.263750	618.8
66.267500	584.3
66.271250	562.3
66.275000	561.5
66.278750	578.8
66.282500	552.7
66.286250	582.7
66.290000	560.1
66.293750	528.1
66.297500	551.9
66.301250	555.7
66.305000	584.6
66.308750	602.8
66.312500	550.5
66.316250	588.7
66.320000	602.1
66.323750	581.3
66.327500	607.5
66.331250	572.5
66.335000	564.1
66.338750	574.5
66.342500	570.1
66.346250	553.4
66.350000	560.0
66.353750	563.2
66.357500	598.9
66.361250	567.1
66.365000	588.6
66.368750	601.4
66.372500	531.9
66.376250	632.3
66.380000	561.9
66.383750	586.6
66.387500	557.8
66.391250	547.0
66.395000	585.8
66.398750	588.3
66.402500	557.8
66.406250	550.3
66.410000	619.7
66.413750	602.0
66.417500	572.7
66.421250	598.7
66.425000	573.7
66.428750	624.3
66.432500	599.3
66.436250	564.9
66.440000	545.1
66.443750	591.9
66.447500	563.4
66.451250	540.2
66.455000	573.6
66.458750	609.2
66.462500	583.1
66.466250	598.1
66.470000	589.2
66.473750	583.3
66.477500	605.4
66.481250	583.9
66.485000	573.3
66.488750	605.0
66.492500	609.6
66.496250	627.2
66.500000	597.9
66.503750	605.5
66.507500	613.6
66.511250	582.8
66.515000	571.8
66.518750	613.9
66.522500	593.3
66.526250	540.3
66.530000	593.8
66.533750	611.3
66.537500	616.8
66.541250	577.3
66.545000	634.0
66.548750	556.6
66.552500	584.3
66.556250	609.5
66.560000	605.1
66.563750	611.4
66.567500	575.8
66.571250	600.6
66.575000	611.5
66.578750	593.3
66.582500	589.6
66.586250	579.8
66.590000	588.6
66.593750	637.0
66.597500	624.1
66.601250	602.7
66.605000	618.7
66.608750	616.5
66.612500	576.2
66.616250	590.1
66.620000	596.8
66.623750	626.4
66.627500	619.4
66.631250	653.4
66.635000	621.5
66.638750	594.2
66.642500	593.7
66.646250	599.1
66.650000	634.3
66.653750	550.3
66.657500	601.8
66.661250	631.5
66.665000	592.2
66.668750	605.3
66.672500	615.1
66.676250	593.6
66.680000	565.9
66.683750	596.6
66.687500	623.8
66.691250	638.7
66.695000	614.7
66.698750	611.3
66.702500	590.3
66.706250	626.5
66.710000	604.9
66.713750	587.3
66.717500	598.4
66.721250	575.6
66.725000	569.8
66.728750	581.1
66.732500	603.7
66.736250	588.3
66.740000	560.4
66.743750	570.4
66.747500	580.7
66.751250	555.9
66.755000	599.9
66.758750	580.0
66.762500	549.2
66.766250	561.1
66.770000	529.7
66.773750	546.7
66.777500	576.9
66.781250	624.9
66.785000	572.1
66.788750	561.6
66.792500	551.8
66.796250	543.3
66.800000	549.6
66.803750	567.8
66.807500	599.2
66.811250	532.6
66.815000	546.8
66.818750	552.1
66.822500	550.8
66.826250	559.2
66.830000	550.3
66.833750	545.3
66.837500	562.7
66.841250	548.5
66.845000	572.9
66.848750	549.0
66.852500	554.7
66.856250	544.9
66.860000	559.8
66.863750	558.2
66.867500	537.1
66.871250	560.8
66.875000	616.7
66.878750	551.6
66.882500	538.2
66.886250	560.9
66.890000	554.5
66.893750	564.7
66.897500	599.4
66.901250	542.9
66.905000	550.5
66.908750	522.8
66.912500	565.1
66.916250	536.8
66.920000	524.5
66.923750	550.6
66.927500	598.5
66.931250	593.6
66.935000	535.1
66.938750	606.7
66.942500	545.1
66.946250	543.9
66.950000	521.5
66.953750	538.8
66.957500	553.3
66.961250	578.6
66.965000	532.7
66.968750	548.6
66.972500	535.5
66.976250	529.3
66.980000	552.7
66.983750	552.1
66.987500	524.1
66.991250	560.9
66.995000	577.4
66.998750	533.6
67.002500	560.0
67.006250	533.8
67.010000	536.3
67.013750	558.2
67.017500	534.1
67.021250	556.8
67.025000	542.7
67.028750	531.2
67.032500	553.0
67.036250	556.4
67.040000	551.7
67.043750	561.5
67.047500	543.2
67.051250	593.3
67.055000	560.7
67.058750	540.6
67.062500	554.3
67.066250	528.1
67.070000	603.0
67.073750	595.5
67.077500	553.2
67.081250	567.7
67.085000	532.0
67.088750	531.2
67.092500	564.1
67.096250	534.6
67.100000	558.7
67.103750	606.6
67.107500	563.3
67.111250	563.4
67.115000	574.0
67.118750	576.9
67.122500	584.8
67.126250	591.4
67.130000	554.2
67.133750	577.9
67.137500	574.7
67.141250	571.8
67.145000	517.4
67.148750	548.0
67.152500	516.0
67.156250	561.6
67.160000	569.1
67.163750	532.1
67.167500	537.9
67.171250	600.6
67.175000	573.7
67.178750	564.1
67.182500	568.1
67.186250	564.1
67.190000	566.1
67.193750	604.1
67.197500	566.1
67.201250	567.9
67.205000	510.8
67.208750	573.4
67.212500	524.1
67.216250	564.7
67.220000	581.0
67.223750	564.9
67.227500	575.5
67.231250	569.7
67.235000	582.9
67.238750	575.8
67.242500	526.1
67.246250	573.3
67.250000	617.5
67.253750	591.3
67.257500	521.4
67.261250	544.0
67.265000	553.7
67.268750	569.1
67.272500	589.4
67.276250	561.6
67.280000	584.2
67.283750	562.4
67.287500	572.0
67.291250	563.4
67.295000	595.1
67.298750	570.2
67.302500	598.5
67.306250	607.6
67.310000	549.9
67.313750	571.2
67.317500	587.2
67.321250	579.9
67.325000	603.5
67.328750	587.3
67.332500	600.4
67.336250	593.4
67.340000	564.0
67.343750	612.8
67.347500	578.0
67.351250	548.6
67.355000	587.1
67.358750	615.7
67.362500	600.7
67.366250	557.3
67.370000	587.9
67.373750	577.4
67.377500	561.0
67.381250	531.6
67.385000	532.3
67.388750	578.6
67.392500	593.7
67.396250	549.7
67.400000	547.9
67.403750	617.5
67.407500	565.6
67.411250	563.5
67.415000	565.0
67.418750	548.7
67.422500	584.4
67.426250	540.3
67.430000	580.0
67.433750	578.3
67.437500	550.9
67.441250	571.9
67.445000	572.0
67.448750	556.5
67.452500	566.7
67.456250	557.6
67.460000	553.3
67.463750	598.8
67.467500	573.7
67.471250	566.5
67.475000	566.1
67.478750	587.8
67.482500	585.7
67.486250	558.7
67.490000	546.8
67.493750	561.9
67.497500	586.1
67.501250	560.7
67.505000	533.0
67.508750	562.0
67.512500	580.6
67.516250	576.9
67.520000	569.1
67.523750	556.9
67.527500	554.8
67.531250	561.2
67.535000	588.5
67.538750	547.4
67.542500	515.8
67.546250	553.5
67.550000	599.9
67.553750	546.1
67.557500	531.3
67.561250	562.1
67.565000	555.4
67.568750	541.5
67.572500	552.0
67.576250	562.0
67.580000	547.0
67.583750	582.7
67.587500	538.4
67.591250	559.8
67.595000	533.5
67.598750	545.4
67.602500	568.7
67.606250	535.3
67.610000	534.6
67.613750	598.6
67.617500	592.0
67.621250	568.0
67.625000	580.2
67.628750	552.4
67.632500	593.2
67.636250	589.8
67.640000	559.8
67.643750	569.8
67.647500	602.3
67.651250	611.2
67.655000	570.3
67.658750	556.8
67.662500	521.7
67.666250	532.5
67.670000	552.7
67.673750	555.7
67.677500	561.8
67.681250	597.6
67.685000	587.1
67.688750	538.2
67.692500	570.2
67.696250	549.6
67.700000	555.5
67.703750	542.6
67.707500	530.3
67.711250	567.1
67.715000	513.0
67.718750	572.5
67.722500	579.7
67.726250	543.9
67.730000	562.3
67.733750	567.1
67.737500	574.8
67.741250	558.3
67.745000	520.7
67.748750	567.6
67.752500	548.9
67.756250	509.1
67.760000	563.3
67.763750	534.3
67.767500	525.2
67.771250	583.4
67.775000	526.9
67.778750	507.9
67.782500	576.1
67.786250	561.3
67.790000	523.1
67.793750	557.5
67.797500	539.5
67.801250	543.8
67.805000	500.2
67.808750	561.8
67.812500	560.8
67.816250	538.5
67.820000	540.0
67.823750	569.3
67.827500	547.6
67.831250	549.0
67.835000	554.3
67.838750	546.2
67.842500	548.4
67.846250	551.1
67.850000	537.3
67.853750	582.9
67.857500	570.7
67.861250	513.1
67.865000	545.6
67.868750	544.9
67.872500	583.0
67.876250	521.9
67.880000	534.8
67.883750	548.5
67.887500	537.9
67.891250	551.3
67.895000	536.0
67.898750	577.3
67.902500	540.0
67.906250	523.3
67.910000	548.0
67.913750	534.8
67.917500	578.9
67.921250	548.5
67.925000	560.4
67.928750	542.2
67.932500	530.9
67.936250	535.5
67.940000	577.5
67.943750	549.4
67.947500	545.8
67.951250	571.1
67.955000	594.5
67.958750	521.1
67.962500	537.4
67.966250	540.6
67.970000	512.0
67.973750	535.4
67.977500	533.8
67.981250	549.6
67.985000	568.0
67.988750	543.7
67.992500	532.1
67.996250	540.0
68.000000	563.3
68.003750	523.4
68.007500	507.8
68.011250	553.2
68.015000	570.9
68.018750	584.2
68.022500	541.4
68.026250	531.3
68.030000	568.2
68.033750	550.9
68.037500	539.0
68.041250	558.2
68.045000	535.7
68.048750	566.4
68.052500	539.1
68.056250	578.6
68.060000	568.3
68.063750	577.0
68.067500	577.3
68.071250	574.3
68.075000	578.6
68.078750	606.0
68.082500	556.3
68.086250	547.5
68.090000	560.8
68.093750	566.8
68.097500	586.8
68.101250	515.7
68.105000	589.5
68.108750	547.7
68.112500	572.5
68.116250	532.8
68.120000	548.4
68.123750	573.1
68.127500	605.3
68.131250	608.5
68.135000	571.0
68.138750	616.8
68.142500	581.5
68.146250	598.3
68.150000	614.6
68.153750	579.6
68.157500	646.7
68.161250	654.3
68.165000	607.2
68.168750	609.7
68.172500	616.4
68.176250	651.0
68.180000	660.5
68.183750	686.0
68.187500	693.1
68.191250	711.0
68.195000	750.0
68.198750	758.6
68.202500	748.9
68.206250	749.6
68.210000	756.4
68.213750	757.2
68.217500	746.1
68.221250	722.8
68.225000	747.7
68.228750	729.9
68.232500	706.3
68.236250	700.7
68.240000	651.9
68.243750	664.6
68.247500	633.5
68.251250	607.0
68.255000	586.8
68.258750	621.1
68.262500	606.7
68.266250	608.7
68.270000	596.5
68.273750	542.3
68.277500	545.3
68.281250	615.7
68.285000	575.9
68.288750	565.1
68.292500	645.6
68.296250	578.9
68.300000	562.5
68.303750	529.0
68.307500	562.7
68.311250	570.5
68.315000	534.3
68.318750	572.2
68.322500	598.0
68.326250	554.2
68.330000	540.3
68.333750	563.5
68.337500	607.3
68.341250	570.9
68.345000	580.4
68.348750	566.9
68.352500	547.4
68.356250	578.2
68.360000	579.8
68.363750	562.9
68.367500	526.1
68.371250	552.2
68.375000	543.5
68.378750	598.9
68.382500	559.3
68.386250	530.0
68.390000	537.2
68.393750	552.1
68.397500	527.8
68.401250	530.6
68.405000	585.4
68.408750	547.1
68.412500	522.8
68.416250	529.4
68.420000	564.7
68.423750	516.7
68.427500	509.3
68.431250	540.6
68.435000	557.8
68.438750	536.5
68.442500	516.7
68.446250	507.7
68.450000	564.9
68.453750	501.2
68.457500	544.7
68.461250	532.2
68.465000	515.9
68.468750	546.3
68.472500	517.1
68.476250	548.6
68.480000	513.3
68.483750	523.5
68.487500	515.8
68.491250	547.8
68.495000	509.9
68.498750	528.6
68.502500	519.3
68.506250	532.3
68.510000	543.5
68.513750	570.3
68.517500	520.0
68.521250	553.3
68.525000	576.7
68.528750	552.2
68.532500	542.7
68.536250	555.8
68.540000	557.0
68.543750	565.3
68.547500	531.2
68.551250	537.2
68.555000	549.8
68.558750	592.5
68.562500	571.5
68.566250	554.6
68.570000	542.1
68.573750	550.5
68.577500	525.1
68.581250	563.8
68.585000	539.9
68.588750	527.4
68.592500	530.6
68.596250	499.5
68.600000	535.4
68.603750	531.6
68.607500	542.2
68.611250	580.3
68.615000	582.3
68.618750	538.1
68.622500	555.5
68.626250	515.0
68.630000	559.0
68.633750	573.9
68.637500	595.6
68.641250	566.4
68.645000	592.4
68.648750	540.2
68.652500	526.6
68.656250	539.6
68.660000	522.9
68.663750	532.6
68.667500	550.0
68.671250	528.0
68.675000	568.4
68.678750	593.6
68.682500	571.9
68.686250	565.3
68.690000	541.0
68.693750	544.9
68.697500	542.0
68.701250	557.9
68.705000	535.1
68.708750	535.0
68.712500	564.3
68.716250	527.0
68.720000	515.6
68.723750	532.1
68.727500	572.6
68.731250	591.5
68.735000	556.8
68.738750	537.5
68.742500	552.5
68.746250	537.2
68.750000	527.3
68.753750	551.0
68.757500	554.8
68.761250	531.9
68.765000	557.5
68.768750	534.0
68.772500	566.8
68.776250	524.1
68.780000	509.9
68.783750	547.8
68.787500	547.6
68.791250	538.4
68.795000	545.0
68.798750	566.6
68.802500	565.7
68.806250	563.6
68.810000	543.0
68.813750	553.8
68.817500	567.9
68.821250	549.3
68.825000	563.2
68.828750	546.4
68.832500	526.3
68.836250	557.3
68.840000	556.3
68.843750	530.8
68.847500	554.9
68.851250	568.5
68.855000	526.5
68.858750	520.7
68.862500	570.3
68.866250	584.2
68.870000	583.2
68.873750	546.0
68.877500	579.1
68.881250	587.2
68.885000	600.4
68.888750	548.0
68.892500	578.7
68.896250	553.0
68.900000	515.2
68.903750	585.0
68.907500	545.1
68.911250	546.1
68.915000	591.5
68.918750	552.2
68.922500	519.6
68.926250	555.5
68.930000	570.0
68.933750	546.8
68.937500	553.9
68.941250	555.9
68.945000	553.9
68.948750	538.4
68.952500	540.7
68.956250	530.5
68.960000	548.8
68.963750	571.9
68.967500	529.5
68.971250	547.8
68.975000	566.7
68.978750	546.7
68.982500	571.5
68.986250	569.6
68.990000	589.3
68.993750	589.6
68.997500	549.9
69.001250	506.5
69.005000	560.2
69.008750	593.3
69.012500	524.1
69.016250	518.8
69.020000	539.3
69.023750	508.2
69.027500	539.5
69.031250	521.8
69.035000	510.6
69.038750	557.3
69.042500	566.7
69.046250	545.2
69.050000	545.8
69.053750	551.5
69.057500	550.4
69.061250	557.2
69.065000	548.9
69.068750	570.2
69.072500	588.6
69.076250	545.2
69.080000	573.5
69.083750	579.2
69.087500	550.7
69.091250	550.3
69.095000	551.7
69.098750	532.9
69.102500	535.1
69.106250	537.5
69.110000	519.6
69.113750	516.7
69.117500	565.0
69.121250	550.2
69.125000	583.5
69.128750	537.1
69.132500	482.5
69.136250	523.8
69.140000	555.3
69.143750	583.3
69.147500	542.0
69.151250	507.9
69.155000	562.0
69.158750	504.3
69.162500	558.3
69.166250	553.7
69.170000	536.2
69.173750	577.5
69.177500	542.7
69.181250	501.3
69.185000	535.0
69.188750	530.4
69.192500	567.6
69.196250	533.3
69.200000	520.5
69.203750	548.2
69.207500	528.8
69.211250	524.5
69.215000	564.6
69.218750	565.7
69.222500	554.3
69.226250	514.7
69.230000	521.1
69.233750	568.6
69.237500	545.1
69.241250	501.9
69.245000	514.0
69.248750	549.2
69.252500	568.7
69.256250	552.0
69.260000	530.7
69.263750	500.1
69.267500	525.5
69.271250	543.4
69.275000	573.4
69.278750	578.4
69.282500	530.6
69.286250	526.0
69.290000	549.4
69.293750	559.7
69.297500	551.2
69.301250	549.3
69.305000	551.2
69.308750	558.2
69.312500	571.9
69.316250	539.3
69.320000	553.0
69.323750	527.9
69.327500	560.6
69.331250	569.5
69.335000	562.2
69.338750	549.9
69.342500	528.0
69.346250	518.5
69.350000	541.8
69.353750	542.4
69.357500	542.8
69.361250	528.8
69.365000	516.2
69.368750	548.4
69.372500	534.2
69.376250	560.4
69.380000	477.2
69.383750	552.7
69.387500	548.2
69.391250	546.8
69.395000	577.6
69.398750	527.4
69.402500	557.8
69.406250	548.8
69.410000	549.9
69.413750	568.7
69.417500	552.3
69.421250	575.5
69.425000	569.2
69.428750	556.0
69.432500	511.8
69.436250	521.2
69.440000	530.0
69.443750	544.6
69.447500	495.9
69.451250	532.5
69.455000	584.8
69.458750	480.6
69.462500	506.3
69.466250	546.4
69.470000	541.2
69.473750	491.1
69.477500	546.9
69.481250	526.1
69.485000	508.6
69.488750	499.9
69.492500	507.5
69.496250	518.8
69.500000	530.3
69.503750	531.8
69.507500	500.8
69.511250	511.1
69.515000	505.9
69.518750	533.9
69.522500	518.4
69.526250	534.6
69.530000	522.4
69.533750	531.4
69.537500	523.8
69.541250	533.5
69.545000	582.4
69.548750	523.0
69.552500	513.0
69.556250	509.8
69.560000	548.9
69.563750	566.1
69.567500	564.8
69.571250	547.3
69.575000	531.4
69.578750	546.0
69.582500	517.5
69.586250	534.4
69.590000	563.1
69.593750	555.2
69.597500	531.9
69.601250	526.4
69.605000	534.1
69.608750	525.4
69.612500	566.2
69.616250	539.3
69.620000	523.0
69.623750	516.5
69.627500	559.3
69.631250	541.3
69.635000	543.2
69.638750	578.6
69.642500	523.5
69.646250	565.6
69.650000	568.3
69.653750	555.3
69.657500	553.3
69.661250	535.1
69.665000	551.5
69.668750	518.1
69.672500	528.4
69.676250	560.2
69.680000	516.3
69.683750	519.5
69.687500	556.5
69.691250	569.8
69.695000	567.1
69.698750	549.3
69.702500	548.0
69.706250	561.0
69.710000	578.1
69.713750	548.2
69.717500	517.5
69.721250	559.0
69.725000	541.3
69.728750	571.2
69.732500	581.4
69.736250	564.3
69.740000	565.7
69.743750	532.1
69.747500	519.9
69.751250	563.3
69.755000	581.6
69.758750	538.1
69.762500	515.5
69.766250	538.9
69.770000	575.8
69.773750	519.9
69.777500	513.5
69.781250	597.4
69.785000	552.8
69.788750	517.4
69.792500	551.9
69.796250	556.0
69.800000	570.7
69.803750	532.6
69.807500	545.5
69.811250	518.0
69.815000	563.4
69.818750	524.5
69.822500	555.2
69.826250	530.0
69.830000	513.4
69.833750	582.3
69.837500	544.1
69.841250	528.1
69.845000	552.1
69.848750	525.6
69.852500	520.6
69.856250	532.0
69.860000	498.0
69.863750	534.8
69.867500	563.8
69.871250	542.4
69.875000	511.7
69.878750	544.5
69.882500	536.4
69.886250	526.9
69.890000	507.0
69.893750	541.2
69.897500	548.2
69.901250	512.4
69.905000	500.3
69.908750	545.4
69.912500	554.8
69.916250	546.0
69.920000	524.7
69.923750	510.6
69.927500	534.2
69.931250	509.5
69.935000	526.7
69.938750	543.2
69.942500	534.6
69.946250	521.1
69.950000	517.5
69.953750	531.9
69.957500	554.5
69.961250	459.5
69.965000	510.8
69.968750	513.0
69.972500	549.5
69.976250	541.5
69.980000	570.4
69.983750	488.4
69.987500	486.6
69.991250	504.1
69.995000	531.7
69.998750	548.9
70.002500	532.8
70.006250	533.2
70.010000	493.4
70.013750	530.4
70.017500	556.7
70.021250	506.6
70.025000	496.8
70.028750	520.9
70.032500	516.4
70.036250	517.5
70.040000	565.7
70.043750	556.9
70.047500	535.4
70.051250	557.7
70.055000	538.9
70.058750	517.6
70.062500	561.7
70.066250	558.3
70.070000	516.1
70.073750	533.4
70.077500	524.7
70.081250	539.3
70.085000	504.7
70.088750	540.7
70.092500	573.6
70.096250	516.2
70.100000	561.8
70.103750	568.6
70.107500	494.2
70.111250	555.2
70.115000	504.8
70.118750	528.2
70.122500	529.4
70.126250	559.9
70.130000	544.2
70.133750	514.2
70.137500	503.2
70.141250	542.5
70.145000	513.5
70.148750	494.9
70.152500	547.8
70.156250	544.4
70.160000	540.3
70.163750	552.1
70.167500	511.9
70.171250	556.0
70.175000	568.2
70.178750	571.7
70.182500	532.9
70.186250	502.2
70.190000	558.1
70.193750	567.8
70.197500	588.4
70.201250	587.1
70.205000	533.2
70.208750	522.5
70.212500	539.7
70.216250	524.3
70.220000	571.1
70.223750	577.0
70.227500	536.8
70.231250	528.3
70.235000	546.6
70.238750	560.2
70.242500	549.2
70.246250	522.9
70.250000	556.3
70.253750	574.7
70.257500	549.5
70.261250	548.3
70.265000	565.8
70.268750	557.2
70.272500	539.8
70.276250	532.5
70.280000	540.0
70.283750	548.0
70.287500	545.1
70.291250	556.8
70.295000	544.4
70.298750	525.5
70.302500	544.7
70.306250	559.5
70.310000	566.3
70.313750	558.9
70.317500	537.8
70.321250	526.8
70.325000	546.4
70.328750	536.6
70.332500	547.0
70.336250	561.8
70.340000	527.2
70.343750	552.8
70.347500	550.6
70.351250	560.7
70.355000	532.6
70.358750	516.6
70.362500	511.5
70.366250	521.0
70.370000	549.9
70.373750	552.8
70.377500	566.7
70.381250	565.1
70.385000	567.5
70.388750	557.2
70.392500	597.8
70.396250	575.1
70.400000	574.7
70.403750	576.8
70.407500	564.6
70.411250	576.1
70.415000	578.7
70.418750	533.9
70.422500	567.0
70.426250	523.5
70.430000	555.1
70.433750	555.9
70.437500	550.5
70.441250	558.8
70.445000	576.2
70.448750	554.7
70.452500	549.9
70.456250	542.8
70.460000	576.9
70.463750	578.1
70.467500	568.4
70.471250	544.5
70.475000	540.8
70.478750	587.5
70.482500	571.9
70.486250	568.5
70.490000	523.0
70.493750	530.5
70.497500	555.4
70.501250	562.7
70.505000	600.9
70.508750	593.1
70.512500	545.5
70.516250	572.4
70.520000	592.6
70.523750	581.9
70.527500	526.8
70.531250	552.3
70.535000	576.9
70.538750	571.2
70.542500	575.1
70.546250	536.3
70.550000	558.4
70.553750	574.9
70.557500	626.0
70.561250	553.0
70.565000	556.3
70.568750	608.4
70.572500	505.3
70.576250	558.2
70.580000	559.9
70.583750	539.5
70.587500	558.2
70.591250	577.3
70.595000	518.5
70.598750	541.3
70.602500	618.4
70.606250	577.0
70.610000	603.8
70.613750	569.9
70.617500	523.8
70.621250	532.0
70.625000	533.6
70.628750	573.5
70.632500	546.6
70.636250	557.2
70.640000	557.5
70.643750	571.7
70.647500	526.0
70.651250	523.6
70.655000	572.4
70.658750	518.4
70.662500	541.3
70.666250	574.9
70.670000	574.5
70.673750	506.5
70.677500	560.4
70.681250	566.7
70.685000	543.9
70.688750	585.8
70.692500	548.9
70.696250	561.0
70.700000	529.2
70.703750	525.8
70.707500	535.7
70.711250	518.6
70.715000	545.4
70.718750	577.1
70.722500	541.9
70.726250	552.1
70.730000	562.3
70.733750	570.8
70.737500	544.4
70.741250	537.2
70.745000	533.5
70.748750	548.8
70.752500	572.1
70.756250	539.2
70.760000	527.8
70.763750	535.8
70.767500	541.3
70.771250	547.0
70.775000	557.3
70.778750	565.6
70.782500	535.9
70.786250	553.1
70.790000	570.7
70.793750	586.5
70.797500	571.9
70.801250	541.5
70.805000	547.5
70.808750	545.6
70.812500	569.9
70.816250	537.7
70.820000	552.1
70.823750	599.1
70.827500	610.0
70.831250	593.7
70.835000	591.0
70.838750	578.1
70.842500	577.7
70.846250	559.1
70.850000	535.2
70.853750	551.1
70.857500	528.6
70.861250	526.4
70.865000	555.9
70.868750	566.0
70.872500	552.4
70.876250	553.1
70.880000	524.8
70.883750	533.0
70.887500	573.1
70.891250	565.4
70.895000	570.0
70.898750	608.3
70.902500	566.3
70.906250	576.7
70.910000	562.5
70.913750	565.8
70.917500	573.6
70.921250	543.9
70.925000	545.9
70.928750	556.7
70.932500	553.6
70.936250	577.3
70.940000	583.7
70.943750	563.5
70.947500	526.1
70.951250	562.2
70.955000	548.4
70.958750	547.9
70.962500	617.5
70.966250	613.1
70.970000	549.7
70.973750	548.5
70.977500	575.6
70.981250	571.4
70.985000	520.9
70.988750	578.3
70.992500	608.1
70.996250	551.5
71.000000	591.5
71.003750	605.1
71.007500	538.6
71.011250	575.9
71.015000	565.2
71.018750	611.7
71.022500	572.9
71.026250	515.0
71.030000	606.1
71.033750	630.7
71.037500	563.7
71.041250	574.3
71.045000	612.1
71.048750	593.6
71.052500	532.1
71.056250	567.5
71.060000	591.0
71.063750	540.2
71.067500	587.8
71.071250	602.4
71.075000	534.9
71.078750	559.3
71.082500	596.0
71.086250	576.2
71.090000	560.4
71.093750	561.0
71.097500	573.3
71.101250	596.3
71.105000	592.7
71.108750	561.8
71.112500	547.8
71.116250	587.6
71.120000	579.0
71.123750	603.8
71.127500	552.9
71.131250	554.2
71.135000	591.4
71.138750	562.4
71.142500	522.4
71.146250	598.0
71.150000	631.9
71.153750	576.2
71.157500	558.7
71.161250	601.8
71.165000	647.4
71.168750	558.8
71.172500	575.7
71.176250	618.2
71.180000	585.2
71.183750	626.9
71.187500	589.5
71.191250	615.7
71.195000	590.1
71.198750	596.4
71.202500	582.4
71.206250	621.4
71.210000	630.8
71.213750	637.9
71.217500	569.5
71.221250	593.0
71.225000	567.9
71.228750	548.3
71.232500	591.0
71.236250	630.2
71.240000	638.5
71.243750	634.2
71.247500	580.4
71.251250	571.5
71.255000	567.1
71.258750	619.8
71.262500	608.2
71.266250	548.4
71.270000	572.7
71.273750	557.8
71.277500	586.8
71.281250	603.1
71.285000	600.6
71.288750	563.9
71.292500	570.8
71.296250	616.3
71.300000	605.7
71.303750	547.3
71.307500	584.3
71.311250	597.3
71.315000	588.6
71.318750	568.4
71.322500	592.2
71.326250	578.3
71.330000	577.1
71.333750	529.5
71.337500	542.7
71.341250	572.7
71.345000	573.5
71.348750	564.2
71.352500	564.3
71.356250	595.5
71.360000	582.7
71.363750	546.2
71.367500	573.3
71.371250	513.7
71.375000	544.4
71.378750	564.7
71.382500	567.7
71.386250	584.7
71.390000	520.0
71.393750	548.2
71.397500	574.9
71.401250	533.4
71.405000	585.4
71.408750	531.0
71.412500	522.7
71.416250	564.6
71.420000	579.6
71.423750	554.7
71.427500	545.9
71.431250	549.7
71.435000	561.8
71.438750	562.2
71.442500	558.1
71.446250	511.1
71.450000	537.5
71.453750	553.0
71.457500	570.0
71.461250	507.3
71.465000	578.9
71.468750	566.8
71.472500	577.9
71.476250	520.6
71.480000	515.7
71.483750	547.1
71.487500	575.0
71.491250	561.2
71.495000	539.7
71.498750	492.9
71.502500	563.7
71.506250	539.7
71.510000	563.0
71.513750	558.7
71.517500	533.5
71.521250	541.1
71.525000	523.5
71.528750	562.6
71.532500	536.3
71.536250	522.9
71.540000	533.1
71.543750	573.2
71.547500	557.3
71.551250	539.8
71.555000	569.8
71.558750	607.0
71.562500	559.6
71.566250	560.5
71.570000	537.7
71.573750	532.1
71.577500	525.6
71.581250	543.9
71.585000	538.2
71.588750	542.1
71.592500	549.1
71.596250	592.0
71.600000	545.9
71.603750	515.0
71.607500	521.3
71.611250	519.4
71.615000	544.7
71.618750	558.7
71.622500	551.5
71.626250	571.6
71.630000	517.8
71.633750	511.7
71.637500	559.2
71.641250	527.7
71.645000	569.5
71.648750	535.8
71.652500	559.3
71.656250	529.9
71.660000	509.7
71.663750	557.4
71.667500	560.9
71.671250	582.0
71.675000	532.1
71.678750	569.5
71.682500	592.7
71.686250	537.1
71.690000	568.2
71.693750	565.8
71.697500	542.7
71.701250	593.0
71.705000	557.3
71.708750	576.4
71.712500	583.7
71.716250	563.6
71.720000	542.1
71.723750	596.3
71.727500	589.0
71.731250	556.7
71.735000	576.9
71.738750	537.4
71.742500	524.6
71.746250	578.0
71.750000	551.0
71.753750	559.1
71.757500	531.4
71.761250	537.1
71.765000	562.9
71.768750	555.8
71.772500	522.2
71.776250	575.4
71.780000	610.9
71.783750	576.7
71.787500	574.3
71.791250	566.3
71.795000	540.9
71.798750	568.9
71.802500	596.9
71.806250	529.2
71.810000	522.1
71.813750	518.9
71.817500	567.9
71.821250	573.8
71.825000	565.0
71.828750	573.8
71.832500	555.9
71.836250	521.3
71.840000	549.7
71.843750	563.7
71.847500	572.0
71.851250	566.0
71.855000	554.5
71.858750	629.5
71.862500	616.8
71.866250	594.2
71.870000	624.8
71.873750	597.0
71.877500	559.9
71.881250	569.5
71.885000	549.5
71.888750	555.4
71.892500	606.5
71.896250	547.5
71.900000	541.4
71.903750	576.6
71.907500	569.5
71.911250	540.0
71.915000	567.2
71.918750	563.9
71.922500	562.5
71.926250	601.9
71.930000	586.2
71.933750	568.6
71.937500	574.3
71.941250	568.1
71.945000	554.5
71.948750	569.3
71.952500	613.1
71.956250	577.8
71.960000	564.9
71.963750	552.2
71.967500	544.3
71.971250	547.2
71.975000	564.2
71.978750	556.0
71.982500	571.7
71.986250	555.0
71.990000	564.0
71.993750	581.6
71.997500	567.7
72.001250	558.2
72.005000	577.8
72.008750	553.8
72.012500	565.7
72.016250	572.4
72.020000	557.5
72.023750	581.4
72.027500	544.2
72.031250	572.2
72.035000	543.9
72.038750	575.0
72.042500	538.7
72.046250	572.5
72.050000	523.2
72.053750	574.8
72.057500	591.8
72.061250	560.0
72.065000	592.5
72.068750	538.4
72.072500	536.9
72.076250	570.1
72.080000	574.9
72.083750	607.4
72.087500	536.9
72.091250	585.5
72.095000	541.2
72.098750	533.2
72.102500	558.0
72.106250	555.2
72.110000	590.3
72.113750	539.4
72.117500	530.6
72.121250	559.3
72.125000	559.4
72.128750	515.6
72.132500	540.0
72.136250	549.1
72.140000	537.9
72.143750	546.3
72.147500	565.2
72.151250	547.7
72.155000	560.7
72.158750	605.4
72.162500	521.3
72.166250	501.1
72.170000	531.6
72.173750	574.7
72.177500	518.3
72.181250	538.4
72.185000	519.7
72.188750	509.7
72.192500	580.8
72.196250	527.5
72.200000	542.3
72.203750	555.9
72.207500	548.2
72.211250	543.3
72.215000	549.5
72.218750	559.1
72.222500	545.8
72.226250	547.9
72.230000	547.3
72.233750	542.3
72.237500	523.0
72.241250	523.2
72.245000	528.7
72.248750	543.4
72.252500	531.0
72.256250	535.1
72.260000	538.8
72.263750	517.5
72.267500	544.9
72.271250	584.2
72.275000	506.1
72.278750	497.6
72.282500	502.3
72.286250	504.4
72.290000	517.9
72.293750	526.9
72.297500	530.4
72.301250	535.9
72.305000	541.0
72.308750	524.5
72.312500	518.2
72.316250	518.3
72.320000	521.3
72.323750	557.9
72.327500	555.8
72.331250	553.6
72.335000	541.8
72.338750	588.0
72.342500	543.6
72.346250	516.0
72.350000	523.5
72.353750	549.3
72.357500	541.1
72.361250	496.9
72.365000	487.1
72.368750	538.1
72.372500	525.7
72.376250	488.1
72.380000	547.6
72.383750	516.2
72.387500	519.7
72.391250	574.3
72.395000	556.4
72.398750	467.7
72.402500	524.4
72.406250	541.8
72.410000	524.6
72.413750	530.9
72.417500	545.9
72.421250	524.7
72.425000	542.1
72.428750	533.6
72.432500	542.4
72.436250	560.8
72.440000	520.0
72.443750	547.9
72.447500	543.0
72.451250	536.4
72.455000	523.5
72.458750	505.7
72.462500	497.9
72.466250	531.2
72.470000	553.1
72.473750	549.7
72.477500	546.6
72.481250	545.2
72.485000	550.7
72.488750	524.0
72.492500	527.4
72.496250	539.8
72.500000	553.4
72.503750	548.8
72.507500	565.4
72.511250	542.1
72.515000	542.5
72.518750	539.9
72.522500	506.7
72.526250	545.4
72.530000	570.6
72.533750	509.0
72.537500	519.0
72.541250	518.3
72.545000	537.3
72.548750	566.4
72.552500	578.2
72.556250	546.3
72.560000	527.8
72.563750	512.3
72.567500	528.5
72.571250	516.7
72.575000	520.1
72.578750	534.2
72.582500	526.9
72.586250	542.6
72.590000	562.1
72.593750	549.3
72.597500	532.3
72.601250	535.5
72.605000	499.5
72.608750	536.7
72.612500	532.5
72.616250	521.6
72.620000	548.1
72.623750	512.0
72.627500	523.2
72.631250	564.0
72.635000	558.2
72.638750	539.3
72.642500	580.7
72.646250	539.8
72.650000	536.6
72.653750	548.1
72.657500	529.1
72.661250	528.9
72.665000	559.8
72.668750	570.2
72.672500	529.6
72.676250	555.0
72.680000	539.0
72.683750	532.4
72.687500	512.0
72.691250	576.4
72.695000	556.2
72.698750	546.0
72.702500	560.9
72.706250	581.9
72.710000	543.3
72.713750	542.7
72.717500	564.2
72.721250	515.4
72.725000	524.8
72.728750	518.6
72.732500	546.5
72.736250	557.3
72.740000	511.9
72.743750	498.3
72.747500	527.4
72.751250	535.1
72.755000	534.8
72.758750	529.2
72.762500	574.6
72.766250	552.8
72.770000	560.2
72.773750	545.6
72.777500	517.4
72.781250	550.6
72.785000	553.2
72.788750	537.7
72.792500	522.0
72.796250	515.0
72.800000	536.0
72.803750	531.5
72.807500	532.4
72.811250	539.1
72.815000	506.7
72.818750	514.4
72.822500	531.0
72.826250	521.2
72.830000	586.1
72.833750	575.3
72.837500	543.4
72.841250	528.6
72.845000	502.2
72.848750	553.1
72.852500	521.1
72.856250	525.1
72.860000	557.2
72.863750	551.5
72.867500	544.5
72.871250	570.8
72.875000	552.5
72.878750	546.2
72.882500	548.4
72.886250	551.6
72.890000	547.3
72.893750	504.0
72.897500	549.9
72.901250	553.4
72.905000	519.2
72.908750	563.1
72.912500	524.5
72.916250	539.7
72.920000	496.7
72.923750	547.5
72.927500	561.4
72.931250	535.6
72.935000	505.2
72.938750	561.7
72.942500	561.0
72.946250	547.2
72.950000	568.0
72.953750	550.9
72.957500	537.7
72.961250	528.1
72.965000	521.8
72.968750	528.7
72.972500	549.7
72.976250	533.7
72.980000	529.3
72.983750	562.8
72.987500	538.8
72.991250	521.9
72.995000	552.1
72.998750	498.7
73.002500	518.4
73.006250	552.6
73.010000	528.3
73.013750	570.0
73.017500	557.3
73.021250	500.3
73.025000	560.7
73.028750	534.6
73.032500	522.6
73.036250	541.0
73.040000	564.0
73.043750	574.2
73.047500	569.4
73.051250	535.8
73.055000	531.7
73.058750	557.4
73.062500	545.4
73.066250	560.6
73.070000	591.6
73.073750	534.6
73.077500	543.4
73.081250	536.1
73.085000	541.2
73.088750	572.0
73.092500	560.4
73.096250	591.5
73.100000	568.7
73.103750	551.3
73.107500	564.3
73.111250	587.3
73.115000	568.3
73.118750	552.6
73.122500	545.4
73.126250	570.2
73.130000	560.5
73.133750	575.9
73.137500	514.9
73.141250	579.7
73.145000	537.3
73.148750	594.8
73.152500	562.4
73.156250	574.8
73.160000	546.9
73.163750	566.5
73.167500	529.6
73.171250	536.1
73.175000	572.6
73.178750	536.8
73.182500	507.9
73.186250	553.3
73.190000	544.4
73.193750	576.4
73.197500	577.7
73.201250	518.5
73.205000	545.3
73.208750	559.5
73.212500	553.0
73.216250	545.6
73.220000	530.3
73.223750	555.9
73.227500	523.7
73.231250	573.4
73.235000	593.5
73.238750	579.7
73.242500	541.0
73.246250	558.7
73.250000	555.2
73.253750	566.9
73.257500	574.6
73.261250	586.3
73.265000	607.3
73.268750	551.9
73.272500	567.5
73.276250	585.0
73.280000	585.2
73.283750	595.0
73.287500	558.6
73.291250	559.2
73.295000	531.1
73.298750	547.1
73.302500	555.3
73.306250	573.3
73.310000	579.5
73.313750	543.3
73.317500	570.4
73.321250	586.8
73.325000	577.1
73.328750	546.4
73.332500	556.4
73.336250	538.3
73.340000	543.0
73.343750	571.6
73.347500	559.5
73.351250	565.1
73.355000	606.7
73.358750	593.3
73.362500	582.7
73.366250	567.6
73.370000	578.3
73.373750	595.2
73.377500	611.5
73.381250	585.8
73.385000	596.7
73.388750	618.6
73.392500	620.1
73.396250	542.2
73.400000	588.5
73.403750	576.8
73.407500	594.8
73.411250	581.6
73.415000	590.0
73.418750	620.5
73.422500	572.5
73.426250	616.9
73.430000	573.5
73.433750	569.9
73.437500	566.3
73.441250	610.3
73.445000	598.0
73.448750	606.5
73.452500	617.4
73.456250	593.6
73.460000	612.2
73.463750	604.9
73.467500	603.8
73.471250	589.3
73.475000	606.2
73.478750	649.4
73.482500	622.8
73.486250	601.5
73.490000	551.9
73.493750	576.6
73.497500	622.8
73.501250	591.2
73.505000	644.7
73.508750	617.4
73.512500	563.9
73.516250	592.1
73.520000	565.9
73.523750	575.0
73.527500	586.5
73.531250	556.9
73.535000	523.5
73.538750	564.7
73.542500	573.5
73.546250	579.8
73.550000	590.5
73.553750	559.6
73.557500	570.2
73.561250	594.3
73.565000	602.5
73.568750	564.6
73.572500	566.0
73.576250	577.2
73.580000	588.7
73.583750	617.1
73.587500	572.0
73.591250	570.1
73.595000	603.7
73.598750	587.9
73.602500	586.3
73.606250	558.1
73.610000	545.4
73.613750	582.8
73.617500	563.2
73.621250	574.7
73.625000	589.5
73.628750	564.5
73.632500	545.1
73.636250	559.7
73.640000	573.5
73.643750	592.9
73.647500	539.9
73.651250	537.6
73.655000	554.8
73.658750	566.7
73.662500	540.5
73.666250	529.9
73.670000	534.5
73.673750	543.2
73.677500	578.2
73.681250	595.5
73.685000	555.7
73.688750	537.7
73.692500	555.6
73.696250	565.1
73.700000	568.8
73.703750	533.1
73.707500	559.7
73.711250	585.1
73.715000	555.1
73.718750	532.8
73.722500	568.1
73.726250	528.3
73.730000	512.8
73.733750	547.1
73.737500	541.2
73.741250	524.3
73.745000	599.8
73.748750	540.0
73.752500	541.4
73.756250	580.2
73.760000	560.6
73.763750	551.7
73.767500	555.3
73.771250	567.0
73.775000	550.9
73.778750	546.3
73.782500	547.7
73.786250	541.7
73.790000	555.5
73.793750	537.7
73.797500	544.7
73.801250	547.8
73.805000	546.7
73.808750	542.8
73.812500	594.2
73.816250	544.5
73.820000	512.9
73.823750	581.7
73.827500	579.5
73.831250	554.7
73.835000	547.3
73.838750	544.1
73.842500	521.8
73.846250	552.5
73.850000	578.7
73.853750	568.4
73.857500	572.2
73.861250	560.4
73.865000	535.4
73.868750	540.4
73.872500	523.8
73.876250	530.5
73.880000	550.8
73.883750	550.4
73.887500	548.4
73.891250	547.9
73.895000	529.5
73.898750	527.7
73.902500	524.3
73.906250	536.7
73.910000	544.2
73.913750	569.6
73.917500	536.6
73.921250	570.2
73.925000	553.4
73.928750	510.3
73.932500	551.7
73.936250	542.5
73.940000	550.7
73.943750	552.0
73.947500	531.3
73.951250	529.4
73.955000	533.8
73.958750	529.2
73.962500	542.5
73.966250	540.6
73.970000	546.6
73.973750	535.3
73.977500	584.0
73.981250	578.5
73.985000	535.4
73.988750	547.6
73.992500	526.7
73.996250	537.1
74.000000	530.1
74.003750	600.3
74.007500	589.0
74.011250	522.6
74.015000	555.1
74.018750	549.8
74.022500	562.6
74.026250	531.9
74.030000	590.2
74.033750	581.0
74.037500	539.6
74.041250	592.8
74.045000	602.4
74.048750	526.8
74.052500	559.1
74.056250	586.2
74.060000	625.4
74.063750	583.0
74.067500	591.4
74.071250	551.3
74.075000	576.4
74.078750	555.7
74.082500	568.3
74.086250	562.6
74.090000	558.6
74.093750	583.8
74.097500	551.5
74.101250	581.8
74.105000	590.5
74.108750	558.0
74.112500	550.3
74.116250	561.2
74.120000	587.5
74.123750	562.9
74.127500	571.5
74.131250	582.6
74.135000	592.4
74.138750	548.3
74.142500	574.7
74.146250	564.5
74.150000	553.4
74.153750	553.1
74.157500	577.1
74.161250	589.9
74.165000	555.9
74.168750	539.3
74.172500	542.7
74.176250	537.4
74.180000	547.2
74.183750	570.5
74.187500	578.9
74.191250	562.5
74.195000	532.5
74.198750	509.0
74.202500	569.9
74.206250	585.4
74.210000	598.9
74.213750	557.7
74.217500	549.2
74.221250	584.0
74.225000	583.9
74.228750	548.6
74.232500	588.3
74.236250	592.4
74.240000	593.7
74.243750	579.2
74.247500	582.1
74.251250	556.9
74.255000	577.5
74.258750	531.9
74.262500	561.9
74.266250	582.4
74.270000	574.3
74.273750	589.4
74.277500	564.1
74.281250	565.3
74.285000	564.5
74.288750	557.0
74.292500	554.3
74.296250	541.3
74.300000	570.7
74.303750	587.8
74.307500	581.6
74.311250	546.3
74.315000	548.1
74.318750	576.8
74.322500	549.0
74.326250	538.8
74.330000	544.3
74.333750	541.6
74.337500	548.0
74.341250	559.3
74.345000	546.8
74.348750	563.3
74.352500	554.9
74.356250	540.9
74.360000	542.1
74.363750	584.4
74.367500	493.6
74.371250	557.9
74.375000	586.3
74.378750	565.1
74.382500	538.8
74.386250	585.9
74.390000	580.1
74.393750	565.6
74.397500	579.4
74.401250	605.7
74.405000	558.8
74.408750	532.7
74.412500	587.2
74.416250	555.0
74.420000	572.3
74.423750	541.7
74.427500	575.9
74.431250	544.9
74.435000	569.8
74.438750	564.7
74.442500	569.9
74.446250	555.0
74.450000	578.4
74.453750	581.8
74.457500	590.6
74.461250	568.4
74.465000	551.8
74.468750	538.4
74.472500	548.4
74.476250	543.9
74.480000	545.5
74.483750	564.0
74.487500	536.3
74.491250	542.5
74.495000	517.7
74.498750	501.1
74.502500	530.6
74.506250	521.4
74.510000	551.0
74.513750	532.5
74.517500	548.6
74.521250	516.8
74.525000	521.8
74.528750	539.0
74.532500	537.3
74.536250	467.9
74.540000	532.2
74.543750	574.8
74.547500	535.0
74.551250	543.1
74.555000	534.5
74.558750	531.4
74.562500	524.1
74.566250	528.4
74.570000	518.5
74.573750	530.5
74.577500	568.4
74.581250	499.0
74.585000	501.8
74.588750	566.8
74.592500	473.2
74.596250	531.8
74.600000	548.0
74.603750	548.9
74.607500	547.2
74.611250	538.7
74.615000	542.2
74.618750	535.9
74.622500	519.3
74.626250	549.8
74.630000	499.6
74.633750	562.2
74.637500	552.2
74.641250	553.8
74.645000	535.7
74.648750	511.5
74.652500	557.6
74.656250	514.8
74.660000	522.8
74.663750	569.3
74.667500	528.9
74.671250	545.6
74.675000	519.3
74.678750	571.9
74.682500	543.2
74.686250	573.4
74.690000	573.5
74.693750	552.6
74.697500	565.3
74.701250	519.7
74.705000	526.0
74.708750	508.5
74.712500	552.0
74.716250	530.6
74.720000	565.6
74.723750	560.2
74.727500	523.3
74.731250	547.2
74.735000	486.6
74.738750	554.2
74.742500	554.1
74.746250	514.1
74.750000	530.5
74.753750	528.7
74.757500	545.8
74.761250	534.3
74.765000	515.1
74.768750	507.8
74.772500	538.3
74.776250	550.5
74.780000	516.6
74.783750	540.3
74.787500	552.0
74.791250	551.2
74.795000	537.4
74.798750	538.7
74.802500	527.6
74.806250	568.9
74.810000	568.3
74.813750	535.7
74.817500	523.0
74.821250	529.3
74.825000	513.6
74.828750	536.3
74.832500	552.3
74.836250	550.1
74.840000	557.9
74.843750	523.0
74.847500	532.7
74.851250	540.9
74.855000	526.3
74.858750	568.6
74.862500	501.9
74.866250	516.6
74.870000	546.6
74.873750	541.4
74.877500	567.5
74.881250	585.2
74.885000	524.8
74.888750	537.0
74.892500	528.0
74.896250	556.6
74.900000	563.4
74.903750	500.1
74.907500	557.1
74.911250	549.9
74.915000	558.1
74.918750	544.2
74.922500	516.9
74.926250	525.2
74.930000	552.0
74.933750	538.4
74.937500	552.7
74.941250	530.8
74.945000	488.6
74.948750	536.8
74.952500	559.5
74.956250	484.3
74.960000	528.0
74.963750	572.4
74.967500	541.8
74.971250	544.5
74.975000	516.8
74.978750	528.4
74.982500	545.6
74.986250	567.5
74.990000	552.3
74.993750	564.3
74.997500	537.9
75.001250	559.5
75.005000	584.2
75.008750	559.4
75.012500	538.7
75.016250	528.9
75.020000	549.0
75.023750	535.3
75.027500	540.5
75.031250	562.0
75.035000	572.5
75.038750	578.7
75.042500	520.0
75.046250	570.4
75.050000	524.2
75.053750	575.6
75.057500	546.4
75.061250	565.4
75.065000	560.5
75.068750	525.7
75.072500	585.7
75.076250	521.3
75.080000	573.7
75.083750	602.7
75.087500	556.1
75.091250	535.9
75.095000	573.8
75.098750	554.5
75.102500	532.0
75.106250	601.7
75.110000	584.3
75.113750	592.0
75.117500	572.3
75.121250	559.4
75.125000	532.5
75.128750	539.0
75.132500	553.9
75.136250	556.6
75.140000	536.2
75.143750	565.2
75.147500	546.1
75.151250	543.6
75.155000	547.0
75.158750	513.9
75.162500	522.0
75.166250	554.0
75.170000	572.7
75.173750	536.3
75.177500	578.1
75.181250	566.9
75.185000	502.8
75.188750	566.4
75.192500	560.2
75.196250	566.4
75.200000	582.0
75.203750	545.3
75.207500	542.2
75.211250	593.2
75.215000	585.2
75.218750	568.8
75.222500	583.6
75.226250	602.0
75.230000	584.0
75.233750	590.9
75.237500	569.9
75.241250	550.2
75.245000	579.2
75.248750	586.1
75.252500	605.0
75.256250	617.8
75.260000	637.2
75.263750	607.6
75.267500	612.0
75.271250	677.2
75.275000	694.9
75.278750	682.1
75.282500	684.4
75.286250	718.8
75.290000	744.5
75.293750	808.0
75.297500	826.9
75.301250	845.4
75.305000	857.4
75.308750	831.1
75.312500	870.8
75.316250	862.3
75.320000	853.7
75.323750	878.1
75.327500	851.0
75.331250	828.6
75.335000	866.3
75.338750	908.0
75.342500	847.5
75.346250	852.4
75.350000	765.1
75.353750	771.9
75.357500	746.0
75.361250	713.5
75.365000	680.5
75.368750	654.7
75.372500	629.2
75.376250	627.0
75.380000	682.1
75.383750	620.3
75.387500	600.0
75.391250	588.7
75.395000	624.2
75.398750	572.1
75.402500	559.7
75.406250	565.7
75.410000	574.8
75.413750	543.8
75.417500	583.6
75.421250	554.9
75.425000	583.5
75.428750	569.4
75.432500	564.2
75.436250	533.4
75.440000	555.0
75.443750	542.5
75.447500	522.3
75.451250	559.9
75.455000	535.7
75.458750	540.1
75.462500	550.3
75.466250	562.3
75.470000	545.9
75.473750	539.6
75.477500	556.4
75.481250	525.3
75.485000	526.4
75.488750	530.6
75.492500	578.9
75.496250	551.4
75.500000	530.6
75.503750	515.9
75.507500	525.3
75.511250	540.5
75.515000	495.1
75.518750	520.0
75.522500	574.9
75.526250	569.7
75.530000	541.0
75.533750	536.4
75.537500	544.7
75.541250	510.7
75.545000	452.8
75.548750	517.8
75.552500	532.6
75.556250	535.1
75.560000	583.2
75.563750	534.5
75.567500	521.0
75.571250	523.3
75.575000	562.5
75.578750	488.6
75.582500	570.6
75.586250	525.0
75.590000	545.0
75.593750	551.5
75.597500	534.2
75.601250	553.4
75.605000	474.8
75.608750	573.3
75.612500	522.4
75.616250	485.4
75.620000	586.4
75.623750	505.3
75.627500	534.3
75.631250	575.4
75.635000	547.2
75.638750	515.8
75.642500	518.3
75.646250	551.5
75.650000	513.2
75.653750	538.6
75.657500	572.8
75.661250	567.7
75.665000	522.4
75.668750	586.1
75.672500	568.4
75.676250	498.4
75.680000	510.0
75.683750	473.1
75.687500	504.1
75.691250	553.1
75.695000	487.7
75.698750	520.5
75.702500	543.1
75.706250	547.9
75.710000	527.8
75.713750	510.3
75.717500	501.2
75.721250	549.3
75.725000	573.7
75.728750	492.8
75.732500	585.3
75.736250	514.3
75.740000	549.4
75.743750	538.1
75.747500	546.1
75.751250	554.3
75.755000	553.8
75.758750	507.3
75.762500	528.7
75.766250	519.7
75.770000	523.7
75.773750	528.6
75.777500	533.3
75.781250	531.3
75.785000	531.4
75.788750	575.1
75.792500	546.3
75.796250	477.6
75.800000	510.9
75.803750	549.8
75.807500	562.7
75.811250	554.0
75.815000	553.1
75.818750	567.0
75.822500	542.0
75.826250	549.8
75.830000	569.2
75.833750	509.8
75.837500	554.7
75.841250	590.6
75.845000	527.4
75.848750	525.0
75.852500	551.0
75.856250	552.1
75.860000	555.2
75.863750	562.7
75.867500	548.8
75.871250	553.4
75.875000	541.9
75.878750	577.0
75.882500	568.1
75.886250	523.6
75.890000	516.8
75.893750	563.1
75.897500	557.8
75.901250	540.1
75.905000	567.3
75.908750	563.7
75.912500	552.7
75.916250	557.5
75.920000	572.9
75.923750	549.6
75.927500	548.1
75.931250	565.6
75.935000	555.5
75.938750	560.6
75.942500	517.9
75.946250	553.7
75.950000	503.5
75.953750	552.1
75.957500	538.3
75.961250	563.8
75.965000	520.6
75.968750	557.1
75.972500	519.6
75.976250	550.1
75.980000	539.8
75.983750	533.7
75.987500	533.3
75.991250	539.3
75.995000	531.7
75.998750	512.4
76.002500	579.3
76.006250	532.6
76.010000	538.8
76.013750	594.5
76.017500	606.2
76.021250	516.5
76.025000	498.4
76.028750	536.7
76.032500	513.7
76.036250	500.8
76.040000	468.2
76.043750	553.0
76.047500	508.7
76.051250	512.5
76.055000	521.7
76.058750	536.3
76.062500	512.8
76.066250	549.7
76.070000	570.3
76.073750	569.5
76.077500	535.3
76.081250	504.9
76.085000	514.9
76.088750	515.2
76.092500	489.7
76.096250	540.3
76.100000	585.2
76.103750	567.5
76.107500	526.0
76.111250	530.2
76.115000	521.0
76.118750	522.8
76.122500	534.0
76.126250	545.3
76.130000	565.2
76.133750	541.0
76.137500	571.8
76.141250	555.4
76.145000	537.4
76.148750	522.1
76.152500	515.1
76.156250	522.5
76.160000	554.0
76.163750	551.4
76.167500	482.0
76.171250	496.5
76.175000	558.6
76.178750	566.0
76.182500	526.6
76.186250	545.1
76.190000	526.4
76.193750	498.8
76.197500	519.7
76.201250	509.4
76.205000	543.3
76.208750	508.6
76.212500	550.2
76.216250	496.6
76.220000	511.4
76.223750	552.4
76.227500	518.5
76.231250	555.8
76.235000	574.3
76.238750	519.0
76.242500	536.6
76.246250	541.5
76.250000	586.8
76.253750	552.6
76.257500	545.7
76.261250	571.3
76.265000	534.0
76.268750	530.4
76.272500	542.2
76.276250	540.8
76.280000	524.1
76.283750	546.3
76.287500	529.4
76.291250	559.5
76.295000	495.3
76.298750	527.3
76.302500	543.2
76.306250	500.7
76.310000	531.9
76.313750	527.2
76.317500	576.8
76.321250	531.9
76.325000	497.0
76.328750	477.0
76.332500	499.4
76.336250	512.6
76.340000	523.8
76.343750	528.5
76.347500	526.7
76.351250	523.0
76.355000	514.4
76.358750	536.3
76.362500	556.2
76.366250	508.0
76.370000	515.2
76.373750	515.2
76.377500	523.8
76.381250	518.3
76.385000	516.3
76.388750	527.3
76.392500	529.6
76.396250	534.3
76.400000	518.2
76.403750	530.5
76.407500	533.7
76.411250	564.7
76.415000	567.8
76.418750	519.5
76.422500	519.5
76.426250	495.3
76.430000	526.8
76.433750	524.5
76.437500	536.5
76.441250	542.7
76.445000	523.6
76.448750	486.2
76.452500	481.0
76.456250	502.2
76.460000	502.7
76.463750	551.3
76.467500	508.3
76.471250	519.4
76.475000	585.1
76.478750	538.8
76.482500	473.5
76.486250	530.4
76.490000	575.6
76.493750	523.2
76.497500	500.8
76.501250	558.2
76.505000	511.9
76.508750	558.8
76.512500	527.5
76.516250	510.9
76.520000	529.9
76.523750	548.0
76.527500	534.4
76.531250	509.5
76.535000	519.6
76.538750	521.6
76.542500	532.5
76.546250	542.5
76.550000	537.1
76.553750	529.7
76.557500	533.6
76.561250	490.1
76.565000	525.7
76.568750	527.4
76.572500	541.6
76.576250	540.5
76.580000	532.2
76.583750	483.2
76.587500	515.8
76.591250	528.0
76.595000	513.0
76.598750	567.0
76.602500	574.9
76.606250	524.8
76.610000	544.6
76.613750	537.6
76.617500	549.9
76.621250	547.5
76.625000	499.8
76.628750	502.8
76.632500	487.2
76.636250	508.5
76.640000	516.6
76.643750	513.9
76.647500	484.2
76.651250	501.2
76.655000	552.4
76.658750	522.2
76.662500	519.3
76.666250	545.4
76.670000	523.2
76.673750	552.4
76.677500	527.5
76.681250	498.4
76.685000	533.7
76.688750	522.4
76.692500	491.5
76.696250	577.9
76.700000	519.5
76.703750	534.9
76.707500	525.5
76.711250	554.6
76.715000	578.7
76.718750	567.2
76.722500	538.7
76.726250	553.8
76.730000	565.5
76.733750	580.0
76.737500	584.4
76.741250	521.7
76.745000	515.8
76.748750	516.3
76.752500	545.4
76.756250	583.8
76.760000	563.7
76.763750	520.7
76.767500	560.7
76.771250	555.4
76.775000	495.3
76.778750	536.5
76.782500	510.1
76.786250	525.7
76.790000	553.6
76.793750	525.3
76.797500	545.7
76.801250	503.5
76.805000	548.8
76.808750	547.9
76.812500	534.7
76.816250	513.9
76.820000	519.4
76.823750	520.6
76.827500	546.0
76.831250	565.5
76.835000	499.3
76.838750	504.5
76.842500	484.7
76.846250	517.9
76.850000	558.9
76.853750	515.1
76.857500	543.2
76.861250	529.7
76.865000	534.6
76.868750	512.7
76.872500	523.1
76.876250	560.6
76.880000	539.4
76.883750	486.7
76.887500	514.0
76.891250	521.6
76.895000	518.9
76.898750	556.3
76.902500	512.8
76.906250	543.9
76.910000	542.2
76.913750	508.3
76.917500	501.8
76.921250	488.2
76.925000	544.7
76.928750	539.3
76.932500	525.9
76.936250	537.4
76.940000	525.5
76.943750	516.4
76.947500	533.6
76.951250	535.6
76.955000	557.7
76.958750	531.5
76.962500	545.2
76.966250	531.9
76.970000	509.8
76.973750	536.0
76.977500	527.0
76.981250	536.8
76.985000	503.0
76.988750	523.1
76.992500	536.2
76.996250	530.1
77.000000	502.7
77.003750	510.0
77.007500	521.4
77.011250	494.8
77.015000	507.3
77.018750	513.6
77.022500	510.6
77.026250	524.9
77.030000	511.3
77.033750	509.5
77.037500	509.3
77.041250	515.8
77.045000	515.6
77.048750	554.0
77.052500	520.7
77.056250	478.1
77.060000	529.2
77.063750	500.8
77.067500	534.3
77.071250	542.5
77.075000	540.2
77.078750	532.6
77.082500	547.4
77.086250	533.3
77.090000	551.4
77.093750	544.1
77.097500	525.0
77.101250	517.3
77.105000	539.7
77.108750	552.2
77.112500	546.4
77.116250	510.4
77.120000	501.6
77.123750	543.3
77.127500	537.2
77.131250	538.3
77.135000	499.6
77.138750	483.3
77.142500	502.6
77.146250	518.8
77.150000	509.0
77.153750	511.1
77.157500	536.2
77.161250	537.7
77.165000	523.2
77.168750	536.8
77.172500	556.8
77.176250	519.0
77.180000	533.2
77.183750	511.5
77.187500	523.6
77.191250	535.6
77.195000	534.2
77.198750	536.0
77.202500	526.6
77.206250	566.7
77.210000	549.7
77.213750	517.6
77.217500	532.5
77.221250	533.1
77.225000	528.2
77.228750	542.4
77.232500	527.5
77.236250	554.7
77.240000	547.6
77.243750	510.2
77.247500	533.7
77.251250	541.9
77.255000	534.9
77.258750	563.5
77.262500	534.6
77.266250	547.1
77.270000	551.9
77.273750	540.2
77.277500	556.5
77.281250	481.8
77.285000	525.6
77.288750	524.9
77.292500	496.0
77.296250	500.7
77.300000	544.8
77.303750	531.5
77.307500	554.6
77.311250	489.1
77.315000	529.2
77.318750	513.3
77.322500	515.6
77.326250	569.0
77.330000	493.7
77.333750	515.0
77.337500	508.6
77.341250	535.6
77.345000	536.4
77.348750	537.4
77.352500	528.6
77.356250	552.5
77.360000	531.1
77.363750	562.4
77.367500	554.2
77.371250	519.2
77.375000	514.2
77.378750	512.5
77.382500	562.6
77.386250	566.7
77.390000	524.5
77.393750	561.8
77.397500	540.3
77.401250	510.9
77.405000	503.1
77.408750	541.5
77.412500	525.5
77.416250	513.9
77.420000	509.5
77.423750	527.2
77.427500	536.1
77.431250	559.1
77.435000	505.2
77.438750	522.8
77.442500	534.8
77.446250	558.2
77.450000	514.8
77.453750	535.6
77.457500	543.5
77.461250	537.2
77.465000	523.3
77.468750	491.1
77.472500	534.3
77.476250	532.8
77.480000	513.6
77.483750	497.8
77.487500	526.6
77.491250	513.5
77.495000	506.1
77.498750	524.1
77.502500	538.3
77.506250	551.3
77.510000	540.5
77.513750	523.7
77.517500	552.0
77.521250	523.5
77.525000	547.8
77.528750	538.9
77.532500	501.4
77.536250	502.8
77.540000	504.1
77.543750	532.6
77.547500	535.5
77.551250	545.7
77.555000	539.7
77.558750	525.5
77.562500	542.2
77.566250	514.0
77.570000	497.6
77.573750	533.5
77.577500	530.5
77.581250	546.4
77.585000	588.0
77.588750	584.5
77.592500	532.0
77.596250	520.6
77.600000	543.2
77.603750	556.1
77.607500	504.9
77.611250	525.9
77.615000	487.6
77.618750	537.7
77.622500	554.8
77.626250	551.1
77.630000	548.9
77.633750	511.7
77.637500	527.5
77.641250	546.6
77.645000	577.1
77.648750	521.2
77.652500	490.8
77.656250	536.9
77.660000	537.7
77.663750	525.6
77.667500	567.5
77.671250	542.1
77.675000	521.5
77.678750	533.3
77.682500	505.8
77.686250	546.7
77.690000	525.1
77.693750	540.8
77.697500	535.5
77.701250	519.1
77.705000	529.6
77.708750	538.9
77.712500	581.3
77.716250	571.8
77.720000	568.3
77.723750	539.4
77.727500	521.9
77.731250	544.3
77.735000	517.6
77.738750	519.0
77.742500	504.7
77.746250	556.0
77.750000	513.1
77.753750	499.4
77.757500	533.3
77.761250	525.0
77.765000	526.3
77.768750	529.7
77.772500	545.1
77.776250	528.2
77.780000	565.3
77.783750	559.5
77.787500	540.2
77.791250	572.7
77.795000	520.4
77.798750	583.4
77.802500	596.8
77.806250	546.5
77.810000	589.3
77.813750	568.2
77.817500	522.4
77.821250	548.4
77.825000	546.1
77.828750	536.3
77.832500	501.2
77.836250	517.9
77.840000	510.3
77.843750	555.8
77.847500	542.9
77.851250	554.6
77.855000	542.0
77.858750	558.1
77.862500	545.7
77.866250	541.2
77.870000	573.2
77.873750	564.1
77.877500	553.1
77.881250	523.3
77.885000	496.5
77.888750	545.2
77.892500	530.1
77.896250	544.8
77.900000	563.7
77.903750	557.7
77.907500	550.5
77.911250	545.8
77.915000	557.7
77.918750	554.0
77.922500	536.3
77.926250	517.1
77.930000	553.5
77.933750	535.9
77.937500	540.9
77.941250	550.3
77.945000	543.6
77.948750	556.9
77.952500	500.8
77.956250	532.1
77.960000	509.8
77.963750	511.3
77.967500	554.0
77.971250	573.0
77.975000	514.5
77.978750	557.9
77.982500	575.0
77.986250	545.2
77.990000	566.3
77.993750	525.2
77.997500	500.2
78.001250	542.3
78.005000	551.5
78.008750	568.3
78.012500	534.9
78.016250	491.8
78.020000	507.5
78.023750	509.3
78.027500	561.2
78.031250	536.7
78.035000	508.4
78.038750	532.1
78.042500	532.6
78.046250	539.6
78.050000	532.4
78.053750	530.5
78.057500	545.4
78.061250	538.9
78.065000	555.6
78.068750	539.1
78.072500	516.6
78.076250	558.4
78.080000	501.1
78.083750	537.0
78.087500	541.9
78.091250	550.7
78.095000	566.9
78.098750	534.2
78.102500	522.9
78.106250	573.8
78.110000	513.5
78.113750	516.1
78.117500	526.6
78.121250	522.5
78.125000	536.2
78.128750	550.1
78.132500	506.6
78.136250	544.6
78.140000	568.8
78.143750	545.9
78.147500	559.4
78.151250	521.1
78.155000	525.0
78.158750	523.8
78.162500	548.3
78.166250	554.9
78.170000	496.2
78.173750	552.2
78.177500	514.2
78.181250	513.6
78.185000	515.8
78.188750	525.2
78.192500	520.6
78.196250	539.3
78.200000	566.4
78.203750	550.5
78.207500	550.0
78.211250	526.9
78.215000	543.8
78.218750	555.2
78.222500	575.6
78.226250	587.0
78.230000	563.1
78.233750	550.8
78.237500	513.8
78.241250	568.5
78.245000	599.4
78.248750	543.3
78.252500	586.8
78.256250	553.4
78.260000	597.7
78.263750	622.7
78.267500	536.1
78.271250	598.1
78.275000	594.7
78.278750	540.8
78.282500	570.6
78.286250	522.6
78.290000	509.2
78.293750	507.7
78.297500	521.6
78.301250	562.4
78.305000	518.8
78.308750	518.8
78.312500	513.0
78.316250	512.5
78.320000	569.2
78.323750	524.7
78.327500	562.5
78.331250	537.0
78.335000	540.9
78.338750	512.7
78.342500	547.1
78.346250	526.5
78.350000	532.7
78.353750	499.4
78.357500	520.1
78.361250	515.1
78.365000	536.4
78.368750	496.9
78.372500	524.9
78.376250	527.3
78.380000	514.3
78.383750	526.2
78.387500	509.4
78.391250	526.3
78.395000	548.7
78.398750	533.6
78.402500	531.5
78.406250	503.5
78.410000	550.0
78.413750	526.3
78.417500	516.8
78.421250	534.2
78.425000	533.6
78.428750	503.8
78.432500	494.4
78.436250	522.7
78.440000	492.8
78.443750	488.6
78.447500	503.7
78.451250	518.5
78.455000	535.7
78.458750	491.6
78.462500	541.6
78.466250	532.5
78.470000	520.0
78.473750	534.9
78.477500	499.1
78.481250	547.1
78.485000	566.7
78.488750	508.7
78.492500	509.7
78.496250	472.8
78.500000	536.9
78.503750	541.0
78.507500	548.9
78.511250	526.9
78.515000	556.6
78.518750	525.5
78.522500	524.4
78.526250	584.6
78.530000	550.4
78.533750	548.2
78.537500	566.3
78.541250	527.6
78.545000	510.0
78.548750	517.1
78.552500	471.3
78.556250	523.4
78.560000	506.1
78.563750	552.4
78.567500	499.0
78.571250	503.7
78.575000	554.6
78.578750	548.8
78.582500	525.4
78.586250	543.8
78.590000	539.0
78.593750	545.2
78.597500	538.1
78.601250	521.7
78.605000	518.1
78.608750	509.9
78.612500	555.9
78.616250	569.7
78.620000	535.2
78.623750	574.5
78.627500	553.5
78.631250	539.5
78.635000	529.3
78.638750	529.6
78.642500	563.4
78.646250	527.8
78.650000	549.6
78.653750	558.6
78.657500	527.2
78.661250	545.8
78.665000	528.8
78.668750	486.0
78.672500	548.0
78.676250	538.7
78.680000	525.8
78.683750	500.2
78.687500	520.8
78.691250	537.9
78.695000	512.5
78.698750	570.3
78.702500	550.9
78.706250	552.4
78.710000	553.0
78.713750	544.8
78.717500	531.0
78.721250	560.1
78.725000	512.0
78.728750	522.5
78.732500	541.5
78.736250	518.3
78.740000	529.2
78.743750	479.3
78.747500	509.8
78.751250	541.8
78.755000	535.9
78.758750	552.0
78.762500	558.0
78.766250	532.6
78.770000	516.4
78.773750	512.3
78.777500	488.7
78.781250	537.6
78.785000	542.1
78.788750	532.2
78.792500	502.6
78.796250	533.1
78.800000	518.8
78.803750	559.3
78.807500	539.7
78.811250	521.8
78.815000	560.9
78.818750	522.1
78.822500	552.6
78.826250	519.3
78.830000	541.2
78.833750	540.1
78.837500	518.0
78.841250	509.6
78.845000	493.4
78.848750	508.8
78.852500	506.9
78.856250	506.8
78.860000	510.1
78.863750	537.7
78.867500	540.3
78.871250	523.2
78.875000	525.5
78.878750	558.1
78.882500	540.8
78.886250	511.0
78.890000	575.1
78.893750	568.1
78.897500	507.0
78.901250	524.5
78.905000	549.8
78.908750	559.9
78.912500	528.8
78.916250	582.7
78.920000	516.3
78.923750	509.8
78.927500	569.0
78.931250	510.2
78.935000	532.6
78.938750	544.2
78.942500	519.0
78.946250	547.5
78.950000	513.1
78.953750	536.4
78.957500	565.5
78.961250	513.8
78.965000	547.4
78.968750	532.2
78.972500	528.9
78.976250	557.2
78.980000	524.3
78.983750	515.7
78.987500	519.7
78.991250	507.2
78.995000	523.7
78.998750	518.7
79.002500	552.0
79.006250	527.0
79.010000	497.8
79.013750	525.4
79.017500	511.2
79.021250	493.4
79.025000	523.2
79.028750	521.0
79.032500	551.4
79.036250	545.1
79.040000	499.5
79.043750	504.2
79.047500	560.7
79.051250	551.8
79.055000	512.1
79.058750	557.0
79.062500	512.7
79.066250	540.8
79.070000	516.0
79.073750	516.8
79.077500	540.1
79.081250	496.6
79.085000	489.6
79.088750	514.4
79.092500	506.7
79.096250	509.2
79.100000	512.6
79.103750	547.9
79.107500	558.8
79.111250	546.8
79.115000	538.5
79.118750	522.4
79.122500	511.1
79.126250	518.5
79.130000	529.7
79.133750	548.8
79.137500	537.9
79.141250	535.6
79.145000	508.1
79.148750	516.9
79.152500	502.6
79.156250	505.7
79.160000	517.1
79.163750	560.9
79.167500	519.1
79.171250	543.2
79.175000	516.0
79.178750	508.5
79.182500	539.5
79.186250	538.2
79.190000	523.5
79.193750	570.5
79.197500	538.4
79.201250	500.8
79.205000	556.2
79.208750	545.7
79.212500	550.7
79.216250	507.8
79.220000	521.7
79.223750	541.5
79.227500	531.0
79.231250	518.0
79.235000	534.7
79.238750	531.7
79.242500	497.5
79.246250	474.4
79.250000	515.9
79.253750	518.4
79.257500	524.5
79.261250	520.7
79.265000	506.5
79.268750	517.6
79.272500	540.9
79.276250	547.4
79.280000	516.3
79.283750	539.0
79.287500	527.4
79.291250	522.0
79.295000	555.5
79.298750	530.3
79.302500	544.7
79.306250	548.3
79.310000	546.5
79.313750	555.2
79.317500	528.8
79.321250	495.9
79.325000	507.8
79.328750	500.7
79.332500	521.8
79.336250	516.4
79.340000	541.2
79.343750	517.0
79.347500	517.7
79.351250	521.3
79.355000	528.2
79.358750	558.9
79.362500	527.7
79.366250	545.4
79.370000	523.6
79.373750	544.7
79.377500	551.0
79.381250	497.1
79.385000	492.1
79.388750	525.3
79.392500	556.0
79.396250	551.2
79.400000	486.1
79.403750	496.0
79.407500	553.9
79.411250	538.9
79.415000	555.7
79.418750	537.8
79.422500	540.5
79.426250	482.6
79.430000	524.2
79.433750	544.9
79.437500	507.7
79.441250	532.5
79.445000	519.1
79.448750	539.7
79.452500	551.9
79.456250	495.4
79.460000	477.3
79.463750	504.9
79.467500	502.6
79.471250	486.2
79.475000	496.2
79.478750	502.5
79.482500	527.6
79.486250	545.8
79.490000	525.1
79.493750	503.8
79.497500	533.8
79.501250	492.9
79.505000	525.4
79.508750	492.5
79.512500	520.5
79.516250	511.2
79.520000	507.4
79.523750	514.0
79.527500	526.8
79.531250	504.8
79.535000	490.6
79.538750	518.8
79.542500	505.5
79.546250	520.3
79.550000	496.3
79.553750	515.9
79.557500	533.3
79.561250	524.9
79.565000	541.2
79.568750	503.4
79.572500	554.5
79.576250	541.9
79.580000	527.4
79.583750	496.2
79.587500	506.5
79.591250	541.7
79.595000	509.1
79.598750	518.3
79.602500	531.2
79.606250	549.2
79.610000	495.6
79.613750	511.7
79.617500	509.0
79.621250	574.6
79.625000	548.9
79.628750	520.3
79.632500	538.3
79.636250	520.2
79.640000	537.9
79.643750	517.8
79.647500	520.2
79.651250	505.6
79.655000	482.5
79.658750	542.8
79.662500	594.4
79.666250	538.9
79.670000	531.0
79.673750	490.4
79.677500	525.2
79.681250	529.2
79.685000	533.1
79.688750	529.6
79.692500	511.5
79.696250	519.5
79.700000	508.3
79.703750	525.7
79.707500	538.9
79.711250	513.4
79.715000	545.7
79.718750	557.5
79.722500	530.9
79.726250	554.7
79.730000	563.3
79.733750	524.8
79.737500	520.9
79.741250	547.7
79.745000	529.2
79.748750	537.0
79.752500	556.3
79.756250	509.3
79.760000	523.7
79.763750	489.7
79.767500	510.7
79.771250	533.2
79.775000	540.3
79.778750	497.9
79.782500	534.5
79.786250	549.8
79.790000	546.6
79.793750	530.1
79.797500	546.7
79.801250	513.4
79.805000	508.1
79.808750	489.2
79.812500	507.1
79.816250	497.0
79.820000	536.2
79.823750	536.1
79.827500	518.8
79.831250	533.5
79.835000	553.9
79.838750	522.5
79.842500	513.8
79.846250	523.5
79.850000	513.9
79.853750	505.0
79.857500	519.5
79.861250	556.8
79.865000	550.8
79.868750	533.4
79.872500	506.7
79.876250	521.4
79.880000	509.9
79.883750	538.8
79.887500	519.8
79.891250	489.5
79.895000	496.7
79.898750	502.4
79.902500	515.2
79.906250	502.9
79.910000	503.1
79.913750	570.5
79.917500	546.3
79.921250	526.1
79.925000	543.2
79.928750	505.5
79.932500	531.3
79.936250	510.0
79.940000	529.0
79.943750	537.4
79.947500	535.8
79.951250	499.2
79.955000	537.0
79.958750	505.4
79.962500	486.7
79.966250	519.7
79.970000	517.1
79.973750	534.7
79.977500	525.1
79.981250	496.9
79.985000	543.0
79.988750	550.9
79.992500	512.0
79.996250	502.3
80.000000	517.4
