2.000000	439.1
2.003750	418.4
2.007500	423.3
2.011250	425.3
2.015000	411.2
2.018750	441.8
2.022500	419.1
2.026250	388.2
2.030000	437.5
2.033750	429.6
2.037500	424.1
2.041250	419.3
2.045000	428.0
2.048750	462.5
2.052500	440.4
2.056250	420.4
2.060000	455.2
2.063750	425.1
2.067500	455.3
2.071250	469.9
2.075000	448.5
2.078750	450.1
2.082500	463.1
2.086250	471.6
2.090000	450.6
2.093750	439.5
2.097500	484.0
2.101250	492.6
2.105000	465.2
2.108750	463.4
2.112500	478.5
2.116250	482.3
2.120000	488.5
2.123750	427.5
2.127500	480.4
2.131250	488.6
2.135000	458.2
2.138750	481.5
2.142500	501.0
2.146250	491.0
2.150000	472.8
2.153750	489.5
2.157500	479.4
2.161250	468.6
2.165000	488.1
2.168750	455.0
2.172500	496.9
2.176250	445.6
2.180000	447.2
2.183750	507.6
2.187500	470.8
2.191250	492.7
2.195000	480.3
2.198750	474.4
2.202500	511.2
2.206250	527.2
2.210000	493.9
2.213750	482.9
2.217500	441.1
2.221250	487.0
2.225000	504.8
2.228750	506.2
2.232500	468.6
2.236250	517.2
2.240000	502.3
2.243750	538.7
2.247500	509.0
2.251250	518.3
2.255000	523.9
2.258750	526.2
2.262500	506.8
2.266250	527.5
2.270000	562.4
2.273750	507.4
2.277500	556.1
2.281250	522.1
2.285000	552.4
2.288750	552.3
2.292500	579.4
2.296250	632.6
2.300000	643.6
2.303750	637.5
2.307500	642.1
2.311250	652.7
2.315000	675.2
2.318750	669.0
2.322500	700.4
2.326250	658.2
2.330000	700.4
2.333750	748.0
2.337500	774.5
2.341250	775.3
2.345000	769.8
2.348750	822.5
2.352500	771.1
2.356250	796.8
2.360000	865.7
2.363750	897.0
2.367500	926.6
2.371250	905.5
2.375000	911.7
2.378750	935.9
2.382500	988.6
2.386250	945.3
2.390000	999.5
2.393750	1043.6
2.397500	1035.7
2.401250	969.9
2.405000	1085.4
2.408750	1064.8
2.412500	1093.7
2.416250	1122.9
2.420000	1146.2
2.423750	1146.7
2.427500	1216.1
2.431250	1242.1
2.435000	1320.2
2.438750	1338.8
2.442500	1283.3
2.446250	1336.7
2.450000	1447.8
2.453750	1371.8
2.457500	1493.9
2.461250	1457.0
2.465000	1521.6
2.468750	1506.6
2.472500	1640.5
2.476250	1615.9
2.480000	1681.1
2.483750	1690.1
2.487500	1719.0
2.491250	1830.0
2.495000	1874.7
2.498750	1937.7
2.502500	1921.8
2.506250	1979.8
2.510000	1975.7
2.513750	2106.1
2.517500	2126.8
2.521250	2208.6
2.525000	2313.4
2.528750	2259.6
2.532500	2289.5
2.536250	2368.7
2.540000	2391.4
2.543750	2475.9
2.547500	2419.2
2.551250	2531.2
2.555000	2469.0
2.558750	2491.7
2.562500	2541.6
2.566250	2504.1
2.570000	2544.4
2.573750	2520.8
2.577500	2486.9
2.581250	2619.6
2.585000	2526.7
2.588750	2546.9
2.592500	2512.0
2.596250	2552.4
2.600000	2679.8
2.603750	2569.5
2.607500	2541.3
2.611250	2588.4
2.615000	2538.0
2.618750	2519.3
2.622500	2618.1
2.626250	2608.6
2.630000	2581.1
2.633750	2443.7
2.637500	2616.5
2.641250	2590.9
2.645000	2564.7
2.648750	2546.5
2.652500	2486.9
2.656250	2517.7
2.660000	2583.5
2.663750	2536.3
2.667500	2478.1
2.671250	2497.0
2.675000	2525.5
2.678750	2551.9
2.682500	2540.5
2.686250	2477.3
2.690000	2486.7
2.693750	2508.3
2.697500	2613.5
2.701250	2506.5
2.705000	2504.4
2.708750	2576.3
2.712500	2479.7
2.716250	2492.9
2.720000	2610.7
2.723750	2506.4
2.727500	2444.0
2.731250	2525.1
2.735000	2528.9
2.738750	2482.9
2.742500	2382.5
2.746250	2419.7
2.750000	2458.0
2.753750	2485.0
2.757500	2387.9
2.761250	2471.2
2.765000	2441.4
2.768750	2508.6
2.772500	2447.7
2.776250	2401.2
2.780000	2519.4
2.783750	2461.4
2.787500	2376.5
2.791250	2436.3
2.795000	2411.7
2.798750	2592.4
2.802500	2477.4
2.806250	2450.2
2.810000	2543.6
2.813750	2510.1
2.817500	2392.6
2.821250	2454.6
2.825000	2384.4
2.828750	2438.5
2.832500	2417.9
2.836250	2396.1
2.840000	2462.9
2.843750	2457.8
2.847500	2498.2
2.851250	2422.5
2.855000	2360.0
2.858750	2388.0
2.862500	2422.0
2.866250	2323.9
2.870000	2364.6
2.873750	2375.1
2.877500	2388.6
2.881250	2310.3
2.885000	2400.1
2.888750	2329.7
2.892500	2362.5
2.896250	2347.5
2.900000	2360.4
2.903750	2294.7
2.907500	2341.3
2.911250	2392.1
2.915000	2368.8
2.918750	2453.7
2.922500	2403.4
2.926250	2385.3
2.930000	2357.7
2.933750	2399.0
2.937500	2484.7
2.941250	2466.4
2.945000	2322.8
2.948750	2425.2
2.952500	2370.6
2.956250	2372.8
2.960000	2330.0
2.963750	2323.5
2.967500	2415.7
2.971250	2301.5
2.975000	2372.9
2.978750	2295.0
2.982500	2317.6
2.986250	2265.8
2.990000	2374.0
2.993750	2323.3
2.997500	2279.7
3.001250	2318.6
3.005000	2319.4
3.008750	2399.7
3.012500	2329.8
3.016250	2272.9
3.020000	2310.4
3.023750	2202.3
3.027500	2359.2
3.031250	2316.5
3.035000	2283.3
3.038750	2260.1
3.042500	2329.1
3.046250	2292.1
3.050000	2362.8
3.053750	2347.6
3.057500	2245.9
3.061250	2300.9
3.065000	2357.1
3.068750	2276.5
3.072500	2320.7
3.076250	2233.2
3.080000	2358.0
3.083750	2254.6
3.087500	2207.3
3.091250	2238.3
3.095000	2300.2
3.098750	2235.6
3.102500	2172.8
3.106250	2226.8
3.110000	2196.5
3.113750	2282.3
3.117500	2210.6
3.121250	2200.0
3.125000	2254.6
3.128750	2213.9
3.132500	2214.3
3.136250	2209.9
3.140000	2306.8
3.143750	2261.3
3.147500	2318.3
3.151250	2336.8
3.155000	2173.2
3.158750	2163.1
3.162500	2190.7
3.166250	2251.9
3.170000	2221.4
3.173750	2178.0
3.177500	2174.0
3.181250	2231.4
3.185000	2221.9
3.188750	2256.1
3.192500	2215.9
3.196250	2108.8
3.200000	2198.0
3.203750	2187.9
3.207500	2105.9
3.211250	2166.0
3.215000	2208.6
3.218750	2248.1
3.222500	2269.7
3.226250	2176.7
3.230000	2042.8
3.233750	2073.0
3.237500	2151.0
3.241250	2202.5
3.245000	2133.0
3.248750	2144.5
3.252500	2210.5
3.256250	2119.0
3.260000	2119.5
3.263750	2179.2
3.267500	2162.4
3.271250	2116.7
3.275000	2131.8
3.278750	2148.9
3.282500	2168.5
3.286250	2184.1
3.290000	2178.5
3.293750	2124.2
3.297500	2166.9
3.301250	2195.0
3.305000	2247.3
3.308750	2241.6
3.312500	2214.8
3.316250	2224.0
3.320000	2150.7
3.323750	2081.8
3.327500	2125.2
3.331250	2098.2
3.335000	2075.1
3.338750	2092.2
3.342500	2116.8
3.346250	2157.0
3.350000	2107.6
3.353750	2138.7
3.357500	2049.2
3.361250	2137.1
3.365000	2233.5
3.368750	2086.5
3.372500	2098.4
3.376250	2112.1
3.380000	2113.5
3.383750	2134.1
3.387500	2150.4
3.391250	2119.9
3.395000	2142.0
3.398750	2101.2
3.402500	2044.4
3.406250	2040.5
3.410000	2072.6
3.413750	2106.3
3.417500	2137.7
3.421250	2064.3
3.425000	2084.4
3.428750	2099.6
3.432500	2155.8
3.436250	2179.5
3.440000	2097.5
3.443750	2094.2
3.447500	2103.0
3.451250	2076.2
3.455000	2026.3
3.458750	2071.0
3.462500	2133.9
3.466250	2039.9
3.470000	2097.8
3.473750	2089.1
3.477500	2027.7
3.481250	2140.0
3.485000	2115.8
3.488750	2065.2
3.492500	2007.0
3.496250	2090.9
3.500000	2054.4
3.503750	2015.9
3.507500	2047.0
3.511250	2111.7
3.515000	2115.1
3.518750	2025.3
3.522500	2112.6
3.526250	2026.4
3.530000	2032.1
3.533750	2061.4
3.537500	2014.9
3.541250	2015.0
3.545000	2029.8
3.548750	1993.1
3.552500	2002.1
3.556250	2007.1
3.560000	1971.9
3.563750	2011.9
3.567500	2026.0
3.571250	2033.0
3.575000	2013.7
3.578750	2050.5
3.582500	2072.0
3.586250	2075.9
3.590000	2061.1
3.593750	1932.9
3.597500	1921.7
3.601250	1954.6
3.605000	1940.3
3.608750	2016.4
3.612500	2104.9
3.616250	2064.9
3.620000	1987.5
3.623750	2109.2
3.627500	1963.2
3.631250	1971.2
3.635000	1938.1
3.638750	1934.1
3.642500	2048.7
3.646250	1920.0
3.650000	2038.2
3.653750	1990.5
3.657500	2044.4
3.661250	2043.0
3.665000	1962.9
3.668750	1943.3
3.672500	1996.7
3.676250	1912.7
3.680000	1898.0
3.683750	2008.5
3.687500	1985.6
3.691250	1864.8
3.695000	2067.7
3.698750	1954.7
3.702500	1844.6
3.706250	1872.8
3.710000	2022.2
3.713750	1990.1
3.717500	1901.2
3.721250	2012.6
3.725000	1942.4
3.728750	1970.0
3.732500	1977.5
3.736250	1943.8
3.740000	1985.4
3.743750	1975.1
3.747500	1878.3
3.751250	1866.7
3.755000	2005.2
3.758750	1878.5
3.762500	1939.0
3.766250	1933.5
3.770000	1988.0
3.773750	1958.2
3.777500	1903.5
3.781250	1829.8
3.785000	1924.6
3.788750	1905.9
3.792500	1918.6
3.796250	1874.5
3.800000	1933.5
3.803750	1942.7
3.807500	1981.7
3.811250	1924.4
3.815000	1928.0
3.818750	1901.6
3.822500	1931.5
3.826250	1933.8
3.830000	1900.0
3.833750	1932.5
3.837500	1872.3
3.841250	1896.5
3.845000	1881.1
3.848750	1981.3
3.852500	1941.4
3.856250	1894.3
3.860000	1857.3
3.863750	1888.9
3.867500	1884.7
3.871250	1874.9
3.875000	1878.8
3.878750	1901.2
3.882500	1921.8
3.886250	1952.4
3.890000	1874.6
3.893750	1865.5
3.897500	1870.9
3.901250	1885.7
3.905000	1888.4
3.908750	1873.8
3.912500	1854.8
3.916250	1895.6
3.920000	1890.7
3.923750	1863.1
3.927500	1878.6
3.931250	1820.8
3.935000	1813.3
3.938750	1734.2
3.942500	1790.6
3.946250	1780.9
3.950000	1831.7
3.953750	1901.4
3.957500	1877.7
3.961250	1866.6
3.965000	1922.8
3.968750	1894.1
3.972500	1890.1
3.976250	1803.9
3.980000	1832.3
3.983750	1795.7
3.987500	1779.4
3.991250	1825.5
3.995000	1823.6
3.998750	1899.6
4.002500	1815.0
4.006250	1820.2
4.010000	1804.0
4.013750	1825.2
4.017500	1843.5
4.021250	1819.5
4.025000	1879.7
4.028750	1871.9
4.032500	1804.7
4.036250	1853.8
4.040000	1808.8
4.043750	1769.8
4.047500	1784.2
4.051250	1770.0
4.055000	1795.8
4.058750	1821.7
4.062500	1816.1
4.066250	1814.9
4.070000	1775.6
4.073750	1731.2
4.077500	1815.6
4.081250	1787.0
4.085000	1866.4
4.088750	1788.5
4.092500	1779.2
4.096250	1818.4
4.100000	1763.2
4.103750	1843.3
4.107500	1798.8
4.111250	1858.4
4.115000	1708.2
4.118750	1805.2
4.122500	1814.3
4.126250	1844.0
4.130000	1737.2
4.133750	1806.4
4.137500	1882.9
4.141250	1778.4
4.145000	1812.1
4.148750	1768.1
4.152500	1816.0
4.156250	1825.5
4.160000	1806.4
4.163750	1817.3
4.167500	1789.9
4.171250	1733.8
4.175000	1859.2
4.178750	1773.2
4.182500	1805.2
4.186250	1802.2
4.190000	1767.0
4.193750	1700.9
4.197500	1762.1
4.201250	1786.2
4.205000	1758.8
4.208750	1768.1
4.212500	1728.5
4.216250	1821.3
4.220000	1768.5
4.223750	1755.3
4.227500	1766.8
4.231250	1784.6
4.235000	1800.9
4.238750	1726.3
4.242500	1790.0
4.246250	1800.4
4.250000	1770.6
4.253750	1774.0
4.257500	1736.2
4.261250	1768.0
4.265000	1755.9
4.268750	1742.9
4.272500	1765.7
4.276250	1736.9
4.280000	1775.9
4.283750	1725.4
4.287500	1718.4
4.291250	1704.7
4.295000	1711.8
4.298750	1728.3
4.302500	1703.0
4.306250	1773.1
4.310000	1717.0
4.313750	1734.1
4.317500	1774.9
4.321250	1712.2
4.325000	1760.3
4.328750	1699.7
4.332500	1631.6
4.336250	1703.7
4.340000	1710.4
4.343750	1781.8
4.347500	1784.0
4.351250	1756.1
4.355000	1730.0
4.358750	1678.7
4.362500	1691.3
4.366250	1684.6
4.370000	1722.2
4.373750	1641.6
4.377500	1629.1
4.381250	1721.1
4.385000	1700.6
4.388750	1660.1
4.392500	1722.9
4.396250	1672.7
4.400000	1708.7
4.403750	1711.4
4.407500	1726.6
4.411250	1671.6
4.415000	1639.1
4.418750	1764.1
4.422500	1734.1
4.426250	1682.7
4.430000	1619.0
4.433750	1684.0
4.437500	1691.6
4.441250	1684.4
4.445000	1694.3
4.448750	1686.3
4.452500	1702.0
4.456250	1717.1
4.460000	1701.6
4.463750	1704.4
4.467500	1663.1
4.471250	1686.9
4.475000	1635.8
4.478750	1665.6
4.482500	1688.2
4.486250	1738.4
4.490000	1667.5
4.493750	1634.6
4.497500	1675.8
4.501250	1723.0
4.505000	1598.4
4.508750	1592.8
4.512500	1644.1
4.516250	1656.4
4.520000	1632.4
4.523750	1642.7
4.527500	1610.5
4.531250	1661.3
4.535000	1721.8
4.538750	1714.1
4.542500	1656.0
4.546250	1660.0
4.550000	1655.6
4.553750	1645.8
4.557500	1620.8
4.561250	1610.2
4.565000	1630.2
4.568750	1552.3
4.572500	1655.0
4.576250	1709.3
4.580000	1679.3
4.583750	1665.2
4.587500	1658.7
4.591250	1659.5
4.595000	1700.5
4.598750	1657.2
4.602500	1629.3
4.606250	1637.6
4.610000	1661.7
4.613750	1601.7
4.617500	1574.4
4.621250	1580.0
4.625000	1663.1
4.628750	1615.4
4.632500	1616.2
4.636250	1639.5
4.640000	1644.6
4.643750	1676.7
4.647500	1629.1
4.651250	1618.7
4.655000	1623.7
4.658750	1591.8
4.662500	1584.1
4.666250	1573.4
4.670000	1566.9
4.673750	1646.5
4.677500	1615.7
4.681250	1541.3
4.685000	1570.8
4.688750	1611.9
4.692500	1620.0
4.696250	1615.8
4.700000	1595.7
4.703750	1611.7
4.707500	1601.5
4.711250	1588.4
4.715000	1572.0
4.718750	1607.8
4.722500	1666.0
4.726250	1616.8
4.730000	1548.6
4.733750	1614.0
4.737500	1564.0
4.741250	1574.3
4.745000	1587.6
4.748750	1589.8
4.752500	1678.5
4.756250	1631.5
4.760000	1544.9
4.763750	1607.2
4.767500	1568.1
4.771250	1667.9
4.775000	1624.0
4.778750	1596.7
4.782500	1609.3
4.786250	1551.9
4.790000	1544.6
4.793750	1539.1
4.797500	1578.1
4.801250	1603.3
4.805000	1540.1
4.808750	1607.1
4.812500	1555.4
4.816250	1503.0
4.820000	1575.3
4.823750	1589.6
4.827500	1523.1
4.831250	1527.0
4.835000	1534.2
4.838750	1578.2
4.842500	1635.9
4.846250	1561.7
4.850000	1585.3
4.853750	1579.1
4.857500	1586.3
4.861250	1582.6
4.865000	1592.5
4.868750	1601.4
4.872500	1614.5
4.876250	1557.0
4.880000	1530.8
4.883750	1579.3
4.887500	1551.7
4.891250	1570.1
4.895000	1556.1
4.898750	1553.8
4.902500	1547.6
4.906250	1565.1
4.910000	1559.2
4.913750	1540.5
4.917500	1623.4
4.921250	1574.5
4.925000	1530.2
4.928750	1534.1
4.932500	1537.2
4.936250	1543.4
4.940000	1493.5
4.943750	1504.9
4.947500	1516.7
4.951250	1522.8
4.955000	1497.0
4.958750	1522.9
4.962500	1510.4
4.966250	1483.5
4.970000	1509.6
4.973750	1525.9
4.977500	1495.0
4.981250	1514.8
4.985000	1421.5
4.988750	1561.3
4.992500	1579.6
4.996250	1527.9
5.000000	1529.3
5.003750	1481.5
5.007500	1572.2
5.011250	1530.0
5.015000	1502.7
5.018750	1553.9
5.022500	1537.5
5.026250	1511.9
5.030000	1467.6
5.033750	1545.1
5.037500	1522.6
5.041250	1573.2
5.045000	1508.1
5.048750	1435.8
5.052500	1488.6
5.056250	1525.0
5.060000	1543.5
5.063750	1566.9
5.067500	1535.5
5.071250	1527.9
5.075000	1525.1
5.078750	1515.6
5.082500	1485.9
5.086250	1484.5
5.090000	1484.4
5.093750	1496.8
5.097500	1493.1
5.101250	1502.1
5.105000	1547.0
5.108750	1508.4
5.112500	1437.6
5.116250	1489.2
5.120000	1475.8
5.123750	1500.9
5.127500	1499.6
5.131250	1477.8
5.135000	1494.1
5.138750	1504.4
5.142500	1451.9
5.146250	1513.5
5.150000	1556.6
5.153750	1468.7
5.157500	1484.6
5.161250	1516.4
5.165000	1475.5
5.168750	1480.5
5.172500	1459.4
5.176250	1491.3
5.180000	1480.3
5.183750	1515.3
5.187500	1479.3
5.191250	1565.0
5.195000	1472.8
5.198750	1542.6
5.202500	1533.6
5.206250	1436.9
5.210000	1458.6
5.213750	1462.5
5.217500	1466.4
5.221250	1439.6
5.225000	1479.2
5.228750	1489.6
5.232500	1462.0
5.236250	1486.0
5.240000	1450.1
5.243750	1476.5
5.247500	1439.3
5.251250	1540.3
5.255000	1462.9
5.258750	1462.8
5.262500	1542.0
5.266250	1459.7
5.270000	1465.3
5.273750	1511.9
5.277500	1552.5
5.281250	1504.0
5.285000	1380.2
5.288750	1471.4
5.292500	1450.0
5.296250	1481.1
5.300000	1460.8
5.303750	1488.8
5.307500	1450.7
5.311250	1492.3
5.315000	1516.2
5.318750	1544.0
5.322500	1444.6
5.326250	1425.9
5.330000	1493.6
5.333750	1469.8
5.337500	1439.2
5.341250	1502.0
5.345000	1482.8
5.348750	1420.6
5.352500	1458.4
5.356250	1489.2
5.360000	1460.5
5.363750	1491.7
5.367500	1452.8
5.371250	1408.7
5.375000	1440.8
5.378750	1474.6
5.382500	1532.2
5.386250	1465.4
5.390000	1439.5
5.393750	1481.7
5.397500	1431.9
5.401250	1454.3
5.405000	1415.2
5.408750	1431.0
5.412500	1440.8
5.416250	1399.1
5.420000	1494.8
5.423750	1571.0
5.427500	1499.9
5.431250	1434.5
5.435000	1365.4
5.438750	1467.4
5.442500	1412.0
5.446250	1462.9
5.450000	1414.8
5.453750	1411.8
5.457500	1437.7
5.461250	1354.4
5.465000	1356.1
5.468750	1520.2
5.472500	1422.3
5.476250	1454.6
5.480000	1461.7
5.483750	1413.2
5.487500	1443.8
5.491250	1529.0
5.495000	1445.3
5.498750	1399.2
5.502500	1415.7
5.506250	1348.9
5.510000	1460.0
5.513750	1401.9
5.517500	1429.4
5.521250	1374.6
5.525000	1381.2
5.528750	1438.5
5.532500	1476.2
5.536250	1596.3
5.540000	1517.7
5.543750	1431.1
5.547500	1374.9
5.551250	1504.2
5.555000	1398.2
5.558750	1410.2
5.562500	1325.6
5.566250	1312.3
5.570000	1483.3
5.573750	1425.5
5.577500	1406.7
5.581250	1469.8
5.585000	1410.4
5.588750	1391.3
5.592500	1435.1
5.596250	1408.6
5.600000	1343.1
5.603750	1375.2
5.607500	1415.3
5.611250	1423.8
5.615000	1428.2
5.618750	1338.3
5.622500	1391.2
5.626250	1385.9
5.630000	1354.5
5.633750	1458.4
5.637500	1414.1
5.641250	1532.2
5.645000	1457.6
5.648750	1466.3
5.652500	1437.0
5.656250	1451.3
5.660000	1522.0
5.663750	1532.8
5.667500	1445.3
5.671250	1467.7
5.675000	1462.0
5.678750	1471.4
5.682500	1458.7
5.686250	1449.9
5.690000	1439.7
5.693750	1540.2
5.697500	1455.3
5.701250	1547.1
5.705000	1501.0
5.708750	1520.5
5.712500	1490.6
5.716250	1438.2
5.720000	1522.1
5.723750	1479.7
5.727500	1453.0
5.731250	1426.7
5.735000	1428.7
5.738750	1407.5
5.742500	1421.7
5.746250	1452.7
5.750000	1416.1
5.753750	1394.9
5.757500	1340.2
5.761250	1354.7
5.765000	1426.2
5.768750	1390.8
5.772500	1369.3
5.776250	1406.8
5.780000	1455.8
5.783750	1418.5
5.787500	1335.5
5.791250	1329.2
5.795000	1356.1
5.798750	1381.7
5.802500	1319.0
5.806250	1404.0
5.810000	1420.6
5.813750	1462.2
5.817500	1351.4
5.821250	1377.8
5.825000	1397.9
5.828750	1419.4
5.832500	1396.6
5.836250	1409.1
5.840000	1357.9
5.843750	1478.1
5.847500	1453.9
5.851250	1400.0
5.855000	1406.9
5.858750	1422.8
5.862500	1395.7
5.866250	1394.8
5.870000	1400.4
5.873750	1369.7
5.877500	1341.2
5.881250	1354.5
5.885000	1363.7
5.888750	1355.2
5.892500	1368.4
5.896250	1326.5
5.900000	1331.2
5.903750	1358.7
5.907500	1322.3
5.911250	1306.1
5.915000	1328.9
5.918750	1362.7
5.922500	1348.9
5.926250	1361.4
5.930000	1372.7
5.933750	1345.2
5.937500	1396.5
5.941250	1375.9
5.945000	1320.8
5.948750	1351.9
5.952500	1395.4
5.956250	1349.7
5.960000	1387.4
5.963750	1372.9
5.967500	1323.4
5.971250	1384.0
5.975000	1390.0
5.978750	1352.0
5.982500	1337.7
5.986250	1396.2
5.990000	1353.7
5.993750	1341.5
5.997500	1315.8
6.001250	1363.0
6.005000	1339.9
6.008750	1414.1
6.012500	1383.2
6.016250	1433.1
6.020000	1339.8
6.023750	1283.0
6.027500	1397.5
6.031250	1337.1
6.035000	1254.5
6.038750	1327.4
6.042500	1340.9
6.046250	1345.3
6.050000	1399.9
6.053750	1340.5
6.057500	1407.2
6.061250	1421.6
6.065000	1280.1
6.068750	1333.9
6.072500	1346.6
6.076250	1378.2
6.080000	1387.2
6.083750	1245.2
6.087500	1303.2
6.091250	1389.4
6.095000	1374.2
6.098750	1281.8
6.102500	1259.2
6.106250	1357.8
6.110000	1376.7
6.113750	1331.9
6.117500	1278.8
6.121250	1320.8
6.125000	1292.0
6.128750	1247.1
6.132500	1204.7
6.136250	1301.3
6.140000	1334.6
6.143750	1364.2
6.147500	1339.6
6.151250	1237.0
6.155000	1195.4
6.158750	1308.8
6.162500	1297.1
6.166250	1267.7
6.170000	1336.4
6.173750	1273.2
6.177500	1299.0
6.181250	1322.8
6.185000	1376.9
6.188750	1384.0
6.192500	1297.9
6.196250	1298.3
6.200000	1384.9
6.203750	1346.8
6.207500	1324.8
6.211250	1343.7
6.215000	1359.0
6.218750	1349.3
6.222500	1401.6
6.226250	1348.1
6.230000	1355.4
6.233750	1304.9
6.237500	1297.8
6.241250	1318.9
6.245000	1322.1
6.248750	1355.1
6.252500	1362.5
6.256250	1355.6
6.260000	1342.2
6.263750	1323.2
6.267500	1366.3
6.271250	1383.3
6.275000	1346.8
6.278750	1276.0
6.282500	1384.5
6.286250	1337.0
6.290000	1334.8
6.293750	1302.6
6.297500	1328.3
6.301250	1354.9
6.305000	1345.3
6.308750	1318.0
6.312500	1305.9
6.316250	1329.3
6.320000	1312.6
6.323750	1322.5
6.327500	1326.9
6.331250	1310.2
6.335000	1265.4
6.338750	1286.0
6.342500	1292.0
6.346250	1321.1
6.350000	1285.3
6.353750	1277.7
6.357500	1246.9
6.361250	1288.8
6.365000	1276.0
6.368750	1295.4
6.372500	1288.7
6.376250	1245.6
6.380000	1312.7
6.383750	1364.3
6.387500	1303.4
6.391250	1267.4
6.395000	1310.0
6.398750	1296.8
6.402500	1327.2
6.406250	1343.8
6.410000	1261.4
6.413750	1351.1
6.417500	1324.0
6.421250	1361.9
6.425000	1316.0
6.428750	1297.2
6.432500	1294.1
6.436250	1272.9
6.440000	1336.3
6.443750	1290.3
6.447500	1294.5
6.451250	1243.6
6.455000	1326.0
6.458750	1320.2
6.462500	1263.7
6.466250	1323.7
6.470000	1282.1
6.473750	1352.6
6.477500	1294.4
6.481250	1236.5
6.485000	1288.4
6.488750	1293.4
6.492500	1346.0
6.496250	1338.1
6.500000	1358.7
6.503750	1250.9
6.507500	1274.7
6.511250	1269.5
6.515000	1307.6
6.518750	1271.0
6.522500	1296.1
6.526250	1288.8
6.530000	1277.7
6.533750	1276.1
6.537500	1312.6
6.541250	1312.7
6.545000	1260.4
6.548750	1233.4
6.552500	1279.4
6.556250	1236.8
6.560000	1315.0
6.563750	1306.8
6.567500	1303.7
6.571250	1275.1
6.575000	1333.2
6.578750	1319.1
6.582500	1268.8
6.586250	1242.4
6.590000	1300.8
6.593750	1227.6
6.597500	1293.8
6.601250	1282.7
6.605000	1268.9
6.608750	1261.8
6.612500	1234.1
6.616250	1301.0
6.620000	1307.7
6.623750	1239.7
6.627500	1236.3
6.631250	1261.5
6.635000	1299.5
6.638750	1325.7
6.642500	1295.3
6.646250	1303.3
6.650000	1320.1
6.653750	1273.3
6.657500	1266.9
6.661250	1271.5
6.665000	1336.0
6.668750	1285.6
6.672500	1285.6
6.676250	1302.6
6.680000	1274.1
6.683750	1247.3
6.687500	1322.1
6.691250	1249.5
6.695000	1266.5
6.698750	1275.9
6.702500	1326.2
6.706250	1326.4
6.710000	1261.1
6.713750	1289.4
6.717500	1293.0
6.721250	1279.8
6.725000	1289.0
6.728750	1309.7
6.732500	1261.0
6.736250	1270.3
6.740000	1267.3
6.743750	1244.8
6.747500	1361.3
6.751250	1328.4
6.755000	1271.7
6.758750	1278.0
6.762500	1319.9
6.766250	1272.8
6.770000	1318.0
6.773750	1279.7
6.777500	1264.6
6.781250	1236.6
6.785000	1288.3
6.788750	1327.9
6.792500	1324.2
6.796250	1252.8
6.800000	1296.9
6.803750	1300.1
6.807500	1277.8
6.811250	1281.1
6.815000	1272.4
6.818750	1251.4
6.822500	1290.4
6.826250	1288.0
6.830000	1306.7
6.833750	1308.2
6.837500	1230.0
6.841250	1291.8
6.845000	1246.3
6.848750	1232.7
6.852500	1262.3
6.856250	1200.2
6.860000	1347.6
6.863750	1340.6
6.867500	1273.5
6.871250	1190.4
6.875000	1319.3
6.878750	1231.0
6.882500	1190.1
6.886250	1243.1
6.890000	1259.0
6.893750	1309.9
6.897500	1317.3
6.901250	1251.8
6.905000	1237.9
6.908750	1291.9
6.912500	1286.2
6.916250	1233.8
6.920000	1333.3
6.923750	1288.9
6.927500	1207.1
6.931250	1292.4
6.935000	1263.8
6.938750	1270.6
6.942500	1294.6
6.946250	1257.1
6.950000	1290.1
6.953750	1209.0
6.957500	1241.7
6.961250	1306.1
6.965000	1282.4
6.968750	1270.9
6.972500	1242.1
6.976250	1287.4
6.980000	1286.1
6.983750	1298.3
6.987500	1279.2
6.991250	1279.1
6.995000	1296.3
6.998750	1245.6
7.002500	1254.8
7.006250	1206.8
7.010000	1211.9
7.013750	1235.0
7.017500	1215.6
7.021250	1250.3
7.025000	1256.5
7.028750	1220.6
7.032500	1276.3
7.036250	1275.0
7.040000	1258.8
7.043750	1224.2
7.047500	1298.6
7.051250	1263.8
7.055000	1218.0
7.058750	1221.8
7.062500	1227.6
7.066250	1250.0
7.070000	1279.6
7.073750	1303.4
7.077500	1287.6
7.081250	1274.2
7.085000	1240.4
7.088750	1240.0
7.092500	1199.9
7.096250	1247.1
7.100000	1294.7
7.103750	1181.4
7.107500	1271.2
7.111250	1238.1
7.115000	1250.6
7.118750	1282.3
7.122500	1293.5
7.126250	1226.8
7.130000	1254.3
7.133750	1226.8
7.137500	1291.8
7.141250	1237.4
7.145000	1247.2
7.148750	1238.4
7.152500	1286.5
7.156250	1263.0
7.160000	1216.4
7.163750	1188.7
7.167500	1265.9
7.171250	1207.5
7.175000	1306.7
7.178750	1283.4
7.182500	1261.2
7.186250	1265.3
7.190000	1220.1
7.193750	1228.0
7.197500	1239.8
7.201250	1219.4
7.205000	1243.9
7.208750	1291.7
7.212500	1320.5
7.216250	1260.5
7.220000	1223.3
7.223750	1239.1
7.227500	1265.4
7.231250	1240.7
7.235000	1275.8
7.238750	1223.7
7.242500	1270.9
7.246250	1265.1
7.250000	1292.2
7.253750	1258.1
7.257500	1211.3
7.261250	1204.7
7.265000	1223.3
7.268750	1241.1
7.272500	1305.6
7.276250	1267.8
7.280000	1238.2
7.283750	1259.5
7.287500	1241.7
7.291250	1268.9
7.295000	1229.0
7.298750	1247.1
7.302500	1287.8
7.306250	1271.6
7.310000	1252.4
7.313750	1251.4
7.317500	1286.1
7.321250	1311.2
7.325000	1225.7
7.328750	1248.1
7.332500	1291.1
7.336250	1213.9
7.340000	1204.0
7.343750	1213.9
7.347500	1212.8
7.351250	1249.0
7.355000	1228.4
7.358750	1202.1
7.362500	1220.5
7.366250	1185.1
7.370000	1204.6
7.373750	1165.9
7.377500	1192.5
7.381250	1262.1
7.385000	1228.7
7.388750	1263.8
7.392500	1291.7
7.396250	1235.0
7.400000	1219.6
7.403750	1233.5
7.407500	1202.7
7.411250	1203.2
7.415000	1296.7
7.418750	1309.2
7.422500	1250.1
7.426250	1228.8
7.430000	1272.1
7.433750	1273.0
7.437500	1268.3
7.441250	1213.5
7.445000	1263.4
7.448750	1257.4
7.452500	1233.2
7.456250	1230.2
7.460000	1262.9
7.463750	1261.2
7.467500	1283.2
7.471250	1272.3
7.475000	1213.7
7.478750	1221.7
7.482500	1249.4
7.486250	1305.5
7.490000	1243.3
7.493750	1236.8
7.497500	1211.8
7.501250	1240.6
7.505000	1206.9
7.508750	1283.5
7.512500	1260.3
7.516250	1246.4
7.520000	1278.5
7.523750	1211.8
7.527500	1204.2
7.531250	1258.7
7.535000	1246.2
7.538750	1179.0
7.542500	1242.3
7.546250	1217.1
7.550000	1280.8
7.553750	1205.5
7.557500	1145.4
7.561250	1219.4
7.565000	1231.7
7.568750	1265.1
7.572500	1249.2
7.576250	1220.6
7.580000	1233.0
7.583750	1245.0
7.587500	1234.9
7.591250	1232.8
7.595000	1248.1
7.598750	1209.7
7.602500	1206.2
7.606250	1205.4
7.610000	1170.4
7.613750	1250.4
7.617500	1197.6
7.621250	1191.2
7.625000	1213.5
7.628750	1220.7
7.632500	1188.9
7.636250	1255.3
7.640000	1215.9
7.643750	1238.6
7.647500	1202.9
7.651250	1205.3
7.655000	1195.7
7.658750	1218.9
7.662500	1252.1
7.666250	1237.2
7.670000	1260.1
7.673750	1239.6
7.677500	1231.3
7.681250	1206.0
7.685000	1182.1
7.688750	1228.5
7.692500	1266.8
7.696250	1223.7
7.700000	1248.1
7.703750	1232.2
7.707500	1228.4
7.711250	1174.7
7.715000	1182.0
7.718750	1189.1
7.722500	1277.3
7.726250	1250.9
7.730000	1252.9
7.733750	1263.4
7.737500	1204.1
7.741250	1180.7
7.745000	1236.4
7.748750	1227.0
7.752500	1185.5
7.756250	1282.7
7.760000	1239.4
7.763750	1183.8
7.767500	1222.1
7.771250	1234.1
7.775000	1264.8
7.778750	1225.9
7.782500	1244.4
7.786250	1233.4
7.790000	1201.1
7.793750	1251.2
7.797500	1215.5
7.801250	1230.2
7.805000	1267.9
7.808750	1256.7
7.812500	1220.1
7.816250	1221.0
7.820000	1175.3
7.823750	1195.5
7.827500	1255.3
7.831250	1286.0
7.835000	1232.3
7.838750	1229.2
7.842500	1182.6
7.846250	1207.3
7.850000	1205.2
7.853750	1163.6
7.857500	1227.1
7.861250	1219.5
7.865000	1285.6
7.868750	1259.2
7.872500	1182.0
7.876250	1228.4
7.880000	1203.5
7.883750	1223.1
7.887500	1237.9
7.891250	1157.2
7.895000	1176.0
7.898750	1163.0
7.902500	1122.8
7.906250	1216.4
7.910000	1233.1
7.913750	1190.4
7.917500	1199.8
7.921250	1254.1
7.925000	1280.1
7.928750	1264.5
7.932500	1246.8
7.936250	1198.2
7.940000	1222.8
7.943750	1209.3
7.947500	1166.4
7.951250	1214.5
7.955000	1185.1
7.958750	1202.5
7.962500	1228.1
7.966250	1239.9
7.970000	1211.3
7.973750	1238.9
7.977500	1214.4
7.981250	1253.8
7.985000	1249.9
7.988750	1225.9
7.992500	1265.4
7.996250	1262.4
8.000000	1301.0
8.003750	1297.2
8.007500	1238.6
8.011250	1277.4
8.015000	1252.1
8.018750	1242.8
8.022500	1206.3
8.026250	1276.1
8.030000	1203.2
8.033750	1276.0
8.037500	1241.1
8.041250	1176.1
8.045000	1234.2
8.048750	1272.5
8.052500	1226.1
8.056250	1249.6
8.060000	1209.0
8.063750	1284.7
8.067500	1212.1
8.071250	1270.5
8.075000	1207.2
8.078750	1212.0
8.082500	1155.5
8.086250	1217.9
8.090000	1247.7
8.093750	1228.1
8.097500	1191.5
8.101250	1265.3
8.105000	1245.7
8.108750	1223.6
8.112500	1215.8
8.116250	1216.1
8.120000	1221.2
8.123750	1207.7
8.127500	1241.1
8.131250	1277.3
8.135000	1242.7
8.138750	1260.0
8.142500	1165.8
8.146250	1215.8
8.150000	1281.1
8.153750	1199.6
8.157500	1208.3
8.161250	1236.6
8.165000	1172.3
8.168750	1252.0
8.172500	1286.0
8.176250	1229.7
8.180000	1167.9
8.183750	1224.3
8.187500	1246.7
8.191250	1244.8
8.195000	1197.1
8.198750	1262.3
8.202500	1199.5
8.206250	1265.9
8.210000	1237.4
8.213750	1218.6
8.217500	1221.7
8.221250	1202.6
8.225000	1238.1
8.228750	1228.3
8.232500	1175.6
8.236250	1219.9
8.240000	1214.6
8.243750	1246.0
8.247500	1227.8
8.251250	1235.9
8.255000	1267.6
8.258750	1222.9
8.262500	1246.9
8.266250	1221.2
8.270000	1251.0
8.273750	1291.9
8.277500	1184.6
8.281250	1206.3
8.285000	1223.8
8.288750	1235.3
8.292500	1262.9
8.296250	1269.9
8.300000	1189.7
8.303750	1237.2
8.307500	1205.9
8.311250	1223.6
8.315000	1136.5
8.318750	1323.3
8.322500	1229.3
8.326250	1261.2
8.330000	1225.4
8.333750	1216.2
8.337500	1299.0
8.341250	1192.1
8.345000	1206.4
8.348750	1229.5
8.352500	1229.7
8.356250	1233.3
8.360000	1204.2
8.363750	1217.1
8.367500	1179.8
8.371250	1226.0
8.375000	1257.3
8.378750	1277.2
8.382500	1220.3
8.386250	1299.8
8.390000	1232.3
8.393750	1244.1
8.397500	1233.4
8.401250	1318.6
8.405000	1239.4
8.408750	1209.1
8.412500	1224.8
8.416250	1221.7
8.420000	1253.0
8.423750	1203.2
8.427500	1223.3
8.431250	1237.2
8.435000	1282.0
8.438750	1243.2
8.442500	1214.2
8.446250	1204.1
8.450000	1250.8
8.453750	1275.5
8.457500	1252.2
8.461250	1248.5
8.465000	1164.5
8.468750	1180.4
8.472500	1168.5
8.476250	1238.0
8.480000	1256.2
8.483750	1207.9
8.487500	1267.9
8.491250	1271.7
8.495000	1212.6
8.498750	1256.9
8.502500	1225.5
8.506250	1208.2
8.510000	1225.2
8.513750	1314.4
8.517500	1235.5
8.521250	1256.1
8.525000	1261.2
8.528750	1276.7
8.532500	1272.3
8.536250	1267.5
8.540000	1225.6
8.543750	1214.1
8.547500	1247.9
8.551250	1196.6
8.555000	1235.1
8.558750	1302.2
8.562500	1282.2
8.566250	1216.1
8.570000	1179.8
8.573750	1249.0
8.577500	1262.6
8.581250	1141.1
8.585000	1260.0
8.588750	1319.0
8.592500	1239.5
8.596250	1276.2
8.600000	1289.1
8.603750	1253.3
8.607500	1274.7
8.611250	1245.4
8.615000	1287.5
8.618750	1296.4
8.622500	1266.1
8.626250	1275.9
8.630000	1250.3
8.633750	1243.7
8.637500	1235.3
8.641250	1274.1
8.645000	1245.2
8.648750	1263.9
8.652500	1265.1
8.656250	1293.2
8.660000	1277.8
8.663750	1262.5
8.667500	1281.7
8.671250	1301.5
8.675000	1324.6
8.678750	1268.7
8.682500	1238.7
8.686250	1276.6
8.690000	1320.0
8.693750	1287.5
8.697500	1289.2
8.701250	1373.6
8.705000	1306.7
8.708750	1215.6
8.712500	1291.1
8.716250	1303.2
8.720000	1373.7
8.723750	1311.6
8.727500	1280.9
8.731250	1290.3
8.735000	1376.6
8.738750	1355.8
8.742500	1316.2
8.746250	1345.1
8.750000	1338.3
8.753750	1353.9
8.757500	1335.6
8.761250	1359.1
8.765000	1301.5
8.768750	1302.8
8.772500	1359.8
8.776250	1400.8
8.780000	1356.2
8.783750	1335.3
8.787500	1393.6
8.791250	1388.4
8.795000	1346.5
8.798750	1388.3
8.802500	1344.1
8.806250	1407.6
8.810000	1348.9
8.813750	1412.5
8.817500	1470.1
8.821250	1351.6
8.825000	1403.8
8.828750	1451.0
8.832500	1430.2
8.836250	1396.1
8.840000	1405.6
8.843750	1426.3
8.847500	1457.8
8.851250	1421.6
8.855000	1490.8
8.858750	1501.7
8.862500	1450.1
8.866250	1460.0
8.870000	1446.1
8.873750	1484.5
8.877500	1543.3
8.881250	1503.5
8.885000	1526.7
8.888750	1555.1
8.892500	1510.6
8.896250	1564.9
8.900000	1680.2
8.903750	1641.0
8.907500	1674.4
8.911250	1693.7
8.915000	1651.5
8.918750	1668.6
8.922500	1719.8
8.926250	1750.6
8.930000	1838.9
8.933750	1841.2
8.937500	1893.2
8.941250	1954.3
8.945000	1934.9
8.948750	2037.1
8.952500	2164.4
8.956250	2133.7
8.960000	2225.5
8.963750	2363.2
8.967500	2396.3
8.971250	2545.9
8.975000	2632.2
8.978750	2738.6
8.982500	2945.9
8.986250	3157.7
8.990000	3338.5
8.993750	3475.6
8.997500	3706.1
9.001250	3923.5
9.005000	4262.1
9.008750	4360.7
9.012500	4457.6
9.016250	4767.7
9.020000	4974.0
9.023750	5084.9
9.027500	5197.6
9.031250	5367.5
9.035000	5414.3
9.038750	5596.2
9.042500	5596.2
9.046250	5623.4
9.050000	5775.5
9.053750	5624.4
9.057500	5570.4
9.061250	5695.3
9.065000	5558.6
9.068750	5560.2
9.072500	5584.2
9.076250	5387.2
9.080000	5337.7
9.083750	5265.3
9.087500	5308.0
9.091250	5206.8
9.095000	5128.5
9.098750	4999.0
9.102500	4998.8
9.106250	4681.4
9.110000	4608.4
9.113750	4491.5
9.117500	4375.9
9.121250	4247.8
9.125000	4128.2
9.128750	3940.6
9.132500	3923.8
9.136250	3794.9
9.140000	3623.9
9.143750	3461.5
9.147500	3355.2
9.151250	3194.3
9.155000	3177.8
9.158750	3048.4
9.162500	2903.0
9.166250	2781.3
9.170000	2766.7
9.173750	2605.4
9.177500	2535.6
9.181250	2441.0
9.185000	2369.4
9.188750	2382.1
9.192500	2285.2
9.196250	2207.2
9.200000	2133.1
9.203750	2123.9
9.207500	2067.7
9.211250	1921.5
9.215000	1966.2
9.218750	1884.6
9.222500	1875.3
9.226250	1854.8
9.230000	1862.0
9.233750	1765.4
9.237500	1723.0
9.241250	1740.0
9.245000	1685.5
9.248750	1674.3
9.252500	1687.7
9.256250	1630.1
9.260000	1586.5
9.263750	1665.5
9.267500	1651.5
9.271250	1639.9
9.275000	1552.8
9.278750	1551.6
9.282500	1448.4
9.286250	1502.9
9.290000	1540.4
9.293750	1482.7
9.297500	1551.6
9.301250	1501.4
9.305000	1476.6
9.308750	1418.7
9.312500	1470.5
9.316250	1401.5
9.320000	1398.7
9.323750	1518.6
9.327500	1487.2
9.331250	1397.3
9.335000	1316.9
9.338750	1383.9
9.342500	1418.0
9.346250	1372.2
9.350000	1407.0
9.353750	1367.0
9.357500	1387.5
9.361250	1397.2
9.365000	1406.2
9.368750	1355.9
9.372500	1369.7
9.376250	1350.2
9.380000	1350.5
9.383750	1322.6
9.387500	1320.7
9.391250	1354.9
9.395000	1383.4
9.398750	1286.5
9.402500	1265.5
9.406250	1329.7
9.410000	1347.7
9.413750	1321.6
9.417500	1287.6
9.421250	1282.2
9.425000	1319.3
9.428750	1336.9
9.432500	1313.3
9.436250	1358.2
9.440000	1434.8
9.443750	1360.8
9.447500	1314.5
9.451250	1279.3
9.455000	1273.3
9.458750	1268.0
9.462500	1318.6
9.466250	1306.4
9.470000	1303.8
9.473750	1269.5
9.477500	1311.6
9.481250	1275.9
9.485000	1332.7
9.488750	1331.8
9.492500	1283.5
9.496250	1274.1
9.500000	1260.2
9.503750	1310.4
9.507500	1359.0
9.511250	1286.7
9.515000	1279.7
9.518750	1347.0
9.522500	1239.8
9.526250	1221.5
9.530000	1251.2
9.533750	1276.9
9.537500	1319.5
9.541250	1279.8
9.545000	1229.8
9.548750	1277.8
9.552500	1286.7
9.556250	1314.6
9.560000	1310.7
9.563750	1280.4
9.567500	1267.3
9.571250	1317.5
9.575000	1276.5
9.578750	1328.5
9.582500	1254.5
9.586250	1264.3
9.590000	1299.5
9.593750	1253.4
9.597500	1347.4
9.601250	1239.0
9.605000	1275.7
9.608750	1240.1
9.612500	1300.6
9.616250	1289.7
9.620000	1306.2
9.623750	1293.6
9.627500	1282.7
9.631250	1272.8
9.635000	1224.6
9.638750	1245.0
9.642500	1350.7
9.646250	1234.4
9.650000	1316.3
9.653750	1221.8
9.657500	1341.9
9.661250	1218.5
9.665000	1332.0
9.668750	1214.6
9.672500	1258.0
9.676250	1309.7
9.680000	1265.1
9.683750	1269.6
9.687500	1201.6
9.691250	1271.2
9.695000	1286.2
9.698750	1289.6
9.702500	1306.8
9.706250	1256.4
9.710000	1275.3
9.713750	1258.2
9.717500	1251.8
9.721250	1288.5
9.725000	1165.1
9.728750	1276.0
9.732500	1235.5
9.736250	1223.3
9.740000	1302.0
9.743750	1261.9
9.747500	1228.0
9.751250	1335.0
9.755000	1232.3
9.758750	1237.8
9.762500	1222.8
9.766250	1221.2
9.770000	1265.3
9.773750	1246.2
9.777500	1269.5
9.781250	1210.2
9.785000	1258.1
9.788750	1188.3
9.792500	1262.4
9.796250	1280.1
9.800000	1211.4
9.803750	1207.3
9.807500	1267.9
9.811250	1295.5
9.815000	1210.5
9.818750	1279.6
9.822500	1232.2
9.826250	1266.0
9.830000	1291.6
9.833750	1255.8
9.837500	1246.0
9.841250	1294.7
9.845000	1281.4
9.848750	1287.0
9.852500	1277.8
9.856250	1232.6
9.860000	1201.7
9.863750	1215.8
9.867500	1327.8
9.871250	1297.4
9.875000	1240.9
9.878750	1283.4
9.882500	1276.5
9.886250	1207.6
9.890000	1218.2
9.893750	1233.2
9.897500	1244.6
9.901250	1247.6
9.905000	1249.6
9.908750	1281.9
9.912500	1253.2
9.916250	1232.7
9.920000	1254.7
9.923750	1310.6
9.927500	1210.6
9.931250	1176.1
9.935000	1243.7
9.938750	1298.8
9.942500	1242.2
9.946250	1202.7
9.950000	1267.1
9.953750	1313.4
9.957500	1338.0
9.961250	1289.1
9.965000	1241.0
9.968750	1246.0
9.972500	1225.5
9.976250	1307.5
9.980000	1205.9
9.983750	1236.3
9.987500	1275.1
9.991250	1166.6
9.995000	1225.5
9.998750	1273.1
10.002500	1247.1
10.006250	1278.3
10.010000	1308.2
10.013750	1281.6
10.017500	1274.9
10.021250	1254.6
10.025000	1227.3
10.028750	1310.2
10.032500	1325.5
10.036250	1288.2
10.040000	1260.0
10.043750	1253.9
10.047500	1307.7
10.051250	1249.3
10.055000	1299.4
10.058750	1254.1
10.062500	1270.2
10.066250	1292.6
10.070000	1316.3
10.073750	1279.4
10.077500	1292.2
10.081250	1315.4
10.085000	1352.5
10.088750	1338.3
10.092500	1342.5
10.096250	1327.9
10.100000	1412.7
10.103750	1399.6
10.107500	1327.8
10.111250	1343.1
10.115000	1361.2
10.118750	1297.7
10.122500	1299.0
10.126250	1239.8
10.130000	1258.4
10.133750	1324.8
10.137500	1311.8
10.141250	1304.9
10.145000	1267.0
10.148750	1275.9
10.152500	1336.1
10.156250	1314.8
10.160000	1343.1
10.163750	1283.7
10.167500	1368.5
10.171250	1270.3
10.175000	1247.5
10.178750	1263.2
10.182500	1308.9
10.186250	1338.7
10.190000	1301.9
10.193750	1322.7
10.197500	1297.7
10.201250	1323.0
10.205000	1277.0
10.208750	1277.3
10.212500	1372.1
10.216250	1355.6
10.220000	1416.3
10.223750	1513.1
10.227500	1524.1
10.231250	1619.2
10.235000	1895.8
10.238750	2171.7
10.242500	2641.1
10.246250	3167.6
10.250000	3740.3
10.253750	4345.9
10.257500	4851.5
10.261250	5222.4
10.265000	4995.3
10.268750	4775.9
10.272500	3998.9
10.276250	3358.4
10.280000	2847.4
10.283750	2195.0
10.287500	1872.8
10.291250	1641.2
10.295000	1551.0
10.298750	1463.0
10.302500	1409.1
10.306250	1404.1
10.310000	1385.4
10.313750	1327.3
10.317500	1318.4
10.321250	1347.6
10.325000	1287.1
10.328750	1283.1
10.332500	1356.2
10.336250	1300.1
10.340000	1290.7
10.343750	1250.4
10.347500	1341.2
10.351250	1276.4
10.355000	1241.7
10.358750	1295.5
10.362500	1306.3
10.366250	1282.4
10.370000	1241.6
10.373750	1293.8
10.377500	1237.8
10.381250	1293.8
10.385000	1324.4
10.388750	1341.5
10.392500	1303.7
10.396250	1275.0
10.400000	1355.9
10.403750	1266.5
10.407500	1300.9
10.411250	1313.5
10.415000	1301.4
10.418750	1335.6
10.422500	1311.6
10.426250	1279.1
10.430000	1278.5
10.433750	1320.2
10.437500	1323.5
10.441250	1314.5
10.445000	1312.8
10.448750	1299.1
10.452500	1256.1
10.456250	1251.8
10.460000	1286.8
10.463750	1373.0
10.467500	1334.3
10.471250	1276.8
10.475000	1232.9
10.478750	1340.3
10.482500	1328.3
10.486250	1226.6
10.490000	1269.7
10.493750	1267.8
10.497500	1231.1
10.501250	1375.4
10.505000	1310.0
10.508750	1275.1
10.512500	1198.8
10.516250	1278.1
10.520000	1305.1
10.523750	1369.4
10.527500	1244.7
10.531250	1246.2
10.535000	1249.2
10.538750	1282.4
10.542500	1284.4
10.546250	1282.6
10.550000	1312.3
10.553750	1218.8
10.557500	1288.5
10.561250	1304.1
10.565000	1357.9
10.568750	1244.1
10.572500	1317.7
10.576250	1248.7
10.580000	1249.7
10.583750	1226.0
10.587500	1344.1
10.591250	1310.0
10.595000	1298.4
10.598750	1347.9
10.602500	1293.3
10.606250	1344.0
10.610000	1307.3
10.613750	1340.0
10.617500	1286.9
10.621250	1299.4
10.625000	1309.3
10.628750	1325.8
10.632500	1249.9
10.636250	1287.7
10.640000	1206.1
10.643750	1283.8
10.647500	1346.4
10.651250	1345.0
10.655000	1182.3
10.658750	1256.6
10.662500	1260.4
10.666250	1249.5
10.670000	1339.3
10.673750	1410.3
10.677500	1272.5
10.681250	1257.2
10.685000	1251.4
10.688750	1365.0
10.692500	1321.4
10.696250	1237.4
10.700000	1247.2
10.703750	1327.7
10.707500	1290.5
10.711250	1309.7
10.715000	1348.4
10.718750	1273.9
10.722500	1269.7
10.726250	1317.0
10.730000	1308.7
10.733750	1241.9
10.737500	1287.6
10.741250	1328.8
10.745000	1314.5
10.748750	1361.6
10.752500	1249.3
10.756250	1335.9
10.760000	1230.0
10.763750	1329.5
10.767500	1290.3
10.771250	1278.0
10.775000	1339.7
10.778750	1290.7
10.782500	1294.1
10.786250	1322.8
10.790000	1245.2
10.793750	1272.9
10.797500	1316.1
10.801250	1375.8
10.805000	1323.0
10.808750	1359.9
10.812500	1315.3
10.816250	1280.0
10.820000	1320.1
10.823750	1303.9
10.827500	1344.4
10.831250	1334.1
10.835000	1230.6
10.838750	1327.6
10.842500	1314.2
10.846250	1249.5
10.850000	1338.3
10.853750	1306.3
10.857500	1253.2
10.861250	1344.6
10.865000	1304.3
10.868750	1270.4
10.872500	1348.2
10.876250	1289.5
10.880000	1249.2
10.883750	1298.6
10.887500	1256.5
10.891250	1341.9
10.895000	1306.2
10.898750	1322.4
10.902500	1277.4
10.906250	1284.9
10.910000	1338.1
10.913750	1329.7
10.917500	1327.5
10.921250	1296.6
10.925000	1213.9
10.928750	1332.2
10.932500	1324.5
10.936250	1275.9
10.940000	1317.2
10.943750	1340.7
10.947500	1315.4
10.951250	1318.3
10.955000	1351.3
10.958750	1365.8
10.962500	1304.9
10.966250	1291.4
10.970000	1362.9
10.973750	1379.5
10.977500	1264.3
10.981250	1295.4
10.985000	1249.3
10.988750	1237.3
10.992500	1339.2
10.996250	1405.3
11.000000	1366.4
11.003750	1272.2
11.007500	1288.4
11.011250	1438.0
11.015000	1351.0
11.018750	1198.8
11.022500	1264.7
11.026250	1301.1
11.030000	1354.7
11.033750	1329.5
11.037500	1329.1
11.041250	1342.0
11.045000	1346.3
11.048750	1381.8
11.052500	1324.9
11.056250	1315.6
11.060000	1269.0
11.063750	1255.1
11.067500	1299.0
11.071250	1324.7
11.075000	1301.3
11.078750	1253.9
11.082500	1332.2
11.086250	1351.4
11.090000	1321.8
11.093750	1398.0
11.097500	1345.1
11.101250	1363.5
11.105000	1277.5
11.108750	1315.7
11.112500	1283.0
11.116250	1361.1
11.120000	1367.2
11.123750	1453.0
11.127500	1330.4
11.131250	1414.4
11.135000	1366.8
11.138750	1366.2
11.142500	1291.6
11.146250	1313.1
11.150000	1359.1
11.153750	1353.6
11.157500	1399.5
11.161250	1340.3
11.165000	1324.9
11.168750	1277.2
11.172500	1288.9
11.176250	1357.9
11.180000	1379.7
11.183750	1392.2
11.187500	1320.1
11.191250	1333.9
11.195000	1338.2
11.198750	1333.0
11.202500	1338.0
11.206250	1379.9
11.210000	1355.1
11.213750	1314.0
11.217500	1314.1
11.221250	1310.7
11.225000	1284.6
11.228750	1299.0
11.232500	1312.4
11.236250	1412.5
11.240000	1347.6
11.243750	1378.9
11.247500	1371.9
11.251250	1389.4
11.255000	1361.8
11.258750	1411.4
11.262500	1352.2
11.266250	1315.4
11.270000	1364.0
11.273750	1371.2
11.277500	1337.2
11.281250	1380.0
11.285000	1342.4
11.288750	1318.3
11.292500	1393.8
11.296250	1327.4
11.300000	1377.0
11.303750	1352.0
11.307500	1376.4
11.311250	1385.9
11.315000	1340.0
11.318750	1386.0
11.322500	1334.1
11.326250	1330.3
11.330000	1372.8
11.333750	1291.4
11.337500	1345.7
11.341250	1387.2
11.345000	1398.9
11.348750	1441.1
11.352500	1460.3
11.356250	1380.1
11.360000	1355.6
11.363750	1369.0
11.367500	1345.1
11.371250	1379.6
11.375000	1326.6
11.378750	1393.8
11.382500	1373.5
11.386250	1320.4
11.390000	1355.8
11.393750	1359.0
11.397500	1311.7
11.401250	1357.0
11.405000	1405.3
11.408750	1382.9
11.412500	1348.2
11.416250	1329.8
11.420000	1372.1
11.423750	1382.9
11.427500	1324.6
11.431250	1330.8
11.435000	1285.3
11.438750	1331.9
11.442500	1412.7
11.446250	1321.5
11.450000	1370.6
11.453750	1385.0
11.457500	1379.6
11.461250	1318.3
11.465000	1362.6
11.468750	1359.5
11.472500	1299.5
11.476250	1278.1
11.480000	1297.7
11.483750	1394.5
11.487500	1413.8
11.491250	1310.3
11.495000	1389.4
11.498750	1358.6
11.502500	1354.6
11.506250	1367.1
11.510000	1405.7
11.513750	1336.2
11.517500	1413.6
11.521250	1374.9
11.525000	1378.0
11.528750	1343.3
11.532500	1323.2
11.536250	1396.5
11.540000	1352.7
11.543750	1287.0
11.547500	1353.2
11.551250	1377.9
11.555000	1365.4
11.558750	1424.4
11.562500	1385.5
11.566250	1337.7
11.570000	1403.9
11.573750	1439.9
11.577500	1363.2
11.581250	1392.1
11.585000	1398.4
11.588750	1411.3
11.592500	1390.2
11.596250	1392.9
11.600000	1407.5
11.603750	1328.5
11.607500	1302.2
11.611250	1385.6
11.615000	1343.0
11.618750	1368.6
11.622500	1441.8
11.626250	1396.4
11.630000	1394.1
11.633750	1337.8
11.637500	1333.9
11.641250	1361.4
11.645000	1372.4
11.648750	1336.9
11.652500	1340.2
11.656250	1378.8
11.660000	1385.2
11.663750	1446.1
11.667500	1388.0
11.671250	1356.4
11.675000	1391.0
11.678750	1395.8
11.682500	1358.5
11.686250	1398.3
11.690000	1400.0
11.693750	1450.7
11.697500	1391.0
11.701250	1426.6
11.705000	1473.7
11.708750	1439.7
11.712500	1390.2
11.716250	1400.0
11.720000	1356.4
11.723750	1358.3
11.727500	1365.1
11.731250	1448.7
11.735000	1445.6
11.738750	1408.9
11.742500	1398.8
11.746250	1341.0
11.750000	1357.2
11.753750	1436.0
11.757500	1373.5
11.761250	1337.9
11.765000	1426.8
11.768750	1396.8
11.772500	1453.8
11.776250	1373.0
11.780000	1380.8
11.783750	1369.1
11.787500	1403.1
11.791250	1455.3
11.795000	1438.2
11.798750	1434.0
11.802500	1408.5
11.806250	1429.2
11.810000	1478.8
11.813750	1456.3
11.817500	1463.7
11.821250	1481.9
11.825000	1575.2
11.828750	1550.4
11.832500	1635.2
11.836250	1703.5
11.840000	1844.4
11.843750	1908.7
11.847500	2045.5
11.851250	2017.1
11.855000	2068.8
11.858750	2050.6
11.862500	1998.6
11.866250	1869.3
11.870000	1659.1
11.873750	1617.9
11.877500	1546.7
11.881250	1607.6
11.885000	1507.5
11.888750	1466.6
11.892500	1433.0
11.896250	1432.9
11.900000	1497.6
11.903750	1358.9
11.907500	1366.3
11.911250	1426.1
11.915000	1409.7
11.918750	1352.9
11.922500	1483.8
11.926250	1413.8
11.930000	1421.8
11.933750	1444.9
11.937500	1372.5
11.941250	1402.0
11.945000	1412.5
11.948750	1408.0
11.952500	1457.2
11.956250	1436.9
11.960000	1446.1
11.963750	1409.8
11.967500	1438.1
11.971250	1428.0
11.975000	1414.5
11.978750	1411.5
11.982500	1384.3
11.986250	1380.5
11.990000	1411.0
11.993750	1399.4
11.997500	1421.9
12.001250	1449.3
12.005000	1461.5
12.008750	1444.4
12.012500	1466.5
12.016250	1451.9
12.020000	1368.5
12.023750	1391.1
12.027500	1432.5
12.031250	1432.1
12.035000	1424.3
12.038750	1471.2
12.042500	1416.1
12.046250	1423.3
12.050000	1467.2
12.053750	1447.6
12.057500	1420.7
12.061250	1416.1
12.065000	1427.7
12.068750	1393.7
12.072500	1435.0
12.076250	1472.5
12.080000	1388.5
12.083750	1408.6
12.087500	1441.0
12.091250	1434.0
12.095000	1375.9
12.098750	1430.4
12.102500	1471.3
12.106250	1515.8
12.110000	1440.5
12.113750	1479.8
12.117500	1459.0
12.121250	1444.7
12.125000	1421.9
12.128750	1439.9
12.132500	1465.6
12.136250	1431.1
12.140000	1481.6
12.143750	1433.6
12.147500	1458.4
12.151250	1459.3
12.155000	1362.1
12.158750	1399.7
12.162500	1416.3
12.166250	1418.2
12.170000	1444.0
12.173750	1475.4
12.177500	1460.2
12.181250	1474.7
12.185000	1461.5
12.188750	1475.7
12.192500	1446.7
12.196250	1499.9
12.200000	1444.7
12.203750	1495.8
12.207500	1427.4
12.211250	1479.6
12.215000	1462.8
12.218750	1403.0
12.222500	1467.7
12.226250	1434.2
12.230000	1458.6
12.233750	1429.3
12.237500	1438.2
12.241250	1468.1
12.245000	1523.8
12.248750	1464.7
12.252500	1427.3
12.256250	1446.9
12.260000	1528.8
12.263750	1484.2
12.267500	1478.6
12.271250	1392.1
12.275000	1451.9
12.278750	1442.7
12.282500	1479.0
12.286250	1534.5
12.290000	1422.1
12.293750	1469.4
12.297500	1511.1
12.301250	1464.1
12.305000	1471.1
12.308750	1421.8
12.312500	1448.1
12.316250	1503.5
12.320000	1438.4
12.323750	1427.3
12.327500	1509.0
12.331250	1515.9
12.335000	1444.4
12.338750	1531.3
12.342500	1433.5
12.346250	1461.1
12.350000	1473.9
12.353750	1446.6
12.357500	1413.8
12.361250	1535.8
12.365000	1427.4
12.368750	1470.6
12.372500	1487.0
12.376250	1403.8
12.380000	1418.6
12.383750	1508.7
12.387500	1431.5
12.391250	1491.6
12.395000	1417.5
12.398750	1497.8
12.402500	1535.3
12.406250	1507.4
12.410000	1492.5
12.413750	1435.2
12.417500	1438.5
12.421250	1442.2
12.425000	1517.7
12.428750	1491.6
12.432500	1465.2
12.436250	1512.8
12.440000	1490.2
12.443750	1517.6
12.447500	1497.4
12.451250	1516.7
12.455000	1393.3
12.458750	1444.7
12.462500	1560.1
12.466250	1485.6
12.470000	1529.1
12.473750	1541.2
12.477500	1557.8
12.481250	1475.3
12.485000	1449.0
12.488750	1429.5
12.492500	1470.9
12.496250	1496.6
12.500000	1415.5
12.503750	1414.6
12.507500	1507.9
12.511250	1490.3
12.515000	1462.8
12.518750	1397.1
12.522500	1476.9
12.526250	1511.4
12.530000	1454.3
12.533750	1491.8
12.537500	1522.4
12.541250	1479.7
12.545000	1533.2
12.548750	1450.2
12.552500	1442.0
12.556250	1478.4
12.560000	1588.0
12.563750	1425.0
12.567500	1444.2
12.571250	1536.1
12.575000	1549.4
12.578750	1434.8
12.582500	1490.4
12.586250	1564.1
12.590000	1557.3
12.593750	1506.6
12.597500	1532.7
12.601250	1499.6
12.605000	1504.3
12.608750	1520.4
12.612500	1515.7
12.616250	1553.1
12.620000	1508.5
12.623750	1460.1
12.627500	1500.2
12.631250	1495.9
12.635000	1565.0
12.638750	1530.7
12.642500	1508.7
12.646250	1440.8
12.650000	1486.0
12.653750	1515.4
12.657500	1555.1
12.661250	1479.3
12.665000	1506.1
12.668750	1574.0
12.672500	1519.9
12.676250	1627.5
12.680000	1638.8
12.683750	1558.3
12.687500	1501.9
12.691250	1515.8
12.695000	1604.7
12.698750	1580.1
12.702500	1511.8
12.706250	1553.2
12.710000	1545.4
12.713750	1506.4
12.717500	1484.0
12.721250	1571.5
12.725000	1612.3
12.728750	1645.9
12.732500	1635.2
12.736250	1632.8
12.740000	1596.1
12.743750	1606.8
12.747500	1638.4
12.751250	1603.4
12.755000	1658.4
12.758750	1652.6
12.762500	1657.3
12.766250	1644.3
12.770000	1695.1
12.773750	1775.7
12.777500	1677.3
12.781250	1645.9
12.785000	1719.5
12.788750	1776.7
12.792500	1765.1
12.796250	1776.9
12.800000	1774.7
12.803750	1785.3
12.807500	1806.7
12.811250	1847.0
12.815000	1856.1
12.818750	1816.1
12.822500	1895.9
12.826250	1915.7
12.830000	1941.7
12.833750	1998.6
12.837500	1967.5
12.841250	1948.9
12.845000	2010.8
12.848750	1943.0
12.852500	1916.2
12.856250	2014.8
12.860000	2084.1
12.863750	2000.5
12.867500	1984.9
12.871250	1992.3
12.875000	1989.1
12.878750	2060.4
12.882500	2004.5
12.886250	2014.8
12.890000	2061.0
12.893750	1963.9
12.897500	1963.2
12.901250	1990.4
12.905000	1955.0
12.908750	2002.5
12.912500	1913.8
12.916250	1769.2
12.920000	1904.8
12.923750	1945.0
12.927500	1880.5
12.931250	1869.2
12.935000	1802.2
12.938750	1825.6
12.942500	1837.2
12.946250	1804.8
12.950000	1752.4
12.953750	1728.5
12.957500	1798.7
12.961250	1789.3
12.965000	1750.6
12.968750	1716.3
12.972500	1702.6
12.976250	1612.1
12.980000	1667.0
12.983750	1675.6
12.987500	1656.9
12.991250	1638.4
12.995000	1647.8
12.998750	1656.2
13.002500	1669.5
13.006250	1665.3
13.010000	1615.6
13.013750	1624.8
13.017500	1570.0
13.021250	1585.0
13.025000	1668.6
13.028750	1629.1
13.032500	1612.0
13.036250	1633.6
13.040000	1638.6
13.043750	1573.4
13.047500	1664.4
13.051250	1623.3
13.055000	1600.1
13.058750	1559.2
13.062500	1548.6
13.066250	1614.0
13.070000	1619.2
13.073750	1581.6
13.077500	1567.8
13.081250	1535.6
13.085000	1602.5
13.088750	1590.5
13.092500	1545.7
13.096250	1580.0
13.100000	1649.6
13.103750	1571.0
13.107500	1573.9
13.111250	1541.4
13.115000	1474.2
13.118750	1596.1
13.122500	1599.1
13.126250	1583.1
13.130000	1557.7
13.133750	1596.4
13.137500	1594.7
13.141250	1583.3
13.145000	1580.6
13.148750	1614.1
13.152500	1578.9
13.156250	1587.3
13.160000	1602.4
13.163750	1561.8
13.167500	1596.1
13.171250	1558.6
13.175000	1610.2
13.178750	1541.8
13.182500	1516.6
13.186250	1599.8
13.190000	1605.3
13.193750	1528.5
13.197500	1596.6
13.201250	1613.4
13.205000	1570.8
13.208750	1590.6
13.212500	1511.8
13.216250	1605.2
13.220000	1617.2
13.223750	1512.0
13.227500	1546.7
13.231250	1571.5
13.235000	1566.1
13.238750	1640.1
13.242500	1590.6
13.246250	1567.5
13.250000	1584.3
13.253750	1508.8
13.257500	1520.9
13.261250	1587.6
13.265000	1568.2
13.268750	1579.2
13.272500	1620.0
13.276250	1558.0
13.280000	1606.0
13.283750	1544.8
13.287500	1579.4
13.291250	1571.6
13.295000	1582.6
13.298750	1564.9
13.302500	1547.9
13.306250	1499.9
13.310000	1580.8
13.313750	1550.6
13.317500	1579.1
13.321250	1504.4
13.325000	1535.8
13.328750	1585.9
13.332500	1536.9
13.336250	1525.5
13.340000	1530.1
13.343750	1490.7
13.347500	1603.5
13.351250	1590.8
13.355000	1554.7
13.358750	1526.3
13.362500	1503.5
13.366250	1572.2
13.370000	1511.1
13.373750	1505.6
13.377500	1597.0
13.381250	1533.1
13.385000	1494.4
13.388750	1550.3
13.392500	1625.6
13.396250	1613.7
13.400000	1563.6
13.403750	1565.6
13.407500	1556.2
13.411250	1529.3
13.415000	1593.2
13.418750	1583.9
13.422500	1593.9
13.426250	1573.4
13.430000	1586.4
13.433750	1553.8
13.437500	1589.4
13.441250	1544.0
13.445000	1551.4
13.448750	1564.0
13.452500	1633.8
13.456250	1795.0
13.460000	1853.1
13.463750	2050.2
13.467500	2255.2
13.471250	2534.4
13.475000	2648.2
13.478750	2658.7
13.482500	2478.1
13.486250	2272.0
13.490000	2123.6
13.493750	1920.2
13.497500	1752.4
13.501250	1667.3
13.505000	1641.4
13.508750	1587.8
13.512500	1542.5
13.516250	1530.7
13.520000	1603.8
13.523750	1609.9
13.527500	1577.4
13.531250	1560.1
13.535000	1538.8
13.538750	1582.1
13.542500	1558.1
13.546250	1621.7
13.550000	1625.9
13.553750	1579.1
13.557500	1566.2
13.561250	1599.3
13.565000	1558.3
13.568750	1573.3
13.572500	1557.7
13.576250	1605.4
13.580000	1592.0
13.583750	1629.0
13.587500	1606.7
13.591250	1568.6
13.595000	1547.1
13.598750	1587.5
13.602500	1608.5
13.606250	1628.4
13.610000	1621.8
13.613750	1568.7
13.617500	1592.5
13.621250	1566.3
13.625000	1589.3
13.628750	1579.5
13.632500	1690.4
13.636250	1563.8
13.640000	1505.6
13.643750	1532.7
13.647500	1608.0
13.651250	1651.1
13.655000	1595.2
13.658750	1638.0
13.662500	1636.4
13.666250	1643.1
13.670000	1676.1
13.673750	1556.8
13.677500	1534.0
13.681250	1622.7
13.685000	1583.5
13.688750	1639.9
13.692500	1552.8
13.696250	1616.6
13.700000	1634.2
13.703750	1691.1
13.707500	1703.4
13.711250	1644.2
13.715000	1592.3
13.718750	1606.8
13.722500	1582.4
13.726250	1652.6
13.730000	1662.0
13.733750	1704.4
13.737500	1693.6
13.741250	1665.4
13.745000	1700.6
13.748750	1659.4
13.752500	1679.0
13.756250	1603.4
13.760000	1634.0
13.763750	1697.3
13.767500	1675.6
13.771250	1684.4
13.775000	1715.6
13.778750	1693.7
13.782500	1713.6
13.786250	1658.4
13.790000	1718.2
13.793750	1776.2
13.797500	1671.6
13.801250	1698.9
13.805000	1671.7
13.808750	1706.2
13.812500	1709.8
13.816250	1738.9
13.820000	1752.5
13.823750	1707.0
13.827500	1671.3
13.831250	1719.0
13.835000	1716.1
13.838750	1688.8
13.842500	1642.7
13.846250	1731.0
13.850000	1724.3
13.853750	1734.6
13.857500	1741.1
13.861250	1661.4
13.865000	1676.6
13.868750	1702.9
13.872500	1758.3
13.876250	1680.9
13.880000	1701.5
13.883750	1681.8
13.887500	1700.9
13.891250	1657.4
13.895000	1701.4
13.898750	1687.3
13.902500	1717.3
13.906250	1664.1
13.910000	1669.0
13.913750	1691.1
13.917500	1674.8
13.921250	1647.1
13.925000	1616.9
13.928750	1676.8
13.932500	1748.8
13.936250	1729.2
13.940000	1689.2
13.943750	1667.0
13.947500	1661.3
13.951250	1667.9
13.955000	1707.9
13.958750	1620.8
13.962500	1715.6
13.966250	1680.4
13.970000	1568.2
13.973750	1616.1
13.977500	1626.1
13.981250	1690.0
13.985000	1607.4
13.988750	1652.5
13.992500	1720.9
13.996250	1662.8
14.000000	1599.0
14.003750	1612.2
14.007500	1617.2
14.011250	1642.9
14.015000	1672.1
14.018750	1717.3
14.022500	1688.6
14.026250	1655.9
14.030000	1680.5
14.033750	1676.6
14.037500	1749.8
14.041250	1703.7
14.045000	1707.6
14.048750	1664.8
14.052500	1700.1
14.056250	1672.0
14.060000	1658.9
14.063750	1718.9
14.067500	1717.3
14.071250	1677.2
14.075000	1698.5
14.078750	1722.3
14.082500	1653.8
14.086250	1633.8
14.090000	1627.5
14.093750	1605.0
14.097500	1692.7
14.101250	1773.6
14.105000	1668.1
14.108750	1677.4
14.112500	1664.5
14.116250	1686.9
14.120000	1700.9
14.123750	1701.2
14.127500	1700.5
14.131250	1815.5
14.135000	1710.2
14.138750	1738.1
14.142500	1746.3
14.146250	1673.7
14.150000	1692.1
14.153750	1749.9
14.157500	1710.7
14.161250	1669.1
14.165000	1727.4
14.168750	1687.5
14.172500	1730.7
14.176250	1710.3
14.180000	1682.8
14.183750	1716.3
14.187500	1710.4
14.191250	1709.8
14.195000	1742.2
14.198750	1691.9
14.202500	1704.8
14.206250	1632.0
14.210000	1738.0
14.213750	1781.0
14.217500	1708.9
14.221250	1712.9
14.225000	1669.0
14.228750	1712.7
14.232500	1738.8
14.236250	1728.5
14.240000	1744.6
14.243750	1772.4
14.247500	1734.8
14.251250	1730.0
14.255000	1713.5
14.258750	1688.7
14.262500	1686.8
14.266250	1686.2
14.270000	1738.0
14.273750	1816.8
14.277500	1771.0
14.281250	1769.0
14.285000	1710.1
14.288750	1666.3
14.292500	1787.4
14.296250	1773.7
14.300000	1748.9
14.303750	1749.6
14.307500	1716.0
14.311250	1728.2
14.315000	1723.8
14.318750	1733.8
14.322500	1723.3
14.326250	1760.5
14.330000	1724.5
14.333750	1784.0
14.337500	1874.8
14.341250	1757.9
14.345000	1724.6
14.348750	1769.6
14.352500	1858.9
14.356250	1742.1
14.360000	1698.9
14.363750	1768.1
14.367500	1809.9
14.371250	1802.2
14.375000	1757.0
14.378750	1797.0
14.382500	1769.2
14.386250	1863.7
14.390000	1795.3
14.393750	1792.0
14.397500	1725.6
14.401250	1721.5
14.405000	1774.4
14.408750	1820.7
14.412500	1833.4
14.416250	1796.6
14.420000	1807.4
14.423750	1749.8
14.427500	1779.1
14.431250	1751.9
14.435000	1731.4
14.438750	1682.9
14.442500	1749.4
14.446250	1753.5
14.450000	1750.2
14.453750	1704.7
14.457500	1741.3
14.461250	1738.0
14.465000	1707.8
14.468750	1661.4
14.472500	1652.4
14.476250	1778.4
14.480000	1748.7
14.483750	1720.4
14.487500	1724.9
14.491250	1701.3
14.495000	1686.4
14.498750	1768.8
14.502500	1743.9
14.506250	1700.3
14.510000	1645.5
14.513750	1648.8
14.517500	1687.3
14.521250	1667.5
14.525000	1817.5
14.528750	1774.7
14.532500	1794.8
14.536250	1707.5
14.540000	1688.4
14.543750	1738.8
14.547500	1699.0
14.551250	1761.6
14.555000	1725.7
14.558750	1746.7
14.562500	1737.5
14.566250	1696.1
14.570000	1785.2
14.573750	1736.3
14.577500	1694.7
14.581250	1800.2
14.585000	1700.7
14.588750	1710.9
14.592500	1714.9
14.596250	1736.3
14.600000	1731.6
14.603750	1683.6
14.607500	1714.2
14.611250	1694.3
14.615000	1805.2
14.618750	1713.8
14.622500	1690.0
14.626250	1701.6
14.630000	1767.3
14.633750	1684.5
14.637500	1662.2
14.641250	1721.6
14.645000	1815.6
14.648750	1762.7
14.652500	1716.0
14.656250	1664.3
14.660000	1756.0
14.663750	1688.0
14.667500	1767.6
14.671250	1722.3
14.675000	1745.0
14.678750	1700.1
14.682500	1720.3
14.686250	1800.0
14.690000	1740.6
14.693750	1768.8
14.697500	1735.0
14.701250	1717.5
14.705000	1731.0
14.708750	1759.6
14.712500	1759.9
14.716250	1749.0
14.720000	1724.2
14.723750	1734.8
14.727500	1812.8
14.731250	1784.4
14.735000	1801.0
14.738750	1730.3
14.742500	1760.9
14.746250	1723.2
14.750000	1708.0
14.753750	1687.3
14.757500	1724.3
14.761250	1703.5
14.765000	1701.7
14.768750	1732.6
14.772500	1705.0
14.776250	1776.8
14.780000	1721.5
14.783750	1782.8
14.787500	1759.3
14.791250	1747.3
14.795000	1736.1
14.798750	1806.5
14.802500	1770.8
14.806250	1728.3
14.810000	1680.8
14.813750	1810.4
14.817500	1755.2
14.821250	1726.8
14.825000	1756.6
14.828750	1758.7
14.832500	1739.5
14.836250	1803.2
14.840000	1693.7
14.843750	1775.6
14.847500	1732.8
14.851250	1803.1
14.855000	1777.4
14.858750	1759.9
14.862500	1723.1
14.866250	1785.4
14.870000	1751.5
14.873750	1743.9
14.877500	1744.3
14.881250	1797.6
14.885000	1748.5
14.888750	1781.0
14.892500	1783.1
14.896250	1777.8
14.900000	1740.8
14.903750	1746.1
14.907500	1710.3
14.911250	1798.7
14.915000	1768.4
14.918750	1688.5
14.922500	1722.9
14.926250	1777.8
14.930000	1744.8
14.933750	1720.6
14.937500	1706.0
14.941250	1758.8
14.945000	1772.9
14.948750	1831.7
14.952500	1788.7
14.956250	1726.1
14.960000	1717.4
14.963750	1752.3
14.967500	1793.9
14.971250	1717.9
14.975000	1788.7
14.978750	1770.3
14.982500	1811.5
14.986250	1806.1
14.990000	1703.5
14.993750	1806.7
14.997500	1797.3
15.001250	1839.0
15.005000	1759.3
15.008750	1714.8
15.012500	1768.0
15.016250	1806.7
15.020000	1832.2
15.023750	1791.4
15.027500	1785.2
15.031250	1745.5
15.035000	1717.2
15.038750	1770.5
15.042500	1796.6
15.046250	1846.6
15.050000	1859.4
15.053750	1779.5
15.057500	1809.8
15.061250	1819.7
15.065000	1764.6
15.068750	1762.6
15.072500	1881.2
15.076250	1782.8
15.080000	1835.0
15.083750	1834.0
15.087500	1796.6
15.091250	1804.6
15.095000	1857.9
15.098750	1771.9
15.102500	1843.3
15.106250	1822.8
15.110000	1867.0
15.113750	1752.6
15.117500	1790.8
15.121250	1742.5
15.125000	1755.4
15.128750	1782.7
15.132500	1844.5
15.136250	1839.2
15.140000	1784.2
15.143750	1761.5
15.147500	1783.8
15.151250	1780.5
15.155000	1861.4
15.158750	1845.1
15.162500	1783.8
15.166250	1790.0
15.170000	1748.9
15.173750	1852.6
15.177500	1785.4
15.181250	1790.9
15.185000	1795.6
15.188750	1759.2
15.192500	1765.4
15.196250	1795.4
15.200000	1838.7
15.203750	1855.2
15.207500	1827.5
15.211250	1785.2
15.215000	1877.6
15.218750	1818.2
15.222500	1826.4
15.226250	1827.4
15.230000	1786.4
15.233750	1844.3
15.237500	1908.3
15.241250	1816.6
15.245000	1857.2
15.248750	1903.8
15.252500	1882.8
15.256250	1905.8
15.260000	1829.9
15.263750	1909.5
15.267500	1930.8
15.271250	1876.6
15.275000	1833.7
15.278750	1889.2
15.282500	1836.4
15.286250	1820.5
15.290000	1873.4
15.293750	1858.1
15.297500	1905.0
15.301250	1882.7
15.305000	1882.7
15.308750	1827.7
15.312500	1922.6
15.316250	1810.7
15.320000	1822.7
15.323750	1919.7
15.327500	1944.1
15.331250	1865.3
15.335000	1985.2
15.338750	1913.9
15.342500	1925.9
15.346250	1946.0
15.350000	1953.0
15.353750	1854.9
15.357500	1915.0
15.361250	1923.0
15.365000	1929.7
15.368750	1931.0
15.372500	1931.4
15.376250	1916.1
15.380000	2003.0
15.383750	1978.1
15.387500	2002.3
15.391250	2019.3
15.395000	1897.4
15.398750	1828.2
15.402500	1931.0
15.406250	1998.4
15.410000	1911.2
15.413750	2055.0
15.417500	1988.7
15.421250	1893.3
15.425000	1918.7
15.428750	1987.2
15.432500	1967.1
15.436250	2039.3
15.440000	2030.9
15.443750	2012.0
15.447500	2076.9
15.451250	2097.9
15.455000	2075.4
15.458750	2025.9
15.462500	2042.2
15.466250	2127.7
15.470000	2068.8
15.473750	2048.7
15.477500	2075.4
15.481250	2080.1
15.485000	2090.6
15.488750	2180.0
15.492500	2165.8
15.496250	2165.6
15.500000	2146.5
15.503750	2131.6
15.507500	2162.5
15.511250	2262.5
15.515000	2288.1
15.518750	2279.1
15.522500	2222.9
15.526250	2235.9
15.530000	2258.7
15.533750	2191.9
15.537500	2320.3
15.541250	2397.6
15.545000	2323.4
15.548750	2440.3
15.552500	2510.5
15.556250	2459.0
15.560000	2529.8
15.563750	2527.7
15.567500	2653.8
15.571250	2696.2
15.575000	2629.4
15.578750	2804.2
15.582500	2784.2
15.586250	2819.1
15.590000	2895.5
15.593750	3038.2
15.597500	3091.0
15.601250	3083.7
15.605000	3376.8
15.608750	3368.2
15.612500	3272.5
15.616250	3564.5
15.620000	3702.8
15.623750	3613.8
15.627500	3772.1
15.631250	3876.5
15.635000	3992.2
15.638750	4160.1
15.642500	4287.1
15.646250	4419.0
15.650000	4506.3
15.653750	4612.3
15.657500	4650.4
15.661250	4726.5
15.665000	4714.9
15.668750	4794.8
15.672500	4958.2
15.676250	5017.6
15.680000	4934.5
15.683750	5034.6
15.687500	5167.6
15.691250	5284.0
15.695000	5305.6
15.698750	5435.3
15.702500	5307.6
15.706250	5408.5
15.710000	5461.0
15.713750	5516.6
15.717500	5645.3
15.721250	5599.8
15.725000	5713.4
15.728750	5708.2
15.732500	5894.9
15.736250	5897.8
15.740000	5773.3
15.743750	5945.1
15.747500	6089.4
15.751250	6154.3
15.755000	6243.6
15.758750	6271.5
15.762500	6369.2
15.766250	6401.8
15.770000	6278.4
15.773750	6309.6
15.777500	6330.4
15.781250	6451.0
15.785000	6386.9
15.788750	6220.9
15.792500	6224.8
15.796250	6290.0
15.800000	6004.4
15.803750	6072.5
15.807500	5897.5
15.811250	5847.8
15.815000	5935.6
15.818750	5669.5
15.822500	5441.2
15.826250	5424.3
15.830000	5253.0
15.833750	5130.2
15.837500	4961.8
15.841250	4856.4
15.845000	4671.7
15.848750	4580.8
15.852500	4443.8
15.856250	4406.5
15.860000	4321.4
15.863750	4231.0
15.867500	4094.5
15.871250	3935.9
15.875000	3811.9
15.878750	3771.5
15.882500	3687.2
15.886250	3641.8
15.890000	3494.0
15.893750	3464.7
15.897500	3328.2
15.901250	3195.2
15.905000	3128.0
15.908750	3076.3
15.912500	3111.0
15.916250	3020.3
15.920000	2979.4
15.923750	2974.1
15.927500	2866.8
15.931250	2808.1
15.935000	2774.4
15.938750	2752.2
15.942500	2710.3
15.946250	2669.4
15.950000	2621.2
15.953750	2634.0
15.957500	2701.7
15.961250	2590.6
15.965000	2473.9
15.968750	2466.8
15.972500	2475.7
15.976250	2491.8
15.980000	2400.0
15.983750	2425.9
15.987500	2453.4
15.991250	2352.0
15.995000	2388.2
15.998750	2352.8
16.002500	2225.4
16.006250	2320.8
16.010000	2286.7
16.013750	2256.5
16.017500	2410.6
16.021250	2251.7
16.025000	2224.9
16.028750	2356.1
16.032500	2369.1
16.036250	2313.4
16.040000	2108.6
16.043750	2237.4
16.047500	2200.2
16.051250	2309.3
16.055000	2250.6
16.058750	2189.5
16.062500	2154.5
16.066250	2067.2
16.070000	2026.4
16.073750	2124.4
16.077500	2107.8
16.081250	2134.8
16.085000	2204.3
16.088750	2085.6
16.092500	2144.5
16.096250	2070.9
16.100000	2157.8
16.103750	2208.6
16.107500	2155.1
16.111250	2231.7
16.115000	2084.7
16.118750	2098.9
16.122500	2109.6
16.126250	2123.6
16.130000	2139.8
16.133750	2130.3
16.137500	2124.4
16.141250	2064.4
16.145000	2039.1
16.148750	2046.1
16.152500	2069.7
16.156250	2057.4
16.160000	2029.5
16.163750	2082.9
16.167500	2073.3
16.171250	2033.3
16.175000	2094.0
16.178750	2106.6
16.182500	2119.7
16.186250	2055.6
16.190000	2042.3
16.193750	2048.7
16.197500	2033.6
16.201250	2030.1
16.205000	2101.8
16.208750	2087.6
16.212500	2024.9
16.216250	2001.2
16.220000	2079.5
16.223750	2180.0
16.227500	2151.9
16.231250	2154.2
16.235000	2122.5
16.238750	2075.4
16.242500	2127.2
16.246250	2105.1
16.250000	2155.1
16.253750	2220.0
16.257500	2138.2
16.261250	2113.1
16.265000	2261.8
16.268750	2156.0
16.272500	2136.4
16.276250	2212.4
16.280000	2258.0
16.283750	2267.6
16.287500	2278.2
16.291250	2180.2
16.295000	2353.9
16.298750	2364.2
16.302500	2226.7
16.306250	2332.8
16.310000	2237.7
16.313750	2274.5
16.317500	2234.7
16.321250	2312.5
16.325000	2201.7
16.328750	2244.7
16.332500	2195.8
16.336250	2208.0
16.340000	2117.0
16.343750	2211.5
16.347500	2125.9
16.351250	2068.5
16.355000	2142.6
16.358750	2116.3
16.362500	2142.5
16.366250	2026.1
16.370000	2051.1
16.373750	2099.6
16.377500	2025.3
16.381250	2010.3
16.385000	2126.5
16.388750	1999.3
16.392500	2042.1
16.396250	1995.4
16.400000	2015.9
16.403750	2129.3
16.407500	2064.7
16.411250	1969.6
16.415000	2076.6
16.418750	2078.0
16.422500	2080.7
16.426250	2038.2
16.430000	1937.8
16.433750	2060.9
16.437500	2046.1
16.441250	2046.2
16.445000	2007.7
16.448750	2072.2
16.452500	2055.0
16.456250	2104.8
16.460000	2068.9
16.463750	2013.9
16.467500	2020.0
16.471250	2016.6
16.475000	2027.4
16.478750	2089.5
16.482500	2030.1
16.486250	1990.8
16.490000	1986.5
16.493750	1962.6
16.497500	2045.8
16.501250	1997.9
16.505000	2025.0
16.508750	1990.1
16.512500	1994.8
16.516250	2000.8
16.520000	1964.9
16.523750	1900.6
16.527500	2040.6
16.531250	2078.9
16.535000	1981.6
16.538750	2026.5
16.542500	2018.1
16.546250	1996.7
16.550000	1993.4
16.553750	2041.7
16.557500	2008.7
16.561250	2019.2
16.565000	2027.7
16.568750	1971.0
16.572500	2054.5
16.576250	1966.7
16.580000	2030.3
16.583750	2060.2
16.587500	2050.8
16.591250	1950.1
16.595000	2063.3
16.598750	2143.4
16.602500	1994.3
16.606250	2025.2
16.610000	2035.6
16.613750	1963.1
16.617500	2051.7
16.621250	2079.6
16.625000	2056.7
16.628750	2010.6
16.632500	2075.3
16.636250	2103.2
16.640000	2082.0
16.643750	2018.0
16.647500	2076.6
16.651250	2046.0
16.655000	2078.2
16.658750	2074.9
16.662500	2054.2
16.666250	2031.8
16.670000	2008.0
16.673750	1995.4
16.677500	2047.7
16.681250	2065.2
16.685000	2057.2
16.688750	2019.5
16.692500	2050.9
16.696250	2113.6
16.700000	2108.8
16.703750	2055.1
16.707500	2067.1
16.711250	2094.7
16.715000	2017.9
16.718750	2034.1
16.722500	2070.8
16.726250	2035.6
16.730000	2156.0
16.733750	2224.4
16.737500	2196.0
16.741250	2143.1
16.745000	2300.4
16.748750	2394.6
16.752500	2472.3
16.756250	2672.9
16.760000	2960.4
16.763750	3196.8
16.767500	3396.4
16.771250	3730.0
16.775000	4259.7
16.778750	4666.9
16.782500	5187.2
16.786250	5640.0
16.790000	6060.5
16.793750	6375.9
16.797500	6554.2
16.801250	6347.5
16.805000	5932.6
16.808750	5346.3
16.812500	4890.7
16.816250	4197.3
16.820000	3655.2
16.823750	3211.1
16.827500	2767.6
16.831250	2523.4
16.835000	2387.6
16.838750	2286.8
16.842500	2221.3
16.846250	2161.4
16.850000	2142.8
16.853750	2138.9
16.857500	2115.2
16.861250	2129.1
16.865000	2117.6
16.868750	2163.0
16.872500	2041.3
16.876250	2068.9
16.880000	2042.2
16.883750	2061.7
16.887500	2058.2
16.891250	2109.5
16.895000	2099.7
16.898750	2150.4
16.902500	2102.3
16.906250	1969.6
16.910000	2137.0
16.913750	2105.6
16.917500	2130.1
16.921250	2129.9
16.925000	2113.0
16.928750	2061.1
16.932500	2025.6
16.936250	2044.9
16.940000	2102.1
16.943750	2062.2
16.947500	2042.1
16.951250	1980.4
16.955000	2027.9
16.958750	2030.6
16.962500	2059.4
16.966250	2033.9
16.970000	2078.1
16.973750	2148.2
16.977500	2095.5
16.981250	2116.1
16.985000	2051.4
16.988750	2027.3
16.992500	2103.5
16.996250	2101.3
17.000000	2068.4
17.003750	2070.5
17.007500	2096.7
17.011250	2060.0
17.015000	2143.5
17.018750	2051.8
17.022500	2159.1
17.026250	2110.2
17.030000	2042.7
17.033750	2034.1
17.037500	2068.4
17.041250	2082.3
17.045000	2033.3
17.048750	2087.5
17.052500	2053.4
17.056250	2134.7
17.060000	2141.6
17.063750	2102.4
17.067500	2095.6
17.071250	2087.6
17.075000	2147.9
17.078750	2069.5
17.082500	2201.9
17.086250	2129.4
17.090000	2087.1
17.093750	2088.8
17.097500	2127.8
17.101250	2188.6
17.105000	2122.1
17.108750	2151.9
17.112500	2156.1
17.116250	2159.0
17.120000	2219.7
17.123750	2166.3
17.127500	2319.1
17.131250	2264.1
17.135000	2235.0
17.138750	2222.8
17.142500	2317.5
17.146250	2267.6
17.150000	2477.9
17.153750	2593.5
17.157500	2824.4
17.161250	3217.8
17.165000	3977.7
17.168750	5080.6
17.172500	6258.9
17.176250	7349.8
17.180000	7917.9
17.183750	7519.0
17.187500	6948.1
17.191250	5791.9
17.195000	4874.3
17.198750	3893.6
17.202500	3147.1
17.206250	2535.6
17.210000	2482.8
17.213750	2343.1
17.217500	2279.5
17.221250	2197.8
17.225000	2111.4
17.228750	2184.2
17.232500	2203.2
17.236250	2124.0
17.240000	2141.7
17.243750	2087.9
17.247500	2145.7
17.251250	2241.5
17.255000	2197.9
17.258750	2132.2
17.262500	2188.1
17.266250	2208.4
17.270000	2162.6
17.273750	2168.5
17.277500	2115.1
17.281250	2175.3
17.285000	2149.3
17.288750	2196.9
17.292500	2204.8
17.296250	2126.7
17.300000	2044.8
17.303750	2065.9
17.307500	2152.6
17.311250	2140.4
17.315000	2215.1
17.318750	2129.3
17.322500	2074.7
17.326250	2114.5
17.330000	2128.2
17.333750	2084.4
17.337500	2160.2
17.341250	2210.5
17.345000	2146.0
17.348750	2165.9
17.352500	2170.6
17.356250	2125.0
17.360000	2132.6
17.363750	2138.1
17.367500	2177.8
17.371250	2197.8
17.375000	2195.4
17.378750	2166.7
17.382500	2170.9
17.386250	2048.1
17.390000	2075.0
17.393750	2156.6
17.397500	2221.0
17.401250	2166.4
17.405000	2137.8
17.408750	2122.5
17.412500	2161.8
17.416250	2179.3
17.420000	2035.1
17.423750	2147.0
17.427500	2185.9
17.431250	2153.7
17.435000	2223.7
17.438750	2152.8
17.442500	2110.4
17.446250	2090.1
17.450000	2134.8
17.453750	2158.3
17.457500	2176.9
17.461250	2167.4
17.465000	2163.9
17.468750	2132.8
17.472500	2186.5
17.476250	2182.9
17.480000	2094.9
17.483750	2172.4
17.487500	2196.6
17.491250	2172.3
17.495000	2184.5
17.498750	2150.0
17.502500	2164.0
17.506250	2240.5
17.510000	2237.7
17.513750	2260.9
17.517500	2186.6
17.521250	2182.5
17.525000	2108.8
17.528750	2131.5
17.532500	2217.2
17.536250	2144.2
17.540000	2157.5
17.543750	2192.5
17.547500	2112.1
17.551250	2121.2
17.555000	2099.3
17.558750	2187.1
17.562500	2226.0
17.566250	2261.8
17.570000	2132.7
17.573750	2124.5
17.577500	2087.8
17.581250	2126.7
17.585000	2148.5
17.588750	2204.5
17.592500	2237.4
17.596250	2232.9
17.600000	2203.0
17.603750	2114.2
17.607500	2223.4
17.611250	2204.3
17.615000	2192.3
17.618750	2214.7
17.622500	2156.1
17.626250	2172.9
17.630000	2228.8
17.633750	2142.6
17.637500	2189.7
17.641250	2190.9
17.645000	2216.8
17.648750	2209.4
17.652500	2235.1
17.656250	2178.9
17.660000	2151.5
17.663750	2172.5
17.667500	2214.2
17.671250	2289.9
17.675000	2312.0
17.678750	2142.8
17.682500	2230.0
17.686250	2276.6
17.690000	2189.3
17.693750	2167.5
17.697500	2157.4
17.701250	2202.5
17.705000	2236.3
17.708750	2210.2
17.712500	2180.0
17.716250	2178.9
17.720000	2232.0
17.723750	2161.0
17.727500	2123.6
17.731250	2158.2
17.735000	2229.3
17.738750	2138.8
17.742500	2208.6
17.746250	2236.7
17.750000	2240.4
17.753750	2126.7
17.757500	2169.7
17.761250	2230.5
17.765000	2168.1
17.768750	2244.1
17.772500	2162.0
17.776250	2227.0
17.780000	2186.7
17.783750	2198.7
17.787500	2197.7
17.791250	2184.7
17.795000	2210.9
17.798750	2210.9
17.802500	2155.1
17.806250	2178.4
17.810000	2272.1
17.813750	2147.2
17.817500	2158.4
17.821250	2249.9
17.825000	2110.8
17.828750	2164.8
17.832500	2292.8
17.836250	2277.6
17.840000	2306.8
17.843750	2216.8
17.847500	2127.8
17.851250	2205.2
17.855000	2146.4
17.858750	2239.9
17.862500	2209.8
17.866250	2264.8
17.870000	2242.3
17.873750	2209.5
17.877500	2222.6
17.881250	2183.0
17.885000	2234.7
17.888750	2297.9
17.892500	2233.7
17.896250	2200.5
17.900000	2226.0
17.903750	2171.7
17.907500	2177.6
17.911250	2280.7
17.915000	2286.9
17.918750	2226.1
17.922500	2244.8
17.926250	2240.9
17.930000	2200.7
17.933750	2169.4
17.937500	2192.8
17.941250	2320.1
17.945000	2204.2
17.948750	2157.9
17.952500	2201.8
17.956250	2320.6
17.960000	2235.1
17.963750	2205.6
17.967500	2188.0
17.971250	2254.0
17.975000	2228.8
17.978750	2207.8
17.982500	2195.2
17.986250	2210.9
17.990000	2202.4
17.993750	2275.4
17.997500	2241.8
18.001250	2260.8
18.005000	2270.2
18.008750	2239.1
18.012500	2254.7
18.016250	2248.6
18.020000	2269.9
18.023750	2260.3
18.027500	2257.8
18.031250	2296.6
18.035000	2225.7
18.038750	2322.1
18.042500	2261.8
18.046250	2288.6
18.050000	2305.9
18.053750	2302.3
18.057500	2273.5
18.061250	2373.5
18.065000	2305.0
18.068750	2295.6
18.072500	2308.4
18.076250	2276.9
18.080000	2362.1
18.083750	2416.4
18.087500	2452.7
18.091250	2364.9
18.095000	2317.9
18.098750	2391.8
18.102500	2442.7
18.106250	2455.5
18.110000	2455.7
18.113750	2390.7
18.117500	2375.0
18.121250	2459.8
18.125000	2427.4
18.128750	2429.5
18.132500	2476.1
18.136250	2476.3
18.140000	2528.9
18.143750	2573.8
18.147500	2558.9
18.151250	2591.5
18.155000	2508.9
18.158750	2521.4
18.162500	2514.6
18.166250	2643.0
18.170000	2600.2
18.173750	2517.5
18.177500	2579.9
18.181250	2656.5
18.185000	2679.5
18.188750	2699.7
18.192500	2589.1
18.196250	2622.6
18.200000	2712.1
18.203750	2575.5
18.207500	2643.0
18.211250	2679.3
18.215000	2652.9
18.218750	2722.9
18.222500	2688.8
18.226250	2667.6
18.230000	2659.1
18.233750	2717.7
18.237500	2748.8
18.241250	2623.2
18.245000	2702.1
18.248750	2685.8
18.252500	2740.4
18.256250	2668.1
18.260000	2705.1
18.263750	2729.6
18.267500	2639.0
18.271250	2605.7
18.275000	2705.8
18.278750	2566.3
18.282500	2593.3
18.286250	2631.1
18.290000	2689.1
18.293750	2612.3
18.297500	2632.1
18.301250	2633.3
18.305000	2565.5
18.308750	2678.6
18.312500	2480.8
18.316250	2541.4
18.320000	2547.6
18.323750	2602.7
18.327500	2481.8
18.331250	2463.8
18.335000	2477.7
18.338750	2584.2
18.342500	2480.0
18.346250	2503.0
18.350000	2473.1
18.353750	2491.5
18.357500	2426.8
18.361250	2540.4
18.365000	2359.6
18.368750	2392.6
18.372500	2439.1
18.376250	2421.1
18.380000	2432.2
18.383750	2447.6
18.387500	2295.3
18.391250	2359.7
18.395000	2411.1
18.398750	2339.5
18.402500	2346.7
18.406250	2350.1
18.410000	2306.2
18.413750	2362.6
18.417500	2261.1
18.421250	2351.8
18.425000	2341.0
18.428750	2290.3
18.432500	2242.0
18.436250	2352.4
18.440000	2386.0
18.443750	2366.9
18.447500	2398.0
18.451250	2340.1
18.455000	2223.0
18.458750	2363.5
18.462500	2272.7
18.466250	2305.8
18.470000	2355.0
18.473750	2326.3
18.477500	2219.4
18.481250	2366.0
18.485000	2339.5
18.488750	2300.1
18.492500	2355.8
18.496250	2280.4
18.500000	2192.2
18.503750	2271.1
18.507500	2291.4
18.511250	2267.6
18.515000	2279.5
18.518750	2369.0
18.522500	2318.4
18.526250	2262.0
18.530000	2317.9
18.533750	2291.9
18.537500	2219.9
18.541250	2319.7
18.545000	2269.6
18.548750	2334.4
18.552500	2231.3
18.556250	2276.3
18.560000	2220.8
18.563750	2222.3
18.567500	2237.1
18.571250	2215.6
18.575000	2230.2
18.578750	2290.6
18.582500	2271.1
18.586250	2207.7
18.590000	2219.1
18.593750	2282.3
18.597500	2212.5
18.601250	2266.0
18.605000	2263.3
18.608750	2289.0
18.612500	2238.6
18.616250	2250.8
18.620000	2290.7
18.623750	2305.3
18.627500	2267.1
18.631250	2291.9
18.635000	2172.3
18.638750	2270.9
18.642500	2219.0
18.646250	2256.4
18.650000	2262.7
18.653750	2229.6
18.657500	2141.4
18.661250	2288.5
18.665000	2329.3
18.668750	2265.4
18.672500	2248.3
18.676250	2295.0
18.680000	2326.2
18.683750	2341.0
18.687500	2281.8
18.691250	2295.1
18.695000	2301.3
18.698750	2332.7
18.702500	2256.5
18.706250	2277.6
18.710000	2209.6
18.713750	2215.2
18.717500	2279.3
18.721250	2248.2
18.725000	2238.2
18.728750	2294.2
18.732500	2294.1
18.736250	2317.4
18.740000	2263.9
18.743750	2233.2
18.747500	2228.5
18.751250	2233.6
18.755000	2277.9
18.758750	2298.4
18.762500	2287.5
18.766250	2363.5
18.770000	2294.5
18.773750	2382.0
18.777500	2300.5
18.781250	2316.5
18.785000	2235.9
18.788750	2213.7
18.792500	2333.3
18.796250	2299.3
18.800000	2326.9
18.803750	2245.2
18.807500	2294.3
18.811250	2344.3
18.815000	2258.0
18.818750	2331.5
18.822500	2294.4
18.826250	2218.6
18.830000	2205.6
18.833750	2275.4
18.837500	2227.6
18.841250	2351.9
18.845000	2332.2
18.848750	2249.5
18.852500	2253.5
18.856250	2254.6
18.860000	2209.3
18.863750	2250.1
18.867500	2217.6
18.871250	2177.4
18.875000	2209.2
18.878750	2250.3
18.882500	2253.9
18.886250	2227.2
18.890000	2231.2
18.893750	2221.0
18.897500	2192.0
18.901250	2304.4
18.905000	2290.3
18.908750	2223.4
18.912500	2268.6
18.916250	2187.4
18.920000	2204.4
18.923750	2276.9
18.927500	2223.7
18.931250	2194.3
18.935000	2182.4
18.938750	2242.2
18.942500	2329.9
18.946250	2254.8
18.950000	2239.5
18.953750	2264.6
18.957500	2231.0
18.961250	2280.5
18.965000	2247.6
18.968750	2219.2
18.972500	2193.4
18.976250	2275.6
18.980000	2248.6
18.983750	2181.7
18.987500	2150.0
18.991250	2205.4
18.995000	2266.9
18.998750	2278.6
19.002500	2237.4
19.006250	2259.4
19.010000	2296.5
19.013750	2194.1
19.017500	2179.1
19.021250	2250.3
19.025000	2199.5
19.028750	2291.4
19.032500	2313.2
19.036250	2220.6
19.040000	2238.4
19.043750	2198.7
19.047500	2266.0
19.051250	2321.6
19.055000	2203.3
19.058750	2288.1
19.062500	2238.4
19.066250	2237.3
19.070000	2299.6
19.073750	2268.6
19.077500	2287.9
19.081250	2223.4
19.085000	2229.7
19.088750	2190.1
19.092500	2180.8
19.096250	2241.2
19.100000	2257.7
19.103750	2213.0
19.107500	2209.6
19.111250	2259.7
19.115000	2326.1
19.118750	2241.4
19.122500	2169.1
19.126250	2189.0
19.130000	2281.5
19.133750	2246.3
19.137500	2215.3
19.141250	2298.5
19.145000	2313.3
19.148750	2268.6
19.152500	2314.5
19.156250	2256.6
19.160000	2209.6
19.163750	2278.5
19.167500	2308.8
19.171250	2281.0
19.175000	2297.3
19.178750	2230.1
19.182500	2315.0
19.186250	2305.4
19.190000	2319.9
19.193750	2255.1
19.197500	2180.5
19.201250	2288.1
19.205000	2291.0
19.208750	2214.4
19.212500	2257.4
19.216250	2346.1
19.220000	2320.7
19.223750	2267.8
19.227500	2260.0
19.231250	2296.1
19.235000	2248.6
19.238750	2258.1
19.242500	2258.3
19.246250	2316.0
19.250000	2297.9
19.253750	2270.2
19.257500	2314.7
19.261250	2252.6
19.265000	2258.5
19.268750	2324.3
19.272500	2277.5
19.276250	2251.5
19.280000	2289.4
19.283750	2270.0
19.287500	2252.9
19.291250	2229.3
19.295000	2207.4
19.298750	2233.3
19.302500	2304.7
19.306250	2273.4
19.310000	2180.3
19.313750	2254.9
19.317500	2178.4
19.321250	2295.9
19.325000	2321.7
19.328750	2265.5
19.332500	2396.8
19.336250	2262.5
19.340000	2257.5
19.343750	2242.0
19.347500	2276.0
19.351250	2253.2
19.355000	2264.7
19.358750	2237.0
19.362500	2340.3
19.366250	2338.1
19.370000	2234.5
19.373750	2205.6
19.377500	2226.6
19.381250	2198.3
19.385000	2211.4
19.388750	2305.2
19.392500	2252.6
19.396250	2242.8
19.400000	2329.1
19.403750	2332.8
19.407500	2283.0
19.411250	2254.4
19.415000	2219.5
19.418750	2204.1
19.422500	2344.8
19.426250	2244.0
19.430000	2283.3
19.433750	2180.5
19.437500	2241.9
19.441250	2282.1
19.445000	2254.3
19.448750	2248.8
19.452500	2270.4
19.456250	2333.3
19.460000	2248.2
19.463750	2276.3
19.467500	2318.5
19.471250	2374.1
19.475000	2271.2
19.478750	2266.9
19.482500	2219.5
19.486250	2216.7
19.490000	2280.7
19.493750	2269.2
19.497500	2247.9
19.501250	2313.9
19.505000	2220.4
19.508750	2276.6
19.512500	2309.6
19.516250	2249.0
19.520000	2338.1
19.523750	2335.0
19.527500	2385.5
19.531250	2345.7
19.535000	2317.8
19.538750	2296.7
19.542500	2226.0
19.546250	2321.7
19.550000	2362.4
19.553750	2262.2
19.557500	2280.4
19.561250	2339.1
19.565000	2349.8
19.568750	2296.7
19.572500	2297.3
19.576250	2301.3
19.580000	2195.6
19.583750	2306.5
19.587500	2355.8
19.591250	2322.0
19.595000	2327.9
19.598750	2364.9
19.602500	2246.5
19.606250	2343.0
19.610000	2331.3
19.613750	2240.0
19.617500	2285.2
19.621250	2269.3
19.625000	2379.3
19.628750	2270.1
19.632500	2297.4
19.636250	2341.5
19.640000	2318.5
19.643750	2258.6
19.647500	2245.6
19.651250	2292.4
19.655000	2384.1
19.658750	2325.3
19.662500	2388.3
19.666250	2448.3
19.670000	2507.0
19.673750	2518.9
19.677500	2631.3
19.681250	2646.2
19.685000	2740.3
19.688750	2947.7
19.692500	3141.9
19.696250	3201.5
19.700000	3422.8
19.703750	3498.2
19.707500	3762.3
19.711250	4014.8
19.715000	4172.1
19.718750	4303.5
19.722500	4175.6
19.726250	4109.4
19.730000	4004.9
19.733750	3838.9
19.737500	3684.2
19.741250	3340.3
19.745000	3239.1
19.748750	3013.2
19.752500	2848.5
19.756250	2589.5
19.760000	2535.4
19.763750	2474.7
19.767500	2385.8
19.771250	2384.7
19.775000	2280.6
19.778750	2326.3
19.782500	2286.3
19.786250	2292.1
19.790000	2270.1
19.793750	2270.0
19.797500	2223.2
19.801250	2201.2
19.805000	2302.9
19.808750	2374.0
19.812500	2235.3
19.816250	2254.7
19.820000	2310.3
19.823750	2343.0
19.827500	2285.2
19.831250	2263.3
19.835000	2373.1
19.838750	2199.0
19.842500	2312.4
19.846250	2278.2
19.850000	2175.4
19.853750	2244.1
19.857500	2291.4
19.861250	2259.5
19.865000	2265.4
19.868750	2295.6
19.872500	2314.3
19.876250	2304.3
19.880000	2222.2
19.883750	2392.4
19.887500	2382.0
19.891250	2289.2
19.895000	2227.8
19.898750	2275.7
19.902500	2274.5
19.906250	2200.7
19.910000	2374.6
19.913750	2265.3
19.917500	2240.1
19.921250	2327.6
19.925000	2274.8
19.928750	2303.1
19.932500	2342.0
19.936250	2274.4
19.940000	2332.7
19.943750	2241.4
19.947500	2286.6
19.951250	2226.3
19.955000	2254.0
19.958750	2387.3
19.962500	2302.5
19.966250	2259.2
19.970000	2323.3
19.973750	2354.3
19.977500	2336.7
19.981250	2312.8
19.985000	2312.7
19.988750	2270.3
19.992500	2316.6
19.996250	2276.7
20.000000	2304.1
20.003750	2281.7
20.007500	2332.8
20.011250	2336.0
20.015000	2397.0
20.018750	2344.2
20.022500	2421.7
20.026250	2305.6
20.030000	2336.8
20.033750	2335.0
20.037500	2315.6
20.041250	2424.7
20.045000	2330.9
20.048750	2233.1
20.052500	2307.4
20.056250	2361.1
20.060000	2301.1
20.063750	2303.9
20.067500	2302.8
20.071250	2376.6
20.075000	2289.1
20.078750	2402.8
20.082500	2290.8
20.086250	2391.6
20.090000	2432.0
20.093750	2433.2
20.097500	2424.2
20.101250	2460.5
20.105000	2387.2
20.108750	2380.2
20.112500	2357.6
20.116250	2433.7
20.120000	2433.0
20.123750	2449.3
20.127500	2453.5
20.131250	2436.8
20.135000	2453.7
20.138750	2451.3
20.142500	2388.6
20.146250	2446.6
20.150000	2496.6
20.153750	2390.4
20.157500	2445.0
20.161250	2474.5
20.165000	2499.8
20.168750	2427.3
20.172500	2419.7
20.176250	2571.0
20.180000	2555.6
20.183750	2523.9
20.187500	2595.7
20.191250	2496.1
20.195000	2603.2
20.198750	2619.3
20.202500	2552.8
20.206250	2544.9
20.210000	2568.3
20.213750	2574.9
20.217500	2640.3
20.221250	2680.4
20.225000	2642.2
20.228750	2722.1
20.232500	2729.6
20.236250	2656.0
20.240000	2699.4
20.243750	2774.9
20.247500	2836.3
20.251250	2898.2
20.255000	2860.3
20.258750	2882.6
20.262500	2894.5
20.266250	2967.9
20.270000	2897.3
20.273750	2894.6
20.277500	2915.6
20.281250	3030.3
20.285000	2946.6
20.288750	3063.1
20.292500	3137.8
20.296250	3219.0
20.300000	3429.9
20.303750	3215.8
20.307500	3263.9
20.311250	3386.2
20.315000	3423.5
20.318750	3361.5
20.322500	3424.8
20.326250	3521.0
20.330000	3696.7
20.333750	3649.3
20.337500	3698.6
20.341250	3726.9
20.345000	3902.1
20.348750	3902.2
20.352500	3926.5
20.356250	3993.2
20.360000	4128.7
20.363750	4215.6
20.367500	4304.5
20.371250	4200.9
20.375000	4369.9
20.378750	4409.3
20.382500	4378.0
20.386250	4448.1
20.390000	4462.5
20.393750	4486.1
20.397500	4606.8
20.401250	4493.6
20.405000	4510.8
20.408750	4556.0
20.412500	4561.0
20.416250	4719.5
20.420000	4678.7
20.423750	4580.8
20.427500	4647.9
20.431250	4552.0
20.435000	4404.1
20.438750	4530.6
20.442500	4349.9
20.446250	4408.0
20.450000	4446.3
20.453750	4343.6
20.457500	4233.2
20.461250	4151.1
20.465000	4101.3
20.468750	4040.1
20.472500	4026.8
20.476250	4038.0
20.480000	3899.5
20.483750	3786.2
20.487500	3904.0
20.491250	3811.6
20.495000	3733.1
20.498750	3675.6
20.502500	3650.2
20.506250	3707.6
20.510000	3545.4
20.513750	3509.6
20.517500	3383.5
20.521250	3240.9
20.525000	3184.6
20.528750	3187.2
20.532500	3206.4
20.536250	3122.6
20.540000	3124.5
20.543750	3092.2
20.547500	3144.8
20.551250	3026.4
20.555000	2940.0
20.558750	2950.8
20.562500	2951.2
20.566250	2979.3
20.570000	3023.9
20.573750	2843.4
20.577500	2720.8
20.581250	2890.6
20.585000	2943.2
20.588750	2896.3
20.592500	2895.1
20.596250	2847.8
20.600000	2859.7
20.603750	2783.2
20.607500	2921.6
20.611250	2915.7
20.615000	2660.4
20.618750	2768.3
20.622500	2721.9
20.626250	2658.5
20.630000	2655.8
20.633750	2770.0
20.637500	2602.0
20.641250	2555.5
20.645000	2538.4
20.648750	2535.2
20.652500	2419.7
20.656250	2434.9
20.660000	2408.5
20.663750	2405.6
20.667500	2442.0
20.671250	2434.0
20.675000	2452.8
20.678750	2439.4
20.682500	2545.6
20.686250	2415.9
20.690000	2392.4
20.693750	2461.2
20.697500	2419.6
20.701250	2402.5
20.705000	2369.8
20.708750	2406.8
20.712500	2370.5
20.716250	2437.1
20.720000	2297.1
20.723750	2363.3
20.727500	2278.7
20.731250	2278.9
20.735000	2337.9
20.738750	2317.5
20.742500	2334.4
20.746250	2347.3
20.750000	2415.5
20.753750	2400.9
20.757500	2315.1
20.761250	2362.9
20.765000	2326.2
20.768750	2350.1
20.772500	2316.0
20.776250	2291.1
20.780000	2330.2
20.783750	2392.6
20.787500	2330.1
20.791250	2330.6
20.795000	2419.8
20.798750	2321.7
20.802500	2283.2
20.806250	2327.7
20.810000	2346.3
20.813750	2248.0
20.817500	2311.6
20.821250	2258.1
20.825000	2290.6
20.828750	2273.3
20.832500	2339.7
20.836250	2286.5
20.840000	2379.1
20.843750	2320.6
20.847500	2319.9
20.851250	2435.6
20.855000	2300.7
20.858750	2286.6
20.862500	2420.9
20.866250	2362.5
20.870000	2435.2
20.873750	2354.1
20.877500	2455.5
20.881250	2350.9
20.885000	2339.1
20.888750	2354.4
20.892500	2337.5
20.896250	2360.3
20.900000	2471.0
20.903750	2421.3
20.907500	2399.3
20.911250	2376.5
20.915000	2453.3
20.918750	2449.9
20.922500	2407.1
20.926250	2473.4
20.930000	2426.5
20.933750	2444.7
20.937500	2365.9
20.941250	2461.4
20.945000	2460.9
20.948750	2433.5
20.952500	2407.3
20.956250	2388.9
20.960000	2413.3
20.963750	2418.5
20.967500	2496.1
20.971250	2422.2
20.975000	2465.9
20.978750	2394.9
20.982500	2285.6
20.986250	2367.5
20.990000	2477.9
20.993750	2357.4
20.997500	2420.9
21.001250	2395.0
21.005000	2329.6
21.008750	2352.9
21.012500	2459.9
21.016250	2236.0
21.020000	2431.6
21.023750	2412.9
21.027500	2349.4
21.031250	2310.0
21.035000	2379.4
21.038750	2277.6
21.042500	2341.6
21.046250	2326.6
21.050000	2313.2
21.053750	2250.8
21.057500	2201.2
21.061250	2287.0
21.065000	2183.4
21.068750	2189.8
21.072500	2359.3
21.076250	2255.4
21.080000	2316.1
21.083750	2283.8
21.087500	2355.8
21.091250	2275.0
21.095000	2192.0
21.098750	2344.1
21.102500	2304.8
21.106250	2265.2
21.110000	2261.0
21.113750	2248.3
21.117500	2284.2
21.121250	2220.5
21.125000	2253.8
21.128750	2262.1
21.132500	2344.3
21.136250	2333.3
21.140000	2281.6
21.143750	2319.9
21.147500	2202.7
21.151250	2181.2
21.155000	2172.6
21.158750	2270.0
21.162500	2145.4
21.166250	2214.2
21.170000	2252.5
21.173750	2266.3
21.177500	2227.5
21.181250	2219.7
21.185000	2194.3
21.188750	2195.0
21.192500	2172.3
21.196250	2188.7
21.200000	2253.8
21.203750	2228.7
21.207500	2243.2
21.211250	2266.3
21.215000	2148.3
21.218750	2204.7
21.222500	2228.0
21.226250	2163.6
21.230000	2254.0
21.233750	2142.2
21.237500	2155.3
21.241250	2252.1
21.245000	2240.4
21.248750	2218.7
21.252500	2191.4
21.256250	2223.9
21.260000	2221.8
21.263750	2166.6
21.267500	2219.3
21.271250	2235.7
21.275000	2183.0
21.278750	2166.9
21.282500	2225.6
21.286250	2188.6
21.290000	2287.8
21.293750	2224.8
21.297500	2165.2
21.301250	2092.9
21.305000	2191.5
21.308750	2235.3
21.312500	2149.0
21.316250	2130.2
21.320000	2154.7
21.323750	2083.5
21.327500	2124.0
21.331250	2141.2
21.335000	2184.9
21.338750	2145.6
21.342500	2205.7
21.346250	2117.1
21.350000	2139.9
21.353750	2167.7
21.357500	2110.7
21.361250	2135.0
21.365000	2137.7
21.368750	2071.8
21.372500	2157.6
21.376250	2210.1
21.380000	2235.6
21.383750	2199.5
21.387500	2118.8
21.391250	2246.7
21.395000	2289.4
21.398750	2268.0
21.402500	2211.6
21.406250	2216.0
21.410000	2257.1
21.413750	2315.7
21.417500	2310.3
21.421250	2331.6
21.425000	2360.5
21.428750	2350.4
21.432500	2412.1
21.436250	2475.8
21.440000	2505.5
21.443750	2525.9
21.447500	2543.2
21.451250	2550.8
21.455000	2547.4
21.458750	2641.4
21.462500	2621.8
21.466250	2582.1
21.470000	2659.6
21.473750	2634.8
21.477500	2494.5
21.481250	2471.6
21.485000	2487.1
21.488750	2356.2
21.492500	2282.3
21.496250	2148.3
21.500000	2068.1
21.503750	2123.7
21.507500	2199.6
21.511250	2219.1
21.515000	2197.6
21.518750	2190.4
21.522500	2132.3
21.526250	2097.1
21.530000	2148.0
21.533750	2090.1
21.537500	2076.0
21.541250	2125.4
21.545000	2128.0
21.548750	2094.0
21.552500	2169.6
21.556250	2237.4
21.560000	2117.1
21.563750	2074.5
21.567500	2115.8
21.571250	2143.6
21.575000	2136.5
21.578750	2098.6
21.582500	2118.0
21.586250	2180.4
21.590000	2136.3
21.593750	2117.4
21.597500	2083.9
21.601250	2187.6
21.605000	2213.9
21.608750	2131.8
21.612500	2225.2
21.616250	2168.0
21.620000	2185.4
21.623750	2180.6
21.627500	2141.1
21.631250	2108.3
21.635000	2148.6
21.638750	2139.4
21.642500	2154.4
21.646250	2181.7
21.650000	2222.0
21.653750	2144.1
21.657500	2096.3
21.661250	2056.7
21.665000	2149.7
21.668750	2141.0
21.672500	2086.5
21.676250	2140.8
21.680000	2053.0
21.683750	2106.3
21.687500	2124.1
21.691250	2192.2
21.695000	2135.5
21.698750	2283.6
21.702500	2202.1
21.706250	2060.0
21.710000	2103.6
21.713750	2129.7
21.717500	2107.5
21.721250	2169.6
21.725000	2226.4
21.728750	2160.5
21.732500	2113.6
21.736250	2101.2
21.740000	2110.7
21.743750	2166.0
21.747500	2150.1
21.751250	2138.2
21.755000	2133.9
21.758750	2176.0
21.762500	2162.8
21.766250	2120.4
21.770000	2159.9
21.773750	2274.9
21.777500	2160.2
21.781250	2094.2
21.785000	2188.7
21.788750	2087.5
21.792500	2151.1
21.796250	2159.3
21.800000	2075.4
21.803750	2195.1
21.807500	2187.0
21.811250	2158.9
21.815000	2118.1
21.818750	2146.0
21.822500	2245.7
21.826250	2186.9
21.830000	2191.5
21.833750	2184.9
21.837500	2261.4
21.841250	2206.7
21.845000	2155.7
21.848750	2182.5
21.852500	2198.3
21.856250	2183.1
21.860000	2247.7
21.863750	2254.1
21.867500	2162.0
21.871250	2220.9
21.875000	2182.5
21.878750	2105.6
21.882500	2294.6
21.886250	2246.8
21.890000	2182.7
21.893750	2215.7
21.897500	2160.1
21.901250	2232.2
21.905000	2252.2
21.908750	2208.8
21.912500	2281.8
21.916250	2217.2
21.920000	2304.9
21.923750	2274.0
21.927500	2218.7
21.931250	2281.8
21.935000	2273.4
21.938750	2245.8
21.942500	2212.2
21.946250	2201.7
21.950000	2253.8
21.953750	2216.2
21.957500	2225.3
21.961250	2293.2
21.965000	2268.7
21.968750	2253.4
21.972500	2323.9
21.976250	2327.0
21.980000	2346.6
21.983750	2297.0
21.987500	2325.3
21.991250	2287.4
21.995000	2300.8
21.998750	2342.0
22.002500	2342.0
22.006250	2272.7
22.010000	2400.9
22.013750	2280.2
22.017500	2446.6
22.021250	2224.1
22.025000	2326.6
22.028750	2373.6
22.032500	2387.4
22.036250	2397.5
22.040000	2385.7
22.043750	2462.2
22.047500	2464.6
22.051250	2406.6
22.055000	2418.1
22.058750	2474.8
22.062500	2332.4
22.066250	2371.6
22.070000	2374.4
22.073750	2345.7
22.077500	2344.6
22.081250	2352.3
22.085000	2311.4
22.088750	2434.9
22.092500	2461.4
22.096250	2529.3
22.100000	2460.1
22.103750	2516.0
22.107500	2425.2
22.111250	2432.0
22.115000	2377.0
22.118750	2504.2
22.122500	2435.6
22.126250	2435.6
22.130000	2445.8
22.133750	2426.0
22.137500	2440.6
22.141250	2587.9
22.145000	2438.5
22.148750	2481.2
22.152500	2479.4
22.156250	2555.9
22.160000	2600.2
22.163750	2554.8
22.167500	2533.4
22.171250	2512.0
22.175000	2471.3
22.178750	2515.1
22.182500	2637.2
22.186250	2546.6
22.190000	2514.9
22.193750	2618.6
22.197500	2634.1
22.201250	2696.8
22.205000	2747.7
22.208750	2784.6
22.212500	2625.3
22.216250	2674.2
22.220000	2771.0
22.223750	2730.0
22.227500	2817.1
22.231250	2873.7
22.235000	2826.3
22.238750	2877.9
22.242500	2947.5
22.246250	2931.4
22.250000	3023.1
22.253750	3073.4
22.257500	2973.5
22.261250	3109.6
22.265000	3100.3
22.268750	3143.7
22.272500	3287.5
22.276250	3232.0
22.280000	3252.4
22.283750	3374.5
22.287500	3390.2
22.291250	3414.6
22.295000	3652.0
22.298750	3618.4
22.302500	3671.3
22.306250	3751.8
22.310000	3776.7
22.313750	3949.4
22.317500	4015.2
22.321250	3955.4
22.325000	4039.5
22.328750	4129.2
22.332500	4200.8
22.336250	4264.4
22.340000	4311.2
22.343750	4441.1
22.347500	4331.7
22.351250	4336.6
22.355000	4416.9
22.358750	4629.3
22.362500	4423.3
22.366250	4534.4
22.370000	4543.3
22.373750	4376.1
22.377500	4439.4
22.381250	4400.1
22.385000	4399.1
22.388750	4339.2
22.392500	4152.8
22.396250	4295.0
22.400000	4265.3
22.403750	4174.7
22.407500	4181.6
22.411250	4233.6
22.415000	3912.1
22.418750	3975.6
22.422500	4068.6
22.426250	3876.8
22.430000	3891.6
22.433750	3812.5
22.437500	3735.7
22.441250	3796.2
22.445000	3659.7
22.448750	3512.6
22.452500	3505.5
22.456250	3423.0
22.460000	3513.9
22.463750	3503.5
22.467500	3496.9
22.471250	3434.1
22.475000	3421.0
22.478750	3311.9
22.482500	3168.3
22.486250	3090.8
22.490000	3041.3
22.493750	3077.1
22.497500	2988.2
22.501250	2989.4
22.505000	2882.1
22.508750	2905.1
22.512500	2847.9
22.516250	2782.5
22.520000	2798.0
22.523750	2805.2
22.527500	2718.4
22.531250	2704.8
22.535000	2789.8
22.538750	2706.1
22.542500	2669.8
22.546250	2663.6
22.550000	2622.1
22.553750	2651.8
22.557500	2594.7
22.561250	2571.9
22.565000	2463.3
22.568750	2470.0
22.572500	2503.2
22.576250	2513.9
22.580000	2404.5
22.583750	2392.6
22.587500	2393.6
22.591250	2370.9
22.595000	2367.7
22.598750	2273.3
22.602500	2359.4
22.606250	2351.0
22.610000	2260.0
22.613750	2352.5
22.617500	2300.9
22.621250	2246.0
22.625000	2241.0
22.628750	2275.2
22.632500	2277.7
22.636250	2207.6
22.640000	2180.7
22.643750	2220.5
22.647500	2231.0
22.651250	2212.2
22.655000	2159.7
22.658750	2100.1
22.662500	2132.0
22.666250	2140.0
22.670000	2133.3
22.673750	2129.0
22.677500	2127.9
22.681250	2063.3
22.685000	2075.4
22.688750	2194.3
22.692500	2156.7
22.696250	2140.2
22.700000	2038.3
22.703750	1973.0
22.707500	2072.9
22.711250	2054.2
22.715000	2040.9
22.718750	2037.8
22.722500	2075.2
22.726250	2173.8
22.730000	2088.6
22.733750	2031.5
22.737500	2040.2
22.741250	2036.6
22.745000	2034.8
22.748750	2057.9
22.752500	1972.2
22.756250	2069.5
22.760000	1995.9
22.763750	1997.5
22.767500	2051.7
22.771250	2044.2
22.775000	2023.0
22.778750	2030.9
22.782500	2080.2
22.786250	2051.4
22.790000	2024.8
22.793750	2055.2
22.797500	2079.3
22.801250	2010.7
22.805000	1984.0
22.808750	2029.0
22.812500	1922.5
22.816250	1976.5
22.820000	1988.7
22.823750	1934.0
22.827500	2019.1
22.831250	2098.5
22.835000	2019.2
22.838750	1942.1
22.842500	2032.6
22.846250	2001.4
22.850000	1969.2
22.853750	1960.8
22.857500	1987.1
22.861250	1999.4
22.865000	1955.9
22.868750	1967.7
22.872500	1924.5
22.876250	1968.9
22.880000	1969.1
22.883750	1938.3
22.887500	1924.0
22.891250	1930.6
22.895000	1953.8
22.898750	1906.7
22.902500	1882.7
22.906250	1948.4
22.910000	1831.9
22.913750	1803.3
22.917500	1876.2
22.921250	1908.5
22.925000	2010.6
22.928750	1958.4
22.932500	1900.0
22.936250	1876.1
22.940000	1941.8
22.943750	1896.0
22.947500	1921.1
22.951250	1939.5
22.955000	1947.9
22.958750	1945.0
22.962500	1954.8
22.966250	1959.3
22.970000	1955.3
22.973750	1870.6
22.977500	1929.2
22.981250	1959.7
22.985000	1925.2
22.988750	1931.8
22.992500	1872.0
22.996250	1941.9
23.000000	1927.4
23.003750	1904.3
23.007500	1921.8
23.011250	1966.0
23.015000	1952.5
23.018750	1939.3
23.022500	1952.8
23.026250	1986.9
23.030000	2017.6
23.033750	2023.9
23.037500	2056.9
23.041250	2085.7
23.045000	2194.2
23.048750	2148.9
23.052500	2262.6
23.056250	2289.5
23.060000	2349.9
23.063750	2295.1
23.067500	2285.8
23.071250	2355.6
23.075000	2367.7
23.078750	2297.6
23.082500	2212.1
23.086250	2311.6
23.090000	2230.1
23.093750	2218.0
23.097500	2178.1
23.101250	2041.5
23.105000	2031.1
23.108750	2001.9
23.112500	1930.7
23.116250	1895.3
23.120000	1921.9
23.123750	1849.0
23.127500	1832.7
23.131250	1904.8
23.135000	1865.2
23.138750	1909.0
23.142500	1866.8
23.146250	1875.4
23.150000	1891.5
23.153750	1782.6
23.157500	1839.3
23.161250	1920.0
23.165000	1879.6
23.168750	1910.7
23.172500	1770.1
23.176250	1939.3
23.180000	1852.1
23.183750	1819.5
23.187500	1969.8
23.191250	1920.4
23.195000	1821.8
23.198750	1868.9
23.202500	1843.1
23.206250	1838.3
23.210000	1840.7
23.213750	1860.8
23.217500	1872.4
23.221250	1794.9
23.225000	1827.4
23.228750	1813.0
23.232500	1898.1
23.236250	1891.2
23.240000	1860.9
23.243750	1951.8
23.247500	1870.1
23.251250	1909.2
23.255000	1883.0
23.258750	1876.1
23.262500	1826.0
23.266250	1798.4
23.270000	1806.6
23.273750	1823.7
23.277500	1897.9
23.281250	1870.3
23.285000	1885.6
23.288750	1882.8
23.292500	1798.3
23.296250	1755.1
23.300000	1825.9
23.303750	1781.3
23.307500	1811.6
23.311250	1916.5
23.315000	1874.5
23.318750	1852.5
23.322500	1791.4
23.326250	1799.9
23.330000	1849.2
23.333750	1721.8
23.337500	1869.7
23.341250	1985.6
23.345000	1863.3
23.348750	1838.5
23.352500	1790.0
23.356250	1822.9
23.360000	1805.8
23.363750	1787.8
23.367500	1818.4
23.371250	1892.5
23.375000	1801.2
23.378750	1780.4
23.382500	1850.0
23.386250	1776.8
23.390000	1863.5
23.393750	1877.6
23.397500	1797.0
23.401250	1765.1
23.405000	1772.7
23.408750	1931.1
23.412500	1873.4
23.416250	1797.4
23.420000	1861.3
23.423750	1839.5
23.427500	1903.8
23.431250	1977.3
23.435000	2017.5
23.438750	2078.9
23.442500	2234.5
23.446250	2209.3
23.450000	2199.5
23.453750	2239.2
23.457500	2204.2
23.461250	2071.1
23.465000	2056.4
23.468750	2019.4
23.472500	1899.3
23.476250	1861.0
23.480000	1831.1
23.483750	1849.6
23.487500	1724.1
23.491250	1826.0
23.495000	1883.5
23.498750	1911.4
23.502500	1852.4
23.506250	1836.2
23.510000	1863.0
23.513750	1740.8
23.517500	1897.7
23.521250	1904.5
23.525000	1814.5
23.528750	1840.7
23.532500	1750.9
23.536250	1817.9
23.540000	1740.6
23.543750	1853.4
23.547500	1808.7
23.551250	1800.2
23.555000	1811.5
23.558750	1881.5
23.562500	1847.2
23.566250	1744.3
23.570000	1870.9
23.573750	1827.8
23.577500	1783.7
23.581250	1853.5
23.585000	1805.8
23.588750	1804.4
23.592500	1840.4
23.596250	1798.1
23.600000	1813.5
23.603750	1804.7
23.607500	1797.5
23.611250	1801.4
23.615000	1801.7
23.618750	1849.6
23.622500	1870.1
23.626250	1805.0
23.630000	1761.8
23.633750	1750.5
23.637500	1814.2
23.641250	1777.6
23.645000	1739.4
23.648750	1865.7
23.652500	1801.6
23.656250	1893.8
23.660000	1791.1
23.663750	1774.1
23.667500	1827.1
23.671250	1806.9
23.675000	1815.7
23.678750	1833.8
23.682500	1796.7
23.686250	1809.7
23.690000	1857.6
23.693750	1855.6
23.697500	1802.3
23.701250	1822.5
23.705000	1812.4
23.708750	1763.5
23.712500	1743.9
23.716250	1746.4
23.720000	1763.2
23.723750	1798.5
23.727500	1809.5
23.731250	1855.9
23.735000	1810.6
23.738750	1766.6
23.742500	1812.6
23.746250	1849.6
23.750000	1795.0
23.753750	1764.7
23.757500	1829.3
23.761250	1777.9
23.765000	1796.7
23.768750	1779.5
23.772500	1772.2
23.776250	1816.8
23.780000	1831.7
23.783750	1804.5
23.787500	1694.9
23.791250	1750.8
23.795000	1794.2
23.798750	1878.6
23.802500	1727.3
23.806250	1885.1
23.810000	1824.6
23.813750	1951.2
23.817500	1873.2
23.821250	1913.2
23.825000	1943.0
23.828750	2099.2
23.832500	1979.9
23.836250	1963.1
23.840000	2000.8
23.843750	1980.4
23.847500	2013.0
23.851250	1917.3
23.855000	1907.3
23.858750	1967.9
23.862500	1842.4
23.866250	1910.2
23.870000	1896.8
23.873750	1770.0
23.877500	1809.9
23.881250	1811.3
23.885000	1758.4
23.888750	1774.0
23.892500	1777.8
23.896250	1728.3
23.900000	1731.0
23.903750	1817.1
23.907500	1832.4
23.911250	1762.5
23.915000	1747.6
23.918750	1727.2
23.922500	1763.9
23.926250	1734.0
23.930000	1790.1
23.933750	1878.2
23.937500	1793.1
23.941250	1736.4
23.945000	1776.0
23.948750	1791.2
23.952500	1795.0
23.956250	1723.8
23.960000	1784.7
23.963750	1717.2
23.967500	1700.2
23.971250	1819.3
23.975000	1772.4
23.978750	1750.6
23.982500	1721.6
23.986250	1749.5
23.990000	1799.9
23.993750	1754.6
23.997500	1783.6
24.001250	1775.0
24.005000	1797.9
24.008750	1797.2
24.012500	1827.9
24.016250	1801.7
24.020000	1878.9
24.023750	1823.0
24.027500	1838.8
24.031250	1808.6
24.035000	1786.4
24.038750	1799.3
24.042500	1849.7
24.046250	1904.0
24.050000	1880.7
24.053750	1764.9
24.057500	1792.6
24.061250	1824.3
24.065000	1857.5
24.068750	1939.4
24.072500	1838.2
24.076250	1900.1
24.080000	1864.0
24.083750	1852.7
24.087500	1827.1
24.091250	1891.0
24.095000	1920.3
24.098750	1907.7
24.102500	1934.8
24.106250	1875.8
24.110000	1983.7
24.113750	1982.7
24.117500	1890.5
24.121250	1957.4
24.125000	2069.7
24.128750	1977.1
24.132500	1963.7
24.136250	2054.8
24.140000	1969.4
24.143750	1973.1
24.147500	1967.6
24.151250	1968.1
24.155000	1960.6
24.158750	1988.2
24.162500	1984.8
24.166250	1989.2
24.170000	2067.3
24.173750	1989.8
24.177500	2017.3
24.181250	2046.5
24.185000	2024.0
24.188750	1980.5
24.192500	2018.4
24.196250	2059.4
24.200000	2021.5
24.203750	2053.8
24.207500	2102.4
24.211250	2027.3
24.215000	1961.6
24.218750	2004.4
24.222500	2003.4
24.226250	2022.3
24.230000	1926.2
24.233750	2040.9
24.237500	2101.3
24.241250	1996.9
24.245000	1986.6
24.248750	1970.0
24.252500	1891.9
24.256250	1980.1
24.260000	1981.5
24.263750	1942.4
24.267500	1918.3
24.271250	1881.3
24.275000	1935.2
24.278750	1904.1
24.282500	1883.1
24.286250	1886.4
24.290000	1787.4
24.293750	1784.4
24.297500	1947.0
24.301250	1954.3
24.305000	1893.4
24.308750	1870.9
24.312500	1860.6
24.316250	1863.6
24.320000	1898.5
24.323750	1793.9
24.327500	1757.9
24.331250	1820.0
24.335000	1798.8
24.338750	1860.9
24.342500	1763.2
24.346250	1812.8
24.350000	1803.6
24.353750	1854.2
24.357500	1791.8
24.361250	1734.0
24.365000	1774.3
24.368750	1755.5
24.372500	1773.4
24.376250	1745.4
24.380000	1708.5
24.383750	1772.3
24.387500	1705.5
24.391250	1744.1
24.395000	1741.8
24.398750	1681.3
24.402500	1644.4
24.406250	1726.4
24.410000	1680.8
24.413750	1668.7
24.417500	1761.0
24.421250	1699.0
24.425000	1753.1
24.428750	1773.3
24.432500	1720.4
24.436250	1681.9
24.440000	1708.3
24.443750	1725.4
24.447500	1697.9
24.451250	1694.4
24.455000	1787.4
24.458750	1708.4
24.462500	1692.4
24.466250	1757.9
24.470000	1682.7
24.473750	1643.7
24.477500	1655.6
24.481250	1719.1
24.485000	1655.9
24.488750	1683.8
24.492500	1648.4
24.496250	1637.8
24.500000	1658.2
24.503750	1699.3
24.507500	1712.6
24.511250	1618.0
24.515000	1671.7
24.518750	1675.2
24.522500	1657.0
24.526250	1663.9
24.530000	1632.8
24.533750	1610.6
24.537500	1652.3
24.541250	1670.3
24.545000	1592.2
24.548750	1620.3
24.552500	1679.7
24.556250	1602.8
24.560000	1627.0
24.563750	1648.1
24.567500	1664.6
24.571250	1666.2
24.575000	1555.7
24.578750	1660.3
24.582500	1662.2
24.586250	1668.2
24.590000	1635.6
24.593750	1578.1
24.597500	1690.4
24.601250	1589.4
24.605000	1664.1
24.608750	1628.0
24.612500	1640.5
24.616250	1618.5
24.620000	1629.3
24.623750	1675.2
24.627500	1654.2
24.631250	1666.4
24.635000	1735.3
24.638750	1710.7
24.642500	1688.5
24.646250	1612.6
24.650000	1553.1
24.653750	1612.2
24.657500	1668.4
24.661250	1614.7
24.665000	1608.0
24.668750	1649.4
24.672500	1580.0
24.676250	1613.0
24.680000	1669.9
24.683750	1641.8
24.687500	1637.8
24.691250	1623.6
24.695000	1676.0
24.698750	1655.5
24.702500	1630.3
24.706250	1591.3
24.710000	1664.8
24.713750	1677.9
24.717500	1610.1
24.721250	1603.4
24.725000	1655.5
24.728750	1569.1
24.732500	1688.3
24.736250	1725.0
24.740000	1678.8
24.743750	1557.7
24.747500	1648.8
24.751250	1609.6
24.755000	1623.1
24.758750	1603.0
24.762500	1580.6
24.766250	1598.4
24.770000	1642.5
24.773750	1552.1
24.777500	1576.1
24.781250	1626.4
24.785000	1625.4
24.788750	1631.4
24.792500	1591.1
24.796250	1654.7
24.800000	1600.9
24.803750	1666.5
24.807500	1662.6
24.811250	1606.7
24.815000	1651.8
24.818750	1631.8
24.822500	1593.4
24.826250	1657.5
24.830000	1639.8
24.833750	1585.9
24.837500	1595.5
24.841250	1595.5
24.845000	1500.7
24.848750	1559.6
24.852500	1591.9
24.856250	1622.7
24.860000	1643.5
24.863750	1595.4
24.867500	1596.4
24.871250	1606.6
24.875000	1573.3
24.878750	1592.1
24.882500	1646.4
24.886250	1593.4
24.890000	1633.4
24.893750	1607.6
24.897500	1591.0
24.901250	1599.4
24.905000	1573.1
24.908750	1569.8
24.912500	1644.9
24.916250	1558.8
24.920000	1575.8
24.923750	1563.6
24.927500	1528.9
24.931250	1649.4
24.935000	1606.0
24.938750	1580.0
24.942500	1580.4
24.946250	1576.1
24.950000	1594.3
24.953750	1547.6
24.957500	1541.0
24.961250	1614.9
24.965000	1569.8
24.968750	1546.6
24.972500	1608.9
24.976250	1549.2
24.980000	1568.2
24.983750	1584.1
24.987500	1631.5
24.991250	1546.5
24.995000	1576.9
24.998750	1607.3
25.002500	1505.9
25.006250	1593.3
25.010000	1550.4
25.013750	1552.3
25.017500	1569.8
25.021250	1584.2
25.025000	1569.2
25.028750	1521.8
25.032500	1548.0
25.036250	1540.5
25.040000	1551.7
25.043750	1658.9
25.047500	1554.2
25.051250	1601.9
25.055000	1596.0
25.058750	1559.2
25.062500	1531.9
25.066250	1629.5
25.070000	1504.4
25.073750	1549.2
25.077500	1560.1
25.081250	1520.2
25.085000	1585.8
25.088750	1611.1
25.092500	1577.0
25.096250	1563.1
25.100000	1560.5
25.103750	1537.8
25.107500	1578.6
25.111250	1565.0
25.115000	1541.6
25.118750	1574.8
25.122500	1615.1
25.126250	1542.5
25.130000	1595.9
25.133750	1633.6
25.137500	1538.2
25.141250	1617.3
25.145000	1589.7
25.148750	1557.4
25.152500	1585.6
25.156250	1560.1
25.160000	1572.8
25.163750	1625.3
25.167500	1549.1
25.171250	1532.7
25.175000	1635.3
25.178750	1566.1
25.182500	1558.1
25.186250	1585.2
25.190000	1597.3
25.193750	1510.5
25.197500	1555.6
25.201250	1567.6
25.205000	1595.3
25.208750	1529.4
25.212500	1530.1
25.216250	1538.3
25.220000	1518.6
25.223750	1587.6
25.227500	1465.6
25.231250	1532.9
25.235000	1571.7
25.238750	1538.4
25.242500	1630.1
25.246250	1544.9
25.250000	1498.7
25.253750	1546.1
25.257500	1567.9
25.261250	1599.7
25.265000	1554.3
25.268750	1600.2
25.272500	1611.8
25.276250	1597.3
25.280000	1747.4
25.283750	1751.1
25.287500	1746.0
25.291250	1840.7
25.295000	1785.4
25.298750	1911.2
25.302500	1851.3
25.306250	1857.2
25.310000	1806.5
25.313750	1749.1
25.317500	1627.6
25.321250	1538.2
25.325000	1521.9
25.328750	1561.6
25.332500	1594.5
25.336250	1544.5
25.340000	1590.0
25.343750	1568.8
25.347500	1557.7
25.351250	1587.9
25.355000	1535.8
25.358750	1561.6
25.362500	1552.3
25.366250	1604.4
25.370000	1653.2
25.373750	1581.4
25.377500	1604.2
25.381250	1479.6
25.385000	1539.2
25.388750	1562.6
25.392500	1583.0
25.396250	1493.4
25.400000	1499.7
25.403750	1565.0
25.407500	1504.3
25.411250	1615.4
25.415000	1549.1
25.418750	1516.1
25.422500	1583.2
25.426250	1508.6
25.430000	1509.6
25.433750	1493.8
25.437500	1517.1
25.441250	1520.0
25.445000	1563.9
25.448750	1437.0
25.452500	1545.9
25.456250	1531.5
25.460000	1525.6
25.463750	1564.5
25.467500	1583.7
25.471250	1533.1
25.475000	1531.6
25.478750	1565.3
25.482500	1510.9
25.486250	1535.8
25.490000	1561.8
25.493750	1504.5
25.497500	1557.3
25.501250	1540.1
25.505000	1474.0
25.508750	1527.9
25.512500	1583.6
25.516250	1518.9
25.520000	1534.7
25.523750	1554.3
25.527500	1477.9
25.531250	1503.3
25.535000	1632.1
25.538750	1567.1
25.542500	1581.8
25.546250	1508.6
25.550000	1395.7
25.553750	1539.4
25.557500	1540.1
25.561250	1522.4
25.565000	1485.6
25.568750	1601.1
25.572500	1520.9
25.576250	1449.1
25.580000	1558.5
25.583750	1505.3
25.587500	1426.1
25.591250	1460.7
25.595000	1531.8
25.598750	1495.6
25.602500	1455.9
25.606250	1495.5
25.610000	1497.5
25.613750	1594.3
25.617500	1554.5
25.621250	1507.2
25.625000	1519.0
25.628750	1554.4
25.632500	1492.5
25.636250	1612.3
25.640000	1613.3
25.643750	1512.0
25.647500	1551.0
25.651250	1507.5
25.655000	1548.2
25.658750	1599.9
25.662500	1536.2
25.666250	1501.3
25.670000	1462.3
25.673750	1485.8
25.677500	1554.8
25.681250	1445.9
25.685000	1451.2
25.688750	1615.6
25.692500	1513.8
25.696250	1462.7
25.700000	1551.6
25.703750	1563.6
25.707500	1578.1
25.711250	1573.8
25.715000	1493.5
25.718750	1488.6
25.722500	1495.0
25.726250	1510.0
25.730000	1519.9
25.733750	1536.7
25.737500	1554.8
25.741250	1505.6
25.745000	1515.4
25.748750	1541.4
25.752500	1465.6
25.756250	1556.3
25.760000	1530.8
25.763750	1475.1
25.767500	1489.4
25.771250	1528.9
25.775000	1569.2
25.778750	1602.7
25.782500	1617.2
25.786250	1642.1
25.790000	1639.0
25.793750	1629.3
25.797500	1624.8
25.801250	1639.8
25.805000	1679.6
25.808750	1715.3
25.812500	1637.5
25.816250	1549.3
25.820000	1524.2
25.823750	1595.0
25.827500	1557.2
25.831250	1489.9
25.835000	1595.6
25.838750	1588.3
25.842500	1440.3
25.846250	1513.4
25.850000	1532.6
25.853750	1435.1
25.857500	1533.8
25.861250	1572.7
25.865000	1514.4
25.868750	1528.3
25.872500	1516.1
25.876250	1489.1
25.880000	1501.4
25.883750	1481.5
25.887500	1532.8
25.891250	1466.7
25.895000	1509.9
25.898750	1525.6
25.902500	1519.2
25.906250	1495.9
25.910000	1477.3
25.913750	1432.2
25.917500	1467.6
25.921250	1498.0
25.925000	1528.4
25.928750	1516.1
25.932500	1502.1
25.936250	1530.0
25.940000	1481.8
25.943750	1507.8
25.947500	1532.9
25.951250	1537.9
25.955000	1565.0
25.958750	1577.9
25.962500	1512.8
25.966250	1560.3
25.970000	1556.9
25.973750	1528.5
25.977500	1516.3
25.981250	1600.2
25.985000	1742.4
25.988750	1756.4
25.992500	1788.9
25.996250	1770.0
26.000000	1765.6
26.003750	1759.4
26.007500	1790.1
26.011250	1749.3
26.015000	1675.0
26.018750	1682.8
26.022500	1802.3
26.026250	1786.2
26.030000	1738.6
26.033750	1695.2
26.037500	1706.8
26.041250	1677.9
26.045000	1674.4
26.048750	1497.2
26.052500	1552.6
26.056250	1583.8
26.060000	1556.5
26.063750	1524.6
26.067500	1543.3
26.071250	1545.2
26.075000	1449.6
26.078750	1478.8
26.082500	1548.0
26.086250	1459.3
26.090000	1530.8
26.093750	1501.1
26.097500	1478.3
26.101250	1474.7
26.105000	1528.4
26.108750	1436.4
26.112500	1590.3
26.116250	1503.5
26.120000	1493.6
26.123750	1452.5
26.127500	1499.6
26.131250	1507.2
26.135000	1484.6
26.138750	1528.0
26.142500	1479.6
26.146250	1427.1
26.150000	1459.0
26.153750	1534.2
26.157500	1468.7
26.161250	1487.4
26.165000	1333.7
26.168750	1463.9
26.172500	1461.2
26.176250	1541.8
26.180000	1482.1
26.183750	1522.7
26.187500	1481.1
26.191250	1560.0
26.195000	1531.5
26.198750	1483.2
26.202500	1441.8
26.206250	1560.6
26.210000	1481.7
26.213750	1559.2
26.217500	1553.7
26.221250	1490.5
26.225000	1490.2
26.228750	1558.5
26.232500	1430.8
26.236250	1484.8
26.240000	1420.2
26.243750	1480.7
26.247500	1450.1
26.251250	1491.8
26.255000	1545.1
26.258750	1502.3
26.262500	1436.2
26.266250	1475.8
26.270000	1433.1
26.273750	1515.7
26.277500	1475.1
26.281250	1435.9
26.285000	1435.3
26.288750	1469.5
26.292500	1471.1
26.296250	1528.0
26.300000	1503.3
26.303750	1451.5
26.307500	1481.9
26.311250	1479.0
26.315000	1437.3
26.318750	1443.2
26.322500	1386.7
26.326250	1451.9
26.330000	1385.1
26.333750	1469.7
26.337500	1465.5
26.341250	1424.2
26.345000	1489.1
26.348750	1468.5
26.352500	1425.4
26.356250	1400.6
26.360000	1458.3
26.363750	1491.0
26.367500	1563.6
26.371250	1416.3
26.375000	1523.6
26.378750	1483.5
26.382500	1420.8
26.386250	1446.8
26.390000	1500.1
26.393750	1492.8
26.397500	1491.3
26.401250	1504.9
26.405000	1490.5
26.408750	1503.5
26.412500	1435.1
26.416250	1470.4
26.420000	1454.3
26.423750	1499.6
26.427500	1452.4
26.431250	1477.3
26.435000	1411.9
26.438750	1489.0
26.442500	1437.6
26.446250	1452.3
26.450000	1463.1
26.453750	1493.5
26.457500	1434.7
26.461250	1356.5
26.465000	1468.9
26.468750	1470.2
26.472500	1458.9
26.476250	1502.5
26.480000	1434.9
26.483750	1466.5
26.487500	1453.6
26.491250	1441.7
26.495000	1510.1
26.498750	1419.8
26.502500	1471.2
26.506250	1474.0
26.510000	1476.3
26.513750	1487.2
26.517500	1407.0
26.521250	1423.1
26.525000	1477.0
26.528750	1497.5
26.532500	1386.0
26.536250	1453.6
26.540000	1424.4
26.543750	1455.4
26.547500	1440.7
26.551250	1445.3
26.555000	1410.9
26.558750	1434.4
26.562500	1442.8
26.566250	1487.0
26.570000	1445.5
26.573750	1499.6
26.577500	1485.3
26.581250	1464.3
26.585000	1479.1
26.588750	1493.2
26.592500	1569.4
26.596250	1467.7
26.600000	1437.4
26.603750	1480.2
26.607500	1426.5
26.611250	1398.5
26.615000	1477.3
26.618750	1535.0
26.622500	1507.4
26.626250	1455.0
26.630000	1378.5
26.633750	1448.8
26.637500	1462.6
26.641250	1445.5
26.645000	1481.3
26.648750	1519.7
26.652500	1466.4
26.656250	1432.5
26.660000	1451.2
26.663750	1414.1
26.667500	1532.4
26.671250	1485.6
26.675000	1431.0
26.678750	1414.1
26.682500	1485.0
26.686250	1540.8
26.690000	1493.3
26.693750	1449.4
26.697500	1417.0
26.701250	1473.0
26.705000	1476.2
26.708750	1456.7
26.712500	1489.4
26.716250	1489.8
26.720000	1462.5
26.723750	1426.0
26.727500	1500.7
26.731250	1495.3
26.735000	1465.2
26.738750	1558.5
26.742500	1465.5
26.746250	1442.4
26.750000	1391.4
26.753750	1421.5
26.757500	1433.2
26.761250	1436.7
26.765000	1430.1
26.768750	1415.1
26.772500	1490.5
26.776250	1420.6
26.780000	1441.6
26.783750	1495.2
26.787500	1413.7
26.791250	1435.9
26.795000	1428.0
26.798750	1490.2
26.802500	1451.9
26.806250	1474.4
26.810000	1413.2
26.813750	1433.1
26.817500	1445.4
26.821250	1460.1
26.825000	1336.7
26.828750	1402.0
26.832500	1488.3
26.836250	1385.1
26.840000	1434.7
26.843750	1445.2
26.847500	1482.9
26.851250	1478.4
26.855000	1440.6
26.858750	1383.4
26.862500	1500.5
26.866250	1440.4
26.870000	1545.1
26.873750	1611.8
26.877500	1469.7
26.881250	1446.3
26.885000	1406.6
26.888750	1393.7
26.892500	1420.5
26.896250	1461.7
26.900000	1481.2
26.903750	1436.2
26.907500	1407.9
26.911250	1485.4
26.915000	1449.3
26.918750	1464.4
26.922500	1453.1
26.926250	1499.4
26.930000	1462.5
26.933750	1447.4
26.937500	1430.5
26.941250	1457.4
26.945000	1438.5
26.948750	1502.3
26.952500	1502.1
26.956250	1433.8
26.960000	1446.0
26.963750	1390.9
26.967500	1414.7
26.971250	1458.1
26.975000	1412.6
26.978750	1466.6
26.982500	1473.6
26.986250	1416.7
26.990000	1487.0
26.993750	1438.0
26.997500	1453.2
27.001250	1474.5
27.005000	1522.9
27.008750	1504.7
27.012500	1493.0
27.016250	1456.9
27.020000	1430.9
27.023750	1477.3
27.027500	1469.1
27.031250	1540.3
27.035000	1521.6
27.038750	1499.7
27.042500	1460.3
27.046250	1508.4
27.050000	1482.1
27.053750	1494.7
27.057500	1525.2
27.061250	1498.8
27.065000	1488.1
27.068750	1544.7
27.072500	1475.2
27.076250	1543.1
27.080000	1545.0
27.083750	1627.5
27.087500	1558.5
27.091250	1542.9
27.095000	1605.8
27.098750	1629.2
27.102500	1577.0
27.106250	1539.6
27.110000	1649.1
27.113750	1699.7
27.117500	1664.6
27.121250	1702.9
27.125000	1735.7
27.128750	1765.3
27.132500	1767.9
27.136250	1764.2
27.140000	1867.6
27.143750	1891.2
27.147500	1844.5
27.151250	1844.2
27.155000	1825.7
27.158750	1771.1
27.162500	1690.7
27.166250	1748.4
27.170000	1686.7
27.173750	1709.7
27.177500	1675.4
27.181250	1650.2
27.185000	1697.9
27.188750	1645.6
27.192500	1723.2
27.196250	1806.7
27.200000	1806.5
27.203750	1794.7
27.207500	1782.6
27.211250	1819.9
27.215000	1771.9
27.218750	1851.6
27.222500	1869.0
27.226250	1882.1
27.230000	1819.5
27.233750	1898.4
27.237500	1908.8
27.241250	1909.1
27.245000	1920.0
27.248750	1902.2
27.252500	1996.9
27.256250	1982.0
27.260000	2011.0
27.263750	1993.3
27.267500	2033.6
27.271250	2076.6
27.275000	1955.5
27.278750	2071.9
27.282500	2119.7
27.286250	2045.6
27.290000	2008.5
27.293750	2053.6
27.297500	2080.5
27.301250	2016.5
27.305000	2083.5
27.308750	2128.3
27.312500	2132.9
27.316250	2072.3
27.320000	2118.9
27.323750	2200.1
27.327500	2160.2
27.331250	2132.9
27.335000	2091.1
27.338750	2195.2
27.342500	2204.9
27.346250	2076.4
27.350000	2175.1
27.353750	2182.7
27.357500	2145.7
27.361250	2176.0
27.365000	2222.5
27.368750	2191.2
27.372500	2193.2
27.376250	2231.1
27.380000	2249.5
27.383750	2301.5
27.387500	2266.7
27.391250	2263.7
27.395000	2264.4
27.398750	2266.1
27.402500	2270.7
27.406250	2307.5
27.410000	2304.1
27.413750	2305.4
27.417500	2324.0
27.421250	2310.0
27.425000	2368.6
27.428750	2382.5
27.432500	2337.8
27.436250	2487.3
27.440000	2396.6
27.443750	2386.3
27.447500	2420.5
27.451250	2445.6
27.455000	2526.4
27.458750	2488.8
27.462500	2548.8
27.466250	2545.1
27.470000	2557.0
27.473750	2543.2
27.477500	2507.5
27.481250	2588.0
27.485000	2551.2
27.488750	2554.4
27.492500	2609.1
27.496250	2605.5
27.500000	2546.3
27.503750	2562.5
27.507500	2637.5
27.511250	2498.3
27.515000	2520.0
27.518750	2623.4
27.522500	2545.5
27.526250	2628.0
27.530000	2566.6
27.533750	2531.3
27.537500	2530.6
27.541250	2459.2
27.545000	2405.2
27.548750	2451.5
27.552500	2434.7
27.556250	2374.4
27.560000	2425.8
27.563750	2427.6
27.567500	2416.3
27.571250	2362.5
27.575000	2296.1
27.578750	2298.1
27.582500	2298.2
27.586250	2151.6
27.590000	2144.9
27.593750	2236.9
27.597500	2178.5
27.601250	2139.5
27.605000	2051.8
27.608750	2052.4
27.612500	2011.8
27.616250	1950.3
27.620000	1938.8
27.623750	1936.1
27.627500	1992.4
27.631250	1998.2
27.635000	1903.1
27.638750	1872.5
27.642500	1895.2
27.646250	1811.4
27.650000	1853.2
27.653750	1866.7
27.657500	1818.5
27.661250	1724.9
27.665000	1704.1
27.668750	1735.2
27.672500	1801.3
27.676250	1668.0
27.680000	1725.3
27.683750	1703.6
27.687500	1669.9
27.691250	1699.6
27.695000	1718.2
27.698750	1675.2
27.702500	1562.8
27.706250	1586.4
27.710000	1619.8
27.713750	1600.8
27.717500	1556.1
27.721250	1591.0
27.725000	1600.2
27.728750	1587.1
27.732500	1604.1
27.736250	1588.2
27.740000	1591.6
27.743750	1507.5
27.747500	1524.7
27.751250	1555.7
27.755000	1608.0
27.758750	1523.4
27.762500	1491.1
27.766250	1505.8
27.770000	1483.9
27.773750	1514.7
27.777500	1529.5
27.781250	1503.5
27.785000	1487.3
27.788750	1482.3
27.792500	1559.1
27.796250	1415.5
27.800000	1389.9
27.803750	1498.8
27.807500	1467.5
27.811250	1452.0
27.815000	1552.3
27.818750	1460.4
27.822500	1409.8
27.826250	1419.5
27.830000	1483.3
27.833750	1464.1
27.837500	1428.8
27.841250	1437.3
27.845000	1437.1
27.848750	1448.9
27.852500	1427.8
27.856250	1409.2
27.860000	1426.7
27.863750	1471.8
27.867500	1429.7
27.871250	1426.8
27.875000	1419.8
27.878750	1356.8
27.882500	1425.5
27.886250	1386.8
27.890000	1451.4
27.893750	1454.1
27.897500	1401.7
27.901250	1394.6
27.905000	1432.6
27.908750	1402.1
27.912500	1424.7
27.916250	1407.1
27.920000	1422.8
27.923750	1401.8
27.927500	1406.3
27.931250	1416.5
27.935000	1445.3
27.938750	1466.0
27.942500	1401.7
27.946250	1415.0
27.950000	1471.9
27.953750	1456.3
27.957500	1477.7
27.961250	1351.6
27.965000	1437.7
27.968750	1504.7
27.972500	1493.2
27.976250	1501.8
27.980000	1464.3
27.983750	1480.7
27.987500	1499.5
27.991250	1497.3
27.995000	1461.8
27.998750	1479.7
28.002500	1564.8
28.006250	1568.8
28.010000	1601.3
28.013750	1521.1
28.017500	1692.6
28.021250	1598.9
28.025000	1610.1
28.028750	1639.3
28.032500	1715.5
28.036250	1755.2
28.040000	1766.4
28.043750	1796.0
28.047500	1855.9
28.051250	1970.1
28.055000	2071.7
28.058750	2050.8
28.062500	2223.0
28.066250	2386.4
28.070000	2620.2
28.073750	2847.8
28.077500	3375.4
28.081250	3847.7
28.085000	4468.0
28.088750	5101.3
28.092500	5781.5
28.096250	6234.8
28.100000	6787.3
28.103750	7079.0
28.107500	7094.7
28.111250	7103.8
28.115000	6931.6
28.118750	6083.8
28.122500	5260.4
28.126250	4456.5
28.130000	3759.6
28.133750	3222.1
28.137500	2830.9
28.141250	2562.0
28.145000	2346.1
28.148750	2159.5
28.152500	2043.1
28.156250	1957.7
28.160000	1923.2
28.163750	1781.5
28.167500	1687.4
28.171250	1686.0
28.175000	1700.3
28.178750	1617.7
28.182500	1588.3
28.186250	1614.7
28.190000	1518.1
28.193750	1539.1
28.197500	1427.2
28.201250	1449.4
28.205000	1486.1
28.208750	1457.0
28.212500	1466.6
28.216250	1439.7
28.220000	1499.4
28.223750	1376.1
28.227500	1471.1
28.231250	1356.1
28.235000	1434.5
28.238750	1406.1
28.242500	1402.4
28.246250	1382.7
28.250000	1348.3
28.253750	1366.0
28.257500	1396.2
28.261250	1384.0
28.265000	1393.5
28.268750	1326.0
28.272500	1362.2
28.276250	1316.5
28.280000	1338.9
28.283750	1320.7
28.287500	1408.4
28.291250	1283.2
28.295000	1313.4
28.298750	1289.8
28.302500	1321.0
28.306250	1379.1
28.310000	1362.1
28.313750	1296.0
28.317500	1287.6
28.321250	1388.9
28.325000	1330.1
28.328750	1331.6
28.332500	1294.0
28.336250	1280.3
28.340000	1324.3
28.343750	1305.8
28.347500	1326.7
28.351250	1296.6
28.355000	1348.6
28.358750	1294.7
28.362500	1297.0
28.366250	1312.1
28.370000	1314.6
28.373750	1321.6
28.377500	1246.0
28.381250	1310.6
28.385000	1326.7
28.388750	1300.6
28.392500	1248.0
28.396250	1279.8
28.400000	1289.8
28.403750	1259.1
28.407500	1306.1
28.411250	1257.8
28.415000	1228.9
28.418750	1275.0
28.422500	1265.9
28.426250	1302.7
28.430000	1218.4
28.433750	1272.9
28.437500	1266.9
28.441250	1283.1
28.445000	1260.3
28.448750	1246.9
28.452500	1321.1
28.456250	1203.6
28.460000	1214.8
28.463750	1280.1
28.467500	1287.4
28.471250	1276.3
28.475000	1265.5
28.478750	1263.9
28.482500	1261.9
28.486250	1203.2
28.490000	1203.1
28.493750	1213.8
28.497500	1269.7
28.501250	1293.4
28.505000	1236.4
28.508750	1273.6
28.512500	1227.1
28.516250	1243.9
28.520000	1227.9
28.523750	1239.1
28.527500	1247.3
28.531250	1266.7
28.535000	1248.6
28.538750	1221.5
28.542500	1226.5
28.546250	1207.0
28.550000	1282.3
28.553750	1279.0
28.557500	1269.0
28.561250	1234.5
28.565000	1245.5
28.568750	1288.9
28.572500	1259.9
28.576250	1235.2
28.580000	1289.3
28.583750	1301.2
28.587500	1322.7
28.591250	1299.8
28.595000	1250.7
28.598750	1236.8
28.602500	1250.1
28.606250	1334.1
28.610000	1308.9
28.613750	1257.1
28.617500	1339.9
28.621250	1304.0
28.625000	1297.0
28.628750	1274.4
28.632500	1295.3
28.636250	1223.0
28.640000	1259.6
28.643750	1289.2
28.647500	1309.4
28.651250	1282.3
28.655000	1273.8
28.658750	1317.2
28.662500	1297.0
28.666250	1260.2
28.670000	1282.5
28.673750	1277.8
28.677500	1289.5
28.681250	1274.7
28.685000	1284.5
28.688750	1282.6
28.692500	1259.6
28.696250	1284.6
28.700000	1252.8
28.703750	1271.0
28.707500	1244.5
28.711250	1229.8
28.715000	1269.9
28.718750	1209.8
28.722500	1256.6
28.726250	1331.2
28.730000	1239.8
28.733750	1212.4
28.737500	1245.0
28.741250	1273.3
28.745000	1233.5
28.748750	1262.0
28.752500	1248.9
28.756250	1259.0
28.760000	1269.5
28.763750	1250.2
28.767500	1228.4
28.771250	1216.1
28.775000	1262.2
28.778750	1258.6
28.782500	1258.1
28.786250	1247.3
28.790000	1234.8
28.793750	1235.7
28.797500	1207.6
28.801250	1185.4
28.805000	1226.6
28.808750	1238.0
28.812500	1247.5
28.816250	1289.4
28.820000	1176.6
28.823750	1215.8
28.827500	1298.7
28.831250	1274.5
28.835000	1248.3
28.838750	1259.1
28.842500	1282.9
28.846250	1249.2
28.850000	1196.2
28.853750	1193.0
28.857500	1207.1
28.861250	1222.7
28.865000	1219.8
28.868750	1236.5
28.872500	1199.4
28.876250	1268.0
28.880000	1215.2
28.883750	1254.2
28.887500	1278.8
28.891250	1236.6
28.895000	1207.9
28.898750	1301.6
28.902500	1247.4
28.906250	1206.5
28.910000	1293.3
28.913750	1259.2
28.917500	1280.4
28.921250	1261.1
28.925000	1287.6
28.928750	1287.2
28.932500	1307.3
28.936250	1247.2
28.940000	1275.6
28.943750	1251.2
28.947500	1220.6
28.951250	1238.3
28.955000	1188.6
28.958750	1266.5
28.962500	1291.2
28.966250	1253.8
28.970000	1237.2
28.973750	1282.7
28.977500	1317.8
28.981250	1271.8
28.985000	1205.6
28.988750	1216.9
28.992500	1230.2
28.996250	1292.6
29.000000	1305.6
29.003750	1249.6
29.007500	1240.8
29.011250	1309.7
29.015000	1268.1
29.018750	1236.4
29.022500	1246.1
29.026250	1300.5
29.030000	1289.6
29.033750	1260.7
29.037500	1232.3
29.041250	1258.6
29.045000	1304.1
29.048750	1293.1
29.052500	1236.7
29.056250	1245.5
29.060000	1263.2
29.063750	1227.0
29.067500	1191.1
29.071250	1245.9
29.075000	1199.4
29.078750	1224.1
29.082500	1285.1
29.086250	1213.5
29.090000	1217.9
29.093750	1241.8
29.097500	1226.0
29.101250	1260.5
29.105000	1288.2
29.108750	1297.8
29.112500	1213.7
29.116250	1283.5
29.120000	1231.6
29.123750	1256.3
29.127500	1190.2
29.131250	1292.7
29.135000	1239.1
29.138750	1165.2
29.142500	1215.6
29.146250	1220.7
29.150000	1197.0
29.153750	1245.9
29.157500	1170.5
29.161250	1210.4
29.165000	1280.2
29.168750	1279.6
29.172500	1274.6
29.176250	1252.5
29.180000	1206.8
29.183750	1244.9
29.187500	1202.3
29.191250	1305.7
29.195000	1357.2
29.198750	1272.0
29.202500	1253.6
29.206250	1275.2
29.210000	1295.2
29.213750	1351.2
29.217500	1391.9
29.221250	1422.1
29.225000	1331.7
29.228750	1334.9
29.232500	1300.3
29.236250	1276.6
29.240000	1267.8
29.243750	1181.0
29.247500	1247.0
29.251250	1223.0
29.255000	1176.3
29.258750	1184.2
29.262500	1210.4
29.266250	1173.7
29.270000	1197.4
29.273750	1139.5
29.277500	1206.1
29.281250	1163.1
29.285000	1244.5
29.288750	1236.1
29.292500	1203.6
29.296250	1174.9
29.300000	1147.5
29.303750	1161.4
29.307500	1237.0
29.311250	1154.1
29.315000	1176.3
29.318750	1169.3
29.322500	1186.0
29.326250	1178.6
29.330000	1182.7
29.333750	1247.8
29.337500	1162.0
29.341250	1205.2
29.345000	1180.1
29.348750	1218.2
29.352500	1155.3
29.356250	1171.5
29.360000	1182.6
29.363750	1274.1
29.367500	1199.3
29.371250	1189.3
29.375000	1169.0
29.378750	1212.8
29.382500	1195.8
29.386250	1175.3
29.390000	1201.1
29.393750	1207.7
29.397500	1240.5
29.401250	1205.7
29.405000	1118.6
29.408750	1146.0
29.412500	1167.0
29.416250	1227.0
29.420000	1182.8
29.423750	1165.1
29.427500	1179.2
29.431250	1163.7
29.435000	1180.0
29.438750	1221.9
29.442500	1217.2
29.446250	1205.0
29.450000	1157.7
29.453750	1194.4
29.457500	1153.8
29.461250	1136.3
29.465000	1191.8
29.468750	1200.1
29.472500	1139.9
29.476250	1083.9
29.480000	1165.6
29.483750	1153.3
29.487500	1103.5
29.491250	1172.1
29.495000	1159.9
29.498750	1161.6
29.502500	1190.0
29.506250	1145.3
29.510000	1144.8
29.513750	1122.7
29.517500	1182.6
29.521250	1156.1
29.525000	1104.2
29.528750	1145.9
29.532500	1139.7
29.536250	1156.0
29.540000	1130.4
29.543750	1197.2
29.547500	1178.8
29.551250	1141.6
29.555000	1106.1
29.558750	1129.6
29.562500	1174.2
29.566250	1132.4
29.570000	1131.5
29.573750	1120.1
29.577500	1164.5
29.581250	1097.2
29.585000	1163.5
29.588750	1194.0
29.592500	1091.9
29.596250	1223.7
29.600000	1215.7
29.603750	1137.7
29.607500	1141.8
29.611250	1146.8
29.615000	1153.6
29.618750	1189.1
29.622500	1084.6
29.626250	1169.5
29.630000	1117.1
29.633750	1164.1
29.637500	1196.6
29.641250	1144.6
29.645000	1141.0
29.648750	1143.3
29.652500	1170.2
29.656250	1076.0
29.660000	1085.1
29.663750	1205.2
29.667500	1156.7
29.671250	1177.7
29.675000	1118.6
29.678750	1151.4
29.682500	1168.6
29.686250	1118.8
29.690000	1122.1
29.693750	1179.7
29.697500	1105.9
29.701250	1202.3
29.705000	1171.4
29.708750	1148.9
29.712500	1133.1
29.716250	1153.5
29.720000	1176.0
29.723750	1155.7
29.727500	1134.2
29.731250	1139.3
29.735000	1134.7
29.738750	1123.8
29.742500	1127.6
29.746250	1155.2
29.750000	1165.9
29.753750	1095.2
29.757500	1132.1
29.761250	1114.4
29.765000	1140.1
29.768750	1162.8
29.772500	1129.1
29.776250	1104.2
29.780000	1166.5
29.783750	1141.5
29.787500	1137.5
29.791250	1184.2
29.795000	1084.0
29.798750	1109.1
29.802500	1110.8
29.806250	1133.8
29.810000	1108.2
29.813750	1144.0
29.817500	1105.6
29.821250	1108.0
29.825000	1144.8
29.828750	1083.4
29.832500	1110.6
29.836250	1147.2
29.840000	1131.2
29.843750	1126.8
29.847500	1145.1
29.851250	1158.4
29.855000	1117.7
29.858750	1183.8
29.862500	1173.0
29.866250	1126.3
29.870000	1092.0
29.873750	1164.2
29.877500	1178.1
29.881250	1194.2
29.885000	1152.5
29.888750	1136.1
29.892500	1143.5
29.896250	1227.0
29.900000	1136.4
29.903750	1146.0
29.907500	1120.7
29.911250	1143.2
29.915000	1125.5
29.918750	1123.5
29.922500	1210.1
29.926250	1174.3
29.930000	1125.1
29.933750	1159.2
29.937500	1140.4
29.941250	1126.5
29.945000	1149.6
29.948750	1148.5
29.952500	1099.8
29.956250	1149.7
29.960000	1146.5
29.963750	1135.5
29.967500	1142.7
29.971250	1136.8
29.975000	1167.6
29.978750	1130.3
29.982500	1142.1
29.986250	1086.2
29.990000	1136.6
29.993750	1100.9
29.997500	1074.5
30.001250	1097.4
30.005000	1092.0
30.008750	1047.5
30.012500	1075.9
30.016250	1044.4
30.020000	1116.4
30.023750	1075.9
30.027500	1099.4
30.031250	1119.4
30.035000	1097.8
30.038750	1142.3
30.042500	1164.2
30.046250	1133.6
30.050000	1125.7
30.053750	1120.9
30.057500	1122.4
30.061250	1149.7
30.065000	1160.3
30.068750	1134.1
30.072500	1116.3
30.076250	1120.9
30.080000	1075.4
30.083750	1117.9
30.087500	1116.1
30.091250	1154.4
30.095000	1080.5
30.098750	1103.0
30.102500	1131.7
30.106250	1163.3
30.110000	1149.1
30.113750	1138.6
30.117500	1064.6
30.121250	1108.4
30.125000	1106.0
30.128750	1117.9
30.132500	1100.6
30.136250	1164.3
30.140000	1135.5
30.143750	1136.5
30.147500	1174.4
30.151250	1143.1
30.155000	1137.9
30.158750	1091.1
30.162500	1101.3
30.166250	1183.3
30.170000	1125.4
30.173750	1075.8
30.177500	1170.8
30.181250	1134.6
30.185000	1146.0
30.188750	1158.8
30.192500	1144.2
30.196250	1131.2
30.200000	1177.2
30.203750	1213.1
30.207500	1111.4
30.211250	1068.1
30.215000	1126.7
30.218750	1111.8
30.222500	1098.2
30.226250	1148.0
30.230000	1188.4
30.233750	1120.2
30.237500	1106.5
30.241250	1147.1
30.245000	1126.2
30.248750	1163.6
30.252500	1168.5
30.256250	1120.9
30.260000	1121.7
30.263750	1193.5
30.267500	1154.9
30.271250	1145.7
30.275000	1161.3
30.278750	1112.3
30.282500	1156.9
30.286250	1146.7
30.290000	1156.0
30.293750	1171.8
30.297500	1155.9
30.301250	1141.1
30.305000	1180.0
30.308750	1132.7
30.312500	1161.3
30.316250	1146.3
30.320000	1185.7
30.323750	1170.1
30.327500	1162.3
30.331250	1157.6
30.335000	1184.8
30.338750	1189.3
30.342500	1225.0
30.346250	1183.1
30.350000	1173.5
30.353750	1205.2
30.357500	1157.1
30.361250	1253.2
30.365000	1190.4
30.368750	1177.6
30.372500	1170.2
30.376250	1170.0
30.380000	1236.3
30.383750	1235.1
30.387500	1233.3
30.391250	1161.5
30.395000	1217.6
30.398750	1234.4
30.402500	1221.9
30.406250	1242.8
30.410000	1218.4
30.413750	1211.1
30.417500	1235.8
30.421250	1303.2
30.425000	1204.6
30.428750	1300.6
30.432500	1283.4
30.436250	1208.8
30.440000	1315.9
30.443750	1329.6
30.447500	1187.7
30.451250	1251.1
30.455000	1274.1
30.458750	1266.5
30.462500	1298.3
30.466250	1339.9
30.470000	1389.1
30.473750	1395.1
30.477500	1441.6
30.481250	1414.6
30.485000	1414.0
30.488750	1421.4
30.492500	1411.1
30.496250	1478.9
30.500000	1510.3
30.503750	1521.0
30.507500	1593.8
30.511250	1579.8
30.515000	1589.3
30.518750	1583.8
30.522500	1686.3
30.526250	1712.0
30.530000	1643.1
30.533750	1633.8
30.537500	1534.3
30.541250	1610.2
30.545000	1598.5
30.548750	1547.6
30.552500	1482.6
30.556250	1582.0
30.560000	1579.5
30.563750	1423.8
30.567500	1418.3
30.571250	1426.5
30.575000	1368.6
30.578750	1322.1
30.582500	1365.4
30.586250	1303.6
30.590000	1283.9
30.593750	1221.1
30.597500	1276.8
30.601250	1187.8
30.605000	1253.3
30.608750	1213.1
30.612500	1255.1
30.616250	1177.0
30.620000	1259.5
30.623750	1296.3
30.627500	1229.6
30.631250	1211.6
30.635000	1137.4
30.638750	1158.6
30.642500	1212.2
30.646250	1176.4
30.650000	1212.0
30.653750	1223.4
30.657500	1196.2
30.661250	1087.5
30.665000	1138.5
30.668750	1153.5
30.672500	1208.8
30.676250	1130.1
30.680000	1260.1
30.683750	1226.2
30.687500	1128.7
30.691250	1195.1
30.695000	1165.8
30.698750	1162.5
30.702500	1148.4
30.706250	1127.0
30.710000	1155.2
30.713750	1148.6
30.717500	1154.8
30.721250	1134.5
30.725000	1157.6
30.728750	1077.8
30.732500	1111.0
30.736250	1155.6
30.740000	1164.7
30.743750	1109.0
30.747500	1157.5
30.751250	1142.2
30.755000	1136.6
30.758750	1129.4
30.762500	1106.9
30.766250	1136.9
30.770000	1167.4
30.773750	1153.7
30.777500	1118.5
30.781250	1184.9
30.785000	1107.3
30.788750	1085.7
30.792500	1084.7
30.796250	1131.7
30.800000	1117.4
30.803750	1064.3
30.807500	1122.2
30.811250	1112.1
30.815000	1117.8
30.818750	1110.4
30.822500	1076.3
30.826250	1070.7
30.830000	1102.2
30.833750	1115.9
30.837500	1117.2
30.841250	1080.1
30.845000	1114.1
30.848750	1082.1
30.852500	1069.1
30.856250	1147.5
30.860000	1131.9
30.863750	1093.4
30.867500	1093.4
30.871250	1094.9
30.875000	1082.7
30.878750	1108.3
30.882500	1077.4
30.886250	1041.4
30.890000	1081.4
30.893750	1051.7
30.897500	1026.1
30.901250	1098.8
30.905000	1025.2
30.908750	1062.7
30.912500	1097.8
30.916250	1155.2
30.920000	1099.9
30.923750	1092.8
30.927500	1119.3
30.931250	1082.3
30.935000	1125.2
30.938750	1084.5
30.942500	1050.3
30.946250	1069.7
30.950000	1085.6
30.953750	1073.7
30.957500	1072.2
30.961250	1147.4
30.965000	1107.6
30.968750	1064.5
30.972500	1151.9
30.976250	1067.1
30.980000	1085.4
30.983750	1126.4
30.987500	1059.8
30.991250	1169.9
30.995000	1076.9
30.998750	1056.1
31.002500	1125.8
31.006250	1110.7
31.010000	1034.9
31.013750	1108.5
31.017500	1108.1
31.021250	1027.6
31.025000	1086.2
31.028750	1102.5
31.032500	1050.9
31.036250	1035.0
31.040000	1120.8
31.043750	1061.5
31.047500	1125.9
31.051250	1119.4
31.055000	1074.7
31.058750	1099.3
31.062500	1066.1
31.066250	1096.6
31.070000	1105.0
31.073750	1155.5
31.077500	1178.7
31.081250	1161.3
31.085000	1138.2
31.088750	1254.7
31.092500	1278.8
31.096250	1176.9
31.100000	1266.9
31.103750	1185.6
31.107500	1175.6
31.111250	1188.8
31.115000	1287.9
31.118750	1268.9
31.122500	1266.3
31.126250	1302.8
31.130000	1216.3
31.133750	1308.7
31.137500	1274.3
31.141250	1254.3
31.145000	1170.3
31.148750	1269.0
31.152500	1197.3
31.156250	1165.8
31.160000	1143.5
31.163750	1126.4
31.167500	993.8
31.171250	1041.6
31.175000	1127.7
31.178750	1125.6
31.182500	1141.5
31.186250	1089.7
31.190000	1133.3
31.193750	1079.4
31.197500	1047.6
31.201250	1081.9
31.205000	1122.2
31.208750	1107.7
31.212500	1099.9
31.216250	1009.4
31.220000	1096.2
31.223750	1090.6
31.227500	1018.6
31.231250	1023.4
31.235000	1051.6
31.238750	1022.1
31.242500	998.0
31.246250	1016.0
31.250000	1067.5
31.253750	1049.0
31.257500	1059.8
31.261250	1066.8
31.265000	1124.2
31.268750	1027.9
31.272500	1077.9
31.276250	1100.0
31.280000	1102.5
31.283750	1091.2
31.287500	1117.9
31.291250	1001.7
31.295000	1021.0
31.298750	1060.9
31.302500	1011.1
31.306250	1062.4
31.310000	1023.8
31.313750	1076.3
31.317500	1046.1
31.321250	1063.4
31.325000	1029.7
31.328750	1093.3
31.332500	1118.1
31.336250	1048.4
31.340000	1042.9
31.343750	1039.7
31.347500	1004.6
31.351250	1078.5
31.355000	1124.6
31.358750	1040.6
31.362500	1083.2
31.366250	1036.6
31.370000	1035.3
31.373750	1041.0
31.377500	1078.8
31.381250	1094.1
31.385000	1029.8
31.388750	1069.8
31.392500	1082.7
31.396250	1089.1
31.400000	1061.7
31.403750	1041.8
31.407500	1087.4
31.411250	1068.5
31.415000	1070.8
31.418750	1037.3
31.422500	1014.2
31.426250	1088.8
31.430000	1058.0
31.433750	1118.9
31.437500	1053.3
31.441250	1031.6
31.445000	1080.4
31.448750	1053.2
31.452500	1096.9
31.456250	1115.1
31.460000	1099.9
31.463750	1096.1
31.467500	1039.4
31.471250	1074.1
31.475000	1029.9
31.478750	1061.6
31.482500	1030.1
31.486250	994.5
31.490000	1023.0
31.493750	1005.5
31.497500	1056.2
31.501250	1083.3
31.505000	1038.4
31.508750	1047.4
31.512500	1055.0
31.516250	1050.3
31.520000	997.0
31.523750	1043.4
31.527500	1064.5
31.531250	998.2
31.535000	1126.6
31.538750	1087.3
31.542500	1050.2
31.546250	1096.1
31.550000	1095.0
31.553750	1061.1
31.557500	1091.2
31.561250	1052.1
31.565000	1051.7
31.568750	1091.4
31.572500	1020.3
31.576250	1065.6
31.580000	1087.4
31.583750	1098.6
31.587500	1091.1
31.591250	1042.5
31.595000	1105.0
31.598750	1153.7
31.602500	1122.3
31.606250	1133.4
31.610000	1099.3
31.613750	1101.4
31.617500	1046.7
31.621250	1087.7
31.625000	1099.7
31.628750	1042.0
31.632500	1157.8
31.636250	1084.4
31.640000	1084.1
31.643750	1097.6
31.647500	1071.1
31.651250	1077.6
31.655000	1120.4
31.658750	1076.7
31.662500	1084.6
31.666250	1140.5
31.670000	1176.3
31.673750	1125.5
31.677500	1142.1
31.681250	1213.8
31.685000	1178.7
31.688750	1200.2
31.692500	1161.7
31.696250	1094.2
31.700000	1132.2
31.703750	1150.3
31.707500	1167.4
31.711250	1222.6
31.715000	1166.1
31.718750	1170.4
31.722500	1213.5
31.726250	1205.9
31.730000	1172.7
31.733750	1181.7
31.737500	1207.5
31.741250	1207.0
31.745000	1099.2
31.748750	1171.0
31.752500	1150.7
31.756250	1148.3
31.760000	1199.0
31.763750	1160.7
31.767500	1160.3
31.771250	1196.5
31.775000	1196.2
31.778750	1220.6
31.782500	1208.8
31.786250	1201.5
31.790000	1217.0
31.793750	1181.3
31.797500	1178.5
31.801250	1226.8
31.805000	1219.3
31.808750	1283.9
31.812500	1204.3
31.816250	1194.0
31.820000	1264.8
31.823750	1254.1
31.827500	1291.6
31.831250	1289.5
31.835000	1233.1
31.838750	1243.6
31.842500	1276.7
31.846250	1268.9
31.850000	1345.3
31.853750	1325.7
31.857500	1295.1
31.861250	1338.1
31.865000	1412.4
31.868750	1535.4
31.872500	1593.8
31.876250	1736.4
31.880000	1746.7
31.883750	1785.6
31.887500	1850.2
31.891250	1794.5
31.895000	1830.5
31.898750	1816.0
31.902500	1744.5
31.906250	1631.5
31.910000	1562.9
31.913750	1440.8
31.917500	1369.2
31.921250	1298.8
31.925000	1352.2
31.928750	1245.8
31.932500	1237.4
31.936250	1232.5
31.940000	1190.8
31.943750	1225.8
31.947500	1252.9
31.951250	1281.8
31.955000	1181.5
31.958750	1227.4
31.962500	1226.7
31.966250	1222.2
31.970000	1233.8
31.973750	1272.2
31.977500	1209.6
31.981250	1183.4
31.985000	1156.7
31.988750	1173.0
31.992500	1143.8
31.996250	1201.6
32.000000	1136.5
32.003750	1115.0
32.007500	1135.1
32.011250	1115.3
32.015000	1093.6
32.018750	1113.2
32.022500	1132.1
32.026250	1125.2
32.030000	1099.4
32.033750	1110.0
32.037500	1138.2
32.041250	1109.4
32.045000	1129.8
32.048750	1109.6
32.052500	1095.2
32.056250	1086.3
32.060000	1088.3
32.063750	1138.7
32.067500	1172.3
32.071250	1104.0
32.075000	1120.7
32.078750	1067.5
32.082500	1118.2
32.086250	1136.0
32.090000	1105.8
32.093750	1106.7
32.097500	1138.6
32.101250	1085.2
32.105000	1120.7
32.108750	1090.5
32.112500	1040.8
32.116250	1110.7
32.120000	1080.2
32.123750	1140.4
32.127500	1152.7
32.131250	1098.3
32.135000	1095.5
32.138750	1084.4
32.142500	1083.5
32.146250	1076.3
32.150000	1054.9
32.153750	1066.8
32.157500	1076.7
32.161250	1078.6
32.165000	1038.8
32.168750	1061.9
32.172500	1064.9
32.176250	1078.7
32.180000	1074.0
32.183750	1052.8
32.187500	1089.5
32.191250	1122.0
32.195000	1060.5
32.198750	1100.5
32.202500	1071.4
32.206250	1082.7
32.210000	1071.6
32.213750	1077.8
32.217500	1067.0
32.221250	1014.6
32.225000	1009.6
32.228750	1060.2
32.232500	1078.1
32.236250	1103.5
32.240000	1046.2
32.243750	1022.8
32.247500	1017.0
32.251250	1047.2
32.255000	1050.5
32.258750	1039.3
32.262500	1013.4
32.266250	1056.1
32.270000	1090.5
32.273750	1012.2
32.277500	1028.5
32.281250	1065.2
32.285000	1042.6
32.288750	1037.4
32.292500	1032.0
32.296250	1022.7
32.300000	1039.1
32.303750	1062.9
32.307500	1013.4
32.311250	1018.6
32.315000	1060.6
32.318750	980.2
32.322500	1043.9
32.326250	1102.6
32.330000	1007.9
32.333750	1059.1
32.337500	1051.7
32.341250	1050.0
32.345000	1041.7
32.348750	1003.7
32.352500	1049.5
32.356250	981.8
32.360000	1030.1
32.363750	1023.2
32.367500	1042.6
32.371250	1027.4
32.375000	1071.4
32.378750	1015.7
32.382500	1007.9
32.386250	1024.9
32.390000	1030.9
32.393750	1012.1
32.397500	1038.9
32.401250	1044.7
32.405000	1002.8
32.408750	970.8
32.412500	990.2
32.416250	1056.5
32.420000	1012.3
32.423750	993.5
32.427500	1005.9
32.431250	1030.1
32.435000	1017.8
32.438750	1023.2
32.442500	1021.4
32.446250	1023.6
32.450000	966.0
32.453750	1022.0
32.457500	1039.3
32.461250	1046.6
32.465000	1014.3
32.468750	1060.6
32.472500	1042.3
32.476250	991.4
32.480000	1026.9
32.483750	1002.5
32.487500	998.1
32.491250	1056.6
32.495000	1042.7
32.498750	1026.7
32.502500	1037.2
32.506250	996.8
32.510000	954.9
32.513750	1072.0
32.517500	1094.1
32.521250	1033.7
32.525000	963.1
32.528750	971.9
32.532500	1068.3
32.536250	1003.5
32.540000	999.6
32.543750	1013.1
32.547500	1042.9
32.551250	1057.4
32.555000	1031.2
32.558750	1072.6
32.562500	1015.0
32.566250	1057.3
32.570000	1045.4
32.573750	1008.0
32.577500	1073.3
32.581250	1029.6
32.585000	1009.6
32.588750	1068.4
32.592500	990.5
32.596250	1003.2
32.600000	1045.4
32.603750	1041.2
32.607500	1008.2
32.611250	1024.2
32.615000	1103.1
32.618750	1087.9
32.622500	999.9
32.626250	1028.9
32.630000	1028.8
32.633750	1015.8
32.637500	1035.6
32.641250	1085.4
32.645000	1085.4
32.648750	1048.9
32.652500	1062.8
32.656250	1027.2
32.660000	1048.7
32.663750	1076.0
32.667500	1060.2
32.671250	1046.4
32.675000	1052.5
32.678750	1045.3
32.682500	1051.6
32.686250	1097.9
32.690000	1079.0
32.693750	1094.7
32.697500	1091.8
32.701250	1062.7
32.705000	1034.6
32.708750	1092.0
32.712500	1083.3
32.716250	1070.8
32.720000	1034.6
32.723750	1071.3
32.727500	1084.9
32.731250	1079.2
32.735000	1104.7
32.738750	1055.6
32.742500	1130.3
32.746250	1114.9
32.750000	1098.3
32.753750	1122.4
32.757500	1063.0
32.761250	1090.4
32.765000	1091.1
32.768750	1159.1
32.772500	1216.3
32.776250	1146.2
32.780000	1162.7
32.783750	1105.7
32.787500	1149.0
32.791250	1227.4
32.795000	1188.6
32.798750	1056.7
32.802500	1112.5
32.806250	1121.2
32.810000	1154.2
32.813750	1132.5
32.817500	1136.6
32.821250	1134.0
32.825000	1156.3
32.828750	1170.7
32.832500	1142.0
32.836250	1187.1
32.840000	1168.7
32.843750	1194.7
32.847500	1218.2
32.851250	1207.1
32.855000	1253.2
32.858750	1212.9
32.862500	1165.4
32.866250	1273.6
32.870000	1274.2
32.873750	1206.5
32.877500	1296.6
32.881250	1213.4
32.885000	1283.1
32.888750	1246.8
32.892500	1248.6
32.896250	1274.0
32.900000	1323.5
32.903750	1275.7
32.907500	1255.2
32.911250	1230.9
32.915000	1247.3
32.918750	1281.6
32.922500	1263.8
32.926250	1287.2
32.930000	1281.2
32.933750	1293.1
32.937500	1255.7
32.941250	1302.6
32.945000	1288.7
32.948750	1274.1
32.952500	1323.0
32.956250	1360.5
32.960000	1343.1
32.963750	1338.5
32.967500	1305.4
32.971250	1316.7
32.975000	1271.9
32.978750	1345.8
32.982500	1287.8
32.986250	1350.7
32.990000	1338.4
32.993750	1280.1
32.997500	1358.2
33.001250	1318.5
33.005000	1245.6
33.008750	1242.1
33.012500	1329.0
33.016250	1372.7
33.020000	1314.6
33.023750	1365.4
33.027500	1230.7
33.031250	1362.1
33.035000	1289.2
33.038750	1280.9
33.042500	1296.1
33.046250	1306.6
33.050000	1294.5
33.053750	1316.4
33.057500	1293.9
33.061250	1316.3
33.065000	1352.4
33.068750	1338.3
33.072500	1394.4
33.076250	1308.6
33.080000	1330.1
33.083750	1335.7
33.087500	1362.4
33.091250	1383.4
33.095000	1385.9
33.098750	1404.0
33.102500	1379.1
33.106250	1433.1
33.110000	1369.8
33.113750	1348.6
33.117500	1433.9
33.121250	1440.6
33.125000	1364.8
33.128750	1397.2
33.132500	1468.8
33.136250	1444.6
33.140000	1469.0
33.143750	1421.4
33.147500	1495.7
33.151250	1463.1
33.155000	1492.7
33.158750	1461.6
33.162500	1422.2
33.166250	1471.3
33.170000	1484.1
33.173750	1507.8
33.177500	1440.6
33.181250	1430.1
33.185000	1469.4
33.188750	1555.4
33.192500	1498.3
33.196250	1401.5
33.200000	1496.7
33.203750	1525.2
33.207500	1453.0
33.211250	1462.8
33.215000	1456.8
33.218750	1491.1
33.222500	1481.3
33.226250	1491.6
33.230000	1498.4
33.233750	1488.8
33.237500	1461.7
33.241250	1527.3
33.245000	1526.7
33.248750	1466.7
33.252500	1447.2
33.256250	1473.3
33.260000	1447.7
33.263750	1400.6
33.267500	1316.4
33.271250	1381.5
33.275000	1377.4
33.278750	1439.1
33.282500	1367.8
33.286250	1351.1
33.290000	1378.0
33.293750	1328.7
33.297500	1302.2
33.301250	1309.6
33.305000	1351.0
33.308750	1370.4
33.312500	1333.3
33.316250	1369.4
33.320000	1299.7
33.323750	1287.5
33.327500	1311.6
33.331250	1291.5
33.335000	1319.7
33.338750	1286.0
33.342500	1304.0
33.346250	1330.5
33.350000	1383.5
33.353750	1387.5
33.357500	1374.5
33.361250	1372.7
33.365000	1415.7
33.368750	1440.1
33.372500	1431.7
33.376250	1451.5
33.380000	1489.4
33.383750	1508.0
33.387500	1569.2
33.391250	1619.5
33.395000	1607.3
33.398750	1514.0
33.402500	1605.9
33.406250	1688.7
33.410000	1674.7
33.413750	1604.0
33.417500	1545.3
33.421250	1569.0
33.425000	1645.4
33.428750	1679.7
33.432500	1523.1
33.436250	1470.0
33.440000	1477.5
33.443750	1455.1
33.447500	1331.2
33.451250	1316.4
33.455000	1237.5
33.458750	1226.7
33.462500	1237.9
33.466250	1168.9
33.470000	1182.2
33.473750	1161.5
33.477500	1079.2
33.481250	1072.0
33.485000	1092.4
33.488750	1110.3
33.492500	1096.0
33.496250	1050.7
33.500000	1101.4
33.503750	1103.2
33.507500	1066.2
33.511250	995.9
33.515000	1044.2
33.518750	1042.8
33.522500	1070.6
33.526250	1081.1
33.530000	1063.9
33.533750	1034.3
33.537500	1078.0
33.541250	1101.5
33.545000	1065.7
33.548750	1034.0
33.552500	1089.7
33.556250	1028.1
33.560000	1006.6
33.563750	1006.3
33.567500	1036.9
33.571250	1063.1
33.575000	1053.4
33.578750	1044.4
33.582500	1022.8
33.586250	1029.5
33.590000	1082.6
33.593750	1068.6
33.597500	1039.8
33.601250	1043.5
33.605000	1059.7
33.608750	1063.4
33.612500	976.3
33.616250	1025.1
33.620000	1019.1
33.623750	1016.7
33.627500	1015.9
33.631250	1066.5
33.635000	1079.4
33.638750	994.0
33.642500	1041.4
33.646250	1045.7
33.650000	989.9
33.653750	995.5
33.657500	1010.2
33.661250	1063.8
33.665000	1046.6
33.668750	994.8
33.672500	1033.4
33.676250	975.9
33.680000	965.7
33.683750	954.0
33.687500	1001.5
33.691250	1087.8
33.695000	1015.1
33.698750	1029.2
33.702500	982.1
33.706250	970.5
33.710000	967.8
33.713750	956.8
33.717500	986.3
33.721250	1020.0
33.725000	1002.3
33.728750	1002.6
33.732500	1018.1
33.736250	989.3
33.740000	1007.8
33.743750	976.8
33.747500	979.6
33.751250	1001.2
33.755000	1061.7
33.758750	1012.8
33.762500	989.4
33.766250	996.2
33.770000	988.4
33.773750	941.8
33.777500	991.4
33.781250	1030.1
33.785000	1050.2
33.788750	1022.1
33.792500	985.1
33.796250	988.1
33.800000	948.0
33.803750	991.0
33.807500	1029.6
33.811250	1002.7
33.815000	954.6
33.818750	1021.4
33.822500	1034.1
33.826250	964.6
33.830000	968.9
33.833750	998.3
33.837500	969.3
33.841250	927.4
33.845000	992.8
33.848750	1016.4
33.852500	960.3
33.856250	1008.7
33.860000	1002.6
33.863750	933.7
33.867500	942.3
33.871250	991.0
33.875000	971.1
33.878750	978.5
33.882500	1037.3
33.886250	972.4
33.890000	1047.6
33.893750	971.0
33.897500	955.1
33.901250	1016.2
33.905000	1028.5
33.908750	1015.8
33.912500	1052.0
33.916250	1010.8
33.920000	1056.3
33.923750	1075.6
33.927500	1024.7
33.931250	1054.7
33.935000	1155.7
33.938750	1077.2
33.942500	1124.0
33.946250	1135.7
33.950000	1088.5
33.953750	1201.0
33.957500	1231.7
33.961250	1137.1
33.965000	1144.8
33.968750	1137.2
33.972500	1119.0
33.976250	1160.8
33.980000	1166.8
33.983750	1153.1
33.987500	1082.2
33.991250	1155.8
33.995000	1106.9
33.998750	1085.6
34.002500	1046.7
34.006250	1032.7
34.010000	1005.7
34.013750	989.7
34.017500	1037.9
34.021250	991.4
34.025000	1052.1
34.028750	977.9
34.032500	949.5
34.036250	968.6
34.040000	989.4
34.043750	1010.0
34.047500	1020.0
34.051250	1000.5
34.055000	957.8
34.058750	1047.0
34.062500	1040.3
34.066250	1000.2
34.070000	1019.6
34.073750	1034.3
34.077500	1037.2
34.081250	1018.5
34.085000	1020.7
34.088750	969.6
34.092500	1052.9
34.096250	979.8
34.100000	998.4
34.103750	1004.6
34.107500	995.3
34.111250	991.9
34.115000	956.1
34.118750	1010.6
34.122500	1025.8
34.126250	1004.4
34.130000	1006.4
34.133750	988.8
34.137500	972.6
34.141250	1020.5
34.145000	943.0
34.148750	1008.7
34.152500	944.9
34.156250	995.1
34.160000	973.1
34.163750	930.1
34.167500	1020.3
34.171250	966.1
34.175000	1001.3
34.178750	935.5
34.182500	991.1
34.186250	1008.8
34.190000	988.6
34.193750	965.8
34.197500	927.2
34.201250	1011.7
34.205000	1019.1
34.208750	941.2
34.212500	917.4
34.216250	945.0
34.220000	958.8
34.223750	1042.6
34.227500	956.9
34.231250	954.3
34.235000	1017.1
34.238750	907.3
34.242500	977.5
34.246250	941.2
34.250000	1004.9
34.253750	987.6
34.257500	982.6
34.261250	974.0
34.265000	981.2
34.268750	914.5
34.272500	935.7
34.276250	998.5
34.280000	983.4
34.283750	929.6
34.287500	939.6
34.291250	946.5
34.295000	997.3
34.298750	956.7
34.302500	937.1
34.306250	970.8
34.310000	993.3
34.313750	990.1
34.317500	942.1
34.321250	950.4
34.325000	984.6
34.328750	907.0
34.332500	972.1
34.336250	941.3
34.340000	1016.6
34.343750	984.0
34.347500	988.5
34.351250	936.7
34.355000	1007.1
34.358750	922.9
34.362500	958.8
34.366250	956.8
34.370000	976.3
34.373750	967.4
34.377500	982.4
34.381250	995.1
34.385000	925.1
34.388750	975.0
34.392500	921.4
34.396250	983.8
34.400000	982.9
34.403750	979.5
34.407500	970.4
34.411250	985.1
34.415000	948.3
34.418750	1002.9
34.422500	990.2
34.426250	999.5
34.430000	1021.0
34.433750	1016.2
34.437500	997.7
34.441250	953.3
34.445000	990.8
34.448750	1082.8
34.452500	1053.3
34.456250	1047.2
34.460000	1057.0
34.463750	1117.0
34.467500	1105.0
34.471250	1088.1
34.475000	1106.7
34.478750	1116.4
34.482500	1032.5
34.486250	1125.8
34.490000	1050.1
34.493750	1094.9
34.497500	1206.5
34.501250	1153.4
34.505000	1154.8
34.508750	1119.1
34.512500	1110.0
34.516250	1163.1
34.520000	1095.4
34.523750	1121.0
34.527500	1201.3
34.531250	1049.7
34.535000	1042.9
34.538750	1112.6
34.542500	1088.5
34.546250	1027.8
34.550000	1039.2
34.553750	1027.9
34.557500	982.7
34.561250	1004.3
34.565000	977.3
34.568750	959.7
34.572500	983.4
34.576250	921.6
34.580000	1002.1
34.583750	961.0
34.587500	951.1
34.591250	926.1
34.595000	935.8
34.598750	979.0
34.602500	922.8
34.606250	938.8
34.610000	934.9
34.613750	952.6
34.617500	951.4
34.621250	978.5
34.625000	1000.8
34.628750	922.6
34.632500	969.8
34.636250	906.1
34.640000	1018.1
34.643750	1005.1
34.647500	995.5
34.651250	997.6
34.655000	983.5
34.658750	964.7
34.662500	925.6
34.666250	954.8
34.670000	958.8
34.673750	963.9
34.677500	973.2
34.681250	948.6
34.685000	935.1
34.688750	985.2
34.692500	938.3
34.696250	931.7
34.700000	969.8
34.703750	903.8
34.707500	1011.2
34.711250	990.4
34.715000	1021.5
34.718750	1013.9
34.722500	999.7
34.726250	984.9
34.730000	968.4
34.733750	1102.4
34.737500	1058.8
34.741250	1041.5
34.745000	1132.3
34.748750	1074.9
34.752500	1153.1
34.756250	1165.8
34.760000	1130.4
34.763750	1119.3
34.767500	1201.0
34.771250	1128.7
34.775000	1123.9
34.778750	1109.3
34.782500	1084.0
34.786250	984.7
34.790000	1032.1
34.793750	1041.9
34.797500	1028.3
34.801250	1007.3
34.805000	986.9
34.808750	1017.1
34.812500	969.7
34.816250	1059.3
34.820000	1046.3
34.823750	1032.9
34.827500	979.0
34.831250	990.0
34.835000	976.9
34.838750	1038.2
34.842500	1010.8
34.846250	1007.7
34.850000	984.7
34.853750	993.3
34.857500	979.4
34.861250	979.8
34.865000	920.3
34.868750	1000.0
34.872500	978.9
34.876250	1015.1
34.880000	1014.0
34.883750	979.6
34.887500	996.7
34.891250	974.1
34.895000	989.3
34.898750	957.0
34.902500	941.6
34.906250	933.3
34.910000	942.3
34.913750	987.6
34.917500	999.0
34.921250	977.7
34.925000	893.2
34.928750	939.4
34.932500	968.5
34.936250	907.7
34.940000	998.6
34.943750	998.3
34.947500	956.9
34.951250	950.7
34.955000	968.2
34.958750	935.5
34.962500	923.0
34.966250	936.7
34.970000	970.6
34.973750	949.4
34.977500	921.6
34.981250	905.0
34.985000	905.8
34.988750	949.2
34.992500	984.8
34.996250	1014.7
35.000000	1016.5
35.003750	1008.1
35.007500	1021.2
35.011250	1050.8
35.015000	1003.7
35.018750	1029.2
35.022500	1044.5
35.026250	1037.1
35.030000	1027.8
35.033750	1082.0
35.037500	1165.2
35.041250	1102.9
35.045000	1069.7
35.048750	1079.7
35.052500	1102.3
35.056250	1144.9
35.060000	1107.9
35.063750	1112.8
35.067500	1101.5
35.071250	1068.5
35.075000	996.6
35.078750	974.0
35.082500	964.4
35.086250	993.7
35.090000	1026.0
35.093750	1016.6
35.097500	942.2
35.101250	962.5
35.105000	1005.6
35.108750	945.0
35.112500	967.7
35.116250	956.4
35.120000	979.2
35.123750	957.9
35.127500	970.6
35.131250	965.6
35.135000	977.9
35.138750	1046.1
35.142500	1002.1
35.146250	978.4
35.150000	929.9
35.153750	974.5
35.157500	948.5
35.161250	938.0
35.165000	968.4
35.168750	960.3
35.172500	966.6
35.176250	970.2
35.180000	941.1
35.183750	957.8
35.187500	957.4
35.191250	946.9
35.195000	912.2
35.198750	926.9
35.202500	987.3
35.206250	1016.6
35.210000	1003.3
35.213750	972.5
35.217500	924.2
35.221250	925.4
35.225000	923.3
35.228750	925.2
35.232500	959.0
35.236250	949.9
35.240000	947.9
35.243750	1010.0
35.247500	952.2
35.251250	940.2
35.255000	977.8
35.258750	985.4
35.262500	978.1
35.266250	990.4
35.270000	987.5
35.273750	956.3
35.277500	903.1
35.281250	963.8
35.285000	1013.5
35.288750	963.1
35.292500	1018.4
35.296250	959.4
35.300000	982.3
35.303750	970.9
35.307500	957.0
35.311250	955.0
35.315000	966.5
35.318750	929.2
35.322500	1010.3
35.326250	982.6
35.330000	978.8
35.333750	1013.0
35.337500	1002.3
35.341250	931.0
35.345000	961.5
35.348750	925.3
35.352500	981.9
35.356250	1012.6
35.360000	971.1
35.363750	1028.7
35.367500	1072.4
35.371250	972.5
35.375000	1005.2
35.378750	1022.5
35.382500	980.1
35.386250	976.3
35.390000	989.9
35.393750	1022.6
35.397500	996.5
35.401250	993.5
35.405000	997.0
35.408750	1001.7
35.412500	965.2
35.416250	1046.6
35.420000	1013.7
35.423750	978.5
35.427500	1007.9
35.431250	1019.1
35.435000	973.5
35.438750	1045.7
35.442500	964.6
35.446250	991.6
35.450000	1031.1
35.453750	999.9
35.457500	917.7
35.461250	984.6
35.465000	1008.9
35.468750	974.0
35.472500	952.9
35.476250	957.8
35.480000	1013.5
35.483750	983.3
35.487500	986.0
35.491250	954.2
35.495000	959.2
35.498750	1005.1
35.502500	988.4
35.506250	1029.8
35.510000	1015.7
35.513750	1078.0
35.517500	972.8
35.521250	1087.1
35.525000	1063.9
35.528750	1027.7
35.532500	1008.4
35.536250	1038.9
35.540000	974.9
35.543750	1006.8
35.547500	937.0
35.551250	989.7
35.555000	1035.8
35.558750	1016.3
35.562500	925.2
35.566250	974.0
35.570000	986.0
35.573750	993.9
35.577500	974.4
35.581250	966.6
35.585000	932.7
35.588750	1018.4
35.592500	986.2
35.596250	986.5
35.600000	1009.6
35.603750	1083.6
35.607500	1072.4
35.611250	1003.0
35.615000	1028.1
35.618750	1001.7
35.622500	1068.2
35.626250	1059.5
35.630000	1045.2
35.633750	984.4
35.637500	1017.3
35.641250	1014.1
35.645000	1032.2
35.648750	1086.7
35.652500	1021.4
35.656250	1050.9
35.660000	1008.3
35.663750	1081.5
35.667500	999.3
35.671250	1035.7
35.675000	1091.4
35.678750	980.5
35.682500	1113.6
35.686250	1068.3
35.690000	1019.3
35.693750	1031.0
35.697500	1049.2
35.701250	997.0
35.705000	1064.0
35.708750	1064.1
35.712500	1069.0
35.716250	1065.2
35.720000	1055.3
35.723750	1055.1
35.727500	972.2
35.731250	1037.4
35.735000	1042.0
35.738750	1050.1
35.742500	1067.8
35.746250	1079.2
35.750000	1036.3
35.753750	1071.1
35.757500	1045.7
35.761250	1069.9
35.765000	1086.5
35.768750	1055.4
35.772500	1002.5
35.776250	1055.1
35.780000	1137.7
35.783750	1060.4
35.787500	1040.3
35.791250	1052.1
35.795000	1048.4
35.798750	1023.3
35.802500	1039.1
35.806250	1050.7
35.810000	1026.7
35.813750	1021.4
35.817500	1071.6
35.821250	1046.4
35.825000	1071.7
35.828750	1015.7
35.832500	1036.2
35.836250	1030.7
35.840000	1070.8
35.843750	1085.7
35.847500	986.8
35.851250	1017.9
35.855000	1036.9
35.858750	1019.6
35.862500	996.7
35.866250	997.8
35.870000	998.5
35.873750	996.0
35.877500	961.7
35.881250	990.9
35.885000	1041.2
35.888750	1054.4
35.892500	1008.6
35.896250	991.7
35.900000	1026.1
35.903750	934.5
35.907500	982.0
35.911250	1039.1
35.915000	913.4
35.918750	1001.2
35.922500	990.4
35.926250	998.1
35.930000	940.3
35.933750	990.7
35.937500	981.1
35.941250	964.5
35.945000	988.6
35.948750	998.8
35.952500	985.2
35.956250	1003.0
35.960000	979.4
35.963750	953.5
35.967500	992.6
35.971250	1014.4
35.975000	992.5
35.978750	962.0
35.982500	948.7
35.986250	948.4
35.990000	945.9
35.993750	1000.8
35.997500	1027.8
36.001250	942.6
36.005000	1002.0
36.008750	982.6
36.012500	955.3
36.016250	988.5
36.020000	965.8
36.023750	1018.9
36.027500	986.3
36.031250	991.4
36.035000	977.4
36.038750	966.5
36.042500	941.4
36.046250	974.7
36.050000	1022.3
36.053750	1003.0
36.057500	1011.6
36.061250	1037.6
36.065000	1008.8
36.068750	940.6
36.072500	991.9
36.076250	1094.4
36.080000	1054.3
36.083750	1017.6
36.087500	1025.7
36.091250	973.0
36.095000	978.6
36.098750	1070.0
36.102500	1125.8
36.106250	1082.7
36.110000	962.3
36.113750	950.9
36.117500	1021.5
36.121250	1036.7
36.125000	983.2
36.128750	1028.7
36.132500	1040.1
36.136250	924.8
36.140000	946.8
36.143750	968.0
36.147500	1004.1
36.151250	958.5
36.155000	917.4
36.158750	919.3
36.162500	985.3
36.166250	1036.5
36.170000	963.9
36.173750	972.7
36.177500	977.3
36.181250	988.7
36.185000	953.0
36.188750	967.2
36.192500	936.8
36.196250	939.5
36.200000	969.2
36.203750	886.5
36.207500	943.8
36.211250	936.8
36.215000	953.2
36.218750	987.0
36.222500	938.7
36.226250	957.8
36.230000	935.3
36.233750	897.4
36.237500	939.2
36.241250	936.8
36.245000	934.5
36.248750	886.1
36.252500	955.0
36.256250	915.6
36.260000	949.2
36.263750	994.5
36.267500	946.1
36.271250	946.9
36.275000	918.8
36.278750	960.1
36.282500	984.5
36.286250	910.8
36.290000	964.1
36.293750	929.0
36.297500	939.7
36.301250	979.4
36.305000	976.7
36.308750	934.0
36.312500	939.4
36.316250	956.8
36.320000	949.5
36.323750	918.6
36.327500	983.5
36.331250	934.1
36.335000	949.1
36.338750	954.1
36.342500	941.2
36.346250	959.5
36.350000	957.9
36.353750	981.9
36.357500	1006.8
36.361250	960.8
36.365000	973.3
36.368750	936.5
36.372500	957.4
36.376250	951.9
36.380000	963.0
36.383750	969.4
36.387500	960.6
36.391250	961.2
36.395000	895.2
36.398750	980.1
36.402500	968.8
36.406250	960.8
36.410000	997.4
36.413750	971.2
36.417500	973.8
36.421250	976.3
36.425000	948.4
36.428750	960.4
36.432500	979.1
36.436250	982.2
36.440000	925.1
36.443750	965.3
36.447500	973.2
36.451250	957.4
36.455000	971.4
36.458750	987.0
36.462500	993.0
36.466250	991.6
36.470000	959.0
36.473750	1022.8
36.477500	1024.8
36.481250	982.3
36.485000	1012.7
36.488750	984.4
36.492500	1017.6
36.496250	1037.8
36.500000	1021.5
36.503750	1013.0
36.507500	1094.3
36.511250	1064.0
36.515000	1064.9
36.518750	1028.8
36.522500	1041.4
36.526250	1044.0
36.530000	1111.4
36.533750	1099.8
36.537500	1062.6
36.541250	1141.5
36.545000	1115.6
36.548750	1076.1
36.552500	1146.2
36.556250	1170.4
36.560000	1184.0
36.563750	1161.1
36.567500	1198.6
36.571250	1212.4
36.575000	1215.9
36.578750	1296.0
36.582500	1264.2
36.586250	1262.1
36.590000	1298.7
36.593750	1349.7
36.597500	1355.5
36.601250	1283.4
36.605000	1330.1
36.608750	1378.3
36.612500	1392.4
36.616250	1411.3
36.620000	1380.7
36.623750	1337.9
36.627500	1330.1
36.631250	1368.3
36.635000	1347.0
36.638750	1353.8
36.642500	1349.6
36.646250	1400.2
36.650000	1324.6
36.653750	1313.7
36.657500	1254.9
36.661250	1294.3
36.665000	1347.3
36.668750	1200.9
36.672500	1221.4
36.676250	1316.9
36.680000	1277.2
36.683750	1303.5
36.687500	1299.4
36.691250	1258.9
36.695000	1325.2
36.698750	1258.1
36.702500	1298.4
36.706250	1230.3
36.710000	1279.9
36.713750	1270.4
36.717500	1333.4
36.721250	1362.2
36.725000	1265.1
36.728750	1241.4
36.732500	1256.8
36.736250	1308.4
36.740000	1313.6
36.743750	1301.6
36.747500	1362.7
36.751250	1304.1
36.755000	1290.6
36.758750	1328.1
36.762500	1245.4
36.766250	1366.4
36.770000	1321.4
36.773750	1270.6
36.777500	1346.1
36.781250	1280.9
36.785000	1267.1
36.788750	1300.2
36.792500	1283.3
36.796250	1294.2
36.800000	1362.5
36.803750	1335.0
36.807500	1320.8
36.811250	1327.1
36.815000	1296.1
36.818750	1302.2
36.822500	1282.4
36.826250	1405.2
36.830000	1338.7
36.833750	1328.2
36.837500	1339.0
36.841250	1367.3
36.845000	1384.0
36.848750	1382.9
36.852500	1385.9
36.856250	1350.5
36.860000	1421.0
36.863750	1367.7
36.867500	1381.1
36.871250	1405.5
36.875000	1484.0
36.878750	1424.1
36.882500	1446.1
36.886250	1473.7
36.890000	1420.7
36.893750	1437.4
36.897500	1505.5
36.901250	1465.6
36.905000	1437.6
36.908750	1464.7
36.912500	1482.1
36.916250	1441.2
36.920000	1525.2
36.923750	1436.2
36.927500	1576.6
36.931250	1564.5
36.935000	1406.2
36.938750	1518.8
36.942500	1590.7
36.946250	1522.8
36.950000	1522.2
36.953750	1534.4
36.957500	1513.7
36.961250	1570.9
36.965000	1568.0
36.968750	1581.3
36.972500	1551.6
36.976250	1541.5
36.980000	1589.9
36.983750	1482.0
36.987500	1656.8
36.991250	1545.8
36.995000	1545.6
36.998750	1477.9
37.002500	1504.1
37.006250	1526.2
37.010000	1477.7
37.013750	1556.9
37.017500	1595.5
37.021250	1510.2
37.025000	1489.4
37.028750	1446.9
37.032500	1450.1
37.036250	1480.5
37.040000	1502.4
37.043750	1443.8
37.047500	1452.2
37.051250	1436.7
37.055000	1447.2
37.058750	1419.9
37.062500	1464.5
37.066250	1440.4
37.070000	1439.3
37.073750	1408.9
37.077500	1285.3
37.081250	1360.1
37.085000	1320.4
37.088750	1407.9
37.092500	1316.1
37.096250	1327.8
37.100000	1389.2
37.103750	1332.7
37.107500	1381.9
37.111250	1267.7
37.115000	1304.8
37.118750	1269.5
37.122500	1219.1
37.126250	1263.7
37.130000	1261.4
37.133750	1238.5
37.137500	1235.9
37.141250	1239.9
37.145000	1208.7
37.148750	1207.5
37.152500	1248.3
37.156250	1198.7
37.160000	1207.1
37.163750	1166.8
37.167500	1155.8
37.171250	1133.5
37.175000	1213.3
37.178750	1164.8
37.182500	1164.4
37.186250	1189.3
37.190000	1202.0
37.193750	1224.9
37.197500	1126.4
37.201250	1165.5
37.205000	1162.4
37.208750	1128.1
37.212500	1085.7
37.216250	1114.6
37.220000	1096.0
37.223750	1126.6
37.227500	1094.6
37.231250	1108.8
37.235000	1071.2
37.238750	1054.6
37.242500	1148.4
37.246250	1122.2
37.250000	1075.8
37.253750	1102.3
37.257500	1090.4
37.261250	1048.2
37.265000	1063.8
37.268750	1078.2
37.272500	996.2
37.276250	1088.9
37.280000	1048.4
37.283750	1090.3
37.287500	1005.5
37.291250	993.4
37.295000	1025.6
37.298750	957.7
37.302500	1017.6
37.306250	1006.6
37.310000	1038.1
37.313750	1005.7
37.317500	1015.0
37.321250	1048.9
37.325000	1013.0
37.328750	1050.5
37.332500	1021.0
37.336250	1026.3
37.340000	1007.7
37.343750	975.9
37.347500	944.6
37.351250	999.1
37.355000	984.5
37.358750	992.2
37.362500	969.5
37.366250	991.3
37.370000	1032.3
37.373750	1014.7
37.377500	965.4
37.381250	953.4
37.385000	954.7
37.388750	990.8
37.392500	996.2
37.396250	1006.4
37.400000	994.3
37.403750	951.1
37.407500	1005.8
37.411250	949.3
37.415000	1014.5
37.418750	957.1
37.422500	887.1
37.426250	947.2
37.430000	992.4
37.433750	925.0
37.437500	946.6
37.441250	970.9
37.445000	993.4
37.448750	969.6
37.452500	963.4
37.456250	953.7
37.460000	925.3
37.463750	958.9
37.467500	977.8
37.471250	903.3
37.475000	881.1
37.478750	933.5
37.482500	936.5
37.486250	944.5
37.490000	955.2
37.493750	957.0
37.497500	926.4
37.501250	942.8
37.505000	914.2
37.508750	892.4
37.512500	956.5
37.516250	961.7
37.520000	948.7
37.523750	955.6
37.527500	952.1
37.531250	962.4
37.535000	963.6
37.538750	961.2
37.542500	934.8
37.546250	1002.8
37.550000	930.7
37.553750	884.0
37.557500	924.9
37.561250	929.2
37.565000	956.5
37.568750	945.1
37.572500	940.0
37.576250	997.6
37.580000	960.7
37.583750	895.2
37.587500	944.9
37.591250	938.6
37.595000	872.7
37.598750	964.3
37.602500	937.8
37.606250	898.6
37.610000	919.9
37.613750	919.9
37.617500	910.1
37.621250	910.5
37.625000	971.7
37.628750	938.5
37.632500	958.5
37.636250	981.8
37.640000	953.6
37.643750	978.1
37.647500	951.4
37.651250	925.3
37.655000	952.7
37.658750	974.7
37.662500	963.5
37.666250	912.9
37.670000	915.3
37.673750	913.5
37.677500	928.6
37.681250	932.7
37.685000	906.3
37.688750	942.2
37.692500	938.9
37.696250	931.9
37.700000	961.5
37.703750	971.1
37.707500	984.5
37.711250	956.4
37.715000	935.9
37.718750	891.0
37.722500	933.2
37.726250	973.3
37.730000	951.3
37.733750	959.0
37.737500	963.5
37.741250	997.4
37.745000	1010.3
37.748750	995.7
37.752500	994.6
37.756250	995.2
37.760000	1054.5
37.763750	1080.6
37.767500	1193.1
37.771250	1267.1
37.775000	1310.6
37.778750	1339.0
37.782500	1395.4
37.786250	1393.7
37.790000	1401.8
37.793750	1422.0
37.797500	1408.4
37.801250	1377.3
37.805000	1363.4
37.808750	1359.5
37.812500	1277.3
37.816250	1214.2
37.820000	1138.5
37.823750	1144.4
37.827500	1038.1
37.831250	1068.9
37.835000	1040.7
37.838750	1047.6
37.842500	1017.6
37.846250	1010.6
37.850000	1012.5
37.853750	1034.2
37.857500	1039.6
37.861250	1058.3
37.865000	1045.7
37.868750	1026.8
37.872500	999.3
37.876250	1036.0
37.880000	985.5
37.883750	1071.5
37.887500	1059.1
37.891250	1017.9
37.895000	1057.0
37.898750	1024.3
37.902500	1048.9
37.906250	1059.5
37.910000	1042.5
37.913750	1036.8
37.917500	1085.8
37.921250	1045.8
37.925000	1033.5
37.928750	1123.1
37.932500	1077.0
37.936250	1135.3
37.940000	1107.0
37.943750	1108.9
37.947500	1100.8
37.951250	1125.1
37.955000	1097.3
37.958750	1056.2
37.962500	1127.1
37.966250	1070.4
37.970000	1153.0
37.973750	1116.3
37.977500	1129.2
37.981250	1159.2
37.985000	1113.2
37.988750	1172.8
37.992500	1162.7
37.996250	1154.0
38.000000	1162.2
38.003750	1181.1
38.007500	1208.9
38.011250	1235.8
38.015000	1212.9
38.018750	1227.6
38.022500	1195.5
38.026250	1210.7
38.030000	1212.5
38.033750	1194.3
38.037500	1230.2
38.041250	1186.2
38.045000	1243.5
38.048750	1307.7
38.052500	1280.3
38.056250	1279.0
38.060000	1278.4
38.063750	1314.6
38.067500	1255.1
38.071250	1335.8
38.075000	1365.0
38.078750	1267.4
38.082500	1316.8
38.086250	1299.5
38.090000	1304.8
38.093750	1293.8
38.097500	1302.1
38.101250	1326.9
38.105000	1376.4
38.108750	1378.8
38.112500	1376.8
38.116250	1341.6
38.120000	1335.5
38.123750	1385.9
38.127500	1311.8
38.131250	1299.8
38.135000	1387.1
38.138750	1331.7
38.142500	1332.7
38.146250	1305.8
38.150000	1378.0
38.153750	1384.9
38.157500	1285.7
38.161250	1320.7
38.165000	1354.2
38.168750	1353.7
38.172500	1376.1
38.176250	1307.6
38.180000	1286.6
38.183750	1296.0
38.187500	1332.4
38.191250	1368.2
38.195000	1282.3
38.198750	1258.4
38.202500	1293.3
38.206250	1246.2
38.210000	1314.2
38.213750	1313.2
38.217500	1312.2
38.221250	1314.1
38.225000	1269.0
38.228750	1254.7
38.232500	1306.0
38.236250	1258.3
38.240000	1288.9
38.243750	1256.0
38.247500	1258.0
38.251250	1255.9
38.255000	1244.3
38.258750	1242.2
38.262500	1268.3
38.266250	1230.4
38.270000	1205.4
38.273750	1182.6
38.277500	1157.5
38.281250	1160.9
38.285000	1185.9
38.288750	1140.2
38.292500	1123.6
38.296250	1244.1
38.300000	1124.9
38.303750	1181.7
38.307500	1140.6
38.311250	1149.9
38.315000	1126.0
38.318750	1177.0
38.322500	1158.1
38.326250	1114.6
38.330000	1103.9
38.333750	1126.6
38.337500	1092.9
38.341250	1185.3
38.345000	1099.5
38.348750	1041.0
38.352500	1054.1
38.356250	1125.3
38.360000	1068.6
38.363750	1104.5
38.367500	1063.1
38.371250	1080.1
38.375000	1062.1
38.378750	1117.0
38.382500	1074.8
38.386250	1052.8
38.390000	1034.2
38.393750	1023.4
38.397500	1136.9
38.401250	1080.5
38.405000	1072.0
38.408750	1062.3
38.412500	1072.3
38.416250	1024.3
38.420000	1030.9
38.423750	963.9
38.427500	1031.4
38.431250	1010.3
38.435000	1002.5
38.438750	1027.5
38.442500	1007.7
38.446250	1011.2
38.450000	1005.1
38.453750	1039.7
38.457500	1058.1
38.461250	1071.1
38.465000	1019.5
38.468750	1004.9
38.472500	983.9
38.476250	982.4
38.480000	1006.5
38.483750	1053.1
38.487500	1014.0
38.491250	971.4
38.495000	988.3
38.498750	987.2
38.502500	941.8
38.506250	976.4
38.510000	1020.7
38.513750	1022.0
38.517500	1046.0
38.521250	1001.9
38.525000	986.7
38.528750	1025.1
38.532500	959.6
38.536250	965.7
38.540000	999.2
38.543750	937.8
38.547500	999.7
38.551250	954.2
38.555000	964.0
38.558750	982.2
38.562500	966.2
38.566250	1025.9
38.570000	974.7
38.573750	1010.0
38.577500	1028.5
38.581250	936.8
38.585000	928.6
38.588750	967.8
38.592500	1039.6
38.596250	957.2
38.600000	1000.6
38.603750	948.7
38.607500	1003.8
38.611250	1021.3
38.615000	959.7
38.618750	951.6
38.622500	1020.7
38.626250	998.9
38.630000	946.6
38.633750	986.2
38.637500	997.8
38.641250	1018.9
38.645000	973.5
38.648750	949.5
38.652500	998.7
38.656250	964.1
38.660000	1019.4
38.663750	941.2
38.667500	975.1
38.671250	976.2
38.675000	950.9
38.678750	1008.1
38.682500	1026.1
38.686250	997.8
38.690000	1022.6
38.693750	1026.7
38.697500	1002.5
38.701250	1003.4
38.705000	1049.8
38.708750	1023.4
38.712500	968.9
38.716250	967.8
38.720000	1024.3
38.723750	993.6
38.727500	1002.3
38.731250	995.3
38.735000	1021.6
38.738750	998.5
38.742500	963.7
38.746250	954.5
38.750000	1002.3
38.753750	1034.1
38.757500	1000.1
38.761250	966.2
38.765000	1010.6
38.768750	1022.3
38.772500	996.2
38.776250	977.5
38.780000	1044.3
38.783750	1021.8
38.787500	1011.4
38.791250	1030.9
38.795000	1039.7
38.798750	1029.5
38.802500	1013.4
38.806250	1054.1
38.810000	1006.6
38.813750	1015.5
38.817500	1092.0
38.821250	1026.6
38.825000	998.2
38.828750	1019.4
38.832500	1045.3
38.836250	1037.8
38.840000	1069.0
38.843750	1096.1
38.847500	1067.0
38.851250	1043.0
38.855000	1064.4
38.858750	1028.7
38.862500	1018.9
38.866250	1054.5
38.870000	1035.5
38.873750	1049.6
38.877500	1111.6
38.881250	1084.3
38.885000	1045.5
38.888750	1051.4
38.892500	1024.5
38.896250	1054.9
38.900000	1082.2
38.903750	1038.9
38.907500	1009.9
38.911250	1095.3
38.915000	1045.8
38.918750	1016.0
38.922500	1018.3
38.926250	1037.4
38.930000	1092.0
38.933750	1140.4
38.937500	1078.8
38.941250	1022.2
38.945000	1060.1
38.948750	1121.6
38.952500	1132.7
38.956250	1075.7
38.960000	1118.3
38.963750	1125.3
38.967500	1146.7
38.971250	1127.2
38.975000	1109.5
38.978750	1138.1
38.982500	1125.6
38.986250	1154.2
38.990000	1162.5
38.993750	1116.1
38.997500	1086.5
39.001250	1067.3
39.005000	1095.1
39.008750	1102.1
39.012500	1143.9
39.016250	1120.1
39.020000	1129.4
39.023750	1149.9
39.027500	1103.8
39.031250	1136.1
39.035000	1139.4
39.038750	1087.9
39.042500	1172.6
39.046250	1134.2
39.050000	1165.0
39.053750	1202.9
39.057500	1129.5
39.061250	1127.0
39.065000	1154.4
39.068750	1216.0
39.072500	1238.5
39.076250	1197.4
39.080000	1177.3
39.083750	1188.5
39.087500	1157.8
39.091250	1195.3
39.095000	1197.7
39.098750	1177.7
39.102500	1164.8
39.106250	1182.3
39.110000	1187.3
39.113750	1207.6
39.117500	1222.2
39.121250	1160.7
39.125000	1173.9
39.128750	1190.0
39.132500	1220.5
39.136250	1187.1
39.140000	1114.4
39.143750	1154.8
39.147500	1208.7
39.151250	1174.9
39.155000	1136.6
39.158750	1196.8
39.162500	1205.6
39.166250	1247.2
39.170000	1187.4
39.173750	1165.5
39.177500	1154.9
39.181250	1144.4
39.185000	1170.7
39.188750	1184.9
39.192500	1180.5
39.196250	1199.7
39.200000	1143.8
39.203750	1150.4
39.207500	1189.3
39.211250	1247.3
39.215000	1224.2
39.218750	1128.6
39.222500	1205.4
39.226250	1257.8
39.230000	1223.4
39.233750	1204.6
39.237500	1176.8
39.241250	1243.3
39.245000	1189.2
39.248750	1205.1
39.252500	1170.1
39.256250	1239.3
39.260000	1248.3
39.263750	1238.8
39.267500	1241.6
39.271250	1225.9
39.275000	1252.6
39.278750	1237.5
39.282500	1170.7
39.286250	1189.9
39.290000	1228.5
39.293750	1208.2
39.297500	1233.6
39.301250	1265.7
39.305000	1228.3
39.308750	1198.1
39.312500	1171.6
39.316250	1230.2
39.320000	1216.0
39.323750	1223.3
39.327500	1176.7
39.331250	1172.2
39.335000	1242.2
39.338750	1244.5
39.342500	1235.8
39.346250	1159.5
39.350000	1131.5
39.353750	1163.1
39.357500	1231.2
39.361250	1173.0
39.365000	1134.0
39.368750	1177.9
39.372500	1156.6
39.376250	1178.8
39.380000	1140.6
39.383750	1179.6
39.387500	1140.3
39.391250	1132.2
39.395000	1117.6
39.398750	1143.3
39.402500	1106.9
39.406250	1148.7
39.410000	1107.8
39.413750	1119.1
39.417500	1161.4
39.421250	1073.0
39.425000	1092.2
39.428750	1064.8
39.432500	1045.2
39.436250	1063.8
39.440000	1044.1
39.443750	1077.5
39.447500	1066.4
39.451250	1077.6
39.455000	1039.9
39.458750	1051.8
39.462500	1067.8
39.466250	1098.6
39.470000	1120.7
39.473750	1086.1
39.477500	1086.8
39.481250	1108.7
39.485000	1053.5
39.488750	1048.5
39.492500	1055.4
39.496250	1052.6
39.500000	1029.9
39.503750	1038.8
39.507500	1038.4
39.511250	954.8
39.515000	991.9
39.518750	1054.1
39.522500	1020.5
39.526250	1024.5
39.530000	1056.0
39.533750	1046.2
39.537500	1129.8
39.541250	1079.9
39.545000	1106.4
39.548750	1088.3
39.552500	1116.3
39.556250	1133.6
39.560000	1083.5
39.563750	1061.4
39.567500	1119.7
39.571250	1091.1
39.575000	1070.2
39.578750	1048.5
39.582500	1045.0
39.586250	1082.9
39.590000	1116.4
39.593750	1094.7
39.597500	1085.4
39.601250	1134.1
39.605000	1055.6
39.608750	1047.1
39.612500	1134.7
39.616250	1058.6
39.620000	1055.1
39.623750	980.9
39.627500	987.0
39.631250	993.1
39.635000	931.3
39.638750	1009.9
39.642500	991.1
39.646250	965.8
39.650000	1005.5
39.653750	979.2
39.657500	957.1
39.661250	956.3
39.665000	971.8
39.668750	957.8
39.672500	945.1
39.676250	1018.3
39.680000	947.7
39.683750	957.3
39.687500	943.4
39.691250	947.8
39.695000	944.3
39.698750	943.1
39.702500	973.6
39.706250	983.3
39.710000	969.4
39.713750	898.2
39.717500	943.9
39.721250	975.9
39.725000	911.1
39.728750	930.6
39.732500	930.8
39.736250	950.5
39.740000	922.0
39.743750	948.4
39.747500	963.4
39.751250	932.1
39.755000	988.4
39.758750	919.2
39.762500	962.2
39.766250	964.1
39.770000	936.3
39.773750	964.8
39.777500	975.0
39.781250	956.4
39.785000	931.4
39.788750	958.5
39.792500	930.3
39.796250	934.3
39.800000	898.2
39.803750	946.3
39.807500	963.8
39.811250	1012.8
39.815000	934.7
39.818750	910.3
39.822500	946.7
39.826250	956.6
39.830000	925.0
39.833750	921.6
39.837500	913.2
39.841250	867.7
39.845000	1000.5
39.848750	968.6
39.852500	945.2
39.856250	985.0
39.860000	941.1
39.863750	925.3
39.867500	945.0
39.871250	1014.1
39.875000	967.5
39.878750	949.3
39.882500	956.4
39.886250	930.4
39.890000	941.9
39.893750	939.7
39.897500	1019.4
39.901250	935.7
39.905000	924.4
39.908750	1011.8
39.912500	933.3
39.916250	965.4
39.920000	1000.6
39.923750	1019.1
39.927500	959.9
39.931250	993.4
39.935000	896.3
39.938750	1011.7
39.942500	986.6
39.946250	968.5
39.950000	998.1
39.953750	1001.9
39.957500	1029.8
39.961250	988.9
39.965000	1021.7
39.968750	990.0
39.972500	977.7
39.976250	1037.1
39.980000	951.9
39.983750	1008.7
39.987500	998.9
39.991250	1023.1
39.995000	1069.9
39.998750	1003.9
40.002500	994.3
40.006250	1014.3
40.010000	1022.1
40.013750	1011.0
40.017500	1047.7
40.021250	1039.0
40.025000	1080.6
40.028750	1060.4
40.032500	1065.5
40.036250	1067.4
40.040000	1066.0
40.043750	1057.3
40.047500	1087.0
40.051250	1045.7
40.055000	1118.1
40.058750	1060.9
40.062500	1097.1
40.066250	1077.8
40.070000	1081.9
40.073750	1076.7
40.077500	1124.9
40.081250	1091.4
40.085000	1059.5
40.088750	1103.2
40.092500	1050.7
40.096250	1042.0
40.100000	1034.9
40.103750	1024.6
40.107500	1033.7
40.111250	1084.4
40.115000	1038.1
40.118750	1104.4
40.122500	1090.4
40.126250	1121.9
40.130000	1054.3
40.133750	1076.5
40.137500	1032.0
40.141250	1034.3
40.145000	1015.2
40.148750	1014.7
40.152500	1063.1
40.156250	1055.1
40.160000	1018.6
40.163750	1028.3
40.167500	1048.0
40.171250	1079.0
40.175000	1023.5
40.178750	1023.8
40.182500	1098.6
40.186250	1038.3
40.190000	1046.5
40.193750	1103.2
40.197500	1084.7
40.201250	1064.7
40.205000	1139.2
40.208750	1142.7
40.212500	1155.2
40.216250	1128.0
40.220000	1081.1
40.223750	1086.2
40.227500	1130.2
40.231250	1157.6
40.235000	1069.8
40.238750	1083.7
40.242500	1017.7
40.246250	1079.2
40.250000	1075.7
40.253750	1071.0
40.257500	1099.3
40.261250	1050.0
40.265000	985.7
40.268750	1105.4
40.272500	1056.1
40.276250	1011.4
40.280000	1081.3
40.283750	1037.8
40.287500	1029.1
40.291250	1059.9
40.295000	1041.7
40.298750	1086.2
40.302500	1098.6
40.306250	1132.5
40.310000	1063.2
40.313750	1065.6
40.317500	1110.9
40.321250	1071.3
40.325000	1083.8
40.328750	1093.7
40.332500	1078.5
40.336250	1102.9
40.340000	1065.8
40.343750	1066.7
40.347500	1070.3
40.351250	1101.0
40.355000	1033.9
40.358750	1085.0
40.362500	1168.0
40.366250	1108.5
40.370000	1085.9
40.373750	1100.9
40.377500	1092.0
40.381250	1087.3
40.385000	1128.9
40.388750	1105.1
40.392500	1082.4
40.396250	1102.4
40.400000	1124.0
40.403750	1112.3
40.407500	1145.7
40.411250	1132.2
40.415000	1057.1
40.418750	1093.0
40.422500	1082.2
40.426250	1130.0
40.430000	1120.7
40.433750	1168.0
40.437500	1125.7
40.441250	1118.2
40.445000	1034.0
40.448750	1130.4
40.452500	1138.2
40.456250	1099.4
40.460000	1126.9
40.463750	1106.0
40.467500	1074.0
40.471250	1053.8
40.475000	1095.0
40.478750	1103.2
40.482500	1155.8
40.486250	1069.4
40.490000	1068.5
40.493750	1072.0
40.497500	1089.3
40.501250	1102.3
40.505000	1087.7
40.508750	1120.6
40.512500	1110.0
40.516250	1084.3
40.520000	1127.5
40.523750	1120.3
40.527500	1126.4
40.531250	1098.3
40.535000	1090.5
40.538750	1067.4
40.542500	1077.1
40.546250	1075.1
40.550000	1074.2
40.553750	1108.7
40.557500	1057.7
40.561250	1008.8
40.565000	1025.3
40.568750	1048.2
40.572500	1015.5
40.576250	1014.7
40.580000	1025.6
40.583750	979.1
40.587500	903.5
40.591250	955.7
40.595000	949.6
40.598750	1044.1
40.602500	979.6
40.606250	946.1
40.610000	969.4
40.613750	933.5
40.617500	926.8
40.621250	949.2
40.625000	965.9
40.628750	971.6
40.632500	987.2
40.636250	988.5
40.640000	1049.2
40.643750	972.5
40.647500	920.4
40.651250	1008.2
40.655000	910.6
40.658750	996.0
40.662500	935.1
40.666250	954.9
40.670000	972.4
40.673750	921.3
40.677500	897.8
40.681250	922.5
40.685000	962.8
40.688750	950.6
40.692500	922.8
40.696250	947.6
40.700000	950.2
40.703750	940.4
40.707500	951.5
40.711250	903.7
40.715000	936.0
40.718750	937.8
40.722500	909.5
40.726250	894.8
40.730000	894.5
40.733750	894.3
40.737500	898.7
40.741250	977.3
40.745000	952.1
40.748750	876.5
40.752500	905.0
40.756250	897.6
40.760000	922.3
40.763750	933.0
40.767500	881.2
40.771250	915.8
40.775000	925.9
40.778750	881.1
40.782500	900.0
40.786250	936.0
40.790000	885.3
40.793750	894.9
40.797500	919.6
40.801250	875.8
40.805000	851.9
40.808750	905.0
40.812500	968.4
40.816250	897.4
40.820000	887.3
40.823750	904.1
40.827500	864.9
40.831250	897.3
40.835000	920.7
40.838750	899.7
40.842500	932.4
40.846250	924.9
40.850000	908.9
40.853750	876.6
40.857500	920.1
40.861250	880.1
40.865000	839.9
40.868750	864.8
40.872500	889.4
40.876250	858.6
40.880000	855.7
40.883750	874.5
40.887500	906.7
40.891250	881.7
40.895000	878.1
40.898750	875.6
40.902500	893.3
40.906250	851.2
40.910000	889.6
40.913750	891.0
40.917500	847.8
40.921250	858.1
40.925000	926.9
40.928750	898.4
40.932500	876.9
40.936250	842.0
40.940000	827.6
40.943750	885.7
40.947500	869.8
40.951250	884.7
40.955000	834.6
40.958750	855.2
40.962500	918.6
40.966250	851.5
40.970000	890.1
40.973750	881.5
40.977500	877.3
40.981250	891.9
40.985000	793.3
40.988750	863.2
40.992500	877.8
40.996250	872.0
41.000000	866.8
41.003750	901.7
41.007500	897.3
41.011250	813.1
41.015000	853.7
41.018750	959.2
41.022500	882.5
41.026250	873.5
41.030000	904.0
41.033750	842.2
41.037500	842.2
41.041250	914.2
41.045000	901.7
41.048750	866.5
41.052500	903.1
41.056250	914.3
41.060000	929.3
41.063750	876.5
41.067500	815.7
41.071250	818.1
41.075000	909.9
41.078750	891.7
41.082500	801.5
41.086250	802.5
41.090000	895.0
41.093750	900.0
41.097500	823.4
41.101250	865.8
41.105000	872.3
41.108750	915.6
41.112500	872.2
41.116250	784.3
41.120000	836.0
41.123750	900.8
41.127500	893.8
41.131250	870.6
41.135000	855.3
41.138750	881.7
41.142500	851.5
41.146250	913.7
41.150000	919.4
41.153750	876.3
41.157500	805.0
41.161250	803.2
41.165000	854.0
41.168750	936.0
41.172500	934.4
41.176250	825.8
41.180000	833.9
41.183750	882.2
41.187500	863.1
41.191250	915.9
41.195000	914.8
41.198750	955.0
41.202500	896.3
41.206250	862.3
41.210000	905.2
41.213750	902.3
41.217500	897.6
41.221250	882.0
41.225000	907.7
41.228750	890.3
41.232500	907.4
41.236250	876.4
41.240000	871.0
41.243750	867.4
41.247500	860.0
41.251250	886.8
41.255000	881.0
41.258750	915.4
41.262500	871.4
41.266250	859.5
41.270000	863.8
41.273750	887.1
41.277500	903.9
41.281250	873.7
41.285000	858.8
41.288750	900.0
41.292500	820.0
41.296250	902.0
41.300000	903.4
41.303750	894.2
41.307500	887.8
41.311250	882.0
41.315000	836.4
41.318750	932.8
41.322500	882.3
41.326250	881.5
41.330000	890.4
41.333750	879.4
41.337500	890.1
41.341250	885.1
41.345000	885.5
41.348750	884.3
41.352500	856.3
41.356250	881.9
41.360000	941.3
41.363750	966.5
41.367500	884.1
41.371250	872.3
41.375000	927.4
41.378750	935.3
41.382500	951.2
41.386250	927.5
41.390000	960.0
41.393750	1009.4
41.397500	940.1
41.401250	972.9
41.405000	991.6
41.408750	945.6
41.412500	1016.4
41.416250	1032.7
41.420000	999.5
41.423750	985.9
41.427500	1048.8
41.431250	1021.8
41.435000	1065.9
41.438750	1025.7
41.442500	1048.1
41.446250	1058.3
41.450000	1064.6
41.453750	1120.3
41.457500	1086.7
41.461250	1059.8
41.465000	1066.5
41.468750	1112.6
41.472500	1057.5
41.476250	1068.9
41.480000	1079.0
41.483750	1042.9
41.487500	1051.6
41.491250	999.0
41.495000	997.9
41.498750	1015.6
41.502500	992.8
41.506250	928.8
41.510000	938.4
41.513750	988.4
41.517500	937.2
41.521250	964.0
41.525000	913.8
41.528750	909.3
41.532500	946.5
41.536250	906.4
41.540000	927.5
41.543750	871.5
41.547500	897.8
41.551250	881.1
41.555000	917.3
41.558750	911.2
41.562500	861.0
41.566250	851.9
41.570000	919.9
41.573750	900.9
41.577500	915.0
41.581250	914.0
41.585000	928.2
41.588750	937.7
41.592500	878.1
41.596250	924.6
41.600000	884.1
41.603750	898.4
41.607500	913.9
41.611250	919.9
41.615000	930.6
41.618750	965.9
41.622500	886.9
41.626250	935.8
41.630000	904.3
41.633750	870.6
41.637500	892.9
41.641250	905.0
41.645000	886.2
41.648750	884.0
41.652500	893.4
41.656250	870.4
41.660000	885.3
41.663750	925.6
41.667500	957.8
41.671250	898.7
41.675000	840.9
41.678750	882.9
41.682500	870.2
41.686250	880.0
41.690000	843.9
41.693750	852.2
41.697500	928.6
41.701250	921.0
41.705000	839.2
41.708750	840.0
41.712500	839.6
41.716250	901.2
41.720000	901.8
41.723750	852.0
41.727500	887.8
41.731250	919.9
41.735000	945.7
41.738750	873.4
41.742500	839.1
41.746250	869.8
41.750000	857.3
41.753750	893.2
41.757500	945.9
41.761250	914.6
41.765000	841.6
41.768750	874.1
41.772500	831.6
41.776250	872.7
41.780000	875.2
41.783750	898.4
41.787500	866.5
41.791250	863.2
41.795000	856.1
41.798750	889.0
41.802500	848.2
41.806250	843.7
41.810000	890.1
41.813750	868.9
41.817500	842.3
41.821250	794.7
41.825000	860.7
41.828750	886.4
41.832500	859.0
41.836250	886.0
41.840000	875.4
41.843750	882.6
41.847500	905.2
41.851250	881.3
41.855000	865.8
41.858750	891.4
41.862500	924.3
41.866250	907.5
41.870000	857.9
41.873750	877.6
41.877500	820.5
41.881250	871.4
41.885000	824.9
41.888750	879.7
41.892500	926.1
41.896250	848.8
41.900000	886.6
41.903750	883.1
41.907500	887.3
41.911250	905.5
41.915000	934.1
41.918750	867.0
41.922500	889.4
41.926250	872.1
41.930000	882.6
41.933750	905.2
41.937500	861.9
41.941250	897.5
41.945000	903.0
41.948750	871.4
41.952500	883.2
41.956250	861.0
41.960000	886.1
41.963750	853.1
41.967500	807.8
41.971250	859.7
41.975000	877.2
41.978750	838.1
41.982500	865.6
41.986250	921.8
41.990000	861.2
41.993750	883.1
41.997500	863.0
42.001250	906.8
42.005000	851.8
42.008750	835.4
42.012500	863.5
42.016250	889.7
42.020000	856.5
42.023750	852.1
42.027500	906.0
42.031250	880.8
42.035000	863.4
42.038750	844.9
42.042500	883.5
42.046250	920.9
42.050000	889.3
42.053750	862.6
42.057500	876.0
42.061250	895.9
42.065000	887.2
42.068750	878.9
42.072500	903.6
42.076250	849.8
42.080000	883.7
42.083750	885.0
42.087500	897.1
42.091250	914.1
42.095000	945.0
42.098750	925.1
42.102500	885.8
42.106250	891.9
42.110000	893.4
42.113750	861.7
42.117500	881.2
42.121250	868.7
42.125000	847.0
42.128750	863.8
42.132500	916.1
42.136250	893.6
42.140000	826.9
42.143750	860.4
42.147500	861.2
42.151250	866.5
42.155000	894.6
42.158750	876.1
42.162500	886.1
42.166250	920.0
42.170000	884.8
42.173750	898.5
42.177500	858.1
42.181250	875.6
42.185000	883.7
42.188750	903.4
42.192500	867.4
42.196250	879.6
42.200000	898.9
42.203750	876.2
42.207500	900.8
42.211250	901.2
42.215000	954.7
42.218750	905.3
42.222500	883.9
42.226250	909.7
42.230000	856.1
42.233750	913.1
42.237500	909.0
42.241250	934.1
42.245000	961.5
42.248750	942.9
42.252500	927.0
42.256250	900.5
42.260000	931.5
42.263750	909.1
42.267500	893.8
42.271250	944.0
42.275000	970.6
42.278750	936.1
42.282500	938.7
42.286250	944.9
42.290000	938.0
42.293750	947.7
42.297500	905.6
42.301250	951.9
42.305000	988.8
42.308750	973.8
42.312500	975.0
42.316250	965.3
42.320000	972.8
42.323750	990.9
42.327500	1036.7
42.331250	1034.7
42.335000	1099.5
42.338750	1114.4
42.342500	1155.1
42.346250	1224.8
42.350000	1187.4
42.353750	1144.5
42.357500	1245.1
42.361250	1188.5
42.365000	1239.0
42.368750	1214.1
42.372500	1194.5
42.376250	1147.3
42.380000	1096.2
42.383750	1056.1
42.387500	1046.1
42.391250	1019.3
42.395000	1004.9
42.398750	990.5
42.402500	1018.2
42.406250	997.8
42.410000	980.3
42.413750	974.9
42.417500	957.4
42.421250	975.5
42.425000	981.6
42.428750	991.5
42.432500	1005.5
42.436250	1019.6
42.440000	999.1
42.443750	1031.9
42.447500	985.3
42.451250	974.8
42.455000	1003.0
42.458750	1004.3
42.462500	1023.7
42.466250	1026.9
42.470000	983.0
42.473750	989.8
42.477500	993.3
42.481250	994.5
42.485000	1008.6
42.488750	1064.4
42.492500	1034.4
42.496250	1017.1
42.500000	986.0
42.503750	1022.6
42.507500	982.5
42.511250	985.9
42.515000	1050.3
42.518750	1075.8
42.522500	992.9
42.526250	1053.2
42.530000	1011.5
42.533750	1024.2
42.537500	1052.2
42.541250	1009.4
42.545000	1081.7
42.548750	1078.6
42.552500	1092.4
42.556250	1069.1
42.560000	1108.6
42.563750	1134.4
42.567500	1123.8
42.571250	1130.2
42.575000	1186.6
42.578750	1233.8
42.582500	1238.3
42.586250	1278.8
42.590000	1325.1
42.593750	1307.8
42.597500	1332.1
42.601250	1279.3
42.605000	1275.6
42.608750	1341.7
42.612500	1281.6
42.616250	1311.4
42.620000	1212.1
42.623750	1163.4
42.627500	1197.9
42.631250	1138.3
42.635000	1202.7
42.638750	1178.5
42.642500	1097.8
42.646250	1140.0
42.650000	1155.1
42.653750	1152.5
42.657500	1182.7
42.661250	1181.1
42.665000	1217.2
42.668750	1168.2
42.672500	1211.1
42.676250	1217.7
42.680000	1153.5
42.683750	1229.0
42.687500	1197.2
42.691250	1138.3
42.695000	1214.0
42.698750	1106.1
42.702500	1050.3
42.706250	1043.5
42.710000	1014.9
42.713750	978.4
42.717500	1058.0
42.721250	1020.1
42.725000	1061.2
42.728750	1038.5
42.732500	1003.6
42.736250	1046.8
42.740000	1022.4
42.743750	1034.5
42.747500	1034.0
42.751250	1070.9
42.755000	1025.2
42.758750	1014.3
42.762500	1036.5
42.766250	992.0
42.770000	1046.6
42.773750	1010.1
42.777500	1072.1
42.781250	996.6
42.785000	990.6
42.788750	1046.7
42.792500	1041.7
42.796250	1079.7
42.800000	1042.4
42.803750	1043.3
42.807500	969.7
42.811250	1072.7
42.815000	1014.9
42.818750	1002.7
42.822500	1066.7
42.826250	1077.3
42.830000	1037.6
42.833750	1047.2
42.837500	1042.6
42.841250	1055.3
42.845000	1002.4
42.848750	1011.1
42.852500	1036.3
42.856250	1034.1
42.860000	1066.2
42.863750	991.8
42.867500	1032.1
42.871250	952.6
42.875000	1040.6
42.878750	975.5
42.882500	986.0
42.886250	990.1
42.890000	976.4
42.893750	936.9
42.897500	934.9
42.901250	969.4
42.905000	975.6
42.908750	1026.0
42.912500	886.9
42.916250	986.4
42.920000	926.4
42.923750	880.7
42.927500	964.4
42.931250	973.0
42.935000	965.0
42.938750	966.6
42.942500	941.1
42.946250	934.6
42.950000	954.4
42.953750	953.2
42.957500	956.8
42.961250	1009.3
42.965000	988.4
42.968750	965.6
42.972500	953.6
42.976250	966.0
42.980000	984.1
42.983750	1026.4
42.987500	936.6
42.991250	1006.4
42.995000	969.3
42.998750	922.4
43.002500	952.0
43.006250	979.4
43.010000	1011.0
43.013750	965.3
43.017500	928.5
43.021250	936.1
43.025000	972.5
43.028750	974.8
43.032500	1007.0
43.036250	975.0
43.040000	1000.8
43.043750	998.1
43.047500	959.8
43.051250	1003.0
43.055000	1022.8
43.058750	1032.7
43.062500	993.3
43.066250	1026.5
43.070000	960.5
43.073750	1014.9
43.077500	978.1
43.081250	975.8
43.085000	985.1
43.088750	1055.6
43.092500	1047.5
43.096250	1017.2
43.100000	1057.8
43.103750	1044.3
43.107500	1104.8
43.111250	1003.6
43.115000	1048.9
43.118750	1058.3
43.122500	1063.6
43.126250	1038.0
43.130000	1044.5
43.133750	1034.3
43.137500	1017.8
43.141250	1069.0
43.145000	1059.4
43.148750	1051.6
43.152500	1084.9
43.156250	1078.7
43.160000	1035.0
43.163750	1038.9
43.167500	1128.6
43.171250	1093.2
43.175000	1131.4
43.178750	1159.0
43.182500	1140.8
43.186250	1050.1
43.190000	1114.0
43.193750	1143.6
43.197500	1134.8
43.201250	1150.1
43.205000	1143.9
43.208750	1146.0
43.212500	1192.6
43.216250	1220.5
43.220000	1270.8
43.223750	1167.3
43.227500	1176.0
43.231250	1194.6
43.235000	1291.4
43.238750	1170.4
43.242500	1226.6
43.246250	1251.6
43.250000	1212.8
43.253750	1217.8
43.257500	1303.6
43.261250	1281.2
43.265000	1266.8
43.268750	1305.5
43.272500	1344.3
43.276250	1282.1
43.280000	1256.8
43.283750	1280.2
43.287500	1271.9
43.291250	1270.8
43.295000	1262.7
43.298750	1265.1
43.302500	1263.7
43.306250	1217.2
43.310000	1197.3
43.313750	1199.3
43.317500	1101.8
43.321250	1102.4
43.325000	1117.0
43.328750	1097.9
43.332500	1158.2
43.336250	1153.9
43.340000	1128.0
43.343750	1118.9
43.347500	1075.0
43.351250	1072.1
43.355000	1126.6
43.358750	1096.4
43.362500	1025.9
43.366250	1104.5
43.370000	1026.1
43.373750	1082.4
43.377500	1097.1
43.381250	1092.8
43.385000	1058.5
43.388750	1078.1
43.392500	1082.6
43.396250	1109.8
43.400000	1072.5
43.403750	1103.6
43.407500	1070.4
43.411250	1018.2
43.415000	1072.4
43.418750	1098.6
43.422500	1073.9
43.426250	1053.7
43.430000	1015.3
43.433750	1124.0
43.437500	1143.2
43.441250	1111.3
43.445000	1127.6
43.448750	1102.9
43.452500	1133.9
43.456250	1088.8
43.460000	1135.5
43.463750	1175.3
43.467500	1140.3
43.471250	1143.6
43.475000	1134.6
43.478750	1111.6
43.482500	1086.2
43.486250	1082.7
43.490000	1154.3
43.493750	1158.2
43.497500	1133.4
43.501250	1195.1
43.505000	1130.5
43.508750	1197.9
43.512500	1166.9
43.516250	1145.7
43.520000	1172.4
43.523750	1153.7
43.527500	1180.6
43.531250	1213.3
43.535000	1172.4
43.538750	1188.9
43.542500	1198.2
43.546250	1224.5
43.550000	1159.8
43.553750	1169.3
43.557500	1210.9
43.561250	1202.8
43.565000	1199.0
43.568750	1141.9
43.572500	1175.1
43.576250	1243.6
43.580000	1252.8
43.583750	1230.1
43.587500	1266.2
43.591250	1226.9
43.595000	1231.9
43.598750	1234.2
43.602500	1307.6
43.606250	1264.2
43.610000	1157.5
43.613750	1234.0
43.617500	1248.3
43.621250	1206.2
43.625000	1238.0
43.628750	1245.3
43.632500	1258.3
43.636250	1257.8
43.640000	1240.0
43.643750	1285.3
43.647500	1217.1
43.651250	1225.4
43.655000	1275.0
43.658750	1237.2
43.662500	1249.7
43.666250	1228.4
43.670000	1261.3
43.673750	1273.6
43.677500	1211.9
43.681250	1250.8
43.685000	1240.5
43.688750	1248.9
43.692500	1258.3
43.696250	1279.6
43.700000	1268.6
43.703750	1279.3
43.707500	1239.6
43.711250	1219.6
43.715000	1204.5
43.718750	1182.0
43.722500	1234.8
43.726250	1235.6
43.730000	1201.6
43.733750	1213.5
43.737500	1223.6
43.741250	1206.8
43.745000	1240.3
43.748750	1203.7
43.752500	1142.7
43.756250	1149.5
43.760000	1168.0
43.763750	1185.2
43.767500	1160.9
43.771250	1192.1
43.775000	1249.5
43.778750	905.5
43.782500	699.7
43.786250	1197.5
43.790000	1093.4
43.793750	1102.9
43.797500	1083.1
43.801250	1067.8
43.805000	1124.2
43.808750	1116.6
43.812500	1038.0
43.816250	1059.1
43.820000	1048.4
43.823750	1055.3
43.827500	1075.7
43.831250	1108.8
43.835000	1017.7
43.838750	978.5
43.842500	1004.2
43.846250	1040.8
43.850000	1027.8
43.853750	1089.6
43.857500	1106.2
43.861250	1034.9
43.865000	1093.0
43.868750	1052.2
43.872500	1063.2
43.876250	1018.0
43.880000	960.8
43.883750	983.5
43.887500	1056.3
43.891250	1024.9
43.895000	988.3
43.898750	1045.4
43.902500	997.9
43.906250	972.4
43.910000	995.2
43.913750	1046.9
43.917500	1006.3
43.921250	944.3
43.925000	989.2
43.928750	1005.1
43.932500	990.5
43.936250	972.8
43.940000	990.6
43.943750	994.4
43.947500	998.4
43.951250	1014.3
43.955000	987.1
43.958750	993.7
43.962500	943.0
43.966250	987.4
43.970000	987.1
43.973750	986.0
43.977500	948.9
43.981250	1007.4
43.985000	979.9
43.988750	1000.0
43.992500	1036.9
43.996250	995.2
44.000000	950.6
44.003750	921.8
44.007500	925.0
44.011250	958.9
44.015000	988.6
44.018750	971.1
44.022500	936.5
44.026250	927.2
44.030000	930.8
44.033750	941.5
44.037500	954.9
44.041250	994.4
44.045000	967.5
44.048750	968.2
44.052500	945.1
44.056250	940.1
44.060000	923.1
44.063750	915.3
44.067500	948.4
44.071250	950.7
44.075000	901.6
44.078750	920.8
44.082500	958.8
44.086250	958.0
44.090000	925.5
44.093750	902.4
44.097500	957.5
44.101250	921.9
44.105000	988.3
44.108750	984.1
44.112500	902.9
44.116250	886.0
44.120000	960.4
44.123750	941.8
44.127500	942.1
44.131250	897.2
44.135000	904.0
44.138750	912.4
44.142500	893.8
44.146250	947.2
44.150000	934.3
44.153750	927.0
44.157500	863.1
44.161250	992.7
44.165000	936.9
44.168750	958.0
44.172500	942.9
44.176250	941.8
44.180000	946.7
44.183750	926.2
44.187500	891.1
44.191250	911.4
44.195000	920.6
44.198750	896.7
44.202500	945.3
44.206250	930.8
44.210000	903.9
44.213750	927.1
44.217500	933.0
44.221250	899.5
44.225000	916.5
44.228750	889.6
44.232500	901.8
44.236250	929.7
44.240000	963.7
44.243750	929.4
44.247500	935.4
44.251250	873.8
44.255000	901.4
44.258750	916.2
44.262500	934.6
44.266250	953.6
44.270000	952.0
44.273750	882.6
44.277500	979.0
44.281250	974.3
44.285000	927.5
44.288750	970.4
44.292500	977.1
44.296250	862.6
44.300000	923.7
44.303750	930.2
44.307500	890.7
44.311250	926.3
44.315000	920.9
44.318750	916.1
44.322500	903.9
44.326250	947.3
44.330000	992.3
44.333750	929.2
44.337500	935.0
44.341250	882.3
44.345000	962.3
44.348750	931.6
44.352500	869.6
44.356250	926.9
44.360000	909.6
44.363750	915.6
44.367500	924.8
44.371250	883.8
44.375000	898.1
44.378750	934.0
44.382500	932.8
44.386250	906.0
44.390000	908.1
44.393750	884.2
44.397500	900.0
44.401250	903.0
44.405000	947.5
44.408750	954.1
44.412500	928.3
44.416250	893.3
44.420000	923.4
44.423750	935.1
44.427500	939.8
44.431250	907.7
44.435000	895.8
44.438750	928.8
44.442500	912.0
44.446250	931.5
44.450000	911.9
44.453750	961.9
44.457500	937.3
44.461250	932.1
44.465000	981.9
44.468750	913.2
44.472500	942.8
44.476250	1004.9
44.480000	991.0
44.483750	953.2
44.487500	946.7
44.491250	960.4
44.495000	998.6
44.498750	969.1
44.502500	961.9
44.506250	1054.2
44.510000	964.6
44.513750	988.3
44.517500	949.9
44.521250	987.3
44.525000	988.2
44.528750	923.2
44.532500	928.5
44.536250	991.1
44.540000	941.2
44.543750	956.5
44.547500	975.0
44.551250	972.9
44.555000	966.9
44.558750	940.5
44.562500	985.0
44.566250	957.6
44.570000	966.8
44.573750	1002.7
44.577500	1014.9
44.581250	963.9
44.585000	1045.1
44.588750	988.3
44.592500	1002.4
44.596250	954.9
44.600000	898.5
44.603750	1028.1
44.607500	1004.0
44.611250	910.8
44.615000	956.8
44.618750	1018.6
44.622500	950.7
44.626250	999.5
44.630000	1016.6
44.633750	1028.1
44.637500	994.0
44.641250	1015.7
44.645000	970.9
44.648750	997.2
44.652500	1003.6
44.656250	1032.5
44.660000	1003.7
44.663750	998.4
44.667500	989.4
44.671250	1007.4
44.675000	1031.3
44.678750	1000.7
44.682500	1012.5
44.686250	996.3
44.690000	951.3
44.693750	998.4
44.697500	1038.0
44.701250	1051.9
44.705000	977.6
44.708750	1022.4
44.712500	936.9
44.716250	981.9
44.720000	1004.9
44.723750	1015.9
44.727500	1003.1
44.731250	1003.6
44.735000	1078.3
44.738750	1026.2
44.742500	1027.4
44.746250	993.4
44.750000	978.2
44.753750	958.8
44.757500	944.5
44.761250	1028.1
44.765000	956.1
44.768750	988.5
44.772500	994.4
44.776250	998.9
44.780000	992.0
44.783750	1000.2
44.787500	1029.8
44.791250	957.0
44.795000	996.4
44.798750	971.2
44.802500	920.7
44.806250	966.4
44.810000	983.1
44.813750	1002.9
44.817500	921.3
44.821250	980.4
44.825000	944.3
44.828750	938.6
44.832500	966.8
44.836250	1036.2
44.840000	951.0
44.843750	960.0
44.847500	967.2
44.851250	982.7
44.855000	1020.8
44.858750	1023.6
44.862500	956.8
44.866250	943.7
44.870000	925.3
44.873750	914.0
44.877500	943.9
44.881250	945.1
44.885000	1003.4
44.888750	922.5
44.892500	909.4
44.896250	941.9
44.900000	946.8
44.903750	885.5
44.907500	978.5
44.911250	951.3
44.915000	928.7
44.918750	988.6
44.922500	920.6
44.926250	957.3
44.930000	924.0
44.933750	984.8
44.937500	933.3
44.941250	923.2
44.945000	966.6
44.948750	995.4
44.952500	928.9
44.956250	919.1
44.960000	995.6
44.963750	1005.6
44.967500	909.8
44.971250	955.2
44.975000	990.7
44.978750	949.8
44.982500	944.5
44.986250	962.2
44.990000	979.7
44.993750	954.9
44.997500	946.9
45.001250	929.8
45.005000	924.5
45.008750	1021.4
45.012500	943.4
45.016250	914.8
45.020000	900.3
45.023750	968.9
45.027500	987.0
45.031250	985.4
45.035000	959.0
45.038750	981.5
45.042500	905.0
45.046250	912.3
45.050000	945.3
45.053750	953.3
45.057500	979.6
45.061250	936.8
45.065000	974.9
45.068750	941.7
45.072500	952.7
45.076250	923.1
45.080000	883.2
45.083750	932.6
45.087500	905.0
45.091250	938.8
45.095000	946.2
45.098750	907.6
45.102500	862.9
45.106250	912.9
45.110000	909.8
45.113750	911.4
45.117500	924.1
45.121250	847.7
45.125000	892.1
45.128750	875.5
45.132500	878.8
45.136250	876.3
45.140000	866.0
45.143750	893.7
45.147500	846.8
45.151250	910.7
45.155000	860.1
45.158750	903.7
45.162500	909.3
45.166250	909.8
45.170000	882.3
45.173750	938.7
45.177500	912.7
45.181250	852.9
45.185000	844.9
45.188750	831.3
45.192500	871.7
45.196250	816.7
45.200000	850.5
45.203750	915.7
45.207500	905.8
45.211250	841.7
45.215000	888.3
45.218750	890.5
45.222500	868.7
45.226250	843.9
45.230000	925.8
45.233750	901.4
45.237500	852.4
45.241250	902.3
45.245000	882.4
45.248750	832.0
45.252500	873.0
45.256250	916.6
45.260000	911.4
45.263750	870.0
45.267500	819.9
45.271250	860.3
45.275000	903.6
45.278750	907.7
45.282500	856.9
45.286250	872.4
45.290000	955.7
45.293750	902.0
45.297500	899.5
45.301250	879.7
45.305000	895.7
45.308750	866.2
45.312500	899.0
45.316250	918.8
45.320000	888.2
45.323750	882.4
45.327500	859.5
45.331250	895.2
45.335000	877.9
45.338750	886.1
45.342500	912.7
45.346250	881.7
45.350000	883.0
45.353750	919.6
45.357500	847.4
45.361250	882.8
45.365000	865.0
45.368750	870.4
45.372500	877.3
45.376250	853.9
45.380000	877.5
45.383750	931.5
45.387500	914.2
45.391250	895.7
45.395000	908.2
45.398750	889.0
45.402500	929.5
45.406250	871.4
45.410000	919.5
45.413750	947.5
45.417500	923.9
45.421250	942.8
45.425000	872.8
45.428750	914.8
45.432500	935.7
45.436250	912.9
45.440000	945.1
45.443750	909.1
45.447500	922.4
45.451250	900.9
45.455000	937.9
45.458750	951.3
45.462500	906.6
45.466250	909.1
45.470000	888.5
45.473750	908.9
45.477500	949.3
45.481250	909.1
45.485000	915.7
45.488750	923.1
45.492500	946.6
45.496250	883.8
45.500000	935.9
45.503750	972.7
45.507500	871.5
45.511250	911.3
45.515000	941.1
45.518750	970.0
45.522500	950.0
45.526250	888.6
45.530000	975.5
45.533750	969.6
45.537500	860.7
45.541250	939.1
45.545000	959.3
45.548750	902.5
45.552500	957.2
45.556250	862.9
45.560000	955.6
45.563750	857.5
45.567500	948.5
45.571250	984.7
45.575000	983.6
45.578750	1004.3
45.582500	904.6
45.586250	937.2
45.590000	902.1
45.593750	905.3
45.597500	945.6
45.601250	1018.5
45.605000	968.2
45.608750	911.9
45.612500	963.9
45.616250	940.2
45.620000	979.1
45.623750	1027.2
45.627500	1044.9
45.631250	1062.4
45.635000	1020.3
45.638750	1055.0
45.642500	990.2
45.646250	1051.8
45.650000	1098.9
45.653750	989.7
45.657500	1080.9
45.661250	1012.3
45.665000	981.9
45.668750	1099.6
45.672500	950.4
45.676250	922.7
45.680000	929.6
45.683750	939.5
45.687500	1079.6
45.691250	1016.3
45.695000	946.6
45.698750	899.9
45.702500	955.7
45.706250	968.5
45.710000	996.3
45.713750	996.1
45.717500	983.0
45.721250	990.7
45.725000	930.5
45.728750	948.0
45.732500	928.3
45.736250	948.4
45.740000	917.9
45.743750	884.7
45.747500	961.4
45.751250	922.2
45.755000	952.0
45.758750	917.9
45.762500	925.6
45.766250	946.0
45.770000	929.8
45.773750	930.3
45.777500	945.2
45.781250	920.7
45.785000	912.8
45.788750	899.8
45.792500	937.4
45.796250	966.3
45.800000	982.7
45.803750	989.7
45.807500	1003.3
45.811250	896.2
45.815000	974.1
45.818750	995.7
45.822500	953.0
45.826250	927.5
45.830000	937.6
45.833750	940.4
45.837500	946.7
45.841250	996.2
45.845000	984.2
45.848750	967.7
45.852500	947.8
45.856250	934.1
45.860000	920.6
45.863750	983.8
45.867500	982.9
45.871250	912.3
45.875000	1003.3
45.878750	978.2
45.882500	971.8
45.886250	1006.3
45.890000	987.4
45.893750	1031.1
45.897500	993.6
45.901250	974.3
45.905000	980.5
45.908750	1018.5
45.912500	979.2
45.916250	975.9
45.920000	945.4
45.923750	926.9
45.927500	966.4
45.931250	937.2
45.935000	941.0
45.938750	904.9
45.942500	940.8
45.946250	939.1
45.950000	915.4
45.953750	908.4
45.957500	882.7
45.961250	856.5
45.965000	882.9
45.968750	896.7
45.972500	904.4
45.976250	883.3
45.980000	872.9
45.983750	849.3
45.987500	884.3
45.991250	898.1
45.995000	872.6
45.998750	805.7
46.002500	827.2
46.006250	851.1
46.010000	836.8
46.013750	768.9
46.017500	851.2
46.021250	923.2
46.025000	924.2
46.028750	905.2
46.032500	865.5
46.036250	884.7
46.040000	817.6
46.043750	907.0
46.047500	914.9
46.051250	820.7
46.055000	929.2
46.058750	900.4
46.062500	914.1
46.066250	871.8
46.070000	831.5
46.073750	874.3
46.077500	873.8
46.081250	952.6
46.085000	947.9
46.088750	869.2
46.092500	976.2
46.096250	944.6
46.100000	803.2
46.103750	900.9
46.107500	961.7
46.111250	865.6
46.115000	890.3
46.118750	918.8
46.122500	933.9
46.126250	853.2
46.130000	866.2
46.133750	911.1
46.137500	830.7
46.141250	917.3
46.145000	873.6
46.148750	898.2
46.152500	951.4
46.156250	961.3
46.160000	919.8
46.163750	934.9
46.167500	899.1
46.171250	818.0
46.175000	866.2
46.178750	887.2
46.182500	875.7
46.186250	883.0
46.190000	867.5
46.193750	902.7
46.197500	906.2
46.201250	922.5
46.205000	937.9
46.208750	848.0
46.212500	876.0
46.216250	908.0
46.220000	859.3
46.223750	840.5
46.227500	857.2
46.231250	886.8
46.235000	903.0
46.238750	917.3
46.242500	882.9
46.246250	918.3
46.250000	873.2
46.253750	865.8
46.257500	874.9
46.261250	857.7
46.265000	931.7
46.268750	852.9
46.272500	874.2
46.276250	898.1
46.280000	916.1
46.283750	931.8
46.287500	862.4
46.291250	908.3
46.295000	927.5
46.298750	913.7
46.302500	902.8
46.306250	851.6
46.310000	898.0
46.313750	895.0
46.317500	872.2
46.321250	923.8
46.325000	942.9
46.328750	877.7
46.332500	864.9
46.336250	869.7
46.340000	906.2
46.343750	908.8
46.347500	905.4
46.351250	846.8
46.355000	907.3
46.358750	903.1
46.362500	865.7
46.366250	889.5
46.370000	851.1
46.373750	806.9
46.377500	870.6
46.381250	874.7
46.385000	925.4
46.388750	917.8
46.392500	825.8
46.396250	859.3
46.400000	920.1
46.403750	897.0
46.407500	884.8
46.411250	850.6
46.415000	846.4
46.418750	951.0
46.422500	910.1
46.426250	891.9
46.430000	830.9
46.433750	884.5
46.437500	921.6
46.441250	928.9
46.445000	930.5
46.448750	940.1
46.452500	905.3
46.456250	916.7
46.460000	928.8
46.463750	885.3
46.467500	911.6
46.471250	915.9
46.475000	929.3
46.478750	922.4
46.482500	948.1
46.486250	907.7
46.490000	904.7
46.493750	925.0
46.497500	926.1
46.501250	912.4
46.505000	909.4
46.508750	932.9
46.512500	926.9
46.516250	915.4
46.520000	974.8
46.523750	960.5
46.527500	948.2
46.531250	879.4
46.535000	908.5
46.538750	948.1
46.542500	930.1
46.546250	922.0
46.550000	933.6
46.553750	944.0
46.557500	960.5
46.561250	956.4
46.565000	963.3
46.568750	1030.3
46.572500	983.5
46.576250	970.8
46.580000	908.8
46.583750	923.2
46.587500	1006.4
46.591250	939.2
46.595000	984.3
46.598750	945.7
46.602500	995.1
46.606250	954.2
46.610000	983.3
46.613750	980.5
46.617500	1045.1
46.621250	1032.3
46.625000	1013.9
46.628750	1047.8
46.632500	1076.9
46.636250	1105.0
46.640000	1140.2
46.643750	1139.3
46.647500	1162.2
46.651250	1164.4
46.655000	1218.4
46.658750	1182.2
46.662500	1197.9
46.666250	1313.8
46.670000	1352.3
46.673750	1368.0
46.677500	1445.0
46.681250	1555.8
46.685000	1788.5
46.688750	1902.2
46.692500	2042.4
46.696250	2138.0
46.700000	2245.4
46.703750	2344.6
46.707500	2543.7
46.711250	2609.5
46.715000	2588.0
46.718750	2711.5
46.722500	2698.9
46.726250	2695.8
46.730000	2674.8
46.733750	2477.5
46.737500	2370.8
46.741250	2215.8
46.745000	2002.5
46.748750	1809.3
46.752500	1671.3
46.756250	1514.0
46.760000	1459.7
46.763750	1362.1
46.767500	1225.8
46.771250	1268.4
46.775000	1189.3
46.778750	1175.8
46.782500	1132.2
46.786250	1134.9
46.790000	1091.5
46.793750	1097.0
46.797500	1040.3
46.801250	1026.1
46.805000	1052.7
46.808750	997.3
46.812500	1039.4
46.816250	1060.9
46.820000	1048.5
46.823750	1015.5
46.827500	1058.8
46.831250	1062.3
46.835000	1074.9
46.838750	1010.1
46.842500	1037.8
46.846250	1005.5
46.850000	992.7
46.853750	1017.8
46.857500	985.7
46.861250	1035.1
46.865000	1021.2
46.868750	972.8
46.872500	946.3
46.876250	970.2
46.880000	953.2
46.883750	895.5
46.887500	884.2
46.891250	909.2
46.895000	870.7
46.898750	889.7
46.902500	903.5
46.906250	868.8
46.910000	889.3
46.913750	920.7
46.917500	871.8
46.921250	905.1
46.925000	877.3
46.928750	912.3
46.932500	855.2
46.936250	837.4
46.940000	832.8
46.943750	866.8
46.947500	872.7
46.951250	853.3
46.955000	839.4
46.958750	897.9
46.962500	854.9
46.966250	888.7
46.970000	856.7
46.973750	863.4
46.977500	878.2
46.981250	834.0
46.985000	832.1
46.988750	894.4
46.992500	874.3
46.996250	884.9
47.000000	840.8
47.003750	838.7
47.007500	840.2
47.011250	853.0
47.015000	875.0
47.018750	827.3
47.022500	861.4
47.026250	891.5
47.030000	863.7
47.033750	816.4
47.037500	792.4
47.041250	843.7
47.045000	844.6
47.048750	829.5
47.052500	819.4
47.056250	857.8
47.060000	815.9
47.063750	878.7
47.067500	835.5
47.071250	808.4
47.075000	883.8
47.078750	831.3
47.082500	828.5
47.086250	846.3
47.090000	881.0
47.093750	819.2
47.097500	850.6
47.101250	894.6
47.105000	862.2
47.108750	862.5
47.112500	892.9
47.116250	813.8
47.120000	814.3
47.123750	860.7
47.127500	852.4
47.131250	831.4
47.135000	845.5
47.138750	832.7
47.142500	849.8
47.146250	896.4
47.150000	822.4
47.153750	871.0
47.157500	860.2
47.161250	824.3
47.165000	825.7
47.168750	852.6
47.172500	892.6
47.176250	883.4
47.180000	831.4
47.183750	868.7
47.187500	792.1
47.191250	795.8
47.195000	830.9
47.198750	840.2
47.202500	856.6
47.206250	851.0
47.210000	836.5
47.213750	832.6
47.217500	823.7
47.221250	840.4
47.225000	824.0
47.228750	871.6
47.232500	774.6
47.236250	814.1
47.240000	836.7
47.243750	829.0
47.247500	848.0
47.251250	852.9
47.255000	794.0
47.258750	853.7
47.262500	817.1
47.266250	802.5
47.270000	811.2
47.273750	813.8
47.277500	822.3
47.281250	871.8
47.285000	802.4
47.288750	848.0
47.292500	830.6
47.296250	840.3
47.300000	770.9
47.303750	770.7
47.307500	815.9
47.311250	804.9
47.315000	808.0
47.318750	847.5
47.322500	785.8
47.326250	800.6
47.330000	798.9
47.333750	837.0
47.337500	829.8
47.341250	824.4
47.345000	828.1
47.348750	812.4
47.352500	790.9
47.356250	845.0
47.360000	854.5
47.363750	813.0
47.367500	781.4
47.371250	767.9
47.375000	820.4
47.378750	785.1
47.382500	818.1
47.386250	812.1
47.390000	877.2
47.393750	844.3
47.397500	793.8
47.401250	812.1
47.405000	868.9
47.408750	871.7
47.412500	812.0
47.416250	795.5
47.420000	782.9
47.423750	871.0
47.427500	816.6
47.431250	798.0
47.435000	795.5
47.438750	821.9
47.442500	833.0
47.446250	793.9
47.450000	833.3
47.453750	807.1
47.457500	795.9
47.461250	755.0
47.465000	781.9
47.468750	854.2
47.472500	819.5
47.476250	832.2
47.480000	788.3
47.483750	786.8
47.487500	838.2
47.491250	786.5
47.495000	813.7
47.498750	810.1
47.502500	874.4
47.506250	807.5
47.510000	811.6
47.513750	860.2
47.517500	840.3
47.521250	838.3
47.525000	835.0
47.528750	850.1
47.532500	851.6
47.536250	852.4
47.540000	852.6
47.543750	820.6
47.547500	830.9
47.551250	841.3
47.555000	873.0
47.558750	853.7
47.562500	805.7
47.566250	821.9
47.570000	889.0
47.573750	796.4
47.577500	786.6
47.581250	796.5
47.585000	855.6
47.588750	790.2
47.592500	839.7
47.596250	852.1
47.600000	859.2
47.603750	818.8
47.607500	864.6
47.611250	840.1
47.615000	848.6
47.618750	829.8
47.622500	846.1
47.626250	884.5
47.630000	872.5
47.633750	780.3
47.637500	796.8
47.641250	814.8
47.645000	802.3
47.648750	887.7
47.652500	872.4
47.656250	833.4
47.660000	777.4
47.663750	841.2
47.667500	803.7
47.671250	800.8
47.675000	781.9
47.678750	787.0
47.682500	845.2
47.686250	870.9
47.690000	815.4
47.693750	795.5
47.697500	824.1
47.701250	829.1
47.705000	868.6
47.708750	836.4
47.712500	793.0
47.716250	802.9
47.720000	801.2
47.723750	800.0
47.727500	826.8
47.731250	847.3
47.735000	857.7
47.738750	881.6
47.742500	878.5
47.746250	839.2
47.750000	851.9
47.753750	822.3
47.757500	851.9
47.761250	862.6
47.765000	862.3
47.768750	853.6
47.772500	825.9
47.776250	882.8
47.780000	839.3
47.783750	865.5
47.787500	883.7
47.791250	868.1
47.795000	832.9
47.798750	822.2
47.802500	851.9
47.806250	845.5
47.810000	783.7
47.813750	852.0
47.817500	841.1
47.821250	879.9
47.825000	855.0
47.828750	852.0
47.832500	868.5
47.836250	832.6
47.840000	860.6
47.843750	817.8
47.847500	832.3
47.851250	872.8
47.855000	863.2
47.858750	872.6
47.862500	829.1
47.866250	877.4
47.870000	850.0
47.873750	822.7
47.877500	817.6
47.881250	823.6
47.885000	824.6
47.888750	813.9
47.892500	883.1
47.896250	834.0
47.900000	865.6
47.903750	823.7
47.907500	893.4
47.911250	858.8
47.915000	895.3
47.918750	854.3
47.922500	888.0
47.926250	883.4
47.930000	937.6
47.933750	945.4
47.937500	882.2
47.941250	900.4
47.945000	977.3
47.948750	926.5
47.952500	918.1
47.956250	997.9
47.960000	930.4
47.963750	872.7
47.967500	924.5
47.971250	927.3
47.975000	928.1
47.978750	919.3
47.982500	907.7
47.986250	870.2
47.990000	910.3
47.993750	906.1
47.997500	903.0
48.001250	857.7
48.005000	878.9
48.008750	875.4
48.012500	924.3
48.016250	879.7
48.020000	829.6
48.023750	872.1
48.027500	896.4
48.031250	884.6
48.035000	877.2
48.038750	898.4
48.042500	877.3
48.046250	876.5
48.050000	861.1
48.053750	855.0
48.057500	899.1
48.061250	911.2
48.065000	882.4
48.068750	891.8
48.072500	942.5
48.076250	960.5
48.080000	907.7
48.083750	926.5
48.087500	871.2
48.091250	914.1
48.095000	902.5
48.098750	873.9
48.102500	930.4
48.106250	931.8
48.110000	883.1
48.113750	928.3
48.117500	957.9
48.121250	896.4
48.125000	901.8
48.128750	924.0
48.132500	918.6
48.136250	925.4
48.140000	907.0
48.143750	965.8
48.147500	942.9
48.151250	919.6
48.155000	940.2
48.158750	951.2
48.162500	920.8
48.166250	931.4
48.170000	921.6
48.173750	957.3
48.177500	931.5
48.181250	977.4
48.185000	881.7
48.188750	906.0
48.192500	937.6
48.196250	916.3
48.200000	907.7
48.203750	917.6
48.207500	909.2
48.211250	955.3
48.215000	936.1
48.218750	913.8
48.222500	963.9
48.226250	945.5
48.230000	971.2
48.233750	945.1
48.237500	912.8
48.241250	923.4
48.245000	952.2
48.248750	939.4
48.252500	932.8
48.256250	903.0
48.260000	978.7
48.263750	964.9
48.267500	931.4
48.271250	945.5
48.275000	967.2
48.278750	985.4
48.282500	963.1
48.286250	983.0
48.290000	938.4
48.293750	960.5
48.297500	1007.8
48.301250	1017.5
48.305000	963.2
48.308750	971.5
48.312500	1042.8
48.316250	1023.7
48.320000	962.7
48.323750	935.7
48.327500	997.0
48.331250	1036.0
48.335000	1044.2
48.338750	1055.9
48.342500	1012.8
48.346250	1026.7
48.350000	1074.9
48.353750	1060.0
48.357500	1090.5
48.361250	1036.7
48.365000	1082.4
48.368750	1112.1
48.372500	1081.2
48.376250	1123.4
48.380000	1129.8
48.383750	1119.1
48.387500	1093.7
48.391250	1107.8
48.395000	1115.2
48.398750	1098.6
48.402500	1158.6
48.406250	1174.1
48.410000	1068.0
48.413750	1087.5
48.417500	1129.1
48.421250	1102.6
48.425000	1081.3
48.428750	1069.6
48.432500	1080.1
48.436250	1083.1
48.440000	1032.1
48.443750	1046.3
48.447500	1017.7
48.451250	1019.1
48.455000	1023.6
48.458750	1030.8
48.462500	1021.8
48.466250	987.5
48.470000	975.9
48.473750	987.1
48.477500	1015.9
48.481250	1025.4
48.485000	992.5
48.488750	979.3
48.492500	1007.5
48.496250	1022.8
48.500000	1015.2
48.503750	968.3
48.507500	934.4
48.511250	1002.4
48.515000	997.9
48.518750	1032.9
48.522500	990.6
48.526250	989.3
48.530000	1004.0
48.533750	1019.7
48.537500	1062.7
48.541250	1003.2
48.545000	981.0
48.548750	1000.3
48.552500	995.6
48.556250	945.2
48.560000	974.7
48.563750	1077.5
48.567500	1059.0
48.571250	1091.3
48.575000	1078.5
48.578750	1024.0
48.582500	1088.0
48.586250	1081.2
48.590000	1082.4
48.593750	1078.9
48.597500	1049.8
48.601250	1027.1
48.605000	1020.7
48.608750	1083.2
48.612500	1047.3
48.616250	1025.1
48.620000	1008.6
48.623750	1023.6
48.627500	1064.1
48.631250	1084.2
48.635000	1022.5
48.638750	1078.8
48.642500	1065.7
48.646250	1040.6
48.650000	1072.9
48.653750	1099.7
48.657500	1066.1
48.661250	1029.5
48.665000	1083.4
48.668750	1039.3
48.672500	998.8
48.676250	1057.9
48.680000	1020.7
48.683750	1036.9
48.687500	1017.7
48.691250	1014.5
48.695000	1017.6
48.698750	1016.7
48.702500	978.8
48.706250	1013.3
48.710000	1008.1
48.713750	1065.1
48.717500	1027.0
48.721250	1029.0
48.725000	1042.2
48.728750	969.8
48.732500	970.4
48.736250	1014.8
48.740000	955.7
48.743750	962.6
48.747500	1003.2
48.751250	1029.1
48.755000	985.4
48.758750	951.9
48.762500	932.5
48.766250	929.0
48.770000	925.1
48.773750	934.9
48.777500	958.4
48.781250	978.8
48.785000	959.1
48.788750	932.9
48.792500	960.1
48.796250	958.8
48.800000	976.0
48.803750	921.5
48.807500	953.5
48.811250	961.8
48.815000	961.0
48.818750	894.3
48.822500	929.4
48.826250	937.9
48.830000	922.3
48.833750	933.0
48.837500	885.8
48.841250	891.3
48.845000	930.2
48.848750	863.7
48.852500	905.7
48.856250	898.5
48.860000	966.1
48.863750	832.6
48.867500	875.9
48.871250	924.3
48.875000	871.2
48.878750	941.1
48.882500	887.0
48.886250	876.3
48.890000	878.4
48.893750	929.7
48.897500	875.5
48.901250	857.8
48.905000	891.9
48.908750	862.4
48.912500	863.8
48.916250	898.5
48.920000	914.1
48.923750	890.5
48.927500	886.4
48.931250	860.6
48.935000	852.8
48.938750	834.3
48.942500	893.7
48.946250	862.9
48.950000	851.4
48.953750	871.1
48.957500	905.8
48.961250	905.3
48.965000	877.3
48.968750	896.2
48.972500	808.9
48.976250	859.6
48.980000	867.1
48.983750	851.3
48.987500	829.7
48.991250	830.3
48.995000	917.9
48.998750	841.5
49.002500	847.9
49.006250	853.6
49.010000	863.1
49.013750	814.3
49.017500	821.3
49.021250	801.1
49.025000	858.8
49.028750	839.7
49.032500	817.3
49.036250	837.7
49.040000	856.8
49.043750	819.8
49.047500	833.4
49.051250	798.4
49.055000	868.7
49.058750	843.3
49.062500	827.6
49.066250	798.4
49.070000	859.1
49.073750	809.7
49.077500	850.2
49.081250	833.3
49.085000	808.5
49.088750	808.0
49.092500	824.1
49.096250	843.7
49.100000	808.4
49.103750	814.7
49.107500	829.1
49.111250	877.3
49.115000	831.0
49.118750	891.6
49.122500	864.1
49.126250	881.0
49.130000	860.1
49.133750	808.3
49.137500	832.0
49.141250	789.5
49.145000	830.7
49.148750	865.2
49.152500	833.2
49.156250	807.4
49.160000	921.4
49.163750	878.9
49.167500	861.6
49.171250	865.8
49.175000	922.4
49.178750	916.9
49.182500	881.6
49.186250	934.5
49.190000	921.3
49.193750	962.1
49.197500	878.1
49.201250	939.5
49.205000	890.9
49.208750	868.2
49.212500	883.5
49.216250	868.3
49.220000	857.9
49.223750	831.9
49.227500	887.9
49.231250	837.6
49.235000	898.0
49.238750	841.6
49.242500	829.7
49.246250	827.3
49.250000	859.8
49.253750	892.8
49.257500	861.1
49.261250	826.4
49.265000	836.1
49.268750	840.5
49.272500	877.2
49.276250	838.3
49.280000	804.6
49.283750	806.0
49.287500	844.2
49.291250	813.3
49.295000	829.6
49.298750	824.6
49.302500	783.3
49.306250	828.7
49.310000	817.7
49.313750	846.1
49.317500	884.4
49.321250	847.2
49.325000	815.9
49.328750	790.7
49.332500	830.8
49.336250	831.9
49.340000	830.4
49.343750	786.9
49.347500	850.1
49.351250	843.6
49.355000	798.9
49.358750	816.9
49.362500	829.9
49.366250	798.4
49.370000	820.0
49.373750	825.8
49.377500	811.7
49.381250	833.1
49.385000	831.4
49.388750	865.0
49.392500	812.9
49.396250	830.2
49.400000	872.3
49.403750	844.6
49.407500	830.6
49.411250	805.6
49.415000	850.4
49.418750	817.2
49.422500	833.3
49.426250	850.2
49.430000	795.7
49.433750	849.5
49.437500	830.7
49.441250	779.1
49.445000	782.0
49.448750	787.4
49.452500	781.0
49.456250	843.3
49.460000	820.3
49.463750	864.4
49.467500	830.8
49.471250	835.4
49.475000	847.1
49.478750	834.9
49.482500	874.6
49.486250	883.4
49.490000	867.7
49.493750	891.1
49.497500	875.5
49.501250	847.2
49.505000	849.5
49.508750	794.4
49.512500	830.1
49.516250	878.3
49.520000	834.2
49.523750	815.4
49.527500	826.1
49.531250	820.8
49.535000	861.5
49.538750	838.1
49.542500	876.3
49.546250	831.9
49.550000	823.4
49.553750	838.5
49.557500	847.4
49.561250	842.7
49.565000	860.3
49.568750	841.3
49.572500	813.0
49.576250	826.4
49.580000	885.8
49.583750	859.6
49.587500	872.1
49.591250	907.5
49.595000	880.9
49.598750	821.2
49.602500	837.8
49.606250	865.8
49.610000	803.9
49.613750	854.8
49.617500	831.8
49.621250	787.6
49.625000	808.9
49.628750	848.9
49.632500	833.9
49.636250	801.2
49.640000	849.6
49.643750	871.4
49.647500	860.8
49.651250	804.6
49.655000	847.5
49.658750	832.8
49.662500	835.1
49.666250	858.3
49.670000	785.1
49.673750	799.9
49.677500	799.2
49.681250	800.6
49.685000	796.9
49.688750	831.0
49.692500	843.8
49.696250	815.4
49.700000	812.0
49.703750	856.4
49.707500	822.5
49.711250	828.7
49.715000	788.2
49.718750	820.5
49.722500	807.7
49.726250	844.4
49.730000	833.1
49.733750	799.1
49.737500	822.3
49.741250	829.4
49.745000	821.7
49.748750	791.3
49.752500	755.3
49.756250	878.6
49.760000	805.6
49.763750	782.8
49.767500	789.0
49.771250	768.5
49.775000	780.0
49.778750	780.8
49.782500	792.6
49.786250	825.2
49.790000	851.2
49.793750	847.8
49.797500	790.1
49.801250	789.2
49.805000	831.5
49.808750	845.9
49.812500	785.6
49.816250	788.4
49.820000	821.3
49.823750	759.1
49.827500	731.3
49.831250	791.3
49.835000	786.5
49.838750	779.8
49.842500	807.7
49.846250	779.7
49.850000	771.8
49.853750	787.0
49.857500	782.4
49.861250	805.9
49.865000	814.1
49.868750	831.2
49.872500	810.2
49.876250	831.2
49.880000	840.3
49.883750	881.9
49.887500	866.2
49.891250	835.2
49.895000	876.9
49.898750	833.3
49.902500	898.9
49.906250	922.6
49.910000	890.7
49.913750	891.4
49.917500	864.2
49.921250	868.4
49.925000	880.6
49.928750	854.6
49.932500	828.6
49.936250	876.7
49.940000	834.6
49.943750	768.7
49.947500	749.5
49.951250	825.8
49.955000	840.4
49.958750	816.7
49.962500	815.6
49.966250	754.1
49.970000	798.4
49.973750	809.8
49.977500	816.9
49.981250	877.1
49.985000	820.3
49.988750	817.4
49.992500	855.8
49.996250	870.9
50.000000	893.2
50.003750	870.7
50.007500	868.2
50.011250	838.3
50.015000	881.8
50.018750	968.2
50.022500	887.2
50.026250	854.5
50.030000	877.4
50.033750	919.8
50.037500	906.1
50.041250	894.5
50.045000	898.1
50.048750	899.3
50.052500	918.6
50.056250	905.7
50.060000	915.4
50.063750	879.4
50.067500	855.7
50.071250	807.0
50.075000	849.7
50.078750	832.9
50.082500	791.4
50.086250	834.1
50.090000	786.3
50.093750	848.5
50.097500	808.9
50.101250	771.7
50.105000	751.9
50.108750	781.9
50.112500	777.1
50.116250	798.9
50.120000	797.7
50.123750	788.8
50.127500	756.0
50.131250	758.8
50.135000	797.6
50.138750	773.4
50.142500	770.8
50.146250	749.1
50.150000	740.6
50.153750	756.3
50.157500	767.5
50.161250	782.4
50.165000	788.5
50.168750	818.0
50.172500	786.4
50.176250	777.7
50.180000	787.3
50.183750	816.8
50.187500	825.6
50.191250	806.4
50.195000	788.4
50.198750	800.9
50.202500	792.9
50.206250	820.3
50.210000	804.2
50.213750	819.1
50.217500	832.2
50.221250	810.5
50.225000	833.5
50.228750	817.6
50.232500	783.5
50.236250	839.0
50.240000	825.9
50.243750	752.1
50.247500	824.0
50.251250	805.4
50.255000	805.4
50.258750	807.3
50.262500	786.1
50.266250	815.1
50.270000	779.9
50.273750	814.8
50.277500	791.9
50.281250	809.0
50.285000	798.8
50.288750	839.3
50.292500	846.7
50.296250	835.7
50.300000	791.0
50.303750	792.9
50.307500	806.7
50.311250	807.2
50.315000	819.7
50.318750	880.3
50.322500	817.5
50.326250	813.3
50.330000	831.4
50.333750	853.2
50.337500	842.1
50.341250	838.2
50.345000	879.2
50.348750	836.8
50.352500	846.1
50.356250	856.7
50.360000	855.2
50.363750	834.7
50.367500	859.9
50.371250	857.5
50.375000	902.5
50.378750	834.6
50.382500	810.9
50.386250	852.7
50.390000	841.9
50.393750	865.7
50.397500	870.5
50.401250	903.3
50.405000	851.1
50.408750	873.1
50.412500	866.0
50.416250	880.6
50.420000	880.2
50.423750	838.2
50.427500	878.9
50.431250	893.6
50.435000	869.2
50.438750	857.7
50.442500	912.9
50.446250	866.5
50.450000	910.0
50.453750	867.9
50.457500	918.2
50.461250	870.2
50.465000	882.1
50.468750	911.0
50.472500	866.5
50.476250	922.6
50.480000	883.9
50.483750	867.8
50.487500	870.9
50.491250	868.4
50.495000	828.8
50.498750	870.7
50.502500	875.7
50.506250	825.1
50.510000	809.9
50.513750	812.3
50.517500	868.5
50.521250	965.3
50.525000	845.3
50.528750	919.1
50.532500	905.1
50.536250	853.9
50.540000	892.8
50.543750	931.6
50.547500	837.6
50.551250	854.2
50.555000	876.0
50.558750	882.0
50.562500	878.0
50.566250	904.0
50.570000	913.9
50.573750	916.3
50.577500	836.0
50.581250	898.0
50.585000	822.2
50.588750	879.6
50.592500	869.6
50.596250	941.5
50.600000	910.6
50.603750	906.0
50.607500	883.0
50.611250	832.2
50.615000	848.2
50.618750	830.7
50.622500	940.4
50.626250	899.1
50.630000	806.3
50.633750	862.6
50.637500	860.4
50.641250	849.5
50.645000	790.4
50.648750	857.6
50.652500	950.0
50.656250	874.8
50.660000	868.5
50.663750	892.7
50.667500	854.6
50.671250	871.8
50.675000	838.4
50.678750	824.9
50.682500	923.6
50.686250	874.1
50.690000	785.6
50.693750	873.1
50.697500	868.9
50.701250	796.5
50.705000	876.5
50.708750	824.5
50.712500	812.8
50.716250	823.9
50.720000	892.3
50.723750	842.2
50.727500	857.0
50.731250	848.4
50.735000	814.4
50.738750	830.2
50.742500	850.7
50.746250	845.2
50.750000	866.3
50.753750	865.5
50.757500	820.5
50.761250	859.3
50.765000	809.9
50.768750	850.3
50.772500	875.6
50.776250	874.4
50.780000	829.5
50.783750	834.2
50.787500	810.6
50.791250	813.3
50.795000	872.5
50.798750	853.9
50.802500	794.7
50.806250	822.4
50.810000	827.1
50.813750	809.8
50.817500	892.2
50.821250	791.5
50.825000	808.8
50.828750	849.5
50.832500	765.4
50.836250	802.2
50.840000	780.9
50.843750	783.7
50.847500	783.3
50.851250	748.6
50.855000	746.5
50.858750	785.4
50.862500	744.2
50.866250	793.2
50.870000	808.6
50.873750	778.6
50.877500	725.2
50.881250	790.7
50.885000	759.3
50.888750	749.3
50.892500	835.8
50.896250	769.7
50.900000	736.5
50.903750	754.6
50.907500	741.4
50.911250	820.2
50.915000	714.5
50.918750	731.4
50.922500	740.6
50.926250	774.3
50.930000	780.0
50.933750	766.8
50.937500	740.8
50.941250	759.8
50.945000	728.8
50.948750	748.3
50.952500	770.2
50.956250	703.9
50.960000	800.2
50.963750	792.2
50.967500	726.5
50.971250	741.5
50.975000	751.2
50.978750	740.8
50.982500	779.0
50.986250	829.3
50.990000	814.1
50.993750	752.7
50.997500	714.6
51.001250	757.1
51.005000	756.6
51.008750	708.2
51.012500	663.6
51.016250	706.1
51.020000	750.6
51.023750	697.0
51.027500	716.7
51.031250	711.5
51.035000	764.1
51.038750	680.8
51.042500	677.1
51.046250	650.3
51.050000	731.9
51.053750	698.6
51.057500	737.7
51.061250	751.1
51.065000	656.9
51.068750	689.8
51.072500	688.8
51.076250	661.2
51.080000	668.2
51.083750	681.9
51.087500	694.8
51.091250	717.1
51.095000	735.8
51.098750	652.4
51.102500	588.9
51.106250	715.5
51.110000	693.1
51.113750	725.2
51.117500	741.3
51.121250	719.1
51.125000	721.8
51.128750	694.7
51.132500	703.8
51.136250	714.9
51.140000	719.2
51.143750	741.8
51.147500	710.0
51.151250	715.6
51.155000	724.2
51.158750	709.4
51.162500	702.4
51.166250	734.9
51.170000	719.3
51.173750	688.5
51.177500	706.0
51.181250	699.3
51.185000	718.1
51.188750	704.0
51.192500	699.6
51.196250	699.5
51.200000	709.4
51.203750	709.5
51.207500	694.8
51.211250	706.6
51.215000	694.7
51.218750	711.4
51.222500	686.3
51.226250	666.5
51.230000	744.9
51.233750	756.5
51.237500	709.2
51.241250	678.4
51.245000	698.4
51.248750	679.9
51.252500	713.2
51.256250	770.5
51.260000	727.7
51.263750	676.6
51.267500	706.8
51.271250	725.7
51.275000	699.8
51.278750	718.1
51.282500	763.7
51.286250	728.0
51.290000	698.7
51.293750	743.9
51.297500	778.0
51.301250	763.2
51.305000	788.9
51.308750	787.4
51.312500	748.0
51.316250	792.6
51.320000	766.0
51.323750	772.7
51.327500	797.0
51.331250	759.7
51.335000	793.2
51.338750	767.2
51.342500	722.2
51.346250	750.8
51.350000	713.4
51.353750	689.5
51.357500	711.9
51.361250	696.7
51.365000	725.7
51.368750	733.0
51.372500	689.0
51.376250	682.6
51.380000	697.3
51.383750	647.2
51.387500	700.0
51.391250	666.5
51.395000	663.0
51.398750	689.1
51.402500	642.4
51.406250	652.0
51.410000	758.9
51.413750	704.2
51.417500	642.4
51.421250	705.6
51.425000	730.9
51.428750	691.6
51.432500	705.3
51.436250	719.7
51.440000	685.3
51.443750	685.5
51.447500	707.8
51.451250	702.1
51.455000	730.1
51.458750	719.1
51.462500	683.7
51.466250	689.3
51.470000	698.2
51.473750	705.0
51.477500	710.4
51.481250	683.5
51.485000	729.8
51.488750	744.2
51.492500	671.1
51.496250	666.5
51.500000	701.4
51.503750	718.8
51.507500	677.7
51.511250	683.1
51.515000	684.2
51.518750	716.9
51.522500	674.5
51.526250	677.7
51.530000	653.0
51.533750	718.4
51.537500	698.3
51.541250	713.5
51.545000	703.6
51.548750	673.5
51.552500	685.1
51.556250	676.3
51.560000	697.6
51.563750	727.9
51.567500	679.0
51.571250	725.9
51.575000	668.0
51.578750	674.8
51.582500	691.6
51.586250	692.3
51.590000	722.8
51.593750	720.0
51.597500	662.4
51.601250	677.5
51.605000	643.3
51.608750	685.6
51.612500	637.9
51.616250	708.9
51.620000	699.6
51.623750	683.4
51.627500	735.2
51.631250	750.2
51.635000	686.5
51.638750	689.5
51.642500	720.8
51.646250	727.3
51.650000	668.7
51.653750	692.8
51.657500	716.0
51.661250	749.0
51.665000	735.9
51.668750	687.4
51.672500	686.9
51.676250	688.1
51.680000	695.6
51.683750	676.3
51.687500	697.5
51.691250	710.3
51.695000	709.3
51.698750	755.4
51.702500	697.9
51.706250	728.4
51.710000	702.7
51.713750	720.4
51.717500	700.5
51.721250	705.1
51.725000	673.7
51.728750	737.6
51.732500	736.4
51.736250	728.4
51.740000	698.8
51.743750	679.1
51.747500	694.4
51.751250	723.9
51.755000	690.5
51.758750	703.2
51.762500	675.9
51.766250	710.5
51.770000	724.3
51.773750	721.2
51.777500	671.9
51.781250	672.2
51.785000	707.8
51.788750	749.2
51.792500	728.9
51.796250	710.3
51.800000	665.3
51.803750	697.4
51.807500	739.2
51.811250	688.6
51.815000	690.6
51.818750	725.0
51.822500	717.8
51.826250	704.7
51.830000	675.1
51.833750	728.8
51.837500	680.8
51.841250	680.1
51.845000	673.3
51.848750	705.9
51.852500	730.3
51.856250	720.2
51.860000	706.9
51.863750	699.9
51.867500	747.6
51.871250	743.7
51.875000	725.2
51.878750	711.3
51.882500	731.0
51.886250	758.8
51.890000	739.8
51.893750	762.6
51.897500	707.3
51.901250	720.8
51.905000	755.7
51.908750	747.9
51.912500	753.8
51.916250	714.1
51.920000	728.1
51.923750	701.8
51.927500	702.9
51.931250	720.6
51.935000	746.4
51.938750	743.8
51.942500	730.9
51.946250	748.7
51.950000	724.5
51.953750	767.3
51.957500	726.5
51.961250	735.9
51.965000	748.3
51.968750	732.1
51.972500	701.8
51.976250	741.5
51.980000	753.5
51.983750	704.3
51.987500	749.7
51.991250	758.0
51.995000	726.3
51.998750	781.0
52.002500	731.2
52.006250	698.6
52.010000	710.2
52.013750	756.5
52.017500	738.6
52.021250	719.5
52.025000	721.5
52.028750	723.8
52.032500	692.1
52.036250	676.0
52.040000	724.9
52.043750	713.3
52.047500	658.2
52.051250	713.1
52.055000	693.2
52.058750	679.1
52.062500	705.6
52.066250	737.5
52.070000	726.9
52.073750	728.3
52.077500	714.7
52.081250	703.4
52.085000	735.8
52.088750	767.5
52.092500	764.4
52.096250	797.3
52.100000	758.1
52.103750	720.1
52.107500	750.9
52.111250	712.0
52.115000	714.4
52.118750	783.7
52.122500	763.6
52.126250	784.3
52.130000	781.1
52.133750	756.6
52.137500	703.2
52.141250	769.5
52.145000	718.7
52.148750	727.0
52.152500	754.4
52.156250	769.5
52.160000	728.7
52.163750	733.8
52.167500	703.3
52.171250	751.2
52.175000	779.7
52.178750	772.4
52.182500	743.8
52.186250	739.3
52.190000	727.3
52.193750	740.7
52.197500	721.0
52.201250	763.3
52.205000	724.0
52.208750	719.5
52.212500	738.9
52.216250	739.1
52.220000	742.3
52.223750	767.0
52.227500	767.9
52.231250	753.1
52.235000	765.0
52.238750	770.1
52.242500	787.9
52.246250	702.8
52.250000	747.2
52.253750	732.2
52.257500	721.1
52.261250	773.5
52.265000	760.0
52.268750	690.6
52.272500	710.7
52.276250	800.4
52.280000	777.9
52.283750	813.6
52.287500	803.1
52.291250	758.8
52.295000	774.7
52.298750	779.0
52.302500	750.6
52.306250	754.5
52.310000	797.3
52.313750	757.1
52.317500	748.3
52.321250	780.9
52.325000	789.4
52.328750	788.5
52.332500	847.1
52.336250	800.6
52.340000	752.4
52.343750	806.9
52.347500	727.7
52.351250	770.7
52.355000	741.8
52.358750	773.0
52.362500	803.6
52.366250	778.3
52.370000	737.6
52.373750	776.2
52.377500	762.1
52.381250	788.1
52.385000	742.1
52.388750	766.8
52.392500	790.6
52.396250	789.3
52.400000	779.8
52.403750	754.5
52.407500	765.7
52.411250	714.8
52.415000	739.8
52.418750	762.9
52.422500	802.4
52.426250	759.9
52.430000	713.5
52.433750	701.6
52.437500	716.1
52.441250	821.8
52.445000	798.2
52.448750	774.2
52.452500	725.0
52.456250	700.2
52.460000	756.1
52.463750	717.8
52.467500	713.2
52.471250	704.4
52.475000	783.6
52.478750	769.2
52.482500	751.4
52.486250	725.8
52.490000	742.4
52.493750	728.5
52.497500	732.2
52.501250	713.8
52.505000	763.9
52.508750	714.0
52.512500	725.7
52.516250	781.7
52.520000	779.7
52.523750	707.8
52.527500	721.9
52.531250	735.3
52.535000	730.4
52.538750	754.0
52.542500	704.7
52.546250	705.0
52.550000	709.6
52.553750	713.2
52.557500	741.2
52.561250	707.4
52.565000	716.6
52.568750	718.8
52.572500	700.4
52.576250	696.1
52.580000	733.0
52.583750	722.9
52.587500	727.4
52.591250	743.2
52.595000	698.6
52.598750	690.2
52.602500	713.8
52.606250	667.4
52.610000	696.8
52.613750	740.4
52.617500	729.1
52.621250	734.1
52.625000	696.3
52.628750	743.8
52.632500	700.8
52.636250	693.6
52.640000	684.3
52.643750	730.1
52.647500	706.7
52.651250	710.0
52.655000	684.1
52.658750	701.7
52.662500	718.6
52.666250	728.0
52.670000	700.3
52.673750	688.9
52.677500	657.0
52.681250	719.3
52.685000	695.8
52.688750	686.3
52.692500	688.9
52.696250	671.5
52.700000	683.7
52.703750	724.2
52.707500	687.3
52.711250	708.0
52.715000	719.3
52.718750	700.3
52.722500	707.7
52.726250	679.7
52.730000	661.8
52.733750	663.6
52.737500	677.8
52.741250	718.0
52.745000	679.0
52.748750	706.3
52.752500	722.6
52.756250	685.0
52.760000	730.4
52.763750	747.2
52.767500	677.5
52.771250	677.6
52.775000	702.7
52.778750	665.6
52.782500	667.1
52.786250	680.9
52.790000	705.2
52.793750	682.4
52.797500	687.4
52.801250	688.2
52.805000	704.8
52.808750	685.6
52.812500	705.8
52.816250	690.7
52.820000	678.3
52.823750	685.8
52.827500	689.0
52.831250	694.6
52.835000	725.2
52.838750	718.7
52.842500	696.4
52.846250	691.0
52.850000	678.4
52.853750	659.7
52.857500	738.4
52.861250	685.0
52.865000	645.9
52.868750	661.9
52.872500	695.2
52.876250	681.6
52.880000	669.3
52.883750	702.7
52.887500	696.7
52.891250	680.1
52.895000	739.3
52.898750	732.7
52.902500	715.3
52.906250	662.6
52.910000	631.3
52.913750	660.2
52.917500	708.7
52.921250	713.1
52.925000	670.5
52.928750	679.3
52.932500	676.3
52.936250	657.9
52.940000	697.3
52.943750	688.8
52.947500	675.3
52.951250	644.0
52.955000	658.5
52.958750	694.3
52.962500	690.9
52.966250	686.0
52.970000	686.1
52.973750	656.9
52.977500	704.3
52.981250	688.6
52.985000	690.6
52.988750	687.4
52.992500	664.8
52.996250	689.1
53.000000	669.9
53.003750	676.8
53.007500	666.3
53.011250	702.9
53.015000	700.3
53.018750	701.3
53.022500	702.3
53.026250	677.3
53.030000	742.0
53.033750	697.4
53.037500	696.7
53.041250	669.0
53.045000	689.5
53.048750	716.3
53.052500	708.0
53.056250	695.0
53.060000	695.1
53.063750	729.6
53.067500	745.0
53.071250	773.6
53.075000	752.7
53.078750	707.1
53.082500	725.1
53.086250	718.1
53.090000	753.3
53.093750	664.4
53.097500	706.0
53.101250	722.0
53.105000	748.6
53.108750	674.3
53.112500	672.6
53.116250	740.2
53.120000	722.2
53.123750	770.4
53.127500	739.3
53.131250	697.4
53.135000	733.4
53.138750	711.3
53.142500	791.7
53.146250	777.1
53.150000	754.2
53.153750	745.9
53.157500	733.5
53.161250	697.7
53.165000	738.4
53.168750	705.7
53.172500	723.1
53.176250	749.4
53.180000	668.4
53.183750	735.7
53.187500	702.8
53.191250	727.6
53.195000	687.1
53.198750	682.7
53.202500	695.8
53.206250	686.7
53.210000	681.1
53.213750	689.8
53.217500	674.7
53.221250	674.9
53.225000	686.2
53.228750	672.0
53.232500	650.7
53.236250	680.9
53.240000	690.3
53.243750	696.4
53.247500	692.7
53.251250	707.5
53.255000	675.3
53.258750	689.9
53.262500	718.7
53.266250	683.1
53.270000	710.0
53.273750	680.8
53.277500	661.4
53.281250	679.1
53.285000	735.8
53.288750	733.9
53.292500	695.5
53.296250	682.9
53.300000	675.0
53.303750	670.4
53.307500	686.5
53.311250	682.5
53.315000	711.0
53.318750	717.6
53.322500	673.6
53.326250	692.2
53.330000	678.6
53.333750	687.1
53.337500	649.0
53.341250	667.2
53.345000	674.0
53.348750	701.5
53.352500	684.3
53.356250	647.7
53.360000	675.7
53.363750	700.9
53.367500	701.2
53.371250	711.0
53.375000	699.8
53.378750	666.2
53.382500	694.2
53.386250	725.0
53.390000	702.2
53.393750	670.3
53.397500	704.8
53.401250	691.8
53.405000	680.5
53.408750	661.3
53.412500	688.5
53.416250	684.7
53.420000	739.0
53.423750	686.4
53.427500	676.3
53.431250	680.0
53.435000	737.1
53.438750	691.7
53.442500	681.3
53.446250	670.5
53.450000	675.0
53.453750	661.3
53.457500	673.0
53.461250	689.8
53.465000	722.4
53.468750	707.4
53.472500	671.3
53.476250	703.8
53.480000	721.6
53.483750	670.8
53.487500	732.3
53.491250	689.8
53.495000	660.7
53.498750	647.3
53.502500	707.7
53.506250	676.5
53.510000	677.5
53.513750	665.4
53.517500	664.6
53.521250	690.1
53.525000	676.2
53.528750	671.6
53.532500	678.5
53.536250	668.2
53.540000	656.9
53.543750	693.9
53.547500	691.6
53.551250	675.5
53.555000	707.5
53.558750	662.1
53.562500	654.0
53.566250	641.1
53.570000	688.5
53.573750	650.5
53.577500	692.1
53.581250	685.1
53.585000	667.5
53.588750	645.4
53.592500	674.3
53.596250	676.5
53.600000	692.0
53.603750	637.1
53.607500	682.3
53.611250	673.2
53.615000	645.8
53.618750	672.0
53.622500	711.9
53.626250	675.0
53.630000	675.6
53.633750	692.8
53.637500	659.9
53.641250	657.2
53.645000	650.0
53.648750	683.8
53.652500	718.3
53.656250	656.7
53.660000	699.8
53.663750	655.8
53.667500	670.8
53.671250	688.3
53.675000	705.9
53.678750	691.2
53.682500	657.7
53.686250	692.1
53.690000	703.9
53.693750	693.1
53.697500	682.6
53.701250	691.7
53.705000	660.8
53.708750	641.7
53.712500	735.9
53.716250	714.0
53.720000	691.0
53.723750	675.5
53.727500	698.5
53.731250	690.8
53.735000	726.3
53.738750	680.0
53.742500	734.4
53.746250	692.7
53.750000	658.3
53.753750	725.9
53.757500	681.1
53.761250	653.1
53.765000	715.7
53.768750	662.3
53.772500	697.0
53.776250	683.9
53.780000	716.3
53.783750	663.8
53.787500	672.8
53.791250	687.3
53.795000	684.6
53.798750	657.5
53.802500	714.7
53.806250	684.7
53.810000	721.5
53.813750	663.0
53.817500	656.4
53.821250	688.7
53.825000	702.5
53.828750	677.6
53.832500	693.5
53.836250	641.0
53.840000	683.9
53.843750	704.4
53.847500	708.0
53.851250	658.5
53.855000	701.7
53.858750	712.8
53.862500	683.9
53.866250	677.9
53.870000	691.6
53.873750	708.8
53.877500	717.0
53.881250	687.0
53.885000	743.1
53.888750	702.9
53.892500	726.7
53.896250	699.0
53.900000	718.6
53.903750	715.3
53.907500	732.4
53.911250	664.9
53.915000	707.0
53.918750	712.6
53.922500	710.3
53.926250	704.2
53.930000	696.7
53.933750	712.6
53.937500	752.9
53.941250	695.6
53.945000	740.6
53.948750	722.7
53.952500	683.2
53.956250	725.3
53.960000	711.0
53.963750	743.6
53.967500	739.0
53.971250	663.1
53.975000	658.2
53.978750	720.3
53.982500	691.3
53.986250	691.0
53.990000	711.4
53.993750	729.4
53.997500	716.0
54.001250	716.6
54.005000	749.2
54.008750	708.3
54.012500	750.4
54.016250	716.6
54.020000	672.5
54.023750	717.8
54.027500	706.6
54.031250	712.4
54.035000	721.9
54.038750	678.6
54.042500	730.8
54.046250	725.2
54.050000	711.0
54.053750	765.2
54.057500	759.3
54.061250	693.8
54.065000	750.0
54.068750	778.0
54.072500	774.7
54.076250	749.9
54.080000	730.4
54.083750	704.7
54.087500	769.3
54.091250	775.6
54.095000	741.6
54.098750	727.0
54.102500	741.9
54.106250	775.3
54.110000	733.2
54.113750	731.4
54.117500	763.2
54.121250	732.6
54.125000	730.2
54.128750	742.6
54.132500	722.7
54.136250	741.8
54.140000	760.1
54.143750	769.0
54.147500	763.5
54.151250	717.9
54.155000	704.0
54.158750	768.8
54.162500	728.4
54.166250	735.3
54.170000	748.5
54.173750	768.6
54.177500	762.8
54.181250	783.3
54.185000	736.4
54.188750	751.9
54.192500	716.2
54.196250	724.1
54.200000	739.6
54.203750	745.6
54.207500	740.3
54.211250	696.9
54.215000	729.0
54.218750	739.7
54.222500	726.6
54.226250	717.7
54.230000	752.6
54.233750	765.1
54.237500	733.5
54.241250	742.4
54.245000	746.5
54.248750	751.1
54.252500	721.9
54.256250	729.8
54.260000	746.2
54.263750	693.4
54.267500	697.2
54.271250	710.4
54.275000	675.3
54.278750	750.4
54.282500	715.9
54.286250	695.0
54.290000	691.4
54.293750	704.0
54.297500	730.2
54.301250	671.1
54.305000	674.5
54.308750	713.3
54.312500	720.5
54.316250	679.2
54.320000	713.2
54.323750	764.6
54.327500	736.4
54.331250	715.1
54.335000	770.2
54.338750	703.2
54.342500	722.9
54.346250	732.8
54.350000	681.5
54.353750	718.1
54.357500	756.1
54.361250	703.1
54.365000	668.8
54.368750	720.2
54.372500	715.3
54.376250	677.0
54.380000	665.3
54.383750	700.0
54.387500	723.5
54.391250	760.8
54.395000	712.1
54.398750	678.0
54.402500	698.3
54.406250	680.5
54.410000	666.1
54.413750	694.5
54.417500	686.7
54.421250	687.3
54.425000	666.2
54.428750	684.2
54.432500	706.8
54.436250	710.7
54.440000	652.4
54.443750	713.1
54.447500	683.6
54.451250	687.0
54.455000	656.8
54.458750	721.7
54.462500	692.9
54.466250	705.4
54.470000	659.8
54.473750	679.9
54.477500	696.7
54.481250	707.0
54.485000	665.8
54.488750	700.6
54.492500	685.8
54.496250	712.0
54.500000	625.4
54.503750	669.5
54.507500	680.9
54.511250	639.6
54.515000	650.9
54.518750	670.3
54.522500	703.1
54.526250	693.6
54.530000	682.5
54.533750	686.3
54.537500	679.7
54.541250	731.4
54.545000	681.6
54.548750	662.9
54.552500	639.8
54.556250	675.3
54.560000	680.6
54.563750	645.8
54.567500	684.2
54.571250	692.5
54.575000	709.6
54.578750	714.8
54.582500	670.6
54.586250	719.3
54.590000	645.0
54.593750	661.6
54.597500	658.6
54.601250	637.7
54.605000	661.4
54.608750	675.6
54.612500	672.8
54.616250	646.5
54.620000	680.1
54.623750	696.8
54.627500	643.2
54.631250	695.3
54.635000	685.1
54.638750	677.5
54.642500	717.8
54.646250	683.8
54.650000	676.0
54.653750	682.6
54.657500	687.4
54.661250	697.2
54.665000	639.7
54.668750	636.1
54.672500	665.0
54.676250	699.0
54.680000	681.6
54.683750	644.1
54.687500	667.6
54.691250	736.9
54.695000	711.3
54.698750	704.2
54.702500	671.4
54.706250	666.1
54.710000	640.9
54.713750	666.7
54.717500	678.8
54.721250	667.9
54.725000	642.6
54.728750	667.7
54.732500	639.2
54.736250	658.9
54.740000	669.4
54.743750	670.5
54.747500	717.0
54.751250	656.1
54.755000	676.6
54.758750	699.0
54.762500	647.6
54.766250	704.6
54.770000	739.9
54.773750	680.3
54.777500	690.0
54.781250	721.8
54.785000	665.4
54.788750	644.3
54.792500	660.3
54.796250	645.6
54.800000	680.9
54.803750	658.1
54.807500	645.2
54.811250	688.7
54.815000	664.1
54.818750	659.7
54.822500	641.3
54.826250	664.7
54.830000	680.6
54.833750	669.6
54.837500	672.0
54.841250	656.0
54.845000	702.1
54.848750	723.7
54.852500	674.9
54.856250	644.6
54.860000	714.7
54.863750	697.3
54.867500	648.8
54.871250	716.3
54.875000	703.1
54.878750	661.8
54.882500	698.1
54.886250	660.4
54.890000	639.2
54.893750	705.2
54.897500	662.8
54.901250	670.2
54.905000	716.6
54.908750	711.2
54.912500	679.9
54.916250	653.4
54.920000	677.9
54.923750	663.6
54.927500	663.4
54.931250	726.3
54.935000	689.1
54.938750	691.3
54.942500	749.3
54.946250	750.7
54.950000	720.5
54.953750	753.7
54.957500	740.0
54.961250	765.4
54.965000	760.9
54.968750	794.2
54.972500	767.8
54.976250	757.0
54.980000	789.1
54.983750	794.8
54.987500	752.5
54.991250	785.6
54.995000	764.4
54.998750	793.0
55.002500	733.5
55.006250	709.8
55.010000	754.1
55.013750	686.2
55.017500	739.7
55.021250	677.0
55.025000	668.8
55.028750	727.6
55.032500	668.6
55.036250	714.5
55.040000	700.4
55.043750	679.3
55.047500	672.7
55.051250	662.9
55.055000	704.0
55.058750	646.1
55.062500	667.4
55.066250	653.7
55.070000	695.6
55.073750	681.6
55.077500	721.0
55.081250	685.9
55.085000	680.0
55.088750	684.6
55.092500	675.3
55.096250	621.1
55.100000	725.8
55.103750	692.0
55.107500	655.3
55.111250	656.3
55.115000	682.6
55.118750	683.9
55.122500	647.1
55.126250	703.9
55.130000	656.9
55.133750	661.8
55.137500	687.1
55.141250	672.1
55.145000	669.7
55.148750	719.2
55.152500	677.7
55.156250	693.9
55.160000	654.0
55.163750	707.5
55.167500	654.4
55.171250	679.2
55.175000	714.7
55.178750	659.6
55.182500	659.6
55.186250	731.2
55.190000	668.6
55.193750	653.9
55.197500	658.5
55.201250	666.1
55.205000	684.5
55.208750	648.5
55.212500	700.3
55.216250	673.7
55.220000	647.4
55.223750	677.0
55.227500	705.9
55.231250	660.9
55.235000	679.1
55.238750	703.0
55.242500	676.3
55.246250	673.3
55.250000	695.6
55.253750	659.9
55.257500	655.8
55.261250	693.3
55.265000	663.0
55.268750	658.1
55.272500	684.4
55.276250	689.6
55.280000	651.3
55.283750	679.4
55.287500	693.1
55.291250	723.0
55.295000	728.1
55.298750	697.0
55.302500	741.3
55.306250	699.3
55.310000	719.4
55.313750	732.7
55.317500	732.1
55.321250	756.0
55.325000	755.9
55.328750	775.9
55.332500	740.7
55.336250	763.9
55.340000	774.8
55.343750	789.4
55.347500	818.5
55.351250	850.1
55.355000	879.3
55.358750	888.7
55.362500	869.6
55.366250	989.6
55.370000	935.7
55.373750	1016.2
55.377500	1080.7
55.381250	1110.0
55.385000	1186.5
55.388750	1328.0
55.392500	1282.4
55.396250	1335.5
55.400000	1366.3
55.403750	1322.4
55.407500	1398.1
55.411250	1453.3
55.415000	1417.2
55.418750	1370.8
55.422500	1355.6
55.426250	1346.4
55.430000	1298.0
55.433750	1247.7
55.437500	1206.2
55.441250	1101.9
55.445000	997.5
55.448750	968.1
55.452500	911.2
55.456250	774.6
55.460000	824.9
55.463750	856.9
55.467500	774.2
55.471250	755.4
55.475000	766.0
55.478750	731.4
55.482500	745.4
55.486250	754.6
55.490000	684.9
55.493750	702.6
55.497500	762.2
55.501250	711.3
55.505000	720.2
55.508750	684.8
55.512500	672.2
55.516250	663.2
55.520000	681.6
55.523750	646.8
55.527500	666.3
55.531250	651.0
55.535000	638.7
55.538750	617.0
55.542500	645.3
55.546250	674.5
55.550000	694.7
55.553750	752.4
55.557500	638.9
55.561250	632.1
55.565000	682.4
55.568750	653.8
55.572500	651.5
55.576250	636.0
55.580000	677.4
55.583750	724.9
55.587500	703.8
55.591250	632.9
55.595000	667.7
55.598750	709.7
55.602500	637.3
55.606250	625.7
55.610000	686.4
55.613750	726.0
55.617500	686.0
55.621250	673.2
55.625000	685.2
55.628750	657.2
55.632500	644.6
55.636250	612.2
55.640000	616.1
55.643750	678.4
55.647500	667.8
55.651250	675.5
55.655000	703.3
55.658750	655.6
55.662500	612.6
55.666250	677.0
55.670000	642.1
55.673750	621.4
55.677500	708.8
55.681250	710.6
55.685000	668.5
55.688750	605.5
55.692500	672.7
55.696250	624.1
55.700000	657.8
55.703750	675.9
55.707500	663.8
55.711250	683.8
55.715000	701.9
55.718750	655.9
55.722500	628.2
55.726250	708.1
55.730000	672.4
55.733750	668.7
55.737500	717.4
55.741250	648.7
55.745000	624.5
55.748750	625.2
55.752500	675.4
55.756250	681.8
55.760000	676.2
55.763750	632.6
55.767500	620.6
55.771250	672.5
55.775000	632.9
55.778750	646.4
55.782500	654.7
55.786250	632.8
55.790000	656.4
55.793750	638.9
55.797500	646.3
55.801250	625.0
55.805000	648.1
55.808750	681.3
55.812500	673.2
55.816250	624.1
55.820000	659.2
55.823750	686.3
55.827500	659.7
55.831250	630.3
55.835000	595.0
55.838750	619.6
55.842500	634.0
55.846250	636.2
55.850000	646.5
55.853750	642.7
55.857500	608.2
55.861250	586.5
55.865000	655.2
55.868750	640.8
55.872500	609.6
55.876250	649.5
55.880000	633.8
55.883750	642.6
55.887500	655.4
55.891250	635.4
55.895000	628.6
55.898750	628.6
55.902500	609.7
55.906250	587.0
55.910000	649.3
55.913750	634.8
55.917500	683.6
55.921250	667.4
55.925000	625.3
55.928750	653.8
55.932500	687.3
55.936250	633.5
55.940000	607.3
55.943750	630.0
55.947500	645.5
55.951250	661.0
55.955000	697.4
55.958750	663.5
55.962500	666.1
55.966250	666.7
55.970000	650.3
55.973750	646.9
55.977500	663.6
55.981250	680.6
55.985000	621.5
55.988750	650.6
55.992500	660.8
55.996250	674.9
56.000000	684.3
56.003750	620.1
56.007500	651.4
56.011250	684.2
56.015000	645.6
56.018750	636.0
56.022500	628.3
56.026250	650.2
56.030000	673.7
56.033750	660.5
56.037500	653.4
56.041250	657.6
56.045000	672.4
56.048750	675.9
56.052500	631.9
56.056250	693.9
56.060000	662.6
56.063750	617.2
56.067500	632.6
56.071250	653.3
56.075000	636.8
56.078750	665.9
56.082500	632.4
56.086250	657.8
56.090000	692.2
56.093750	656.4
56.097500	647.0
56.101250	614.8
56.105000	658.5
56.108750	664.2
56.112500	657.6
56.116250	660.4
56.120000	659.1
56.123750	661.1
56.127500	613.2
56.131250	549.6
56.135000	629.7
56.138750	671.3
56.142500	624.9
56.146250	635.6
56.150000	661.8
56.153750	629.4
56.157500	623.2
56.161250	647.3
56.165000	696.2
56.168750	698.8
56.172500	663.5
56.176250	639.0
56.180000	654.5
56.183750	601.3
56.187500	651.6
56.191250	647.4
56.195000	660.1
56.198750	667.9
56.202500	677.8
56.206250	631.5
56.210000	645.6
56.213750	610.8
56.217500	671.3
56.221250	621.2
56.225000	651.2
56.228750	629.6
56.232500	613.8
56.236250	621.8
56.240000	636.3
56.243750	641.7
56.247500	629.5
56.251250	627.4
56.255000	638.5
56.258750	640.7
56.262500	625.9
56.266250	645.2
56.270000	652.0
56.273750	653.6
56.277500	626.1
56.281250	587.7
56.285000	653.8
56.288750	615.7
56.292500	659.9
56.296250	642.1
56.300000	640.2
56.303750	620.9
56.307500	627.1
56.311250	650.9
56.315000	646.3
56.318750	624.4
56.322500	627.7
56.326250	664.1
56.330000	627.2
56.333750	684.5
56.337500	648.7
56.341250	616.3
56.345000	611.5
56.348750	606.3
56.352500	623.6
56.356250	602.6
56.360000	646.7
56.363750	676.4
56.367500	582.7
56.371250	636.6
56.375000	660.5
56.378750	626.1
56.382500	638.3
56.386250	599.7
56.390000	662.1
56.393750	640.3
56.397500	640.0
56.401250	643.4
56.405000	618.6
56.408750	621.5
56.412500	631.3
56.416250	621.0
56.420000	661.6
56.423750	648.3
56.427500	660.4
56.431250	660.4
56.435000	667.8
56.438750	671.8
56.442500	660.8
56.446250	628.8
56.450000	657.0
56.453750	643.3
56.457500	633.5
56.461250	622.2
56.465000	642.0
56.468750	638.7
56.472500	622.4
56.476250	612.9
56.480000	673.1
56.483750	658.3
56.487500	654.4
56.491250	671.7
56.495000	675.5
56.498750	644.8
56.502500	620.0
56.506250	628.2
56.510000	666.9
56.513750	643.7
56.517500	597.5
56.521250	650.6
56.525000	672.3
56.528750	629.1
56.532500	604.7
56.536250	636.0
56.540000	641.1
56.543750	613.0
56.547500	645.4
56.551250	653.1
56.555000	626.2
56.558750	660.6
56.562500	675.8
56.566250	658.7
56.570000	654.1
56.573750	634.6
56.577500	657.0
56.581250	648.1
56.585000	658.1
56.588750	647.0
56.592500	668.1
56.596250	650.6
56.600000	653.0
56.603750	668.7
56.607500	604.1
56.611250	641.7
56.615000	631.1
56.618750	643.2
56.622500	650.3
56.626250	661.6
56.630000	611.2
56.633750	629.3
56.637500	619.5
56.641250	652.3
56.645000	652.9
56.648750	612.4
56.652500	659.8
56.656250	655.1
56.660000	639.2
56.663750	611.6
56.667500	623.7
56.671250	639.1
56.675000	656.1
56.678750	622.7
56.682500	690.3
56.686250	664.2
56.690000	650.7
56.693750	643.2
56.697500	667.0
56.701250	661.3
56.705000	634.2
56.708750	627.6
56.712500	672.4
56.716250	622.4
56.720000	624.0
56.723750	605.4
56.727500	625.3
56.731250	629.1
56.735000	707.3
56.738750	643.7
56.742500	633.1
56.746250	667.7
56.750000	664.7
56.753750	631.0
56.757500	676.4
56.761250	638.7
56.765000	636.3
56.768750	610.9
56.772500	612.6
56.776250	660.4
56.780000	622.2
56.783750	648.2
56.787500	649.2
56.791250	616.5
56.795000	593.8
56.798750	645.2
56.802500	721.8
56.806250	708.8
56.810000	681.2
56.813750	667.6
56.817500	655.2
56.821250	629.2
56.825000	642.8
56.828750	616.6
56.832500	617.4
56.836250	646.7
56.840000	685.8
56.843750	668.9
56.847500	657.8
56.851250	637.6
56.855000	654.7
56.858750	642.0
56.862500	640.2
56.866250	654.3
56.870000	650.8
56.873750	613.2
56.877500	637.1
56.881250	619.7
56.885000	640.4
56.888750	642.4
56.892500	657.9
56.896250	635.1
56.900000	640.2
56.903750	647.7
56.907500	676.8
56.911250	689.7
56.915000	688.6
56.918750	676.3
56.922500	715.0
56.926250	658.8
56.930000	708.9
56.933750	690.9
56.937500	724.5
56.941250	710.5
56.945000	674.0
56.948750	615.8
56.952500	648.4
56.956250	663.3
56.960000	723.0
56.963750	714.3
56.967500	685.1
56.971250	648.8
56.975000	664.5
56.978750	729.4
56.982500	658.5
56.986250	629.7
56.990000	601.3
56.993750	624.3
56.997500	649.1
57.001250	657.5
57.005000	640.8
57.008750	615.6
57.012500	651.9
57.016250	632.3
57.020000	601.5
57.023750	651.8
57.027500	626.4
57.031250	625.1
57.035000	637.8
57.038750	664.8
57.042500	634.8
57.046250	648.1
57.050000	692.0
57.053750	653.5
57.057500	641.9
57.061250	639.6
57.065000	637.0
57.068750	657.3
57.072500	690.3
57.076250	632.0
57.080000	625.5
57.083750	600.6
57.087500	596.0
57.091250	670.4
57.095000	666.2
57.098750	616.7
57.102500	613.4
57.106250	632.4
57.110000	628.8
57.113750	651.3
57.117500	649.8
57.121250	635.9
57.125000	665.4
57.128750	682.9
57.132500	702.8
57.136250	695.5
57.140000	658.7
57.143750	633.1
57.147500	680.2
57.151250	627.3
57.155000	656.0
57.158750	661.0
57.162500	653.5
57.166250	624.9
57.170000	614.1
57.173750	654.3
57.177500	642.3
57.181250	619.8
57.185000	600.4
57.188750	654.6
57.192500	698.5
57.196250	629.3
57.200000	633.0
57.203750	633.7
57.207500	620.6
57.211250	639.9
57.215000	664.9
57.218750	649.6
57.222500	619.5
57.226250	652.2
57.230000	652.8
57.233750	659.8
57.237500	623.3
57.241250	619.8
57.245000	605.4
57.248750	640.0
57.252500	645.0
57.256250	605.9
57.260000	642.3
57.263750	660.3
57.267500	632.7
57.271250	629.9
57.275000	623.8
57.278750	619.4
57.282500	602.2
57.286250	606.9
57.290000	633.5
57.293750	667.5
57.297500	652.2
57.301250	613.3
57.305000	618.1
57.308750	645.4
57.312500	627.3
57.316250	607.7
57.320000	616.8
57.323750	632.6
57.327500	618.5
57.331250	647.1
57.335000	644.0
57.338750	607.8
57.342500	630.6
57.346250	655.1
57.350000	627.9
57.353750	628.2
57.357500	611.4
57.361250	648.4
57.365000	646.3
57.368750	614.6
57.372500	599.3
57.376250	641.9
57.380000	655.6
57.383750	617.9
57.387500	617.2
57.391250	661.0
57.395000	617.6
57.398750	621.9
57.402500	662.7
57.406250	663.3
57.410000	642.3
57.413750	599.6
57.417500	596.3
57.421250	618.9
57.425000	626.7
57.428750	627.2
57.432500	626.9
57.436250	633.9
57.440000	630.3
57.443750	640.1
57.447500	620.8
57.451250	651.2
57.455000	675.8
57.458750	623.2
57.462500	615.2
57.466250	626.3
57.470000	620.2
57.473750	597.6
57.477500	593.2
57.481250	598.5
57.485000	618.1
57.488750	677.0
57.492500	635.4
57.496250	632.5
57.500000	621.2
57.503750	643.0
57.507500	638.9
57.511250	657.6
57.515000	663.5
57.518750	638.8
57.522500	616.4
57.526250	639.0
57.530000	624.7
57.533750	634.5
57.537500	628.8
57.541250	609.3
57.545000	648.0
57.548750	659.8
57.552500	661.0
57.556250	696.1
57.560000	659.1
57.563750	639.2
57.567500	664.8
57.571250	678.8
57.575000	638.2
57.578750	642.1
57.582500	628.9
57.586250	644.6
57.590000	656.0
57.593750	674.7
57.597500	653.0
57.601250	666.3
57.605000	628.4
57.608750	646.2
57.612500	662.4
57.616250	658.0
57.620000	664.3
57.623750	646.1
57.627500	627.8
57.631250	612.6
57.635000	634.2
57.638750	641.4
57.642500	607.2
57.646250	639.8
57.650000	670.6
57.653750	622.3
57.657500	637.3
57.661250	655.5
57.665000	654.5
57.668750	630.9
57.672500	621.9
57.676250	665.4
57.680000	635.9
57.683750	621.0
57.687500	626.7
57.691250	683.7
57.695000	666.1
57.698750	656.4
57.702500	725.0
57.706250	714.5
57.710000	669.2
57.713750	668.1
57.717500	695.0
57.721250	697.5
57.725000	727.8
57.728750	704.3
57.732500	705.5
57.736250	633.2
57.740000	629.8
57.743750	686.3
57.747500	692.3
57.751250	695.8
57.755000	672.3
57.758750	687.1
57.762500	683.1
57.766250	626.4
57.770000	651.2
57.773750	646.6
57.777500	631.4
57.781250	608.4
57.785000	643.8
57.788750	621.6
57.792500	608.4
57.796250	607.8
57.800000	626.0
57.803750	636.6
57.807500	621.6
57.811250	660.8
57.815000	605.0
57.818750	640.4
57.822500	622.2
57.826250	622.4
57.830000	633.0
57.833750	627.9
57.837500	629.5
57.841250	635.1
57.845000	628.3
57.848750	660.6
57.852500	620.6
57.856250	640.7
57.860000	627.3
57.863750	649.6
57.867500	648.6
57.871250	665.5
57.875000	628.6
57.878750	646.4
57.882500	596.3
57.886250	670.6
57.890000	665.2
57.893750	637.3
57.897500	616.4
57.901250	610.8
57.905000	646.2
57.908750	564.8
57.912500	603.6
57.916250	597.7
57.920000	627.6
57.923750	621.6
57.927500	671.8
57.931250	624.2
57.935000	638.4
57.938750	635.6
57.942500	615.2
57.946250	656.9
57.950000	607.6
57.953750	626.7
57.957500	643.2
57.961250	624.5
57.965000	621.4
57.968750	650.6
57.972500	663.9
57.976250	634.3
57.980000	646.6
57.983750	651.9
57.987500	593.8
57.991250	627.5
57.995000	669.9
57.998750	637.8
58.002500	630.0
58.006250	595.5
58.010000	662.8
58.013750	649.0
58.017500	626.1
58.021250	648.4
58.025000	635.1
58.028750	669.4
58.032500	660.2
58.036250	656.4
58.040000	615.1
58.043750	629.7
58.047500	649.8
58.051250	661.7
58.055000	661.3
58.058750	637.5
58.062500	640.2
58.066250	593.0
58.070000	628.6
58.073750	678.3
58.077500	640.8
58.081250	649.5
58.085000	692.7
58.088750	642.2
58.092500	640.4
58.096250	667.2
58.100000	637.0
58.103750	615.9
58.107500	618.2
58.111250	696.2
58.115000	693.4
58.118750	678.8
58.122500	629.0
58.126250	658.2
58.130000	656.8
58.133750	667.5
58.137500	652.3
58.141250	669.5
58.145000	698.8
58.148750	699.8
58.152500	654.0
58.156250	678.9
58.160000	653.0
58.163750	611.1
58.167500	657.7
58.171250	679.9
58.175000	659.5
58.178750	710.7
58.182500	654.8
58.186250	694.2
58.190000	669.8
58.193750	677.9
58.197500	641.5
58.201250	665.2
58.205000	675.7
58.208750	723.4
58.212500	700.4
58.216250	668.0
58.220000	705.8
58.223750	718.0
58.227500	683.8
58.231250	642.1
58.235000	664.3
58.238750	638.3
58.242500	657.9
58.246250	687.0
58.250000	664.0
58.253750	671.8
58.257500	647.9
58.261250	671.9
58.265000	696.2
58.268750	664.6
58.272500	679.2
58.276250	655.7
58.280000	698.4
58.283750	661.4
58.287500	704.9
58.291250	701.0
58.295000	695.2
58.298750	704.8
58.302500	686.6
58.306250	717.9
58.310000	685.4
58.313750	728.5
58.317500	694.9
58.321250	707.9
58.325000	666.8
58.328750	691.9
58.332500	743.9
58.336250	666.7
58.340000	676.9
58.343750	675.5
58.347500	701.1
58.351250	690.2
58.355000	684.3
58.358750	691.3
58.362500	674.3
58.366250	648.7
58.370000	678.8
58.373750	704.4
58.377500	641.2
58.381250	665.6
58.385000	705.8
58.388750	669.7
58.392500	723.0
58.396250	732.6
58.400000	714.6
58.403750	722.2
58.407500	688.1
58.411250	692.9
58.415000	729.5
58.418750	636.4
58.422500	731.9
58.426250	752.2
58.430000	670.0
58.433750	676.5
58.437500	689.4
58.441250	704.0
58.445000	707.4
58.448750	734.3
58.452500	727.1
58.456250	699.9
58.460000	692.9
58.463750	708.3
58.467500	687.8
58.471250	702.0
58.475000	746.2
58.478750	702.7
58.482500	674.1
58.486250	692.0
58.490000	755.2
58.493750	698.6
58.497500	701.0
58.501250	667.7
58.505000	729.9
58.508750	695.1
58.512500	728.4
58.516250	715.6
58.520000	721.0
58.523750	764.2
58.527500	746.8
58.531250	737.4
58.535000	654.0
58.538750	674.5
58.542500	674.5
58.546250	702.8
58.550000	705.8
58.553750	735.4
58.557500	722.1
58.561250	707.7
58.565000	722.3
58.568750	720.3
58.572500	693.4
58.576250	743.3
58.580000	742.8
58.583750	723.9
58.587500	752.2
58.591250	747.5
58.595000	717.6
58.598750	717.2
58.602500	703.2
58.606250	697.3
58.610000	698.2
58.613750	737.4
58.617500	727.9
58.621250	719.3
58.625000	718.0
58.628750	742.2
58.632500	729.4
58.636250	681.5
58.640000	689.0
58.643750	729.6
58.647500	703.4
58.651250	729.9
58.655000	735.7
58.658750	702.9
58.662500	672.3
58.666250	730.5
58.670000	721.1
58.673750	716.6
58.677500	706.5
58.681250	674.9
58.685000	698.7
58.688750	703.7
58.692500	694.0
58.696250	721.5
58.700000	715.3
58.703750	648.5
58.707500	697.7
58.711250	712.5
58.715000	721.1
58.718750	727.6
58.722500	672.9
58.726250	729.1
58.730000	701.2
58.733750	715.0
58.737500	679.1
58.741250	667.9
58.745000	659.6
58.748750	656.0
58.752500	664.1
58.756250	667.2
58.760000	682.8
58.763750	665.5
58.767500	618.7
58.771250	687.0
58.775000	667.2
58.778750	644.3
58.782500	649.9
58.786250	661.1
58.790000	688.1
58.793750	706.7
58.797500	643.4
58.801250	646.6
58.805000	662.2
58.808750	611.4
58.812500	653.7
58.816250	660.2
58.820000	648.5
58.823750	633.7
58.827500	653.6
58.831250	697.2
58.835000	628.7
58.838750	646.0
58.842500	657.6
58.846250	660.8
58.850000	655.1
58.853750	640.8
58.857500	645.7
58.861250	652.4
58.865000	636.1
58.868750	673.9
58.872500	638.7
58.876250	610.8
58.880000	637.7
58.883750	637.4
58.887500	630.6
58.891250	705.5
58.895000	658.3
58.898750	627.1
58.902500	666.6
58.906250	655.3
58.910000	651.2
58.913750	671.4
58.917500	628.1
58.921250	650.1
58.925000	722.6
58.928750	658.7
58.932500	661.7
58.936250	692.7
58.940000	673.6
58.943750	691.1
58.947500	685.2
58.951250	656.9
58.955000	695.5
58.958750	693.7
58.962500	697.8
58.966250	689.4
58.970000	668.2
58.973750	621.8
58.977500	620.3
58.981250	638.6
58.985000	645.8
58.988750	643.8
58.992500	663.0
58.996250	656.8
59.000000	655.4
59.003750	660.6
59.007500	635.2
59.011250	632.6
59.015000	621.9
59.018750	670.7
59.022500	650.2
59.026250	647.9
59.030000	674.1
59.033750	662.3
59.037500	666.7
59.041250	675.3
59.045000	675.2
59.048750	652.9
59.052500	628.2
59.056250	647.1
59.060000	635.2
59.063750	631.1
59.067500	630.7
59.071250	634.2
59.075000	639.4
59.078750	631.9
59.082500	662.8
59.086250	637.1
59.090000	617.1
59.093750	625.5
59.097500	622.6
59.101250	636.6
59.105000	693.6
59.108750	658.9
59.112500	603.7
59.116250	643.8
59.120000	622.9
59.123750	650.2
59.127500	643.6
59.131250	660.5
59.135000	644.3
59.138750	593.9
59.142500	592.4
59.146250	672.2
59.150000	646.6
59.153750	627.2
59.157500	625.5
59.161250	641.5
59.165000	603.7
59.168750	581.3
59.172500	654.7
59.176250	618.8
59.180000	635.6
59.183750	627.0
59.187500	618.8
59.191250	599.8
59.195000	670.6
59.198750	646.3
59.202500	662.6
59.206250	620.3
59.210000	631.3
59.213750	649.8
59.217500	653.8
59.221250	651.0
59.225000	644.1
59.228750	653.0
59.232500	617.5
59.236250	637.8
59.240000	591.1
59.243750	618.4
59.247500	636.1
59.251250	677.1
59.255000	645.8
59.258750	661.9
59.262500	675.5
59.266250	617.3
59.270000	567.8
59.273750	621.4
59.277500	664.0
59.281250	695.4
59.285000	646.9
59.288750	678.2
59.292500	644.0
59.296250	670.6
59.300000	636.4
59.303750	643.3
59.307500	671.5
59.311250	700.2
59.315000	678.9
59.318750	648.6
59.322500	616.5
59.326250	609.2
59.330000	624.5
59.333750	648.4
59.337500	638.2
59.341250	621.8
59.345000	657.6
59.348750	686.7
59.352500	685.6
59.356250	652.4
59.360000	653.3
59.363750	653.5
59.367500	633.2
59.371250	673.1
59.375000	665.8
59.378750	644.1
59.382500	634.2
59.386250	620.7
59.390000	679.9
59.393750	624.8
59.397500	612.8
59.401250	689.2
59.405000	622.4
59.408750	648.4
59.412500	610.0
59.416250	641.8
59.420000	622.9
59.423750	624.0
59.427500	643.0
59.431250	623.7
59.435000	621.7
59.438750	622.2
59.442500	632.3
59.446250	619.3
59.450000	649.1
59.453750	658.9
59.457500	631.6
59.461250	649.6
59.465000	644.6
59.468750	669.9
59.472500	612.5
59.476250	590.2
59.480000	615.2
59.483750	668.5
59.487500	683.9
59.491250	645.5
59.495000	655.7
59.498750	645.4
59.502500	594.5
59.506250	633.2
59.510000	607.0
59.513750	620.5
59.517500	644.7
59.521250	656.2
59.525000	633.1
59.528750	605.0
59.532500	650.0
59.536250	633.7
59.540000	643.1
59.543750	644.1
59.547500	673.9
59.551250	609.5
59.555000	624.4
59.558750	625.9
59.562500	602.8
59.566250	609.9
59.570000	592.1
59.573750	633.3
59.577500	642.0
59.581250	650.8
59.585000	629.3
59.588750	659.9
59.592500	623.6
59.596250	636.6
59.600000	682.5
59.603750	664.6
59.607500	636.3
59.611250	658.4
59.615000	613.1
59.618750	639.2
59.622500	649.0
59.626250	661.5
59.630000	630.9
59.633750	677.8
59.637500	673.2
59.641250	677.7
59.645000	631.0
59.648750	686.9
59.652500	657.1
59.656250	642.9
59.660000	631.3
59.663750	636.8
59.667500	682.1
59.671250	661.6
59.675000	687.5
59.678750	644.7
59.682500	635.7
59.686250	636.0
59.690000	675.9
59.693750	655.5
59.697500	689.5
59.701250	672.4
59.705000	678.3
59.708750	652.9
59.712500	661.9
59.716250	715.9
59.720000	678.0
59.723750	709.8
59.727500	679.1
59.731250	639.4
59.735000	695.5
59.738750	673.9
59.742500	688.9
59.746250	674.2
59.750000	701.5
59.753750	690.2
59.757500	643.2
59.761250	631.7
59.765000	664.5
59.768750	620.6
59.772500	629.6
59.776250	650.7
59.780000	646.6
59.783750	642.8
59.787500	661.3
59.791250	648.4
59.795000	635.8
59.798750	665.6
59.802500	628.0
59.806250	610.2
59.810000	627.8
59.813750	676.3
59.817500	672.3
59.821250	672.2
59.825000	653.4
59.828750	662.6
59.832500	663.0
59.836250	615.0
59.840000	654.4
59.843750	675.8
59.847500	651.2
59.851250	632.2
59.855000	664.7
59.858750	677.1
59.862500	675.9
59.866250	620.3
59.870000	652.3
59.873750	659.4
59.877500	664.3
59.881250	614.7
59.885000	626.0
59.888750	646.9
59.892500	624.1
59.896250	638.5
59.900000	684.3
59.903750	663.6
59.907500	662.9
59.911250	685.8
59.915000	679.7
59.918750	646.3
59.922500	691.7
59.926250	667.4
59.930000	650.5
59.933750	633.4
59.937500	674.9
59.941250	653.8
59.945000	638.7
59.948750	620.8
59.952500	650.4
59.956250	676.2
59.960000	688.3
59.963750	674.7
59.967500	633.5
59.971250	659.1
59.975000	643.2
59.978750	609.7
59.982500	685.6
59.986250	676.1
59.990000	661.8
59.993750	647.9
59.997500	646.6
60.001250	657.4
60.005000	690.9
60.008750	648.5
60.012500	674.5
60.016250	642.8
60.020000	680.5
60.023750	672.8
60.027500	657.3
60.031250	634.6
60.035000	639.9
60.038750	628.2
60.042500	629.9
60.046250	660.4
60.050000	642.2
60.053750	667.8
60.057500	667.6
60.061250	632.2
60.065000	679.2
60.068750	643.4
60.072500	668.0
60.076250	643.1
60.080000	643.4
60.083750	711.4
60.087500	672.4
60.091250	660.5
60.095000	667.8
60.098750	631.8
60.102500	667.1
60.106250	657.8
60.110000	723.7
60.113750	674.6
60.117500	669.7
60.121250	635.9
60.125000	645.7
60.128750	625.7
60.132500	692.1
60.136250	705.8
60.140000	675.0
60.143750	706.4
60.147500	663.2
60.151250	657.2
60.155000	716.5
60.158750	691.1
60.162500	694.7
60.166250	645.9
60.170000	656.6
60.173750	642.7
60.177500	696.2
60.181250	690.5
60.185000	692.1
60.188750	638.2
60.192500	646.6
60.196250	655.4
60.200000	700.1
60.203750	697.4
60.207500	686.9
60.211250	634.4
60.215000	682.2
60.218750	652.3
60.222500	655.9
60.226250	668.9
60.230000	622.0
60.233750	654.0
60.237500	724.3
60.241250	656.7
60.245000	626.3
60.248750	630.5
60.252500	658.6
60.256250	664.8
60.260000	655.6
60.263750	650.4
60.267500	635.4
60.271250	632.4
60.275000	640.7
60.278750	690.6
60.282500	625.0
60.286250	630.2
60.290000	644.5
60.293750	663.1
60.297500	647.5
60.301250	633.8
60.305000	665.4
60.308750	654.3
60.312500	661.8
60.316250	624.8
60.320000	648.7
60.323750	606.2
60.327500	606.6
60.331250	655.7
60.335000	668.2
60.338750	637.9
60.342500	618.3
60.346250	604.3
60.350000	655.0
60.353750	682.1
60.357500	642.6
60.361250	664.9
60.365000	622.7
60.368750	628.6
60.372500	641.4
60.376250	596.7
60.380000	628.5
60.383750	647.2
60.387500	598.0
60.391250	647.7
60.395000	599.4
60.398750	658.8
60.402500	633.9
60.406250	654.4
60.410000	582.2
60.413750	617.5
60.417500	601.0
60.421250	571.9
60.425000	624.6
60.428750	626.5
60.432500	655.7
60.436250	599.1
60.440000	628.3
60.443750	643.9
60.447500	619.7
60.451250	636.3
60.455000	605.2
60.458750	614.5
60.462500	610.6
60.466250	618.4
60.470000	589.5
60.473750	592.4
60.477500	621.4
60.481250	628.3
60.485000	586.2
60.488750	656.6
60.492500	605.5
60.496250	590.2
60.500000	642.4
60.503750	636.7
60.507500	589.5
60.511250	670.5
60.515000	594.0
60.518750	579.6
60.522500	550.0
60.526250	642.3
60.530000	638.6
60.533750	632.5
60.537500	634.7
60.541250	592.5
60.545000	624.7
60.548750	657.6
60.552500	618.3
60.556250	619.6
60.560000	580.7
60.563750	618.1
60.567500	643.5
60.571250	650.4
60.575000	579.2
60.578750	601.9
60.582500	619.2
60.586250	624.6
60.590000	638.9
60.593750	580.6
60.597500	600.6
60.601250	626.0
60.605000	693.3
60.608750	664.2
60.612500	657.5
60.616250	648.3
60.620000	605.0
60.623750	667.3
60.627500	613.7
60.631250	605.0
60.635000	640.1
60.638750	637.5
60.642500	614.6
60.646250	613.8
60.650000	625.5
60.653750	579.2
60.657500	618.8
60.661250	616.5
60.665000	615.8
60.668750	647.2
60.672500	632.6
60.676250	676.7
60.680000	527.9
60.683750	600.0
60.687500	614.5
60.691250	592.4
60.695000	562.9
60.698750	594.7
60.702500	597.5
60.706250	598.4
60.710000	679.8
60.713750	628.8
60.717500	595.8
60.721250	629.2
60.725000	605.8
60.728750	617.1
60.732500	618.0
60.736250	620.0
60.740000	619.3
60.743750	622.2
60.747500	631.1
60.751250	609.9
60.755000	651.6
60.758750	638.9
60.762500	626.2
60.766250	674.1
60.770000	626.3
60.773750	596.8
60.777500	608.2
60.781250	625.0
60.785000	624.5
60.788750	611.3
60.792500	625.1
60.796250	635.5
60.800000	600.1
60.803750	632.9
60.807500	642.9
60.811250	617.7
60.815000	603.4
60.818750	588.0
60.822500	639.6
60.826250	623.5
60.830000	598.3
60.833750	617.6
60.837500	595.3
60.841250	612.8
60.845000	561.3
60.848750	629.6
60.852500	577.2
60.856250	643.0
60.860000	584.3
60.863750	615.5
60.867500	591.2
60.871250	576.5
60.875000	598.5
60.878750	580.0
60.882500	587.3
60.886250	602.9
60.890000	596.8
60.893750	565.8
60.897500	605.2
60.901250	603.8
60.905000	574.3
60.908750	594.3
60.912500	600.4
60.916250	586.4
60.920000	612.8
60.923750	640.6
60.927500	624.9
60.931250	600.1
60.935000	558.0
60.938750	615.5
60.942500	540.2
60.946250	631.8
60.950000	625.5
60.953750	617.5
60.957500	590.1
60.961250	617.5
60.965000	583.8
60.968750	600.1
60.972500	613.8
60.976250	599.8
60.980000	622.9
60.983750	544.2
60.987500	578.8
60.991250	540.4
60.995000	546.1
60.998750	599.3
61.002500	595.2
61.006250	572.9
61.010000	621.6
61.013750	659.8
61.017500	629.8
61.021250	619.1
61.025000	592.6
61.028750	576.9
61.032500	621.2
61.036250	555.2
61.040000	556.6
61.043750	636.3
61.047500	627.3
61.051250	577.2
61.055000	618.9
61.058750	560.8
61.062500	610.1
61.066250	637.9
61.070000	613.5
61.073750	588.0
61.077500	607.0
61.081250	614.6
61.085000	650.0
61.088750	684.9
61.092500	599.4
61.096250	645.7
61.100000	586.8
61.103750	605.3
61.107500	570.8
61.111250	627.3
61.115000	604.8
61.118750	590.7
61.122500	557.6
61.126250	561.0
61.130000	560.0
61.133750	698.5
61.137500	653.4
61.141250	621.1
61.145000	588.6
61.148750	584.0
61.152500	652.0
61.156250	582.0
61.160000	600.9
61.163750	681.4
61.167500	560.5
61.171250	532.5
61.175000	634.3
61.178750	561.9
61.182500	587.0
61.186250	592.9
61.190000	596.1
61.193750	597.2
61.197500	577.5
61.201250	596.3
61.205000	595.9
61.208750	599.9
61.212500	578.1
61.216250	597.7
61.220000	577.2
61.223750	581.5
61.227500	582.1
61.231250	611.8
61.235000	601.9
61.238750	611.0
61.242500	645.6
61.246250	600.5
61.250000	579.3
61.253750	597.3
61.257500	614.9
61.261250	624.6
61.265000	602.0
61.268750	583.0
61.272500	558.0
61.276250	572.7
61.280000	609.3
61.283750	580.4
61.287500	583.3
61.291250	588.1
61.295000	557.5
61.298750	540.6
61.302500	581.3
61.306250	599.7
61.310000	572.6
61.313750	599.4
61.317500	575.5
61.321250	544.0
61.325000	566.4
61.328750	617.0
61.332500	582.1
61.336250	558.4
61.340000	551.5
61.343750	624.2
61.347500	591.9
61.351250	584.3
61.355000	553.4
61.358750	590.4
61.362500	609.7
61.366250	559.7
61.370000	570.5
61.373750	620.4
61.377500	621.7
61.381250	596.6
61.385000	619.0
61.388750	541.3
61.392500	630.6
61.396250	598.5
61.400000	610.2
61.403750	601.8
61.407500	568.5
61.411250	650.3
61.415000	579.5
61.418750	575.6
61.422500	582.4
61.426250	577.5
61.430000	574.0
61.433750	565.1
61.437500	535.7
61.441250	589.2
61.445000	580.4
61.448750	605.0
61.452500	585.5
61.456250	632.5
61.460000	579.1
61.463750	567.7
61.467500	584.4
61.471250	603.7
61.475000	583.1
61.478750	610.6
61.482500	584.8
61.486250	586.0
61.490000	592.7
61.493750	629.7
61.497500	633.4
61.501250	598.3
61.505000	633.2
61.508750	646.1
61.512500	622.4
61.516250	654.8
61.520000	636.0
61.523750	595.8
61.527500	588.9
61.531250	597.9
61.535000	585.0
61.538750	619.4
61.542500	557.3
61.546250	546.3
61.550000	588.7
61.553750	621.2
61.557500	580.9
61.561250	555.8
61.565000	594.6
61.568750	591.1
61.572500	650.9
61.576250	610.9
61.580000	564.4
61.583750	536.4
61.587500	549.9
61.591250	598.0
61.595000	554.2
61.598750	512.8
61.602500	606.2
61.606250	596.7
61.610000	582.4
61.613750	583.1
61.617500	564.9
61.621250	591.3
61.625000	571.5
61.628750	529.4
61.632500	584.6
61.636250	624.7
61.640000	557.7
61.643750	598.7
61.647500	600.0
61.651250	576.6
61.655000	579.6
61.658750	601.7
61.662500	567.6
61.666250	560.9
61.670000	583.6
61.673750	597.0
61.677500	589.9
61.681250	586.9
61.685000	565.7
61.688750	586.9
61.692500	591.2
61.696250	595.4
61.700000	628.1
61.703750	617.6
61.707500	623.6
61.711250	610.5
61.715000	577.5
61.718750	547.5
61.722500	612.4
61.726250	603.2
61.730000	620.7
61.733750	594.5
61.737500	592.6
61.741250	586.2
61.745000	580.3
61.748750	584.9
61.752500	633.9
61.756250	596.9
61.760000	522.8
61.763750	595.9
61.767500	596.3
61.771250	651.5
61.775000	607.9
61.778750	587.3
61.782500	568.9
61.786250	572.8
61.790000	563.4
61.793750	576.3
61.797500	591.8
61.801250	615.0
61.805000	606.2
61.808750	585.0
61.812500	600.8
61.816250	639.3
61.820000	625.6
61.823750	597.9
61.827500	583.7
61.831250	605.8
61.835000	602.0
61.838750	590.3
61.842500	615.9
61.846250	563.7
61.850000	588.6
61.853750	621.4
61.857500	602.5
61.861250	601.4
61.865000	600.0
61.868750	607.0
61.872500	598.8
61.876250	598.9
61.880000	611.8
61.883750	613.4
61.887500	579.2
61.891250	593.8
61.895000	602.3
61.898750	589.4
61.902500	609.6
61.906250	561.4
61.910000	543.3
61.913750	561.4
61.917500	596.5
61.921250	584.1
61.925000	582.8
61.928750	577.4
61.932500	583.8
61.936250	558.5
61.940000	568.9
61.943750	584.4
61.947500	582.4
61.951250	582.2
61.955000	614.4
61.958750	595.9
61.962500	563.1
61.966250	572.0
61.970000	598.9
61.973750	593.3
61.977500	562.6
61.981250	580.5
61.985000	550.4
61.988750	593.4
61.992500	618.8
61.996250	570.2
62.000000	584.5
62.003750	605.7
62.007500	580.7
62.011250	614.4
62.015000	593.7
62.018750	582.8
62.022500	591.6
62.026250	561.1
62.030000	568.3
62.033750	563.1
62.037500	604.8
62.041250	578.8
62.045000	562.9
62.048750	579.9
62.052500	551.1
62.056250	573.7
62.060000	581.3
62.063750	608.4
62.067500	589.9
62.071250	556.4
62.075000	587.0
62.078750	613.9
62.082500	588.8
62.086250	618.3
62.090000	577.7
62.093750	560.8
62.097500	614.7
62.101250	572.7
62.105000	569.7
62.108750	614.8
62.112500	592.3
62.116250	571.7
62.120000	564.7
62.123750	617.1
62.127500	599.3
62.131250	548.8
62.135000	610.8
62.138750	595.3
62.142500	605.8
62.146250	580.7
62.150000	568.0
62.153750	608.5
62.157500	595.4
62.161250	621.0
62.165000	605.1
62.168750	569.1
62.172500	578.3
62.176250	590.1
62.180000	614.4
62.183750	612.8
62.187500	579.0
62.191250	564.9
62.195000	607.4
62.198750	606.1
62.202500	574.6
62.206250	567.3
62.210000	617.4
62.213750	564.6
62.217500	573.1
62.221250	611.9
62.225000	588.1
62.228750	604.0
62.232500	576.3
62.236250	576.5
62.240000	600.4
62.243750	582.8
62.247500	563.2
62.251250	547.3
62.255000	582.6
62.258750	607.6
62.262500	589.1
62.266250	587.6
62.270000	572.0
62.273750	573.2
62.277500	548.0
62.281250	578.5
62.285000	595.7
62.288750	592.9
62.292500	546.8
62.296250	576.4
62.300000	574.3
62.303750	593.4
62.307500	577.7
62.311250	569.9
62.315000	579.9
62.318750	599.4
62.322500	603.5
62.326250	625.7
62.330000	587.3
62.333750	534.6
62.337500	587.6
62.341250	558.9
62.345000	541.6
62.348750	568.1
62.352500	568.2
62.356250	580.6
62.360000	539.7
62.363750	581.4
62.367500	564.3
62.371250	579.0
62.375000	559.7
62.378750	573.5
62.382500	561.6
62.386250	601.9
62.390000	596.1
62.393750	589.7
62.397500	584.0
62.401250	600.5
62.405000	569.9
62.408750	594.7
62.412500	549.0
62.416250	558.8
62.420000	610.1
62.423750	586.3
62.427500	605.1
62.431250	569.3
62.435000	605.2
62.438750	558.0
62.442500	586.9
62.446250	604.3
62.450000	591.7
62.453750	544.5
62.457500	606.6
62.461250	587.8
62.465000	605.8
62.468750	575.0
62.472500	624.5
62.476250	597.4
62.480000	582.4
62.483750	608.7
62.487500	615.7
62.491250	564.1
62.495000	546.5
62.498750	576.1
62.502500	575.2
62.506250	573.9
62.510000	597.4
62.513750	618.3
62.517500	595.4
62.521250	616.5
62.525000	605.9
62.528750	612.7
62.532500	613.6
62.536250	585.0
62.540000	587.2
62.543750	629.8
62.547500	584.6
62.551250	592.7
62.555000	584.8
62.558750	591.0
62.562500	556.7
62.566250	587.8
62.570000	626.0
62.573750	615.4
62.577500	605.5
62.581250	600.8
62.585000	618.4
62.588750	648.0
62.592500	620.3
62.596250	621.1
62.600000	629.6
62.603750	651.9
62.607500	650.7
62.611250	649.6
62.615000	586.9
62.618750	580.2
62.622500	669.4
62.626250	614.4
62.630000	635.9
62.633750	604.3
62.637500	601.3
62.641250	609.9
62.645000	572.3
62.648750	616.6
62.652500	619.7
62.656250	596.1
62.660000	636.4
62.663750	614.3
62.667500	598.4
62.671250	581.3
62.675000	656.0
62.678750	611.7
62.682500	593.2
62.686250	625.0
62.690000	615.3
62.693750	580.9
62.697500	588.4
62.701250	590.1
62.705000	550.8
62.708750	596.3
62.712500	536.5
62.716250	576.0
62.720000	575.1
62.723750	608.1
62.727500	585.7
62.731250	575.0
62.735000	565.1
62.738750	577.2
62.742500	588.6
62.746250	552.9
62.750000	584.7
62.753750	572.4
62.757500	547.9
62.761250	619.4
62.765000	583.0
62.768750	565.1
62.772500	613.0
62.776250	588.7
62.780000	620.9
62.783750	593.6
62.787500	639.9
62.791250	584.4
62.795000	565.2
62.798750	564.3
62.802500	559.2
62.806250	610.2
62.810000	568.9
62.813750	602.4
62.817500	574.2
62.821250	562.8
62.825000	609.4
62.828750	608.6
62.832500	583.1
62.836250	583.1
62.840000	601.9
62.843750	576.4
62.847500	542.7
62.851250	624.0
62.855000	578.5
62.858750	603.7
62.862500	575.4
62.866250	558.8
62.870000	565.5
62.873750	580.2
62.877500	613.4
62.881250	569.5
62.885000	575.7
62.888750	590.5
62.892500	569.4
62.896250	573.1
62.900000	538.1
62.903750	604.1
62.907500	609.8
62.911250	558.6
62.915000	575.3
62.918750	549.4
62.922500	550.8
62.926250	540.9
62.930000	546.5
62.933750	581.7
62.937500	605.6
62.941250	586.6
62.945000	585.7
62.948750	587.7
62.952500	581.9
62.956250	600.0
62.960000	575.0
62.963750	556.9
62.967500	577.2
62.971250	563.8
62.975000	592.7
62.978750	592.0
62.982500	543.6
62.986250	566.1
62.990000	589.5
62.993750	537.6
62.997500	593.5
63.001250	603.9
63.005000	565.5
63.008750	558.4
63.012500	567.5
63.016250	602.8
63.020000	577.0
63.023750	559.7
63.027500	578.1
63.031250	600.3
63.035000	581.3
63.038750	551.4
63.042500	570.2
63.046250	587.6
63.050000	582.3
63.053750	597.9
63.057500	605.4
63.061250	588.4
63.065000	562.7
63.068750	557.3
63.072500	558.9
63.076250	593.6
63.080000	603.8
63.083750	576.9
63.087500	573.7
63.091250	572.5
63.095000	589.1
63.098750	595.5
63.102500	601.6
63.106250	616.7
63.110000	567.3
63.113750	562.5
63.117500	582.3
63.121250	574.5
63.125000	619.5
63.128750	596.6
63.132500	569.9
63.136250	546.9
63.140000	591.4
63.143750	582.7
63.147500	593.6
63.151250	619.7
63.155000	589.9
63.158750	591.8
63.162500	616.7
63.166250	613.0
63.170000	619.9
63.173750	598.5
63.177500	584.3
63.181250	583.5
63.185000	633.7
63.188750	623.3
63.192500	605.3
63.196250	593.5
63.200000	584.2
63.203750	618.1
63.207500	613.0
63.211250	577.9
63.215000	602.3
63.218750	592.6
63.222500	588.0
63.226250	633.5
63.230000	602.2
63.233750	590.5
63.237500	618.8
63.241250	571.6
63.245000	603.0
63.248750	563.1
63.252500	600.4
63.256250	631.6
63.260000	587.0
63.263750	566.7
63.267500	553.0
63.271250	576.4
63.275000	581.6
63.278750	578.9
63.282500	590.3
63.286250	552.9
63.290000	554.6
63.293750	544.1
63.297500	544.0
63.301250	591.6
63.305000	560.6
63.308750	543.0
63.312500	542.5
63.316250	574.4
63.320000	553.2
63.323750	588.0
63.327500	613.8
63.331250	590.4
63.335000	583.6
63.338750	555.4
63.342500	542.5
63.346250	562.2
63.350000	598.7
63.353750	585.6
63.357500	561.7
63.361250	563.2
63.365000	573.2
63.368750	583.6
63.372500	576.8
63.376250	564.2
63.380000	537.0
63.383750	548.5
63.387500	560.6
63.391250	598.0
63.395000	591.5
63.398750	603.4
63.402500	573.1
63.406250	576.1
63.410000	588.3
63.413750	596.7
63.417500	559.7
63.421250	557.9
63.425000	611.6
63.428750	599.4
63.432500	572.4
63.436250	612.2
63.440000	576.8
63.443750	540.3
63.447500	547.5
63.451250	549.6
63.455000	548.0
63.458750	556.1
63.462500	571.3
63.466250	547.0
63.470000	513.1
63.473750	572.8
63.477500	570.7
63.481250	559.6
63.485000	564.6
63.488750	613.1
63.492500	581.4
63.496250	555.7
63.500000	543.7
63.503750	535.1
63.507500	587.9
63.511250	568.0
63.515000	528.9
63.518750	553.8
63.522500	544.0
63.526250	522.9
63.530000	576.0
63.533750	597.6
63.537500	581.3
63.541250	576.0
63.545000	565.7
63.548750	577.8
63.552500	591.1
63.556250	560.8
63.560000	554.4
63.563750	580.1
63.567500	592.6
63.571250	550.7
63.575000	560.3
63.578750	566.7
63.582500	586.3
63.586250	576.8
63.590000	580.5
63.593750	590.4
63.597500	648.6
63.601250	591.4
63.605000	618.0
63.608750	576.2
63.612500	582.3
63.616250	593.4
63.620000	584.7
63.623750	548.9
63.627500	535.5
63.631250	560.1
63.635000	574.0
63.638750	605.8
63.642500	555.7
63.646250	582.0
63.650000	565.4
63.653750	558.8
63.657500	589.5
63.661250	556.7
63.665000	622.9
63.668750	577.7
63.672500	551.7
63.676250	534.6
63.680000	575.6
63.683750	554.2
63.687500	565.3
63.691250	602.7
63.695000	558.5
63.698750	582.6
63.702500	556.7
63.706250	544.8
63.710000	544.7
63.713750	530.9
63.717500	556.0
63.721250	579.1
63.725000	575.1
63.728750	587.0
63.732500	543.2
63.736250	591.9
63.740000	552.7
63.743750	566.7
63.747500	570.0
63.751250	571.9
63.755000	525.9
63.758750	545.4
63.762500	605.1
63.766250	574.0
63.770000	607.1
63.773750	566.0
63.777500	562.4
63.781250	578.5
63.785000	586.2
63.788750	563.6
63.792500	516.6
63.796250	612.8
63.800000	569.2
63.803750	582.0
63.807500	611.0
63.811250	590.1
63.815000	568.6
63.818750	550.2
63.822500	560.2
63.826250	570.8
63.830000	545.7
63.833750	587.1
63.837500	594.9
63.841250	606.5
63.845000	540.0
63.848750	585.6
63.852500	610.2
63.856250	568.7
63.860000	592.5
63.863750	607.0
63.867500	582.1
63.871250	606.0
63.875000	562.9
63.878750	612.4
63.882500	604.1
63.886250	607.8
63.890000	594.0
63.893750	575.3
63.897500	590.3
63.901250	579.7
63.905000	591.5
63.908750	569.7
63.912500	589.2
63.916250	604.3
63.920000	594.8
63.923750	587.1
63.927500	615.0
63.931250	556.4
63.935000	596.6
63.938750	571.3
63.942500	621.7
63.946250	608.9
63.950000	575.1
63.953750	580.1
63.957500	559.9
63.961250	601.0
63.965000	581.0
63.968750	574.9
63.972500	600.8
63.976250	571.3
63.980000	553.4
63.983750	574.7
63.987500	625.1
63.991250	557.6
63.995000	556.5
63.998750	562.6
64.002500	561.1
64.006250	602.8
64.010000	552.3
64.013750	565.1
64.017500	515.7
64.021250	577.0
64.025000	574.8
64.028750	558.5
64.032500	616.5
64.036250	575.8
64.040000	521.1
64.043750	553.3
64.047500	586.3
64.051250	594.4
64.055000	588.7
64.058750	566.9
64.062500	562.2
64.066250	572.2
64.070000	573.6
64.073750	567.1
64.077500	602.2
64.081250	526.3
64.085000	544.3
64.088750	569.6
64.092500	535.3
64.096250	567.8
64.100000	593.8
64.103750	583.9
64.107500	552.6
64.111250	602.5
64.115000	590.8
64.118750	569.1
64.122500	545.7
64.126250	586.0
64.130000	552.7
64.133750	560.4
64.137500	585.0
64.141250	593.6
64.145000	574.3
64.148750	554.7
64.152500	555.7
64.156250	588.7
64.160000	543.1
64.163750	582.3
64.167500	599.9
64.171250	548.0
64.175000	555.0
64.178750	569.7
64.182500	569.2
64.186250	583.8
64.190000	562.3
64.193750	586.8
64.197500	595.8
64.201250	614.5
64.205000	608.8
64.208750	562.9
64.212500	599.8
64.216250	600.2
64.220000	544.5
64.223750	610.6
64.227500	569.2
64.231250	608.5
64.235000	570.4
64.238750	571.9
64.242500	584.5
64.246250	583.2
64.250000	608.7
64.253750	587.3
64.257500	548.7
64.261250	595.6
64.265000	556.0
64.268750	558.8
64.272500	605.0
64.276250	590.9
64.280000	593.8
64.283750	603.7
64.287500	584.7
64.291250	584.4
64.295000	565.2
64.298750	553.5
64.302500	614.8
64.306250	607.0
64.310000	593.3
64.313750	539.5
64.317500	598.9
64.321250	550.9
64.325000	536.7
64.328750	614.0
64.332500	607.0
64.336250	525.5
64.340000	625.0
64.343750	545.9
64.347500	531.7
64.351250	579.1
64.355000	557.9
64.358750	575.8
64.362500	538.4
64.366250	547.9
64.370000	602.1
64.373750	574.9
64.377500	565.4
64.381250	562.7
64.385000	570.2
64.388750	600.7
64.392500	606.9
64.396250	548.3
64.400000	586.3
64.403750	568.9
64.407500	578.6
64.411250	627.8
64.415000	566.8
64.418750	554.8
64.422500	546.4
64.426250	547.5
64.430000	558.7
64.433750	573.4
64.437500	545.7
64.441250	557.7
64.445000	536.2
64.448750	541.8
64.452500	599.4
64.456250	587.8
64.460000	562.3
64.463750	604.9
64.467500	572.4
64.471250	549.6
64.475000	565.2
64.478750	576.6
64.482500	575.0
64.486250	596.3
64.490000	553.0
64.493750	582.6
64.497500	535.4
64.501250	576.7
64.505000	598.6
64.508750	553.5
64.512500	568.4
64.516250	583.9
64.520000	565.1
64.523750	602.8
64.527500	585.7
64.531250	557.2
64.535000	602.6
64.538750	583.7
64.542500	582.4
64.546250	570.8
64.550000	538.2
64.553750	546.7
64.557500	539.3
64.561250	552.2
64.565000	558.3
64.568750	573.8
64.572500	597.9
64.576250	617.5
64.580000	547.2
64.583750	553.1
64.587500	602.2
64.591250	580.1
64.595000	585.2
64.598750	558.8
64.602500	579.1
64.606250	611.6
64.610000	553.7
64.613750	550.9
64.617500	596.8
64.621250	626.7
64.625000	575.7
64.628750	562.5
64.632500	535.6
64.636250	544.9
64.640000	557.5
64.643750	561.1
64.647500	583.4
64.651250	540.6
64.655000	572.3
64.658750	540.7
64.662500	567.3
64.666250	565.4
64.670000	541.9
64.673750	570.4
64.677500	557.3
64.681250	551.1
64.685000	564.1
64.688750	518.0
64.692500	518.1
64.696250	537.8
64.700000	576.7
64.703750	579.0
64.707500	582.9
64.711250	540.1
64.715000	535.8
64.718750	530.1
64.722500	549.8
64.726250	553.8
64.730000	550.4
64.733750	578.2
64.737500	620.7
64.741250	563.2
64.745000	538.0
64.748750	557.8
64.752500	522.2
64.756250	554.2
64.760000	544.1
64.763750	542.7
64.767500	570.5
64.771250	546.1
64.775000	532.5
64.778750	536.0
64.782500	557.6
64.786250	555.1
64.790000	540.8
64.793750	573.6
64.797500	564.7
64.801250	554.8
64.805000	542.6
64.808750	544.2
64.812500	553.0
64.816250	546.8
64.820000	572.5
64.823750	586.4
64.827500	549.3
64.831250	536.9
64.835000	531.4
64.838750	539.8
64.842500	571.1
64.846250	545.9
64.850000	550.6
64.853750	535.8
64.857500	528.4
64.861250	577.9
64.865000	548.8
64.868750	525.2
64.872500	557.1
64.876250	553.6
64.880000	577.3
64.883750	598.1
64.887500	556.5
64.891250	563.5
64.895000	514.3
64.898750	543.2
64.902500	529.5
64.906250	543.3
64.910000	557.9
64.913750	562.2
64.917500	557.4
64.921250	527.4
64.925000	547.6
64.928750	554.6
64.932500	531.4
64.936250	556.7
64.940000	546.2
64.943750	547.3
64.947500	576.6
64.951250	514.4
64.955000	540.9
64.958750	548.1
64.962500	550.7
64.966250	561.5
64.970000	570.2
64.973750	524.2
64.977500	531.3
64.981250	584.3
64.985000	554.5
64.988750	556.9
64.992500	553.6
64.996250	540.7
65.000000	559.3
65.003750	592.6
65.007500	492.6
65.011250	567.1
65.015000	582.3
65.018750	539.1
65.022500	555.1
65.026250	530.8
65.030000	541.4
65.033750	585.4
65.037500	574.0
65.041250	553.7
65.045000	507.4
65.048750	528.9
65.052500	524.9
65.056250	533.4
65.060000	523.3
65.063750	533.3
65.067500	527.2
65.071250	532.9
65.075000	563.2
65.078750	560.3
65.082500	559.9
65.086250	596.0
65.090000	544.9
65.093750	529.8
65.097500	578.7
65.101250	550.9
65.105000	538.0
65.108750	520.9
65.112500	570.8
65.116250	571.6
65.120000	552.2
65.123750	557.2
65.127500	567.1
65.131250	521.1
65.135000	519.9
65.138750	537.7
65.142500	521.9
65.146250	548.7
65.150000	583.7
65.153750	548.8
65.157500	570.6
65.161250	540.5
65.165000	577.4
65.168750	560.6
65.172500	530.0
65.176250	541.1
65.180000	527.9
65.183750	544.8
65.187500	586.9
65.191250	559.6
65.195000	558.7
65.198750	515.7
65.202500	531.2
65.206250	551.5
65.210000	523.9
65.213750	525.6
65.217500	559.6
65.221250	538.5
65.225000	528.9
65.228750	543.8
65.232500	541.4
65.236250	526.1
65.240000	527.9
65.243750	520.3
65.247500	547.4
65.251250	535.7
65.255000	540.9
65.258750	545.7
65.262500	527.7
65.266250	545.8
65.270000	549.9
65.273750	585.7
65.277500	547.4
65.281250	535.4
65.285000	523.1
65.288750	548.5
65.292500	529.6
65.296250	547.2
65.300000	580.3
65.303750	519.6
65.307500	520.6
65.311250	607.8
65.315000	563.7
65.318750	545.7
65.322500	534.3
65.326250	553.3
65.330000	575.6
65.333750	536.3
65.337500	538.0
65.341250	560.5
65.345000	533.5
65.348750	486.9
65.352500	555.1
65.356250	564.0
65.360000	555.6
65.363750	595.8
65.367500	539.2
65.371250	521.2
65.375000	522.8
65.378750	539.7
65.382500	541.5
65.386250	544.8
65.390000	571.1
65.393750	533.2
65.397500	528.9
65.401250	536.5
65.405000	528.1
65.408750	537.9
65.412500	545.8
65.416250	583.2
65.420000	560.3
65.423750	533.3
65.427500	585.1
65.431250	536.4
65.435000	503.2
65.438750	555.4
65.442500	572.1
65.446250	516.7
65.450000	520.5
65.453750	558.5
65.457500	559.0
65.461250	532.3
65.465000	544.8
65.468750	537.3
65.472500	515.0
65.476250	589.0
65.480000	559.8
65.483750	523.5
65.487500	546.1
65.491250	574.5
65.495000	551.9
65.498750	542.0
65.502500	516.2
65.506250	572.8
65.510000	600.3
65.513750	629.7
65.517500	547.7
65.521250	544.0
65.525000	546.1
65.528750	572.0
65.532500	590.0
65.536250	626.0
65.540000	542.2
65.543750	525.9
65.547500	552.0
65.551250	534.0
65.555000	554.0
65.558750	539.8
65.562500	589.4
65.566250	600.2
65.570000	572.5
65.573750	565.2
65.577500	612.5
65.581250	528.9
65.585000	540.0
65.588750	504.3
65.592500	525.6
65.596250	529.2
65.600000	581.4
65.603750	568.3
65.607500	572.4
65.611250	555.3
65.615000	592.9
65.618750	513.2
65.622500	550.5
65.626250	545.4
65.630000	507.0
65.633750	515.6
65.637500	587.0
65.641250	555.5
65.645000	543.0
65.648750	517.0
65.652500	580.0
65.656250	557.6
65.660000	512.8
65.663750	637.7
65.667500	562.7
65.671250	536.0
65.675000	526.4
65.678750	543.1
65.682500	582.8
65.686250	485.5
65.690000	539.7
65.693750	470.9
65.697500	556.3
65.701250	570.4
65.705000	574.2
65.708750	532.7
65.712500	551.0
65.716250	568.2
65.720000	519.1
65.723750	546.2
65.727500	577.4
65.731250	586.7
65.735000	529.0
65.738750	554.9
65.742500	548.9
65.746250	537.7
65.750000	569.2
65.753750	576.9
65.757500	613.5
65.761250	623.4
65.765000	571.5
65.768750	566.6
65.772500	574.5
65.776250	560.8
65.780000	589.7
65.783750	566.1
65.787500	544.9
65.791250	583.6
65.795000	594.4
65.798750	568.5
65.802500	543.8
65.806250	608.9
65.810000	603.9
65.813750	546.1
65.817500	548.3
65.821250	534.0
65.825000	578.8
65.828750	527.6
65.832500	559.4
65.836250	571.4
65.840000	556.2
65.843750	547.5
65.847500	586.4
65.851250	593.2
65.855000	581.1
65.858750	571.3
65.862500	556.7
65.866250	596.4
65.870000	571.1
65.873750	608.0
65.877500	607.2
65.881250	588.5
65.885000	594.9
65.888750	604.7
65.892500	591.6
65.896250	584.7
65.900000	596.2
65.903750	574.0
65.907500	556.7
65.911250	582.0
65.915000	596.5
65.918750	571.0
65.922500	572.0
65.926250	585.9
65.930000	521.8
65.933750	563.1
65.937500	558.2
65.941250	545.3
65.945000	558.5
65.948750	562.0
65.952500	595.8
65.956250	559.5
65.960000	541.8
65.963750	565.1
65.967500	574.5
65.971250	547.0
65.975000	551.7
65.978750	579.3
65.982500	630.3
65.986250	566.1
65.990000	541.6
65.993750	570.3
65.997500	529.0
66.001250	555.0
66.005000	590.8
66.008750	529.1
66.012500	537.1
66.016250	563.1
66.020000	613.2
66.023750	568.4
66.027500	577.0
66.031250	573.8
66.035000	552.1
66.038750	619.3
66.042500	652.2
66.046250	643.7
66.050000	614.0
66.053750	648.5
66.057500	623.1
66.061250	591.0
66.065000	597.3
66.068750	641.2
66.072500	605.2
66.076250	575.4
66.080000	632.9
66.083750	626.0
66.087500	576.4
66.091250	597.4
66.095000	584.4
66.098750	570.2
66.102500	610.6
66.106250	575.1
66.110000	597.8
66.113750	611.9
66.117500	629.3
66.121250	619.1
66.125000	634.3
66.128750	634.6
66.132500	555.4
66.136250	517.5
66.140000	607.1
66.143750	590.5
66.147500	544.5
66.151250	627.8
66.155000	558.7
66.158750	543.3
66.162500	601.9
66.166250	579.0
66.170000	556.7
66.173750	545.2
66.177500	589.8
66.181250	556.9
66.185000	574.9
66.188750	551.1
66.192500	525.7
66.196250	566.5
66.200000	584.2
66.203750	561.1
66.207500	583.3
66.211250	542.5
66.215000	544.5
66.218750	557.9
66.222500	542.8
66.226250	552.2
66.230000	533.0
66.233750	553.2
66.237500	560.7
66.241250	556.5
66.245000	573.4
66.248750	591.6
66.252500	576.0
66.256250	564.4
66.260000	536.1
66.263750	570.1
66.267500	513.0
66.271250	529.5
66.275000	564.8
66.278750	594.0
66.282500	556.0
66.286250	543.9
66.290000	565.2
66.293750	563.6
66.297500	574.7
66.301250	580.7
66.305000	552.5
66.308750	604.1
66.312500	548.9
66.316250	554.0
66.320000	559.0
66.323750	557.2
66.327500	542.1
66.331250	563.3
66.335000	541.0
66.338750	543.6
66.342500	571.1
66.346250	557.8
66.350000	549.8
66.353750	520.0
66.357500	532.7
66.361250	565.5
66.365000	588.3
66.368750	553.7
66.372500	539.4
66.376250	593.7
66.380000	567.4
66.383750	576.3
66.387500	596.0
66.391250	568.5
66.395000	602.8
66.398750	588.7
66.402500	562.2
66.406250	546.0
66.410000	542.4
66.413750	578.4
66.417500	563.8
66.421250	603.1
66.425000	559.8
66.428750	578.7
66.432500	572.5
66.436250	568.6
66.440000	572.9
66.443750	513.3
66.447500	548.0
66.451250	570.6
66.455000	559.6
66.458750	572.3
66.462500	567.3
66.466250	600.5
66.470000	585.1
66.473750	530.5
66.477500	546.2
66.481250	584.0
66.485000	545.9
66.488750	586.1
66.492500	581.2
66.496250	575.2
66.500000	577.1
66.503750	582.7
66.507500	550.0
66.511250	556.8
66.515000	595.9
66.518750	644.9
66.522500	597.6
66.526250	617.5
66.530000	594.4
66.533750	623.7
66.537500	576.5
66.541250	558.0
66.545000	566.5
66.548750	537.9
66.552500	572.6
66.556250	585.1
66.560000	585.4
66.563750	591.1
66.567500	591.3
66.571250	580.4
66.575000	505.2
66.578750	530.4
66.582500	556.2
66.586250	587.8
66.590000	540.6
66.593750	634.2
66.597500	574.3
66.601250	549.5
66.605000	562.7
66.608750	614.3
66.612500	559.0
66.616250	569.5
66.620000	587.4
66.623750	555.8
66.627500	576.6
66.631250	598.0
66.635000	529.7
66.638750	578.5
66.642500	537.8
66.646250	601.3
66.650000	553.9
66.653750	589.6
66.657500	587.9
66.661250	570.5
66.665000	577.1
66.668750	598.7
66.672500	596.2
66.676250	580.5
66.680000	553.3
66.683750	584.3
66.687500	601.9
66.691250	581.8
66.695000	619.9
66.698750	601.4
66.702500	587.2
66.706250	561.9
66.710000	586.1
66.713750	564.0
66.717500	538.6
66.721250	540.1
66.725000	576.2
66.728750	599.7
66.732500	588.7
66.736250	608.4
66.740000	577.4
66.743750	545.7
66.747500	562.7
66.751250	556.7
66.755000	581.4
66.758750	584.7
66.762500	565.1
66.766250	562.4
66.770000	581.1
66.773750	523.8
66.777500	563.8
66.781250	610.4
66.785000	578.6
66.788750	585.6
66.792500	596.3
66.796250	570.4
66.800000	576.5
66.803750	571.4
66.807500	569.5
66.811250	571.6
66.815000	599.0
66.818750	592.6
66.822500	613.0
66.826250	579.2
66.830000	584.5
66.833750	608.6
66.837500	569.5
66.841250	595.1
66.845000	591.5
66.848750	565.0
66.852500	613.7
66.856250	558.4
66.860000	561.5
66.863750	599.2
66.867500	572.0
66.871250	593.2
66.875000	562.5
66.878750	540.6
66.882500	534.7
66.886250	563.4
66.890000	561.2
66.893750	528.2
66.897500	552.5
66.901250	565.5
66.905000	536.0
66.908750	587.0
66.912500	534.7
66.916250	598.6
66.920000	544.8
66.923750	542.2
66.927500	563.4
66.931250	560.0
66.935000	561.2
66.938750	533.7
66.942500	535.3
66.946250	548.3
66.950000	531.0
66.953750	536.2
66.957500	557.4
66.961250	554.3
66.965000	547.4
66.968750	541.8
66.972500	540.9
66.976250	569.1
66.980000	534.5
66.983750	537.9
66.987500	558.5
66.991250	576.4
66.995000	560.7
66.998750	593.7
67.002500	573.6
67.006250	574.3
67.010000	628.0
67.013750	564.5
67.017500	523.7
67.021250	568.1
67.025000	564.9
67.028750	539.0
67.032500	612.4
67.036250	573.8
67.040000	533.1
67.043750	569.4
67.047500	551.9
67.051250	531.3
67.055000	528.1
67.058750	529.9
67.062500	527.4
67.066250	531.2
67.070000	596.1
67.073750	540.0
67.077500	565.1
67.081250	547.7
67.085000	602.0
67.088750	559.0
67.092500	578.0
67.096250	534.3
67.100000	577.7
67.103750	580.5
67.107500	525.5
67.111250	586.1
67.115000	596.9
67.118750	624.8
67.122500	576.4
67.126250	576.8
67.130000	530.6
67.133750	574.0
67.137500	537.8
67.141250	556.8
67.145000	577.6
67.148750	603.9
67.152500	602.9
67.156250	583.7
67.160000	590.0
67.163750	568.6
67.167500	570.2
67.171250	576.9
67.175000	577.4
67.178750	562.7
67.182500	596.1
67.186250	562.3
67.190000	547.4
67.193750	593.0
67.197500	570.3
67.201250	604.0
67.205000	555.4
67.208750	528.4
67.212500	589.3
67.216250	602.8
67.220000	584.0
67.223750	577.2
67.227500	595.8
67.231250	565.3
67.235000	534.1
67.238750	568.8
67.242500	555.6
67.246250	558.9
67.250000	596.7
67.253750	550.2
67.257500	612.2
67.261250	579.4
67.265000	570.0
67.268750	575.9
67.272500	586.7
67.276250	551.6
67.280000	565.1
67.283750	537.2
67.287500	542.7
67.291250	577.8
67.295000	583.8
67.298750	573.2
67.302500	581.2
67.306250	562.7
67.310000	585.1
67.313750	567.4
67.317500	495.5
67.321250	524.0
67.325000	574.0
67.328750	558.1
67.332500	537.3
67.336250	555.0
67.340000	533.1
67.343750	588.0
67.347500	595.4
67.351250	574.5
67.355000	556.4
67.358750	553.5
67.362500	526.3
67.366250	568.7
67.370000	569.1
67.373750	552.8
67.377500	584.1
67.381250	565.3
67.385000	573.2
67.388750	546.2
67.392500	562.0
67.396250	588.5
67.400000	576.6
67.403750	587.4
67.407500	591.4
67.411250	589.2
67.415000	595.1
67.418750	557.9
67.422500	535.9
67.426250	608.1
67.430000	582.5
67.433750	558.7
67.437500	532.9
67.441250	573.7
67.445000	550.7
67.448750	543.0
67.452500	543.1
67.456250	580.0
67.460000	544.8
67.463750	570.7
67.467500	591.2
67.471250	578.5
67.475000	579.2
67.478750	587.7
67.482500	566.9
67.486250	553.1
67.490000	563.4
67.493750	544.9
67.497500	550.6
67.501250	532.0
67.505000	523.1
67.508750	554.9
67.512500	523.4
67.516250	550.0
67.520000	549.5
67.523750	557.8
67.527500	543.4
67.531250	586.5
67.535000	522.8
67.538750	553.9
67.542500	570.6
67.546250	534.8
67.550000	595.8
67.553750	594.9
67.557500	547.9
67.561250	552.7
67.565000	567.3
67.568750	522.5
67.572500	572.0
67.576250	517.2
67.580000	538.4
67.583750	572.0
67.587500	600.5
67.591250	542.8
67.595000	521.1
67.598750	547.3
67.602500	560.0
67.606250	563.0
67.610000	531.4
67.613750	580.7
67.617500	571.8
67.621250	577.0
67.625000	597.2
67.628750	563.3
67.632500	533.2
67.636250	596.7
67.640000	557.8
67.643750	547.6
67.647500	614.1
67.651250	580.3
67.655000	546.0
67.658750	592.4
67.662500	558.1
67.666250	605.9
67.670000	585.1
67.673750	537.8
67.677500	557.8
67.681250	569.9
67.685000	570.5
67.688750	541.4
67.692500	530.8
67.696250	558.0
67.700000	575.2
67.703750	547.0
67.707500	599.6
67.711250	590.4
67.715000	537.0
67.718750	529.7
67.722500	566.9
67.726250	564.7
67.730000	551.5
67.733750	551.7
67.737500	523.6
67.741250	512.2
67.745000	554.0
67.748750	534.2
67.752500	531.2
67.756250	549.2
67.760000	541.5
67.763750	554.1
67.767500	533.9
67.771250	516.4
67.775000	537.0
67.778750	544.5
67.782500	538.1
67.786250	550.2
67.790000	586.5
67.793750	562.7
67.797500	560.7
67.801250	491.8
67.805000	558.6
67.808750	530.8
67.812500	540.6
67.816250	543.7
67.820000	574.4
67.823750	584.7
67.827500	539.0
67.831250	547.2
67.835000	580.8
67.838750	542.3
67.842500	545.8
67.846250	570.9
67.850000	524.3
67.853750	516.7
67.857500	534.1
67.861250	562.3
67.865000	557.0
67.868750	574.5
67.872500	556.1
67.876250	583.2
67.880000	581.3
67.883750	558.9
67.887500	579.5
67.891250	535.0
67.895000	556.7
67.898750	563.5
67.902500	551.3
67.906250	543.5
67.910000	541.4
67.913750	545.4
67.917500	521.2
67.921250	550.2
67.925000	522.9
67.928750	511.6
67.932500	576.9
67.936250	549.6
67.940000	541.8
67.943750	560.2
67.947500	535.8
67.951250	540.7
67.955000	534.9
67.958750	524.0
67.962500	593.3
67.966250	557.1
67.970000	550.7
67.973750	545.7
67.977500	525.0
67.981250	579.5
67.985000	599.7
67.988750	491.1
67.992500	575.3
67.996250	527.7
68.000000	502.9
68.003750	524.3
68.007500	602.7
68.011250	578.2
68.015000	493.7
68.018750	556.2
68.022500	534.5
68.026250	542.9
68.030000	540.6
68.033750	577.4
68.037500	531.5
68.041250	539.7
68.045000	506.6
68.048750	539.6
68.052500	557.7
68.056250	524.4
68.060000	558.1
68.063750	538.6
68.067500	592.8
68.071250	548.4
68.075000	573.4
68.078750	527.3
68.082500	538.5
68.086250	556.1
68.090000	564.3
68.093750	529.3
68.097500	523.7
68.101250	568.5
68.105000	605.8
68.108750	603.2
68.112500	547.5
68.116250	565.7
68.120000	609.7
68.123750	555.3
68.127500	550.9
68.131250	591.4
68.135000	604.8
68.138750	565.4
68.142500	547.0
68.146250	597.4
68.150000	593.7
68.153750	604.7
68.157500	598.7
68.161250	597.7
68.165000	615.4
68.168750	589.8
68.172500	637.1
68.176250	626.5
68.180000	660.3
68.183750	668.0
68.187500	665.4
68.191250	762.6
68.195000	738.1
68.198750	708.0
68.202500	739.9
68.206250	744.0
68.210000	759.3
68.213750	737.3
68.217500	723.2
68.221250	731.0
68.225000	752.6
68.228750	651.6
68.232500	689.5
68.236250	672.7
68.240000	661.5
68.243750	606.8
68.247500	631.5
68.251250	636.6
68.255000	648.0
68.258750	593.2
68.262500	561.4
68.266250	590.4
68.270000	602.3
68.273750	539.0
68.277500	611.5
68.281250	572.6
68.285000	530.8
68.288750	500.9
68.292500	556.0
68.296250	563.6
68.300000	586.3
68.303750	570.2
68.307500	516.4
68.311250	537.4
68.315000	558.8
68.318750	576.1
68.322500	529.3
68.326250	560.3
68.330000	607.3
68.333750	572.6
68.337500	593.1
68.341250	511.2
68.345000	575.3
68.348750	547.2
68.352500	553.3
68.356250	541.3
68.360000	533.2
68.363750	547.5
68.367500	532.7
68.371250	551.1
68.375000	574.1
68.378750	537.0
68.382500	547.7
68.386250	523.2
68.390000	534.7
68.393750	537.6
68.397500	533.2
68.401250	563.4
68.405000	548.9
68.408750	530.2
68.412500	515.4
68.416250	526.2
68.420000	569.9
68.423750	558.8
68.427500	538.7
68.431250	542.2
68.435000	556.1
68.438750	592.0
68.442500	526.6
68.446250	547.1
68.450000	549.8
68.453750	510.5
68.457500	519.2
68.461250	517.9
68.465000	528.8
68.468750	574.5
68.472500	553.2
68.476250	549.7
68.480000	566.6
68.483750	547.7
68.487500	536.9
68.491250	497.9
68.495000	564.6
68.498750	571.1
68.502500	531.4
68.506250	526.9
68.510000	550.2
68.513750	556.3
68.517500	524.3
68.521250	532.8
68.525000	577.8
68.528750	526.2
68.532500	569.1
68.536250	543.0
68.540000	548.5
68.543750	520.1
68.547500	501.2
68.551250	536.3
68.555000	498.8
68.558750	525.5
68.562500	539.9
68.566250	547.1
68.570000	570.6
68.573750	578.2
68.577500	524.5
68.581250	565.7
68.585000	586.2
68.588750	533.4
68.592500	528.4
68.596250	542.1
68.600000	528.8
68.603750	554.2
68.607500	565.2
68.611250	550.4
68.615000	532.9
68.618750	549.4
68.622500	574.9
68.626250	519.7
68.630000	488.2
68.633750	515.8
68.637500	522.5
68.641250	546.5
68.645000	566.8
68.648750	557.2
68.652500	553.1
68.656250	526.9
68.660000	506.8
68.663750	546.2
68.667500	535.9
68.671250	551.9
68.675000	531.8
68.678750	536.8
68.682500	531.8
68.686250	529.1
68.690000	548.6
68.693750	523.5
68.697500	537.6
68.701250	554.7
68.705000	556.4
68.708750	516.8
68.712500	519.0
68.716250	533.0
68.720000	515.8
68.723750	540.2
68.727500	551.4
68.731250	546.1
68.735000	527.4
68.738750	537.8
68.742500	554.4
68.746250	539.5
68.750000	542.3
68.753750	514.4
68.757500	552.6
68.761250	572.2
68.765000	537.6
68.768750	580.6
68.772500	560.6
68.776250	570.5
68.780000	561.2
68.783750	562.2
68.787500	544.4
68.791250	485.4
68.795000	536.0
68.798750	581.9
68.802500	544.1
68.806250	494.3
68.810000	525.1
68.813750	518.9
68.817500	509.8
68.821250	513.6
68.825000	526.7
68.828750	567.6
68.832500	537.9
68.836250	583.5
68.840000	585.9
68.843750	507.7
68.847500	533.4
68.851250	550.8
68.855000	571.4
68.858750	552.7
68.862500	513.6
68.866250	509.6
68.870000	525.8
68.873750	531.1
68.877500	540.1
68.881250	531.4
68.885000	555.5
68.888750	539.8
68.892500	563.7
68.896250	545.8
68.900000	549.0
68.903750	516.4
68.907500	517.4
68.911250	538.0
68.915000	536.6
68.918750	538.2
68.922500	514.1
68.926250	511.6
68.930000	555.2
68.933750	529.8
68.937500	519.8
68.941250	555.3
68.945000	519.3
68.948750	529.3
68.952500	561.7
68.956250	511.2
68.960000	495.6
68.963750	558.4
68.967500	553.1
68.971250	543.5
68.975000	545.3
68.978750	518.1
68.982500	527.1
68.986250	554.4
68.990000	528.7
68.993750	553.0
68.997500	508.7
69.001250	531.8
69.005000	541.9
69.008750	540.6
69.012500	512.0
69.016250	523.8
69.020000	536.9
69.023750	546.7
69.027500	561.2
69.031250	559.1
69.035000	544.8
69.038750	521.9
69.042500	512.9
69.046250	537.4
69.050000	552.2
69.053750	567.4
69.057500	548.5
69.061250	525.3
69.065000	528.7
69.068750	536.2
69.072500	503.0
69.076250	523.2
69.080000	547.1
69.083750	556.8
69.087500	567.0
69.091250	553.0
69.095000	564.7
69.098750	506.6
69.102500	525.2
69.106250	535.9
69.110000	525.2
69.113750	523.3
69.117500	548.3
69.121250	563.9
69.125000	560.6
69.128750	519.1
69.132500	480.1
69.136250	516.8
69.140000	559.8
69.143750	566.2
69.147500	543.6
69.151250	563.2
69.155000	580.4
69.158750	539.3
69.162500	575.1
69.166250	548.2
69.170000	551.5
69.173750	567.3
69.177500	539.4
69.181250	542.8
69.185000	554.0
69.188750	526.1
69.192500	512.0
69.196250	540.6
69.200000	517.9
69.203750	551.6
69.207500	541.5
69.211250	543.5
69.215000	528.2
69.218750	536.6
69.222500	529.3
69.226250	537.4
69.230000	516.1
69.233750	545.4
69.237500	539.4
69.241250	550.8
69.245000	529.2
69.248750	566.5
69.252500	547.2
69.256250	505.3
69.260000	524.7
69.263750	532.9
69.267500	526.3
69.271250	500.4
69.275000	544.0
69.278750	538.7
69.282500	554.8
69.286250	554.8
69.290000	571.2
69.293750	534.7
69.297500	552.7
69.301250	562.8
69.305000	528.0
69.308750	542.8
69.312500	573.5
69.316250	603.6
69.320000	581.4
69.323750	549.0
69.327500	532.9
69.331250	559.6
69.335000	583.1
69.338750	537.0
69.342500	575.4
69.346250	540.0
69.350000	522.1
69.353750	553.8
69.357500	554.3
69.361250	547.2
69.365000	529.1
69.368750	562.7
69.372500	559.6
69.376250	521.9
69.380000	531.9
69.383750	580.3
69.387500	532.6
69.391250	500.2
69.395000	522.1
69.398750	506.9
69.402500	488.9
69.406250	528.6
69.410000	547.7
69.413750	546.8
69.417500	515.0
69.421250	559.1
69.425000	566.5
69.428750	564.4
69.432500	542.6
69.436250	503.4
69.440000	476.6
69.443750	500.0
69.447500	531.0
69.451250	508.3
69.455000	514.2
69.458750	561.4
69.462500	556.8
69.466250	524.5
69.470000	543.9
69.473750	590.2
69.477500	539.9
69.481250	539.8
69.485000	587.1
69.488750	505.4
69.492500	523.6
69.496250	532.0
69.500000	503.7
69.503750	564.4
69.507500	508.0
69.511250	507.7
69.515000	508.0
69.518750	545.7
69.522500	556.5
69.526250	535.6
69.530000	527.9
69.533750	522.5
69.537500	468.7
69.541250	525.0
69.545000	515.8
69.548750	534.4
69.552500	574.4
69.556250	558.3
69.560000	527.4
69.563750	547.6
69.567500	562.6
69.571250	508.4
69.575000	538.9
69.578750	524.9
69.582500	578.1
69.586250	499.5
69.590000	553.0
69.593750	559.9
69.597500	539.4
69.601250	548.6
69.605000	548.6
69.608750	501.2
69.612500	513.4
69.616250	538.8
69.620000	506.6
69.623750	528.2
69.627500	554.8
69.631250	552.0
69.635000	536.2
69.638750	550.9
69.642500	536.0
69.646250	552.1
69.650000	528.4
69.653750	531.8
69.657500	522.9
69.661250	525.2
69.665000	533.3
69.668750	518.3
69.672500	514.8
69.676250	499.5
69.680000	574.1
69.683750	502.0
69.687500	520.5
69.691250	523.0
69.695000	513.2
69.698750	495.4
69.702500	548.2
69.706250	549.0
69.710000	568.8
69.713750	540.9
69.717500	551.7
69.721250	512.9
69.725000	553.4
69.728750	590.3
69.732500	551.1
69.736250	558.5
69.740000	569.0
69.743750	553.1
69.747500	556.1
69.751250	575.2
69.755000	509.7
69.758750	538.7
69.762500	548.8
69.766250	526.4
69.770000	515.9
69.773750	506.0
69.777500	508.8
69.781250	550.1
69.785000	555.8
69.788750	539.0
69.792500	517.8
69.796250	545.0
69.800000	542.2
69.803750	550.9
69.807500	511.9
69.811250	526.2
69.815000	529.4
69.818750	547.9
69.822500	501.4
69.826250	520.2
69.830000	559.6
69.833750	519.2
69.837500	522.0
69.841250	523.1
69.845000	523.7
69.848750	556.3
69.852500	561.1
69.856250	536.8
69.860000	539.7
69.863750	552.3
69.867500	548.5
69.871250	574.0
69.875000	532.1
69.878750	531.5
69.882500	558.3
69.886250	536.8
69.890000	516.7
69.893750	538.4
69.897500	535.7
69.901250	530.5
69.905000	510.4
69.908750	503.9
69.912500	535.9
69.916250	514.8
69.920000	525.3
69.923750	549.5
69.927500	528.4
69.931250	526.9
69.935000	521.2
69.938750	549.1
69.942500	519.5
69.946250	525.8
69.950000	544.3
69.953750	495.5
69.957500	534.5
69.961250	553.4
69.965000	540.6
69.968750	538.7
69.972500	552.5
69.976250	535.8
69.980000	540.1
69.983750	515.9
69.987500	540.1
69.991250	524.2
69.995000	516.2
69.998750	513.4
70.002500	546.0
70.006250	535.4
70.010000	509.9
70.013750	532.4
70.017500	529.0
70.021250	530.8
70.025000	504.7
70.028750	515.3
70.032500	530.9
70.036250	522.3
70.040000	539.7
70.043750	530.5
70.047500	525.7
70.051250	531.5
70.055000	541.3
70.058750	502.0
70.062500	541.0
70.066250	552.0
70.070000	500.5
70.073750	540.5
70.077500	537.7
70.081250	512.8
70.085000	522.4
70.088750	558.2
70.092500	538.0
70.096250	565.8
70.100000	517.8
70.103750	535.2
70.107500	590.5
70.111250	521.7
70.115000	512.2
70.118750	521.5
70.122500	533.8
70.126250	545.2
70.130000	500.6
70.133750	509.5
70.137500	524.1
70.141250	525.0
70.145000	587.1
70.148750	532.4
70.152500	564.6
70.156250	519.8
70.160000	530.6
70.163750	564.7
70.167500	578.9
70.171250	510.2
70.175000	495.0
70.178750	531.0
70.182500	562.0
70.186250	571.0
70.190000	571.7
70.193750	540.9
70.197500	551.2
70.201250	561.6
70.205000	544.4
70.208750	501.8
70.212500	550.6
70.216250	504.0
70.220000	552.3
70.223750	547.7
70.227500	509.2
70.231250	494.0
70.235000	523.9
70.238750	513.8
70.242500	539.6
70.246250	539.7
70.250000	527.6
70.253750	530.8
70.257500	558.9
70.261250	552.7
70.265000	548.9
70.268750	538.4
70.272500	545.1
70.276250	547.7
70.280000	539.1
70.283750	533.6
70.287500	535.7
70.291250	502.8
70.295000	514.4
70.298750	538.5
70.302500	573.8
70.306250	576.6
70.310000	535.3
70.313750	549.5
70.317500	512.4
70.321250	591.0
70.325000	598.7
70.328750	543.2
70.332500	575.7
70.336250	587.7
70.340000	564.3
70.343750	530.1
70.347500	551.6
70.351250	527.6
70.355000	522.0
70.358750	534.2
70.362500	539.8
70.366250	533.4
70.370000	550.2
70.373750	570.1
70.377500	577.1
70.381250	557.0
70.385000	548.6
70.388750	535.9
70.392500	562.8
70.396250	567.6
70.400000	533.4
70.403750	515.7
70.407500	576.4
70.411250	541.0
70.415000	545.7
70.418750	524.1
70.422500	544.6
70.426250	543.1
70.430000	574.0
70.433750	565.8
70.437500	546.5
70.441250	537.5
70.445000	569.5
70.448750	558.0
70.452500	565.8
70.456250	543.2
70.460000	558.6
70.463750	555.5
70.467500	507.5
70.471250	538.4
70.475000	571.2
70.478750	511.8
70.482500	537.6
70.486250	550.4
70.490000	562.3
70.493750	501.3
70.497500	524.8
70.501250	563.9
70.505000	543.9
70.508750	521.4
70.512500	609.2
70.516250	574.9
70.520000	544.6
70.523750	557.1
70.527500	538.3
70.531250	521.3
70.535000	560.0
70.538750	567.8
70.542500	516.1
70.546250	546.6
70.550000	561.0
70.553750	564.1
70.557500	582.2
70.561250	535.9
70.565000	520.1
70.568750	540.0
70.572500	536.4
70.576250	579.5
70.580000	583.4
70.583750	598.7
70.587500	591.5
70.591250	572.9
70.595000	576.4
70.598750	598.7
70.602500	537.1
70.606250	543.7
70.610000	576.1
70.613750	559.0
70.617500	500.0
70.621250	493.6
70.625000	557.0
70.628750	606.8
70.632500	553.1
70.636250	520.3
70.640000	607.7
70.643750	559.9
70.647500	534.8
70.651250	571.8
70.655000	513.1
70.658750	522.9
70.662500	536.8
70.666250	550.8
70.670000	571.5
70.673750	559.6
70.677500	542.6
70.681250	509.5
70.685000	520.7
70.688750	523.5
70.692500	553.6
70.696250	532.8
70.700000	520.8
70.703750	565.2
70.707500	547.3
70.711250	545.5
70.715000	595.7
70.718750	572.3
70.722500	559.5
70.726250	551.5
70.730000	560.1
70.733750	554.3
70.737500	549.6
70.741250	549.5
70.745000	545.4
70.748750	563.2
70.752500	573.8
70.756250	549.0
70.760000	555.3
70.763750	522.7
70.767500	523.2
70.771250	538.4
70.775000	559.4
70.778750	546.1
70.782500	547.5
70.786250	552.6
70.790000	585.9
70.793750	565.9
70.797500	528.7
70.801250	555.4
70.805000	521.8
70.808750	564.6
70.812500	556.4
70.816250	536.5
70.820000	546.7
70.823750	494.4
70.827500	536.2
70.831250	508.1
70.835000	531.8
70.838750	559.7
70.842500	572.6
70.846250	544.8
70.850000	542.7
70.853750	567.7
70.857500	558.5
70.861250	538.5
70.865000	563.0
70.868750	591.2
70.872500	565.5
70.876250	551.3
70.880000	553.9
70.883750	524.2
70.887500	546.2
70.891250	540.7
70.895000	561.9
70.898750	556.1
70.902500	551.9
70.906250	558.9
70.910000	525.1
70.913750	511.3
70.917500	532.8
70.921250	548.9
70.925000	527.9
70.928750	557.9
70.932500	572.8
70.936250	538.6
70.940000	587.6
70.943750	570.7
70.947500	556.0
70.951250	545.4
70.955000	552.1
70.958750	532.9
70.962500	553.2
70.966250	564.7
70.970000	557.4
70.973750	564.7
70.977500	575.8
70.981250	576.7
70.985000	526.7
70.988750	532.1
70.992500	559.3
70.996250	550.6
71.000000	525.6
71.003750	570.7
71.007500	551.0
71.011250	532.6
71.015000	585.8
71.018750	566.6
71.022500	585.6
71.026250	615.4
71.030000	589.6
71.033750	540.1
71.037500	574.8
71.041250	599.7
71.045000	541.3
71.048750	577.0
71.052500	576.7
71.056250	534.3
71.060000	627.9
71.063750	614.3
71.067500	532.6
71.071250	538.6
71.075000	553.9
71.078750	571.4
71.082500	529.4
71.086250	556.7
71.090000	606.8
71.093750	594.0
71.097500	562.4
71.101250	559.2
71.105000	571.4
71.108750	553.6
71.112500	591.4
71.116250	524.4
71.120000	544.5
71.123750	577.4
71.127500	555.5
71.131250	571.8
71.135000	556.1
71.138750	588.7
71.142500	586.9
71.146250	521.2
71.150000	530.9
71.153750	546.3
71.157500	587.9
71.161250	604.5
71.165000	542.6
71.168750	579.1
71.172500	554.2
71.176250	555.0
71.180000	574.4
71.183750	561.4
71.187500	595.4
71.191250	566.1
71.195000	561.4
71.198750	556.6
71.202500	569.4
71.206250	613.5
71.210000	601.1
71.213750	555.4
71.217500	579.8
71.221250	604.0
71.225000	564.6
71.228750	566.9
71.232500	606.0
71.236250	556.5
71.240000	556.7
71.243750	564.4
71.247500	559.7
71.251250	545.2
71.255000	578.0
71.258750	571.1
71.262500	527.1
71.266250	598.3
71.270000	552.6
71.273750	566.0
71.277500	568.9
71.281250	550.2
71.285000	571.7
71.288750	538.4
71.292500	578.9
71.296250	521.2
71.300000	546.7
71.303750	581.4
71.307500	538.6
71.311250	541.5
71.315000	564.3
71.318750	565.9
71.322500	579.1
71.326250	542.9
71.330000	601.8
71.333750	582.7
71.337500	594.1
71.341250	587.2
71.345000	575.7
71.348750	566.9
71.352500	543.0
71.356250	604.6
71.360000	564.2
71.363750	554.9
71.367500	533.8
71.371250	564.1
71.375000	531.7
71.378750	564.8
71.382500	612.8
71.386250	584.2
71.390000	572.3
71.393750	562.6
71.397500	579.0
71.401250	550.3
71.405000	571.0
71.408750	566.3
71.412500	567.3
71.416250	575.2
71.420000	587.3
71.423750	545.7
71.427500	528.9
71.431250	528.1
71.435000	587.2
71.438750	550.4
71.442500	525.2
71.446250	544.4
71.450000	557.5
71.453750	526.3
71.457500	577.8
71.461250	538.0
71.465000	542.2
71.468750	544.6
71.472500	545.9
71.476250	562.9
71.480000	542.2
71.483750	523.7
71.487500	582.6
71.491250	562.6
71.495000	566.9
71.498750	538.1
71.502500	512.6
71.506250	539.5
71.510000	586.1
71.513750	552.3
71.517500	535.5
71.521250	547.9
71.525000	555.7
71.528750	569.6
71.532500	558.4
71.536250	571.2
71.540000	554.5
71.543750	543.9
71.547500	601.7
71.551250	538.9
71.555000	544.9
71.558750	605.6
71.562500	579.5
71.566250	545.3
71.570000	569.1
71.573750	551.2
71.577500	575.0
71.581250	603.2
71.585000	616.6
71.588750	601.7
71.592500	535.1
71.596250	538.0
71.600000	551.1
71.603750	545.5
71.607500	546.3
71.611250	576.5
71.615000	583.2
71.618750	565.4
71.622500	548.1
71.626250	558.0
71.630000	539.7
71.633750	530.4
71.637500	545.6
71.641250	554.4
71.645000	538.3
71.648750	542.9
71.652500	561.3
71.656250	563.6
71.660000	561.0
71.663750	525.9
71.667500	543.6
71.671250	564.9
71.675000	597.6
71.678750	548.4
71.682500	534.6
71.686250	559.3
71.690000	538.8
71.693750	587.6
71.697500	547.6
71.701250	564.5
71.705000	582.2
71.708750	531.7
71.712500	543.7
71.716250	577.4
71.720000	574.0
71.723750	567.4
71.727500	536.9
71.731250	582.8
71.735000	541.3
71.738750	557.7
71.742500	518.3
71.746250	585.7
71.750000	517.6
71.753750	527.9
71.757500	583.3
71.761250	561.0
71.765000	574.5
71.768750	578.8
71.772500	520.8
71.776250	586.7
71.780000	577.0
71.783750	586.9
71.787500	530.1
71.791250	539.3
71.795000	566.0
71.798750	558.6
71.802500	544.3
71.806250	575.7
71.810000	562.6
71.813750	554.6
71.817500	582.4
71.821250	582.6
71.825000	568.6
71.828750	539.0
71.832500	518.6
71.836250	551.2
71.840000	547.3
71.843750	570.8
71.847500	550.8
71.851250	566.3
71.855000	557.1
71.858750	534.4
71.862500	592.2
71.866250	587.3
71.870000	546.1
71.873750	561.4
71.877500	530.2
71.881250	574.4
71.885000	539.6
71.888750	523.3
71.892500	568.4
71.896250	580.2
71.900000	556.5
71.903750	562.4
71.907500	545.8
71.911250	533.5
71.915000	549.0
71.918750	570.3
71.922500	513.2
71.926250	546.6
71.930000	522.0
71.933750	565.7
71.937500	527.3
71.941250	532.3
71.945000	542.5
71.948750	521.0
71.952500	521.1
71.956250	543.7
71.960000	570.6
71.963750	537.4
71.967500	531.9
71.971250	521.1
71.975000	568.5
71.978750	562.8
71.982500	511.7
71.986250	522.2
71.990000	601.9
71.993750	553.6
71.997500	564.9
72.001250	579.2
72.005000	559.5
72.008750	538.3
72.012500	584.3
72.016250	576.9
72.020000	541.3
72.023750	554.8
72.027500	561.1
72.031250	557.5
72.035000	539.7
72.038750	589.4
72.042500	580.7
72.046250	567.8
72.050000	543.3
72.053750	558.6
72.057500	542.2
72.061250	528.1
72.065000	570.2
72.068750	561.4
72.072500	552.2
72.076250	553.8
72.080000	564.4
72.083750	519.4
72.087500	549.9
72.091250	586.8
72.095000	551.7
72.098750	581.6
72.102500	583.8
72.106250	532.2
72.110000	544.7
72.113750	548.4
72.117500	552.8
72.121250	551.5
72.125000	545.4
72.128750	560.4
72.132500	558.9
72.136250	523.2
72.140000	535.0
72.143750	572.1
72.147500	563.6
72.151250	568.5
72.155000	546.0
72.158750	605.7
72.162500	595.4
72.166250	547.8
72.170000	592.9
72.173750	581.9
72.177500	522.9
72.181250	584.6
72.185000	535.7
72.188750	560.9
72.192500	601.4
72.196250	538.2
72.200000	562.4
72.203750	569.6
72.207500	552.5
72.211250	568.8
72.215000	527.9
72.218750	556.9
72.222500	560.1
72.226250	558.6
72.230000	565.4
72.233750	556.5
72.237500	555.7
72.241250	526.9
72.245000	562.4
72.248750	555.4
72.252500	574.4
72.256250	509.3
72.260000	517.7
72.263750	558.4
72.267500	547.5
72.271250	525.1
72.275000	533.5
72.278750	545.0
72.282500	535.4
72.286250	573.0
72.290000	569.6
72.293750	570.6
72.297500	505.3
72.301250	522.7
72.305000	597.2
72.308750	580.4
72.312500	524.4
72.316250	549.0
72.320000	591.7
72.323750	534.4
72.327500	565.7
72.331250	571.2
72.335000	557.4
72.338750	544.5
72.342500	506.4
72.346250	591.7
72.350000	547.2
72.353750	497.2
72.357500	523.3
72.361250	539.4
72.365000	579.7
72.368750	561.7
72.372500	520.4
72.376250	539.6
72.380000	546.5
72.383750	607.5
72.387500	536.4
72.391250	544.9
72.395000	568.1
72.398750	540.9
72.402500	545.3
72.406250	563.7
72.410000	555.8
72.413750	515.6
72.417500	540.1
72.421250	580.4
72.425000	558.3
72.428750	545.2
72.432500	554.4
72.436250	543.8
72.440000	506.1
72.443750	506.6
72.447500	522.5
72.451250	509.6
72.455000	553.0
72.458750	560.4
72.462500	590.3
72.466250	606.0
72.470000	535.6
72.473750	519.1
72.477500	529.5
72.481250	542.0
72.485000	524.1
72.488750	530.1
72.492500	520.8
72.496250	547.1
72.500000	541.0
72.503750	522.6
72.507500	531.3
72.511250	559.2
72.515000	532.3
72.518750	547.6
72.522500	568.1
72.526250	591.7
72.530000	505.5
72.533750	531.2
72.537500	531.7
72.541250	536.0
72.545000	537.9
72.548750	530.3
72.552500	562.3
72.556250	550.4
72.560000	505.7
72.563750	504.3
72.567500	513.7
72.571250	516.1
72.575000	568.8
72.578750	552.6
72.582500	518.9
72.586250	509.5
72.590000	556.0
72.593750	567.9
72.597500	569.9
72.601250	542.0
72.605000	523.7
72.608750	533.8
72.612500	556.1
72.616250	544.6
72.620000	530.5
72.623750	523.2
72.627500	537.8
72.631250	530.0
72.635000	518.7
72.638750	495.5
72.642500	546.0
72.646250	557.5
72.650000	543.0
72.653750	539.9
72.657500	547.3
72.661250	525.9
72.665000	532.9
72.668750	580.8
72.672500	533.5
72.676250	531.4
72.680000	521.4
72.683750	537.1
72.687500	548.9
72.691250	534.4
72.695000	538.2
72.698750	543.5
72.702500	552.7
72.706250	534.2
72.710000	542.2
72.713750	548.3
72.717500	519.0
72.721250	550.2
72.725000	515.9
72.728750	548.5
72.732500	528.0
72.736250	494.9
72.740000	518.5
72.743750	539.5
72.747500	525.8
72.751250	519.7
72.755000	546.2
72.758750	554.3
72.762500	519.1
72.766250	526.8
72.770000	555.5
72.773750	517.0
72.777500	520.0
72.781250	545.9
72.785000	555.4
72.788750	546.6
72.792500	559.9
72.796250	528.9
72.800000	520.6
72.803750	562.1
72.807500	543.3
72.811250	525.2
72.815000	546.8
72.818750	575.5
72.822500	559.8
72.826250	536.4
72.830000	521.7
72.833750	581.9
72.837500	573.7
72.841250	550.2
72.845000	560.1
72.848750	508.5
72.852500	564.1
72.856250	562.8
72.860000	589.9
72.863750	569.9
72.867500	543.3
72.871250	519.3
72.875000	517.0
72.878750	494.8
72.882500	489.0
72.886250	511.4
72.890000	549.8
72.893750	515.9
72.897500	561.0
72.901250	591.2
72.905000	558.9
72.908750	544.4
72.912500	530.8
72.916250	549.6
72.920000	519.2
72.923750	546.3
72.927500	515.0
72.931250	535.5
72.935000	566.7
72.938750	502.8
72.942500	548.9
72.946250	549.6
72.950000	542.8
72.953750	538.4
72.957500	486.7
72.961250	516.3
72.965000	548.7
72.968750	531.9
72.972500	591.6
72.976250	548.6
72.980000	556.1
72.983750	553.3
72.987500	536.1
72.991250	562.7
72.995000	537.1
72.998750	559.2
73.002500	553.1
73.006250	561.0
73.010000	573.2
73.013750	580.2
73.017500	527.2
73.021250	538.1
73.025000	532.0
73.028750	539.2
73.032500	540.6
73.036250	560.8
73.040000	523.3
73.043750	552.7
73.047500	561.6
73.051250	553.7
73.055000	512.1
73.058750	566.8
73.062500	527.6
73.066250	538.6
73.070000	545.5
73.073750	608.1
73.077500	506.7
73.081250	519.5
73.085000	543.2
73.088750	561.5
73.092500	527.0
73.096250	555.0
73.100000	498.9
73.103750	533.1
73.107500	540.9
73.111250	538.9
73.115000	531.4
73.118750	534.3
73.122500	525.4
73.126250	546.7
73.130000	531.8
73.133750	563.1
73.137500	524.3
73.141250	530.8
73.145000	520.5
73.148750	526.4
73.152500	550.7
73.156250	555.9
73.160000	542.4
73.163750	565.7
73.167500	538.9
73.171250	519.4
73.175000	545.3
73.178750	544.5
73.182500	514.5
73.186250	573.7
73.190000	547.8
73.193750	556.9
73.197500	519.4
73.201250	552.7
73.205000	548.1
73.208750	567.7
73.212500	525.4
73.216250	605.1
73.220000	560.1
73.223750	573.1
73.227500	547.5
73.231250	566.9
73.235000	527.3
73.238750	554.1
73.242500	560.3
73.246250	541.0
73.250000	511.8
73.253750	513.5
73.257500	568.2
73.261250	559.6
73.265000	539.0
73.268750	562.9
73.272500	520.5
73.276250	515.3
73.280000	552.0
73.283750	537.6
73.287500	535.0
73.291250	585.2
73.295000	510.1
73.298750	540.5
73.302500	498.6
73.306250	527.5
73.310000	517.9
73.313750	545.0
73.317500	572.8
73.321250	519.8
73.325000	522.7
73.328750	564.1
73.332500	547.5
73.336250	512.8
73.340000	548.7
73.343750	561.1
73.347500	570.9
73.351250	562.0
73.355000	536.7
73.358750	579.0
73.362500	582.3
73.366250	536.4
73.370000	549.9
73.373750	533.2
73.377500	531.6
73.381250	543.1
73.385000	560.0
73.388750	517.4
73.392500	565.5
73.396250	566.8
73.400000	554.2
73.403750	523.9
73.407500	517.0
73.411250	589.6
73.415000	560.5
73.418750	596.0
73.422500	551.2
73.426250	535.8
73.430000	540.0
73.433750	551.4
73.437500	580.1
73.441250	596.6
73.445000	580.0
73.448750	560.6
73.452500	557.6
73.456250	561.3
73.460000	545.2
73.463750	574.8
73.467500	557.8
73.471250	573.2
73.475000	598.7
73.478750	571.3
73.482500	589.4
73.486250	557.9
73.490000	555.8
73.493750	548.0
73.497500	531.1
73.501250	573.8
73.505000	560.2
73.508750	567.5
73.512500	530.3
73.516250	528.0
73.520000	594.7
73.523750	612.2
73.527500	537.1
73.531250	540.3
73.535000	588.2
73.538750	586.9
73.542500	581.2
73.546250	558.7
73.550000	554.1
73.553750	541.9
73.557500	535.6
73.561250	555.4
73.565000	607.0
73.568750	580.0
73.572500	548.6
73.576250	587.2
73.580000	567.4
73.583750	569.9
73.587500	581.1
73.591250	534.4
73.595000	551.5
73.598750	561.2
73.602500	560.3
73.606250	534.6
73.610000	590.5
73.613750	599.5
73.617500	586.0
73.621250	565.3
73.625000	562.0
73.628750	528.4
73.632500	560.0
73.636250	595.9
73.640000	558.8
73.643750	537.1
73.647500	561.6
73.651250	570.2
73.655000	571.8
73.658750	575.5
73.662500	579.4
73.666250	543.1
73.670000	562.0
73.673750	568.2
73.677500	566.0
73.681250	561.8
73.685000	552.3
73.688750	570.1
73.692500	559.8
73.696250	528.6
73.700000	560.6
73.703750	588.8
73.707500	554.5
73.711250	557.3
73.715000	568.3
73.718750	599.6
73.722500	591.5
73.726250	536.0
73.730000	543.1
73.733750	572.5
73.737500	559.9
73.741250	567.9
73.745000	577.6
73.748750	564.1
73.752500	543.0
73.756250	561.3
73.760000	585.3
73.763750	557.5
73.767500	560.1
73.771250	551.7
73.775000	526.2
73.778750	563.5
73.782500	561.7
73.786250	547.9
73.790000	551.3
73.793750	556.5
73.797500	528.2
73.801250	565.0
73.805000	572.9
73.808750	540.8
73.812500	515.0
73.816250	535.6
73.820000	571.2
73.823750	540.5
73.827500	539.9
73.831250	571.0
73.835000	593.8
73.838750	560.4
73.842500	554.0
73.846250	528.1
73.850000	536.1
73.853750	533.8
73.857500	539.7
73.861250	540.2
73.865000	529.2
73.868750	535.1
73.872500	568.5
73.876250	561.4
73.880000	565.8
73.883750	546.6
73.887500	556.8
73.891250	538.3
73.895000	550.1
73.898750	535.6
73.902500	527.1
73.906250	535.1
73.910000	518.7
73.913750	586.7
73.917500	552.3
73.921250	541.7
73.925000	559.4
73.928750	532.4
73.932500	538.8
73.936250	543.5
73.940000	559.7
73.943750	545.8
73.947500	555.8
73.951250	551.4
73.955000	539.8
73.958750	601.9
73.962500	550.2
73.966250	490.4
73.970000	567.2
73.973750	590.1
73.977500	599.6
73.981250	552.1
73.985000	598.5
73.988750	563.9
73.992500	557.9
73.996250	569.7
74.000000	539.0
74.003750	528.6
74.007500	560.9
74.011250	570.6
74.015000	585.7
74.018750	635.3
74.022500	582.1
74.026250	618.0
74.030000	598.2
74.033750	591.5
74.037500	585.9
74.041250	581.7
74.045000	573.1
74.048750	553.6
74.052500	570.8
74.056250	536.2
74.060000	540.5
74.063750	589.4
74.067500	554.6
74.071250	558.0
74.075000	573.6
74.078750	540.3
74.082500	544.1
74.086250	587.0
74.090000	562.9
74.093750	543.8
74.097500	554.3
74.101250	562.0
74.105000	530.7
74.108750	555.7
74.112500	565.7
74.116250	556.1
74.120000	584.5
74.123750	582.2
74.127500	573.8
74.131250	562.5
74.135000	579.6
74.138750	563.3
74.142500	525.1
74.146250	590.7
74.150000	577.2
74.153750	564.8
74.157500	571.5
74.161250	540.3
74.165000	544.3
74.168750	552.7
74.172500	575.0
74.176250	580.8
74.180000	542.7
74.183750	557.1
74.187500	577.0
74.191250	529.7
74.195000	543.0
74.198750	584.5
74.202500	549.0
74.206250	543.4
74.210000	552.6
74.213750	501.4
74.217500	562.8
74.221250	565.3
74.225000	569.1
74.228750	577.9
74.232500	557.4
74.236250	555.5
74.240000	569.6
74.243750	550.9
74.247500	519.3
74.251250	525.4
74.255000	551.4
74.258750	590.0
74.262500	564.6
74.266250	498.6
74.270000	548.4
74.273750	560.8
74.277500	556.7
74.281250	503.7
74.285000	538.8
74.288750	570.3
74.292500	564.8
74.296250	528.1
74.300000	529.2
74.303750	560.1
74.307500	530.5
74.311250	526.4
74.315000	562.4
74.318750	545.2
74.322500	552.9
74.326250	560.3
74.330000	541.3
74.333750	556.2
74.337500	528.3
74.341250	534.9
74.345000	588.7
74.348750	546.2
74.352500	559.3
74.356250	563.2
74.360000	543.2
74.363750	603.2
74.367500	559.9
74.371250	522.7
74.375000	583.2
74.378750	567.8
74.382500	517.8
74.386250	500.6
74.390000	544.9
74.393750	554.7
74.397500	533.1
74.401250	577.4
74.405000	597.7
74.408750	561.3
74.412500	558.2
74.416250	551.5
74.420000	525.0
74.423750	532.4
74.427500	567.6
74.431250	542.1
74.435000	533.6
74.438750	586.4
74.442500	573.8
74.446250	562.2
74.450000	582.2
74.453750	585.5
74.457500	557.8
74.461250	525.3
74.465000	505.8
74.468750	550.6
74.472500	571.9
74.476250	605.3
74.480000	528.5
74.483750	561.1
74.487500	585.1
74.491250	529.2
74.495000	519.5
74.498750	524.1
74.502500	570.5
74.506250	531.3
74.510000	546.3
74.513750	586.4
74.517500	561.3
74.521250	552.8
74.525000	533.5
74.528750	537.1
74.532500	567.8
74.536250	536.9
74.540000	569.8
74.543750	537.6
74.547500	592.7
74.551250	530.8
74.555000	550.2
74.558750	544.4
74.562500	540.8
74.566250	524.5
74.570000	513.4
74.573750	563.7
74.577500	553.3
74.581250	551.4
74.585000	567.7
74.588750	534.6
74.592500	533.7
74.596250	508.4
74.600000	508.2
74.603750	551.0
74.607500	526.4
74.611250	533.6
74.615000	529.5
74.618750	548.1
74.622500	567.6
74.626250	558.1
74.630000	522.2
74.633750	543.8
74.637500	532.2
74.641250	505.2
74.645000	534.2
74.648750	537.5
74.652500	534.5
74.656250	545.6
74.660000	531.6
74.663750	536.6
74.667500	497.2
74.671250	540.0
74.675000	554.3
74.678750	516.2
74.682500	544.0
74.686250	552.7
74.690000	518.3
74.693750	553.6
74.697500	567.1
74.701250	516.8
74.705000	534.7
74.708750	514.3
74.712500	540.5
74.716250	578.9
74.720000	574.1
74.723750	505.3
74.727500	562.6
74.731250	583.9
74.735000	542.8
74.738750	533.2
74.742500	563.6
74.746250	524.0
74.750000	534.5
74.753750	502.9
74.757500	530.1
74.761250	556.8
74.765000	525.1
74.768750	558.3
74.772500	528.3
74.776250	518.3
74.780000	531.3
74.783750	524.7
74.787500	515.0
74.791250	537.0
74.795000	528.3
74.798750	517.3
74.802500	542.1
74.806250	519.1
74.810000	576.0
74.813750	500.4
74.817500	537.1
74.821250	579.7
74.825000	537.6
74.828750	505.3
74.832500	541.2
74.836250	535.6
74.840000	530.7
74.843750	551.3
74.847500	534.1
74.851250	529.4
74.855000	538.1
74.858750	524.4
74.862500	551.1
74.866250	555.2
74.870000	508.3
74.873750	533.0
74.877500	507.2
74.881250	521.6
74.885000	520.2
74.888750	604.1
74.892500	552.3
74.896250	533.3
74.900000	514.3
74.903750	563.6
74.907500	548.0
74.911250	550.8
74.915000	546.2
74.918750	542.8
74.922500	489.6
74.926250	507.3
74.930000	547.0
74.933750	511.0
74.937500	503.3
74.941250	547.6
74.945000	541.9
74.948750	507.1
74.952500	527.4
74.956250	533.3
74.960000	596.2
74.963750	577.0
74.967500	574.8
74.971250	527.2
74.975000	530.1
74.978750	496.8
74.982500	526.4
74.986250	547.1
74.990000	505.1
74.993750	550.2
74.997500	524.2
75.001250	538.2
75.005000	556.8
75.008750	534.1
75.012500	535.4
75.016250	549.3
75.020000	508.2
75.023750	534.9
75.027500	531.8
75.031250	530.4
75.035000	560.9
75.038750	518.3
75.042500	552.4
75.046250	565.3
75.050000	603.3
75.053750	546.4
75.057500	548.7
75.061250	537.2
75.065000	555.1
75.068750	528.7
75.072500	499.4
75.076250	533.7
75.080000	514.9
75.083750	481.0
75.087500	584.5
75.091250	563.1
75.095000	548.1
75.098750	546.0
75.102500	545.9
75.106250	537.8
75.110000	593.5
75.113750	550.4
75.117500	593.7
75.121250	566.2
75.125000	545.2
75.128750	557.1
75.132500	530.1
75.136250	546.3
75.140000	555.4
75.143750	526.3
75.147500	543.9
75.151250	575.5
75.155000	550.7
75.158750	518.5
75.162500	575.6
75.166250	571.8
75.170000	508.8
75.173750	556.2
75.177500	561.3
75.181250	560.7
75.185000	524.8
75.188750	520.9
75.192500	547.9
75.196250	561.1
75.200000	523.6
75.203750	536.8
75.207500	561.7
75.211250	566.7
75.215000	584.3
75.218750	552.6
75.222500	588.2
75.226250	589.0
75.230000	554.6
75.233750	578.8
75.237500	564.8
75.241250	583.0
75.245000	578.3
75.248750	599.2
75.252500	589.2
75.256250	601.7
75.260000	607.7
75.263750	627.5
75.267500	658.9
75.271250	683.5
75.275000	640.6
75.278750	712.9
75.282500	703.8
75.286250	703.3
75.290000	738.4
75.293750	765.4
75.297500	775.7
75.301250	799.3
75.305000	797.3
75.308750	810.2
75.312500	833.5
75.316250	887.6
75.320000	865.1
75.323750	833.6
75.327500	878.3
75.331250	812.6
75.335000	826.6
75.338750	850.5
75.342500	863.7
75.346250	833.4
75.350000	785.0
75.353750	839.4
75.357500	730.7
75.361250	690.6
75.365000	725.8
75.368750	672.2
75.372500	623.8
75.376250	637.1
75.380000	597.0
75.383750	579.0
75.387500	599.8
75.391250	579.8
75.395000	569.8
75.398750	610.6
75.402500	622.5
75.406250	563.8
75.410000	579.3
75.413750	585.5
75.417500	555.1
75.421250	584.9
75.425000	549.0
75.428750	574.3
75.432500	604.0
75.436250	539.6
75.440000	501.8
75.443750	549.7
75.447500	532.0
75.451250	540.9
75.455000	543.7
75.458750	572.9
75.462500	553.9
75.466250	519.3
75.470000	528.2
75.473750	527.2
75.477500	556.0
75.481250	567.5
75.485000	525.2
75.488750	543.1
75.492500	546.7
75.496250	529.7
75.500000	533.7
75.503750	518.7
75.507500	528.8
75.511250	515.8
75.515000	512.0
75.518750	544.3
75.522500	531.4
75.526250	516.4
75.530000	488.2
75.533750	570.3
75.537500	556.7
75.541250	584.8
75.545000	494.0
75.548750	527.3
75.552500	569.1
75.556250	550.9
75.560000	495.9
75.563750	513.7
75.567500	492.5
75.571250	534.7
75.575000	503.2
75.578750	601.4
75.582500	541.2
75.586250	574.7
75.590000	496.4
75.593750	522.7
75.597500	510.2
75.601250	523.2
75.605000	530.0
75.608750	504.2
75.612500	510.2
75.616250	544.7
75.620000	569.8
75.623750	474.0
75.627500	528.2
75.631250	526.4
75.635000	569.8
75.638750	526.5
75.642500	503.6
75.646250	532.6
75.650000	524.5
75.653750	546.7
75.657500	552.2
75.661250	556.6
75.665000	495.6
75.668750	563.6
75.672500	531.2
75.676250	439.5
75.680000	473.6
75.683750	539.7
75.687500	530.4
75.691250	516.8
75.695000	512.8
75.698750	511.7
75.702500	505.9
75.706250	485.2
75.710000	567.2
75.713750	539.5
75.717500	532.6
75.721250	555.5
75.725000	522.9
75.728750	482.5
75.732500	537.8
75.736250	560.5
75.740000	554.4
75.743750	529.5
75.747500	479.0
75.751250	515.3
75.755000	523.4
75.758750	545.8
75.762500	517.1
75.766250	537.7
75.770000	526.6
75.773750	541.1
75.777500	530.2
75.781250	556.3
75.785000	588.4
75.788750	551.7
75.792500	522.5
75.796250	516.0
75.800000	538.2
75.803750	514.0
75.807500	544.0
75.811250	534.4
75.815000	535.3
75.818750	518.0
75.822500	538.4
75.826250	521.1
75.830000	501.3
75.833750	529.8
75.837500	531.5
75.841250	528.2
75.845000	493.8
75.848750	529.9
75.852500	512.2
75.856250	526.8
75.860000	562.7
75.863750	540.0
75.867500	528.9
75.871250	528.7
75.875000	562.0
75.878750	587.0
75.882500	502.3
75.886250	553.1
75.890000	553.0
75.893750	579.1
75.897500	517.2
75.901250	538.4
75.905000	538.9
75.908750	509.1
75.912500	549.9
75.916250	566.2
75.920000	537.9
75.923750	542.2
75.927500	547.1
75.931250	568.1
75.935000	545.7
75.938750	578.0
75.942500	543.2
75.946250	548.1
75.950000	533.1
75.953750	513.1
75.957500	552.8
75.961250	542.3
75.965000	513.3
75.968750	565.0
75.972500	565.4
75.976250	536.9
75.980000	517.3
75.983750	492.0
75.987500	525.0
75.991250	533.8
75.995000	499.9
75.998750	535.6
76.002500	517.0
76.006250	510.5
76.010000	526.0
76.013750	545.0
76.017500	527.3
76.021250	478.6
76.025000	545.1
76.028750	513.1
76.032500	533.2
76.036250	529.9
76.040000	528.1
76.043750	553.1
76.047500	526.8
76.051250	457.8
76.055000	555.9
76.058750	563.4
76.062500	446.4
76.066250	564.0
76.070000	538.3
76.073750	552.4
76.077500	518.5
76.081250	519.8
76.085000	527.9
76.088750	512.0
76.092500	488.3
76.096250	539.1
76.100000	551.0
76.103750	540.2
76.107500	526.7
76.111250	538.2
76.115000	531.3
76.118750	563.3
76.122500	507.8
76.126250	557.8
76.130000	580.6
76.133750	531.6
76.137500	511.8
76.141250	520.0
76.145000	559.4
76.148750	564.1
76.152500	610.9
76.156250	529.4
76.160000	486.0
76.163750	567.0
76.167500	523.5
76.171250	533.7
76.175000	530.4
76.178750	496.1
76.182500	561.6
76.186250	543.4
76.190000	530.2
76.193750	513.4
76.197500	514.5
76.201250	538.8
76.205000	526.8
76.208750	511.8
76.212500	483.4
76.216250	494.5
76.220000	510.2
76.223750	530.0
76.227500	549.9
76.231250	568.7
76.235000	524.4
76.238750	518.7
76.242500	529.1
76.246250	531.9
76.250000	525.1
76.253750	537.1
76.257500	515.8
76.261250	507.9
76.265000	543.5
76.268750	515.4
76.272500	568.3
76.276250	526.6
76.280000	481.7
76.283750	509.3
76.287500	497.4
76.291250	540.2
76.295000	523.3
76.298750	522.7
76.302500	550.2
76.306250	562.7
76.310000	519.0
76.313750	527.6
76.317500	498.5
76.321250	519.7
76.325000	552.7
76.328750	541.9
76.332500	531.4
76.336250	546.0
76.340000	522.8
76.343750	496.8
76.347500	539.6
76.351250	550.9
76.355000	507.2
76.358750	524.1
76.362500	547.4
76.366250	538.4
76.370000	502.2
76.373750	523.9
76.377500	547.4
76.381250	522.1
76.385000	554.2
76.388750	520.5
76.392500	515.0
76.396250	519.4
76.400000	550.8
76.403750	517.4
76.407500	505.6
76.411250	517.5
76.415000	529.7
76.418750	565.1
76.422500	518.8
76.426250	508.8
76.430000	499.9
76.433750	495.0
76.437500	488.4
76.441250	508.9
76.445000	575.6
76.448750	543.5
76.452500	517.6
76.456250	492.6
76.460000	504.7
76.463750	514.4
76.467500	498.1
76.471250	542.1
76.475000	584.4
76.478750	501.3
76.482500	493.1
76.486250	521.9
76.490000	530.8
76.493750	550.2
76.497500	524.8
76.501250	554.8
76.505000	529.3
76.508750	512.9
76.512500	536.2
76.516250	522.9
76.520000	526.9
76.523750	534.3
76.527500	525.1
76.531250	529.2
76.535000	500.9
76.538750	520.2
76.542500	512.9
76.546250	519.2
76.550000	510.7
76.553750	525.4
76.557500	512.7
76.561250	527.1
76.565000	542.4
76.568750	531.6
76.572500	554.3
76.576250	577.0
76.580000	514.6
76.583750	531.4
76.587500	523.8
76.591250	544.0
76.595000	506.8
76.598750	530.7
76.602500	480.0
76.606250	539.5
76.610000	548.3
76.613750	529.3
76.617500	546.7
76.621250	570.0
76.625000	575.7
76.628750	581.3
76.632500	535.5
76.636250	512.7
76.640000	530.0
76.643750	530.7
76.647500	547.5
76.651250	566.0
76.655000	542.6
76.658750	510.7
76.662500	514.9
76.666250	528.3
76.670000	531.8
76.673750	515.9
76.677500	521.3
76.681250	555.5
76.685000	548.4
76.688750	552.6
76.692500	529.6
76.696250	522.1
76.700000	522.7
76.703750	510.1
76.707500	492.5
76.711250	526.7
76.715000	510.9
76.718750	553.7
76.722500	536.0
76.726250	529.4
76.730000	539.6
76.733750	550.3
76.737500	548.5
76.741250	548.3
76.745000	563.1
76.748750	570.2
76.752500	525.2
76.756250	534.4
76.760000	541.8
76.763750	539.3
76.767500	533.3
76.771250	533.8
76.775000	533.6
76.778750	507.6
76.782500	538.9
76.786250	545.0
76.790000	558.8
76.793750	561.9
76.797500	519.3
76.801250	521.1
76.805000	530.4
76.808750	551.0
76.812500	545.1
76.816250	547.9
76.820000	533.5
76.823750	531.6
76.827500	542.3
76.831250	536.9
76.835000	534.6
76.838750	555.6
76.842500	540.4
76.846250	480.8
76.850000	532.2
76.853750	505.0
76.857500	543.9
76.861250	546.9
76.865000	503.6
76.868750	526.3
76.872500	528.7
76.876250	535.8
76.880000	485.4
76.883750	504.9
76.887500	537.9
76.891250	515.2
76.895000	512.0
76.898750	540.6
76.902500	517.0
76.906250	499.7
76.910000	539.3
76.913750	537.8
76.917500	560.8
76.921250	513.6
76.925000	549.6
76.928750	505.0
76.932500	523.3
76.936250	528.2
76.940000	545.8
76.943750	520.7
76.947500	515.8
76.951250	493.2
76.955000	559.7
76.958750	514.5
76.962500	525.8
76.966250	500.5
76.970000	516.6
76.973750	536.2
76.977500	536.2
76.981250	565.2
76.985000	516.2
76.988750	512.5
76.992500	501.4
76.996250	530.3
77.000000	570.4
77.003750	555.0
77.007500	527.2
77.011250	544.8
77.015000	506.9
77.018750	513.2
77.022500	517.7
77.026250	532.1
77.030000	506.2
77.033750	536.3
77.037500	514.6
77.041250	540.3
77.045000	529.8
77.048750	503.8
77.052500	547.2
77.056250	534.9
77.060000	512.3
77.063750	527.3
77.067500	530.3
77.071250	502.6
77.075000	522.6
77.078750	455.0
77.082500	519.6
77.086250	543.2
77.090000	517.3
77.093750	545.5
77.097500	524.6
77.101250	553.4
77.105000	541.5
77.108750	487.2
77.112500	534.7
77.116250	590.4
77.120000	520.3
77.123750	515.6
77.127500	492.0
77.131250	539.8
77.135000	524.2
77.138750	554.8
77.142500	546.9
77.146250	551.6
77.150000	598.3
77.153750	512.0
77.157500	540.5
77.161250	527.4
77.165000	557.1
77.168750	526.0
77.172500	578.3
77.176250	522.9
77.180000	503.5
77.183750	506.8
77.187500	500.4
77.191250	533.3
77.195000	533.2
77.198750	531.5
77.202500	511.2
77.206250	486.4
77.210000	534.1
77.213750	565.1
77.217500	533.8
77.221250	517.2
77.225000	516.4
77.228750	517.8
77.232500	521.8
77.236250	520.7
77.240000	522.6
77.243750	506.0
77.247500	537.0
77.251250	519.7
77.255000	556.2
77.258750	563.0
77.262500	568.0
77.266250	531.1
77.270000	510.0
77.273750	517.5
77.277500	561.5
77.281250	486.5
77.285000	551.2
77.288750	542.3
77.292500	506.7
77.296250	514.5
77.300000	572.3
77.303750	512.3
77.307500	521.2
77.311250	536.6
77.315000	561.1
77.318750	521.2
77.322500	567.5
77.326250	541.0
77.330000	544.0
77.333750	502.8
77.337500	524.4
77.341250	534.7
77.345000	542.4
77.348750	522.7
77.352500	570.7
77.356250	563.5
77.360000	510.6
77.363750	516.1
77.367500	516.4
77.371250	519.0
77.375000	531.0
77.378750	552.0
77.382500	523.0
77.386250	475.9
77.390000	498.3
77.393750	521.5
77.397500	520.7
77.401250	547.0
77.405000	529.6
77.408750	540.7
77.412500	565.5
77.416250	529.6
77.420000	510.7
77.423750	509.8
77.427500	526.4
77.431250	522.0
77.435000	543.8
77.438750	520.4
77.442500	508.4
77.446250	533.5
77.450000	509.1
77.453750	523.9
77.457500	576.9
77.461250	570.8
77.465000	548.0
77.468750	501.8
77.472500	534.6
77.476250	508.9
77.480000	537.7
77.483750	540.6
77.487500	553.9
77.491250	511.8
77.495000	523.8
77.498750	545.7
77.502500	530.6
77.506250	535.5
77.510000	498.5
77.513750	527.4
77.517500	538.7
77.521250	521.0
77.525000	529.3
77.528750	546.9
77.532500	553.0
77.536250	525.8
77.540000	549.9
77.543750	540.9
77.547500	557.5
77.551250	531.0
77.555000	556.9
77.558750	543.9
77.562500	534.9
77.566250	512.9
77.570000	564.7
77.573750	525.1
77.577500	550.1
77.581250	535.4
77.585000	540.2
77.588750	552.7
77.592500	543.3
77.596250	541.7
77.600000	586.7
77.603750	561.4
77.607500	540.3
77.611250	512.0
77.615000	543.4
77.618750	505.0
77.622500	528.2
77.626250	509.3
77.630000	581.6
77.633750	560.2
77.637500	506.8
77.641250	586.1
77.645000	544.4
77.648750	525.8
77.652500	511.1
77.656250	517.1
77.660000	543.0
77.663750	546.3
77.667500	545.2
77.671250	533.4
77.675000	542.3
77.678750	546.1
77.682500	516.4
77.686250	555.1
77.690000	492.6
77.693750	517.7
77.697500	488.8
77.701250	521.0
77.705000	547.9
77.708750	557.8
77.712500	530.4
77.716250	555.5
77.720000	546.0
77.723750	538.9
77.727500	495.6
77.731250	500.0
77.735000	509.2
77.738750	543.4
77.742500	542.5
77.746250	514.2
77.750000	537.0
77.753750	536.5
77.757500	530.4
77.761250	519.7
77.765000	538.2
77.768750	539.4
77.772500	524.6
77.776250	518.3
77.780000	545.2
77.783750	543.0
77.787500	529.9
77.791250	528.5
77.795000	506.4
77.798750	546.5
77.802500	553.1
77.806250	517.9
77.810000	509.8
77.813750	490.2
77.817500	522.8
77.821250	573.8
77.825000	558.1
77.828750	529.2
77.832500	521.9
77.836250	522.9
77.840000	503.7
77.843750	504.6
77.847500	522.3
77.851250	523.5
77.855000	563.1
77.858750	536.9
77.862500	514.2
77.866250	538.3
77.870000	527.7
77.873750	548.0
77.877500	543.2
77.881250	541.9
77.885000	534.8
77.888750	561.9
77.892500	527.9
77.896250	522.9
77.900000	519.4
77.903750	560.5
77.907500	519.0
77.911250	502.9
77.915000	561.7
77.918750	544.5
77.922500	548.5
77.926250	561.7
77.930000	535.4
77.933750	541.2
77.937500	553.3
77.941250	506.4
77.945000	573.7
77.948750	565.1
77.952500	543.0
77.956250	526.8
77.960000	528.9
77.963750	502.4
77.967500	525.1
77.971250	515.3
77.975000	500.2
77.978750	560.5
77.982500	534.1
77.986250	516.6
77.990000	518.2
77.993750	556.2
77.997500	542.3
78.001250	528.7
78.005000	543.6
78.008750	534.4
78.012500	496.7
78.016250	477.7
78.020000	563.4
78.023750	546.8
78.027500	503.2
78.031250	496.7
78.035000	513.1
78.038750	562.5
78.042500	567.9
78.046250	520.4
78.050000	525.5
78.053750	529.4
78.057500	500.4
78.061250	516.5
78.065000	519.8
78.068750	519.1
78.072500	561.5
78.076250	526.6
78.080000	519.9
78.083750	544.5
78.087500	482.3
78.091250	524.5
78.095000	522.6
78.098750	512.7
78.102500	534.3
78.106250	525.6
78.110000	529.5
78.113750	562.6
78.117500	513.2
78.121250	526.5
78.125000	532.0
78.128750	481.1
78.132500	576.3
78.136250	553.5
78.140000	535.5
78.143750	549.9
78.147500	514.4
78.151250	567.2
78.155000	531.0
78.158750	528.8
78.162500	520.0
78.166250	525.5
78.170000	503.1
78.173750	529.3
78.177500	545.9
78.181250	541.1
78.185000	525.6
78.188750	580.9
78.192500	538.5
78.196250	512.4
78.200000	545.6
78.203750	544.1
78.207500	551.6
78.211250	533.3
78.215000	548.0
78.218750	563.7
78.222500	561.0
78.226250	528.9
78.230000	552.3
78.233750	573.9
78.237500	522.6
78.241250	546.6
78.245000	568.9
78.248750	558.0
78.252500	561.6
78.256250	566.2
78.260000	542.3
78.263750	553.9
78.267500	533.8
78.271250	559.1
78.275000	530.2
78.278750	536.9
78.282500	544.9
78.286250	511.5
78.290000	523.7
78.293750	561.9
78.297500	570.2
78.301250	542.9
78.305000	541.1
78.308750	516.7
78.312500	543.2
78.316250	531.0
78.320000	531.6
78.323750	542.5
78.327500	524.4
78.331250	536.1
78.335000	552.6
78.338750	556.0
78.342500	527.7
78.346250	519.8
78.350000	515.7
78.353750	523.3
78.357500	507.1
78.361250	500.2
78.365000	546.7
78.368750	513.4
78.372500	524.3
78.376250	552.0
78.380000	506.0
78.383750	549.0
78.387500	510.7
78.391250	531.4
78.395000	536.9
78.398750	543.6
78.402500	511.2
78.406250	495.7
78.410000	507.8
78.413750	525.1
78.417500	538.5
78.421250	507.1
78.425000	517.0
78.428750	530.1
78.432500	594.4
78.436250	545.5
78.440000	565.5
78.443750	552.7
78.447500	571.4
78.451250	545.5
78.455000	523.2
78.458750	530.9
78.462500	523.1
78.466250	553.5
78.470000	562.3
78.473750	558.0
78.477500	513.8
78.481250	513.6
78.485000	488.8
78.488750	548.2
78.492500	556.9
78.496250	521.7
78.500000	514.3
78.503750	523.0
78.507500	506.1
78.511250	511.5
78.515000	513.8
78.518750	523.8
78.522500	462.8
78.526250	556.2
78.530000	525.4
78.533750	496.1
78.537500	520.1
78.541250	538.4
78.545000	545.5
78.548750	515.6
78.552500	550.2
78.556250	520.1
78.560000	512.9
78.563750	490.0
78.567500	565.9
78.571250	560.4
78.575000	518.3
78.578750	545.1
78.582500	543.9
78.586250	510.5
78.590000	514.0
78.593750	506.9
78.597500	465.6
78.601250	563.4
78.605000	558.5
78.608750	530.2
78.612500	533.3
78.616250	553.4
78.620000	531.5
78.623750	558.2
78.627500	529.4
78.631250	502.1
78.635000	531.7
78.638750	560.2
78.642500	532.6
78.646250	535.9
78.650000	551.3
78.653750	501.0
78.657500	514.6
78.661250	525.1
78.665000	526.0
78.668750	556.6
78.672500	560.1
78.676250	522.6
78.680000	512.6
78.683750	527.2
78.687500	515.7
78.691250	542.4
78.695000	549.4
78.698750	520.2
78.702500	507.3
78.706250	498.8
78.710000	568.0
78.713750	598.5
78.717500	530.7
78.721250	528.5
78.725000	541.3
78.728750	545.1
78.732500	525.4
78.736250	519.3
78.740000	560.6
78.743750	501.6
78.747500	541.9
78.751250	529.0
78.755000	556.0
78.758750	519.7
78.762500	577.5
78.766250	542.8
78.770000	514.1
78.773750	503.9
78.777500	548.6
78.781250	552.1
78.785000	525.8
78.788750	581.2
78.792500	542.6
78.796250	553.1
78.800000	543.5
78.803750	522.5
78.807500	494.3
78.811250	515.1
78.815000	541.6
78.818750	517.0
78.822500	535.1
78.826250	511.5
78.830000	494.9
78.833750	555.9
78.837500	516.7
78.841250	479.3
78.845000	543.7
78.848750	514.6
78.852500	485.0
78.856250	514.3
78.860000	532.5
78.863750	543.4
78.867500	528.8
78.871250	544.0
78.875000	498.7
78.878750	544.2
78.882500	495.8
78.886250	495.8
78.890000	539.0
78.893750	533.7
78.897500	533.5
78.901250	547.8
78.905000	521.6
78.908750	557.2
78.912500	514.4
78.916250	509.4
78.920000	524.6
78.923750	527.9
78.927500	511.4
78.931250	521.5
78.935000	532.7
78.938750	509.6
78.942500	512.9
78.946250	491.6
78.950000	487.9
78.953750	530.6
78.957500	518.4
78.961250	549.2
78.965000	535.2
78.968750	554.3
78.972500	505.3
78.976250	496.8
78.980000	503.7
78.983750	545.3
78.987500	543.2
78.991250	501.7
78.995000	529.7
78.998750	523.2
79.002500	506.6
79.006250	545.4
79.010000	561.8
79.013750	522.9
79.017500	500.9
79.021250	533.2
79.025000	529.2
79.028750	526.3
79.032500	548.8
79.036250	477.8
79.040000	512.4
79.043750	537.7
79.047500	547.7
79.051250	562.4
79.055000	537.1
79.058750	558.3
79.062500	517.1
79.066250	559.3
79.070000	490.0
79.073750	514.6
79.077500	559.4
79.081250	531.6
79.085000	512.0
79.088750	543.9
79.092500	523.3
79.096250	517.7
79.100000	533.6
79.103750	512.5
79.107500	520.7
79.111250	495.6
79.115000	545.1
79.118750	518.2
79.122500	515.1
79.126250	578.4
79.130000	522.5
79.133750	497.0
79.137500	485.3
79.141250	526.8
79.145000	548.4
79.148750	513.7
79.152500	545.6
79.156250	529.6
79.160000	524.0
79.163750	516.8
79.167500	529.1
79.171250	552.2
79.175000	526.5
79.178750	509.8
79.182500	531.7
79.186250	494.7
79.190000	525.3
79.193750	518.3
79.197500	489.6
79.201250	536.8
79.205000	519.5
79.208750	531.2
79.212500	529.3
79.216250	510.3
79.220000	516.6
79.223750	522.1
79.227500	524.4
79.231250	530.5
79.235000	528.1
79.238750	546.0
79.242500	498.7
79.246250	527.7
79.250000	540.2
79.253750	540.9
79.257500	523.8
79.261250	517.2
79.265000	550.0
79.268750	526.5
79.272500	530.0
79.276250	520.8
79.280000	502.1
79.283750	512.2
79.287500	503.6
79.291250	532.8
79.295000	547.0
79.298750	528.1
79.302500	541.1
79.306250	509.3
79.310000	513.5
79.313750	553.3
79.317500	538.4
79.321250	551.6
79.325000	549.8
79.328750	529.8
79.332500	544.4
79.336250	531.5
79.340000	544.3
79.343750	521.3
79.347500	477.4
79.351250	511.2
79.355000	572.4
79.358750	527.9
79.362500	525.4
79.366250	541.9
79.370000	547.6
79.373750	524.0
79.377500	507.0
79.381250	531.8
79.385000	551.7
79.388750	519.7
79.392500	553.7
79.396250	553.5
79.400000	524.0
79.403750	546.1
79.407500	530.1
79.411250	545.0
79.415000	541.2
79.418750	520.6
79.422500	491.3
79.426250	480.3
79.430000	524.6
79.433750	493.3
79.437500	511.7
79.441250	527.1
79.445000	525.5
79.448750	543.0
79.452500	520.5
79.456250	502.4
79.460000	502.2
79.463750	508.7
79.467500	534.5
79.471250	492.7
79.475000	496.5
79.478750	520.9
79.482500	521.2
79.486250	531.7
79.490000	523.6
79.493750	527.9
79.497500	491.9
79.501250	529.9
79.505000	517.9
79.508750	518.7
79.512500	518.9
79.516250	492.7
79.520000	538.9
79.523750	496.2
79.527500	475.5
79.531250	518.7
79.535000	558.7
79.538750	512.7
79.542500	516.6
79.546250	505.6
79.550000	488.9
79.553750	503.8
79.557500	512.3
79.561250	501.8
79.565000	520.0
79.568750	535.1
79.572500	545.8
79.576250	525.2
79.580000	531.0
79.583750	500.8
79.587500	526.8
79.591250	524.2
79.595000	490.8
79.598750	544.6
79.602500	560.2
79.606250	527.1
79.610000	528.4
79.613750	498.5
79.617500	527.4
79.621250	538.6
79.625000	523.4
79.628750	558.6
79.632500	556.2
79.636250	528.8
79.640000	521.5
79.643750	521.7
79.647500	509.8
79.651250	493.6
79.655000	495.7
79.658750	544.0
79.662500	536.0
79.666250	533.2
79.670000	539.0
79.673750	523.3
79.677500	530.6
79.681250	528.6
79.685000	520.2
79.688750	550.0
79.692500	553.2
79.696250	518.2
79.700000	533.1
79.703750	487.4
79.707500	521.1
79.711250	537.4
79.715000	537.2
79.718750	561.5
79.722500	522.3
79.726250	542.2
79.730000	530.6
79.733750	560.8
79.737500	567.0
79.741250	525.5
79.745000	544.1
79.748750	545.3
79.752500	518.9
79.756250	560.6
79.760000	531.8
79.763750	481.9
79.767500	549.2
79.771250	551.2
79.775000	568.5
79.778750	511.0
79.782500	520.5
79.786250	526.8
79.790000	517.5
79.793750	533.6
79.797500	535.6
79.801250	544.7
79.805000	495.5
79.808750	497.7
79.812500	550.5
79.816250	512.3
79.820000	459.5
79.823750	499.1
79.827500	547.8
79.831250	535.9
79.835000	533.7
79.838750	494.9
79.842500	522.0
79.846250	526.9
79.850000	514.8
79.853750	537.0
79.857500	510.1
79.861250	502.5
79.865000	531.6
79.868750	540.9
79.872500	521.5
79.876250	520.8
79.880000	543.1
79.883750	515.9
79.887500	508.1
79.891250	537.4
79.895000	520.2
79.898750	541.2
79.902500	516.3
79.906250	536.5
79.910000	541.9
79.913750	538.3
79.917500	532.2
79.921250	490.8
79.925000	511.0
79.928750	532.3
79.932500	505.3
79.936250	503.4
79.940000	495.6
79.943750	531.9
79.947500	492.6
79.951250	487.2
79.955000	539.4
79.958750	540.4
79.962500	525.6
79.966250	549.5
79.970000	521.3
79.973750	513.5
79.977500	554.8
79.981250	508.1
79.985000	543.3
79.988750	539.6
79.992500	542.0
79.996250	573.2
80.000000	546.7
