20.0000	58.0000	7.6158
20.0143	65.0000	8.0623
20.0285	69.0000	8.3066
20.0428	60.0000	7.7460
20.0570	60.0000	7.7460
20.0713	55.0000	7.4162
20.0856	76.0000	8.7178
20.0998	77.0000	8.7750
20.1141	66.0000	8.1240
20.1283	63.0000	7.9373
20.1426	66.0000	8.1240
20.1569	77.0000	8.7750
20.1711	62.0000	7.8740
20.1854	79.0000	8.8882
20.1996	52.0000	7.2111
20.2139	78.0000	8.8318
20.2282	77.0000	8.7750
20.2424	78.0000	8.8318
20.2567	70.0000	8.3666
20.2709	65.0000	8.0623
20.2852	74.0000	8.6023
20.2994	58.0000	7.6158
20.3137	70.0000	8.3666
20.3280	73.0000	8.5440
20.3422	57.0000	7.5498
20.3565	52.0000	7.2111
20.3707	51.0000	7.1414
20.3850	67.0000	8.1854
20.3993	82.0000	9.0554
20.4135	73.0000	8.5440
20.4278	56.0000	7.4833
20.4420	63.0000	7.9373
20.4563	70.0000	8.3666
20.4706	69.0000	8.3066
20.4848	73.0000	8.5440
20.4991	70.0000	8.3666
20.5133	66.0000	8.1240
20.5276	66.0000	8.1240
20.5419	49.0000	7.0000
20.5561	56.0000	7.4833
20.5704	57.0000	7.5498
20.5846	67.0000	8.1854
20.5989	57.0000	7.5498
20.6132	63.0000	7.9373
20.6274	61.0000	7.8102
20.6417	56.0000	7.4833
20.6559	70.0000	8.3666
20.6702	71.0000	8.4261
20.6845	66.0000	8.1240
20.6987	66.0000	8.1240
20.7130	60.0000	7.7460
20.7272	62.0000	7.8740
20.7415	71.0000	8.4261
20.7558	63.0000	7.9373
20.7700	67.0000	8.1854
20.7843	56.0000	7.4833
20.7985	55.0000	7.4162
20.8128	57.0000	7.5498
20.8271	62.0000	7.8740
20.8413	66.0000	8.1240
20.8556	62.0000	7.8740
20.8698	82.0000	9.0554
20.8841	60.0000	7.7460
20.8983	75.0000	8.6603
20.9126	72.0000	8.4853
20.9269	70.0000	8.3666
20.9411	60.0000	7.7460
20.9554	51.0000	7.1414
20.9696	56.0000	7.4833
20.9839	61.0000	7.8102
20.9982	69.0000	8.3066
21.0124	59.0000	7.6811
21.0267	74.0000	8.6023
21.0409	67.0000	8.1854
21.0552	82.0000	9.0554
21.0695	77.0000	8.7750
21.0837	67.0000	8.1854
21.0980	54.0000	7.3485
21.1122	68.0000	8.2462
21.1265	78.0000	8.8318
21.1408	73.0000	8.5440
21.1550	61.0000	7.8102
21.1693	46.0000	6.7823
21.1835	63.0000	7.9373
21.1978	59.0000	7.6811
21.2121	62.0000	7.8740
21.2263	79.0000	8.8882
21.2406	65.0000	8.0623
21.2548	68.0000	8.2462
21.2691	58.0000	7.6158
21.2834	44.0000	6.6332
21.2976	59.0000	7.6811
21.3119	51.0000	7.1414
21.3261	52.0000	7.2111
21.3404	49.0000	7.0000
21.3547	57.0000	7.5498
21.3689	61.0000	7.8102
21.3832	63.0000	7.9373
21.3974	66.0000	8.1240
21.4117	57.0000	7.5498
21.4260	65.0000	8.0623
21.4402	68.0000	8.2462
21.4545	74.0000	8.6023
21.4687	59.0000	7.6811
21.4830	72.0000	8.4853
21.4972	58.0000	7.6158
21.5115	62.0000	7.8740
21.5258	57.0000	7.5498
21.5400	63.0000	7.9373
21.5543	55.0000	7.4162
21.5685	70.0000	8.3666
21.5828	65.0000	8.0623
21.5971	60.0000	7.7460
21.6113	67.0000	8.1854
21.6256	67.0000	8.1854
21.6398	69.0000	8.3066
21.6541	65.0000	8.0623
21.6684	60.0000	7.7460
21.6826	74.0000	8.6023
21.6969	54.0000	7.3485
21.7111	67.0000	8.1854
21.7254	88.0000	9.3808
21.7397	55.0000	7.4162
21.7539	59.0000	7.6811
21.7682	73.0000	8.5440
21.7824	64.0000	8.0000
21.7967	42.0000	6.4807
21.8110	81.0000	9.0000
21.8252	65.0000	8.0623
21.8395	61.0000	7.8102
21.8537	68.0000	8.2462
21.8680	73.0000	8.5440
21.8823	67.0000	8.1854
21.8965	65.0000	8.0623
21.9108	63.0000	7.9373
21.9250	61.0000	7.8102
21.9393	81.0000	9.0000
21.9536	65.0000	8.0623
21.9678	61.0000	7.8102
21.9821	55.0000	7.4162
21.9963	64.0000	8.0000
22.0106	60.0000	7.7460
22.0248	70.0000	8.3666
22.0391	60.0000	7.7460
22.0534	73.0000	8.5440
22.0676	56.0000	7.4833
22.0819	53.0000	7.2801
22.0961	68.0000	8.2462
22.1104	84.0000	9.1652
22.1247	63.0000	7.9373
22.1389	65.0000	8.0623
22.1532	80.0000	8.9443
22.1674	74.0000	8.6023
22.1817	45.0000	6.7082
22.1960	65.0000	8.0623
22.2102	51.0000	7.1414
22.2245	81.0000	9.0000
22.2387	73.0000	8.5440
22.2530	53.0000	7.2801
22.2673	50.0000	7.0711
22.2815	49.0000	7.0000
22.2958	68.0000	8.2462
22.3100	54.0000	7.3485
22.3243	62.0000	7.8740
22.3386	73.0000	8.5440
22.3528	66.0000	8.1240
22.3671	64.0000	8.0000
22.3813	69.0000	8.3066
22.3956	67.0000	8.1854
22.4099	57.0000	7.5498
22.4241	50.0000	7.0711
22.4384	65.0000	8.0623
22.4526	63.0000	7.9373
22.4669	59.0000	7.6811
22.4812	55.0000	7.4162
22.4954	76.0000	8.7178
22.5097	63.0000	7.9373
22.5239	77.0000	8.7750
22.5382	59.0000	7.6811
22.5525	45.0000	6.7082
22.5667	66.0000	8.1240
22.5810	71.0000	8.4261
22.5952	76.0000	8.7178
22.6095	63.0000	7.9373
22.6237	69.0000	8.3066
22.6380	62.0000	7.8740
22.6523	59.0000	7.6811
22.6665	61.0000	7.8102
22.6808	50.0000	7.0711
22.6950	57.0000	7.5498
22.7093	50.0000	7.0711
22.7236	61.0000	7.8102
22.7378	63.0000	7.9373
22.7521	61.0000	7.8102
22.7663	63.0000	7.9373
22.7806	81.0000	9.0000
22.7949	63.0000	7.9373
22.8091	69.0000	8.3066
22.8234	62.0000	7.8740
22.8376	74.0000	8.6023
22.8519	71.0000	8.4261
22.8662	73.0000	8.5440
22.8804	57.0000	7.5498
22.8947	64.0000	8.0000
22.9089	79.0000	8.8882
22.9232	78.0000	8.8318
22.9375	68.0000	8.2462
22.9517	71.0000	8.4261
22.9660	48.0000	6.9282
22.9802	54.0000	7.3485
22.9945	57.0000	7.5498
23.0088	61.0000	7.8102
23.0230	68.0000	8.2462
23.0373	65.0000	8.0623
23.0515	69.0000	8.3066
23.0658	60.0000	7.7460
23.0801	60.0000	7.7460
23.0943	51.0000	7.1414
23.1086	47.0000	6.8557
23.1228	57.0000	7.5498
23.1371	66.0000	8.1240
23.1513	58.0000	7.6158
23.1656	57.0000	7.5498
23.1799	76.0000	8.7178
23.1941	61.0000	7.8102
23.2084	70.0000	8.3666
23.2226	66.0000	8.1240
23.2369	55.0000	7.4162
23.2512	53.0000	7.2801
23.2654	75.0000	8.6603
23.2797	65.0000	8.0623
23.2939	63.0000	7.9373
23.3082	54.0000	7.3485
23.3225	59.0000	7.6811
23.3367	65.0000	8.0623
23.3510	62.0000	7.8740
23.3652	60.0000	7.7460
23.3795	57.0000	7.5498
23.3938	54.0000	7.3485
23.4080	59.0000	7.6811
23.4223	56.0000	7.4833
23.4365	59.0000	7.6811
23.4508	58.0000	7.6158
23.4651	62.0000	7.8740
23.4793	59.0000	7.6811
23.4936	55.0000	7.4162
23.5078	51.0000	7.1414
23.5221	66.0000	8.1240
23.5364	63.0000	7.9373
23.5506	59.0000	7.6811
23.5649	70.0000	8.3666
23.5791	55.0000	7.4162
23.5934	58.0000	7.6158
23.6077	82.0000	9.0554
23.6219	70.0000	8.3666
23.6362	70.0000	8.3666
23.6504	52.0000	7.2111
23.6647	55.0000	7.4162
23.6790	57.0000	7.5498
23.6932	74.0000	8.6023
23.7075	59.0000	7.6811
23.7217	62.0000	7.8740
23.7360	69.0000	8.3066
23.7502	60.0000	7.7460
23.7645	63.0000	7.9373
23.7788	63.0000	7.9373
23.7930	53.0000	7.2801
23.8073	72.0000	8.4853
23.8215	53.0000	7.2801
23.8358	56.0000	7.4833
23.8501	72.0000	8.4853
23.8643	70.0000	8.3666
23.8786	76.0000	8.7178
23.8928	63.0000	7.9373
23.9071	83.0000	9.1104
23.9214	57.0000	7.5498
23.9356	61.0000	7.8102
23.9499	56.0000	7.4833
23.9641	69.0000	8.3066
23.9784	67.0000	8.1854
23.9927	77.0000	8.7750
24.0069	67.0000	8.1854
24.0212	56.0000	7.4833
24.0354	54.0000	7.3485
24.0497	73.0000	8.5440
24.0640	62.0000	7.8740
24.0782	60.0000	7.7460
24.0925	71.0000	8.4261
24.1067	59.0000	7.6811
24.1210	59.0000	7.6811
24.1353	78.0000	8.8318
24.1495	66.0000	8.1240
24.1638	75.0000	8.6603
24.1780	69.0000	8.3066
24.1923	69.0000	8.3066
24.2066	73.0000	8.5440
24.2208	70.0000	8.3666
24.2351	78.0000	8.8318
24.2493	79.0000	8.8882
24.2636	69.0000	8.3066
24.2779	88.0000	9.3808
24.2921	80.0000	8.9443
24.3064	72.0000	8.4853
24.3206	71.0000	8.4261
24.3349	69.0000	8.3066
24.3491	82.0000	9.0554
24.3634	62.0000	7.8740
24.3777	103.0000	10.1489
24.3919	72.0000	8.4853
24.4062	80.0000	8.9443
24.4204	96.0000	9.7980
24.4347	73.0000	8.5440
24.4490	97.0000	9.8489
24.4632	94.0000	9.6954
24.4775	80.0000	8.9443
24.4917	76.0000	8.7178
24.5060	91.0000	9.5394
24.5203	87.0000	9.3274
24.5345	92.0000	9.5917
24.5488	109.0000	10.4403
24.5630	97.0000	9.8489
24.5773	79.0000	8.8882
24.5916	102.0000	10.0995
24.6058	105.0000	10.2470
24.6201	102.0000	10.0995
24.6343	103.0000	10.1489
24.6486	107.0000	10.3441
24.6629	99.0000	9.9499
24.6771	98.0000	9.8995
24.6914	105.0000	10.2470
24.7056	111.0000	10.5357
24.7199	110.0000	10.4881
24.7342	107.0000	10.3441
24.7484	106.0000	10.2956
24.7627	126.0000	11.2250
24.7769	128.0000	11.3137
24.7912	134.0000	11.5758
24.8055	162.0000	12.7279
24.8197	120.0000	10.9545
24.8340	141.0000	11.8743
24.8482	137.0000	11.7047
24.8625	170.0000	13.0384
24.8767	149.0000	12.2066
24.8910	175.0000	13.2288
24.9053	194.0000	13.9284
24.9195	192.0000	13.8564
24.9338	189.0000	13.7477
24.9480	233.0000	15.2643
24.9623	263.0000	16.2173
24.9766	245.0000	15.6525
24.9908	298.0000	17.2627
25.0051	298.0000	17.2627
25.0193	308.0000	17.5499
25.0336	312.0000	17.6635
25.0479	335.0000	18.3030
25.0621	367.0000	19.1572
25.0764	399.0000	19.9750
25.0906	452.0000	21.2603
25.1049	432.0000	20.7846
25.1192	491.0000	22.1585
25.1334	534.0000	23.1084
25.1477	590.0000	24.2899
25.1619	585.0000	24.1868
25.1762	655.0000	25.5930
25.1905	663.0000	25.7488
25.2047	671.0000	25.9037
25.2190	722.0000	26.8701
25.2332	726.0000	26.9444
25.2475	726.0000	26.9444
25.2618	814.0000	28.5307
25.2760	799.0000	28.2666
25.2903	836.0000	28.9137
25.3045	823.0000	28.6880
25.3188	811.0000	28.4781
25.3331	823.0000	28.6880
25.3473	789.0000	28.0891
25.3616	729.0000	27.0000
25.3758	683.0000	26.1343
25.3901	654.0000	25.5734
25.4044	647.0000	25.4362
25.4186	609.0000	24.6779
25.4329	602.0000	24.5357
25.4471	516.0000	22.7156
25.4614	531.0000	23.0434
25.4756	434.0000	20.8327
25.4899	373.0000	19.3132
25.5042	420.0000	20.4939
25.5184	348.0000	18.6548
25.5327	329.0000	18.1384
25.5469	288.0000	16.9706
25.5612	306.0000	17.4929
25.5755	263.0000	16.2173
25.5897	263.0000	16.2173
25.6040	237.0000	15.3948
25.6182	232.0000	15.2315
25.6325	224.0000	14.9666
25.6468	231.0000	15.1987
25.6610	217.0000	14.7309
25.6753	188.0000	13.7113
25.6895	175.0000	13.2288
25.7038	169.0000	13.0000
25.7181	152.0000	12.3288
25.7323	136.0000	11.6619
25.7466	153.0000	12.3693
25.7608	163.0000	12.7671
25.7751	138.0000	11.7473
25.7894	124.0000	11.1355
25.8036	133.0000	11.5326
25.8179	110.0000	10.4881
25.8321	130.0000	11.4018
25.8464	104.0000	10.1980
25.8607	101.0000	10.0499
25.8749	129.0000	11.3578
25.8892	107.0000	10.3441
25.9034	110.0000	10.4881
25.9177	109.0000	10.4403
25.9320	106.0000	10.2956
25.9462	94.0000	9.6954
25.9605	103.0000	10.1489
25.9747	90.0000	9.4868
25.9890	92.0000	9.5917
26.0032	88.0000	9.3808
26.0175	89.0000	9.4340
26.0318	97.0000	9.8489
26.0460	76.0000	8.7178
26.0603	83.0000	9.1104
26.0745	89.0000	9.4340
26.0888	85.0000	9.2195
26.1031	97.0000	9.8489
26.1173	84.0000	9.1652
26.1316	64.0000	8.0000
26.1458	88.0000	9.3808
26.1601	89.0000	9.4340
26.1744	76.0000	8.7178
26.1886	90.0000	9.4868
26.2029	60.0000	7.7460
26.2171	80.0000	8.9443
26.2314	85.0000	9.2195
26.2457	73.0000	8.5440
26.2599	68.0000	8.2462
26.2742	82.0000	9.0554
26.2884	65.0000	8.0623
26.3027	79.0000	8.8882
26.3170	75.0000	8.6603
26.3312	94.0000	9.6954
26.3455	74.0000	8.6023
26.3597	64.0000	8.0000
26.3740	90.0000	9.4868
26.3883	74.0000	8.6023
26.4025	66.0000	8.1240
26.4168	78.0000	8.8318
26.4310	82.0000	9.0554
26.4453	78.0000	8.8318
26.4596	87.0000	9.3274
26.4738	72.0000	8.4853
26.4881	65.0000	8.0623
26.5023	68.0000	8.2462
26.5166	84.0000	9.1652
26.5309	73.0000	8.5440
26.5451	57.0000	7.5498
26.5594	70.0000	8.3666
26.5736	73.0000	8.5440
26.5879	64.0000	8.0000
26.6021	62.0000	7.8740
26.6164	69.0000	8.3066
26.6307	66.0000	8.1240
26.6449	81.0000	9.0000
26.6592	79.0000	8.8882
26.6734	52.0000	7.2111
26.6877	54.0000	7.3485
26.7020	62.0000	7.8740
26.7162	52.0000	7.2111
26.7305	69.0000	8.3066
26.7447	71.0000	8.4261
26.7590	72.0000	8.4853
26.7733	60.0000	7.7460
26.7875	67.0000	8.1854
26.8018	59.0000	7.6811
26.8160	54.0000	7.3485
26.8303	64.0000	8.0000
26.8446	56.0000	7.4833
26.8588	49.0000	7.0000
26.8731	67.0000	8.1854
26.8873	82.0000	9.0554
26.9016	67.0000	8.1854
26.9159	80.0000	8.9443
26.9301	68.0000	8.2462
26.9444	83.0000	9.1104
26.9586	56.0000	7.4833
26.9729	80.0000	8.9443
26.9872	56.0000	7.4833
27.0014	75.0000	8.6603
27.0157	72.0000	8.4853
27.0299	66.0000	8.1240
27.0442	57.0000	7.5498
27.0585	75.0000	8.6603
27.0727	75.0000	8.6603
27.0870	76.0000	8.7178
27.1012	73.0000	8.5440
27.1155	69.0000	8.3066
27.1298	83.0000	9.1104
27.1440	105.0000	10.2470
27.1583	72.0000	8.4853
27.1725	83.0000	9.1104
27.1868	87.0000	9.3274
27.2010	101.0000	10.0499
27.2153	81.0000	9.0000
27.2296	83.0000	9.1104
27.2438	83.0000	9.1104
27.2581	94.0000	9.6954
27.2723	128.0000	11.3137
27.2866	108.0000	10.3923
27.3009	129.0000	11.3578
27.3151	126.0000	11.2250
27.3294	142.0000	11.9164
27.3436	137.0000	11.7047
27.3579	160.0000	12.6491
27.3722	147.0000	12.1244
27.3864	152.0000	12.3288
27.4007	145.0000	12.0416
27.4149	173.0000	13.1529
27.4292	147.0000	12.1244
27.4435	149.0000	12.2066
27.4577	129.0000	11.3578
27.4720	134.0000	11.5758
27.4862	129.0000	11.3578
27.5005	113.0000	10.6301
27.5148	101.0000	10.0499
27.5290	110.0000	10.4881
27.5433	104.0000	10.1980
27.5575	95.0000	9.7468
27.5718	93.0000	9.6437
27.5861	78.0000	8.8318
27.6003	92.0000	9.5917
27.6146	69.0000	8.3066
27.6288	70.0000	8.3666
27.6431	92.0000	9.5917
27.6574	69.0000	8.3066
27.6716	77.0000	8.7750
27.6859	61.0000	7.8102
27.7001	68.0000	8.2462
27.7144	64.0000	8.0000
27.7286	72.0000	8.4853
27.7429	57.0000	7.5498
27.7572	68.0000	8.2462
27.7714	77.0000	8.7750
27.7857	55.0000	7.4162
27.7999	78.0000	8.8318
27.8142	68.0000	8.2462
27.8285	53.0000	7.2801
27.8427	56.0000	7.4833
27.8570	62.0000	7.8740
27.8712	57.0000	7.5498
27.8855	66.0000	8.1240
27.8998	45.0000	6.7082
27.9140	59.0000	7.6811
27.9283	59.0000	7.6811
27.9425	63.0000	7.9373
27.9568	58.0000	7.6158
27.9711	66.0000	8.1240
27.9853	63.0000	7.9373
27.9996	58.0000	7.6158
28.0138	61.0000	7.8102
28.0281	56.0000	7.4833
28.0424	62.0000	7.8740
28.0566	49.0000	7.0000
28.0709	60.0000	7.7460
28.0851	56.0000	7.4833
28.0994	46.0000	6.7823
28.1137	54.0000	7.3485
28.1279	51.0000	7.1414
28.1422	64.0000	8.0000
28.1564	50.0000	7.0711
28.1707	43.0000	6.5574
28.1850	51.0000	7.1414
28.1992	50.0000	7.0711
28.2135	54.0000	7.3485
28.2277	46.0000	6.7823
28.2420	59.0000	7.6811
28.2563	62.0000	7.8740
28.2705	59.0000	7.6811
28.2848	58.0000	7.6158
28.2990	52.0000	7.2111
28.3133	51.0000	7.1414
28.3275	54.0000	7.3485
28.3418	52.0000	7.2111
28.3561	45.0000	6.7082
28.3703	55.0000	7.4162
28.3846	43.0000	6.5574
28.3988	52.0000	7.2111
28.4131	51.0000	7.1414
28.4274	55.0000	7.4162
28.4416	54.0000	7.3485
28.4559	48.0000	6.9282
28.4701	61.0000	7.8102
28.4844	55.0000	7.4162
28.4987	53.0000	7.2801
28.5129	42.0000	6.4807
28.5272	55.0000	7.4162
28.5414	49.0000	7.0000
28.5557	56.0000	7.4833
28.5700	45.0000	6.7082
28.5842	64.0000	8.0000
28.5985	45.0000	6.7082
28.6127	56.0000	7.4833
28.6270	62.0000	7.8740
28.6413	46.0000	6.7823
28.6555	60.0000	7.7460
28.6698	41.0000	6.4031
28.6840	59.0000	7.6811
28.6983	46.0000	6.7823
28.7126	48.0000	6.9282
28.7268	48.0000	6.9282
28.7411	53.0000	7.2801
28.7553	61.0000	7.8102
28.7696	49.0000	7.0000
28.7839	59.0000	7.6811
28.7981	47.0000	6.8557
28.8124	50.0000	7.0711
28.8266	58.0000	7.6158
28.8409	35.0000	5.9161
28.8551	49.0000	7.0000
28.8694	57.0000	7.5498
28.8837	42.0000	6.4807
28.8979	41.0000	6.4031
28.9122	46.0000	6.7823
28.9264	50.0000	7.0711
28.9407	45.0000	6.7082
28.9550	50.0000	7.0711
28.9692	52.0000	7.2111
28.9835	56.0000	7.4833
28.9977	66.0000	8.1240
29.0120	41.0000	6.4031
29.0263	57.0000	7.5498
29.0405	41.0000	6.4031
29.0548	56.0000	7.4833
29.0690	54.0000	7.3485
29.0833	49.0000	7.0000
29.0976	37.0000	6.0828
29.1118	47.0000	6.8557
29.1261	51.0000	7.1414
29.1403	46.0000	6.7823
29.1546	53.0000	7.2801
29.1689	41.0000	6.4031
29.1831	48.0000	6.9282
29.1974	53.0000	7.2801
29.2116	46.0000	6.7823
29.2259	58.0000	7.6158
29.2402	45.0000	6.7082
29.2544	45.0000	6.7082
29.2687	50.0000	7.0711
29.2829	39.0000	6.2450
29.2972	37.0000	6.0828
29.3115	43.0000	6.5574
29.3257	47.0000	6.8557
29.3400	57.0000	7.5498
29.3542	49.0000	7.0000
29.3685	64.0000	8.0000
29.3828	45.0000	6.7082
29.3970	51.0000	7.1414
29.4113	56.0000	7.4833
29.4255	50.0000	7.0711
29.4398	34.0000	5.8310
29.4540	47.0000	6.8557
29.4683	55.0000	7.4162
29.4826	45.0000	6.7082
29.4968	50.0000	7.0711
29.5111	57.0000	7.5498
29.5253	53.0000	7.2801
29.5396	38.0000	6.1644
29.5539	56.0000	7.4833
29.5681	41.0000	6.4031
29.5824	51.0000	7.1414
29.5966	50.0000	7.0711
29.6109	61.0000	7.8102
29.6252	53.0000	7.2801
29.6394	35.0000	5.9161
29.6537	51.0000	7.1414
29.6679	57.0000	7.5498
29.6822	40.0000	6.3246
29.6965	41.0000	6.4031
29.7107	56.0000	7.4833
29.7250	46.0000	6.7823
29.7392	36.0000	6.0000
29.7535	55.0000	7.4162
29.7678	41.0000	6.4031
29.7820	46.0000	6.7823
29.7963	53.0000	7.2801
29.8105	49.0000	7.0000
29.8248	54.0000	7.3485
29.8391	44.0000	6.6332
29.8533	38.0000	6.1644
29.8676	46.0000	6.7823
29.8818	41.0000	6.4031
29.8961	50.0000	7.0711
29.9104	42.0000	6.4807
29.9246	55.0000	7.4162
29.9389	45.0000	6.7082
29.9531	38.0000	6.1644
29.9674	50.0000	7.0711
29.9817	48.0000	6.9282
29.9959	54.0000	7.3485
30.0102	51.0000	7.1414
30.0244	59.0000	7.6811
30.0387	36.0000	6.0000
30.0529	40.0000	6.3246
30.0672	54.0000	7.3485
30.0815	51.0000	7.1414
30.0957	49.0000	7.0000
30.1100	59.0000	7.6811
30.1242	52.0000	7.2111
30.1385	42.0000	6.4807
30.1528	45.0000	6.7082
30.1670	35.0000	5.9161
30.1813	47.0000	6.8557
30.1955	55.0000	7.4162
30.2098	47.0000	6.8557
30.2241	48.0000	6.9282
30.2383	45.0000	6.7082
30.2526	42.0000	6.4807
30.2668	58.0000	7.6158
30.2811	45.0000	6.7082
30.2954	43.0000	6.5574
30.3096	38.0000	6.1644
30.3239	40.0000	6.3246
30.3381	46.0000	6.7823
30.3524	40.0000	6.3246
30.3667	46.0000	6.7823
30.3809	49.0000	7.0000
30.3952	37.0000	6.0828
30.4094	54.0000	7.3485
30.4237	36.0000	6.0000
30.4380	37.0000	6.0828
30.4522	55.0000	7.4162
30.4665	39.0000	6.2450
30.4807	48.0000	6.9282
30.4950	43.0000	6.5574
30.5093	54.0000	7.3485
30.5235	51.0000	7.1414
30.5378	50.0000	7.0711
30.5520	44.0000	6.6332
30.5663	49.0000	7.0000
30.5805	34.0000	5.8310
30.5948	46.0000	6.7823
30.6091	32.0000	5.6569
30.6233	57.0000	7.5498
30.6376	38.0000	6.1644
30.6518	47.0000	6.8557
30.6661	51.0000	7.1414
30.6804	48.0000	6.9282
30.6946	42.0000	6.4807
30.7089	37.0000	6.0828
30.7231	40.0000	6.3246
30.7374	61.0000	7.8102
30.7517	43.0000	6.5574
30.7659	52.0000	7.2111
30.7802	42.0000	6.4807
30.7944	43.0000	6.5574
30.8087	40.0000	6.3246
30.8230	43.0000	6.5574
30.8372	47.0000	6.8557
30.8515	44.0000	6.6332
30.8657	54.0000	7.3485
30.8800	37.0000	6.0828
30.8943	39.0000	6.2450
30.9085	39.0000	6.2450
30.9228	42.0000	6.4807
30.9370	55.0000	7.4162
30.9513	53.0000	7.2801
30.9656	46.0000	6.7823
30.9798	45.0000	6.7082
30.9941	49.0000	7.0000
31.0083	59.0000	7.6811
31.0226	42.0000	6.4807
31.0369	32.0000	5.6569
31.0511	46.0000	6.7823
31.0654	39.0000	6.2450
31.0796	51.0000	7.1414
31.0939	43.0000	6.5574
31.1082	56.0000	7.4833
31.1224	38.0000	6.1644
31.1367	48.0000	6.9282
31.1509	42.0000	6.4807
31.1652	48.0000	6.9282
31.1794	45.0000	6.7082
31.1937	38.0000	6.1644
31.2080	42.0000	6.4807
31.2222	47.0000	6.8557
31.2365	35.0000	5.9161
31.2507	55.0000	7.4162
31.2650	57.0000	7.5498
31.2793	58.0000	7.6158
31.2935	51.0000	7.1414
31.3078	53.0000	7.2801
31.3220	47.0000	6.8557
31.3363	41.0000	6.4031
31.3506	41.0000	6.4031
31.3648	49.0000	7.0000
31.3791	30.0000	5.4772
31.3933	40.0000	6.3246
31.4076	42.0000	6.4807
31.4219	65.0000	8.0623
31.4361	44.0000	6.6332
31.4504	37.0000	6.0828
31.4646	37.0000	6.0828
31.4789	48.0000	6.9282
31.4932	46.0000	6.7823
31.5074	33.0000	5.7446
31.5217	49.0000	7.0000
31.5359	42.0000	6.4807
31.5502	36.0000	6.0000
31.5645	38.0000	6.1644
31.5787	35.0000	5.9161
31.5930	32.0000	5.6569
31.6072	40.0000	6.3246
31.6215	44.0000	6.6332
31.6358	42.0000	6.4807
31.6500	50.0000	7.0711
31.6643	39.0000	6.2450
31.6785	49.0000	7.0000
31.6928	41.0000	6.4031
31.7070	48.0000	6.9282
31.7213	55.0000	7.4162
31.7356	42.0000	6.4807
31.7498	43.0000	6.5574
31.7641	48.0000	6.9282
31.7783	40.0000	6.3246
31.7926	45.0000	6.7082
31.8069	37.0000	6.0828
31.8211	48.0000	6.9282
31.8354	64.0000	8.0000
31.8496	31.0000	5.5678
31.8639	40.0000	6.3246
31.8782	44.0000	6.6332
31.8924	47.0000	6.8557
31.9067	41.0000	6.4031
31.9209	44.0000	6.6332
31.9352	41.0000	6.4031
31.9495	50.0000	7.0711
31.9637	32.0000	5.6569
31.9780	36.0000	6.0000
31.9922	33.0000	5.7446
32.0065	46.0000	6.7823
32.0208	43.0000	6.5574
32.0350	53.0000	7.2801
32.0493	42.0000	6.4807
32.0635	43.0000	6.5574
32.0778	34.0000	5.8310
32.0921	46.0000	6.7823
32.1063	46.0000	6.7823
32.1206	44.0000	6.6332
32.1348	47.0000	6.8557
32.1491	47.0000	6.8557
32.1634	47.0000	6.8557
32.1776	47.0000	6.8557
32.1919	34.0000	5.8310
32.2061	30.0000	5.4772
32.2204	44.0000	6.6332
32.2347	47.0000	6.8557
32.2489	51.0000	7.1414
32.2632	40.0000	6.3246
32.2774	44.0000	6.6332
32.2917	46.0000	6.7823
32.3059	35.0000	5.9161
32.3202	37.0000	6.0828
32.3345	46.0000	6.7823
32.3487	35.0000	5.9161
32.3630	37.0000	6.0828
32.3772	38.0000	6.1644
32.3915	54.0000	7.3485
32.4058	45.0000	6.7082
32.4200	52.0000	7.2111
32.4343	47.0000	6.8557
32.4485	46.0000	6.7823
32.4628	43.0000	6.5574
32.4771	37.0000	6.0828
32.4913	53.0000	7.2801
32.5056	41.0000	6.4031
32.5198	44.0000	6.6332
32.5341	31.0000	5.5678
32.5484	54.0000	7.3485
32.5626	29.0000	5.3852
32.5769	40.0000	6.3246
32.5911	32.0000	5.6569
32.6054	32.0000	5.6569
32.6197	48.0000	6.9282
32.6339	33.0000	5.7446
32.6482	42.0000	6.4807
32.6624	48.0000	6.9282
32.6767	41.0000	6.4031
32.6910	49.0000	7.0000
32.7052	22.0000	4.6904
32.7195	43.0000	6.5574
32.7337	41.0000	6.4031
32.7480	50.0000	7.0711
32.7623	48.0000	6.9282
32.7765	41.0000	6.4031
32.7908	35.0000	5.9161
32.8050	49.0000	7.0000
32.8193	36.0000	6.0000
32.8336	41.0000	6.4031
32.8478	39.0000	6.2450
32.8621	44.0000	6.6332
32.8763	43.0000	6.5574
32.8906	37.0000	6.0828
32.9048	35.0000	5.9161
32.9191	39.0000	6.2450
32.9334	43.0000	6.5574
32.9476	42.0000	6.4807
32.9619	35.0000	5.9161
32.9761	40.0000	6.3246
32.9904	44.0000	6.6332
33.0047	30.0000	5.4772
33.0189	39.0000	6.2450
33.0332	36.0000	6.0000
33.0474	32.0000	5.6569
33.0617	38.0000	6.1644
33.0760	47.0000	6.8557
33.0902	37.0000	6.0828
33.1045	36.0000	6.0000
33.1187	42.0000	6.4807
33.1330	44.0000	6.6332
33.1473	38.0000	6.1644
33.1615	34.0000	5.8310
33.1758	25.0000	5.0000
33.1900	46.0000	6.7823
33.2043	48.0000	6.9282
33.2186	46.0000	6.7823
33.2328	41.0000	6.4031
33.2471	38.0000	6.1644
33.2613	36.0000	6.0000
33.2756	45.0000	6.7082
33.2899	43.0000	6.5574
33.3041	27.0000	5.1962
33.3184	51.0000	7.1414
33.3326	52.0000	7.2111
33.3469	42.0000	6.4807
33.3612	33.0000	5.7446
33.3754	26.0000	5.0990
33.3897	42.0000	6.4807
33.4039	44.0000	6.6332
33.4182	35.0000	5.9161
33.4324	32.0000	5.6569
33.4467	53.0000	7.2801
33.4610	40.0000	6.3246
33.4752	41.0000	6.4031
33.4895	37.0000	6.0828
33.5037	36.0000	6.0000
33.5180	54.0000	7.3485
33.5323	44.0000	6.6332
33.5465	35.0000	5.9161
33.5608	38.0000	6.1644
33.5750	45.0000	6.7082
33.5893	29.0000	5.3852
33.6036	35.0000	5.9161
33.6178	40.0000	6.3246
33.6321	29.0000	5.3852
33.6463	41.0000	6.4031
33.6606	33.0000	5.7446
33.6749	52.0000	7.2111
33.6891	49.0000	7.0000
33.7034	33.0000	5.7446
33.7176	40.0000	6.3246
33.7319	38.0000	6.1644
33.7462	41.0000	6.4031
33.7604	37.0000	6.0828
33.7747	43.0000	6.5574
33.7889	50.0000	7.0711
33.8032	45.0000	6.7082
33.8175	40.0000	6.3246
33.8317	43.0000	6.5574
33.8460	41.0000	6.4031
33.8602	40.0000	6.3246
33.8745	41.0000	6.4031
33.8888	35.0000	5.9161
33.9030	40.0000	6.3246
33.9173	45.0000	6.7082
33.9315	45.0000	6.7082
33.9458	43.0000	6.5574
33.9601	41.0000	6.4031
33.9743	48.0000	6.9282
33.9886	41.0000	6.4031
34.0028	36.0000	6.0000
34.0171	34.0000	5.8310
34.0313	27.0000	5.1962
34.0456	45.0000	6.7082
34.0599	48.0000	6.9282
34.0741	29.0000	5.3852
34.0884	36.0000	6.0000
34.1026	41.0000	6.4031
34.1169	31.0000	5.5678
34.1312	40.0000	6.3246
34.1454	33.0000	5.7446
34.1597	38.0000	6.1644
34.1739	35.0000	5.9161
34.1882	47.0000	6.8557
34.2025	39.0000	6.2450
34.2167	46.0000	6.7823
34.2310	47.0000	6.8557
34.2452	39.0000	6.2450
34.2595	32.0000	5.6569
34.2738	41.0000	6.4031
34.2880	31.0000	5.5678
34.3023	39.0000	6.2450
34.3165	32.0000	5.6569
34.3308	40.0000	6.3246
34.3451	32.0000	5.6569
34.3593	34.0000	5.8310
34.3736	37.0000	6.0828
34.3878	33.0000	5.7446
34.4021	38.0000	6.1644
34.4164	49.0000	7.0000
34.4306	36.0000	6.0000
34.4449	43.0000	6.5574
34.4591	27.0000	5.1962
34.4734	45.0000	6.7082
34.4877	33.0000	5.7446
34.5019	51.0000	7.1414
34.5162	38.0000	6.1644
34.5304	37.0000	6.0828
34.5447	47.0000	6.8557
34.5589	30.0000	5.4772
34.5732	37.0000	6.0828
34.5875	32.0000	5.6569
34.6017	52.0000	7.2111
34.6160	41.0000	6.4031
34.6302	47.0000	6.8557
34.6445	52.0000	7.2111
34.6588	47.0000	6.8557
34.6730	39.0000	6.2450
34.6873	41.0000	6.4031
34.7015	38.0000	6.1644
34.7158	35.0000	5.9161
34.7301	35.0000	5.9161
34.7443	48.0000	6.9282
34.7586	42.0000	6.4807
34.7728	45.0000	6.7082
34.7871	45.0000	6.7082
34.8014	44.0000	6.6332
34.8156	36.0000	6.0000
34.8299	42.0000	6.4807
34.8441	40.0000	6.3246
34.8584	36.0000	6.0000
34.8727	37.0000	6.0828
34.8869	33.0000	5.7446
34.9012	40.0000	6.3246
34.9154	41.0000	6.4031
34.9297	35.0000	5.9161
34.9440	39.0000	6.2450
34.9582	41.0000	6.4031
34.9725	33.0000	5.7446
34.9867	34.0000	5.8310
35.0010	39.0000	6.2450
35.0153	35.0000	5.9161
35.0295	44.0000	6.6332
35.0438	51.0000	7.1414
35.0580	42.0000	6.4807
35.0723	39.0000	6.2450
35.0866	35.0000	5.9161
35.1008	34.0000	5.8310
35.1151	47.0000	6.8557
35.1293	35.0000	5.9161
35.1436	42.0000	6.4807
35.1578	43.0000	6.5574
35.1721	55.0000	7.4162
35.1864	32.0000	5.6569
35.2006	35.0000	5.9161
35.2149	40.0000	6.3246
35.2291	38.0000	6.1644
35.2434	30.0000	5.4772
35.2577	30.0000	5.4772
35.2719	30.0000	5.4772
35.2862	38.0000	6.1644
35.3004	48.0000	6.9282
35.3147	38.0000	6.1644
35.3290	41.0000	6.4031
35.3432	37.0000	6.0828
35.3575	49.0000	7.0000
35.3717	39.0000	6.2450
35.3860	31.0000	5.5678
35.4003	34.0000	5.8310
35.4145	32.0000	5.6569
35.4288	49.0000	7.0000
35.4430	30.0000	5.4772
35.4573	52.0000	7.2111
35.4716	38.0000	6.1644
35.4858	25.0000	5.0000
35.5001	38.0000	6.1644
35.5143	41.0000	6.4031
35.5286	48.0000	6.9282
35.5429	36.0000	6.0000
35.5571	39.0000	6.2450
35.5714	35.0000	5.9161
35.5856	46.0000	6.7823
35.5999	52.0000	7.2111
35.6142	36.0000	6.0000
35.6284	46.0000	6.7823
35.6427	47.0000	6.8557
35.6569	44.0000	6.6332
35.6712	40.0000	6.3246
35.6855	36.0000	6.0000
35.6997	54.0000	7.3485
35.7140	39.0000	6.2450
35.7282	50.0000	7.0711
35.7425	53.0000	7.2801
35.7567	39.0000	6.2450
35.7710	56.0000	7.4833
35.7853	47.0000	6.8557
35.7995	50.0000	7.0711
35.8138	56.0000	7.4833
35.8280	49.0000	7.0000
35.8423	35.0000	5.9161
35.8566	51.0000	7.1414
35.8708	52.0000	7.2111
35.8851	67.0000	8.1854
35.8993	72.0000	8.4853
35.9136	56.0000	7.4833
35.9279	76.0000	8.7178
35.9421	86.0000	9.2736
35.9564	80.0000	8.9443
35.9706	79.0000	8.8882
35.9849	74.0000	8.6023
35.9992	88.0000	9.3808
36.0134	82.0000	9.0554
36.0277	73.0000	8.5440
36.0419	65.0000	8.0623
36.0562	79.0000	8.8882
36.0705	64.0000	8.0000
36.0847	72.0000	8.4853
36.0990	76.0000	8.7178
36.1132	76.0000	8.7178
36.1275	61.0000	7.8102
36.1418	66.0000	8.1240
36.1560	74.0000	8.6023
36.1703	65.0000	8.0623
36.1845	66.0000	8.1240
36.1988	52.0000	7.2111
36.2131	61.0000	7.8102
36.2273	44.0000	6.6332
36.2416	45.0000	6.7082
36.2558	53.0000	7.2801
36.2701	43.0000	6.5574
36.2843	49.0000	7.0000
36.2986	36.0000	6.0000
36.3129	49.0000	7.0000
36.3271	48.0000	6.9282
36.3414	36.0000	6.0000
36.3556	46.0000	6.7823
36.3699	42.0000	6.4807
36.3842	46.0000	6.7823
36.3984	56.0000	7.4833
36.4127	60.0000	7.7460
36.4269	55.0000	7.4162
36.4412	43.0000	6.5574
36.4555	46.0000	6.7823
36.4697	49.0000	7.0000
36.4840	45.0000	6.7082
36.4982	40.0000	6.3246
36.5125	41.0000	6.4031
36.5268	48.0000	6.9282
36.5410	54.0000	7.3485
36.5553	55.0000	7.4162
36.5695	53.0000	7.2801
36.5838	48.0000	6.9282
36.5981	65.0000	8.0623
36.6123	61.0000	7.8102
36.6266	53.0000	7.2801
36.6408	60.0000	7.7460
36.6551	61.0000	7.8102
36.6694	44.0000	6.6332
36.6836	60.0000	7.7460
36.6979	65.0000	8.0623
36.7121	67.0000	8.1854
36.7264	66.0000	8.1240
36.7407	59.0000	7.6811
36.7549	68.0000	8.2462
36.7692	79.0000	8.8882
36.7834	68.0000	8.2462
36.7977	63.0000	7.9373
36.8120	69.0000	8.3066
36.8262	66.0000	8.1240
36.8405	70.0000	8.3666
36.8547	84.0000	9.1652
36.8690	62.0000	7.8740
36.8832	78.0000	8.8318
36.8975	86.0000	9.2736
36.9118	75.0000	8.6603
36.9260	77.0000	8.7750
36.9403	74.0000	8.6023
36.9545	76.0000	8.7178
36.9688	82.0000	9.0554
36.9831	76.0000	8.7178
36.9973	75.0000	8.6603
37.0116	85.0000	9.2195
37.0258	77.0000	8.7750
37.0401	67.0000	8.1854
37.0544	80.0000	8.9443
37.0686	73.0000	8.5440
37.0829	63.0000	7.9373
37.0971	74.0000	8.6023
37.1114	63.0000	7.9373
37.1257	73.0000	8.5440
37.1399	63.0000	7.9373
37.1542	75.0000	8.6603
37.1684	73.0000	8.5440
37.1827	60.0000	7.7460
37.1970	59.0000	7.6811
37.2112	65.0000	8.0623
37.2255	61.0000	7.8102
37.2397	57.0000	7.5498
37.2540	66.0000	8.1240
37.2683	55.0000	7.4162
37.2825	64.0000	8.0000
37.2968	61.0000	7.8102
37.3110	71.0000	8.4261
37.3253	62.0000	7.8740
37.3396	64.0000	8.0000
37.3538	58.0000	7.6158
37.3681	76.0000	8.7178
37.3823	87.0000	9.3274
37.3966	92.0000	9.5917
37.4108	72.0000	8.4853
37.4251	76.0000	8.7178
37.4394	90.0000	9.4868
37.4536	79.0000	8.8882
37.4679	83.0000	9.1104
37.4821	109.0000	10.4403
37.4964	97.0000	9.8489
37.5107	108.0000	10.3923
37.5249	107.0000	10.3441
37.5392	118.0000	10.8628
37.5534	111.0000	10.5357
37.5677	129.0000	11.3578
37.5820	104.0000	10.1980
37.5962	120.0000	10.9545
37.6105	146.0000	12.0830
37.6247	151.0000	12.2882
37.6390	127.0000	11.2694
37.6533	176.0000	13.2665
37.6675	145.0000	12.0416
37.6818	134.0000	11.5758
37.6960	180.0000	13.4164
37.7103	162.0000	12.7279
37.7246	150.0000	12.2474
37.7388	157.0000	12.5300
37.7531	179.0000	13.3791
37.7673	188.0000	13.7113
37.7816	178.0000	13.3417
37.7959	161.0000	12.6886
37.8101	150.0000	12.2474
37.8244	150.0000	12.2474
37.8386	155.0000	12.4499
37.8529	155.0000	12.4499
37.8672	140.0000	11.8322
37.8814	130.0000	11.4018
37.8957	137.0000	11.7047
37.9099	125.0000	11.1803
37.9242	116.0000	10.7703
37.9385	117.0000	10.8167
37.9527	117.0000	10.8167
37.9670	110.0000	10.4881
37.9812	119.0000	10.9087
37.9955	109.0000	10.4403
38.0097	91.0000	9.5394
38.0240	89.0000	9.4340
38.0383	89.0000	9.4340
38.0525	83.0000	9.1104
38.0668	69.0000	8.3066
38.0810	102.0000	10.0995
38.0953	86.0000	9.2736
38.1096	77.0000	8.7750
38.1238	81.0000	9.0000
38.1381	88.0000	9.3808
38.1523	88.0000	9.3808
38.1666	68.0000	8.2462
38.1809	91.0000	9.5394
38.1951	61.0000	7.8102
38.2094	66.0000	8.1240
38.2236	65.0000	8.0623
38.2379	73.0000	8.5440
38.2522	82.0000	9.0554
38.2664	75.0000	8.6603
38.2807	77.0000	8.7750
38.2949	70.0000	8.3666
38.3092	87.0000	9.3274
38.3235	71.0000	8.4261
38.3377	90.0000	9.4868
38.3520	72.0000	8.4853
38.3662	75.0000	8.6603
38.3805	62.0000	7.8740
38.3948	93.0000	9.6437
38.4090	81.0000	9.0000
38.4233	80.0000	8.9443
38.4375	77.0000	8.7750
38.4518	78.0000	8.8318
38.4661	73.0000	8.5440
38.4803	74.0000	8.6023
38.4946	80.0000	8.9443
38.5088	85.0000	9.2195
38.5231	74.0000	8.6023
38.5374	73.0000	8.5440
38.5516	85.0000	9.2195
38.5659	101.0000	10.0499
38.5801	90.0000	9.4868
38.5944	71.0000	8.4261
38.6086	80.0000	8.9443
38.6229	81.0000	9.0000
38.6372	73.0000	8.5440
38.6514	60.0000	7.7460
38.6657	69.0000	8.3066
38.6799	62.0000	7.8740
38.6942	60.0000	7.7460
38.7085	71.0000	8.4261
38.7227	68.0000	8.2462
38.7370	49.0000	7.0000
38.7512	67.0000	8.1854
38.7655	66.0000	8.1240
38.7798	56.0000	7.4833
38.7940	55.0000	7.4162
38.8083	65.0000	8.0623
38.8225	33.0000	5.7446
38.8368	38.0000	6.1644
38.8511	54.0000	7.3485
38.8653	59.0000	7.6811
38.8796	44.0000	6.6332
38.8938	40.0000	6.3246
38.9081	50.0000	7.0711
38.9224	55.0000	7.4162
38.9366	40.0000	6.3246
38.9509	45.0000	6.7082
38.9651	38.0000	6.1644
38.9794	39.0000	6.2450
38.9937	47.0000	6.8557
39.0079	53.0000	7.2801
39.0222	48.0000	6.9282
39.0364	35.0000	5.9161
39.0507	58.0000	7.6158
39.0650	31.0000	5.5678
39.0792	43.0000	6.5574
39.0935	48.0000	6.9282
39.1077	38.0000	6.1644
39.1220	38.0000	6.1644
39.1362	36.0000	6.0000
39.1505	43.0000	6.5574
39.1648	46.0000	6.7823
39.1790	43.0000	6.5574
39.1933	39.0000	6.2450
39.2075	46.0000	6.7823
39.2218	52.0000	7.2111
39.2361	27.0000	5.1962
39.2503	48.0000	6.9282
39.2646	43.0000	6.5574
39.2788	43.0000	6.5574
39.2931	40.0000	6.3246
39.3074	42.0000	6.4807
39.3216	51.0000	7.1414
39.3359	32.0000	5.6569
39.3501	45.0000	6.7082
39.3644	46.0000	6.7823
39.3787	28.0000	5.2915
39.3929	29.0000	5.3852
39.4072	37.0000	6.0828
39.4214	40.0000	6.3246
39.4357	43.0000	6.5574
39.4500	26.0000	5.0990
39.4642	39.0000	6.2450
39.4785	38.0000	6.1644
39.4927	36.0000	6.0000
39.5070	39.0000	6.2450
39.5213	42.0000	6.4807
39.5355	36.0000	6.0000
39.5498	38.0000	6.1644
39.5640	31.0000	5.5678
39.5783	33.0000	5.7446
39.5926	35.0000	5.9161
39.6068	38.0000	6.1644
39.6211	29.0000	5.3852
39.6353	21.0000	4.5826
39.6496	24.0000	4.8990
39.6639	35.0000	5.9161
39.6781	34.0000	5.8310
39.6924	31.0000	5.5678
39.7066	40.0000	6.3246
39.7209	30.0000	5.4772
39.7351	34.0000	5.8310
39.7494	31.0000	5.5678
39.7637	31.0000	5.5678
39.7779	36.0000	6.0000
39.7922	42.0000	6.4807
39.8064	28.0000	5.2915
39.8207	31.0000	5.5678
39.8350	28.0000	5.2915
39.8492	42.0000	6.4807
39.8635	36.0000	6.0000
39.8777	33.0000	5.7446
39.8920	32.0000	5.6569
39.9063	31.0000	5.5678
39.9205	32.0000	5.6569
39.9348	32.0000	5.6569
39.9490	45.0000	6.7082
39.9633	36.0000	6.0000
39.9776	48.0000	6.9282
39.9918	47.0000	6.8557
40.0061	30.0000	5.4772
40.0203	23.0000	4.7958
40.0346	31.0000	5.5678
40.0489	29.0000	5.3852
40.0631	37.0000	6.0828
40.0774	30.0000	5.4772
40.0916	39.0000	6.2450
40.1059	39.0000	6.2450
40.1202	32.0000	5.6569
40.1344	40.0000	6.3246
40.1487	35.0000	5.9161
40.1629	30.0000	5.4772
40.1772	31.0000	5.5678
40.1915	34.0000	5.8310
40.2057	34.0000	5.8310
40.2200	31.0000	5.5678
40.2342	35.0000	5.9161
40.2485	30.0000	5.4772
40.2627	35.0000	5.9161
40.2770	38.0000	6.1644
40.2913	35.0000	5.9161
40.3055	36.0000	6.0000
40.3198	35.0000	5.9161
40.3340	45.0000	6.7082
40.3483	24.0000	4.8990
40.3626	26.0000	5.0990
40.3768	28.0000	5.2915
40.3911	40.0000	6.3246
40.4053	28.0000	5.2915
40.4196	35.0000	5.9161
40.4339	38.0000	6.1644
40.4481	28.0000	5.2915
40.4624	36.0000	6.0000
40.4766	31.0000	5.5678
40.4909	30.0000	5.4772
40.5052	33.0000	5.7446
40.5194	35.0000	5.9161
40.5337	38.0000	6.1644
40.5479	32.0000	5.6569
40.5622	37.0000	6.0828
40.5765	37.0000	6.0828
40.5907	21.0000	4.5826
40.6050	35.0000	5.9161
40.6192	25.0000	5.0000
40.6335	34.0000	5.8310
40.6478	33.0000	5.7446
40.6620	38.0000	6.1644
40.6763	34.0000	5.8310
40.6905	33.0000	5.7446
40.7048	28.0000	5.2915
40.7191	32.0000	5.6569
40.7333	33.0000	5.7446
40.7476	39.0000	6.2450
40.7618	34.0000	5.8310
40.7761	33.0000	5.7446
40.7904	21.0000	4.5826
40.8046	29.0000	5.3852
40.8189	37.0000	6.0828
40.8331	30.0000	5.4772
40.8474	31.0000	5.5678
40.8616	43.0000	6.5574
40.8759	45.0000	6.7082
40.8902	38.0000	6.1644
40.9044	35.0000	5.9161
40.9187	26.0000	5.0990
40.9329	53.0000	7.2801
40.9472	45.0000	6.7082
40.9615	44.0000	6.6332
40.9757	36.0000	6.0000
40.9900	42.0000	6.4807
41.0042	32.0000	5.6569
41.0185	42.0000	6.4807
41.0328	46.0000	6.7823
41.0470	33.0000	5.7446
41.0613	55.0000	7.4162
41.0755	40.0000	6.3246
41.0898	45.0000	6.7082
41.1041	57.0000	7.5498
41.1183	54.0000	7.3485
41.1326	48.0000	6.9282
41.1468	50.0000	7.0711
41.1611	52.0000	7.2111
41.1754	60.0000	7.7460
41.1896	57.0000	7.5498
41.2039	52.0000	7.2111
41.2181	46.0000	6.7823
41.2324	40.0000	6.3246
41.2467	51.0000	7.1414
41.2609	36.0000	6.0000
41.2752	37.0000	6.0828
41.2894	49.0000	7.0000
41.3037	40.0000	6.3246
41.3180	40.0000	6.3246
41.3322	46.0000	6.7823
41.3465	44.0000	6.6332
41.3607	40.0000	6.3246
41.3750	40.0000	6.3246
41.3893	55.0000	7.4162
41.4035	29.0000	5.3852
41.4178	35.0000	5.9161
41.4320	33.0000	5.7446
41.4463	26.0000	5.0990
41.4605	38.0000	6.1644
41.4748	33.0000	5.7446
41.4891	32.0000	5.6569
41.5033	24.0000	4.8990
41.5176	31.0000	5.5678
41.5318	29.0000	5.3852
41.5461	40.0000	6.3246
41.5604	42.0000	6.4807
41.5746	36.0000	6.0000
41.5889	32.0000	5.6569
41.6031	32.0000	5.6569
41.6174	31.0000	5.5678
41.6317	38.0000	6.1644
41.6459	39.0000	6.2450
41.6602	22.0000	4.6904
41.6744	30.0000	5.4772
41.6887	28.0000	5.2915
41.7030	32.0000	5.6569
41.7172	28.0000	5.2915
41.7315	24.0000	4.8990
41.7457	31.0000	5.5678
41.7600	46.0000	6.7823
41.7743	32.0000	5.6569
41.7885	27.0000	5.1962
41.8028	30.0000	5.4772
41.8170	27.0000	5.1962
41.8313	34.0000	5.8310
41.8456	19.0000	4.3589
41.8598	36.0000	6.0000
41.8741	28.0000	5.2915
41.8883	40.0000	6.3246
41.9026	36.0000	6.0000
41.9169	27.0000	5.1962
41.9311	31.0000	5.5678
41.9454	35.0000	5.9161
41.9596	30.0000	5.4772
41.9739	20.0000	4.4721
41.9881	23.0000	4.7958
42.0024	26.0000	5.0990
42.0167	25.0000	5.0000
42.0309	36.0000	6.0000
42.0452	32.0000	5.6569
42.0594	21.0000	4.5826
42.0737	32.0000	5.6569
42.0880	28.0000	5.2915
42.1022	34.0000	5.8310
42.1165	37.0000	6.0828
42.1307	30.0000	5.4772
42.1450	37.0000	6.0828
42.1593	34.0000	5.8310
42.1735	36.0000	6.0000
42.1878	31.0000	5.5678
42.2020	25.0000	5.0000
42.2163	26.0000	5.0990
42.2306	26.0000	5.0990
42.2448	24.0000	4.8990
42.2591	26.0000	5.0990
42.2733	34.0000	5.8310
42.2876	27.0000	5.1962
42.3019	35.0000	5.9161
42.3161	24.0000	4.8990
42.3304	28.0000	5.2915
42.3446	39.0000	6.2450
42.3589	43.0000	6.5574
42.3732	41.0000	6.4031
42.3874	33.0000	5.7446
42.4017	30.0000	5.4772
42.4159	32.0000	5.6569
42.4302	24.0000	4.8990
42.4445	24.0000	4.8990
42.4587	29.0000	5.3852
42.4730	35.0000	5.9161
42.4872	30.0000	5.4772
42.5015	28.0000	5.2915
42.5158	26.0000	5.0990
42.5300	25.0000	5.0000
42.5443	37.0000	6.0828
42.5585	34.0000	5.8310
42.5728	24.0000	4.8990
42.5870	36.0000	6.0000
42.6013	39.0000	6.2450
42.6156	30.0000	5.4772
42.6298	34.0000	5.8310
42.6441	21.0000	4.5826
42.6583	36.0000	6.0000
42.6726	21.0000	4.5826
42.6869	27.0000	5.1962
42.7011	36.0000	6.0000
42.7154	22.0000	4.6904
42.7296	23.0000	4.7958
42.7439	23.0000	4.7958
42.7582	23.0000	4.7958
42.7724	29.0000	5.3852
42.7867	43.0000	6.5574
42.8009	22.0000	4.6904
42.8152	27.0000	5.1962
42.8295	36.0000	6.0000
42.8437	34.0000	5.8310
42.8580	17.0000	4.1231
42.8722	27.0000	5.1962
42.8865	35.0000	5.9161
42.9008	39.0000	6.2450
42.9150	22.0000	4.6904
42.9293	35.0000	5.9161
42.9435	34.0000	5.8310
42.9578	39.0000	6.2450
42.9721	38.0000	6.1644
42.9863	24.0000	4.8990
43.0006	42.0000	6.4807
43.0148	24.0000	4.8990
43.0291	42.0000	6.4807
43.0434	29.0000	5.3852
43.0576	25.0000	5.0000
43.0719	33.0000	5.7446
43.0861	29.0000	5.3852
43.1004	23.0000	4.7958
43.1146	30.0000	5.4772
43.1289	33.0000	5.7446
43.1432	25.0000	5.0000
43.1574	33.0000	5.7446
43.1717	40.0000	6.3246
43.1859	31.0000	5.5678
43.2002	29.0000	5.3852
43.2145	32.0000	5.6569
43.2287	18.0000	4.2426
43.2430	13.0000	3.6056
43.2572	40.0000	6.3246
43.2715	38.0000	6.1644
43.2858	25.0000	5.0000
43.3000	24.0000	4.8990
43.3143	36.0000	6.0000
43.3285	32.0000	5.6569
43.3428	26.0000	5.0990
43.3571	25.0000	5.0000
43.3713	35.0000	5.9161
43.3856	25.0000	5.0000
43.3998	33.0000	5.7446
43.4141	29.0000	5.3852
43.4284	21.0000	4.5826
43.4426	31.0000	5.5678
43.4569	30.0000	5.4772
43.4711	27.0000	5.1962
43.4854	35.0000	5.9161
43.4997	18.0000	4.2426
43.5139	27.0000	5.1962
43.5282	30.0000	5.4772
43.5424	26.0000	5.0990
43.5567	32.0000	5.6569
43.5710	25.0000	5.0000
43.5852	24.0000	4.8990
43.5995	33.0000	5.7446
43.6137	26.0000	5.0990
43.6280	19.0000	4.3589
43.6423	23.0000	4.7958
43.6565	28.0000	5.2915
43.6708	25.0000	5.0000
43.6850	23.0000	4.7958
43.6993	35.0000	5.9161
43.7135	26.0000	5.0990
43.7278	36.0000	6.0000
43.7421	32.0000	5.6569
43.7563	27.0000	5.1962
43.7706	38.0000	6.1644
43.7848	23.0000	4.7958
43.7991	34.0000	5.8310
43.8134	32.0000	5.6569
43.8276	34.0000	5.8310
43.8419	32.0000	5.6569
43.8561	31.0000	5.5678
43.8704	29.0000	5.3852
43.8847	29.0000	5.3852
43.8989	30.0000	5.4772
43.9132	34.0000	5.8310
43.9274	41.0000	6.4031
43.9417	37.0000	6.0828
43.9560	37.0000	6.0828
43.9702	36.0000	6.0000
43.9845	32.0000	5.6569
43.9987	42.0000	6.4807
44.0130	34.0000	5.8310
44.0273	29.0000	5.3852
44.0415	35.0000	5.9161
44.0558	29.0000	5.3852
44.0700	35.0000	5.9161
44.0843	42.0000	6.4807
44.0986	34.0000	5.8310
44.1128	30.0000	5.4772
44.1271	31.0000	5.5678
44.1413	32.0000	5.6569
44.1556	25.0000	5.0000
44.1699	25.0000	5.0000
44.1841	22.0000	4.6904
44.1984	36.0000	6.0000
44.2126	39.0000	6.2450
44.2269	28.0000	5.2915
44.2412	35.0000	5.9161
44.2554	31.0000	5.5678
44.2697	29.0000	5.3852
44.2839	36.0000	6.0000
44.2982	24.0000	4.8990
44.3124	21.0000	4.5826
44.3267	25.0000	5.0000
44.3410	30.0000	5.4772
44.3552	27.0000	5.1962
44.3695	29.0000	5.3852
44.3837	26.0000	5.0990
44.3980	32.0000	5.6569
44.4123	22.0000	4.6904
44.4265	16.0000	4.0000
44.4408	24.0000	4.8990
44.4550	20.0000	4.4721
44.4693	27.0000	5.1962
44.4836	21.0000	4.5826
44.4978	32.0000	5.6569
44.5121	30.0000	5.4772
44.5263	25.0000	5.0000
44.5406	34.0000	5.8310
44.5549	29.0000	5.3852
44.5691	32.0000	5.6569
44.5834	36.0000	6.0000
44.5976	28.0000	5.2915
44.6119	38.0000	6.1644
44.6262	26.0000	5.0990
44.6404	23.0000	4.7958
44.6547	32.0000	5.6569
44.6689	29.0000	5.3852
44.6832	29.0000	5.3852
44.6975	28.0000	5.2915
44.7117	15.0000	3.8730
44.7260	22.0000	4.6904
44.7402	20.0000	4.4721
44.7545	26.0000	5.0990
44.7688	29.0000	5.3852
44.7830	30.0000	5.4772
44.7973	29.0000	5.3852
44.8115	23.0000	4.7958
44.8258	34.0000	5.8310
44.8400	22.0000	4.6904
44.8543	17.0000	4.1231
44.8686	23.0000	4.7958
44.8828	23.0000	4.7958
44.8971	31.0000	5.5678
44.9113	25.0000	5.0000
44.9256	28.0000	5.2915
44.9399	38.0000	6.1644
44.9541	29.0000	5.3852
44.9684	24.0000	4.8990
44.9826	24.0000	4.8990
44.9969	23.0000	4.7958
45.0112	22.0000	4.6904
45.0254	16.0000	4.0000
45.0397	26.0000	5.0990
45.0539	28.0000	5.2915
45.0682	25.0000	5.0000
45.0825	32.0000	5.6569
45.0967	31.0000	5.5678
45.1110	23.0000	4.7958
45.1252	30.0000	5.4772
45.1395	23.0000	4.7958
45.1538	28.0000	5.2915
45.1680	22.0000	4.6904
45.1823	27.0000	5.1962
45.1965	22.0000	4.6904
45.2108	21.0000	4.5826
45.2251	23.0000	4.7958
45.2393	29.0000	5.3852
45.2536	20.0000	4.4721
45.2678	33.0000	5.7446
45.2821	22.0000	4.6904
45.2964	24.0000	4.8990
45.3106	20.0000	4.4721
45.3249	22.0000	4.6904
45.3391	26.0000	5.0990
45.3534	23.0000	4.7958
45.3677	23.0000	4.7958
45.3819	26.0000	5.0990
45.3962	32.0000	5.6569
45.4104	24.0000	4.8990
45.4247	28.0000	5.2915
45.4389	26.0000	5.0990
45.4532	37.0000	6.0828
45.4675	32.0000	5.6569
45.4817	35.0000	5.9161
45.4960	21.0000	4.5826
45.5102	27.0000	5.1962
45.5245	24.0000	4.8990
45.5388	25.0000	5.0000
45.5530	31.0000	5.5678
45.5673	31.0000	5.5678
45.5815	29.0000	5.3852
45.5958	28.0000	5.2915
45.6101	38.0000	6.1644
45.6243	20.0000	4.4721
45.6386	21.0000	4.5826
45.6528	29.0000	5.3852
45.6671	22.0000	4.6904
45.6814	25.0000	5.0000
45.6956	24.0000	4.8990
45.7099	24.0000	4.8990
45.7241	30.0000	5.4772
45.7384	26.0000	5.0990
45.7527	31.0000	5.5678
45.7669	30.0000	5.4772
45.7812	24.0000	4.8990
45.7954	30.0000	5.4772
45.8097	22.0000	4.6904
45.8240	30.0000	5.4772
45.8382	26.0000	5.0990
45.8525	20.0000	4.4721
45.8667	31.0000	5.5678
45.8810	28.0000	5.2915
45.8953	29.0000	5.3852
45.9095	21.0000	4.5826
45.9238	26.0000	5.0990
45.9380	32.0000	5.6569
45.9523	19.0000	4.3589
45.9665	20.0000	4.4721
45.9808	33.0000	5.7446
45.9951	30.0000	5.4772
46.0093	22.0000	4.6904
46.0236	20.0000	4.4721
46.0378	24.0000	4.8990
46.0521	29.0000	5.3852
46.0664	34.0000	5.8310
46.0806	25.0000	5.0000
46.0949	31.0000	5.5678
46.1091	28.0000	5.2915
46.1234	29.0000	5.3852
46.1377	24.0000	4.8990
46.1519	32.0000	5.6569
46.1662	28.0000	5.2915
46.1804	31.0000	5.5678
46.1947	28.0000	5.2915
46.2090	24.0000	4.8990
46.2232	28.0000	5.2915
46.2375	26.0000	5.0990
46.2517	32.0000	5.6569
46.2660	29.0000	5.3852
46.2803	35.0000	5.9161
46.2945	29.0000	5.3852
46.3088	36.0000	6.0000
46.3230	27.0000	5.1962
46.3373	32.0000	5.6569
46.3516	25.0000	5.0000
46.3658	33.0000	5.7446
46.3801	35.0000	5.9161
46.3943	26.0000	5.0990
46.4086	39.0000	6.2450
46.4229	15.0000	3.8730
46.4371	42.0000	6.4807
46.4514	24.0000	4.8990
46.4656	30.0000	5.4772
46.4799	36.0000	6.0000
46.4942	21.0000	4.5826
46.5084	27.0000	5.1962
46.5227	30.0000	5.4772
46.5369	32.0000	5.6569
46.5512	38.0000	6.1644
46.5654	24.0000	4.8990
46.5797	27.0000	5.1962
46.5940	24.0000	4.8990
46.6082	29.0000	5.3852
46.6225	31.0000	5.5678
46.6367	34.0000	5.8310
46.6510	32.0000	5.6569
46.6653	29.0000	5.3852
46.6795	28.0000	5.2915
46.6938	33.0000	5.7446
46.7080	29.0000	5.3852
46.7223	29.0000	5.3852
46.7366	28.0000	5.2915
46.7508	30.0000	5.4772
46.7651	32.0000	5.6569
46.7793	32.0000	5.6569
46.7936	40.0000	6.3246
46.8079	28.0000	5.2915
46.8221	38.0000	6.1644
46.8364	38.0000	6.1644
46.8506	23.0000	4.7958
46.8649	35.0000	5.9161
46.8792	23.0000	4.7958
46.8934	31.0000	5.5678
46.9077	39.0000	6.2450
46.9219	29.0000	5.3852
46.9362	40.0000	6.3246
46.9505	31.0000	5.5678
46.9647	34.0000	5.8310
46.9790	17.0000	4.1231
46.9932	35.0000	5.9161
47.0075	24.0000	4.8990
47.0218	29.0000	5.3852
47.0360	32.0000	5.6569
47.0503	30.0000	5.4772
47.0645	33.0000	5.7446
47.0788	41.0000	6.4031
47.0931	36.0000	6.0000
47.1073	46.0000	6.7823
47.1216	38.0000	6.1644
47.1358	38.0000	6.1644
47.1501	33.0000	5.7446
47.1643	34.0000	5.8310
47.1786	26.0000	5.0990
47.1929	34.0000	5.8310
47.2071	42.0000	6.4807
47.2214	39.0000	6.2450
47.2356	42.0000	6.4807
47.2499	43.0000	6.5574
47.2642	36.0000	6.0000
47.2784	38.0000	6.1644
47.2927	38.0000	6.1644
47.3069	41.0000	6.4031
47.3212	39.0000	6.2450
47.3355	42.0000	6.4807
47.3497	49.0000	7.0000
47.3640	44.0000	6.6332
47.3782	53.0000	7.2801
47.3925	37.0000	6.0828
47.4068	35.0000	5.9161
47.4210	44.0000	6.6332
47.4353	40.0000	6.3246
47.4495	42.0000	6.4807
47.4638	49.0000	7.0000
47.4781	41.0000	6.4031
47.4923	53.0000	7.2801
47.5066	58.0000	7.6158
47.5208	42.0000	6.4807
47.5351	56.0000	7.4833
47.5494	56.0000	7.4833
47.5636	67.0000	8.1854
47.5779	72.0000	8.4853
47.5921	67.0000	8.1854
47.6064	80.0000	8.9443
47.6207	71.0000	8.4261
47.6349	67.0000	8.1854
47.6492	70.0000	8.3666
47.6634	79.0000	8.8882
47.6777	92.0000	9.5917
47.6919	83.0000	9.1104
47.7062	101.0000	10.0499
47.7205	103.0000	10.1489
47.7347	96.0000	9.7980
47.7490	103.0000	10.1489
47.7632	118.0000	10.8628
47.7775	117.0000	10.8167
47.7918	153.0000	12.3693
47.8060	128.0000	11.3137
47.8203	145.0000	12.0416
47.8345	163.0000	12.7671
47.8488	150.0000	12.2474
47.8631	153.0000	12.3693
47.8773	148.0000	12.1655
47.8916	193.0000	13.8924
47.9058	176.0000	13.2665
47.9201	205.0000	14.3178
47.9344	200.0000	14.1421
47.9486	186.0000	13.6382
47.9629	212.0000	14.5602
47.9771	177.0000	13.3041
47.9914	191.0000	13.8203
48.0057	198.0000	14.0712
48.0199	204.0000	14.2829
48.0342	200.0000	14.1421
48.0484	182.0000	13.4907
48.0627	206.0000	14.3527
48.0770	177.0000	13.3041
48.0912	148.0000	12.1655
48.1055	162.0000	12.7279
48.1197	173.0000	13.1529
48.1340	164.0000	12.8062
48.1483	171.0000	13.0767
48.1625	134.0000	11.5758
48.1768	166.0000	12.8841
48.1910	137.0000	11.7047
48.2053	131.0000	11.4455
48.2196	109.0000	10.4403
48.2338	127.0000	11.2694
48.2481	98.0000	9.8995
48.2623	94.0000	9.6954
48.2766	115.0000	10.7238
48.2908	84.0000	9.1652
48.3051	96.0000	9.7980
48.3194	85.0000	9.2195
48.3336	77.0000	8.7750
48.3479	73.0000	8.5440
48.3621	67.0000	8.1854
48.3764	74.0000	8.6023
48.3907	69.0000	8.3066
48.4049	69.0000	8.3066
48.4192	62.0000	7.8740
48.4334	57.0000	7.5498
48.4477	50.0000	7.0711
48.4620	52.0000	7.2111
48.4762	61.0000	7.8102
48.4905	53.0000	7.2801
48.5047	59.0000	7.6811
48.5190	44.0000	6.6332
48.5333	47.0000	6.8557
48.5475	59.0000	7.6811
48.5618	39.0000	6.2450
48.5760	55.0000	7.4162
48.5903	35.0000	5.9161
48.6046	34.0000	5.8310
48.6188	38.0000	6.1644
48.6331	34.0000	5.8310
48.6473	34.0000	5.8310
48.6616	34.0000	5.8310
48.6759	34.0000	5.8310
48.6901	33.0000	5.7446
48.7044	41.0000	6.4031
48.7186	34.0000	5.8310
48.7329	41.0000	6.4031
48.7472	38.0000	6.1644
48.7614	30.0000	5.4772
48.7757	28.0000	5.2915
48.7899	35.0000	5.9161
48.8042	35.0000	5.9161
48.8184	46.0000	6.7823
48.8327	37.0000	6.0828
48.8470	29.0000	5.3852
48.8612	31.0000	5.5678
48.8755	32.0000	5.6569
48.8897	38.0000	6.1644
48.9040	23.0000	4.7958
48.9183	24.0000	4.8990
48.9325	23.0000	4.7958
48.9468	35.0000	5.9161
48.9610	17.0000	4.1231
48.9753	35.0000	5.9161
48.9896	38.0000	6.1644
49.0038	23.0000	4.7958
49.0181	37.0000	6.0828
49.0323	22.0000	4.6904
49.0466	29.0000	5.3852
49.0609	32.0000	5.6569
49.0751	23.0000	4.7958
49.0894	27.0000	5.1962
49.1036	31.0000	5.5678
49.1179	26.0000	5.0990
49.1322	31.0000	5.5678
49.1464	25.0000	5.0000
49.1607	15.0000	3.8730
49.1749	34.0000	5.8310
49.1892	20.0000	4.4721
49.2035	33.0000	5.7446
49.2177	28.0000	5.2915
49.2320	31.0000	5.5678
49.2462	35.0000	5.9161
49.2605	22.0000	4.6904
49.2748	19.0000	4.3589
49.2890	22.0000	4.6904
49.3033	24.0000	4.8990
49.3175	33.0000	5.7446
49.3318	30.0000	5.4772
49.3461	30.0000	5.4772
49.3603	31.0000	5.5678
49.3746	32.0000	5.6569
49.3888	28.0000	5.2915
49.4031	29.0000	5.3852
49.4173	34.0000	5.8310
49.4316	30.0000	5.4772
49.4459	23.0000	4.7958
49.4601	31.0000	5.5678
49.4744	31.0000	5.5678
49.4886	20.0000	4.4721
49.5029	27.0000	5.1962
49.5172	28.0000	5.2915
49.5314	29.0000	5.3852
49.5457	36.0000	6.0000
49.5599	23.0000	4.7958
49.5742	30.0000	5.4772
49.5885	28.0000	5.2915
49.6027	21.0000	4.5826
49.6170	27.0000	5.1962
49.6312	20.0000	4.4721
49.6455	18.0000	4.2426
49.6598	28.0000	5.2915
49.6740	28.0000	5.2915
49.6883	27.0000	5.1962
49.7025	27.0000	5.1962
49.7168	25.0000	5.0000
49.7311	20.0000	4.4721
49.7453	32.0000	5.6569
49.7596	24.0000	4.8990
49.7738	21.0000	4.5826
49.7881	23.0000	4.7958
49.8024	18.0000	4.2426
49.8166	28.0000	5.2915
49.8309	17.0000	4.1231
49.8451	27.0000	5.1962
49.8594	21.0000	4.5826
49.8737	21.0000	4.5826
49.8879	31.0000	5.5678
49.9022	28.0000	5.2915
49.9164	36.0000	6.0000
49.9307	26.0000	5.0990
49.9450	36.0000	6.0000
49.9592	26.0000	5.0990
49.9735	27.0000	5.1962
49.9877	26.0000	5.0990
50.0020	23.0000	4.7958
50.0162	32.0000	5.6569
50.0305	25.0000	5.0000
50.0448	18.0000	4.2426
50.0590	19.0000	4.3589
50.0733	34.0000	5.8310
50.0875	27.0000	5.1962
50.1018	27.0000	5.1962
50.1161	27.0000	5.1962
50.1303	29.0000	5.3852
50.1446	19.0000	4.3589
50.1588	33.0000	5.7446
50.1731	22.0000	4.6904
50.1874	30.0000	5.4772
50.2016	25.0000	5.0000
50.2159	17.0000	4.1231
50.2301	15.0000	3.8730
50.2444	27.0000	5.1962
50.2587	24.0000	4.8990
50.2729	22.0000	4.6904
50.2872	23.0000	4.7958
50.3014	27.0000	5.1962
50.3157	18.0000	4.2426
50.3300	22.0000	4.6904
50.3442	26.0000	5.0990
50.3585	21.0000	4.5826
50.3727	22.0000	4.6904
50.3870	27.0000	5.1962
50.4013	25.0000	5.0000
50.4155	28.0000	5.2915
50.4298	21.0000	4.5826
50.4440	27.0000	5.1962
50.4583	26.0000	5.0990
50.4726	13.0000	3.6056
50.4868	29.0000	5.3852
50.5011	22.0000	4.6904
50.5153	25.0000	5.0000
50.5296	26.0000	5.0990
50.5438	24.0000	4.8990
50.5581	19.0000	4.3589
50.5724	23.0000	4.7958
50.5866	29.0000	5.3852
50.6009	35.0000	5.9161
50.6151	21.0000	4.5826
50.6294	27.0000	5.1962
50.6437	22.0000	4.6904
50.6579	25.0000	5.0000
50.6722	23.0000	4.7958
50.6864	24.0000	4.8990
50.7007	23.0000	4.7958
50.7150	23.0000	4.7958
50.7292	34.0000	5.8310
50.7435	25.0000	5.0000
50.7577	22.0000	4.6904
50.7720	21.0000	4.5826
50.7863	19.0000	4.3589
50.8005	20.0000	4.4721
50.8148	22.0000	4.6904
50.8290	27.0000	5.1962
50.8433	16.0000	4.0000
50.8576	22.0000	4.6904
50.8718	29.0000	5.3852
50.8861	23.0000	4.7958
50.9003	18.0000	4.2426
50.9146	25.0000	5.0000
50.9289	22.0000	4.6904
50.9431	18.0000	4.2426
50.9574	29.0000	5.3852
50.9716	27.0000	5.1962
50.9859	34.0000	5.8310
51.0002	29.0000	5.3852
51.0144	30.0000	5.4772
51.0287	19.0000	4.3589
51.0429	15.0000	3.8730
51.0572	29.0000	5.3852
51.0715	27.0000	5.1962
51.0857	32.0000	5.6569
51.1000	19.0000	4.3589
51.1142	30.0000	5.4772
51.1285	27.0000	5.1962
51.1427	17.0000	4.1231
51.1570	16.0000	4.0000
51.1713	23.0000	4.7958
51.1855	27.0000	5.1962
51.1998	27.0000	5.1962
51.2140	23.0000	4.7958
51.2283	23.0000	4.7958
51.2426	37.0000	6.0828
51.2568	24.0000	4.8990
51.2711	22.0000	4.6904
51.2853	17.0000	4.1231
51.2996	16.0000	4.0000
51.3139	19.0000	4.3589
51.3281	26.0000	5.0990
51.3424	31.0000	5.5678
51.3566	29.0000	5.3852
51.3709	19.0000	4.3589
51.3852	29.0000	5.3852
51.3994	15.0000	3.8730
51.4137	19.0000	4.3589
51.4279	20.0000	4.4721
51.4422	25.0000	5.0000
51.4565	17.0000	4.1231
51.4707	19.0000	4.3589
51.4850	15.0000	3.8730
51.4992	24.0000	4.8990
51.5135	21.0000	4.5826
51.5278	18.0000	4.2426
51.5420	19.0000	4.3589
51.5563	23.0000	4.7958
51.5705	15.0000	3.8730
51.5848	21.0000	4.5826
51.5991	17.0000	4.1231
51.6133	30.0000	5.4772
51.6276	21.0000	4.5826
51.6418	23.0000	4.7958
51.6561	28.0000	5.2915
51.6703	21.0000	4.5826
51.6846	24.0000	4.8990
51.6989	25.0000	5.0000
51.7131	21.0000	4.5826
51.7274	22.0000	4.6904
51.7416	33.0000	5.7446
51.7559	23.0000	4.7958
51.7702	21.0000	4.5826
51.7844	29.0000	5.3852
51.7987	19.0000	4.3589
51.8129	36.0000	6.0000
51.8272	27.0000	5.1962
51.8415	33.0000	5.7446
51.8557	22.0000	4.6904
51.8700	23.0000	4.7958
51.8842	29.0000	5.3852
51.8985	32.0000	5.6569
51.9128	28.0000	5.2915
51.9270	27.0000	5.1962
51.9413	18.0000	4.2426
51.9555	17.0000	4.1231
51.9698	27.0000	5.1962
51.9841	30.0000	5.4772
51.9983	21.0000	4.5826
52.0126	32.0000	5.6569
52.0268	24.0000	4.8990
52.0411	29.0000	5.3852
52.0554	27.0000	5.1962
52.0696	24.0000	4.8990
52.0839	25.0000	5.0000
52.0981	25.0000	5.0000
52.1124	26.0000	5.0990
52.1267	17.0000	4.1231
52.1409	18.0000	4.2426
52.1552	25.0000	5.0000
52.1694	17.0000	4.1231
52.1837	27.0000	5.1962
52.1980	22.0000	4.6904
52.2122	21.0000	4.5826
52.2265	20.0000	4.4721
52.2407	40.0000	6.3246
52.2550	20.0000	4.4721
52.2692	22.0000	4.6904
52.2835	22.0000	4.6904
52.2978	27.0000	5.1962
52.3120	23.0000	4.7958
52.3263	28.0000	5.2915
52.3405	17.0000	4.1231
52.3548	21.0000	4.5826
52.3691	31.0000	5.5678
52.3833	36.0000	6.0000
52.3976	20.0000	4.4721
52.4118	22.0000	4.6904
52.4261	29.0000	5.3852
52.4404	25.0000	5.0000
52.4546	21.0000	4.5826
52.4689	23.0000	4.7958
52.4831	20.0000	4.4721
52.4974	28.0000	5.2915
52.5117	29.0000	5.3852
52.5259	23.0000	4.7958
52.5402	29.0000	5.3852
52.5544	19.0000	4.3589
52.5687	24.0000	4.8990
52.5830	20.0000	4.4721
52.5972	20.0000	4.4721
52.6115	33.0000	5.7446
52.6257	34.0000	5.8310
52.6400	26.0000	5.0990
52.6543	25.0000	5.0000
52.6685	25.0000	5.0000
52.6828	36.0000	6.0000
52.6970	30.0000	5.4772
52.7113	32.0000	5.6569
52.7256	32.0000	5.6569
52.7398	18.0000	4.2426
52.7541	30.0000	5.4772
52.7683	29.0000	5.3852
52.7826	19.0000	4.3589
52.7969	27.0000	5.1962
52.8111	27.0000	5.1962
52.8254	25.0000	5.0000
52.8396	32.0000	5.6569
52.8539	22.0000	4.6904
52.8681	31.0000	5.5678
52.8824	22.0000	4.6904
52.8967	25.0000	5.0000
52.9109	36.0000	6.0000
52.9252	27.0000	5.1962
52.9394	22.0000	4.6904
52.9537	35.0000	5.9161
52.9680	28.0000	5.2915
52.9822	34.0000	5.8310
52.9965	23.0000	4.7958
53.0107	33.0000	5.7446
53.0250	36.0000	6.0000
53.0393	21.0000	4.5826
53.0535	31.0000	5.5678
53.0678	25.0000	5.0000
53.0820	31.0000	5.5678
53.0963	42.0000	6.4807
53.1106	34.0000	5.8310
53.1248	41.0000	6.4031
53.1391	28.0000	5.2915
53.1533	46.0000	6.7823
53.1676	40.0000	6.3246
53.1819	41.0000	6.4031
53.1961	34.0000	5.8310
53.2104	34.0000	5.8310
53.2246	37.0000	6.0828
53.2389	43.0000	6.5574
53.2532	41.0000	6.4031
53.2674	37.0000	6.0828
53.2817	38.0000	6.1644
53.2959	48.0000	6.9282
53.3102	41.0000	6.4031
53.3245	47.0000	6.8557
53.3387	51.0000	7.1414
53.3530	55.0000	7.4162
53.3672	51.0000	7.1414
53.3815	46.0000	6.7823
53.3957	44.0000	6.6332
53.4100	46.0000	6.7823
53.4243	51.0000	7.1414
53.4385	53.0000	7.2801
53.4528	49.0000	7.0000
53.4670	57.0000	7.5498
53.4813	56.0000	7.4833
53.4956	59.0000	7.6811
53.5098	73.0000	8.5440
53.5241	60.0000	7.7460
53.5383	76.0000	8.7178
53.5526	78.0000	8.8318
53.5669	96.0000	9.7980
53.5811	60.0000	7.7460
53.5954	104.0000	10.1980
53.6096	94.0000	9.6954
53.6239	103.0000	10.1489
53.6382	97.0000	9.8489
53.6524	76.0000	8.7178
53.6667	107.0000	10.3441
53.6809	123.0000	11.0905
53.6952	115.0000	10.7238
53.7095	112.0000	10.5830
53.7237	121.0000	11.0000
53.7380	119.0000	10.9087
53.7522	111.0000	10.5357
53.7665	120.0000	10.9545
53.7808	114.0000	10.6771
53.7950	105.0000	10.2470
53.8093	118.0000	10.8628
53.8235	112.0000	10.5830
53.8378	128.0000	11.3137
53.8521	137.0000	11.7047
53.8663	114.0000	10.6771
53.8806	125.0000	11.1803
53.8948	101.0000	10.0499
53.9091	111.0000	10.5357
53.9234	120.0000	10.9545
53.9376	112.0000	10.5830
53.9519	112.0000	10.5830
53.9661	108.0000	10.3923
53.9804	115.0000	10.7238
53.9946	128.0000	11.3137
54.0089	121.0000	11.0000
54.0232	124.0000	11.1355
54.0374	115.0000	10.7238
54.0517	107.0000	10.3441
54.0659	107.0000	10.3441
54.0802	112.0000	10.5830
54.0945	109.0000	10.4403
54.1087	123.0000	11.0905
54.1230	119.0000	10.9087
54.1372	104.0000	10.1980
54.1515	111.0000	10.5357
54.1658	99.0000	9.9499
54.1800	110.0000	10.4881
54.1943	121.0000	11.0000
54.2085	99.0000	9.9499
54.2228	85.0000	9.2195
54.2371	86.0000	9.2736
54.2513	102.0000	10.0995
54.2656	84.0000	9.1652
54.2798	97.0000	9.8489
54.2941	83.0000	9.1104
54.3084	96.0000	9.7980
54.3226	88.0000	9.3808
54.3369	82.0000	9.0554
54.3511	88.0000	9.3808
54.3654	69.0000	8.3066
54.3797	67.0000	8.1854
54.3939	83.0000	9.1104
54.4082	78.0000	8.8318
54.4224	70.0000	8.3666
54.4367	65.0000	8.0623
54.4510	72.0000	8.4853
54.4652	80.0000	8.9443
54.4795	77.0000	8.7750
54.4937	65.0000	8.0623
54.5080	58.0000	7.6158
54.5222	72.0000	8.4853
54.5365	65.0000	8.0623
54.5508	43.0000	6.5574
54.5650	53.0000	7.2801
54.5793	60.0000	7.7460
54.5935	67.0000	8.1854
54.6078	59.0000	7.6811
54.6221	56.0000	7.4833
54.6363	84.0000	9.1652
54.6506	84.0000	9.1652
54.6648	73.0000	8.5440
54.6791	62.0000	7.8740
54.6934	75.0000	8.6603
54.7076	77.0000	8.7750
54.7219	75.0000	8.6603
54.7361	96.0000	9.7980
54.7504	84.0000	9.1652
54.7647	57.0000	7.5498
54.7789	83.0000	9.1104
54.7932	78.0000	8.8318
54.8074	75.0000	8.6603
54.8217	98.0000	9.8995
54.8360	119.0000	10.9087
54.8502	101.0000	10.0499
54.8645	109.0000	10.4403
54.8787	116.0000	10.7703
54.8930	120.0000	10.9545
54.9073	118.0000	10.8628
54.9215	120.0000	10.9545
54.9358	84.0000	9.1652
54.9500	127.0000	11.2694
54.9643	109.0000	10.4403
54.9786	110.0000	10.4881
54.9928	138.0000	11.7473
55.0071	125.0000	11.1803
55.0213	135.0000	11.6190
55.0356	122.0000	11.0454
55.0499	108.0000	10.3923
55.0641	117.0000	10.8167
55.0784	132.0000	11.4891
55.0926	118.0000	10.8628
55.1069	109.0000	10.4403
55.1211	133.0000	11.5326
55.1354	119.0000	10.9087
55.1497	98.0000	9.8995
55.1639	105.0000	10.2470
55.1782	84.0000	9.1652
55.1924	86.0000	9.2736
55.2067	111.0000	10.5357
55.2210	90.0000	9.4868
55.2352	84.0000	9.1652
55.2495	88.0000	9.3808
55.2637	80.0000	8.9443
55.2780	85.0000	9.2195
55.2923	87.0000	9.3274
55.3065	59.0000	7.6811
55.3208	60.0000	7.7460
55.3350	61.0000	7.8102
55.3493	59.0000	7.6811
55.3636	46.0000	6.7823
55.3778	59.0000	7.6811
55.3921	50.0000	7.0711
55.4063	41.0000	6.4031
55.4206	47.0000	6.8557
55.4349	43.0000	6.5574
55.4491	52.0000	7.2111
55.4634	43.0000	6.5574
55.4776	54.0000	7.3485
55.4919	40.0000	6.3246
55.5062	51.0000	7.1414
55.5204	33.0000	5.7446
55.5347	31.0000	5.5678
55.5489	32.0000	5.6569
55.5632	36.0000	6.0000
55.5775	45.0000	6.7082
55.5917	44.0000	6.6332
55.6060	39.0000	6.2450
55.6202	43.0000	6.5574
55.6345	47.0000	6.8557
55.6488	26.0000	5.0990
55.6630	32.0000	5.6569
55.6773	40.0000	6.3246
55.6915	33.0000	5.7446
55.7058	43.0000	6.5574
55.7200	25.0000	5.0000
55.7343	44.0000	6.6332
55.7486	38.0000	6.1644
55.7628	29.0000	5.3852
55.7771	31.0000	5.5678
55.7913	43.0000	6.5574
55.8056	36.0000	6.0000
55.8199	32.0000	5.6569
55.8341	29.0000	5.3852
55.8484	26.0000	5.0990
55.8626	24.0000	4.8990
55.8769	28.0000	5.2915
55.8912	28.0000	5.2915
55.9054	25.0000	5.0000
55.9197	31.0000	5.5678
55.9339	39.0000	6.2450
55.9482	22.0000	4.6904
55.9625	26.0000	5.0990
55.9767	35.0000	5.9161
55.9910	22.0000	4.6904
56.0052	29.0000	5.3852
56.0195	26.0000	5.0990
56.0338	25.0000	5.0000
56.0480	33.0000	5.7446
56.0623	21.0000	4.5826
56.0765	33.0000	5.7446
56.0908	13.0000	3.6056
56.1051	27.0000	5.1962
56.1193	21.0000	4.5826
56.1336	26.0000	5.0990
56.1478	27.0000	5.1962
56.1621	30.0000	5.4772
56.1764	37.0000	6.0828
56.1906	19.0000	4.3589
56.2049	24.0000	4.8990
56.2191	25.0000	5.0000
56.2334	34.0000	5.8310
56.2476	24.0000	4.8990
56.2619	22.0000	4.6904
56.2762	28.0000	5.2915
56.2904	26.0000	5.0990
56.3047	29.0000	5.3852
56.3189	35.0000	5.9161
56.3332	25.0000	5.0000
56.3475	33.0000	5.7446
56.3617	30.0000	5.4772
56.3760	34.0000	5.8310
56.3902	34.0000	5.8310
56.4045	46.0000	6.7823
56.4188	41.0000	6.4031
56.4330	33.0000	5.7446
56.4473	44.0000	6.6332
56.4615	33.0000	5.7446
56.4758	33.0000	5.7446
56.4901	35.0000	5.9161
56.5043	32.0000	5.6569
56.5186	41.0000	6.4031
56.5328	34.0000	5.8310
56.5471	41.0000	6.4031
56.5614	22.0000	4.6904
56.5756	43.0000	6.5574
56.5899	30.0000	5.4772
56.6041	38.0000	6.1644
56.6184	36.0000	6.0000
56.6327	48.0000	6.9282
56.6469	36.0000	6.0000
56.6612	18.0000	4.2426
56.6754	31.0000	5.5678
56.6897	32.0000	5.6569
56.7040	38.0000	6.1644
56.7182	30.0000	5.4772
56.7325	36.0000	6.0000
56.7467	25.0000	5.0000
56.7610	25.0000	5.0000
56.7753	27.0000	5.1962
56.7895	25.0000	5.0000
56.8038	22.0000	4.6904
56.8180	33.0000	5.7446
56.8323	25.0000	5.0000
56.8465	21.0000	4.5826
56.8608	25.0000	5.0000
56.8751	20.0000	4.4721
56.8893	24.0000	4.8990
56.9036	35.0000	5.9161
56.9178	27.0000	5.1962
56.9321	18.0000	4.2426
56.9464	15.0000	3.8730
56.9606	19.0000	4.3589
56.9749	28.0000	5.2915
56.9891	22.0000	4.6904
57.0034	30.0000	5.4772
57.0177	20.0000	4.4721
57.0319	14.0000	3.7417
57.0462	17.0000	4.1231
57.0604	18.0000	4.2426
57.0747	17.0000	4.1231
57.0890	20.0000	4.4721
57.1032	13.0000	3.6056
57.1175	25.0000	5.0000
57.1317	20.0000	4.4721
57.1460	22.0000	4.6904
57.1603	26.0000	5.0990
57.1745	19.0000	4.3589
57.1888	16.0000	4.0000
57.2030	22.0000	4.6904
57.2173	25.0000	5.0000
57.2316	27.0000	5.1962
57.2458	15.0000	3.8730
57.2601	19.0000	4.3589
57.2743	17.0000	4.1231
57.2886	24.0000	4.8990
57.3029	24.0000	4.8990
57.3171	21.0000	4.5826
57.3314	17.0000	4.1231
57.3456	27.0000	5.1962
57.3599	23.0000	4.7958
57.3741	26.0000	5.0990
57.3884	20.0000	4.4721
57.4027	31.0000	5.5678
57.4169	25.0000	5.0000
57.4312	24.0000	4.8990
57.4454	17.0000	4.1231
57.4597	17.0000	4.1231
57.4740	17.0000	4.1231
57.4882	20.0000	4.4721
57.5025	19.0000	4.3589
57.5167	25.0000	5.0000
57.5310	22.0000	4.6904
57.5453	26.0000	5.0990
57.5595	20.0000	4.4721
57.5738	19.0000	4.3589
57.5880	18.0000	4.2426
57.6023	13.0000	3.6056
57.6166	14.0000	3.7417
57.6308	12.0000	3.4641
57.6451	30.0000	5.4772
57.6593	21.0000	4.5826
57.6736	19.0000	4.3589
57.6879	19.0000	4.3589
57.7021	23.0000	4.7958
57.7164	27.0000	5.1962
57.7306	22.0000	4.6904
57.7449	27.0000	5.1962
57.7592	18.0000	4.2426
57.7734	21.0000	4.5826
57.7877	17.0000	4.1231
57.8019	16.0000	4.0000
57.8162	26.0000	5.0990
57.8305	11.0000	3.3166
57.8447	30.0000	5.4772
57.8590	22.0000	4.6904
57.8732	22.0000	4.6904
57.8875	24.0000	4.8990
57.9018	13.0000	3.6056
57.9160	15.0000	3.8730
57.9303	22.0000	4.6904
57.9445	13.0000	3.6056
57.9588	33.0000	5.7446
57.9730	20.0000	4.4721
57.9873	18.0000	4.2426
58.0016	21.0000	4.5826
58.0158	36.0000	6.0000
58.0301	23.0000	4.7958
58.0443	17.0000	4.1231
58.0586	23.0000	4.7958
58.0729	18.0000	4.2426
58.0871	16.0000	4.0000
58.1014	30.0000	5.4772
58.1156	24.0000	4.8990
58.1299	19.0000	4.3589
58.1442	24.0000	4.8990
58.1584	23.0000	4.7958
58.1727	24.0000	4.8990
58.1869	19.0000	4.3589
58.2012	26.0000	5.0990
58.2155	16.0000	4.0000
58.2297	20.0000	4.4721
58.2440	30.0000	5.4772
58.2582	22.0000	4.6904
58.2725	22.0000	4.6904
58.2868	20.0000	4.4721
58.3010	18.0000	4.2426
58.3153	17.0000	4.1231
58.3295	17.0000	4.1231
58.3438	35.0000	5.9161
58.3581	19.0000	4.3589
58.3723	30.0000	5.4772
58.3866	20.0000	4.4721
58.4008	19.0000	4.3589
58.4151	24.0000	4.8990
58.4294	24.0000	4.8990
58.4436	16.0000	4.0000
58.4579	18.0000	4.2426
58.4721	21.0000	4.5826
58.4864	17.0000	4.1231
58.5007	14.0000	3.7417
58.5149	22.0000	4.6904
58.5292	20.0000	4.4721
58.5434	15.0000	3.8730
58.5577	17.0000	4.1231
58.5719	18.0000	4.2426
58.5862	30.0000	5.4772
58.6005	28.0000	5.2915
58.6147	19.0000	4.3589
58.6290	18.0000	4.2426
58.6432	17.0000	4.1231
58.6575	19.0000	4.3589
58.6718	29.0000	5.3852
58.6860	9.0000	3.0000
58.7003	26.0000	5.0990
58.7145	29.0000	5.3852
58.7288	21.0000	4.5826
58.7431	19.0000	4.3589
58.7573	10.0000	3.1623
58.7716	19.0000	4.3589
58.7858	21.0000	4.5826
58.8001	16.0000	4.0000
58.8144	16.0000	4.0000
58.8286	16.0000	4.0000
58.8429	13.0000	3.6056
58.8571	19.0000	4.3589
58.8714	25.0000	5.0000
58.8857	17.0000	4.1231
58.8999	25.0000	5.0000
58.9142	17.0000	4.1231
58.9284	16.0000	4.0000
58.9427	20.0000	4.4721
58.9570	29.0000	5.3852
58.9712	16.0000	4.0000
58.9855	16.0000	4.0000
58.9997	14.0000	3.7417
59.0140	24.0000	4.8990
59.0283	22.0000	4.6904
59.0425	20.0000	4.4721
59.0568	18.0000	4.2426
59.0710	13.0000	3.6056
59.0853	27.0000	5.1962
59.0995	27.0000	5.1962
59.1138	24.0000	4.8990
59.1281	17.0000	4.1231
59.1423	30.0000	5.4772
59.1566	20.0000	4.4721
59.1708	19.0000	4.3589
59.1851	24.0000	4.8990
59.1994	33.0000	5.7446
59.2136	20.0000	4.4721
59.2279	20.0000	4.4721
59.2421	17.0000	4.1231
59.2564	17.0000	4.1231
59.2707	11.0000	3.3166
59.2849	19.0000	4.3589
59.2992	17.0000	4.1231
59.3134	18.0000	4.2426
59.3277	23.0000	4.7958
59.3420	14.0000	3.7417
59.3562	20.0000	4.4721
59.3705	25.0000	5.0000
59.3847	22.0000	4.6904
59.3990	12.0000	3.4641
59.4133	24.0000	4.8990
59.4275	17.0000	4.1231
59.4418	26.0000	5.0990
59.4560	23.0000	4.7958
59.4703	12.0000	3.4641
59.4846	25.0000	5.0000
59.4988	28.0000	5.2915
59.5131	25.0000	5.0000
59.5273	19.0000	4.3589
59.5416	28.0000	5.2915
59.5559	20.0000	4.4721
59.5701	17.0000	4.1231
59.5844	23.0000	4.7958
59.5986	36.0000	6.0000
59.6129	22.0000	4.6904
59.6272	24.0000	4.8990
59.6414	21.0000	4.5826
59.6557	17.0000	4.1231
59.6699	23.0000	4.7958
59.6842	22.0000	4.6904
59.6984	16.0000	4.0000
59.7127	17.0000	4.1231
59.7270	21.0000	4.5826
59.7412	21.0000	4.5826
59.7555	17.0000	4.1231
59.7697	30.0000	5.4772
59.7840	23.0000	4.7958
59.7983	27.0000	5.1962
59.8125	24.0000	4.8990
59.8268	25.0000	5.0000
59.8410	18.0000	4.2426
59.8553	7.0000	2.6458
59.8696	26.0000	5.0990
59.8838	27.0000	5.1962
59.8981	24.0000	4.8990
59.9123	22.0000	4.6904
59.9266	24.0000	4.8990
59.9409	22.0000	4.6904
59.9551	21.0000	4.5826
59.9694	23.0000	4.7958
59.9836	28.0000	5.2915
59.9979	19.0000	4.3589
60.0122	22.0000	4.6904
60.0264	22.0000	4.6904
60.0407	21.0000	4.5826
60.0549	20.0000	4.4721
60.0692	24.0000	4.8990
60.0835	37.0000	6.0828
60.0977	32.0000	5.6569
60.1120	23.0000	4.7958
60.1262	36.0000	6.0000
60.1405	29.0000	5.3852
60.1548	31.0000	5.5678
60.1690	17.0000	4.1231
60.1833	20.0000	4.4721
60.1975	25.0000	5.0000
60.2118	26.0000	5.0990
60.2260	21.0000	4.5826
60.2403	25.0000	5.0000
60.2546	27.0000	5.1962
60.2688	25.0000	5.0000
60.2831	30.0000	5.4772
60.2973	19.0000	4.3589
60.3116	27.0000	5.1962
60.3259	19.0000	4.3589
60.3401	31.0000	5.5678
60.3544	26.0000	5.0990
60.3686	17.0000	4.1231
60.3829	23.0000	4.7958
60.3972	31.0000	5.5678
60.4114	21.0000	4.5826
60.4257	23.0000	4.7958
60.4399	26.0000	5.0990
60.4542	20.0000	4.4721
60.4685	22.0000	4.6904
60.4827	23.0000	4.7958
60.4970	27.0000	5.1962
60.5112	22.0000	4.6904
60.5255	27.0000	5.1962
60.5398	23.0000	4.7958
60.5540	10.0000	3.1623
60.5683	24.0000	4.8990
60.5825	28.0000	5.2915
60.5968	17.0000	4.1231
60.6111	20.0000	4.4721
60.6253	23.0000	4.7958
60.6396	32.0000	5.6569
60.6538	29.0000	5.3852
60.6681	25.0000	5.0000
60.6824	36.0000	6.0000
60.6966	21.0000	4.5826
60.7109	28.0000	5.2915
60.7251	29.0000	5.3852
60.7394	29.0000	5.3852
60.7537	37.0000	6.0828
60.7679	27.0000	5.1962
60.7822	24.0000	4.8990
60.7964	23.0000	4.7958
60.8107	30.0000	5.4772
60.8249	30.0000	5.4772
60.8392	30.0000	5.4772
60.8535	28.0000	5.2915
60.8677	37.0000	6.0828
60.8820	27.0000	5.1962
60.8962	26.0000	5.0990
60.9105	31.0000	5.5678
60.9248	23.0000	4.7958
60.9390	31.0000	5.5678
60.9533	27.0000	5.1962
60.9675	30.0000	5.4772
60.9818	23.0000	4.7958
60.9961	28.0000	5.2915
61.0103	33.0000	5.7446
61.0246	29.0000	5.3852
61.0388	18.0000	4.2426
61.0531	30.0000	5.4772
61.0674	34.0000	5.8310
61.0816	30.0000	5.4772
61.0959	22.0000	4.6904
61.1101	33.0000	5.7446
61.1244	27.0000	5.1962
61.1387	31.0000	5.5678
61.1529	14.0000	3.7417
61.1672	22.0000	4.6904
61.1814	22.0000	4.6904
61.1957	29.0000	5.3852
61.2100	27.0000	5.1962
61.2242	30.0000	5.4772
61.2385	32.0000	5.6569
61.2527	31.0000	5.5678
61.2670	31.0000	5.5678
61.2813	29.0000	5.3852
61.2955	21.0000	4.5826
61.3098	31.0000	5.5678
61.3240	28.0000	5.2915
61.3383	23.0000	4.7958
61.3526	22.0000	4.6904
61.3668	28.0000	5.2915
61.3811	30.0000	5.4772
61.3953	34.0000	5.8310
61.4096	27.0000	5.1962
61.4238	33.0000	5.7446
61.4381	44.0000	6.6332
61.4524	37.0000	6.0828
61.4666	16.0000	4.0000
61.4809	28.0000	5.2915
61.4951	29.0000	5.3852
61.5094	35.0000	5.9161
61.5237	26.0000	5.0990
61.5379	28.0000	5.2915
61.5522	21.0000	4.5826
61.5664	30.0000	5.4772
61.5807	35.0000	5.9161
61.5950	27.0000	5.1962
61.6092	42.0000	6.4807
61.6235	32.0000	5.6569
61.6377	45.0000	6.7082
61.6520	36.0000	6.0000
61.6663	40.0000	6.3246
61.6805	29.0000	5.3852
61.6948	32.0000	5.6569
61.7090	40.0000	6.3246
61.7233	33.0000	5.7446
61.7376	35.0000	5.9161
61.7518	33.0000	5.7446
61.7661	48.0000	6.9282
61.7803	42.0000	6.4807
61.7946	41.0000	6.4031
61.8089	43.0000	6.5574
61.8231	47.0000	6.8557
61.8374	47.0000	6.8557
61.8516	49.0000	7.0000
61.8659	36.0000	6.0000
61.8802	38.0000	6.1644
61.8944	42.0000	6.4807
61.9087	50.0000	7.0711
61.9229	49.0000	7.0000
61.9372	49.0000	7.0000
61.9514	53.0000	7.2801
61.9657	48.0000	6.9282
61.9800	54.0000	7.3485
61.9942	53.0000	7.2801
62.0085	52.0000	7.2111
62.0227	51.0000	7.1414
62.0370	44.0000	6.6332
62.0513	51.0000	7.1414
62.0655	69.0000	8.3066
62.0798	58.0000	7.6158
62.0940	51.0000	7.1414
62.1083	56.0000	7.4833
62.1226	47.0000	6.8557
62.1368	52.0000	7.2111
62.1511	58.0000	7.6158
62.1653	58.0000	7.6158
62.1796	55.0000	7.4162
62.1939	67.0000	8.1854
62.2081	51.0000	7.1414
62.2224	51.0000	7.1414
62.2366	62.0000	7.8740
62.2509	63.0000	7.9373
62.2652	59.0000	7.6811
62.2794	65.0000	8.0623
62.2937	70.0000	8.3666
62.3079	53.0000	7.2801
62.3222	74.0000	8.6023
62.3365	57.0000	7.5498
62.3507	71.0000	8.4261
62.3650	70.0000	8.3666
62.3792	87.0000	9.3274
62.3935	63.0000	7.9373
62.4078	76.0000	8.7178
62.4220	78.0000	8.8318
62.4363	91.0000	9.5394
62.4505	86.0000	9.2736
62.4648	89.0000	9.4340
62.4791	95.0000	9.7468
62.4933	82.0000	9.0554
62.5076	92.0000	9.5917
62.5218	102.0000	10.0995
62.5361	112.0000	10.5830
62.5503	90.0000	9.4868
62.5646	94.0000	9.6954
62.5789	93.0000	9.6437
62.5931	93.0000	9.6437
62.6074	92.0000	9.5917
62.6216	104.0000	10.1980
62.6359	107.0000	10.3441
62.6502	134.0000	11.5758
62.6644	99.0000	9.9499
62.6787	104.0000	10.1980
62.6929	112.0000	10.5830
62.7072	106.0000	10.2956
62.7215	89.0000	9.4340
62.7357	96.0000	9.7980
62.7500	85.0000	9.2195
62.7642	86.0000	9.2736
62.7785	93.0000	9.6437
62.7928	79.0000	8.8882
62.8070	80.0000	8.9443
62.8213	75.0000	8.6603
62.8355	67.0000	8.1854
62.8498	72.0000	8.4853
62.8641	69.0000	8.3066
62.8783	82.0000	9.0554
62.8926	76.0000	8.7178
62.9068	50.0000	7.0711
62.9211	60.0000	7.7460
62.9354	63.0000	7.9373
62.9496	73.0000	8.5440
62.9639	42.0000	6.4807
62.9781	55.0000	7.4162
62.9924	46.0000	6.7823
63.0067	67.0000	8.1854
63.0209	63.0000	7.9373
63.0352	57.0000	7.5498
63.0494	52.0000	7.2111
63.0637	39.0000	6.2450
63.0779	57.0000	7.5498
63.0922	34.0000	5.8310
63.1065	40.0000	6.3246
63.1207	33.0000	5.7446
63.1350	53.0000	7.2801
63.1492	42.0000	6.4807
63.1635	42.0000	6.4807
63.1778	34.0000	5.8310
63.1920	40.0000	6.3246
63.2063	29.0000	5.3852
63.2205	32.0000	5.6569
63.2348	31.0000	5.5678
63.2491	44.0000	6.6332
63.2633	42.0000	6.4807
63.2776	30.0000	5.4772
63.2918	39.0000	6.2450
63.3061	43.0000	6.5574
63.3204	31.0000	5.5678
63.3346	37.0000	6.0828
63.3489	32.0000	5.6569
63.3631	26.0000	5.0990
63.3774	35.0000	5.9161
63.3917	34.0000	5.8310
63.4059	31.0000	5.5678
63.4202	35.0000	5.9161
63.4344	30.0000	5.4772
63.4487	37.0000	6.0828
63.4630	30.0000	5.4772
63.4772	34.0000	5.8310
63.4915	36.0000	6.0000
63.5057	32.0000	5.6569
63.5200	30.0000	5.4772
63.5343	34.0000	5.8310
63.5485	35.0000	5.9161
63.5628	44.0000	6.6332
63.5770	25.0000	5.0000
63.5913	32.0000	5.6569
63.6056	29.0000	5.3852
63.6198	40.0000	6.3246
63.6341	35.0000	5.9161
63.6483	33.0000	5.7446
63.6626	41.0000	6.4031
63.6768	31.0000	5.5678
63.6911	34.0000	5.8310
63.7054	33.0000	5.7446
63.7196	35.0000	5.9161
63.7339	29.0000	5.3852
63.7481	28.0000	5.2915
63.7624	31.0000	5.5678
63.7767	26.0000	5.0990
63.7909	31.0000	5.5678
63.8052	30.0000	5.4772
63.8194	43.0000	6.5574
63.8337	31.0000	5.5678
63.8480	37.0000	6.0828
63.8622	46.0000	6.7823
63.8765	32.0000	5.6569
63.8907	33.0000	5.7446
63.9050	32.0000	5.6569
63.9193	47.0000	6.8557
63.9335	42.0000	6.4807
63.9478	28.0000	5.2915
63.9620	35.0000	5.9161
63.9763	30.0000	5.4772
63.9906	31.0000	5.5678
64.0048	29.0000	5.3852
64.0191	22.0000	4.6904
64.0333	32.0000	5.6569
64.0476	26.0000	5.0990
64.0619	27.0000	5.1962
64.0761	31.0000	5.5678
64.0904	28.0000	5.2915
64.1046	36.0000	6.0000
64.1189	28.0000	5.2915
64.1332	31.0000	5.5678
64.1474	31.0000	5.5678
64.1617	25.0000	5.0000
64.1759	27.0000	5.1962
64.1902	31.0000	5.5678
64.2045	26.0000	5.0990
64.2187	27.0000	5.1962
64.2330	19.0000	4.3589
64.2472	34.0000	5.8310
64.2615	22.0000	4.6904
64.2757	28.0000	5.2915
64.2900	35.0000	5.9161
64.3043	28.0000	5.2915
64.3185	33.0000	5.7446
64.3328	25.0000	5.0000
64.3470	30.0000	5.4772
64.3613	23.0000	4.7958
64.3756	31.0000	5.5678
64.3898	33.0000	5.7446
64.4041	31.0000	5.5678
64.4183	30.0000	5.4772
64.4326	25.0000	5.0000
64.4469	29.0000	5.3852
64.4611	22.0000	4.6904
64.4754	21.0000	4.5826
64.4896	22.0000	4.6904
64.5039	19.0000	4.3589
64.5182	23.0000	4.7958
64.5324	29.0000	5.3852
64.5467	32.0000	5.6569
64.5609	24.0000	4.8990
64.5752	23.0000	4.7958
64.5895	25.0000	5.0000
64.6037	31.0000	5.5678
64.6180	25.0000	5.0000
64.6322	29.0000	5.3852
64.6465	31.0000	5.5678
64.6608	26.0000	5.0990
64.6750	20.0000	4.4721
64.6893	22.0000	4.6904
64.7035	34.0000	5.8310
64.7178	32.0000	5.6569
64.7321	29.0000	5.3852
64.7463	25.0000	5.0000
64.7606	20.0000	4.4721
64.7748	15.0000	3.8730
64.7891	11.0000	3.3166
64.8033	21.0000	4.5826
64.8176	12.0000	3.4641
64.8319	21.0000	4.5826
64.8461	30.0000	5.4772
64.8604	29.0000	5.3852
64.8746	36.0000	6.0000
64.8889	19.0000	4.3589
64.9032	24.0000	4.8990
64.9174	22.0000	4.6904
64.9317	19.0000	4.3589
64.9459	27.0000	5.1962
64.9602	28.0000	5.2915
64.9745	27.0000	5.1962
64.9887	32.0000	5.6569
65.0030	38.0000	6.1644
65.0172	19.0000	4.3589
65.0315	23.0000	4.7958
65.0458	28.0000	5.2915
65.0600	26.0000	5.0990
65.0743	33.0000	5.7446
65.0885	27.0000	5.1962
65.1028	29.0000	5.3852
65.1171	22.0000	4.6904
65.1313	31.0000	5.5678
65.1456	26.0000	5.0990
65.1598	23.0000	4.7958
65.1741	22.0000	4.6904
65.1884	21.0000	4.5826
65.2026	23.0000	4.7958
65.2169	19.0000	4.3589
65.2311	22.0000	4.6904
65.2454	19.0000	4.3589
65.2597	30.0000	5.4772
65.2739	27.0000	5.1962
65.2882	25.0000	5.0000
65.3024	17.0000	4.1231
65.3167	19.0000	4.3589
65.3310	24.0000	4.8990
65.3452	26.0000	5.0990
65.3595	19.0000	4.3589
65.3737	34.0000	5.8310
65.3880	30.0000	5.4772
65.4022	25.0000	5.0000
65.4165	30.0000	5.4772
65.4308	29.0000	5.3852
65.4450	29.0000	5.3852
65.4593	30.0000	5.4772
65.4735	25.0000	5.0000
65.4878	24.0000	4.8990
65.5021	23.0000	4.7958
65.5163	26.0000	5.0990
65.5306	23.0000	4.7958
65.5448	24.0000	4.8990
65.5591	18.0000	4.2426
65.5734	35.0000	5.9161
65.5876	39.0000	6.2450
65.6019	26.0000	5.0990
65.6161	33.0000	5.7446
65.6304	19.0000	4.3589
65.6447	26.0000	5.0990
65.6589	26.0000	5.0990
65.6732	27.0000	5.1962
65.6874	24.0000	4.8990
65.7017	22.0000	4.6904
65.7160	18.0000	4.2426
65.7302	26.0000	5.0990
65.7445	21.0000	4.5826
65.7587	17.0000	4.1231
65.7730	34.0000	5.8310
65.7873	20.0000	4.4721
65.8015	32.0000	5.6569
65.8158	27.0000	5.1962
65.8300	25.0000	5.0000
65.8443	24.0000	4.8990
65.8586	28.0000	5.2915
65.8728	30.0000	5.4772
65.8871	26.0000	5.0990
65.9013	16.0000	4.0000
65.9156	21.0000	4.5826
65.9298	29.0000	5.3852
65.9441	27.0000	5.1962
65.9584	21.0000	4.5826
65.9726	26.0000	5.0990
65.9869	29.0000	5.3852
66.0011	33.0000	5.7446
66.0154	24.0000	4.8990
66.0297	24.0000	4.8990
66.0439	21.0000	4.5826
66.0582	22.0000	4.6904
66.0724	26.0000	5.0990
66.0867	17.0000	4.1231
66.1010	19.0000	4.3589
66.1152	17.0000	4.1231
66.1295	27.0000	5.1962
66.1437	25.0000	5.0000
66.1580	26.0000	5.0990
66.1723	22.0000	4.6904
66.1865	30.0000	5.4772
66.2008	20.0000	4.4721
66.2150	27.0000	5.1962
66.2293	17.0000	4.1231
66.2436	29.0000	5.3852
66.2578	30.0000	5.4772
66.2721	26.0000	5.0990
66.2863	19.0000	4.3589
66.3006	13.0000	3.6056
66.3149	27.0000	5.1962
66.3291	20.0000	4.4721
66.3434	17.0000	4.1231
66.3576	21.0000	4.5826
66.3719	15.0000	3.8730
66.3862	25.0000	5.0000
66.4004	16.0000	4.0000
66.4147	28.0000	5.2915
66.4289	21.0000	4.5826
66.4432	26.0000	5.0990
66.4575	19.0000	4.3589
66.4717	31.0000	5.5678
66.4860	26.0000	5.0990
66.5002	29.0000	5.3852
66.5145	17.0000	4.1231
66.5287	22.0000	4.6904
66.5430	19.0000	4.3589
66.5573	29.0000	5.3852
66.5715	18.0000	4.2426
66.5858	20.0000	4.4721
66.6000	29.0000	5.3852
66.6143	26.0000	5.0990
66.6286	20.0000	4.4721
66.6428	20.0000	4.4721
66.6571	26.0000	5.0990
66.6713	20.0000	4.4721
66.6856	29.0000	5.3852
66.6999	35.0000	5.9161
66.7141	18.0000	4.2426
66.7284	23.0000	4.7958
66.7426	31.0000	5.5678
66.7569	27.0000	5.1962
66.7712	29.0000	5.3852
66.7854	28.0000	5.2915
66.7997	25.0000	5.0000
66.8139	26.0000	5.0990
66.8282	19.0000	4.3589
66.8425	26.0000	5.0990
66.8567	29.0000	5.3852
66.8710	29.0000	5.3852
66.8852	20.0000	4.4721
66.8995	20.0000	4.4721
66.9138	21.0000	4.5826
66.9280	25.0000	5.0000
66.9423	28.0000	5.2915
66.9565	22.0000	4.6904
66.9708	30.0000	5.4772
66.9851	25.0000	5.0000
66.9993	33.0000	5.7446
67.0136	20.0000	4.4721
67.0278	24.0000	4.8990
67.0421	21.0000	4.5826
67.0564	27.0000	5.1962
67.0706	21.0000	4.5826
67.0849	26.0000	5.0990
67.0991	18.0000	4.2426
67.1134	26.0000	5.0990
67.1276	25.0000	5.0000
67.1419	26.0000	5.0990
67.1562	22.0000	4.6904
67.1704	29.0000	5.3852
67.1847	24.0000	4.8990
67.1989	27.0000	5.1962
67.2132	27.0000	5.1962
67.2275	22.0000	4.6904
67.2417	28.0000	5.2915
67.2560	16.0000	4.0000
67.2702	27.0000	5.1962
67.2845	20.0000	4.4721
67.2988	21.0000	4.5826
67.3130	40.0000	6.3246
67.3273	21.0000	4.5826
67.3415	17.0000	4.1231
67.3558	34.0000	5.8310
67.3701	25.0000	5.0000
67.3843	27.0000	5.1962
67.3986	36.0000	6.0000
67.4128	21.0000	4.5826
67.4271	18.0000	4.2426
67.4414	20.0000	4.4721
67.4556	26.0000	5.0990
67.4699	21.0000	4.5826
67.4841	27.0000	5.1962
67.4984	30.0000	5.4772
67.5127	17.0000	4.1231
67.5269	27.0000	5.1962
67.5412	21.0000	4.5826
67.5554	17.0000	4.1231
67.5697	30.0000	5.4772
67.5840	33.0000	5.7446
67.5982	18.0000	4.2426
67.6125	31.0000	5.5678
67.6267	29.0000	5.3852
67.6410	33.0000	5.7446
67.6552	22.0000	4.6904
67.6695	39.0000	6.2450
67.6838	22.0000	4.6904
67.6980	20.0000	4.4721
67.7123	19.0000	4.3589
67.7265	34.0000	5.8310
67.7408	21.0000	4.5826
67.7551	25.0000	5.0000
67.7693	31.0000	5.5678
67.7836	21.0000	4.5826
67.7978	22.0000	4.6904
67.8121	23.0000	4.7958
67.8264	23.0000	4.7958
67.8406	32.0000	5.6569
67.8549	28.0000	5.2915
67.8691	23.0000	4.7958
67.8834	25.0000	5.0000
67.8977	26.0000	5.0990
67.9119	30.0000	5.4772
67.9262	30.0000	5.4772
67.9404	27.0000	5.1962
67.9547	21.0000	4.5826
67.9690	19.0000	4.3589
67.9832	17.0000	4.1231
67.9975	31.0000	5.5678
68.0117	26.0000	5.0990
68.0260	22.0000	4.6904
68.0403	27.0000	5.1962
68.0545	27.0000	5.1962
68.0688	28.0000	5.2915
68.0830	27.0000	5.1962
68.0973	27.0000	5.1962
68.1116	24.0000	4.8990
68.1258	23.0000	4.7958
68.1401	37.0000	6.0828
68.1543	28.0000	5.2915
68.1686	31.0000	5.5678
68.1829	32.0000	5.6569
68.1971	30.0000	5.4772
68.2114	26.0000	5.0990
68.2256	33.0000	5.7446
68.2399	30.0000	5.4772
68.2541	26.0000	5.0990
68.2684	36.0000	6.0000
68.2827	46.0000	6.7823
68.2969	32.0000	5.6569
68.3112	33.0000	5.7446
68.3254	40.0000	6.3246
68.3397	50.0000	7.0711
68.3540	35.0000	5.9161
68.3682	43.0000	6.5574
68.3825	32.0000	5.6569
68.3967	41.0000	6.4031
68.4110	36.0000	6.0000
68.4253	48.0000	6.9282
68.4395	43.0000	6.5574
68.4538	40.0000	6.3246
68.4680	39.0000	6.2450
68.4823	47.0000	6.8557
68.4966	42.0000	6.4807
68.5108	39.0000	6.2450
68.5251	57.0000	7.5498
68.5393	49.0000	7.0000
68.5536	56.0000	7.4833
68.5679	41.0000	6.4031
68.5821	55.0000	7.4162
68.5964	49.0000	7.0000
68.6106	55.0000	7.4162
68.6249	71.0000	8.4261
68.6392	56.0000	7.4833
68.6534	63.0000	7.9373
68.6677	63.0000	7.9373
68.6819	63.0000	7.9373
68.6962	52.0000	7.2111
68.7105	57.0000	7.5498
68.7247	63.0000	7.9373
68.7390	47.0000	6.8557
68.7532	74.0000	8.6023
68.7675	50.0000	7.0711
68.7817	59.0000	7.6811
68.7960	67.0000	8.1854
68.8103	57.0000	7.5498
68.8245	67.0000	8.1854
68.8388	66.0000	8.1240
68.8530	60.0000	7.7460
68.8673	59.0000	7.6811
68.8816	55.0000	7.4162
68.8958	39.0000	6.2450
68.9101	64.0000	8.0000
68.9243	54.0000	7.3485
68.9386	50.0000	7.0711
68.9529	56.0000	7.4833
68.9671	43.0000	6.5574
68.9814	56.0000	7.4833
68.9956	55.0000	7.4162
69.0099	34.0000	5.8310
69.0242	45.0000	6.7082
69.0384	54.0000	7.3485
69.0527	47.0000	6.8557
69.0669	30.0000	5.4772
69.0812	40.0000	6.3246
69.0955	33.0000	5.7446
69.1097	41.0000	6.4031
69.1240	34.0000	5.8310
69.1382	42.0000	6.4807
69.1525	34.0000	5.8310
69.1668	31.0000	5.5678
69.1810	35.0000	5.9161
69.1953	27.0000	5.1962
69.2095	32.0000	5.6569
69.2238	30.0000	5.4772
69.2381	29.0000	5.3852
69.2523	42.0000	6.4807
69.2666	39.0000	6.2450
69.2808	31.0000	5.5678
69.2951	27.0000	5.1962
69.3094	35.0000	5.9161
69.3236	26.0000	5.0990
69.3379	32.0000	5.6569
69.3521	33.0000	5.7446
69.3664	27.0000	5.1962
69.3806	34.0000	5.8310
69.3949	17.0000	4.1231
69.4092	36.0000	6.0000
69.4234	37.0000	6.0828
69.4377	32.0000	5.6569
69.4519	23.0000	4.7958
69.4662	31.0000	5.5678
69.4805	38.0000	6.1644
69.4947	30.0000	5.4772
69.5090	37.0000	6.0828
69.5232	36.0000	6.0000
69.5375	27.0000	5.1962
69.5518	27.0000	5.1962
69.5660	33.0000	5.7446
69.5803	37.0000	6.0828
69.5945	34.0000	5.8310
69.6088	30.0000	5.4772
69.6231	30.0000	5.4772
69.6373	32.0000	5.6569
69.6516	29.0000	5.3852
69.6658	32.0000	5.6569
69.6801	39.0000	6.2450
69.6944	34.0000	5.8310
69.7086	38.0000	6.1644
69.7229	29.0000	5.3852
69.7371	35.0000	5.9161
69.7514	34.0000	5.8310
69.7657	46.0000	6.7823
69.7799	34.0000	5.8310
69.7942	35.0000	5.9161
69.8084	38.0000	6.1644
69.8227	40.0000	6.3246
69.8370	43.0000	6.5574
69.8512	38.0000	6.1644
69.8655	44.0000	6.6332
69.8797	40.0000	6.3246
69.8940	38.0000	6.1644
69.9083	44.0000	6.6332
69.9225	33.0000	5.7446
69.9368	38.0000	6.1644
69.9510	39.0000	6.2450
69.9653	50.0000	7.0711
69.9795	45.0000	6.7082
69.9938	42.0000	6.4807
70.0081	53.0000	7.2801
70.0223	35.0000	5.9161
70.0366	46.0000	6.7823
70.0508	46.0000	6.7823
70.0651	40.0000	6.3246
70.0794	44.0000	6.6332
70.0936	46.0000	6.7823
70.1079	40.0000	6.3246
70.1221	41.0000	6.4031
70.1364	56.0000	7.4833
70.1507	49.0000	7.0000
70.1649	43.0000	6.5574
70.1792	68.0000	8.2462
70.1934	59.0000	7.6811
70.2077	39.0000	6.2450
70.2220	44.0000	6.6332
70.2362	58.0000	7.6158
70.2505	59.0000	7.6811
70.2647	54.0000	7.3485
70.2790	37.0000	6.0828
70.2933	49.0000	7.0000
70.3075	46.0000	6.7823
70.3218	51.0000	7.1414
70.3360	43.0000	6.5574
70.3503	46.0000	6.7823
70.3646	45.0000	6.7082
70.3788	46.0000	6.7823
70.3931	43.0000	6.5574
70.4073	41.0000	6.4031
70.4216	47.0000	6.8557
70.4359	48.0000	6.9282
70.4501	52.0000	7.2111
70.4644	43.0000	6.5574
70.4786	30.0000	5.4772
70.4929	35.0000	5.9161
70.5071	39.0000	6.2450
70.5214	32.0000	5.6569
70.5357	30.0000	5.4772
70.5499	43.0000	6.5574
70.5642	25.0000	5.0000
70.5784	21.0000	4.5826
70.5927	29.0000	5.3852
70.6070	33.0000	5.7446
70.6212	41.0000	6.4031
70.6355	24.0000	4.8990
70.6497	32.0000	5.6569
70.6640	27.0000	5.1962
70.6783	28.0000	5.2915
70.6925	24.0000	4.8990
70.7068	29.0000	5.3852
70.7210	26.0000	5.0990
70.7353	26.0000	5.0990
70.7496	22.0000	4.6904
70.7638	42.0000	6.4807
70.7781	43.0000	6.5574
70.7923	19.0000	4.3589
70.8066	24.0000	4.8990
70.8209	20.0000	4.4721
70.8351	15.0000	3.8730
70.8494	26.0000	5.0990
70.8636	16.0000	4.0000
70.8779	23.0000	4.7958
70.8922	22.0000	4.6904
70.9064	20.0000	4.4721
70.9207	22.0000	4.6904
70.9349	33.0000	5.7446
70.9492	14.0000	3.7417
70.9635	30.0000	5.4772
70.9777	21.0000	4.5826
70.9920	28.0000	5.2915
71.0062	19.0000	4.3589
71.0205	20.0000	4.4721
71.0348	22.0000	4.6904
71.0490	20.0000	4.4721
71.0633	22.0000	4.6904
71.0775	20.0000	4.4721
71.0918	28.0000	5.2915
71.1060	22.0000	4.6904
71.1203	24.0000	4.8990
71.1346	29.0000	5.3852
71.1488	13.0000	3.6056
71.1631	18.0000	4.2426
71.1773	20.0000	4.4721
71.1916	20.0000	4.4721
71.2059	27.0000	5.1962
71.2201	24.0000	4.8990
71.2344	12.0000	3.4641
71.2486	21.0000	4.5826
71.2629	21.0000	4.5826
71.2772	28.0000	5.2915
71.2914	22.0000	4.6904
71.3057	18.0000	4.2426
71.3199	18.0000	4.2426
71.3342	18.0000	4.2426
71.3485	13.0000	3.6056
71.3627	23.0000	4.7958
71.3770	19.0000	4.3589
71.3912	14.0000	3.7417
71.4055	17.0000	4.1231
71.4198	19.0000	4.3589
71.4340	15.0000	3.8730
71.4483	22.0000	4.6904
71.4625	18.0000	4.2426
71.4768	22.0000	4.6904
71.4911	21.0000	4.5826
71.5053	11.0000	3.3166
71.5196	19.0000	4.3589
71.5338	19.0000	4.3589
71.5481	24.0000	4.8990
71.5624	12.0000	3.4641
71.5766	11.0000	3.3166
71.5909	15.0000	3.8730
71.6051	19.0000	4.3589
71.6194	18.0000	4.2426
71.6336	15.0000	3.8730
71.6479	17.0000	4.1231
71.6622	16.0000	4.0000
71.6764	11.0000	3.3166
71.6907	15.0000	3.8730
71.7049	26.0000	5.0990
71.7192	14.0000	3.7417
71.7335	20.0000	4.4721
71.7477	16.0000	4.0000
71.7620	24.0000	4.8990
71.7762	25.0000	5.0000
71.7905	25.0000	5.0000
71.8048	24.0000	4.8990
71.8190	13.0000	3.6056
71.8333	16.0000	4.0000
71.8475	22.0000	4.6904
71.8618	13.0000	3.6056
71.8761	19.0000	4.3589
71.8903	24.0000	4.8990
71.9046	26.0000	5.0990
71.9188	18.0000	4.2426
71.9331	20.0000	4.4721
71.9474	22.0000	4.6904
71.9616	21.0000	4.5826
71.9759	21.0000	4.5826
71.9901	19.0000	4.3589
72.0044	19.0000	4.3589
72.0187	30.0000	5.4772
72.0329	18.0000	4.2426
72.0472	13.0000	3.6056
72.0614	12.0000	3.4641
72.0757	19.0000	4.3589
72.0900	12.0000	3.4641
72.1042	12.0000	3.4641
72.1185	14.0000	3.7417
72.1327	17.0000	4.1231
72.1470	11.0000	3.3166
72.1613	22.0000	4.6904
72.1755	20.0000	4.4721
72.1898	17.0000	4.1231
72.2040	26.0000	5.0990
72.2183	21.0000	4.5826
72.2325	20.0000	4.4721
72.2468	18.0000	4.2426
72.2611	16.0000	4.0000
72.2753	20.0000	4.4721
72.2896	9.0000	3.0000
72.3038	18.0000	4.2426
72.3181	27.0000	5.1962
72.3324	17.0000	4.1231
72.3466	23.0000	4.7958
72.3609	22.0000	4.6904
72.3751	23.0000	4.7958
72.3894	14.0000	3.7417
72.4037	15.0000	3.8730
72.4179	17.0000	4.1231
72.4322	19.0000	4.3589
72.4464	30.0000	5.4772
72.4607	15.0000	3.8730
72.4750	16.0000	4.0000
72.4892	20.0000	4.4721
72.5035	18.0000	4.2426
72.5177	11.0000	3.3166
72.5320	22.0000	4.6904
72.5463	21.0000	4.5826
72.5605	26.0000	5.0990
72.5748	21.0000	4.5826
72.5890	13.0000	3.6056
72.6033	17.0000	4.1231
72.6176	25.0000	5.0000
72.6318	17.0000	4.1231
72.6461	10.0000	3.1623
72.6603	14.0000	3.7417
72.6746	20.0000	4.4721
72.6889	18.0000	4.2426
72.7031	22.0000	4.6904
72.7174	19.0000	4.3589
72.7316	12.0000	3.4641
72.7459	14.0000	3.7417
72.7602	16.0000	4.0000
72.7744	23.0000	4.7958
72.7887	22.0000	4.6904
72.8029	20.0000	4.4721
72.8172	12.0000	3.4641
72.8314	22.0000	4.6904
72.8457	12.0000	3.4641
72.8600	23.0000	4.7958
72.8742	21.0000	4.5826
72.8885	15.0000	3.8730
72.9027	12.0000	3.4641
72.9170	15.0000	3.8730
72.9313	9.0000	3.0000
72.9455	17.0000	4.1231
72.9598	18.0000	4.2426
72.9740	19.0000	4.3589
72.9883	16.0000	4.0000
73.0026	20.0000	4.4721
73.0168	13.0000	3.6056
73.0311	19.0000	4.3589
73.0453	16.0000	4.0000
73.0596	13.0000	3.6056
73.0739	18.0000	4.2426
73.0881	14.0000	3.7417
73.1024	18.0000	4.2426
73.1166	12.0000	3.4641
73.1309	25.0000	5.0000
73.1452	20.0000	4.4721
73.1594	16.0000	4.0000
73.1737	16.0000	4.0000
73.1879	16.0000	4.0000
73.2022	24.0000	4.8990
73.2165	16.0000	4.0000
73.2307	21.0000	4.5826
73.2450	15.0000	3.8730
73.2592	12.0000	3.4641
73.2735	17.0000	4.1231
73.2878	15.0000	3.8730
73.3020	15.0000	3.8730
73.3163	14.0000	3.7417
73.3305	15.0000	3.8730
73.3448	18.0000	4.2426
73.3590	13.0000	3.6056
73.3733	18.0000	4.2426
73.3876	18.0000	4.2426
73.4018	25.0000	5.0000
73.4161	24.0000	4.8990
73.4303	15.0000	3.8730
73.4446	12.0000	3.4641
73.4589	24.0000	4.8990
73.4731	18.0000	4.2426
73.4874	13.0000	3.6056
73.5016	15.0000	3.8730
73.5159	25.0000	5.0000
73.5302	22.0000	4.6904
73.5444	21.0000	4.5826
73.5587	19.0000	4.3589
73.5729	14.0000	3.7417
73.5872	16.0000	4.0000
73.6015	18.0000	4.2426
73.6157	20.0000	4.4721
73.6300	12.0000	3.4641
73.6442	16.0000	4.0000
73.6585	18.0000	4.2426
73.6728	14.0000	3.7417
73.6870	19.0000	4.3589
73.7013	23.0000	4.7958
73.7155	12.0000	3.4641
73.7298	25.0000	5.0000
73.7441	24.0000	4.8990
73.7583	26.0000	5.0990
73.7726	17.0000	4.1231
73.7868	17.0000	4.1231
73.8011	28.0000	5.2915
73.8154	22.0000	4.6904
73.8296	25.0000	5.0000
73.8439	21.0000	4.5826
73.8581	20.0000	4.4721
73.8724	16.0000	4.0000
73.8867	28.0000	5.2915
73.9009	24.0000	4.8990
73.9152	19.0000	4.3589
73.9294	13.0000	3.6056
73.9437	20.0000	4.4721
73.9579	20.0000	4.4721
73.9722	15.0000	3.8730
73.9865	17.0000	4.1231
74.0007	17.0000	4.1231
74.0150	23.0000	4.7958
74.0292	16.0000	4.0000
74.0435	20.0000	4.4721
74.0578	19.0000	4.3589
74.0720	16.0000	4.0000
74.0863	23.0000	4.7958
74.1005	19.0000	4.3589
74.1148	24.0000	4.8990
74.1291	27.0000	5.1962
74.1433	15.0000	3.8730
74.1576	21.0000	4.5826
74.1718	26.0000	5.0990
74.1861	22.0000	4.6904
74.2004	26.0000	5.0990
74.2146	24.0000	4.8990
74.2289	20.0000	4.4721
74.2431	19.0000	4.3589
74.2574	20.0000	4.4721
74.2717	18.0000	4.2426
74.2859	19.0000	4.3589
74.3002	19.0000	4.3589
74.3144	15.0000	3.8730
74.3287	22.0000	4.6904
74.3430	23.0000	4.7958
74.3572	30.0000	5.4772
74.3715	21.0000	4.5826
74.3857	28.0000	5.2915
74.4000	21.0000	4.5826
74.4143	22.0000	4.6904
74.4285	21.0000	4.5826
74.4428	25.0000	5.0000
74.4570	23.0000	4.7958
74.4713	42.0000	6.4807
74.4855	26.0000	5.0990
74.4998	44.0000	6.6332
74.5141	34.0000	5.8310
74.5283	27.0000	5.1962
74.5426	21.0000	4.5826
74.5568	38.0000	6.1644
74.5711	31.0000	5.5678
74.5854	28.0000	5.2915
74.5996	34.0000	5.8310
74.6139	42.0000	6.4807
74.6281	38.0000	6.1644
74.6424	47.0000	6.8557
74.6567	47.0000	6.8557
74.6709	37.0000	6.0828
74.6852	37.0000	6.0828
74.6994	41.0000	6.4031
74.7137	43.0000	6.5574
74.7280	52.0000	7.2111
74.7422	49.0000	7.0000
74.7565	52.0000	7.2111
74.7707	43.0000	6.5574
74.7850	64.0000	8.0000
74.7993	58.0000	7.6158
74.8135	63.0000	7.9373
74.8278	57.0000	7.5498
74.8420	55.0000	7.4162
74.8563	60.0000	7.7460
74.8706	44.0000	6.6332
74.8848	61.0000	7.8102
74.8991	59.0000	7.6811
74.9133	65.0000	8.0623
74.9276	57.0000	7.5498
74.9419	58.0000	7.6158
74.9561	51.0000	7.1414
74.9704	54.0000	7.3485
74.9846	67.0000	8.1854
74.9989	65.0000	8.0623
75.0132	53.0000	7.2801
75.0274	67.0000	8.1854
75.0417	55.0000	7.4162
75.0559	59.0000	7.6811
75.0702	64.0000	8.0000
75.0844	62.0000	7.8740
75.0987	37.0000	6.0828
75.1130	49.0000	7.0000
75.1272	53.0000	7.2801
75.1415	52.0000	7.2111
75.1557	56.0000	7.4833
75.1700	39.0000	6.2450
75.1843	39.0000	6.2450
75.1985	50.0000	7.0711
75.2128	50.0000	7.0711
75.2270	50.0000	7.0711
75.2413	38.0000	6.1644
75.2556	44.0000	6.6332
75.2698	33.0000	5.7446
75.2841	35.0000	5.9161
75.2983	31.0000	5.5678
75.3126	41.0000	6.4031
75.3269	40.0000	6.3246
75.3411	34.0000	5.8310
75.3554	35.0000	5.9161
75.3696	30.0000	5.4772
75.3839	42.0000	6.4807
75.3982	29.0000	5.3852
75.4124	32.0000	5.6569
75.4267	39.0000	6.2450
75.4409	34.0000	5.8310
75.4552	37.0000	6.0828
75.4695	24.0000	4.8990
75.4837	27.0000	5.1962
75.4980	33.0000	5.7446
75.5122	34.0000	5.8310
75.5265	37.0000	6.0828
75.5408	40.0000	6.3246
75.5550	25.0000	5.0000
75.5693	35.0000	5.9161
75.5835	34.0000	5.8310
75.5978	29.0000	5.3852
75.6121	26.0000	5.0990
75.6263	35.0000	5.9161
75.6406	30.0000	5.4772
75.6548	34.0000	5.8310
75.6691	24.0000	4.8990
75.6833	32.0000	5.6569
75.6976	20.0000	4.4721
75.7119	27.0000	5.1962
75.7261	28.0000	5.2915
75.7404	27.0000	5.1962
75.7546	28.0000	5.2915
75.7689	34.0000	5.8310
75.7832	34.0000	5.8310
75.7974	32.0000	5.6569
75.8117	30.0000	5.4772
75.8259	22.0000	4.6904
75.8402	38.0000	6.1644
75.8545	32.0000	5.6569
75.8687	26.0000	5.0990
75.8830	26.0000	5.0990
75.8972	28.0000	5.2915
75.9115	14.0000	3.7417
75.9258	36.0000	6.0000
75.9400	28.0000	5.2915
75.9543	32.0000	5.6569
75.9685	31.0000	5.5678
75.9828	31.0000	5.5678
75.9971	24.0000	4.8990
76.0113	23.0000	4.7958
76.0256	24.0000	4.8990
76.0398	40.0000	6.3246
76.0541	22.0000	4.6904
76.0684	39.0000	6.2450
76.0826	35.0000	5.9161
76.0969	37.0000	6.0828
76.1111	26.0000	5.0990
76.1254	30.0000	5.4772
76.1397	36.0000	6.0000
76.1539	23.0000	4.7958
76.1682	33.0000	5.7446
76.1824	26.0000	5.0990
76.1967	32.0000	5.6569
76.2109	27.0000	5.1962
76.2252	27.0000	5.1962
76.2395	26.0000	5.0990
76.2537	22.0000	4.6904
76.2680	15.0000	3.8730
76.2822	34.0000	5.8310
76.2965	24.0000	4.8990
76.3108	22.0000	4.6904
76.3250	26.0000	5.0990
76.3393	18.0000	4.2426
76.3535	28.0000	5.2915
76.3678	22.0000	4.6904
76.3821	30.0000	5.4772
76.3963	22.0000	4.6904
76.4106	16.0000	4.0000
76.4248	17.0000	4.1231
76.4391	24.0000	4.8990
76.4534	23.0000	4.7958
76.4676	14.0000	3.7417
76.4819	23.0000	4.7958
76.4961	31.0000	5.5678
76.5104	23.0000	4.7958
76.5247	12.0000	3.4641
76.5389	21.0000	4.5826
76.5532	16.0000	4.0000
76.5674	22.0000	4.6904
76.5817	16.0000	4.0000
76.5960	18.0000	4.2426
76.6102	16.0000	4.0000
76.6245	25.0000	5.0000
76.6387	14.0000	3.7417
76.6530	9.0000	3.0000
76.6673	25.0000	5.0000
76.6815	18.0000	4.2426
76.6958	13.0000	3.6056
76.7100	19.0000	4.3589
76.7243	13.0000	3.6056
76.7386	30.0000	5.4772
76.7528	18.0000	4.2426
76.7671	7.0000	2.6458
76.7813	17.0000	4.1231
76.7956	12.0000	3.4641
76.8098	15.0000	3.8730
76.8241	18.0000	4.2426
76.8384	16.0000	4.0000
76.8526	20.0000	4.4721
76.8669	14.0000	3.7417
76.8811	19.0000	4.3589
76.8954	18.0000	4.2426
76.9097	16.0000	4.0000
76.9239	13.0000	3.6056
76.9382	19.0000	4.3589
76.9524	14.0000	3.7417
76.9667	16.0000	4.0000
76.9810	13.0000	3.6056
76.9952	12.0000	3.4641
77.0095	14.0000	3.7417
77.0237	20.0000	4.4721
77.0380	17.0000	4.1231
77.0523	17.0000	4.1231
77.0665	19.0000	4.3589
77.0808	18.0000	4.2426
77.0950	13.0000	3.6056
77.1093	14.0000	3.7417
77.1236	14.0000	3.7417
77.1378	15.0000	3.8730
77.1521	17.0000	4.1231
77.1663	17.0000	4.1231
77.1806	11.0000	3.3166
77.1949	23.0000	4.7958
77.2091	20.0000	4.4721
77.2234	16.0000	4.0000
77.2376	13.0000	3.6056
77.2519	12.0000	3.4641
77.2662	17.0000	4.1231
77.2804	22.0000	4.6904
77.2947	21.0000	4.5826
77.3089	17.0000	4.1231
77.3232	13.0000	3.6056
77.3374	17.0000	4.1231
77.3517	13.0000	3.6056
77.3660	16.0000	4.0000
77.3802	23.0000	4.7958
77.3945	10.0000	3.1623
77.4087	13.0000	3.6056
77.4230	10.0000	3.1623
77.4373	18.0000	4.2426
77.4515	14.0000	3.7417
77.4658	10.0000	3.1623
77.4800	14.0000	3.7417
77.4943	10.0000	3.1623
77.5086	14.0000	3.7417
77.5228	14.0000	3.7417
77.5371	13.0000	3.6056
77.5513	14.0000	3.7417
77.5656	17.0000	4.1231
77.5799	15.0000	3.8730
77.5941	18.0000	4.2426
77.6084	17.0000	4.1231
77.6226	17.0000	4.1231
77.6369	15.0000	3.8730
77.6512	8.0000	2.8284
77.6654	13.0000	3.6056
77.6797	17.0000	4.1231
77.6939	14.0000	3.7417
77.7082	19.0000	4.3589
77.7225	17.0000	4.1231
77.7367	13.0000	3.6056
77.7510	21.0000	4.5826
77.7652	17.0000	4.1231
77.7795	13.0000	3.6056
77.7938	13.0000	3.6056
77.8080	19.0000	4.3589
77.8223	12.0000	3.4641
77.8365	19.0000	4.3589
77.8508	18.0000	4.2426
77.8651	10.0000	3.1623
77.8793	15.0000	3.8730
77.8936	15.0000	3.8730
77.9078	15.0000	3.8730
77.9221	11.0000	3.3166
77.9363	13.0000	3.6056
77.9506	18.0000	4.2426
77.9649	12.0000	3.4641
77.9791	9.0000	3.0000
77.9934	18.0000	4.2426
78.0076	10.0000	3.1623
78.0219	8.0000	2.8284
78.0362	11.0000	3.3166
78.0504	17.0000	4.1231
78.0647	14.0000	3.7417
78.0789	14.0000	3.7417
78.0932	18.0000	4.2426
78.1075	13.0000	3.6056
78.1217	8.0000	2.8284
78.1360	15.0000	3.8730
78.1502	20.0000	4.4721
78.1645	13.0000	3.6056
78.1788	20.0000	4.4721
78.1930	8.0000	2.8284
78.2073	14.0000	3.7417
78.2215	12.0000	3.4641
78.2358	20.0000	4.4721
78.2501	18.0000	4.2426
78.2643	22.0000	4.6904
78.2786	11.0000	3.3166
78.2928	14.0000	3.7417
78.3071	11.0000	3.3166
78.3214	18.0000	4.2426
78.3356	14.0000	3.7417
78.3499	14.0000	3.7417
78.3641	20.0000	4.4721
78.3784	21.0000	4.5826
78.3927	11.0000	3.3166
78.4069	16.0000	4.0000
78.4212	13.0000	3.6056
78.4354	13.0000	3.6056
78.4497	10.0000	3.1623
78.4640	22.0000	4.6904
78.4782	19.0000	4.3589
78.4925	9.0000	3.0000
78.5067	9.0000	3.0000
78.5210	19.0000	4.3589
78.5352	15.0000	3.8730
78.5495	17.0000	4.1231
78.5638	19.0000	4.3589
78.5780	11.0000	3.3166
78.5923	10.0000	3.1623
78.6065	16.0000	4.0000
78.6208	13.0000	3.6056
78.6351	18.0000	4.2426
78.6493	17.0000	4.1231
78.6636	15.0000	3.8730
78.6778	13.0000	3.6056
78.6921	12.0000	3.4641
78.7064	14.0000	3.7417
78.7206	10.0000	3.1623
78.7349	9.0000	3.0000
78.7491	10.0000	3.1623
78.7634	17.0000	4.1231
78.7777	11.0000	3.3166
78.7919	11.0000	3.3166
78.8062	13.0000	3.6056
78.8204	18.0000	4.2426
78.8347	14.0000	3.7417
78.8490	13.0000	3.6056
78.8632	15.0000	3.8730
78.8775	11.0000	3.3166
78.8917	12.0000	3.4641
78.9060	17.0000	4.1231
78.9203	15.0000	3.8730
78.9345	10.0000	3.1623
78.9488	18.0000	4.2426
78.9630	13.0000	3.6056
78.9773	19.0000	4.3589
78.9916	14.0000	3.7417
79.0058	10.0000	3.1623
79.0201	11.0000	3.3166
79.0343	8.0000	2.8284
79.0486	10.0000	3.1623
79.0628	16.0000	4.0000
79.0771	14.0000	3.7417
79.0914	13.0000	3.6056
79.1056	13.0000	3.6056
79.1199	13.0000	3.6056
79.1341	8.0000	2.8284
79.1484	12.0000	3.4641
79.1627	23.0000	4.7958
79.1769	13.0000	3.6056
79.1912	14.0000	3.7417
79.2054	11.0000	3.3166
79.2197	14.0000	3.7417
79.2340	17.0000	4.1231
79.2482	20.0000	4.4721
79.2625	15.0000	3.8730
79.2767	13.0000	3.6056
79.2910	17.0000	4.1231
79.3053	23.0000	4.7958
79.3195	17.0000	4.1231
79.3338	18.0000	4.2426
79.3480	17.0000	4.1231
79.3623	15.0000	3.8730
79.3766	12.0000	3.4641
79.3908	15.0000	3.8730
79.4051	11.0000	3.3166
79.4193	18.0000	4.2426
79.4336	15.0000	3.8730
79.4479	14.0000	3.7417
79.4621	12.0000	3.4641
79.4764	13.0000	3.6056
79.4906	16.0000	4.0000
79.5049	11.0000	3.3166
79.5192	17.0000	4.1231
79.5334	8.0000	2.8284
79.5477	16.0000	4.0000
79.5619	15.0000	3.8730
79.5762	13.0000	3.6056
79.5905	10.0000	3.1623
79.6047	17.0000	4.1231
79.6190	12.0000	3.4641
79.6332	17.0000	4.1231
79.6475	19.0000	4.3589
79.6617	14.0000	3.7417
79.6760	11.0000	3.3166
79.6903	8.0000	2.8284
79.7045	12.0000	3.4641
79.7188	18.0000	4.2426
79.7330	15.0000	3.8730
79.7473	13.0000	3.6056
79.7616	11.0000	3.3166
79.7758	21.0000	4.5826
79.7901	9.0000	3.0000
79.8043	14.0000	3.7417
79.8186	12.0000	3.4641
79.8329	16.0000	4.0000
79.8471	23.0000	4.7958
79.8614	11.0000	3.3166
79.8756	10.0000	3.1623
79.8899	13.0000	3.6056
79.9042	16.0000	4.0000
79.9184	17.0000	4.1231
79.9327	20.0000	4.4721
79.9469	13.0000	3.6056
79.9612	14.0000	3.7417
79.9755	11.0000	3.3166
79.9897	13.0000	3.6056
80.0040	15.0000	3.8730
80.0182	15.0000	3.8730
80.0325	21.0000	4.5826
80.0468	12.0000	3.4641
80.0610	14.0000	3.7417
80.0753	15.0000	3.8730
80.0895	13.0000	3.6056
80.1038	23.0000	4.7958
80.1181	21.0000	4.5826
80.1323	11.0000	3.3166
80.1466	12.0000	3.4641
80.1608	12.0000	3.4641
80.1751	17.0000	4.1231
80.1893	16.0000	4.0000
80.2036	16.0000	4.0000
80.2179	9.0000	3.0000
80.2321	17.0000	4.1231
80.2464	19.0000	4.3589
80.2606	14.0000	3.7417
80.2749	17.0000	4.1231
80.2892	15.0000	3.8730
80.3034	17.0000	4.1231
80.3177	16.0000	4.0000
80.3319	13.0000	3.6056
80.3462	15.0000	3.8730
80.3605	19.0000	4.3589
80.3747	11.0000	3.3166
80.3890	19.0000	4.3589
80.4032	24.0000	4.8990
80.4175	7.0000	2.6458
80.4318	21.0000	4.5826
80.4460	18.0000	4.2426
80.4603	14.0000	3.7417
80.4745	10.0000	3.1623
80.4888	12.0000	3.4641
80.5031	10.0000	3.1623
80.5173	14.0000	3.7417
80.5316	14.0000	3.7417
80.5458	20.0000	4.4721
80.5601	15.0000	3.8730
80.5744	14.0000	3.7417
80.5886	17.0000	4.1231
80.6029	13.0000	3.6056
80.6171	22.0000	4.6904
80.6314	17.0000	4.1231
80.6457	13.0000	3.6056
80.6599	17.0000	4.1231
80.6742	15.0000	3.8730
80.6884	13.0000	3.6056
80.7027	17.0000	4.1231
80.7170	11.0000	3.3166
80.7312	14.0000	3.7417
80.7455	13.0000	3.6056
80.7597	16.0000	4.0000
80.7740	16.0000	4.0000
80.7882	20.0000	4.4721
80.8025	18.0000	4.2426
80.8168	15.0000	3.8730
80.8310	22.0000	4.6904
80.8453	11.0000	3.3166
80.8595	16.0000	4.0000
80.8738	18.0000	4.2426
80.8881	8.0000	2.8284
80.9023	17.0000	4.1231
80.9166	20.0000	4.4721
80.9308	24.0000	4.8990
80.9451	17.0000	4.1231
80.9594	16.0000	4.0000
80.9736	20.0000	4.4721
80.9879	17.0000	4.1231
81.0021	10.0000	3.1623
81.0164	9.0000	3.0000
81.0307	14.0000	3.7417
81.0449	18.0000	4.2426
81.0592	10.0000	3.1623
81.0734	13.0000	3.6056
81.0877	9.0000	3.0000
81.1020	17.0000	4.1231
81.1162	13.0000	3.6056
81.1305	15.0000	3.8730
81.1447	10.0000	3.1623
81.1590	14.0000	3.7417
81.1733	26.0000	5.0990
81.1875	16.0000	4.0000
81.2018	10.0000	3.1623
81.2160	17.0000	4.1231
81.2303	14.0000	3.7417
81.2446	21.0000	4.5826
81.2588	18.0000	4.2426
81.2731	20.0000	4.4721
81.2873	18.0000	4.2426
81.3016	17.0000	4.1231
81.3159	11.0000	3.3166
81.3301	11.0000	3.3166
81.3444	20.0000	4.4721
81.3586	22.0000	4.6904
81.3729	14.0000	3.7417
81.3871	8.0000	2.8284
81.4014	20.0000	4.4721
81.4157	15.0000	3.8730
81.4299	18.0000	4.2426
81.4442	14.0000	3.7417
81.4584	19.0000	4.3589
81.4727	13.0000	3.6056
81.4870	17.0000	4.1231
81.5012	18.0000	4.2426
81.5155	21.0000	4.5826
81.5297	14.0000	3.7417
81.5440	17.0000	4.1231
81.5583	21.0000	4.5826
81.5725	15.0000	3.8730
81.5868	17.0000	4.1231
81.6010	20.0000	4.4721
81.6153	14.0000	3.7417
81.6296	19.0000	4.3589
81.6438	17.0000	4.1231
81.6581	13.0000	3.6056
81.6723	15.0000	3.8730
81.6866	13.0000	3.6056
81.7009	25.0000	5.0000
81.7151	24.0000	4.8990
81.7294	17.0000	4.1231
81.7436	23.0000	4.7958
81.7579	13.0000	3.6056
81.7722	15.0000	3.8730
81.7864	21.0000	4.5826
81.8007	14.0000	3.7417
81.8149	23.0000	4.7958
81.8292	19.0000	4.3589
81.8435	15.0000	3.8730
81.8577	20.0000	4.4721
81.8720	19.0000	4.3589
81.8862	22.0000	4.6904
81.9005	19.0000	4.3589
81.9147	17.0000	4.1231
81.9290	16.0000	4.0000
81.9433	14.0000	3.7417
81.9575	29.0000	5.3852
81.9718	28.0000	5.2915
81.9860	22.0000	4.6904
82.0003	22.0000	4.6904
82.0146	22.0000	4.6904
82.0288	30.0000	5.4772
82.0431	18.0000	4.2426
82.0573	15.0000	3.8730
82.0716	24.0000	4.8990
82.0859	21.0000	4.5826
82.1001	26.0000	5.0990
82.1144	23.0000	4.7958
82.1286	24.0000	4.8990
82.1429	27.0000	5.1962
82.1572	22.0000	4.6904
82.1714	36.0000	6.0000
82.1857	23.0000	4.7958
82.1999	32.0000	5.6569
82.2142	29.0000	5.3852
82.2285	27.0000	5.1962
82.2427	28.0000	5.2915
82.2570	24.0000	4.8990
82.2712	20.0000	4.4721
82.2855	34.0000	5.8310
82.2998	20.0000	4.4721
82.3140	36.0000	6.0000
82.3283	29.0000	5.3852
82.3425	28.0000	5.2915
82.3568	47.0000	6.8557
82.3711	27.0000	5.1962
82.3853	29.0000	5.3852
82.3996	37.0000	6.0828
82.4138	44.0000	6.6332
82.4281	35.0000	5.9161
82.4424	33.0000	5.7446
82.4566	30.0000	5.4772
82.4709	49.0000	7.0000
82.4851	38.0000	6.1644
82.4994	33.0000	5.7446
82.5136	42.0000	6.4807
82.5279	52.0000	7.2111
82.5422	43.0000	6.5574
82.5564	32.0000	5.6569
82.5707	31.0000	5.5678
82.5849	31.0000	5.5678
82.5992	32.0000	5.6569
82.6135	29.0000	5.3852
82.6277	36.0000	6.0000
82.6420	30.0000	5.4772
82.6562	39.0000	6.2450
82.6705	45.0000	6.7082
82.6848	44.0000	6.6332
82.6990	37.0000	6.0828
82.7133	32.0000	5.6569
82.7275	42.0000	6.4807
82.7418	45.0000	6.7082
82.7561	31.0000	5.5678
82.7703	39.0000	6.2450
82.7846	32.0000	5.6569
82.7988	30.0000	5.4772
82.8131	45.0000	6.7082
82.8274	36.0000	6.0000
82.8416	37.0000	6.0828
82.8559	35.0000	5.9161
82.8701	34.0000	5.8310
82.8844	33.0000	5.7446
82.8987	35.0000	5.9161
82.9129	28.0000	5.2915
82.9272	26.0000	5.0990
82.9414	35.0000	5.9161
82.9557	38.0000	6.1644
82.9700	35.0000	5.9161
82.9842	40.0000	6.3246
82.9985	31.0000	5.5678
83.0127	31.0000	5.5678
83.0270	34.0000	5.8310
83.0412	31.0000	5.5678
83.0555	29.0000	5.3852
83.0698	29.0000	5.3852
83.0840	29.0000	5.3852
83.0983	35.0000	5.9161
83.1125	22.0000	4.6904
83.1268	32.0000	5.6569
83.1411	35.0000	5.9161
83.1553	27.0000	5.1962
83.1696	26.0000	5.0990
83.1838	23.0000	4.7958
83.1981	23.0000	4.7958
83.2124	37.0000	6.0828
83.2266	17.0000	4.1231
83.2409	24.0000	4.8990
83.2551	21.0000	4.5826
83.2694	28.0000	5.2915
83.2837	29.0000	5.3852
83.2979	17.0000	4.1231
83.3122	18.0000	4.2426
83.3264	22.0000	4.6904
83.3407	17.0000	4.1231
83.3550	23.0000	4.7958
83.3692	27.0000	5.1962
83.3835	17.0000	4.1231
83.3977	24.0000	4.8990
83.4120	28.0000	5.2915
83.4263	26.0000	5.0990
83.4405	19.0000	4.3589
83.4548	18.0000	4.2426
83.4690	13.0000	3.6056
83.4833	17.0000	4.1231
83.4976	18.0000	4.2426
83.5118	22.0000	4.6904
83.5261	13.0000	3.6056
83.5403	17.0000	4.1231
83.5546	20.0000	4.4721
83.5689	13.0000	3.6056
83.5831	21.0000	4.5826
83.5974	15.0000	3.8730
83.6116	25.0000	5.0000
83.6259	18.0000	4.2426
83.6401	18.0000	4.2426
83.6544	23.0000	4.7958
83.6687	18.0000	4.2426
83.6829	14.0000	3.7417
83.6972	15.0000	3.8730
83.7114	16.0000	4.0000
83.7257	11.0000	3.3166
83.7400	7.0000	2.6458
83.7542	15.0000	3.8730
83.7685	12.0000	3.4641
83.7827	13.0000	3.6056
83.7970	20.0000	4.4721
83.8113	12.0000	3.4641
83.8255	12.0000	3.4641
83.8398	20.0000	4.4721
83.8540	11.0000	3.3166
83.8683	21.0000	4.5826
83.8826	16.0000	4.0000
83.8968	16.0000	4.0000
83.9111	21.0000	4.5826
83.9253	12.0000	3.4641
83.9396	16.0000	4.0000
83.9539	22.0000	4.6904
83.9681	16.0000	4.0000
83.9824	7.0000	2.6458
83.9966	20.0000	4.4721
84.0109	13.0000	3.6056
84.0252	18.0000	4.2426
84.0394	17.0000	4.1231
84.0537	13.0000	3.6056
84.0679	15.0000	3.8730
84.0822	15.0000	3.8730
84.0965	14.0000	3.7417
84.1107	17.0000	4.1231
84.1250	12.0000	3.4641
84.1392	15.0000	3.8730
84.1535	22.0000	4.6904
84.1678	19.0000	4.3589
84.1820	19.0000	4.3589
84.1963	14.0000	3.7417
84.2105	16.0000	4.0000
84.2248	19.0000	4.3589
84.2390	14.0000	3.7417
84.2533	15.0000	3.8730
84.2676	18.0000	4.2426
84.2818	16.0000	4.0000
84.2961	16.0000	4.0000
84.3103	8.0000	2.8284
84.3246	15.0000	3.8730
84.3389	13.0000	3.6056
84.3531	9.0000	3.0000
84.3674	11.0000	3.3166
84.3816	19.0000	4.3589
84.3959	13.0000	3.6056
84.4102	16.0000	4.0000
84.4244	15.0000	3.8730
84.4387	9.0000	3.0000
84.4529	7.0000	2.6458
84.4672	14.0000	3.7417
84.4815	13.0000	3.6056
84.4957	11.0000	3.3166
84.5100	6.0000	2.4495
84.5242	15.0000	3.8730
84.5385	6.0000	2.4495
84.5528	14.0000	3.7417
84.5670	15.0000	3.8730
84.5813	13.0000	3.6056
84.5955	14.0000	3.7417
84.6098	19.0000	4.3589
84.6241	9.0000	3.0000
84.6383	10.0000	3.1623
84.6526	6.0000	2.4495
84.6668	16.0000	4.0000
84.6811	13.0000	3.6056
84.6954	10.0000	3.1623
84.7096	12.0000	3.4641
84.7239	9.0000	3.0000
84.7381	12.0000	3.4641
84.7524	17.0000	4.1231
84.7666	21.0000	4.5826
84.7809	14.0000	3.7417
84.7952	10.0000	3.1623
84.8094	13.0000	3.6056
84.8237	11.0000	3.3166
84.8379	19.0000	4.3589
84.8522	10.0000	3.1623
84.8665	9.0000	3.0000
84.8807	9.0000	3.0000
84.8950	16.0000	4.0000
84.9092	10.0000	3.1623
84.9235	10.0000	3.1623
84.9378	13.0000	3.6056
84.9520	19.0000	4.3589
84.9663	13.0000	3.6056
84.9805	13.0000	3.6056
84.9948	14.0000	3.7417
85.0091	8.0000	2.8284
85.0233	13.0000	3.6056
85.0376	11.0000	3.3166
85.0518	23.0000	4.7958
85.0661	11.0000	3.3166
85.0804	10.0000	3.1623
85.0946	21.0000	4.5826
85.1089	13.0000	3.6056
85.1231	12.0000	3.4641
85.1374	14.0000	3.7417
85.1517	11.0000	3.3166
85.1659	11.0000	3.3166
85.1802	18.0000	4.2426
85.1944	12.0000	3.4641
85.2087	19.0000	4.3589
85.2230	15.0000	3.8730
85.2372	17.0000	4.1231
85.2515	10.0000	3.1623
85.2657	11.0000	3.3166
85.2800	14.0000	3.7417
85.2943	12.0000	3.4641
85.3085	17.0000	4.1231
85.3228	14.0000	3.7417
85.3370	10.0000	3.1623
85.3513	13.0000	3.6056
85.3655	14.0000	3.7417
85.3798	9.0000	3.0000
85.3941	10.0000	3.1623
85.4083	19.0000	4.3589
85.4226	16.0000	4.0000
85.4368	16.0000	4.0000
85.4511	11.0000	3.3166
85.4654	5.0000	2.2361
85.4796	12.0000	3.4641
85.4939	20.0000	4.4721
85.5081	11.0000	3.3166
85.5224	15.0000	3.8730
85.5367	8.0000	2.8284
85.5509	18.0000	4.2426
85.5652	15.0000	3.8730
85.5794	12.0000	3.4641
85.5937	11.0000	3.3166
85.6080	16.0000	4.0000
85.6222	11.0000	3.3166
85.6365	13.0000	3.6056
85.6507	13.0000	3.6056
85.6650	10.0000	3.1623
85.6793	18.0000	4.2426
85.6935	11.0000	3.3166
85.7078	20.0000	4.4721
85.7220	11.0000	3.3166
85.7363	8.0000	2.8284
85.7506	11.0000	3.3166
85.7648	6.0000	2.4495
85.7791	11.0000	3.3166
85.7933	13.0000	3.6056
85.8076	16.0000	4.0000
85.8219	19.0000	4.3589
85.8361	12.0000	3.4641
85.8504	15.0000	3.8730
85.8646	15.0000	3.8730
85.8789	10.0000	3.1623
85.8931	21.0000	4.5826
85.9074	16.0000	4.0000
85.9217	17.0000	4.1231
85.9359	12.0000	3.4641
85.9502	12.0000	3.4641
85.9644	12.0000	3.4641
85.9787	15.0000	3.8730
85.9930	10.0000	3.1623
86.0072	13.0000	3.6056
86.0215	11.0000	3.3166
86.0357	11.0000	3.3166
86.0500	16.0000	4.0000
86.0643	10.0000	3.1623
86.0785	16.0000	4.0000
86.0928	11.0000	3.3166
86.1070	14.0000	3.7417
86.1213	9.0000	3.0000
86.1356	16.0000	4.0000
86.1498	9.0000	3.0000
86.1641	11.0000	3.3166
86.1783	18.0000	4.2426
86.1926	14.0000	3.7417
86.2069	15.0000	3.8730
86.2211	15.0000	3.8730
86.2354	13.0000	3.6056
86.2496	11.0000	3.3166
86.2639	12.0000	3.4641
86.2782	14.0000	3.7417
86.2924	18.0000	4.2426
86.3067	12.0000	3.4641
86.3209	8.0000	2.8284
86.3352	9.0000	3.0000
86.3495	22.0000	4.6904
86.3637	18.0000	4.2426
86.3780	16.0000	4.0000
86.3922	10.0000	3.1623
86.4065	13.0000	3.6056
86.4208	13.0000	3.6056
86.4350	12.0000	3.4641
86.4493	18.0000	4.2426
86.4635	12.0000	3.4641
86.4778	13.0000	3.6056
86.4920	4.0000	2.0000
86.5063	11.0000	3.3166
86.5206	17.0000	4.1231
86.5348	14.0000	3.7417
86.5491	11.0000	3.3166
86.5633	11.0000	3.3166
86.5776	8.0000	2.8284
86.5919	14.0000	3.7417
86.6061	8.0000	2.8284
86.6204	13.0000	3.6056
86.6346	11.0000	3.3166
86.6489	19.0000	4.3589
86.6632	14.0000	3.7417
86.6774	12.0000	3.4641
86.6917	10.0000	3.1623
86.7059	7.0000	2.6458
86.7202	11.0000	3.3166
86.7345	9.0000	3.0000
86.7487	9.0000	3.0000
86.7630	7.0000	2.6458
86.7772	19.0000	4.3589
86.7915	14.0000	3.7417
86.8058	10.0000	3.1623
86.8200	11.0000	3.3166
86.8343	13.0000	3.6056
86.8485	10.0000	3.1623
86.8628	14.0000	3.7417
86.8771	9.0000	3.0000
86.8913	11.0000	3.3166
86.9056	11.0000	3.3166
86.9198	9.0000	3.0000
86.9341	12.0000	3.4641
86.9484	8.0000	2.8284
86.9626	12.0000	3.4641
86.9769	8.0000	2.8284
86.9911	13.0000	3.6056
87.0054	14.0000	3.7417
87.0197	19.0000	4.3589
87.0339	8.0000	2.8284
87.0482	12.0000	3.4641
87.0624	21.0000	4.5826
87.0767	15.0000	3.8730
87.0909	16.0000	4.0000
87.1052	17.0000	4.1231
87.1195	7.0000	2.6458
87.1337	11.0000	3.3166
87.1480	10.0000	3.1623
87.1622	15.0000	3.8730
87.1765	17.0000	4.1231
87.1908	11.0000	3.3166
87.2050	13.0000	3.6056
87.2193	11.0000	3.3166
87.2335	16.0000	4.0000
87.2478	15.0000	3.8730
87.2621	21.0000	4.5826
87.2763	8.0000	2.8284
87.2906	12.0000	3.4641
87.3048	18.0000	4.2426
87.3191	19.0000	4.3589
87.3334	14.0000	3.7417
87.3476	10.0000	3.1623
87.3619	12.0000	3.4641
87.3761	11.0000	3.3166
87.3904	11.0000	3.3166
87.4047	11.0000	3.3166
87.4189	10.0000	3.1623
87.4332	14.0000	3.7417
87.4474	10.0000	3.1623
87.4617	14.0000	3.7417
87.4760	8.0000	2.8284
87.4902	14.0000	3.7417
87.5045	14.0000	3.7417
87.5187	12.0000	3.4641
87.5330	22.0000	4.6904
87.5473	16.0000	4.0000
87.5615	6.0000	2.4495
87.5758	14.0000	3.7417
87.5900	9.0000	3.0000
87.6043	20.0000	4.4721
87.6185	12.0000	3.4641
87.6328	12.0000	3.4641
87.6471	18.0000	4.2426
87.6613	13.0000	3.6056
87.6756	21.0000	4.5826
87.6898	14.0000	3.7417
87.7041	11.0000	3.3166
87.7184	9.0000	3.0000
87.7326	8.0000	2.8284
87.7469	12.0000	3.4641
87.7611	19.0000	4.3589
87.7754	14.0000	3.7417
87.7897	8.0000	2.8284
87.8039	18.0000	4.2426
87.8182	9.0000	3.0000
87.8324	8.0000	2.8284
87.8467	15.0000	3.8730
87.8610	13.0000	3.6056
87.8752	9.0000	3.0000
87.8895	9.0000	3.0000
87.9037	16.0000	4.0000
87.9180	14.0000	3.7417
87.9323	18.0000	4.2426
87.9465	9.0000	3.0000
87.9608	10.0000	3.1623
87.9750	10.0000	3.1623
87.9893	8.0000	2.8284
88.0036	11.0000	3.3166
88.0178	12.0000	3.4641
88.0321	13.0000	3.6056
88.0463	10.0000	3.1623
88.0606	16.0000	4.0000
88.0749	16.0000	4.0000
88.0891	8.0000	2.8284
88.1034	8.0000	2.8284
88.1176	17.0000	4.1231
88.1319	20.0000	4.4721
88.1462	12.0000	3.4641
88.1604	11.0000	3.3166
88.1747	16.0000	4.0000
88.1889	18.0000	4.2426
88.2032	14.0000	3.7417
88.2174	4.0000	2.0000
88.2317	11.0000	3.3166
88.2460	16.0000	4.0000
88.2602	17.0000	4.1231
88.2745	14.0000	3.7417
88.2887	9.0000	3.0000
88.3030	9.0000	3.0000
88.3173	4.0000	2.0000
88.3315	8.0000	2.8284
88.3458	5.0000	2.2361
88.3600	7.0000	2.6458
88.3743	11.0000	3.3166
88.3886	12.0000	3.4641
88.4028	9.0000	3.0000
88.4171	10.0000	3.1623
88.4313	13.0000	3.6056
88.4456	10.0000	3.1623
88.4599	13.0000	3.6056
88.4741	15.0000	3.8730
88.4884	6.0000	2.4495
88.5026	19.0000	4.3589
88.5169	9.0000	3.0000
88.5312	11.0000	3.3166
88.5454	7.0000	2.6458
88.5597	14.0000	3.7417
88.5739	12.0000	3.4641
88.5882	9.0000	3.0000
88.6025	12.0000	3.4641
88.6167	9.0000	3.0000
88.6310	15.0000	3.8730
88.6452	10.0000	3.1623
88.6595	12.0000	3.4641
88.6738	10.0000	3.1623
88.6880	13.0000	3.6056
88.7023	9.0000	3.0000
88.7165	17.0000	4.1231
88.7308	11.0000	3.3166
88.7450	14.0000	3.7417
88.7593	12.0000	3.4641
88.7736	9.0000	3.0000
88.7878	13.0000	3.6056
88.8021	13.0000	3.6056
88.8163	10.0000	3.1623
88.8306	9.0000	3.0000
88.8449	10.0000	3.1623
88.8591	12.0000	3.4641
88.8734	10.0000	3.1623
88.8876	11.0000	3.3166
88.9019	8.0000	2.8284
88.9162	8.0000	2.8284
88.9304	13.0000	3.6056
88.9447	12.0000	3.4641
88.9589	17.0000	4.1231
88.9732	11.0000	3.3166
88.9875	6.0000	2.4495
89.0017	15.0000	3.8730
89.0160	13.0000	3.6056
89.0302	13.0000	3.6056
89.0445	16.0000	4.0000
89.0588	13.0000	3.6056
89.0730	15.0000	3.8730
89.0873	12.0000	3.4641
89.1015	13.0000	3.6056
89.1158	8.0000	2.8284
89.1301	13.0000	3.6056
89.1443	13.0000	3.6056
89.1586	21.0000	4.5826
89.1728	16.0000	4.0000
89.1871	17.0000	4.1231
89.2014	13.0000	3.6056
89.2156	18.0000	4.2426
89.2299	6.0000	2.4495
89.2441	15.0000	3.8730
89.2584	15.0000	3.8730
89.2727	15.0000	3.8730
89.2869	20.0000	4.4721
89.3012	10.0000	3.1623
89.3154	13.0000	3.6056
89.3297	8.0000	2.8284
89.3439	11.0000	3.3166
89.3582	12.0000	3.4641
89.3725	17.0000	4.1231
89.3867	19.0000	4.3589
89.4010	24.0000	4.8990
89.4152	19.0000	4.3589
89.4295	14.0000	3.7417
89.4438	12.0000	3.4641
89.4580	14.0000	3.7417
89.4723	13.0000	3.6056
89.4865	16.0000	4.0000
89.5008	13.0000	3.6056
89.5151	24.0000	4.8990
89.5293	6.0000	2.4495
89.5436	19.0000	4.3589
89.5578	4.0000	2.0000
89.5721	17.0000	4.1231
89.5864	7.0000	2.6458
89.6006	17.0000	4.1231
89.6149	16.0000	4.0000
89.6291	11.0000	3.3166
89.6434	15.0000	3.8730
89.6577	10.0000	3.1623
89.6719	11.0000	3.3166
89.6862	8.0000	2.8284
89.7004	15.0000	3.8730
89.7147	13.0000	3.6056
89.7290	10.0000	3.1623
89.7432	11.0000	3.3166
89.7575	12.0000	3.4641
89.7717	16.0000	4.0000
89.7860	6.0000	2.4495
89.8003	12.0000	3.4641
89.8145	20.0000	4.4721
89.8288	9.0000	3.0000
89.8430	10.0000	3.1623
89.8573	14.0000	3.7417
89.8716	12.0000	3.4641
89.8858	17.0000	4.1231
89.9001	19.0000	4.3589
89.9143	8.0000	2.8284
89.9286	12.0000	3.4641
89.9428	10.0000	3.1623
89.9571	17.0000	4.1231
89.9714	17.0000	4.1231
89.9856	10.0000	3.1623
89.9999	10.0000	3.1623
90.0141	14.0000	3.7417
90.0284	11.0000	3.3166
90.0427	12.0000	3.4641
90.0569	10.0000	3.1623
90.0712	12.0000	3.4641
90.0854	13.0000	3.6056
90.0997	10.0000	3.1623
90.1140	8.0000	2.8284
90.1282	15.0000	3.8730
90.1425	8.0000	2.8284
90.1567	13.0000	3.6056
90.1710	12.0000	3.4641
90.1853	13.0000	3.6056
90.1995	10.0000	3.1623
90.2138	11.0000	3.3166
90.2280	14.0000	3.7417
90.2423	4.0000	2.0000
90.2566	13.0000	3.6056
90.2708	8.0000	2.8284
90.2851	14.0000	3.7417
90.2993	15.0000	3.8730
90.3136	18.0000	4.2426
90.3279	11.0000	3.3166
90.3421	13.0000	3.6056
90.3564	12.0000	3.4641
90.3706	12.0000	3.4641
90.3849	9.0000	3.0000
90.3992	17.0000	4.1231
90.4134	19.0000	4.3589
90.4277	9.0000	3.0000
90.4419	7.0000	2.6458
90.4562	16.0000	4.0000
90.4704	10.0000	3.1623
90.4847	22.0000	4.6904
90.4990	14.0000	3.7417
90.5132	15.0000	3.8730
90.5275	14.0000	3.7417
90.5417	9.0000	3.0000
90.5560	9.0000	3.0000
90.5703	21.0000	4.5826
90.5845	13.0000	3.6056
90.5988	21.0000	4.5826
90.6130	14.0000	3.7417
90.6273	16.0000	4.0000
90.6416	19.0000	4.3589
90.6558	10.0000	3.1623
90.6701	26.0000	5.0990
90.6843	15.0000	3.8730
90.6986	19.0000	4.3589
90.7129	7.0000	2.6458
90.7271	15.0000	3.8730
90.7414	15.0000	3.8730
90.7556	16.0000	4.0000
90.7699	14.0000	3.7417
90.7842	6.0000	2.4495
90.7984	14.0000	3.7417
90.8127	17.0000	4.1231
90.8269	18.0000	4.2426
90.8412	14.0000	3.7417
90.8555	6.0000	2.4495
90.8697	7.0000	2.6458
90.8840	7.0000	2.6458
90.8982	16.0000	4.0000
90.9125	19.0000	4.3589
90.9268	9.0000	3.0000
90.9410	11.0000	3.3166
90.9553	15.0000	3.8730
90.9695	17.0000	4.1231
90.9838	8.0000	2.8284
90.9981	10.0000	3.1623
91.0123	13.0000	3.6056
91.0266	12.0000	3.4641
91.0408	13.0000	3.6056
91.0551	11.0000	3.3166
91.0693	18.0000	4.2426
91.0836	21.0000	4.5826
91.0979	12.0000	3.4641
91.1121	7.0000	2.6458
91.1264	15.0000	3.8730
91.1406	17.0000	4.1231
91.1549	17.0000	4.1231
91.1692	18.0000	4.2426
91.1834	23.0000	4.7958
91.1977	16.0000	4.0000
91.2119	10.0000	3.1623
91.2262	10.0000	3.1623
91.2405	11.0000	3.3166
91.2547	11.0000	3.3166
91.2690	11.0000	3.3166
91.2832	13.0000	3.6056
91.2975	9.0000	3.0000
91.3118	11.0000	3.3166
91.3260	16.0000	4.0000
91.3403	9.0000	3.0000
91.3545	11.0000	3.3166
91.3688	11.0000	3.3166
91.3831	9.0000	3.0000
91.3973	14.0000	3.7417
91.4116	10.0000	3.1623
91.4258	13.0000	3.6056
91.4401	12.0000	3.4641
91.4544	11.0000	3.3166
91.4686	10.0000	3.1623
91.4829	12.0000	3.4641
91.4971	12.0000	3.4641
91.5114	12.0000	3.4641
91.5257	11.0000	3.3166
91.5399	15.0000	3.8730
91.5542	7.0000	2.6458
91.5684	8.0000	2.8284
91.5827	6.0000	2.4495
91.5969	10.0000	3.1623
91.6112	14.0000	3.7417
91.6255	8.0000	2.8284
91.6397	14.0000	3.7417
91.6540	13.0000	3.6056
91.6682	12.0000	3.4641
91.6825	13.0000	3.6056
91.6968	13.0000	3.6056
91.7110	19.0000	4.3589
91.7253	13.0000	3.6056
91.7395	8.0000	2.8284
91.7538	15.0000	3.8730
91.7681	15.0000	3.8730
91.7823	9.0000	3.0000
91.7966	13.0000	3.6056
91.8108	13.0000	3.6056
91.8251	11.0000	3.3166
91.8394	10.0000	3.1623
91.8536	7.0000	2.6458
91.8679	12.0000	3.4641
91.8821	18.0000	4.2426
91.8964	12.0000	3.4641
91.9107	6.0000	2.4495
91.9249	19.0000	4.3589
91.9392	14.0000	3.7417
91.9534	18.0000	4.2426
91.9677	12.0000	3.4641
91.9820	6.0000	2.4495
91.9962	16.0000	4.0000
92.0105	7.0000	2.6458
92.0247	11.0000	3.3166
92.0390	9.0000	3.0000
92.0533	11.0000	3.3166
92.0675	13.0000	3.6056
92.0818	14.0000	3.7417
92.0960	9.0000	3.0000
92.1103	12.0000	3.4641
92.1246	14.0000	3.7417
92.1388	10.0000	3.1623
92.1531	20.0000	4.4721
92.1673	8.0000	2.8284
92.1816	12.0000	3.4641
92.1958	13.0000	3.6056
92.2101	11.0000	3.3166
92.2244	15.0000	3.8730
92.2386	13.0000	3.6056
92.2529	18.0000	4.2426
92.2671	10.0000	3.1623
92.2814	10.0000	3.1623
92.2957	15.0000	3.8730
92.3099	13.0000	3.6056
92.3242	10.0000	3.1623
92.3384	13.0000	3.6056
92.3527	16.0000	4.0000
92.3670	13.0000	3.6056
92.3812	10.0000	3.1623
92.3955	6.0000	2.4495
92.4097	11.0000	3.3166
92.4240	9.0000	3.0000
92.4383	16.0000	4.0000
92.4525	9.0000	3.0000
92.4668	8.0000	2.8284
92.4810	9.0000	3.0000
92.4953	9.0000	3.0000
92.5096	16.0000	4.0000
92.5238	6.0000	2.4495
92.5381	12.0000	3.4641
92.5523	9.0000	3.0000
92.5666	18.0000	4.2426
92.5809	13.0000	3.6056
92.5951	14.0000	3.7417
92.6094	10.0000	3.1623
92.6236	10.0000	3.1623
92.6379	12.0000	3.4641
92.6522	10.0000	3.1623
92.6664	10.0000	3.1623
92.6807	12.0000	3.4641
92.6949	10.0000	3.1623
92.7092	8.0000	2.8284
92.7235	15.0000	3.8730
92.7377	14.0000	3.7417
92.7520	13.0000	3.6056
92.7662	11.0000	3.3166
92.7805	17.0000	4.1231
92.7947	9.0000	3.0000
92.8090	16.0000	4.0000
92.8233	8.0000	2.8284
92.8375	10.0000	3.1623
92.8518	14.0000	3.7417
92.8660	16.0000	4.0000
92.8803	11.0000	3.3166
92.8946	16.0000	4.0000
92.9088	13.0000	3.6056
92.9231	14.0000	3.7417
92.9373	13.0000	3.6056
92.9516	13.0000	3.6056
92.9659	23.0000	4.7958
92.9801	5.0000	2.2361
92.9944	11.0000	3.3166
93.0086	18.0000	4.2426
93.0229	16.0000	4.0000
93.0372	21.0000	4.5826
93.0514	17.0000	4.1231
93.0657	17.0000	4.1231
93.0799	13.0000	3.6056
93.0942	18.0000	4.2426
93.1085	27.0000	5.1962
93.1227	11.0000	3.3166
93.1370	15.0000	3.8730
93.1512	11.0000	3.3166
93.1655	15.0000	3.8730
93.1798	11.0000	3.3166
93.1940	12.0000	3.4641
93.2083	13.0000	3.6056
93.2225	11.0000	3.3166
93.2368	17.0000	4.1231
93.2511	15.0000	3.8730
93.2653	26.0000	5.0990
93.2796	21.0000	4.5826
93.2938	17.0000	4.1231
93.3081	13.0000	3.6056
93.3223	20.0000	4.4721
93.3366	17.0000	4.1231
93.3509	15.0000	3.8730
93.3651	18.0000	4.2426
93.3794	11.0000	3.3166
93.3936	14.0000	3.7417
93.4079	8.0000	2.8284
93.4222	14.0000	3.7417
93.4364	16.0000	4.0000
93.4507	19.0000	4.3589
93.4649	17.0000	4.1231
93.4792	8.0000	2.8284
93.4935	14.0000	3.7417
93.5077	13.0000	3.6056
93.5220	15.0000	3.8730
93.5362	19.0000	4.3589
93.5505	16.0000	4.0000
93.5648	10.0000	3.1623
93.5790	20.0000	4.4721
93.5933	17.0000	4.1231
93.6075	13.0000	3.6056
93.6218	11.0000	3.3166
93.6361	16.0000	4.0000
93.6503	12.0000	3.4641
93.6646	21.0000	4.5826
93.6788	13.0000	3.6056
93.6931	20.0000	4.4721
93.7074	10.0000	3.1623
93.7216	13.0000	3.6056
93.7359	16.0000	4.0000
93.7501	16.0000	4.0000
93.7644	15.0000	3.8730
93.7787	10.0000	3.1623
93.7929	16.0000	4.0000
93.8072	14.0000	3.7417
93.8214	11.0000	3.3166
93.8357	19.0000	4.3589
93.8500	20.0000	4.4721
93.8642	15.0000	3.8730
93.8785	10.0000	3.1623
93.8927	16.0000	4.0000
93.9070	17.0000	4.1231
93.9212	19.0000	4.3589
93.9355	22.0000	4.6904
93.9498	21.0000	4.5826
93.9640	24.0000	4.8990
93.9783	20.0000	4.4721
93.9925	16.0000	4.0000
94.0068	19.0000	4.3589
94.0211	26.0000	5.0990
94.0353	18.0000	4.2426
94.0496	25.0000	5.0000
94.0638	28.0000	5.2915
94.0781	22.0000	4.6904
94.0924	25.0000	5.0000
94.1066	22.0000	4.6904
94.1209	27.0000	5.1962
94.1351	14.0000	3.7417
94.1494	21.0000	4.5826
94.1637	28.0000	5.2915
94.1779	27.0000	5.1962
94.1922	22.0000	4.6904
94.2064	26.0000	5.0990
94.2207	22.0000	4.6904
94.2350	19.0000	4.3589
94.2492	21.0000	4.5826
94.2635	15.0000	3.8730
94.2777	21.0000	4.5826
94.2920	16.0000	4.0000
94.3063	11.0000	3.3166
94.3205	21.0000	4.5826
94.3348	30.0000	5.4772
94.3490	19.0000	4.3589
94.3633	25.0000	5.0000
94.3776	33.0000	5.7446
94.3918	21.0000	4.5826
94.4061	16.0000	4.0000
94.4203	17.0000	4.1231
94.4346	24.0000	4.8990
94.4488	17.0000	4.1231
94.4631	19.0000	4.3589
94.4774	20.0000	4.4721
94.4916	21.0000	4.5826
94.5059	18.0000	4.2426
94.5201	31.0000	5.5678
94.5344	28.0000	5.2915
94.5487	16.0000	4.0000
94.5629	18.0000	4.2426
94.5772	18.0000	4.2426
94.5914	17.0000	4.1231
94.6057	25.0000	5.0000
94.6200	20.0000	4.4721
94.6342	21.0000	4.5826
94.6485	16.0000	4.0000
94.6627	29.0000	5.3852
94.6770	18.0000	4.2426
94.6913	17.0000	4.1231
94.7055	30.0000	5.4772
94.7198	18.0000	4.2426
94.7340	22.0000	4.6904
94.7483	15.0000	3.8730
94.7626	23.0000	4.7958
94.7768	23.0000	4.7958
94.7911	27.0000	5.1962
94.8053	22.0000	4.6904
94.8196	32.0000	5.6569
94.8339	33.0000	5.7446
94.8481	17.0000	4.1231
94.8624	23.0000	4.7958
94.8766	22.0000	4.6904
94.8909	25.0000	5.0000
94.9052	28.0000	5.2915
94.9194	15.0000	3.8730
94.9337	36.0000	6.0000
94.9479	23.0000	4.7958
94.9622	28.0000	5.2915
94.9765	30.0000	5.4772
94.9907	32.0000	5.6569
95.0050	21.0000	4.5826
95.0192	30.0000	5.4772
95.0335	27.0000	5.1962
95.0477	21.0000	4.5826
95.0620	23.0000	4.7958
95.0763	32.0000	5.6569
95.0905	29.0000	5.3852
95.1048	18.0000	4.2426
95.1190	30.0000	5.4772
95.1333	24.0000	4.8990
95.1476	19.0000	4.3589
95.1618	23.0000	4.7958
95.1761	23.0000	4.7958
95.1903	13.0000	3.6056
95.2046	16.0000	4.0000
95.2189	17.0000	4.1231
95.2331	31.0000	5.5678
95.2474	24.0000	4.8990
95.2616	17.0000	4.1231
95.2759	16.0000	4.0000
95.2902	28.0000	5.2915
95.3044	28.0000	5.2915
95.3187	20.0000	4.4721
95.3329	23.0000	4.7958
95.3472	23.0000	4.7958
95.3615	20.0000	4.4721
95.3757	23.0000	4.7958
95.3900	21.0000	4.5826
95.4042	22.0000	4.6904
95.4185	24.0000	4.8990
95.4328	23.0000	4.7958
95.4470	23.0000	4.7958
95.4613	21.0000	4.5826
95.4755	22.0000	4.6904
95.4898	19.0000	4.3589
95.5041	15.0000	3.8730
95.5183	29.0000	5.3852
95.5326	12.0000	3.4641
95.5468	26.0000	5.0990
95.5611	18.0000	4.2426
95.5754	12.0000	3.4641
95.5896	23.0000	4.7958
95.6039	10.0000	3.1623
95.6181	21.0000	4.5826
95.6324	20.0000	4.4721
95.6466	20.0000	4.4721
95.6609	21.0000	4.5826
95.6752	19.0000	4.3589
95.6894	11.0000	3.3166
95.7037	19.0000	4.3589
95.7179	19.0000	4.3589
95.7322	20.0000	4.4721
95.7465	14.0000	3.7417
95.7607	16.0000	4.0000
95.7750	18.0000	4.2426
95.7892	20.0000	4.4721
95.8035	24.0000	4.8990
95.8178	18.0000	4.2426
95.8320	16.0000	4.0000
95.8463	13.0000	3.6056
95.8605	16.0000	4.0000
95.8748	20.0000	4.4721
95.8891	21.0000	4.5826
95.9033	18.0000	4.2426
95.9176	10.0000	3.1623
95.9318	15.0000	3.8730
95.9461	25.0000	5.0000
95.9604	20.0000	4.4721
95.9746	17.0000	4.1231
95.9889	18.0000	4.2426
96.0031	17.0000	4.1231
96.0174	9.0000	3.0000
96.0317	11.0000	3.3166
96.0459	14.0000	3.7417
96.0602	16.0000	4.0000
96.0744	13.0000	3.6056
96.0887	28.0000	5.2915
96.1030	12.0000	3.4641
96.1172	8.0000	2.8284
96.1315	20.0000	4.4721
96.1457	14.0000	3.7417
96.1600	16.0000	4.0000
96.1742	12.0000	3.4641
96.1885	12.0000	3.4641
96.2028	12.0000	3.4641
96.2170	15.0000	3.8730
96.2313	13.0000	3.6056
96.2455	15.0000	3.8730
96.2598	15.0000	3.8730
96.2741	15.0000	3.8730
96.2883	11.0000	3.3166
96.3026	13.0000	3.6056
96.3168	20.0000	4.4721
96.3311	19.0000	4.3589
96.3454	10.0000	3.1623
96.3596	13.0000	3.6056
96.3739	12.0000	3.4641
96.3881	12.0000	3.4641
96.4024	17.0000	4.1231
96.4167	10.0000	3.1623
96.4309	17.0000	4.1231
96.4452	17.0000	4.1231
96.4594	19.0000	4.3589
96.4737	10.0000	3.1623
96.4880	7.0000	2.6458
96.5022	8.0000	2.8284
96.5165	10.0000	3.1623
96.5307	12.0000	3.4641
96.5450	16.0000	4.0000
96.5593	14.0000	3.7417
96.5735	12.0000	3.4641
96.5878	15.0000	3.8730
96.6020	17.0000	4.1231
96.6163	14.0000	3.7417
96.6306	17.0000	4.1231
96.6448	12.0000	3.4641
96.6591	11.0000	3.3166
96.6733	6.0000	2.4495
96.6876	9.0000	3.0000
96.7019	10.0000	3.1623
96.7161	23.0000	4.7958
96.7304	13.0000	3.6056
96.7446	15.0000	3.8730
96.7589	13.0000	3.6056
96.7731	12.0000	3.4641
96.7874	15.0000	3.8730
96.8017	18.0000	4.2426
96.8159	20.0000	4.4721
96.8302	14.0000	3.7417
96.8444	7.0000	2.6458
96.8587	9.0000	3.0000
96.8730	21.0000	4.5826
96.8872	18.0000	4.2426
96.9015	16.0000	4.0000
96.9157	18.0000	4.2426
96.9300	10.0000	3.1623
96.9443	15.0000	3.8730
96.9585	13.0000	3.6056
96.9728	10.0000	3.1623
96.9870	11.0000	3.3166
97.0013	15.0000	3.8730
97.0156	16.0000	4.0000
97.0298	17.0000	4.1231
97.0441	11.0000	3.3166
97.0583	9.0000	3.0000
97.0726	11.0000	3.3166
97.0869	20.0000	4.4721
97.1011	15.0000	3.8730
97.1154	16.0000	4.0000
97.1296	12.0000	3.4641
97.1439	17.0000	4.1231
97.1582	12.0000	3.4641
97.1724	13.0000	3.6056
97.1867	14.0000	3.7417
97.2009	10.0000	3.1623
97.2152	14.0000	3.7417
97.2295	11.0000	3.3166
97.2437	11.0000	3.3166
97.2580	14.0000	3.7417
97.2722	7.0000	2.6458
97.2865	15.0000	3.8730
97.3007	10.0000	3.1623
97.3150	16.0000	4.0000
97.3293	17.0000	4.1231
97.3435	14.0000	3.7417
97.3578	12.0000	3.4641
97.3720	15.0000	3.8730
97.3863	13.0000	3.6056
97.4006	12.0000	3.4641
97.4148	10.0000	3.1623
97.4291	4.0000	2.0000
97.4433	11.0000	3.3166
97.4576	10.0000	3.1623
97.4719	9.0000	3.0000
97.4861	14.0000	3.7417
97.5004	17.0000	4.1231
97.5146	14.0000	3.7417
97.5289	12.0000	3.4641
97.5432	16.0000	4.0000
97.5574	8.0000	2.8284
97.5717	14.0000	3.7417
97.5859	15.0000	3.8730
97.6002	18.0000	4.2426
97.6145	9.0000	3.0000
97.6287	11.0000	3.3166
97.6430	12.0000	3.4641
97.6572	13.0000	3.6056
97.6715	11.0000	3.3166
97.6858	15.0000	3.8730
97.7000	17.0000	4.1231
97.7143	19.0000	4.3589
97.7285	10.0000	3.1623
97.7428	10.0000	3.1623
97.7571	9.0000	3.0000
97.7713	17.0000	4.1231
97.7856	19.0000	4.3589
97.7998	15.0000	3.8730
97.8141	10.0000	3.1623
97.8284	19.0000	4.3589
97.8426	13.0000	3.6056
97.8569	11.0000	3.3166
97.8711	17.0000	4.1231
97.8854	16.0000	4.0000
97.8996	20.0000	4.4721
97.9139	17.0000	4.1231
97.9282	20.0000	4.4721
97.9424	19.0000	4.3589
97.9567	19.0000	4.3589
97.9709	16.0000	4.0000
97.9852	16.0000	4.0000
97.9995	16.0000	4.0000
98.0137	21.0000	4.5826
98.0280	23.0000	4.7958
98.0422	29.0000	5.3852
98.0565	22.0000	4.6904
98.0708	21.0000	4.5826
98.0850	20.0000	4.4721
98.0993	22.0000	4.6904
98.1135	18.0000	4.2426
98.1278	17.0000	4.1231
98.1421	23.0000	4.7958
98.1563	16.0000	4.0000
98.1706	18.0000	4.2426
98.1848	29.0000	5.3852
98.1991	20.0000	4.4721
98.2134	16.0000	4.0000
98.2276	15.0000	3.8730
98.2419	19.0000	4.3589
98.2561	17.0000	4.1231
98.2704	19.0000	4.3589
98.2847	27.0000	5.1962
98.2989	11.0000	3.3166
98.3132	20.0000	4.4721
98.3274	14.0000	3.7417
98.3417	27.0000	5.1962
98.3560	7.0000	2.6458
98.3702	19.0000	4.3589
98.3845	20.0000	4.4721
98.3987	12.0000	3.4641
98.4130	14.0000	3.7417
98.4273	17.0000	4.1231
98.4415	21.0000	4.5826
98.4558	17.0000	4.1231
98.4700	13.0000	3.6056
98.4843	16.0000	4.0000
98.4985	13.0000	3.6056
98.5128	18.0000	4.2426
98.5271	14.0000	3.7417
98.5413	15.0000	3.8730
98.5556	16.0000	4.0000
98.5698	19.0000	4.3589
98.5841	23.0000	4.7958
98.5984	17.0000	4.1231
98.6126	7.0000	2.6458
98.6269	18.0000	4.2426
98.6411	17.0000	4.1231
98.6554	11.0000	3.3166
98.6697	20.0000	4.4721
98.6839	16.0000	4.0000
98.6982	10.0000	3.1623
98.7124	19.0000	4.3589
98.7267	17.0000	4.1231
98.7410	28.0000	5.2915
98.7552	13.0000	3.6056
98.7695	14.0000	3.7417
98.7837	15.0000	3.8730
98.7980	12.0000	3.4641
98.8123	20.0000	4.4721
98.8265	14.0000	3.7417
98.8408	16.0000	4.0000
98.8550	11.0000	3.3166
98.8693	15.0000	3.8730
98.8836	15.0000	3.8730
98.8978	9.0000	3.0000
98.9121	14.0000	3.7417
98.9263	11.0000	3.3166
98.9406	8.0000	2.8284
98.9549	8.0000	2.8284
98.9691	12.0000	3.4641
98.9834	14.0000	3.7417
98.9976	14.0000	3.7417
99.0119	11.0000	3.3166
99.0261	16.0000	4.0000
99.0404	12.0000	3.4641
99.0547	16.0000	4.0000
99.0689	14.0000	3.7417
99.0832	11.0000	3.3166
99.0974	18.0000	4.2426
99.1117	22.0000	4.6904
99.1260	8.0000	2.8284
99.1402	14.0000	3.7417
99.1545	16.0000	4.0000
99.1687	16.0000	4.0000
99.1830	10.0000	3.1623
99.1973	9.0000	3.0000
99.2115	20.0000	4.4721
99.2258	13.0000	3.6056
99.2400	14.0000	3.7417
99.2543	12.0000	3.4641
99.2686	13.0000	3.6056
99.2828	15.0000	3.8730
99.2971	20.0000	4.4721
99.3113	14.0000	3.7417
99.3256	14.0000	3.7417
99.3399	10.0000	3.1623
99.3541	12.0000	3.4641
99.3684	20.0000	4.4721
99.3826	9.0000	3.0000
99.3969	19.0000	4.3589
99.4112	17.0000	4.1231
99.4254	10.0000	3.1623
99.4397	13.0000	3.6056
99.4539	18.0000	4.2426
99.4682	11.0000	3.3166
99.4825	20.0000	4.4721
99.4967	14.0000	3.7417
99.5110	15.0000	3.8730
99.5252	9.0000	3.0000
99.5395	7.0000	2.6458
99.5538	18.0000	4.2426
99.5680	17.0000	4.1231
99.5823	7.0000	2.6458
99.5965	14.0000	3.7417
99.6108	20.0000	4.4721
99.6250	17.0000	4.1231
99.6393	17.0000	4.1231
99.6536	16.0000	4.0000
99.6678	14.0000	3.7417
99.6821	15.0000	3.8730
99.6963	8.0000	2.8284
99.7106	15.0000	3.8730
99.7249	21.0000	4.5826
99.7391	16.0000	4.0000
99.7534	8.0000	2.8284
99.7676	20.0000	4.4721
99.7819	29.0000	5.3852
99.7962	14.0000	3.7417
99.8104	18.0000	4.2426
99.8247	18.0000	4.2426
99.8389	16.0000	4.0000
99.8532	20.0000	4.4721
99.8675	13.0000	3.6056
99.8817	10.0000	3.1623
99.8960	23.0000	4.7958
99.9102	17.0000	4.1231
99.9245	15.0000	3.8730
99.9388	15.0000	3.8730
99.9530	19.0000	4.3589
99.9673	9.0000	3.0000
99.9815	16.0000	4.0000
99.9958	15.0000	3.8730
100.0101	14.0000	3.7417
100.0243	15.0000	3.8730
100.0386	17.0000	4.1231
100.0528	18.0000	4.2426
100.0671	16.0000	4.0000
100.0814	14.0000	3.7417
100.0956	18.0000	4.2426
100.1099	10.0000	3.1623
100.1241	13.0000	3.6056
100.1384	17.0000	4.1231
100.1526	16.0000	4.0000
100.1669	9.0000	3.0000
100.1812	21.0000	4.5826
100.1954	9.0000	3.0000
100.2097	9.0000	3.0000
100.2239	23.0000	4.7958
100.2382	17.0000	4.1231
100.2525	20.0000	4.4721
100.2667	12.0000	3.4641
100.2810	18.0000	4.2426
100.2952	20.0000	4.4721
100.3095	13.0000	3.6056
100.3238	16.0000	4.0000
100.3380	5.0000	2.2361
100.3523	14.0000	3.7417
100.3665	19.0000	4.3589
100.3808	17.0000	4.1231
100.3951	10.0000	3.1623
100.4093	10.0000	3.1623
100.4236	13.0000	3.6056
100.4378	18.0000	4.2426
100.4521	12.0000	3.4641
100.4664	9.0000	3.0000
100.4806	15.0000	3.8730
100.4949	9.0000	3.0000
100.5091	16.0000	4.0000
100.5234	21.0000	4.5826
100.5377	13.0000	3.6056
100.5519	14.0000	3.7417
100.5662	13.0000	3.6056
100.5804	17.0000	4.1231
100.5947	14.0000	3.7417
100.6090	17.0000	4.1231
100.6232	14.0000	3.7417
100.6375	12.0000	3.4641
100.6517	15.0000	3.8730
100.6660	15.0000	3.8730
100.6803	15.0000	3.8730
100.6945	16.0000	4.0000
100.7088	13.0000	3.6056
100.7230	16.0000	4.0000
100.7373	11.0000	3.3166
100.7515	19.0000	4.3589
100.7658	12.0000	3.4641
100.7801	17.0000	4.1231
100.7943	6.0000	2.4495
100.8086	20.0000	4.4721
100.8228	13.0000	3.6056
100.8371	10.0000	3.1623
100.8514	13.0000	3.6056
100.8656	13.0000	3.6056
100.8799	14.0000	3.7417
100.8941	9.0000	3.0000
100.9084	9.0000	3.0000
100.9227	11.0000	3.3166
100.9369	17.0000	4.1231
100.9512	20.0000	4.4721
100.9654	22.0000	4.6904
100.9797	17.0000	4.1231
100.9940	13.0000	3.6056
101.0082	15.0000	3.8730
101.0225	16.0000	4.0000
101.0367	9.0000	3.0000
101.0510	14.0000	3.7417
101.0653	15.0000	3.8730
101.0795	10.0000	3.1623
101.0938	16.0000	4.0000
101.1080	12.0000	3.4641
101.1223	20.0000	4.4721
101.1366	12.0000	3.4641
101.1508	16.0000	4.0000
101.1651	15.0000	3.8730
101.1793	20.0000	4.4721
101.1936	9.0000	3.0000
101.2079	20.0000	4.4721
101.2221	13.0000	3.6056
101.2364	8.0000	2.8284
101.2506	14.0000	3.7417
101.2649	13.0000	3.6056
101.2792	14.0000	3.7417
101.2934	7.0000	2.6458
101.3077	11.0000	3.3166
101.3219	17.0000	4.1231
101.3362	18.0000	4.2426
101.3504	13.0000	3.6056
101.3647	11.0000	3.3166
101.3790	15.0000	3.8730
101.3932	13.0000	3.6056
101.4075	16.0000	4.0000
101.4217	13.0000	3.6056
101.4360	12.0000	3.4641
101.4503	9.0000	3.0000
101.4645	10.0000	3.1623
101.4788	12.0000	3.4641
101.4930	14.0000	3.7417
101.5073	11.0000	3.3166
101.5216	14.0000	3.7417
101.5358	21.0000	4.5826
101.5501	17.0000	4.1231
101.5643	12.0000	3.4641
101.5786	13.0000	3.6056
101.5929	16.0000	4.0000
101.6071	12.0000	3.4641
101.6214	11.0000	3.3166
101.6356	11.0000	3.3166
101.6499	11.0000	3.3166
101.6642	12.0000	3.4641
101.6784	15.0000	3.8730
101.6927	18.0000	4.2426
101.7069	15.0000	3.8730
101.7212	13.0000	3.6056
101.7355	12.0000	3.4641
101.7497	15.0000	3.8730
101.7640	6.0000	2.4495
101.7782	11.0000	3.3166
101.7925	12.0000	3.4641
101.8068	7.0000	2.6458
101.8210	18.0000	4.2426
101.8353	15.0000	3.8730
101.8495	10.0000	3.1623
101.8638	14.0000	3.7417
101.8780	11.0000	3.3166
101.8923	16.0000	4.0000
101.9066	9.0000	3.0000
101.9208	13.0000	3.6056
101.9351	19.0000	4.3589
101.9493	11.0000	3.3166
101.9636	13.0000	3.6056
101.9779	14.0000	3.7417
101.9921	17.0000	4.1231
102.0064	13.0000	3.6056
102.0206	12.0000	3.4641
102.0349	9.0000	3.0000
102.0492	13.0000	3.6056
102.0634	18.0000	4.2426
102.0777	6.0000	2.4495
102.0919	10.0000	3.1623
102.1062	16.0000	4.0000
102.1205	14.0000	3.7417
102.1347	9.0000	3.0000
102.1490	12.0000	3.4641
102.1632	15.0000	3.8730
102.1775	17.0000	4.1231
102.1918	12.0000	3.4641
102.2060	16.0000	4.0000
102.2203	17.0000	4.1231
102.2345	7.0000	2.6458
102.2488	14.0000	3.7417
102.2631	9.0000	3.0000
102.2773	17.0000	4.1231
102.2916	8.0000	2.8284
102.3058	10.0000	3.1623
102.3201	13.0000	3.6056
102.3344	10.0000	3.1623
102.3486	15.0000	3.8730
102.3629	13.0000	3.6056
102.3771	11.0000	3.3166
102.3914	16.0000	4.0000
102.4057	9.0000	3.0000
102.4199	8.0000	2.8284
102.4342	15.0000	3.8730
102.4484	15.0000	3.8730
102.4627	10.0000	3.1623
102.4769	8.0000	2.8284
102.4912	16.0000	4.0000
102.5055	15.0000	3.8730
102.5197	11.0000	3.3166
102.5340	10.0000	3.1623
102.5482	15.0000	3.8730
102.5625	9.0000	3.0000
102.5768	14.0000	3.7417
102.5910	12.0000	3.4641
102.6053	7.0000	2.6458
102.6195	8.0000	2.8284
102.6338	7.0000	2.6458
102.6481	8.0000	2.8284
102.6623	14.0000	3.7417
102.6766	9.0000	3.0000
102.6908	6.0000	2.4495
102.7051	11.0000	3.3166
102.7194	7.0000	2.6458
102.7336	14.0000	3.7417
102.7479	10.0000	3.1623
102.7621	9.0000	3.0000
102.7764	9.0000	3.0000
102.7907	9.0000	3.0000
102.8049	13.0000	3.6056
102.8192	18.0000	4.2426
102.8334	19.0000	4.3589
102.8477	11.0000	3.3166
102.8620	13.0000	3.6056
102.8762	10.0000	3.1623
102.8905	11.0000	3.3166
102.9047	7.0000	2.6458
102.9190	10.0000	3.1623
102.9333	10.0000	3.1623
102.9475	9.0000	3.0000
102.9618	9.0000	3.0000
102.9760	11.0000	3.3166
102.9903	14.0000	3.7417
103.0045	8.0000	2.8284
103.0188	8.0000	2.8284
103.0331	12.0000	3.4641
103.0473	14.0000	3.7417
103.0616	11.0000	3.3166
103.0758	12.0000	3.4641
103.0901	9.0000	3.0000
103.1044	8.0000	2.8284
103.1186	12.0000	3.4641
103.1329	12.0000	3.4641
103.1471	10.0000	3.1623
103.1614	13.0000	3.6056
103.1757	11.0000	3.3166
103.1899	11.0000	3.3166
103.2042	18.0000	4.2426
103.2184	8.0000	2.8284
103.2327	17.0000	4.1231
103.2470	15.0000	3.8730
103.2612	8.0000	2.8284
103.2755	14.0000	3.7417
103.2897	12.0000	3.4641
103.3040	19.0000	4.3589
103.3183	14.0000	3.7417
103.3325	14.0000	3.7417
103.3468	10.0000	3.1623
103.3610	12.0000	3.4641
103.3753	17.0000	4.1231
103.3896	9.0000	3.0000
103.4038	12.0000	3.4641
103.4181	8.0000	2.8284
103.4323	16.0000	4.0000
103.4466	10.0000	3.1623
103.4609	23.0000	4.7958
103.4751	7.0000	2.6458
103.4894	14.0000	3.7417
103.5036	7.0000	2.6458
103.5179	9.0000	3.0000
103.5322	11.0000	3.3166
103.5464	12.0000	3.4641
103.5607	17.0000	4.1231
103.5749	13.0000	3.6056
103.5892	7.0000	2.6458
103.6034	8.0000	2.8284
103.6177	11.0000	3.3166
103.6320	11.0000	3.3166
103.6462	12.0000	3.4641
103.6605	15.0000	3.8730
103.6747	16.0000	4.0000
103.6890	10.0000	3.1623
103.7033	12.0000	3.4641
103.7175	8.0000	2.8284
103.7318	10.0000	3.1623
103.7460	6.0000	2.4495
103.7603	15.0000	3.8730
103.7746	14.0000	3.7417
103.7888	11.0000	3.3166
103.8031	6.0000	2.4495
103.8173	18.0000	4.2426
103.8316	10.0000	3.1623
103.8459	13.0000	3.6056
103.8601	17.0000	4.1231
103.8744	13.0000	3.6056
103.8886	10.0000	3.1623
103.9029	10.0000	3.1623
103.9172	19.0000	4.3589
103.9314	13.0000	3.6056
103.9457	7.0000	2.6458
103.9599	18.0000	4.2426
103.9742	15.0000	3.8730
103.9885	14.0000	3.7417
104.0027	15.0000	3.8730
104.0170	10.0000	3.1623
104.0312	12.0000	3.4641
104.0455	14.0000	3.7417
104.0598	13.0000	3.6056
104.0740	13.0000	3.6056
104.0883	8.0000	2.8284
104.1025	15.0000	3.8730
104.1168	16.0000	4.0000
104.1311	11.0000	3.3166
104.1453	19.0000	4.3589
104.1596	13.0000	3.6056
104.1738	14.0000	3.7417
104.1881	15.0000	3.8730
104.2023	10.0000	3.1623
104.2166	11.0000	3.3166
104.2309	9.0000	3.0000
104.2451	12.0000	3.4641
104.2594	19.0000	4.3589
104.2736	9.0000	3.0000
104.2879	16.0000	4.0000
104.3022	14.0000	3.7417
104.3164	10.0000	3.1623
104.3307	16.0000	4.0000
104.3449	15.0000	3.8730
104.3592	17.0000	4.1231
104.3735	10.0000	3.1623
104.3877	13.0000	3.6056
104.4020	8.0000	2.8284
104.4162	12.0000	3.4641
104.4305	20.0000	4.4721
104.4448	15.0000	3.8730
104.4590	13.0000	3.6056
104.4733	12.0000	3.4641
104.4875	22.0000	4.6904
104.5018	6.0000	2.4495
104.5161	13.0000	3.6056
104.5303	16.0000	4.0000
104.5446	9.0000	3.0000
104.5588	13.0000	3.6056
104.5731	13.0000	3.6056
104.5874	13.0000	3.6056
104.6016	16.0000	4.0000
104.6159	11.0000	3.3166
104.6301	16.0000	4.0000
104.6444	8.0000	2.8284
104.6587	12.0000	3.4641
104.6729	20.0000	4.4721
104.6872	7.0000	2.6458
104.7014	11.0000	3.3166
104.7157	16.0000	4.0000
104.7299	13.0000	3.6056
104.7442	18.0000	4.2426
104.7585	20.0000	4.4721
104.7727	14.0000	3.7417
104.7870	19.0000	4.3589
104.8012	16.0000	4.0000
104.8155	13.0000	3.6056
104.8298	13.0000	3.6056
104.8440	14.0000	3.7417
104.8583	15.0000	3.8730
104.8725	12.0000	3.4641
104.8868	6.0000	2.4495
104.9011	10.0000	3.1623
104.9153	5.0000	2.2361
104.9296	11.0000	3.3166
104.9438	8.0000	2.8284
104.9581	14.0000	3.7417
104.9724	11.0000	3.3166
104.9866	11.0000	3.3166
105.0009	11.0000	3.3166
105.0151	20.0000	4.4721
105.0294	17.0000	4.1231
105.0437	13.0000	3.6056
105.0579	13.0000	3.6056
105.0722	14.0000	3.7417
105.0864	8.0000	2.8284
105.1007	14.0000	3.7417
105.1150	23.0000	4.7958
105.1292	7.0000	2.6458
105.1435	12.0000	3.4641
105.1577	15.0000	3.8730
105.1720	20.0000	4.4721
105.1863	12.0000	3.4641
105.2005	12.0000	3.4641
105.2148	12.0000	3.4641
105.2290	13.0000	3.6056
105.2433	14.0000	3.7417
105.2576	7.0000	2.6458
105.2718	10.0000	3.1623
105.2861	10.0000	3.1623
105.3003	16.0000	4.0000
105.3146	7.0000	2.6458
105.3288	7.0000	2.6458
105.3431	10.0000	3.1623
105.3574	16.0000	4.0000
105.3716	13.0000	3.6056
105.3859	16.0000	4.0000
105.4001	16.0000	4.0000
105.4144	16.0000	4.0000
105.4287	9.0000	3.0000
105.4429	14.0000	3.7417
105.4572	11.0000	3.3166
105.4714	10.0000	3.1623
105.4857	18.0000	4.2426
105.5000	16.0000	4.0000
105.5142	11.0000	3.3166
105.5285	14.0000	3.7417
105.5427	15.0000	3.8730
105.5570	13.0000	3.6056
105.5713	15.0000	3.8730
105.5855	16.0000	4.0000
105.5998	12.0000	3.4641
105.6140	10.0000	3.1623
105.6283	12.0000	3.4641
105.6426	11.0000	3.3166
105.6568	18.0000	4.2426
105.6711	23.0000	4.7958
105.6853	19.0000	4.3589
105.6996	12.0000	3.4641
105.7139	9.0000	3.0000
105.7281	10.0000	3.1623
105.7424	6.0000	2.4495
105.7566	21.0000	4.5826
105.7709	7.0000	2.6458
105.7852	17.0000	4.1231
105.7994	16.0000	4.0000
105.8137	12.0000	3.4641
105.8279	5.0000	2.2361
105.8422	8.0000	2.8284
105.8564	17.0000	4.1231
105.8707	18.0000	4.2426
105.8850	14.0000	3.7417
105.8992	16.0000	4.0000
105.9135	15.0000	3.8730
105.9277	17.0000	4.1231
105.9420	10.0000	3.1623
105.9563	23.0000	4.7958
105.9705	14.0000	3.7417
105.9848	11.0000	3.3166
105.9990	19.0000	4.3589
106.0133	12.0000	3.4641
106.0276	11.0000	3.3166
106.0418	8.0000	2.8284
106.0561	16.0000	4.0000
106.0703	17.0000	4.1231
106.0846	12.0000	3.4641
106.0989	16.0000	4.0000
106.1131	13.0000	3.6056
106.1274	18.0000	4.2426
106.1416	8.0000	2.8284
106.1559	23.0000	4.7958
106.1702	12.0000	3.4641
106.1844	7.0000	2.6458
106.1987	17.0000	4.1231
106.2129	12.0000	3.4641
106.2272	14.0000	3.7417
106.2415	8.0000	2.8284
106.2557	12.0000	3.4641
106.2700	15.0000	3.8730
106.2842	22.0000	4.6904
106.2985	11.0000	3.3166
106.3128	8.0000	2.8284
106.3270	17.0000	4.1231
106.3413	20.0000	4.4721
106.3555	16.0000	4.0000
106.3698	12.0000	3.4641
106.3841	13.0000	3.6056
106.3983	10.0000	3.1623
106.4126	10.0000	3.1623
106.4268	15.0000	3.8730
106.4411	11.0000	3.3166
106.4553	9.0000	3.0000
106.4696	15.0000	3.8730
106.4839	15.0000	3.8730
106.4981	12.0000	3.4641
106.5124	17.0000	4.1231
106.5266	14.0000	3.7417
106.5409	11.0000	3.3166
106.5552	20.0000	4.4721
106.5694	14.0000	3.7417
106.5837	10.0000	3.1623
106.5979	17.0000	4.1231
106.6122	19.0000	4.3589
106.6265	15.0000	3.8730
106.6407	20.0000	4.4721
106.6550	14.0000	3.7417
106.6692	13.0000	3.6056
106.6835	14.0000	3.7417
106.6978	15.0000	3.8730
106.7120	22.0000	4.6904
106.7263	17.0000	4.1231
106.7405	15.0000	3.8730
106.7548	21.0000	4.5826
106.7691	25.0000	5.0000
106.7833	19.0000	4.3589
106.7976	19.0000	4.3589
106.8118	12.0000	3.4641
106.8261	16.0000	4.0000
106.8404	17.0000	4.1231
106.8546	23.0000	4.7958
106.8689	14.0000	3.7417
106.8831	13.0000	3.6056
106.8974	11.0000	3.3166
106.9117	17.0000	4.1231
106.9259	20.0000	4.4721
106.9402	23.0000	4.7958
106.9544	23.0000	4.7958
106.9687	25.0000	5.0000
106.9830	21.0000	4.5826
106.9972	18.0000	4.2426
107.0115	19.0000	4.3589
107.0257	15.0000	3.8730
107.0400	25.0000	5.0000
107.0542	17.0000	4.1231
107.0685	22.0000	4.6904
107.0828	13.0000	3.6056
107.0970	18.0000	4.2426
107.1113	26.0000	5.0990
107.1255	27.0000	5.1962
107.1398	25.0000	5.0000
107.1541	27.0000	5.1962
107.1683	26.0000	5.0990
107.1826	20.0000	4.4721
107.1968	28.0000	5.2915
107.2111	19.0000	4.3589
107.2254	33.0000	5.7446
107.2396	14.0000	3.7417
107.2539	24.0000	4.8990
107.2681	24.0000	4.8990
107.2824	25.0000	5.0000
107.2967	23.0000	4.7958
107.3109	17.0000	4.1231
107.3252	18.0000	4.2426
107.3394	22.0000	4.6904
107.3537	20.0000	4.4721
107.3680	31.0000	5.5678
107.3822	17.0000	4.1231
107.3965	26.0000	5.0990
107.4107	19.0000	4.3589
107.4250	31.0000	5.5678
107.4393	30.0000	5.4772
107.4535	23.0000	4.7958
107.4678	24.0000	4.8990
107.4820	24.0000	4.8990
107.4963	26.0000	5.0990
107.5106	28.0000	5.2915
107.5248	12.0000	3.4641
107.5391	33.0000	5.7446
107.5533	16.0000	4.0000
107.5676	21.0000	4.5826
107.5818	28.0000	5.2915
107.5961	22.0000	4.6904
107.6104	32.0000	5.6569
107.6246	21.0000	4.5826
107.6389	30.0000	5.4772
107.6531	18.0000	4.2426
107.6674	21.0000	4.5826
107.6817	20.0000	4.4721
107.6959	19.0000	4.3589
107.7102	16.0000	4.0000
107.7244	15.0000	3.8730
107.7387	12.0000	3.4641
107.7530	21.0000	4.5826
107.7672	15.0000	3.8730
107.7815	20.0000	4.4721
107.7957	19.0000	4.3589
107.8100	19.0000	4.3589
107.8243	27.0000	5.1962
107.8385	20.0000	4.4721
107.8528	18.0000	4.2426
107.8670	23.0000	4.7958
107.8813	8.0000	2.8284
107.8956	14.0000	3.7417
107.9098	22.0000	4.6904
107.9241	15.0000	3.8730
107.9383	19.0000	4.3589
107.9526	20.0000	4.4721
107.9669	21.0000	4.5826
107.9811	12.0000	3.4641
107.9954	20.0000	4.4721
108.0096	19.0000	4.3589
108.0239	16.0000	4.0000
108.0382	21.0000	4.5826
108.0524	14.0000	3.7417
108.0667	16.0000	4.0000
108.0809	25.0000	5.0000
108.0952	24.0000	4.8990
108.1095	16.0000	4.0000
108.1237	19.0000	4.3589
108.1380	26.0000	5.0990
108.1522	23.0000	4.7958
108.1665	16.0000	4.0000
108.1807	19.0000	4.3589
108.1950	12.0000	3.4641
108.2093	10.0000	3.1623
108.2235	18.0000	4.2426
108.2378	13.0000	3.6056
108.2520	12.0000	3.4641
108.2663	12.0000	3.4641
108.2806	13.0000	3.6056
108.2948	16.0000	4.0000
108.3091	20.0000	4.4721
108.3233	24.0000	4.8990
108.3376	16.0000	4.0000
108.3519	16.0000	4.0000
108.3661	20.0000	4.4721
108.3804	19.0000	4.3589
108.3946	13.0000	3.6056
108.4089	19.0000	4.3589
108.4232	21.0000	4.5826
108.4374	18.0000	4.2426
108.4517	18.0000	4.2426
108.4659	10.0000	3.1623
108.4802	18.0000	4.2426
108.4945	16.0000	4.0000
108.5087	14.0000	3.7417
108.5230	12.0000	3.4641
108.5372	12.0000	3.4641
108.5515	22.0000	4.6904
108.5658	15.0000	3.8730
108.5800	16.0000	4.0000
108.5943	14.0000	3.7417
108.6085	18.0000	4.2426
108.6228	19.0000	4.3589
108.6371	13.0000	3.6056
108.6513	17.0000	4.1231
108.6656	27.0000	5.1962
108.6798	17.0000	4.1231
108.6941	23.0000	4.7958
108.7083	11.0000	3.3166
108.7226	26.0000	5.0990
108.7369	20.0000	4.4721
108.7511	21.0000	4.5826
108.7654	19.0000	4.3589
108.7796	15.0000	3.8730
108.7939	28.0000	5.2915
108.8082	13.0000	3.6056
108.8224	23.0000	4.7958
108.8367	21.0000	4.5826
108.8509	23.0000	4.7958
108.8652	20.0000	4.4721
108.8795	10.0000	3.1623
108.8937	17.0000	4.1231
108.9080	24.0000	4.8990
108.9222	22.0000	4.6904
108.9365	17.0000	4.1231
108.9508	27.0000	5.1962
108.9650	20.0000	4.4721
108.9793	20.0000	4.4721
108.9935	16.0000	4.0000
109.0078	18.0000	4.2426
109.0221	16.0000	4.0000
109.0363	13.0000	3.6056
109.0506	10.0000	3.1623
109.0648	19.0000	4.3589
109.0791	14.0000	3.7417
109.0934	16.0000	4.0000
109.1076	16.0000	4.0000
109.1219	17.0000	4.1231
109.1361	18.0000	4.2426
109.1504	12.0000	3.4641
109.1647	17.0000	4.1231
109.1789	21.0000	4.5826
109.1932	12.0000	3.4641
109.2074	19.0000	4.3589
109.2217	18.0000	4.2426
109.2360	19.0000	4.3589
109.2502	19.0000	4.3589
109.2645	14.0000	3.7417
109.2787	22.0000	4.6904
109.2930	18.0000	4.2426
109.3072	19.0000	4.3589
109.3215	20.0000	4.4721
109.3358	12.0000	3.4641
109.3500	20.0000	4.4721
109.3643	8.0000	2.8284
109.3785	17.0000	4.1231
109.3928	17.0000	4.1231
109.4071	14.0000	3.7417
109.4213	26.0000	5.0990
109.4356	17.0000	4.1231
109.4498	22.0000	4.6904
109.4641	16.0000	4.0000
109.4784	15.0000	3.8730
109.4926	14.0000	3.7417
109.5069	19.0000	4.3589
109.5211	20.0000	4.4721
109.5354	12.0000	3.4641
109.5497	11.0000	3.3166
109.5639	12.0000	3.4641
109.5782	11.0000	3.3166
109.5924	12.0000	3.4641
109.6067	17.0000	4.1231
109.6210	14.0000	3.7417
109.6352	11.0000	3.3166
109.6495	21.0000	4.5826
109.6637	15.0000	3.8730
109.6780	12.0000	3.4641
109.6923	19.0000	4.3589
109.7065	12.0000	3.4641
109.7208	18.0000	4.2426
109.7350	12.0000	3.4641
109.7493	16.0000	4.0000
109.7636	11.0000	3.3166
109.7778	21.0000	4.5826
109.7921	15.0000	3.8730
109.8063	13.0000	3.6056
109.8206	16.0000	4.0000
109.8349	11.0000	3.3166
109.8491	11.0000	3.3166
109.8634	9.0000	3.0000
109.8776	17.0000	4.1231
109.8919	14.0000	3.7417
109.9061	18.0000	4.2426
109.9204	11.0000	3.3166
109.9347	23.0000	4.7958
109.9489	17.0000	4.1231
109.9632	11.0000	3.3166
109.9774	13.0000	3.6056
109.9917	9.0000	3.0000
110.0060	18.0000	4.2426
