20.0000	60.0000	7.7460
20.0143	57.0000	7.5498
20.0285	49.0000	7.0000
20.0428	70.0000	8.3666
20.0570	67.0000	8.1854
20.0713	70.0000	8.3666
20.0856	80.0000	8.9443
20.0998	65.0000	8.0623
20.1141	54.0000	7.3485
20.1283	58.0000	7.6158
20.1426	48.0000	6.9282
20.1569	75.0000	8.6603
20.1711	57.0000	7.5498
20.1854	72.0000	8.4853
20.1996	74.0000	8.6023
20.2139	71.0000	8.4261
20.2282	64.0000	8.0000
20.2424	64.0000	8.0000
20.2567	60.0000	7.7460
20.2709	62.0000	7.8740
20.2852	69.0000	8.3066
20.2994	51.0000	7.1414
20.3137	55.0000	7.4162
20.3280	81.0000	9.0000
20.3422	67.0000	8.1854
20.3565	72.0000	8.4853
20.3707	53.0000	7.2801
20.3850	75.0000	8.6603
20.3993	71.0000	8.4261
20.4135	49.0000	7.0000
20.4278	72.0000	8.4853
20.4420	49.0000	7.0000
20.4563	76.0000	8.7178
20.4706	61.0000	7.8102
20.4848	70.0000	8.3666
20.4991	51.0000	7.1414
20.5133	69.0000	8.3066
20.5276	61.0000	7.8102
20.5419	56.0000	7.4833
20.5561	57.0000	7.5498
20.5704	69.0000	8.3066
20.5846	73.0000	8.5440
20.5989	62.0000	7.8740
20.6132	58.0000	7.6158
20.6274	69.0000	8.3066
20.6417	65.0000	8.0623
20.6559	64.0000	8.0000
20.6702	64.0000	8.0000
20.6845	60.0000	7.7460
20.6987	46.0000	6.7823
20.7130	69.0000	8.3066
20.7272	63.0000	7.9373
20.7415	70.0000	8.3666
20.7558	64.0000	8.0000
20.7700	60.0000	7.7460
20.7843	72.0000	8.4853
20.7985	75.0000	8.6603
20.8128	62.0000	7.8740
20.8271	64.0000	8.0000
20.8413	65.0000	8.0623
20.8556	56.0000	7.4833
20.8698	59.0000	7.6811
20.8841	64.0000	8.0000
20.8983	70.0000	8.3666
20.9126	58.0000	7.6158
20.9269	63.0000	7.9373
20.9411	65.0000	8.0623
20.9554	66.0000	8.1240
20.9696	81.0000	9.0000
20.9839	79.0000	8.8882
20.9982	61.0000	7.8102
21.0124	42.0000	6.4807
21.0267	62.0000	7.8740
21.0409	75.0000	8.6603
21.0552	43.0000	6.5574
21.0695	64.0000	8.0000
21.0837	59.0000	7.6811
21.0980	50.0000	7.0711
21.1122	63.0000	7.9373
21.1265	45.0000	6.7082
21.1408	72.0000	8.4853
21.1550	65.0000	8.0623
21.1693	59.0000	7.6811
21.1835	53.0000	7.2801
21.1978	57.0000	7.5498
21.2121	63.0000	7.9373
21.2263	57.0000	7.5498
21.2406	73.0000	8.5440
21.2548	69.0000	8.3066
21.2691	72.0000	8.4853
21.2834	69.0000	8.3066
21.2976	56.0000	7.4833
21.3119	67.0000	8.1854
21.3261	55.0000	7.4162
21.3404	52.0000	7.2111
21.3547	62.0000	7.8740
21.3689	59.0000	7.6811
21.3832	57.0000	7.5498
21.3974	65.0000	8.0623
21.4117	73.0000	8.5440
21.4260	69.0000	8.3066
21.4402	56.0000	7.4833
21.4545	67.0000	8.1854
21.4687	79.0000	8.8882
21.4830	59.0000	7.6811
21.4972	69.0000	8.3066
21.5115	52.0000	7.2111
21.5258	71.0000	8.4261
21.5400	71.0000	8.4261
21.5543	61.0000	7.8102
21.5685	67.0000	8.1854
21.5828	65.0000	8.0623
21.5971	61.0000	7.8102
21.6113	56.0000	7.4833
21.6256	55.0000	7.4162
21.6398	61.0000	7.8102
21.6541	51.0000	7.1414
21.6684	68.0000	8.2462
21.6826	54.0000	7.3485
21.6969	66.0000	8.1240
21.7111	59.0000	7.6811
21.7254	49.0000	7.0000
21.7397	56.0000	7.4833
21.7539	68.0000	8.2462
21.7682	50.0000	7.0711
21.7824	63.0000	7.9373
21.7967	54.0000	7.3485
21.8110	60.0000	7.7460
21.8252	51.0000	7.1414
21.8395	59.0000	7.6811
21.8537	82.0000	9.0554
21.8680	70.0000	8.3666
21.8823	49.0000	7.0000
21.8965	79.0000	8.8882
21.9108	58.0000	7.6158
21.9250	74.0000	8.6023
21.9393	67.0000	8.1854
21.9536	53.0000	7.2801
21.9678	52.0000	7.2111
21.9821	60.0000	7.7460
21.9963	55.0000	7.4162
22.0106	55.0000	7.4162
22.0248	65.0000	8.0623
22.0391	67.0000	8.1854
22.0534	73.0000	8.5440
22.0676	52.0000	7.2111
22.0819	61.0000	7.8102
22.0961	69.0000	8.3066
22.1104	42.0000	6.4807
22.1247	61.0000	7.8102
22.1389	55.0000	7.4162
22.1532	71.0000	8.4261
22.1674	75.0000	8.6603
22.1817	69.0000	8.3066
22.1960	70.0000	8.3666
22.2102	52.0000	7.2111
22.2245	58.0000	7.6158
22.2387	42.0000	6.4807
22.2530	69.0000	8.3066
22.2673	53.0000	7.2801
22.2815	47.0000	6.8557
22.2958	63.0000	7.9373
22.3100	55.0000	7.4162
22.3243	67.0000	8.1854
22.3386	69.0000	8.3066
22.3528	67.0000	8.1854
22.3671	56.0000	7.4833
22.3813	67.0000	8.1854
22.3956	60.0000	7.7460
22.4099	54.0000	7.3485
22.4241	58.0000	7.6158
22.4384	62.0000	7.8740
22.4526	62.0000	7.8740
22.4669	61.0000	7.8102
22.4812	51.0000	7.1414
22.4954	66.0000	8.1240
22.5097	74.0000	8.6023
22.5239	67.0000	8.1854
22.5382	58.0000	7.6158
22.5525	52.0000	7.2111
22.5667	52.0000	7.2111
22.5810	57.0000	7.5498
22.5952	65.0000	8.0623
22.6095	56.0000	7.4833
22.6237	73.0000	8.5440
22.6380	54.0000	7.3485
22.6523	53.0000	7.2801
22.6665	50.0000	7.0711
22.6808	67.0000	8.1854
22.6950	50.0000	7.0711
22.7093	66.0000	8.1240
22.7236	54.0000	7.3485
22.7378	64.0000	8.0000
22.7521	53.0000	7.2801
22.7663	71.0000	8.4261
22.7806	71.0000	8.4261
22.7949	56.0000	7.4833
22.8091	67.0000	8.1854
22.8234	60.0000	7.7460
22.8376	59.0000	7.6811
22.8519	62.0000	7.8740
22.8662	57.0000	7.5498
22.8804	68.0000	8.2462
22.8947	61.0000	7.8102
22.9089	55.0000	7.4162
22.9232	58.0000	7.6158
22.9375	59.0000	7.6811
22.9517	47.0000	6.8557
22.9660	53.0000	7.2801
22.9802	64.0000	8.0000
22.9945	64.0000	8.0000
23.0088	74.0000	8.6023
23.0230	60.0000	7.7460
23.0373	45.0000	6.7082
23.0515	79.0000	8.8882
23.0658	70.0000	8.3666
23.0801	74.0000	8.6023
23.0943	57.0000	7.5498
23.1086	52.0000	7.2111
23.1228	60.0000	7.7460
23.1371	69.0000	8.3066
23.1513	70.0000	8.3666
23.1656	57.0000	7.5498
23.1799	62.0000	7.8740
23.1941	53.0000	7.2801
23.2084	49.0000	7.0000
23.2226	76.0000	8.7178
23.2369	60.0000	7.7460
23.2512	59.0000	7.6811
23.2654	61.0000	7.8102
23.2797	61.0000	7.8102
23.2939	60.0000	7.7460
23.3082	68.0000	8.2462
23.3225	62.0000	7.8740
23.3367	57.0000	7.5498
23.3510	82.0000	9.0554
23.3652	56.0000	7.4833
23.3795	54.0000	7.3485
23.3938	61.0000	7.8102
23.4080	57.0000	7.5498
23.4223	56.0000	7.4833
23.4365	60.0000	7.7460
23.4508	62.0000	7.8740
23.4651	62.0000	7.8740
23.4793	68.0000	8.2462
23.4936	55.0000	7.4162
23.5078	66.0000	8.1240
23.5221	69.0000	8.3066
23.5364	54.0000	7.3485
23.5506	70.0000	8.3666
23.5649	63.0000	7.9373
23.5791	69.0000	8.3066
23.5934	68.0000	8.2462
23.6077	45.0000	6.7082
23.6219	71.0000	8.4261
23.6362	67.0000	8.1854
23.6504	49.0000	7.0000
23.6647	65.0000	8.0623
23.6790	69.0000	8.3066
23.6932	51.0000	7.1414
23.7075	55.0000	7.4162
23.7217	62.0000	7.8740
23.7360	69.0000	8.3066
23.7502	48.0000	6.9282
23.7645	68.0000	8.2462
23.7788	73.0000	8.5440
23.7930	52.0000	7.2111
23.8073	60.0000	7.7460
23.8215	69.0000	8.3066
23.8358	64.0000	8.0000
23.8501	63.0000	7.9373
23.8643	65.0000	8.0623
23.8786	83.0000	9.1104
23.8928	59.0000	7.6811
23.9071	74.0000	8.6023
23.9214	60.0000	7.7460
23.9356	74.0000	8.6023
23.9499	55.0000	7.4162
23.9641	60.0000	7.7460
23.9784	74.0000	8.6023
23.9927	59.0000	7.6811
24.0069	77.0000	8.7750
24.0212	67.0000	8.1854
24.0354	59.0000	7.6811
24.0497	63.0000	7.9373
24.0640	75.0000	8.6603
24.0782	64.0000	8.0000
24.0925	60.0000	7.7460
24.1067	64.0000	8.0000
24.1210	75.0000	8.6603
24.1353	77.0000	8.7750
24.1495	72.0000	8.4853
24.1638	75.0000	8.6603
24.1780	70.0000	8.3666
24.1923	78.0000	8.8318
24.2066	66.0000	8.1240
24.2208	69.0000	8.3066
24.2351	75.0000	8.6603
24.2493	63.0000	7.9373
24.2636	68.0000	8.2462
24.2779	76.0000	8.7178
24.2921	74.0000	8.6023
24.3064	68.0000	8.2462
24.3206	74.0000	8.6023
24.3349	79.0000	8.8882
24.3491	73.0000	8.5440
24.3634	85.0000	9.2195
24.3777	85.0000	9.2195
24.3919	83.0000	9.1104
24.4062	60.0000	7.7460
24.4204	78.0000	8.8318
24.4347	62.0000	7.8740
24.4490	87.0000	9.3274
24.4632	84.0000	9.1652
24.4775	89.0000	9.4340
24.4917	87.0000	9.3274
24.5060	82.0000	9.0554
24.5203	96.0000	9.7980
24.5345	81.0000	9.0000
24.5488	93.0000	9.6437
24.5630	93.0000	9.6437
24.5773	91.0000	9.5394
24.5916	85.0000	9.2195
24.6058	79.0000	8.8882
24.6201	85.0000	9.2195
24.6343	95.0000	9.7468
24.6486	94.0000	9.6954
24.6629	96.0000	9.7980
24.6771	103.0000	10.1489
24.6914	98.0000	9.8995
24.7056	104.0000	10.1980
24.7199	104.0000	10.1980
24.7342	110.0000	10.4881
24.7484	101.0000	10.0499
24.7627	110.0000	10.4881
24.7769	125.0000	11.1803
24.7912	132.0000	11.4891
24.8055	131.0000	11.4455
24.8197	104.0000	10.1980
24.8340	128.0000	11.3137
24.8482	138.0000	11.7473
24.8625	160.0000	12.6491
24.8767	165.0000	12.8452
24.8910	150.0000	12.2474
24.9053	166.0000	12.8841
24.9195	176.0000	13.2665
24.9338	197.0000	14.0357
24.9480	175.0000	13.2288
24.9623	223.0000	14.9332
24.9766	207.0000	14.3875
24.9908	240.0000	15.4919
25.0051	215.0000	14.6629
25.0193	294.0000	17.1464
25.0336	290.0000	17.0294
25.0479	316.0000	17.7764
25.0621	314.0000	17.7200
25.0764	366.0000	19.1311
25.0906	395.0000	19.8746
25.1049	411.0000	20.2731
25.1192	455.0000	21.3307
25.1334	472.0000	21.7256
25.1477	555.0000	23.5584
25.1619	553.0000	23.5160
25.1762	618.0000	24.8596
25.1905	592.0000	24.3311
25.2047	669.0000	25.8650
25.2190	705.0000	26.5518
25.2332	674.0000	25.9615
25.2475	736.0000	27.1293
25.2618	758.0000	27.5318
25.2760	810.0000	28.4605
25.2903	720.0000	26.8328
25.3045	741.0000	27.2213
25.3188	779.0000	27.9106
25.3331	806.0000	28.3901
25.3473	735.0000	27.1109
25.3616	705.0000	26.5518
25.3758	628.0000	25.0599
25.3901	658.0000	25.6515
25.4044	618.0000	24.8596
25.4186	615.0000	24.7992
25.4329	562.0000	23.7065
25.4471	497.0000	22.2935
25.4614	513.0000	22.6495
25.4756	434.0000	20.8327
25.4899	430.0000	20.7364
25.5042	388.0000	19.6977
25.5184	398.0000	19.9499
25.5327	341.0000	18.4662
25.5469	330.0000	18.1659
25.5612	291.0000	17.0587
25.5755	296.0000	17.2047
25.5897	269.0000	16.4012
25.6040	224.0000	14.9666
25.6182	222.0000	14.8997
25.6325	246.0000	15.6844
25.6468	185.0000	13.6015
25.6610	172.0000	13.1149
25.6753	197.0000	14.0357
25.6895	163.0000	12.7671
25.7038	165.0000	12.8452
25.7181	164.0000	12.8062
25.7323	145.0000	12.0416
25.7466	127.0000	11.2694
25.7608	127.0000	11.2694
25.7751	125.0000	11.1803
25.7894	144.0000	12.0000
25.8036	121.0000	11.0000
25.8179	120.0000	10.9545
25.8321	138.0000	11.7473
25.8464	95.0000	9.7468
25.8607	104.0000	10.1980
25.8749	113.0000	10.6301
25.8892	106.0000	10.2956
25.9034	99.0000	9.9499
25.9177	102.0000	10.0995
25.9320	90.0000	9.4868
25.9462	97.0000	9.8489
25.9605	93.0000	9.6437
25.9747	96.0000	9.7980
25.9890	88.0000	9.3808
26.0032	85.0000	9.2195
26.0175	76.0000	8.7178
26.0318	83.0000	9.1104
26.0460	70.0000	8.3666
26.0603	93.0000	9.6437
26.0745	78.0000	8.8318
26.0888	91.0000	9.5394
26.1031	105.0000	10.2470
26.1173	78.0000	8.8318
26.1316	82.0000	9.0554
26.1458	85.0000	9.2195
26.1601	91.0000	9.5394
26.1744	73.0000	8.5440
26.1886	72.0000	8.4853
26.2029	71.0000	8.4261
26.2171	91.0000	9.5394
26.2314	66.0000	8.1240
26.2457	78.0000	8.8318
26.2599	75.0000	8.6603
26.2742	81.0000	9.0000
26.2884	70.0000	8.3666
26.3027	74.0000	8.6023
26.3170	72.0000	8.4853
26.3312	86.0000	9.2736
26.3455	73.0000	8.5440
26.3597	72.0000	8.4853
26.3740	69.0000	8.3066
26.3883	83.0000	9.1104
26.4025	64.0000	8.0000
26.4168	69.0000	8.3066
26.4310	78.0000	8.8318
26.4453	62.0000	7.8740
26.4596	60.0000	7.7460
26.4738	71.0000	8.4261
26.4881	74.0000	8.6023
26.5023	62.0000	7.8740
26.5166	80.0000	8.9443
26.5309	76.0000	8.7178
26.5451	60.0000	7.7460
26.5594	69.0000	8.3066
26.5736	61.0000	7.8102
26.5879	64.0000	8.0000
26.6021	72.0000	8.4853
26.6164	71.0000	8.4261
26.6307	66.0000	8.1240
26.6449	76.0000	8.7178
26.6592	51.0000	7.1414
26.6734	65.0000	8.0623
26.6877	70.0000	8.3666
26.7020	70.0000	8.3666
26.7162	70.0000	8.3666
26.7305	55.0000	7.4162
26.7447	70.0000	8.3666
26.7590	69.0000	8.3066
26.7733	79.0000	8.8882
26.7875	74.0000	8.6023
26.8018	65.0000	8.0623
26.8160	60.0000	7.7460
26.8303	72.0000	8.4853
26.8446	76.0000	8.7178
26.8588	84.0000	9.1652
26.8731	62.0000	7.8740
26.8873	74.0000	8.6023
26.9016	67.0000	8.1854
26.9159	73.0000	8.5440
26.9301	61.0000	7.8102
26.9444	80.0000	8.9443
26.9586	53.0000	7.2801
26.9729	66.0000	8.1240
26.9872	63.0000	7.9373
27.0014	89.0000	9.4340
27.0157	73.0000	8.5440
27.0299	72.0000	8.4853
27.0442	83.0000	9.1104
27.0585	73.0000	8.5440
27.0727	70.0000	8.3666
27.0870	74.0000	8.6023
27.1012	79.0000	8.8882
27.1155	75.0000	8.6603
27.1298	68.0000	8.2462
27.1440	90.0000	9.4868
27.1583	87.0000	9.3274
27.1725	81.0000	9.0000
27.1868	87.0000	9.3274
27.2010	107.0000	10.3441
27.2153	95.0000	9.7468
27.2296	91.0000	9.5394
27.2438	118.0000	10.8628
27.2581	110.0000	10.4881
27.2723	107.0000	10.3441
27.2866	127.0000	11.2694
27.3009	123.0000	11.0905
27.3151	137.0000	11.7047
27.3294	140.0000	11.8322
27.3436	174.0000	13.1909
27.3579	162.0000	12.7279
27.3722	180.0000	13.4164
27.3864	155.0000	12.4499
27.4007	180.0000	13.4164
27.4149	140.0000	11.8322
27.4292	157.0000	12.5300
27.4435	144.0000	12.0000
27.4577	145.0000	12.0416
27.4720	136.0000	11.6619
27.4862	123.0000	11.0905
27.5005	117.0000	10.8167
27.5148	105.0000	10.2470
27.5290	85.0000	9.2195
27.5433	110.0000	10.4881
27.5575	92.0000	9.5917
27.5718	90.0000	9.4868
27.5861	88.0000	9.3808
27.6003	92.0000	9.5917
27.6146	89.0000	9.4340
27.6288	69.0000	8.3066
27.6431	60.0000	7.7460
27.6574	62.0000	7.8740
27.6716	72.0000	8.4853
27.6859	74.0000	8.6023
27.7001	79.0000	8.8882
27.7144	52.0000	7.2111
27.7286	56.0000	7.4833
27.7429	71.0000	8.4261
27.7572	75.0000	8.6603
27.7714	57.0000	7.5498
27.7857	64.0000	8.0000
27.7999	58.0000	7.6158
27.8142	69.0000	8.3066
27.8285	66.0000	8.1240
27.8427	55.0000	7.4162
27.8570	66.0000	8.1240
27.8712	66.0000	8.1240
27.8855	68.0000	8.2462
27.8998	67.0000	8.1854
27.9140	77.0000	8.7750
27.9283	69.0000	8.3066
27.9425	66.0000	8.1240
27.9568	60.0000	7.7460
27.9711	67.0000	8.1854
27.9853	57.0000	7.5498
27.9996	55.0000	7.4162
28.0138	49.0000	7.0000
28.0281	59.0000	7.6811
28.0424	46.0000	6.7823
28.0566	61.0000	7.8102
28.0709	65.0000	8.0623
28.0851	64.0000	8.0000
28.0994	51.0000	7.1414
28.1137	61.0000	7.8102
28.1279	60.0000	7.7460
28.1422	54.0000	7.3485
28.1564	60.0000	7.7460
28.1707	57.0000	7.5498
28.1850	58.0000	7.6158
28.1992	44.0000	6.6332
28.2135	52.0000	7.2111
28.2277	42.0000	6.4807
28.2420	64.0000	8.0000
28.2563	50.0000	7.0711
28.2705	65.0000	8.0623
28.2848	60.0000	7.7460
28.2990	46.0000	6.7823
28.3133	64.0000	8.0000
28.3275	58.0000	7.6158
28.3418	48.0000	6.9282
28.3561	52.0000	7.2111
28.3703	63.0000	7.9373
28.3846	47.0000	6.8557
28.3988	37.0000	6.0828
28.4131	64.0000	8.0000
28.4274	54.0000	7.3485
28.4416	51.0000	7.1414
28.4559	41.0000	6.4031
28.4701	52.0000	7.2111
28.4844	56.0000	7.4833
28.4987	48.0000	6.9282
28.5129	59.0000	7.6811
28.5272	60.0000	7.7460
28.5414	48.0000	6.9282
28.5557	53.0000	7.2801
28.5700	55.0000	7.4162
28.5842	45.0000	6.7082
28.5985	53.0000	7.2801
28.6127	56.0000	7.4833
28.6270	41.0000	6.4031
28.6413	55.0000	7.4162
28.6555	53.0000	7.2801
28.6698	50.0000	7.0711
28.6840	62.0000	7.8740
28.6983	41.0000	6.4031
28.7126	47.0000	6.8557
28.7268	55.0000	7.4162
28.7411	66.0000	8.1240
28.7553	59.0000	7.6811
28.7696	50.0000	7.0711
28.7839	40.0000	6.3246
28.7981	62.0000	7.8740
28.8124	46.0000	6.7823
28.8266	57.0000	7.5498
28.8409	47.0000	6.8557
28.8551	40.0000	6.3246
28.8694	60.0000	7.7460
28.8837	52.0000	7.2111
28.8979	43.0000	6.5574
28.9122	47.0000	6.8557
28.9264	42.0000	6.4807
28.9407	34.0000	5.8310
28.9550	47.0000	6.8557
28.9692	66.0000	8.1240
28.9835	57.0000	7.5498
28.9977	53.0000	7.2801
29.0120	48.0000	6.9282
29.0263	44.0000	6.6332
29.0405	64.0000	8.0000
29.0548	54.0000	7.3485
29.0690	34.0000	5.8310
29.0833	58.0000	7.6158
29.0976	42.0000	6.4807
29.1118	61.0000	7.8102
29.1261	39.0000	6.2450
29.1403	51.0000	7.1414
29.1546	67.0000	8.1854
29.1689	56.0000	7.4833
29.1831	50.0000	7.0711
29.1974	51.0000	7.1414
29.2116	58.0000	7.6158
29.2259	54.0000	7.3485
29.2402	43.0000	6.5574
29.2544	42.0000	6.4807
29.2687	51.0000	7.1414
29.2829	53.0000	7.2801
29.2972	45.0000	6.7082
29.3115	44.0000	6.6332
29.3257	38.0000	6.1644
29.3400	49.0000	7.0000
29.3542	43.0000	6.5574
29.3685	49.0000	7.0000
29.3828	52.0000	7.2111
29.3970	48.0000	6.9282
29.4113	47.0000	6.8557
29.4255	44.0000	6.6332
29.4398	41.0000	6.4031
29.4540	57.0000	7.5498
29.4683	43.0000	6.5574
29.4826	49.0000	7.0000
29.4968	51.0000	7.1414
29.5111	61.0000	7.8102
29.5253	44.0000	6.6332
29.5396	42.0000	6.4807
29.5539	47.0000	6.8557
29.5681	51.0000	7.1414
29.5824	43.0000	6.5574
29.5966	45.0000	6.7082
29.6109	38.0000	6.1644
29.6252	57.0000	7.5498
29.6394	43.0000	6.5574
29.6537	51.0000	7.1414
29.6679	48.0000	6.9282
29.6822	52.0000	7.2111
29.6965	41.0000	6.4031
29.7107	38.0000	6.1644
29.7250	48.0000	6.9282
29.7392	54.0000	7.3485
29.7535	37.0000	6.0828
29.7678	42.0000	6.4807
29.7820	44.0000	6.6332
29.7963	47.0000	6.8557
29.8105	49.0000	7.0000
29.8248	44.0000	6.6332
29.8391	40.0000	6.3246
29.8533	41.0000	6.4031
29.8676	47.0000	6.8557
29.8818	45.0000	6.7082
29.8961	48.0000	6.9282
29.9104	49.0000	7.0000
29.9246	52.0000	7.2111
29.9389	53.0000	7.2801
29.9531	50.0000	7.0711
29.9674	55.0000	7.4162
29.9817	49.0000	7.0000
29.9959	62.0000	7.8740
30.0102	54.0000	7.3485
30.0244	37.0000	6.0828
30.0387	50.0000	7.0711
30.0529	50.0000	7.0711
30.0672	36.0000	6.0000
30.0815	60.0000	7.7460
30.0957	45.0000	6.7082
30.1100	48.0000	6.9282
30.1242	37.0000	6.0828
30.1385	35.0000	5.9161
30.1528	40.0000	6.3246
30.1670	42.0000	6.4807
30.1813	45.0000	6.7082
30.1955	40.0000	6.3246
30.2098	44.0000	6.6332
30.2241	63.0000	7.9373
30.2383	37.0000	6.0828
30.2526	52.0000	7.2111
30.2668	50.0000	7.0711
30.2811	47.0000	6.8557
30.2954	51.0000	7.1414
30.3096	42.0000	6.4807
30.3239	51.0000	7.1414
30.3381	35.0000	5.9161
30.3524	52.0000	7.2111
30.3667	43.0000	6.5574
30.3809	42.0000	6.4807
30.3952	45.0000	6.7082
30.4094	42.0000	6.4807
30.4237	41.0000	6.4031
30.4380	36.0000	6.0000
30.4522	44.0000	6.6332
30.4665	46.0000	6.7823
30.4807	47.0000	6.8557
30.4950	38.0000	6.1644
30.5093	38.0000	6.1644
30.5235	50.0000	7.0711
30.5378	44.0000	6.6332
30.5520	35.0000	5.9161
30.5663	42.0000	6.4807
30.5805	55.0000	7.4162
30.5948	42.0000	6.4807
30.6091	46.0000	6.7823
30.6233	44.0000	6.6332
30.6376	44.0000	6.6332
30.6518	38.0000	6.1644
30.6661	42.0000	6.4807
30.6804	41.0000	6.4031
30.6946	48.0000	6.9282
30.7089	48.0000	6.9282
30.7231	51.0000	7.1414
30.7374	37.0000	6.0828
30.7517	45.0000	6.7082
30.7659	41.0000	6.4031
30.7802	61.0000	7.8102
30.7944	42.0000	6.4807
30.8087	49.0000	7.0000
30.8230	45.0000	6.7082
30.8372	43.0000	6.5574
30.8515	42.0000	6.4807
30.8657	37.0000	6.0828
30.8800	45.0000	6.7082
30.8943	45.0000	6.7082
30.9085	45.0000	6.7082
30.9228	44.0000	6.6332
30.9370	39.0000	6.2450
30.9513	44.0000	6.6332
30.9656	53.0000	7.2801
30.9798	42.0000	6.4807
30.9941	48.0000	6.9282
31.0083	47.0000	6.8557
31.0226	43.0000	6.5574
31.0369	46.0000	6.7823
31.0511	44.0000	6.6332
31.0654	35.0000	5.9161
31.0796	30.0000	5.4772
31.0939	31.0000	5.5678
31.1082	37.0000	6.0828
31.1224	50.0000	7.0711
31.1367	49.0000	7.0000
31.1509	47.0000	6.8557
31.1652	57.0000	7.5498
31.1794	35.0000	5.9161
31.1937	35.0000	5.9161
31.2080	45.0000	6.7082
31.2222	48.0000	6.9282
31.2365	42.0000	6.4807
31.2507	47.0000	6.8557
31.2650	54.0000	7.3485
31.2793	35.0000	5.9161
31.2935	47.0000	6.8557
31.3078	42.0000	6.4807
31.3220	59.0000	7.6811
31.3363	51.0000	7.1414
31.3506	35.0000	5.9161
31.3648	25.0000	5.0000
31.3791	43.0000	6.5574
31.3933	49.0000	7.0000
31.4076	49.0000	7.0000
31.4219	38.0000	6.1644
31.4361	41.0000	6.4031
31.4504	32.0000	5.6569
31.4646	47.0000	6.8557
31.4789	43.0000	6.5574
31.4932	45.0000	6.7082
31.5074	39.0000	6.2450
31.5217	42.0000	6.4807
31.5359	52.0000	7.2111
31.5502	35.0000	5.9161
31.5645	51.0000	7.1414
31.5787	47.0000	6.8557
31.5930	40.0000	6.3246
31.6072	55.0000	7.4162
31.6215	47.0000	6.8557
31.6358	50.0000	7.0711
31.6500	44.0000	6.6332
31.6643	23.0000	4.7958
31.6785	32.0000	5.6569
31.6928	37.0000	6.0828
31.7070	53.0000	7.2801
31.7213	49.0000	7.0000
31.7356	35.0000	5.9161
31.7498	45.0000	6.7082
31.7641	54.0000	7.3485
31.7783	32.0000	5.6569
31.7926	30.0000	5.4772
31.8069	44.0000	6.6332
31.8211	46.0000	6.7823
31.8354	47.0000	6.8557
31.8496	34.0000	5.8310
31.8639	37.0000	6.0828
31.8782	36.0000	6.0000
31.8924	36.0000	6.0000
31.9067	43.0000	6.5574
31.9209	37.0000	6.0828
31.9352	44.0000	6.6332
31.9495	28.0000	5.2915
31.9637	30.0000	5.4772
31.9780	30.0000	5.4772
31.9922	43.0000	6.5574
32.0065	45.0000	6.7082
32.0208	46.0000	6.7823
32.0350	37.0000	6.0828
32.0493	39.0000	6.2450
32.0635	54.0000	7.3485
32.0778	40.0000	6.3246
32.0921	38.0000	6.1644
32.1063	44.0000	6.6332
32.1206	41.0000	6.4031
32.1348	33.0000	5.7446
32.1491	47.0000	6.8557
32.1634	45.0000	6.7082
32.1776	46.0000	6.7823
32.1919	51.0000	7.1414
32.2061	39.0000	6.2450
32.2204	52.0000	7.2111
32.2347	50.0000	7.0711
32.2489	38.0000	6.1644
32.2632	41.0000	6.4031
32.2774	39.0000	6.2450
32.2917	46.0000	6.7823
32.3059	47.0000	6.8557
32.3202	39.0000	6.2450
32.3345	26.0000	5.0990
32.3487	34.0000	5.8310
32.3630	41.0000	6.4031
32.3772	37.0000	6.0828
32.3915	39.0000	6.2450
32.4058	44.0000	6.6332
32.4200	34.0000	5.8310
32.4343	42.0000	6.4807
32.4485	59.0000	7.6811
32.4628	45.0000	6.7082
32.4771	49.0000	7.0000
32.4913	57.0000	7.5498
32.5056	39.0000	6.2450
32.5198	50.0000	7.0711
32.5341	40.0000	6.3246
32.5484	43.0000	6.5574
32.5626	40.0000	6.3246
32.5769	39.0000	6.2450
32.5911	42.0000	6.4807
32.6054	42.0000	6.4807
32.6197	40.0000	6.3246
32.6339	37.0000	6.0828
32.6482	32.0000	5.6569
32.6624	43.0000	6.5574
32.6767	37.0000	6.0828
32.6910	31.0000	5.5678
32.7052	46.0000	6.7823
32.7195	42.0000	6.4807
32.7337	40.0000	6.3246
32.7480	38.0000	6.1644
32.7623	46.0000	6.7823
32.7765	30.0000	5.4772
32.7908	37.0000	6.0828
32.8050	42.0000	6.4807
32.8193	40.0000	6.3246
32.8336	41.0000	6.4031
32.8478	30.0000	5.4772
32.8621	46.0000	6.7823
32.8763	39.0000	6.2450
32.8906	32.0000	5.6569
32.9048	50.0000	7.0711
32.9191	26.0000	5.0990
32.9334	46.0000	6.7823
32.9476	42.0000	6.4807
32.9619	31.0000	5.5678
32.9761	35.0000	5.9161
32.9904	43.0000	6.5574
33.0047	42.0000	6.4807
33.0189	39.0000	6.2450
33.0332	50.0000	7.0711
33.0474	39.0000	6.2450
33.0617	45.0000	6.7082
33.0760	35.0000	5.9161
33.0902	43.0000	6.5574
33.1045	43.0000	6.5574
33.1187	41.0000	6.4031
33.1330	47.0000	6.8557
33.1473	32.0000	5.6569
33.1615	40.0000	6.3246
33.1758	34.0000	5.8310
33.1900	39.0000	6.2450
33.2043	42.0000	6.4807
33.2186	26.0000	5.0990
33.2328	37.0000	6.0828
33.2471	44.0000	6.6332
33.2613	36.0000	6.0000
33.2756	34.0000	5.8310
33.2899	46.0000	6.7823
33.3041	36.0000	6.0000
33.3184	39.0000	6.2450
33.3326	35.0000	5.9161
33.3469	41.0000	6.4031
33.3612	49.0000	7.0000
33.3754	54.0000	7.3485
33.3897	46.0000	6.7823
33.4039	30.0000	5.4772
33.4182	44.0000	6.6332
33.4324	45.0000	6.7082
33.4467	43.0000	6.5574
33.4610	35.0000	5.9161
33.4752	55.0000	7.4162
33.4895	49.0000	7.0000
33.5037	41.0000	6.4031
33.5180	27.0000	5.1962
33.5323	26.0000	5.0990
33.5465	35.0000	5.9161
33.5608	36.0000	6.0000
33.5750	34.0000	5.8310
33.5893	42.0000	6.4807
33.6036	41.0000	6.4031
33.6178	45.0000	6.7082
33.6321	45.0000	6.7082
33.6463	40.0000	6.3246
33.6606	31.0000	5.5678
33.6749	44.0000	6.6332
33.6891	42.0000	6.4807
33.7034	42.0000	6.4807
33.7176	42.0000	6.4807
33.7319	34.0000	5.8310
33.7462	31.0000	5.5678
33.7604	42.0000	6.4807
33.7747	39.0000	6.2450
33.7889	32.0000	5.6569
33.8032	38.0000	6.1644
33.8175	46.0000	6.7823
33.8317	36.0000	6.0000
33.8460	45.0000	6.7082
33.8602	24.0000	4.8990
33.8745	44.0000	6.6332
33.8888	42.0000	6.4807
33.9030	43.0000	6.5574
33.9173	35.0000	5.9161
33.9315	36.0000	6.0000
33.9458	36.0000	6.0000
33.9601	60.0000	7.7460
33.9743	35.0000	5.9161
33.9886	36.0000	6.0000
34.0028	36.0000	6.0000
34.0171	40.0000	6.3246
34.0313	34.0000	5.8310
34.0456	36.0000	6.0000
34.0599	40.0000	6.3246
34.0741	45.0000	6.7082
34.0884	47.0000	6.8557
34.1026	35.0000	5.9161
34.1169	46.0000	6.7823
34.1312	41.0000	6.4031
34.1454	46.0000	6.7823
34.1597	43.0000	6.5574
34.1739	28.0000	5.2915
34.1882	36.0000	6.0000
34.2025	33.0000	5.7446
34.2167	38.0000	6.1644
34.2310	45.0000	6.7082
34.2452	26.0000	5.0990
34.2595	31.0000	5.5678
34.2738	38.0000	6.1644
34.2880	23.0000	4.7958
34.3023	39.0000	6.2450
34.3165	34.0000	5.8310
34.3308	52.0000	7.2111
34.3451	40.0000	6.3246
34.3593	25.0000	5.0000
34.3736	37.0000	6.0828
34.3878	45.0000	6.7082
34.4021	48.0000	6.9282
34.4164	45.0000	6.7082
34.4306	46.0000	6.7823
34.4449	35.0000	5.9161
34.4591	37.0000	6.0828
34.4734	26.0000	5.0990
34.4877	32.0000	5.6569
34.5019	38.0000	6.1644
34.5162	37.0000	6.0828
34.5304	47.0000	6.8557
34.5447	40.0000	6.3246
34.5589	29.0000	5.3852
34.5732	53.0000	7.2801
34.5875	33.0000	5.7446
34.6017	55.0000	7.4162
34.6160	43.0000	6.5574
34.6302	49.0000	7.0000
34.6445	33.0000	5.7446
34.6588	37.0000	6.0828
34.6730	35.0000	5.9161
34.6873	27.0000	5.1962
34.7015	36.0000	6.0000
34.7158	41.0000	6.4031
34.7301	37.0000	6.0828
34.7443	43.0000	6.5574
34.7586	42.0000	6.4807
34.7728	39.0000	6.2450
34.7871	29.0000	5.3852
34.8014	47.0000	6.8557
34.8156	46.0000	6.7823
34.8299	26.0000	5.0990
34.8441	37.0000	6.0828
34.8584	43.0000	6.5574
34.8727	45.0000	6.7082
34.8869	39.0000	6.2450
34.9012	33.0000	5.7446
34.9154	36.0000	6.0000
34.9297	52.0000	7.2111
34.9440	44.0000	6.6332
34.9582	45.0000	6.7082
34.9725	33.0000	5.7446
34.9867	37.0000	6.0828
35.0010	45.0000	6.7082
35.0153	35.0000	5.9161
35.0295	45.0000	6.7082
35.0438	33.0000	5.7446
35.0580	47.0000	6.8557
35.0723	32.0000	5.6569
35.0866	40.0000	6.3246
35.1008	39.0000	6.2450
35.1151	37.0000	6.0828
35.1293	38.0000	6.1644
35.1436	45.0000	6.7082
35.1578	43.0000	6.5574
35.1721	39.0000	6.2450
35.1864	28.0000	5.2915
35.2006	45.0000	6.7082
35.2149	54.0000	7.3485
35.2291	33.0000	5.7446
35.2434	45.0000	6.7082
35.2577	37.0000	6.0828
35.2719	58.0000	7.6158
35.2862	39.0000	6.2450
35.3004	43.0000	6.5574
35.3147	31.0000	5.5678
35.3290	35.0000	5.9161
35.3432	38.0000	6.1644
35.3575	34.0000	5.8310
35.3717	41.0000	6.4031
35.3860	44.0000	6.6332
35.4003	48.0000	6.9282
35.4145	34.0000	5.8310
35.4288	38.0000	6.1644
35.4430	32.0000	5.6569
35.4573	43.0000	6.5574
35.4716	36.0000	6.0000
35.4858	48.0000	6.9282
35.5001	41.0000	6.4031
35.5143	34.0000	5.8310
35.5286	37.0000	6.0828
35.5429	46.0000	6.7823
35.5571	41.0000	6.4031
35.5714	45.0000	6.7082
35.5856	38.0000	6.1644
35.5999	49.0000	7.0000
35.6142	45.0000	6.7082
35.6284	49.0000	7.0000
35.6427	54.0000	7.3485
35.6569	43.0000	6.5574
35.6712	45.0000	6.7082
35.6855	40.0000	6.3246
35.6997	40.0000	6.3246
35.7140	34.0000	5.8310
35.7282	51.0000	7.1414
35.7425	52.0000	7.2111
35.7567	43.0000	6.5574
35.7710	63.0000	7.9373
35.7853	63.0000	7.9373
35.7995	53.0000	7.2801
35.8138	59.0000	7.6811
35.8280	50.0000	7.0711
35.8423	58.0000	7.6158
35.8566	62.0000	7.8740
35.8708	73.0000	8.5440
35.8851	83.0000	9.1104
35.8993	98.0000	9.8995
35.9136	85.0000	9.2195
35.9279	72.0000	8.4853
35.9421	79.0000	8.8882
35.9564	98.0000	9.8995
35.9706	68.0000	8.2462
35.9849	71.0000	8.4261
35.9992	72.0000	8.4853
36.0134	59.0000	7.6811
36.0277	79.0000	8.8882
36.0419	68.0000	8.2462
36.0562	53.0000	7.2801
36.0705	72.0000	8.4853
36.0847	67.0000	8.1854
36.0990	61.0000	7.8102
36.1132	57.0000	7.5498
36.1275	67.0000	8.1854
36.1418	66.0000	8.1240
36.1560	52.0000	7.2111
36.1703	38.0000	6.1644
36.1845	45.0000	6.7082
36.1988	56.0000	7.4833
36.2131	50.0000	7.0711
36.2273	39.0000	6.2450
36.2416	38.0000	6.1644
36.2558	45.0000	6.7082
36.2701	48.0000	6.9282
36.2843	50.0000	7.0711
36.2986	51.0000	7.1414
36.3129	50.0000	7.0711
36.3271	45.0000	6.7082
36.3414	40.0000	6.3246
36.3556	47.0000	6.8557
36.3699	40.0000	6.3246
36.3842	56.0000	7.4833
36.3984	37.0000	6.0828
36.4127	39.0000	6.2450
36.4269	47.0000	6.8557
36.4412	50.0000	7.0711
36.4555	47.0000	6.8557
36.4697	49.0000	7.0000
36.4840	58.0000	7.6158
36.4982	50.0000	7.0711
36.5125	42.0000	6.4807
36.5268	49.0000	7.0000
36.5410	54.0000	7.3485
36.5553	44.0000	6.6332
36.5695	52.0000	7.2111
36.5838	59.0000	7.6811
36.5981	50.0000	7.0711
36.6123	74.0000	8.6023
36.6266	66.0000	8.1240
36.6408	57.0000	7.5498
36.6551	64.0000	8.0000
36.6694	48.0000	6.9282
36.6836	50.0000	7.0711
36.6979	79.0000	8.8882
36.7121	58.0000	7.6158
36.7264	78.0000	8.8318
36.7407	67.0000	8.1854
36.7549	61.0000	7.8102
36.7692	81.0000	9.0000
36.7834	77.0000	8.7750
36.7977	62.0000	7.8740
36.8120	73.0000	8.5440
36.8262	71.0000	8.4261
36.8405	92.0000	9.5917
36.8547	72.0000	8.4853
36.8690	60.0000	7.7460
36.8832	85.0000	9.2195
36.8975	72.0000	8.4853
36.9118	87.0000	9.3274
36.9260	75.0000	8.6603
36.9403	74.0000	8.6023
36.9545	82.0000	9.0554
36.9688	85.0000	9.2195
36.9831	81.0000	9.0000
36.9973	71.0000	8.4261
37.0116	67.0000	8.1854
37.0258	72.0000	8.4853
37.0401	67.0000	8.1854
37.0544	69.0000	8.3066
37.0686	66.0000	8.1240
37.0829	58.0000	7.6158
37.0971	66.0000	8.1240
37.1114	63.0000	7.9373
37.1257	60.0000	7.7460
37.1399	62.0000	7.8740
37.1542	70.0000	8.3666
37.1684	75.0000	8.6603
37.1827	64.0000	8.0000
37.1970	58.0000	7.6158
37.2112	71.0000	8.4261
37.2255	60.0000	7.7460
37.2397	64.0000	8.0000
37.2540	71.0000	8.4261
37.2683	58.0000	7.6158
37.2825	71.0000	8.4261
37.2968	72.0000	8.4853
37.3110	95.0000	9.7468
37.3253	97.0000	9.8489
37.3396	66.0000	8.1240
37.3538	84.0000	9.1652
37.3681	84.0000	9.1652
37.3823	80.0000	8.9443
37.3966	103.0000	10.1489
37.4108	80.0000	8.9443
37.4251	118.0000	10.8628
37.4394	115.0000	10.7238
37.4536	116.0000	10.7703
37.4679	124.0000	11.1355
37.4821	112.0000	10.5830
37.4964	123.0000	11.0905
37.5107	131.0000	11.4455
37.5249	122.0000	11.0454
37.5392	134.0000	11.5758
37.5534	135.0000	11.6190
37.5677	168.0000	12.9615
37.5820	171.0000	13.0767
37.5962	159.0000	12.6095
37.6105	174.0000	13.1909
37.6247	160.0000	12.6491
37.6390	155.0000	12.4499
37.6533	159.0000	12.6095
37.6675	182.0000	13.4907
37.6818	148.0000	12.1655
37.6960	165.0000	12.8452
37.7103	171.0000	13.0767
37.7246	155.0000	12.4499
37.7388	146.0000	12.0830
37.7531	144.0000	12.0000
37.7673	134.0000	11.5758
37.7816	157.0000	12.5300
37.7959	121.0000	11.0000
37.8101	113.0000	10.6301
37.8244	111.0000	10.5357
37.8386	107.0000	10.3441
37.8529	108.0000	10.3923
37.8672	103.0000	10.1489
37.8814	100.0000	10.0000
37.8957	99.0000	9.9499
37.9099	87.0000	9.3274
37.9242	87.0000	9.3274
37.9385	94.0000	9.6954
37.9527	91.0000	9.5394
37.9670	84.0000	9.1652
37.9812	83.0000	9.1104
37.9955	63.0000	7.9373
38.0097	81.0000	9.0000
38.0240	65.0000	8.0623
38.0383	68.0000	8.2462
38.0525	62.0000	7.8740
38.0668	68.0000	8.2462
38.0810	77.0000	8.7750
38.0953	58.0000	7.6158
38.1096	68.0000	8.2462
38.1238	67.0000	8.1854
38.1381	48.0000	6.9282
38.1523	59.0000	7.6811
38.1666	77.0000	8.7750
38.1809	53.0000	7.2801
38.1951	70.0000	8.3666
38.2094	80.0000	8.9443
38.2236	61.0000	7.8102
38.2379	63.0000	7.9373
38.2522	62.0000	7.8740
38.2664	53.0000	7.2801
38.2807	80.0000	8.9443
38.2949	58.0000	7.6158
38.3092	69.0000	8.3066
38.3235	71.0000	8.4261
38.3377	61.0000	7.8102
38.3520	77.0000	8.7750
38.3662	84.0000	9.1652
38.3805	67.0000	8.1854
38.3948	66.0000	8.1240
38.4090	63.0000	7.9373
38.4233	71.0000	8.4261
38.4375	76.0000	8.7178
38.4518	75.0000	8.6603
38.4661	76.0000	8.7178
38.4803	78.0000	8.8318
38.4946	71.0000	8.4261
38.5088	88.0000	9.3808
38.5231	86.0000	9.2736
38.5374	78.0000	8.8318
38.5516	79.0000	8.8882
38.5659	79.0000	8.8882
38.5801	80.0000	8.9443
38.5944	64.0000	8.0000
38.6086	65.0000	8.0623
38.6229	67.0000	8.1854
38.6372	58.0000	7.6158
38.6514	54.0000	7.3485
38.6657	64.0000	8.0000
38.6799	58.0000	7.6158
38.6942	67.0000	8.1854
38.7085	57.0000	7.5498
38.7227	60.0000	7.7460
38.7370	52.0000	7.2111
38.7512	58.0000	7.6158
38.7655	67.0000	8.1854
38.7798	48.0000	6.9282
38.7940	51.0000	7.1414
38.8083	60.0000	7.7460
38.8225	56.0000	7.4833
38.8368	45.0000	6.7082
38.8511	48.0000	6.9282
38.8653	53.0000	7.2801
38.8796	53.0000	7.2801
38.8938	43.0000	6.5574
38.9081	54.0000	7.3485
38.9224	44.0000	6.6332
38.9366	39.0000	6.2450
38.9509	43.0000	6.5574
38.9651	44.0000	6.6332
38.9794	42.0000	6.4807
38.9937	41.0000	6.4031
39.0079	54.0000	7.3485
39.0222	48.0000	6.9282
39.0364	52.0000	7.2111
39.0507	52.0000	7.2111
39.0650	45.0000	6.7082
39.0792	38.0000	6.1644
39.0935	42.0000	6.4807
39.1077	52.0000	7.2111
39.1220	42.0000	6.4807
39.1362	40.0000	6.3246
39.1505	35.0000	5.9161
39.1648	48.0000	6.9282
39.1790	47.0000	6.8557
39.1933	50.0000	7.0711
39.2075	29.0000	5.3852
39.2218	34.0000	5.8310
39.2361	35.0000	5.9161
39.2503	41.0000	6.4031
39.2646	31.0000	5.5678
39.2788	36.0000	6.0000
39.2931	33.0000	5.7446
39.3074	48.0000	6.9282
39.3216	31.0000	5.5678
39.3359	40.0000	6.3246
39.3501	41.0000	6.4031
39.3644	30.0000	5.4772
39.3787	40.0000	6.3246
39.3929	38.0000	6.1644
39.4072	38.0000	6.1644
39.4214	36.0000	6.0000
39.4357	31.0000	5.5678
39.4500	28.0000	5.2915
39.4642	34.0000	5.8310
39.4785	35.0000	5.9161
39.4927	44.0000	6.6332
39.5070	39.0000	6.2450
39.5213	29.0000	5.3852
39.5355	39.0000	6.2450
39.5498	29.0000	5.3852
39.5640	28.0000	5.2915
39.5783	34.0000	5.8310
39.5926	36.0000	6.0000
39.6068	21.0000	4.5826
39.6211	35.0000	5.9161
39.6353	35.0000	5.9161
39.6496	24.0000	4.8990
39.6639	51.0000	7.1414
39.6781	30.0000	5.4772
39.6924	38.0000	6.1644
39.7066	24.0000	4.8990
39.7209	40.0000	6.3246
39.7351	40.0000	6.3246
39.7494	44.0000	6.6332
39.7637	31.0000	5.5678
39.7779	36.0000	6.0000
39.7922	36.0000	6.0000
39.8064	36.0000	6.0000
39.8207	37.0000	6.0828
39.8350	37.0000	6.0828
39.8492	40.0000	6.3246
39.8635	26.0000	5.0990
39.8777	27.0000	5.1962
39.8920	32.0000	5.6569
39.9063	35.0000	5.9161
39.9205	41.0000	6.4031
39.9348	36.0000	6.0000
39.9490	39.0000	6.2450
39.9633	38.0000	6.1644
39.9776	26.0000	5.0990
39.9918	42.0000	6.4807
40.0061	37.0000	6.0828
40.0203	29.0000	5.3852
40.0346	30.0000	5.4772
40.0489	31.0000	5.5678
40.0631	24.0000	4.8990
40.0774	32.0000	5.6569
40.0916	38.0000	6.1644
40.1059	33.0000	5.7446
40.1202	27.0000	5.1962
40.1344	32.0000	5.6569
40.1487	37.0000	6.0828
40.1629	28.0000	5.2915
40.1772	35.0000	5.9161
40.1915	45.0000	6.7082
40.2057	37.0000	6.0828
40.2200	29.0000	5.3852
40.2342	23.0000	4.7958
40.2485	37.0000	6.0828
40.2627	29.0000	5.3852
40.2770	24.0000	4.8990
40.2913	33.0000	5.7446
40.3055	28.0000	5.2915
40.3198	38.0000	6.1644
40.3340	36.0000	6.0000
40.3483	38.0000	6.1644
40.3626	32.0000	5.6569
40.3768	41.0000	6.4031
40.3911	36.0000	6.0000
40.4053	32.0000	5.6569
40.4196	30.0000	5.4772
40.4339	31.0000	5.5678
40.4481	36.0000	6.0000
40.4624	28.0000	5.2915
40.4766	35.0000	5.9161
40.4909	33.0000	5.7446
40.5052	33.0000	5.7446
40.5194	29.0000	5.3852
40.5337	18.0000	4.2426
40.5479	36.0000	6.0000
40.5622	30.0000	5.4772
40.5765	36.0000	6.0000
40.5907	41.0000	6.4031
40.6050	37.0000	6.0828
40.6192	35.0000	5.9161
40.6335	35.0000	5.9161
40.6478	28.0000	5.2915
40.6620	33.0000	5.7446
40.6763	44.0000	6.6332
40.6905	39.0000	6.2450
40.7048	29.0000	5.3852
40.7191	29.0000	5.3852
40.7333	28.0000	5.2915
40.7476	20.0000	4.4721
40.7618	33.0000	5.7446
40.7761	33.0000	5.7446
40.7904	27.0000	5.1962
40.8046	25.0000	5.0000
40.8189	40.0000	6.3246
40.8331	39.0000	6.2450
40.8474	50.0000	7.0711
40.8616	32.0000	5.6569
40.8759	37.0000	6.0828
40.8902	39.0000	6.2450
40.9044	41.0000	6.4031
40.9187	42.0000	6.4807
40.9329	34.0000	5.8310
40.9472	47.0000	6.8557
40.9615	44.0000	6.6332
40.9757	46.0000	6.7823
40.9900	36.0000	6.0000
41.0042	44.0000	6.6332
41.0185	39.0000	6.2450
41.0328	42.0000	6.4807
41.0470	45.0000	6.7082
41.0613	51.0000	7.1414
41.0755	55.0000	7.4162
41.0898	49.0000	7.0000
41.1041	47.0000	6.8557
41.1183	50.0000	7.0711
41.1326	50.0000	7.0711
41.1468	54.0000	7.3485
41.1611	48.0000	6.9282
41.1754	50.0000	7.0711
41.1896	39.0000	6.2450
41.2039	48.0000	6.9282
41.2181	65.0000	8.0623
41.2324	50.0000	7.0711
41.2467	46.0000	6.7823
41.2609	36.0000	6.0000
41.2752	30.0000	5.4772
41.2894	37.0000	6.0828
41.3037	29.0000	5.3852
41.3180	31.0000	5.5678
41.3322	42.0000	6.4807
41.3465	37.0000	6.0828
41.3607	31.0000	5.5678
41.3750	31.0000	5.5678
41.3893	32.0000	5.6569
41.4035	31.0000	5.5678
41.4178	32.0000	5.6569
41.4320	42.0000	6.4807
41.4463	30.0000	5.4772
41.4605	41.0000	6.4031
41.4748	26.0000	5.0990
41.4891	35.0000	5.9161
41.5033	32.0000	5.6569
41.5176	29.0000	5.3852
41.5318	26.0000	5.0990
41.5461	29.0000	5.3852
41.5604	38.0000	6.1644
41.5746	26.0000	5.0990
41.5889	28.0000	5.2915
41.6031	33.0000	5.7446
41.6174	39.0000	6.2450
41.6317	34.0000	5.8310
41.6459	38.0000	6.1644
41.6602	22.0000	4.6904
41.6744	37.0000	6.0828
41.6887	34.0000	5.8310
41.7030	27.0000	5.1962
41.7172	17.0000	4.1231
41.7315	30.0000	5.4772
41.7457	32.0000	5.6569
41.7600	29.0000	5.3852
41.7743	20.0000	4.4721
41.7885	27.0000	5.1962
41.8028	29.0000	5.3852
41.8170	28.0000	5.2915
41.8313	30.0000	5.4772
41.8456	26.0000	5.0990
41.8598	24.0000	4.8990
41.8741	26.0000	5.0990
41.8883	25.0000	5.0000
41.9026	25.0000	5.0000
41.9169	27.0000	5.1962
41.9311	22.0000	4.6904
41.9454	40.0000	6.3246
41.9596	38.0000	6.1644
41.9739	32.0000	5.6569
41.9881	33.0000	5.7446
42.0024	32.0000	5.6569
42.0167	29.0000	5.3852
42.0309	27.0000	5.1962
42.0452	34.0000	5.8310
42.0594	25.0000	5.0000
42.0737	22.0000	4.6904
42.0880	33.0000	5.7446
42.1022	18.0000	4.2426
42.1165	28.0000	5.2915
42.1307	31.0000	5.5678
42.1450	35.0000	5.9161
42.1593	32.0000	5.6569
42.1735	33.0000	5.7446
42.1878	32.0000	5.6569
42.2020	28.0000	5.2915
42.2163	35.0000	5.9161
42.2306	33.0000	5.7446
42.2448	29.0000	5.3852
42.2591	34.0000	5.8310
42.2733	36.0000	6.0000
42.2876	38.0000	6.1644
42.3019	34.0000	5.8310
42.3161	34.0000	5.8310
42.3304	28.0000	5.2915
42.3446	22.0000	4.6904
42.3589	21.0000	4.5826
42.3732	24.0000	4.8990
42.3874	33.0000	5.7446
42.4017	42.0000	6.4807
42.4159	28.0000	5.2915
42.4302	23.0000	4.7958
42.4445	39.0000	6.2450
42.4587	27.0000	5.1962
42.4730	20.0000	4.4721
42.4872	35.0000	5.9161
42.5015	32.0000	5.6569
42.5158	32.0000	5.6569
42.5300	26.0000	5.0990
42.5443	29.0000	5.3852
42.5585	31.0000	5.5678
42.5728	28.0000	5.2915
42.5870	31.0000	5.5678
42.6013	27.0000	5.1962
42.6156	28.0000	5.2915
42.6298	29.0000	5.3852
42.6441	22.0000	4.6904
42.6583	27.0000	5.1962
42.6726	26.0000	5.0990
42.6869	30.0000	5.4772
42.7011	23.0000	4.7958
42.7154	30.0000	5.4772
42.7296	22.0000	4.6904
42.7439	24.0000	4.8990
42.7582	26.0000	5.0990
42.7724	29.0000	5.3852
42.7867	32.0000	5.6569
42.8009	22.0000	4.6904
42.8152	29.0000	5.3852
42.8295	37.0000	6.0828
42.8437	31.0000	5.5678
42.8580	22.0000	4.6904
42.8722	30.0000	5.4772
42.8865	27.0000	5.1962
42.9008	32.0000	5.6569
42.9150	14.0000	3.7417
42.9293	28.0000	5.2915
42.9435	34.0000	5.8310
42.9578	30.0000	5.4772
42.9721	21.0000	4.5826
42.9863	32.0000	5.6569
43.0006	31.0000	5.5678
43.0148	29.0000	5.3852
43.0291	38.0000	6.1644
43.0434	38.0000	6.1644
43.0576	27.0000	5.1962
43.0719	32.0000	5.6569
43.0861	27.0000	5.1962
43.1004	28.0000	5.2915
43.1146	38.0000	6.1644
43.1289	26.0000	5.0990
43.1432	33.0000	5.7446
43.1574	31.0000	5.5678
43.1717	27.0000	5.1962
43.1859	24.0000	4.8990
43.2002	23.0000	4.7958
43.2145	20.0000	4.4721
43.2287	31.0000	5.5678
43.2430	27.0000	5.1962
43.2572	27.0000	5.1962
43.2715	32.0000	5.6569
43.2858	27.0000	5.1962
43.3000	31.0000	5.5678
43.3143	24.0000	4.8990
43.3285	22.0000	4.6904
43.3428	28.0000	5.2915
43.3571	25.0000	5.0000
43.3713	24.0000	4.8990
43.3856	34.0000	5.8310
43.3998	26.0000	5.0990
43.4141	29.0000	5.3852
43.4284	31.0000	5.5678
43.4426	26.0000	5.0990
43.4569	30.0000	5.4772
43.4711	30.0000	5.4772
43.4854	31.0000	5.5678
43.4997	25.0000	5.0000
43.5139	25.0000	5.0000
43.5282	35.0000	5.9161
43.5424	31.0000	5.5678
43.5567	31.0000	5.5678
43.5710	27.0000	5.1962
43.5852	28.0000	5.2915
43.5995	27.0000	5.1962
43.6137	38.0000	6.1644
43.6280	35.0000	5.9161
43.6423	28.0000	5.2915
43.6565	30.0000	5.4772
43.6708	32.0000	5.6569
43.6850	21.0000	4.5826
43.6993	30.0000	5.4772
43.7135	36.0000	6.0000
43.7278	28.0000	5.2915
43.7421	21.0000	4.5826
43.7563	33.0000	5.7446
43.7706	30.0000	5.4772
43.7848	31.0000	5.5678
43.7991	34.0000	5.8310
43.8134	30.0000	5.4772
43.8276	32.0000	5.6569
43.8419	30.0000	5.4772
43.8561	33.0000	5.7446
43.8704	43.0000	6.5574
43.8847	36.0000	6.0000
43.8989	43.0000	6.5574
43.9132	27.0000	5.1962
43.9274	37.0000	6.0828
43.9417	51.0000	7.1414
43.9560	36.0000	6.0000
43.9702	41.0000	6.4031
43.9845	28.0000	5.2915
43.9987	25.0000	5.0000
44.0130	28.0000	5.2915
44.0273	34.0000	5.8310
44.0415	28.0000	5.2915
44.0558	27.0000	5.1962
44.0700	35.0000	5.9161
44.0843	30.0000	5.4772
44.0986	36.0000	6.0000
44.1128	35.0000	5.9161
44.1271	23.0000	4.7958
44.1413	31.0000	5.5678
44.1556	32.0000	5.6569
44.1699	21.0000	4.5826
44.1841	23.0000	4.7958
44.1984	28.0000	5.2915
44.2126	38.0000	6.1644
44.2269	33.0000	5.7446
44.2412	27.0000	5.1962
44.2554	31.0000	5.5678
44.2697	27.0000	5.1962
44.2839	27.0000	5.1962
44.2982	30.0000	5.4772
44.3124	32.0000	5.6569
44.3267	25.0000	5.0000
44.3410	38.0000	6.1644
44.3552	34.0000	5.8310
44.3695	33.0000	5.7446
44.3837	27.0000	5.1962
44.3980	27.0000	5.1962
44.4123	23.0000	4.7958
44.4265	34.0000	5.8310
44.4408	28.0000	5.2915
44.4550	23.0000	4.7958
44.4693	25.0000	5.0000
44.4836	36.0000	6.0000
44.4978	28.0000	5.2915
44.5121	31.0000	5.5678
44.5263	26.0000	5.0990
44.5406	23.0000	4.7958
44.5549	34.0000	5.8310
44.5691	21.0000	4.5826
44.5834	21.0000	4.5826
44.5976	28.0000	5.2915
44.6119	28.0000	5.2915
44.6262	25.0000	5.0000
44.6404	40.0000	6.3246
44.6547	34.0000	5.8310
44.6689	21.0000	4.5826
44.6832	19.0000	4.3589
44.6975	32.0000	5.6569
44.7117	27.0000	5.1962
44.7260	29.0000	5.3852
44.7402	23.0000	4.7958
44.7545	37.0000	6.0828
44.7688	30.0000	5.4772
44.7830	30.0000	5.4772
44.7973	28.0000	5.2915
44.8115	18.0000	4.2426
44.8258	18.0000	4.2426
44.8400	25.0000	5.0000
44.8543	21.0000	4.5826
44.8686	32.0000	5.6569
44.8828	39.0000	6.2450
44.8971	32.0000	5.6569
44.9113	27.0000	5.1962
44.9256	31.0000	5.5678
44.9399	25.0000	5.0000
44.9541	28.0000	5.2915
44.9684	25.0000	5.0000
44.9826	30.0000	5.4772
44.9969	22.0000	4.6904
45.0112	39.0000	6.2450
45.0254	18.0000	4.2426
45.0397	33.0000	5.7446
45.0539	29.0000	5.3852
45.0682	23.0000	4.7958
45.0825	29.0000	5.3852
45.0967	27.0000	5.1962
45.1110	32.0000	5.6569
45.1252	22.0000	4.6904
45.1395	25.0000	5.0000
45.1538	24.0000	4.8990
45.1680	33.0000	5.7446
45.1823	18.0000	4.2426
45.1965	28.0000	5.2915
45.2108	32.0000	5.6569
45.2251	26.0000	5.0990
45.2393	24.0000	4.8990
45.2536	32.0000	5.6569
45.2678	20.0000	4.4721
45.2821	26.0000	5.0990
45.2964	35.0000	5.9161
45.3106	27.0000	5.1962
45.3249	28.0000	5.2915
45.3391	39.0000	6.2450
45.3534	32.0000	5.6569
45.3677	20.0000	4.4721
45.3819	29.0000	5.3852
45.3962	16.0000	4.0000
45.4104	30.0000	5.4772
45.4247	28.0000	5.2915
45.4389	27.0000	5.1962
45.4532	24.0000	4.8990
45.4675	20.0000	4.4721
45.4817	30.0000	5.4772
45.4960	24.0000	4.8990
45.5102	31.0000	5.5678
45.5245	23.0000	4.7958
45.5388	34.0000	5.8310
45.5530	22.0000	4.6904
45.5673	30.0000	5.4772
45.5815	22.0000	4.6904
45.5958	21.0000	4.5826
45.6101	31.0000	5.5678
45.6243	20.0000	4.4721
45.6386	30.0000	5.4772
45.6528	25.0000	5.0000
45.6671	25.0000	5.0000
45.6814	17.0000	4.1231
45.6956	26.0000	5.0990
45.7099	34.0000	5.8310
45.7241	23.0000	4.7958
45.7384	24.0000	4.8990
45.7527	34.0000	5.8310
45.7669	30.0000	5.4772
45.7812	27.0000	5.1962
45.7954	28.0000	5.2915
45.8097	32.0000	5.6569
45.8240	31.0000	5.5678
45.8382	24.0000	4.8990
45.8525	22.0000	4.6904
45.8667	32.0000	5.6569
45.8810	26.0000	5.0990
45.8953	36.0000	6.0000
45.9095	25.0000	5.0000
45.9238	30.0000	5.4772
45.9380	28.0000	5.2915
45.9523	28.0000	5.2915
45.9665	22.0000	4.6904
45.9808	26.0000	5.0990
45.9951	29.0000	5.3852
46.0093	29.0000	5.3852
46.0236	28.0000	5.2915
46.0378	31.0000	5.5678
46.0521	28.0000	5.2915
46.0664	25.0000	5.0000
46.0806	28.0000	5.2915
46.0949	27.0000	5.1962
46.1091	32.0000	5.6569
46.1234	30.0000	5.4772
46.1377	27.0000	5.1962
46.1519	24.0000	4.8990
46.1662	27.0000	5.1962
46.1804	30.0000	5.4772
46.1947	21.0000	4.5826
46.2090	25.0000	5.0000
46.2232	29.0000	5.3852
46.2375	33.0000	5.7446
46.2517	28.0000	5.2915
46.2660	37.0000	6.0828
46.2803	28.0000	5.2915
46.2945	26.0000	5.0990
46.3088	34.0000	5.8310
46.3230	29.0000	5.3852
46.3373	21.0000	4.5826
46.3516	30.0000	5.4772
46.3658	31.0000	5.5678
46.3801	28.0000	5.2915
46.3943	49.0000	7.0000
46.4086	30.0000	5.4772
46.4229	32.0000	5.6569
46.4371	32.0000	5.6569
46.4514	35.0000	5.9161
46.4656	30.0000	5.4772
46.4799	35.0000	5.9161
46.4942	25.0000	5.0000
46.5084	34.0000	5.8310
46.5227	30.0000	5.4772
46.5369	31.0000	5.5678
46.5512	30.0000	5.4772
46.5654	33.0000	5.7446
46.5797	46.0000	6.7823
46.5940	26.0000	5.0990
46.6082	32.0000	5.6569
46.6225	32.0000	5.6569
46.6367	24.0000	4.8990
46.6510	22.0000	4.6904
46.6653	41.0000	6.4031
46.6795	27.0000	5.1962
46.6938	28.0000	5.2915
46.7080	33.0000	5.7446
46.7223	33.0000	5.7446
46.7366	34.0000	5.8310
46.7508	28.0000	5.2915
46.7651	28.0000	5.2915
46.7793	41.0000	6.4031
46.7936	33.0000	5.7446
46.8079	44.0000	6.6332
46.8221	30.0000	5.4772
46.8364	26.0000	5.0990
46.8506	40.0000	6.3246
46.8649	18.0000	4.2426
46.8792	39.0000	6.2450
46.8934	36.0000	6.0000
46.9077	25.0000	5.0000
46.9219	33.0000	5.7446
46.9362	29.0000	5.3852
46.9505	33.0000	5.7446
46.9647	23.0000	4.7958
46.9790	26.0000	5.0990
46.9932	32.0000	5.6569
47.0075	37.0000	6.0828
47.0218	36.0000	6.0000
47.0360	33.0000	5.7446
47.0503	37.0000	6.0828
47.0645	41.0000	6.4031
47.0788	28.0000	5.2915
47.0931	33.0000	5.7446
47.1073	45.0000	6.7082
47.1216	33.0000	5.7446
47.1358	36.0000	6.0000
47.1501	34.0000	5.8310
47.1643	29.0000	5.3852
47.1786	36.0000	6.0000
47.1929	38.0000	6.1644
47.2071	27.0000	5.1962
47.2214	42.0000	6.4807
47.2356	31.0000	5.5678
47.2499	39.0000	6.2450
47.2642	36.0000	6.0000
47.2784	34.0000	5.8310
47.2927	36.0000	6.0000
47.3069	49.0000	7.0000
47.3212	38.0000	6.1644
47.3355	41.0000	6.4031
47.3497	35.0000	5.9161
47.3640	43.0000	6.5574
47.3782	55.0000	7.4162
47.3925	41.0000	6.4031
47.4068	58.0000	7.6158
47.4210	41.0000	6.4031
47.4353	40.0000	6.3246
47.4495	51.0000	7.1414
47.4638	52.0000	7.2111
47.4781	56.0000	7.4833
47.4923	57.0000	7.5498
47.5066	53.0000	7.2801
47.5208	43.0000	6.5574
47.5351	61.0000	7.8102
47.5494	69.0000	8.3066
47.5636	59.0000	7.6811
47.5779	67.0000	8.1854
47.5921	68.0000	8.2462
47.6064	68.0000	8.2462
47.6207	86.0000	9.2736
47.6349	65.0000	8.0623
47.6492	73.0000	8.5440
47.6634	87.0000	9.3274
47.6777	99.0000	9.9499
47.6919	93.0000	9.6437
47.7062	93.0000	9.6437
47.7205	97.0000	9.8489
47.7347	130.0000	11.4018
47.7490	115.0000	10.7238
47.7632	124.0000	11.1355
47.7775	126.0000	11.2250
47.7918	113.0000	10.6301
47.8060	144.0000	12.0000
47.8203	130.0000	11.4018
47.8345	157.0000	12.5300
47.8488	150.0000	12.2474
47.8631	139.0000	11.7898
47.8773	168.0000	12.9615
47.8916	178.0000	13.3417
47.9058	181.0000	13.4536
47.9201	156.0000	12.4900
47.9344	178.0000	13.3417
47.9486	177.0000	13.3041
47.9629	172.0000	13.1149
47.9771	191.0000	13.8203
47.9914	172.0000	13.1149
48.0057	182.0000	13.4907
48.0199	148.0000	12.1655
48.0342	163.0000	12.7671
48.0484	165.0000	12.8452
48.0627	171.0000	13.0767
48.0770	181.0000	13.4536
48.0912	144.0000	12.0000
48.1055	137.0000	11.7047
48.1197	121.0000	11.0000
48.1340	131.0000	11.4455
48.1483	137.0000	11.7047
48.1625	100.0000	10.0000
48.1768	127.0000	11.2694
48.1910	114.0000	10.6771
48.2053	96.0000	9.7980
48.2196	85.0000	9.2195
48.2338	109.0000	10.4403
48.2481	105.0000	10.2470
48.2623	81.0000	9.0000
48.2766	60.0000	7.7460
48.2908	64.0000	8.0000
48.3051	82.0000	9.0554
48.3194	70.0000	8.3666
48.3336	76.0000	8.7178
48.3479	53.0000	7.2801
48.3621	66.0000	8.1240
48.3764	71.0000	8.4261
48.3907	72.0000	8.4853
48.4049	62.0000	7.8740
48.4192	56.0000	7.4833
48.4334	54.0000	7.3485
48.4477	48.0000	6.9282
48.4620	59.0000	7.6811
48.4762	41.0000	6.4031
48.4905	41.0000	6.4031
48.5047	49.0000	7.0000
48.5190	44.0000	6.6332
48.5333	43.0000	6.5574
48.5475	39.0000	6.2450
48.5618	39.0000	6.2450
48.5760	33.0000	5.7446
48.5903	41.0000	6.4031
48.6046	31.0000	5.5678
48.6188	29.0000	5.3852
48.6331	34.0000	5.8310
48.6473	45.0000	6.7082
48.6616	44.0000	6.6332
48.6759	23.0000	4.7958
48.6901	27.0000	5.1962
48.7044	37.0000	6.0828
48.7186	29.0000	5.3852
48.7329	52.0000	7.2111
48.7472	36.0000	6.0000
48.7614	20.0000	4.4721
48.7757	33.0000	5.7446
48.7899	34.0000	5.8310
48.8042	36.0000	6.0000
48.8184	30.0000	5.4772
48.8327	35.0000	5.9161
48.8470	37.0000	6.0828
48.8612	21.0000	4.5826
48.8755	33.0000	5.7446
48.8897	39.0000	6.2450
48.9040	37.0000	6.0828
48.9183	20.0000	4.4721
48.9325	39.0000	6.2450
48.9468	33.0000	5.7446
48.9610	30.0000	5.4772
48.9753	36.0000	6.0000
48.9896	22.0000	4.6904
49.0038	21.0000	4.5826
49.0181	31.0000	5.5678
49.0323	21.0000	4.5826
49.0466	37.0000	6.0828
49.0609	35.0000	5.9161
49.0751	33.0000	5.7446
49.0894	37.0000	6.0828
49.1036	28.0000	5.2915
49.1179	32.0000	5.6569
49.1322	26.0000	5.0990
49.1464	34.0000	5.8310
49.1607	34.0000	5.8310
49.1749	34.0000	5.8310
49.1892	25.0000	5.0000
49.2035	32.0000	5.6569
49.2177	27.0000	5.1962
49.2320	25.0000	5.0000
49.2462	29.0000	5.3852
49.2605	32.0000	5.6569
49.2748	31.0000	5.5678
49.2890	25.0000	5.0000
49.3033	21.0000	4.5826
49.3175	33.0000	5.7446
49.3318	21.0000	4.5826
49.3461	30.0000	5.4772
49.3603	23.0000	4.7958
49.3746	14.0000	3.7417
49.3888	31.0000	5.5678
49.4031	37.0000	6.0828
49.4173	20.0000	4.4721
49.4316	20.0000	4.4721
49.4459	33.0000	5.7446
49.4601	28.0000	5.2915
49.4744	25.0000	5.0000
49.4886	22.0000	4.6904
49.5029	24.0000	4.8990
49.5172	30.0000	5.4772
49.5314	36.0000	6.0000
49.5457	20.0000	4.4721
49.5599	25.0000	5.0000
49.5742	22.0000	4.6904
49.5885	36.0000	6.0000
49.6027	27.0000	5.1962
49.6170	28.0000	5.2915
49.6312	34.0000	5.8310
49.6455	21.0000	4.5826
49.6598	25.0000	5.0000
49.6740	24.0000	4.8990
49.6883	32.0000	5.6569
49.7025	23.0000	4.7958
49.7168	27.0000	5.1962
49.7311	26.0000	5.0990
49.7453	33.0000	5.7446
49.7596	17.0000	4.1231
49.7738	29.0000	5.3852
49.7881	29.0000	5.3852
49.8024	25.0000	5.0000
49.8166	15.0000	3.8730
49.8309	30.0000	5.4772
49.8451	35.0000	5.9161
49.8594	43.0000	6.5574
49.8737	33.0000	5.7446
49.8879	28.0000	5.2915
49.9022	32.0000	5.6569
49.9164	20.0000	4.4721
49.9307	29.0000	5.3852
49.9450	25.0000	5.0000
49.9592	41.0000	6.4031
49.9735	26.0000	5.0990
49.9877	24.0000	4.8990
50.0020	25.0000	5.0000
50.0162	24.0000	4.8990
50.0305	18.0000	4.2426
50.0448	25.0000	5.0000
50.0590	18.0000	4.2426
50.0733	27.0000	5.1962
50.0875	24.0000	4.8990
50.1018	23.0000	4.7958
50.1161	22.0000	4.6904
50.1303	17.0000	4.1231
50.1446	31.0000	5.5678
50.1588	27.0000	5.1962
50.1731	25.0000	5.0000
50.1874	21.0000	4.5826
50.2016	32.0000	5.6569
50.2159	28.0000	5.2915
50.2301	27.0000	5.1962
50.2444	23.0000	4.7958
50.2587	24.0000	4.8990
50.2729	28.0000	5.2915
50.2872	31.0000	5.5678
50.3014	23.0000	4.7958
50.3157	31.0000	5.5678
50.3300	26.0000	5.0990
50.3442	26.0000	5.0990
50.3585	30.0000	5.4772
50.3727	25.0000	5.0000
50.3870	19.0000	4.3589
50.4013	21.0000	4.5826
50.4155	30.0000	5.4772
50.4298	26.0000	5.0990
50.4440	37.0000	6.0828
50.4583	21.0000	4.5826
50.4726	23.0000	4.7958
50.4868	20.0000	4.4721
50.5011	24.0000	4.8990
50.5153	25.0000	5.0000
50.5296	22.0000	4.6904
50.5438	18.0000	4.2426
50.5581	39.0000	6.2450
50.5724	20.0000	4.4721
50.5866	21.0000	4.5826
50.6009	24.0000	4.8990
50.6151	33.0000	5.7446
50.6294	30.0000	5.4772
50.6437	14.0000	3.7417
50.6579	26.0000	5.0990
50.6722	23.0000	4.7958
50.6864	23.0000	4.7958
50.7007	17.0000	4.1231
50.7150	21.0000	4.5826
50.7292	37.0000	6.0828
50.7435	22.0000	4.6904
50.7577	15.0000	3.8730
50.7720	21.0000	4.5826
50.7863	22.0000	4.6904
50.8005	23.0000	4.7958
50.8148	25.0000	5.0000
50.8290	15.0000	3.8730
50.8433	22.0000	4.6904
50.8576	31.0000	5.5678
50.8718	18.0000	4.2426
50.8861	20.0000	4.4721
50.9003	20.0000	4.4721
50.9146	21.0000	4.5826
50.9289	25.0000	5.0000
50.9431	29.0000	5.3852
50.9574	29.0000	5.3852
50.9716	21.0000	4.5826
50.9859	19.0000	4.3589
51.0002	24.0000	4.8990
51.0144	25.0000	5.0000
51.0287	29.0000	5.3852
51.0429	20.0000	4.4721
51.0572	22.0000	4.6904
51.0715	31.0000	5.5678
51.0857	19.0000	4.3589
51.1000	23.0000	4.7958
51.1142	17.0000	4.1231
51.1285	27.0000	5.1962
51.1427	26.0000	5.0990
51.1570	14.0000	3.7417
51.1713	25.0000	5.0000
51.1855	27.0000	5.1962
51.1998	29.0000	5.3852
51.2140	25.0000	5.0000
51.2283	37.0000	6.0828
51.2426	25.0000	5.0000
51.2568	16.0000	4.0000
51.2711	23.0000	4.7958
51.2853	28.0000	5.2915
51.2996	17.0000	4.1231
51.3139	21.0000	4.5826
51.3281	19.0000	4.3589
51.3424	26.0000	5.0990
51.3566	17.0000	4.1231
51.3709	24.0000	4.8990
51.3852	29.0000	5.3852
51.3994	27.0000	5.1962
51.4137	29.0000	5.3852
51.4279	28.0000	5.2915
51.4422	21.0000	4.5826
51.4565	24.0000	4.8990
51.4707	26.0000	5.0990
51.4850	33.0000	5.7446
51.4992	30.0000	5.4772
51.5135	21.0000	4.5826
51.5278	33.0000	5.7446
51.5420	18.0000	4.2426
51.5563	27.0000	5.1962
51.5705	18.0000	4.2426
51.5848	25.0000	5.0000
51.5991	24.0000	4.8990
51.6133	27.0000	5.1962
51.6276	30.0000	5.4772
51.6418	26.0000	5.0990
51.6561	34.0000	5.8310
51.6703	28.0000	5.2915
51.6846	20.0000	4.4721
51.6989	16.0000	4.0000
51.7131	12.0000	3.4641
51.7274	20.0000	4.4721
51.7416	24.0000	4.8990
51.7559	27.0000	5.1962
51.7702	27.0000	5.1962
51.7844	37.0000	6.0828
51.7987	17.0000	4.1231
51.8129	27.0000	5.1962
51.8272	32.0000	5.6569
51.8415	31.0000	5.5678
51.8557	28.0000	5.2915
51.8700	25.0000	5.0000
51.8842	31.0000	5.5678
51.8985	21.0000	4.5826
51.9128	35.0000	5.9161
51.9270	32.0000	5.6569
51.9413	22.0000	4.6904
51.9555	14.0000	3.7417
51.9698	23.0000	4.7958
51.9841	22.0000	4.6904
51.9983	24.0000	4.8990
52.0126	30.0000	5.4772
52.0268	31.0000	5.5678
52.0411	32.0000	5.6569
52.0554	28.0000	5.2915
52.0696	33.0000	5.7446
52.0839	26.0000	5.0990
52.0981	27.0000	5.1962
52.1124	22.0000	4.6904
52.1267	26.0000	5.0990
52.1409	32.0000	5.6569
52.1552	28.0000	5.2915
52.1694	21.0000	4.5826
52.1837	25.0000	5.0000
52.1980	28.0000	5.2915
52.2122	32.0000	5.6569
52.2265	26.0000	5.0990
52.2407	33.0000	5.7446
52.2550	30.0000	5.4772
52.2692	35.0000	5.9161
52.2835	30.0000	5.4772
52.2978	17.0000	4.1231
52.3120	27.0000	5.1962
52.3263	29.0000	5.3852
52.3405	30.0000	5.4772
52.3548	31.0000	5.5678
52.3691	25.0000	5.0000
52.3833	23.0000	4.7958
52.3976	20.0000	4.4721
52.4118	29.0000	5.3852
52.4261	24.0000	4.8990
52.4404	22.0000	4.6904
52.4546	27.0000	5.1962
52.4689	31.0000	5.5678
52.4831	17.0000	4.1231
52.4974	29.0000	5.3852
52.5117	24.0000	4.8990
52.5259	27.0000	5.1962
52.5402	24.0000	4.8990
52.5544	36.0000	6.0000
52.5687	29.0000	5.3852
52.5830	33.0000	5.7446
52.5972	30.0000	5.4772
52.6115	41.0000	6.4031
52.6257	30.0000	5.4772
52.6400	35.0000	5.9161
52.6543	39.0000	6.2450
52.6685	27.0000	5.1962
52.6828	34.0000	5.8310
52.6970	23.0000	4.7958
52.7113	45.0000	6.7082
52.7256	35.0000	5.9161
52.7398	27.0000	5.1962
52.7541	35.0000	5.9161
52.7683	40.0000	6.3246
52.7826	29.0000	5.3852
52.7969	35.0000	5.9161
52.8111	28.0000	5.2915
52.8254	35.0000	5.9161
52.8396	35.0000	5.9161
52.8539	34.0000	5.8310
52.8681	26.0000	5.0990
52.8824	37.0000	6.0828
52.8967	25.0000	5.0000
52.9109	39.0000	6.2450
52.9252	27.0000	5.1962
52.9394	37.0000	6.0828
52.9537	34.0000	5.8310
52.9680	33.0000	5.7446
52.9822	35.0000	5.9161
52.9965	31.0000	5.5678
53.0107	46.0000	6.7823
53.0250	38.0000	6.1644
53.0393	33.0000	5.7446
53.0535	34.0000	5.8310
53.0678	37.0000	6.0828
53.0820	24.0000	4.8990
53.0963	51.0000	7.1414
53.1106	30.0000	5.4772
53.1248	44.0000	6.6332
53.1391	38.0000	6.1644
53.1533	38.0000	6.1644
53.1676	36.0000	6.0000
53.1819	50.0000	7.0711
53.1961	47.0000	6.8557
53.2104	60.0000	7.7460
53.2246	49.0000	7.0000
53.2389	52.0000	7.2111
53.2532	41.0000	6.4031
53.2674	52.0000	7.2111
53.2817	58.0000	7.6158
53.2959	66.0000	8.1240
53.3102	66.0000	8.1240
53.3245	59.0000	7.6811
53.3387	69.0000	8.3066
53.3530	57.0000	7.5498
53.3672	72.0000	8.4853
53.3815	73.0000	8.5440
53.3957	71.0000	8.4261
53.4100	67.0000	8.1854
53.4243	72.0000	8.4853
53.4385	81.0000	9.0000
53.4528	85.0000	9.2195
53.4670	91.0000	9.5394
53.4813	84.0000	9.1652
53.4956	98.0000	9.8995
53.5098	89.0000	9.4340
53.5241	122.0000	11.0454
53.5383	103.0000	10.1489
53.5526	120.0000	10.9545
53.5669	114.0000	10.6771
53.5811	127.0000	11.2694
53.5954	132.0000	11.4891
53.6096	118.0000	10.8628
53.6239	127.0000	11.2694
53.6382	125.0000	11.1803
53.6524	134.0000	11.5758
53.6667	115.0000	10.7238
53.6809	127.0000	11.2694
53.6952	123.0000	11.0905
53.7095	103.0000	10.1489
53.7237	111.0000	10.5357
53.7380	107.0000	10.3441
53.7522	103.0000	10.1489
53.7665	92.0000	9.5917
53.7808	101.0000	10.0499
53.7950	86.0000	9.2736
53.8093	111.0000	10.5357
53.8235	109.0000	10.4403
53.8378	97.0000	9.8489
53.8521	88.0000	9.3808
53.8663	94.0000	9.6954
53.8806	91.0000	9.5394
53.8948	108.0000	10.3923
53.9091	120.0000	10.9545
53.9234	94.0000	9.6954
53.9376	113.0000	10.6301
53.9519	94.0000	9.6954
53.9661	124.0000	11.1355
53.9804	89.0000	9.4340
53.9946	104.0000	10.1980
54.0089	94.0000	9.6954
54.0232	124.0000	11.1355
54.0374	98.0000	9.8995
54.0517	115.0000	10.7238
54.0659	95.0000	9.7468
54.0802	108.0000	10.3923
54.0945	86.0000	9.2736
54.1087	112.0000	10.5830
54.1230	92.0000	9.5917
54.1372	109.0000	10.4403
54.1515	112.0000	10.5830
54.1658	77.0000	8.7750
54.1800	87.0000	9.3274
54.1943	88.0000	9.3808
54.2085	69.0000	8.3066
54.2228	82.0000	9.0554
54.2371	72.0000	8.4853
54.2513	74.0000	8.6023
54.2656	62.0000	7.8740
54.2798	60.0000	7.7460
54.2941	60.0000	7.7460
54.3084	59.0000	7.6811
54.3226	73.0000	8.5440
54.3369	72.0000	8.4853
54.3511	53.0000	7.2801
54.3654	54.0000	7.3485
54.3797	44.0000	6.6332
54.3939	62.0000	7.8740
54.4082	54.0000	7.3485
54.4224	57.0000	7.5498
54.4367	51.0000	7.1414
54.4510	59.0000	7.6811
54.4652	49.0000	7.0000
54.4795	58.0000	7.6158
54.4937	51.0000	7.1414
54.5080	74.0000	8.6023
54.5222	60.0000	7.7460
54.5365	50.0000	7.0711
54.5508	48.0000	6.9282
54.5650	53.0000	7.2801
54.5793	79.0000	8.8882
54.5935	65.0000	8.0623
54.6078	73.0000	8.5440
54.6221	49.0000	7.0000
54.6363	65.0000	8.0623
54.6506	72.0000	8.4853
54.6648	66.0000	8.1240
54.6791	88.0000	9.3808
54.6934	90.0000	9.4868
54.7076	80.0000	8.9443
54.7219	79.0000	8.8882
54.7361	76.0000	8.7178
54.7504	84.0000	9.1652
54.7647	92.0000	9.5917
54.7789	100.0000	10.0000
54.7932	92.0000	9.5917
54.8074	105.0000	10.2470
54.8217	116.0000	10.7703
54.8360	118.0000	10.8628
54.8502	113.0000	10.6301
54.8645	107.0000	10.3441
54.8787	109.0000	10.4403
54.8930	117.0000	10.8167
54.9073	106.0000	10.2956
54.9215	114.0000	10.6771
54.9358	118.0000	10.8628
54.9500	114.0000	10.6771
54.9643	126.0000	11.2250
54.9786	132.0000	11.4891
54.9928	121.0000	11.0000
55.0071	114.0000	10.6771
55.0213	106.0000	10.2956
55.0356	119.0000	10.9087
55.0499	108.0000	10.3923
55.0641	85.0000	9.2195
55.0784	111.0000	10.5357
55.0926	107.0000	10.3441
55.1069	97.0000	9.8489
55.1211	104.0000	10.1980
55.1354	92.0000	9.5917
55.1497	75.0000	8.6603
55.1639	98.0000	9.8995
55.1782	85.0000	9.2195
55.1924	70.0000	8.3666
55.2067	70.0000	8.3666
55.2210	62.0000	7.8740
55.2352	73.0000	8.5440
55.2495	65.0000	8.0623
55.2637	60.0000	7.7460
55.2780	67.0000	8.1854
55.2923	59.0000	7.6811
55.3065	58.0000	7.6158
55.3208	63.0000	7.9373
55.3350	52.0000	7.2111
55.3493	44.0000	6.6332
55.3636	46.0000	6.7823
55.3778	38.0000	6.1644
55.3921	46.0000	6.7823
55.4063	46.0000	6.7823
55.4206	29.0000	5.3852
55.4349	41.0000	6.4031
55.4491	35.0000	5.9161
55.4634	43.0000	6.5574
55.4776	31.0000	5.5678
55.4919	29.0000	5.3852
55.5062	34.0000	5.8310
55.5204	33.0000	5.7446
55.5347	39.0000	6.2450
55.5489	33.0000	5.7446
55.5632	42.0000	6.4807
55.5775	20.0000	4.4721
55.5917	36.0000	6.0000
55.6060	31.0000	5.5678
55.6202	39.0000	6.2450
55.6345	26.0000	5.0990
55.6488	43.0000	6.5574
55.6630	34.0000	5.8310
55.6773	36.0000	6.0000
55.6915	25.0000	5.0000
55.7058	28.0000	5.2915
55.7200	26.0000	5.0990
55.7343	25.0000	5.0000
55.7486	30.0000	5.4772
55.7628	27.0000	5.1962
55.7771	38.0000	6.1644
55.7913	29.0000	5.3852
55.8056	14.0000	3.7417
55.8199	25.0000	5.0000
55.8341	38.0000	6.1644
55.8484	20.0000	4.4721
55.8626	26.0000	5.0990
55.8769	37.0000	6.0828
55.8912	31.0000	5.5678
55.9054	31.0000	5.5678
55.9197	27.0000	5.1962
55.9339	32.0000	5.6569
55.9482	34.0000	5.8310
55.9625	25.0000	5.0000
55.9767	30.0000	5.4772
55.9910	17.0000	4.1231
56.0052	34.0000	5.8310
56.0195	21.0000	4.5826
56.0338	26.0000	5.0990
56.0480	29.0000	5.3852
56.0623	36.0000	6.0000
56.0765	23.0000	4.7958
56.0908	29.0000	5.3852
56.1051	31.0000	5.5678
56.1193	32.0000	5.6569
56.1336	33.0000	5.7446
56.1478	32.0000	5.6569
56.1621	32.0000	5.6569
56.1764	39.0000	6.2450
56.1906	42.0000	6.4807
56.2049	32.0000	5.6569
56.2191	37.0000	6.0828
56.2334	28.0000	5.2915
56.2476	25.0000	5.0000
56.2619	24.0000	4.8990
56.2762	27.0000	5.1962
56.2904	43.0000	6.5574
56.3047	37.0000	6.0828
56.3189	33.0000	5.7446
56.3332	40.0000	6.3246
56.3475	47.0000	6.8557
56.3617	33.0000	5.7446
56.3760	39.0000	6.2450
56.3902	34.0000	5.8310
56.4045	39.0000	6.2450
56.4188	34.0000	5.8310
56.4330	34.0000	5.8310
56.4473	37.0000	6.0828
56.4615	41.0000	6.4031
56.4758	38.0000	6.1644
56.4901	23.0000	4.7958
56.5043	31.0000	5.5678
56.5186	43.0000	6.5574
56.5328	35.0000	5.9161
56.5471	26.0000	5.0990
56.5614	31.0000	5.5678
56.5756	30.0000	5.4772
56.5899	30.0000	5.4772
56.6041	33.0000	5.7446
56.6184	31.0000	5.5678
56.6327	26.0000	5.0990
56.6469	28.0000	5.2915
56.6612	28.0000	5.2915
56.6754	32.0000	5.6569
56.6897	33.0000	5.7446
56.7040	26.0000	5.0990
56.7182	36.0000	6.0000
56.7325	21.0000	4.5826
56.7467	17.0000	4.1231
56.7610	26.0000	5.0990
56.7753	14.0000	3.7417
56.7895	19.0000	4.3589
56.8038	26.0000	5.0990
56.8180	28.0000	5.2915
56.8323	29.0000	5.3852
56.8465	23.0000	4.7958
56.8608	20.0000	4.4721
56.8751	20.0000	4.4721
56.8893	20.0000	4.4721
56.9036	29.0000	5.3852
56.9178	21.0000	4.5826
56.9321	16.0000	4.0000
56.9464	26.0000	5.0990
56.9606	26.0000	5.0990
56.9749	21.0000	4.5826
56.9891	16.0000	4.0000
57.0034	20.0000	4.4721
57.0177	26.0000	5.0990
57.0319	22.0000	4.6904
57.0462	19.0000	4.3589
57.0604	25.0000	5.0000
57.0747	16.0000	4.0000
57.0890	15.0000	3.8730
57.1032	17.0000	4.1231
57.1175	36.0000	6.0000
57.1317	21.0000	4.5826
57.1460	25.0000	5.0000
57.1603	25.0000	5.0000
57.1745	21.0000	4.5826
57.1888	13.0000	3.6056
57.2030	33.0000	5.7446
57.2173	23.0000	4.7958
57.2316	28.0000	5.2915
57.2458	27.0000	5.1962
57.2601	27.0000	5.1962
57.2743	26.0000	5.0990
57.2886	18.0000	4.2426
57.3029	23.0000	4.7958
57.3171	36.0000	6.0000
57.3314	22.0000	4.6904
57.3456	28.0000	5.2915
57.3599	29.0000	5.3852
57.3741	28.0000	5.2915
57.3884	18.0000	4.2426
57.4027	23.0000	4.7958
57.4169	21.0000	4.5826
57.4312	25.0000	5.0000
57.4454	23.0000	4.7958
57.4597	27.0000	5.1962
57.4740	19.0000	4.3589
57.4882	29.0000	5.3852
57.5025	20.0000	4.4721
57.5167	21.0000	4.5826
57.5310	26.0000	5.0990
57.5453	23.0000	4.7958
57.5595	28.0000	5.2915
57.5738	18.0000	4.2426
57.5880	16.0000	4.0000
57.6023	19.0000	4.3589
57.6166	18.0000	4.2426
57.6308	28.0000	5.2915
57.6451	28.0000	5.2915
57.6593	17.0000	4.1231
57.6736	18.0000	4.2426
57.6879	20.0000	4.4721
57.7021	18.0000	4.2426
57.7164	22.0000	4.6904
57.7306	21.0000	4.5826
57.7449	18.0000	4.2426
57.7592	14.0000	3.7417
57.7734	22.0000	4.6904
57.7877	25.0000	5.0000
57.8019	30.0000	5.4772
57.8162	23.0000	4.7958
57.8305	17.0000	4.1231
57.8447	25.0000	5.0000
57.8590	19.0000	4.3589
57.8732	17.0000	4.1231
57.8875	21.0000	4.5826
57.9018	19.0000	4.3589
57.9160	20.0000	4.4721
57.9303	20.0000	4.4721
57.9445	30.0000	5.4772
57.9588	20.0000	4.4721
57.9730	16.0000	4.0000
57.9873	25.0000	5.0000
58.0016	26.0000	5.0990
58.0158	22.0000	4.6904
58.0301	27.0000	5.1962
58.0443	22.0000	4.6904
58.0586	24.0000	4.8990
58.0729	36.0000	6.0000
58.0871	24.0000	4.8990
58.1014	19.0000	4.3589
58.1156	15.0000	3.8730
58.1299	13.0000	3.6056
58.1442	25.0000	5.0000
58.1584	22.0000	4.6904
58.1727	14.0000	3.7417
58.1869	14.0000	3.7417
58.2012	21.0000	4.5826
58.2155	22.0000	4.6904
58.2297	25.0000	5.0000
58.2440	11.0000	3.3166
58.2582	17.0000	4.1231
58.2725	24.0000	4.8990
58.2868	21.0000	4.5826
58.3010	19.0000	4.3589
58.3153	24.0000	4.8990
58.3295	17.0000	4.1231
58.3438	26.0000	5.0990
58.3581	18.0000	4.2426
58.3723	19.0000	4.3589
58.3866	18.0000	4.2426
58.4008	21.0000	4.5826
58.4151	26.0000	5.0990
58.4294	22.0000	4.6904
58.4436	23.0000	4.7958
58.4579	19.0000	4.3589
58.4721	20.0000	4.4721
58.4864	22.0000	4.6904
58.5007	16.0000	4.0000
58.5149	23.0000	4.7958
58.5292	22.0000	4.6904
58.5434	20.0000	4.4721
58.5577	19.0000	4.3589
58.5719	23.0000	4.7958
58.5862	24.0000	4.8990
58.6005	23.0000	4.7958
58.6147	22.0000	4.6904
58.6290	15.0000	3.8730
58.6432	16.0000	4.0000
58.6575	25.0000	5.0000
58.6718	30.0000	5.4772
58.6860	23.0000	4.7958
58.7003	22.0000	4.6904
58.7145	20.0000	4.4721
58.7288	26.0000	5.0990
58.7431	20.0000	4.4721
58.7573	19.0000	4.3589
58.7716	29.0000	5.3852
58.7858	20.0000	4.4721
58.8001	16.0000	4.0000
58.8144	27.0000	5.1962
58.8286	23.0000	4.7958
58.8429	16.0000	4.0000
58.8571	28.0000	5.2915
58.8714	22.0000	4.6904
58.8857	17.0000	4.1231
58.8999	14.0000	3.7417
58.9142	21.0000	4.5826
58.9284	20.0000	4.4721
58.9427	20.0000	4.4721
58.9570	24.0000	4.8990
58.9712	22.0000	4.6904
58.9855	11.0000	3.3166
58.9997	22.0000	4.6904
59.0140	18.0000	4.2426
59.0283	21.0000	4.5826
59.0425	24.0000	4.8990
59.0568	25.0000	5.0000
59.0710	22.0000	4.6904
59.0853	22.0000	4.6904
59.0995	22.0000	4.6904
59.1138	28.0000	5.2915
59.1281	18.0000	4.2426
59.1423	19.0000	4.3589
59.1566	25.0000	5.0000
59.1708	19.0000	4.3589
59.1851	18.0000	4.2426
59.1994	24.0000	4.8990
59.2136	18.0000	4.2426
59.2279	20.0000	4.4721
59.2421	25.0000	5.0000
59.2564	21.0000	4.5826
59.2707	28.0000	5.2915
59.2849	25.0000	5.0000
59.2992	29.0000	5.3852
59.3134	20.0000	4.4721
59.3277	15.0000	3.8730
59.3420	20.0000	4.4721
59.3562	22.0000	4.6904
59.3705	18.0000	4.2426
59.3847	27.0000	5.1962
59.3990	21.0000	4.5826
59.4133	29.0000	5.3852
59.4275	18.0000	4.2426
59.4418	22.0000	4.6904
59.4560	22.0000	4.6904
59.4703	14.0000	3.7417
59.4846	24.0000	4.8990
59.4988	27.0000	5.1962
59.5131	31.0000	5.5678
59.5273	23.0000	4.7958
59.5416	29.0000	5.3852
59.5559	19.0000	4.3589
59.5701	22.0000	4.6904
59.5844	19.0000	4.3589
59.5986	22.0000	4.6904
59.6129	26.0000	5.0990
59.6272	12.0000	3.4641
59.6414	23.0000	4.7958
59.6557	20.0000	4.4721
59.6699	29.0000	5.3852
59.6842	18.0000	4.2426
59.6984	27.0000	5.1962
59.7127	23.0000	4.7958
59.7270	26.0000	5.0990
59.7412	26.0000	5.0990
59.7555	21.0000	4.5826
59.7697	24.0000	4.8990
59.7840	27.0000	5.1962
59.7983	18.0000	4.2426
59.8125	32.0000	5.6569
59.8268	19.0000	4.3589
59.8410	23.0000	4.7958
59.8553	25.0000	5.0000
59.8696	27.0000	5.1962
59.8838	24.0000	4.8990
59.8981	26.0000	5.0990
59.9123	20.0000	4.4721
59.9266	33.0000	5.7446
59.9409	24.0000	4.8990
59.9551	22.0000	4.6904
59.9694	27.0000	5.1962
59.9836	25.0000	5.0000
59.9979	30.0000	5.4772
60.0122	29.0000	5.3852
60.0264	26.0000	5.0990
60.0407	35.0000	5.9161
60.0549	28.0000	5.2915
60.0692	22.0000	4.6904
60.0835	33.0000	5.7446
60.0977	20.0000	4.4721
60.1120	29.0000	5.3852
60.1262	16.0000	4.0000
60.1405	24.0000	4.8990
60.1548	25.0000	5.0000
60.1690	16.0000	4.0000
60.1833	21.0000	4.5826
60.1975	22.0000	4.6904
60.2118	23.0000	4.7958
60.2260	22.0000	4.6904
60.2403	23.0000	4.7958
60.2546	25.0000	5.0000
60.2688	25.0000	5.0000
60.2831	26.0000	5.0990
60.2973	24.0000	4.8990
60.3116	21.0000	4.5826
60.3259	27.0000	5.1962
60.3401	22.0000	4.6904
60.3544	30.0000	5.4772
60.3686	23.0000	4.7958
60.3829	19.0000	4.3589
60.3972	26.0000	5.0990
60.4114	23.0000	4.7958
60.4257	17.0000	4.1231
60.4399	23.0000	4.7958
60.4542	26.0000	5.0990
60.4685	28.0000	5.2915
60.4827	18.0000	4.2426
60.4970	31.0000	5.5678
60.5112	21.0000	4.5826
60.5255	25.0000	5.0000
60.5398	25.0000	5.0000
60.5540	20.0000	4.4721
60.5683	28.0000	5.2915
60.5825	33.0000	5.7446
60.5968	22.0000	4.6904
60.6111	17.0000	4.1231
60.6253	26.0000	5.0990
60.6396	29.0000	5.3852
60.6538	30.0000	5.4772
60.6681	26.0000	5.0990
60.6824	24.0000	4.8990
60.6966	34.0000	5.8310
60.7109	31.0000	5.5678
60.7251	28.0000	5.2915
60.7394	24.0000	4.8990
60.7537	36.0000	6.0000
60.7679	21.0000	4.5826
60.7822	22.0000	4.6904
60.7964	34.0000	5.8310
60.8107	27.0000	5.1962
60.8249	26.0000	5.0990
60.8392	27.0000	5.1962
60.8535	21.0000	4.5826
60.8677	23.0000	4.7958
60.8820	21.0000	4.5826
60.8962	27.0000	5.1962
60.9105	36.0000	6.0000
60.9248	33.0000	5.7446
60.9390	24.0000	4.8990
60.9533	32.0000	5.6569
60.9675	19.0000	4.3589
60.9818	27.0000	5.1962
60.9961	28.0000	5.2915
61.0103	30.0000	5.4772
61.0246	34.0000	5.8310
61.0388	30.0000	5.4772
61.0531	31.0000	5.5678
61.0674	34.0000	5.8310
61.0816	26.0000	5.0990
61.0959	28.0000	5.2915
61.1101	26.0000	5.0990
61.1244	28.0000	5.2915
61.1387	21.0000	4.5826
61.1529	22.0000	4.6904
61.1672	23.0000	4.7958
61.1814	16.0000	4.0000
61.1957	26.0000	5.0990
61.2100	34.0000	5.8310
61.2242	20.0000	4.4721
61.2385	22.0000	4.6904
61.2527	33.0000	5.7446
61.2670	27.0000	5.1962
61.2813	24.0000	4.8990
61.2955	32.0000	5.6569
61.3098	32.0000	5.6569
61.3240	30.0000	5.4772
61.3383	22.0000	4.6904
61.3526	28.0000	5.2915
61.3668	35.0000	5.9161
61.3811	29.0000	5.3852
61.3953	37.0000	6.0828
61.4096	25.0000	5.0000
61.4238	30.0000	5.4772
61.4381	32.0000	5.6569
61.4524	23.0000	4.7958
61.4666	28.0000	5.2915
61.4809	22.0000	4.6904
61.4951	29.0000	5.3852
61.5094	38.0000	6.1644
61.5237	38.0000	6.1644
61.5379	32.0000	5.6569
61.5522	49.0000	7.0000
61.5664	28.0000	5.2915
61.5807	39.0000	6.2450
61.5950	26.0000	5.0990
61.6092	41.0000	6.4031
61.6235	31.0000	5.5678
61.6377	37.0000	6.0828
61.6520	42.0000	6.4807
61.6663	42.0000	6.4807
61.6805	36.0000	6.0000
61.6948	45.0000	6.7082
61.7090	45.0000	6.7082
61.7233	32.0000	5.6569
61.7376	47.0000	6.8557
61.7518	50.0000	7.0711
61.7661	50.0000	7.0711
61.7803	27.0000	5.1962
61.7946	47.0000	6.8557
61.8089	37.0000	6.0828
61.8231	51.0000	7.1414
61.8374	61.0000	7.8102
61.8516	37.0000	6.0828
61.8659	39.0000	6.2450
61.8802	58.0000	7.6158
61.8944	45.0000	6.7082
61.9087	45.0000	6.7082
61.9229	54.0000	7.3485
61.9372	43.0000	6.5574
61.9514	48.0000	6.9282
61.9657	55.0000	7.4162
61.9800	48.0000	6.9282
61.9942	38.0000	6.1644
62.0085	49.0000	7.0000
62.0227	45.0000	6.7082
62.0370	52.0000	7.2111
62.0513	48.0000	6.9282
62.0655	47.0000	6.8557
62.0798	65.0000	8.0623
62.0940	61.0000	7.8102
62.1083	71.0000	8.4261
62.1226	65.0000	8.0623
62.1368	72.0000	8.4853
62.1511	52.0000	7.2111
62.1653	69.0000	8.3066
62.1796	77.0000	8.7750
62.1939	75.0000	8.6603
62.2081	53.0000	7.2801
62.2224	78.0000	8.8318
62.2366	72.0000	8.4853
62.2509	91.0000	9.5394
62.2652	69.0000	8.3066
62.2794	73.0000	8.5440
62.2937	85.0000	9.2195
62.3079	79.0000	8.8882
62.3222	83.0000	9.1104
62.3365	92.0000	9.5917
62.3507	80.0000	8.9443
62.3650	69.0000	8.3066
62.3792	116.0000	10.7703
62.3935	104.0000	10.1980
62.4078	105.0000	10.2470
62.4220	104.0000	10.1980
62.4363	85.0000	9.2195
62.4505	96.0000	9.7980
62.4648	104.0000	10.1980
62.4791	88.0000	9.3808
62.4933	84.0000	9.1652
62.5076	80.0000	8.9443
62.5218	99.0000	9.9499
62.5361	100.0000	10.0000
62.5503	110.0000	10.4881
62.5646	99.0000	9.9499
62.5789	110.0000	10.4881
62.5931	85.0000	9.2195
62.6074	83.0000	9.1104
62.6216	86.0000	9.2736
62.6359	76.0000	8.7178
62.6502	67.0000	8.1854
62.6644	81.0000	9.0000
62.6787	83.0000	9.1104
62.6929	78.0000	8.8318
62.7072	75.0000	8.6603
62.7215	67.0000	8.1854
62.7357	62.0000	7.8740
62.7500	62.0000	7.8740
62.7642	60.0000	7.7460
62.7785	49.0000	7.0000
62.7928	62.0000	7.8740
62.8070	46.0000	6.7823
62.8213	51.0000	7.1414
62.8355	52.0000	7.2111
62.8498	47.0000	6.8557
62.8641	44.0000	6.6332
62.8783	55.0000	7.4162
62.8926	56.0000	7.4833
62.9068	46.0000	6.7823
62.9211	42.0000	6.4807
62.9354	47.0000	6.8557
62.9496	36.0000	6.0000
62.9639	50.0000	7.0711
62.9781	39.0000	6.2450
62.9924	40.0000	6.3246
63.0067	35.0000	5.9161
63.0209	47.0000	6.8557
63.0352	46.0000	6.7823
63.0494	48.0000	6.9282
63.0637	39.0000	6.2450
63.0779	43.0000	6.5574
63.0922	43.0000	6.5574
63.1065	42.0000	6.4807
63.1207	42.0000	6.4807
63.1350	43.0000	6.5574
63.1492	43.0000	6.5574
63.1635	42.0000	6.4807
63.1778	44.0000	6.6332
63.1920	38.0000	6.1644
63.2063	29.0000	5.3852
63.2205	48.0000	6.9282
63.2348	41.0000	6.4031
63.2491	33.0000	5.7446
63.2633	26.0000	5.0990
63.2776	26.0000	5.0990
63.2918	43.0000	6.5574
63.3061	30.0000	5.4772
63.3204	37.0000	6.0828
63.3346	29.0000	5.3852
63.3489	31.0000	5.5678
63.3631	33.0000	5.7446
63.3774	36.0000	6.0000
63.3917	33.0000	5.7446
63.4059	31.0000	5.5678
63.4202	34.0000	5.8310
63.4344	31.0000	5.5678
63.4487	27.0000	5.1962
63.4630	38.0000	6.1644
63.4772	33.0000	5.7446
63.4915	32.0000	5.6569
63.5057	24.0000	4.8990
63.5200	29.0000	5.3852
63.5343	26.0000	5.0990
63.5485	46.0000	6.7823
63.5628	29.0000	5.3852
63.5770	37.0000	6.0828
63.5913	34.0000	5.8310
63.6056	29.0000	5.3852
63.6198	38.0000	6.1644
63.6341	33.0000	5.7446
63.6483	34.0000	5.8310
63.6626	28.0000	5.2915
63.6768	47.0000	6.8557
63.6911	32.0000	5.6569
63.7054	33.0000	5.7446
63.7196	35.0000	5.9161
63.7339	24.0000	4.8990
63.7481	26.0000	5.0990
63.7624	40.0000	6.3246
63.7767	26.0000	5.0990
63.7909	29.0000	5.3852
63.8052	32.0000	5.6569
63.8194	38.0000	6.1644
63.8337	32.0000	5.6569
63.8480	31.0000	5.5678
63.8622	41.0000	6.4031
63.8765	41.0000	6.4031
63.8907	28.0000	5.2915
63.9050	31.0000	5.5678
63.9193	37.0000	6.0828
63.9335	42.0000	6.4807
63.9478	22.0000	4.6904
63.9620	43.0000	6.5574
63.9763	31.0000	5.5678
63.9906	34.0000	5.8310
64.0048	26.0000	5.0990
64.0191	33.0000	5.7446
64.0333	28.0000	5.2915
64.0476	34.0000	5.8310
64.0619	45.0000	6.7082
64.0761	28.0000	5.2915
64.0904	29.0000	5.3852
64.1046	41.0000	6.4031
64.1189	27.0000	5.1962
64.1332	37.0000	6.0828
64.1474	27.0000	5.1962
64.1617	36.0000	6.0000
64.1759	40.0000	6.3246
64.1902	38.0000	6.1644
64.2045	37.0000	6.0828
64.2187	27.0000	5.1962
64.2330	26.0000	5.0990
64.2472	28.0000	5.2915
64.2615	28.0000	5.2915
64.2757	27.0000	5.1962
64.2900	26.0000	5.0990
64.3043	25.0000	5.0000
64.3185	31.0000	5.5678
64.3328	21.0000	4.5826
64.3470	22.0000	4.6904
64.3613	26.0000	5.0990
64.3756	21.0000	4.5826
64.3898	31.0000	5.5678
64.4041	31.0000	5.5678
64.4183	21.0000	4.5826
64.4326	21.0000	4.5826
64.4469	21.0000	4.5826
64.4611	28.0000	5.2915
64.4754	30.0000	5.4772
64.4896	28.0000	5.2915
64.5039	28.0000	5.2915
64.5182	28.0000	5.2915
64.5324	31.0000	5.5678
64.5467	27.0000	5.1962
64.5609	14.0000	3.7417
64.5752	31.0000	5.5678
64.5895	23.0000	4.7958
64.6037	22.0000	4.6904
64.6180	26.0000	5.0990
64.6322	26.0000	5.0990
64.6465	23.0000	4.7958
64.6608	22.0000	4.6904
64.6750	27.0000	5.1962
64.6893	18.0000	4.2426
64.7035	27.0000	5.1962
64.7178	24.0000	4.8990
64.7321	30.0000	5.4772
64.7463	36.0000	6.0000
64.7606	24.0000	4.8990
64.7748	35.0000	5.9161
64.7891	24.0000	4.8990
64.8033	22.0000	4.6904
64.8176	22.0000	4.6904
64.8319	23.0000	4.7958
64.8461	29.0000	5.3852
64.8604	28.0000	5.2915
64.8746	26.0000	5.0990
64.8889	25.0000	5.0000
64.9032	31.0000	5.5678
64.9174	26.0000	5.0990
64.9317	23.0000	4.7958
64.9459	25.0000	5.0000
64.9602	28.0000	5.2915
64.9745	24.0000	4.8990
64.9887	29.0000	5.3852
65.0030	31.0000	5.5678
65.0172	44.0000	6.6332
65.0315	17.0000	4.1231
65.0458	34.0000	5.8310
65.0600	32.0000	5.6569
65.0743	26.0000	5.0990
65.0885	16.0000	4.0000
65.1028	27.0000	5.1962
65.1171	30.0000	5.4772
65.1313	24.0000	4.8990
65.1456	38.0000	6.1644
65.1598	25.0000	5.0000
65.1741	24.0000	4.8990
65.1884	34.0000	5.8310
65.2026	16.0000	4.0000
65.2169	16.0000	4.0000
65.2311	23.0000	4.7958
65.2454	23.0000	4.7958
65.2597	24.0000	4.8990
65.2739	29.0000	5.3852
65.2882	26.0000	5.0990
65.3024	20.0000	4.4721
65.3167	20.0000	4.4721
65.3310	29.0000	5.3852
65.3452	17.0000	4.1231
65.3595	23.0000	4.7958
65.3737	27.0000	5.1962
65.3880	26.0000	5.0990
65.4022	24.0000	4.8990
65.4165	26.0000	5.0990
65.4308	28.0000	5.2915
65.4450	30.0000	5.4772
65.4593	24.0000	4.8990
65.4735	22.0000	4.6904
65.4878	30.0000	5.4772
65.5021	30.0000	5.4772
65.5163	25.0000	5.0000
65.5306	23.0000	4.7958
65.5448	30.0000	5.4772
65.5591	20.0000	4.4721
65.5734	20.0000	4.4721
65.5876	29.0000	5.3852
65.6019	23.0000	4.7958
65.6161	29.0000	5.3852
65.6304	21.0000	4.5826
65.6447	29.0000	5.3852
65.6589	32.0000	5.6569
65.6732	22.0000	4.6904
65.6874	32.0000	5.6569
65.7017	26.0000	5.0990
65.7160	21.0000	4.5826
65.7302	25.0000	5.0000
65.7445	20.0000	4.4721
65.7587	24.0000	4.8990
65.7730	23.0000	4.7958
65.7873	22.0000	4.6904
65.8015	23.0000	4.7958
65.8158	23.0000	4.7958
65.8300	20.0000	4.4721
65.8443	18.0000	4.2426
65.8586	27.0000	5.1962
65.8728	21.0000	4.5826
65.8871	21.0000	4.5826
65.9013	19.0000	4.3589
65.9156	28.0000	5.2915
65.9298	22.0000	4.6904
65.9441	25.0000	5.0000
65.9584	21.0000	4.5826
65.9726	35.0000	5.9161
65.9869	24.0000	4.8990
66.0011	19.0000	4.3589
66.0154	19.0000	4.3589
66.0297	24.0000	4.8990
66.0439	28.0000	5.2915
66.0582	26.0000	5.0990
66.0724	21.0000	4.5826
66.0867	31.0000	5.5678
66.1010	36.0000	6.0000
66.1152	28.0000	5.2915
66.1295	25.0000	5.0000
66.1437	27.0000	5.1962
66.1580	33.0000	5.7446
66.1723	29.0000	5.3852
66.1865	22.0000	4.6904
66.2008	33.0000	5.7446
66.2150	24.0000	4.8990
66.2293	35.0000	5.9161
66.2436	27.0000	5.1962
66.2578	22.0000	4.6904
66.2721	29.0000	5.3852
66.2863	26.0000	5.0990
66.3006	23.0000	4.7958
66.3149	26.0000	5.0990
66.3291	27.0000	5.1962
66.3434	25.0000	5.0000
66.3576	28.0000	5.2915
66.3719	22.0000	4.6904
66.3862	24.0000	4.8990
66.4004	29.0000	5.3852
66.4147	27.0000	5.1962
66.4289	23.0000	4.7958
66.4432	25.0000	5.0000
66.4575	28.0000	5.2915
66.4717	28.0000	5.2915
66.4860	37.0000	6.0828
66.5002	17.0000	4.1231
66.5145	25.0000	5.0000
66.5287	33.0000	5.7446
66.5430	26.0000	5.0990
66.5573	22.0000	4.6904
66.5715	27.0000	5.1962
66.5858	24.0000	4.8990
66.6000	18.0000	4.2426
66.6143	25.0000	5.0000
66.6286	19.0000	4.3589
66.6428	25.0000	5.0000
66.6571	35.0000	5.9161
66.6713	24.0000	4.8990
66.6856	16.0000	4.0000
66.6999	20.0000	4.4721
66.7141	30.0000	5.4772
66.7284	22.0000	4.6904
66.7426	37.0000	6.0828
66.7569	23.0000	4.7958
66.7712	23.0000	4.7958
66.7854	13.0000	3.6056
66.7997	32.0000	5.6569
66.8139	27.0000	5.1962
66.8282	31.0000	5.5678
66.8425	17.0000	4.1231
66.8567	25.0000	5.0000
66.8710	19.0000	4.3589
66.8852	26.0000	5.0990
66.8995	26.0000	5.0990
66.9138	32.0000	5.6569
66.9280	21.0000	4.5826
66.9423	29.0000	5.3852
66.9565	28.0000	5.2915
66.9708	26.0000	5.0990
66.9851	22.0000	4.6904
66.9993	30.0000	5.4772
67.0136	20.0000	4.4721
67.0278	17.0000	4.1231
67.0421	20.0000	4.4721
67.0564	38.0000	6.1644
67.0706	17.0000	4.1231
67.0849	23.0000	4.7958
67.0991	24.0000	4.8990
67.1134	27.0000	5.1962
67.1276	29.0000	5.3852
67.1419	20.0000	4.4721
67.1562	26.0000	5.0990
67.1704	28.0000	5.2915
67.1847	20.0000	4.4721
67.1989	25.0000	5.0000
67.2132	25.0000	5.0000
67.2275	22.0000	4.6904
67.2417	26.0000	5.0990
67.2560	23.0000	4.7958
67.2702	25.0000	5.0000
67.2845	24.0000	4.8990
67.2988	24.0000	4.8990
67.3130	31.0000	5.5678
67.3273	26.0000	5.0990
67.3415	28.0000	5.2915
67.3558	22.0000	4.6904
67.3701	19.0000	4.3589
67.3843	32.0000	5.6569
67.3986	25.0000	5.0000
67.4128	32.0000	5.6569
67.4271	25.0000	5.0000
67.4414	31.0000	5.5678
67.4556	21.0000	4.5826
67.4699	30.0000	5.4772
67.4841	30.0000	5.4772
67.4984	25.0000	5.0000
67.5127	32.0000	5.6569
67.5269	24.0000	4.8990
67.5412	28.0000	5.2915
67.5554	37.0000	6.0828
67.5697	24.0000	4.8990
67.5840	23.0000	4.7958
67.5982	27.0000	5.1962
67.6125	34.0000	5.8310
67.6267	29.0000	5.3852
67.6410	22.0000	4.6904
67.6552	21.0000	4.5826
67.6695	30.0000	5.4772
67.6838	20.0000	4.4721
67.6980	25.0000	5.0000
67.7123	26.0000	5.0990
67.7265	32.0000	5.6569
67.7408	24.0000	4.8990
67.7551	15.0000	3.8730
67.7693	25.0000	5.0000
67.7836	26.0000	5.0990
67.7978	29.0000	5.3852
67.8121	39.0000	6.2450
67.8264	31.0000	5.5678
67.8406	25.0000	5.0000
67.8549	29.0000	5.3852
67.8691	25.0000	5.0000
67.8834	26.0000	5.0990
67.8977	33.0000	5.7446
67.9119	33.0000	5.7446
67.9262	24.0000	4.8990
67.9404	28.0000	5.2915
67.9547	27.0000	5.1962
67.9690	38.0000	6.1644
67.9832	29.0000	5.3852
67.9975	38.0000	6.1644
68.0117	31.0000	5.5678
68.0260	38.0000	6.1644
68.0403	34.0000	5.8310
68.0545	41.0000	6.4031
68.0688	27.0000	5.1962
68.0830	36.0000	6.0000
68.0973	33.0000	5.7446
68.1116	34.0000	5.8310
68.1258	29.0000	5.3852
68.1401	41.0000	6.4031
68.1543	38.0000	6.1644
68.1686	39.0000	6.2450
68.1829	37.0000	6.0828
68.1971	48.0000	6.9282
68.2114	39.0000	6.2450
68.2256	37.0000	6.0828
68.2399	41.0000	6.4031
68.2541	45.0000	6.7082
68.2684	38.0000	6.1644
68.2827	33.0000	5.7446
68.2969	35.0000	5.9161
68.3112	38.0000	6.1644
68.3254	46.0000	6.7823
68.3397	52.0000	7.2111
68.3540	35.0000	5.9161
68.3682	52.0000	7.2111
68.3825	49.0000	7.0000
68.3967	56.0000	7.4833
68.4110	49.0000	7.0000
68.4253	51.0000	7.1414
68.4395	47.0000	6.8557
68.4538	58.0000	7.6158
68.4680	68.0000	8.2462
68.4823	61.0000	7.8102
68.4966	47.0000	6.8557
68.5108	76.0000	8.7178
68.5251	55.0000	7.4162
68.5393	36.0000	6.0000
68.5536	82.0000	9.0554
68.5679	63.0000	7.9373
68.5821	47.0000	6.8557
68.5964	57.0000	7.5498
68.6106	56.0000	7.4833
68.6249	48.0000	6.9282
68.6392	49.0000	7.0000
68.6534	61.0000	7.8102
68.6677	57.0000	7.5498
68.6819	51.0000	7.1414
68.6962	57.0000	7.5498
68.7105	49.0000	7.0000
68.7247	52.0000	7.2111
68.7390	48.0000	6.9282
68.7532	50.0000	7.0711
68.7675	33.0000	5.7446
68.7817	42.0000	6.4807
68.7960	48.0000	6.9282
68.8103	53.0000	7.2801
68.8245	43.0000	6.5574
68.8388	39.0000	6.2450
68.8530	39.0000	6.2450
68.8673	29.0000	5.3852
68.8816	39.0000	6.2450
68.8958	50.0000	7.0711
68.9101	46.0000	6.7823
68.9243	37.0000	6.0828
68.9386	28.0000	5.2915
68.9529	34.0000	5.8310
68.9671	35.0000	5.9161
68.9814	45.0000	6.7082
68.9956	42.0000	6.4807
69.0099	31.0000	5.5678
69.0242	38.0000	6.1644
69.0384	35.0000	5.9161
69.0527	31.0000	5.5678
69.0669	21.0000	4.5826
69.0812	28.0000	5.2915
69.0955	36.0000	6.0000
69.1097	33.0000	5.7446
69.1240	29.0000	5.3852
69.1382	31.0000	5.5678
69.1525	33.0000	5.7446
69.1668	28.0000	5.2915
69.1810	35.0000	5.9161
69.1953	31.0000	5.5678
69.2095	27.0000	5.1962
69.2238	39.0000	6.2450
69.2381	26.0000	5.0990
69.2523	30.0000	5.4772
69.2666	30.0000	5.4772
69.2808	32.0000	5.6569
69.2951	29.0000	5.3852
69.3094	31.0000	5.5678
69.3236	41.0000	6.4031
69.3379	40.0000	6.3246
69.3521	29.0000	5.3852
69.3664	34.0000	5.8310
69.3806	25.0000	5.0000
69.3949	28.0000	5.2915
69.4092	29.0000	5.3852
69.4234	30.0000	5.4772
69.4377	37.0000	6.0828
69.4519	27.0000	5.1962
69.4662	30.0000	5.4772
69.4805	33.0000	5.7446
69.4947	19.0000	4.3589
69.5090	34.0000	5.8310
69.5232	23.0000	4.7958
69.5375	34.0000	5.8310
69.5518	34.0000	5.8310
69.5660	34.0000	5.8310
69.5803	42.0000	6.4807
69.5945	41.0000	6.4031
69.6088	27.0000	5.1962
69.6231	29.0000	5.3852
69.6373	40.0000	6.3246
69.6516	32.0000	5.6569
69.6658	29.0000	5.3852
69.6801	37.0000	6.0828
69.6944	38.0000	6.1644
69.7086	36.0000	6.0000
69.7229	28.0000	5.2915
69.7371	34.0000	5.8310
69.7514	28.0000	5.2915
69.7657	37.0000	6.0828
69.7799	39.0000	6.2450
69.7942	25.0000	5.0000
69.8084	29.0000	5.3852
69.8227	41.0000	6.4031
69.8370	40.0000	6.3246
69.8512	37.0000	6.0828
69.8655	47.0000	6.8557
69.8797	34.0000	5.8310
69.8940	35.0000	5.9161
69.9083	39.0000	6.2450
69.9225	37.0000	6.0828
69.9368	42.0000	6.4807
69.9510	35.0000	5.9161
69.9653	53.0000	7.2801
69.9795	47.0000	6.8557
69.9938	61.0000	7.8102
70.0081	54.0000	7.3485
70.0223	48.0000	6.9282
70.0366	56.0000	7.4833
70.0508	46.0000	6.7823
70.0651	49.0000	7.0000
70.0794	47.0000	6.8557
70.0936	40.0000	6.3246
70.1079	47.0000	6.8557
70.1221	57.0000	7.5498
70.1364	50.0000	7.0711
70.1507	44.0000	6.6332
70.1649	41.0000	6.4031
70.1792	64.0000	8.0000
70.1934	40.0000	6.3246
70.2077	41.0000	6.4031
70.2220	52.0000	7.2111
70.2362	47.0000	6.8557
70.2505	36.0000	6.0000
70.2647	48.0000	6.9282
70.2790	50.0000	7.0711
70.2933	40.0000	6.3246
70.3075	35.0000	5.9161
70.3218	38.0000	6.1644
70.3360	43.0000	6.5574
70.3503	40.0000	6.3246
70.3646	45.0000	6.7082
70.3788	43.0000	6.5574
70.3931	32.0000	5.6569
70.4073	44.0000	6.6332
70.4216	30.0000	5.4772
70.4359	37.0000	6.0828
70.4501	27.0000	5.1962
70.4644	26.0000	5.0990
70.4786	26.0000	5.0990
70.4929	20.0000	4.4721
70.5071	28.0000	5.2915
70.5214	33.0000	5.7446
70.5357	33.0000	5.7446
70.5499	23.0000	4.7958
70.5642	21.0000	4.5826
70.5784	27.0000	5.1962
70.5927	21.0000	4.5826
70.6070	31.0000	5.5678
70.6212	28.0000	5.2915
70.6355	25.0000	5.0000
70.6497	35.0000	5.9161
70.6640	24.0000	4.8990
70.6783	29.0000	5.3852
70.6925	39.0000	6.2450
70.7068	26.0000	5.0990
70.7210	36.0000	6.0000
70.7353	22.0000	4.6904
70.7496	33.0000	5.7446
70.7638	33.0000	5.7446
70.7781	19.0000	4.3589
70.7923	19.0000	4.3589
70.8066	25.0000	5.0000
70.8209	18.0000	4.2426
70.8351	13.0000	3.6056
70.8494	20.0000	4.4721
70.8636	23.0000	4.7958
70.8779	29.0000	5.3852
70.8922	19.0000	4.3589
70.9064	15.0000	3.8730
70.9207	32.0000	5.6569
70.9349	25.0000	5.0000
70.9492	26.0000	5.0990
70.9635	25.0000	5.0000
70.9777	26.0000	5.0990
70.9920	16.0000	4.0000
71.0062	21.0000	4.5826
71.0205	19.0000	4.3589
71.0348	28.0000	5.2915
71.0490	24.0000	4.8990
71.0633	24.0000	4.8990
71.0775	22.0000	4.6904
71.0918	22.0000	4.6904
71.1060	19.0000	4.3589
71.1203	20.0000	4.4721
71.1346	16.0000	4.0000
71.1488	28.0000	5.2915
71.1631	28.0000	5.2915
71.1773	24.0000	4.8990
71.1916	24.0000	4.8990
71.2059	21.0000	4.5826
71.2201	24.0000	4.8990
71.2344	19.0000	4.3589
71.2486	23.0000	4.7958
71.2629	32.0000	5.6569
71.2772	17.0000	4.1231
71.2914	19.0000	4.3589
71.3057	19.0000	4.3589
71.3199	21.0000	4.5826
71.3342	22.0000	4.6904
71.3485	13.0000	3.6056
71.3627	22.0000	4.6904
71.3770	16.0000	4.0000
71.3912	18.0000	4.2426
71.4055	15.0000	3.8730
71.4198	19.0000	4.3589
71.4340	21.0000	4.5826
71.4483	12.0000	3.4641
71.4625	23.0000	4.7958
71.4768	22.0000	4.6904
71.4911	17.0000	4.1231
71.5053	18.0000	4.2426
71.5196	19.0000	4.3589
71.5338	33.0000	5.7446
71.5481	20.0000	4.4721
71.5624	18.0000	4.2426
71.5766	19.0000	4.3589
71.5909	23.0000	4.7958
71.6051	17.0000	4.1231
71.6194	28.0000	5.2915
71.6336	18.0000	4.2426
71.6479	18.0000	4.2426
71.6622	18.0000	4.2426
71.6764	14.0000	3.7417
71.6907	21.0000	4.5826
71.7049	13.0000	3.6056
71.7192	21.0000	4.5826
71.7335	27.0000	5.1962
71.7477	15.0000	3.8730
71.7620	21.0000	4.5826
71.7762	23.0000	4.7958
71.7905	20.0000	4.4721
71.8048	18.0000	4.2426
71.8190	27.0000	5.1962
71.8333	22.0000	4.6904
71.8475	26.0000	5.0990
71.8618	22.0000	4.6904
71.8761	12.0000	3.4641
71.8903	8.0000	2.8284
71.9046	26.0000	5.0990
71.9188	21.0000	4.5826
71.9331	26.0000	5.0990
71.9474	15.0000	3.8730
71.9616	17.0000	4.1231
71.9759	20.0000	4.4721
71.9901	25.0000	5.0000
72.0044	19.0000	4.3589
72.0187	21.0000	4.5826
72.0329	20.0000	4.4721
72.0472	14.0000	3.7417
72.0614	18.0000	4.2426
72.0757	29.0000	5.3852
72.0900	18.0000	4.2426
72.1042	23.0000	4.7958
72.1185	13.0000	3.6056
72.1327	16.0000	4.0000
72.1470	17.0000	4.1231
72.1613	13.0000	3.6056
72.1755	17.0000	4.1231
72.1898	18.0000	4.2426
72.2040	22.0000	4.6904
72.2183	18.0000	4.2426
72.2325	22.0000	4.6904
72.2468	25.0000	5.0000
72.2611	16.0000	4.0000
72.2753	12.0000	3.4641
72.2896	19.0000	4.3589
72.3038	17.0000	4.1231
72.3181	12.0000	3.4641
72.3324	12.0000	3.4641
72.3466	17.0000	4.1231
72.3609	18.0000	4.2426
72.3751	14.0000	3.7417
72.3894	22.0000	4.6904
72.4037	16.0000	4.0000
72.4179	22.0000	4.6904
72.4322	24.0000	4.8990
72.4464	20.0000	4.4721
72.4607	19.0000	4.3589
72.4750	20.0000	4.4721
72.4892	18.0000	4.2426
72.5035	17.0000	4.1231
72.5177	15.0000	3.8730
72.5320	22.0000	4.6904
72.5463	25.0000	5.0000
72.5605	21.0000	4.5826
72.5748	19.0000	4.3589
72.5890	26.0000	5.0990
72.6033	11.0000	3.3166
72.6176	13.0000	3.6056
72.6318	26.0000	5.0990
72.6461	19.0000	4.3589
72.6603	19.0000	4.3589
72.6746	18.0000	4.2426
72.6889	24.0000	4.8990
72.7031	13.0000	3.6056
72.7174	13.0000	3.6056
72.7316	13.0000	3.6056
72.7459	18.0000	4.2426
72.7602	21.0000	4.5826
72.7744	10.0000	3.1623
72.7887	11.0000	3.3166
72.8029	15.0000	3.8730
72.8172	15.0000	3.8730
72.8314	18.0000	4.2426
72.8457	15.0000	3.8730
72.8600	19.0000	4.3589
72.8742	15.0000	3.8730
72.8885	15.0000	3.8730
72.9027	20.0000	4.4721
72.9170	11.0000	3.3166
72.9313	21.0000	4.5826
72.9455	9.0000	3.0000
72.9598	20.0000	4.4721
72.9740	22.0000	4.6904
72.9883	24.0000	4.8990
73.0026	14.0000	3.7417
73.0168	19.0000	4.3589
73.0311	18.0000	4.2426
73.0453	17.0000	4.1231
73.0596	16.0000	4.0000
73.0739	15.0000	3.8730
73.0881	19.0000	4.3589
73.1024	17.0000	4.1231
73.1166	20.0000	4.4721
73.1309	24.0000	4.8990
73.1452	14.0000	3.7417
73.1594	18.0000	4.2426
73.1737	12.0000	3.4641
73.1879	19.0000	4.3589
73.2022	19.0000	4.3589
73.2165	18.0000	4.2426
73.2307	8.0000	2.8284
73.2450	20.0000	4.4721
73.2592	20.0000	4.4721
73.2735	24.0000	4.8990
73.2878	22.0000	4.6904
73.3020	22.0000	4.6904
73.3163	13.0000	3.6056
73.3305	24.0000	4.8990
73.3448	23.0000	4.7958
73.3590	13.0000	3.6056
73.3733	26.0000	5.0990
73.3876	23.0000	4.7958
73.4018	17.0000	4.1231
73.4161	17.0000	4.1231
73.4303	20.0000	4.4721
73.4446	21.0000	4.5826
73.4589	19.0000	4.3589
73.4731	21.0000	4.5826
73.4874	13.0000	3.6056
73.5016	16.0000	4.0000
73.5159	19.0000	4.3589
73.5302	17.0000	4.1231
73.5444	25.0000	5.0000
73.5587	26.0000	5.0990
73.5729	17.0000	4.1231
73.5872	17.0000	4.1231
73.6015	15.0000	3.8730
73.6157	22.0000	4.6904
73.6300	20.0000	4.4721
73.6442	19.0000	4.3589
73.6585	16.0000	4.0000
73.6728	24.0000	4.8990
73.6870	22.0000	4.6904
73.7013	21.0000	4.5826
73.7155	22.0000	4.6904
73.7298	20.0000	4.4721
73.7441	18.0000	4.2426
73.7583	19.0000	4.3589
73.7726	28.0000	5.2915
73.7868	19.0000	4.3589
73.8011	20.0000	4.4721
73.8154	22.0000	4.6904
73.8296	18.0000	4.2426
73.8439	20.0000	4.4721
73.8581	16.0000	4.0000
73.8724	27.0000	5.1962
73.8867	29.0000	5.3852
73.9009	18.0000	4.2426
73.9152	21.0000	4.5826
73.9294	21.0000	4.5826
73.9437	16.0000	4.0000
73.9579	26.0000	5.0990
73.9722	19.0000	4.3589
73.9865	16.0000	4.0000
74.0007	25.0000	5.0000
74.0150	22.0000	4.6904
74.0292	31.0000	5.5678
74.0435	17.0000	4.1231
74.0578	24.0000	4.8990
74.0720	15.0000	3.8730
74.0863	19.0000	4.3589
74.1005	24.0000	4.8990
74.1148	21.0000	4.5826
74.1291	19.0000	4.3589
74.1433	20.0000	4.4721
74.1576	21.0000	4.5826
74.1718	23.0000	4.7958
74.1861	17.0000	4.1231
74.2004	25.0000	5.0000
74.2146	23.0000	4.7958
74.2289	23.0000	4.7958
74.2431	24.0000	4.8990
74.2574	38.0000	6.1644
74.2717	27.0000	5.1962
74.2859	26.0000	5.0990
74.3002	23.0000	4.7958
74.3144	32.0000	5.6569
74.3287	31.0000	5.5678
74.3430	24.0000	4.8990
74.3572	38.0000	6.1644
74.3715	26.0000	5.0990
74.3857	39.0000	6.2450
74.4000	33.0000	5.7446
74.4143	29.0000	5.3852
74.4285	33.0000	5.7446
74.4428	28.0000	5.2915
74.4570	41.0000	6.4031
74.4713	50.0000	7.0711
74.4855	41.0000	6.4031
74.4998	41.0000	6.4031
74.5141	42.0000	6.4807
74.5283	45.0000	6.7082
74.5426	47.0000	6.8557
74.5568	45.0000	6.7082
74.5711	46.0000	6.7823
74.5854	58.0000	7.6158
74.5996	55.0000	7.4162
74.6139	43.0000	6.5574
74.6281	59.0000	7.6811
74.6424	60.0000	7.7460
74.6567	65.0000	8.0623
74.6709	57.0000	7.5498
74.6852	51.0000	7.1414
74.6994	54.0000	7.3485
74.7137	56.0000	7.4833
74.7280	52.0000	7.2111
74.7422	74.0000	8.6023
74.7565	48.0000	6.9282
74.7707	62.0000	7.8740
74.7850	50.0000	7.0711
74.7993	46.0000	6.7823
74.8135	66.0000	8.1240
74.8278	47.0000	6.8557
74.8420	54.0000	7.3485
74.8563	54.0000	7.3485
74.8706	44.0000	6.6332
74.8848	58.0000	7.6158
74.8991	54.0000	7.3485
74.9133	45.0000	6.7082
74.9276	42.0000	6.4807
74.9419	52.0000	7.2111
74.9561	40.0000	6.3246
74.9704	38.0000	6.1644
74.9846	32.0000	5.6569
74.9989	44.0000	6.6332
75.0132	38.0000	6.1644
75.0274	39.0000	6.2450
75.0417	31.0000	5.5678
75.0559	34.0000	5.8310
75.0702	40.0000	6.3246
75.0844	35.0000	5.9161
75.0987	45.0000	6.7082
75.1130	35.0000	5.9161
75.1272	31.0000	5.5678
75.1415	34.0000	5.8310
75.1557	35.0000	5.9161
75.1700	32.0000	5.6569
75.1843	40.0000	6.3246
75.1985	22.0000	4.6904
75.2128	33.0000	5.7446
75.2270	19.0000	4.3589
75.2413	23.0000	4.7958
75.2556	24.0000	4.8990
75.2698	17.0000	4.1231
75.2841	33.0000	5.7446
75.2983	20.0000	4.4721
75.3126	28.0000	5.2915
75.3269	32.0000	5.6569
75.3411	22.0000	4.6904
75.3554	28.0000	5.2915
75.3696	28.0000	5.2915
75.3839	15.0000	3.8730
75.3982	25.0000	5.0000
75.4124	19.0000	4.3589
75.4267	19.0000	4.3589
75.4409	29.0000	5.3852
75.4552	22.0000	4.6904
75.4695	29.0000	5.3852
75.4837	20.0000	4.4721
75.4980	22.0000	4.6904
75.5122	19.0000	4.3589
75.5265	33.0000	5.7446
75.5408	23.0000	4.7958
75.5550	23.0000	4.7958
75.5693	20.0000	4.4721
75.5835	23.0000	4.7958
75.5978	26.0000	5.0990
75.6121	24.0000	4.8990
75.6263	28.0000	5.2915
75.6406	25.0000	5.0000
75.6548	26.0000	5.0990
75.6691	16.0000	4.0000
75.6833	34.0000	5.8310
75.6976	34.0000	5.8310
75.7119	28.0000	5.2915
75.7261	25.0000	5.0000
75.7404	26.0000	5.0990
75.7546	22.0000	4.6904
75.7689	27.0000	5.1962
75.7832	35.0000	5.9161
75.7974	33.0000	5.7446
75.8117	29.0000	5.3852
75.8259	32.0000	5.6569
75.8402	20.0000	4.4721
75.8545	29.0000	5.3852
75.8687	19.0000	4.3589
75.8830	36.0000	6.0000
75.8972	30.0000	5.4772
75.9115	19.0000	4.3589
75.9258	19.0000	4.3589
75.9400	41.0000	6.4031
75.9543	26.0000	5.0990
75.9685	22.0000	4.6904
75.9828	31.0000	5.5678
75.9971	29.0000	5.3852
76.0113	23.0000	4.7958
76.0256	37.0000	6.0828
76.0398	36.0000	6.0000
76.0541	22.0000	4.6904
76.0684	27.0000	5.1962
76.0826	19.0000	4.3589
76.0969	17.0000	4.1231
76.1111	23.0000	4.7958
76.1254	22.0000	4.6904
76.1397	23.0000	4.7958
76.1539	22.0000	4.6904
76.1682	21.0000	4.5826
76.1824	26.0000	5.0990
76.1967	30.0000	5.4772
76.2109	35.0000	5.9161
76.2252	25.0000	5.0000
76.2395	19.0000	4.3589
76.2537	21.0000	4.5826
76.2680	13.0000	3.6056
76.2822	18.0000	4.2426
76.2965	28.0000	5.2915
76.3108	16.0000	4.0000
76.3250	20.0000	4.4721
76.3393	13.0000	3.6056
76.3535	18.0000	4.2426
76.3678	23.0000	4.7958
76.3821	24.0000	4.8990
76.3963	14.0000	3.7417
76.4106	17.0000	4.1231
76.4248	26.0000	5.0990
76.4391	15.0000	3.8730
76.4534	18.0000	4.2426
76.4676	22.0000	4.6904
76.4819	26.0000	5.0990
76.4961	11.0000	3.3166
76.5104	22.0000	4.6904
76.5247	25.0000	5.0000
76.5389	9.0000	3.0000
76.5532	12.0000	3.4641
76.5674	14.0000	3.7417
76.5817	14.0000	3.7417
76.5960	21.0000	4.5826
76.6102	16.0000	4.0000
76.6245	15.0000	3.8730
76.6387	19.0000	4.3589
76.6530	21.0000	4.5826
76.6673	13.0000	3.6056
76.6815	15.0000	3.8730
76.6958	13.0000	3.6056
76.7100	10.0000	3.1623
76.7243	16.0000	4.0000
76.7386	15.0000	3.8730
76.7528	12.0000	3.4641
76.7671	12.0000	3.4641
76.7813	20.0000	4.4721
76.7956	23.0000	4.7958
76.8098	15.0000	3.8730
76.8241	12.0000	3.4641
76.8384	21.0000	4.5826
76.8526	14.0000	3.7417
76.8669	15.0000	3.8730
76.8811	18.0000	4.2426
76.8954	14.0000	3.7417
76.9097	21.0000	4.5826
76.9239	17.0000	4.1231
76.9382	16.0000	4.0000
76.9524	25.0000	5.0000
76.9667	20.0000	4.4721
76.9810	16.0000	4.0000
76.9952	13.0000	3.6056
77.0095	14.0000	3.7417
77.0237	21.0000	4.5826
77.0380	15.0000	3.8730
77.0523	10.0000	3.1623
77.0665	16.0000	4.0000
77.0808	9.0000	3.0000
77.0950	23.0000	4.7958
77.1093	11.0000	3.3166
77.1236	19.0000	4.3589
77.1378	19.0000	4.3589
77.1521	9.0000	3.0000
77.1663	19.0000	4.3589
77.1806	21.0000	4.5826
77.1949	15.0000	3.8730
77.2091	16.0000	4.0000
77.2234	17.0000	4.1231
77.2376	13.0000	3.6056
77.2519	17.0000	4.1231
77.2662	19.0000	4.3589
77.2804	9.0000	3.0000
77.2947	21.0000	4.5826
77.3089	19.0000	4.3589
77.3232	12.0000	3.4641
77.3374	11.0000	3.3166
77.3517	12.0000	3.4641
77.3660	14.0000	3.7417
77.3802	13.0000	3.6056
77.3945	10.0000	3.1623
77.4087	15.0000	3.8730
77.4230	14.0000	3.7417
77.4373	13.0000	3.6056
77.4515	16.0000	4.0000
77.4658	16.0000	4.0000
77.4800	14.0000	3.7417
77.4943	25.0000	5.0000
77.5086	15.0000	3.8730
77.5228	18.0000	4.2426
77.5371	10.0000	3.1623
77.5513	23.0000	4.7958
77.5656	16.0000	4.0000
77.5799	15.0000	3.8730
77.5941	15.0000	3.8730
77.6084	19.0000	4.3589
77.6226	18.0000	4.2426
77.6369	23.0000	4.7958
77.6512	22.0000	4.6904
77.6654	14.0000	3.7417
77.6797	13.0000	3.6056
77.6939	19.0000	4.3589
77.7082	17.0000	4.1231
77.7225	10.0000	3.1623
77.7367	20.0000	4.4721
77.7510	8.0000	2.8284
77.7652	15.0000	3.8730
77.7795	14.0000	3.7417
77.7938	21.0000	4.5826
77.8080	14.0000	3.7417
77.8223	15.0000	3.8730
77.8365	14.0000	3.7417
77.8508	11.0000	3.3166
77.8651	18.0000	4.2426
77.8793	14.0000	3.7417
77.8936	17.0000	4.1231
77.9078	20.0000	4.4721
77.9221	15.0000	3.8730
77.9363	12.0000	3.4641
77.9506	8.0000	2.8284
77.9649	11.0000	3.3166
77.9791	8.0000	2.8284
77.9934	14.0000	3.7417
78.0076	24.0000	4.8990
78.0219	13.0000	3.6056
78.0362	13.0000	3.6056
78.0504	10.0000	3.1623
78.0647	12.0000	3.4641
78.0789	20.0000	4.4721
78.0932	16.0000	4.0000
78.1075	12.0000	3.4641
78.1217	10.0000	3.1623
78.1360	21.0000	4.5826
78.1502	16.0000	4.0000
78.1645	7.0000	2.6458
78.1788	20.0000	4.4721
78.1930	19.0000	4.3589
78.2073	14.0000	3.7417
78.2215	13.0000	3.6056
78.2358	16.0000	4.0000
78.2501	18.0000	4.2426
78.2643	18.0000	4.2426
78.2786	16.0000	4.0000
78.2928	19.0000	4.3589
78.3071	11.0000	3.3166
78.3214	9.0000	3.0000
78.3356	13.0000	3.6056
78.3499	11.0000	3.3166
78.3641	17.0000	4.1231
78.3784	13.0000	3.6056
78.3927	12.0000	3.4641
78.4069	24.0000	4.8990
78.4212	7.0000	2.6458
78.4354	18.0000	4.2426
78.4497	11.0000	3.3166
78.4640	24.0000	4.8990
78.4782	13.0000	3.6056
78.4925	11.0000	3.3166
78.5067	19.0000	4.3589
78.5210	13.0000	3.6056
78.5352	14.0000	3.7417
78.5495	19.0000	4.3589
78.5638	16.0000	4.0000
78.5780	17.0000	4.1231
78.5923	15.0000	3.8730
78.6065	12.0000	3.4641
78.6208	8.0000	2.8284
78.6351	11.0000	3.3166
78.6493	18.0000	4.2426
78.6636	14.0000	3.7417
78.6778	9.0000	3.0000
78.6921	23.0000	4.7958
78.7064	15.0000	3.8730
78.7206	12.0000	3.4641
78.7349	15.0000	3.8730
78.7491	15.0000	3.8730
78.7634	10.0000	3.1623
78.7777	11.0000	3.3166
78.7919	12.0000	3.4641
78.8062	6.0000	2.4495
78.8204	17.0000	4.1231
78.8347	14.0000	3.7417
78.8490	17.0000	4.1231
78.8632	16.0000	4.0000
78.8775	5.0000	2.2361
78.8917	17.0000	4.1231
78.9060	14.0000	3.7417
78.9203	13.0000	3.6056
78.9345	16.0000	4.0000
78.9488	12.0000	3.4641
78.9630	11.0000	3.3166
78.9773	11.0000	3.3166
78.9916	15.0000	3.8730
79.0058	16.0000	4.0000
79.0201	21.0000	4.5826
79.0343	11.0000	3.3166
79.0486	16.0000	4.0000
79.0628	13.0000	3.6056
79.0771	9.0000	3.0000
79.0914	18.0000	4.2426
79.1056	15.0000	3.8730
79.1199	13.0000	3.6056
79.1341	18.0000	4.2426
79.1484	12.0000	3.4641
79.1627	13.0000	3.6056
79.1769	16.0000	4.0000
79.1912	13.0000	3.6056
79.2054	17.0000	4.1231
79.2197	14.0000	3.7417
79.2340	14.0000	3.7417
79.2482	12.0000	3.4641
79.2625	25.0000	5.0000
79.2767	17.0000	4.1231
79.2910	18.0000	4.2426
79.3053	19.0000	4.3589
79.3195	9.0000	3.0000
79.3338	18.0000	4.2426
79.3480	15.0000	3.8730
79.3623	19.0000	4.3589
79.3766	25.0000	5.0000
79.3908	12.0000	3.4641
79.4051	12.0000	3.4641
79.4193	16.0000	4.0000
79.4336	13.0000	3.6056
79.4479	19.0000	4.3589
79.4621	21.0000	4.5826
79.4764	16.0000	4.0000
79.4906	12.0000	3.4641
79.5049	25.0000	5.0000
79.5192	9.0000	3.0000
79.5334	10.0000	3.1623
79.5477	20.0000	4.4721
79.5619	13.0000	3.6056
79.5762	16.0000	4.0000
79.5905	19.0000	4.3589
79.6047	14.0000	3.7417
79.6190	20.0000	4.4721
79.6332	18.0000	4.2426
79.6475	20.0000	4.4721
79.6617	10.0000	3.1623
79.6760	14.0000	3.7417
79.6903	19.0000	4.3589
79.7045	20.0000	4.4721
79.7188	19.0000	4.3589
79.7330	18.0000	4.2426
79.7473	15.0000	3.8730
79.7616	13.0000	3.6056
79.7758	12.0000	3.4641
79.7901	20.0000	4.4721
79.8043	17.0000	4.1231
79.8186	19.0000	4.3589
79.8329	11.0000	3.3166
79.8471	14.0000	3.7417
79.8614	13.0000	3.6056
79.8756	19.0000	4.3589
79.8899	16.0000	4.0000
79.9042	17.0000	4.1231
79.9184	16.0000	4.0000
79.9327	12.0000	3.4641
79.9469	20.0000	4.4721
79.9612	11.0000	3.3166
79.9755	16.0000	4.0000
79.9897	14.0000	3.7417
80.0040	14.0000	3.7417
80.0182	17.0000	4.1231
80.0325	11.0000	3.3166
80.0468	14.0000	3.7417
80.0610	9.0000	3.0000
80.0753	12.0000	3.4641
80.0895	19.0000	4.3589
80.1038	15.0000	3.8730
80.1181	22.0000	4.6904
80.1323	20.0000	4.4721
80.1466	19.0000	4.3589
80.1608	14.0000	3.7417
80.1751	15.0000	3.8730
80.1893	14.0000	3.7417
80.2036	14.0000	3.7417
80.2179	14.0000	3.7417
80.2321	14.0000	3.7417
80.2464	14.0000	3.7417
80.2606	7.0000	2.6458
80.2749	18.0000	4.2426
80.2892	11.0000	3.3166
80.3034	14.0000	3.7417
80.3177	17.0000	4.1231
80.3319	10.0000	3.1623
80.3462	13.0000	3.6056
80.3605	18.0000	4.2426
80.3747	13.0000	3.6056
80.3890	10.0000	3.1623
80.4032	12.0000	3.4641
80.4175	23.0000	4.7958
80.4318	10.0000	3.1623
80.4460	14.0000	3.7417
80.4603	16.0000	4.0000
80.4745	14.0000	3.7417
80.4888	10.0000	3.1623
80.5031	26.0000	5.0990
80.5173	15.0000	3.8730
80.5316	16.0000	4.0000
80.5458	12.0000	3.4641
80.5601	7.0000	2.6458
80.5744	20.0000	4.4721
80.5886	11.0000	3.3166
80.6029	17.0000	4.1231
80.6171	10.0000	3.1623
80.6314	13.0000	3.6056
80.6457	13.0000	3.6056
80.6599	19.0000	4.3589
80.6742	21.0000	4.5826
80.6884	15.0000	3.8730
80.7027	21.0000	4.5826
80.7170	13.0000	3.6056
80.7312	16.0000	4.0000
80.7455	18.0000	4.2426
80.7597	16.0000	4.0000
80.7740	18.0000	4.2426
80.7882	12.0000	3.4641
80.8025	19.0000	4.3589
80.8168	14.0000	3.7417
80.8310	12.0000	3.4641
80.8453	11.0000	3.3166
80.8595	10.0000	3.1623
80.8738	10.0000	3.1623
80.8881	16.0000	4.0000
80.9023	15.0000	3.8730
80.9166	14.0000	3.7417
80.9308	12.0000	3.4641
80.9451	17.0000	4.1231
80.9594	18.0000	4.2426
80.9736	23.0000	4.7958
80.9879	19.0000	4.3589
81.0021	13.0000	3.6056
81.0164	13.0000	3.6056
81.0307	22.0000	4.6904
81.0449	15.0000	3.8730
81.0592	17.0000	4.1231
81.0734	11.0000	3.3166
81.0877	14.0000	3.7417
81.1020	13.0000	3.6056
81.1162	17.0000	4.1231
81.1305	24.0000	4.8990
81.1447	14.0000	3.7417
81.1590	11.0000	3.3166
81.1733	14.0000	3.7417
81.1875	13.0000	3.6056
81.2018	13.0000	3.6056
81.2160	14.0000	3.7417
81.2303	12.0000	3.4641
81.2446	10.0000	3.1623
81.2588	20.0000	4.4721
81.2731	16.0000	4.0000
81.2873	15.0000	3.8730
81.3016	20.0000	4.4721
81.3159	9.0000	3.0000
81.3301	9.0000	3.0000
81.3444	19.0000	4.3589
81.3586	13.0000	3.6056
81.3729	15.0000	3.8730
81.3871	15.0000	3.8730
81.4014	15.0000	3.8730
81.4157	19.0000	4.3589
81.4299	11.0000	3.3166
81.4442	22.0000	4.6904
81.4584	16.0000	4.0000
81.4727	16.0000	4.0000
81.4870	13.0000	3.6056
81.5012	18.0000	4.2426
81.5155	15.0000	3.8730
81.5297	17.0000	4.1231
81.5440	15.0000	3.8730
81.5583	12.0000	3.4641
81.5725	13.0000	3.6056
81.5868	12.0000	3.4641
81.6010	16.0000	4.0000
81.6153	8.0000	2.8284
81.6296	12.0000	3.4641
81.6438	16.0000	4.0000
81.6581	17.0000	4.1231
81.6723	17.0000	4.1231
81.6866	16.0000	4.0000
81.7009	21.0000	4.5826
81.7151	27.0000	5.1962
81.7294	22.0000	4.6904
81.7436	15.0000	3.8730
81.7579	19.0000	4.3589
81.7722	20.0000	4.4721
81.7864	18.0000	4.2426
81.8007	25.0000	5.0000
81.8149	26.0000	5.0990
81.8292	26.0000	5.0990
81.8435	15.0000	3.8730
81.8577	16.0000	4.0000
81.8720	19.0000	4.3589
81.8862	25.0000	5.0000
81.9005	21.0000	4.5826
81.9147	25.0000	5.0000
81.9290	18.0000	4.2426
81.9433	26.0000	5.0990
81.9575	27.0000	5.1962
81.9718	19.0000	4.3589
81.9860	25.0000	5.0000
82.0003	29.0000	5.3852
82.0146	29.0000	5.3852
82.0288	24.0000	4.8990
82.0431	23.0000	4.7958
82.0573	36.0000	6.0000
82.0716	37.0000	6.0828
82.0859	31.0000	5.5678
82.1001	17.0000	4.1231
82.1144	29.0000	5.3852
82.1286	27.0000	5.1962
82.1429	34.0000	5.8310
82.1572	25.0000	5.0000
82.1714	28.0000	5.2915
82.1857	35.0000	5.9161
82.1999	31.0000	5.5678
82.2142	33.0000	5.7446
82.2285	29.0000	5.3852
82.2427	34.0000	5.8310
82.2570	40.0000	6.3246
82.2712	26.0000	5.0990
82.2855	41.0000	6.4031
82.2998	27.0000	5.1962
82.3140	28.0000	5.2915
82.3283	41.0000	6.4031
82.3425	38.0000	6.1644
82.3568	44.0000	6.6332
82.3711	31.0000	5.5678
82.3853	30.0000	5.4772
82.3996	40.0000	6.3246
82.4138	44.0000	6.6332
82.4281	34.0000	5.8310
82.4424	34.0000	5.8310
82.4566	28.0000	5.2915
82.4709	28.0000	5.2915
82.4851	33.0000	5.7446
82.4994	31.0000	5.5678
82.5136	44.0000	6.6332
82.5279	37.0000	6.0828
82.5422	37.0000	6.0828
82.5564	30.0000	5.4772
82.5707	33.0000	5.7446
82.5849	28.0000	5.2915
82.5992	26.0000	5.0990
82.6135	23.0000	4.7958
82.6277	36.0000	6.0000
82.6420	26.0000	5.0990
82.6562	39.0000	6.2450
82.6705	26.0000	5.0990
82.6848	28.0000	5.2915
82.6990	28.0000	5.2915
82.7133	27.0000	5.1962
82.7275	25.0000	5.0000
82.7418	34.0000	5.8310
82.7561	23.0000	4.7958
82.7703	32.0000	5.6569
82.7846	25.0000	5.0000
82.7988	29.0000	5.3852
82.8131	25.0000	5.0000
82.8274	29.0000	5.3852
82.8416	29.0000	5.3852
82.8559	33.0000	5.7446
82.8701	32.0000	5.6569
82.8844	37.0000	6.0828
82.8987	19.0000	4.3589
82.9129	32.0000	5.6569
82.9272	24.0000	4.8990
82.9414	24.0000	4.8990
82.9557	20.0000	4.4721
82.9700	29.0000	5.3852
82.9842	24.0000	4.8990
82.9985	29.0000	5.3852
83.0127	26.0000	5.0990
83.0270	19.0000	4.3589
83.0412	26.0000	5.0990
83.0555	25.0000	5.0000
83.0698	21.0000	4.5826
83.0840	26.0000	5.0990
83.0983	28.0000	5.2915
83.1125	14.0000	3.7417
83.1268	9.0000	3.0000
83.1411	30.0000	5.4772
83.1553	29.0000	5.3852
83.1696	24.0000	4.8990
83.1838	21.0000	4.5826
83.1981	25.0000	5.0000
83.2124	30.0000	5.4772
83.2266	22.0000	4.6904
83.2409	15.0000	3.8730
83.2551	16.0000	4.0000
83.2694	12.0000	3.4641
83.2837	29.0000	5.3852
83.2979	14.0000	3.7417
83.3122	21.0000	4.5826
83.3264	23.0000	4.7958
83.3407	12.0000	3.4641
83.3550	12.0000	3.4641
83.3692	17.0000	4.1231
83.3835	15.0000	3.8730
83.3977	18.0000	4.2426
83.4120	20.0000	4.4721
83.4263	10.0000	3.1623
83.4405	18.0000	4.2426
83.4548	20.0000	4.4721
83.4690	24.0000	4.8990
83.4833	20.0000	4.4721
83.4976	22.0000	4.6904
83.5118	12.0000	3.4641
83.5261	14.0000	3.7417
83.5403	20.0000	4.4721
83.5546	15.0000	3.8730
83.5689	14.0000	3.7417
83.5831	9.0000	3.0000
83.5974	10.0000	3.1623
83.6116	13.0000	3.6056
83.6259	14.0000	3.7417
83.6401	16.0000	4.0000
83.6544	10.0000	3.1623
83.6687	12.0000	3.4641
83.6829	19.0000	4.3589
83.6972	15.0000	3.8730
83.7114	10.0000	3.1623
83.7257	14.0000	3.7417
83.7400	26.0000	5.0990
83.7542	19.0000	4.3589
83.7685	15.0000	3.8730
83.7827	23.0000	4.7958
83.7970	21.0000	4.5826
83.8113	7.0000	2.6458
83.8255	18.0000	4.2426
83.8398	13.0000	3.6056
83.8540	10.0000	3.1623
83.8683	13.0000	3.6056
83.8826	13.0000	3.6056
83.8968	14.0000	3.7417
83.9111	23.0000	4.7958
83.9253	18.0000	4.2426
83.9396	7.0000	2.6458
83.9539	14.0000	3.7417
83.9681	18.0000	4.2426
83.9824	16.0000	4.0000
83.9966	18.0000	4.2426
84.0109	7.0000	2.6458
84.0252	17.0000	4.1231
84.0394	17.0000	4.1231
84.0537	17.0000	4.1231
84.0679	15.0000	3.8730
84.0822	14.0000	3.7417
84.0965	20.0000	4.4721
84.1107	12.0000	3.4641
84.1250	14.0000	3.7417
84.1392	16.0000	4.0000
84.1535	15.0000	3.8730
84.1678	10.0000	3.1623
84.1820	12.0000	3.4641
84.1963	18.0000	4.2426
84.2105	15.0000	3.8730
84.2248	9.0000	3.0000
84.2390	19.0000	4.3589
84.2533	22.0000	4.6904
84.2676	15.0000	3.8730
84.2818	10.0000	3.1623
84.2961	13.0000	3.6056
84.3103	21.0000	4.5826
84.3246	14.0000	3.7417
84.3389	20.0000	4.4721
84.3531	17.0000	4.1231
84.3674	15.0000	3.8730
84.3816	15.0000	3.8730
84.3959	14.0000	3.7417
84.4102	14.0000	3.7417
84.4244	11.0000	3.3166
84.4387	12.0000	3.4641
84.4529	16.0000	4.0000
84.4672	15.0000	3.8730
84.4815	11.0000	3.3166
84.4957	17.0000	4.1231
84.5100	17.0000	4.1231
84.5242	9.0000	3.0000
84.5385	9.0000	3.0000
84.5528	11.0000	3.3166
84.5670	15.0000	3.8730
84.5813	11.0000	3.3166
84.5955	14.0000	3.7417
84.6098	13.0000	3.6056
84.6241	14.0000	3.7417
84.6383	17.0000	4.1231
84.6526	11.0000	3.3166
84.6668	17.0000	4.1231
84.6811	17.0000	4.1231
84.6954	12.0000	3.4641
84.7096	9.0000	3.0000
84.7239	18.0000	4.2426
84.7381	14.0000	3.7417
84.7524	16.0000	4.0000
84.7666	11.0000	3.3166
84.7809	7.0000	2.6458
84.7952	13.0000	3.6056
84.8094	13.0000	3.6056
84.8237	9.0000	3.0000
84.8379	6.0000	2.4495
84.8522	16.0000	4.0000
84.8665	14.0000	3.7417
84.8807	6.0000	2.4495
84.8950	16.0000	4.0000
84.9092	11.0000	3.3166
84.9235	8.0000	2.8284
84.9378	13.0000	3.6056
84.9520	13.0000	3.6056
84.9663	19.0000	4.3589
84.9805	8.0000	2.8284
84.9948	10.0000	3.1623
85.0091	6.0000	2.4495
85.0233	9.0000	3.0000
85.0376	16.0000	4.0000
85.0518	11.0000	3.3166
85.0661	9.0000	3.0000
85.0804	9.0000	3.0000
85.0946	13.0000	3.6056
85.1089	13.0000	3.6056
85.1231	14.0000	3.7417
85.1374	10.0000	3.1623
85.1517	18.0000	4.2426
85.1659	16.0000	4.0000
85.1802	14.0000	3.7417
85.1944	8.0000	2.8284
85.2087	13.0000	3.6056
85.2230	13.0000	3.6056
85.2372	13.0000	3.6056
85.2515	17.0000	4.1231
85.2657	17.0000	4.1231
85.2800	17.0000	4.1231
85.2943	13.0000	3.6056
85.3085	16.0000	4.0000
85.3228	15.0000	3.8730
85.3370	20.0000	4.4721
85.3513	15.0000	3.8730
85.3655	22.0000	4.6904
85.3798	18.0000	4.2426
85.3941	21.0000	4.5826
85.4083	14.0000	3.7417
85.4226	15.0000	3.8730
85.4368	8.0000	2.8284
85.4511	17.0000	4.1231
85.4654	17.0000	4.1231
85.4796	18.0000	4.2426
85.4939	12.0000	3.4641
85.5081	12.0000	3.4641
85.5224	12.0000	3.4641
85.5367	22.0000	4.6904
85.5509	17.0000	4.1231
85.5652	8.0000	2.8284
85.5794	19.0000	4.3589
85.5937	17.0000	4.1231
85.6080	13.0000	3.6056
85.6222	12.0000	3.4641
85.6365	16.0000	4.0000
85.6507	13.0000	3.6056
85.6650	9.0000	3.0000
85.6793	20.0000	4.4721
85.6935	12.0000	3.4641
85.7078	14.0000	3.7417
85.7220	11.0000	3.3166
85.7363	11.0000	3.3166
85.7506	15.0000	3.8730
85.7648	16.0000	4.0000
85.7791	16.0000	4.0000
85.7933	10.0000	3.1623
85.8076	13.0000	3.6056
85.8219	8.0000	2.8284
85.8361	11.0000	3.3166
85.8504	14.0000	3.7417
85.8646	14.0000	3.7417
85.8789	10.0000	3.1623
85.8931	11.0000	3.3166
85.9074	6.0000	2.4495
85.9217	14.0000	3.7417
85.9359	15.0000	3.8730
85.9502	12.0000	3.4641
85.9644	12.0000	3.4641
85.9787	12.0000	3.4641
85.9930	10.0000	3.1623
86.0072	16.0000	4.0000
86.0215	25.0000	5.0000
86.0357	13.0000	3.6056
86.0500	11.0000	3.3166
86.0643	15.0000	3.8730
86.0785	19.0000	4.3589
86.0928	18.0000	4.2426
86.1070	15.0000	3.8730
86.1213	12.0000	3.4641
86.1356	8.0000	2.8284
86.1498	15.0000	3.8730
86.1641	9.0000	3.0000
86.1783	11.0000	3.3166
86.1926	9.0000	3.0000
86.2069	11.0000	3.3166
86.2211	19.0000	4.3589
86.2354	13.0000	3.6056
86.2496	16.0000	4.0000
86.2639	18.0000	4.2426
86.2782	7.0000	2.6458
86.2924	17.0000	4.1231
86.3067	13.0000	3.6056
86.3209	13.0000	3.6056
86.3352	16.0000	4.0000
86.3495	15.0000	3.8730
86.3637	18.0000	4.2426
86.3780	12.0000	3.4641
86.3922	9.0000	3.0000
86.4065	11.0000	3.3166
86.4208	15.0000	3.8730
86.4350	19.0000	4.3589
86.4493	14.0000	3.7417
86.4635	11.0000	3.3166
86.4778	7.0000	2.6458
86.4920	14.0000	3.7417
86.5063	14.0000	3.7417
86.5206	8.0000	2.8284
86.5348	9.0000	3.0000
86.5491	15.0000	3.8730
86.5633	14.0000	3.7417
86.5776	16.0000	4.0000
86.5919	16.0000	4.0000
86.6061	8.0000	2.8284
86.6204	23.0000	4.7958
86.6346	10.0000	3.1623
86.6489	15.0000	3.8730
86.6632	18.0000	4.2426
86.6774	13.0000	3.6056
86.6917	11.0000	3.3166
86.7059	16.0000	4.0000
86.7202	14.0000	3.7417
86.7345	12.0000	3.4641
86.7487	12.0000	3.4641
86.7630	12.0000	3.4641
86.7772	12.0000	3.4641
86.7915	5.0000	2.2361
86.8058	5.0000	2.2361
86.8200	23.0000	4.7958
86.8343	10.0000	3.1623
86.8485	10.0000	3.1623
86.8628	17.0000	4.1231
86.8771	11.0000	3.3166
86.8913	15.0000	3.8730
86.9056	23.0000	4.7958
86.9198	13.0000	3.6056
86.9341	8.0000	2.8284
86.9484	10.0000	3.1623
86.9626	11.0000	3.3166
86.9769	16.0000	4.0000
86.9911	11.0000	3.3166
87.0054	13.0000	3.6056
87.0197	16.0000	4.0000
87.0339	15.0000	3.8730
87.0482	17.0000	4.1231
87.0624	13.0000	3.6056
87.0767	11.0000	3.3166
87.0909	14.0000	3.7417
87.1052	12.0000	3.4641
87.1195	13.0000	3.6056
87.1337	9.0000	3.0000
87.1480	12.0000	3.4641
87.1622	9.0000	3.0000
87.1765	12.0000	3.4641
87.1908	17.0000	4.1231
87.2050	10.0000	3.1623
87.2193	12.0000	3.4641
87.2335	8.0000	2.8284
87.2478	9.0000	3.0000
87.2621	7.0000	2.6458
87.2763	15.0000	3.8730
87.2906	15.0000	3.8730
87.3048	11.0000	3.3166
87.3191	9.0000	3.0000
87.3334	10.0000	3.1623
87.3476	9.0000	3.0000
87.3619	11.0000	3.3166
87.3761	14.0000	3.7417
87.3904	17.0000	4.1231
87.4047	15.0000	3.8730
87.4189	15.0000	3.8730
87.4332	11.0000	3.3166
87.4474	10.0000	3.1623
87.4617	10.0000	3.1623
87.4760	5.0000	2.2361
87.4902	15.0000	3.8730
87.5045	12.0000	3.4641
87.5187	18.0000	4.2426
87.5330	8.0000	2.8284
87.5473	13.0000	3.6056
87.5615	10.0000	3.1623
87.5758	5.0000	2.2361
87.5900	11.0000	3.3166
87.6043	15.0000	3.8730
87.6185	14.0000	3.7417
87.6328	18.0000	4.2426
87.6471	11.0000	3.3166
87.6613	9.0000	3.0000
87.6756	13.0000	3.6056
87.6898	7.0000	2.6458
87.7041	21.0000	4.5826
87.7184	9.0000	3.0000
87.7326	10.0000	3.1623
87.7469	15.0000	3.8730
87.7611	20.0000	4.4721
87.7754	10.0000	3.1623
87.7897	8.0000	2.8284
87.8039	9.0000	3.0000
87.8182	7.0000	2.6458
87.8324	17.0000	4.1231
87.8467	12.0000	3.4641
87.8610	14.0000	3.7417
87.8752	9.0000	3.0000
87.8895	10.0000	3.1623
87.9037	8.0000	2.8284
87.9180	15.0000	3.8730
87.9323	5.0000	2.2361
87.9465	17.0000	4.1231
87.9608	13.0000	3.6056
87.9750	12.0000	3.4641
87.9893	14.0000	3.7417
88.0036	13.0000	3.6056
88.0178	11.0000	3.3166
88.0321	7.0000	2.6458
88.0463	7.0000	2.6458
88.0606	5.0000	2.2361
88.0749	13.0000	3.6056
88.0891	13.0000	3.6056
88.1034	7.0000	2.6458
88.1176	11.0000	3.3166
88.1319	10.0000	3.1623
88.1462	16.0000	4.0000
88.1604	5.0000	2.2361
88.1747	12.0000	3.4641
88.1889	7.0000	2.6458
88.2032	12.0000	3.4641
88.2174	7.0000	2.6458
88.2317	13.0000	3.6056
88.2460	13.0000	3.6056
88.2602	9.0000	3.0000
88.2745	13.0000	3.6056
88.2887	10.0000	3.1623
88.3030	13.0000	3.6056
88.3173	14.0000	3.7417
88.3315	11.0000	3.3166
88.3458	11.0000	3.3166
88.3600	16.0000	4.0000
88.3743	7.0000	2.6458
88.3886	13.0000	3.6056
88.4028	15.0000	3.8730
88.4171	11.0000	3.3166
88.4313	18.0000	4.2426
88.4456	15.0000	3.8730
88.4599	9.0000	3.0000
88.4741	5.0000	2.2361
88.4884	12.0000	3.4641
88.5026	14.0000	3.7417
88.5169	11.0000	3.3166
88.5312	14.0000	3.7417
88.5454	7.0000	2.6458
88.5597	18.0000	4.2426
88.5739	9.0000	3.0000
88.5882	9.0000	3.0000
88.6025	15.0000	3.8730
88.6167	15.0000	3.8730
88.6310	11.0000	3.3166
88.6452	13.0000	3.6056
88.6595	12.0000	3.4641
88.6738	11.0000	3.3166
88.6880	20.0000	4.4721
88.7023	15.0000	3.8730
88.7165	12.0000	3.4641
88.7308	9.0000	3.0000
88.7450	19.0000	4.3589
88.7593	8.0000	2.8284
88.7736	12.0000	3.4641
88.7878	15.0000	3.8730
88.8021	11.0000	3.3166
88.8163	11.0000	3.3166
88.8306	21.0000	4.5826
88.8449	11.0000	3.3166
88.8591	10.0000	3.1623
88.8734	19.0000	4.3589
88.8876	22.0000	4.6904
88.9019	23.0000	4.7958
88.9162	12.0000	3.4641
88.9304	14.0000	3.7417
88.9447	16.0000	4.0000
88.9589	18.0000	4.2426
88.9732	17.0000	4.1231
88.9875	11.0000	3.3166
89.0017	20.0000	4.4721
89.0160	13.0000	3.6056
89.0302	16.0000	4.0000
89.0445	13.0000	3.6056
89.0588	14.0000	3.7417
89.0730	23.0000	4.7958
89.0873	15.0000	3.8730
89.1015	23.0000	4.7958
89.1158	10.0000	3.1623
89.1301	12.0000	3.4641
89.1443	15.0000	3.8730
89.1586	14.0000	3.7417
89.1728	24.0000	4.8990
89.1871	17.0000	4.1231
89.2014	14.0000	3.7417
89.2156	17.0000	4.1231
89.2299	19.0000	4.3589
89.2441	12.0000	3.4641
89.2584	16.0000	4.0000
89.2727	10.0000	3.1623
89.2869	10.0000	3.1623
89.3012	19.0000	4.3589
89.3154	12.0000	3.4641
89.3297	17.0000	4.1231
89.3439	11.0000	3.3166
89.3582	15.0000	3.8730
89.3725	12.0000	3.4641
89.3867	12.0000	3.4641
89.4010	8.0000	2.8284
89.4152	15.0000	3.8730
89.4295	11.0000	3.3166
89.4438	22.0000	4.6904
89.4580	18.0000	4.2426
89.4723	15.0000	3.8730
89.4865	15.0000	3.8730
89.5008	9.0000	3.0000
89.5151	18.0000	4.2426
89.5293	11.0000	3.3166
89.5436	16.0000	4.0000
89.5578	12.0000	3.4641
89.5721	11.0000	3.3166
89.5864	9.0000	3.0000
89.6006	12.0000	3.4641
89.6149	11.0000	3.3166
89.6291	16.0000	4.0000
89.6434	10.0000	3.1623
89.6577	16.0000	4.0000
89.6719	12.0000	3.4641
89.6862	10.0000	3.1623
89.7004	11.0000	3.3166
89.7147	15.0000	3.8730
89.7290	14.0000	3.7417
89.7432	14.0000	3.7417
89.7575	13.0000	3.6056
89.7717	10.0000	3.1623
89.7860	14.0000	3.7417
89.8003	12.0000	3.4641
89.8145	15.0000	3.8730
89.8288	14.0000	3.7417
89.8430	8.0000	2.8284
89.8573	13.0000	3.6056
89.8716	7.0000	2.6458
89.8858	12.0000	3.4641
89.9001	19.0000	4.3589
89.9143	9.0000	3.0000
89.9286	9.0000	3.0000
89.9428	13.0000	3.6056
89.9571	15.0000	3.8730
89.9714	15.0000	3.8730
89.9856	12.0000	3.4641
89.9999	14.0000	3.7417
90.0141	12.0000	3.4641
90.0284	9.0000	3.0000
90.0427	22.0000	4.6904
90.0569	13.0000	3.6056
90.0712	12.0000	3.4641
90.0854	21.0000	4.5826
90.0997	14.0000	3.7417
90.1140	13.0000	3.6056
90.1282	13.0000	3.6056
90.1425	13.0000	3.6056
90.1567	12.0000	3.4641
90.1710	14.0000	3.7417
90.1853	10.0000	3.1623
90.1995	11.0000	3.3166
90.2138	8.0000	2.8284
90.2280	11.0000	3.3166
90.2423	18.0000	4.2426
90.2566	14.0000	3.7417
90.2708	12.0000	3.4641
90.2851	14.0000	3.7417
90.2993	18.0000	4.2426
90.3136	16.0000	4.0000
90.3279	14.0000	3.7417
90.3421	17.0000	4.1231
90.3564	14.0000	3.7417
90.3706	15.0000	3.8730
90.3849	15.0000	3.8730
90.3992	11.0000	3.3166
90.4134	26.0000	5.0990
90.4277	14.0000	3.7417
90.4419	14.0000	3.7417
90.4562	15.0000	3.8730
90.4704	19.0000	4.3589
90.4847	19.0000	4.3589
90.4990	13.0000	3.6056
90.5132	10.0000	3.1623
90.5275	13.0000	3.6056
90.5417	9.0000	3.0000
90.5560	20.0000	4.4721
90.5703	9.0000	3.0000
90.5845	14.0000	3.7417
90.5988	21.0000	4.5826
90.6130	10.0000	3.1623
90.6273	14.0000	3.7417
90.6416	15.0000	3.8730
90.6558	12.0000	3.4641
90.6701	15.0000	3.8730
90.6843	14.0000	3.7417
90.6986	13.0000	3.6056
90.7129	11.0000	3.3166
90.7271	11.0000	3.3166
90.7414	13.0000	3.6056
90.7556	9.0000	3.0000
90.7699	15.0000	3.8730
90.7842	8.0000	2.8284
90.7984	11.0000	3.3166
90.8127	13.0000	3.6056
90.8269	12.0000	3.4641
90.8412	13.0000	3.6056
90.8555	13.0000	3.6056
90.8697	12.0000	3.4641
90.8840	13.0000	3.6056
90.8982	13.0000	3.6056
90.9125	14.0000	3.7417
90.9268	14.0000	3.7417
90.9410	18.0000	4.2426
90.9553	13.0000	3.6056
90.9695	13.0000	3.6056
90.9838	18.0000	4.2426
90.9981	10.0000	3.1623
91.0123	16.0000	4.0000
91.0266	6.0000	2.4495
91.0408	6.0000	2.4495
91.0551	13.0000	3.6056
91.0693	14.0000	3.7417
91.0836	13.0000	3.6056
91.0979	11.0000	3.3166
91.1121	11.0000	3.3166
91.1264	18.0000	4.2426
91.1406	10.0000	3.1623
91.1549	1.0000	1.0000
91.1692	11.0000	3.3166
91.1834	13.0000	3.6056
91.1977	11.0000	3.3166
91.2119	15.0000	3.8730
91.2262	15.0000	3.8730
91.2405	8.0000	2.8284
91.2547	13.0000	3.6056
91.2690	15.0000	3.8730
91.2832	15.0000	3.8730
91.2975	17.0000	4.1231
91.3118	13.0000	3.6056
91.3260	12.0000	3.4641
91.3403	10.0000	3.1623
91.3545	14.0000	3.7417
91.3688	12.0000	3.4641
91.3831	11.0000	3.3166
91.3973	15.0000	3.8730
91.4116	8.0000	2.8284
91.4258	11.0000	3.3166
91.4401	12.0000	3.4641
91.4544	15.0000	3.8730
91.4686	9.0000	3.0000
91.4829	13.0000	3.6056
91.4971	17.0000	4.1231
91.5114	15.0000	3.8730
91.5257	15.0000	3.8730
91.5399	11.0000	3.3166
91.5542	14.0000	3.7417
91.5684	16.0000	4.0000
91.5827	15.0000	3.8730
91.5969	13.0000	3.6056
91.6112	17.0000	4.1231
91.6255	16.0000	4.0000
91.6397	12.0000	3.4641
91.6540	18.0000	4.2426
91.6682	11.0000	3.3166
91.6825	11.0000	3.3166
91.6968	10.0000	3.1623
91.7110	17.0000	4.1231
91.7253	11.0000	3.3166
91.7395	13.0000	3.6056
91.7538	10.0000	3.1623
91.7681	13.0000	3.6056
91.7823	12.0000	3.4641
91.7966	19.0000	4.3589
91.8108	14.0000	3.7417
91.8251	17.0000	4.1231
91.8394	11.0000	3.3166
91.8536	9.0000	3.0000
91.8679	13.0000	3.6056
91.8821	16.0000	4.0000
91.8964	5.0000	2.2361
91.9107	11.0000	3.3166
91.9249	18.0000	4.2426
91.9392	11.0000	3.3166
91.9534	13.0000	3.6056
91.9677	9.0000	3.0000
91.9820	19.0000	4.3589
91.9962	15.0000	3.8730
92.0105	17.0000	4.1231
92.0247	8.0000	2.8284
92.0390	16.0000	4.0000
92.0533	14.0000	3.7417
92.0675	14.0000	3.7417
92.0818	16.0000	4.0000
92.0960	11.0000	3.3166
92.1103	15.0000	3.8730
92.1246	8.0000	2.8284
92.1388	13.0000	3.6056
92.1531	8.0000	2.8284
92.1673	5.0000	2.2361
92.1816	12.0000	3.4641
92.1958	9.0000	3.0000
92.2101	11.0000	3.3166
92.2244	14.0000	3.7417
92.2386	14.0000	3.7417
92.2529	12.0000	3.4641
92.2671	7.0000	2.6458
92.2814	8.0000	2.8284
92.2957	7.0000	2.6458
92.3099	13.0000	3.6056
92.3242	7.0000	2.6458
92.3384	11.0000	3.3166
92.3527	15.0000	3.8730
92.3670	9.0000	3.0000
92.3812	15.0000	3.8730
92.3955	16.0000	4.0000
92.4097	16.0000	4.0000
92.4240	8.0000	2.8284
92.4383	22.0000	4.6904
92.4525	12.0000	3.4641
92.4668	11.0000	3.3166
92.4810	12.0000	3.4641
92.4953	20.0000	4.4721
92.5096	14.0000	3.7417
92.5238	13.0000	3.6056
92.5381	7.0000	2.6458
92.5523	15.0000	3.8730
92.5666	21.0000	4.5826
92.5809	14.0000	3.7417
92.5951	22.0000	4.6904
92.6094	11.0000	3.3166
92.6236	16.0000	4.0000
92.6379	11.0000	3.3166
92.6522	22.0000	4.6904
92.6664	16.0000	4.0000
92.6807	13.0000	3.6056
92.6949	14.0000	3.7417
92.7092	16.0000	4.0000
92.7235	9.0000	3.0000
92.7377	10.0000	3.1623
92.7520	15.0000	3.8730
92.7662	14.0000	3.7417
92.7805	15.0000	3.8730
92.7947	19.0000	4.3589
92.8090	9.0000	3.0000
92.8233	16.0000	4.0000
92.8375	19.0000	4.3589
92.8518	17.0000	4.1231
92.8660	12.0000	3.4641
92.8803	11.0000	3.3166
92.8946	14.0000	3.7417
92.9088	18.0000	4.2426
92.9231	18.0000	4.2426
92.9373	13.0000	3.6056
92.9516	12.0000	3.4641
92.9659	13.0000	3.6056
92.9801	12.0000	3.4641
92.9944	19.0000	4.3589
93.0086	19.0000	4.3589
93.0229	16.0000	4.0000
93.0372	14.0000	3.7417
93.0514	11.0000	3.3166
93.0657	15.0000	3.8730
93.0799	9.0000	3.0000
93.0942	10.0000	3.1623
93.1085	16.0000	4.0000
93.1227	18.0000	4.2426
93.1370	11.0000	3.3166
93.1512	16.0000	4.0000
93.1655	18.0000	4.2426
93.1798	13.0000	3.6056
93.1940	15.0000	3.8730
93.2083	17.0000	4.1231
93.2225	17.0000	4.1231
93.2368	15.0000	3.8730
93.2511	16.0000	4.0000
93.2653	13.0000	3.6056
93.2796	12.0000	3.4641
93.2938	12.0000	3.4641
93.3081	9.0000	3.0000
93.3223	15.0000	3.8730
93.3366	15.0000	3.8730
93.3509	13.0000	3.6056
93.3651	18.0000	4.2426
93.3794	18.0000	4.2426
93.3936	16.0000	4.0000
93.4079	21.0000	4.5826
93.4222	20.0000	4.4721
93.4364	16.0000	4.0000
93.4507	16.0000	4.0000
93.4649	16.0000	4.0000
93.4792	26.0000	5.0990
93.4935	18.0000	4.2426
93.5077	21.0000	4.5826
93.5220	24.0000	4.8990
93.5362	15.0000	3.8730
93.5505	17.0000	4.1231
93.5648	19.0000	4.3589
93.5790	29.0000	5.3852
93.5933	24.0000	4.8990
93.6075	15.0000	3.8730
93.6218	12.0000	3.4641
93.6361	20.0000	4.4721
93.6503	24.0000	4.8990
93.6646	21.0000	4.5826
93.6788	15.0000	3.8730
93.6931	15.0000	3.8730
93.7074	22.0000	4.6904
93.7216	26.0000	5.0990
93.7359	26.0000	5.0990
93.7501	18.0000	4.2426
93.7644	23.0000	4.7958
93.7787	26.0000	5.0990
93.7929	21.0000	4.5826
93.8072	13.0000	3.6056
93.8214	21.0000	4.5826
93.8357	19.0000	4.3589
93.8500	21.0000	4.5826
93.8642	14.0000	3.7417
93.8785	17.0000	4.1231
93.8927	18.0000	4.2426
93.9070	24.0000	4.8990
93.9212	15.0000	3.8730
93.9355	22.0000	4.6904
93.9498	20.0000	4.4721
93.9640	24.0000	4.8990
93.9783	16.0000	4.0000
93.9925	28.0000	5.2915
94.0068	24.0000	4.8990
94.0211	18.0000	4.2426
94.0353	19.0000	4.3589
94.0496	29.0000	5.3852
94.0638	25.0000	5.0000
94.0781	24.0000	4.8990
94.0924	7.0000	2.6458
94.1066	16.0000	4.0000
94.1209	19.0000	4.3589
94.1351	23.0000	4.7958
94.1494	22.0000	4.6904
94.1637	22.0000	4.6904
94.1779	22.0000	4.6904
94.1922	19.0000	4.3589
94.2064	22.0000	4.6904
94.2207	22.0000	4.6904
94.2350	12.0000	3.4641
94.2492	13.0000	3.6056
94.2635	15.0000	3.8730
94.2777	18.0000	4.2426
94.2920	23.0000	4.7958
94.3063	25.0000	5.0000
94.3205	16.0000	4.0000
94.3348	16.0000	4.0000
94.3490	20.0000	4.4721
94.3633	23.0000	4.7958
94.3776	18.0000	4.2426
94.3918	14.0000	3.7417
94.4061	14.0000	3.7417
94.4203	19.0000	4.3589
94.4346	23.0000	4.7958
94.4488	29.0000	5.3852
94.4631	26.0000	5.0990
94.4774	21.0000	4.5826
94.4916	18.0000	4.2426
94.5059	15.0000	3.8730
94.5201	22.0000	4.6904
94.5344	21.0000	4.5826
94.5487	19.0000	4.3589
94.5629	19.0000	4.3589
94.5772	29.0000	5.3852
94.5914	16.0000	4.0000
94.6057	17.0000	4.1231
94.6200	21.0000	4.5826
94.6342	24.0000	4.8990
94.6485	23.0000	4.7958
94.6627	25.0000	5.0000
94.6770	20.0000	4.4721
94.6913	29.0000	5.3852
94.7055	23.0000	4.7958
94.7198	17.0000	4.1231
94.7340	24.0000	4.8990
94.7483	21.0000	4.5826
94.7626	16.0000	4.0000
94.7768	25.0000	5.0000
94.7911	22.0000	4.6904
94.8053	14.0000	3.7417
94.8196	27.0000	5.1962
94.8339	29.0000	5.3852
94.8481	22.0000	4.6904
94.8624	23.0000	4.7958
94.8766	26.0000	5.0990
94.8909	23.0000	4.7958
94.9052	24.0000	4.8990
94.9194	30.0000	5.4772
94.9337	25.0000	5.0000
94.9479	17.0000	4.1231
94.9622	19.0000	4.3589
94.9765	23.0000	4.7958
94.9907	15.0000	3.8730
95.0050	25.0000	5.0000
95.0192	11.0000	3.3166
95.0335	27.0000	5.1962
95.0477	15.0000	3.8730
95.0620	27.0000	5.1962
95.0763	19.0000	4.3589
95.0905	18.0000	4.2426
95.1048	22.0000	4.6904
95.1190	24.0000	4.8990
95.1333	14.0000	3.7417
95.1476	24.0000	4.8990
95.1618	20.0000	4.4721
95.1761	16.0000	4.0000
95.1903	18.0000	4.2426
95.2046	16.0000	4.0000
95.2189	19.0000	4.3589
95.2331	26.0000	5.0990
95.2474	18.0000	4.2426
95.2616	26.0000	5.0990
95.2759	25.0000	5.0000
95.2902	19.0000	4.3589
95.3044	10.0000	3.1623
95.3187	15.0000	3.8730
95.3329	20.0000	4.4721
95.3472	15.0000	3.8730
95.3615	15.0000	3.8730
95.3757	20.0000	4.4721
95.3900	13.0000	3.6056
95.4042	16.0000	4.0000
95.4185	13.0000	3.6056
95.4328	16.0000	4.0000
95.4470	24.0000	4.8990
95.4613	20.0000	4.4721
95.4755	13.0000	3.6056
95.4898	20.0000	4.4721
95.5041	25.0000	5.0000
95.5183	21.0000	4.5826
95.5326	11.0000	3.3166
95.5468	23.0000	4.7958
95.5611	17.0000	4.1231
95.5754	16.0000	4.0000
95.5896	17.0000	4.1231
95.6039	16.0000	4.0000
95.6181	10.0000	3.1623
95.6324	11.0000	3.3166
95.6466	13.0000	3.6056
95.6609	27.0000	5.1962
95.6752	17.0000	4.1231
95.6894	13.0000	3.6056
95.7037	17.0000	4.1231
95.7179	18.0000	4.2426
95.7322	19.0000	4.3589
95.7465	19.0000	4.3589
95.7607	14.0000	3.7417
95.7750	11.0000	3.3166
95.7892	15.0000	3.8730
95.8035	16.0000	4.0000
95.8178	14.0000	3.7417
95.8320	18.0000	4.2426
95.8463	17.0000	4.1231
95.8605	21.0000	4.5826
95.8748	17.0000	4.1231
95.8891	15.0000	3.8730
95.9033	16.0000	4.0000
95.9176	13.0000	3.6056
95.9318	18.0000	4.2426
95.9461	14.0000	3.7417
95.9604	18.0000	4.2426
95.9746	12.0000	3.4641
95.9889	15.0000	3.8730
96.0031	17.0000	4.1231
96.0174	12.0000	3.4641
96.0317	12.0000	3.4641
96.0459	9.0000	3.0000
96.0602	18.0000	4.2426
96.0744	16.0000	4.0000
96.0887	11.0000	3.3166
96.1030	20.0000	4.4721
96.1172	18.0000	4.2426
96.1315	7.0000	2.6458
96.1457	18.0000	4.2426
96.1600	8.0000	2.8284
96.1742	11.0000	3.3166
96.1885	7.0000	2.6458
96.2028	10.0000	3.1623
96.2170	16.0000	4.0000
96.2313	9.0000	3.0000
96.2455	19.0000	4.3589
96.2598	15.0000	3.8730
96.2741	11.0000	3.3166
96.2883	9.0000	3.0000
96.3026	7.0000	2.6458
96.3168	8.0000	2.8284
96.3311	9.0000	3.0000
96.3454	12.0000	3.4641
96.3596	10.0000	3.1623
96.3739	20.0000	4.4721
96.3881	15.0000	3.8730
96.4024	15.0000	3.8730
96.4167	14.0000	3.7417
96.4309	16.0000	4.0000
96.4452	18.0000	4.2426
96.4594	19.0000	4.3589
96.4737	18.0000	4.2426
96.4880	5.0000	2.2361
96.5022	12.0000	3.4641
96.5165	8.0000	2.8284
96.5307	9.0000	3.0000
96.5450	12.0000	3.4641
96.5593	15.0000	3.8730
96.5735	18.0000	4.2426
96.5878	11.0000	3.3166
96.6020	11.0000	3.3166
96.6163	16.0000	4.0000
96.6306	24.0000	4.8990
96.6448	10.0000	3.1623
96.6591	12.0000	3.4641
96.6733	24.0000	4.8990
96.6876	9.0000	3.0000
96.7019	24.0000	4.8990
96.7161	11.0000	3.3166
96.7304	14.0000	3.7417
96.7446	16.0000	4.0000
96.7589	6.0000	2.4495
96.7731	18.0000	4.2426
96.7874	15.0000	3.8730
96.8017	12.0000	3.4641
96.8159	18.0000	4.2426
96.8302	18.0000	4.2426
96.8444	9.0000	3.0000
96.8587	10.0000	3.1623
96.8730	15.0000	3.8730
96.8872	11.0000	3.3166
96.9015	9.0000	3.0000
96.9157	12.0000	3.4641
96.9300	15.0000	3.8730
96.9443	16.0000	4.0000
96.9585	18.0000	4.2426
96.9728	12.0000	3.4641
96.9870	17.0000	4.1231
97.0013	18.0000	4.2426
97.0156	20.0000	4.4721
97.0298	19.0000	4.3589
97.0441	17.0000	4.1231
97.0583	12.0000	3.4641
97.0726	12.0000	3.4641
97.0869	14.0000	3.7417
97.1011	12.0000	3.4641
97.1154	7.0000	2.6458
97.1296	7.0000	2.6458
97.1439	17.0000	4.1231
97.1582	7.0000	2.6458
97.1724	17.0000	4.1231
97.1867	17.0000	4.1231
97.2009	14.0000	3.7417
97.2152	11.0000	3.3166
97.2295	13.0000	3.6056
97.2437	14.0000	3.7417
97.2580	21.0000	4.5826
97.2722	24.0000	4.8990
97.2865	19.0000	4.3589
97.3007	18.0000	4.2426
97.3150	16.0000	4.0000
97.3293	18.0000	4.2426
97.3435	8.0000	2.8284
97.3578	10.0000	3.1623
97.3720	22.0000	4.6904
97.3863	12.0000	3.4641
97.4006	12.0000	3.4641
97.4148	20.0000	4.4721
97.4291	20.0000	4.4721
97.4433	18.0000	4.2426
97.4576	13.0000	3.6056
97.4719	15.0000	3.8730
97.4861	14.0000	3.7417
97.5004	17.0000	4.1231
97.5146	11.0000	3.3166
97.5289	19.0000	4.3589
97.5432	13.0000	3.6056
97.5574	16.0000	4.0000
97.5717	23.0000	4.7958
97.5859	11.0000	3.3166
97.6002	11.0000	3.3166
97.6145	12.0000	3.4641
97.6287	24.0000	4.8990
97.6430	31.0000	5.5678
97.6572	13.0000	3.6056
97.6715	24.0000	4.8990
97.6858	14.0000	3.7417
97.7000	17.0000	4.1231
97.7143	24.0000	4.8990
97.7285	14.0000	3.7417
97.7428	18.0000	4.2426
97.7571	12.0000	3.4641
97.7713	16.0000	4.0000
97.7856	21.0000	4.5826
97.7998	18.0000	4.2426
97.8141	20.0000	4.4721
97.8284	21.0000	4.5826
97.8426	12.0000	3.4641
97.8569	16.0000	4.0000
97.8711	18.0000	4.2426
97.8854	12.0000	3.4641
97.8996	10.0000	3.1623
97.9139	20.0000	4.4721
97.9282	19.0000	4.3589
97.9424	16.0000	4.0000
97.9567	16.0000	4.0000
97.9709	26.0000	5.0990
97.9852	15.0000	3.8730
97.9995	13.0000	3.6056
98.0137	17.0000	4.1231
98.0280	14.0000	3.7417
98.0422	10.0000	3.1623
98.0565	10.0000	3.1623
98.0708	13.0000	3.6056
98.0850	16.0000	4.0000
98.0993	20.0000	4.4721
98.1135	9.0000	3.0000
98.1278	24.0000	4.8990
98.1421	16.0000	4.0000
98.1563	14.0000	3.7417
98.1706	12.0000	3.4641
98.1848	10.0000	3.1623
98.1991	10.0000	3.1623
98.2134	9.0000	3.0000
98.2276	6.0000	2.4495
98.2419	13.0000	3.6056
98.2561	15.0000	3.8730
98.2704	11.0000	3.3166
98.2847	14.0000	3.7417
98.2989	17.0000	4.1231
98.3132	16.0000	4.0000
98.3274	19.0000	4.3589
98.3417	17.0000	4.1231
98.3560	8.0000	2.8284
98.3702	11.0000	3.3166
98.3845	18.0000	4.2426
98.3987	6.0000	2.4495
98.4130	16.0000	4.0000
98.4273	18.0000	4.2426
98.4415	15.0000	3.8730
98.4558	11.0000	3.3166
98.4700	11.0000	3.3166
98.4843	16.0000	4.0000
98.4985	11.0000	3.3166
98.5128	14.0000	3.7417
98.5271	17.0000	4.1231
98.5413	11.0000	3.3166
98.5556	12.0000	3.4641
98.5698	16.0000	4.0000
98.5841	13.0000	3.6056
98.5984	18.0000	4.2426
98.6126	10.0000	3.1623
98.6269	14.0000	3.7417
98.6411	17.0000	4.1231
98.6554	10.0000	3.1623
98.6697	12.0000	3.4641
98.6839	24.0000	4.8990
98.6982	16.0000	4.0000
98.7124	12.0000	3.4641
98.7267	13.0000	3.6056
98.7410	12.0000	3.4641
98.7552	25.0000	5.0000
98.7695	15.0000	3.8730
98.7837	21.0000	4.5826
98.7980	9.0000	3.0000
98.8123	12.0000	3.4641
98.8265	13.0000	3.6056
98.8408	17.0000	4.1231
98.8550	15.0000	3.8730
98.8693	18.0000	4.2426
98.8836	14.0000	3.7417
98.8978	11.0000	3.3166
98.9121	13.0000	3.6056
98.9263	13.0000	3.6056
98.9406	16.0000	4.0000
98.9549	18.0000	4.2426
98.9691	17.0000	4.1231
98.9834	12.0000	3.4641
98.9976	23.0000	4.7958
99.0119	20.0000	4.4721
99.0261	10.0000	3.1623
99.0404	17.0000	4.1231
99.0547	8.0000	2.8284
99.0689	14.0000	3.7417
99.0832	17.0000	4.1231
99.0974	17.0000	4.1231
99.1117	15.0000	3.8730
99.1260	16.0000	4.0000
99.1402	15.0000	3.8730
99.1545	16.0000	4.0000
99.1687	20.0000	4.4721
99.1830	14.0000	3.7417
99.1973	24.0000	4.8990
99.2115	13.0000	3.6056
99.2258	16.0000	4.0000
99.2400	14.0000	3.7417
99.2543	18.0000	4.2426
99.2686	13.0000	3.6056
99.2828	15.0000	3.8730
99.2971	15.0000	3.8730
99.3113	16.0000	4.0000
99.3256	16.0000	4.0000
99.3399	13.0000	3.6056
99.3541	19.0000	4.3589
99.3684	21.0000	4.5826
99.3826	15.0000	3.8730
99.3969	12.0000	3.4641
99.4112	15.0000	3.8730
99.4254	14.0000	3.7417
99.4397	16.0000	4.0000
99.4539	10.0000	3.1623
99.4682	12.0000	3.4641
99.4825	18.0000	4.2426
99.4967	14.0000	3.7417
99.5110	16.0000	4.0000
99.5252	16.0000	4.0000
99.5395	16.0000	4.0000
99.5538	11.0000	3.3166
99.5680	17.0000	4.1231
99.5823	12.0000	3.4641
99.5965	10.0000	3.1623
99.6108	16.0000	4.0000
99.6250	16.0000	4.0000
99.6393	12.0000	3.4641
99.6536	9.0000	3.0000
99.6678	25.0000	5.0000
99.6821	17.0000	4.1231
99.6963	16.0000	4.0000
99.7106	19.0000	4.3589
99.7249	13.0000	3.6056
99.7391	11.0000	3.3166
99.7534	17.0000	4.1231
99.7676	14.0000	3.7417
99.7819	11.0000	3.3166
99.7962	11.0000	3.3166
99.8104	11.0000	3.3166
99.8247	20.0000	4.4721
99.8389	18.0000	4.2426
99.8532	20.0000	4.4721
99.8675	13.0000	3.6056
99.8817	18.0000	4.2426
99.8960	15.0000	3.8730
99.9102	12.0000	3.4641
99.9245	10.0000	3.1623
99.9388	13.0000	3.6056
99.9530	10.0000	3.1623
99.9673	22.0000	4.6904
99.9815	12.0000	3.4641
99.9958	13.0000	3.6056
100.0101	10.0000	3.1623
100.0243	17.0000	4.1231
100.0386	13.0000	3.6056
100.0528	11.0000	3.3166
100.0671	19.0000	4.3589
100.0814	10.0000	3.1623
100.0956	15.0000	3.8730
100.1099	15.0000	3.8730
100.1241	17.0000	4.1231
100.1384	8.0000	2.8284
100.1526	13.0000	3.6056
100.1669	18.0000	4.2426
100.1812	15.0000	3.8730
100.1954	11.0000	3.3166
100.2097	14.0000	3.7417
100.2239	16.0000	4.0000
100.2382	11.0000	3.3166
100.2525	18.0000	4.2426
100.2667	16.0000	4.0000
100.2810	17.0000	4.1231
100.2952	14.0000	3.7417
100.3095	11.0000	3.3166
100.3238	15.0000	3.8730
100.3380	15.0000	3.8730
100.3523	15.0000	3.8730
100.3665	15.0000	3.8730
100.3808	18.0000	4.2426
100.3951	14.0000	3.7417
100.4093	15.0000	3.8730
100.4236	20.0000	4.4721
100.4378	21.0000	4.5826
100.4521	14.0000	3.7417
100.4664	13.0000	3.6056
100.4806	14.0000	3.7417
100.4949	11.0000	3.3166
100.5091	12.0000	3.4641
100.5234	9.0000	3.0000
100.5377	10.0000	3.1623
100.5519	20.0000	4.4721
100.5662	14.0000	3.7417
100.5804	16.0000	4.0000
100.5947	13.0000	3.6056
100.6090	11.0000	3.3166
100.6232	9.0000	3.0000
100.6375	14.0000	3.7417
100.6517	9.0000	3.0000
100.6660	14.0000	3.7417
100.6803	8.0000	2.8284
100.6945	15.0000	3.8730
100.7088	15.0000	3.8730
100.7230	9.0000	3.0000
100.7373	17.0000	4.1231
100.7515	20.0000	4.4721
100.7658	11.0000	3.3166
100.7801	16.0000	4.0000
100.7943	16.0000	4.0000
100.8086	17.0000	4.1231
100.8228	14.0000	3.7417
100.8371	22.0000	4.6904
100.8514	19.0000	4.3589
100.8656	14.0000	3.7417
100.8799	16.0000	4.0000
100.8941	7.0000	2.6458
100.9084	21.0000	4.5826
100.9227	18.0000	4.2426
100.9369	20.0000	4.4721
100.9512	9.0000	3.0000
100.9654	8.0000	2.8284
100.9797	11.0000	3.3166
100.9940	13.0000	3.6056
101.0082	15.0000	3.8730
101.0225	10.0000	3.1623
101.0367	11.0000	3.3166
101.0510	14.0000	3.7417
101.0653	15.0000	3.8730
101.0795	23.0000	4.7958
101.0938	10.0000	3.1623
101.1080	14.0000	3.7417
101.1223	12.0000	3.4641
101.1366	12.0000	3.4641
101.1508	13.0000	3.6056
101.1651	24.0000	4.8990
101.1793	20.0000	4.4721
101.1936	21.0000	4.5826
101.2079	10.0000	3.1623
101.2221	19.0000	4.3589
101.2364	18.0000	4.2426
101.2506	16.0000	4.0000
101.2649	20.0000	4.4721
101.2792	14.0000	3.7417
101.2934	15.0000	3.8730
101.3077	18.0000	4.2426
101.3219	17.0000	4.1231
101.3362	11.0000	3.3166
101.3504	16.0000	4.0000
101.3647	20.0000	4.4721
101.3790	13.0000	3.6056
101.3932	15.0000	3.8730
101.4075	16.0000	4.0000
101.4217	12.0000	3.4641
101.4360	15.0000	3.8730
101.4503	19.0000	4.3589
101.4645	9.0000	3.0000
101.4788	17.0000	4.1231
101.4930	16.0000	4.0000
101.5073	12.0000	3.4641
101.5216	15.0000	3.8730
101.5358	17.0000	4.1231
101.5501	12.0000	3.4641
101.5643	13.0000	3.6056
101.5786	13.0000	3.6056
101.5929	11.0000	3.3166
101.6071	11.0000	3.3166
101.6214	17.0000	4.1231
101.6356	20.0000	4.4721
101.6499	14.0000	3.7417
101.6642	8.0000	2.8284
101.6784	13.0000	3.6056
101.6927	9.0000	3.0000
101.7069	16.0000	4.0000
101.7212	8.0000	2.8284
101.7355	16.0000	4.0000
101.7497	6.0000	2.4495
101.7640	10.0000	3.1623
101.7782	10.0000	3.1623
101.7925	12.0000	3.4641
101.8068	15.0000	3.8730
101.8210	12.0000	3.4641
101.8353	16.0000	4.0000
101.8495	9.0000	3.0000
101.8638	22.0000	4.6904
101.8780	15.0000	3.8730
101.8923	13.0000	3.6056
101.9066	11.0000	3.3166
101.9208	18.0000	4.2426
101.9351	18.0000	4.2426
101.9493	16.0000	4.0000
101.9636	8.0000	2.8284
101.9779	15.0000	3.8730
101.9921	7.0000	2.6458
102.0064	19.0000	4.3589
102.0206	13.0000	3.6056
102.0349	16.0000	4.0000
102.0492	23.0000	4.7958
102.0634	7.0000	2.6458
102.0777	13.0000	3.6056
102.0919	9.0000	3.0000
102.1062	18.0000	4.2426
102.1205	9.0000	3.0000
102.1347	8.0000	2.8284
102.1490	17.0000	4.1231
102.1632	14.0000	3.7417
102.1775	17.0000	4.1231
102.1918	9.0000	3.0000
102.2060	9.0000	3.0000
102.2203	16.0000	4.0000
102.2345	14.0000	3.7417
102.2488	13.0000	3.6056
102.2631	10.0000	3.1623
102.2773	14.0000	3.7417
102.2916	20.0000	4.4721
102.3058	11.0000	3.3166
102.3201	15.0000	3.8730
102.3344	9.0000	3.0000
102.3486	9.0000	3.0000
102.3629	7.0000	2.6458
102.3771	16.0000	4.0000
102.3914	9.0000	3.0000
102.4057	12.0000	3.4641
102.4199	9.0000	3.0000
102.4342	20.0000	4.4721
102.4484	11.0000	3.3166
102.4627	16.0000	4.0000
102.4769	10.0000	3.1623
102.4912	9.0000	3.0000
102.5055	10.0000	3.1623
102.5197	9.0000	3.0000
102.5340	9.0000	3.0000
102.5482	11.0000	3.3166
102.5625	14.0000	3.7417
102.5768	9.0000	3.0000
102.5910	9.0000	3.0000
102.6053	9.0000	3.0000
102.6195	12.0000	3.4641
102.6338	10.0000	3.1623
102.6481	8.0000	2.8284
102.6623	17.0000	4.1231
102.6766	12.0000	3.4641
102.6908	8.0000	2.8284
102.7051	17.0000	4.1231
102.7194	9.0000	3.0000
102.7336	10.0000	3.1623
102.7479	9.0000	3.0000
102.7621	16.0000	4.0000
102.7764	11.0000	3.3166
102.7907	15.0000	3.8730
102.8049	12.0000	3.4641
102.8192	10.0000	3.1623
102.8334	16.0000	4.0000
102.8477	15.0000	3.8730
102.8620	8.0000	2.8284
102.8762	14.0000	3.7417
102.8905	10.0000	3.1623
102.9047	8.0000	2.8284
102.9190	15.0000	3.8730
102.9333	15.0000	3.8730
102.9475	14.0000	3.7417
102.9618	12.0000	3.4641
102.9760	12.0000	3.4641
102.9903	12.0000	3.4641
103.0045	14.0000	3.7417
103.0188	13.0000	3.6056
103.0331	15.0000	3.8730
103.0473	15.0000	3.8730
103.0616	17.0000	4.1231
103.0758	15.0000	3.8730
103.0901	15.0000	3.8730
103.1044	13.0000	3.6056
103.1186	12.0000	3.4641
103.1329	12.0000	3.4641
103.1471	15.0000	3.8730
103.1614	13.0000	3.6056
103.1757	14.0000	3.7417
103.1899	16.0000	4.0000
103.2042	17.0000	4.1231
103.2184	18.0000	4.2426
103.2327	14.0000	3.7417
103.2470	16.0000	4.0000
103.2612	11.0000	3.3166
103.2755	12.0000	3.4641
103.2897	16.0000	4.0000
103.3040	12.0000	3.4641
103.3183	15.0000	3.8730
103.3325	13.0000	3.6056
103.3468	7.0000	2.6458
103.3610	15.0000	3.8730
103.3753	10.0000	3.1623
103.3896	11.0000	3.3166
103.4038	11.0000	3.3166
103.4181	7.0000	2.6458
103.4323	6.0000	2.4495
103.4466	14.0000	3.7417
103.4609	7.0000	2.6458
103.4751	18.0000	4.2426
103.4894	15.0000	3.8730
103.5036	10.0000	3.1623
103.5179	11.0000	3.3166
103.5322	14.0000	3.7417
103.5464	12.0000	3.4641
103.5607	21.0000	4.5826
103.5749	21.0000	4.5826
103.5892	17.0000	4.1231
103.6034	19.0000	4.3589
103.6177	14.0000	3.7417
103.6320	17.0000	4.1231
103.6462	11.0000	3.3166
103.6605	21.0000	4.5826
103.6747	11.0000	3.3166
103.6890	17.0000	4.1231
103.7033	13.0000	3.6056
103.7175	9.0000	3.0000
103.7318	16.0000	4.0000
103.7460	15.0000	3.8730
103.7603	8.0000	2.8284
103.7746	12.0000	3.4641
103.7888	14.0000	3.7417
103.8031	12.0000	3.4641
103.8173	14.0000	3.7417
103.8316	13.0000	3.6056
103.8459	11.0000	3.3166
103.8601	12.0000	3.4641
103.8744	15.0000	3.8730
103.8886	11.0000	3.3166
103.9029	12.0000	3.4641
103.9172	13.0000	3.6056
103.9314	16.0000	4.0000
103.9457	8.0000	2.8284
103.9599	24.0000	4.8990
103.9742	12.0000	3.4641
103.9885	11.0000	3.3166
104.0027	10.0000	3.1623
104.0170	13.0000	3.6056
104.0312	12.0000	3.4641
104.0455	14.0000	3.7417
104.0598	14.0000	3.7417
104.0740	15.0000	3.8730
104.0883	11.0000	3.3166
104.1025	10.0000	3.1623
104.1168	10.0000	3.1623
104.1311	16.0000	4.0000
104.1453	13.0000	3.6056
104.1596	9.0000	3.0000
104.1738	11.0000	3.3166
104.1881	15.0000	3.8730
104.2023	10.0000	3.1623
104.2166	12.0000	3.4641
104.2309	14.0000	3.7417
104.2451	13.0000	3.6056
104.2594	11.0000	3.3166
104.2736	14.0000	3.7417
104.2879	17.0000	4.1231
104.3022	12.0000	3.4641
104.3164	17.0000	4.1231
104.3307	15.0000	3.8730
104.3449	24.0000	4.8990
104.3592	10.0000	3.1623
104.3735	12.0000	3.4641
104.3877	18.0000	4.2426
104.4020	7.0000	2.6458
104.4162	8.0000	2.8284
104.4305	13.0000	3.6056
104.4448	16.0000	4.0000
104.4590	15.0000	3.8730
104.4733	12.0000	3.4641
104.4875	12.0000	3.4641
104.5018	12.0000	3.4641
104.5161	12.0000	3.4641
104.5303	13.0000	3.6056
104.5446	13.0000	3.6056
104.5588	10.0000	3.1623
104.5731	19.0000	4.3589
104.5874	16.0000	4.0000
104.6016	12.0000	3.4641
104.6159	15.0000	3.8730
104.6301	13.0000	3.6056
104.6444	16.0000	4.0000
104.6587	16.0000	4.0000
104.6729	15.0000	3.8730
104.6872	14.0000	3.7417
104.7014	13.0000	3.6056
104.7157	13.0000	3.6056
104.7299	19.0000	4.3589
104.7442	7.0000	2.6458
104.7585	11.0000	3.3166
104.7727	13.0000	3.6056
104.7870	12.0000	3.4641
104.8012	14.0000	3.7417
104.8155	11.0000	3.3166
104.8298	13.0000	3.6056
104.8440	10.0000	3.1623
104.8583	13.0000	3.6056
104.8725	14.0000	3.7417
104.8868	19.0000	4.3589
104.9011	15.0000	3.8730
104.9153	10.0000	3.1623
104.9296	12.0000	3.4641
104.9438	10.0000	3.1623
104.9581	19.0000	4.3589
104.9724	13.0000	3.6056
104.9866	11.0000	3.3166
105.0009	20.0000	4.4721
105.0151	14.0000	3.7417
105.0294	12.0000	3.4641
105.0437	12.0000	3.4641
105.0579	13.0000	3.6056
105.0722	12.0000	3.4641
105.0864	9.0000	3.0000
105.1007	14.0000	3.7417
105.1150	13.0000	3.6056
105.1292	23.0000	4.7958
105.1435	15.0000	3.8730
105.1577	14.0000	3.7417
105.1720	16.0000	4.0000
105.1863	18.0000	4.2426
105.2005	17.0000	4.1231
105.2148	18.0000	4.2426
105.2290	12.0000	3.4641
105.2433	18.0000	4.2426
105.2576	12.0000	3.4641
105.2718	25.0000	5.0000
105.2861	14.0000	3.7417
105.3003	19.0000	4.3589
105.3146	8.0000	2.8284
105.3288	17.0000	4.1231
105.3431	9.0000	3.0000
105.3574	16.0000	4.0000
105.3716	15.0000	3.8730
105.3859	15.0000	3.8730
105.4001	15.0000	3.8730
105.4144	11.0000	3.3166
105.4287	14.0000	3.7417
105.4429	13.0000	3.6056
105.4572	15.0000	3.8730
105.4714	21.0000	4.5826
105.4857	18.0000	4.2426
105.5000	10.0000	3.1623
105.5142	10.0000	3.1623
105.5285	20.0000	4.4721
105.5427	20.0000	4.4721
105.5570	13.0000	3.6056
105.5713	12.0000	3.4641
105.5855	9.0000	3.0000
105.5998	17.0000	4.1231
105.6140	14.0000	3.7417
105.6283	16.0000	4.0000
105.6426	15.0000	3.8730
105.6568	15.0000	3.8730
105.6711	10.0000	3.1623
105.6853	13.0000	3.6056
105.6996	13.0000	3.6056
105.7139	19.0000	4.3589
105.7281	22.0000	4.6904
105.7424	16.0000	4.0000
105.7566	15.0000	3.8730
105.7709	7.0000	2.6458
105.7852	14.0000	3.7417
105.7994	17.0000	4.1231
105.8137	17.0000	4.1231
105.8279	7.0000	2.6458
105.8422	16.0000	4.0000
105.8564	20.0000	4.4721
105.8707	16.0000	4.0000
105.8850	11.0000	3.3166
105.8992	16.0000	4.0000
105.9135	16.0000	4.0000
105.9277	9.0000	3.0000
105.9420	13.0000	3.6056
105.9563	23.0000	4.7958
105.9705	14.0000	3.7417
105.9848	17.0000	4.1231
105.9990	16.0000	4.0000
106.0133	19.0000	4.3589
106.0276	15.0000	3.8730
106.0418	11.0000	3.3166
106.0561	13.0000	3.6056
106.0703	14.0000	3.7417
106.0846	12.0000	3.4641
106.0989	21.0000	4.5826
106.1131	11.0000	3.3166
106.1274	13.0000	3.6056
106.1416	18.0000	4.2426
106.1559	16.0000	4.0000
106.1702	11.0000	3.3166
106.1844	16.0000	4.0000
106.1987	22.0000	4.6904
106.2129	18.0000	4.2426
106.2272	10.0000	3.1623
106.2415	15.0000	3.8730
106.2557	15.0000	3.8730
106.2700	13.0000	3.6056
106.2842	16.0000	4.0000
106.2985	13.0000	3.6056
106.3128	10.0000	3.1623
106.3270	15.0000	3.8730
106.3413	14.0000	3.7417
106.3555	11.0000	3.3166
106.3698	17.0000	4.1231
106.3841	16.0000	4.0000
106.3983	20.0000	4.4721
106.4126	10.0000	3.1623
106.4268	24.0000	4.8990
106.4411	14.0000	3.7417
106.4553	20.0000	4.4721
106.4696	9.0000	3.0000
106.4839	12.0000	3.4641
106.4981	27.0000	5.1962
106.5124	12.0000	3.4641
106.5266	15.0000	3.8730
106.5409	28.0000	5.2915
106.5552	28.0000	5.2915
106.5694	23.0000	4.7958
106.5837	13.0000	3.6056
106.5979	20.0000	4.4721
106.6122	18.0000	4.2426
106.6265	13.0000	3.6056
106.6407	19.0000	4.3589
106.6550	20.0000	4.4721
106.6692	24.0000	4.8990
106.6835	22.0000	4.6904
106.6978	14.0000	3.7417
106.7120	21.0000	4.5826
106.7263	19.0000	4.3589
106.7405	18.0000	4.2426
106.7548	16.0000	4.0000
106.7691	22.0000	4.6904
106.7833	20.0000	4.4721
106.7976	14.0000	3.7417
106.8118	22.0000	4.6904
106.8261	23.0000	4.7958
106.8404	25.0000	5.0000
106.8546	32.0000	5.6569
106.8689	21.0000	4.5826
106.8831	16.0000	4.0000
106.8974	21.0000	4.5826
106.9117	20.0000	4.4721
106.9259	26.0000	5.0990
106.9402	24.0000	4.8990
106.9544	22.0000	4.6904
106.9687	21.0000	4.5826
106.9830	18.0000	4.2426
106.9972	31.0000	5.5678
107.0115	22.0000	4.6904
107.0257	26.0000	5.0990
107.0400	23.0000	4.7958
107.0542	18.0000	4.2426
107.0685	26.0000	5.0990
107.0828	23.0000	4.7958
107.0970	24.0000	4.8990
107.1113	24.0000	4.8990
107.1255	22.0000	4.6904
107.1398	31.0000	5.5678
107.1541	20.0000	4.4721
107.1683	14.0000	3.7417
107.1826	25.0000	5.0000
107.1968	17.0000	4.1231
107.2111	25.0000	5.0000
107.2254	21.0000	4.5826
107.2396	27.0000	5.1962
107.2539	20.0000	4.4721
107.2681	25.0000	5.0000
107.2824	16.0000	4.0000
107.2967	26.0000	5.0990
107.3109	21.0000	4.5826
107.3252	26.0000	5.0990
107.3394	16.0000	4.0000
107.3537	24.0000	4.8990
107.3680	21.0000	4.5826
107.3822	12.0000	3.4641
107.3965	19.0000	4.3589
107.4107	19.0000	4.3589
107.4250	24.0000	4.8990
107.4393	16.0000	4.0000
107.4535	13.0000	3.6056
107.4678	13.0000	3.6056
107.4820	26.0000	5.0990
107.4963	13.0000	3.6056
107.5106	22.0000	4.6904
107.5248	17.0000	4.1231
107.5391	26.0000	5.0990
107.5533	18.0000	4.2426
107.5676	15.0000	3.8730
107.5818	20.0000	4.4721
107.5961	19.0000	4.3589
107.6104	20.0000	4.4721
107.6246	9.0000	3.0000
107.6389	22.0000	4.6904
107.6531	21.0000	4.5826
107.6674	12.0000	3.4641
107.6817	23.0000	4.7958
107.6959	19.0000	4.3589
107.7102	16.0000	4.0000
107.7244	15.0000	3.8730
107.7387	16.0000	4.0000
107.7530	18.0000	4.2426
107.7672	18.0000	4.2426
107.7815	16.0000	4.0000
107.7957	16.0000	4.0000
107.8100	19.0000	4.3589
107.8243	19.0000	4.3589
107.8385	15.0000	3.8730
107.8528	13.0000	3.6056
107.8670	14.0000	3.7417
107.8813	19.0000	4.3589
107.8956	19.0000	4.3589
107.9098	16.0000	4.0000
107.9241	15.0000	3.8730
107.9383	16.0000	4.0000
107.9526	18.0000	4.2426
107.9669	19.0000	4.3589
107.9811	15.0000	3.8730
107.9954	13.0000	3.6056
108.0096	14.0000	3.7417
108.0239	15.0000	3.8730
108.0382	12.0000	3.4641
108.0524	19.0000	4.3589
108.0667	26.0000	5.0990
108.0809	15.0000	3.8730
108.0952	14.0000	3.7417
108.1095	15.0000	3.8730
108.1237	14.0000	3.7417
108.1380	10.0000	3.1623
108.1522	18.0000	4.2426
108.1665	13.0000	3.6056
108.1807	6.0000	2.4495
108.1950	10.0000	3.1623
108.2093	22.0000	4.6904
108.2235	16.0000	4.0000
108.2378	19.0000	4.3589
108.2520	16.0000	4.0000
108.2663	20.0000	4.4721
108.2806	13.0000	3.6056
108.2948	27.0000	5.1962
108.3091	14.0000	3.7417
108.3233	10.0000	3.1623
108.3376	15.0000	3.8730
108.3519	15.0000	3.8730
108.3661	24.0000	4.8990
108.3804	26.0000	5.0990
108.3946	11.0000	3.3166
108.4089	18.0000	4.2426
108.4232	19.0000	4.3589
108.4374	16.0000	4.0000
108.4517	19.0000	4.3589
108.4659	25.0000	5.0000
108.4802	22.0000	4.6904
108.4945	16.0000	4.0000
108.5087	23.0000	4.7958
108.5230	15.0000	3.8730
108.5372	22.0000	4.6904
108.5515	17.0000	4.1231
108.5658	14.0000	3.7417
108.5800	22.0000	4.6904
108.5943	20.0000	4.4721
108.6085	17.0000	4.1231
108.6228	20.0000	4.4721
108.6371	18.0000	4.2426
108.6513	12.0000	3.4641
108.6656	23.0000	4.7958
108.6798	17.0000	4.1231
108.6941	18.0000	4.2426
108.7083	18.0000	4.2426
108.7226	18.0000	4.2426
108.7369	21.0000	4.5826
108.7511	21.0000	4.5826
108.7654	16.0000	4.0000
108.7796	25.0000	5.0000
108.7939	17.0000	4.1231
108.8082	15.0000	3.8730
108.8224	15.0000	3.8730
108.8367	12.0000	3.4641
108.8509	20.0000	4.4721
108.8652	12.0000	3.4641
108.8795	17.0000	4.1231
108.8937	18.0000	4.2426
108.9080	18.0000	4.2426
108.9222	14.0000	3.7417
108.9365	12.0000	3.4641
108.9508	9.0000	3.0000
108.9650	13.0000	3.6056
108.9793	14.0000	3.7417
108.9935	15.0000	3.8730
109.0078	14.0000	3.7417
109.0221	17.0000	4.1231
109.0363	17.0000	4.1231
109.0506	19.0000	4.3589
109.0648	18.0000	4.2426
109.0791	17.0000	4.1231
109.0934	20.0000	4.4721
109.1076	9.0000	3.0000
109.1219	22.0000	4.6904
109.1361	15.0000	3.8730
109.1504	16.0000	4.0000
109.1647	12.0000	3.4641
109.1789	15.0000	3.8730
109.1932	22.0000	4.6904
109.2074	12.0000	3.4641
109.2217	10.0000	3.1623
109.2360	18.0000	4.2426
109.2502	13.0000	3.6056
109.2645	20.0000	4.4721
109.2787	14.0000	3.7417
109.2930	23.0000	4.7958
109.3072	13.0000	3.6056
109.3215	14.0000	3.7417
109.3358	14.0000	3.7417
109.3500	13.0000	3.6056
109.3643	11.0000	3.3166
109.3785	16.0000	4.0000
109.3928	9.0000	3.0000
109.4071	16.0000	4.0000
109.4213	12.0000	3.4641
109.4356	16.0000	4.0000
109.4498	11.0000	3.3166
109.4641	12.0000	3.4641
109.4784	16.0000	4.0000
109.4926	15.0000	3.8730
109.5069	16.0000	4.0000
109.5211	11.0000	3.3166
109.5354	10.0000	3.1623
109.5497	15.0000	3.8730
109.5639	19.0000	4.3589
109.5782	19.0000	4.3589
109.5924	13.0000	3.6056
109.6067	13.0000	3.6056
109.6210	13.0000	3.6056
109.6352	13.0000	3.6056
109.6495	17.0000	4.1231
109.6637	19.0000	4.3589
109.6780	14.0000	3.7417
109.6923	14.0000	3.7417
109.7065	18.0000	4.2426
109.7208	13.0000	3.6056
109.7350	8.0000	2.8284
109.7493	15.0000	3.8730
109.7636	16.0000	4.0000
109.7778	12.0000	3.4641
109.7921	19.0000	4.3589
109.8063	15.0000	3.8730
109.8206	19.0000	4.3589
109.8349	15.0000	3.8730
109.8491	17.0000	4.1231
109.8634	9.0000	3.0000
109.8776	17.0000	4.1231
109.8919	17.0000	4.1231
109.9061	10.0000	3.1623
109.9204	12.0000	3.4641
109.9347	16.0000	4.0000
109.9489	21.0000	4.5826
109.9632	21.0000	4.5826
109.9774	12.0000	3.4641
109.9917	15.0000	3.8730
110.0060	12.0000	3.4641
