20.0000	54.0000	7.3485
20.0143	69.0000	8.3066
20.0285	85.0000	9.2195
20.0428	71.0000	8.4261
20.0570	82.0000	9.0554
20.0713	62.0000	7.8740
20.0856	54.0000	7.3485
20.0998	80.0000	8.9443
20.1141	66.0000	8.1240
20.1283	77.0000	8.7750
20.1426	60.0000	7.7460
20.1569	68.0000	8.2462
20.1711	50.0000	7.0711
20.1854	61.0000	7.8102
20.1996	61.0000	7.8102
20.2139	58.0000	7.6158
20.2282	75.0000	8.6603
20.2424	62.0000	7.8740
20.2567	80.0000	8.9443
20.2709	60.0000	7.7460
20.2852	66.0000	8.1240
20.2994	62.0000	7.8740
20.3137	85.0000	9.2195
20.3280	65.0000	8.0623
20.3422	56.0000	7.4833
20.3565	74.0000	8.6023
20.3707	65.0000	8.0623
20.3850	56.0000	7.4833
20.3993	69.0000	8.3066
20.4135	67.0000	8.1854
20.4278	59.0000	7.6811
20.4420	56.0000	7.4833
20.4563	78.0000	8.8318
20.4706	75.0000	8.6603
20.4848	79.0000	8.8882
20.4991	66.0000	8.1240
20.5133	61.0000	7.8102
20.5276	83.0000	9.1104
20.5419	57.0000	7.5498
20.5561	78.0000	8.8318
20.5704	60.0000	7.7460
20.5846	67.0000	8.1854
20.5989	69.0000	8.3066
20.6132	66.0000	8.1240
20.6274	65.0000	8.0623
20.6417	77.0000	8.7750
20.6559	52.0000	7.2111
20.6702	59.0000	7.6811
20.6845	63.0000	7.9373
20.6987	57.0000	7.5498
20.7130	43.0000	6.5574
20.7272	57.0000	7.5498
20.7415	65.0000	8.0623
20.7558	50.0000	7.0711
20.7700	57.0000	7.5498
20.7843	76.0000	8.7178
20.7985	45.0000	6.7082
20.8128	77.0000	8.7750
20.8271	55.0000	7.4162
20.8413	84.0000	9.1652
20.8556	57.0000	7.5498
20.8698	60.0000	7.7460
20.8841	66.0000	8.1240
20.8983	63.0000	7.9373
20.9126	76.0000	8.7178
20.9269	68.0000	8.2462
20.9411	53.0000	7.2801
20.9554	65.0000	8.0623
20.9696	65.0000	8.0623
20.9839	82.0000	9.0554
20.9982	61.0000	7.8102
21.0124	60.0000	7.7460
21.0267	67.0000	8.1854
21.0409	61.0000	7.8102
21.0552	71.0000	8.4261
21.0695	66.0000	8.1240
21.0837	57.0000	7.5498
21.0980	61.0000	7.8102
21.1122	63.0000	7.9373
21.1265	64.0000	8.0000
21.1408	49.0000	7.0000
21.1550	63.0000	7.9373
21.1693	61.0000	7.8102
21.1835	69.0000	8.3066
21.1978	52.0000	7.2111
21.2121	75.0000	8.6603
21.2263	75.0000	8.6603
21.2406	59.0000	7.6811
21.2548	66.0000	8.1240
21.2691	56.0000	7.4833
21.2834	48.0000	6.9282
21.2976	70.0000	8.3666
21.3119	58.0000	7.6158
21.3261	64.0000	8.0000
21.3404	63.0000	7.9373
21.3547	65.0000	8.0623
21.3689	55.0000	7.4162
21.3832	75.0000	8.6603
21.3974	67.0000	8.1854
21.4117	68.0000	8.2462
21.4260	49.0000	7.0000
21.4402	65.0000	8.0623
21.4545	49.0000	7.0000
21.4687	56.0000	7.4833
21.4830	62.0000	7.8740
21.4972	59.0000	7.6811
21.5115	63.0000	7.9373
21.5258	61.0000	7.8102
21.5400	74.0000	8.6023
21.5543	46.0000	6.7823
21.5685	50.0000	7.0711
21.5828	66.0000	8.1240
21.5971	56.0000	7.4833
21.6113	57.0000	7.5498
21.6256	56.0000	7.4833
21.6398	67.0000	8.1854
21.6541	54.0000	7.3485
21.6684	63.0000	7.9373
21.6826	48.0000	6.9282
21.6969	76.0000	8.7178
21.7111	55.0000	7.4162
21.7254	55.0000	7.4162
21.7397	67.0000	8.1854
21.7539	53.0000	7.2801
21.7682	63.0000	7.9373
21.7824	46.0000	6.7823
21.7967	58.0000	7.6158
21.8110	76.0000	8.7178
21.8252	52.0000	7.2111
21.8395	50.0000	7.0711
21.8537	70.0000	8.3666
21.8680	61.0000	7.8102
21.8823	55.0000	7.4162
21.8965	66.0000	8.1240
21.9108	54.0000	7.3485
21.9250	53.0000	7.2801
21.9393	66.0000	8.1240
21.9536	71.0000	8.4261
21.9678	70.0000	8.3666
21.9821	64.0000	8.0000
21.9963	63.0000	7.9373
22.0106	66.0000	8.1240
22.0248	58.0000	7.6158
22.0391	68.0000	8.2462
22.0534	63.0000	7.9373
22.0676	70.0000	8.3666
22.0819	60.0000	7.7460
22.0961	60.0000	7.7460
22.1104	58.0000	7.6158
22.1247	66.0000	8.1240
22.1389	81.0000	9.0000
22.1532	60.0000	7.7460
22.1674	61.0000	7.8102
22.1817	63.0000	7.9373
22.1960	66.0000	8.1240
22.2102	52.0000	7.2111
22.2245	61.0000	7.8102
22.2387	65.0000	8.0623
22.2530	69.0000	8.3066
22.2673	55.0000	7.4162
22.2815	62.0000	7.8740
22.2958	55.0000	7.4162
22.3100	53.0000	7.2801
22.3243	65.0000	8.0623
22.3386	49.0000	7.0000
22.3528	67.0000	8.1854
22.3671	66.0000	8.1240
22.3813	67.0000	8.1854
22.3956	49.0000	7.0000
22.4099	65.0000	8.0623
22.4241	65.0000	8.0623
22.4384	70.0000	8.3666
22.4526	38.0000	6.1644
22.4669	66.0000	8.1240
22.4812	51.0000	7.1414
22.4954	65.0000	8.0623
22.5097	64.0000	8.0000
22.5239	58.0000	7.6158
22.5382	57.0000	7.5498
22.5525	62.0000	7.8740
22.5667	48.0000	6.9282
22.5810	60.0000	7.7460
22.5952	58.0000	7.6158
22.6095	56.0000	7.4833
22.6237	69.0000	8.3066
22.6380	55.0000	7.4162
22.6523	60.0000	7.7460
22.6665	62.0000	7.8740
22.6808	64.0000	8.0000
22.6950	71.0000	8.4261
22.7093	73.0000	8.5440
22.7236	65.0000	8.0623
22.7378	62.0000	7.8740
22.7521	63.0000	7.9373
22.7663	79.0000	8.8882
22.7806	53.0000	7.2801
22.7949	59.0000	7.6811
22.8091	57.0000	7.5498
22.8234	71.0000	8.4261
22.8376	58.0000	7.6158
22.8519	70.0000	8.3666
22.8662	71.0000	8.4261
22.8804	55.0000	7.4162
22.8947	54.0000	7.3485
22.9089	52.0000	7.2111
22.9232	75.0000	8.6603
22.9375	62.0000	7.8740
22.9517	68.0000	8.2462
22.9660	61.0000	7.8102
22.9802	68.0000	8.2462
22.9945	63.0000	7.9373
23.0088	64.0000	8.0000
23.0230	56.0000	7.4833
23.0373	57.0000	7.5498
23.0515	64.0000	8.0000
23.0658	43.0000	6.5574
23.0801	64.0000	8.0000
23.0943	62.0000	7.8740
23.1086	60.0000	7.7460
23.1228	70.0000	8.3666
23.1371	56.0000	7.4833
23.1513	58.0000	7.6158
23.1656	62.0000	7.8740
23.1799	45.0000	6.7082
23.1941	60.0000	7.7460
23.2084	65.0000	8.0623
23.2226	61.0000	7.8102
23.2369	45.0000	6.7082
23.2512	57.0000	7.5498
23.2654	58.0000	7.6158
23.2797	52.0000	7.2111
23.2939	66.0000	8.1240
23.3082	66.0000	8.1240
23.3225	54.0000	7.3485
23.3367	61.0000	7.8102
23.3510	54.0000	7.3485
23.3652	60.0000	7.7460
23.3795	64.0000	8.0000
23.3938	54.0000	7.3485
23.4080	61.0000	7.8102
23.4223	62.0000	7.8740
23.4365	55.0000	7.4162
23.4508	53.0000	7.2801
23.4651	44.0000	6.6332
23.4793	71.0000	8.4261
23.4936	67.0000	8.1854
23.5078	69.0000	8.3066
23.5221	63.0000	7.9373
23.5364	59.0000	7.6811
23.5506	62.0000	7.8740
23.5649	58.0000	7.6158
23.5791	46.0000	6.7823
23.5934	56.0000	7.4833
23.6077	78.0000	8.8318
23.6219	60.0000	7.7460
23.6362	59.0000	7.6811
23.6504	59.0000	7.6811
23.6647	64.0000	8.0000
23.6790	57.0000	7.5498
23.6932	62.0000	7.8740
23.7075	54.0000	7.3485
23.7217	63.0000	7.9373
23.7360	51.0000	7.1414
23.7502	60.0000	7.7460
23.7645	61.0000	7.8102
23.7788	55.0000	7.4162
23.7930	61.0000	7.8102
23.8073	59.0000	7.6811
23.8215	60.0000	7.7460
23.8358	62.0000	7.8740
23.8501	68.0000	8.2462
23.8643	52.0000	7.2111
23.8786	62.0000	7.8740
23.8928	63.0000	7.9373
23.9071	63.0000	7.9373
23.9214	57.0000	7.5498
23.9356	64.0000	8.0000
23.9499	83.0000	9.1104
23.9641	55.0000	7.4162
23.9784	76.0000	8.7178
23.9927	68.0000	8.2462
24.0069	66.0000	8.1240
24.0212	75.0000	8.6603
24.0354	62.0000	7.8740
24.0497	61.0000	7.8102
24.0640	68.0000	8.2462
24.0782	69.0000	8.3066
24.0925	64.0000	8.0000
24.1067	64.0000	8.0000
24.1210	54.0000	7.3485
24.1353	64.0000	8.0000
24.1495	62.0000	7.8740
24.1638	69.0000	8.3066
24.1780	61.0000	7.8102
24.1923	70.0000	8.3666
24.2066	62.0000	7.8740
24.2208	62.0000	7.8740
24.2351	78.0000	8.8318
24.2493	64.0000	8.0000
24.2636	64.0000	8.0000
24.2779	71.0000	8.4261
24.2921	68.0000	8.2462
24.3064	66.0000	8.1240
24.3206	75.0000	8.6603
24.3349	47.0000	6.8557
24.3491	76.0000	8.7178
24.3634	80.0000	8.9443
24.3777	48.0000	6.9282
24.3919	81.0000	9.0000
24.4062	59.0000	7.6811
24.4204	66.0000	8.1240
24.4347	70.0000	8.3666
24.4490	80.0000	8.9443
24.4632	68.0000	8.2462
24.4775	74.0000	8.6023
24.4917	64.0000	8.0000
24.5060	73.0000	8.5440
24.5203	78.0000	8.8318
24.5345	70.0000	8.3666
24.5488	78.0000	8.8318
24.5630	80.0000	8.9443
24.5773	75.0000	8.6603
24.5916	81.0000	9.0000
24.6058	91.0000	9.5394
24.6201	72.0000	8.4853
24.6343	75.0000	8.6603
24.6486	89.0000	9.4340
24.6629	76.0000	8.7178
24.6771	85.0000	9.2195
24.6914	92.0000	9.5917
24.7056	99.0000	9.9499
24.7199	78.0000	8.8318
24.7342	80.0000	8.9443
24.7484	93.0000	9.6437
24.7627	86.0000	9.2736
24.7769	94.0000	9.6954
24.7912	95.0000	9.7468
24.8055	90.0000	9.4868
24.8197	106.0000	10.2956
24.8340	98.0000	9.8995
24.8482	101.0000	10.0499
24.8625	91.0000	9.5394
24.8767	114.0000	10.6771
24.8910	117.0000	10.8167
24.9053	109.0000	10.4403
24.9195	122.0000	11.0454
24.9338	122.0000	11.0454
24.9480	142.0000	11.9164
24.9623	162.0000	12.7279
24.9766	144.0000	12.0000
24.9908	153.0000	12.3693
25.0051	188.0000	13.7113
25.0193	190.0000	13.7840
25.0336	191.0000	13.8203
25.0479	266.0000	16.3095
25.0621	255.0000	15.9687
25.0764	285.0000	16.8819
25.0906	260.0000	16.1245
25.1049	301.0000	17.3494
25.1192	336.0000	18.3303
25.1334	374.0000	19.3391
25.1477	454.0000	21.3073
25.1619	500.0000	22.3607
25.1762	459.0000	21.4243
25.1905	479.0000	21.8861
25.2047	591.0000	24.3105
25.2190	580.0000	24.0832
25.2332	531.0000	23.0434
25.2475	634.0000	25.1794
25.2618	608.0000	24.6577
25.2760	642.0000	25.3377
25.2903	623.0000	24.9600
25.3045	615.0000	24.7992
25.3188	556.0000	23.5797
25.3331	567.0000	23.8118
25.3473	526.0000	22.9347
25.3616	473.0000	21.7486
25.3758	454.0000	21.3073
25.3901	417.0000	20.4206
25.4044	398.0000	19.9499
25.4186	376.0000	19.3907
25.4329	311.0000	17.6352
25.4471	348.0000	18.6548
25.4614	297.0000	17.2337
25.4756	277.0000	16.6433
25.4899	235.0000	15.3297
25.5042	256.0000	16.0000
25.5184	191.0000	13.8203
25.5327	187.0000	13.6748
25.5469	182.0000	13.4907
25.5612	148.0000	12.1655
25.5755	158.0000	12.5698
25.5897	139.0000	11.7898
25.6040	121.0000	11.0000
25.6182	138.0000	11.7473
25.6325	113.0000	10.6301
25.6468	118.0000	10.8628
25.6610	116.0000	10.7703
25.6753	111.0000	10.5357
25.6895	109.0000	10.4403
25.7038	111.0000	10.5357
25.7181	93.0000	9.6437
25.7323	92.0000	9.5917
25.7466	97.0000	9.8489
25.7608	108.0000	10.3923
25.7751	90.0000	9.4868
25.7894	83.0000	9.1104
25.8036	75.0000	8.6603
25.8179	84.0000	9.1652
25.8321	87.0000	9.3274
25.8464	67.0000	8.1854
25.8607	84.0000	9.1652
25.8749	88.0000	9.3808
25.8892	96.0000	9.7980
25.9034	84.0000	9.1652
25.9177	82.0000	9.0554
25.9320	75.0000	8.6603
25.9462	57.0000	7.5498
25.9605	65.0000	8.0623
25.9747	74.0000	8.6023
25.9890	70.0000	8.3666
26.0032	81.0000	9.0000
26.0175	55.0000	7.4162
26.0318	64.0000	8.0000
26.0460	71.0000	8.4261
26.0603	68.0000	8.2462
26.0745	74.0000	8.6023
26.0888	66.0000	8.1240
26.1031	68.0000	8.2462
26.1173	75.0000	8.6603
26.1316	69.0000	8.3066
26.1458	81.0000	9.0000
26.1601	63.0000	7.9373
26.1744	79.0000	8.8882
26.1886	64.0000	8.0000
26.2029	83.0000	9.1104
26.2171	70.0000	8.3666
26.2314	69.0000	8.3066
26.2457	76.0000	8.7178
26.2599	94.0000	9.6954
26.2742	68.0000	8.2462
26.2884	60.0000	7.7460
26.3027	74.0000	8.6023
26.3170	52.0000	7.2111
26.3312	50.0000	7.0711
26.3455	57.0000	7.5498
26.3597	77.0000	8.7750
26.3740	86.0000	9.2736
26.3883	64.0000	8.0000
26.4025	66.0000	8.1240
26.4168	57.0000	7.5498
26.4310	75.0000	8.6603
26.4453	77.0000	8.7750
26.4596	54.0000	7.3485
26.4738	49.0000	7.0000
26.4881	66.0000	8.1240
26.5023	74.0000	8.6023
26.5166	66.0000	8.1240
26.5309	71.0000	8.4261
26.5451	77.0000	8.7750
26.5594	73.0000	8.5440
26.5736	71.0000	8.4261
26.5879	72.0000	8.4853
26.6021	57.0000	7.5498
26.6164	80.0000	8.9443
26.6307	63.0000	7.9373
26.6449	83.0000	9.1104
26.6592	61.0000	7.8102
26.6734	67.0000	8.1854
26.6877	65.0000	8.0623
26.7020	65.0000	8.0623
26.7162	79.0000	8.8882
26.7305	65.0000	8.0623
26.7447	67.0000	8.1854
26.7590	77.0000	8.7750
26.7733	65.0000	8.0623
26.7875	72.0000	8.4853
26.8018	80.0000	8.9443
26.8160	86.0000	9.2736
26.8303	83.0000	9.1104
26.8446	64.0000	8.0000
26.8588	66.0000	8.1240
26.8731	60.0000	7.7460
26.8873	72.0000	8.4853
26.9016	68.0000	8.2462
26.9159	65.0000	8.0623
26.9301	82.0000	9.0554
26.9444	70.0000	8.3666
26.9586	71.0000	8.4261
26.9729	71.0000	8.4261
26.9872	72.0000	8.4853
27.0014	67.0000	8.1854
27.0157	74.0000	8.6023
27.0299	80.0000	8.9443
27.0442	99.0000	9.9499
27.0585	85.0000	9.2195
27.0727	89.0000	9.4340
27.0870	86.0000	9.2736
27.1012	89.0000	9.4340
27.1155	98.0000	9.8995
27.1298	119.0000	10.9087
27.1440	118.0000	10.8628
27.1583	134.0000	11.5758
27.1725	159.0000	12.6095
27.1868	143.0000	11.9583
27.2010	176.0000	13.2665
27.2153	189.0000	13.7477
27.2296	225.0000	15.0000
27.2438	260.0000	16.1245
27.2581	279.0000	16.7033
27.2723	323.0000	17.9722
27.2866	398.0000	19.9499
27.3009	430.0000	20.7364
27.3151	425.0000	20.6155
27.3294	467.0000	21.6102
27.3436	497.0000	22.2935
27.3579	528.0000	22.9783
27.3722	522.0000	22.8473
27.3864	464.0000	21.5407
27.4007	448.0000	21.1660
27.4149	387.0000	19.6723
27.4292	358.0000	18.9209
27.4435	308.0000	17.5499
27.4577	261.0000	16.1555
27.4720	235.0000	15.3297
27.4862	188.0000	13.7113
27.5005	179.0000	13.3791
27.5148	175.0000	13.2288
27.5290	147.0000	12.1244
27.5433	141.0000	11.8743
27.5575	110.0000	10.4881
27.5718	114.0000	10.6771
27.5861	92.0000	9.5917
27.6003	131.0000	11.4455
27.6146	110.0000	10.4881
27.6288	89.0000	9.4340
27.6431	95.0000	9.7468
27.6574	93.0000	9.6437
27.6716	79.0000	8.8882
27.6859	75.0000	8.6603
27.7001	98.0000	9.8995
27.7144	60.0000	7.7460
27.7286	59.0000	7.6811
27.7429	69.0000	8.3066
27.7572	74.0000	8.6023
27.7714	75.0000	8.6603
27.7857	69.0000	8.3066
27.7999	59.0000	7.6811
27.8142	51.0000	7.1414
27.8285	74.0000	8.6023
27.8427	60.0000	7.7460
27.8570	67.0000	8.1854
27.8712	68.0000	8.2462
27.8855	72.0000	8.4853
27.8998	61.0000	7.8102
27.9140	48.0000	6.9282
27.9283	57.0000	7.5498
27.9425	69.0000	8.3066
27.9568	47.0000	6.8557
27.9711	67.0000	8.1854
27.9853	46.0000	6.7823
27.9996	55.0000	7.4162
28.0138	54.0000	7.3485
28.0281	44.0000	6.6332
28.0424	62.0000	7.8740
28.0566	45.0000	6.7082
28.0709	61.0000	7.8102
28.0851	58.0000	7.6158
28.0994	45.0000	6.7082
28.1137	64.0000	8.0000
28.1279	64.0000	8.0000
28.1422	58.0000	7.6158
28.1564	61.0000	7.8102
28.1707	57.0000	7.5498
28.1850	52.0000	7.2111
28.1992	57.0000	7.5498
28.2135	56.0000	7.4833
28.2277	46.0000	6.7823
28.2420	65.0000	8.0623
28.2563	50.0000	7.0711
28.2705	50.0000	7.0711
28.2848	60.0000	7.7460
28.2990	38.0000	6.1644
28.3133	51.0000	7.1414
28.3275	52.0000	7.2111
28.3418	59.0000	7.6811
28.3561	70.0000	8.3666
28.3703	55.0000	7.4162
28.3846	47.0000	6.8557
28.3988	44.0000	6.6332
28.4131	51.0000	7.1414
28.4274	62.0000	7.8740
28.4416	44.0000	6.6332
28.4559	56.0000	7.4833
28.4701	52.0000	7.2111
28.4844	55.0000	7.4162
28.4987	58.0000	7.6158
28.5129	52.0000	7.2111
28.5272	45.0000	6.7082
28.5414	38.0000	6.1644
28.5557	66.0000	8.1240
28.5700	49.0000	7.0000
28.5842	59.0000	7.6811
28.5985	53.0000	7.2801
28.6127	57.0000	7.5498
28.6270	67.0000	8.1854
28.6413	59.0000	7.6811
28.6555	65.0000	8.0623
28.6698	50.0000	7.0711
28.6840	51.0000	7.1414
28.6983	43.0000	6.5574
28.7126	38.0000	6.1644
28.7268	58.0000	7.6158
28.7411	47.0000	6.8557
28.7553	55.0000	7.4162
28.7696	55.0000	7.4162
28.7839	53.0000	7.2801
28.7981	48.0000	6.9282
28.8124	46.0000	6.7823
28.8266	41.0000	6.4031
28.8409	67.0000	8.1854
28.8551	60.0000	7.7460
28.8694	58.0000	7.6158
28.8837	36.0000	6.0000
28.8979	41.0000	6.4031
28.9122	50.0000	7.0711
28.9264	43.0000	6.5574
28.9407	48.0000	6.9282
28.9550	45.0000	6.7082
28.9692	44.0000	6.6332
28.9835	49.0000	7.0000
28.9977	58.0000	7.6158
29.0120	44.0000	6.6332
29.0263	50.0000	7.0711
29.0405	64.0000	8.0000
29.0548	56.0000	7.4833
29.0690	40.0000	6.3246
29.0833	42.0000	6.4807
29.0976	48.0000	6.9282
29.1118	46.0000	6.7823
29.1261	57.0000	7.5498
29.1403	44.0000	6.6332
29.1546	58.0000	7.6158
29.1689	49.0000	7.0000
29.1831	53.0000	7.2801
29.1974	37.0000	6.0828
29.2116	56.0000	7.4833
29.2259	44.0000	6.6332
29.2402	47.0000	6.8557
29.2544	47.0000	6.8557
29.2687	51.0000	7.1414
29.2829	49.0000	7.0000
29.2972	47.0000	6.8557
29.3115	40.0000	6.3246
29.3257	45.0000	6.7082
29.3400	50.0000	7.0711
29.3542	50.0000	7.0711
29.3685	42.0000	6.4807
29.3828	47.0000	6.8557
29.3970	56.0000	7.4833
29.4113	55.0000	7.4162
29.4255	44.0000	6.6332
29.4398	55.0000	7.4162
29.4540	37.0000	6.0828
29.4683	43.0000	6.5574
29.4826	38.0000	6.1644
29.4968	54.0000	7.3485
29.5111	48.0000	6.9282
29.5253	35.0000	5.9161
29.5396	55.0000	7.4162
29.5539	62.0000	7.8740
29.5681	49.0000	7.0000
29.5824	48.0000	6.9282
29.5966	52.0000	7.2111
29.6109	45.0000	6.7082
29.6252	41.0000	6.4031
29.6394	33.0000	5.7446
29.6537	39.0000	6.2450
29.6679	51.0000	7.1414
29.6822	48.0000	6.9282
29.6965	46.0000	6.7823
29.7107	46.0000	6.7823
29.7250	52.0000	7.2111
29.7392	56.0000	7.4833
29.7535	47.0000	6.8557
29.7678	57.0000	7.5498
29.7820	44.0000	6.6332
29.7963	34.0000	5.8310
29.8105	53.0000	7.2801
29.8248	43.0000	6.5574
29.8391	53.0000	7.2801
29.8533	45.0000	6.7082
29.8676	38.0000	6.1644
29.8818	55.0000	7.4162
29.8961	43.0000	6.5574
29.9104	43.0000	6.5574
29.9246	46.0000	6.7823
29.9389	55.0000	7.4162
29.9531	61.0000	7.8102
29.9674	44.0000	6.6332
29.9817	43.0000	6.5574
29.9959	61.0000	7.8102
30.0102	38.0000	6.1644
30.0244	50.0000	7.0711
30.0387	52.0000	7.2111
30.0529	52.0000	7.2111
30.0672	40.0000	6.3246
30.0815	55.0000	7.4162
30.0957	65.0000	8.0623
30.1100	49.0000	7.0000
30.1242	38.0000	6.1644
30.1385	41.0000	6.4031
30.1528	42.0000	6.4807
30.1670	36.0000	6.0000
30.1813	44.0000	6.6332
30.1955	47.0000	6.8557
30.2098	39.0000	6.2450
30.2241	57.0000	7.5498
30.2383	48.0000	6.9282
30.2526	47.0000	6.8557
30.2668	50.0000	7.0711
30.2811	59.0000	7.6811
30.2954	51.0000	7.1414
30.3096	40.0000	6.3246
30.3239	50.0000	7.0711
30.3381	50.0000	7.0711
30.3524	55.0000	7.4162
30.3667	46.0000	6.7823
30.3809	46.0000	6.7823
30.3952	46.0000	6.7823
30.4094	45.0000	6.7082
30.4237	51.0000	7.1414
30.4380	36.0000	6.0000
30.4522	46.0000	6.7823
30.4665	48.0000	6.9282
30.4807	42.0000	6.4807
30.4950	46.0000	6.7823
30.5093	35.0000	5.9161
30.5235	41.0000	6.4031
30.5378	44.0000	6.6332
30.5520	42.0000	6.4807
30.5663	50.0000	7.0711
30.5805	44.0000	6.6332
30.5948	43.0000	6.5574
30.6091	40.0000	6.3246
30.6233	43.0000	6.5574
30.6376	48.0000	6.9282
30.6518	36.0000	6.0000
30.6661	40.0000	6.3246
30.6804	34.0000	5.8310
30.6946	53.0000	7.2801
30.7089	49.0000	7.0000
30.7231	47.0000	6.8557
30.7374	47.0000	6.8557
30.7517	42.0000	6.4807
30.7659	42.0000	6.4807
30.7802	48.0000	6.9282
30.7944	52.0000	7.2111
30.8087	47.0000	6.8557
30.8230	50.0000	7.0711
30.8372	37.0000	6.0828
30.8515	39.0000	6.2450
30.8657	45.0000	6.7082
30.8800	36.0000	6.0000
30.8943	33.0000	5.7446
30.9085	35.0000	5.9161
30.9228	47.0000	6.8557
30.9370	28.0000	5.2915
30.9513	47.0000	6.8557
30.9656	34.0000	5.8310
30.9798	50.0000	7.0711
30.9941	36.0000	6.0000
31.0083	46.0000	6.7823
31.0226	51.0000	7.1414
31.0369	34.0000	5.8310
31.0511	44.0000	6.6332
31.0654	42.0000	6.4807
31.0796	45.0000	6.7082
31.0939	43.0000	6.5574
31.1082	59.0000	7.6811
31.1224	43.0000	6.5574
31.1367	39.0000	6.2450
31.1509	56.0000	7.4833
31.1652	35.0000	5.9161
31.1794	57.0000	7.5498
31.1937	46.0000	6.7823
31.2080	56.0000	7.4833
31.2222	45.0000	6.7082
31.2365	31.0000	5.5678
31.2507	39.0000	6.2450
31.2650	63.0000	7.9373
31.2793	48.0000	6.9282
31.2935	34.0000	5.8310
31.3078	37.0000	6.0828
31.3220	41.0000	6.4031
31.3363	50.0000	7.0711
31.3506	42.0000	6.4807
31.3648	53.0000	7.2801
31.3791	49.0000	7.0000
31.3933	45.0000	6.7082
31.4076	49.0000	7.0000
31.4219	50.0000	7.0711
31.4361	44.0000	6.6332
31.4504	39.0000	6.2450
31.4646	52.0000	7.2111
31.4789	36.0000	6.0000
31.4932	41.0000	6.4031
31.5074	49.0000	7.0000
31.5217	47.0000	6.8557
31.5359	50.0000	7.0711
31.5502	33.0000	5.7446
31.5645	47.0000	6.8557
31.5787	35.0000	5.9161
31.5930	39.0000	6.2450
31.6072	45.0000	6.7082
31.6215	34.0000	5.8310
31.6358	40.0000	6.3246
31.6500	42.0000	6.4807
31.6643	49.0000	7.0000
31.6785	39.0000	6.2450
31.6928	40.0000	6.3246
31.7070	32.0000	5.6569
31.7213	53.0000	7.2801
31.7356	51.0000	7.1414
31.7498	33.0000	5.7446
31.7641	38.0000	6.1644
31.7783	30.0000	5.4772
31.7926	41.0000	6.4031
31.8069	37.0000	6.0828
31.8211	45.0000	6.7082
31.8354	41.0000	6.4031
31.8496	48.0000	6.9282
31.8639	50.0000	7.0711
31.8782	44.0000	6.6332
31.8924	48.0000	6.9282
31.9067	35.0000	5.9161
31.9209	40.0000	6.3246
31.9352	48.0000	6.9282
31.9495	48.0000	6.9282
31.9637	48.0000	6.9282
31.9780	39.0000	6.2450
31.9922	48.0000	6.9282
32.0065	36.0000	6.0000
32.0208	36.0000	6.0000
32.0350	43.0000	6.5574
32.0493	44.0000	6.6332
32.0635	39.0000	6.2450
32.0778	55.0000	7.4162
32.0921	44.0000	6.6332
32.1063	40.0000	6.3246
32.1206	46.0000	6.7823
32.1348	43.0000	6.5574
32.1491	42.0000	6.4807
32.1634	33.0000	5.7446
32.1776	42.0000	6.4807
32.1919	39.0000	6.2450
32.2061	40.0000	6.3246
32.2204	29.0000	5.3852
32.2347	43.0000	6.5574
32.2489	47.0000	6.8557
32.2632	38.0000	6.1644
32.2774	56.0000	7.4833
32.2917	40.0000	6.3246
32.3059	30.0000	5.4772
32.3202	43.0000	6.5574
32.3345	44.0000	6.6332
32.3487	34.0000	5.8310
32.3630	45.0000	6.7082
32.3772	46.0000	6.7823
32.3915	41.0000	6.4031
32.4058	47.0000	6.8557
32.4200	43.0000	6.5574
32.4343	35.0000	5.9161
32.4485	52.0000	7.2111
32.4628	38.0000	6.1644
32.4771	37.0000	6.0828
32.4913	42.0000	6.4807
32.5056	45.0000	6.7082
32.5198	42.0000	6.4807
32.5341	47.0000	6.8557
32.5484	37.0000	6.0828
32.5626	37.0000	6.0828
32.5769	40.0000	6.3246
32.5911	48.0000	6.9282
32.6054	47.0000	6.8557
32.6197	34.0000	5.8310
32.6339	44.0000	6.6332
32.6482	52.0000	7.2111
32.6624	38.0000	6.1644
32.6767	42.0000	6.4807
32.6910	46.0000	6.7823
32.7052	56.0000	7.4833
32.7195	40.0000	6.3246
32.7337	40.0000	6.3246
32.7480	33.0000	5.7446
32.7623	40.0000	6.3246
32.7765	34.0000	5.8310
32.7908	38.0000	6.1644
32.8050	44.0000	6.6332
32.8193	42.0000	6.4807
32.8336	39.0000	6.2450
32.8478	43.0000	6.5574
32.8621	37.0000	6.0828
32.8763	29.0000	5.3852
32.8906	37.0000	6.0828
32.9048	31.0000	5.5678
32.9191	41.0000	6.4031
32.9334	35.0000	5.9161
32.9476	43.0000	6.5574
32.9619	47.0000	6.8557
32.9761	30.0000	5.4772
32.9904	48.0000	6.9282
33.0047	46.0000	6.7823
33.0189	37.0000	6.0828
33.0332	38.0000	6.1644
33.0474	48.0000	6.9282
33.0617	45.0000	6.7082
33.0760	33.0000	5.7446
33.0902	41.0000	6.4031
33.1045	46.0000	6.7823
33.1187	41.0000	6.4031
33.1330	37.0000	6.0828
33.1473	31.0000	5.5678
33.1615	37.0000	6.0828
33.1758	42.0000	6.4807
33.1900	40.0000	6.3246
33.2043	30.0000	5.4772
33.2186	43.0000	6.5574
33.2328	60.0000	7.7460
33.2471	38.0000	6.1644
33.2613	35.0000	5.9161
33.2756	46.0000	6.7823
33.2899	41.0000	6.4031
33.3041	51.0000	7.1414
33.3184	33.0000	5.7446
33.3326	41.0000	6.4031
33.3469	47.0000	6.8557
33.3612	47.0000	6.8557
33.3754	51.0000	7.1414
33.3897	27.0000	5.1962
33.4039	39.0000	6.2450
33.4182	35.0000	5.9161
33.4324	48.0000	6.9282
33.4467	38.0000	6.1644
33.4610	39.0000	6.2450
33.4752	41.0000	6.4031
33.4895	34.0000	5.8310
33.5037	34.0000	5.8310
33.5180	35.0000	5.9161
33.5323	37.0000	6.0828
33.5465	35.0000	5.9161
33.5608	40.0000	6.3246
33.5750	46.0000	6.7823
33.5893	36.0000	6.0000
33.6036	32.0000	5.6569
33.6178	47.0000	6.8557
33.6321	44.0000	6.6332
33.6463	45.0000	6.7082
33.6606	34.0000	5.8310
33.6749	40.0000	6.3246
33.6891	40.0000	6.3246
33.7034	29.0000	5.3852
33.7176	44.0000	6.6332
33.7319	47.0000	6.8557
33.7462	35.0000	5.9161
33.7604	30.0000	5.4772
33.7747	45.0000	6.7082
33.7889	38.0000	6.1644
33.8032	31.0000	5.5678
33.8175	46.0000	6.7823
33.8317	43.0000	6.5574
33.8460	35.0000	5.9161
33.8602	38.0000	6.1644
33.8745	34.0000	5.8310
33.8888	37.0000	6.0828
33.9030	41.0000	6.4031
33.9173	24.0000	4.8990
33.9315	30.0000	5.4772
33.9458	49.0000	7.0000
33.9601	43.0000	6.5574
33.9743	47.0000	6.8557
33.9886	37.0000	6.0828
34.0028	34.0000	5.8310
34.0171	39.0000	6.2450
34.0313	29.0000	5.3852
34.0456	37.0000	6.0828
34.0599	32.0000	5.6569
34.0741	40.0000	6.3246
34.0884	42.0000	6.4807
34.1026	41.0000	6.4031
34.1169	39.0000	6.2450
34.1312	33.0000	5.7446
34.1454	41.0000	6.4031
34.1597	36.0000	6.0000
34.1739	36.0000	6.0000
34.1882	40.0000	6.3246
34.2025	39.0000	6.2450
34.2167	36.0000	6.0000
34.2310	40.0000	6.3246
34.2452	34.0000	5.8310
34.2595	48.0000	6.9282
34.2738	32.0000	5.6569
34.2880	30.0000	5.4772
34.3023	37.0000	6.0828
34.3165	39.0000	6.2450
34.3308	37.0000	6.0828
34.3451	48.0000	6.9282
34.3593	32.0000	5.6569
34.3736	53.0000	7.2801
34.3878	28.0000	5.2915
34.4021	34.0000	5.8310
34.4164	41.0000	6.4031
34.4306	32.0000	5.6569
34.4449	35.0000	5.9161
34.4591	42.0000	6.4807
34.4734	32.0000	5.6569
34.4877	39.0000	6.2450
34.5019	38.0000	6.1644
34.5162	39.0000	6.2450
34.5304	45.0000	6.7082
34.5447	38.0000	6.1644
34.5589	34.0000	5.8310
34.5732	38.0000	6.1644
34.5875	52.0000	7.2111
34.6017	38.0000	6.1644
34.6160	52.0000	7.2111
34.6302	30.0000	5.4772
34.6445	48.0000	6.9282
34.6588	47.0000	6.8557
34.6730	50.0000	7.0711
34.6873	45.0000	6.7082
34.7015	34.0000	5.8310
34.7158	34.0000	5.8310
34.7301	43.0000	6.5574
34.7443	43.0000	6.5574
34.7586	46.0000	6.7823
34.7728	35.0000	5.9161
34.7871	40.0000	6.3246
34.8014	33.0000	5.7446
34.8156	46.0000	6.7823
34.8299	44.0000	6.6332
34.8441	39.0000	6.2450
34.8584	34.0000	5.8310
34.8727	35.0000	5.9161
34.8869	37.0000	6.0828
34.9012	51.0000	7.1414
34.9154	30.0000	5.4772
34.9297	36.0000	6.0000
34.9440	39.0000	6.2450
34.9582	34.0000	5.8310
34.9725	43.0000	6.5574
34.9867	30.0000	5.4772
35.0010	46.0000	6.7823
35.0153	45.0000	6.7082
35.0295	44.0000	6.6332
35.0438	40.0000	6.3246
35.0580	49.0000	7.0000
35.0723	38.0000	6.1644
35.0866	37.0000	6.0828
35.1008	43.0000	6.5574
35.1151	40.0000	6.3246
35.1293	41.0000	6.4031
35.1436	39.0000	6.2450
35.1578	29.0000	5.3852
35.1721	44.0000	6.6332
35.1864	33.0000	5.7446
35.2006	41.0000	6.4031
35.2149	34.0000	5.8310
35.2291	35.0000	5.9161
35.2434	39.0000	6.2450
35.2577	40.0000	6.3246
35.2719	38.0000	6.1644
35.2862	32.0000	5.6569
35.3004	32.0000	5.6569
35.3147	57.0000	7.5498
35.3290	44.0000	6.6332
35.3432	47.0000	6.8557
35.3575	49.0000	7.0000
35.3717	49.0000	7.0000
35.3860	40.0000	6.3246
35.4003	35.0000	5.9161
35.4145	38.0000	6.1644
35.4288	38.0000	6.1644
35.4430	57.0000	7.5498
35.4573	48.0000	6.9282
35.4716	38.0000	6.1644
35.4858	52.0000	7.2111
35.5001	46.0000	6.7823
35.5143	45.0000	6.7082
35.5286	52.0000	7.2111
35.5429	41.0000	6.4031
35.5571	50.0000	7.0711
35.5714	49.0000	7.0000
35.5856	55.0000	7.4162
35.5999	49.0000	7.0000
35.6142	38.0000	6.1644
35.6284	52.0000	7.2111
35.6427	82.0000	9.0554
35.6569	56.0000	7.4833
35.6712	61.0000	7.8102
35.6855	69.0000	8.3066
35.6997	72.0000	8.4853
35.7140	77.0000	8.7750
35.7282	75.0000	8.6603
35.7425	91.0000	9.5394
35.7567	103.0000	10.1489
35.7710	115.0000	10.7238
35.7853	125.0000	11.1803
35.7995	139.0000	11.7898
35.8138	150.0000	12.2474
35.8280	163.0000	12.7671
35.8423	177.0000	13.3041
35.8566	210.0000	14.4914
35.8708	211.0000	14.5258
35.8851	212.0000	14.5602
35.8993	218.0000	14.7648
35.9136	210.0000	14.4914
35.9279	211.0000	14.5258
35.9421	190.0000	13.7840
35.9564	165.0000	12.8452
35.9706	181.0000	13.4536
35.9849	153.0000	12.3693
35.9992	139.0000	11.7898
36.0134	162.0000	12.7279
36.0277	133.0000	11.5326
36.0419	104.0000	10.1980
36.0562	82.0000	9.0554
36.0705	91.0000	9.5394
36.0847	67.0000	8.1854
36.0990	71.0000	8.4261
36.1132	59.0000	7.6811
36.1275	61.0000	7.8102
36.1418	59.0000	7.6811
36.1560	54.0000	7.3485
36.1703	52.0000	7.2111
36.1845	57.0000	7.5498
36.1988	76.0000	8.7178
36.2131	54.0000	7.3485
36.2273	66.0000	8.1240
36.2416	46.0000	6.7823
36.2558	49.0000	7.0000
36.2701	52.0000	7.2111
36.2843	52.0000	7.2111
36.2986	49.0000	7.0000
36.3129	60.0000	7.7460
36.3271	44.0000	6.6332
36.3414	40.0000	6.3246
36.3556	42.0000	6.4807
36.3699	39.0000	6.2450
36.3842	39.0000	6.2450
36.3984	45.0000	6.7082
36.4127	50.0000	7.0711
36.4269	44.0000	6.6332
36.4412	51.0000	7.1414
36.4555	43.0000	6.5574
36.4697	56.0000	7.4833
36.4840	42.0000	6.4807
36.4982	51.0000	7.1414
36.5125	42.0000	6.4807
36.5268	46.0000	6.7823
36.5410	51.0000	7.1414
36.5553	49.0000	7.0000
36.5695	45.0000	6.7082
36.5838	53.0000	7.2801
36.5981	47.0000	6.8557
36.6123	47.0000	6.8557
36.6266	50.0000	7.0711
36.6408	58.0000	7.6158
36.6551	62.0000	7.8740
36.6694	60.0000	7.7460
36.6836	62.0000	7.8740
36.6979	51.0000	7.1414
36.7121	66.0000	8.1240
36.7264	61.0000	7.8102
36.7407	71.0000	8.4261
36.7549	55.0000	7.4162
36.7692	60.0000	7.7460
36.7834	67.0000	8.1854
36.7977	71.0000	8.4261
36.8120	65.0000	8.0623
36.8262	45.0000	6.7082
36.8405	67.0000	8.1854
36.8547	68.0000	8.2462
36.8690	58.0000	7.6158
36.8832	74.0000	8.6023
36.8975	55.0000	7.4162
36.9118	68.0000	8.2462
36.9260	66.0000	8.1240
36.9403	52.0000	7.2111
36.9545	48.0000	6.9282
36.9688	64.0000	8.0000
36.9831	64.0000	8.0000
36.9973	58.0000	7.6158
37.0116	56.0000	7.4833
37.0258	50.0000	7.0711
37.0401	56.0000	7.4833
37.0544	55.0000	7.4162
37.0686	51.0000	7.1414
37.0829	52.0000	7.2111
37.0971	54.0000	7.3485
37.1114	56.0000	7.4833
37.1257	52.0000	7.2111
37.1399	47.0000	6.8557
37.1542	41.0000	6.4031
37.1684	48.0000	6.9282
37.1827	64.0000	8.0000
37.1970	54.0000	7.3485
37.2112	61.0000	7.8102
37.2255	63.0000	7.9373
37.2397	49.0000	7.0000
37.2540	56.0000	7.4833
37.2683	63.0000	7.9373
37.2825	66.0000	8.1240
37.2968	78.0000	8.8318
37.3110	75.0000	8.6603
37.3253	74.0000	8.6023
37.3396	77.0000	8.7750
37.3538	62.0000	7.8740
37.3681	75.0000	8.6603
37.3823	93.0000	9.6437
37.3966	80.0000	8.9443
37.4108	93.0000	9.6437
37.4251	86.0000	9.2736
37.4394	125.0000	11.1803
37.4536	101.0000	10.0499
37.4679	118.0000	10.8628
37.4821	113.0000	10.6301
37.4964	106.0000	10.2956
37.5107	133.0000	11.5326
37.5249	131.0000	11.4455
37.5392	102.0000	10.0995
37.5534	114.0000	10.6771
37.5677	140.0000	11.8322
37.5820	128.0000	11.3137
37.5962	116.0000	10.7703
37.6105	119.0000	10.9087
37.6247	110.0000	10.4881
37.6390	127.0000	11.2694
37.6533	102.0000	10.0995
37.6675	120.0000	10.9545
37.6818	96.0000	9.7980
37.6960	101.0000	10.0499
37.7103	107.0000	10.3441
37.7246	102.0000	10.0995
37.7388	84.0000	9.1652
37.7531	89.0000	9.4340
37.7673	82.0000	9.0554
37.7816	77.0000	8.7750
37.7959	67.0000	8.1854
37.8101	61.0000	7.8102
37.8244	77.0000	8.7750
37.8386	69.0000	8.3066
37.8529	59.0000	7.6811
37.8672	60.0000	7.7460
37.8814	54.0000	7.3485
37.8957	63.0000	7.9373
37.9099	41.0000	6.4031
37.9242	41.0000	6.4031
37.9385	51.0000	7.1414
37.9527	45.0000	6.7082
37.9670	47.0000	6.8557
37.9812	43.0000	6.5574
37.9955	49.0000	7.0000
38.0097	42.0000	6.4807
38.0240	40.0000	6.3246
38.0383	42.0000	6.4807
38.0525	51.0000	7.1414
38.0668	46.0000	6.7823
38.0810	27.0000	5.1962
38.0953	53.0000	7.2801
38.1096	45.0000	6.7082
38.1238	52.0000	7.2111
38.1381	42.0000	6.4807
38.1523	49.0000	7.0000
38.1666	50.0000	7.0711
38.1809	42.0000	6.4807
38.1951	36.0000	6.0000
38.2094	57.0000	7.5498
38.2236	47.0000	6.8557
38.2379	57.0000	7.5498
38.2522	45.0000	6.7082
38.2664	45.0000	6.7082
38.2807	51.0000	7.1414
38.2949	47.0000	6.8557
38.3092	49.0000	7.0000
38.3235	58.0000	7.6158
38.3377	77.0000	8.7750
38.3520	52.0000	7.2111
38.3662	56.0000	7.4833
38.3805	52.0000	7.2111
38.3948	58.0000	7.6158
38.4090	75.0000	8.6603
38.4233	67.0000	8.1854
38.4375	60.0000	7.7460
38.4518	60.0000	7.7460
38.4661	62.0000	7.8740
38.4803	68.0000	8.2462
38.4946	55.0000	7.4162
38.5088	61.0000	7.8102
38.5231	64.0000	8.0000
38.5374	58.0000	7.6158
38.5516	67.0000	8.1854
38.5659	67.0000	8.1854
38.5801	56.0000	7.4833
38.5944	63.0000	7.9373
38.6086	51.0000	7.1414
38.6229	57.0000	7.5498
38.6372	43.0000	6.5574
38.6514	48.0000	6.9282
38.6657	47.0000	6.8557
38.6799	48.0000	6.9282
38.6942	54.0000	7.3485
38.7085	33.0000	5.7446
38.7227	47.0000	6.8557
38.7370	47.0000	6.8557
38.7512	36.0000	6.0000
38.7655	41.0000	6.4031
38.7798	49.0000	7.0000
38.7940	45.0000	6.7082
38.8083	40.0000	6.3246
38.8225	43.0000	6.5574
38.8368	55.0000	7.4162
38.8511	54.0000	7.3485
38.8653	48.0000	6.9282
38.8796	48.0000	6.9282
38.8938	47.0000	6.8557
38.9081	44.0000	6.6332
38.9224	49.0000	7.0000
38.9366	48.0000	6.9282
38.9509	49.0000	7.0000
38.9651	58.0000	7.6158
38.9794	61.0000	7.8102
38.9937	59.0000	7.6811
39.0079	59.0000	7.6811
39.0222	58.0000	7.6158
39.0364	68.0000	8.2462
39.0507	62.0000	7.8740
39.0650	65.0000	8.0623
39.0792	58.0000	7.6158
39.0935	50.0000	7.0711
39.1077	61.0000	7.8102
39.1220	50.0000	7.0711
39.1362	54.0000	7.3485
39.1505	46.0000	6.7823
39.1648	49.0000	7.0000
39.1790	46.0000	6.7823
39.1933	33.0000	5.7446
39.2075	45.0000	6.7082
39.2218	48.0000	6.9282
39.2361	41.0000	6.4031
39.2503	36.0000	6.0000
39.2646	40.0000	6.3246
39.2788	43.0000	6.5574
39.2931	33.0000	5.7446
39.3074	40.0000	6.3246
39.3216	29.0000	5.3852
39.3359	37.0000	6.0828
39.3501	42.0000	6.4807
39.3644	45.0000	6.7082
39.3787	29.0000	5.3852
39.3929	34.0000	5.8310
39.4072	44.0000	6.6332
39.4214	33.0000	5.7446
39.4357	46.0000	6.7823
39.4500	34.0000	5.8310
39.4642	31.0000	5.5678
39.4785	36.0000	6.0000
39.4927	36.0000	6.0000
39.5070	32.0000	5.6569
39.5213	26.0000	5.0990
39.5355	38.0000	6.1644
39.5498	27.0000	5.1962
39.5640	30.0000	5.4772
39.5783	36.0000	6.0000
39.5926	24.0000	4.8990
39.6068	30.0000	5.4772
39.6211	27.0000	5.1962
39.6353	28.0000	5.2915
39.6496	34.0000	5.8310
39.6639	33.0000	5.7446
39.6781	27.0000	5.1962
39.6924	22.0000	4.6904
39.7066	29.0000	5.3852
39.7209	36.0000	6.0000
39.7351	24.0000	4.8990
39.7494	37.0000	6.0828
39.7637	35.0000	5.9161
39.7779	36.0000	6.0000
39.7922	23.0000	4.7958
39.8064	34.0000	5.8310
39.8207	35.0000	5.9161
39.8350	45.0000	6.7082
39.8492	36.0000	6.0000
39.8635	44.0000	6.6332
39.8777	31.0000	5.5678
39.8920	30.0000	5.4772
39.9063	36.0000	6.0000
39.9205	44.0000	6.6332
39.9348	34.0000	5.8310
39.9490	40.0000	6.3246
39.9633	35.0000	5.9161
39.9776	29.0000	5.3852
39.9918	44.0000	6.6332
40.0061	33.0000	5.7446
40.0203	35.0000	5.9161
40.0346	28.0000	5.2915
40.0489	39.0000	6.2450
40.0631	30.0000	5.4772
40.0774	41.0000	6.4031
40.0916	28.0000	5.2915
40.1059	32.0000	5.6569
40.1202	34.0000	5.8310
40.1344	32.0000	5.6569
40.1487	37.0000	6.0828
40.1629	25.0000	5.0000
40.1772	37.0000	6.0828
40.1915	31.0000	5.5678
40.2057	34.0000	5.8310
40.2200	28.0000	5.2915
40.2342	31.0000	5.5678
40.2485	45.0000	6.7082
40.2627	43.0000	6.5574
40.2770	31.0000	5.5678
40.2913	28.0000	5.2915
40.3055	32.0000	5.6569
40.3198	28.0000	5.2915
40.3340	32.0000	5.6569
40.3483	42.0000	6.4807
40.3626	29.0000	5.3852
40.3768	29.0000	5.3852
40.3911	40.0000	6.3246
40.4053	33.0000	5.7446
40.4196	29.0000	5.3852
40.4339	39.0000	6.2450
40.4481	36.0000	6.0000
40.4624	33.0000	5.7446
40.4766	31.0000	5.5678
40.4909	38.0000	6.1644
40.5052	31.0000	5.5678
40.5194	38.0000	6.1644
40.5337	35.0000	5.9161
40.5479	32.0000	5.6569
40.5622	32.0000	5.6569
40.5765	32.0000	5.6569
40.5907	27.0000	5.1962
40.6050	39.0000	6.2450
40.6192	31.0000	5.5678
40.6335	33.0000	5.7446
40.6478	35.0000	5.9161
40.6620	43.0000	6.5574
40.6763	32.0000	5.6569
40.6905	33.0000	5.7446
40.7048	39.0000	6.2450
40.7191	28.0000	5.2915
40.7333	40.0000	6.3246
40.7476	49.0000	7.0000
40.7618	41.0000	6.4031
40.7761	41.0000	6.4031
40.7904	47.0000	6.8557
40.8046	34.0000	5.8310
40.8189	43.0000	6.5574
40.8331	64.0000	8.0000
40.8474	50.0000	7.0711
40.8616	54.0000	7.3485
40.8759	54.0000	7.3485
40.8902	61.0000	7.8102
40.9044	67.0000	8.1854
40.9187	88.0000	9.3808
40.9329	95.0000	9.7468
40.9472	83.0000	9.1104
40.9615	102.0000	10.0995
40.9757	110.0000	10.4881
40.9900	114.0000	10.6771
41.0042	124.0000	11.1355
41.0185	120.0000	10.9545
41.0328	112.0000	10.5830
41.0470	129.0000	11.3578
41.0613	108.0000	10.3923
41.0755	123.0000	11.0905
41.0898	113.0000	10.6301
41.1041	89.0000	9.4340
41.1183	113.0000	10.6301
41.1326	84.0000	9.1652
41.1468	94.0000	9.6954
41.1611	74.0000	8.6023
41.1754	64.0000	8.0000
41.1896	72.0000	8.4853
41.2039	55.0000	7.4162
41.2181	62.0000	7.8740
41.2324	42.0000	6.4807
41.2467	45.0000	6.7082
41.2609	49.0000	7.0000
41.2752	34.0000	5.8310
41.2894	43.0000	6.5574
41.3037	40.0000	6.3246
41.3180	43.0000	6.5574
41.3322	40.0000	6.3246
41.3465	33.0000	5.7446
41.3607	37.0000	6.0828
41.3750	29.0000	5.3852
41.3893	33.0000	5.7446
41.4035	27.0000	5.1962
41.4178	37.0000	6.0828
41.4320	25.0000	5.0000
41.4463	34.0000	5.8310
41.4605	30.0000	5.4772
41.4748	20.0000	4.4721
41.4891	29.0000	5.3852
41.5033	37.0000	6.0828
41.5176	25.0000	5.0000
41.5318	32.0000	5.6569
41.5461	30.0000	5.4772
41.5604	33.0000	5.7446
41.5746	30.0000	5.4772
41.5889	38.0000	6.1644
41.6031	29.0000	5.3852
41.6174	30.0000	5.4772
41.6317	38.0000	6.1644
41.6459	32.0000	5.6569
41.6602	28.0000	5.2915
41.6744	40.0000	6.3246
41.6887	25.0000	5.0000
41.7030	35.0000	5.9161
41.7172	25.0000	5.0000
41.7315	26.0000	5.0990
41.7457	19.0000	4.3589
41.7600	33.0000	5.7446
41.7743	25.0000	5.0000
41.7885	26.0000	5.0990
41.8028	41.0000	6.4031
41.8170	30.0000	5.4772
41.8313	28.0000	5.2915
41.8456	26.0000	5.0990
41.8598	28.0000	5.2915
41.8741	29.0000	5.3852
41.8883	34.0000	5.8310
41.9026	34.0000	5.8310
41.9169	20.0000	4.4721
41.9311	31.0000	5.5678
41.9454	38.0000	6.1644
41.9596	41.0000	6.4031
41.9739	31.0000	5.5678
41.9881	29.0000	5.3852
42.0024	41.0000	6.4031
42.0167	37.0000	6.0828
42.0309	29.0000	5.3852
42.0452	31.0000	5.5678
42.0594	29.0000	5.3852
42.0737	37.0000	6.0828
42.0880	31.0000	5.5678
42.1022	31.0000	5.5678
42.1165	25.0000	5.0000
42.1307	30.0000	5.4772
42.1450	34.0000	5.8310
42.1593	26.0000	5.0990
42.1735	30.0000	5.4772
42.1878	25.0000	5.0000
42.2020	25.0000	5.0000
42.2163	19.0000	4.3589
42.2306	21.0000	4.5826
42.2448	22.0000	4.6904
42.2591	33.0000	5.7446
42.2733	28.0000	5.2915
42.2876	23.0000	4.7958
42.3019	34.0000	5.8310
42.3161	29.0000	5.3852
42.3304	28.0000	5.2915
42.3446	28.0000	5.2915
42.3589	30.0000	5.4772
42.3732	26.0000	5.0990
42.3874	36.0000	6.0000
42.4017	30.0000	5.4772
42.4159	15.0000	3.8730
42.4302	28.0000	5.2915
42.4445	32.0000	5.6569
42.4587	40.0000	6.3246
42.4730	27.0000	5.1962
42.4872	31.0000	5.5678
42.5015	38.0000	6.1644
42.5158	32.0000	5.6569
42.5300	26.0000	5.0990
42.5443	19.0000	4.3589
42.5585	36.0000	6.0000
42.5728	34.0000	5.8310
42.5870	34.0000	5.8310
42.6013	32.0000	5.6569
42.6156	30.0000	5.4772
42.6298	25.0000	5.0000
42.6441	35.0000	5.9161
42.6583	21.0000	4.5826
42.6726	32.0000	5.6569
42.6869	33.0000	5.7446
42.7011	35.0000	5.9161
42.7154	35.0000	5.9161
42.7296	37.0000	6.0828
42.7439	34.0000	5.8310
42.7582	30.0000	5.4772
42.7724	21.0000	4.5826
42.7867	29.0000	5.3852
42.8009	28.0000	5.2915
42.8152	24.0000	4.8990
42.8295	34.0000	5.8310
42.8437	29.0000	5.3852
42.8580	34.0000	5.8310
42.8722	29.0000	5.3852
42.8865	32.0000	5.6569
42.9008	35.0000	5.9161
42.9150	19.0000	4.3589
42.9293	24.0000	4.8990
42.9435	39.0000	6.2450
42.9578	24.0000	4.8990
42.9721	30.0000	5.4772
42.9863	18.0000	4.2426
43.0006	27.0000	5.1962
43.0148	21.0000	4.5826
43.0291	23.0000	4.7958
43.0434	26.0000	5.0990
43.0576	26.0000	5.0990
43.0719	31.0000	5.5678
43.0861	34.0000	5.8310
43.1004	32.0000	5.6569
43.1146	29.0000	5.3852
43.1289	36.0000	6.0000
43.1432	39.0000	6.2450
43.1574	45.0000	6.7082
43.1717	32.0000	5.6569
43.1859	19.0000	4.3589
43.2002	29.0000	5.3852
43.2145	39.0000	6.2450
43.2287	29.0000	5.3852
43.2430	27.0000	5.1962
43.2572	23.0000	4.7958
43.2715	29.0000	5.3852
43.2858	28.0000	5.2915
43.3000	40.0000	6.3246
43.3143	28.0000	5.2915
43.3285	29.0000	5.3852
43.3428	39.0000	6.2450
43.3571	34.0000	5.8310
43.3713	37.0000	6.0828
43.3856	24.0000	4.8990
43.3998	34.0000	5.8310
43.4141	26.0000	5.0990
43.4284	29.0000	5.3852
43.4426	31.0000	5.5678
43.4569	32.0000	5.6569
43.4711	30.0000	5.4772
43.4854	35.0000	5.9161
43.4997	26.0000	5.0990
43.5139	36.0000	6.0000
43.5282	29.0000	5.3852
43.5424	28.0000	5.2915
43.5567	25.0000	5.0000
43.5710	36.0000	6.0000
43.5852	31.0000	5.5678
43.5995	34.0000	5.8310
43.6137	34.0000	5.8310
43.6280	32.0000	5.6569
43.6423	22.0000	4.6904
43.6565	37.0000	6.0828
43.6708	27.0000	5.1962
43.6850	38.0000	6.1644
43.6993	44.0000	6.6332
43.7135	41.0000	6.4031
43.7278	46.0000	6.7823
43.7421	40.0000	6.3246
43.7563	49.0000	7.0000
43.7706	48.0000	6.9282
43.7848	45.0000	6.7082
43.7991	50.0000	7.0711
43.8134	49.0000	7.0000
43.8276	61.0000	7.8102
43.8419	47.0000	6.8557
43.8561	61.0000	7.8102
43.8704	55.0000	7.4162
43.8847	45.0000	6.7082
43.8989	50.0000	7.0711
43.9132	54.0000	7.3485
43.9274	55.0000	7.4162
43.9417	64.0000	8.0000
43.9560	42.0000	6.4807
43.9702	55.0000	7.4162
43.9845	57.0000	7.5498
43.9987	43.0000	6.5574
44.0130	38.0000	6.1644
44.0273	31.0000	5.5678
44.0415	34.0000	5.8310
44.0558	40.0000	6.3246
44.0700	39.0000	6.2450
44.0843	29.0000	5.3852
44.0986	39.0000	6.2450
44.1128	34.0000	5.8310
44.1271	24.0000	4.8990
44.1413	26.0000	5.0990
44.1556	22.0000	4.6904
44.1699	34.0000	5.8310
44.1841	27.0000	5.1962
44.1984	23.0000	4.7958
44.2126	30.0000	5.4772
44.2269	25.0000	5.0000
44.2412	31.0000	5.5678
44.2554	23.0000	4.7958
44.2697	27.0000	5.1962
44.2839	30.0000	5.4772
44.2982	20.0000	4.4721
44.3124	19.0000	4.3589
44.3267	30.0000	5.4772
44.3410	26.0000	5.0990
44.3552	35.0000	5.9161
44.3695	37.0000	6.0828
44.3837	31.0000	5.5678
44.3980	28.0000	5.2915
44.4123	35.0000	5.9161
44.4265	25.0000	5.0000
44.4408	33.0000	5.7446
44.4550	26.0000	5.0990
44.4693	25.0000	5.0000
44.4836	22.0000	4.6904
44.4978	34.0000	5.8310
44.5121	24.0000	4.8990
44.5263	20.0000	4.4721
44.5406	30.0000	5.4772
44.5549	20.0000	4.4721
44.5691	23.0000	4.7958
44.5834	21.0000	4.5826
44.5976	29.0000	5.3852
44.6119	33.0000	5.7446
44.6262	30.0000	5.4772
44.6404	33.0000	5.7446
44.6547	27.0000	5.1962
44.6689	24.0000	4.8990
44.6832	32.0000	5.6569
44.6975	24.0000	4.8990
44.7117	23.0000	4.7958
44.7260	28.0000	5.2915
44.7402	25.0000	5.0000
44.7545	19.0000	4.3589
44.7688	33.0000	5.7446
44.7830	34.0000	5.8310
44.7973	40.0000	6.3246
44.8115	28.0000	5.2915
44.8258	20.0000	4.4721
44.8400	29.0000	5.3852
44.8543	21.0000	4.5826
44.8686	36.0000	6.0000
44.8828	23.0000	4.7958
44.8971	23.0000	4.7958
44.9113	24.0000	4.8990
44.9256	33.0000	5.7446
44.9399	30.0000	5.4772
44.9541	24.0000	4.8990
44.9684	26.0000	5.0990
44.9826	26.0000	5.0990
44.9969	18.0000	4.2426
45.0112	29.0000	5.3852
45.0254	25.0000	5.0000
45.0397	30.0000	5.4772
45.0539	27.0000	5.1962
45.0682	27.0000	5.1962
45.0825	35.0000	5.9161
45.0967	24.0000	4.8990
45.1110	42.0000	6.4807
45.1252	26.0000	5.0990
45.1395	37.0000	6.0828
45.1538	25.0000	5.0000
45.1680	23.0000	4.7958
45.1823	17.0000	4.1231
45.1965	22.0000	4.6904
45.2108	27.0000	5.1962
45.2251	25.0000	5.0000
45.2393	26.0000	5.0990
45.2536	24.0000	4.8990
45.2678	29.0000	5.3852
45.2821	23.0000	4.7958
45.2964	27.0000	5.1962
45.3106	25.0000	5.0000
45.3249	20.0000	4.4721
45.3391	43.0000	6.5574
45.3534	17.0000	4.1231
45.3677	29.0000	5.3852
45.3819	24.0000	4.8990
45.3962	29.0000	5.3852
45.4104	35.0000	5.9161
45.4247	29.0000	5.3852
45.4389	25.0000	5.0000
45.4532	27.0000	5.1962
45.4675	21.0000	4.5826
45.4817	29.0000	5.3852
45.4960	17.0000	4.1231
45.5102	38.0000	6.1644
45.5245	32.0000	5.6569
45.5388	23.0000	4.7958
45.5530	35.0000	5.9161
45.5673	31.0000	5.5678
45.5815	24.0000	4.8990
45.5958	25.0000	5.0000
45.6101	35.0000	5.9161
45.6243	30.0000	5.4772
45.6386	21.0000	4.5826
45.6528	25.0000	5.0000
45.6671	33.0000	5.7446
45.6814	26.0000	5.0990
45.6956	23.0000	4.7958
45.7099	23.0000	4.7958
45.7241	31.0000	5.5678
45.7384	16.0000	4.0000
45.7527	29.0000	5.3852
45.7669	21.0000	4.5826
45.7812	22.0000	4.6904
45.7954	25.0000	5.0000
45.8097	31.0000	5.5678
45.8240	29.0000	5.3852
45.8382	35.0000	5.9161
45.8525	36.0000	6.0000
45.8667	21.0000	4.5826
45.8810	32.0000	5.6569
45.8953	23.0000	4.7958
45.9095	33.0000	5.7446
45.9238	24.0000	4.8990
45.9380	24.0000	4.8990
45.9523	28.0000	5.2915
45.9665	20.0000	4.4721
45.9808	32.0000	5.6569
45.9951	23.0000	4.7958
46.0093	25.0000	5.0000
46.0236	27.0000	5.1962
46.0378	33.0000	5.7446
46.0521	30.0000	5.4772
46.0664	37.0000	6.0828
46.0806	27.0000	5.1962
46.0949	25.0000	5.0000
46.1091	25.0000	5.0000
46.1234	17.0000	4.1231
46.1377	21.0000	4.5826
46.1519	26.0000	5.0990
46.1662	31.0000	5.5678
46.1804	28.0000	5.2915
46.1947	26.0000	5.0990
46.2090	27.0000	5.1962
46.2232	28.0000	5.2915
46.2375	26.0000	5.0990
46.2517	19.0000	4.3589
46.2660	27.0000	5.1962
46.2803	25.0000	5.0000
46.2945	27.0000	5.1962
46.3088	28.0000	5.2915
46.3230	27.0000	5.1962
46.3373	25.0000	5.0000
46.3516	25.0000	5.0000
46.3658	41.0000	6.4031
46.3801	28.0000	5.2915
46.3943	29.0000	5.3852
46.4086	29.0000	5.3852
46.4229	26.0000	5.0990
46.4371	34.0000	5.8310
46.4514	29.0000	5.3852
46.4656	24.0000	4.8990
46.4799	21.0000	4.5826
46.4942	23.0000	4.7958
46.5084	28.0000	5.2915
46.5227	21.0000	4.5826
46.5369	29.0000	5.3852
46.5512	22.0000	4.6904
46.5654	29.0000	5.3852
46.5797	16.0000	4.0000
46.5940	22.0000	4.6904
46.6082	29.0000	5.3852
46.6225	25.0000	5.0000
46.6367	22.0000	4.6904
46.6510	24.0000	4.8990
46.6653	18.0000	4.2426
46.6795	23.0000	4.7958
46.6938	31.0000	5.5678
46.7080	31.0000	5.5678
46.7223	37.0000	6.0828
46.7366	34.0000	5.8310
46.7508	20.0000	4.4721
46.7651	26.0000	5.0990
46.7793	28.0000	5.2915
46.7936	28.0000	5.2915
46.8079	27.0000	5.1962
46.8221	38.0000	6.1644
46.8364	22.0000	4.6904
46.8506	28.0000	5.2915
46.8649	25.0000	5.0000
46.8792	31.0000	5.5678
46.8934	34.0000	5.8310
46.9077	24.0000	4.8990
46.9219	28.0000	5.2915
46.9362	28.0000	5.2915
46.9505	34.0000	5.8310
46.9647	19.0000	4.3589
46.9790	27.0000	5.1962
46.9932	30.0000	5.4772
47.0075	22.0000	4.6904
47.0218	31.0000	5.5678
47.0360	27.0000	5.1962
47.0503	24.0000	4.8990
47.0645	24.0000	4.8990
47.0788	23.0000	4.7958
47.0931	32.0000	5.6569
47.1073	24.0000	4.8990
47.1216	37.0000	6.0828
47.1358	35.0000	5.9161
47.1501	36.0000	6.0000
47.1643	31.0000	5.5678
47.1786	29.0000	5.3852
47.1929	32.0000	5.6569
47.2071	34.0000	5.8310
47.2214	29.0000	5.3852
47.2356	32.0000	5.6569
47.2499	19.0000	4.3589
47.2642	30.0000	5.4772
47.2784	26.0000	5.0990
47.2927	43.0000	6.5574
47.3069	39.0000	6.2450
47.3212	25.0000	5.0000
47.3355	29.0000	5.3852
47.3497	41.0000	6.4031
47.3640	35.0000	5.9161
47.3782	22.0000	4.6904
47.3925	37.0000	6.0828
47.4068	40.0000	6.3246
47.4210	35.0000	5.9161
47.4353	48.0000	6.9282
47.4495	41.0000	6.4031
47.4638	29.0000	5.3852
47.4781	45.0000	6.7082
47.4923	48.0000	6.9282
47.5066	42.0000	6.4807
47.5208	40.0000	6.3246
47.5351	45.0000	6.7082
47.5494	31.0000	5.5678
47.5636	39.0000	6.2450
47.5779	49.0000	7.0000
47.5921	48.0000	6.9282
47.6064	57.0000	7.5498
47.6207	50.0000	7.0711
47.6349	61.0000	7.8102
47.6492	50.0000	7.0711
47.6634	50.0000	7.0711
47.6777	81.0000	9.0000
47.6919	61.0000	7.8102
47.7062	65.0000	8.0623
47.7205	100.0000	10.0000
47.7347	89.0000	9.4340
47.7490	74.0000	8.6023
47.7632	104.0000	10.1980
47.7775	97.0000	9.8489
47.7918	94.0000	9.6954
47.8060	119.0000	10.9087
47.8203	115.0000	10.7238
47.8345	109.0000	10.4403
47.8488	125.0000	11.1803
47.8631	128.0000	11.3137
47.8773	126.0000	11.2250
47.8916	149.0000	12.2066
47.9058	145.0000	12.0416
47.9201	117.0000	10.8167
47.9344	123.0000	11.0905
47.9486	137.0000	11.7047
47.9629	115.0000	10.7238
47.9771	136.0000	11.6619
47.9914	115.0000	10.7238
48.0057	115.0000	10.7238
48.0199	121.0000	11.0000
48.0342	85.0000	9.2195
48.0484	111.0000	10.5357
48.0627	104.0000	10.1980
48.0770	90.0000	9.4868
48.0912	107.0000	10.3441
48.1055	85.0000	9.2195
48.1197	76.0000	8.7178
48.1340	86.0000	9.2736
48.1483	75.0000	8.6603
48.1625	73.0000	8.5440
48.1768	74.0000	8.6023
48.1910	56.0000	7.4833
48.2053	56.0000	7.4833
48.2196	48.0000	6.9282
48.2338	49.0000	7.0000
48.2481	67.0000	8.1854
48.2623	61.0000	7.8102
48.2766	37.0000	6.0828
48.2908	41.0000	6.4031
48.3051	40.0000	6.3246
48.3194	31.0000	5.5678
48.3336	41.0000	6.4031
48.3479	44.0000	6.6332
48.3621	40.0000	6.3246
48.3764	37.0000	6.0828
48.3907	34.0000	5.8310
48.4049	43.0000	6.5574
48.4192	36.0000	6.0000
48.4334	40.0000	6.3246
48.4477	35.0000	5.9161
48.4620	32.0000	5.6569
48.4762	38.0000	6.1644
48.4905	31.0000	5.5678
48.5047	22.0000	4.6904
48.5190	26.0000	5.0990
48.5333	22.0000	4.6904
48.5475	35.0000	5.9161
48.5618	42.0000	6.4807
48.5760	27.0000	5.1962
48.5903	23.0000	4.7958
48.6046	24.0000	4.8990
48.6188	29.0000	5.3852
48.6331	36.0000	6.0000
48.6473	30.0000	5.4772
48.6616	31.0000	5.5678
48.6759	34.0000	5.8310
48.6901	25.0000	5.0000
48.7044	43.0000	6.5574
48.7186	20.0000	4.4721
48.7329	30.0000	5.4772
48.7472	37.0000	6.0828
48.7614	19.0000	4.3589
48.7757	25.0000	5.0000
48.7899	21.0000	4.5826
48.8042	28.0000	5.2915
48.8184	28.0000	5.2915
48.8327	36.0000	6.0000
48.8470	25.0000	5.0000
48.8612	24.0000	4.8990
48.8755	32.0000	5.6569
48.8897	19.0000	4.3589
48.9040	22.0000	4.6904
48.9183	28.0000	5.2915
48.9325	25.0000	5.0000
48.9468	21.0000	4.5826
48.9610	19.0000	4.3589
48.9753	26.0000	5.0990
48.9896	26.0000	5.0990
49.0038	30.0000	5.4772
49.0181	17.0000	4.1231
49.0323	25.0000	5.0000
49.0466	21.0000	4.5826
49.0609	26.0000	5.0990
49.0751	25.0000	5.0000
49.0894	16.0000	4.0000
49.1036	27.0000	5.1962
49.1179	33.0000	5.7446
49.1322	31.0000	5.5678
49.1464	18.0000	4.2426
49.1607	29.0000	5.3852
49.1749	22.0000	4.6904
49.1892	30.0000	5.4772
49.2035	26.0000	5.0990
49.2177	25.0000	5.0000
49.2320	25.0000	5.0000
49.2462	30.0000	5.4772
49.2605	20.0000	4.4721
49.2748	27.0000	5.1962
49.2890	16.0000	4.0000
49.3033	25.0000	5.0000
49.3175	19.0000	4.3589
49.3318	20.0000	4.4721
49.3461	27.0000	5.1962
49.3603	23.0000	4.7958
49.3746	28.0000	5.2915
49.3888	20.0000	4.4721
49.4031	25.0000	5.0000
49.4173	23.0000	4.7958
49.4316	35.0000	5.9161
49.4459	20.0000	4.4721
49.4601	25.0000	5.0000
49.4744	16.0000	4.0000
49.4886	22.0000	4.6904
49.5029	26.0000	5.0990
49.5172	28.0000	5.2915
49.5314	25.0000	5.0000
49.5457	22.0000	4.6904
49.5599	29.0000	5.3852
49.5742	28.0000	5.2915
49.5885	35.0000	5.9161
49.6027	20.0000	4.4721
49.6170	27.0000	5.1962
49.6312	19.0000	4.3589
49.6455	27.0000	5.1962
49.6598	27.0000	5.1962
49.6740	19.0000	4.3589
49.6883	19.0000	4.3589
49.7025	25.0000	5.0000
49.7168	25.0000	5.0000
49.7311	31.0000	5.5678
49.7453	21.0000	4.5826
49.7596	22.0000	4.6904
49.7738	24.0000	4.8990
49.7881	30.0000	5.4772
49.8024	24.0000	4.8990
49.8166	15.0000	3.8730
49.8309	25.0000	5.0000
49.8451	21.0000	4.5826
49.8594	19.0000	4.3589
49.8737	22.0000	4.6904
49.8879	33.0000	5.7446
49.9022	27.0000	5.1962
49.9164	21.0000	4.5826
49.9307	21.0000	4.5826
49.9450	18.0000	4.2426
49.9592	22.0000	4.6904
49.9735	28.0000	5.2915
49.9877	26.0000	5.0990
50.0020	23.0000	4.7958
50.0162	39.0000	6.2450
50.0305	25.0000	5.0000
50.0448	24.0000	4.8990
50.0590	27.0000	5.1962
50.0733	31.0000	5.5678
50.0875	34.0000	5.8310
50.1018	26.0000	5.0990
50.1161	19.0000	4.3589
50.1303	27.0000	5.1962
50.1446	28.0000	5.2915
50.1588	24.0000	4.8990
50.1731	27.0000	5.1962
50.1874	26.0000	5.0990
50.2016	26.0000	5.0990
50.2159	23.0000	4.7958
50.2301	31.0000	5.5678
50.2444	30.0000	5.4772
50.2587	19.0000	4.3589
50.2729	12.0000	3.4641
50.2872	17.0000	4.1231
50.3014	24.0000	4.8990
50.3157	18.0000	4.2426
50.3300	20.0000	4.4721
50.3442	27.0000	5.1962
50.3585	23.0000	4.7958
50.3727	25.0000	5.0000
50.3870	21.0000	4.5826
50.4013	26.0000	5.0990
50.4155	33.0000	5.7446
50.4298	30.0000	5.4772
50.4440	20.0000	4.4721
50.4583	21.0000	4.5826
50.4726	27.0000	5.1962
50.4868	20.0000	4.4721
50.5011	31.0000	5.5678
50.5153	25.0000	5.0000
50.5296	20.0000	4.4721
50.5438	21.0000	4.5826
50.5581	28.0000	5.2915
50.5724	20.0000	4.4721
50.5866	27.0000	5.1962
50.6009	24.0000	4.8990
50.6151	24.0000	4.8990
50.6294	28.0000	5.2915
50.6437	15.0000	3.8730
50.6579	28.0000	5.2915
50.6722	26.0000	5.0990
50.6864	28.0000	5.2915
50.7007	16.0000	4.0000
50.7150	20.0000	4.4721
50.7292	24.0000	4.8990
50.7435	19.0000	4.3589
50.7577	18.0000	4.2426
50.7720	21.0000	4.5826
50.7863	20.0000	4.4721
50.8005	26.0000	5.0990
50.8148	27.0000	5.1962
50.8290	28.0000	5.2915
50.8433	28.0000	5.2915
50.8576	25.0000	5.0000
50.8718	17.0000	4.1231
50.8861	23.0000	4.7958
50.9003	26.0000	5.0990
50.9146	22.0000	4.6904
50.9289	24.0000	4.8990
50.9431	18.0000	4.2426
50.9574	24.0000	4.8990
50.9716	27.0000	5.1962
50.9859	19.0000	4.3589
51.0002	24.0000	4.8990
51.0144	34.0000	5.8310
51.0287	26.0000	5.0990
51.0429	26.0000	5.0990
51.0572	24.0000	4.8990
51.0715	21.0000	4.5826
51.0857	25.0000	5.0000
51.1000	21.0000	4.5826
51.1142	20.0000	4.4721
51.1285	20.0000	4.4721
51.1427	20.0000	4.4721
51.1570	19.0000	4.3589
51.1713	23.0000	4.7958
51.1855	26.0000	5.0990
51.1998	23.0000	4.7958
51.2140	21.0000	4.5826
51.2283	20.0000	4.4721
51.2426	25.0000	5.0000
51.2568	19.0000	4.3589
51.2711	21.0000	4.5826
51.2853	26.0000	5.0990
51.2996	16.0000	4.0000
51.3139	19.0000	4.3589
51.3281	24.0000	4.8990
51.3424	25.0000	5.0000
51.3566	19.0000	4.3589
51.3709	35.0000	5.9161
51.3852	18.0000	4.2426
51.3994	33.0000	5.7446
51.4137	33.0000	5.7446
51.4279	19.0000	4.3589
51.4422	14.0000	3.7417
51.4565	39.0000	6.2450
51.4707	27.0000	5.1962
51.4850	27.0000	5.1962
51.4992	26.0000	5.0990
51.5135	25.0000	5.0000
51.5278	23.0000	4.7958
51.5420	39.0000	6.2450
51.5563	27.0000	5.1962
51.5705	20.0000	4.4721
51.5848	28.0000	5.2915
51.5991	29.0000	5.3852
51.6133	20.0000	4.4721
51.6276	21.0000	4.5826
51.6418	17.0000	4.1231
51.6561	27.0000	5.1962
51.6703	20.0000	4.4721
51.6846	21.0000	4.5826
51.6989	17.0000	4.1231
51.7131	37.0000	6.0828
51.7274	14.0000	3.7417
51.7416	18.0000	4.2426
51.7559	18.0000	4.2426
51.7702	21.0000	4.5826
51.7844	27.0000	5.1962
51.7987	28.0000	5.2915
51.8129	22.0000	4.6904
51.8272	29.0000	5.3852
51.8415	34.0000	5.8310
51.8557	25.0000	5.0000
51.8700	17.0000	4.1231
51.8842	21.0000	4.5826
51.8985	23.0000	4.7958
51.9128	24.0000	4.8990
51.9270	18.0000	4.2426
51.9413	23.0000	4.7958
51.9555	28.0000	5.2915
51.9698	25.0000	5.0000
51.9841	26.0000	5.0990
51.9983	22.0000	4.6904
52.0126	27.0000	5.1962
52.0268	31.0000	5.5678
52.0411	24.0000	4.8990
52.0554	18.0000	4.2426
52.0696	31.0000	5.5678
52.0839	21.0000	4.5826
52.0981	29.0000	5.3852
52.1124	23.0000	4.7958
52.1267	22.0000	4.6904
52.1409	19.0000	4.3589
52.1552	28.0000	5.2915
52.1694	26.0000	5.0990
52.1837	27.0000	5.1962
52.1980	15.0000	3.8730
52.2122	24.0000	4.8990
52.2265	25.0000	5.0000
52.2407	26.0000	5.0990
52.2550	25.0000	5.0000
52.2692	27.0000	5.1962
52.2835	19.0000	4.3589
52.2978	30.0000	5.4772
52.3120	20.0000	4.4721
52.3263	28.0000	5.2915
52.3405	24.0000	4.8990
52.3548	21.0000	4.5826
52.3691	29.0000	5.3852
52.3833	27.0000	5.1962
52.3976	22.0000	4.6904
52.4118	27.0000	5.1962
52.4261	28.0000	5.2915
52.4404	24.0000	4.8990
52.4546	18.0000	4.2426
52.4689	21.0000	4.5826
52.4831	35.0000	5.9161
52.4974	17.0000	4.1231
52.5117	20.0000	4.4721
52.5259	23.0000	4.7958
52.5402	28.0000	5.2915
52.5544	20.0000	4.4721
52.5687	42.0000	6.4807
52.5830	22.0000	4.6904
52.5972	30.0000	5.4772
52.6115	24.0000	4.8990
52.6257	31.0000	5.5678
52.6400	17.0000	4.1231
52.6543	31.0000	5.5678
52.6685	32.0000	5.6569
52.6828	44.0000	6.6332
52.6970	23.0000	4.7958
52.7113	24.0000	4.8990
52.7256	32.0000	5.6569
52.7398	32.0000	5.6569
52.7541	20.0000	4.4721
52.7683	25.0000	5.0000
52.7826	26.0000	5.0990
52.7969	33.0000	5.7446
52.8111	40.0000	6.3246
52.8254	19.0000	4.3589
52.8396	36.0000	6.0000
52.8539	36.0000	6.0000
52.8681	25.0000	5.0000
52.8824	37.0000	6.0828
52.8967	29.0000	5.3852
52.9109	34.0000	5.8310
52.9252	26.0000	5.0990
52.9394	28.0000	5.2915
52.9537	31.0000	5.5678
52.9680	31.0000	5.5678
52.9822	37.0000	6.0828
52.9965	37.0000	6.0828
53.0107	27.0000	5.1962
53.0250	25.0000	5.0000
53.0393	31.0000	5.5678
53.0535	43.0000	6.5574
53.0678	42.0000	6.4807
53.0820	32.0000	5.6569
53.0963	37.0000	6.0828
53.1106	37.0000	6.0828
53.1248	33.0000	5.7446
53.1391	46.0000	6.7823
53.1533	45.0000	6.7082
53.1676	34.0000	5.8310
53.1819	25.0000	5.0000
53.1961	45.0000	6.7082
53.2104	48.0000	6.9282
53.2246	45.0000	6.7082
53.2389	46.0000	6.7823
53.2532	42.0000	6.4807
53.2674	42.0000	6.4807
53.2817	48.0000	6.9282
53.2959	49.0000	7.0000
53.3102	42.0000	6.4807
53.3245	57.0000	7.5498
53.3387	62.0000	7.8740
53.3530	66.0000	8.1240
53.3672	53.0000	7.2801
53.3815	85.0000	9.2195
53.3957	93.0000	9.6437
53.4100	75.0000	8.6603
53.4243	86.0000	9.2736
53.4385	83.0000	9.1104
53.4528	94.0000	9.6954
53.4670	73.0000	8.5440
53.4813	95.0000	9.7468
53.4956	107.0000	10.3441
53.5098	111.0000	10.5357
53.5241	96.0000	9.7980
53.5383	121.0000	11.0000
53.5526	102.0000	10.0995
53.5669	104.0000	10.1980
53.5811	97.0000	9.8489
53.5954	111.0000	10.5357
53.6096	108.0000	10.3923
53.6239	97.0000	9.8489
53.6382	97.0000	9.8489
53.6524	97.0000	9.8489
53.6667	102.0000	10.0995
53.6809	110.0000	10.4881
53.6952	96.0000	9.7980
53.7095	96.0000	9.7980
53.7237	103.0000	10.1489
53.7380	97.0000	9.8489
53.7522	97.0000	9.8489
53.7665	80.0000	8.9443
53.7808	98.0000	9.8995
53.7950	98.0000	9.8995
53.8093	97.0000	9.8489
53.8235	98.0000	9.8995
53.8378	107.0000	10.3441
53.8521	129.0000	11.3578
53.8663	112.0000	10.5830
53.8806	129.0000	11.3578
53.8948	122.0000	11.0454
53.9091	171.0000	13.0767
53.9234	177.0000	13.3041
53.9376	185.0000	13.6015
53.9519	194.0000	13.9284
53.9661	227.0000	15.0665
53.9804	241.0000	15.5242
53.9946	249.0000	15.7797
54.0089	249.0000	15.7797
54.0232	234.0000	15.2971
54.0374	251.0000	15.8430
54.0517	228.0000	15.0997
54.0659	194.0000	13.9284
54.0802	212.0000	14.5602
54.0945	193.0000	13.8924
54.1087	210.0000	14.4914
54.1230	173.0000	13.1529
54.1372	177.0000	13.3041
54.1515	175.0000	13.2288
54.1658	149.0000	12.2066
54.1800	150.0000	12.2474
54.1943	100.0000	10.0000
54.2085	136.0000	11.6619
54.2228	106.0000	10.2956
54.2371	90.0000	9.4868
54.2513	85.0000	9.2195
54.2656	73.0000	8.5440
54.2798	67.0000	8.1854
54.2941	63.0000	7.9373
54.3084	58.0000	7.6158
54.3226	52.0000	7.2111
54.3369	54.0000	7.3485
54.3511	58.0000	7.6158
54.3654	54.0000	7.3485
54.3797	56.0000	7.4833
54.3939	57.0000	7.5498
54.4082	56.0000	7.4833
54.4224	39.0000	6.2450
54.4367	46.0000	6.7823
54.4510	52.0000	7.2111
54.4652	44.0000	6.6332
54.4795	43.0000	6.5574
54.4937	52.0000	7.2111
54.5080	60.0000	7.7460
54.5222	38.0000	6.1644
54.5365	46.0000	6.7823
54.5508	53.0000	7.2801
54.5650	56.0000	7.4833
54.5793	46.0000	6.7823
54.5935	50.0000	7.0711
54.6078	71.0000	8.4261
54.6221	47.0000	6.8557
54.6363	47.0000	6.8557
54.6506	59.0000	7.6811
54.6648	60.0000	7.7460
54.6791	64.0000	8.0000
54.6934	68.0000	8.2462
54.7076	71.0000	8.4261
54.7219	73.0000	8.5440
54.7361	79.0000	8.8882
54.7504	80.0000	8.9443
54.7647	77.0000	8.7750
54.7789	75.0000	8.6603
54.7932	98.0000	9.8995
54.8074	87.0000	9.3274
54.8217	77.0000	8.7750
54.8360	82.0000	9.0554
54.8502	86.0000	9.2736
54.8645	100.0000	10.0000
54.8787	77.0000	8.7750
54.8930	90.0000	9.4868
54.9073	83.0000	9.1104
54.9215	82.0000	9.0554
54.9358	90.0000	9.4868
54.9500	73.0000	8.5440
54.9643	103.0000	10.1489
54.9786	72.0000	8.4853
54.9928	77.0000	8.7750
55.0071	77.0000	8.7750
55.0213	73.0000	8.5440
55.0356	83.0000	9.1104
55.0499	74.0000	8.6023
55.0641	65.0000	8.0623
55.0784	55.0000	7.4162
55.0926	79.0000	8.8882
55.1069	57.0000	7.5498
55.1211	54.0000	7.3485
55.1354	55.0000	7.4162
55.1497	63.0000	7.9373
55.1639	50.0000	7.0711
55.1782	53.0000	7.2801
55.1924	50.0000	7.0711
55.2067	49.0000	7.0000
55.2210	52.0000	7.2111
55.2352	54.0000	7.3485
55.2495	31.0000	5.5678
55.2637	44.0000	6.6332
55.2780	43.0000	6.5574
55.2923	46.0000	6.7823
55.3065	35.0000	5.9161
55.3208	26.0000	5.0990
55.3350	28.0000	5.2915
55.3493	24.0000	4.8990
55.3636	39.0000	6.2450
55.3778	31.0000	5.5678
55.3921	29.0000	5.3852
55.4063	21.0000	4.5826
55.4206	22.0000	4.6904
55.4349	30.0000	5.4772
55.4491	33.0000	5.7446
55.4634	38.0000	6.1644
55.4776	29.0000	5.3852
55.4919	37.0000	6.0828
55.5062	33.0000	5.7446
55.5204	30.0000	5.4772
55.5347	34.0000	5.8310
55.5489	28.0000	5.2915
55.5632	17.0000	4.1231
55.5775	26.0000	5.0990
55.5917	38.0000	6.1644
55.6060	27.0000	5.1962
55.6202	26.0000	5.0990
55.6345	36.0000	6.0000
55.6488	26.0000	5.0990
55.6630	31.0000	5.5678
55.6773	32.0000	5.6569
55.6915	19.0000	4.3589
55.7058	35.0000	5.9161
55.7200	32.0000	5.6569
55.7343	27.0000	5.1962
55.7486	30.0000	5.4772
55.7628	19.0000	4.3589
55.7771	30.0000	5.4772
55.7913	23.0000	4.7958
55.8056	30.0000	5.4772
55.8199	28.0000	5.2915
55.8341	31.0000	5.5678
55.8484	31.0000	5.5678
55.8626	31.0000	5.5678
55.8769	22.0000	4.6904
55.8912	22.0000	4.6904
55.9054	27.0000	5.1962
55.9197	24.0000	4.8990
55.9339	28.0000	5.2915
55.9482	30.0000	5.4772
55.9625	31.0000	5.5678
55.9767	32.0000	5.6569
55.9910	27.0000	5.1962
56.0052	26.0000	5.0990
56.0195	36.0000	6.0000
56.0338	24.0000	4.8990
56.0480	28.0000	5.2915
56.0623	32.0000	5.6569
56.0765	24.0000	4.8990
56.0908	39.0000	6.2450
56.1051	31.0000	5.5678
56.1193	43.0000	6.5574
56.1336	33.0000	5.7446
56.1478	31.0000	5.5678
56.1621	39.0000	6.2450
56.1764	49.0000	7.0000
56.1906	51.0000	7.1414
56.2049	61.0000	7.8102
56.2191	56.0000	7.4833
56.2334	52.0000	7.2111
56.2476	61.0000	7.8102
56.2619	71.0000	8.4261
56.2762	96.0000	9.7980
56.2904	66.0000	8.1240
56.3047	67.0000	8.1854
56.3189	70.0000	8.3666
56.3332	85.0000	9.2195
56.3475	83.0000	9.1104
56.3617	89.0000	9.4340
56.3760	58.0000	7.6158
56.3902	70.0000	8.3666
56.4045	63.0000	7.9373
56.4188	71.0000	8.4261
56.4330	56.0000	7.4833
56.4473	50.0000	7.0711
56.4615	58.0000	7.6158
56.4758	48.0000	6.9282
56.4901	56.0000	7.4833
56.5043	57.0000	7.5498
56.5186	40.0000	6.3246
56.5328	44.0000	6.6332
56.5471	39.0000	6.2450
56.5614	36.0000	6.0000
56.5756	33.0000	5.7446
56.5899	47.0000	6.8557
56.6041	35.0000	5.9161
56.6184	26.0000	5.0990
56.6327	34.0000	5.8310
56.6469	32.0000	5.6569
56.6612	34.0000	5.8310
56.6754	31.0000	5.5678
56.6897	32.0000	5.6569
56.7040	32.0000	5.6569
56.7182	26.0000	5.0990
56.7325	22.0000	4.6904
56.7467	39.0000	6.2450
56.7610	34.0000	5.8310
56.7753	21.0000	4.5826
56.7895	18.0000	4.2426
56.8038	24.0000	4.8990
56.8180	26.0000	5.0990
56.8323	25.0000	5.0000
56.8465	29.0000	5.3852
56.8608	23.0000	4.7958
56.8751	20.0000	4.4721
56.8893	30.0000	5.4772
56.9036	28.0000	5.2915
56.9178	22.0000	4.6904
56.9321	19.0000	4.3589
56.9464	23.0000	4.7958
56.9606	23.0000	4.7958
56.9749	20.0000	4.4721
56.9891	24.0000	4.8990
57.0034	20.0000	4.4721
57.0177	15.0000	3.8730
57.0319	20.0000	4.4721
57.0462	23.0000	4.7958
57.0604	25.0000	5.0000
57.0747	19.0000	4.3589
57.0890	23.0000	4.7958
57.1032	28.0000	5.2915
57.1175	35.0000	5.9161
57.1317	21.0000	4.5826
57.1460	28.0000	5.2915
57.1603	39.0000	6.2450
57.1745	27.0000	5.1962
57.1888	26.0000	5.0990
57.2030	35.0000	5.9161
57.2173	22.0000	4.6904
57.2316	21.0000	4.5826
57.2458	28.0000	5.2915
57.2601	21.0000	4.5826
57.2743	30.0000	5.4772
57.2886	18.0000	4.2426
57.3029	19.0000	4.3589
57.3171	27.0000	5.1962
57.3314	29.0000	5.3852
57.3456	23.0000	4.7958
57.3599	21.0000	4.5826
57.3741	18.0000	4.2426
57.3884	11.0000	3.3166
57.4027	32.0000	5.6569
57.4169	28.0000	5.2915
57.4312	28.0000	5.2915
57.4454	28.0000	5.2915
57.4597	29.0000	5.3852
57.4740	27.0000	5.1962
57.4882	21.0000	4.5826
57.5025	20.0000	4.4721
57.5167	20.0000	4.4721
57.5310	15.0000	3.8730
57.5453	27.0000	5.1962
57.5595	29.0000	5.3852
57.5738	26.0000	5.0990
57.5880	22.0000	4.6904
57.6023	20.0000	4.4721
57.6166	30.0000	5.4772
57.6308	24.0000	4.8990
57.6451	18.0000	4.2426
57.6593	22.0000	4.6904
57.6736	25.0000	5.0000
57.6879	24.0000	4.8990
57.7021	18.0000	4.2426
57.7164	11.0000	3.3166
57.7306	20.0000	4.4721
57.7449	23.0000	4.7958
57.7592	20.0000	4.4721
57.7734	22.0000	4.6904
57.7877	21.0000	4.5826
57.8019	23.0000	4.7958
57.8162	16.0000	4.0000
57.8305	21.0000	4.5826
57.8447	27.0000	5.1962
57.8590	17.0000	4.1231
57.8732	16.0000	4.0000
57.8875	14.0000	3.7417
57.9018	16.0000	4.0000
57.9160	24.0000	4.8990
57.9303	24.0000	4.8990
57.9445	18.0000	4.2426
57.9588	20.0000	4.4721
57.9730	15.0000	3.8730
57.9873	21.0000	4.5826
58.0016	26.0000	5.0990
58.0158	27.0000	5.1962
58.0301	18.0000	4.2426
58.0443	25.0000	5.0000
58.0586	20.0000	4.4721
58.0729	19.0000	4.3589
58.0871	16.0000	4.0000
58.1014	29.0000	5.3852
58.1156	15.0000	3.8730
58.1299	24.0000	4.8990
58.1442	20.0000	4.4721
58.1584	21.0000	4.5826
58.1727	18.0000	4.2426
58.1869	19.0000	4.3589
58.2012	16.0000	4.0000
58.2155	32.0000	5.6569
58.2297	18.0000	4.2426
58.2440	19.0000	4.3589
58.2582	24.0000	4.8990
58.2725	17.0000	4.1231
58.2868	21.0000	4.5826
58.3010	27.0000	5.1962
58.3153	20.0000	4.4721
58.3295	25.0000	5.0000
58.3438	19.0000	4.3589
58.3581	21.0000	4.5826
58.3723	17.0000	4.1231
58.3866	14.0000	3.7417
58.4008	23.0000	4.7958
58.4151	25.0000	5.0000
58.4294	19.0000	4.3589
58.4436	23.0000	4.7958
58.4579	19.0000	4.3589
58.4721	26.0000	5.0990
58.4864	18.0000	4.2426
58.5007	20.0000	4.4721
58.5149	20.0000	4.4721
58.5292	19.0000	4.3589
58.5434	21.0000	4.5826
58.5577	32.0000	5.6569
58.5719	21.0000	4.5826
58.5862	24.0000	4.8990
58.6005	21.0000	4.5826
58.6147	31.0000	5.5678
58.6290	18.0000	4.2426
58.6432	16.0000	4.0000
58.6575	10.0000	3.1623
58.6718	16.0000	4.0000
58.6860	18.0000	4.2426
58.7003	19.0000	4.3589
58.7145	22.0000	4.6904
58.7288	14.0000	3.7417
58.7431	18.0000	4.2426
58.7573	25.0000	5.0000
58.7716	26.0000	5.0990
58.7858	15.0000	3.8730
58.8001	18.0000	4.2426
58.8144	16.0000	4.0000
58.8286	28.0000	5.2915
58.8429	22.0000	4.6904
58.8571	20.0000	4.4721
58.8714	21.0000	4.5826
58.8857	28.0000	5.2915
58.8999	19.0000	4.3589
58.9142	20.0000	4.4721
58.9284	18.0000	4.2426
58.9427	11.0000	3.3166
58.9570	21.0000	4.5826
58.9712	23.0000	4.7958
58.9855	19.0000	4.3589
58.9997	23.0000	4.7958
59.0140	19.0000	4.3589
59.0283	12.0000	3.4641
59.0425	12.0000	3.4641
59.0568	19.0000	4.3589
59.0710	29.0000	5.3852
59.0853	22.0000	4.6904
59.0995	14.0000	3.7417
59.1138	24.0000	4.8990
59.1281	28.0000	5.2915
59.1423	21.0000	4.5826
59.1566	19.0000	4.3589
59.1708	24.0000	4.8990
59.1851	27.0000	5.1962
59.1994	25.0000	5.0000
59.2136	17.0000	4.1231
59.2279	19.0000	4.3589
59.2421	22.0000	4.6904
59.2564	17.0000	4.1231
59.2707	27.0000	5.1962
59.2849	23.0000	4.7958
59.2992	19.0000	4.3589
59.3134	26.0000	5.0990
59.3277	20.0000	4.4721
59.3420	19.0000	4.3589
59.3562	29.0000	5.3852
59.3705	23.0000	4.7958
59.3847	23.0000	4.7958
59.3990	21.0000	4.5826
59.4133	16.0000	4.0000
59.4275	24.0000	4.8990
59.4418	21.0000	4.5826
59.4560	20.0000	4.4721
59.4703	22.0000	4.6904
59.4846	21.0000	4.5826
59.4988	23.0000	4.7958
59.5131	16.0000	4.0000
59.5273	31.0000	5.5678
59.5416	19.0000	4.3589
59.5559	26.0000	5.0990
59.5701	22.0000	4.6904
59.5844	29.0000	5.3852
59.5986	23.0000	4.7958
59.6129	20.0000	4.4721
59.6272	23.0000	4.7958
59.6414	30.0000	5.4772
59.6557	26.0000	5.0990
59.6699	22.0000	4.6904
59.6842	16.0000	4.0000
59.6984	18.0000	4.2426
59.7127	26.0000	5.0990
59.7270	28.0000	5.2915
59.7412	21.0000	4.5826
59.7555	18.0000	4.2426
59.7697	21.0000	4.5826
59.7840	22.0000	4.6904
59.7983	26.0000	5.0990
59.8125	25.0000	5.0000
59.8268	29.0000	5.3852
59.8410	22.0000	4.6904
59.8553	26.0000	5.0990
59.8696	25.0000	5.0000
59.8838	21.0000	4.5826
59.8981	28.0000	5.2915
59.9123	26.0000	5.0990
59.9266	19.0000	4.3589
59.9409	19.0000	4.3589
59.9551	25.0000	5.0000
59.9694	27.0000	5.1962
59.9836	30.0000	5.4772
59.9979	27.0000	5.1962
60.0122	23.0000	4.7958
60.0264	43.0000	6.5574
60.0407	20.0000	4.4721
60.0549	26.0000	5.0990
60.0692	21.0000	4.5826
60.0835	21.0000	4.5826
60.0977	31.0000	5.5678
60.1120	19.0000	4.3589
60.1262	20.0000	4.4721
60.1405	24.0000	4.8990
60.1548	20.0000	4.4721
60.1690	24.0000	4.8990
60.1833	22.0000	4.6904
60.1975	24.0000	4.8990
60.2118	29.0000	5.3852
60.2260	26.0000	5.0990
60.2403	22.0000	4.6904
60.2546	34.0000	5.8310
60.2688	30.0000	5.4772
60.2831	21.0000	4.5826
60.2973	20.0000	4.4721
60.3116	23.0000	4.7958
60.3259	26.0000	5.0990
60.3401	20.0000	4.4721
60.3544	38.0000	6.1644
60.3686	23.0000	4.7958
60.3829	22.0000	4.6904
60.3972	15.0000	3.8730
60.4114	24.0000	4.8990
60.4257	19.0000	4.3589
60.4399	23.0000	4.7958
60.4542	22.0000	4.6904
60.4685	24.0000	4.8990
60.4827	18.0000	4.2426
60.4970	25.0000	5.0000
60.5112	27.0000	5.1962
60.5255	27.0000	5.1962
60.5398	29.0000	5.3852
60.5540	28.0000	5.2915
60.5683	21.0000	4.5826
60.5825	26.0000	5.0990
60.5968	25.0000	5.0000
60.6111	28.0000	5.2915
60.6253	32.0000	5.6569
60.6396	32.0000	5.6569
60.6538	27.0000	5.1962
60.6681	21.0000	4.5826
60.6824	26.0000	5.0990
60.6966	30.0000	5.4772
60.7109	28.0000	5.2915
60.7251	28.0000	5.2915
60.7394	28.0000	5.2915
60.7537	20.0000	4.4721
60.7679	27.0000	5.1962
60.7822	22.0000	4.6904
60.7964	36.0000	6.0000
60.8107	28.0000	5.2915
60.8249	21.0000	4.5826
60.8392	40.0000	6.3246
60.8535	27.0000	5.1962
60.8677	29.0000	5.3852
60.8820	33.0000	5.7446
60.8962	18.0000	4.2426
60.9105	28.0000	5.2915
60.9248	37.0000	6.0828
60.9390	20.0000	4.4721
60.9533	20.0000	4.4721
60.9675	31.0000	5.5678
60.9818	37.0000	6.0828
60.9961	31.0000	5.5678
61.0103	21.0000	4.5826
61.0246	25.0000	5.0000
61.0388	17.0000	4.1231
61.0531	38.0000	6.1644
61.0674	25.0000	5.0000
61.0816	23.0000	4.7958
61.0959	31.0000	5.5678
61.1101	36.0000	6.0000
61.1244	32.0000	5.6569
61.1387	40.0000	6.3246
61.1529	20.0000	4.4721
61.1672	29.0000	5.3852
61.1814	24.0000	4.8990
61.1957	33.0000	5.7446
61.2100	32.0000	5.6569
61.2242	27.0000	5.1962
61.2385	40.0000	6.3246
61.2527	30.0000	5.4772
61.2670	20.0000	4.4721
61.2813	34.0000	5.8310
61.2955	35.0000	5.9161
61.3098	26.0000	5.0990
61.3240	34.0000	5.8310
61.3383	25.0000	5.0000
61.3526	30.0000	5.4772
61.3668	28.0000	5.2915
61.3811	30.0000	5.4772
61.3953	22.0000	4.6904
61.4096	34.0000	5.8310
61.4238	31.0000	5.5678
61.4381	32.0000	5.6569
61.4524	27.0000	5.1962
61.4666	32.0000	5.6569
61.4809	29.0000	5.3852
61.4951	28.0000	5.2915
61.5094	32.0000	5.6569
61.5237	32.0000	5.6569
61.5379	29.0000	5.3852
61.5522	38.0000	6.1644
61.5664	26.0000	5.0990
61.5807	23.0000	4.7958
61.5950	30.0000	5.4772
61.6092	31.0000	5.5678
61.6235	31.0000	5.5678
61.6377	36.0000	6.0000
61.6520	42.0000	6.4807
61.6663	31.0000	5.5678
61.6805	30.0000	5.4772
61.6948	38.0000	6.1644
61.7090	43.0000	6.5574
61.7233	38.0000	6.1644
61.7376	37.0000	6.0828
61.7518	40.0000	6.3246
61.7661	38.0000	6.1644
61.7803	36.0000	6.0000
61.7946	40.0000	6.3246
61.8089	39.0000	6.2450
61.8231	37.0000	6.0828
61.8374	47.0000	6.8557
61.8516	47.0000	6.8557
61.8659	57.0000	7.5498
61.8802	44.0000	6.6332
61.8944	55.0000	7.4162
61.9087	46.0000	6.7823
61.9229	29.0000	5.3852
61.9372	42.0000	6.4807
61.9514	41.0000	6.4031
61.9657	40.0000	6.3246
61.9800	57.0000	7.5498
61.9942	50.0000	7.0711
62.0085	39.0000	6.2450
62.0227	53.0000	7.2801
62.0370	51.0000	7.1414
62.0513	32.0000	5.6569
62.0655	33.0000	5.7446
62.0798	41.0000	6.4031
62.0940	37.0000	6.0828
62.1083	63.0000	7.9373
62.1226	61.0000	7.8102
62.1368	54.0000	7.3485
62.1511	54.0000	7.3485
62.1653	65.0000	8.0623
62.1796	60.0000	7.7460
62.1939	68.0000	8.2462
62.2081	69.0000	8.3066
62.2224	91.0000	9.5394
62.2366	81.0000	9.0000
62.2509	77.0000	8.7750
62.2652	80.0000	8.9443
62.2794	99.0000	9.9499
62.2937	86.0000	9.2736
62.3079	100.0000	10.0000
62.3222	79.0000	8.8882
62.3365	107.0000	10.3441
62.3507	91.0000	9.5394
62.3650	85.0000	9.2195
62.3792	102.0000	10.0995
62.3935	72.0000	8.4853
62.4078	75.0000	8.6603
62.4220	84.0000	9.1652
62.4363	77.0000	8.7750
62.4505	79.0000	8.8882
62.4648	66.0000	8.1240
62.4791	97.0000	9.8489
62.4933	81.0000	9.0000
62.5076	88.0000	9.3808
62.5218	76.0000	8.7178
62.5361	64.0000	8.0000
62.5503	62.0000	7.8740
62.5646	66.0000	8.1240
62.5789	56.0000	7.4833
62.5931	51.0000	7.1414
62.6074	57.0000	7.5498
62.6216	45.0000	6.7082
62.6359	49.0000	7.0000
62.6502	45.0000	6.7082
62.6644	40.0000	6.3246
62.6787	40.0000	6.3246
62.6929	54.0000	7.3485
62.7072	36.0000	6.0000
62.7215	26.0000	5.0990
62.7357	42.0000	6.4807
62.7500	39.0000	6.2450
62.7642	41.0000	6.4031
62.7785	33.0000	5.7446
62.7928	34.0000	5.8310
62.8070	32.0000	5.6569
62.8213	26.0000	5.0990
62.8355	40.0000	6.3246
62.8498	29.0000	5.3852
62.8641	28.0000	5.2915
62.8783	42.0000	6.4807
62.8926	44.0000	6.6332
62.9068	29.0000	5.3852
62.9211	37.0000	6.0828
62.9354	32.0000	5.6569
62.9496	27.0000	5.1962
62.9639	40.0000	6.3246
62.9781	30.0000	5.4772
62.9924	33.0000	5.7446
63.0067	45.0000	6.7082
63.0209	25.0000	5.0000
63.0352	27.0000	5.1962
63.0494	34.0000	5.8310
63.0637	27.0000	5.1962
63.0779	28.0000	5.2915
63.0922	33.0000	5.7446
63.1065	39.0000	6.2450
63.1207	39.0000	6.2450
63.1350	33.0000	5.7446
63.1492	39.0000	6.2450
63.1635	28.0000	5.2915
63.1778	29.0000	5.3852
63.1920	22.0000	4.6904
63.2063	32.0000	5.6569
63.2205	38.0000	6.1644
63.2348	31.0000	5.5678
63.2491	35.0000	5.9161
63.2633	35.0000	5.9161
63.2776	39.0000	6.2450
63.2918	21.0000	4.5826
63.3061	28.0000	5.2915
63.3204	29.0000	5.3852
63.3346	39.0000	6.2450
63.3489	35.0000	5.9161
63.3631	40.0000	6.3246
63.3774	33.0000	5.7446
63.3917	45.0000	6.7082
63.4059	29.0000	5.3852
63.4202	25.0000	5.0000
63.4344	25.0000	5.0000
63.4487	37.0000	6.0828
63.4630	37.0000	6.0828
63.4772	35.0000	5.9161
63.4915	33.0000	5.7446
63.5057	33.0000	5.7446
63.5200	33.0000	5.7446
63.5343	36.0000	6.0000
63.5485	37.0000	6.0828
63.5628	45.0000	6.7082
63.5770	43.0000	6.5574
63.5913	50.0000	7.0711
63.6056	46.0000	6.7823
63.6198	42.0000	6.4807
63.6341	50.0000	7.0711
63.6483	50.0000	7.0711
63.6626	53.0000	7.2801
63.6768	58.0000	7.6158
63.6911	52.0000	7.2111
63.7054	69.0000	8.3066
63.7196	41.0000	6.4031
63.7339	38.0000	6.1644
63.7481	44.0000	6.6332
63.7624	46.0000	6.7823
63.7767	45.0000	6.7082
63.7909	49.0000	7.0000
63.8052	47.0000	6.8557
63.8194	45.0000	6.7082
63.8337	44.0000	6.6332
63.8480	44.0000	6.6332
63.8622	36.0000	6.0000
63.8765	40.0000	6.3246
63.8907	34.0000	5.8310
63.9050	36.0000	6.0000
63.9193	27.0000	5.1962
63.9335	34.0000	5.8310
63.9478	30.0000	5.4772
63.9620	36.0000	6.0000
63.9763	31.0000	5.5678
63.9906	29.0000	5.3852
64.0048	25.0000	5.0000
64.0191	33.0000	5.7446
64.0333	28.0000	5.2915
64.0476	28.0000	5.2915
64.0619	34.0000	5.8310
64.0761	26.0000	5.0990
64.0904	33.0000	5.7446
64.1046	31.0000	5.5678
64.1189	35.0000	5.9161
64.1332	22.0000	4.6904
64.1474	26.0000	5.0990
64.1617	27.0000	5.1962
64.1759	40.0000	6.3246
64.1902	37.0000	6.0828
64.2045	29.0000	5.3852
64.2187	24.0000	4.8990
64.2330	21.0000	4.5826
64.2472	36.0000	6.0000
64.2615	36.0000	6.0000
64.2757	28.0000	5.2915
64.2900	20.0000	4.4721
64.3043	31.0000	5.5678
64.3185	29.0000	5.3852
64.3328	29.0000	5.3852
64.3470	25.0000	5.0000
64.3613	32.0000	5.6569
64.3756	27.0000	5.1962
64.3898	26.0000	5.0990
64.4041	23.0000	4.7958
64.4183	35.0000	5.9161
64.4326	33.0000	5.7446
64.4469	39.0000	6.2450
64.4611	27.0000	5.1962
64.4754	29.0000	5.3852
64.4896	34.0000	5.8310
64.5039	29.0000	5.3852
64.5182	29.0000	5.3852
64.5324	29.0000	5.3852
64.5467	28.0000	5.2915
64.5609	26.0000	5.0990
64.5752	23.0000	4.7958
64.5895	26.0000	5.0990
64.6037	17.0000	4.1231
64.6180	17.0000	4.1231
64.6322	30.0000	5.4772
64.6465	32.0000	5.6569
64.6608	35.0000	5.9161
64.6750	23.0000	4.7958
64.6893	19.0000	4.3589
64.7035	26.0000	5.0990
64.7178	31.0000	5.5678
64.7321	35.0000	5.9161
64.7463	20.0000	4.4721
64.7606	26.0000	5.0990
64.7748	24.0000	4.8990
64.7891	28.0000	5.2915
64.8033	28.0000	5.2915
64.8176	17.0000	4.1231
64.8319	29.0000	5.3852
64.8461	28.0000	5.2915
64.8604	20.0000	4.4721
64.8746	25.0000	5.0000
64.8889	14.0000	3.7417
64.9032	25.0000	5.0000
64.9174	27.0000	5.1962
64.9317	22.0000	4.6904
64.9459	27.0000	5.1962
64.9602	30.0000	5.4772
64.9745	34.0000	5.8310
64.9887	33.0000	5.7446
65.0030	32.0000	5.6569
65.0172	27.0000	5.1962
65.0315	15.0000	3.8730
65.0458	30.0000	5.4772
65.0600	31.0000	5.5678
65.0743	26.0000	5.0990
65.0885	22.0000	4.6904
65.1028	36.0000	6.0000
65.1171	18.0000	4.2426
65.1313	31.0000	5.5678
65.1456	28.0000	5.2915
65.1598	32.0000	5.6569
65.1741	26.0000	5.0990
65.1884	27.0000	5.1962
65.2026	25.0000	5.0000
65.2169	21.0000	4.5826
65.2311	24.0000	4.8990
65.2454	27.0000	5.1962
65.2597	23.0000	4.7958
65.2739	26.0000	5.0990
65.2882	34.0000	5.8310
65.3024	33.0000	5.7446
65.3167	26.0000	5.0990
65.3310	18.0000	4.2426
65.3452	45.0000	6.7082
65.3595	26.0000	5.0990
65.3737	26.0000	5.0990
65.3880	19.0000	4.3589
65.4022	24.0000	4.8990
65.4165	21.0000	4.5826
65.4308	34.0000	5.8310
65.4450	25.0000	5.0000
65.4593	27.0000	5.1962
65.4735	20.0000	4.4721
65.4878	21.0000	4.5826
65.5021	30.0000	5.4772
65.5163	15.0000	3.8730
65.5306	27.0000	5.1962
65.5448	22.0000	4.6904
65.5591	25.0000	5.0000
65.5734	28.0000	5.2915
65.5876	23.0000	4.7958
65.6019	25.0000	5.0000
65.6161	26.0000	5.0990
65.6304	23.0000	4.7958
65.6447	25.0000	5.0000
65.6589	35.0000	5.9161
65.6732	28.0000	5.2915
65.6874	28.0000	5.2915
65.7017	29.0000	5.3852
65.7160	29.0000	5.3852
65.7302	19.0000	4.3589
65.7445	24.0000	4.8990
65.7587	19.0000	4.3589
65.7730	27.0000	5.1962
65.7873	25.0000	5.0000
65.8015	34.0000	5.8310
65.8158	17.0000	4.1231
65.8300	30.0000	5.4772
65.8443	24.0000	4.8990
65.8586	24.0000	4.8990
65.8728	15.0000	3.8730
65.8871	24.0000	4.8990
65.9013	23.0000	4.7958
65.9156	17.0000	4.1231
65.9298	36.0000	6.0000
65.9441	32.0000	5.6569
65.9584	24.0000	4.8990
65.9726	21.0000	4.5826
65.9869	28.0000	5.2915
66.0011	27.0000	5.1962
66.0154	28.0000	5.2915
66.0297	28.0000	5.2915
66.0439	14.0000	3.7417
66.0582	23.0000	4.7958
66.0724	25.0000	5.0000
66.0867	17.0000	4.1231
66.1010	30.0000	5.4772
66.1152	16.0000	4.0000
66.1295	22.0000	4.6904
66.1437	28.0000	5.2915
66.1580	27.0000	5.1962
66.1723	23.0000	4.7958
66.1865	26.0000	5.0990
66.2008	36.0000	6.0000
66.2150	30.0000	5.4772
66.2293	19.0000	4.3589
66.2436	27.0000	5.1962
66.2578	20.0000	4.4721
66.2721	18.0000	4.2426
66.2863	20.0000	4.4721
66.3006	22.0000	4.6904
66.3149	29.0000	5.3852
66.3291	23.0000	4.7958
66.3434	18.0000	4.2426
66.3576	28.0000	5.2915
66.3719	17.0000	4.1231
66.3862	16.0000	4.0000
66.4004	27.0000	5.1962
66.4147	22.0000	4.6904
66.4289	19.0000	4.3589
66.4432	35.0000	5.9161
66.4575	29.0000	5.3852
66.4717	16.0000	4.0000
66.4860	23.0000	4.7958
66.5002	20.0000	4.4721
66.5145	17.0000	4.1231
66.5287	21.0000	4.5826
66.5430	16.0000	4.0000
66.5573	26.0000	5.0990
66.5715	17.0000	4.1231
66.5858	27.0000	5.1962
66.6000	22.0000	4.6904
66.6143	34.0000	5.8310
66.6286	24.0000	4.8990
66.6428	24.0000	4.8990
66.6571	29.0000	5.3852
66.6713	23.0000	4.7958
66.6856	27.0000	5.1962
66.6999	22.0000	4.6904
66.7141	26.0000	5.0990
66.7284	23.0000	4.7958
66.7426	34.0000	5.8310
66.7569	24.0000	4.8990
66.7712	20.0000	4.4721
66.7854	23.0000	4.7958
66.7997	21.0000	4.5826
66.8139	24.0000	4.8990
66.8282	21.0000	4.5826
66.8425	18.0000	4.2426
66.8567	29.0000	5.3852
66.8710	21.0000	4.5826
66.8852	29.0000	5.3852
66.8995	18.0000	4.2426
66.9138	27.0000	5.1962
66.9280	23.0000	4.7958
66.9423	27.0000	5.1962
66.9565	25.0000	5.0000
66.9708	26.0000	5.0990
66.9851	18.0000	4.2426
66.9993	25.0000	5.0000
67.0136	24.0000	4.8990
67.0278	25.0000	5.0000
67.0421	20.0000	4.4721
67.0564	20.0000	4.4721
67.0706	26.0000	5.0990
67.0849	26.0000	5.0990
67.0991	21.0000	4.5826
67.1134	31.0000	5.5678
67.1276	24.0000	4.8990
67.1419	20.0000	4.4721
67.1562	25.0000	5.0000
67.1704	18.0000	4.2426
67.1847	32.0000	5.6569
67.1989	21.0000	4.5826
67.2132	27.0000	5.1962
67.2275	28.0000	5.2915
67.2417	28.0000	5.2915
67.2560	24.0000	4.8990
67.2702	22.0000	4.6904
67.2845	25.0000	5.0000
67.2988	24.0000	4.8990
67.3130	25.0000	5.0000
67.3273	25.0000	5.0000
67.3415	34.0000	5.8310
67.3558	34.0000	5.8310
67.3701	21.0000	4.5826
67.3843	27.0000	5.1962
67.3986	24.0000	4.8990
67.4128	23.0000	4.7958
67.4271	19.0000	4.3589
67.4414	30.0000	5.4772
67.4556	21.0000	4.5826
67.4699	33.0000	5.7446
67.4841	34.0000	5.8310
67.4984	23.0000	4.7958
67.5127	28.0000	5.2915
67.5269	26.0000	5.0990
67.5412	18.0000	4.2426
67.5554	34.0000	5.8310
67.5697	22.0000	4.6904
67.5840	28.0000	5.2915
67.5982	23.0000	4.7958
67.6125	22.0000	4.6904
67.6267	19.0000	4.3589
67.6410	24.0000	4.8990
67.6552	25.0000	5.0000
67.6695	23.0000	4.7958
67.6838	25.0000	5.0000
67.6980	24.0000	4.8990
67.7123	28.0000	5.2915
67.7265	31.0000	5.5678
67.7408	37.0000	6.0828
67.7551	25.0000	5.0000
67.7693	27.0000	5.1962
67.7836	38.0000	6.1644
67.7978	33.0000	5.7446
67.8121	31.0000	5.5678
67.8264	24.0000	4.8990
67.8406	30.0000	5.4772
67.8549	26.0000	5.0990
67.8691	32.0000	5.6569
67.8834	37.0000	6.0828
67.8977	30.0000	5.4772
67.9119	30.0000	5.4772
67.9262	30.0000	5.4772
67.9404	38.0000	6.1644
67.9547	28.0000	5.2915
67.9690	28.0000	5.2915
67.9832	33.0000	5.7446
67.9975	38.0000	6.1644
68.0117	39.0000	6.2450
68.0260	35.0000	5.9161
68.0403	44.0000	6.6332
68.0545	41.0000	6.4031
68.0688	36.0000	6.0000
68.0830	35.0000	5.9161
68.0973	32.0000	5.6569
68.1116	34.0000	5.8310
68.1258	42.0000	6.4807
68.1401	43.0000	6.5574
68.1543	38.0000	6.1644
68.1686	34.0000	5.8310
68.1829	41.0000	6.4031
68.1971	44.0000	6.6332
68.2114	45.0000	6.7082
68.2256	52.0000	7.2111
68.2399	60.0000	7.7460
68.2541	55.0000	7.4162
68.2684	58.0000	7.6158
68.2827	58.0000	7.6158
68.2969	56.0000	7.4833
68.3112	45.0000	6.7082
68.3254	43.0000	6.5574
68.3397	53.0000	7.2801
68.3540	71.0000	8.4261
68.3682	46.0000	6.7823
68.3825	58.0000	7.6158
68.3967	55.0000	7.4162
68.4110	66.0000	8.1240
68.4253	64.0000	8.0000
68.4395	48.0000	6.9282
68.4538	58.0000	7.6158
68.4680	80.0000	8.9443
68.4823	87.0000	9.3274
68.4966	79.0000	8.8882
68.5108	93.0000	9.6437
68.5251	107.0000	10.3441
68.5393	98.0000	9.8995
68.5536	72.0000	8.4853
68.5679	96.0000	9.7980
68.5821	73.0000	8.5440
68.5964	78.0000	8.8318
68.6106	73.0000	8.5440
68.6249	69.0000	8.3066
68.6392	68.0000	8.2462
68.6534	72.0000	8.4853
68.6677	75.0000	8.6603
68.6819	72.0000	8.4853
68.6962	68.0000	8.2462
68.7105	64.0000	8.0000
68.7247	73.0000	8.5440
68.7390	69.0000	8.3066
68.7532	60.0000	7.7460
68.7675	63.0000	7.9373
68.7817	61.0000	7.8102
68.7960	52.0000	7.2111
68.8103	47.0000	6.8557
68.8245	64.0000	8.0000
68.8388	49.0000	7.0000
68.8530	40.0000	6.3246
68.8673	41.0000	6.4031
68.8816	41.0000	6.4031
68.8958	25.0000	5.0000
68.9101	27.0000	5.1962
68.9243	44.0000	6.6332
68.9386	33.0000	5.7446
68.9529	30.0000	5.4772
68.9671	37.0000	6.0828
68.9814	34.0000	5.8310
68.9956	34.0000	5.8310
69.0099	36.0000	6.0000
69.0242	35.0000	5.9161
69.0384	26.0000	5.0990
69.0527	32.0000	5.6569
69.0669	27.0000	5.1962
69.0812	29.0000	5.3852
69.0955	34.0000	5.8310
69.1097	44.0000	6.6332
69.1240	37.0000	6.0828
69.1382	46.0000	6.7823
69.1525	47.0000	6.8557
69.1668	35.0000	5.9161
69.1810	42.0000	6.4807
69.1953	53.0000	7.2801
69.2095	49.0000	7.0000
69.2238	49.0000	7.0000
69.2381	54.0000	7.3485
69.2523	60.0000	7.7460
69.2666	57.0000	7.5498
69.2808	56.0000	7.4833
69.2951	54.0000	7.3485
69.3094	43.0000	6.5574
69.3236	47.0000	6.8557
69.3379	63.0000	7.9373
69.3521	37.0000	6.0828
69.3664	46.0000	6.7823
69.3806	53.0000	7.2801
69.3949	39.0000	6.2450
69.4092	53.0000	7.2801
69.4234	40.0000	6.3246
69.4377	33.0000	5.7446
69.4519	32.0000	5.6569
69.4662	46.0000	6.7823
69.4805	50.0000	7.0711
69.4947	33.0000	5.7446
69.5090	42.0000	6.4807
69.5232	31.0000	5.5678
69.5375	48.0000	6.9282
69.5518	35.0000	5.9161
69.5660	26.0000	5.0990
69.5803	24.0000	4.8990
69.5945	28.0000	5.2915
69.6088	33.0000	5.7446
69.6231	24.0000	4.8990
69.6373	24.0000	4.8990
69.6516	31.0000	5.5678
69.6658	31.0000	5.5678
69.6801	32.0000	5.6569
69.6944	38.0000	6.1644
69.7086	31.0000	5.5678
69.7229	30.0000	5.4772
69.7371	23.0000	4.7958
69.7514	33.0000	5.7446
69.7657	41.0000	6.4031
69.7799	29.0000	5.3852
69.7942	30.0000	5.4772
69.8084	36.0000	6.0000
69.8227	32.0000	5.6569
69.8370	30.0000	5.4772
69.8512	31.0000	5.5678
69.8655	35.0000	5.9161
69.8797	33.0000	5.7446
69.8940	29.0000	5.3852
69.9083	42.0000	6.4807
69.9225	36.0000	6.0000
69.9368	37.0000	6.0828
69.9510	38.0000	6.1644
69.9653	30.0000	5.4772
69.9795	50.0000	7.0711
69.9938	28.0000	5.2915
70.0081	34.0000	5.8310
70.0223	48.0000	6.9282
70.0366	33.0000	5.7446
70.0508	53.0000	7.2801
70.0651	46.0000	6.7823
70.0794	38.0000	6.1644
70.0936	40.0000	6.3246
70.1079	29.0000	5.3852
70.1221	34.0000	5.8310
70.1364	46.0000	6.7823
70.1507	46.0000	6.7823
70.1649	43.0000	6.5574
70.1792	28.0000	5.2915
70.1934	36.0000	6.0000
70.2077	32.0000	5.6569
70.2220	31.0000	5.5678
70.2362	32.0000	5.6569
70.2505	25.0000	5.0000
70.2647	33.0000	5.7446
70.2790	34.0000	5.8310
70.2933	25.0000	5.0000
70.3075	29.0000	5.3852
70.3218	25.0000	5.0000
70.3360	34.0000	5.8310
70.3503	33.0000	5.7446
70.3646	25.0000	5.0000
70.3788	17.0000	4.1231
70.3931	35.0000	5.9161
70.4073	22.0000	4.6904
70.4216	29.0000	5.3852
70.4359	24.0000	4.8990
70.4501	18.0000	4.2426
70.4644	23.0000	4.7958
70.4786	13.0000	3.6056
70.4929	21.0000	4.5826
70.5071	26.0000	5.0990
70.5214	22.0000	4.6904
70.5357	23.0000	4.7958
70.5499	25.0000	5.0000
70.5642	20.0000	4.4721
70.5784	24.0000	4.8990
70.5927	27.0000	5.1962
70.6070	20.0000	4.4721
70.6212	26.0000	5.0990
70.6355	26.0000	5.0990
70.6497	19.0000	4.3589
70.6640	20.0000	4.4721
70.6783	26.0000	5.0990
70.6925	16.0000	4.0000
70.7068	26.0000	5.0990
70.7210	34.0000	5.8310
70.7353	19.0000	4.3589
70.7496	24.0000	4.8990
70.7638	27.0000	5.1962
70.7781	30.0000	5.4772
70.7923	18.0000	4.2426
70.8066	21.0000	4.5826
70.8209	25.0000	5.0000
70.8351	27.0000	5.1962
70.8494	16.0000	4.0000
70.8636	14.0000	3.7417
70.8779	15.0000	3.8730
70.8922	13.0000	3.6056
70.9064	20.0000	4.4721
70.9207	24.0000	4.8990
70.9349	19.0000	4.3589
70.9492	15.0000	3.8730
70.9635	23.0000	4.7958
70.9777	37.0000	6.0828
70.9920	18.0000	4.2426
71.0062	17.0000	4.1231
71.0205	14.0000	3.7417
71.0348	25.0000	5.0000
71.0490	22.0000	4.6904
71.0633	22.0000	4.6904
71.0775	22.0000	4.6904
71.0918	22.0000	4.6904
71.1060	15.0000	3.8730
71.1203	10.0000	3.1623
71.1346	24.0000	4.8990
71.1488	20.0000	4.4721
71.1631	14.0000	3.7417
71.1773	19.0000	4.3589
71.1916	18.0000	4.2426
71.2059	18.0000	4.2426
71.2201	19.0000	4.3589
71.2344	25.0000	5.0000
71.2486	9.0000	3.0000
71.2629	19.0000	4.3589
71.2772	20.0000	4.4721
71.2914	25.0000	5.0000
71.3057	18.0000	4.2426
71.3199	14.0000	3.7417
71.3342	16.0000	4.0000
71.3485	20.0000	4.4721
71.3627	21.0000	4.5826
71.3770	13.0000	3.6056
71.3912	20.0000	4.4721
71.4055	18.0000	4.2426
71.4198	17.0000	4.1231
71.4340	23.0000	4.7958
71.4483	14.0000	3.7417
71.4625	24.0000	4.8990
71.4768	22.0000	4.6904
71.4911	14.0000	3.7417
71.5053	18.0000	4.2426
71.5196	16.0000	4.0000
71.5338	25.0000	5.0000
71.5481	15.0000	3.8730
71.5624	19.0000	4.3589
71.5766	21.0000	4.5826
71.5909	21.0000	4.5826
71.6051	27.0000	5.1962
71.6194	16.0000	4.0000
71.6336	21.0000	4.5826
71.6479	15.0000	3.8730
71.6622	20.0000	4.4721
71.6764	20.0000	4.4721
71.6907	23.0000	4.7958
71.7049	23.0000	4.7958
71.7192	23.0000	4.7958
71.7335	14.0000	3.7417
71.7477	21.0000	4.5826
71.7620	27.0000	5.1962
71.7762	26.0000	5.0990
71.7905	18.0000	4.2426
71.8048	21.0000	4.5826
71.8190	24.0000	4.8990
71.8333	22.0000	4.6904
71.8475	24.0000	4.8990
71.8618	15.0000	3.8730
71.8761	21.0000	4.5826
71.8903	26.0000	5.0990
71.9046	25.0000	5.0000
71.9188	27.0000	5.1962
71.9331	22.0000	4.6904
71.9474	22.0000	4.6904
71.9616	25.0000	5.0000
71.9759	26.0000	5.0990
71.9901	24.0000	4.8990
72.0044	19.0000	4.3589
72.0187	13.0000	3.6056
72.0329	26.0000	5.0990
72.0472	19.0000	4.3589
72.0614	21.0000	4.5826
72.0757	29.0000	5.3852
72.0900	30.0000	5.4772
72.1042	17.0000	4.1231
72.1185	27.0000	5.1962
72.1327	12.0000	3.4641
72.1470	23.0000	4.7958
72.1613	14.0000	3.7417
72.1755	20.0000	4.4721
72.1898	18.0000	4.2426
72.2040	18.0000	4.2426
72.2183	13.0000	3.6056
72.2325	14.0000	3.7417
72.2468	13.0000	3.6056
72.2611	16.0000	4.0000
72.2753	11.0000	3.3166
72.2896	15.0000	3.8730
72.3038	16.0000	4.0000
72.3181	14.0000	3.7417
72.3324	18.0000	4.2426
72.3466	12.0000	3.4641
72.3609	16.0000	4.0000
72.3751	16.0000	4.0000
72.3894	15.0000	3.8730
72.4037	20.0000	4.4721
72.4179	18.0000	4.2426
72.4322	16.0000	4.0000
72.4464	14.0000	3.7417
72.4607	23.0000	4.7958
72.4750	16.0000	4.0000
72.4892	15.0000	3.8730
72.5035	19.0000	4.3589
72.5177	15.0000	3.8730
72.5320	19.0000	4.3589
72.5463	20.0000	4.4721
72.5605	21.0000	4.5826
72.5748	22.0000	4.6904
72.5890	19.0000	4.3589
72.6033	16.0000	4.0000
72.6176	19.0000	4.3589
72.6318	17.0000	4.1231
72.6461	25.0000	5.0000
72.6603	19.0000	4.3589
72.6746	16.0000	4.0000
72.6889	19.0000	4.3589
72.7031	15.0000	3.8730
72.7174	18.0000	4.2426
72.7316	21.0000	4.5826
72.7459	19.0000	4.3589
72.7602	10.0000	3.1623
72.7744	18.0000	4.2426
72.7887	21.0000	4.5826
72.8029	20.0000	4.4721
72.8172	23.0000	4.7958
72.8314	16.0000	4.0000
72.8457	21.0000	4.5826
72.8600	16.0000	4.0000
72.8742	14.0000	3.7417
72.8885	15.0000	3.8730
72.9027	17.0000	4.1231
72.9170	20.0000	4.4721
72.9313	17.0000	4.1231
72.9455	17.0000	4.1231
72.9598	19.0000	4.3589
72.9740	21.0000	4.5826
72.9883	15.0000	3.8730
73.0026	16.0000	4.0000
73.0168	22.0000	4.6904
73.0311	19.0000	4.3589
73.0453	14.0000	3.7417
73.0596	12.0000	3.4641
73.0739	11.0000	3.3166
73.0881	15.0000	3.8730
73.1024	12.0000	3.4641
73.1166	21.0000	4.5826
73.1309	12.0000	3.4641
73.1452	17.0000	4.1231
73.1594	21.0000	4.5826
73.1737	19.0000	4.3589
73.1879	21.0000	4.5826
73.2022	20.0000	4.4721
73.2165	22.0000	4.6904
73.2307	17.0000	4.1231
73.2450	20.0000	4.4721
73.2592	17.0000	4.1231
73.2735	23.0000	4.7958
73.2878	17.0000	4.1231
73.3020	17.0000	4.1231
73.3163	30.0000	5.4772
73.3305	16.0000	4.0000
73.3448	17.0000	4.1231
73.3590	12.0000	3.4641
73.3733	13.0000	3.6056
73.3876	25.0000	5.0000
73.4018	20.0000	4.4721
73.4161	11.0000	3.3166
73.4303	16.0000	4.0000
73.4446	24.0000	4.8990
73.4589	14.0000	3.7417
73.4731	29.0000	5.3852
73.4874	13.0000	3.6056
73.5016	16.0000	4.0000
73.5159	18.0000	4.2426
73.5302	13.0000	3.6056
73.5444	21.0000	4.5826
73.5587	19.0000	4.3589
73.5729	15.0000	3.8730
73.5872	14.0000	3.7417
73.6015	17.0000	4.1231
73.6157	32.0000	5.6569
73.6300	19.0000	4.3589
73.6442	13.0000	3.6056
73.6585	15.0000	3.8730
73.6728	24.0000	4.8990
73.6870	16.0000	4.0000
73.7013	23.0000	4.7958
73.7155	17.0000	4.1231
73.7298	21.0000	4.5826
73.7441	13.0000	3.6056
73.7583	21.0000	4.5826
73.7726	19.0000	4.3589
73.7868	12.0000	3.4641
73.8011	20.0000	4.4721
73.8154	11.0000	3.3166
73.8296	22.0000	4.6904
73.8439	19.0000	4.3589
73.8581	23.0000	4.7958
73.8724	18.0000	4.2426
73.8867	19.0000	4.3589
73.9009	25.0000	5.0000
73.9152	26.0000	5.0990
73.9294	15.0000	3.8730
73.9437	20.0000	4.4721
73.9579	21.0000	4.5826
73.9722	20.0000	4.4721
73.9865	22.0000	4.6904
74.0007	20.0000	4.4721
74.0150	26.0000	5.0990
74.0292	18.0000	4.2426
74.0435	15.0000	3.8730
74.0578	16.0000	4.0000
74.0720	19.0000	4.3589
74.0863	19.0000	4.3589
74.1005	18.0000	4.2426
74.1148	19.0000	4.3589
74.1291	21.0000	4.5826
74.1433	31.0000	5.5678
74.1576	25.0000	5.0000
74.1718	29.0000	5.3852
74.1861	15.0000	3.8730
74.2004	24.0000	4.8990
74.2146	20.0000	4.4721
74.2289	24.0000	4.8990
74.2431	26.0000	5.0990
74.2574	34.0000	5.8310
74.2717	35.0000	5.9161
74.2859	25.0000	5.0000
74.3002	17.0000	4.1231
74.3144	23.0000	4.7958
74.3287	20.0000	4.4721
74.3430	27.0000	5.1962
74.3572	21.0000	4.5826
74.3715	25.0000	5.0000
74.3857	22.0000	4.6904
74.4000	40.0000	6.3246
74.4143	24.0000	4.8990
74.4285	32.0000	5.6569
74.4428	34.0000	5.8310
74.4570	27.0000	5.1962
74.4713	31.0000	5.5678
74.4855	43.0000	6.5574
74.4998	53.0000	7.2801
74.5141	36.0000	6.0000
74.5283	33.0000	5.7446
74.5426	37.0000	6.0828
74.5568	46.0000	6.7823
74.5711	36.0000	6.0000
74.5854	37.0000	6.0828
74.5996	44.0000	6.6332
74.6139	39.0000	6.2450
74.6281	48.0000	6.9282
74.6424	39.0000	6.2450
74.6567	44.0000	6.6332
74.6709	45.0000	6.7082
74.6852	26.0000	5.0990
74.6994	45.0000	6.7082
74.7137	31.0000	5.5678
74.7280	36.0000	6.0000
74.7422	39.0000	6.2450
74.7565	50.0000	7.0711
74.7707	33.0000	5.7446
74.7850	30.0000	5.4772
74.7993	29.0000	5.3852
74.8135	34.0000	5.8310
74.8278	44.0000	6.6332
74.8420	28.0000	5.2915
74.8563	43.0000	6.5574
74.8706	37.0000	6.0828
74.8848	25.0000	5.0000
74.8991	27.0000	5.1962
74.9133	24.0000	4.8990
74.9276	23.0000	4.7958
74.9419	31.0000	5.5678
74.9561	22.0000	4.6904
74.9704	32.0000	5.6569
74.9846	31.0000	5.5678
74.9989	15.0000	3.8730
75.0132	21.0000	4.5826
75.0274	30.0000	5.4772
75.0417	25.0000	5.0000
75.0559	20.0000	4.4721
75.0702	25.0000	5.0000
75.0844	20.0000	4.4721
75.0987	25.0000	5.0000
75.1130	23.0000	4.7958
75.1272	21.0000	4.5826
75.1415	14.0000	3.7417
75.1557	19.0000	4.3589
75.1700	23.0000	4.7958
75.1843	20.0000	4.4721
75.1985	19.0000	4.3589
75.2128	23.0000	4.7958
75.2270	17.0000	4.1231
75.2413	20.0000	4.4721
75.2556	16.0000	4.0000
75.2698	21.0000	4.5826
75.2841	21.0000	4.5826
75.2983	18.0000	4.2426
75.3126	19.0000	4.3589
75.3269	20.0000	4.4721
75.3411	22.0000	4.6904
75.3554	16.0000	4.0000
75.3696	17.0000	4.1231
75.3839	18.0000	4.2426
75.3982	19.0000	4.3589
75.4124	22.0000	4.6904
75.4267	21.0000	4.5826
75.4409	18.0000	4.2426
75.4552	15.0000	3.8730
75.4695	18.0000	4.2426
75.4837	28.0000	5.2915
75.4980	26.0000	5.0990
75.5122	12.0000	3.4641
75.5265	17.0000	4.1231
75.5408	25.0000	5.0000
75.5550	25.0000	5.0000
75.5693	32.0000	5.6569
75.5835	36.0000	6.0000
75.5978	21.0000	4.5826
75.6121	25.0000	5.0000
75.6263	23.0000	4.7958
75.6406	20.0000	4.4721
75.6548	21.0000	4.5826
75.6691	26.0000	5.0990
75.6833	20.0000	4.4721
75.6976	20.0000	4.4721
75.7119	16.0000	4.0000
75.7261	24.0000	4.8990
75.7404	25.0000	5.0000
75.7546	22.0000	4.6904
75.7689	17.0000	4.1231
75.7832	17.0000	4.1231
75.7974	27.0000	5.1962
75.8117	27.0000	5.1962
75.8259	21.0000	4.5826
75.8402	21.0000	4.5826
75.8545	22.0000	4.6904
75.8687	21.0000	4.5826
75.8830	34.0000	5.8310
75.8972	26.0000	5.0990
75.9115	25.0000	5.0000
75.9258	22.0000	4.6904
75.9400	30.0000	5.4772
75.9543	28.0000	5.2915
75.9685	24.0000	4.8990
75.9828	22.0000	4.6904
75.9971	27.0000	5.1962
76.0113	25.0000	5.0000
76.0256	22.0000	4.6904
76.0398	25.0000	5.0000
76.0541	20.0000	4.4721
76.0684	27.0000	5.1962
76.0826	22.0000	4.6904
76.0969	16.0000	4.0000
76.1111	26.0000	5.0990
76.1254	23.0000	4.7958
76.1397	21.0000	4.5826
76.1539	23.0000	4.7958
76.1682	14.0000	3.7417
76.1824	19.0000	4.3589
76.1967	14.0000	3.7417
76.2109	19.0000	4.3589
76.2252	19.0000	4.3589
76.2395	15.0000	3.8730
76.2537	20.0000	4.4721
76.2680	24.0000	4.8990
76.2822	20.0000	4.4721
76.2965	27.0000	5.1962
76.3108	11.0000	3.3166
76.3250	18.0000	4.2426
76.3393	19.0000	4.3589
76.3535	20.0000	4.4721
76.3678	14.0000	3.7417
76.3821	22.0000	4.6904
76.3963	17.0000	4.1231
76.4106	24.0000	4.8990
76.4248	12.0000	3.4641
76.4391	13.0000	3.6056
76.4534	14.0000	3.7417
76.4676	21.0000	4.5826
76.4819	10.0000	3.1623
76.4961	19.0000	4.3589
76.5104	14.0000	3.7417
76.5247	19.0000	4.3589
76.5389	14.0000	3.7417
76.5532	10.0000	3.1623
76.5674	13.0000	3.6056
76.5817	23.0000	4.7958
76.5960	14.0000	3.7417
76.6102	15.0000	3.8730
76.6245	19.0000	4.3589
76.6387	21.0000	4.5826
76.6530	17.0000	4.1231
76.6673	15.0000	3.8730
76.6815	12.0000	3.4641
76.6958	12.0000	3.4641
76.7100	14.0000	3.7417
76.7243	18.0000	4.2426
76.7386	19.0000	4.3589
76.7528	13.0000	3.6056
76.7671	15.0000	3.8730
76.7813	11.0000	3.3166
76.7956	12.0000	3.4641
76.8098	19.0000	4.3589
76.8241	14.0000	3.7417
76.8384	13.0000	3.6056
76.8526	13.0000	3.6056
76.8669	15.0000	3.8730
76.8811	10.0000	3.1623
76.8954	11.0000	3.3166
76.9097	16.0000	4.0000
76.9239	22.0000	4.6904
76.9382	11.0000	3.3166
76.9524	15.0000	3.8730
76.9667	13.0000	3.6056
76.9810	12.0000	3.4641
76.9952	7.0000	2.6458
77.0095	15.0000	3.8730
77.0237	9.0000	3.0000
77.0380	21.0000	4.5826
77.0523	14.0000	3.7417
77.0665	11.0000	3.3166
77.0808	17.0000	4.1231
77.0950	15.0000	3.8730
77.1093	13.0000	3.6056
77.1236	21.0000	4.5826
77.1378	12.0000	3.4641
77.1521	19.0000	4.3589
77.1663	11.0000	3.3166
77.1806	10.0000	3.1623
77.1949	15.0000	3.8730
77.2091	17.0000	4.1231
77.2234	11.0000	3.3166
77.2376	15.0000	3.8730
77.2519	13.0000	3.6056
77.2662	15.0000	3.8730
77.2804	12.0000	3.4641
77.2947	13.0000	3.6056
77.3089	15.0000	3.8730
77.3232	21.0000	4.5826
77.3374	25.0000	5.0000
77.3517	20.0000	4.4721
77.3660	22.0000	4.6904
77.3802	19.0000	4.3589
77.3945	12.0000	3.4641
77.4087	19.0000	4.3589
77.4230	10.0000	3.1623
77.4373	18.0000	4.2426
77.4515	16.0000	4.0000
77.4658	14.0000	3.7417
77.4800	18.0000	4.2426
77.4943	16.0000	4.0000
77.5086	8.0000	2.8284
77.5228	21.0000	4.5826
77.5371	10.0000	3.1623
77.5513	24.0000	4.8990
77.5656	13.0000	3.6056
77.5799	9.0000	3.0000
77.5941	21.0000	4.5826
77.6084	18.0000	4.2426
77.6226	11.0000	3.3166
77.6369	15.0000	3.8730
77.6512	15.0000	3.8730
77.6654	16.0000	4.0000
77.6797	16.0000	4.0000
77.6939	17.0000	4.1231
77.7082	16.0000	4.0000
77.7225	19.0000	4.3589
77.7367	13.0000	3.6056
77.7510	8.0000	2.8284
77.7652	13.0000	3.6056
77.7795	15.0000	3.8730
77.7938	14.0000	3.7417
77.8080	14.0000	3.7417
77.8223	16.0000	4.0000
77.8365	14.0000	3.7417
77.8508	15.0000	3.8730
77.8651	6.0000	2.4495
77.8793	15.0000	3.8730
77.8936	17.0000	4.1231
77.9078	10.0000	3.1623
77.9221	16.0000	4.0000
77.9363	23.0000	4.7958
77.9506	12.0000	3.4641
77.9649	13.0000	3.6056
77.9791	22.0000	4.6904
77.9934	8.0000	2.8284
78.0076	13.0000	3.6056
78.0219	17.0000	4.1231
78.0362	16.0000	4.0000
78.0504	12.0000	3.4641
78.0647	16.0000	4.0000
78.0789	22.0000	4.6904
78.0932	11.0000	3.3166
78.1075	16.0000	4.0000
78.1217	20.0000	4.4721
78.1360	18.0000	4.2426
78.1502	11.0000	3.3166
78.1645	18.0000	4.2426
78.1788	9.0000	3.0000
78.1930	13.0000	3.6056
78.2073	15.0000	3.8730
78.2215	26.0000	5.0990
78.2358	18.0000	4.2426
78.2501	13.0000	3.6056
78.2643	15.0000	3.8730
78.2786	12.0000	3.4641
78.2928	19.0000	4.3589
78.3071	20.0000	4.4721
78.3214	14.0000	3.7417
78.3356	16.0000	4.0000
78.3499	10.0000	3.1623
78.3641	17.0000	4.1231
78.3784	17.0000	4.1231
78.3927	20.0000	4.4721
78.4069	8.0000	2.8284
78.4212	16.0000	4.0000
78.4354	11.0000	3.3166
78.4497	18.0000	4.2426
78.4640	10.0000	3.1623
78.4782	13.0000	3.6056
78.4925	11.0000	3.3166
78.5067	14.0000	3.7417
78.5210	11.0000	3.3166
78.5352	18.0000	4.2426
78.5495	13.0000	3.6056
78.5638	15.0000	3.8730
78.5780	11.0000	3.3166
78.5923	17.0000	4.1231
78.6065	18.0000	4.2426
78.6208	18.0000	4.2426
78.6351	13.0000	3.6056
78.6493	17.0000	4.1231
78.6636	11.0000	3.3166
78.6778	15.0000	3.8730
78.6921	14.0000	3.7417
78.7064	10.0000	3.1623
78.7206	16.0000	4.0000
78.7349	9.0000	3.0000
78.7491	11.0000	3.3166
78.7634	16.0000	4.0000
78.7777	11.0000	3.3166
78.7919	13.0000	3.6056
78.8062	7.0000	2.6458
78.8204	11.0000	3.3166
78.8347	15.0000	3.8730
78.8490	14.0000	3.7417
78.8632	14.0000	3.7417
78.8775	19.0000	4.3589
78.8917	11.0000	3.3166
78.9060	15.0000	3.8730
78.9203	15.0000	3.8730
78.9345	19.0000	4.3589
78.9488	14.0000	3.7417
78.9630	14.0000	3.7417
78.9773	14.0000	3.7417
78.9916	18.0000	4.2426
79.0058	12.0000	3.4641
79.0201	18.0000	4.2426
79.0343	14.0000	3.7417
79.0486	12.0000	3.4641
79.0628	17.0000	4.1231
79.0771	16.0000	4.0000
79.0914	11.0000	3.3166
79.1056	19.0000	4.3589
79.1199	12.0000	3.4641
79.1341	21.0000	4.5826
79.1484	19.0000	4.3589
79.1627	19.0000	4.3589
79.1769	13.0000	3.6056
79.1912	14.0000	3.7417
79.2054	24.0000	4.8990
79.2197	17.0000	4.1231
79.2340	26.0000	5.0990
79.2482	25.0000	5.0000
79.2625	19.0000	4.3589
79.2767	13.0000	3.6056
79.2910	15.0000	3.8730
79.3053	13.0000	3.6056
79.3195	13.0000	3.6056
79.3338	16.0000	4.0000
79.3480	9.0000	3.0000
79.3623	13.0000	3.6056
79.3766	16.0000	4.0000
79.3908	11.0000	3.3166
79.4051	20.0000	4.4721
79.4193	10.0000	3.1623
79.4336	23.0000	4.7958
79.4479	20.0000	4.4721
79.4621	14.0000	3.7417
79.4764	13.0000	3.6056
79.4906	9.0000	3.0000
79.5049	10.0000	3.1623
79.5192	23.0000	4.7958
79.5334	19.0000	4.3589
79.5477	17.0000	4.1231
79.5619	13.0000	3.6056
79.5762	9.0000	3.0000
79.5905	12.0000	3.4641
79.6047	17.0000	4.1231
79.6190	16.0000	4.0000
79.6332	17.0000	4.1231
79.6475	13.0000	3.6056
79.6617	17.0000	4.1231
79.6760	14.0000	3.7417
79.6903	16.0000	4.0000
79.7045	14.0000	3.7417
79.7188	11.0000	3.3166
79.7330	19.0000	4.3589
79.7473	12.0000	3.4641
79.7616	8.0000	2.8284
79.7758	26.0000	5.0990
79.7901	12.0000	3.4641
79.8043	16.0000	4.0000
79.8186	14.0000	3.7417
79.8329	18.0000	4.2426
79.8471	17.0000	4.1231
79.8614	12.0000	3.4641
79.8756	19.0000	4.3589
79.8899	12.0000	3.4641
79.9042	22.0000	4.6904
79.9184	20.0000	4.4721
79.9327	12.0000	3.4641
79.9469	10.0000	3.1623
79.9612	16.0000	4.0000
79.9755	15.0000	3.8730
79.9897	8.0000	2.8284
80.0040	15.0000	3.8730
80.0182	24.0000	4.8990
80.0325	20.0000	4.4721
80.0468	22.0000	4.6904
80.0610	19.0000	4.3589
80.0753	17.0000	4.1231
80.0895	12.0000	3.4641
80.1038	21.0000	4.5826
80.1181	16.0000	4.0000
80.1323	13.0000	3.6056
80.1466	19.0000	4.3589
80.1608	19.0000	4.3589
80.1751	19.0000	4.3589
80.1893	16.0000	4.0000
80.2036	16.0000	4.0000
80.2179	10.0000	3.1623
80.2321	15.0000	3.8730
80.2464	20.0000	4.4721
80.2606	12.0000	3.4641
80.2749	14.0000	3.7417
80.2892	10.0000	3.1623
80.3034	7.0000	2.6458
80.3177	14.0000	3.7417
80.3319	17.0000	4.1231
80.3462	22.0000	4.6904
80.3605	18.0000	4.2426
80.3747	15.0000	3.8730
80.3890	23.0000	4.7958
80.4032	9.0000	3.0000
80.4175	20.0000	4.4721
80.4318	15.0000	3.8730
80.4460	11.0000	3.3166
80.4603	16.0000	4.0000
80.4745	13.0000	3.6056
80.4888	13.0000	3.6056
80.5031	23.0000	4.7958
80.5173	17.0000	4.1231
80.5316	12.0000	3.4641
80.5458	22.0000	4.6904
80.5601	18.0000	4.2426
80.5744	17.0000	4.1231
80.5886	15.0000	3.8730
80.6029	9.0000	3.0000
80.6171	25.0000	5.0000
80.6314	16.0000	4.0000
80.6457	16.0000	4.0000
80.6599	13.0000	3.6056
80.6742	20.0000	4.4721
80.6884	13.0000	3.6056
80.7027	18.0000	4.2426
80.7170	15.0000	3.8730
80.7312	13.0000	3.6056
80.7455	15.0000	3.8730
80.7597	16.0000	4.0000
80.7740	20.0000	4.4721
80.7882	22.0000	4.6904
80.8025	11.0000	3.3166
80.8168	11.0000	3.3166
80.8310	21.0000	4.5826
80.8453	16.0000	4.0000
80.8595	17.0000	4.1231
80.8738	25.0000	5.0000
80.8881	17.0000	4.1231
80.9023	19.0000	4.3589
80.9166	16.0000	4.0000
80.9308	19.0000	4.3589
80.9451	14.0000	3.7417
80.9594	10.0000	3.1623
80.9736	14.0000	3.7417
80.9879	19.0000	4.3589
81.0021	17.0000	4.1231
81.0164	13.0000	3.6056
81.0307	15.0000	3.8730
81.0449	21.0000	4.5826
81.0592	21.0000	4.5826
81.0734	15.0000	3.8730
81.0877	11.0000	3.3166
81.1020	25.0000	5.0000
81.1162	17.0000	4.1231
81.1305	20.0000	4.4721
81.1447	17.0000	4.1231
81.1590	17.0000	4.1231
81.1733	15.0000	3.8730
81.1875	20.0000	4.4721
81.2018	22.0000	4.6904
81.2160	25.0000	5.0000
81.2303	20.0000	4.4721
81.2446	16.0000	4.0000
81.2588	16.0000	4.0000
81.2731	17.0000	4.1231
81.2873	10.0000	3.1623
81.3016	15.0000	3.8730
81.3159	13.0000	3.6056
81.3301	17.0000	4.1231
81.3444	16.0000	4.0000
81.3586	17.0000	4.1231
81.3729	15.0000	3.8730
81.3871	15.0000	3.8730
81.4014	20.0000	4.4721
81.4157	20.0000	4.4721
81.4299	12.0000	3.4641
81.4442	8.0000	2.8284
81.4584	10.0000	3.1623
81.4727	24.0000	4.8990
81.4870	18.0000	4.2426
81.5012	12.0000	3.4641
81.5155	18.0000	4.2426
81.5297	14.0000	3.7417
81.5440	15.0000	3.8730
81.5583	18.0000	4.2426
81.5725	22.0000	4.6904
81.5868	12.0000	3.4641
81.6010	18.0000	4.2426
81.6153	23.0000	4.7958
81.6296	19.0000	4.3589
81.6438	20.0000	4.4721
81.6581	25.0000	5.0000
81.6723	24.0000	4.8990
81.6866	34.0000	5.8310
81.7009	30.0000	5.4772
81.7151	26.0000	5.0990
81.7294	35.0000	5.9161
81.7436	23.0000	4.7958
81.7579	23.0000	4.7958
81.7722	32.0000	5.6569
81.7864	31.0000	5.5678
81.8007	18.0000	4.2426
81.8149	28.0000	5.2915
81.8292	22.0000	4.6904
81.8435	17.0000	4.1231
81.8577	24.0000	4.8990
81.8720	32.0000	5.6569
81.8862	34.0000	5.8310
81.9005	30.0000	5.4772
81.9147	27.0000	5.1962
81.9290	20.0000	4.4721
81.9433	30.0000	5.4772
81.9575	38.0000	6.1644
81.9718	24.0000	4.8990
81.9860	26.0000	5.0990
82.0003	23.0000	4.7958
82.0146	31.0000	5.5678
82.0288	28.0000	5.2915
82.0431	26.0000	5.0990
82.0573	31.0000	5.5678
82.0716	22.0000	4.6904
82.0859	26.0000	5.0990
82.1001	26.0000	5.0990
82.1144	20.0000	4.4721
82.1286	25.0000	5.0000
82.1429	23.0000	4.7958
82.1572	20.0000	4.4721
82.1714	29.0000	5.3852
82.1857	20.0000	4.4721
82.1999	32.0000	5.6569
82.2142	29.0000	5.3852
82.2285	30.0000	5.4772
82.2427	20.0000	4.4721
82.2570	25.0000	5.0000
82.2712	21.0000	4.5826
82.2855	23.0000	4.7958
82.2998	27.0000	5.1962
82.3140	19.0000	4.3589
82.3283	26.0000	5.0990
82.3425	28.0000	5.2915
82.3568	28.0000	5.2915
82.3711	31.0000	5.5678
82.3853	25.0000	5.0000
82.3996	23.0000	4.7958
82.4138	23.0000	4.7958
82.4281	32.0000	5.6569
82.4424	17.0000	4.1231
82.4566	24.0000	4.8990
82.4709	21.0000	4.5826
82.4851	27.0000	5.1962
82.4994	25.0000	5.0000
82.5136	26.0000	5.0990
82.5279	23.0000	4.7958
82.5422	20.0000	4.4721
82.5564	21.0000	4.5826
82.5707	15.0000	3.8730
82.5849	19.0000	4.3589
82.5992	20.0000	4.4721
82.6135	23.0000	4.7958
82.6277	16.0000	4.0000
82.6420	22.0000	4.6904
82.6562	16.0000	4.0000
82.6705	22.0000	4.6904
82.6848	24.0000	4.8990
82.6990	25.0000	5.0000
82.7133	17.0000	4.1231
82.7275	21.0000	4.5826
82.7418	20.0000	4.4721
82.7561	16.0000	4.0000
82.7703	28.0000	5.2915
82.7846	22.0000	4.6904
82.7988	9.0000	3.0000
82.8131	23.0000	4.7958
82.8274	16.0000	4.0000
82.8416	23.0000	4.7958
82.8559	17.0000	4.1231
82.8701	24.0000	4.8990
82.8844	15.0000	3.8730
82.8987	14.0000	3.7417
82.9129	18.0000	4.2426
82.9272	15.0000	3.8730
82.9414	20.0000	4.4721
82.9557	16.0000	4.0000
82.9700	16.0000	4.0000
82.9842	19.0000	4.3589
82.9985	17.0000	4.1231
83.0127	21.0000	4.5826
83.0270	12.0000	3.4641
83.0412	14.0000	3.7417
83.0555	20.0000	4.4721
83.0698	13.0000	3.6056
83.0840	21.0000	4.5826
83.0983	24.0000	4.8990
83.1125	15.0000	3.8730
83.1268	16.0000	4.0000
83.1411	22.0000	4.6904
83.1553	19.0000	4.3589
83.1696	17.0000	4.1231
83.1838	14.0000	3.7417
83.1981	19.0000	4.3589
83.2124	16.0000	4.0000
83.2266	21.0000	4.5826
83.2409	17.0000	4.1231
83.2551	19.0000	4.3589
83.2694	12.0000	3.4641
83.2837	21.0000	4.5826
83.2979	21.0000	4.5826
83.3122	15.0000	3.8730
83.3264	19.0000	4.3589
83.3407	12.0000	3.4641
83.3550	11.0000	3.3166
83.3692	16.0000	4.0000
83.3835	8.0000	2.8284
83.3977	16.0000	4.0000
83.4120	13.0000	3.6056
83.4263	16.0000	4.0000
83.4405	17.0000	4.1231
83.4548	18.0000	4.2426
83.4690	17.0000	4.1231
83.4833	15.0000	3.8730
83.4976	13.0000	3.6056
83.5118	13.0000	3.6056
83.5261	17.0000	4.1231
83.5403	24.0000	4.8990
83.5546	14.0000	3.7417
83.5689	16.0000	4.0000
83.5831	24.0000	4.8990
83.5974	15.0000	3.8730
83.6116	23.0000	4.7958
83.6259	21.0000	4.5826
83.6401	23.0000	4.7958
83.6544	20.0000	4.4721
83.6687	14.0000	3.7417
83.6829	21.0000	4.5826
83.6972	20.0000	4.4721
83.7114	22.0000	4.6904
83.7257	24.0000	4.8990
83.7400	18.0000	4.2426
83.7542	16.0000	4.0000
83.7685	19.0000	4.3589
83.7827	20.0000	4.4721
83.7970	22.0000	4.6904
83.8113	13.0000	3.6056
83.8255	16.0000	4.0000
83.8398	16.0000	4.0000
83.8540	14.0000	3.7417
83.8683	20.0000	4.4721
83.8826	18.0000	4.2426
83.8968	11.0000	3.3166
83.9111	19.0000	4.3589
83.9253	21.0000	4.5826
83.9396	12.0000	3.4641
83.9539	14.0000	3.7417
83.9681	20.0000	4.4721
83.9824	14.0000	3.7417
83.9966	24.0000	4.8990
84.0109	21.0000	4.5826
84.0252	10.0000	3.1623
84.0394	21.0000	4.5826
84.0537	24.0000	4.8990
84.0679	14.0000	3.7417
84.0822	15.0000	3.8730
84.0965	10.0000	3.1623
84.1107	15.0000	3.8730
84.1250	17.0000	4.1231
84.1392	12.0000	3.4641
84.1535	16.0000	4.0000
84.1678	11.0000	3.3166
84.1820	24.0000	4.8990
84.1963	13.0000	3.6056
84.2105	13.0000	3.6056
84.2248	4.0000	2.0000
84.2390	7.0000	2.6458
84.2533	13.0000	3.6056
84.2676	14.0000	3.7417
84.2818	11.0000	3.3166
84.2961	16.0000	4.0000
84.3103	14.0000	3.7417
84.3246	17.0000	4.1231
84.3389	13.0000	3.6056
84.3531	10.0000	3.1623
84.3674	13.0000	3.6056
84.3816	9.0000	3.0000
84.3959	19.0000	4.3589
84.4102	14.0000	3.7417
84.4244	19.0000	4.3589
84.4387	14.0000	3.7417
84.4529	7.0000	2.6458
84.4672	14.0000	3.7417
84.4815	11.0000	3.3166
84.4957	7.0000	2.6458
84.5100	17.0000	4.1231
84.5242	10.0000	3.1623
84.5385	12.0000	3.4641
84.5528	11.0000	3.3166
84.5670	12.0000	3.4641
84.5813	15.0000	3.8730
84.5955	12.0000	3.4641
84.6098	14.0000	3.7417
84.6241	8.0000	2.8284
84.6383	18.0000	4.2426
84.6526	15.0000	3.8730
84.6668	19.0000	4.3589
84.6811	18.0000	4.2426
84.6954	15.0000	3.8730
84.7096	23.0000	4.7958
84.7239	17.0000	4.1231
84.7381	23.0000	4.7958
84.7524	12.0000	3.4641
84.7666	10.0000	3.1623
84.7809	17.0000	4.1231
84.7952	8.0000	2.8284
84.8094	13.0000	3.6056
84.8237	12.0000	3.4641
84.8379	16.0000	4.0000
84.8522	10.0000	3.1623
84.8665	13.0000	3.6056
84.8807	20.0000	4.4721
84.8950	8.0000	2.8284
84.9092	10.0000	3.1623
84.9235	13.0000	3.6056
84.9378	11.0000	3.3166
84.9520	13.0000	3.6056
84.9663	16.0000	4.0000
84.9805	19.0000	4.3589
84.9948	11.0000	3.3166
85.0091	15.0000	3.8730
85.0233	12.0000	3.4641
85.0376	9.0000	3.0000
85.0518	18.0000	4.2426
85.0661	17.0000	4.1231
85.0804	8.0000	2.8284
85.0946	15.0000	3.8730
85.1089	11.0000	3.3166
85.1231	12.0000	3.4641
85.1374	20.0000	4.4721
85.1517	10.0000	3.1623
85.1659	12.0000	3.4641
85.1802	14.0000	3.7417
85.1944	13.0000	3.6056
85.2087	17.0000	4.1231
85.2230	14.0000	3.7417
85.2372	14.0000	3.7417
85.2515	7.0000	2.6458
85.2657	12.0000	3.4641
85.2800	9.0000	3.0000
85.2943	16.0000	4.0000
85.3085	13.0000	3.6056
85.3228	15.0000	3.8730
85.3370	8.0000	2.8284
85.3513	2.0000	1.4142
85.3655	18.0000	4.2426
85.3798	15.0000	3.8730
85.3941	20.0000	4.4721
85.4083	13.0000	3.6056
85.4226	12.0000	3.4641
85.4368	12.0000	3.4641
85.4511	9.0000	3.0000
85.4654	18.0000	4.2426
85.4796	15.0000	3.8730
85.4939	12.0000	3.4641
85.5081	11.0000	3.3166
85.5224	8.0000	2.8284
85.5367	8.0000	2.8284
85.5509	7.0000	2.6458
85.5652	15.0000	3.8730
85.5794	11.0000	3.3166
85.5937	12.0000	3.4641
85.6080	13.0000	3.6056
85.6222	17.0000	4.1231
85.6365	13.0000	3.6056
85.6507	19.0000	4.3589
85.6650	8.0000	2.8284
85.6793	13.0000	3.6056
85.6935	9.0000	3.0000
85.7078	12.0000	3.4641
85.7220	10.0000	3.1623
85.7363	9.0000	3.0000
85.7506	14.0000	3.7417
85.7648	20.0000	4.4721
85.7791	9.0000	3.0000
85.7933	19.0000	4.3589
85.8076	19.0000	4.3589
85.8219	22.0000	4.6904
85.8361	17.0000	4.1231
85.8504	14.0000	3.7417
85.8646	15.0000	3.8730
85.8789	12.0000	3.4641
85.8931	13.0000	3.6056
85.9074	14.0000	3.7417
85.9217	10.0000	3.1623
85.9359	14.0000	3.7417
85.9502	13.0000	3.6056
85.9644	16.0000	4.0000
85.9787	14.0000	3.7417
85.9930	12.0000	3.4641
86.0072	14.0000	3.7417
86.0215	12.0000	3.4641
86.0357	12.0000	3.4641
86.0500	15.0000	3.8730
86.0643	13.0000	3.6056
86.0785	12.0000	3.4641
86.0928	11.0000	3.3166
86.1070	19.0000	4.3589
86.1213	6.0000	2.4495
86.1356	14.0000	3.7417
86.1498	18.0000	4.2426
86.1641	15.0000	3.8730
86.1783	12.0000	3.4641
86.1926	16.0000	4.0000
86.2069	11.0000	3.3166
86.2211	14.0000	3.7417
86.2354	11.0000	3.3166
86.2496	17.0000	4.1231
86.2639	10.0000	3.1623
86.2782	7.0000	2.6458
86.2924	15.0000	3.8730
86.3067	19.0000	4.3589
86.3209	10.0000	3.1623
86.3352	12.0000	3.4641
86.3495	13.0000	3.6056
86.3637	12.0000	3.4641
86.3780	7.0000	2.6458
86.3922	13.0000	3.6056
86.4065	14.0000	3.7417
86.4208	18.0000	4.2426
86.4350	12.0000	3.4641
86.4493	6.0000	2.4495
86.4635	11.0000	3.3166
86.4778	14.0000	3.7417
86.4920	14.0000	3.7417
86.5063	6.0000	2.4495
86.5206	8.0000	2.8284
86.5348	15.0000	3.8730
86.5491	9.0000	3.0000
86.5633	7.0000	2.6458
86.5776	6.0000	2.4495
86.5919	11.0000	3.3166
86.6061	14.0000	3.7417
86.6204	12.0000	3.4641
86.6346	12.0000	3.4641
86.6489	14.0000	3.7417
86.6632	17.0000	4.1231
86.6774	14.0000	3.7417
86.6917	19.0000	4.3589
86.7059	19.0000	4.3589
86.7202	13.0000	3.6056
86.7345	8.0000	2.8284
86.7487	18.0000	4.2426
86.7630	10.0000	3.1623
86.7772	17.0000	4.1231
86.7915	9.0000	3.0000
86.8058	26.0000	5.0990
86.8200	19.0000	4.3589
86.8343	13.0000	3.6056
86.8485	19.0000	4.3589
86.8628	19.0000	4.3589
86.8771	14.0000	3.7417
86.8913	23.0000	4.7958
86.9056	15.0000	3.8730
86.9198	14.0000	3.7417
86.9341	15.0000	3.8730
86.9484	16.0000	4.0000
86.9626	14.0000	3.7417
86.9769	15.0000	3.8730
86.9911	10.0000	3.1623
87.0054	8.0000	2.8284
87.0197	5.0000	2.2361
87.0339	11.0000	3.3166
87.0482	18.0000	4.2426
87.0624	12.0000	3.4641
87.0767	17.0000	4.1231
87.0909	7.0000	2.6458
87.1052	15.0000	3.8730
87.1195	13.0000	3.6056
87.1337	13.0000	3.6056
87.1480	16.0000	4.0000
87.1622	11.0000	3.3166
87.1765	15.0000	3.8730
87.1908	14.0000	3.7417
87.2050	9.0000	3.0000
87.2193	12.0000	3.4641
87.2335	19.0000	4.3589
87.2478	18.0000	4.2426
87.2621	11.0000	3.3166
87.2763	11.0000	3.3166
87.2906	11.0000	3.3166
87.3048	9.0000	3.0000
87.3191	14.0000	3.7417
87.3334	19.0000	4.3589
87.3476	19.0000	4.3589
87.3619	13.0000	3.6056
87.3761	11.0000	3.3166
87.3904	14.0000	3.7417
87.4047	11.0000	3.3166
87.4189	15.0000	3.8730
87.4332	19.0000	4.3589
87.4474	19.0000	4.3589
87.4617	12.0000	3.4641
87.4760	12.0000	3.4641
87.4902	10.0000	3.1623
87.5045	10.0000	3.1623
87.5187	14.0000	3.7417
87.5330	18.0000	4.2426
87.5473	16.0000	4.0000
87.5615	17.0000	4.1231
87.5758	17.0000	4.1231
87.5900	11.0000	3.3166
87.6043	13.0000	3.6056
87.6185	10.0000	3.1623
87.6328	19.0000	4.3589
87.6471	10.0000	3.1623
87.6613	7.0000	2.6458
87.6756	19.0000	4.3589
87.6898	12.0000	3.4641
87.7041	13.0000	3.6056
87.7184	14.0000	3.7417
87.7326	9.0000	3.0000
87.7469	11.0000	3.3166
87.7611	12.0000	3.4641
87.7754	6.0000	2.4495
87.7897	11.0000	3.3166
87.8039	12.0000	3.4641
87.8182	12.0000	3.4641
87.8324	12.0000	3.4641
87.8467	15.0000	3.8730
87.8610	14.0000	3.7417
87.8752	10.0000	3.1623
87.8895	14.0000	3.7417
87.9037	18.0000	4.2426
87.9180	8.0000	2.8284
87.9323	24.0000	4.8990
87.9465	21.0000	4.5826
87.9608	17.0000	4.1231
87.9750	23.0000	4.7958
87.9893	15.0000	3.8730
88.0036	9.0000	3.0000
88.0178	6.0000	2.4495
88.0321	17.0000	4.1231
88.0463	10.0000	3.1623
88.0606	18.0000	4.2426
88.0749	14.0000	3.7417
88.0891	8.0000	2.8284
88.1034	16.0000	4.0000
88.1176	17.0000	4.1231
88.1319	17.0000	4.1231
88.1462	16.0000	4.0000
88.1604	11.0000	3.3166
88.1747	17.0000	4.1231
88.1889	16.0000	4.0000
88.2032	10.0000	3.1623
88.2174	17.0000	4.1231
88.2317	12.0000	3.4641
88.2460	18.0000	4.2426
88.2602	9.0000	3.0000
88.2745	22.0000	4.6904
88.2887	9.0000	3.0000
88.3030	13.0000	3.6056
88.3173	11.0000	3.3166
88.3315	16.0000	4.0000
88.3458	15.0000	3.8730
88.3600	13.0000	3.6056
88.3743	10.0000	3.1623
88.3886	16.0000	4.0000
88.4028	15.0000	3.8730
88.4171	11.0000	3.3166
88.4313	14.0000	3.7417
88.4456	18.0000	4.2426
88.4599	16.0000	4.0000
88.4741	15.0000	3.8730
88.4884	19.0000	4.3589
88.5026	12.0000	3.4641
88.5169	15.0000	3.8730
88.5312	19.0000	4.3589
88.5454	16.0000	4.0000
88.5597	11.0000	3.3166
88.5739	16.0000	4.0000
88.5882	9.0000	3.0000
88.6025	13.0000	3.6056
88.6167	12.0000	3.4641
88.6310	16.0000	4.0000
88.6452	16.0000	4.0000
88.6595	20.0000	4.4721
88.6738	16.0000	4.0000
88.6880	25.0000	5.0000
88.7023	27.0000	5.1962
88.7165	28.0000	5.2915
88.7308	18.0000	4.2426
88.7450	19.0000	4.3589
88.7593	34.0000	5.8310
88.7736	30.0000	5.4772
88.7878	28.0000	5.2915
88.8021	33.0000	5.7446
88.8163	22.0000	4.6904
88.8306	17.0000	4.1231
88.8449	25.0000	5.0000
88.8591	33.0000	5.7446
88.8734	31.0000	5.5678
88.8876	22.0000	4.6904
88.9019	26.0000	5.0990
88.9162	42.0000	6.4807
88.9304	27.0000	5.1962
88.9447	18.0000	4.2426
88.9589	20.0000	4.4721
88.9732	27.0000	5.1962
88.9875	12.0000	3.4641
89.0017	26.0000	5.0990
89.0160	20.0000	4.4721
89.0302	27.0000	5.1962
89.0445	29.0000	5.3852
89.0588	18.0000	4.2426
89.0730	22.0000	4.6904
89.0873	12.0000	3.4641
89.1015	11.0000	3.3166
89.1158	18.0000	4.2426
89.1301	20.0000	4.4721
89.1443	24.0000	4.8990
89.1586	22.0000	4.6904
89.1728	15.0000	3.8730
89.1871	18.0000	4.2426
89.2014	14.0000	3.7417
89.2156	19.0000	4.3589
89.2299	19.0000	4.3589
89.2441	15.0000	3.8730
89.2584	16.0000	4.0000
89.2727	15.0000	3.8730
89.2869	11.0000	3.3166
89.3012	17.0000	4.1231
89.3154	14.0000	3.7417
89.3297	17.0000	4.1231
89.3439	6.0000	2.4495
89.3582	18.0000	4.2426
89.3725	14.0000	3.7417
89.3867	10.0000	3.1623
89.4010	20.0000	4.4721
89.4152	10.0000	3.1623
89.4295	13.0000	3.6056
89.4438	9.0000	3.0000
89.4580	16.0000	4.0000
89.4723	13.0000	3.6056
89.4865	14.0000	3.7417
89.5008	8.0000	2.8284
89.5151	14.0000	3.7417
89.5293	15.0000	3.8730
89.5436	20.0000	4.4721
89.5578	12.0000	3.4641
89.5721	9.0000	3.0000
89.5864	18.0000	4.2426
89.6006	11.0000	3.3166
89.6149	19.0000	4.3589
89.6291	12.0000	3.4641
89.6434	17.0000	4.1231
89.6577	17.0000	4.1231
89.6719	16.0000	4.0000
89.6862	14.0000	3.7417
89.7004	11.0000	3.3166
89.7147	16.0000	4.0000
89.7290	13.0000	3.6056
89.7432	17.0000	4.1231
89.7575	17.0000	4.1231
89.7717	14.0000	3.7417
89.7860	10.0000	3.1623
89.8003	18.0000	4.2426
89.8145	10.0000	3.1623
89.8288	19.0000	4.3589
89.8430	19.0000	4.3589
89.8573	16.0000	4.0000
89.8716	15.0000	3.8730
89.8858	18.0000	4.2426
89.9001	17.0000	4.1231
89.9143	25.0000	5.0000
89.9286	19.0000	4.3589
89.9428	27.0000	5.1962
89.9571	19.0000	4.3589
89.9714	19.0000	4.3589
89.9856	18.0000	4.2426
89.9999	23.0000	4.7958
90.0141	21.0000	4.5826
90.0284	23.0000	4.7958
90.0427	12.0000	3.4641
90.0569	23.0000	4.7958
90.0712	21.0000	4.5826
90.0854	23.0000	4.7958
90.0997	14.0000	3.7417
90.1140	22.0000	4.6904
90.1282	14.0000	3.7417
90.1425	15.0000	3.8730
90.1567	14.0000	3.7417
90.1710	16.0000	4.0000
90.1853	15.0000	3.8730
90.1995	16.0000	4.0000
90.2138	13.0000	3.6056
90.2280	18.0000	4.2426
90.2423	17.0000	4.1231
90.2566	26.0000	5.0990
90.2708	17.0000	4.1231
90.2851	17.0000	4.1231
90.2993	11.0000	3.3166
90.3136	20.0000	4.4721
90.3279	20.0000	4.4721
90.3421	20.0000	4.4721
90.3564	15.0000	3.8730
90.3706	21.0000	4.5826
90.3849	15.0000	3.8730
90.3992	24.0000	4.8990
90.4134	27.0000	5.1962
90.4277	18.0000	4.2426
90.4419	11.0000	3.3166
90.4562	14.0000	3.7417
90.4704	18.0000	4.2426
90.4847	13.0000	3.6056
90.4990	9.0000	3.0000
90.5132	14.0000	3.7417
90.5275	16.0000	4.0000
90.5417	11.0000	3.3166
90.5560	13.0000	3.6056
90.5703	6.0000	2.4495
90.5845	15.0000	3.8730
90.5988	21.0000	4.5826
90.6130	11.0000	3.3166
90.6273	12.0000	3.4641
90.6416	12.0000	3.4641
90.6558	12.0000	3.4641
90.6701	17.0000	4.1231
90.6843	20.0000	4.4721
90.6986	11.0000	3.3166
90.7129	7.0000	2.6458
90.7271	9.0000	3.0000
90.7414	18.0000	4.2426
90.7556	18.0000	4.2426
90.7699	8.0000	2.8284
90.7842	20.0000	4.4721
90.7984	15.0000	3.8730
90.8127	13.0000	3.6056
90.8269	17.0000	4.1231
90.8412	17.0000	4.1231
90.8555	17.0000	4.1231
90.8697	14.0000	3.7417
90.8840	13.0000	3.6056
90.8982	15.0000	3.8730
90.9125	14.0000	3.7417
90.9268	8.0000	2.8284
90.9410	17.0000	4.1231
90.9553	8.0000	2.8284
90.9695	14.0000	3.7417
90.9838	17.0000	4.1231
90.9981	17.0000	4.1231
91.0123	10.0000	3.1623
91.0266	10.0000	3.1623
91.0408	8.0000	2.8284
91.0551	15.0000	3.8730
91.0693	12.0000	3.4641
91.0836	18.0000	4.2426
91.0979	8.0000	2.8284
91.1121	15.0000	3.8730
91.1264	17.0000	4.1231
91.1406	13.0000	3.6056
91.1549	17.0000	4.1231
91.1692	16.0000	4.0000
91.1834	14.0000	3.7417
91.1977	16.0000	4.0000
91.2119	9.0000	3.0000
91.2262	15.0000	3.8730
91.2405	8.0000	2.8284
91.2547	14.0000	3.7417
91.2690	10.0000	3.1623
91.2832	13.0000	3.6056
91.2975	12.0000	3.4641
91.3118	12.0000	3.4641
91.3260	20.0000	4.4721
91.3403	9.0000	3.0000
91.3545	16.0000	4.0000
91.3688	9.0000	3.0000
91.3831	24.0000	4.8990
91.3973	15.0000	3.8730
91.4116	14.0000	3.7417
91.4258	13.0000	3.6056
91.4401	16.0000	4.0000
91.4544	15.0000	3.8730
91.4686	13.0000	3.6056
91.4829	11.0000	3.3166
91.4971	21.0000	4.5826
91.5114	17.0000	4.1231
91.5257	16.0000	4.0000
91.5399	21.0000	4.5826
91.5542	21.0000	4.5826
91.5684	13.0000	3.6056
91.5827	9.0000	3.0000
91.5969	10.0000	3.1623
91.6112	13.0000	3.6056
91.6255	12.0000	3.4641
91.6397	18.0000	4.2426
91.6540	10.0000	3.1623
91.6682	13.0000	3.6056
91.6825	9.0000	3.0000
91.6968	10.0000	3.1623
91.7110	9.0000	3.0000
91.7253	13.0000	3.6056
91.7395	9.0000	3.0000
91.7538	10.0000	3.1623
91.7681	16.0000	4.0000
91.7823	13.0000	3.6056
91.7966	10.0000	3.1623
91.8108	14.0000	3.7417
91.8251	10.0000	3.1623
91.8394	16.0000	4.0000
91.8536	14.0000	3.7417
91.8679	18.0000	4.2426
91.8821	16.0000	4.0000
91.8964	14.0000	3.7417
91.9107	13.0000	3.6056
91.9249	9.0000	3.0000
91.9392	11.0000	3.3166
91.9534	9.0000	3.0000
91.9677	12.0000	3.4641
91.9820	10.0000	3.1623
91.9962	13.0000	3.6056
92.0105	11.0000	3.3166
92.0247	16.0000	4.0000
92.0390	10.0000	3.1623
92.0533	21.0000	4.5826
92.0675	21.0000	4.5826
92.0818	14.0000	3.7417
92.0960	11.0000	3.3166
92.1103	12.0000	3.4641
92.1246	11.0000	3.3166
92.1388	12.0000	3.4641
92.1531	10.0000	3.1623
92.1673	15.0000	3.8730
92.1816	11.0000	3.3166
92.1958	10.0000	3.1623
92.2101	10.0000	3.1623
92.2244	16.0000	4.0000
92.2386	22.0000	4.6904
92.2529	10.0000	3.1623
92.2671	16.0000	4.0000
92.2814	15.0000	3.8730
92.2957	15.0000	3.8730
92.3099	9.0000	3.0000
92.3242	11.0000	3.3166
92.3384	19.0000	4.3589
92.3527	11.0000	3.3166
92.3670	14.0000	3.7417
92.3812	17.0000	4.1231
92.3955	12.0000	3.4641
92.4097	7.0000	2.6458
92.4240	16.0000	4.0000
92.4383	12.0000	3.4641
92.4525	16.0000	4.0000
92.4668	13.0000	3.6056
92.4810	15.0000	3.8730
92.4953	11.0000	3.3166
92.5096	10.0000	3.1623
92.5238	11.0000	3.3166
92.5381	10.0000	3.1623
92.5523	13.0000	3.6056
92.5666	10.0000	3.1623
92.5809	21.0000	4.5826
92.5951	11.0000	3.3166
92.6094	17.0000	4.1231
92.6236	21.0000	4.5826
92.6379	19.0000	4.3589
92.6522	8.0000	2.8284
92.6664	17.0000	4.1231
92.6807	8.0000	2.8284
92.6949	19.0000	4.3589
92.7092	14.0000	3.7417
92.7235	12.0000	3.4641
92.7377	12.0000	3.4641
92.7520	10.0000	3.1623
92.7662	13.0000	3.6056
92.7805	12.0000	3.4641
92.7947	11.0000	3.3166
92.8090	16.0000	4.0000
92.8233	17.0000	4.1231
92.8375	13.0000	3.6056
92.8518	12.0000	3.4641
92.8660	21.0000	4.5826
92.8803	8.0000	2.8284
92.8946	17.0000	4.1231
92.9088	10.0000	3.1623
92.9231	12.0000	3.4641
92.9373	12.0000	3.4641
92.9516	8.0000	2.8284
92.9659	15.0000	3.8730
92.9801	11.0000	3.3166
92.9944	9.0000	3.0000
93.0086	15.0000	3.8730
93.0229	15.0000	3.8730
93.0372	19.0000	4.3589
93.0514	19.0000	4.3589
93.0657	19.0000	4.3589
93.0799	12.0000	3.4641
93.0942	9.0000	3.0000
93.1085	11.0000	3.3166
93.1227	16.0000	4.0000
93.1370	15.0000	3.8730
93.1512	14.0000	3.7417
93.1655	14.0000	3.7417
93.1798	17.0000	4.1231
93.1940	13.0000	3.6056
93.2083	14.0000	3.7417
93.2225	14.0000	3.7417
93.2368	9.0000	3.0000
93.2511	18.0000	4.2426
93.2653	16.0000	4.0000
93.2796	19.0000	4.3589
93.2938	9.0000	3.0000
93.3081	16.0000	4.0000
93.3223	17.0000	4.1231
93.3366	20.0000	4.4721
93.3509	13.0000	3.6056
93.3651	21.0000	4.5826
93.3794	19.0000	4.3589
93.3936	23.0000	4.7958
93.4079	12.0000	3.4641
93.4222	17.0000	4.1231
93.4364	12.0000	3.4641
93.4507	18.0000	4.2426
93.4649	16.0000	4.0000
93.4792	15.0000	3.8730
93.4935	14.0000	3.7417
93.5077	19.0000	4.3589
93.5220	10.0000	3.1623
93.5362	18.0000	4.2426
93.5505	24.0000	4.8990
93.5648	16.0000	4.0000
93.5790	13.0000	3.6056
93.5933	12.0000	3.4641
93.6075	11.0000	3.3166
93.6218	28.0000	5.2915
93.6361	17.0000	4.1231
93.6503	13.0000	3.6056
93.6646	19.0000	4.3589
93.6788	18.0000	4.2426
93.6931	20.0000	4.4721
93.7074	14.0000	3.7417
93.7216	24.0000	4.8990
93.7359	18.0000	4.2426
93.7501	27.0000	5.1962
93.7644	18.0000	4.2426
93.7787	22.0000	4.6904
93.7929	17.0000	4.1231
93.8072	19.0000	4.3589
93.8214	23.0000	4.7958
93.8357	16.0000	4.0000
93.8500	14.0000	3.7417
93.8642	25.0000	5.0000
93.8785	11.0000	3.3166
93.8927	21.0000	4.5826
93.9070	15.0000	3.8730
93.9212	14.0000	3.7417
93.9355	15.0000	3.8730
93.9498	17.0000	4.1231
93.9640	17.0000	4.1231
93.9783	17.0000	4.1231
93.9925	11.0000	3.3166
94.0068	9.0000	3.0000
94.0211	16.0000	4.0000
94.0353	24.0000	4.8990
94.0496	19.0000	4.3589
94.0638	12.0000	3.4641
94.0781	14.0000	3.7417
94.0924	22.0000	4.6904
94.1066	17.0000	4.1231
94.1209	21.0000	4.5826
94.1351	15.0000	3.8730
94.1494	15.0000	3.8730
94.1637	20.0000	4.4721
94.1779	16.0000	4.0000
94.1922	20.0000	4.4721
94.2064	16.0000	4.0000
94.2207	22.0000	4.6904
94.2350	9.0000	3.0000
94.2492	17.0000	4.1231
94.2635	19.0000	4.3589
94.2777	18.0000	4.2426
94.2920	12.0000	3.4641
94.3063	26.0000	5.0990
94.3205	13.0000	3.6056
94.3348	16.0000	4.0000
94.3490	13.0000	3.6056
94.3633	30.0000	5.4772
94.3776	11.0000	3.3166
94.3918	19.0000	4.3589
94.4061	24.0000	4.8990
94.4203	25.0000	5.0000
94.4346	23.0000	4.7958
94.4488	25.0000	5.0000
94.4631	31.0000	5.5678
94.4774	27.0000	5.1962
94.4916	17.0000	4.1231
94.5059	35.0000	5.9161
94.5201	25.0000	5.0000
94.5344	30.0000	5.4772
94.5487	31.0000	5.5678
94.5629	27.0000	5.1962
94.5772	28.0000	5.2915
94.5914	28.0000	5.2915
94.6057	22.0000	4.6904
94.6200	28.0000	5.2915
94.6342	23.0000	4.7958
94.6485	21.0000	4.5826
94.6627	24.0000	4.8990
94.6770	19.0000	4.3589
94.6913	22.0000	4.6904
94.7055	24.0000	4.8990
94.7198	33.0000	5.7446
94.7340	23.0000	4.7958
94.7483	30.0000	5.4772
94.7626	27.0000	5.1962
94.7768	22.0000	4.6904
94.7911	31.0000	5.5678
94.8053	32.0000	5.6569
94.8196	36.0000	6.0000
94.8339	24.0000	4.8990
94.8481	33.0000	5.7446
94.8624	25.0000	5.0000
94.8766	27.0000	5.1962
94.8909	17.0000	4.1231
94.9052	20.0000	4.4721
94.9194	20.0000	4.4721
94.9337	17.0000	4.1231
94.9479	26.0000	5.0990
94.9622	17.0000	4.1231
94.9765	23.0000	4.7958
94.9907	27.0000	5.1962
95.0050	29.0000	5.3852
95.0192	17.0000	4.1231
95.0335	29.0000	5.3852
95.0477	28.0000	5.2915
95.0620	18.0000	4.2426
95.0763	33.0000	5.7446
95.0905	29.0000	5.3852
95.1048	25.0000	5.0000
95.1190	25.0000	5.0000
95.1333	17.0000	4.1231
95.1476	24.0000	4.8990
95.1618	20.0000	4.4721
95.1761	27.0000	5.1962
95.1903	18.0000	4.2426
95.2046	20.0000	4.4721
95.2189	29.0000	5.3852
95.2331	20.0000	4.4721
95.2474	22.0000	4.6904
95.2616	20.0000	4.4721
95.2759	21.0000	4.5826
95.2902	16.0000	4.0000
95.3044	16.0000	4.0000
95.3187	27.0000	5.1962
95.3329	23.0000	4.7958
95.3472	14.0000	3.7417
95.3615	21.0000	4.5826
95.3757	17.0000	4.1231
95.3900	20.0000	4.4721
95.4042	23.0000	4.7958
95.4185	14.0000	3.7417
95.4328	27.0000	5.1962
95.4470	20.0000	4.4721
95.4613	11.0000	3.3166
95.4755	19.0000	4.3589
95.4898	23.0000	4.7958
95.5041	24.0000	4.8990
95.5183	24.0000	4.8990
95.5326	19.0000	4.3589
95.5468	10.0000	3.1623
95.5611	18.0000	4.2426
95.5754	15.0000	3.8730
95.5896	19.0000	4.3589
95.6039	18.0000	4.2426
95.6181	20.0000	4.4721
95.6324	14.0000	3.7417
95.6466	14.0000	3.7417
95.6609	9.0000	3.0000
95.6752	12.0000	3.4641
95.6894	19.0000	4.3589
95.7037	26.0000	5.0990
95.7179	13.0000	3.6056
95.7322	15.0000	3.8730
95.7465	12.0000	3.4641
95.7607	11.0000	3.3166
95.7750	8.0000	2.8284
95.7892	17.0000	4.1231
95.8035	13.0000	3.6056
95.8178	15.0000	3.8730
95.8320	14.0000	3.7417
95.8463	12.0000	3.4641
95.8605	13.0000	3.6056
95.8748	12.0000	3.4641
95.8891	13.0000	3.6056
95.9033	14.0000	3.7417
95.9176	13.0000	3.6056
95.9318	17.0000	4.1231
95.9461	14.0000	3.7417
95.9604	18.0000	4.2426
95.9746	18.0000	4.2426
95.9889	21.0000	4.5826
96.0031	13.0000	3.6056
96.0174	12.0000	3.4641
96.0317	14.0000	3.7417
96.0459	13.0000	3.6056
96.0602	19.0000	4.3589
96.0744	9.0000	3.0000
96.0887	11.0000	3.3166
96.1030	16.0000	4.0000
96.1172	16.0000	4.0000
96.1315	18.0000	4.2426
96.1457	11.0000	3.3166
96.1600	13.0000	3.6056
96.1742	11.0000	3.3166
96.1885	15.0000	3.8730
96.2028	17.0000	4.1231
96.2170	16.0000	4.0000
96.2313	17.0000	4.1231
96.2455	14.0000	3.7417
96.2598	15.0000	3.8730
96.2741	19.0000	4.3589
96.2883	13.0000	3.6056
96.3026	11.0000	3.3166
96.3168	13.0000	3.6056
96.3311	24.0000	4.8990
96.3454	15.0000	3.8730
96.3596	13.0000	3.6056
96.3739	25.0000	5.0000
96.3881	20.0000	4.4721
96.4024	23.0000	4.7958
96.4167	28.0000	5.2915
96.4309	23.0000	4.7958
96.4452	20.0000	4.4721
96.4594	22.0000	4.6904
96.4737	23.0000	4.7958
96.4880	16.0000	4.0000
96.5022	13.0000	3.6056
96.5165	22.0000	4.6904
96.5307	13.0000	3.6056
96.5450	17.0000	4.1231
96.5593	17.0000	4.1231
96.5735	13.0000	3.6056
96.5878	6.0000	2.4495
96.6020	21.0000	4.5826
96.6163	19.0000	4.3589
96.6306	22.0000	4.6904
96.6448	14.0000	3.7417
96.6591	16.0000	4.0000
96.6733	10.0000	3.1623
96.6876	14.0000	3.7417
96.7019	15.0000	3.8730
96.7161	21.0000	4.5826
96.7304	13.0000	3.6056
96.7446	14.0000	3.7417
96.7589	20.0000	4.4721
96.7731	18.0000	4.2426
96.7874	21.0000	4.5826
96.8017	15.0000	3.8730
96.8159	18.0000	4.2426
96.8302	29.0000	5.3852
96.8444	15.0000	3.8730
96.8587	15.0000	3.8730
96.8730	21.0000	4.5826
96.8872	10.0000	3.1623
96.9015	24.0000	4.8990
96.9157	19.0000	4.3589
96.9300	20.0000	4.4721
96.9443	13.0000	3.6056
96.9585	16.0000	4.0000
96.9728	18.0000	4.2426
96.9870	13.0000	3.6056
97.0013	18.0000	4.2426
97.0156	16.0000	4.0000
97.0298	15.0000	3.8730
97.0441	11.0000	3.3166
97.0583	15.0000	3.8730
97.0726	11.0000	3.3166
97.0869	16.0000	4.0000
97.1011	17.0000	4.1231
97.1154	12.0000	3.4641
97.1296	13.0000	3.6056
97.1439	21.0000	4.5826
97.1582	14.0000	3.7417
97.1724	18.0000	4.2426
97.1867	17.0000	4.1231
97.2009	15.0000	3.8730
97.2152	16.0000	4.0000
97.2295	9.0000	3.0000
97.2437	19.0000	4.3589
97.2580	23.0000	4.7958
97.2722	17.0000	4.1231
97.2865	18.0000	4.2426
97.3007	13.0000	3.6056
97.3150	15.0000	3.8730
97.3293	22.0000	4.6904
97.3435	20.0000	4.4721
97.3578	15.0000	3.8730
97.3720	23.0000	4.7958
97.3863	14.0000	3.7417
97.4006	15.0000	3.8730
97.4148	22.0000	4.6904
97.4291	18.0000	4.2426
97.4433	11.0000	3.3166
97.4576	14.0000	3.7417
97.4719	15.0000	3.8730
97.4861	12.0000	3.4641
97.5004	20.0000	4.4721
97.5146	15.0000	3.8730
97.5289	13.0000	3.6056
97.5432	19.0000	4.3589
97.5574	18.0000	4.2426
97.5717	19.0000	4.3589
97.5859	16.0000	4.0000
97.6002	13.0000	3.6056
97.6145	9.0000	3.0000
97.6287	21.0000	4.5826
97.6430	19.0000	4.3589
97.6572	11.0000	3.3166
97.6715	13.0000	3.6056
97.6858	16.0000	4.0000
97.7000	17.0000	4.1231
97.7143	5.0000	2.2361
97.7285	16.0000	4.0000
97.7428	14.0000	3.7417
97.7571	15.0000	3.8730
97.7713	17.0000	4.1231
97.7856	7.0000	2.6458
97.7998	15.0000	3.8730
97.8141	13.0000	3.6056
97.8284	11.0000	3.3166
97.8426	16.0000	4.0000
97.8569	17.0000	4.1231
97.8711	22.0000	4.6904
97.8854	10.0000	3.1623
97.8996	18.0000	4.2426
97.9139	13.0000	3.6056
97.9282	20.0000	4.4721
97.9424	14.0000	3.7417
97.9567	10.0000	3.1623
97.9709	8.0000	2.8284
97.9852	18.0000	4.2426
97.9995	22.0000	4.6904
98.0137	8.0000	2.8284
98.0280	9.0000	3.0000
98.0422	9.0000	3.0000
98.0565	14.0000	3.7417
98.0708	23.0000	4.7958
98.0850	8.0000	2.8284
98.0993	10.0000	3.1623
98.1135	11.0000	3.3166
98.1278	12.0000	3.4641
98.1421	8.0000	2.8284
98.1563	9.0000	3.0000
98.1706	17.0000	4.1231
98.1848	10.0000	3.1623
98.1991	20.0000	4.4721
98.2134	9.0000	3.0000
98.2276	13.0000	3.6056
98.2419	15.0000	3.8730
98.2561	11.0000	3.3166
98.2704	13.0000	3.6056
98.2847	19.0000	4.3589
98.2989	12.0000	3.4641
98.3132	16.0000	4.0000
98.3274	11.0000	3.3166
98.3417	7.0000	2.6458
98.3560	12.0000	3.4641
98.3702	17.0000	4.1231
98.3845	13.0000	3.6056
98.3987	14.0000	3.7417
98.4130	11.0000	3.3166
98.4273	16.0000	4.0000
98.4415	13.0000	3.6056
98.4558	18.0000	4.2426
98.4700	11.0000	3.3166
98.4843	16.0000	4.0000
98.4985	16.0000	4.0000
98.5128	12.0000	3.4641
98.5271	9.0000	3.0000
98.5413	17.0000	4.1231
98.5556	14.0000	3.7417
98.5698	15.0000	3.8730
98.5841	13.0000	3.6056
98.5984	15.0000	3.8730
98.6126	16.0000	4.0000
98.6269	17.0000	4.1231
98.6411	13.0000	3.6056
98.6554	10.0000	3.1623
98.6697	13.0000	3.6056
98.6839	15.0000	3.8730
98.6982	12.0000	3.4641
98.7124	13.0000	3.6056
98.7267	12.0000	3.4641
98.7410	13.0000	3.6056
98.7552	16.0000	4.0000
98.7695	15.0000	3.8730
98.7837	13.0000	3.6056
98.7980	11.0000	3.3166
98.8123	18.0000	4.2426
98.8265	17.0000	4.1231
98.8408	17.0000	4.1231
98.8550	11.0000	3.3166
98.8693	17.0000	4.1231
98.8836	15.0000	3.8730
98.8978	14.0000	3.7417
98.9121	8.0000	2.8284
98.9263	13.0000	3.6056
98.9406	13.0000	3.6056
98.9549	11.0000	3.3166
98.9691	14.0000	3.7417
98.9834	15.0000	3.8730
98.9976	13.0000	3.6056
99.0119	16.0000	4.0000
99.0261	12.0000	3.4641
99.0404	23.0000	4.7958
99.0547	14.0000	3.7417
99.0689	8.0000	2.8284
99.0832	23.0000	4.7958
99.0974	20.0000	4.4721
99.1117	14.0000	3.7417
99.1260	10.0000	3.1623
99.1402	16.0000	4.0000
99.1545	7.0000	2.6458
99.1687	14.0000	3.7417
99.1830	13.0000	3.6056
99.1973	6.0000	2.4495
99.2115	7.0000	2.6458
99.2258	10.0000	3.1623
99.2400	10.0000	3.1623
99.2543	15.0000	3.8730
99.2686	12.0000	3.4641
99.2828	8.0000	2.8284
99.2971	13.0000	3.6056
99.3113	11.0000	3.3166
99.3256	12.0000	3.4641
99.3399	21.0000	4.5826
99.3541	11.0000	3.3166
99.3684	19.0000	4.3589
99.3826	12.0000	3.4641
99.3969	14.0000	3.7417
99.4112	12.0000	3.4641
99.4254	15.0000	3.8730
99.4397	9.0000	3.0000
99.4539	17.0000	4.1231
99.4682	14.0000	3.7417
99.4825	12.0000	3.4641
99.4967	12.0000	3.4641
99.5110	9.0000	3.0000
99.5252	10.0000	3.1623
99.5395	8.0000	2.8284
99.5538	18.0000	4.2426
99.5680	18.0000	4.2426
99.5823	15.0000	3.8730
99.5965	10.0000	3.1623
99.6108	16.0000	4.0000
99.6250	13.0000	3.6056
99.6393	13.0000	3.6056
99.6536	12.0000	3.4641
99.6678	20.0000	4.4721
99.6821	11.0000	3.3166
99.6963	11.0000	3.3166
99.7106	9.0000	3.0000
99.7249	7.0000	2.6458
99.7391	17.0000	4.1231
99.7534	15.0000	3.8730
99.7676	15.0000	3.8730
99.7819	8.0000	2.8284
99.7962	12.0000	3.4641
99.8104	18.0000	4.2426
99.8247	10.0000	3.1623
99.8389	11.0000	3.3166
99.8532	10.0000	3.1623
99.8675	14.0000	3.7417
99.8817	7.0000	2.6458
99.8960	16.0000	4.0000
99.9102	19.0000	4.3589
99.9245	18.0000	4.2426
99.9388	9.0000	3.0000
99.9530	17.0000	4.1231
99.9673	18.0000	4.2426
99.9815	10.0000	3.1623
99.9958	8.0000	2.8284
100.0101	6.0000	2.4495
100.0243	17.0000	4.1231
100.0386	17.0000	4.1231
100.0528	10.0000	3.1623
100.0671	17.0000	4.1231
100.0814	15.0000	3.8730
100.0956	16.0000	4.0000
100.1099	10.0000	3.1623
100.1241	2.0000	1.4142
100.1384	13.0000	3.6056
100.1526	11.0000	3.3166
100.1669	14.0000	3.7417
100.1812	18.0000	4.2426
100.1954	14.0000	3.7417
100.2097	6.0000	2.4495
100.2239	10.0000	3.1623
100.2382	18.0000	4.2426
100.2525	12.0000	3.4641
100.2667	9.0000	3.0000
100.2810	14.0000	3.7417
100.2952	13.0000	3.6056
100.3095	8.0000	2.8284
100.3238	15.0000	3.8730
100.3380	13.0000	3.6056
100.3523	15.0000	3.8730
100.3665	16.0000	4.0000
100.3808	15.0000	3.8730
100.3951	9.0000	3.0000
100.4093	9.0000	3.0000
100.4236	17.0000	4.1231
100.4378	14.0000	3.7417
100.4521	12.0000	3.4641
100.4664	12.0000	3.4641
100.4806	17.0000	4.1231
100.4949	15.0000	3.8730
100.5091	11.0000	3.3166
100.5234	13.0000	3.6056
100.5377	17.0000	4.1231
100.5519	18.0000	4.2426
100.5662	11.0000	3.3166
100.5804	11.0000	3.3166
100.5947	13.0000	3.6056
100.6090	13.0000	3.6056
100.6232	13.0000	3.6056
100.6375	14.0000	3.7417
100.6517	18.0000	4.2426
100.6660	9.0000	3.0000
100.6803	17.0000	4.1231
100.6945	17.0000	4.1231
100.7088	11.0000	3.3166
100.7230	17.0000	4.1231
100.7373	11.0000	3.3166
100.7515	18.0000	4.2426
100.7658	15.0000	3.8730
100.7801	16.0000	4.0000
100.7943	11.0000	3.3166
100.8086	12.0000	3.4641
100.8228	16.0000	4.0000
100.8371	13.0000	3.6056
100.8514	22.0000	4.6904
100.8656	13.0000	3.6056
100.8799	23.0000	4.7958
100.8941	17.0000	4.1231
100.9084	16.0000	4.0000
100.9227	20.0000	4.4721
100.9369	13.0000	3.6056
100.9512	7.0000	2.6458
100.9654	11.0000	3.3166
100.9797	13.0000	3.6056
100.9940	16.0000	4.0000
101.0082	16.0000	4.0000
101.0225	19.0000	4.3589
101.0367	14.0000	3.7417
101.0510	11.0000	3.3166
101.0653	17.0000	4.1231
101.0795	16.0000	4.0000
101.0938	11.0000	3.3166
101.1080	8.0000	2.8284
101.1223	11.0000	3.3166
101.1366	11.0000	3.3166
101.1508	12.0000	3.4641
101.1651	25.0000	5.0000
101.1793	10.0000	3.1623
101.1936	14.0000	3.7417
101.2079	13.0000	3.6056
101.2221	16.0000	4.0000
101.2364	13.0000	3.6056
101.2506	16.0000	4.0000
101.2649	12.0000	3.4641
101.2792	10.0000	3.1623
101.2934	12.0000	3.4641
101.3077	13.0000	3.6056
101.3219	16.0000	4.0000
101.3362	19.0000	4.3589
101.3504	12.0000	3.4641
101.3647	12.0000	3.4641
101.3790	15.0000	3.8730
101.3932	7.0000	2.6458
101.4075	11.0000	3.3166
101.4217	17.0000	4.1231
101.4360	11.0000	3.3166
101.4503	13.0000	3.6056
101.4645	9.0000	3.0000
101.4788	18.0000	4.2426
101.4930	18.0000	4.2426
101.5073	16.0000	4.0000
101.5216	20.0000	4.4721
101.5358	8.0000	2.8284
101.5501	11.0000	3.3166
101.5643	10.0000	3.1623
101.5786	16.0000	4.0000
101.5929	5.0000	2.2361
101.6071	15.0000	3.8730
101.6214	12.0000	3.4641
101.6356	12.0000	3.4641
101.6499	17.0000	4.1231
101.6642	15.0000	3.8730
101.6784	17.0000	4.1231
101.6927	16.0000	4.0000
101.7069	10.0000	3.1623
101.7212	10.0000	3.1623
101.7355	13.0000	3.6056
101.7497	8.0000	2.8284
101.7640	12.0000	3.4641
101.7782	8.0000	2.8284
101.7925	7.0000	2.6458
101.8068	14.0000	3.7417
101.8210	10.0000	3.1623
101.8353	6.0000	2.4495
101.8495	14.0000	3.7417
101.8638	13.0000	3.6056
101.8780	12.0000	3.4641
101.8923	18.0000	4.2426
101.9066	14.0000	3.7417
101.9208	15.0000	3.8730
101.9351	14.0000	3.7417
101.9493	11.0000	3.3166
101.9636	14.0000	3.7417
101.9779	18.0000	4.2426
101.9921	15.0000	3.8730
102.0064	12.0000	3.4641
102.0206	17.0000	4.1231
102.0349	12.0000	3.4641
102.0492	13.0000	3.6056
102.0634	9.0000	3.0000
102.0777	14.0000	3.7417
102.0919	9.0000	3.0000
102.1062	10.0000	3.1623
102.1205	12.0000	3.4641
102.1347	8.0000	2.8284
102.1490	12.0000	3.4641
102.1632	14.0000	3.7417
102.1775	6.0000	2.4495
102.1918	8.0000	2.8284
102.2060	13.0000	3.6056
102.2203	11.0000	3.3166
102.2345	8.0000	2.8284
102.2488	12.0000	3.4641
102.2631	5.0000	2.2361
102.2773	16.0000	4.0000
102.2916	9.0000	3.0000
102.3058	14.0000	3.7417
102.3201	10.0000	3.1623
102.3344	13.0000	3.6056
102.3486	8.0000	2.8284
102.3629	13.0000	3.6056
102.3771	9.0000	3.0000
102.3914	11.0000	3.3166
102.4057	8.0000	2.8284
102.4199	17.0000	4.1231
102.4342	13.0000	3.6056
102.4484	14.0000	3.7417
102.4627	8.0000	2.8284
102.4769	16.0000	4.0000
102.4912	10.0000	3.1623
102.5055	16.0000	4.0000
102.5197	15.0000	3.8730
102.5340	11.0000	3.3166
102.5482	12.0000	3.4641
102.5625	8.0000	2.8284
102.5768	18.0000	4.2426
102.5910	11.0000	3.3166
102.6053	7.0000	2.6458
102.6195	14.0000	3.7417
102.6338	11.0000	3.3166
102.6481	14.0000	3.7417
102.6623	9.0000	3.0000
102.6766	9.0000	3.0000
102.6908	14.0000	3.7417
102.7051	17.0000	4.1231
102.7194	15.0000	3.8730
102.7336	8.0000	2.8284
102.7479	18.0000	4.2426
102.7621	14.0000	3.7417
102.7764	11.0000	3.3166
102.7907	9.0000	3.0000
102.8049	16.0000	4.0000
102.8192	11.0000	3.3166
102.8334	18.0000	4.2426
102.8477	16.0000	4.0000
102.8620	14.0000	3.7417
102.8762	9.0000	3.0000
102.8905	8.0000	2.8284
102.9047	20.0000	4.4721
102.9190	13.0000	3.6056
102.9333	13.0000	3.6056
102.9475	15.0000	3.8730
102.9618	12.0000	3.4641
102.9760	18.0000	4.2426
102.9903	8.0000	2.8284
103.0045	21.0000	4.5826
103.0188	14.0000	3.7417
103.0331	13.0000	3.6056
103.0473	10.0000	3.1623
103.0616	13.0000	3.6056
103.0758	8.0000	2.8284
103.0901	17.0000	4.1231
103.1044	12.0000	3.4641
103.1186	15.0000	3.8730
103.1329	11.0000	3.3166
103.1471	13.0000	3.6056
103.1614	14.0000	3.7417
103.1757	13.0000	3.6056
103.1899	15.0000	3.8730
103.2042	13.0000	3.6056
103.2184	11.0000	3.3166
103.2327	16.0000	4.0000
103.2470	15.0000	3.8730
103.2612	13.0000	3.6056
103.2755	15.0000	3.8730
103.2897	14.0000	3.7417
103.3040	18.0000	4.2426
103.3183	8.0000	2.8284
103.3325	11.0000	3.3166
103.3468	18.0000	4.2426
103.3610	15.0000	3.8730
103.3753	17.0000	4.1231
103.3896	13.0000	3.6056
103.4038	11.0000	3.3166
103.4181	14.0000	3.7417
103.4323	10.0000	3.1623
103.4466	8.0000	2.8284
103.4609	14.0000	3.7417
103.4751	9.0000	3.0000
103.4894	7.0000	2.6458
103.5036	9.0000	3.0000
103.5179	15.0000	3.8730
103.5322	16.0000	4.0000
103.5464	7.0000	2.6458
103.5607	16.0000	4.0000
103.5749	16.0000	4.0000
103.5892	6.0000	2.4495
103.6034	11.0000	3.3166
103.6177	14.0000	3.7417
103.6320	12.0000	3.4641
103.6462	10.0000	3.1623
103.6605	13.0000	3.6056
103.6747	12.0000	3.4641
103.6890	11.0000	3.3166
103.7033	11.0000	3.3166
103.7175	13.0000	3.6056
103.7318	14.0000	3.7417
103.7460	26.0000	5.0990
103.7603	12.0000	3.4641
103.7746	15.0000	3.8730
103.7888	14.0000	3.7417
103.8031	17.0000	4.1231
103.8173	14.0000	3.7417
103.8316	12.0000	3.4641
103.8459	16.0000	4.0000
103.8601	9.0000	3.0000
103.8744	15.0000	3.8730
103.8886	14.0000	3.7417
103.9029	13.0000	3.6056
103.9172	21.0000	4.5826
103.9314	11.0000	3.3166
103.9457	15.0000	3.8730
103.9599	14.0000	3.7417
103.9742	15.0000	3.8730
103.9885	11.0000	3.3166
104.0027	12.0000	3.4641
104.0170	8.0000	2.8284
104.0312	16.0000	4.0000
104.0455	11.0000	3.3166
104.0598	16.0000	4.0000
104.0740	9.0000	3.0000
104.0883	19.0000	4.3589
104.1025	17.0000	4.1231
104.1168	13.0000	3.6056
104.1311	9.0000	3.0000
104.1453	15.0000	3.8730
104.1596	13.0000	3.6056
104.1738	10.0000	3.1623
104.1881	15.0000	3.8730
104.2023	14.0000	3.7417
104.2166	16.0000	4.0000
104.2309	12.0000	3.4641
104.2451	10.0000	3.1623
104.2594	16.0000	4.0000
104.2736	13.0000	3.6056
104.2879	12.0000	3.4641
104.3022	16.0000	4.0000
104.3164	14.0000	3.7417
104.3307	22.0000	4.6904
104.3449	15.0000	3.8730
104.3592	12.0000	3.4641
104.3735	22.0000	4.6904
104.3877	16.0000	4.0000
104.4020	16.0000	4.0000
104.4162	14.0000	3.7417
104.4305	15.0000	3.8730
104.4448	7.0000	2.6458
104.4590	14.0000	3.7417
104.4733	13.0000	3.6056
104.4875	16.0000	4.0000
104.5018	17.0000	4.1231
104.5161	13.0000	3.6056
104.5303	13.0000	3.6056
104.5446	11.0000	3.3166
104.5588	15.0000	3.8730
104.5731	9.0000	3.0000
104.5874	22.0000	4.6904
104.6016	13.0000	3.6056
104.6159	21.0000	4.5826
104.6301	11.0000	3.3166
104.6444	12.0000	3.4641
104.6587	11.0000	3.3166
104.6729	11.0000	3.3166
104.6872	16.0000	4.0000
104.7014	15.0000	3.8730
104.7157	14.0000	3.7417
104.7299	14.0000	3.7417
104.7442	16.0000	4.0000
104.7585	15.0000	3.8730
104.7727	16.0000	4.0000
104.7870	22.0000	4.6904
104.8012	11.0000	3.3166
104.8155	12.0000	3.4641
104.8298	19.0000	4.3589
104.8440	15.0000	3.8730
104.8583	12.0000	3.4641
104.8725	17.0000	4.1231
104.8868	22.0000	4.6904
104.9011	14.0000	3.7417
104.9153	12.0000	3.4641
104.9296	20.0000	4.4721
104.9438	20.0000	4.4721
104.9581	16.0000	4.0000
104.9724	13.0000	3.6056
104.9866	21.0000	4.5826
105.0009	18.0000	4.2426
105.0151	15.0000	3.8730
105.0294	19.0000	4.3589
105.0437	13.0000	3.6056
105.0579	21.0000	4.5826
105.0722	14.0000	3.7417
105.0864	15.0000	3.8730
105.1007	16.0000	4.0000
105.1150	15.0000	3.8730
105.1292	17.0000	4.1231
105.1435	24.0000	4.8990
105.1577	21.0000	4.5826
105.1720	15.0000	3.8730
105.1863	15.0000	3.8730
105.2005	18.0000	4.2426
105.2148	10.0000	3.1623
105.2290	14.0000	3.7417
105.2433	14.0000	3.7417
105.2576	19.0000	4.3589
105.2718	22.0000	4.6904
105.2861	13.0000	3.6056
105.3003	16.0000	4.0000
105.3146	23.0000	4.7958
105.3288	16.0000	4.0000
105.3431	14.0000	3.7417
105.3574	16.0000	4.0000
105.3716	19.0000	4.3589
105.3859	16.0000	4.0000
105.4001	16.0000	4.0000
105.4144	11.0000	3.3166
105.4287	14.0000	3.7417
105.4429	18.0000	4.2426
105.4572	26.0000	5.0990
105.4714	12.0000	3.4641
105.4857	12.0000	3.4641
105.5000	13.0000	3.6056
105.5142	16.0000	4.0000
105.5285	18.0000	4.2426
105.5427	18.0000	4.2426
105.5570	9.0000	3.0000
105.5713	16.0000	4.0000
105.5855	10.0000	3.1623
105.5998	6.0000	2.4495
105.6140	10.0000	3.1623
105.6283	8.0000	2.8284
105.6426	17.0000	4.1231
105.6568	13.0000	3.6056
105.6711	13.0000	3.6056
105.6853	12.0000	3.4641
105.6996	14.0000	3.7417
105.7139	15.0000	3.8730
105.7281	9.0000	3.0000
105.7424	20.0000	4.4721
105.7566	10.0000	3.1623
105.7709	14.0000	3.7417
105.7852	11.0000	3.3166
105.7994	22.0000	4.6904
105.8137	11.0000	3.3166
105.8279	17.0000	4.1231
105.8422	13.0000	3.6056
105.8564	11.0000	3.3166
105.8707	14.0000	3.7417
105.8850	9.0000	3.0000
105.8992	10.0000	3.1623
105.9135	15.0000	3.8730
105.9277	10.0000	3.1623
105.9420	9.0000	3.0000
105.9563	13.0000	3.6056
105.9705	18.0000	4.2426
105.9848	14.0000	3.7417
105.9990	16.0000	4.0000
106.0133	10.0000	3.1623
106.0276	22.0000	4.6904
106.0418	10.0000	3.1623
106.0561	11.0000	3.3166
106.0703	23.0000	4.7958
106.0846	17.0000	4.1231
106.0989	14.0000	3.7417
106.1131	9.0000	3.0000
106.1274	15.0000	3.8730
106.1416	14.0000	3.7417
106.1559	15.0000	3.8730
106.1702	17.0000	4.1231
106.1844	12.0000	3.4641
106.1987	16.0000	4.0000
106.2129	21.0000	4.5826
106.2272	12.0000	3.4641
106.2415	17.0000	4.1231
106.2557	12.0000	3.4641
106.2700	15.0000	3.8730
106.2842	16.0000	4.0000
106.2985	8.0000	2.8284
106.3128	16.0000	4.0000
106.3270	20.0000	4.4721
106.3413	13.0000	3.6056
106.3555	16.0000	4.0000
106.3698	11.0000	3.3166
106.3841	17.0000	4.1231
106.3983	17.0000	4.1231
106.4126	18.0000	4.2426
106.4268	14.0000	3.7417
106.4411	18.0000	4.2426
106.4553	17.0000	4.1231
106.4696	20.0000	4.4721
106.4839	19.0000	4.3589
106.4981	10.0000	3.1623
106.5124	15.0000	3.8730
106.5266	23.0000	4.7958
106.5409	24.0000	4.8990
106.5552	13.0000	3.6056
106.5694	17.0000	4.1231
106.5837	16.0000	4.0000
106.5979	20.0000	4.4721
106.6122	15.0000	3.8730
106.6265	21.0000	4.5826
106.6407	17.0000	4.1231
106.6550	12.0000	3.4641
106.6692	20.0000	4.4721
106.6835	14.0000	3.7417
106.6978	15.0000	3.8730
106.7120	16.0000	4.0000
106.7263	23.0000	4.7958
106.7405	15.0000	3.8730
106.7548	24.0000	4.8990
106.7691	12.0000	3.4641
106.7833	14.0000	3.7417
106.7976	12.0000	3.4641
106.8118	16.0000	4.0000
106.8261	16.0000	4.0000
106.8404	20.0000	4.4721
106.8546	14.0000	3.7417
106.8689	11.0000	3.3166
106.8831	11.0000	3.3166
106.8974	12.0000	3.4641
106.9117	20.0000	4.4721
106.9259	16.0000	4.0000
106.9402	13.0000	3.6056
106.9544	18.0000	4.2426
106.9687	27.0000	5.1962
106.9830	18.0000	4.2426
106.9972	14.0000	3.7417
107.0115	20.0000	4.4721
107.0257	20.0000	4.4721
107.0400	17.0000	4.1231
107.0542	20.0000	4.4721
107.0685	12.0000	3.4641
107.0828	17.0000	4.1231
107.0970	17.0000	4.1231
107.1113	12.0000	3.4641
107.1255	20.0000	4.4721
107.1398	8.0000	2.8284
107.1541	14.0000	3.7417
107.1683	17.0000	4.1231
107.1826	17.0000	4.1231
107.1968	17.0000	4.1231
107.2111	20.0000	4.4721
107.2254	15.0000	3.8730
107.2396	14.0000	3.7417
107.2539	13.0000	3.6056
107.2681	19.0000	4.3589
107.2824	14.0000	3.7417
107.2967	12.0000	3.4641
107.3109	13.0000	3.6056
107.3252	15.0000	3.8730
107.3394	9.0000	3.0000
107.3537	12.0000	3.4641
107.3680	16.0000	4.0000
107.3822	13.0000	3.6056
107.3965	8.0000	2.8284
107.4107	7.0000	2.6458
107.4250	19.0000	4.3589
107.4393	18.0000	4.2426
107.4535	14.0000	3.7417
107.4678	14.0000	3.7417
107.4820	13.0000	3.6056
107.4963	12.0000	3.4641
107.5106	13.0000	3.6056
107.5248	16.0000	4.0000
107.5391	16.0000	4.0000
107.5533	18.0000	4.2426
107.5676	13.0000	3.6056
107.5818	13.0000	3.6056
107.5961	17.0000	4.1231
107.6104	12.0000	3.4641
107.6246	12.0000	3.4641
107.6389	11.0000	3.3166
107.6531	12.0000	3.4641
107.6674	13.0000	3.6056
107.6817	15.0000	3.8730
107.6959	15.0000	3.8730
107.7102	10.0000	3.1623
107.7244	9.0000	3.0000
107.7387	10.0000	3.1623
107.7530	15.0000	3.8730
107.7672	13.0000	3.6056
107.7815	11.0000	3.3166
107.7957	17.0000	4.1231
107.8100	12.0000	3.4641
107.8243	16.0000	4.0000
107.8385	13.0000	3.6056
107.8528	15.0000	3.8730
107.8670	15.0000	3.8730
107.8813	16.0000	4.0000
107.8956	15.0000	3.8730
107.9098	7.0000	2.6458
107.9241	17.0000	4.1231
107.9383	14.0000	3.7417
107.9526	9.0000	3.0000
107.9669	10.0000	3.1623
107.9811	13.0000	3.6056
107.9954	15.0000	3.8730
108.0096	19.0000	4.3589
108.0239	11.0000	3.3166
108.0382	23.0000	4.7958
108.0524	18.0000	4.2426
108.0667	13.0000	3.6056
108.0809	16.0000	4.0000
108.0952	12.0000	3.4641
108.1095	17.0000	4.1231
108.1237	10.0000	3.1623
108.1380	17.0000	4.1231
108.1522	13.0000	3.6056
108.1665	17.0000	4.1231
108.1807	17.0000	4.1231
108.1950	19.0000	4.3589
108.2093	11.0000	3.3166
108.2235	19.0000	4.3589
108.2378	12.0000	3.4641
108.2520	23.0000	4.7958
108.2663	18.0000	4.2426
108.2806	18.0000	4.2426
108.2948	15.0000	3.8730
108.3091	19.0000	4.3589
108.3233	20.0000	4.4721
108.3376	13.0000	3.6056
108.3519	13.0000	3.6056
108.3661	20.0000	4.4721
108.3804	15.0000	3.8730
108.3946	15.0000	3.8730
108.4089	17.0000	4.1231
108.4232	16.0000	4.0000
108.4374	16.0000	4.0000
108.4517	21.0000	4.5826
108.4659	23.0000	4.7958
108.4802	17.0000	4.1231
108.4945	13.0000	3.6056
108.5087	14.0000	3.7417
108.5230	12.0000	3.4641
108.5372	12.0000	3.4641
108.5515	13.0000	3.6056
108.5658	17.0000	4.1231
108.5800	9.0000	3.0000
108.5943	11.0000	3.3166
108.6085	19.0000	4.3589
108.6228	15.0000	3.8730
108.6371	16.0000	4.0000
108.6513	18.0000	4.2426
108.6656	8.0000	2.8284
108.6798	12.0000	3.4641
108.6941	19.0000	4.3589
108.7083	20.0000	4.4721
108.7226	12.0000	3.4641
108.7369	12.0000	3.4641
108.7511	13.0000	3.6056
108.7654	19.0000	4.3589
108.7796	8.0000	2.8284
108.7939	13.0000	3.6056
108.8082	15.0000	3.8730
108.8224	22.0000	4.6904
108.8367	19.0000	4.3589
108.8509	9.0000	3.0000
108.8652	10.0000	3.1623
108.8795	9.0000	3.0000
108.8937	14.0000	3.7417
108.9080	8.0000	2.8284
108.9222	15.0000	3.8730
108.9365	10.0000	3.1623
108.9508	16.0000	4.0000
108.9650	21.0000	4.5826
108.9793	13.0000	3.6056
108.9935	17.0000	4.1231
109.0078	12.0000	3.4641
109.0221	9.0000	3.0000
109.0363	13.0000	3.6056
109.0506	8.0000	2.8284
109.0648	15.0000	3.8730
109.0791	12.0000	3.4641
109.0934	14.0000	3.7417
109.1076	16.0000	4.0000
109.1219	18.0000	4.2426
109.1361	15.0000	3.8730
109.1504	15.0000	3.8730
109.1647	17.0000	4.1231
109.1789	15.0000	3.8730
109.1932	15.0000	3.8730
109.2074	14.0000	3.7417
109.2217	10.0000	3.1623
109.2360	14.0000	3.7417
109.2502	10.0000	3.1623
109.2645	17.0000	4.1231
109.2787	20.0000	4.4721
109.2930	15.0000	3.8730
109.3072	13.0000	3.6056
109.3215	9.0000	3.0000
109.3358	14.0000	3.7417
109.3500	13.0000	3.6056
109.3643	9.0000	3.0000
109.3785	16.0000	4.0000
109.3928	18.0000	4.2426
109.4071	9.0000	3.0000
109.4213	17.0000	4.1231
109.4356	5.0000	2.2361
109.4498	13.0000	3.6056
109.4641	11.0000	3.3166
109.4784	10.0000	3.1623
109.4926	8.0000	2.8284
109.5069	18.0000	4.2426
109.5211	16.0000	4.0000
109.5354	17.0000	4.1231
109.5497	15.0000	3.8730
109.5639	13.0000	3.6056
109.5782	8.0000	2.8284
109.5924	7.0000	2.6458
109.6067	8.0000	2.8284
109.6210	14.0000	3.7417
109.6352	14.0000	3.7417
109.6495	11.0000	3.3166
109.6637	13.0000	3.6056
109.6780	15.0000	3.8730
109.6923	11.0000	3.3166
109.7065	19.0000	4.3589
109.7208	13.0000	3.6056
109.7350	8.0000	2.8284
109.7493	14.0000	3.7417
109.7636	12.0000	3.4641
109.7778	5.0000	2.2361
109.7921	12.0000	3.4641
109.8063	9.0000	3.0000
109.8206	9.0000	3.0000
109.8349	12.0000	3.4641
109.8491	15.0000	3.8730
109.8634	7.0000	2.6458
109.8776	5.0000	2.2361
109.8919	8.0000	2.8284
109.9061	14.0000	3.7417
109.9204	9.0000	3.0000
109.9347	13.0000	3.6056
109.9489	19.0000	4.3589
109.9632	10.0000	3.1623
109.9774	12.0000	3.4641
109.9917	12.0000	3.4641
110.0060	8.0000	2.8284
